{
  "mode": "tcp",
  "clients": 1,
  "payload_bytes": 1024,
  "pipeline": 1,
  "elapsed_s": 2.0003767410089495,
  "operations": 6460,
  "errors": 0,
  "tx_mib_s": 3.1537028104106395,
  "rx_mib_s": 3.1537028104106395,
  "combined_mib_s": 6.307405620821279,
  "operations_s": 3229.391677860495,
  "connect_mean_ms": 0.44977500510867685,
  "rtt_p50_ms": 0.27866500022355467,
  "rtt_p95_ms": 0.3974650026066229,
  "rtt_p99_ms": 0.48204099584836513,
  "client_cpu_percent": 29.73289919877843,
  "max_rss_kib": 20384,
  "error_details": []
}
