{
  "mode": "tcp",
  "clients": 1,
  "payload_bytes": 1024,
  "pipeline": 1,
  "elapsed_s": 2.0004569180018734,
  "operations": 6924,
  "errors": 0,
  "tx_mib_s": 3.3800871636635104,
  "rx_mib_s": 3.3800871636635104,
  "combined_mib_s": 6.760174327327021,
  "operations_s": 3461.2092555914346,
  "connect_mean_ms": 0.4008930118288845,
  "rtt_p50_ms": 0.24982499598991126,
  "rtt_p95_ms": 0.3916040004696697,
  "rtt_p99_ms": 0.46004999603610486,
  "client_cpu_percent": 30.936532270744976,
  "max_rss_kib": 20660,
  "error_details": []
}
