:10000000F80B0020A940000011410000718C000095
:10001000918C0000B18C0000F18C0000D18C0000AC
:10002000000000000000000000000000616D000002
:1000300021410000000000000D6D0000294100007A
:10004000000000000000000000000000C971000076
:10005000000000003141000000000000000000002E
:100060003941000041410000494100005141000078
:10007000000000005941000061410000694100009A
:100080007141000079410000000000000000000004
:1000900081410000894100000000000000000000D4
:1000A00091410000000000000000000099410000A4
:1000B000A1410000A9410000B1410000B941000088
:1000C000C1410000C9410000D1410000D9410000F8
:1000D000E141000000000000E941000000000000D4
:1000E000F141000000000000F941000000000000A4
:1000F00001420000000000000000000000000000BD
:1001000000000000094200000000000000000000A4
:1001100000000000000000000000000000000000DF
:10012000000000001142000000000000000000007C
:1001300000000000000000000000000000000000BF
:040140001941000061
:1001440000015F5F02000000FE0B0000F56D00007F
:100154000004000000000000000000000000000097
:1001640000000000000000000100FFC3000000C404
:10017400C0B100200000000001015F5F0301000026
:100184001F010000F5020000002000000000000034
:100194000100000001000000000000000000000059
:1001A400000000000000000058450020000000008E
:1001B400700000003C31010080000000000F0000CE
:1001C40001000000150300000100000001015F5F51
:1001D400000100001F00000075340000000700004B
:1001E4000000000003000000010000000000000007
:1001F40000000000000000000000000000260020B5
:1002040000000000800000007000000040000000BA
:1002140048310100600000000107000001000000F7
:10022400353300000100000001015F5F010100009F
:100234001F0100002511000020070000000000003D
:1002440000000000010000000000000000000000A9
:1002540000000000000000005865002000000000BD
:100264006831010070000000020F0000010000006E
:10027400291100000100000001015F5F040100007A
:100284001F0100009D29000000050000000000007F
:100294000000000001000000000000000000000059
:1002A4000000000000000000786C00200000000046
:1002B400903101004000000005070000010000002B
:0802C400092700000100000001
:1002E0000346034A0020D2F804241A60704700BF76
:1002F0007881002008B500F083F900B108BD00F056
:10030000C3FE00F0CFFE0028F8D1BDE808400BF096
:1003100063BD00BF2DE9F04F0468A5B0002C40F08C
:10032000508107462022214604A808F0AFFD202274
:1003300021460CA808F0AAFD4022214614A808F086
:10034000A5FDFA6907F11C034FF00409009372B987
:10035000032153F8040D4A1E30B93AB1114653F83F
:10036000040D4A1E0028F8D0894600E09146FA6A3A
:100370004FF0040B07F12C0372B9032153F8040D5D
:100380004A1E40B9002A00F08E80114653F8040D31
:100390004A1E0028F6D08B46B9F1000F00F0A48069
:1003A00040230021786814AA08F0CEFD402840F0D0
:1003B0009B8014ABB9F1010FCDE9043000F0FF8050
:1003C0000124DFF830A204AD07F110080AF58056C9
:1003D000CDF804B058F8043FD6F80004D91C21F039
:1003E00003011A1D0AEB000B00EB010CC0F5A05E27
:1003F0005BD8714559D8214678685A46C6F800C47A
:1004000008F0A2FD0134A145E86045F808BFE1D13C
:10041000DDF804B0BBF1000F00F0D680D6F8004440
:100420000CA821464FF0000EA2468446009D714A5A
:1004300005EB8B0855F8040FC1F5A059C31C10F14A
:10044000040F23F0030301EB02043ED84B453CD8D4
:100450004545CCE900404FF0010E19440CF1080C61
:10046000E8D10023BA68C6F80014DDE9041040287A
:10047000CDE90233C6F8042440F0B3800B8D180A8E
:10048000032800F09680012831D00968831ECDE949
:100490000212092B00F2A880DFE803F0538B5A61A7
:1004A000686F767D844C934676E70021024651487A
:1004B000C6F8041408F0EAFC00236FF08C08C6F8B4
:1004C0000034404625B0BDE8F08F5446BEF1000F21
:1004D00002D00C46C6F80014002122464548C6F852
:1004E000041408F0D3FCE7E76FF08308E9E704A8F9
:1004F0000CA900F0BDFD8046BBF1000F0BD000241D
:100500000CAD21466B68786855F8082B013408F06B
:1005100025FDA345F5D10024D6F800242146354811
:10052000C6F8044408F0B2FC4046C6F8004425B0C2
:10053000BDE8F08F04A80CA902AA00F0EFFD8046E8
:10054000DAE704A80CA902AA00F0CEFC8046D3E7A3
:1005500004A80CA902AA00F0DFF98046CCE704A8A1
:100560000CA902AA00F0EEF88046C5E704A80CA981
:1005700002AA00F0A5FA8046BEE704A80CA902AAC8
:1005800000F0C4FB8046B7E704A80CA902AA00F05B
:10059000C1FB8046B0E704A80CA902AA00F0BEFB8C
:1005A0008046A9E704A80CA902AA00F0B3FD804682
:1005B000A2E704A80CA900F0C9F880469CE70E4EFB
:1005C00028E76FF085087CE7BA68DDE90413402B63
:1005D000CDE902BBC6F804243FF450AF6FF08008A9
:1005E00099E76FF080088AE7044808F0CBFE6FF0C7
:1005F000850881E77871002078810020CC2D0000EB
:1006000008B54FF4C0520021024808F03FFC00201A
:1006100008BD00BF582D002000232DE9F0430C68D1
:1006200083B0019354BB17465AB38046146001A8A7
:100630008946FFF755FE58B90346134E56F8235026
:100640002246C033013435B1082CF7D16FF0840055
:1006500003B0BDE8F083012102EB42021302F15026
:10066000103306EB02221E44019BC2F8088053603F
:10067000C9F800403E6003B0BDE8F0836FF0880029
:10068000E6E76FF08600E3E7582D00200023F0B581
:10069000046883B0013C072C019303601FD801A8B4
:1006A000FFF71EFE0546B8B90F4E04EB44042702BF
:1006B000F35906EB0424012B11D16268019B9A4285
:1006C0000DD107F110004FF43C722946304408F078
:1006D000DDFBC4E90155F551284603B0F0BD6FF0CC
:1006E0008605284603B0F0BD582D0020002370B5C4
:1006F0004C1E82B0072C01931BD81546EAB1064662
:1007000001A8FFF7EDFD90B90D4A04EB4404230264
:10071000D15802EB042401290BD1A168B14208D1C0
:10072000646801998C4204D1103313442B6002B0E9
:1007300070BD6FF0880002B070BD6FF08600F6E704
:10074000582D00206FF08500704700BF2DE9F04361
:100750004FF00009D0F8008085B0B8F82860054651
:10076000B6F5407F0F46CDF8089061D040F20133D6
:100770009E426FD040F202339E4218D1D1F80090D1
:10078000B9F1000F00F08D804B68032B40F2898097
:10079000D8F8083049460320C9F8003002AAFFF70C
:1007A0003BFF044618B3204605B0BDE8F0830320A4
:1007B000D8F8081002AAFFF799FF6FF44173F318F5
:1007C000022B044622D8D7F80090B9F1000F68D068
:1007D0007B68032B65D9D8F80830C9F800300028A9
:1007E00046D040F207339E42DDD10024DBE7D8F843
:1007F000041002980AF0CEF904460028F5D04846C5
:10080000FFF744FF204605B0BDE8F0830028CAD1B9
:10081000A6F20336042E7BD8DFE806F003554631F6
:100820003C000298D5E902120AF0DAF90446BAE768
:100830000C464B68D8F80400009354F8043BD5E903
:10084000021201940AF046FA04460028CDD0C7F8F7
:100850000490A8E7D5E90434D8F80400D5E90212D9
:1008600000940AF047FA0446204605B0BDE8F0833C
:10087000A6F20636012E19D8DFE806F0030E4FF077
:100880000009D5E9021202980AF0DAF904460028B4
:1008900089D1B4E74FF0000902980AF06FF90446D5
:1008A000ADE76FF080047EE74FF00009D7E9021250
:1008B000029807F10C030AF0AFF9044600289ED015
:1008C0000023FB606FE700233E680393002EE8D00F
:1008D0007B68032BE5D9AB68002BE2D0EA68032ADA
:1008E000DFD91B6831460320336003AAFFF794FE6B
:1008F000044600287FF457AFDDE902010AF024FA2C
:10090000044600283FF44FAF3046FFF7BFFE4AE7EA
:100910006FF0850447E700BF2DE9F04F0546134609
:100920004FF00009D5F800A089B0BAF828700DF191
:10093000180840460E4612685968CDF8149000F029
:100940009FFBB7F5806F00F08E8040F201439F421D
:1009500000F09E80A7F2024B1FFA8BF3012B1DD8EB
:10096000D6F80090B9F1000F00F0A4807368032B53
:1009700040F2A080DAF8083049460220C9F8003079
:1009800005AAFFF749FE044630BBBBF1050F00F294
:100990009480DFE80BF05D524B3E34290220DAF8F8
:1009A000081005AAFFF7A2FEA7F20543022B044692
:1009B00016D8D6F80090B9F1000F7BD07368032BDE
:1009C00078D9DAF80830C9F800300028DDD040F2D4
:1009D00007439F4200D10024204609B0BDE8F08FB4
:1009E0000028F9D18146D0E705980AF0CFF90446EE
:1009F0004846FFF74BFE204609B0BDE8F08F05984A
:100A0000D5E902120AF088FA04460028E4D100244D
:100A1000EEE7059806F10C03D6E902120AF004FA93
:100A200004460028F3D00023F360D5E70598D5E904
:100A300002120AF0D9F90446CEE7DAF80430059834
:100A400098E806000AF0C2F904460028C3D0CFE7B0
:100A5000DAF80430059898E806000AF0A9F9044687
:100A60000028B8D0C4E77368DAF80420029333682A
:100A7000311D0193EB680093AB68039198E8030084
:100A80000AF088FA04460028A5D0C6F80490A3E727
:100A9000D5E90431DAF80420CDE90131D5E9023194
:100AA000009198E803000AF08BFA0446204609B04A
:100AB000BDE8F08F6FF080048EE76FF085048BE760
:100AC0002DE9F04F064614464FF00009D6F800A075
:100AD0008DB0BAF828700DF1280840460D4612680E
:100AE0006168CDF8249000F0CBFAB7F5C06F52D012
:100AF00040F201639F4270D0A7F2026B1FFA8BF3A2
:100B0000012B1FD8D5F80090B9F1000F00F0F78045
:100B10006B68032B40F2F380DAF808304946052071
:100B2000C9F8003009AAFFF777FD044658BBBBF1AE
:100B3000090F00F2E780DFE80BF075808B979EA528
:100B4000ACBCD06D0520DAF8081009AAFFF7CEFD7D
:100B50006FF4C163FB18022B044618D8D5F8009037
:100B6000B9F1000F00F0CB806B68032B40F2C78017
:100B7000DAF80830C9F800300028D8D040F20B630A
:100B80009F4200D1002420460DB0BDE8F08F002820
:100B9000F9D18146CBE72B1DD6E90247D6E90410EF
:100BA000DAF80420D5E900CECDE90204CDE906E368
:100BB000CDE9047C0191DAF82430009398E8030031
:100BC0000AF114030AF026FA04460028DAD0204677
:100BD000C5F804900DB0BDE8F08F2B1DD6E9024793
:100BE000D6E90410DAF80420D5E900CECDE90204F4
:100BF000CDE906E3CDE9047C0191DAF824300093D5
:100C000098E803000AF114030AF060FA0446002889
:100C1000B8D0DCE709980AF0D7FC04464846FFF74D
:100C200035FDB0E7DAF80430099898E806000AF0D4
:100C3000A9FA04460028A5D0F0E7DAF804300998AC
:100C400098E806000AF0ACFA044600289AD0E5E7D6
:100C500009982B1DD5E900120AF0E6FA044600288F
:100C600090D000236B608EE70998D6E902120AF053
:100C7000A5FA044687E70998DAE903120AF062FB4D
:100C8000044680E70998D6E902120AF095FB04466B
:100C900079E72C46D6E902126B680998009354F85C
:100CA000043B01940AF0C4FB044600283FF46AAFF9
:100CB000D7E705F10C02D5E9023102926A69CDE964
:100CC00000310998296905F114030AF0F9FB04467B
:100CD00098B10023EB606B6155E7D6E90231EA6811
:100CE000CDE900310998A96805F10C030AF038FC38
:100CF000044610B10023EB6045E700248EE76FF057
:100D0000800440E76FF085043DE700BF6FF0850089
:100D1000704700BF6FF08500704700BF2DE9F047B6
:100D20000746154600233E688EB0B6F828A00DF1A0
:100D300014084046894612686968049300F0A0F9D7
:100D4000BAF5106F5CD040F6011292451DD1D9F86A
:100D50000050002D00F0C180D9F80430032B40F280
:100D6000BC80B368294604202B6004AAFFF754FC1A
:100D7000044630B9716804980AF094FD044608BB33
:100D8000002420460EB0BDE8F0870420B16804AA14
:100D9000FFF7ACFC0446C8B140F60A139A45F0D1FF
:100DA000D9F80050002D00F09880D9F80430032BBA
:100DB00040F29380B3682B60002CE1D104980AF0D4
:100DC00017FC04462846FFF761FCDAE7AAF602138F
:100DD000082B00F2858001A252F823F0C30E000018
:100DE000290E0000350E0000450E0000550E0000D3
:100DF000650E00007D0E00008B0E0000A10D0000AE
:100E000009F1040370680393D9E900130293D7E949
:100E10000232CDE9002198E806000AF0A1FE04465E
:100E200020460EB0BDE8F087316B04980AF000FC54
:100E30000446A6E7718D0498D7E902230AF086FDDF
:100E400004469EE7718D049898E80C000AF0C6FDF0
:100E5000044696E7718D0498D6E90C230AF082FDCA
:100E600004468EE7D7E90232718DCDE9003204984D
:100E700098E80C000AF002FE044682E70498D9E9DB
:100E800000120AF0E7FB04467BE7D9F8006026B3BE
:100E9000D9F80430032B20D9B968F1B1FA681C2ABB
:100EA0001BD107A807F0B6FF686807A900F00AF988
:100EB0004246049907A80AF0FFFB059B04463360ED
:100EC0005FE7D9F8001041B1D9F80430042B04D100
:100ED00004980AF0A3FB044653E76FF0800450E740
:100EE0006FF085044DE700BF2DE9F041144605463B
:100EF0008EB003AF126838460E466168D5F80080A0
:100F000000F0BEF840F20322B8F82830934203D034
:100F1000A3F50272012A10D8A968002900F0968072
:100F2000EA681C2A40F0928007A807F073FF606807
:100F300007A900F0C7F8B8F82830A3F50073092B0B
:100F400000F29380DFE803F0152A393F4F556471B2
:100F500077053568002D79D07368032B76D939462B
:100F600007A80AF079FE0446A0B9039B2B60002471
:100F700010E007AA97E80300356809F06DFB3368B5
:100F80000446002B62D072681C2A5FD8284607A945
:100F900007F040FF20460EB0BDE8F0813468002C19
:100FA00054D07368032B51D9D7E900013A460BF0AE
:100FB0005FF9039B23600446ECE797E803000BF01E
:100FC0008FF90446E6E73468D5E90412002C3DD0D9
:100FD0007368032B3AD93B4607A809F01BFC039B17
:100FE00023600446D6E797E8030009F0E3FA0446D5
:100FF000D0E7344697E8030054F8042B7368009454
:1010000009F062FB04460028B1D000237360C1E7F9
:10101000344697E8030054F8042B7368009409F0F1
:10102000C5FB04460028F0D1A1E797E803000BF0C8
:1010300083F90446AEE7002205A81146356800F0A2
:101040001FF8336813B17368032B02D86FF0800464
:10105000A0E705AB07AA97E8030009F0BBFC04462C
:10106000002897D1059B2B6081E76FF0850491E7FD
:10107000D1E900010AF0C2BD0FB4002004B07047EE
:10108000C0E90021704700BF10B5044C0F22204674
:10109000034907F0BFFE204610BD00BF00A6002098
:1010A000F42D000008B54FF40251044802F032F864
:1010B000034808F097F9002008BD00BF8085002094
:1010C000791000008861704770B584B06C4684E880
:1010D0000300002403A816461D46039407F08EFF64
:1010E000A0B12146009B039C03E0884204F1200448
:1010F0000CD0226801319A42F7D10020D4E90223B2
:1011000021693160C5E9002304B070BD6FF08B0028
:1011100004B070BD6FF08500704700BF6FF08500B0
:10112000704700BF00F0A8B86FF47A72F0B503689A
:10113000044613448DB0032B00F28480DFE803F0F3
:101140005A3315020369082B79D10021406808AA97
:1011500007F0FAFE082872D1DDE90823A06800F044
:1011600023FA054628460DB0F0BD0369082B66D169
:10117000066A0C2E63D10021406806AA07F0E4FE3F
:1011800008285CD1DDE9062308AF0097A06800F0CD
:10119000D5F9054600284FD1014633463A466068E6
:1011A00007F0DCFE48E00369082B48D14569042DAF
:1011B00045D10021406808AA07F0C6FE08283ED1A4
:1011C0002B460121606806AA07F0BEFE042836D12E
:1011D0006568226A069B1D49A068CDE90032DDE9F9
:1011E00008230D6005A9029100F040F90546284644
:1011F0000DB0F0BD0369082B21D18569042D1ED1E6
:101200000021406808AA07F09FFE082817D12B4646
:101210000221606806AA07F097FE04280FD16568CE
:101220006369069A0949A068CDE90032DDE908231F
:101230000D6000F0A7F8054628460DB0F0BD6FF030
:101240008005F9E76FF08505F6E700BF14A60020DA
:10125000024603480B460068012107F075BE00BF37
:1012600014A60020024603480B460068002107F040
:1012700075BE00BF14A6002030B53A4B85B09D6AFC
:10128000A8470369042B6AD1A847374C8368A36039
:10129000A84703461B7D01A8237605F05FF80028C8
:1012A0005DD1A1689DF80C30019A01FB03F36260E7
:1012B000029AE360B2FBF3F321462C4A2C482382C6
:1012C00000F0E8FA08B105B030BD294800F018FB7D
:1012D000002836D1A8470369042B40D1A847254CE4
:1012E0008368A360A84703461B7D01A8237605F009
:1012F00025F8002833D1A1689DF80C30029A01FB33
:1013000003F3B2FBF3F50199184A61601A482146CC
:10131000E360258200F0BEFA0028D4D1164800F020
:10132000EFFA0028CFD0154808F02CF8124800F04A
:1013300005FB0028C7D1104805B0BDE8304000F0DB
:10134000DFBA0F4808F01EF8094800F0F7FA002845
:10135000B9D1074800F0D4FA0028BBD0B3E76FF04A
:101360008000B0E7C88700003C2D0020542E00000C
:1013700030A60020202D002018A600202C2E0000D2
:10138000042E00002DE9F04F52EA030187B0DDE999
:1013900010545BD0072C56D804920390042203A962
:1013A00006462C48059307F035FD082204A92A4873
:1013B00007F030FD294F2A4A03982A4B2549B0F5FA
:1013C000807F14BF104618463A4600F0B9FAA0B321
:1013D00010F18C0F2ED1234A214B44F44034B6F542
:1013E000807F0CBF91469946C7E901540026DFF87B
:1013F0007880DFF868B0DFF85CA005E0BB682D1BE3
:1014000023F44033BB6015D0B5F5006F2C4628BFE0
:101410004FF4006440462146FFF71AFF009623462A
:101420005A4651464846CDF8048000F09DFA2644BD
:101430000028E3D007B0BDE8F08FBB68DB07CAD552
:101440006FF08400F6E76FF08500F3E76FF0860039
:10145000F0E700BF54AE002058AE002048AE002098
:1014600030A6002018A6002048A6002011462DE92D
:10147000F04751EA030286B0DDF838804FD00446C9
:10148000CDE90413042203A92648039407F0C2FC03
:10149000082204A9244807F0BDFCDFF890A00398B7
:1014A000DFF88C90234EB0F5807F14BF504648463D
:1014B00032461C4900F044FA054660BB3768474590
:1014C0002DD30F9BA7EB08079F4228BF1F46109BF9
:1014D000B4F5807F18BFD146174EDFF848A01F60D3
:1014E00005E021463046FFF7BDFE3F1B13D0B7F5A0
:1014F000006F3C4628BF4FF40064434651464846BF
:101500002246009600F04AFBA04405460028E8D099
:101510000023109A1360284606B0BDE8F0876FF0EC
:101520008605F8E754AE002058AE002030A6002013
:1015300018A6002048AE002048A6002030B585B08F
:10154000CDE901021A4308BF6FF08600089C03939F
:101550001ED004220F480DEB020107F05BFC0822AD
:101560000D480DEB020107F055FC0C4D0C4A01989B
:101570000C4B0849B0F5807F14BF104618462A4628
:1015800000F0DEF920B92B68AA68C4E90033A26034
:1015900005B030BD54AE002058AE002048AE00204B
:1015A00030A6002018A60020F0B585B0CDE90102D4
:1015B0001A4308BF6FF0860003932AD00422044622
:1015C0000DEB0201144807F025FC082213480DEB2F
:1015D000020107F01FFC124F0198124E124DB0F598
:1015E000807F14BF384630462A460B4900F0A8F9E0
:1015F00078B9AB68DB070AD4B4F5807F14BF3846EE
:101600003046054905B0BDE8F04000F0B5BA6FF0CE
:10161000840005B0F0BD00BF54AE002058AE0020DD
:1016200030A6002018A6002048AE002008B50346CA
:101630001B6800209B689847002818BF6FF0910036
:1016400008BD00BFF8B51D46036804465B680E463A
:101650001746984703460B4A6068C3F3410312F8E4
:1016600023200544069BE06824683946B3FBF2F268
:1016700000FB0650A469A0470028B4BF6FF091009A
:101680000020F8BD682E00000020704770B50446A9
:10169000C06898B10E46002504E0D4E902301D442C
:1016A000A8420BD9D4E900232B4400FB0630D369B0
:1016B00098470028F1D06FF0910070BD002070BDF8
:1016C0002DE9F04782B00A9D1DB9002002B0BDE8A7
:1016D000F08717464268064613440268C06852689D
:1016E00000FB013490472A4BC0F3410013F82090CF
:1016F000B4FBF9F809FB08F8444542D033680122ED
:1017000040465B6901A9984700283DDBA4EB08032C
:1017100001AAD1182B4499452ED8A9EB040AC2443A
:101720005246384607F076FBB5EB0A05CDD004EB00
:101730000A083268A945536910D84046B5FBF9F844
:1017400007EB0A014246984700281DDB09FB08F217
:10175000AD1ABAD09244326804EB0A085369404685
:10176000012201A9984700280EDB2A4601A907EBB0
:101770000A0007F04FFBA8E72A46384607F04AFB65
:10178000A3E74FF0000AD4E76FF091009EE700BF97
:10179000682E00002DE9F04F03688FB006AA0446BA
:1017A0000D46DF6800F022FC10B10FB0BDE8F08FED
:1017B0000BA800F09BFF0146002865D1DDE9066A11
:1017C000202206A8DDF8249007F060FB2946204679
:1017D00006AA00F091FD0028E7D12268D38A63B3FE
:1017E000834680460CE05946204606AA00F084FD58
:1017F0000028DAD12268D38A0BF1010B5B451DD991
:101800005D45F8D05946204606AA00F0EFFB0028B7
:10181000CBD1069BB342E6D10BA800F067FF0028AE
:10182000E1D1079B5345DED99F4228BF1F46A3EB5A
:1018300009030793099B9844D5E79846B9F1000F2F
:101840000DD14946204603AA00F082FC0028ACD105
:101850004946204603AA00F0DDFE68B1A5E73B46F5
:101860004A4631462046CDF80480CDF800A000F06D
:10187000B7F9002899D11EB1204600F0B3FE30B967
:10188000204600F09DFB90E76FF08B008DE76FF036
:1018900083008AE780B370B50C4651B3154642B356
:1018A0000B8A012B25D9032B23D0CA8A022B06468B
:1018B000C968A08A4FEA421212D1A1F114039B1AFF
:1018C000834216D3884214D81432914211D318227D
:1018D0000021304607F0DAFA0020C6E9004570BD65
:1018E000884206D80C20023B083200FB03238B42BF
:1018F000EDD96FF0860070BD6FF08600704700BFB5
:1019000030B583B0054600F013FE044610B1204602
:1019100003B030BD4FF08071284601AA00F0F0FB03
:1019200030B110F18C0F18BF0446204603B030BD13
:1019300028460199FFF72EFF0446E8E700F0FABCBD
:1019400010B58AB0144602AB01AA00F09FFB40B963
:10195000DDE90412BDF81830C4E90012A3600AB032
:1019600010BD6FF08B00FAE72DE9F04192B004460C
:101970000F461546002120220AA81E46DDF8608089
:1019800007F084FA4FF6FF73CDE90533002D00F020
:10199000EF80AB68B3F1807F80F0EA8023686A68EB
:1019A0005B8A013A1A445B421A406A603946204613
:1019B0000AAB05AA00F06AFB002800F0A38010F132
:1019C0008C0F40F09C80AB68DB0340F198804FF6B1
:1019D000FF73069A9A4240F0A6802368998A6B6842
:1019E0008B4200F2C5800AA8A9680290059807AD4D
:1019F000821A06A818BF012200910190394620469C
:101A0000039500F00DFC002879D1002E31D0236819
:101A10005B8A5A1E12EA080F40F08E80771E1F4420
:101A20005B421F400C9B984500F286803A46414637
:101A30000D9800F04FFE00287ED1199B2946019396
:101A40002046434600970AAA00F044F9002873D1C3
:101A50000C9A06EB080393420A992046079F88BF19
:101A60000C9300F0A7FA394607900A9A204600F036
:101A70003FFC2A4620460A9900F0CCFD00285BD1A5
:101A8000069920460AAA00F037FC0146002853D1E7
:101A9000DDE905539D4228BF1D4620462A4600F039
:101AA0002DFD002848D14FF6FF72059B934210D0C0
:101AB000069A93420DD09A4238BF1A462046691CB6
:101AC00000F01CFD002837D1DDE905539D4238BFE9
:101AD0001D4623682046DA8A691C00F00FFD58BBBA
:101AE0000A9B63BB5EB3204600F06AFA38B94FF632
:101AF000FF730599994202D0069B994232D112B0E8
:101B0000BDE8F081AB68059A990306D56968DDF8F0
:101B100034C08C4519D10C900E934FF6FF739A4246
:101B200006923FF45AAF07AD2A4620460A9900F0C4
:101B30000FFB00283FF469AF6FF08300DFE720461A
:101B400000F050FD0028CED0F6E70E9B114643F082
:101B5000807320460AAA0E9300F0CEFB00283FF4C3
:101B600036AFE9E72046FFF715FE12B0BDE8F08179
:101B70006FF08600C3E700BF10B582B0002301AA52
:101B8000044600F083FA28B920460199FFF702FEC7
:101B900002B010BD6FF08B00FAE700BF70B58CB0DB
:101BA00015461C4603AA04AB064600F06FFA98B926
:101BB0002A462146069800F08DFD58B92246109C11
:101BC0002B46304604A9009400F062F8002818BFA4
:101BD0006FF083000CB070BD6FF08B00FAE700BFB0
:101BE0002DE9F04186B0904603AA05461F460E46F1
:101BF00000F0AEFA044618B1204606B0BDE8F08108
:101C0000059B314643442846059300F0D3F90D9BCC
:101C100080464BBB0D9F0C9BDDE903129A420BD211
:101C20000B460C992846891A01910092414600F012
:101C300033FC20BB012703993246284600F058FBAD
:101C40003146284603AACDF80C8000F0E3FC044698
:101C5000C0B9002ED0D0002FCED06B684146DB68D3
:101C6000286898470446C7E7CDE900730146039BFF
:101C700028460C9A00F010FC01270028CBD06FF00A
:101C80008304B9E732464146284600F031FBB3E70A
:101C90002DE9F04184B016460C4601AA09680546B4
:101CA0001F46DDF8288000F053FA70B901994B1CEB
:101CB0000BD00A976368D5E9000464684246A446DD
:101CC000334404B0BDE8F04160476FF0830004B0D6
:101CD000BDE8F0812DE9F0470F4682B01168164645
:101CE000DDE90AA91C46054600F064F980467368E0
:101CF0007A681C44A31A00920193284641463B6827
:101D000000F0CAFB48B9CDF800A0696823464A46EE
:101D10008C6828684146A04710B102B0BDE8F08742
:101D2000F16872682B680A44DB680092B96828463B
:101D30005B1A9B1A019341463B6800F0ADFB0028FB
:101D4000EBD13368002BE8D041466B682868DB682C
:101D500002B0BDE8F04718472DE9F04F00240C27EA
:101D600006468846914625468BB03068038A022B8A
:101D70000CBF01229A1E954216D2D6F804C005EB7C
:101D800045039B0000974146DCF804A002AA0833F3
:101D9000D04770B902AB05A913F8012B8B4284EA36
:101DA0000204F9D10135E0E7C28A2AB9002089F896
:101DB00000400BB0BDE8F08F00274FF0200A0DF176
:101DC0002705022B0EBF0C23023B03EB4303726873
:101DD00018BF9B0003EB4713D2F804B0414602AA98
:101DE000CDF800A00833D8470028E2D10DF1070351
:101DF00013F8012F9D4284EA0204F9D130680137BB
:101E0000C38A9F42D2D2038ADBE700BF10B50C46DB
:101E100009790346012982B017D0022922D11B6813
:101E2000A1791B7E99421DD0012A18D811460DF1C7
:101E30000702FFF791FF30B962799DF807309A42A7
:101E400018BF6FF0910002B010BD036862791B7E6D
:101E50009A4214BF00206FF0830002B010BD6FF0F3
:101E60008600F0E76FF08300EDE700BF70B5827B7E
:101E70000168531CDBB28373097E044699424169B1
:101E800004BF02328273012982B000F10D020DD825
:101E9000FFF762FF40B9082665686169034620685C
:101EA0000096A219AC68A04702B070BD6FF0860022
:101EB000FAE700BF436810B5416904461B69006832
:101EC000984750B923681A8A022A06D962681846C8
:101ED000A1681369BDE81040184710BD70B508250A
:101EE0000446002386B000954068194646680DEB0D
:101EF00005022068B047B0B10826656820680096E2
:101F0000002301216D6804AAA84700BB01222046D6
:101F100004A9FFF77BFF01220346C0B90020C4E9F2
:101F2000042306B070BD02460DEB05012046FFF705
:101F30006DFF03460028DFD1616800954D68206879
:101F4000012104AAA84728B101230022E6E76FF087
:101F50008300E6E70122204604A9FFF757FF024667
:101F60000028F1D123689DF816101B7E9DF80E0005
:101F7000B3FA83F35B09994208D0984211D08842A2
:101F800033BF0122002201230023C7E7002914BF29
:101F900002230123984213BF0122002201230023C0
:101FA000BCE7002814BF022301239942E7D0012394
:101FB000B4E700BF09B1806870474069704700BF4F
:101FC00010B50446FFF752FF28B963686169DB6802
:101FD0002068984700B110BDD4E904322046C4E916
:101FE0000423BDE81040FFF765BF00BF70B504468D
:101FF00000681546B0F810C06268BCF1020F0FBF50
:102000000C23ACF1020303EB43039B0003EB4113EE
:10201000202182B00091566821692A460833B047D2
:10202000064610B1304602B070BD23682A681B8A8C
:10203000022B0CBF0123023B9A4223D205F114006C
:1020400000F054FB0028EDD12068EA68838A9A42A8
:1020500018D8AB689A4215D3D5E900316BB9038A19
:10206000C48A022B0FBF0C23023B03EB43039B00EC
:1020700003EB441308338B4204D8C06800F02AFBFA
:102080000028CFD06FF09706CCE700BF2DE9F041D4
:102090001F46036888B0DB8AEBB105460E469046C2
:1020A00000240BE00C22314605A80BF09DFC844671
:1020B000B8B12B680134DB8AA3420CD921466A46A9
:1020C0002846FFF793FF0028ECD06FF0830C6046A2
:1020D00008B0BDE8F0816FF08B0C604608B0BDE839
:1020E000F081C8F80040002FF1D06C460FCC0FC72C
:1020F00094E80F0087E80F00604608B0BDE8F08163
:102100000368DB8A03B3F0B505460E461746002484
:1021100089B007E0049B1E4213D12B680134DB8A8F
:10212000A3420AD921466A462846FFF75FFF0028E6
:10213000F0D06FF0830009B0F0BD6FF08B0009B0F4
:10214000F0BD3C6009B0F0BD6FF08B00704700BF80
:10215000F0B50C2583B0009501EB41018B0041687F
:1021600004464F680833016900681646B84708B14D
:1021700003B0F0BD236831681A8A91420CD2B2686C
:10218000D868716800F0A6FA30B93368012B06D917
:1021900005467368AB42EBD06FF09700E8E7236821
:1021A000DA8A1B8A022B03D0023B03EB43039D0018
:1021B00005EB42150835ECE7F0B50C2583B000952A
:1021C00001EB41018B00416804464F680833016907
:1021D00000681646B84708B103B0F0BD23683168FF
:1021E0001A8A91420CD2B268D868716800F072FA0B
:1021F00030B93368012B06D905467368AB42EBD082
:102200006FF09700E8E72268138A022B03D0023BA5
:1022100003EB43039D00D38A05EB43150835ECE738
:102220002DE9F04F89B04FF0000ADDE9149504461E
:10223000884617461E460CE051462A462046FFF7C0
:1022400087FF8346002836D1AB689E4237D90AF112
:10225000010A2368B3F810C0BCF1020F0CBF4FF0A5
:10226000010CACF1020CD445E6D86FF08D0BDB8A83
:102270000025DBB129466A462046FFF7B7FEA8B91C
:1022800005A800F033FA60B157B1BBF1000F18BFD9
:102290006FF08D0B5846139B1D6009B0BDE8F08FA1
:1022A000012723680135DB8A9D42E3D34FF6FF7592
:1022B0006FF08D0BEEE76FF0830B2368D7E7226892
:1022C0004146D268C9F800A0D31AC9F804300C22DC
:1022D000C9F80C6009F1140006F09CFD129BC9F8C6
:1022E00008B0C9F81030AB689B1BAB602368BEE731
:1022F00002B18160704700BF30B586460068202576
:10230000B0F810C083B0BCF1020F0EBF0C23ACF1CB
:10231000020303EB4303DEF8044018BF9B0003EB0A
:102320004113DEF814100095A4680833A04703B0E9
:1023300030BD00BF2DE9F0418EB00446FFF7CEFD61
:10234000002840F08B806669636831461B6920680D
:102350009847054600287DD1D4E90003B6FA86F1F6
:102360001B69490998470546002873D12068037EF8
:10237000B3FA83F35B09A373038AC18A022B6FD17B
:1023800001220C23A26002220C2503EB411300263C
:1023900001212273C26808332661616100950493AC
:1023A000D31A626803919568059303AA0823A84786
:1023B000054600284ED120680495C3680593038A1A
:1023C000022B2FD02E46033B9E4206F1030106F15D
:1023D000010608D263681B699847024620681543C6
:1023E000038A022BEFD1002D52D1038A1426022B2F
:1023F0004FF00C07A3F1030214D0954212D20097BC
:1024000063686169D3F80880EB1C039303AA334621
:1024100001350C36C047D8B92068038A022BA3F1D6
:102420000302EAD12022002106A806F02FFD23682E
:102430000025DB8A23B919E02368DB8AAB4215D972
:102440002946204606AAFFF757FF01350028F3D09A
:102450006FF0830528460EB0BDE8F081002673E7D3
:102460000222023B03EB430393408BE72046FFF736
:10247000FDFC0028ECD163686169DB68206898473F
:1024800005460028E6D1D4E90423C4E90432E1E793
:102490006FF09105DEE700BF2DE9F04FC3B0DDE935
:1024A0004C863EB305468A46174699460CE0686856
:1024B00000943B46D0F808B05146286802AAD84795
:1024C0002744A0B9361B15D0B6F5807F344628BF07
:1024D0004FF48074D5F804C02868009443464946F8
:1024E000DCF804B002AAD847A0440028DFD043B0EB
:1024F000BDE8F08F002043B0BDE8F08F036800B561
:102500001B8A83B0022B0FBF0C23023B03EB430358
:102510009B0003EB4113511A490103F108020369BF
:10252000019141690092FFF7B7FF03B05DF804FB2A
:10253000F0B50546D0E9000387B01B68984704460C
:1025400010B1204607B0F0BD2846FFF7C7FC08BB16
:102550000827D5F804C029692868EE190097234692
:102560003246DCF80440A047A0B9314628462A6923
:10257000FFF74CFC70B92846FFF79CFC044648B9AD
:102580002B7B012B0BD0022B18BF6FF0830420464E
:1025900007B0F0BD6FF08304204607B0F0BD0146E0
:1025A00003AA2846FFF708FE04460028C9D16FF0A9
:1025B00007042B683A46DE680097059FD5E9043189
:1025C000E41B344401942846FFF766FF04460028C4
:1025D000B7D102236A7B2846AA732B73FFF7F0FC5E
:1025E0000446AEE710B586B0002103AA0446FFF703
:1025F000AFFD60B9DDE9042321681344C9682046B2
:10260000C91A2369019161690092FFF745FF06B07D
:1026100010BD00BF2DE9F04304468846436801EB36
:102620004105AD009F680068616987B005F1080346
:10263000B8F1000F1FD10C2611600096B847002892
:1026400043D1D4E90476236805F10C011B8A05F116
:102650001402022B0FBF0C259D1E05EB4505AD0096
:102660006D1A3B4631462046CDE90025FFF714FFA1
:1026700007B0BDE8F0834FF00C09CDF80090B847E3
:10268000014610BBD4E90476204603AAFFF760FD9B
:10269000D8B9CDF8009063686169D3F808902068D4
:1026A000082303AA0396C84778B9B8F1010FCAD026
:1026B0001422A5F10C03019331463B4620460092BB
:1026C000FFF7EAFE0028BED0D2E76FF0830007B024
:1026D000BDE8F083814206D8401A90422CBF00200A
:1026E0006FF0860070476FF08600704700F10C02B3
:1026F00002E010F8013B23B99042FAD16FF08B0051
:1027000070470020704700BF70B503680446A3F20D
:10271000F233A6B0032B00F23D81DFE803F03084F2
:102720002B0200253C22294607A802950495069510
:102730000395059506F0AAFB3C22294617A8169595
:1027400006F0A4FBE2690321019504F11C03002AB1
:1027500040F0EC8053F8042D4E1E42B9002E00F0DC
:102760009080314653F8042D4E1E002AF6D0304694
:102770000E4688E003F098FD002026B070BD0021D1
:10278000C26900F11C0316910320002A40F0D18099
:1027900053F8041D421E31B932B1104653F8041DDE
:1027A000421E0029F8D00246E16A032504F12C03F9
:1027B000002940F0B98053F8040D691E30B931B1D9
:1027C0000D4653F8040D691E0028F8D029462369E8
:1027D000042B53D1206A042850D8012A4ED1012954
:1027E0004CD10021606806AA06F0AEFB042845D152
:1027F000A068069B0028C0F2BD800022194603F0A5
:1028000075FE00283AD1216A069816AA03F0B8FD91
:102810000546002832D10146236A606816AA06F0F0
:102820009DFB2846A9E7C26900F11C030320002A8A
:1028300076D153F8041D421E31B932B1104653F817
:10284000041D421E0029F8D00246E16A032504F166
:102850002C03002966D153F8040D691E30B931B13B
:102860000D4653F8040D691E0028F8D02946236947
:10287000042B03D1012A01D100293AD0012026B02E
:1028800070BD4FF0FF30E26A042504F12C0362B9F9
:10289000032153F8042D4D1E32B935B1294653F8A2
:1028A000042D4D1E002AF8D00D4628430128E5D8F6
:1028B0000423002160680DEB030206F045FB0428A9
:1028C00062D1022E37D00021002D44D0236A402B44
:1028D0005AD816A804AA04900198059303F0F6FCB0
:1028E000DDE9042305460021606806F037FB284631
:1028F00043E7606816AA06F027FB0428BED1A0684B
:10290000169B00282EDB0022194603F0EFFD00285D
:10291000B4D1169803F0B8FD003818BF01202CE799
:10292000042292E70421A2E7042150E703200426B1
:10293000A9E7042238E76669402E28D833460121EA
:10294000606806AA06F000FB86421DD106AB029322
:1029500002A90396B8E72A46019803F0B7FC05469A
:1029600028460AE7184616A903F0D8FD50B9A06812
:10297000169BC8E7184606A903F0D0FD10B9A06859
:10298000069B3AE70220F8E66FF08000F5E66FF06C
:102990008900F2E66FF08500EFE600BF08B503F0AE
:1029A000EDFC002814BF6FF09200002008BD00BFAE
:1029B0002DE9F047924600228046ADF5527D04AFE6
:1029C0003846039106AD11461E46FEF759FBD8F86E
:1029D000382040F203112846FEF752FB4FF43C72B8
:1029E000002116A806F052FA4FF6F8734FF6FF7260
:1029F000B3EBC60F4FEAC60338BF1346ADF83E30FF
:102A000041F20103ADF83C30012311934FF4905390
:102A100000244146D8F820204FF48048DFF8B090D9
:102A2000ADF8203008A82B46CDF82640CDF82E4032
:102A3000CDE91244CDE91444CDF82240CDF832401E
:102A4000CDF83640ADF83A401094CDE90A8907F048
:102A5000E1FE044678B116A808F0CAFD95E8030027
:102A600007F0A8FD97E8030007F0A4FD20460DF548
:102A7000527DBDE8F087164916A808F013FF0446FA
:102A80000028E8D195E80C0040F2011116A808F0E2
:102A9000A5FF04460028DED1042340F2032103AA47
:102AA00016A808F053FF04460028D4D13A460FA8D0
:102AB00016A908F001FE04460028CCD1DA99334665
:102AC0000091524697E8030007F0FEFD0446C2E776
:102AD000090100082DE9F04700249AB006A80694E1
:102AE00006F08CFA002868D00746DFF8E080DFF8AF
:102AF000E09001E0A74260D0069A660102EB441321
:102B0000196901344145F5D10021925909A89D6800
:102B1000FEF7B6FA0021069B0DF1160E03EB060C2C
:102B200008AADCF81800CDE9012E05AB0093DCF80B
:102B300014A007ABCDE90B11CDE90D11CDE90F11B3
:102B40001191202212A9D047034605EB0515AD00CF
:102B500005F1240048444D44002B32D14FF6F87162
:102B60004FF6FF72069BBDF814C03344D3F810E053
:102B70008C4588BF94465FFA8EF3002B099E08BFF0
:102B80000026089B1C220E930A9B0BA91193BDF8EB
:102B90001630CDF830E0ADF82C30ADF82EC01096E0
:102BA00006F038F9079A284612A906F033F90123EE
:102BB000079AA7422A622B649ED100201AB0BDE872
:102BC000F0876FF092001AB0BDE8F0870101008035
:102BD00060AE002070B584B06B4683E8030012B38A
:102BE000002403A814601646009D039406F006FA1C
:102BF000E0B12346039903E0984201F1200115D08A
:102C00000C680133A542F7D1D1E902319A1E0A437B
:102C10000CD00020074A03EB031302EB83031B6A6B
:102C2000336004B070BD6FF08600FAE76FF08B0080
:102C3000F7E700BF60AE00202DE9F04F89B0129990
:102C4000012803911399CDE9013100F2B380DFF837
:102C500078B100EB001915460BEB8902126C0301E9
:102C600007464FEA89090093002A00F0A680002D4C
:102C700000F0A080D5E9056A4FF0000805A8CDF85E
:102C8000148006F0B3F909F12401044659440028E0
:102C900079D0059B00EB400E4246184603E096456E
:102CA00000F10C000DD053F822400332A642F6D1B9
:102CB000D0E901C3BCF1000F54D1984603F480540D
:102CC00001E00024A0461C22284606F0A3F8324664
:102CD000514606A8FEF7D4F907996A68A9610699D2
:102CE0006961D1B221B922F0FF0242F001026A60AB
:102CF0002CB348F4806408F400520AB144F4006430
:102D0000009BAC60DA190BEB8202126A039B9A42B9
:102D100056D8019D002D4DD0029E002E4AD0610450
:102D20000BEB09000FD540F203118A450BD02A4660
:102D30005146129609B0BDE8F04FFFF739BE444640
:102D400008F40052D9E70146019806F063F8002024
:102D5000009B029A3B440BEB83073B6A136009B06C
:102D6000BDE8F08F1846002203E0944500F108000A
:102D7000A7D053F832400132A245F6D1D0F80480F2
:102D800008F480549FE71C22284606F043F8324698
:102D9000514606A8FEF774F907996A68A961069971
:102DA0006961D1B20029ABD122F0FF0242F00102E9
:102DB0006A60A5E76FF08600D1E76FF08B00CEE781
:102DC0006FF08900CBE700BF60AE00205B45525238
:102DD0005D5B43727970746F5D20556E73757070B2
:102DE0006F727465642072657175657374210D0A64
:102DF000000000004D62656420544C5320332E3691
:102E00002E3500004372656174696E6720616E2023
:102E1000656D7074792049545320666C6173682025
:102E20006C61796F75742E0D0A0000004372656144
:102E300074696E6720616E20656D707479205053DF
:102E400020666C617368206C61796F75742E0D0A51
:102E5000000000002D160000C116000045160000FD
:102E6000891600008D16000001000000020000001D
:102E7000040000000F4B02689A4206D1C269A3F118
:102E80001023A3F1EF139A4201D001207047836809
:102E9000012BFAD8C36813B102699342F5D0436994
:102EA0002BB18069C01AB0FA80F04009704718460B
:102EB000704700BF55AA00FFF8B5164B996829B1B5
:102EC0000846FFF7D7FF08B9CB680BB10120F8BD62
:102ED0000B69002BFBD0104D104E1A68AA42F5D199
:102EE000DA69B242F2D19A68012AEFD8DC68002C84
:102EF000ECD01A699442E9D05F691FB1D3F818C0C9
:102F00006745E3D08C42E1D11946002ADFD0134651
:102F1000E3E700BFE8AE002055AA00FF669911EE76
:102F2000002865D070B5374D2B68002B54D0AA68A7
:102F3000002A51D08342014661D86A6813449842FE
:102F40005DD2A0F120063046FFF794FF002856D14D
:102F500051F8183C012B52D151F8144C41F8180C7F
:102F600051F8100C002C38D0A368002B35D151F843
:102F70001C2C6368203213442061636000B1C4607C
:102F800020220021304605F081FF2069F0B18368DE
:102F9000E3B92646426873681344026920337360BC
:102FA0003261D6E9051331B38B6103B159614169CF
:102FB00083697161B361E1B18E61B36903B15E612F
:102FC00002B1D6602022002105F060FF2B699B072B
:102FD00002D5FFF771FF90B970BD10B18368002B67
:102FE000D8D0EB6841F8083C03B15E61EE60EDE7D4
:102FF0007047EE60E2E7002BD9D0EB60D6E7012006
:1030000010F038F8E8AE00202DE9F84F3E4D2B685F
:10301000EC68002B40D0AB68002B3DD000283BD0A3
:10302000002939D001FB00F6B6FBF0F0884233D11D
:10303000301D31D8B10733D026F00301043114B963
:103040002BE0A4694CB363688B42FAD3D4F808C070
:10305000BCF1000F55D1A0695B1A232B814667692B
:1030600020D80123A360002F47D0B861A06900B128
:10307000476100232A696361D207A36103D5FFF783
:103080001BFF00283DD1203432460021204605F0A8
:10309000FDFE2046BDE8F88F00242046BDE8F88FED
:1030A0003146CCE7D4F8108001F1200EDFF85CB097
:1030B000DFF85CA004EB0E02203BC2E9013CC2E950
:1030C000034844F80EB0C2F81CA0B8F1000F01D0BC
:1030D000C8F80C20C2F81890576187B1BA6190699E
:1030E00000B1426100236160296922610122C4E9C3
:1030F0000533CB07A260C6D5C1E7E860B7E7EA6051
:10310000EEE701200FF0B6FFE8AE002055AA00FF61
:10311000669911EE38B50D46142200210446114877
:1031200005F0B4FE1049114806F04EF9232D18D9C8
:1031300014F0030304D0043DC3F104021D441444FD
:103140002A460021204605F0A1FE064B084A094800
:10315000A5F12001C3E901541C60E061C4E900212C
:10316000DC6038BDE8AE0020212F000009300000EF
:1031700055AA00FF669911EE000000000000000053
:1031800010B50F4C4FF4CC720021204605F07EFEA6
:1031900009A1D1E9000101234FF48072A4F8903114
:1031A00084F82830C4E90401A261BDE8104000F0B1
:1031B00093BB00BFAFF3008000BD40DFE143E14EB1
:1031C000682400200000000000222DE97043584EC2
:1031D00088B002AD04904FF4C87301200021CDE9FE
:1031E0000065CDE906220396ADF814200AF060FED2
:1031F00010B101238DF8143004994FF4C873CDE950
:1032000000150022022000210AF052FE10B1012315
:103210008DF815304FF48072DDE903430FF2081981
:10322000D9E90089A261C4E904890020C3E90489BD
:1032300006A99A6100F0D8FE044618B1204608B0ED
:10324000BDE870832946012000F0CEFE0446002828
:10325000F4D1022007A900F0C7FE04460028EDD1F2
:10326000079A029B9A429DF8143018BF0790012BD1
:1032700003D0002003A900F0FDFA9DF81530012BC2
:1032800003D0012003A900F0F5FA039B049993F8F9
:103290002830012B1CBF01238DF8143091F8283001
:1032A000012B1CBF01238DF8153040F20113BDF82E
:1032B00014209A4234D09DF81430012B24D09DF86C
:1032C0001530012B01D0022B11D04FF48073022056
:1032D0000021A6F890310AF03DFE20B110F18C0FCC
:1032E00001D00446AAE7124800F0B6FCA6E7012385
:1032F0004FF4C8720E48A6F8903105F08BFD96F891
:10330000910100210130E6E74FF4C8720848A6F8A1
:10331000903105F07FFD96F8910100210130DAE748
:103320006FF083048AE700BF00BD40DFE143E14E58
:10333000682400204E4AF0B510606FF47A7203687A
:10334000044613448DB0042B00F28F80DFE803F0B5
:1033500015385C7A0300056A042D40F0868000F081
:1033600009F9002106462B46606808AA0D46089612
:1033700005F0F4FD28460DB0F0BD03698668082B02
:1033800073D18569042D70D10021406808AA05F029
:10339000DBFD082869D12B460221606806AA05F0EA
:1033A000D3FD042861D1069A63693046CDE9003225
:1033B000DDE9082300F092F8054628460DB0F0BD7F
:1033C0000369082B51D14569042D4ED10021406875
:1033D00008AA05F0B9FD082847D12B4601216068ED
:1033E00005AA05F0B1FD04283FD1226A059B06A974
:1033F000A068CDE901210093DDE9082300F084F8FD
:10340000054628460DB0F0BD0369082B2DD1066A8C
:103410000C2E2AD10021406806AA05F095FD082847
:1034200023D1DDE9062308AF0097A06800F080F8FB
:10343000054600289ED1014633463A46606805F0AD
:103440008DFD97E70369082B0FD10021406808AA7A
:1034500005F07AFD082808D1DDE90823A06800F00E
:1034600075F8054628460DB0F0BD6FF0800581E780
:10347000002D002000F01CB810B50C46064B02468B
:103480001B6801215868234605F05EFD844214BF85
:103490006FF08000002010BD002D00200246034880
:1034A0000B4600680021406805F058BD002D002043
:1034B00008B50849084805F065FF00F05DF800B957
:1034C00008BD00F0D5F90028FAD1BDE8084000F0A9
:1034D00053B800BF0001500538400000194694461B
:1034E00010B4DDE9014302465CEA010009D0072B74
:1034F00003D8604610BC00F091B86FF0850010BC96
:1035000070476FF08600FAE71946944630B40246D9
:10351000DDE902345CEA0100049D05D003950294C4
:10352000604630BC00F036B86FF0860030BC7047A3
:103530001946944602465CEA0100009B02D06046B0
:1035400000F022B96FF08600704700BF194608B539
:1035500052EA0103944609D00246604600F044F95D
:1035600010F1950F08BF6FF0830008BD6FF0860063
:1035700008BD00BF0020704710B5044C2046FFF77F
:1035800023FE034B383C5C6010BD00BF581C00207C
:10359000042D00202DE9F0431E4E1F4683B0334614
:1035A00081468846154600F0A5FA20B1044620461B
:1035B00003B0BDE8F0833068174E01AA3146C6E972
:1035C0000498B56100F0A6FC044620B9B56ABD4276
:1035D0000BD26FF0860440F6480200210E4805F039
:1035E00055FC204603B0BDE8F0830A9BED1B9D42CD
:1035F00028BF1D4606F1380029463844FFF74EFF24
:103600000B9B40F6480200211D60034805F03EFC7C
:10361000E7E700BF042D0020201C00202DE9F04F1B
:1036200085B0DDF83890B9F5006F00F2A580DFF8BD
:1036300050819A46434606460F46154600F05AFA10
:10364000044640B310F18C0F03D0204605B0BDE80E
:10365000F08FDFF830B140F648020021584605F0FF
:1036600015FC49460BF13800CBE90467CBF830A0D4
:10367000CBF81850CBF82C90FFF7FEFE044600283C
:1036800067D040F6480200213E4805F0FFFB204687
:1036900005B0BDE8F08FDFF8ECB0D8F8000059466F
:1036A00003AACBE90467CBF8185000F033FC0446BA
:1036B000002838D1DBF83020D30732D449460BF14B
:1036C0003800CBE90B9AD8F800A0FFF7D5FE0446E6
:1036D00048BB4146012000F06BF9044618BB0123AA
:1036E00001932849D8F80000CBF8289000F046FC58
:1036F0000446002837D12A4630463946204B00F090
:1037000091F90446C8B900F055FA04460028B8D12A
:10371000BAF1000FB5D0014650460AF01BFC044632
:10372000AFE76FF084042A4630463946144B00F068
:1037300079F910B900F03EFAA3E70021D8F80000AB
:103740000AF008FC40F6480200210E4805F09EFBF6
:103750009DE74146022000F02BF90446002890D155
:1037600082460190BDE7BAF1000F01D0C8F800A071
:10377000019B002B85D0D6E76FF0860465E700BF7C
:10378000042D0020201C00202DE9F043144E1F467C
:1037900083B0334681468846154600F0ABF920B128
:1037A0000446204603B0BDE8F08330680D4E01AA00
:1037B0003146C6E90498B56100F0ACFB044628B96F
:1037C000D6E90A21336BC7E90012BB6040F6480214
:1037D0000021044805F05AFB204603B0BDE8F08301
:1037E000042D0020201C00202DE9F0431E4F83B043
:1037F0003B4606460D46914600F07CF920B1044652
:10380000204603B0BDE8F083DFF8608038684146A9
:1038100001AAC8E90465C8F8189000F07BFB0446CB
:1038200028B9D8F83030DB070BD56FF0840440F6A8
:10383000480200210D4805F029FB204603B0BDE8F1
:10384000F0834A463046294600F07CF904460028B9
:10385000EDD100F0AFF904460028E8D10146386800
:103860000AF078FB0446E2E7042D0020201C00202B
:10387000FFF786BC70B5054651F82560DCB0CB6813
:103880004FF4B4720C4601A806F128015B9305F0D1
:10389000C1FA4FF4B672304601A900F0F9FAA8B1A6
:1038A000236923B901232C4423725CB070BD3046D8
:1038B0004FF4B67201A95B9300F0EAFA00280CBF3E
:1038C000032301232C4423725CB070BD02232C44DB
:1038D00023725CB070BD00BF002070B5DEB00290F6
:1038E00000F08EFB034610B118465EB070BD02A911
:1038F00000F07AFB03460028F6D12C4C029D2046AE
:1039000000F0B2F903460028EED14FF4B47204F18E
:10391000280103A85D9505F07DFA4FF4B6722046A4
:1039200003A900F075FA03460028DDD194F89161EF
:10393000234600904FF4C8720021701C0AF098FAD8
:1039400003460028D0D194F89031039003A90120B8
:10395000029D84F8906184F8913100F045FB10BB22
:10396000039B9D420AD9012000F04AFB0346002830
:10397000BAD1039B01339D420393F4D8022003A9DB
:1039800000F032FB78B9039B9D420AD9022000F077
:1039900037FB03460028A7D1039B01339D420393C5
:1039A000F4D80023A0E76FF083039DE7682400208C
:1039B00090B34FF0000C70B563460D46184A146C76
:1039C000566C591C344309D00B290B461ED0146E7B
:1039D000566E2032344303F10101F5D10A2B00F178
:1039E000FF3004D0203220B19C460B46E7E70A2383
:1039F00078B9DC1C204600210AF0ACFA18B110F1AD
:103A00008C0F00D070BD00202C6070BD6346002874
:103A1000EFD06FF08D0070BD6FF08600704700BF73
:103A2000682400202DE9F04788B0EE46DFF8BCA0FE
:103A300005460E4617469946BAE80F00AEE80F0055
:103A40009AE80F00DFF8A8800024C4468EE80F0033
:103A500004E001340B2C0CF1200C18D0DCE91032FE
:103A6000964208BF9D42F4D1DCF848309F42F0D125
:103A700008EB441A0AF1300A51462022684605F044
:103A8000C9F950462022002105F000FA00E0002488
:103A9000D9E90031DA1E08EB4219013B580108EB65
:103AA000421209F1300948F8005008EB43139764BB
:103AB000484610225E6005F0ADF9FFF70DFF0546A0
:103AC00040B1DDE90432134308D1202200214846E9
:103AD00005F0DCF9284608B0BDE8F08708EB441093
:103AE00020226946303005F095F9EEE718400000D5
:103AF0006824002070B5124C4FF0000EA44606E07A
:103B00000EF1010EBEF10B0F0CF1200C15D0DCE90B
:103B10001056B14208BFA842F2D1DCF84850AA4280
:103B2000EED10EF1030504EB4E11102258681D6012
:103B3000303105F06FF9002070BD6FF08B0070BD63
:103B40006824002070B51A4C4FF0000C234688B052
:103B500006E00CF1010CBCF10B0F03F1200321D0A6
:103B6000D3E91056B14208BFA842F2D19D6CAA42D7
:103B7000EFD104EB4C14303420222146684605F086
:103B800049F920220021204605F080F9FFF7A4FE24
:103B9000054648B120226946204605F03BF92846F3
:103BA00008B070BD6FF08B05284608B070BD00BF2F
:103BB00068240020034B002193F8910101300AF0A2
:103BC000C9B900BF6824002000234FF4407230B50B
:103BD0001B4C89B0CDE90533029300930793194B31
:103BE0000546CDE9032468460C46174901930AF0BF
:103BF000C9F808B109B030BD40F201116846134A56
:103C00000AF07AF8A8B90C23224640F2032168464C
:103C10000AF0DCF868B92A46694601A80AF000F9FA
:103C200038B968460AF08CF80028E3D0286809F013
:103C3000A9FF68460AF084F86FF08300DAE700BF56
:103C40000001500500248000090100085C81FF7F0D
:103C50000F3000090130704701460C2201481C3129
:103C600005F0D8B80C2D0020082210B584B01849F2
:103C700004460DEB020005F0CDF8042215490DEBCA
:103C8000020005F0C7F8DDE90232013342F100021B
:103C9000CDE90232134303D1019B01330193A3B158
:103CA00008220B480DEB020105F0B4F80422094884
:103CB0000DEB020105F0AEF80C22054904F11C00E1
:103CC00005F0A8F8002004B010BD6FF08300FAE7FB
:103CD0000C2D0020142D00202DE9F049044691B050
:103CE0001F46D4E904BCA3690D46164609A904225F
:103CF0000DA8CDE90ABC0993DDF86C8005F08AF8BF
:103D00000AA908220EA805F085F80DA90AA8FFF750
:103D10005BFF10B111B0BDE8F0891A9BCDE90056E8
:103D20000593199B12490493189B0A98CDE90273D5
:103D3000CDF818800C2304F11C0209F041FF90B962
:103D4000D8F800301999103B102220461944C8F8C1
:103D5000003005F05FF80A9809F014FF0028D9D068
:103D60006FF08300D6E70A9809F00CFFF8E700BF70
:103D7000000150052DE9F04904461D46D4E904BC74
:103D800091B0A369DDF860800E46174609A90422A8
:103D90000DA8CDE90ABC099305F03CF808220AA950
:103DA0000EA805F037F82146102205EB080005F0B3
:103DB00031F80DA90AA8FFF707FF10B111B0BDE84F
:103DC000F0891B9A08F1100306921A9ACDE9017541
:103DD0000592199A0D49CDE903320A980C230096F1
:103DE00004F11C0209F03AFF48B90A9809F0CAFE2A
:103DF000002818BF6FF0830011B0BDE8F0890A9861
:103E000009F0C0FE6FF09400D8E700BF0001500534
:103E10002DE9F041044690B0A3690D46D4E9047839
:103E200009A916460DA804220993CDE90A7804F0E1
:103E3000F1FF0AA908220EA804F0ECFF0DA90AA8B8
:103E4000FFF7C2FE10B110B0BDE8F081102709AB3A
:103E5000CDE90304069302900C23CDE900560B49EB
:103E60000A9804F11C02059709F0AAFE50B9DDE991
:103E70000930102B07D109F085FE0028E3D06FF040
:103E80008300E0E70A9809F07DFEF8E7000150059D
:103E90002DE9F041044690B0A3690D46D4E90478B9
:103EA00009A916460DA804220993CDE90A7804F061
:103EB000B1FF0AA908220EA804F0ACFF0DA90AA8B8
:103EC000FFF782FE10B110B0BDE8F081102709ABFA
:103ED000CDE904000693CDE901640C230C490A984E
:103EE000009504F11C02039709F0B8FE099B1843E2
:103EF0000A9808D109F046FE002818BF6FF0830029
:103F000010B0BDE8F08109F03DFE6FF09400DAE7F3
:103F100000015005F0B50C461746002289B005ABEC
:103F200004F11C060193114640F61C030096054659
:103F300009F0BEFF08B109B0F0BD059B0695A3F1DD
:103F40000C052846FFF784FE4FF4026207A904F12E
:103F500028033860CDE90221204604220193009510
:103F600006A9FFF707FF30B9079B9D4218BF6FF006
:103F7000830009B0F0BD6FF08300DCE72DE9F0416C
:103F8000064686B008460D468F6A0496FFF76CFE1B
:103F9000044618B1204606B0BDE8F0814FF4026334
:103FA00005AA07F11008029305F128030392284699
:103FB0000422CDF80080019304A9FFF78DFE80B99B
:103FC000059B98450DD121460094304605F11C0310
:103FD00007F11C0209F04CFF0446204606B0BDE87C
:103FE000F0816FF08304D5E70A4608B5042109F093
:103FF000E1FF002814BF6FF08300002008BD00BF60
:1040000008B509F0BFFF002814BF6FF0830000203F
:1040100008BD00BF0000000000000000000000001C
:104020000000000000000000000000000000000090
:1040300000000000000000005B494E465D5B5053ED
:104040005D20456E6372797074696F6E20616C6774
:104050003A20307825780D0A0000000000000000AA
:10406000787C010000AF002051000000407C01007E
:10407000202D00200E000000407C0100201C0020AC
:104080000000000044B0002015070000582D00205B
:104090006A200000201C002040040000001C0020BA
:1040A0000800000002F09CBD08B572B60C490D4A2C
:1040B0000D4B916083F309880C4B83F30A8883F3DB
:1040C0000B880B4B04A1D1E90001C3E9000100F00A
:1040D0001FF904F01BFE00BFA5EDF5FEA5EDF5FEF2
:1040E0000000000000ED00E0F80B002000040020BC
:1040F000F80B0020EFF30880EFF309812DE9F00FB2
:104100006B46724600F05CFA08B0FFF7CBFFFEE7A3
:1041100008B5FFF7EFFF00BF08B5FFF7EBFF00BFE3
:1041200008B5FFF7E7FF00BF08B5FFF7E3FF00BFE3
:1041300008B5FFF7DFFF00BF08B5FFF7DBFF00BFE3
:1041400008B5FFF7D7FF00BF08B5FFF7D3FF00BFE3
:1041500008B5FFF7CFFF00BF08B5FFF7CBFF00BFE3
:1041600008B5FFF7C7FF00BF08B5FFF7C3FF00BFE3
:1041700008B5FFF7BFFF00BF08B5FFF7BBFF00BFE3
:1041800008B5FFF7B7FF00BF08B5FFF7B3FF00BFE3
:1041900008B5FFF7AFFF00BF08B5FFF7ABFF00BFE3
:1041A00008B5FFF7A7FF00BF08B5FFF7A3FF00BFE3
:1041B00008B5FFF79FFF00BF08B5FFF79BFF00BFE3
:1041C00008B5FFF797FF00BF08B5FFF793FF00BFE3
:1041D00008B5FFF78FFF00BF08B5FFF78BFF00BFE3
:1041E00008B5FFF787FF00BF08B5FFF783FF00BFE3
:1041F00008B5FFF77FFF00BF08B5FFF77BFF00BFE3
:1042000008B5FFF777FF00BF08B5FFF773FF00BFE2
:1042100008B5FFF76FFF00BFEFF31083012B29D024
:104220004FF47F02D2F83031BFF34F8FD2F83421F0
:10423000BFF34F8FBFF34F8FC3F30B03092B25D071
:10424000134B186ABFF34F8FA0F1FF304FF47F027A
:10425000B0FA80F0D2F830314009BFF34F8FD2F876
:104260003421BFF34F8FBFF34F8FC3F30B03092BE1
:104270000AD07047064B186ABFF34F8FA0F1FF308A
:10428000B0FA80F04009704762B6704772B6D7E75F
:104290000080FF00EFF31083012B26D04FF47F0244
:1042A000D2F83031BFF34F8FD2F83421BFF34F8FA4
:1042B000BFF34F8FC3F30B03092B1FD0134BD869E8
:1042C000BFF34F8F00F001004FF47F02D2F830317E
:1042D000BFF34F8FD2F83421BFF34F8FBFF34F8F0F
:1042E000C3F30B03092B07D07047084BD869BFF302
:1042F0004F8F00F00100704762B6704772B6034BF3
:10430000D869BFF34F8F00F00100DDE70080FF00A8
:104310004FF47F029E4908B5D1F8D03043F0020334
:10432000C1F8D030D2F83031BFF34F8FD2F83421FA
:10433000BFF34F8FBFF34F8FC3F30B03092B00F075
:10434000A6804FF47F02D2F83031BFF34F8FD2F8FE
:104350003421BFF34F8FBFF34F8FC3F30B03092BF0
:1043600000F08C804FF47F02D2F83031BFF34F8FD2
:10437000D2F83421BFF34F8FBFF34F8FC3F30B033A
:10438000092B74D04FF47F02D2F83031BFF34F8F36
:10439000D2F83421BFF34F8FBFF34F8FC3F30B031A
:1043A000092B5DD04FF47F02D2F83031BFF34F8F2D
:1043B000D2F83421BFF34F8FBFF34F8FC3F30B03FA
:1043C000092B6CD00022734907E0D3F80003D3F81F
:1043D0000433B2F5807F03600BD00868BFF34F8FC2
:1043E000D300013003F57F0302F1010201F108015E
:1043F000EBD1EFF31081FFF74DFF00285CD1FFF701
:104400000BFF002858D14FF47F026149D1F88C305E
:1044100043F44063C1F88C30D2F83031BFF34F8F92
:10442000D2F83421BFF34F8FBFF34F8FC3F30B0389
:10443000092B00D008BD013A022A38D956485749FD
:104440000368574A8B420CBF5A230023C2F8103E20
:10445000C36A8B420CBF5A230023C2F8003E08BD3A
:10446000012A9FD10E224F4BC3F8E42E9AE7012A6E
:1044700088D001224C4BC3F8782583E7012A7FF4CA
:1044800071AF494BC3F8382AC3F878256AE74FF073
:1044900050230022C3F81421C3F8182151E700214A
:1044A0000122414BC3F80C17C3F810278AE73F4B92
:1044B0009B5C002BC2D1BDE7BFF34F8F384BD3F8C5
:1044C0000024012AFBD13648C3F80425D0F8003473
:1044D000012BFBD101290FD04FF47F02D2F83031EC
:1044E000BFF34F8FD2F83421BFF34F8FBFF34F8FFD
:1044F000C3F30B03092B46D0FFF7CCFE58B1264A75
:10450000D36923F00103D361BFF34F8F244BD3F85A
:104510000024012AFBD1FFF77FFE68B11E4A136A0F
:1045200023F0FF0343F020031362BFF34F8F1C4BB4
:10453000D3F80024012AFBD101290FD04FF47F02C8
:10454000D2F83031BFF34F8FD2F83421BFF34F8F01
:10455000BFF34F8FC3F30B03092B16D00022104B70
:10456000C3F80425D3F80024012AFBD1BFF34F8FF1
:1045700007490F4BCA6802F4E0621343CB60BFF3F4
:104580004F8F00BFFDE772B6B6E762B6E6E700BF41
:1045900000ED00E00003FF000080FF00FA50FA5039
:1045A0000090035000A0035000400050D48600004B
:1045B0000400FA057C22014904F02CBCC0B500209F
:1045C00038B5474C6568474CC5F3080525601D465E
:1045D000EFF3038363655306C4E90120E16039D535
:1045E00002F00C020C2A08BF084601462061202276
:1045F0003D4804F00FFC25B1202229463B4804F039
:1046000009FC374B9A6AD96A986BC4E9162120666F
:1046100002F4004060665D6B9A62D96202F080022B
:10462000D3F8E400C4E91A52D3F8E85000F040028D
:10463000C3F8E4000E21C4E91C052D48A26700F070
:1046400067F82268D31E042B3DD8DFE803F0182159
:104650002A330F00EFF39483990704D5130702D58B
:10466000EFF38980C1E7EFF38880BEE70E21214890
:1046700000F04EF8EFF38883EFF3898338BD0C2107
:104680001D4800F045F8EFF38883EFF3898338BDC8
:1046900012211A4800F03CF8EFF38883EFF3898386
:1046A00038BD0B21164800F033F8EFF38883EFF3A1
:1046B000898338BD0D21134800F02AF8EFF3888371
:1046C000EFF3898338BD0F2A04D814210E4802F075
:1046D00089FACFE72521103A0C4802F083FAC9E79E
:1046E00000ED00E0C0B50020D4B50020F4B50020F6
:1046F000D886000024870000E8860000F4860000C9
:1047000008870000148700003487000048870000F5
:1047100000F000B830B5094D83B06B69984748B9CF
:10472000EC6AA047C307FCD42B6A019303B0BDE831
:1047300030401847002003B030BD00BF7087000034
:1047400010B50B4C0020A368984780B9022023695C
:10475000984760B94FF4E1310120A46AA04730B90D
:1047600001211520A04710B90122024B1A7010BD7B
:104770007087000094CC00200020054B82B01B689D
:104780009AB262F30F001B0C63F31F4002B0704734
:10479000B8870000012070476FF00300704700BF2A
:1047A000002070476FF00300704700BF0020704783
:1047B000022814BF6FF0030000207047014BD86D32
:1047C000704700BF00AF0020014B186E704700BF5C
:1047D00000AF002008B5024800F0EAFE002008BD46
:1047E00000AF002008B5C3B2012B09D0A3F1150218
:1047F000012A00F28B80002900F09680002008BD7D
:104800004DF6C023994200F0C3803CD8B1F5615FFA
:1048100000F0BC8057D947F61223994200F0A080DF
:1048200064D9B1F5164F08BF4FF41D0248D110F4FA
:10483000E06F40F0B08010F4404300F08480B3F5A6
:10484000804F6ED14FF0100C10F4405300F08E806A
:10485000B3F5805F79D14FF00E0E10F4403000F0C8
:104860009080B0F5403F7ED101234E4800F16401B5
:10487000C0F88C2080F8903080F891E080F892C0E9
:1048800000F050FDBAE7484B99427CD00ED9B1F503
:10489000612F5DD0454B994208BF4FF08052C6D082
:1048A000B1F5E12F0CD14FF0E862C0E7B1F5E13F7F
:1048B00051D023D9B1F5613F08BF4FF06C72B6D02B
:1048C0006FF0070008BDB1F5965F47D004D9B1F588
:1048D000165FF5D1364AAAE7B1F5966F1ED0B1F54D
:1048E000166F08BF4FF41D22A1D0E9E7B1F5964F2E
:1048F00012D0B1F5E14FE3D12E4A98E7B1F5614FFF
:1049000007D0B1F5963FDBD12B4A90E76FF003005B
:1049100008BD4FF46B028AE7284A88E74FF49E22CD
:1049200085E76FF00A0008BD162B21D04FF0FF334A
:104930001C49084641F8643F00F0F4FC10F1100FE8
:104940002CD0C01708BD9C467EE76FF0090008BD5B
:104950004FF070626BE74FF0EB7268E7184A66E75A
:104960004FF4000263E76FF00B0008BD9E4674E74A
:104970004FF0FF330B4800F16401836600F0D2FC76
:10498000DCE7034671E74FF0806250E70D4A4EE7DF
:104990004FF465024BE76FF0080008BD6FF00100AF
:1049A00008BD00BF00AF002090D0030040420F00C0
:1049B0000050270000C0750000903A0100A04E0092
:1049C00000B0130000F03A0070B51D4C064682B0EE
:1049D00020460D4600F0F4FC58B32A4631462046E6
:1049E00000F01EFF10F1100F26D0002821DB03215C
:1049F000204600F07DFE10F1100F1DD0002818DBBE
:104A000000230193204601A900F0C6FF10F1100F0A
:104A1000F8D078300DD0019B9D420AD80122084879
:104A2000114600F0B7FF002803DB0020256602B026
:104A300070BD4FF0FF30FAE76FF00100F7E700BFFD
:104A400000AF0020F0B51B4D064691B028460C463D
:104A500000F0B6FC58B306F06043B3F1005F15D028
:104A60008CB10025671B402F28BF4027711968466D
:104A70003A4604F0CFF9394668464035FFF7E2FF81
:104A800010B9AC42EED8002011B0F0BD0023224690
:104A90003146284600F09AFC10F1100F04D000288F
:104AA00005DB0020EC65EFE76FF00100ECE74FF06D
:104AB000FF30E9E700AF0020FFF7C4BFF2B110B547
:104AC00040F2FF1E043901EB820C51F8043FC3F39E
:104AD00008021B0E724508BF4FF0FF32032B04D8AB
:104AE000DFE803F0080A0602C2606145EDD110BD9F
:104AF0008260FAE70260F8E74260F6E7704700BFBD
:104B000010B50B4C04F16400D4E91512FFF7D6FF81
:104B100001460022204600F033FB002804DB00237E
:104B20001846E365236610BD6FF0010010BD00BF9D
:104B300000AF00202DE9F04F8468814685B0002C3D
:104B400000F0D28013F0020833D1CDF80480D9F8F8
:104B5000503013F0100502957BD132B30F46012679
:104B60008B180393D9F83C40B846D9F800B007F049
:104B7000604AA4B1012400F02DFFDBF85811D9F8E8
:104B80005030E1B9D80702D4DBF82011B9B900F0F0
:104B900029FFD9F83C40D9F800B0002CEAD1BAF18D
:104BA000005FE8D06FF015030293029805B0BDE8EE
:104BB000F08FC36B002B4CD001230193C7E7D9F8CA
:104BC00048100029BCBFDBF84C15C9F848103CB1AF
:104BD000D9E90F123C788C54D9E90F2102EB010876
:104BE000B8F1000F03D0CBF84485CBF84865082313
:104BF000CBF82051DBF82011CBF85851DBF85811D5
:104C0000CBF85051DBF85011CBF80035019B002B4D
:104C10004CD1CBF8086000F0E5FED9F8504004F024
:104C20000104DBF85811002937D1B4B9DBF82011A1
:104C300099B1DBF84C45DBF84415884551D1002C7F
:104C40004FD100F0C7FEDBF85821002A4ED100F00A
:104C5000C9FE4FF0FF330293A7E7DBF84C15DBF8F2
:104C600044158845DDD0002C3BD000F0B3FEDBF8C6
:104C700058213AB1D9F85020C2F30031D20458BFBC
:104C8000CBF8001500F0AEFED9F80830D3B1039B85
:104C900001379F427FF466AF87E7DBF84C35DBF8DE
:104CA00044158845DFD1002BDDD1CAE74FF48002DF
:104CB000CBF80423CBF8086000F094FED9F8083054
:104CC000002BE4D1D9F850301907E0D509F1500094
:104CD000D0E8EF3F23F00803C0E8E23F002AB8D055
:104CE000F6E7CBF80C60C0E7019430E7D9F8502024
:104CF000D304C2F30031AAD4CBF80015A7E700BF54
:104D000070B50D46D0F858110446EB6C21B9D9079F
:104D100024D4D0F8201109B3D5E90A3632BB4FF0BC
:104D2000FF326A641BB1C4F84435C4F848650023F7
:104D300008204FF480010122C4F82031D4F820511A
:104D4000C4F85831D4F85851C4F85031D4F850311F
:104D5000C4F80005C4F80413A26070BD4FF48002CB
:104D600043F00403EB64C4F8042370BD296C761A85
:104D70001944D5E90E039E4228BF1E46324604F070
:104D800049F84FF0FF32AB6B6A64002BCBD1CEE712
:104D9000F8B505462B6D046803F48223B3F5805FF4
:104DA000D4F8000240F08680D4F80463C4F80863A5
:104DB000002975D0D4F8003223F02003C4F8003263
:104DC0004FF4A11305F15007D7E8EF1F1943C7E8C7
:104DD000E01F0028F8D13AB9AB682BB1012363601A
:104DE0000020C4F80463F8BD354BC4F80833012330
:104DF0006360D4F84431002BFBD00023C4F84C315D
:104E0000D4F84C21C4F81031D4F81021C4F844313E
:104E1000D4F844212A6D12F4004246D0C4F84C3133
:104E20000521D4F84C210122E869C4F83405C4F8FE
:104E30003815C4F81031D4F81031E262D4F81031CA
:104E4000002BFBD00023C4F81031D4F81031D4F873
:104E50004C3163BB2B620023C4F84C31D4F84C3185
:104E600000F0B8FDD4F8583133B1D4F8043313F45A
:104E7000800308BFC4F8003500F0B4FD0023EB60E8
:104E80006B61D7E8EF3F23F47F0323F47043C7E857
:104E9000E23F002AF5D126F4202626F404769FE787
:104EA000830687D54FF480338CE72A62D8E7D4F89D
:104EB0003C35CFE709B100232B626FF07600F8BDD7
:104EC00010020A000023F0B50446C0F80831D0F8FB
:104ED0000831D0F800321A4F23F02003C0F8003216
:104EE00085B0C0F808730D46164600F073FDD4F87F
:104EF000583133B1D4F8043313F4800308BFC4F835
:104F0000003500F06FFD002305F14C02AB602B6112
:104F1000D2E8EF0F20F47F0020F47040C2E8E10FE8
:104F20000029F5D1D5E90012042400936846CDE9A3
:104F3000023301968DF80040904705B0F0BD00BFE8
:104F400010020A002DE9F84391F8303005460C466E
:104F50000868002B69D0D1E902EC4E6891F82C303A
:104F600094F82F2094F82D10002A53D194F82E2075
:104F7000A76A0A43296D012B41F0807129652968D0
:104F800042EA0302C1F82475C1F86C25C1F80C058A
:104F9000C1F8146504BFC1F808E5C1F810C54FF4A5
:104FA0007F02D2F83031BFF34F8FD2F83421BFF3F4
:104FB0004F8FBFF34F8FC3F30B03092B2B686BD0BD
:104FC000002194F83200C3F81011D3F81041C3F84F
:104FD0002011D3F82041C3F82411D3F8244143F31E
:104FE0000732C3F84411D3F844414001C3F85811C3
:104FF0008A42D3F85831C0B247DB5A498B1883F83C
:105000000003012302F01F008340520941F82230BF
:10501000BDE8F88394F82E200A431343A16A2A6856
:10502000C2F82415C2F86C35B9E72A6D42F0007158
:105030002965411C10D0410940F08C8001214A4F64
:10504000814007EB8006B960D6F80012474B0B4051
:1050500043F00303C6F800326668731C0CD0730972
:1050600006F01F0178D1404B03EB8103D3F80072A7
:105070003E493940C3F8001294F82C30D4F80CC0E3
:10508000012B33D0D4F808E06AE7394B02F00F0265
:1050900013441876BDE8F883D3F8682503F2645703
:1050A000012A08BFDA603A68012A89D10821C3F8C9
:1050B00000155A602F4B49F64046DFF8BC9043F08C
:1050C000010807E02D4B1868A9FB0030800CC04791
:1050D000013E02D03B68002BF4D100222B68D3F8AC
:1050E0008014C3F88014C3F8002569E742F02062F9
:1050F000BCF1FF3F2A650DD05FEA5C130CF01F0284
:1051000022D1194B03EB8203D3F80012174A0A404D
:10511000C3F80022D4F808E0BEF1FF3F11D05FEAE7
:105120005E1316D10122104F02FA0EF207EB8E0128
:10513000BA60D1F800220D4B134043F00303C1F8CD
:10514000003294F82C300BE70023803253F82230E1
:10515000FFDE00239B60FFDE0023803153F8213007
:10516000FFDE00BF00E100E000258450F0F8FCFF06
:10517000FCEC00E0C087000083DE1B4398AF0020FA
:105180002DE9F04F0C4690F84C1083B0002940F008
:10519000BF80814615460430502203F077FED4E9E3
:1051A0000423C9F83C30A369C9F80420002B69D155
:1051B000226AC9F84030042A58D894F83130002DBA
:1051C0005CD083F001063602002B48D10123D9F8C8
:1051D00000A089F84C30DAF84C21C9F80850002AB0
:1051E00057D121464846FFF7ADFE0823D9F80040C5
:1051F0000022C4F8003501230A270DF10701C4F885
:1052000044158DF80720C4F84825A360E36042499F
:10521000D4F858214148424B41F001015AB9006885
:10522000A3FB0030800C8847013FF0D16FF08B006A
:1052300003B0BDE8F08F0023C4F82031D4F820215A
:10524000C4F800351DB146F4202646F4047600204B
:10525000D9F80030C3F8046303B0BDE8F08FD9F883
:10526000503043F00103C9F85030AFE70023E26942
:10527000C9E9072394F83130002DA2D12E46002B26
:10528000A4D0ECE7226A013B042AC9F8403094D943
:10529000ECE70822204FCAF800254FF0640BDFF836
:1052A0008080CAF8043047F001070DE0DAF82431B5
:1052B0007BB91368A8FB03239B0C03EB8303580003
:1052C000B847BBF1010B14D0DAF84431134A002B74
:1052D000ECD00023CAF84C31DAF84C21CAF810316E
:1052E000DAF81021CAF84431DAF84421CAF8003556
:1052F00077E7CAF84CB1DAF84C31CAF810B1DAF8ED
:105300001031CAF844B1DAF84431CAF800B58DE773
:105310006FF07700A0E700BFC087000098AF0020C3
:1053200083DE1B4390F84C30002B40D030B5036B2C
:10533000044683B0002B37D10068A268C0F800355E
:105340000AB10B6963602046FFF7FCFD00220123D0
:1053500008200A2524680DF10701C4F800058DF81E
:105360000720C4F84415C4F84825A360E360114B36
:10537000D4F858111048114A43F0010349B10023F1
:105380001846C4F82031D4F82021C4F8003503B001
:1053900030BD0068A2FB0020800C9847013DE6D19B
:1053A0006FF08B0003B030BD6FF00F00EFE76FF0D0
:1053B00076007047C087000098AF002083DE1B4353
:1053C00090F84C00003818BF012070472DE9F047D5
:1053D000D0F80080002A00F08380876804468A465F
:1053E0001D461646002F36D0AF0750D10AF0604355
:1053F000B3F1005F1BD0E36B002B39D0680737D4C3
:1054000000F0E8FA236B002B49D10122236D2663BB
:1054100043F00203C4F82CA023654046211DFFF78A
:105420006FFC002400F0DEFA2046BDE8F087236D13
:10543000D90722D400F0CEFA236B23B3A36B73BB3E
:105440006B072CD5E36A03F06043B3F1005F29D00A
:105450004FF0FF34E6E7002BC6D1056B002D4CD191
:105460000263FFF767FB256304462046BDE8F0872B
:105470006FF00C042046BDE8F0876A072DD400F0D9
:10548000A9FA236B5BB90022C4E90BA6C5E72B463A
:10549000324651462046BDE8F047FFF74BBB6FF060
:1054A0000F04BFE70A25236DC4F834A043F01003AE
:1054B0002365A663124CDFF84C9044F00104D8F841
:1054C0005031114A7BB91068A9FB0030800CA0470D
:1054D000013DF4D16FF08B04A4E74FF0FF34C9E72E
:1054E0006FF00604C6E70023C8F85031D8F85031F1
:1054F000C8F844A5C8F8486593E76FF00F04B9E70A
:10550000C087000083DE1B4398AF0020F8B5046815
:10551000036BD4F80463C4F80863002B42D005463B
:1055200000F15003D3E8EF0F40F00800C3E8E20FAA
:10553000002AF7D10123E36019B90020C4F80463FD
:10554000F8BD2F6D1F40D4F85831C3B100F042FAB6
:10555000EFB1D4F858314BB1D4F8583133B12B6D89
:10556000C3F30032DB0458BFC4F8002500F03AFA58
:105570000023C4F82031D4F820212B63DDE7002F6D
:10558000E1D1D4F82031002BDDD000F023FAD4F89B
:105590002031002BEAD00123E360D4F85831002BEE
:1055A000FBD0D9E76FF07600C4F80463F8BD00BF04
:1055B0000268F8B54A4942F30733002B0446C2F8A3
:1055C00008130DDB012147485A0903F01F0320325D
:1055D00001FA03F340F82230BFF34F8FBFF36F8F10
:1055E000012220461146FFF7D3FB01212046FFF799
:1055F0008DFF226D2368D101D3F80C55D3F8140523
:10560000D3F80865D3F8107509D54FF0FF31C3F80A
:105610000C15C3F81415C3F80815C3F8101591013B
:1056200009D56B1C1FD1451C0BD1110103D57A1C68
:105630003BD1731C29D1002384F84C302365A3602F
:10564000F8BD00F01F03400944D1274901EB830155
:10565000D1F80002254B034043F00203C1F80032A9
:105660001101E8D5E3E705F01F036D0932D11E49AA
:1056700001EB8301D1F800521C4B2B4043F0020395
:10568000451CC1F80032D0D0DBE706F01F017609D7
:105690001BD1154A154B02EB8102D2F800120B40C8
:1056A00043F00203C2F80032C5E707F01F017F098B
:1056B0000BD10D4A0D4B02EB8102D2F800120B40C8
:1056C00043F00203C2F80032B3E70023803153F8FD
:1056D0002130FFDE0022803352F82330FFDE00BF8E
:1056E00010034A0000E100E000258450F0F8FCFFC0
:1056F000F0B50646054656F8504B85B0D6E8EF3F64
:1057000043F48052C6E8E02F0028F7D1DB047FD4B1
:105710004F0702D5EB69002B7DD0002208273F4BB5
:105720000803C4F808338B0303F4804300F40050EB
:105730004903C4F8007501F40041C4F81021034383
:105740000B43D4F81011C4F84C21D4F84C11C4F810
:105750004421D4F84421D6E8EF2F1A43C6E8E12FBC
:105760000029F8D1EB68002B30D0D4F804232B6D3E
:10577000510703D5AA680AB11A030FD4DB0402D477
:10578000002005B0F0BDD4F84C31002B3DD0AB6803
:10579000002BF5D0214BC4F80433F1E7D6E8EF3FF6
:1057A00023F40023C6E8E23F002AF7D100230621B4
:1057B0000093CDE901338DF8001003936846AA6881
:1057C000696890472B6DDB04DAD5DCE7AA6862B123
:1057D000CDE90033CDE90233032368468DF800306C
:1057E00069689047EB68002BBFD12B6DD804C7D5F3
:1057F000D6E8EF3F23F47F0323F47043C6E8E23F8B
:10580000002AF5D16FF00B00BBE701232360BEE750
:105810006FF00F00B5E74FF0FF30B2E710020A005B
:105820002DE9F0470568036DD5F8048313F480294A
:1058300084B0C5F8088340F0A980174601F06042A3
:10584000B2F1005F0E467ED1C26804460AB3826898
:10585000BAB16269002A40F096805B04C4E905672A
:10586000C5F83465C5F8387505D5D5F8003243F06C
:105870002003C5F800324846C5F8048304B0BDE8EB
:10588000F087D5F81021002AE3D0C5F81091D5F89B
:105890001031226AC4E90367AAB19742E16931D99C
:1058A000304603F0B7FA0022236A2262A36204F1B1
:1058B0005003D3E8EF1F41F40021C3E8E21F002AA0
:1058C000F7D1D4E90367A36AFF1A3344C5F8343526
:1058D000236DC5F83875DA04CDD55034D4E8EF3FE0
:1058E00023F48023C4E8E23F002AF7D101232B6090
:1058F000D5F84431002BBED00023C5F84431D5F88B
:105900004431B8E74FF0000A3A463046C4E903AAEA
:1059100003F080FA226AE069D21B2262C11903F007
:105920002BFAA268002AA6D0236D13F400530DD1E0
:105930000093039301236846CDE9016761688DF800
:105940000030904797E76FF00C0994E704F150039B
:10595000D3E8EF1F41F48021C3E8E21F002AF7D10A
:1059600001236846CDF800A0CDE901678DF800302D
:10597000CDF80CA0D4E90113984752462846211DC2
:10598000FFF7A0FA77E76FF00F0974E76FF0760979
:1059900071E700BFFFF7FCB983686BB90368D3F800
:1059A0000025082A0BD1D3F810217AB111B1D3F810
:1059B0003C350B60002070474FF0FF30704711B14D
:1059C000D3F83C350B606FF0770070476FF00F0035
:1059D000704700BF72B6024A136801331360704704
:1059E0003CB60020034A1368013B136003B962B65A
:1059F000704700BF3CB6002004207047002070476D
:105A00000020704700487047F487000008B500F098
:105A100035F8002818BF6FF0040008BD830710D1C7
:105A2000B0F5801F0DD8C0F58013B3EB820F10B511
:105A3000144603D300F03EF8204610BD6FF004007A
:105A400010BD6FF004007047B0F5801F034611D8F9
:105A500010B514460846C3F58011B1EB840F4FEA28
:105A6000820204D3194603F0D5F9204610BD6FF029
:105A7000040010BD6FF00400704700BFC0F30B03BB
:105A80009BB902234FF0FF31094AC2F88435C2F8AE
:105A900004350160D2F80034DB07FBD50023C2F8DF
:105AA00084351846C2F8043570476FF00C00704713
:105AB00000900350012310B50F4CC4F88435C4F88E
:105AC00004358AB1A1F1040CA0EB010E00215CF8B1
:105AD000040FD4F80834DB07FBD54EF80C00BFF3F5
:105AE0005F8F01318A42F2D10022034BC3F8842533
:105AF000C3F8042510BD00BF00900350003918BF43
:105B00000121003A18BF012210B40368084C890033
:105B100041EA42011C6359605A6842F001025A602E
:105B2000BFF34F8FBFF36F8F002010BC704700BFD3
:105B300004AAFF004B68024613F01F0034D112681C
:105B400030B514680D68C4F30724A5422AD25468FE
:105B50005060956091F810C023F01F030CF0010C09
:105B60004CEA030C8B7CDB0003F018034CEA030CBB
:105B70008B68013B23F01F0ECB68497C5B0049001A
:105B800003F00E0343EA0E0301F0060141EA0C01A3
:105B900043F00103D16013615460BFF34F8FBFF333
:105BA0006F8F30BD012030BD0120704703681A6837
:105BB00012F47F4FC2F3072C0AD000221146586816
:105BC00059609A6001329445D96019615860F6D1E4
:105BD000002070470722024BC3F80423704700BF20
:105BE00000300050094BD3F80801D3F800310038D9
:105BF00018BF012080000BB140F00100034BD3F827
:105C000004310BB140F00200704700BF003000507B
:105C10000022074BC3F80021D3F80011C3F8042178
:105C2000D3F80411C3F80821D3F80831704700BF36
:105C30000030005000231720094903F5C0720133DA
:105C4000202B41F82200F8D100231720044903F546
:105C5000E0720133202B41F82200F8D1704700BFD9
:105C60000030005010B4C90BB1EBD03F9DF8044098
:105C700010D343EA0423084C4FEAD03C43EA021015
:105C80005FFA8CF202F5C072614544F822000CF113
:105C9000010CF5D110BC70470030005010B401F178
:105CA000604100F160404FEA513CBCEB503F9DF831
:105CB00004400ED343EA0423074C410B43EA02108D
:105CC000CAB202F5E0728C4544F8220001F10101EC
:105CD000F6D110BC704700BF00300050C0F30E0377
:105CE000C3F50043B3FA83F3C3F11B03064AC0F3C1
:105CF000C730DBB240F4807043F48073C2F8000513
:105D0000C2F80435704700BF00300050C003704730
:105D1000C00300F5FF407F30704700BF0020704790
:105D20001F2070474FF40040704700BF00F57F40D0
:105D3000C0304003704700BF034602485B0318446D
:105D4000704700BFFF1FF81F402070475F2070475B
:105D50004FF40050704700BF054BC0F307300902F5
:105D600041F0300100F5007043F82010704700BF8B
:105D700000300050044BC0F30730090200F50070FA
:105D800043F82010704700BF0030005008B5FFF7FF
:105D900029FF0246034B16211A600348BDE808405C
:105DA000FEF7B6BC38C100200C8800000C22014967
:105DB00003F030B838C1002010B502F0B5F8044641
:105DC00008B1204610BD08F047F9044698B900F024
:105DD000CFF8A0B14FF6F77C0F4A2E21D3680F48B9
:105DE00003EA0C0343F0BF6343F40033D360FEF7D0
:105DF0008FFC204610BD45F22354204610BD3221B1
:105E00000748FEF785FC00F023F80028F3D10A21AB
:105E10000448FEF77DFCDDE700ED00E0648800004B
:105E2000248800005888000008B500F01FFA72B6F8
:105E300020BFFDE7034618B1002210461A707047D4
:105E40004AF2C530704700BF00207047704700BF5E
:105E500030B50024ADF5077D3C4B0DF1080C0FCBA0
:105E6000ACE807004FF4E072214616A8CDE90E44D5
:105E7000CDE91044CDE91244CDE91444ACF800302A
:105E800003F004F8022000F0BDF800283FD1042000
:105E900000F0B8F800283AD10D2202A916A808F09F
:105EA000FDF8002843D1202201AB06A916A808F06E
:105EB0003BF9044616A808F021F9019D84BB202D6A
:105EC0002ED1002838D1022006A900F083F804461C
:105ED000C8B904200AA900F07DF8044698B9014623
:105EE0002A4606A802F0D2FF2A460EA906A807F005
:105EF0007BFD044628BB022000F084F860B104203A
:105F000000F080F840B120460DF5077D30BD104807
:105F100003F038FA0F4CF6E70F4803F033FAF9E7CD
:105F20002A4621460D4803F02DFA0D4CEBE70146B9
:105F30000C4803F027FAF8E701460B4803F022FA71
:105F4000F3E70A4803F01EFAEFE700BFC889000034
:105F500094880000FE9AFEFFA0890000F4880000EB
:105F6000FD9AFEFFC8880000308900006C8900009F
:105F700008B5022000F046F820B9BDE8084004202A
:105F800000F040B808BD00BFF0B585B006460C462D
:105F900015461F4600F036F870B10C993A46039149
:105FA0000B993046CDE901510A9B8021009408F0FD
:105FB000DFF818B905B0F0BD0348FBE70146034818
:105FC00003F0E0F90248F5E7FF9AFEFFD8890000E8
:105FD000FC9AFEFF10B50B466FF00302064904461B
:105FE00008F0C4F800B910BD02462146034803F08A
:105FF000C9F9034810BD00BF00148450208A000076
:10600000FE9AFEFF584A594B30B5C100441CC2F8F5
:1060100000450B44EFF3108E4FF47F0CDCF8302179
:10602000BFF34F8FDCF83441BFF34F8FBFF34F8F77
:10603000C2F30B02092A7BD04FF47F021C68D2F80E
:106040003031BFF34F8FD2F83421BFF34F8FBFF3FE
:106050004F8FC3F30B03092B63D0013405D000220B
:10606000414B0120C3F8002530BD01F57F0101F54A
:106070000441EFF310844FF47F02D2F83031BFF3C4
:106080004F8FD2F83421BFF34F8FBFF34F8FC3F33D
:106090000B03092B63D04FF47F020968D2F830312B
:1060A000BFF34F8FD2F83421BFF34F8FBFF34F8F21
:1060B000C3F30B03092B4CD00131D0D14FF47F0235
:1060C00000012B4C831803F508430444EFF3108CB4
:1060D000D2F83011BFF34F8FD2F83401BFF34F8F96
:1060E000BFF34F8FC1F30B0109292DD01868D2F8E7
:1060F0003011BFF34F8FD2F83451BFF34F8FBFF33E
:106100004F8FC1F30B01092917D0013003F10403AC
:10611000A5D1A342DAD10023134A1846C2F80035AC
:1061200030BDBFF34F8FBEF1010F96D062B694E73A
:10613000BEF1010F80D072B67EE7BFF34F8FBCF186
:10614000010FE2D062B6E0E7BCF1010FCED072B62B
:10615000CCE7BFF34F8F012CAED062B6ACE7012C79
:1061600099D072B697E700BF009003500484FF00F7
:106170001088FF0010B40446034A044B002014604A
:10618000196010BC704700BF48C1002044C1002006
:106190002DE9F04FD0E90712D0E90565D0E90EBA34
:1061A000476A304C8BB02368D0F828C0D0F82CE078
:1061B000D0F8308001920297426B076DCDF80CC089
:1061C000CDF810E0CDF81480D0E912ECD0E91098A9
:1061D000C3E907C7C3E9058EC3E9012BC3E903A9D6
:1061E000C3E90965019A029FDDF80CC0DDF810E0F3
:1061F000DDF81480D9621A635F63C3F838C0C3F84E
:106200003CE0C3F84080816ED0F858C0D0E91775E3
:10621000D0E91C62C3E915C7C3E91765C3E91912C0
:10622000EFF388825A64EFF389814268C3E912125E
:10623000EFF39481026819651A6707A8FFF7B6FDA6
:106240000122236807980849D8660C681A70640808
:10625000640020462146224623460CF02FFF0BB057
:10626000BDE8F08F48C1002044C1002000B5A1B0B6
:1062700001A8FEF79FF9029B33B15B0604D4019B92
:1062800023F00203052B02D021B05DF804FB054B7F
:106290001B68002BF8D001A8FFF77AFF21B05DF84A
:1062A00004FB00BF44C10020BFF34F8F0549064BDC
:1062B000CA6802F4E0621343CB60BFF34F8F00BFA4
:1062C000FDE700BF00ED00E00400FA050346012BE6
:1062D000084604D0042B08D023B103207047114690
:1062E00000F064BC114600F0DFBB70B5D1E900538B
:1062F000082B20D15468042C1DD14FF0FF331668B1
:1063000029683360B9B16B68ABB1262374220120D0
:1063100000F0E0FD78B9224623230120696800F0EF
:10632000D9FD044638B9D5E90001FFF723FF03463C
:106330002046336070BD022070BD00BF034650B1DF
:106340004FF4782C4FF4804101220020C3F800C0A4
:1063500059601A7270474CF2DA207047034650B108
:106360004FF4682C4FF4005101220020C3F800C004
:1063700059601A7270474CF2DA20704700F06EBA1A
:106380000B46042B114607D1012812D0022806D053
:1063900050B14CF25A30704743F65C2070471A46B1
:1063A0004FF4BC7000F022B91A464FF4B87000F0F8
:1063B0001DB91A464FF4BA7000F018B970B501282B
:1063C00005460C4682B006D0022840D048B34CF2B5
:1063D0005A3002B070BD01AE042231464FF4BA709B
:1063E00000F004F90028F4D1019B591C48D09C42CC
:1063F00043D3042231464FF4BA70019400F03CF9C3
:106400000028E6D1324604212846FFF7B9FF0028CC
:10641000DFD143F65C23019AA24218BF184602B0AE
:1064200070BD01AE042231464FF4B87000F0DEF8C2
:106430000028CED1019B581C22D09C421DD304229F
:1064400031464FF4B870019400F016F9D8E701AE68
:10645000042231464FF4BC7000F0C8F80028B8D1CF
:10646000019B5A1C0CD09C4207D3042231464FF4A6
:10647000BC70019400F000F9C2E74AF2C530A8E709
:1064800045F2A350A5E700BF10B50128044682B02D
:1064900006D002281ED0A8B14CF25A3002B010BD6E
:1064A00004224FF4BA700DEB020100F09FF80028AF
:1064B000F4D101994B1C15D020460131FFF77EFF26
:1064C00002B010BD04224FF4B8700DEB020100F0D1
:1064D0008DF8ECE704224FF4BC700DEB020100F0E4
:1064E00085F8E4E745F2A35002B010BD022909D9AE
:1064F000083902290ED84CF25A330028ACBF18468E
:10650000002070474CF25A33B0F5807F14BF184614
:10651000002070474CF25A30704700BF022805D85F
:1065200021B100F108030B60002070474AF2C5302A
:10653000704700BF2DE9F04FDFF8788083B0D8F8BE
:10654000043014460746019198471B4BD8F8142095
:10655000C0F341004FF0000B184D13F8209000924B
:1065600008E032462946D8F818309847002818DB4A
:106570005C451BD90BF18003A34294BF4FF0800A06
:10658000A4EB0B0ABAFBF9F62946009B0BEB0700BC
:10659000324698470146019B00290BEB0300D34488
:1065A000DFDA43F65C2003B0BDE8F08F002003B0D3
:1065B000BDE8F08FC8870000548A00004CC100205D
:1065C00008B5094B4FF47120DB69984748B9BDE81D
:1065D00008404FF480524FF471214FF47020FFF7C0
:1065E000A9BF43F65C2008BDC88700002DE9F0472D
:1065F000DFF87C9082B0D9F804300446884615460E
:1066000098471C4BC0F3410013F82070B4FBF7F619
:1066100007FB164606BBDDB1B5FBF7FA04F570249F
:10662000414620465246D9F81490C847002819DB45
:1066300007FB0AF7ED1B0BD00122E01901A9C8479F
:1066400000280FDB2A4601A908EB070002F0E2FB55
:10665000304602B0BDE8F0874AF2C536304602B097
:10666000BDE8F08743F65C26304602B0BDE8F0870F
:10667000C8870000548A00002DE9F04F861806F6FE
:10668000FF7306F58052C3F30B03A2EB030B0BF170
:10669000FF3489B0B4F5805F049132D86A4D20F49C
:1066A0007F6A6A688046904707460422674BC7F3B3
:1066B000410713F827306D69B2FBF3F2644807A96C
:1066C00002930195A847079A2AF00F0A931C02F13A
:1066D000010208BF01220792C4B10BF56F2B0AF526
:1066E00070290BF6FF7BD9454F464AD2564BDD69E0
:1066F00001E0BB4545D93846A84707F58057002833
:10670000F7D043F65C2009B0BDE8F08F4E4B4FF454
:106710007020DA6990470028F3D10AF57029B9F59D
:10672000702F4F4638BF4FF4702BDFD34FF4BE723B
:106730004FF470214FF47120FFF7FCFE0028E2D1E6
:106740000424029B434DB4FBF3F4294622464048FF
:10675000019B9847B6F5BE7F02D9B8F5C07F5BD3E1
:10676000042207A93B4802F055FB374B22469B69A0
:1067700038493948984708B18442C2D1FFF720FF11
:10678000C1E7B4F5BE7FA34628BF4FF4BE7BD34517
:106790003ED92D4B2F4F9B69059403930CE048463F
:1067A0002A463946039B9847A2440AF5702908B146
:1067B0008542A6D1D3452AD90AF18002934528BF44
:1067C0008024029B38BFABEB0A04B4FBF3F53946D7
:1067D0002A46019B0AF571209847564504EB0A02A8
:1067E000DDD99045DBD2D045414638BF5146049BA8
:1067F000A1EB0A00964294BFC1EB0602C1EB020274
:10680000A1EB08011944384402F004FBC7E7059CDA
:10681000B4F5BE7F94D289E7B8F5BE7F434638BF52
:106820004FF4BE73049AA3EB08010A441146B6F56F
:10683000C07F94BFC3EB0602C3F5C072A3F5BE735D
:10684000E81802F0E7FA8BE7C8870000548A0000D6
:106850007C110F004CC100207C010F00F0B5524D9F
:1068600089B00020AB68984700287BD1042202A998
:10687000FFF7BCFE044610B1204609B0F0BD04226B
:106880004FF4BE7003A9FFF7B1FE04460028F3D110
:10689000464B029A9A4203D1039B013B033366D9CC
:1068A0006B6898470346424CC3F3410304224FF4FC
:1068B000805006A954F82360FFF798FE044600288C
:1068C000DAD1042241F27C1007A9FFF78FFE0446BB
:1068D0000028D1D1354B069AE9699A424FF47020CD
:1068E000019111D1079B013B03330DD8019B9847C0
:1068F000002837D14FF480524FF470214FF47120AB
:10690000FFF718FE0446B7E7019B9847014648BBCE
:106910008022284802F0BAFA8023F6B2B3FBF6F6DA
:10692000AD69244F04F57020324639468034A847BB
:10693000B4F5805FF6D3FFF743FE044600289BD1F1
:106940001A4B042204A90493FFF796FE50B90123C1
:1069500004224FF4BE7005A90593FFF78DFE04468F
:10696000002889D043F65C24204609B0F0BD0422FB
:1069700041F27C1007A9FFF739FE044600287FF496
:106980007BAF079B5A1E033208D8039A934205D364
:1069900002337FF471AF012A7FF46EAFFFF710FE70
:1069A000002818BF044667E7C88700001281DEC0D0
:1069B000548A00004CC10020FFF750BF0B4611461F
:1069C0001E2811D8DFE800F013101A21282F363DB9
:1069D000444B5259101010101010101010101010BD
:1069E00010101010106068004CF25A307047202BC5
:1069F00028BF202304201A46FFF7F8BD202B28BF0C
:106A0000202324201A46FFF7F1BD042B28BF0423BE
:106A100044201A46FFF7EABD042B28BF0423482070
:106A20001A46FFF7E3BD202B28BF20234C201A462F
:106A3000FFF7DCBD202B28BF20236C201A46FFF770
:106A4000D5BD042B28BF04238C201A46FFF7CEBDEA
:106A5000202B28BF202390201A46FFF7C7BD202BEC
:106A600028BF2023B0201A46FFF7C0BD202B28BF27
:106A70002023D0201A46FFF7B9BD202B28BF2023A2
:106A8000F0201A46FFF7B2BD402B28BF40234FF439
:106A900088701A46FFF7AABD202B28BF20234FF489
:106AA000A8701A46FFF7A2BDF8B543680C2B1FD19A
:106AB0004B68042B1CD14FF0FF3304680D6821682C
:106AC0002B60A9B1A2689AB10623012000F002FA56
:106AD00070B96168304B99420CD9A2682F488B1865
:106AE00083420FD92E48814202D92E48834210D9C1
:106AF0000220F8BD2C4B9942FAD9A26809338818B4
:106B00009842F5D8206802F085F9002318462B60DA
:106B1000F8BD41EA02039B0726683AD1002AF4D067
:106B20000B1D301F4FF47F019B1B15E03668D1F819
:106B30003021BFF34F8FD1F83471BFF34F8FBFF3C4
:106B40004F8FC2F30B02092A1CD0A26840F8046FD1
:106B5000043AA260002AD8D01E18EFF3108CD1F8A6
:106B60003021BFF34F8FD1F83471BFF34F8FBFF394
:106B70004F8FC2F30B02092AD8D1BCF1010FD5D037
:106B800072B6D3E7BFF34F8FBCF1010FDDD062B611
:106B9000DBE70320F8BD00BFFF01FF002C02FF0070
:106BA0000781FF000084FF002F01FF0043680C2BCA
:106BB00011D14B68042B0ED110B4012400680A686F
:106BC00003681460013303D102238068136020B18D
:106BD000022010BC70470220704710BC1060704744
:106BE000FFF722B930B5144685B028B30D46E9B990
:106BF00040F60D2211480DF10E030DF1060CADF813
:106C00000E2004F00F02825C240903F8012D634575
:106C1000F7D147F630030C2101A8ADF80430FDF799
:106C200077FD002800DB284405B030BDFDF770FD7E
:106C3000051EDDDA2846F7E70546D9E7608A000039
:106C400000B5194B83B083F30A88184800F07CFA2A
:106C500038BBFFF7B1F820BB23211548FDF758FDDD
:106C6000FFF7AAFEE8B90DF10700FFF7E3F8C0B996
:106C70009DF807308BB9FFF7E9F800F0B9F8352136
:106C80000C48FDF745FD00F065FB00F09DF800DFC6
:106C90007047002003B05DF804FBFFF7D5F800282B
:106CA000E9D0FFF79DFFF0E70004002040B6002088
:106CB000708A0000948A000070B52DE91F1072B62A
:106CC000BFF36F8F00F04CFFEFF30B856E4600288B
:106CD0001FBF002282F30B88854681F30B8862B6C2
:106CE000BFF36F8FB6E81F10E04772B6BFF36F8F28
:106CF00000F05EFF4FF0000282F30B88B54685F38B
:106D00000B8862B6BFF36F8F70BD00BF402010EAE2
:106D10000E0024D001B5704600F05CFFBDE80440D1
:106D200088421CD072B6BFF36F8FEFF309821EF05A
:106D300020031CBF22E9F00F083A80E80440B1E8C4
:106D400004401EF020031CBF0832B2E8F00F0B68AD
:106D500082F3098883F30B8862B6BFF36F8F7047A5
:106D6000EFF308807146EFF30982EFF30B830CB465
:106D700006B400F099FF8646009900F0080001F083
:106D80000801401A02DC12DB04B070471EF0200339
:106D90001CBF2DE9F00FBDF1080D0A4C2546264613
:106DA0002746A046A146A246A34630B4704704B089
:106DB00030BC1EF020031CBF1DF1080DBDE8F00F14
:106DC00004B07047A5EDF5FE00216020074BDA689E
:106DD00082F07F4282F47F0242F48042DA601976C8
:106DE0005976D976D97783F82200704700ED00E014
:106DF000704700BF009A0A4B9A420FD1012290437C
:106E000001460246034604460546064607468046B6
:106E1000814682468346844686460447FEE7000054
:106E2000A5EDF5FE00283FD02DE9F8430B4651B300
:106E30008268016A12F4406F14BF0122002242F0FE
:106E4000020206461A6061B30024DFF8648025461A
:106E5000DFF8609000F1380703E0A94204F10C0468
:106E60001FD9D6E9063202EB420207EB830303EB9C
:106E7000C2031A19926801351207EED51B59434512
:106E800005D04B4503D043F6DA30BDE8F8831868E7
:106E90000028E2D00121FEF75FFF316A0C34A942DD
:106EA000DFD80020BDE8F88343F6DA30704700BF32
:106EB000A8AF0020A0AF0020EFF3148381F00201FF
:106EC000C1F3400161F3000383F31488BFF36F8FB4
:106ED00000207047002A00F0A7802DE9F0410D4600
:106EE00021B3144603F00602062A23D09A071DD5C3
:106EF00008269B0648BF46F01206870758BF46F093
:106F00000406C10709D5EFF39483DA074CBF46F0B6
:106F1000040626F0040646F01206324621462846AC
:106F20000CF01CF840B10020BDE8F0814CF2DA20F2
:106F3000BDE8F0810126DCE745E800F32C441F0E94
:106F40001B0204F1FF3141E800F24FEA126002D463
:106F50006FF07F00E8E71302FAD58742F8D045E8E2
:106F600000F841E800F10F0EFEF7D8FE4FEA18686E
:106F7000804503D3FEF7D4FE874231D9FEF7E4FE05
:106F80008045E5D3FEF7E2FE8742E1D84046FEF7B2
:106F9000D3FE0346C5F101012846324619440BF0E1
:106FA000DDFF0028D4D008F101050DE02846FEF7EA
:106FB000BDFE8046FEF7CCFE324601464046013516
:106FC0000BF0CCFF0028C3D0AF42EFD83846FEF715
:106FD000ADFE3246211A0BF0C1FF0028A3D1B7E75E
:106FE0004046FEF795FE0346C5F1010128463246AC
:106FF00019440BF0B3FF0028AAD008F101050DE0F9
:107000002846FEF783FE8046FEF78CFE3246014698
:10701000404601350BF0A2FF002899D0AF42EFD8CF
:107020003846FEF773FED4E700207047F0B501251F
:1070300087B03A48FEF7BAFD00224FF44076384C4C
:107040008DF816202368354801932B442360354B77
:1070500001A9DA681B690495ADF8146002920393E4
:10706000FEF768FD002855D123688DF816000193BE
:10707000013323602C4B294802932C4B01A9049522
:10708000ADF814600393FEF755FD002842D1236844
:107090008DF81600019301332360254B1F4802939E
:1070A000244B01A90495ADF814600393FEF742FD4B
:1070B00000282FD140F20116022723688DF8160010
:1070C0000193013323601C4B144802931B4B01A90D
:1070D0000393ADF814600497FEF72CFDD0B9236834
:1070E000174A019301332360164B8DF8160001A94E
:1070F0000A48CDE902230497ADF81460FEF71AFDA3
:10710000044638B92A4629460448FEF7F7FC2046CB
:1071100007B0F0BD43F6DA3007B0F0BD9CAF0020F9
:1071200048B60020CC8A0000C08B00004036010029
:107130008031000060400000201C0020202D002035
:10714000001C0020201C002010B5044600F062F84E
:1071500000F070F840B900F0A3F828B9FFF766FF17
:1071600010B90223236010BD43F6DA3010BD00BF12
:10717000884208D0830704D581F00201C1F34000A2
:107180007047012070470020704700BF08B5FEF728
:10719000FDFDFEF73DFD0A4B5B68103B1A060AD465
:1071A0000121DAB25309074802F01F02603301FAE5
:1071B00002F240F82320BDE80840FFF711BD00BFF0
:1071C00000ED00E000E100E0EFF30880EFF309815B
:1071D0002DE9F00F6B467246FDF7F2F908B0FFF7A4
:1071E000D5FFFEE70020034BD8765A6A42F470229E
:1071F0005A62704700ED00E00349044BCA68002062
:1072000092B21343CB60704700ED00E00800FA052E
:1072100000207047064BD3F8D02022F00102C3F8BB
:10722000D020D3F8D02042F00202C3F8D02070471B
:1072300000ED00E030B5012483B0FEF7FBFC134DF8
:1072400022460523002012490094FEF70BFD22463A
:1072500007234FF000500F490094FEF71FFDA96867
:107260006868072300220094FEF7FCFC0723002235
:1072700009490A480094FEF711FDD5E903010139D7
:10728000FEF72CFD002003B030BD00BFCC8A00000B
:10729000FFFF0300FF5F0120FFFF032000600120CC
:1072A00038B5134C04F1740554F8040F0021FEF7AF
:1072B00061FDAC42F8D1002001214FF47F020D4B5B
:1072C000C3F88004C3F88414C3F8C004C3F8C4141A
:1072D000D2F83031BFF34F8FD2F83431BFF34F8F34
:1072E000BFF34F8F40F20112034BC3F8402538BD66
:1072F000DC8A0000003000500090035000224FF064
:10730000FF300D4B02F1A0010132102A43F8210099
:10731000F8D1D3F88022002022F00802C3F880229E
:10732000D3F88022D3F8802222F40072C3F880229E
:10733000D3F88032704700BF00E100E008B5FEF7E7
:1073400049FC0822024BC3F880211A60002008BDC6
:1073500000E100E00122014B1A6070474CB60020AA
:1073600010B504460C4A062312686168526852F848
:10737000140C2289FFF7AEFD18B9084B1B68012BCE
:1073800003D06FF08603236010BD00F023F96FF087
:107390008603236010BD00BFF0B600204CB600206D
:1073A00038B50446EFF3108572B6436BC3B104F1F0
:1073B0003402114603F18402D3F88430002BF8D153
:1073C0000868D0F884300B60636B13B185F31088C4
:1073D00038BD236923F00403236185F3108838BD89
:1073E000FFF7FEFB636B002BE1D11B68FFDE00BFE4
:1073F00030B58646EFF3108572B6806B08B34FF058
:10740000000C64460EF1380283681B685B69994280
:1074100008BF144600F18002D0F8800008BF0CF1CC
:10742000010C0028F0D164B12068BCF1010FD0F844
:107430008030236005D1DEF8103023EA0103CEF856
:10744000103085F3108830BD70B40C4E75689DB156
:1074500001462B46002403E098681C4650B10346C1
:107460001A6852688A42F7D11CB19A687360A260A8
:107470009D60184670BC70472846FBE7D0B60020D8
:1074800038B52AB10B689B68DB0517D5002038BDDD
:107490000D4B04461B685D68182D12D055F8182C4A
:1074A000906958B10023343202E00133834203D0A3
:1074B00052F8041FA142F8D19842E7D16FF0FC00C6
:1074C00038BDFFF78DFBE9E7F0B600202DE9F0436A
:1074D00083B000294AD00C46610047D52C4B90461A
:1074E00004F01F0253F82250002D3FD02B68DFF824
:1074F000A49007465868D9F800305E68182E3BD033
:1075000056F8183C29469B6813F4406F14BF0122BB
:107510000022FFF7B5FF0646002832D12B68C4F3DE
:1075200007249A6852051ED5DB689C421ED100F0E4
:10753000E1FC044640B3302200210C3001F0A6FCEF
:10754000D9F8003020465B68A560183B6360C4F83A
:10755000148000F0A5FC0023206123603C603046CD
:1075600003B0BDE8F083DB689C42E0D96FF0800691
:10757000304603B0BDE8F0830190FFF731FB01987E
:10758000BEE76FF08106EAE76FF08206E7E700BF2B
:1075900050B60020F0B6002010B500F093FC044671
:1075A00000F0AEFC88B90A4B1B685B68182B03D04F
:1075B00053F8183C03B15868A3685B681B685B68A4
:1075C000834218BF0024204610BD0024204610BD71
:1075D000F0B60020054B1B685B68182B04D053F8ED
:1075E000180C10B14068704700207047F0B60020BA
:1075F000084B10B51B685C68182C08D054F8183C70
:107600009B6813F4406F14BF0120002010BDFFF7EA
:10761000E7FAF3E7F0B6002038B5054678B90B4B2A
:107620001B685B68182B0ED053F8184C2CB164689B
:10763000B5EBD47F01D0FFF7D3FA204638BD00F078
:1076400019FC0446F4E70446204638BDF0B6002095
:107650002DE9F04100F03EFC0023144E144FDFF8FA
:10766000548073607B6000F00FFC03E029462046E5
:1076700000F0E6F9304600F01FF8044690B13946B4
:107680008023424600F0C2F80546204600F02AF961
:10769000214651F8040BFFF7C5FB0028E6D0FFF7A1
:1076A0009FFAE3E7BDE8F04100F02EBADCB6002017
:1076B000D0B6002050B60020F8B50646002800F0ED
:1076C00098804D4F3C6814F1310F00F28F804B4A87
:1076D00004F1300311688B4280F08880E269A3696D
:1076E00002EB42020E3303EB4203226A02EB420238
:1076F0001344626AC2EBC20213449B00E31801D236
:10770000994201D2FFF76CFA23683D491A0C120422
:107710008A4251D19BB2B3F5817F5FD26368002B5F
:1077200061DBD4E90A239A4251DCA36813F4406F69
:1077300020D0A36A002B04DAE26A002A01DA93421D
:1077400001DDFFF74DFA756815B913E0ED6B8DB1EA
:107750002B689A6812F4406FF8D0E16A9A6A9142F5
:10776000F4DBA26ADB6A9A42F0DCFFF739FAED6BD0
:10777000002DEDD1234A244B1568196805F140030B
:107780008B42136020D8E269A36902EB42020E33F8
:1077900003EB4203D4E9081201EB41010B44C2EBB5
:1077A000C20213443A682C6002EB830273682846D5
:1077B000EB633A607560F8BDFFF712FA23689BB27D
:1077C000B3F5817FAAD309E0FFF70AFADBE7FFF7F9
:1077D00007FAA36813F4406FABD1CBE7FFF700FAC9
:1077E0006368002B9DDAFFF7FBF99AE7002528462E
:1077F000F8BDFFF7F5F964E7B8AF00205C8B000037
:1078000000005F5FB4AF0020588B00002DE9F04FFF
:1078100085B0804689461746039300285AD0002930
:1078200058D0D8F800202D4802F13805D2E90631A9
:107830000468029205EB8305002945D0284B01EB33
:1078400041021B6804EB82029A42026036D8002C87
:107850003AD04FF0000B5E460020AB686A6913F423
:10786000007FC4E9005806F10106A0604BEA020B54
:1078700005F118055FFA83FA13D017B1039A802A2D
:1078800003D00193FFF7ACF9019B13F0E00F02D195
:1078900057F82A300BB1FFF7A3F9029BD96947F8D3
:1078A0002A40D9F80430B142A360C9F8044004F179
:1078B0000C04D1D8584605B0BDE8F08FFFF790F919
:1078C000029BD9690029C2D14FF0000B584605B080
:1078D000BDE8F08FFFF784F9A3E700BFB0AF002049
:1078E000548B0000704700BF002210B48368046806
:1078F0000B43A16883608B05426382634CBFE068E1
:10790000014810BC704700BF21DA000070B5064680
:10791000044656F8183B1546D3E90A0100F0A4FACC
:107920002268044BD4681E6000F022FB0346204608
:107930002B6070BDD8B6002038B544684078183C3C
:10794000EFF3108572B6E2682369134005D1002A6F
:1079500018BF022085F3108838BD042B06D00B60B9
:1079600000230520E36085F3108838BDA268520724
:10797000F5D42369606B23F004032361D0F88830C9
:107980000B600368022B02D000236363E8E700F07A
:10799000C5FAF9E7002838D082680346002A34D0B7
:1079A0001168002931D05268002A2ED010B5906B92
:1079B000496982B0C3F880009363EFF3108472B614
:1079C0001069014311611169D268114214BF6FF04F
:1079D000FD00002084F310885C688CB1EFF3108206
:1079E00072B623695B0703D582F3108802B010BD1D
:1079F0000423E36082F310886FF0FD0002B010BD35
:107A00000190FFF7EDF80198E8E76FF0800070470C
:107A10004368C0F888105A6BC0F884205863EFF3AD
:107A2000108172B61A69D86842F004021A611B69A3
:107A3000034214BF6FF0FD00002081F310887047EF
:107A4000F0B50026076804463D6B3B69BF68DFF868
:107A5000B0C02B44073500F1180E23F0070383B0A4
:107A600080F8287025F00705C7F3C02701AAC0F8E1
:107A70002CE08361436205625CF82730C66180F8C0
:107A8000296046859847236801469A68D3F818E02C
:107A900012F4007229D1D869A6694FEA800C0CF162
:107AA000130525F00705761BA661DD68B260154A4F
:107AB00037463560726068B138330CF10C0C03EB5B
:107AC0008E03B44406F10C021D69183342F8045BBE
:107AD0009445F9D1B0606FF00102019B676104F138
:107AE000280000F085F903B0F0BDA269DB68054805
:107AF000A2F11007A761786042F8103CBE60EAE787
:107B0000608B00007C33010038B50A4D0A4800F054
:107B10003BF9284600F09AF92B6804465B6853E964
:107B20000601FFF7C9F908B9204638BDFFF758F834
:107B3000204638BDF0B600203979000038B504463B
:107B40000D4648B1EFF3108372B62069284008BF94
:107B5000E56083F3108838BDFFF742F8F2E700BF15
:107B600038B5114B1B685C68183CEFF30583C3F311
:107B70000803ABB90D4BA2691B689C68A24202D9ED
:107B8000D9688A4205D91D6800F000FA28462146C6
:107B900038BD0024254600F0F9F92846214638BDB5
:107BA000FFF71EF8E6E700BFF0B60020D8B60020C9
:107BB00010B5044600F054FA00F0F0F914F1FE0F8D
:107BC00003D0022801D0204610BD00F0F1F9204674
:107BD00010BD00BF2DE9F84FEFF3108972B6DFF842
:107BE000C0A0DAF800305F68EFF30983820648BF6F
:107BF000283B3B6000F0CEF8DAF80030B8465D680C
:107C00000646183DA0F12804B8B1A54215D0EFF3FF
:107C10000982BB68283393423ED861686868FFF7E1
:107C2000A7FA78BBD6F804B06369D846CAF80060F2
:107C30003BB9FEF7D5FF636903E06369BB46002BE0
:107C4000F7D0184E1835AF42336001D0FEF7C8FFA9
:107C500004F118035B4501D0FEF7C2FFDAF80030EB
:107C60002834A34201D0FEF7BBFF5BF8042C336835
:107C70009A4201D0FEF7B4FF89F310883846414696
:107C8000BDE8F88F616856F8280CFFF715F9002851
:107C9000C8D0FEF7A5FFC5E7FEF7A2FFBDE700BF0E
:107CA000F0B60020001C002001F00C032DE9F0418B
:107CB0000C2B0CBF154605464A060C4601F008067B
:107CC00020D58B06B6FA86F158BF2835AB6949092D
:107CD00013F8026CC6F380139942374606F0A008E9
:107CE0001FD1B8F1000F11D1022E30D0032E2AD0AF
:107CF0000EB332461C212048FEF774FF6FF0830359
:107D00002B600BE0FEF76CFF8EB120273A461F2157
:107D10001A48FEF767FF6FF083032B602046BDE82B
:107D2000F081FEF75DFFB8F1000FDDD0EEE7FEF762
:107D300057FF2027EAE7FFF78BFC0446104821464F
:107D400000F01CF9EAE72846FFF70AFBE6E70D4AD0
:107D5000334611686A68496851F8140C2968FFF7BE
:107D6000B9F828B9D5E90001FCF7D2FC2860D5E7BD
:107D7000FEF736FFD2E700BF688B0000848B00005F
:107D8000F80B0020F0B60020014B1860704700BFD0
:107D9000E4B60020002370B5134A82B01468019342
:107DA000EFF3108672B6C4B1104D03E001280FD076
:107DB000A46894B120462B6801A99847C0B2052851
:107DC0006070F3D10199606800F0DCF80123637002
:107DD00086F31088204602B070BD002486F3108818
:107DE000204602B070BD00BFE8B60020E4B6002017
:107DF0009C4670B5134E134634680546624624B15E
:107E000090F800C02078604513D3AC603560686896
:107E100000F0E4F801210C4B69701A6822B129784E
:107E20001278914228BF35681D6070BD207860458A
:107E300003D2A646A468002CF8D1AC60CEF8085056
:107E4000E5E700BFECB60020E8B6002038B50546EF
:107E5000FFF7A0FF044600F0ABF805B12C606068A6
:107E6000BDE8384000F0F0B8014BC3E900017047AD
:107E7000F4B60020034BD3E900308342C8BF002092
:107E8000704700BFF4B6002008B500F065F8034B5A
:107E9000986000F067F880F3888808BD00ED02E084
:107EA000064A10B41368064C013303F00703001BA5
:107EB000591C01EBC00010BC13607047FCB60020D9
:107EC00000B7002018B1024B013803EBD000704717
:107ED00000B7002008B58C22082340F2AC410448CA
:107EE00000F0B0F900B908BDBDE80840FEF778BE63
:107EF00000B70020014800F0D9B900BF00B700204A
:107F0000014608B5044800F0EDF900280CBF6FF0F9
:107F1000FC00002008BD00BF00B70020014601485A
:107F200000F0D6B900B7002008B5FFF75BF978B9C3
:107F3000FFF762F960B9FFF76BF948B962B6FCF771
:107F4000FFFBFFF7DBF918B9FFF7F8F900B908BD37
:107F500043F6DA3008BD00BF014B1868704700BF18
:107F6000CC8A0000014B1B6818687047CC8A00005F
:107F7000014B1B6858687047CC8A000004460D46C8
:107F8000A546284703689962704700BF024801214F
:107F90000160BFF34F8F704744B600200349086863
:107FA00000220A60BFF34F8F7047000044B60020E4
:107FB00008480268002A08D107484FF08051016044
:107FC000BFF34F8FBFF36F8F704702220260BFF382
:107FD0004F8F704744B6002004ED00E02DE9F843D0
:107FE00004681E468368DFF85CC09046A4F1500226
:107FF0009A4244F808CC44F804CC05460F46A4F154
:1080000008041BD3A4F1480948220021484600F087
:108010003DFF00234FF080716FF0020244E9073307
:1080200044F8208C44F8087C44F80C6C44F8041C98
:1080300044F8143CC5E90092BDE8F883FEF7D0FD92
:10804000E0E700BFA5EDF5FE0368283383F3098858
:10805000836883F30B88BFF36F8F4068704700BF5E
:108060008230012800D9704708B5FFF7C1FA00B186
:1080700008BDBDE80840FEF7B3BD00BF042100B550
:1080800083B007200DEB0102FEF798FC40B9019B7D
:10809000072B06D8DFE803F01712050D05050508C4
:1080A000002003B05DF804FB4FF4C04003B05DF85E
:1080B00004FB4FF4405003B05DF804FB4FF4005054
:1080C00003B05DF804FB4FF48050EAE70E4B70B547
:1080D0001B6805465C680E4654F8102C183C0AB123
:1080E00002420DD0002E02DB2069284070BD2946D7
:1080F0002046FFF723FD002808BF6FF0FD0070BD8C
:10810000FEF76EFDEEE700BFF0B6002070B5044646
:108110000E4610B3431E03421FD11B4A06231168AB
:1081200030224D68314655F8140C183DFEF7D2FE4A
:1081300020BB2B69FBB12B69234219D0042C0FD033
:1081400021462846FFF754F90146D0B13022304687
:108150000C3100F05FFE002070BDFEF741FDDCE752
:108160002846FFF71DF90346D0F88800F36070BD7C
:10817000FEF736FDE2E7FEF733FDDCE7FEF730FD04
:10818000D7E76FF08B0070BDF0B60020F8B505465C
:108190000E46FFF701FA0446002844D0A768002FD6
:1081A0003ED0E368991C34D05A1C0AD1FEB116F1B6
:1081B000820F02D016F1830F2FD1022335462360A0
:1081C00018E0002B29DB002304F1280252F8041FD9
:1081D00019B1E16F106C194448600833202BF5D1B8
:1081E0003B6835469B689B0544BF0223236015F11D
:1081F000810F1BD0EFF3108672B629462046FFF799
:1082000007FC86F310882368022B1CBF0023236021
:10821000F8BD022323600025ECE7FEF7E1FCFAE756
:10822000FEF7DEFCBDE7FEF7DBFCB7E76369002B7A
:10823000E0DBFEF7D5FCDDE708B5FDF7F5FD6FF0F7
:10824000830008BD78B32DE9F84F1E4643B302F111
:10825000080703FB07FA0AF10C038B428B46914691
:108260001ED1804600240A46002100F00FFE08F1CE
:108270000C039C46A64600E0AC460EF1010E764586
:10828000CCF800400CEB07056446F5D10020AAEBC2
:10829000070A5344C8E90039C8F808B0BDE8F88FA8
:1082A0006FF0F800FAE76FF0F8007047034658B136
:1082B000006848B10022D0F800C004490830C3F873
:1082C00000C040E902217047704700BFAACCF0F01F
:1082D00010B400240268A1F1080341E9022410BC93
:1082E0000360704700F10C03994213D38268CB1AE4
:1082F0009A420FD942680832B3FBF2F002FB103306
:10830000082B07D151F8040C034BC01AB0FA80F0C7
:108310004009704700207047AACCF0F02DE9F04FDB
:10832000744C97B0CDE901300B0E246803930BB267
:10833000002B6768C1F30268C1F30249C0F2948060
:108340001646029A8B420D46D36000F0958008EBEA
:108350000903042B00F28880CB0F4FEA431B4FEA3E
:10836000C80431464BF00203224657F8140C03931D
:10837000FEF7B0FD183F0146002875D1202206A85F
:1083800000F084FD4FEAC90A3146224606A800F0F3
:1083900041FD5246019978684BF00603FEF79AFDBD
:1083A0000646002860D1014620220EA800F06EFD8E
:1083B000524601990EA800F02DFD2B0E13F0060F6A
:1083C0001ED04FF0010E06ABF0451C440DF1200C01
:1083D00010D963465CF8080CD3E900120A449042B5
:1083E00003F1080304D25CF8042C024491423BD30D
:1083F000A342F1D10EF1010EF0450CF1080CE8D8C2
:10840000029B15F0006403F12C0A4FF0100203F1F7
:108410001C00CDF810A033D1214600F037FD2146D5
:108420001022504600F032FDB8F1000F3AD0029B06
:10843000CDF814B006ACDDF80CB003F1180A0AE070
:10844000636846454AF8043F54F8083BCAF83000D0
:10845000CAF8203024D25B46626821687868013609
:10846000FEF738FD0028EBD06FF0800017B0BDE8B4
:10847000F08FDDE90123DA67002017B0BDE8F08F47
:10848000002100F003FD10220021049800F0FEFC02
:10849000B8F1000F26D022234FF0200B0393C6E73C
:1084A000DDF814B0BBF1000F1CD10026B9F1000FAC
:1084B000DFD0049D0EAC46F0060605EB890908E006
:1084C000636845F8043B54F8083BA945E863EB6250
:1084D000CFD03346626821687868FEF7FBFC00283D
:1084E000EED0C1E7002D03DBC5F3C0467601DDE722
:1084F0002026DBE7F0B600202DE9F04182B0984657
:108500000E4617460546FFF773F8FFF785F829462C
:10851000024601A8FEF7DAFF044618B1204602B071
:10852000BDE8F08143463A4631460198FFF7F6FE32
:10853000044628B16B00F1D50198FFF7EFFCEDE799
:108540000198FFF727FA044601222046019B1A6092
:1085500002B0BDE8F08100BF40F20110704700BFDB
:1085600070B50546FFF744F806462846FEF76CFF4F
:1085700048B10446014632462846FEF781FF10B94D
:108580002368D86870BD002070BD00BF2DE9F041A0
:108590001E4C0D4624681646D4F804801F46FEF78C
:1085A000FBFF044658B3E368002B25DB032D20D8DE
:1085B00004EB8504E569E36CED1A02D12846BDE8B9
:1085C000F08106233A46314658F8140CFEF782FC37
:1085D000C0B9BD4228BF3D46E36CE16B304619444B
:1085E0002A4600F017FCE36C28462B44E364BDE800
:1085F000F081FEF7F5FADBE7FEF7F2FAD6E7FEF7D1
:10860000EFFAD0E7FEF7ECFAE3E700BFF0B60020A0
:1086100070B50D461646FEF7BFFF0446B0B1E368DD
:10862000002B10DB032D0BD804EB8504E36CE06911
:10863000C01A04D0B04228BF30460344E36470BD82
:10864000FEF7CEFAF0E7FEF7CBFAEBE7FEF7C8FA53
:10865000E5E700BF2DE9F0411D4C0F4624681646A2
:1086600064681D46FEF798FFA4F11808044660B33D
:10867000E368002B26DB032F1BD804EB8704E36A97
:10868000E26E9B1AAB421AD302232A463146D8F82F
:108690000400FEF71FFC78B9E36EE06D31462A4610
:1086A000184400F0B7FBE36E00202B44E366BDE8FE
:1086B000F081FEF795FAE0E7FEF792FAECE7FEF7B5
:1086C0008FFAE1E7FEF78CFAD5E7FEF789FACFE7F4
:1086D000F0B6002000000100464154414C204552B4
:1086E000524F523A20000000486172644661756C36
:1086F000740D0A004D656D4D616E616765206661A0
:10870000756C740D0A0000004275734661756C74D7
:108710000D0A000055736167654661756C740D0A3A
:10872000000000005365637572654661756C740DD9
:108730000A000000526573657276656420457863AF
:10874000657074696F6E2000506C6174666F726D35
:108750002065787465726E616C20696E74657272E2
:1087600075707420284952516E293A20000000008B
:108770007947000095470000014B0000D5470000F5
:10878000B1470000B94A0000C949000099470000FC
:10879000BD470000C9470000E5470000A1470000B1
:1087A000A5470000AD4700001D00000010000002BA
:1087B0001C0000011100000304020202000000007E
:1087C0000338FDD87047000000000000F959000090
:1087D000FD590000015A000000000000495A000045
:1087E0001D5A00000D5A00000000000000000000AB
:1087F000055A000000000000000100000010000009
:108800000400000004000000FF000000506C6174D0
:10881000666F726D20457863657074696F6E3A0D8E
:108820000A00000057726974696E672072616E6495
:108830006F6D20486172647761726520556E697151
:108840007565204B65797320746F20746865204BC3
:108850004D552E0D0A000000537563636573730D4B
:108860000A000000416C6C2070696E7320686176AC
:1088700065206265656E20636F6E666967757265F7
:1088800064206173206E6F6E2D7365637572650D64
:108890000A0000004F6E65206F72206D6F726520B8
:1088A0006B65797320616C7265616479207365749E
:1088B0002E2043616E6E6F74206F766572777269D9
:1088C00074650D0A0000000054686520524E472070
:1088D0007365747570206661696C6564207769746E
:1088E00068206572726F7220636F64653A20256438
:1088F0000D0A000054686520524E472063616C6C7D
:10890000206661696C65642077697468206572729D
:108910006F7220636F64653A202564206F72207740
:10892000726F6E672073697A652025640D0A0000F6
:10893000436F756C64206E6F742066726565206E7F
:1089400072665F63633378785F706C6174666F72B0
:108950006D5F6374725F6472626720636F6E7465CB
:1089600078743A2025640D0A0000000054686520E0
:108970006B657920627974657320776572656E27FF
:108980007420636F72726563746C792064656C65C2
:108990007465642066726F6D2052414D2E0D0A0081
:1089A0004F6E65206F72206D6F7265206B657973F5
:1089B000206E6F742073657420636F7272656374C8
:1089C0006C790D0A00000000485720556E697175DA
:1089D00065204B65790000006E72665F63633378D3
:1089E000785F706C6174666F726D5F6B6D755F73CD
:1089F0006861646F775F6B65795F646572697665DE
:108A0000206661696C65642077697468206572729C
:108A10006F7220636F64653A2025640D0A000000C0
:108A20005468652048554B2077726974696E6720D9
:108A3000746F3A202564206661696C6564207769EB
:108A40007468206572726F7220636F64653A2025C6
:108A5000640D0A0001000000020000000400000094
:108A60003031323334353637383941424344454664
:108A70001B5B313B33346D426F6F74696E672054FA
:108A8000462D4D2076322E322E322A2A1B5B306D37
:108A90000D0A00001B5B313B33346D5B5365632073
:108AA0005468726561645D20536563757265206901
:108AB0006D61676520696E697469616C697A696E58
:108AC00067211B5B306D0D0A0000000000000400F0
:108AD00000000400FF7F0E00007C01000080010008
:108AE00000400050005000500080005000A0005096
:108AF00000B0005000E0005000F0005000000150B5
:108B00000010015000400150005001500070015011
:108B10000080015000B0015000C0015000D0015051
:108B200000E0015000F0015000000250001002501F
:108B300000200250003002500040025000600250FD
:108B40000080025000A00250009003500025845085
:108B500000A00350B4B1002084B10020CC0200007A
:108B6000E97800000D790000556E6B6E6F776E200E
:108B700053504D205356432072657175657374656B
:108B8000643A2000556E6B6E6F776E20535643200B
:108B90006E756D626572207265717565737465645A
:038BA0003A200078
:108BC000002383F300887047009A074B9A4208D12C
:108BD00010B500F08FF9FFF7F3FF06BC96460C4680
:108BE000744700F0CDF90000A5EDF5FE009A074BA3
:108BF0009A4208D110B500F085F9FFF7E1FF06BCF5
:108C000096460C46744700F0BBF90000A5EDF5FE52
:108C10000CB4029A084B9A420CD14FF0004319430E
:108C20000CBC10B500F076F9FFF7CAFF06BC9646FB
:108C30000C46744700F0A4F9A5EDF5FE009A044B2C
:108C40009A4202D103490868744700F099F900007C
:108C5000A5EDF5FE38310100009A034B9A4200D190
:108C6000744700F08DF90000A5EDF5FEFDF7B8BFE3
:108C7000EFF30880EFF309812DE9F00F6B467246A0
:108C8000FBF79EFC08B0FFF7F1FFFEE7FDF7A8BF7A
:108C9000EFF30880EFF309812DE9F00F6B46724680
:108CA000FBF78EFC08B0FFF7F1FFFEE7FDF798BF7A
:108CB000EFF30880EFF309812DE9F00F6B46724660
:108CC000FBF77EFC08B0FFF7F1FFFEE7FDF788BF7A
:108CD000EFF30880EFF309812DE9F00F6B46724640
:108CE000FBF76EFC08B0FFF7F1FFFEE7FDF778BF7A
:108CF000EFF30880EFF309812DE9F00F6B46724620
:108D0000FBF75EFC08B0FFF7F1FFFEE7F8B5154C86
:108D1000154DAC4208D2D4E90010A2680C34920080
:108D200000F078F8AC42F6D3104E114DAE4210D29E
:108D30000024013DAD1BED08371D57F8342056F8CF
:108D400034000021920000F0A1F8A54204F10104D2
:108D5000F3D10AF067F9BDE8F84000210846FDF7B5
:108D60006FBF00BF604000008440000084400000EE
:108D7000A4400000FEE700BF814201D300F04AB8E2
:108D80001346024401EB030C30B504460D46104671
:108D9000E646ABB14CEA0201890715D005E01EF0AA
:108DA000030F0FD01A1905EB030C1CF801EC013A64
:108DB0000CF1FF3C013B82F800E04CEA020EEED1E0
:108DC000204630BDE6461046032B15D97246191FC2
:108DD000AEF1040C21F00301ACEB010C851AA918CB
:108DE000964652F8040D944541F8040CF7D113F05F
:108DF0000303E5D09646081F7146AEEB0302451A01
:108E000011F8010C4B1901398A4203F8010CF7D112
:108E1000204630BDCAB310B540EA0104A40703469A
:108E20000CD004E043EA010C1CF0030F06D011F84B
:108E300001CB013A03F801CBF4D110BD032A17D9B5
:108E40008C46A2F1040E2EF0030E04318E44A3EBE7
:108E50000C03DCF8004043F80C4003EB0C040CF16D
:108E6000040CE645F5D112F00302E6D06146231D5D
:108E70008C461144A3EB0C039CF8002003F80C2053
:108E80000CF1010C6145F7D110BD704730B50C04F1
:108E900044EA01640C4344EA012472B183070DD013
:108EA00084465FFA81FE02E013F0030F07D06346A9
:108EB000013A03F801EB9C46F6D130BD0346032A84
:108EC00011D9A2F1040E2EF0030E03F1040CE644B6
:108ED0001D461C60634673450CF1040CF8D112F07A
:108EE0000302EAD02B1DC9B21A4403F8011B9A42AF
:108EF000FBD130BD024B1B685B689B68184700BF05
:108F0000001C0020024B1B685B685B68184700BFB1
:108F1000001C002010B4034C246864682468A44634
:108F200010BC6047001C0020024B1B685B68DB68BC
:108F3000184700BF001C0020024B1B685B681B69C0
:108F4000184700BF001C002010B4034C246864685C
:108F50006469A44610BC6047001C002010B4034C98
:108F600024686468E469A44610BC6047001C0020C3
:108F7000024B1B685B681B6A184700BF001C00207F
:108F8000024B1B685B685B6A184700BF001C00202F
:108F90000F2A24D930B589B00292124A0DF1100C73
:108FA00001911C460FCA10258CE80F000022634671
:108FB000042011460095FCF7E7FF60B980214FF4CB
:108FC000905325600C9C084A21800D990A600E9AE6
:108FD000138009B030BD43F65C2009B030BD43F6C4
:108FE0005C207047A8310100090100080346024ACD
:108FF00001201A60704700BFB83101000346024AE1
:1090000002201A60704700BFF83001002DE9F043DC
:10901000002685B00DF1040843460546CDE90266F9
:10902000019601F00F00105C090906F1010603F832
:10903000010BF6D10C4608EB060705F1040901E027
:1090400047450FD02B6817F8011D5A1C1F2A2B44C7
:109050002A601971F4D9202148462C6000F0A2F949
:109060004745EFD1304605B0BDE8F0832DE9F04F1C
:109070000026054685B0642A0846CDE901662C68BD
:10908000039634D00DF1040841460027DFF888E04C
:109090008446AEFB0023DB0803EB8302A0EB420215
:1090A0003032BCF1090F184607F1010701F8012B16
:1090B000EED84FF0000B08EB070905F1040A02E0B7
:1090C000C84510D02C68631C19F8012D2C441F2BA7
:1090D0002B602271F4D920215046C5F800B000F071
:1090E00061F9C845EED1F01905B0BDE8F08FB14285
:1090F0000F46C7DA2D22631C1F2B2C44227103D884
:109100001C4601267842BDE72846202140F8046B22
:1091100000F048F92B68F3E7CDCCCCCC2DE9F04733
:1091200000258AB00195002800F0158103780446D7
:10913000002B00F016810E462F46252B04F1010866
:109140005BD16278302A1BD0252A00F0F480583A8F
:10915000D3B2202B17D8202A15D8DFE802F09C14B0
:10916000141414141414141414877F141414147F76
:10917000141414141414CE1414A4149414143F00CE
:10918000A378322B4BD000245B22DFF8E89102E079
:1091900019F8012F92B1019B0134591C28336B44FB
:1091A0001F29019103F8202CF2D9202102A8019750
:1091B00000F0F8F819F8012F002AECD125444446B4
:1091C0002378002BB9D1019919B102A800F0EAF86F
:1091D000054428460AB0BDE8F0874D44664A56F873
:1091E000041B01A8FFF712FF054402342378002B6B
:1091F000E9D0252B04F10108A3D0019A511C283293
:109200006A441F29019102F8203C02D844460135E6
:10921000ECE7202102A8019700F0C4F8F6E7E37814
:10922000782B00F0A080582BADD156F8049B534A00
:10923000C9F3031101A8FFF7E9FE80464E4BA8448D
:109240004E4AE57809F00F01782D08BF1A4601A8AB
:10925000FFF7DCFE043408EB0005C7E7642256F88C
:10926000041B01A8FFF702FF0544BEE7019B56F867
:10927000041B5A1C28336B441F2A019203F8201C3C
:1092800062D80135B1E7752256F8041B01A8FFF733
:10929000EDFE0544A9E7394A56F8041B01A8FFF77B
:1092A000B5FE0544A1E756F8048B98F80020002A83
:1092B0009BD0C2464FF0000905E09AF801200AF160
:1092C0000103AAB19A46019B591C28336B441F29FC
:1092D000019103F8202CF0D9202102A8CDF80490A8
:1092E00000F060F89AF801200AF10103002AE9D1A0
:1092F000C8F10108D044454477E74FF00009302217
:10930000C846DFF87CA004E01AF8012F002A3FF4D9
:1093100064AF019B09F10109591C28336B441F29D3
:10932000019103F8202CEFD9202102A8CDF8048068
:1093300000F038F8E8E7019A511C28326A441F29E6
:1093400002F8203C01919CD90023202102A801931E
:1093500000F028F895E74CF2DA2528460AB0BDE877
:10936000F0871D4635E756F8049B034AC9F30311FD
:1093700060E700BFC8310100EC310100DC310100C1
:10938000C43101000FB400B583B004A951F8040B37
:109390000191FFF7C3FE03B05DF804EB04B0704722
:1093A00002DF7047FFF7FCBF00207047704700BF27
:1093B000014B1B68184700BFC4AF0020014B1B685E
:1093C000184700BFC0AF002010B40446034A044B46
:1093D00000201460196010BC704700BFC4AF0020AB
:1093E000C0AF00200246024B00201A60704700BF49
:1093F000BCAF002039B1044B0A4610B500211B68F0
:109400000446984710BD7047C8AF002010B5044609
:1094100028B121B1044B0A461B6800219847204619
:10942000BDE81040FFF7CABFC8AF00208A425FD036
:1094300001F0FE4CBCF1C06F70B46CD0BCF1A06FF9
:1094400047D0A44B994200F0D780BCF1407F45D172
:1094500002F0FE43B3F1407F40D182EA010333F4CE
:109460007E1342D19C4C0C40B4F1607F00F0E3804D
:10947000B4F1707F39D100F4E043B3F5005F34D12B
:1094800010F4E06F31D0944B12F47C1403EA020321
:1094900000F0D680B3F1607FC2F3054500F0FF8095
:1094A000B3F1707F00F00881002411F47C1FC1F338
:1094B000054300F0DC8012F47C1F02D1A34200F0CF
:1094C000AF8011F4004110D0AB428CBF00200120CE
:1094D0000CE002F0FE43B3F1A06F0BD021F000438B
:1094E00023F47F03B3F1106F42D0002070BC7047AB
:1094F0000120704782EA010333F47E13F5D111F4A1
:109500000043F2D0C1F30541C2F3054291428CBF42
:1095100000200120EAE7714C22F4875020F01F0060
:10952000A04222F0FF0C31D06D48844570D022F467
:10953000FF7020F00100B0F1062F73D004F5C06475
:10954000A44523D004F57454A0421FD0A4F584444C
:10955000A0421BD033B1634822F4FF6323F007031A
:10956000834239D070BC881AB0FA80F04009704745
:1095700002F0FE43B3F1106FB7D15B4B134043F0E1
:109580001063581AB0FA80F04009AFE7D0B2D0B1FA
:10959000534D21F4FF7020F00100A84221F0FF0498
:1095A0001FD005F58855AC421BD0504E21F47F7575
:1095B00025F00305B54214D04D4DAC4211D005F550
:1095C0007455A8420DD0002BCCD022F4FF7323F0A9
:1095D0000103B3F1062FBED122F4807221F4807111
:1095E000C0E711F0FF00EED0424D40F00070A842FD
:1095F00004BF62462146E6E7A3F500439A420FD036
:109600003D4822F47E12101AB0FA80F040096DE74E
:10961000D0B20028BCD16245BAD0002B9BD1A1E7C3
:10962000012063E7D0B20028B2D1B2F1062FAFD04B
:10963000002BD1D196E7B0F5885F7FF456AF22E7D3
:10964000B3F1607F18D0B3F1707F01D025462CE7CD
:1096500000F4E043B3F5005FF8D10125C0F3022325
:109660009D40000A012400F0070084401DE7601BB4
:10967000B0FA80F0400939E7204BD0B240F00070DA
:10968000984221D000F17E4004381128DED80346EC
:109690001B4C54F820501B4850F8234005E717484E
:1096A000D3B243F00073834211D003F17E43043BF5
:1096B000112B3FF6F9AEEEE700F4E043B3F5005F9F
:1096C0007FF4F2AE000ACDE710252C46EDE610241B
:1096D000EBE600BF0093C0040000C07F000300065B
:1096E00000020006004000060000FFF6000400062D
:1096F00000090006FF00000200014005030000020F
:10970000583201005832010000F0FE43B3F1A06F5F
:109710002FD1254A20F0FF0393422DD0234A9342B4
:109720001BD0A2F5885293422ED020F4FF7222F073
:109730000102B2F1062F23D01D498B4228D01D4BC8
:109740009A4229D0A3F584439A4229D010F4004FBD
:109750000CBF00206FF08600704710F0FF000AD0A9
:10976000154B40F00070984214BF00206FF0860047
:1097700070476FF08600704710F0FF00F0D170471F
:1097800010F0FF00ECD1704710F0FF00E8D17047F7
:1097900010F0FF00E4D1704710F0FF00E0D17047F7
:1097A00010F0FF00DCD17047000300060013000634
:1097B0000009000600460006FF0000022DE9F04304
:1097C00083B06C4684E8030094E803001D46164607
:1097D00002F02EFC0446A0B93768B7F8008008F400
:1097E000E043B3F5804FBB6808BF25F0010535EABB
:1097F00003030AD06FF0840400233846336002F07C
:1098000017FD204603B0BDE8F0830A9B002BF8D07B
:10981000B5F5006F1CBFA5F50055B5FA85F50A9A98
:10982000294B22F0FF020CBF01256D099A4224D07A
:10983000264B9A4221D0A3F588539A420A9B1DD009
:1098400023F4FF7323F00103B3F1062F15D0204951
:109850008A4212D01F4A93420FD0A2F5844293420B
:109860000A9B0BD003F0FE43B3F1407F24D10A9B47
:109870001B040BD56FF08604BEE70A9B13F0FF03B1
:1098800004D0154A43F000739342F3D02B46404670
:109890000A9AF968FFF7CAFD81460028B1D12B4624
:1098A00040460A9A3969FFF7C1FD4C460028A1D00D
:1098B000204603B0BDE8F083B3F1A06FD7D0064BCC
:1098C0000A9A9A42E2D1D5E7000300060013000687
:1098D0000009000600460006FF00000238B50379C3
:1098E00004460D463BB14369104A03F14043A3F5DA
:1098F000805393420CD804F1140393E8030085E8E5
:109900000300237F012B0AD102232377002038BDD7
:10991000D0E9091202F036FE0028ECD038BD002351
:109920006FF09600C5E9003338BD00BFFFDFFF3F91
:1099300000232DE9F041044645680F4628461146AC
:1099400084B01360D4F8148002F088FC064618B185
:10995000304604B0BDE8F081284602F081FC06469E
:109960000028F5D1EDB2002D38D1B8F1000F41D16A
:10997000A36823F0031020F47F4000283AD14FF66B
:10998000F87362889A4238D8237939466BB102F06D
:10999000EDFAF0B90FCC3D680FC594E8070085E8F3
:1099A0000700304604B0BDE8F08101A802F0DEFAFD
:1099B00078B90FCC3F68DDF804C03D460FC594E888
:1099C000070085E807003046C7F814C004B0BDE8BA
:1099D000F0810646304604B0BDE8F08104F114027F
:1099E00092E8030002AB012283E8030002F086FA4A
:1099F0000028BDD16FF08606AAE76FF08506A7E7BD
:109A000052B349B300F44F43B3F5824F26D1C0B2ED
:109A10001238302822D8DFE800F0502121212145DA
:109A2000212121212121212121211921212121400F
:109A300021212121212121212D212121212121210A
:109A4000212121212121212121242400E92903D0C0
:109A500040F21B13994241D1002070476FF08500FE
:109A60007047FF29F8D0B1F5E07F0CBF00206FF000
:109A70008600704721F02003C02BEDD021F0400379
:109A8000B3F5807FE8D0B1F5C07FE5D0B1F5007FB8
:109A90000CBF00206FF086007047E929DCD0EF2969
:109AA000D6D1D9E7C029D7D0E129D5D0B1F5807F6B
:109AB0000CBF00206FF08600704721F02003C02B00
:109AC000CAD021F08003B3F5807FC5D040F20923CE
:109AD00099420CBF00206FF08600704740F2991346
:109AE0009942B9D040F23B2399420CBF00206FF05D
:109AF0008600704700F0FE43B3F1407F2CD1344B19
:109B00000340B3F1607F2AD0B3F1707F24D101F418
:109B1000E043B3F5005F1FD111F4E06FC1F3022CF5
:109B20001AD010F47C1F0AD1012101FA0CF1CBB23A
:109B30000329137031D9202B2FD800207047C0F390
:109B40000543C0F3074010F03C0F137025D00122ED
:109B500002FA0CF29A42EED26FF086007047B1F52D
:109B6000885FF9D110F47C111AD0C0F30741C0F31B
:109B7000054311F03C0F13700FD0164AC0B240F0ED
:109B8000007090421DD000F17E4004381128E3D8C7
:109B9000114A52F82020DDE711706FF08500704700
:109BA0000C4BC0B240F0007098420DD000F17E40E6
:109BB00004381128F0D8094B1B5C032B1370E7D82D
:109BC000EBE7102BB9D9C7E710231370B5E700BF37
:109BD0000000C07F0300000258320100443201003F
:109BE000F0B587B002AD85E80600002201680446A2
:109BF000059291B16FF08805204603F005F8002228
:109C0000A388059823F4FF7323F00103A380226047
:109C100002F00EFB284607B0F0BD1E464FF4AC72B2
:109C20000830FFF733F90C9B0096002B95E80300F2
:109C300014BF4FF480634FF4006305AAFFF7BEFD25
:109C40000546D8B9059F30463988221DFFF752FFD7
:109C5000054698B963790C997A6A61F300036371D8
:109C6000BB6AA1B139462046009602F061FF054665
:109C700025B9059802F0DCFA0546CBE72368002BEE
:109C8000BAD1059802F0D4FA284607B0F0BD39469B
:109C90002046009602F072FF0546E9E72DE9F04301
:109CA0008BB006AC84E80300DDE91475002116468C
:109CB0009846169B8DF823108B4208BF4FF4006323
:109CC00094E8030018BF4FF4806309AA0096FFF7D9
:109CD00075FD044668B12F6027B13A4621211398DB
:109CE000FFF7D4F8099802F0A3FA20460BB0BDE8BC
:109CF000F083DDF824903046B9F800100DF123020E
:109D0000FFF7F8FE04460028E5D19DF82300B8428D
:109D100002D96FF08904DEE7139CD9E90912029495
:109D2000129C0390019433464846CDF80080049578
:109D300002F0D6FE04460028CDD128682FB1139B2F
:109D40003A1A21211844FFF7A1F8099802F070FA95
:109D50000446CAE730B54568044683B0002D00F0DC
:109D6000A28090F809C005F0FE40B0F1106F9E4649
:109D70000CF0040320D03BBB28464C4B20F0FF00E6
:109D8000984240F08D8040F20223994243D040F245
:109D9000032399425BD040F20113994217D06FF030
:109DA0008605204602F070FF4FF43C712046FFF715
:109DB00021FB284603B030BD25F01F6020F4702041
:109DC00040F00060002BD8D06FF08805E9E7237AD7
:109DD000D806F9D443F01003B5F1082F237247D009
:109DE000334B25F0FF00984249D11388B3F5885FC3
:109DF00004D0B3F5905F01D0002BD0D1069D7346FF
:109E00000095204602F028FF0546002DD1D063685A
:109E1000002BC9D0C5E7237A13F0180FD4D143F033
:109E20000803237262B141F2062013888342E5D011
:109E300041F201008342E1D0002BB0D1002ADDD1F4
:109E400072462046069B02F0FBFE0546DDE71CF04D
:109E5000020FB9D1637A43F002036372002AEFD094
:109E600041F2010013888342E8D0002BE6D096E748
:109E7000138823F0FF03B3F5105F90D1BEE7002AEB
:109E8000DED01388B3F5905FD8D0002BD6D0B3F5D1
:109E9000105F84D1B5F1082F81D1002AAED1CFE770
:109EA0006FF085057DE76FF088057DE7000100080C
:109EB00000070008F8B5C368044693420E461546ED
:109EC00008D302F0D7FEE36807465B1BE36080B966
:109ED0003846F8BD02F0D8FE00236FF08E07E3602D
:109EE000002EF5D02A4621213046FEF7CFFF384616
:109EF000F8BD63683BB94FF43C712046FFF77AFA2E
:109F0000002EEFD1E4E7204602F0BEFEF3E700BFEB
:109F10002DE9F043002587B0DDF8389006460DF1B5
:109F2000080848460F4688E80C000595FFF7ECFB4B
:109F3000044600285BD13368002B43D1337D1A07D8
:109F400040D101464FF4A07206F11800FEF79EFFC3
:109F5000002FCDF8009018BF4FF4807398E80300ED
:109F600008BF4FF4007305AAFFF728FC0446002839
:109F700041D12B4A29F47E1090420599C9F3074438
:109F8000C9F3054345D1043B0C2B3CD8E3073AD435
:109F9000D1E909233046CDF8009087B302F022FDC5
:109FA0000446059824BB0388338102F041F9044636
:109FB000337D1C4A67F3041372603375204607B083
:109FC000BDE8F083002002F033F96FF088043368B5
:109FD000002BF3D0304602F07BFD4FF4AC72002131
:109FE0003046FEF753FF204607B0BDE8F083284611
:109FF00002F01EF9EBE7059802F01AF9E7E702F024
:10A000000BFD0446CDE7084602F012F96FF0860416
:10A01000DDE7084602F00CF96FF08504D7E700BFD2
:10A02000000140050001500591426DD0F0B521F4CA
:10A030008753A94D23F01F03AB42864621F0FF064C
:10A0400031D0A64B9E4261D021F4FF7323F001036F
:10A05000B3F1062F71D0A24886427AD0A14883423C
:10A0600077D0A148834274D001F0FE43B3F1A06FD2
:10A0700040F0D08002F0FE43B3F1A06F42D181EAFC
:10A08000020333F47E133DD10F04C1F30543C2F341
:10A09000054402F4004000F13D8118B1A3422CBFF9
:10A0A00008460020F0BDCCB22046002CFAD022F0A9
:10A0B000FF0C9C4555D08D4B9C4533D0874DAC450E
:10A0C00036D08B4B02EA0300B0F1062F00F0E3809C
:10A0D000834B9C4500F0178103F57453984240D0A0
:10A0E000A3F5844398423CD0AA42BDD17B4881EA83
:10A0F0000003FF2B40F2E48001F0FE43B3F1A06FB8
:10A1000040F088800020F0BD08467047CCB2204661
:10A110001CBBB142C6D122F0FF0CAC45C2D0734B80
:10A120009C45CBD1D3B2FBB96C4B9A429CD1DDE7B5
:10A13000D3B2CBB9624597D1D8E7CCB22046002C38
:10A1400000F0DC8022F0FF0CAC45B4D1D3B25BB997
:10A15000D8E7CCB22046002CA4D022F0FF0CAC45AE
:10A16000A9D112F0FF009DD081EA0203FF2B3FF638
:10A170007BAF5A4821F4FF7323F00103834210D0D0
:10A180005A4886420DD0584D21F47F7020F00300CC
:10A19000A84206D05248864203D000F5745083424C
:10A1A00006D12CB1534B44F000749C4200F0B080B7
:10A1B000494B9C4525D04D4B9C4522D0A3F5885357
:10A1C0009C451ED022F4FF7323F00103B3F1062F48
:10A1D0000BD04348844514D000F57450834204D01A
:10A1E000A0F5844083427FF43FAF12F0FF003FF4BC
:10A1F00059AF404B40F0007098427FF435AF0846AD
:10A20000F0BD12F0FF00F4D101F0FE43B3F1A06FF6
:10A210003FF448AFB3F1407F7FF474AF02F0FE43E8
:10A22000B3F1407F7FF46EAF81EA020030F47E101C
:10A230007FF468AF304B0B40B3F1607F00F0838058
:10A24000B3F1707F7FF42EAF0EF4E043B3F5005FFF
:10A250007FF428AF1EF4E06FCEF302243FF422AF68
:10A2600011F47C1F40F085800123A34012F47C147C
:10A2700000F08280C2F30544A3421D4638BF254644
:10A280000E0402F4004051D5002840F0A080A34203
:10A2900098BF1046F0BD12F0FF007FF465AFB2F139
:10A2A000062F7FF4FFAE81F00627FF2F3FF6FAAEB0
:10A2B0000B40AB427FF464AF002C7FF473AF7AE7BE
:10A2C00021F4FF7323F0010383427FF459AF002C84
:10A2D0007FF468AF6FE700BF0003000600020006CE
:10A2E00000090006004600060004000600130006F0
:10A2F00000FEFFFFFF0000020000C07FB1F1062F4B
:10A300003FF409AFCEE6D3B2002B7FF42DAFEBE6DE
:10A310001046F0BD0028BAD0A34238BF234621F42E
:10A320007E1040EA034040F40040F0BD00287FF476
:10A33000B5AEA3427FF4B6AE1B0403F47C1321F444
:10A340007E101843F0BDBEF5885F7FF4ABAE11F40C
:10A350007C130ED1274CC8B240F00070A0423FD011
:10A3600000F17E400438112880D8234B53F8203068
:10A370007CE7C1F3054379E720481040B0F1607FE6
:10A3800012D0B0F1707F01D01D4679E70EF4E040A5
:10A39000B0F5005FF8D10124CEF302208440A3423F
:10A3A0001D4638BF25466BE7124DD0B240F0007015
:10A3B000A84217D000F17E4004381128E4D8104C90
:10A3C00054F820409C42254638BF1D4658E72B04D0
:10A3D00021F47E1103F47C130B4343F40040F0BDE1
:10A3E000102343E7102B1D464FF0100438BF1025F3
:10A3F00046E700BF03000002583201000000C07FA2
:10A400005832010041F2062398420DD9B0F5105F91
:10A4100014D121F04003802B21D0B1F5807F0CBFF7
:10A4200000206FF086007047B0F5905F09D241F2CE
:10A43000010398420CD0B0F5885F09D06FF0850019
:10A4400070476923A0F5905080B2C340DB07F5D573
:10A4500011F0070F0CBF00206FF08600704700203E
:10A46000704700BF70B5456A4DB9044601200E46DD
:10A47000FEF79EFF606228B12846A66270BD6FF0AD
:10A480008A0070BD6FF08C0070BD00BFF8B5466AE1
:10A490007EB904460F46012011461546FEF788FF97
:10A4A000606248B139462A46A562FEF7B3FC3046E1
:10A4B000F8BD6FF08A00F8BD6FF08C00F8BD00BFEA
:10A4C000B0F800C0002A3ED010B514460CF4E042AB
:10A4D000B2F5805F12D0B2F5005F20D10498E2009F
:10A4E0000260BCF5105F1AD122F04000802822D013
:10A4F000B2F5807F1FD06FF0860010BD0498E20097
:10A50000026041F206208445EBD8BCF5905F09D289
:10A5100041F2010294450ED0BCF5885F0BD06FF07C
:10A52000850010BD6922ACF5905C1FFA8CFC22FA04
:10A530000CF2D207F3D522461846FEF76BFC039BBC
:10A5400000201C6010BD6FF08500704710B50446F8
:10A55000406A10B1A16AFEF759FF0020C4E9090062
:10A5600010BD00BF38B50446406A10B1A16AFEF7BD
:10A570004DFF0022237FC4E90922012B0FD0023BAB
:10A58000012B13D8236A012B0CBF15466FF09605DB
:10A590002C2200212046FEF779FC284638BD236A8C
:10A5A000002B0CBF00256FF09605F1E76FF09605C4
:10A5B000EEE700BF30B585B06B46044683E8030084
:10A5C00010B9204605B030BD03AA93E8030001F09E
:10A5D0002FFD04460028F4D10398037F022B35D1C8
:10A5E000032302790377FF2A1AD0436903F140431A
:10A5F0004AB1184DA3F58053AB4214D802F080FB4A
:10A600000446039804E0134AA3F580539342F5D916
:10A6100001F0F8FD002818BF0446204605B030BD03
:10A620006FF08404F4E7143003C801F0AFFE044671
:10A630000398436903F14043A3F58053AB42E7D845
:10A6400002F05EFB002CDCD10446DAE76FF09604E2
:10A65000DEE700BFFFDFFF3F30B587B06D4685E81E
:10A6600003001046144601F0F9FB95E8030004AB23
:10A6700003AA83E8030001F0DBFC60B9039DA44654
:10A680002C460FCCACE80F0094E807008CE80700DC
:10A69000284601F0CDFD07B030BD00BF70B5049E67
:10A6A000B2420DD814461D461846FEF7B3FB0021F2
:10A6B000321B2819FEF7EAFB059B00201C6070BDC9
:10A6C0006FF0890070BD00BF70B588B00DF1080C47
:10A6D0008CE803000C9E93B39CE803001C46002307
:10A6E0000DF1180E1546336005AA8EE8030001F03F
:10A6F0009FFC014670B90598038803F4E043B3F565
:10A70000804F0AD08368DB0707D4059101F090FDE4
:10A710006FF08401084608B070BDD0E909122B46DD
:10A72000CDE9004602F058F80446059801F080FD96
:10A73000002C14BF21460146084608B070BD6FF0DA
:10A740008901E7E7B0F800C070B51D460CF4E0439E
:10A75000B3F5804F049E23D144F2010314462CF438
:10A7600040529A420DD00CF44F4CBCF5824F08D0A9
:10A77000BCF5844F05D0BCF5884F02D0BCF58E4F98
:10A780000ED1B4420FD822462846FEF743FB0021E3
:10A79000321B2819FEF77AFB059B00201C6070BD58
:10A7A0006FF0850070BD6FF0890070BD70B588B026
:10A7B0000DF1080C8CE803000C9E3BB39CE80300F1
:10A7C0001C46002315460DF1180E05AA33608EE8CD
:10A7D000030001F02DFC38B9059803885B0405D40B
:10A7E00001F026FD6FF0860008B070BDD0E90912B7
:10A7F0002B46CDE9004602F005F80446059801F025
:10A8000017FD002C18BF204608B070BD6FF08900FE
:10A81000EAE700BF2DE9F043002489B0B0F80090CA
:10A82000CDE90444C3E900440792002A00F0938074
:10A83000B2F1005F154680F0C2801F4629F0FF0389
:10A84000B3F5E24F0646884665D0B3F5824F62D035
:10A85000304605AA04A9FFF76BF8044600284ED13C
:10A86000DDF81090D9F82800C0B973681B0A40F0D1
:10A870008F80D9F82430079C002B40F09D80214622
:10A880000120FEF795FDC9F82400002800F09D8006
:10A89000C9F82840DDF81090D9F82800B9F802402E
:10A8A000D9F82430009009F12800019006A8029000
:10A8B0002A4641463046069401F05CFF0446F0B952
:10A8C000DDF81090069BB9F80220002A6CD1A9F897
:10A8D00002304FF6F87293426BD833881BB1B9F847
:10A8E00000209A4262D173881BB1B9F802209A42C3
:10A8F0005CD139464846FEF7F1FF044638B1DDF831
:10A900001090B9F1000F02D04846FFF72BFE204609
:10A9100009B0BDE8F08348467188F268FFF770F827
:10A9200004460028F3D12AB321B309F44F43B3F509
:10A93000824F1FD15FFA89F9B9F1220F07D00DD8E4
:10A94000B9F1120F16D140F2092399423AD00731DA
:10A95000B5EBD10F0ED26FF08604D8E7A9F1270925
:10A960005FFA89F9B9F11B0F04D8194B23FA09F3DF
:10A97000DB07ECD4002208F1FF33581913F8011F4C
:10A98000984242EA0102F9D1002A7FF461AFE2E77E
:10A990002A464146304607AB01F0A4FE0446002893
:10A9A000ADD1DDF8109064E79A4292D06FF0860442
:10A9B000AAE76FF08504A7E76FF08A04A4E76FF0B9
:10A9C0008504A4E7402DD5D8C5E76FF08C0496E741
:10A9D0000102000C2DE9F047964600241D4692B076
:10A9E0000DF108080DF12C0C88E803001646BEE8AE
:10A9F0000F00ACE80F009EE8070009AF8CE80700E5
:10AA000098E80300C5E9004405AACDE90544CDE96D
:10AA1000074487E8030001F00BFB044658B9059F83
:10AA2000D7F8088018F0020F12D13846059401F0CB
:10AA3000FFFB6FF08404069E002E70D03046FFF7B7
:10AA400091FD059801F0F4FB204612B0BDE8F087B7
:10AA500033881BB13A889A4240F0878073887A889D
:10AA600013B1934240F08180B7F800A0D7F80C9062
:10AA70000E9EADF82E2031464A465046ADF82CA029
:10AA8000FFF7D2FA04463A690F9F50463946FFF75E
:10AA9000CBFA1CB916B1B9F1000F66D110B90FB1DC
:10AAA000002A62D10D9B0F9003EA080307AA0BA8A6
:10AAB00006A90E940D93FEF73BFF04460028BAD179
:10AAC000DDE90526536871681B0AB3EB112F2DD100
:10AAD0000C9B1B0A2DD00BA808A901F009FE044607
:10AAE0000028A8D1069E089F736A002B40D13946E2
:10AAF0000120FEF75DFC706200283CD0DDE9051402
:10AB0000B76204F12806636AD1E909120196A46AC2
:10AB10000BA8009401F0B4FE0446C8B18BE7059879
:10AB200001F086FB204612B0BDE8F0876FF0850487
:10AB300084E7736AD2E90974D3B921460120FEF78C
:10AB400037FC7062B8B139462246B462FEF762F94A
:10AB500029460698FEF7C2FE044600287FF46BAF34
:10AB6000059801F065FB04466EE76FF0860462E726
:10AB70006FF08A0462E76FF08C045CE703680BB93E
:10AB80001846704710B5044601F0CCFE0023236040
:10AB900010BD00BF38B50D4601680446B1B905F0D7
:10ABA000FE43B3F1007F03D06FF08605284638BD21
:10ABB000E0220830FEF76AF92946204601F07EFEC1
:10ABC00005460028F2D0236813B9EFE76FF0880537
:10ABD000204601F0A7FE00232846236038BD00BFB1
:10ABE00038B505689DB112B90025284638BD044620
:10ABF00001F082FE05460028F6D02368002BF4D031
:10AC0000204601F08FFE00232846236038BD6FF0F8
:10AC10008805284638BD00BF70B500261E6005684F
:10AC20005DB1044601F072FE236805461BB1204663
:10AC300001F078FE2660284670BD6FF08805FAE7BF
:10AC40002DE9F041002703688AB005460197002BE3
:10AC500039D001AB8846164602A9202201F056FEE3
:10AC60002B68044693B9BCB9019BB34224D1324648
:10AC7000404602A903F0DCF90446E8B9202102A805
:10AC8000FEF7B8FB20460AB0BDE8F081284601F087
:10AC900049FE2F60002CE7D0202102A8FEF7AAFB76
:10ACA0002B68002BEED0284601F03CFE0023204606
:10ACB0002B600AB0BDE8F081202102A8FEF79AFBC4
:10ACC0006FF09404ECE7202102A8FEF793FB6FF0ED
:10ACD0008804E5E730B40025039C00F0FE4CBCF18D
:10ACE000007F256002D130BC01F0DABD6FF0860034
:10ACF00030BC704730B500F0FE44B4F1007F8DB039
:10AD00001ED11D462023009303AB019304AB01F039
:10AD1000C7FD044628B9039A109B9A4208D06FF0E9
:10AD20009404202104A8FEF765FB20460DB030BD39
:10AD3000284604A903F07CF904460028EFD1F0E787
:10AD40006FF08604F1E700BF036870B5D3B10E68F9
:10AD50000C46BEB90546E022314604F10800FEF774
:10AD600095F82846214601F0BBFD054608B928465E
:10AD700070BD2368002BFAD0204601F0D3FD284691
:10AD8000266070BD6FF08805F1E700BF03680BB95E
:10AD90001846704710B5044601F036FF0022A3881C
:10ADA000226023F4FF7323F00103A38010BD00BFD2
:10ADB00010B5012484B00DF1080C8CE806009CE865
:10ADC00006000094FEF70CFF04B010BD10B500247F
:10ADD00084B00DF1080C8CE806009CE80600009495
:10ADE000FEF7FEFE04B010BD38B50568C5B112B956
:10ADF0000025284638BD044601F0E6FE0546002839
:10AE0000F6D02368002BF4D0204601F0FDFE00228E
:10AE1000A388226023F4FF7323F00103A380E8E7F3
:10AE20006FF08805E5E700BF2DE9F041154602689F
:10AE300004460E461F468AB14279D2070ED50279E2
:10AE400062B1AA4238D900233D606FF089082371AE
:10AE50005EB9236893B94046BDE8F08100233D60A8
:10AE60006FF088082371002EF3D0ADB12A4621215E
:10AE70003046FEF70BF82368002BECD0204601F09B
:10AE8000C3FE0022A388404623F4FF7323F001038E
:10AE9000A3802260BDE8F0812368002BDBD0204630
:10AEA00001F0B2FEA388404623F4FF7323F00103B0
:10AEB000A3802560BDE8F08101F090FE8046B0B926
:10AEC000DEB1386821212A1A3044FDF7DFFF2368FC
:10AED000002BC0D0204601F097FE0022A3888046B8
:10AEE00023F4FF7323F00103A3802260B3E7002360
:10AEF0003D602371002EB9D1ABE72368002BAAD0A7
:10AF0000204601F081FEA388804623F4FF7323F0DE
:10AF100001032660A3809EE770B5056815B390F81D
:10AF200005C004461CF001050FD190F804C09445FB
:10AF30001BD001F069FEA3886FF0940023F4FF7327
:10AF400023F00103A380256070BD01F05DFE0022A7
:10AF5000A3886FF0880023F4FF7323F00103A3801C
:10AF6000226070BD6FF0880070BD01F043FE236861
:10AF700006466BB1204601F047FEA388256023F406
:10AF8000FF7323F00103A380002E18BF304670BD6D
:10AF90001846F9E710B5012488B00DF1180C8CE8BB
:10AFA00003000A9900910B9901910C9902910D9956
:10AFB00003919CE803000494FEF770FE08B010BDF6
:10AFC00030B593B006AC84E8030020210020169D24
:10AFD000049000950AADCDE9015109A8039094E8C9
:10AFE0000300FEF75BFE044648B9099A189B9A4293
:10AFF0000CD12946179803F01BF8044630B92846AF
:10B000002021FEF7F7F9204613B030BD6FF094040D
:10B01000F5E700BF2DE9F04300278FB0DDF874801D
:10B020000AAE86E80300C8F8007010461546994637
:10B03000FEF76AFB044618B120460FB0BDE8F08366
:10B0400000954FF4807396E803000DAAFEF7B6FB57
:10B0500004460028F0D11C4B25F47E129A420D982C
:10B0600007D06FF0850401F0E3F820460FB0BDE88B
:10B07000F083169B073B062B22D8D0E909121C9CB3
:10B080002B4607941B9CCDF8208006941A9CCDF883
:10B0900000900594199C0494189C0394179C0294A6
:10B0A000169C019401F046FC044608B11C9B0BB9A8
:10B0B0000D98D8E739461C9A1B98FDF7E7FEF7E78D
:10B0C0006FF08604CFE700BF000140052DE9F04393
:10B0D00000278FB0DDF874800AAE86E80300C8F858
:10B0E0000070104615469946FEF70EFB044618B14F
:10B0F00020460FB0BDE8F08300954FF4007396E84A
:10B1000003000DAAFEF75AFB04460028F0D11C4BA1
:10B1100025F47E129A420D9807D06FF0850401F055
:10B1200087F820460FB0BDE8F083169B073B062B3F
:10B1300022D8D0E909121C9C2B4607941B9CCDF801
:10B14000208006941A9CCDF800900594199C0494D4
:10B15000189C0394179C0294169C019401F016FC11
:10B16000044608B11C9B0BB90D98D8E739461C9AC8
:10B170001B98FDF78BFEF7E76FF08604CFE700BF63
:10B180000001400510B51C4684B002AB83E8060000
:10B1900001210CCB0094FEF7BBFE04B010BD00BF34
:10B1A00010B51C4684B002AB83E8060000210CCB2E
:10B1B0000094FEF7ADFE04B010BD00BF70B5056889
:10B1C00035B3057D0446EB0712D44568154E25F4CA
:10B1D0007E15B5420FD06FF08605204601F078FC51
:10B1E0004FF4AC7200212046FDF750FE284670BD9A
:10B1F0006FF08805F1E7D31F062BECD801F026FC91
:10B20000054648B9237D284643F00103237570BDE8
:10B210006FF08805284670BD2368002BDDD12846D5
:10B2200070BD00BF000140052DE9F04100271F60FF
:10B230001D46036884B0002B42D0037D044603F012
:10B240001103102B0ED06FF08807204601F040FC50
:10B250004FF4AC7200212046FDF718FE384604B0CA
:10B26000BDE8F08103890E4603F4E041B1F5005FCB
:10B270003BD042F204018B4228D042F207018B42BC
:10B2800047D04FF000082E484378022BDBD10378DB
:10B29000072BD8D142466946043001F01DFD074610
:10B2A00038B9424669462046FFF788FF074600281E
:10B2B0003AD02368002BC8D1384604B0BDE8F081ED
:10B2C0006FF08807384604B0BDE8F081636883F00A
:10B2D000052383F4801333F47E13D2D14FF00C088E
:10B2E0009045D0D96FF08907AFE7C3F30221042955
:10B2F000BFD1436883F0AA6181F4807131F47E117B
:10B300001AD083F0AA6383F4007333F47E13E5D07C
:10B31000B7E7636883F0A26383F4C06333F47E13FA
:10B32000AFD14FF01808DBE7694630464246FDF7DB
:10B3300071FDC5F8008091E74FF00D08D0E700BF20
:10B34000ACBB0020F8B503684BB3037D044613F093
:10B350000E0F17D11646174B42680F469A4202D17C
:10B36000B1F57F4F23D832463946204601F078FBAD
:10B370000546C0B9237D284643F00203E7602661F5
:10B380002375F8BD6FF08805204601F0A1FB4FF44E
:10B39000AC7200212046FDF779FD2846F8BD6FF01C
:10B3A00088052846F8BD2368002BEDD1F5E76FF03E
:10B3B0008605E9E70001500538B5036813B3037D3E
:10B3C000044603F0090001280CD06FF088052046E0
:10B3D00001F07EFB4FF4AC7200212046FDF756FDD4
:10B3E000284638BDC2B19B0710D4104B6068984204
:10B3F000EBD0204601F03EFB054668B12368002BE8
:10B40000EED0E4E76FF08805284638BDE368934244
:10B4100009D39B1AE360ECE70025237D284643F01F
:10B420000403237538BD6FF08605D0E70001500591
:10B4300030B5002483B0079D2C600446006870B3CB
:10B44000207D10F0010F1CD0800715D5E06888BB67
:10B45000206990422ED3801A20610195069D2046D6
:10B46000009501F011FB0546F0B92846237D43F015
:10B470000803237503B030BD1048D4F804C08445D8
:10B48000EBD16FF08805204601F022FB4FF4AC723F
:10B4900000212046FDF7FAFC284603B030BD6FF0CE
:10B4A0008805284603B030BD2368002BEBD1284621
:10B4B00003B030BD6FF08605E5E700BF0001500521
:10B4C0004FF0000C2DE9F04184B0C3F800C0DDE975
:10B4D0000B563560044600680A9F00283BD094F85C
:10B4E00014C01CF0010F20D01CF0020F03D0E06844
:10B4F00060BB206950BB1CF0100F16D02046CDE970
:10B500000156009701F0CCFA804645B1336808B97E
:10B510001F44ED1A2A4621213846FDF7B7FC23685F
:10B520003BB9404604B0BDE8F0816FF08808002DBB
:10B53000F0D1204601F0CCFA4FF4AC720021204645
:10B54000FDF7A4FC404604B0BDE8F0816FF086082A
:10B55000002DDFD1EDE76FF08808002DDAD1E0E7AC
:10B5600030B500251D600446006883B048B3207DD7
:10B57000C50723D585070ED4C0061FD4079D2046D6
:10B580000195069D009501F097FA236805464BB991
:10B59000284603B030BDE56815B92569002DEBD00C
:10B5A0006FF08605204601F093FA4FF4AC7200214B
:10B5B0002046FDF76BFC284603B030BD6FF08805D0
:10B5C000F0E76FF08805E3E7036810B513B91C4690
:10B5D000204610BD044601F07BFA034620461C4677
:10B5E0004FF4AC720021FDF751FC204610BD00BFA6
:10B5F00038B54468054634B928464FF43C71FDF728
:10B60000F9FE204638BD01F03FFB04464FF43C7183
:10B610002846FDF7EFFE204638BD00BF43681BB14A
:10B62000C36800200B6070476FF08800704700BF50
:10B6300010B4446854B1C4688C4203D310BCC160D8
:10B6400001F0F4BA6FF0860010BC70476FF088000C
:10B65000FAE700BF436853B310B403F0FE44B4F1FB
:10B66000106F05D123F01F6323F4702343F00063B0
:10B67000104C23F0FF03A34213D1038903F4047396
:10B68000B3F5047F10D1437A047A43F00403437284
:10B69000A30702D410BCFEF70DBC6FF0840010BCF1
:10B6A00070476FF08500FAE76FF08800F7E76FF0FA
:10B6B00088007047000100082DE9F04F002316466E
:10B6C00042888BB0CDE90633C6E90033002A00F08A
:10B6D000D1804B680C46002B00F0C98003F0FE427D
:10B6E000B2F1106F054605D123F01F6323F47023D8
:10B6F00043F000636A4A23F0FF03934240F0BD80A9
:10B70000238903F40473B3F5047F40F0B08094F808
:10B710000890637A09F0030943F00403B9F1010FBB
:10B72000637240F09B80284607AA06A9FEF700F93D
:10B73000074640B1069D15B12846FEF713FF38466F
:10B740000BB0BDE8F08F6B88069D03F107082988D0
:10B750004FEAD80801F4E042B2F5804F0893CDF8E3
:10B76000248062D0B2F5805F5DD0B2F5005F5AD020
:10B7700021F0FF02B2F5E24F18BF6FF08507DBD171
:10B7800047F24212914209BF4F464F4608334FEAF3
:10B79000D30841460120FDF70BFE8146002876D0F4
:10B7A000089B6B806B681B0A06D0284609A900F02D
:10B7B0009FFF8246002854D16B6ADDF824B0002B2D
:10B7C0005ED159460120FDF7F3FD6862002861D083
:10B7D000AA464AF828BF0DF1200B424649462046AA
:10B7E000FEF768FB034688BBD5E909320092FFB13A
:10B7F000424649462846CDF804A001F045F80346E4
:10B8000013F18F0FE9D0414648460593FDF7FEFD41
:10B81000059B002B41D131460698FEF75FF807469D
:10B8200000288CD086E75B07B3D06FF0860783E7EC
:10B83000424649462846CDE901AB00F09BFF6988A6
:10B84000089A03469142DBD06FF086034146484692
:10B850000593FDF7DBFD059B1F466BE76FF0840743
:10B860006DE741464846FDF7D1FD574662E76FF068
:10B87000880764E76FF0860761E76FF085075EE78A
:10B880006FF08A0741464846FDF7C0FD52E76FF06A
:10B890008C074FE76FF08C07F4E71F464AE700BFBD
:10B8A00000010008F8B54768002F45D121F000439A
:10B8B00023F47F03B3F1106F0E463AD001F0FE433C
:10B8C000B3F1106F05462AD0B3F1006F31D10C46A9
:10B8D00000214FF4387205F11000FDF7D7FA214628
:10B8E000284601F099F950B9154A24F49F6323F0D2
:10B8F000070393426E6003D04FF0FF37EF60F8BD4F
:10B90000104BE4B244F000749C420FD004F17E442A
:10B91000043C112CF2D80C4B53F82470EEE721F0C4
:10B920001F6424F4702444F00064D1E74FF47F676F
:10B93000E4E76FF08600F8BD6FF08800F8BD00BF47
:10B940000001000803000002FC31010010B594461C
:10B950001C4682B0002263460094FEF7FBF902B059
:10B9600010BD00BF40F20522914238B5044643683D
:10B9700009D06FF08605F3B920464FF43C71FDF70E
:10B9800039FD284638BD03B303F0FE42B2F1106F13
:10B9900005D123F01F6323F4702343F00063627A20
:10B9A000520715D40C4A23F0FF0393420CBF6FF0EB
:10B9B00086056FF08505204601F066F920464FF4B4
:10B9C0003C71FDF717FD284638BD6FF08805D3E7B9
:10B9D0006FF08805EFE700BF0001000870B505466D
:10B9E00086B002A880E80C0000236C680E4603C8ED
:10B9F00005AA00940593FDF7E1FE18BB059A93682C
:10BA0000580405D4297A41F002012972190427D576
:10BA10006FF48073F318012B0FD9D2E90930314646
:10BA200000902846FEF796F90646059800F000FCBF
:10BA300004460EBB204606B070BD2B7A43F00103CE
:10BA40002B72EAE70446059800F0F2FB6B687BB9BD
:10BA500028464FF43C71FDF7CDFC204606B070BD82
:10BA6000104600F0E5FB6B686FF08404002BEFD00C
:10BA7000284601F009F9EBE73446E7E7F0B593B063
:10BA800006AC84E80C00426802F0FE43B3F1106F8C
:10BA900061D1009205460E4694E803004FF48043BE
:10BAA00008AAFDF78BFE044610B1204613B0F0BD86
:10BAB000CDE90D44CDE90F4411940C94CDE90A442D
:10BAC000099420246A68199F0898244B1340D0E9F0
:10BAD00009120197189F0394009709AC0AAF0494C8
:10BAE00043F01063029701F0D7F8044680B138465E
:10BAF0000999FDF77FFC6B684BBB28464FF43C71FE
:10BB0000FDF778FC089800F093FB204613B0F0BDD9
:10BB1000099B02463146009328463B46FEF71AF938
:10BB2000044609993846FDF765FC002CE3D140F244
:10BB300001139E4208BF2B7A089804BF43F001030B
:10BB40002B7200F075FB0446204613B0F0BD28466A
:10BB500001F09AF8D1E76FF08604A6E70000FFF63F
:10BB60002DE9F0418AB006AF87E80600DDE91256FC
:10BB70000022099220F0004222F47F02B2F1106FFD
:10BB80000DD06FF086071C484378022B2AD0099805
:10BB9000356000F04DFB38460AB0BDE8F0810090FA
:10BBA000044697E80300984609AA4FF48043FDF73E
:10BBB00005FE07460028E6D123460998119CD0E9E6
:10BBC00009120294109CCDE90356CDF8008001942F
:10BBD00001F062F807460028D5D1099800F028FB4B
:10BBE0000746D8E70378072BD1D12A4611990430AC
:10BBF00001F072F8CBE700BFACBB0020074B5A78CE
:10BC0000022A02D06FF0880070471A78072AF9D10B
:10BC10000A460146181D01F05FB800BFACBB00200A
:10BC2000038803F4E043B3F5805F05D0B3F5005F0C
:10BC300002D06FF08500704706484378022B02D08F
:10BC40006FF0880070470378072BF9D1043001F0BA
:10BC500043B800BFACBB0020F0B500230D464188BF
:10BC600085B00646CDE901330088C5E900330029D7
:10BC700079D000F4E043B3F5804F74D020F0FF0397
:10BC8000B3F5E24F23D0B3F5824F20D0304602AA5D
:10BC900001A9FDF74DFE019F0446002845D1BA6A6F
:10BCA000002A30D173681B0A50D13088718800F4A3
:10BCB000E043B3F5805F11D0B3F5005F0ED06FF0B5
:10BCC00085043846FEF74EFC204605B0F0BDF2680C
:10BCD000FDF796FE04460028D8D0F5E7FEF792FB64
:10BCE00004460028EDD10731CC0803947B6A002B71
:10BCF0003CD121460120FDF75BFB7862002838D05B
:10BD0000BC62019FBA6A3046796A07F1280300F0E5
:10BD100009FD044678B1019D686A08B3A96AFDF778
:10BD200075FB0023C5E90933019F002FCCD03846AD
:10BD3000FEF718FCC8E729460198FDF7CFFD044639
:10BD40000028C1D0019F002FF1D1BDE7304603A9E3
:10BD500000F0CEFC019F04460028E6D1039CC5E715
:10BD60002F46A862ADE76FF08604ADE76FF08A0456
:10BD7000A7E7019F6FF08C04002FD8D1A4E700BF84
:10BD800010B5134C2378590744BF03F0FB0323700D
:10BD90009A0716D4637883B9002304210D48637091
:10BDA000FDF728FB2378DB0700D410BD00F098FCDA
:10BDB000237823F00103237010BD064800F09EFF96
:10BDC000EAE700F0BBF8237823F002032370E1E7F1
:10BDD000ACBB0020B0BB002038B51E4C6278237885
:10BDE000022A1AD0DD071CD5980725D562783AB10A
:10BDF0005A075CBF43F0040323700025284638BD72
:10BE0000D907F5D5144800F065FF02230546637095
:10BE1000F0B1FFF7B5FF284638BD072BEDD0DD07A1
:10BE2000E2D400F05BFC2378054643F00103237065
:10BE30000028EED19807D9D400F078F82378054689
:10BE400043F0020323700028D0D0FFF799FFE2E708
:10BE50002378CDE7ACBB0020B0BB00201C22002122
:10BE6000FDF714B870B483B002AB0E4603E90300CB
:10BE700000F140411F2905460ED82C201E4B00FB27
:10BE80000133197F022902D159698D422DD06FF0FB
:10BE90008B0003B070BC7047002804DC6FF0870093
:10BEA00003B070BC7047144C0021234604E00131FC
:10BEB000202903F12C03EAD0187F0228F7D1586912
:10BEC000A842F4D19869B042F1D12C2303FB01437D
:10BED000197F02290DD1196A481C0AD000200131AE
:10BEE0001962136003B070BC70479969B142CED13A
:10BEF000EEE76FF09600CCE7B4BB00206FF0404C4B
:10BF000082B002AB03E90300411E61450BD312B9B5
:10BF1000104602B0704700F1404363458CBF0020DB
:10BF2000012002B07047012002B070470122024B8D
:10BF3000002083F880257047B4BB00202DE9F04134
:10BF4000DFF8248001274446032608F5B065276200
:10BF5000267720462C34FEF705FBAC42F7D10023B0
:10BF600088F88035BDE8F081B4BB00202DE9F041B0
:10BF70002D4D0E4695F88035002B46D02A7F07467A
:10BF80002B4605F5B06C002A48D0A846022A19D0E5
:10BF90002C3363453FD01A7F9846002AF6D11C46C1
:10BFA000237F002B3CD1012323773FB11F4A631B22
:10BFB0009B1002FB03F303F180433B6000203460DD
:10BFC000BDE8F081D8F82020002AE1D198F80420BB
:10BFD000002ADDD02C33634506D01A7F1C46002A88
:10BFE000DED02C336345F8D198F81C30022B06D1F3
:10BFF000D8F820305A1C1CBF0133C8F82030404606
:10C00000FEF7B0FA18B94446CAE76FF0880000247A
:10C010003460BDE8F0816FF08C00F8E72C46BFE794
:10C020006FF09600F3E700BFB4BB0020A38B2EBADD
:10C03000F0B50026714B166093B093F8803502ADD1
:10C0400085E80300002B00F0B08095E80300FFF7BF
:10C0500009FF10F18C0F044602D0204613B0F0BD4A
:10C06000114630461746FFF781FF04460028F4D1F9
:10C0700001233E68CDE9060006F1140C059095E811
:10C0800003008CE80300002000217360CDE90B441D
:10C09000CDE90D44CDE90F447269594D02F1404399
:10C0A000A3F58053AB42CDE9080111946FD89CE809
:10C0B000030008AB05AAF5F707F80546B0B9059BDC
:10C0C0007169B2690C93DBB2002B08BF0021119299
:10C0D00010912346DDE90801CDE900440BAA00F0E8
:10C0E000BFFB10F18A0F05460FD050B13E6815F125
:10C0F0008C0F30464AD0FEF735FA2C4600233B60C1
:10C10000ABE76FF096053868F5E706A90BA800F0D5
:10C11000EFFA05460028E9D130460699FEF7A2F964
:10C1200005460028E2D1DDE9080107AA736A0192F9
:10C13000B26A00920BAA00F093FB0546F8B9079B80
:10C140000BADB3620FCD0FC695E8070086E8070078
:10C150003B689A68D50444BF42F480629A609004B8
:10C1600044BF42F400629A601A7F012A41D1022240
:10C170001A771A6A511C3ED001321A626DE73046B6
:10C18000FEF7E4F915F18C0FBDD13E6872696FF0CE
:10C1900040410023013A8A4208930B9308D330466A
:10C1A000FEF7E0F96FF08704A8E76FF0880454E722
:10C1B00030460BAA08A900F03BFA054658B10B9986
:10C1C000089800F033FA2C463868FEF7CBF914F1E2
:10C1D0008C0FE7D092E7089930460B9AFEF756F994
:10C1E00005460B99089800F021FA002DB0D02C4696
:10C1F000EAE7022ABDD06FF096047FE7B4BB0020C7
:10C20000FFDFFF3F034648B1017F8A1E012A0BD89A
:10C210000329026A04D03AB1013A1A620020704739
:10C22000012AF8D1FEF79EB96FF09600704700BF63
:10C23000034648B1017F8A1E012A0BD80329026AEE
:10C2400004D03AB1013A1A6200207047012AF8D1AD
:10C25000FEF788B96FF09600704700BF0020704766
:10C26000C0B2FF280CBF6FF086000020704700BFEF
:10C2700030B585B06C4684E80300154694E80300A9
:10C2800003AAFFF7D5FE034650B1002210F1880F34
:10C2900008BF6FF08B03C5E90022184605B030BD1A
:10C2A000039A94E8030085E80300002AF5D0107F84
:10C2B000811E012910D80328116A05D061B11846E2
:10C2C0000139116205B030BD0129F7D1104605B022
:10C2D000BDE83040FEF746B96FF09603DDE700BFDA
:10C2E00000B585B06B4683E8030018B9002005B09F
:10C2F0005DF804FB03AA93E80300FFF7B3FD58B908
:10C300000398036A012B0FD0027F023A012A10D84A
:10C310007BB1013B0362E9E710F18C0F08BF6FF0BE
:10C32000870005B05DF804FB05B05DF804EBFEF78F
:10C3300019B96FF09600DAE700B585B06B4683E86F
:10C34000030003AA93E80300FFF78CFD78B9039B71
:10C350001A7912B11A6A012A0ED0197F8A1E012A8F
:10C3600010D803291A6A05D062B1013A1A6205B0E1
:10C370005DF804FB012AF7D1184605B05DF804EB1F
:10C38000FEF7F0B86FF09600F1E700BF30B587B068
:10C390006B4683E80300009D019C2846214603AAC2
:10C3A00001F0AEFD8C300BD02846214601F0D2FDC5
:10C3B00048B92846214603AA01F0A2FD8C3002D1DB
:10C3C000002007B030BD6FF09800FAE7F0B51546D1
:10C3D00083B00E460746082218462A491C46FCF739
:10C3E00019FD042200230DEB020104F10800019362
:10C3F000FCF710FD04226B680DEB020104F10C0048
:10C400000193FCF707FD2B8801A9022204F110001B
:10C41000ADF80430FCF7FEFC6B8801A9022204F1A0
:10C420001200ADF80430FCF7F5FC0422AB680DEB0C
:10C43000020104F114000193FCF7ECFC0422EB6808
:10C440000DEB020104F118000193FCF7E3FC042258
:10C450002B690DEB020104F11C000193FCF7DAFCDF
:10C46000042204F120000DEB02010196FCF7D2FC3E
:10C470003246394604F1240003B0BDE8F040FCF731
:10C48000C9BC00BFA03201002DE9F043232983B0CD
:10C490000A9F61D90D4690463949082204469946BB
:10C4A00001F0A2FA0646002856D1042204F1080140
:10C4B0000DEB0200FCF7AEFC019B002B4CD10422DB
:10C4C00004F120010DEB0200FCF7A4FC0199243DCE
:10C4D0008D42C9F800103FD3B1F5005F3CD200296E
:10C4E0003DD1C8F80060042204F10C010DEB0200FC
:10C4F000FCF790FC019B02227B6004F1100101A873
:10C50000FCF788FCBDF8043002223B8004F11201E4
:10C5100001A8FCF77FFC0422BDF8043004F11401EB
:10C520007B800DEB0200FCF775FC0422019B04F1FB
:10C530001801BB600DEB0200FCF76CFC019B0422B0
:10C54000FB6001A804F11C01FCF764FC019B3B614A
:10C55000304603B0BDE8F0836FF09806F8E701209D
:10C56000FCF726FFC8F8000030B1D9F8002004F12C
:10C570002401FCF74FFCB6E76FF08C06E8E700BF3C
:10C58000A03201002DE9F04186B0002948D01446C0
:10C59000002A45D0B2F5005F3FD202F124080646DA
:10C5A0000F4601204146FCF703FF054600283AD01C
:10C5B0003846324621462B46FFF708FF7769B669B1
:10C5C0003846314603AA01F09BFC8C3009D06FF04D
:10C5D0008A0441462846FCF719FF204606B0BDE80C
:10C5E000F08100234246009338462B46314601F045
:10C5F0003FFC04460028ECD13846314603AA01F03E
:10C600007FFC044620B9049B9845E2D06FF0980463
:10C610003846314601F09EFCDBE76FF08D04DCE725
:10C620006FF08604D9E76FF08C04D6E7FCF7EEBE16
:10C630002DE9F04FD0F81890D0F814A087B09046AC
:10C6400005460F465046494603AA01F059FC0446E8
:10C65000A0B9DDF810B001205946FCF7A9FE064646
:10C66000002838D05046494603AA029401F048FCFD
:10C67000044638B159463046FCF7C8FE204607B09C
:10C68000BDE8F08F02AB0246019350465B46494637
:10C69000009601F00DFC029B04469B4518BF6FF00D
:10C6A0009804E7D1002CE5D143463A465946304636
:10C6B0000095FFF7E9FE04460028DBD13B683BB15B
:10C6C000D8F80030002B14BF04466FF09104D1E776
:10C6D0006FF09104CEE76FF08C04CFE7F6F7FAB96C
:10C6E000704700BF00226FF086001A60704700BFDD
:10C6F00010B40A4600244168094B83B0B3EB112FF4
:10C70000146008D16B46143003C883E8030003B0FB
:10C7100010BCF6F75FBA6FF0860003B010BC70472C
:10C72000010080002DE9F041044640680D46000AF2
:10C7300016461F4602D00E4B984215D123885B0443
:10C740000AD53B4632462946204600F0F1FA10F160
:10C75000860F01D0BDE8F0813B463246294620468F
:10C76000BDE8F041FFF75CBA6FF08600F2E700BF6A
:10C77000010080002DE9F0470446406884B0000ABB
:10C780000D46DDE90C7816469A46DDF8389002D061
:10C79000104B98421AD15346324629462046CDE9DD
:10C7A0000189009700F0B4FA10F1860F02D004B0AE
:10C7B000BDE8F0875346324629462046CDE90D892B
:10C7C0000C9704B0BDE8F047FDF77ABE6FF0860025
:10C7D000EDE700BF0100800070B44568DDE9034665
:10C7E0005FEA152C02D0064DAC4504D1CDE90346D5
:10C7F00070BCFDF753BF6FF0860070BC704700BF80
:10C80000010080002DE9F0430446406883B0000A2F
:10C810000D46DDE90A781646994602D00F4B98423C
:10C8200019D14B46324629462046CDE9007800F022
:10C830006BFA10F1860F02D003B0BDE8F0834B46CF
:10C84000324629462046CDF82C800A9703B0BDE831
:10C85000F043FDF777BF6FF08600EDE70100800041
:10C86000F0B4064C5568B4EB152F02D1F0BCF6F7C6
:10C87000E3B96FF08B00F0BC704700BF010080008F
:10C880006FF08600704700BF70B44468240A02D17C
:10C8900070BC00F051BA6FF0860070BC704700BFEA
:10C8A00070B4054CA04202D070BC00F0BDBF6FF068
:10C8B000850070BC704700BF05000002074B99421D
:10C8C00008D010B50446083000F05CFF08B91C23FE
:10C8D000236010BD6FF08500704700BF05000002A7
:10C8E00003681C2B04D1083041F8083B00F05CBF02
:10C8F0006FF08800704700BF03681C2B02D108301E
:10C9000000F05CBF6FF08800704700BF10B404688F
:10C910001C2C03D110BC083000F060BF6FF0880001
:10C9200010BC704703681C2B01D0002070470830F2
:10C9300000F072BF2DE9F04FD0F804A083B00C9C3A
:10C940005FEA1A2A0194DDE90F67DDE90D45DDE9AB
:10C9500011CEDDE9138903D0DFF82CB0DA450ED112
:10C96000CDE90D45019CCDE91389CDE911CECDE985
:10C970000F670C9403B0BDE8F04F00F033BB6FF0CD
:10C98000860003B0BDE8F08F010080002DE9F04F74
:10C99000D0F804A083B00C9C5FEA1A2A0194DDE968
:10C9A0000F67DDE90D45DDE911CEDDE9138903D01F
:10C9B000DFF82CB0DA450ED1CDE90D45019CCDE96B
:10C9C0001389CDE911CECDE90F670C9403B0BDE812
:10C9D000F04F00F061BB6FF0860003B0BDE8F08F50
:10C9E0000100800010B50446486882B05FEA102C50
:10C9F00002D0084884450AD10498009004F1180038
:10CA000000F0AAF908B91C23236002B010BD6FF032
:10CA10008600FAE70100800010B50446486882B03D
:10CA20005FEA102C02D0084884450AD1049800908F
:10CA300004F1180000F0C2F908B91C23236002B009
:10CA400010BD6FF08600FAE70100800003681C2B20
:10CA500002D1183000F0F0B96FF08600704700BFC7
:10CA600003681C2B02D1183000F0DCB96FF086008F
:10CA7000704700BF03681C2B02D1183000F002BAC7
:10CA80006FF08600704700BF70B406681C2E03D19B
:10CA900070BC183000F010BA6FF0860070BC7047A0
:10CAA000F0B407681C2F03D1F0BC183000F030BA86
:10CAB0006FF08600F0BC704770B406681C2E03D17E
:10CAC00070BC183000F054BA6FF0860070BC70472C
:10CAD00003681C2B01D000207047183000F07ABA90
:10CAE0002DE9F0435FFA83FC0F4D4CF0007CAC4520
:10CAF000079E4468DDE9087EDDE90A8911D0240A31
:10CB000014B10A4DAC4208D1CDE90A89CDE9087EBD
:10CB10000796BDE8F04300F017BE6FF08600BDE851
:10CB2000F0836FF08500FAE7050000020100800045
:10CB3000F0B583B0089E0F4F5FFA86FC4CF0007C86
:10CB4000BC454C6812D0240A054614B10A488442F8
:10CB500009D1009605F1080000F06AFD08B91C2310
:10CB60002B6003B0F0BD6FF08600FAE76FF0850030
:10CB7000F7E700BF0500000201008000F0B583B0B8
:10CB8000089E0F4F5FFA86FC4CF0007CBC454C6859
:10CB900012D0240A054614B10A48844209D10096ED
:10CBA00005F1080000F068FD08B91C232B6003B0F4
:10CBB000F0BD6FF08600FAE76FF08500F7E700BF81
:10CBC000050000020100800003681C2B02D1083020
:10CBD00000F076BD6FF08600704700BF10B40468A7
:10CBE0001C2C03D110BC083000F074BD6FF086001F
:10CBF00010BC704703681C2B02D1083000F074BDD4
:10CC00006FF08600704700BF03681C2B01D0002026
:10CC10007047083000F086BD10B50446103000F0B3
:10CC2000C7FA08B91C23236010BD00BF03681C2B82
:10CC300002D1103000F0FEBA6FF08800704700BFDC
:10CC400010B404681C2C03D110BC103000F0F4BAEE
:10CC50006FF0880010BC704710B404681A461C2C92
:10CC6000019B03D110BC103000F0E6BA6FF08800D1
:10CC700010BC704703681C2B02D1103000F03CBB85
:10CC80006FF08800704700BF03681C2B01D00020A4
:10CC90007047103000F0B8BB2DE9F0414468DDF872
:10CCA00028805FEA142CDDE90656DDE9087E02D013
:10CCB000074CA44508D1CDE909E8CDE907670695F9
:10CCC000BDE8F04100F0C8BD6FF08600BDE8F0811E
:10CCD000010080000020704710B582B0002001AB39
:10CCE000144601F021FA30B9019BA34218BF6FF03E
:10CCF000930002B010BD6FF09200FAE70020704779
:10CD00006FF08500704700BF6FF08500704700BF6F
:10CD1000B0F800C070B40CF44F4CBCF5824F02D197
:10CD200070BC00F0E9BD6FF0850070BC704700BFBB
:10CD30006FF08500704700BFB0F800C030B42CF031
:10CD4000FF0CBCF5E24F02D130BC00F025BE6FF005
:10CD5000850030BC704700BFF0B50C8885B00A9FD5
:10CD6000B4F5105F27F47E16C7F305471DD11146B1
:10CD70001A4623F00803102B054601D0202A18D1AB
:10CD80000D4B9E4211D1002428462346CDE9024492
:10CD9000CDE9004404F084F8204685F83C41C5F80C
:10CDA000386185F83E7105B0F0BD6FF0850005B0C3
:10CDB000F0BD6FF08600F6E700014005F0B50C8885
:10CDC00085B00A9EB4F5105F26F47E17C6F30546BB
:10CDD0001ED111461A4623F00803102B054601D038
:10CDE000202A19D10E4B9F4212D1002428462346F7
:10CDF000CDE90244CDE9004404F052F80123204675
:10CE0000C5F8387185F83E6185F83C3105B0F0BD54
:10CE10006FF0850005B0F0BD6FF08600F6E700BF4B
:10CE20000001400503464FF0010C0020C3E94C12FD
:10CE300083F83DC1704700BF30B51446104DD0F89F
:10CE4000382185B0AA4214D1E21F062A14D8D0F89E
:10CE500030210B460392D0F8342190F83E11029213
:10CE60000022CDE90041114604F01AF8002005B077
:10CE700030BD6FF08500FAE76FF08600F7E700BF7E
:10CE80000001400538B5D0F838C10A4B9C450DD19A
:10CE90000446154604F020F894F83D3123B1D4F847
:10CEA00030315B1BC4F83031002038BD6FF0850095
:10CEB00038BD00BF0001400538B515460A46194681
:10CEC000049BAB421ED3059BD0F838C11D600F4BAD
:10CED00004469C4513D190F83C3163B92B4603F0CE
:10CEE000FFFF94F83D3123B1D4F834315B1BC4F813
:10CEF0003431002038BD2B4604F0DEF8F1E76FF046
:10CF0000850038BD6FF0890038BD00BF00014005C5
:10CF100038B5059990F83E218A4224D890F83D1101
:10CF2000044629B1D0F83411D1B9D0F83011B9B9CB
:10CF30000025D4F838010D491D60069B88421A600F
:10CF40000BD12046049904F0A7F94FF4A0722946AA
:10CF50002046FBF79BFF284638BD6FF0850038BDA3
:10CF60006FF0860038BD6FF0890038BD00014005C4
:10CF700038B5059990F83E218A4225D190F83D11A7
:10CF80000446A1B90025D4F8380111491D60884232
:10CF900017D12046049904F0B1F90546A0B901461D
:10CFA0004FF4A0722046FBF771FF284638BDD0F839
:10CFB000341119B9D0F830110029E3D06FF086058B
:10CFC000F3E76FF08505F0E76FF09405EDE700BF3C
:10CFD0000001400508B54FF4A0720021FBF756FF91
:10CFE000002008BD2DE9F043D1B05D9DC3F3054499
:10CFF00014EB050CDDF864E15B9E5E9F47D2DDF823
:10D000007C91CC4543D80088DDF88091B0F5105F65
:10D01000C9F800C035D122F0080010284FEA1348A3
:10D0200001D0202A30D11B4823F47E13834228D11B
:10D03000231F0C2B28D818F0010F25D1AEF10703C0
:10D04000062B21D8CDE90256589BCDF800E001947B
:10D0500005A803F025FF76B92B4639465C9A05A84A
:10D0600003F03EFF05A82246791904F015F90020C7
:10D0700051B0BDE8F08332465A9905A803F02CFF61
:10D08000EAE76FF08500F3E76FF08600F0E76FF0F6
:10D090008900EDE7000140052DE9F041D0B0C3F370
:10D0A000054459AE96E8C0407445DDF85CC1AEEB6E
:10D0B000040544D8DDF874E1754546D80088DDF8EC
:10D0C00078E1B0F5105FCEF800503BD122F00800B7
:10D0D00010284FEA134801D0202A30D11C4823F4ED
:10D0E0007E1383422ED1231F0C2B28D818F0010F5A
:10D0F00025D1ACF10703062B21D8CDE90256569B6A
:10D10000CDF800C0019405A803F0CAFE8EB92B46E5
:10D110003A465C9905A803F0CFFF224605A8791985
:10D1200004F0ECF8002818BF6FF0940050B0BDE890
:10D13000F0813246589905A803F0CEFEE7E76FF07C
:10D140008600F3E76FF08500F0E76FF08900EDE708
:10D15000000140054FF6F8734FF6FF7CF0B54FF431
:10D160008065B3EBC20F4FEAC20338BF63468BB092
:10D1700000240595054616460F46ADF80E30B0F86A
:10D18000C43221464FF4B072ADF80C30CDE90644FC
:10D19000CDE908440494FBF779FED5F8C012334674
:10D1A00000913A46284603A9FFF7C2FC0BB0F0BD38
:10D1B000034610B4C8B21D4C40F00072A2420FD01A
:10D1C00002F17E42043A112A2CD8DFE802F0292924
:10D1D0002B2B2321272523212B2B232127252B25EF
:10D1E00010224FF4885483F8C722114A21F0FF011E
:10D1F00040F060709142C3F8C002A3F8C44211D15C
:10D200000122002083F8D822C3F8D02210BC704736
:10D210002022E6E71C22E4E74022E2E73022E0E7B2
:10D220001422DEE76FF08500F0E700BF0300000284
:10D230000001000800207047F0B540F20226B1421C
:10D24000044617461D4683B00CD040F20323994292
:10D2500029D040F2011399420ED06FF08606304675
:10D2600003B0F0BD23B190F8D832013B012B33D984
:10D270000026304603B0F0BDB0F8C83233B990F89C
:10D28000C7221C49FFF766FF064630B92A463946D1
:10D290002046FFF799FC064690B12046FFF7B4FC04
:10D2A000304603B0F0BDB5F5807F1FD82A46394619
:10D2B00000F5C070FBF7AEFD0026A4F8CA52D8E70F
:10D2C000204694F8C72201AB04F52071FFF786FCD5
:10D2D00006460028CCD0E0E72A463946FFF73AFF59
:10D2E00006460028D9D1A4F8C852C1E76FF08C06D1
:10D2F000B5E700BFA83201002DE9F04F83B0002A46
:10D3000073D090F8C64205468846174690F8C76223
:10D31000002C50D105F5207A05F5B07905F5C07BD4
:10D3200095F8D83203F0FD03012B05D06FF0880487
:10D33000204603B0BDE8F08F324651462846FFF73D
:10D3400009FF0446002843D1D5F8D032012B06D975
:10D35000324649462846FFF737FC0446C0BB5946CB
:10D360002846B5F8CA22FFF72FFC0DF10301044649
:10D3700070BBD5F8D032012228468DF80330FFF774
:10D3800023FC01AB044618BB324649462846FFF74A
:10D3900025FC0446E0B9D5F8D032B74203F10103C9
:10D3A000C5F8D03226D9404632464946FBF732FD11
:10D3B000B044BF1BB4E700F5B071331B944219446D
:10D3C0000DD2171B40462246A044FBF723FDA1E7E0
:10D3D0002846FFF719FC204603B0BDE8F08F404611
:10D3E000E41BFBF717FD85F8C6420024204603B076
:10D3F000BDE8F08F494640463A46F61BFBF70AFD6A
:10D4000085F8C662F1E700BF90F8D832022B02D847
:10D410001BB9002070470B2BFBD1FFF7F5BB00BFFA
:10D420002DE9F0433A4FDDB245F00075BD420646A6
:10D430008846144683B053D005F17E43043B112B3C
:10D4400018D8344A0F2B52F823905ED8324A52F83B
:10D450002370A74213D229463046FFF72FFA30B97E
:10D46000224641463046FFF747FA00283CD003B039
:10D47000BDE8F0834FF000094F46A742EBD32946A1
:10D480003046FFF71BFA0028F1D16CB1601E404412
:10D4900008F1FF3106F20B1211F8013F83F0360359
:10D4A000884202F8013FF7D1A7420AD9362104F297
:10D4B0000B1306F20B1233443A4403F8011F9A424D
:10D4C000FBD13A46304606F58671FFF715FA00287B
:10D4D000CDD1C6F8E85086F84C7103B0BDE8F083B2
:10D4E0004FF010094027B4E706F586784A464146D2
:10D4F000304601ABFFF70AFA0028B8D10146E8220E
:10D5000030464C46FBF7C2FCB9E70027A1E700BF55
:10D510000300000208330100C83201002DE9F04386
:10D5200000F1EC0883B015461E4620220F4601ABE1
:10D5300041460446FFF7EAF98146C8B994F84C31F0
:10D5400053B104F20B1C63441CF801EF8EF06A0E19
:10D550009C458CF800E0F7D1E82200212046FBF73B
:10D5600095FC2046D4F8E810FFF7A8F9814630B1C1
:10D570002046FFF7D7F9484603B0BDE8F0832046C0
:10D5800094F84C2104F58671FFF7B6F9814600281E
:10D59000EED141462046019AFFF7AEF981460028B8
:10D5A000E6D1019BAB420FD020224146204601AB81
:10D5B000FFF7ACF981460028DAD1414638462A46C1
:10D5C000FBF728FC3560D3E733462A463946204628
:10D5D000FFF79CF98146CEE7F0B504460D461646A6
:10D5E000D5B04FF4A872002168461F46FBF74EFCE9
:10D5F00033462A4621466846FFF712FF30B10446FB
:10D600006846FFF78FF9204655B0F0BD39466846A9
:10D610005A9AFFF771F904460028F1D1DDE95C233D
:10D6200068465B99FFF77AFF0446204655B0F0BD87
:10D630002DE9F041DDF818800E4D08EA0505B5F139
:10D64000607F12D1044601251F46164600214FF483
:10D65000A872FBF71BFC84F8505143463A4631460A
:10D660002046BDE8F041FFF7DBBE6FF08500BDE866
:10D67000F08100BF0000C07F2DE9F041DDF8188087
:10D680000E4D08EA0505B5F1607F12D1044601256B
:10D690001F46164600214FF4A872FBF7F7FB84F8EB
:10D6A000505143463A4631462046BDE8F041FFF727
:10D6B000B7BE6FF08500BDE8F08100BF0000C07FFD
:10D6C00090F85031012B01D1FFF716B96FF08800A7
:10D6D000704700BF90F850C1BCF1010F01D1FFF7B6
:10D6E0001DBF6FF08800704790F85031012B15D1A5
:10D6F00030B58BB00C4601AB02A91546FFF70EFF03
:10D7000008B10BB030BD2A46204602A900F0B6F899
:10D71000002818BF6FF094000BB030BD6FF0880088
:10D72000704700BF90F85031012B01D000207047A6
:10D7300010B50446FFF7F6F84FF4AC72002120460E
:10D74000FBF7A4FB002010BD9C46F0B50C4CDDF8A7
:10D7500024E00CEA0404B4F1607FDDE90535DDE97D
:10D7600007670AD10846CDE9077E1146069605955A
:10D770006246BDE8F040FFF72FBF6FF08500F0BDB7
:10D780000000C07F38B5074B994207D105460C46CB
:10D7900004F0AAF80020C5F8D84038BD6FF0850025
:10D7A00038BD00BF0900000208B50B46E022014663
:10D7B0001846FBF72FFB002008BD00BF10B5064B35
:10D7C000D0F8D8409C4203D104F0B8F8002010BD36
:10D7D0006FF0850010BD00BF0900000270B51D4646
:10D7E0000C4ED0F8D830B3420DD11F2A0ED90446C2
:10D7F00004F07AF92023E022002120462B60FBF779
:10D8000045FB002070BD6FF0850070BD6FF0890092
:10D8100070BD00BF0900000208B5E0220021FBF73F
:10D8200035FB002008BD00BF10B50A4CA0420AD14C
:10D8300002981F280AD9184604F026FA2023039AD2
:10D840000020136010BD6FF0850010BD6FF08900DF
:10D8500010BD00BF09000002B0F800C0F0B50CF424
:10D860004F4CBCF5824FDDF824E003D1BDE8F04019
:10D8700000F014B86FF08500F0BD00BF84460020B2
:10D8800000B562441CF8013B11F801EB944583EAB2
:10D890000E0340EA0300F5D15DF804FB10B5154C0A
:10D8A000B0F802E0A3421CD10EF1070CB2EBDC0F82
:10D8B0004FEADC0318D1059A934218D847F2411277
:10D8C0000088069C904223600BD1039A93420BD1AF
:10D8D000BEF1FF0F05D10498029A03F013FE002059
:10D8E00010BD6FF0850010BD6FF0860010BD6FF0A9
:10D8F000890010BD0000020944F2411CF8B50688F9
:10D900001D4666451446089F438832D047F24112AF
:10D9100096422BD1B3B9202C28D13B680BB1FF2BF9
:10D9200014D1069B9C422CD822462846FBF772FA5B
:10D9300047F241139E420CD0FF23079A0020146047
:10D940003B60F8BDDA1DB4EBD20F0DD06FF086004E
:10D95000F8BDEB7F2A7803F03F0322F0070243F083
:10D9600040032A70EB77E7E7FF2BD6D06FF08500F6
:10D97000F8BD4BB9202AF9D191F91F30002BCCDA30
:10D98000E4E76FF08900F8BDDA1DB4EBD20FDDD10A
:10D99000FF2BF1D0EAE700BFF8B51C46069B47888D
:10D9A000934206881DD320461546FBF733FA47F20B
:10D9B0004113079A9E42156010D1FF2F0BD1E37FD0
:10D9C000227803F03F0322F0070243F04003227065
:10D9D000E3770020F8BD6FF08600F8BD6FF085009A
:10D9E000F8BD6FF08900F8BDBAB1844600B50020DB
:10D9F000531E04E048B9013BA2EB0E000BD39CF888
:10DA0000002091F800E07245F4D1013B0CF1010CCB
:10DA100001F10101F3D25DF804FB1046704700BF2D
:10DA20002DE9F04F4FF0010A284B8FB0D3F800904A
:10DA3000D9F80830D9F800400AFA03FA0AF1FF339E
:10DA4000019314B1A047002838D1012709F10C0B2C
:10DA50004FF000410198FBF767FA06460028F7D01F
:10DA6000DA460024D9F80820A24207FA04F508D9BA
:10DA7000354209D10134A2420AF1040A07FA04F539
:10DA8000F6D8FBF77DFAE3E7DAF80020013492B12B
:10DA900002A92846FBF750FA5AF8042B02A8DDF831
:10DAA0000C80904701464046FBF762FAAE43CFD068
:10DAB000D9F80820D8E7FBF763FAE9E721460448DC
:10DAC000FBF760FCFBF75CFABFE700BF001C00201F
:10DAD0005033010010B5024CA446F9F7EDF810BD23
:10DAE0005985000010B5024CA446F9F7E5F810BDC1
:10DAF0006185000010B5024CA446F9F7DDF810BDB1
:10DB0000F984000010B5024CA446F9F7D5F810BD11
:10DB1000CD80000010B5024CA446F9F7CDF810BD39
:10DB20000D81000010B5024CA446F9F7C5F810BDF0
:10DB30008D85000010B5024CA446F9F7BDF810BD64
:10DB40001186000010B5024CA446F9F7B5F810BDD7
:10DB50005586000010B5024CA446F9F7ADF810BD8B
:10DB60008D81000010B5024CA446F9F7A5F810BD50
:10DB70003982000010B5024CA446F9F79DF810BD9B
:10DB80007D80000030B595B004463C22002105A8F8
:10DB9000FBF77CF900214FF4017C402504AB029394
:10DBA000CDE90011012302AA04480494ADF838C05D
:10DBB000039500F01BFA15B030BD00BF0001004016
:10DBC0002DE9F0439BB08146884614460021382257
:10DBD0000CA81E46229D239FFBF758F94FF4C06303
:10DBE000CDE90A98ADF85030002D30D0249B102E8E
:10DBF0000693259B0997CDE90735269B0293279B22
:10DC0000039326D864B156B1A219611E0DF13B00F1
:10DC1000013A11F8014F914200F8014FF9D11396E2
:10DC200001264024002D02AA0AA90CBF02230323C7
:10DC30000092049104AA002107480196059400F07F
:10DC4000D5F9039B289A13601BB0BDE8F083002F21
:10DC5000CCD06FF08600F7E7000100402DE9F043DB
:10DC60009BB0814688461446002138220CA81E46E7
:10DC7000229D239FFBF70AF940F20163CDE90A9840
:10DC8000ADF85030002D30D0249B102E0693259BEC
:10DC90000997CDE90735269B0293279B039326D846
:10DCA00064B156B1A219611E0DF13B00013A11F8A1
:10DCB000014F914200F8014FF9D1139601264024FB
:10DCC000002D02AA0AA90CBF02230323009204918B
:10DCD00004AA002107480196059400F087F9039BE8
:10DCE000289A13601BB0BDE8F083002FCCD06FF0F2
:10DCF0008600F7E70001004070B594B006460C4678
:10DD0000154600213C2205A8FBF7C0F8402200215F
:10DD100040F605130392326804A80692ADF8383035
:10DD200002900123CDE9001102AA04480495ADF840
:10DD30003A4000F05BF914B070BD00BF0001004034
:10DD400070B5402596B006AE04462A4600213046FE
:10DD5000FBF79CF8012340F60A1C0296042604AA4D
:10DD6000009203952568002102AA019304480494B7
:10DD70000895ADF840C0059600F038F916B070BDB2
:10DD800000010040F0B5402697B006AF04460D46AE
:10DD9000324600213846FBF779F840F6011201239C
:10DDA0000420ADF840202268CDE90440CDE90752B7
:10DDB00004AA00920021019302AA0348CDE9027649
:10DDC00000F014F917B0F0BD000100402DE9F04358
:10DDD0004FF04008064697B00DF118090F4615465A
:10DDE0000021424648461C46FBF750F800213368A4
:10DDF00040F604160893CDE90011022302AA074851
:10DE0000CDE90298ADF8427004950594ADF84060F4
:10DE100000F0ECF817B0BDE8F08300BF000100404F
:10DE2000F0B54027064699B008AB0D4614460021D0
:10DE30003A461846FBF72AF840F6091101231C223E
:10DE400006960426ADF848102968019302AB0490A9
:10DE500000930A9107920223002104AA0348CDE906
:10DE60000246059700F0C2F819B0F0BD000100406D
:10DE7000F0B5082500249C46174604268BB00DEB10
:10DE8000050310AACDE902010892049340F2E9319A
:10DE90000323CDE9004404AA0448CDE906C7099646
:10DEA000059500F0A3F80BB0F0BD00BF02010040E3
:10DEB00030B58DB0CDE9020108200421109C0DEB96
:10DEC00000050694119C089505AD0A9505920793E7
:10DED00009900B9174B1012506AA0223009240F229
:10DEE000EA31064808AA019500F080F8079B2360F4
:10DEF0000DB030BD6FF08600FAE700BF02010040B0
:10DF000030B58DB0CDE90201082000250C2109AB08
:10DF10000DEB0004CDE90955079305940B95069088
:10DF2000089192B10123144607AA40F2EB31009206
:10DF3000019305AA064800F059F8DDE90A13099A89
:10DF4000A360C4E900210DB030BD6FF08600FAE790
:10DF50000201004030B50825002487B0CDE9020158
:10DF60000DEB0501049101234FF47B71CDE90044D1
:10DF700004AA0348059500F039F807B030BD00BF8A
:10DF80000201004030B50024042587B003AA0390A5
:10DF90000492012340F2F331CDE9004404AA04487D
:10DFA000059500F023F80028B8BF012007B030BD68
:10DFB00005010040012370B50D461646042488B0C3
:10DFC00003AA049206AA0390009240F2F23104AA36
:10DFD00001930548CDE90665059400F007F800288F
:10DFE000B8BF012008B070BD050100402DE9F04721
:10DFF000B1F5004F0D46DDE90896074690461C46F0
:10E0000001D2042B11D9FAF7BBFF2406360406F41B
:10E01000E02604F0E0643443A9B24B464246384659
:10E020002143BDE8F047FAF775BF042EEDD9EAE7C2
:10E030007AB18446002000B562441CF8013B11F817
:10E0400001EB944583EA0E0340EA0300F5D15DF845
:10E0500004FB1046704700BF10B50C4C236813B189
:10E060000B4B1B682BB901F057F830B90122084B54
:10E070001A6001232360002010BD0138062801D951
:10E08000044810BD044B53F8200010BDD0C100203F
:10E09000CCC10020FE8FFFFFA8330100144B2DE9F7
:10E0A000F043002814BF04461C46124F236883B077
:10E0B000BB4219D016460D4620464FF4E07104F1DC
:10E0C000040900F061F804F58E78484600F092FEED
:10E0D000404600F09DFC2B464A46404606490096C5
:10E0E00000F0C6FC08B92760002003B0BDE8F0834B
:10E0F000D4C10020A5BCC95AB1EE0000094B10B52F
:10E10000002814BF04461C4604F58E7000F096FCEF
:10E11000201D00F0B1FE20464FF4E07100F034F80D
:10E12000002010BDD4C1002070B50D4C1D46002844
:10E1300014BF064626460B4B306882B098420DD17C
:10E1400006F58E70002633460096144600F0DEFC7D
:10E15000002818BF34462C6002B070BD0248FBE7AF
:10E16000D4C10020A5BCC95AE88FFFFF00F016B843
:10E1700000F024BA38B131B1002201440346013025
:10E1800081421A70FAD1704738B131B1002201448E
:10E190000346013088421A70FAD170477F2872D83E
:10E1A000F0B501263B4D4FEAC00E441C0EF57F0C26
:10E1B000C5F800450CF5044CC5F8046572B6DCF8EA
:10E1C0000040BFF34F8F62B6013454D1D5F80844F4
:10E1D000E407FBD572B6CCF80010BFF34F8F62B6E0
:10E1E00072B6DCF80040BFF34F8F62B6A14240D157
:10E1F000294EC3EB0010064426481C1F0C3335196A
:10E2000054F8047F72B62968BFF34F8F62B60131AC
:10E2100031D1D0F80814C907FBD572B62F60BFF30F
:10E220004F8F62B672B62968BFF34F8F62B68F42C6
:10E230001FD19C42E3D11948704472B60368BFF302
:10E240004F8F62B6013316D11249D1F80834DB077B
:10E25000FBD572B60260BFF34F8F62B672B6036829
:10E26000BFF34F8F62B69A4211D1D1F80C34012B13
:10E270000BD00B4800E00B480022064BC3F80425E6
:10E28000C3F80025F0BD084870470020F4E70748B0
:10E29000F2E700BF009003500488FF000484FF00F1
:10E2A000E38FFFFFE58FFFFFE68FFFFFE28FFFFFAA
:10E2B0007F280CD849B1032901D006487047064988
:10E2C0007F280CBF08460020704708467047024868
:10E2D000704700BF0300F7000100F7001A4A431C13
:10E2E0004FEAC00C70B4C2F800350CF57F0303F59B
:10E2F000044372B61D68BFF34F8F62B60024134B00
:10E30000C2F800459D421CD0A1B1114D861C654448
:10E31000C2F8006572B62D68BFF34F8F62B69D429A
:10E32000C2F800450DD07F280BD8032907D070BC58
:10E33000084870477F2804D870BC002070477F28A9
:10E34000FAD170BC0448704700900350501A8450B2
:10E350000884FF000300F7000100F700B9B90D4A77
:10E36000C30003F57F03013010B403F50443C2F882
:10E37000000572B61C68BFF34F8F62B6064B0748A4
:10E38000C2F800159C4208BF002010BC704704482A
:10E39000704700BF00900350501A84500100F700EE
:10E3A0000300F70000200122024BC3F8380AC3F82B
:10E3B000782470470010845009B11D48704730B46C
:10E3C00001241C4B1C4DC20002F57F022044C5F8FD
:10E3D000004502F50442C3F80811C3F80011C3F860
:10E3E0000411C3F8000572B61168BFF34F8F62B60F
:10E3F000124A914219D11C6000E0A0B9D3F8002163
:10E40000D3F80811D3F804010A43F6D049B90C4BEC
:10E41000002818BF18460022064BC3F8002530BC60
:10E4200070470848F7E70648F5E70748F3E700BFF5
:10E430000C00F10000900350000084500014845040
:10E440000200F7000100F7000600F7002DE9F04791
:10E450000024CCB006468A461746214674220EA8F0
:10E460009946579DDDF85881FAF710FD8022214624
:10E470002CA82B94FAF70AFD8423B5F57F6FCDE91C
:10E480000A440D940C94059374D801F013FC2BAC42
:10E4900005AB01934946DDE95423384602950094C3
:10E4A00000F08EFD002875D107231B930123002265
:10E4B0002693F7180123DFF8ECC0F10001F57F0186
:10E4C000CDE92423CDF868A01C901E9601F50441E7
:10E4D000CCF8007572B60A68BFF34F8F62B6324B44
:10E4E000CCF800059A424AD002220DF113038DF8B0
:10E4F00013201B7810210EA88DF8743000F002FF55
:10E5000010220DF120090092204605990AABCDF8A2
:10E51000049006AA01F0B4FA074600BB012410E0FB
:10E52000102D2E4628BF10260EA9324600F0E6FE1A
:10E5300010210EA800F0E6FE0134AD1B3744E4B212
:10E5400026D0059B4A4606A90EA88DF8AC4001F0DE
:10E550007DFD034608EB0700002BE1D01F46742227
:10E5600000210EA800F0CCFE01F0A4FB38464CB010
:10E57000BDE8F0870D4F38464CB0BDE8F0870C4B36
:10E580001B68B3420BD103220DF113031A70B0E7DD
:10E590002F46E4E7074F38464CB0BDE8F087064FFA
:10E5A000E4E700BF00900350501A84500F00F100C0
:10E5B000CCAF00200E00F1000C00F10070B584B06B
:10E5C0000B9D099CB5F57F6F0CD803F1FF3CBCF1A6
:10E5D0003F0F2BD852B31CB1089E3EB3402C25D818
:10E5E000802903D06FF0010004B070BD7F2817D8D8
:10E5F00003950A9D0021CDE90145089C0094FFF791
:10E6000025FF0028F0D00B4B9842EBD00133984205
:10E6100009D0023B984203D06FF0050004B070BDF2
:10E620004FF0FF30E0E76FF00400DDE76FF002002D
:10E63000DAE700BF0D00F1002DE9F04FB2F5C07F21
:10E64000B5B000F2D680DFF8B09114460D464FF415
:10E65000D07200210DF15C0807464846FAF716FC17
:10E66000404601F09BFE0023A9F8103020232946E4
:10E6700009F11805224689F81730284663BAA9F827
:10E680001230FAF7C7FB80225C4B4046079303F138
:10E690000433089303F1043309932A5503F1043337
:10E6A00007A90A9301F090FE824600287ED10FADA3
:10E6B00004F119032C460BAE0293039701960495BF
:10E6C000102200210198FAF7E1FBDFF834B1DDF800
:10E6D00008A005940E9B5BF8044C5BF80C7C0B992E
:10E6E0005BF8100C5BF8085C5C40019BDDE90C6298
:10E6F0007E40554081EA00071A4601214046CDE997
:10E700000B76CDE90D5401F079FEBAF1100F94BFEC
:10E71000AAEB0A0AAAF1100A0BF1100B002863D128
:10E72000BAF1000FD6D1059C102220460199FAF7C4
:10E7300071FB99F8033010340133A04589F8033098
:10E74000BED1049D802229464046039F019E01F0D0
:10E750003BFE824660BB3C4607F1200913AB1A46DC
:10E760000121404601F04AFE824608BB10222046A5
:10E7700013A91444FAF74EFB4C45EFD1404601F083
:10E780001DFE4FF4D0711C48FFF7FEFC28462021E7
:10E79000FFF7FAFC07A81021FFF7F6FC304610211E
:10E7A000FFF7F2FC504635B0BDE8F08F0FAD0BAE71
:10E7B000404601F003FE4FF4D0710F48FFF7E4FC30
:10E7C00028462021FFF7E0FC102107A8FFF7DCFC1A
:10E7D00010213046FFF7D8FC20213846FFF7D4FC43
:10E7E000504635B0BDE8F08F8246039F019E049DE0
:10E7F000DEE76FF0370AF3E794C30020000102035D
:10E80000A4C300202DE9F04188B004460D46202223
:10E81000002168466F46FAF739FB04F12006E27BD7
:10E820000132D2B2E273002A4DD1A27B0132D2B2C0
:10E83000A273002A47D1637B0133DBB26373002BE1
:10E8400041D1237B0133DBB22373002B3BD1E37A2D
:10E850000133DBB2E372002B35D1A37A0133DBB293
:10E86000A372002B2FD1637A0133DBB2637253BBE7
:10E87000237A0133DBB223722BBBE3790133DBB2A2
:10E88000E37103BBA3790133DBB2A371DBB9637915
:10E890000133DBB26371B3B923790133DBB2237186
:10E8A0008BB9E3780133DBB2E37063B9A37801334A
:10E8B000DBB2A3703BB963780133DBB2637013B989
:10E8C0002378013323703B4622460121304601F074
:10E8D00095FD804650BB103708AB9F429FD1029AEE
:10E8E000AB68039F534002933046EE6807997E4021
:10E8F0000396049F2E69009B7E4004966E69059FD7
:10E9000080227E400596069FAE697E400696EE699F
:10E910007140079129684B40009301996B684B4007
:10E920006946019301F050FD804638B168462021C8
:10E93000FFF72AFC404608B0BDE8F08110222046CF
:10E940000DEB0201FAF766FAF0E700BF2DE9F84394
:10E950001D468369B3F5C07F52D81646C3F5C07211
:10E96000AA424DD3C5F5C072D31AB34248D3044668
:10E97000DFF898904FF4C0720F4648460021FAF72E
:10E9800085FA4946D4F89430A269D4F8980098479B
:10E99000002838D1D4F818803DB1D4E925302A4672
:10E9A00009EB0801984770BBA84407B1C6B91749DD
:10E9B00042460846FFF740FE054638B14FF4C071A5
:10E9C0001248FFF7E1FB2846BDE8F88320460F49CF
:10E9D000FFF718FF05460028F0D101232361EDE77A
:10E9E0003946324609EB0800FAF714FA0749B044F1
:10E9F00042460846FFF720FE05460028DED1E5E73F
:10EA00006FF03705DFE76FF03305DCE734C5002032
:10EA100010B5A42200210446FAF738FA4FF0FF316E
:10EA20004FF6F072044B2161E26104F19C001B6817
:10EA3000BDE81040184700BFF4AF0020A0B110B5EA
:10EA400004460A4B9C301B68984704F1200001F0F3
:10EA5000B5FCA4212046FFF797FB4FF6F0724FF06C
:10EA6000FF33E261236110BD704700BFF0AF0020AB
:10EA70002DE9F043054685B00F46164600211022C9
:10EA800068469946FAF702FA1E4B05F19C08404683
:10EA90001B68984720B10446204605B0BDE8F083C6
:10EAA00005F12004204601F079FCAA69C5E9257624
:10EAB000EAB920232E69AB61002E20DB204669468F
:10EAC000802201F081FC044630B93346494628468D
:10EAD0000C9AFFF73BFF04460B4B40461B689847D8
:10EAE000002818BF0446204605B0BDE8F0832E6913
:10EAF000002EE3DA172A02D801325608DEE7002694
:10EB0000DCE700BFECAF0020E8AF00202DE9F04FBC
:10EB1000B2F5806F8DB0169F00F2E380B7F5807F6D
:10EB200000F2DC80044615460E462022002104A88F
:10EB30009846FAF7ABF96C4B04F19C0948461B6800
:10EB400098478346002840F092802269E3699A4200
:10EB500000F391806369002B40F08D80002F40F01E
:10EB6000A980DFF888A16F46002D00F098806F46DD
:10EB700004F120080EE0102DAB4628BF4FF0100B1B
:10EB8000304639465A46FAF745F9B5EB0B055E446F
:10EB900000F08580E37B0133DBB2E373002B4DD1C2
:10EBA000A37B0133DBB2A373002B47D1637B01331B
:10EBB000DBB26373002B41D1237B0133DBB22373C0
:10EBC000002B3BD1E37A0133DBB2E372002B35D16A
:10EBD000A37A0133DBB2A372002B2FD1637A013306
:10EBE000DBB2637253BB237A0133DBB223722BBBDC
:10EBF000E3790133DBB2E37103BBA3790133DBB209
:10EC0000A371DBB963790133DBB26371B3B92379E3
:10EC10000133DBB223718BB9E3780133DBB2E370EC
:10EC200063B9A3780133DBB2A3703BB963780133D6
:10EC3000DBB2637013B92378013323703B4622465D
:10EC40000121404601F0DAFB8346002893D0DAF830
:10EC50000030484698470346202104A8002B18BFDF
:10EC60009B46FFF791FA10213846FFF78DFA584678
:10EC70000DB0BDE8F08F3A46414600232046FFF72D
:10EC800065FEDFF868A000283FF46DAF4846DAF86B
:10EC900000309847834600283FF465AFE7E72046F9
:10ECA00004A9FFF7AFFD83460028D0D123690133C3
:10ECB0002361CCE73A46414604A8FFF7BDFC8346F2
:10ECC00018B16F46DFF824A0C1E7204604A9FFF77A
:10ECD00099FD834600283FF444AFF2E76FF0370B0D
:10ECE000C5E76FF0350BC2E7ECAF0020E8AF0020BE
:10ECF0002DE9F043202B1D460646884691468BB0F1
:10ED000026D8DBB202AF8DF80480B04658F8041B59
:10ED10008DF8053021B9404601F0B2FB044640B9F8
:10ED2000012302224046336001A901F0BDFB0446E5
:10ED300038B138462021FFF727FA20460BB0BDE84E
:10ED4000F0832A464946404601F0AEFB0446F0E710
:10ED500002AF1946104600233A4601F02BFD044647
:10ED60000028E6D12023B9461D46CCE72DE9F04125
:10ED7000D0F8F830A6B0002BD8BF02AE31DD054682
:10ED80000027D0F80C4102AEA4F101089022D5F87A
:10ED9000FC403146D0F8000101AB0197B8FA88F881
:10EDA000A0474FEA5818044620B9019B53B9B8F15F
:10EDB000000F16D030469021FFF7E6F9204626B026
:10EDC000BDE8F081014632462846FFF791FF58B969
:10EDD000D5F80431019A1344C5F80431B8F1000F95
:10EDE000E8D16FF03C04E5E70446204626B0BDE8D4
:10EDF000F08100BF70B500250446142204F5887622
:10EE00002946C0F8F850FC30FAF740F808222946A5
:10EE10003046FAF73BF8144B30461B6898472046BB
:10EE200040F8045B01F012FB104B30461B6898471A
:10EE3000C8B9D4F8F830AB420FDC03EB830204EB23
:10EE400082022021C2F800010120C2E942100849D3
:10EE50000133C2F8FC10C4F8F830064B3046BDE868
:10EE600070401B68184770BDF4AF0020ECAF002065
:10EE7000A1020100E8AF00200368013315D010B5EE
:10EE800004460A4B00F588701B689847201D01F066
:10EE9000F1FA00231421C4F8F83004F1FC00FFF764
:10EEA00073F94FF0FF33236010BD7047F0AF0020BF
:10EEB0002DE9F047202A88B07AD83F4B00F58879B1
:10EEC00004461B6848461746884698470546F8B9E1
:10EED00040F20116D4F8F830002B65D02046FFF739
:10EEE00045FF054638B9D4F8F830002B14DC013E54
:10EEF000F2D16FF03B056E4620213046FFF744F912
:10EF00002E4B48461B689847002818BF6FF01D0518
:10EF1000284608B0BDE8F087D4E94132934203D3D4
:10EF2000D4F80C21012A02D0013ED7D1E1E71F2BF2
:10EF3000FAD96E4601462022304604F1040AF9F758
:10EF4000A5FF3146504601F0D9FA05460028D3D135
:10EF5000504601F08FFA504601F078FA29465046A3
:10EF600001F08EFA05460028C6D1504620223146CF
:10EF700001F09AFA05460028BED103463246202108
:10EF8000304601F017FC05460028B5D1D4F8F8301A
:10EF90003A46002BC8BF002340463146C8BFC4F8DC
:10EFA0000431F9F737FFA7E76FF03F056E46A3E797
:10EFB0006FF03B05ACE700BFECAF0020E8AF0020EE
:10EFC0002DE9F041002482B00A9D0194B5F57F6FD0
:10EFD00040D8ED00B5F5807F1E4634BF03230423DF
:10EFE00001F1FF3CBCF13F0F0C46009332D888B3CF
:10EFF000174666BB089A6AB3099A116851B3A219F9
:10F000001344994226D3089B01462246581C00F01F
:10F0100075F9089B04F102081C440023637026BBA9
:10F02000089BFF2D009503EB080017D92B029BB21C
:10F0300043EA1523022201A9019300F05FF908F1C8
:10F0400002030020099A136002B0BDE8F0810AB102
:10F05000402ECFD9094802B0BDE8F08101226946AF
:10F0600000F04CF908F10103EBE7089B324603EB93
:10F070000800394600F042F9B044D1E706000080AC
:10F08000002130B58DB0282202A80191F9F7FEFECB
:10F0900002A801F0B7FB044610B120460DB030BD08
:10F0A000174D4FF0FF31286800F044F9044620B1B5
:10F0B000144800F0DBF9012C18D0002000F06AF9A8
:10F0C000D0B9114A02A901A800F0CCFC04460120E5
:10F0D00000F060F960B9286800F034F90028DCD04D
:10F0E0000A4800F0C3F920460DB030BD0524F2E710
:10F0F000074800F0BBF9EEE7064800F0B7F9E0E793
:10F10000D4AF0020C4330100B4C600201C34010079
:10F11000FC330100DC33010030B583B000F05CF853
:10F1200028B100F0ABF80324204603B030BD00F056
:10F1300077F8D8B900F02EF9E0B9224CD4F8283984
:10F140001B0EF02B0AD1D4F8242A1F4B9A4231D03F
:10F1500000F044F8072400F091F8E5E7062400F0F9
:10F160003DF800F08BF8204603B030BD0424204663
:10F1700003B030BD00F032F800F080F8FFF780FFF8
:10F18000044698B9114D2B68002BCDD1024601469B
:10F19000FEF784FF50B968220D4901ABFEF7C4FFAA
:10F1A00020B920460B4B2B6003B030BD0524204610
:10F1B00003B030BD012000F0EDF80028DAD1C4F82A
:10F1C0000C0ADBE7001084500000E020D4C80020C7
:10F1D000D8C800205AEA5A5A0020704700207047C9
:10F1E000430504D54FF0FF32034BC3F80821024B0F
:10F1F000C3F8080A704700BF00108450014BC3F8E1
:10F20000040A70470010845008B100F06BB84FF446
:10F210007500704708B100F04FB84FF475007047A3
:10F2200010B5114800F072F800B110BD0F4800F0A1
:10F230006DF80028F9D10E4C204600F067F8002840
:10F24000F3D10C4B0C481C6000F060F8014600281C
:10F25000EBD100F02DF8044608B1204610BD00F0B7
:10F260007BF82046FAE700BFE4AF0020E0AF0020C3
:10F27000DCAF0020D4AF0020D8AF002008B508488C
:10F2800000F04EF8074800F04BF8074800F048F847
:10F29000064800F045F8BDE8084000F00BB800BF94
:10F2A000E4AF0020E0AF0020DCAF0020D8AF0020AA
:10F2B00000207047704700BF024610B4084CD4F8D5
:10F2C000003A1342FBD021B1D4F804310B60C4F8EA
:10F2D0000831034B0020C3F8082A10BC704700BF58
:10F2E00000108450044AD2F8003A1842FBD0C2F809
:10F2F000080A0020704700BF00108450F9F73CBD99
:10F30000F9F7C4BD0A460021F9F7C0BD08B5034BA3
:10F3100002681B6810689847002008BD14B00020E0
:10F3200008B5034B02685B6810689847002008BD69
:10F3300014B00020024B02689B681068184700BF99
:10F3400014B0002008B5034B0268DB6810689847CA
:10F35000002008BD14B0002070B5094C094D20698B
:10F36000AB68984718B1084B08485B68984700217C
:10F37000074AEB6811602069BDE87040184700BF7C
:10F3800000B0002014B00020F8AF00203434010099
:10F3900040C90020F8B51A4D1A4E0446B2682869D3
:10F3A0009047E8B9184F3B684CB1A3B1012B19D075
:10F3B000013B3B602869F36898470020F8BD43B9DA
:10F3C0000121124AC2F800151149D1F81029002A6A
:10F3D000FBD101333B60F368286998470020F8BDF2
:10F3E0000C48F8BD0A4AD2F81039002BFBD1074A65
:10F3F0006FF07E40C2F80035FFF700FF3B68D7E7AB
:10F4000000B0002014B0002040C90020000084504B
:10F4100000108450E98FFFFF014B1B68184700BFA5
:10F4200014B00020014B5B68184700BF14B00020E7
:10F43000014B9B68184700BF14B00020014BDB68EC
:10F44000184700BF14B00020BFF34F8F0549064B8B
:10F45000CA6802F4E0621343CB60BFF34F8F00BF72
:10F46000FDE700BF00ED00E00400FA0530B44FF006
:10F47000FE320025074B084C08494968C3F80024B0
:10F48000C3F80424C3F80824C3F80C24C4F80055B6
:10F4900030BC08470010845000008450F8AF0020B2
:10F4A00010B5044650B1636813F0685F05D0064A92
:10F4B000934202D000236260236010BD034B0448D6
:10F4C0005B689847EFE700BF2C5F5CA9F8AF0020AE
:10F4D00054340100C8B143680D4A934213D013F06D
:10F4E000685F0ED0012350E8002F194640E8001C49
:10F4F0009CF0000FF7D1012AF5D0BFF35F8F0020F9
:10F50000704704487047044870476FF4E040704704
:10F510002C5F5CA9E98FFFFFEA8FFFFF034680B1F4
:10F52000426809498A420AD012F0685F05D0BFF3E9
:10F530005F8F002210461A607047044870470448E5
:10F5400070476FF4E04070472C5F5CA9E98FFFFFC4
:10F55000EA8FFFFF10B5044620B10023034A236061
:10F56000626010BD0248FFF781FFF6E73A00003AFB
:10F570007C3401002DE9F047002878D00C460029A2
:10F5800075D01D46002B72D007461AB10122002308
:10F590002A6003602B68002B64D02946204601F0C6
:10F5A00023FA804600285FD12146286801F002FA3C
:10F5B0008046002858D12B68082B6CD0042B6DD0C6
:10F5C000A3F10209B9FA89F94FEA59190121354E17
:10F5D000C6F8C411C6F84011C6F8C411636AC6F86B
:10F5E0003031D6F830219342F6D14FF0000A4FF077
:10F5F000FF30C6F82CA1FFF7F3FD6FF01B03504658
:10F60000C6F80031FFF7FAFDC6F80C91D6F8040AE7
:10F6100040F48060FFF7F2FD0A23C6F83831089BFA
:10F62000012B29D02369204AA2FB03231B09626A0C
:10F63000404602FB03F303EB43031A4ADB039B0937
:10F64000C2F8D8310123C2F82C313B682A6823F074
:10F650007F4343EA02633B602A6843EA02233B603C
:10F66000BDE8F087DFF844804046BDE8F087DFF86A
:10F6700040804046BDE8F0874FF47F03D3F80C2C60
:10F68000013206D0D3F80C3C074AA2FB03231B0926
:10F69000CDE71623CBE74FF0030997E74FF00209B8
:10F6A00094E700BF00108450ABAAAAAA310CF10065
:10F6B000350CF10058B34B1EB3F5047F27D230B59B
:10F6C0004FF0000ECD00744671464B0901F01F0C3F
:10F6D00050F82330BCF11F0F23FA0CF306D003F0CF
:10F6E000010319B901211C468E46EEE79C4201F147
:10F6F000010106D01C464FF0010EA942E5D10020C1
:10F7000030BD0EF1010E9645F7D1024830BD0148DB
:10F71000704700BF360CF100C0B32DE9F0434C1E1A
:10F72000B4F5047F1DD2E3B1DAB100252E46A84618
:10F730002C46CF0003F1FF394FEA541C04F01F0E92
:10F7400050F82C10BEF11F0F21FA0EFC0CD00CF05B
:10F75000010C4CB90126E04634463546ECE79642AA
:10F7600016D90C48BDE8F083AB420BD0C44508BFA6
:10F770000136A945F3D001350134BC42DCD100206B
:10F78000BDE8F0830125E0462E46F5E701487047C5
:10F790001D46F1E7370CF1002DE9F04F91B083469B
:10F7A000DDE91B460D46002E6ED10F691C6000235B
:10F7B0001A990B60002A00F02F819D4B6A6AD3F8DA
:10F7C0003811D3F830319A4269D10A2967D19BF8B0
:10F7D0000330089304F10803079304230593954B22
:10F7E000934CA3FB07239B0803EB4303A7EB4303C3
:10F7F000039306971A9B069E1E60002E00F0EA8077
:10F8000001F002F900230993BBF1000F00F0D5804D
:10F8100098464FF0010ADDF81C90002D00F0CD80D5
:10F82000089B002B3DD0284608A901F0DDF80028F0
:10F8300039D0814B984220D0089B082B00F0E480FF
:10F8400000225B000893294608AB58460092FFF758
:10F8500091FE7A4B984200F0D38070B9DBF800201B
:10F86000130A03F47F03134323F07F43CBF80030E4
:10F87000059B013B0593BDD10020039001F0C4F826
:10F88000039811B0BDE8F08F4FF47F01D1F80C0C54
:10F8900001300CBF4FF40477D1F80C7C86E7684840
:10F8A000EBE76648C5E72946089801F083F8002889
:10F8B000BFD1089B082B00F0A980042B00F0A98081
:10F8C000A3F10203B3FA83F35B090493C4F8C4A160
:10F8D000C4F840A1C4F8C4A16B6AC4F83031D4F8AC
:10F8E00030219342F6D100234FF0FF30C4F82C3181
:10F8F000FFF776FC002318466FF01B03C4F80031B5
:10F90000FFF77CFC049B4B4FC4F80C31D4F8040A7D
:10F9100040F48060FFF772FC0A23C4F838312B6989
:10F9200009A8A7FB03236A6A1B0902FB03F303EB85
:10F930004303DB039B09C4F8D831C4F82CA1DBF8DE
:10F940000030089923F07F420B0243EA016313431E
:10F95000CBF8003001F01EF8099B03F01A030343B3
:10F960007FF46AAFA7FB0637D4F81431B8EB970FD2
:10F970000A93D4F818310B93D4F81C310C93D4F8B3
:10F9800020310D93D4F824310E93D4F828310F93FD
:10F9900001D1039B9BB9484618220AA9183EFFF7DC
:10F9A000ADFC09F1180908F101089EB101F02CF82D
:10F9B00000230993002D7FF433AF224839E74846EE
:10F9C0001A46F61A0AA9994408F10108FFF796FCAD
:10F9D000002EEBD1069F079E6A6939463046FFF735
:10F9E00069FEAA6940B94FF4806339463046FFF793
:10F9F00093FE00283FF440AF00231A9A136018E7E3
:10FA00002B6A002B3FF439AF0F4836E703230493EA
:10FA10005CE70223049359E70122294658460096E1
:10FA200008ABFFF7A7FD00283FF4D4AE25E700BFE1
:10FA300000108450ABAAAAAA020CF100310CF1000C
:10FA4000300CF100350CF100320CF10010B4DDE99E
:10FA5000013401940024DDF80CC0CDE902C410BCCF
:10FA6000FFF79ABE30B51546012487B005AB009369
:10FA70000022CDE9015404ABFFF78EFE07B030BD84
:10FA8000F0B5002483B0B0F1005F8DF8074025D3B6
:10FA90008C468444BCF1804F04461FD817461D464F
:10FAA00001220DF1070300F0E7FE0646B0B99DF80C
:10FAB0000730099A3C603B7192B14DB102460899FA
:10FAC00028460DF1070300F0D7FE38B99DF807303E
:10FAD0003046099A1560137103B0F0BD4FF47506F6
:10FAE000304603B0F0BD00BF002867D038B590F8AD
:10FAF0003C300446022B17D0032B42D0002B31D0D0
:10FB00003048314D2A68314B1268C3F800242A6806
:10FB10005268C3F804242A689268C3F808242A6843
:10FB2000D268C3F80C2438BD016B006CFEF7D6FB1D
:10FB3000254D0028E6D12A68244B1268C3F800241A
:10FB40002A685268C3F804242A689268C3F8082413
:10FB50002A68D268C3F80C24216B206CFEF72CFCB9
:10FB600068B1CFE70269194BC3F800244269C3F8B2
:10FB700004248269C3F80824C269C3F80C24002055
:10FB800038BD016B006CFEF7E9FB0F4D0028B9D1C1
:10FB90002A680E4B1268C3F800242A685268C3F81A
:10FBA00004242A689268C3F808242A68D268C3F833
:10FBB0000C24FEF7F7FB0028E1D0A3E74FF4710017
:10FBC000704700BF0900F100D0AF00200010845042
:10FBD00038B50446364AD2F81039002BFBD1344AE6
:10FBE000D2F87034002BFBD1314AD2F8203D002BE3
:10FBF000FBD12F4AD2F8203C002BFBD12C4AD2F863
:10FC0000383D002BFBD12A4DD5F8383C002BFBD1D9
:10FC10004FF0FF30FFF7E4FA636BD5F8040A23F0E6
:10FC20000403032BE36D39D0012B0CBF20F08000BF
:10FC300020F02000FFF7E2FA01231D4AC2F8003944
:10FC4000D2F81039002BFBD1194AD2F87034002BAE
:10FC5000FBD11749C2F8BC34D1F81039002BFBD1C5
:10FC6000134AD2F87034002BFBD1626B002022F0D3
:10FC70000401032918BFA36B4FEA820218BF03F0E7
:10FC800001030B4902F01C021A43C1F8C024636B44
:10FC9000072B04BF0123C1F87C3438BD012B0CBFF6
:10FCA00020F0400020F01000FFF7A8FAC4E700BFE2
:10FCB00000108450094A0A4B11680968C3F80014FF
:10FCC00011684968C3F8041411688968C3F80814F6
:10FCD0001268D268C3F80C24704700BFD0AF002070
:10FCE000001084502DE9F04F85B0002900F0EC8021
:10FCF0009046002A00F0E8800546002800F029819F
:10FD00009946C36D0E46002B52D1B9F5805F54D28F
:10FD100095F83C30042B00F0FF8000274FF0FF31B6
:10FD2000AC48FFF707FB002840F0D5800020FFF724
:10FD300031FB002840F0D8800123A748C0F81038D4
:10FD4000D0F81049002CFBD16B6B032B3ADC002B55
:10FD50003BDAA24CA04AD2F81039002BFBD1002F7D
:10FD600040F0D1806B6BEA6D23F00403032B9A4BB8
:10FD7000D3F8040A00F09F80012A0CBF40F08000F5
:10FD800040F02000FFF73AFA0022934B0120C3F81D
:10FD90001028FFF7FFFA002840F0B1808D48FFF7E8
:10FDA000D1FA002840F0A480204605B0BDE8F08FCD
:10FDB000012BADD1B9F5803FAAD3894C204605B0BF
:10FDC000BDE8F08F063B012BC3D8AB6B012B00F2D3
:10FDD000BE80EB6D012B7CD82B6E012B00F2E880EE
:10FDE0002846FFF7F5FE04460028B3D12846FFF762
:10FDF0007BFE04460028ADD16B6B072BA9D80122EE
:10FE00009A4012F08A0F40F0D58012F0440F40F073
:10FE1000BA80D2079DD523F00403032B32680DD09E
:10FE20002B6ED8F80010012B6B4B0BBFC3F8281DAD
:10FE3000C3F8301DC3F82C9DC3F8349DEB6D012B26
:10FE4000654B0BBFC3F8282CC3F8302CC3F82C9C8F
:10FE5000C3F8349C6B6B23F00403032B00F0A280E7
:10FE60002B6E012B14BF20208020FFF7CDF9044614
:10FE700000287FF46FAF584BD3F81049002CFBD10A
:10FE8000696B072914D801228A4012F08A0F40F0CA
:10FE9000BB8012F0440F0BD0D3F860242A60D3F853
:10FEA00064246A60D3F86824AA60D3F86C34EB60E9
:10FEB0000123AB654EE7012A0CBF40F0400040F043
:10FEC0001000FFF79BF95FE7464C204605B0BDE800
:10FED000F08F454C3EE74548FFF7C8FA0020FFF792
:10FEE00059FA00283FF428AF4148FFF7BFFA23E74B
:10FEF0004048FFF7BBFA204605B0BDE8F08F3E480A
:10FF0000FFF7B4FA4AE70423202105F1100085F831
:10FF10003C30FFF7F7F925E7296B286CFEF7C8F9A5
:10FF200098B9364F2C4C3B681B68C4F800343B68CA
:10FF30005B68C4F804343B689B68C4F808343B68C9
:10FF4000DB68C4F80C34296B31B10127E6E62C4C90
:10FF500000E74FF4710427E74FF0100B2B6D05EB12
:10FF60000B0A0193EB6CCDF808A00093286CD5E93F
:10FF70001123CDF80CB0FEF769FA002851D1002307
:10FF800085F83C30E1E72A68134BC3F860246A68BF
:10FF9000C3F86424AA68C3F86824EA68C3F86C2428
:10FFA0006B6B38E7EB6D012B14BF102040205CE732
:10FFB000144CCFE62A68084BC3F840246A68C3F89B
:10FFC0004424AA68C3F84824EA68C3F84C246B6B3D
:10FFD00021E700BFE4AF0020001084500100F100D1
:10FFE0000500F1000B00F1000300F100C433010033
:10FFF000DC3301001C340100FC330100D0AF0020D1
:020000021000EC
:100000000200F1000400F100D3F840242A60D3F884
:1000100044246A60D3F84824AA60D3F84C34EB60D7
:1000200046E73B6859461B685046C4F800343B68B5
:100030005B68C4F804343B689B68C4F808343B68C8
:10004000DB68C4F80C34FFF75DF998E72DE9F0415F
:1000500009B302B30446002800F0AF801D46436B8D
:100060000E46072B1BD05DB9032B10D1836D73B9DE
:1000700045668566C5660567102500F164030B605B
:100080002B4631462046BDE8F041FFF72BBE2F46F8
:100090003846BDE8F081764F3846BDE8F081C36D43
:1000A000002B40F08D80B5F5805F80F090801DB909
:1000B000A36D002B40F08B804FF0FF316D48FFF7B0
:1000C00039F9002840F08F800020FFF763F90028FD
:1000D00040F085800123684AC2F81038D2F8103900
:1000E000002BFBD1636B032B4FDD063B012B4ED85E
:1000F000A36B012B6DD8E36D012B78D8236E012BF8
:1001000077D82046FFF764FD0746002840D12046F7
:10011000FFF7EAFC074600283AD1626B072A36D877
:100120000123934013F08A0F40F0818013F0440FB5
:100130006FD1DB072BD501224F4BC3F87C24C3F8CA
:10014000BC543168002D56D1A16D09B9C3F82425DE
:10015000494BD3F81079002FFBD1616B072917D8D1
:1001600001228A4012F08A0F6FD112F0440F0FD093
:10017000D3F860242260D3F864246260D3F8682442
:10018000A260D3F86C34E36002E0002BB0DA3B4F9E
:10019000394AD2F81039002BFBD10120C2F81038AF
:1001A000FFF7F8F8B8B93348FFF7CCF800283FF468
:1001B0006FAF3348FFF75AF96AE74FF4710767E703
:1001C000012B7FF474AFB5F5803FFFF470AF2D4F76
:1001D0005EE72D4FDCE72D48FFF748F9E3E72C48B1
:1001E000FFF744F976E72B48FFF740F96CE72A4F11
:1001F000CEE72A4FCCE7E26D012A33D01020C3F8B6
:10020000301CC3F8345CFEF7FFFF074600289FD080
:10021000BEE72268184BC3F860246268C3F8642400
:10022000A268C3F86824E268C3F86C2483E72268F4
:10023000114BC3F840246268C3F84424A268C3F891
:100240004824E268C3F84C2475E7D3F840242260C0
:10025000D3F844246260D3F84824A260D3F84C3425
:10026000E36095E7C3F8281C4020C3F82C5CCAE77C
:100270000B00F100E4AF0020001084500100F100F9
:100280001C3401000500F1000200F100FC33010004
:10029000DC330100C43301000300F1000400F1006D
:1002A000F0B587B0002966D01E46002B63D01446F7
:1002B000002A60D0314F0D4638684FF0FF31FFF70C
:1002C00039F800284DD10020FFF764F8002844D108
:1002D0002B4800F097FAD8B101204FF0FF35FFF717
:1002E00059F8002835D14FF408712648FDF742FF30
:1002F00004212548FDF73EFF21482821FDF73AFF5C
:100300003868FFF71FF800282FD1284607B0F0BD46
:100310001C4A0346029205AA019204AA0390009285
:10032000174902461848FFF791FB03460028D3D12E
:1003300028461D46059B22469C4228BF1A46049922
:1003400032600831FEF7DAFF0120FFF723F80028BA
:10035000C9D00E48FFF78AF8C5E70D48FFF786F8C1
:10036000B6E70C48FFF782F8ADE70B48FFF77EF8D9
:10037000284607B0F0BD4FF0FF35C6E7D4AF0020E8
:1003800058C9002080C9002054C90020FC33010056
:10039000DC330100C4330100A034010010B5044671
:1003A00030B1002201236265A265E365236610BDBA
:1003B0000148FFF75BF8F4E7B834010018B1742284
:1003C0000021FEF79DBF704788B199B110B5002498
:1003D000802A846380F83C4006D1102204631044D4
:1003E000FEF78CFF204610BD6FF01F0010BD6FF0B0
:1003F000210070476FF01F00704700BF70B50446C2
:1004000086B0F8B11046EAB1E3B101291AD8A26B5F
:1004100016D0012A16D1102500210DEB05060196F4
:1004200002AA616329460095FFF72AFB50B92B46C3
:100430003246204602A9FFF755FC18B906B070BD38
:10044000002AE8D06FF02100F8E700BF10B504469D
:1004500028B12046BDE81040F421FEF753BF044800
:10046000FFF704F82046BDE81040F421FEF74ABF2C
:10047000CC34010010B1F421FDF77CBE704700BF01
:1004800008B521B1012908D06FF0360008BD01215F
:1004900000F058F80028F7D108BD022100F052F80A
:1004A0000028F9D0F0E700BF30B505468818B0F550
:1004B000801F0B461446A1B001D8802A0CD9B3F591
:1004C000801F17D922461946284600F07DF80446B9
:1004D00084B9204621B030BD6846FEF70FFF2246A2
:1004E0006946284600F070F8802104466846FEF709
:1004F00009FFEDE76FF03604EBE700BF70B5E8B138
:100500000E46D9B1044600F031F80546B0B923686B
:10051000012B0BD0022B01D0284670BD1C22304687
:1005200004F10801FEF7EAFE284670BD202230469D
:1005300004F10801FEF7E2FE284670BD6FF03605B3
:10054000EAE700BF78B138B50D46F0210446FEF762
:10055000D9FE402320462560E36500F061FA0038AB
:1005600018BF012038BD0120704700BFF0B5056EEF
:10057000A5B0044604AEE5B9002301270193304637
:100580006760294602AA0093FFF77AFA10B10120AA
:1005900025B0F0BD2A46204602A900F069FA0028DD
:1005A000F5D1204600F07AFB0028F0D1206625B076
:1005B000F0BD802D2A46304628BF802204F1640118
:1005C000FEF79CFE256ED7E7002800F0AE802DE9EF
:1005D000F04F1446A5B0002A3DD00F46002949D05F
:1005E000B2F5803F0546006E20D34FF6FF7805F147
:1005F000640AEB6D1A1AB2FBF3F103FB1122002A15
:1006000065D18342B9464FF6FF7672D0B6FBF3FB55
:1006100003FB0BFBBBF1000F30D1002E45D1A4F53D
:100620007F44FF3CB4F5803F4744E2D2EA6D161A9E
:10063000B6FBF2F302FB1366A64228BF2646002E45
:1006400075D1824200F08D80B4FBF2F602FB06F613
:100650002EB9002C79D1002025B0BDE8F08F002301
:1006600031463846CDE9003302AAFFF709FA0028DF
:1006700000F09580012025B0BDE8F08F0023594699
:100680004846CDE9003302AAFFF7FAF90028F1D174
:100690005A46284602A900F0EBF90028EAD1A6EB59
:1006A0000B06286ED944002EB9D01930494632467F
:1006B00005EB8000FEF722FEA4F57F44286EFF3C88
:1006C0003044B4F5803F4744286692D2AEE74245B5
:1006D00028BF4246164639465044FEF70FFE286EA4
:1006E000EB6D3044834207EB06092866A8EB06064B
:1006F0008CD1802B28BF802351461A4604A8FEF7D0
:10070000FDFD0023E96D02AACDE9003304A8FFF73F
:10071000B7F90028AED12846EA6D02A900F0A8F981
:100720000028A7D1EB6D286670E70120704705F11E
:100730006403394632461844FEF7E0FD286EEA6D40
:100740003044A41B374428667BE72B6E22461933BE
:1007500005EB83003946FEF7D1FD2B6E23442B6653
:1007600079E7802A28BF802205F1640104A8FEF7FA
:10077000C5FD0023E96D04A8CDE9003302AAFFF707
:100780007FF900287FF476AF2846EA6D02A900F0D1
:100790006FF900287FF46EAFEA6D286654E73246A1
:1007A000284602A900F064F900287FF463AF3744BB
:1007B000A41B4EE7F8B51C460546114816460F46E1
:1007C000FFF744FE21460E48FFF75AFE044620B1CB
:1007D0000B48FFF74FFE2046F8BD3A462946084829
:1007E000FFF762FE04460028F2D131460448FFF7C5
:1007F00085FE04460248FFF73DFE2046F8BD00BFD7
:10080000A0CB00201C2370B582B001A9054601933E
:1008100000F036F8044638B9019B1C2B07D0144C65
:100820001C212846FEF76EFD204602B070BDD5E9BA
:100830000112131E18BF0123003918BF0121012620
:1008400028689B00EA6843EA4103002818BF43F088
:100850000103EE612AB9C5E90834002BE4D1054C47
:10086000DEE7204643F00803C5E9083402B070BD56
:10087000370CF0000E0CF00000201870704700BF1D
:100880000346002866D0002964D00A681C2A61D17A
:100890004FF47F023B49D2F8100C88425CD0D2F86A
:1008A000101C013158D0D2F8101C4FF47F0219608F
:1008B000D2F8140C3449884260D0D2F8141C0131AB
:1008C0005CD0D2F8141C4FF47F025960D2F8181C87
:1008D00011F5947F4FD0D2F8181C01314BD0D2F8CB
:1008E000181C4FF47F029960D2F81C0C27498842EB
:1008F0003ED0D2F81C1C01313AD0D2F81C1C4FF467
:100900007F02D960D2F8001C70312FD0D2F8001CC1
:1009100001312BD0D2F8001C4FF47F021961D2F8BC
:10092000041CAF3120D0D2F8041C01311CD0D2F805
:10093000041C4FF47F025961D2F8080C1449884214
:100940000DD0D2F8081C013109D0D2F8082C0020B3
:100950009A6170470120704740F6FC01A5E740F21C
:10096000373200209A6170475121E2E79021D3E7A6
:1009700042F60411C3E740F6D861B2E742F2D00173
:10098000A1E700BFFCF8FFFFD020FFFF0429FFFF15
:1009900037F3FFFF014608B54FF48060FEF73AFCDD
:1009A0000022034BC3F8C821C3F82C2108BD00BFA7
:1009B000001084500138072805D8DFE800F0100E39
:1009C000040A0404040607487047CB6800204B6201
:1009D00070478B6800204B6270474B68F6E70B68E6
:1009E000F4E700BF310CF1000B6802E0082B0B604C
:1009F00006D8026A13424FEA4303F7D0002070473B
:100A000000487047310CF1000022044B4FF4806025
:100A1000C3F82C21C3F8C421FEF7E2BB00108450B8
:100A2000D8B108B50368012B04D0022B0FD043B115
:100A30000B4808BD20220B490830FEF75FFC002060
:100A400008BD142208490830FEF758FCF7E72022B9
:100A500006490830FEF752FCF1E74FF47300704787
:100A60000100F300DC3401001C350100FC340100FE
:100A70002DE9F843002900F0F9800446002800F031
:100A8000F98003680F469046002B00F0C380013BBD
:100A9000012B00F2D7804FF0FF3178484FF0020968
:100AA000FEF748FC002840F0BF800020FEF772FCF3
:100AB0000646002840F0C280714AD2F81C39002B4B
:100AC000FBD16F4DD5F8203C002BFBD14FF0FF3010
:100AD000FEF786FBD5F8040A20F04000FEF78EFBF7
:100AE00001230722C5F81838C5F80029C5F8C4370E
:100AF000A36CC5F8CC37E36CC5F8D037C5F8C09700
:100B000023685BB1013B012B18D8636AC5F85C36DA
:100B1000236AC5F85836E369C5F85436A269584BBC
:100B2000C3F850266269C3F84C262269C3F84826E8
:100B3000E268C3F84426A268C3F84026504AD2F8B7
:100B40001039002BFBD1B8F1000F5FD06368402053
:100B5000012B08BFC2F884363A68494BC3F8282CE9
:100B6000C3F82C8CFEF750FB0646454AD2F81039E4
:100B7000002BFBD1424AD2F8203C002BFBD123684A
:100B80005BB1013B012B18D8D2F85C366362D2F816
:100B900058362362D2F85436E361394BD3F85026E5
:100BA000A261D3F84C266261D3F848262261D3F8BB
:100BB0004426E260D3F84036A36000230121304A86
:100BC000D2F8CC07A064D2F8D007E064C2F8C4170A
:100BD000C2F88436C2F8C837D2F81039002BFBD1DE
:100BE000C2F81838002E3BD1254BD3F8040A40F048
:100BF0004000FEF703FB0120FEF7CCFB60BB1F4863
:100C0000FEF7A0FB10BB3046BDE8F8830423C2F812
:100C1000C837AAE74FF0FF3118484FF00109FEF737
:100C200089FB00283FF441AF1648FEF71FFC002067
:100C3000FEF7B0FB064600283FF43EAF1248FEF731
:100C400015FC39E7114E3046BDE8F8831048FEF731
:100C50000DFC3046BDE8F8830E48FEF707FCCEE7F2
:100C6000102104F10800FEF74DFBBDE70A4E3046A7
:100C7000BDE8F8834FF47306C5E700BFE4AF00207A
:100C800000108450C4330100DC3301000100F30084
:100C90001C340100FC3301000300F300A0B3034641
:100CA00070B4D0E90240D3E9041226BA05BA0CBAEE
:100CB00010BAC3E90440D3E90612986A09BAC3E935
:100CC000026512BA996100BAD3E9084125BA0CBA93
:100CD000C3E90725D3E90B12C3E9094009BAD86B68
:100CE00012BAD962D3E90D4125BAC3E90C250CBA71
:100CF00000BAD3E9101209BA12BAC3E90E40196456
:100D000000205A6470BC70474FF47300704700BFF6
:100D10002DE9F041904690F821710A46C7F1100381
:100D200007F5887143450646014408D943460846FD
:100D3000474401F04FFE86F82171BDE8F081084676
:100D400006F58874A8F11008D518474401F042FE52
:100D500032462146204696F8233101F075FA0F2FCE
:100D600024D9A7F1100828F00F0808F11008A844AA
:100D70002A4610232146204601F02CFE103532462B
:100D80002146204696F8233101F05EFA4545EFD121
:100D900007F00F07002FCED03B46424621462046A3
:100DA00001F018FE86F82171BDE8F081A846002FF9
:100DB000C1D0F1E72DE9F0431746044688465FFAB3
:100DC00087F9C9F10E0585B010220021EDB2F0308F
:100DD0001E46F8F75BF83A46414684F8F05004F1B5
:100DE000F100F8F717F80C9B1022C4F824310D9B82
:100DF00009F10109C4F82831012384F8229104F58E
:100E00008879002184F8FF3084F820214846F8F7DB
:100E10003DF8D4F82831023E003B18BF0123760884
:100E200045EAC60545EA8315D4F824313A461BBA8B
:100E30004146C4F81C3184F8105104F21110F7F740
:100E4000E9FF94F8233122464946484601F0FCF96F
:100E5000D4F82831BBB1B3F57F4F1AD306251BBA9E
:100E6000CDF80630FE21FF222B468DF805108DF8B7
:100E700004204946484601AA01F0ACFD84F82151FE
:100E800005B0BDE8F0831D4684F8215105B0BDE8EA
:100E9000F0830225C3F30722D9B22B46E5E700BF52
:100EA0002DE9F0470546DDE90889DDE90A7A1C46A7
:100EB00021B1164601F01CFB85F8236154B14B4665
:100EC000424621462846CDF824A00897BDE8F047C1
:100ED000FFF770BFBDE8F08702B97047FFF718BF92
:100EE0002DE9F8431D46D0F828310646894690463C
:100EF0003BB190F82131002B40F0CF800023C6F8A1
:100F000028310DB9BDE8F8832A4641463046FFF73F
:100F1000FFFE96F82071102F15D007F58072C7F1EB
:100F20001004AC4228BF2C46414648462346324472
:100F300001F050FD2D1BA144A0442744EBD186F8BD
:100F40002071BDE8F88396F82331324606F1F001AE
:100F500006F5807001F078F996F822310F2B00F237
:100F6000978096F8FF200132D2B286F8FF20002A3F
:100F700040F08E800F2B00F08B8096F8FE2001321F
:100F8000D2B286F8FE20002A40F082800E2B7FD05D
:100F900096F8FD200132D2B286F8FD20002A77D1E2
:100FA0000D2B75D096F8FC200132D2B286F8FC20C9
:100FB000002A6DD10C2B6BD096F8FB200132D2B2F7
:100FC00086F8FB20002A63D10B2B61D096F8FA201B
:100FD0000132D2B286F8FA20002A59D10A2B57D012
:100FE00096F8F9200132D2B286F8F920002A4FD1C2
:100FF000092B4DD096F8F8200132D2B286F8F820AD
:10100000002A45D1082B43D096F8F7200132D2B2FE
:1010100086F8F720002A3BD1072B39D096F8F62026
:101020000132D2B286F8F62092BB062B30D096F869
:10103000F5200132D2B286F8F5204ABB052B27D025
:1010400096F8F4200132D2B286F8F42002BB042BC9
:101050001ED096F8F3200132D2B286F8F320BAB946
:10106000032B15D096F8F2200132D2B286F8F22086
:1010700072B9022B0CD096F8F1200132D2B286F868
:10108000F1202AB923B996F8F030013386F8F03010
:1010900010244FF48072002743E700F58871024660
:1010A00096F82331084601F0CFF8002386F8213165
:1010B0000023C6F8283124E72DE9F84F9A46D0F8E6
:1010C000283105468B4690463BB190F82131002BE4
:1010D00040F0D3800023C5F82831BAF1000F01D1C8
:1010E000BDE8F88FD946574695F82061102E1AD0E2
:1010F00006F58072C6F11004BC4228BF3C4641464A
:10110000484623462A4401F065FC3F1BA144A04405
:101110002644EBD185F82061524659462846BDE861
:10112000F84FFFF7F5BD95F823312A4605F1F00198
:1011300005F5807001F088F895F822310F2B00F248
:10114000978095F8FF200132D2B285F8FF20002A5F
:1011500040F08E800F2B00F08B8095F8FE2001323E
:10116000D2B285F8FE20002A40F082800E2B7FD07C
:1011700095F8FD200132D2B285F8FD20002A77D102
:101180000D2B75D095F8FC200132D2B285F8FC20E9
:10119000002A6DD10C2B6BD095F8FB200132D2B216
:1011A00085F8FB20002A63D10B2B61D095F8FA203B
:1011B0000132D2B285F8FA20002A59D10A2B57D031
:1011C00095F8F9200132D2B285F8F920002A4FD1E2
:1011D000092B4DD095F8F8200132D2B285F8F820CD
:1011E000002A45D1082B43D095F8F7200132D2B21E
:1011F00085F8F720002A3BD1072B39D095F8F62047
:101200000132D2B285F8F62092BB062B30D095F889
:10121000F5200132D2B285F8F5204ABB052B27D044
:1012200095F8F4200132D2B285F8F42002BB042BE9
:101230001ED095F8F3200132D2B285F8F320BAB966
:10124000032B15D095F8F2200132D2B285F8F220A6
:1012500072B9022B0CD095F8F1200132D2B285F888
:10126000F1202AB923B995F8F030013385F8F03030
:1012700010244FF4807200263EE700F58871024684
:1012800095F82331084600F0DFFF002385F821316F
:101290000023C5F8283120E72DE9F04190F82131ED
:1012A00004460D46164600F58878DBB994F82221ED
:1012B00004F5807702F1F0000021C2F11002204411
:1012C000F7F7E4FD2246384694F8233104F1F001A3
:1012D00000F0BAFF33463A4641462846BDE8F041A1
:1012E00001F078BB90F8233102464146404600F0B9
:1012F000ABFF002384F82131D8E700BF2DE9F0418E
:1013000090F8213104460F46154600F588760BBB50
:1013100094F8222104F5807802F1F0000021C2F156
:1013200010022044F7F7B2FD2246404694F82331DC
:1013300004F1F00100F088FF2B464246314630466A
:1013400001F048FB2A463146384601F021FB0138BE
:10135000BDE8F08190F8233102463146304600F076
:1013600073FF002384F82131D2E700BF2DE9F04F4D
:1013700006460D4614464FF0000987B0194606F19F
:10138000200A0290059500F0C7F906F1400504F126
:10139000200201215046009206F1600800F0B2F9E7
:1013A0004946284600F0AEF906F180043146202275
:1013B0004046F7F72FFD2046012100F0A3F94FF03A
:1013C000060B1F20DDF800C006F1A007C0361F285D
:1013D0001CF8011D00F09080002840F08980CDE9C4
:1013E000030C01F0F80101914A46019B414643FA82
:1013F0000BF909F0010982EA09025046009201F056
:1014000055F921462846009A01F050F92A465146DE
:10141000384601F0EBFA2A465146284601F01EFBF9
:1014200022464146304601F0E1FA22464146204636
:1014300001F014FB3A462146204601F049FB2A46BA
:101440003146304601F044FB32462146404601F029
:10145000CDFA32462146204601F000FB4146404687
:1014600001F070FB2146204601F06CFB029A2146F8
:10147000204601F02DFB3946384601F063FB294632
:10148000304601F05FFB32463946504601F020FB02
:1014900032463946384601F0E1FA3946284601F02D
:1014A00057FB32462946284601F0A0FA0BF1FF3BD4
:1014B0003A462946284601F00BFBBBF1FF3F93D18A
:1014C000DDE9030C0138431C4FF0070B7FF47FAFBD
:1014D0002946284600F04CF9514650462A4601F06C
:1014E000F7FA5146059807B0BDE8F04F00F028B96B
:1014F000CDE9030C019177E741F04001CDE9030C00
:10150000019171E700B58C468646B9B0134668462E
:1015100071466246FFF72AFF39B05DF804FB00BF51
:10152000F0B50E460446174691B01146304601F01C
:1015300009FB3146204601F005FB2146204601F01B
:1015400001FB3A462146684601F0C2FA3246694636
:10155000304601F0BDFA3146204601F0F3FA6A4602
:101560002146684601F0B4FA6946204601F0EAFADD
:101570002146204601F0E6FA2146204601F0E2FA33
:101580002146204601F0DEFA2146204601F0DAFA33
:1015900021466A46684601F09BFA0225694601E049
:1015A00001252146204601F0CDFA2146204601F0D2
:1015B000C9FA2146204601F0C5FA2146204601F02D
:1015C000C1FA2146204601F0BDFA012DE8D121469D
:1015D0006A4608A801F07CFA042508A900E0214623
:1015E000204601F0AFFA2146204601F0ABFA214631
:1015F000204601F0A7FA2146204601F0A3FA214631
:10160000204601F09FFA013DE9D12146204608AA73
:1016100001F05EFA022500E001252146204601F096
:1016200091FA2146204601F08DFA2146204601F02C
:1016300089FA2146204601F085FA2146204601F02C
:1016400081FA012DE8D121466A4608A801F040FA46
:101650000A2508A900E02146204601F073FA214638
:10166000204601F06FFA2146204601F06BFA214630
:10167000204601F067FA2146204601F063FA013D59
:10168000E9D12146684608AA01F022FA14256946E4
:1016900000E02146204601F055FA2146204601F09F
:1016A00051FA2146204601F04DFA2146204601F02C
:1016B00049FA2146204601F045FA013DE9D16A4642
:1016C0002146204601F004FA0A252146204601F071
:1016D00039FA2146204601F035FA2146204601F02C
:1016E00031FA2146204601F02DFA2146204601F02C
:1016F00029FA013DE9D12146204608AA01F0E8F97E
:1017000011B0F0BD0023C0E90013C0E90233C0E905
:101710000433C0E9063370470B6803604B684360CD
:101720008B688360CB68C3600B6903614B6943615D
:101730008B698361CB6923F00043C361704700BFAD
:1017400038B50C460546084601F038FA23682B6088
:1017500063686B60A368AB60E368EB6023692B612F
:1017600063696B61A369AB61E369EB6138BD00BF7D
:1017700010B5044690B00A46684608A9FFF7D0FEA7
:101780006946204601F0DEF92146204601F0DAF9EB
:101790002146204601F0D6F92146204601F0D2F933
:1017A0002146204601F0CEF92146204608AA01F044
:1017B0008FF910B010BD00BF3F2A2DE9F0419046CF
:1017C00052D905460C46A2F1400626F03F064036A7
:1017D000274F0E44236840341BBA2B6454F83C3C1A
:1017E00039461BBA6B6454F8383C28461BBAAB64C4
:1017F00054F8343C1BBAEB6454F8303C1BBA2B65EC
:1018000054F82C3C1BBA6B6554F8283C1BBAAB65EA
:1018100054F8243C1BBAEB6554F8203C1BBA2B66E9
:1018200054F81C3C1BBA6B6654F8183C1BBAAB66E8
:1018300054F8143C1BBAEB6654F8103C1BBA2B67E7
:1018400054F80C3C1BBA6B6754F8083C1BBAAB67E6
:1018500054F8043C1BBAEB6701F0E6F9B442B9D185
:1018600008F03F00BDE8F0811046BDE8F08100BF00
:10187000303501000A4610B514681A4924BA0464C8
:10188000546824BA4464946824BA8464D46824BA3A
:10189000C464146924BA0465546924BA446594691B
:1018A00024BA8465D46924BAC465146A24BA046667
:1018B000546A24BA4466946A24BA8466D46A24BA00
:1018C000C466146B24BA0467546B24BA4467946BDF
:1018D00024BA8467D26B12BAC26701F0A5F900205E
:1018E00010BD00BF303501000023F0B50B490C4C92
:1018F0000C4ADFF834E0DFF834C00D4F0D4E0E4DCA
:10190000C0E903ECC0E90576C0E90041C561826029
:10191000C0F8C030C0F8C430F0BD00BF85AE67BBB2
:1019200067E6096A72F36E3C3AF54FA57F520E5195
:101930008C68059BABD9831F19CDE05B2DE9F04185
:10194000D0E930531344074614460E46C0F8C4305D
:10195000E5B13F2D00F2C280CAB105F17F01C5F1AA
:10196000400833460144B04400E0ACB3013313F8FF
:10197000010C9A1B434501F8010F04F1FF342A447E
:10198000F3D1402A00F09880154646461CB9C7F8A6
:10199000C050BDE8F081224631463846FFF70CFFC3
:1019A000221A0546B3180028F1D0411E052906D990
:1019B0000132324407F180018A1A022A13D82644E0
:1019C00007F17F0213F8011B9E4202F8011FF9D1B3
:1019D000C7F8C050BDE8F081402A78D01546C7F856
:1019E000C050BDE8F08119688208012AC7F880104C
:1019F00077D05968022AC7F8841043D09968032A1F
:101A0000C7F888103ED0D968042AC7F88C1039D09E
:101A10001969052AC7F8901034D05969062AC7F801
:101A200094102FD09969072AC7F898102AD0D9693D
:101A3000082AC7F89C1025D0196A092AC7F8A010EF
:101A400020D0596A0A2AC7F8A4101BD0996A0B2A19
:101A5000C7F8A81016D0D96A0C2AC7F8AC1011D054
:101A6000196B0D2AC7F8B0100CD0596B0E2AC7F8A5
:101A7000B41007D0996B0F2AC7F8B81002D0DA6BF0
:101A8000C7F8BC20AA0782D025F0030213441878B7
:101A9000B91881F88000511C8D427FF678AF5878D4
:101AA00002323944954281F880007FF670AF9B780E
:101AB0003A4482F880306AE7384607F18001FFF740
:101AC000D9FE46460546002C3FF461AF63E7384631
:101AD00007F18001FFF7CEFE054658E72A46884603
:101AE0004FE704221344D2E7F8B580260446D0F825
:101AF000C0300D46C218581C382882F88060264431
:101B000032D93F282AD8002220443E2B80F880205A
:101B100003F1020122D021443D2B81F8802003F102
:101B200003011BD021443C2B81F8802003F10401E8
:101B300014D021443B2B81F8802003F105010DD006
:101B400021443A2B81F8802003F1060106D021447C
:101B5000382B81F8802001D184F8BF2031462046FF
:101B6000FFF788FE3A285BD8421C3B2AC0F13A01B5
:101B7000C0F13B0388BF0123022941D900219A0803
:101B800000F1800E012A04EB0E0C44F80E1031D047
:101B9000022ACCF804102DD0032ACCF8081029D042
:101BA000042ACCF80C1025D0052ACCF8101021D02E
:101BB000062ACCF814101DD0072ACCF8181019D01A
:101BC000082ACCF81C1015D0092ACCF8201011D006
:101BD0000A2ACCF824100DD00B2ACCF8281009D0F2
:101BE0000C2ACCF82C1005D00E2ACCF8301008BFE7
:101BF000CCF8341023F003029B07104410D0421C91
:101C0000002321183B2A81F8803009D0224439284A
:101C100082F8803000F1020202D0224482F8803043
:101C20000022D4F8C43031465F0F4FEA535E67F3A9
:101C300007024FEA533C6EF30F225E096CF3174222
:101C4000DB0066F31F6284F8BF302046C4F8BB2077
:101C5000FFF710FE23681BBA2B6063681BBA6B602A
:101C6000A3681BBAAB60E3681BBAEB6023691BBABD
:101C70002B6163691BBA6B61A3691BBAAB61E36932
:101C80001BBAEB61F8BD00BF2DE9F0410027B54C50
:101C9000B54BB2B0CDE90043B44BB54E0293B54B52
:101CA0001446CDE90363B44B05460593B34B309717
:101CB000069303F17453A3F52303A3F692433192E1
:101CC0000793002A40F0848080224FF03A0C0123D1
:101CD0006E460DEB02078DF8802000204FEA9C0233
:101CE00003F1800E012A06EB0E0146F80E0024D007
:101CF000022A486021D0032A88601ED0042AC860C6
:101D00001BD0052A086118D0062A486115D0072A79
:101D1000886112D0082AC8610FD0092A08620CD045
:101D20000A2A486209D00B2A886206D00C2AC862A7
:101D300003D00E2A086308BF48631CF0030F16D0B7
:101D40002CF0030C6344002103F1C8026A443A2BCF
:101D500002F8481C0BD003F1C9026A44392B02F87F
:101D6000481C04D0CA330DEB030202F8481C0023C0
:101D7000620F62F30703620D62F30F23620B62F3DB
:101D800017436209394662F31F633046E400CDF819
:101D9000BB308DF8BF40FFF76DFDDDE90001DDE9E7
:101DA000022306BA14BA18BA09BADDE9042312BA32
:101DB00069602A6119BADDE9062312BA1BBA2E60DE
:101DC000AC60E8606961AA61EB6132B0BDE8F081A6
:101DD0006E4630468846FFF7EFFC241A08EB0403F2
:101DE000002800F0F580421E022A53D958F804203A
:101DF00020928208012A00F0E6805968022A219187
:101E000000F0BE809968032A229100F0E780D9682B
:101E1000042A239100F0E7801969052A249100F033
:101E2000E7805969062A259100F0E7809969072A19
:101E3000269100F0E780D969082A279100F0E78011
:101E4000196A092A289100F0ED80596A0A2A299115
:101E500000F0B180996A0B2A2A9100F0F480D96AC7
:101E60000C2A2B9100F00381196B0D2A2C9100F0A4
:101E70000981596B0E2A2D9106D00F2A996B18BF34
:101E8000DA6B2E9118BF2F9220F0030782073B4494
:101E900000F0DE80197807F1C8026A4402F8481C95
:101EA0007A1C90420FD9591C0978C83202376A440B
:101EB000B84202F8481C06D99B7807F1C8020DEB1E
:101EC000020707F8483C8021431C00F1C8026A441D
:101ED000382B309002F8481C6AD93F2B2CD80022AE
:101EE000C8336B443E2803F8482C25D000F1CA03C0
:101EF0000DEB03013D2801F8482C1DD000F1CB0368
:101F00006B443C2803F8482C16D000F1CC036B44FA
:101F10003B2803F8482C0FD000F1CD036B443A283E
:101F200003F8482C08D000F1CE036B44382803F89E
:101F3000482C01D18DF8BF2020AF39463046FFF73D
:101F400099FC3A2803463CD8319CC3F13A02022A54
:101F50007FF6F9AE5A1C3B2AC3F13B0C88BF4FF009
:101F6000010CBAE667E6096A85AE67BB72F36E3CA0
:101F70003AF54FA57F520E518C68059BABD9831F54
:101F8000082854D008273B4419467A1C11F801CB85
:101F900007F1C8046C44904204F848CC84D88021EE
:101FA00000F1C8030DEB03023090431C02F8481CFB
:101FB000319C20AFC9E7282800F0888028273B44BF
:101FC000E2E7319CD3E6042826D004273B44DBE734
:101FD0008022012330908DF88020E9E70C282CD056
:101FE0000C273B44D0E710283BD010273B44CBE7DD
:101FF000142841D014273B44C6E7182847D0182797
:102000003B44C1E71C2849D01C273B44BCE720289F
:1020100050D020273B44B7E78022052330908DF82D
:102020008420C5E724283FD024273B44ACE7802206
:10203000092330908DF88820BAE780220D23309054
:102040008DF88C20B4E72C283AD02C273B449BE712
:10205000802100F1C8026A443090431C02F8481CF9
:102060003BE78022112330908DF89020A0E73028A4
:1020700032D030273B4487E78022152330908DF8FB
:10208000942095E734282DD034273B447CE7182151
:102090008022192330918DF8982089E780221D2312
:1020A00030908DF89C2083E78022252330908DF896
:1020B000A4207DE78022212330908DF8A02077E7AF
:1020C00080222D2330908DF8AC2071E780222923C7
:1020D00030908DF8A8206BE78022312330908DF866
:1020E000B02065E78022352330908DF8B4205FE77B
:1020F00080EA101404F0F01480EA0410604081EAD1
:10210000111404F0F01481EA0411614082EA1214FF
:1021100004F0F01482EA0412624083EA131404F01B
:10212000F01483EA0413634080EA102404F47F442B
:1021300080EA0420604081EA112404F47F4481EAAB
:102140000421614082EA122404F47F4482EA0422DA
:10215000624083EA132404F47F4483EA0423634047
:1021600081EA500404F0553480EA4400614083EA77
:10217000520404F0553482EA4402634082EA900437
:1021800004F0333480EA8400624083EA910404F06E
:10219000333481EA84016340704700BF82EA9004CF
:1021A00004F0333480EA8400624083EA910404F04E
:1021B000333481EA8401634081EA500404F05534E9
:1021C00080EA4400614083EA520404F0553482EA14
:1021D0004402634080EA102404F47F4480EA04202F
:1021E000604081EA112404F47F4481EA04216140C3
:1021F00082EA122404F47F4482EA0422624083EAE1
:10220000132404F47F4483EA0423634080EA101417
:1022100004F0F01480EA0410604081EA111404F024
:10222000F01481EA0411614082EA121404F0F014FF
:1022300082EA0412624083EA131404F0F01483EA81
:1022400004136340704700BF2DE9F14F94464FEAF5
:10225000930B8A68CB6808684968FFF749FF0BF160
:10226000060E33E083EA134480EA134582EA1347FB
:1022700046BA96EA3444604000F00F1684EA063409
:1022800020F00F1684EA161054BA94EA0106724040
:1022900002F00F1486EA043622F00F1486EA1412B4
:1022A0004CBA6540694001F00F1485EA043521F00D
:1022B0000F1485EA14115CBA67407B4003F00F14D9
:1022C00087EA043723F00F1487EA1413BCE8F00000
:1022D0006040694072407B4000F0E03400F010350F
:1022E00000F00F3040EA540040EAC50080EA900454
:1022F00004F0332480EA8400604001F0E03401F00F
:10230000103501F00F3141EA540141EAC50181EA7B
:10231000910404F0332481EA8401614002F0E03446
:1023200002F0103502F00F3242EA540242EAC502CE
:1023300082EA920404F0332482EA8402624003F0C9
:10234000E03403F0103503F00F3343EA540343EA5B
:10235000C50383EA930404F0332483EA84036340CF
:1023600081EA324787EA134581EA354690EA060456
:1023700084EA034B82EA1B4280EA044484EA05446F
:1023800083EA144A85EA14448BEA044B84EA37440E
:1023900081EA0B4181EA164104EA0A00454082EADB
:1023A00004082BEA080041408AEA0B0602EA06000C
:1023B00084EA34438AEA3A4603EA0607784045400D
:1023C000414088EA38478BEA3B4007EA000985EA42
:1023D000090583EA0709464006EA0906714085EACD
:1023E000010005EA3546464006EA314181EA3041BE
:1023F00081EA364606EA304686EA3546344008EA3F
:10240000010886EA01052A4086EA364003405A4020
:1024100081EA31431F407C4080EA030709EA07094B
:1024200088EA0908544088EA020806EA0A0601EA2E
:102430000B018AEA0B0215408AEA3A4210404540F5
:102440008BEA3B4003405E404240174079404D409C
:102450004E40E443F64386EA18435D4085EA054072
:1024600083EA134386EA034183EA384284EA11434C
:1024700083EA04435FEA3343BEF1010E3FF6F2AE56
:102480001ED4BCE8F0006040694072407B4020BC34
:10249000FFF784FE28606960AA60EB60BDE8F08FFA
:1024A0002DE9E0414FF2F00280EA1031114080EA5C
:1024B0000130484041088208C3084FF0000E4FE742
:1024C00000F0113001F0113102F0113203F011333C
:1024D00040EA410040EA820040EAC3004FF2F002C5
:1024E00080EA1031114080EA01304840BDE8E081C7
:1024F0002DE9F04F02F11C050646074600EB850862
:1025000051F8040B043A46F8040BF9D14FF0010CD2
:10251000FFF7C6FF5FEA302080EA0C001ECF414083
:102520004A4053405C401EC62000464517D04FEA43
:102530004C0C1CF4807F18BFACF1E50C2C2DE7D0BF
:102540003C2D06D1FFF7ACFF06CF41404A4006C6FE
:10255000100006CF41404A4006C61000D8E736E9D1
:102560000F00FFF7C5FD043D86E80F00F7D1BDE879
:10257000F08F00BF2DE9F00791E8F807B2E80210EC
:102580005B1854EB0C04B2E802104D4156EB0C06FC
:10259000B2E802104F4158EB0C08B2E8021059EBB8
:1025A00001095AEB0C0A80E8F80780410130BDE8C8
:1025B000F00770472DE9F00791E8F807B2E802103C
:1025C0005B1A74EB0C04B2E802108D4176EB0C063A
:1025D000B2E802108F4178EB0C08B2E8021079EBF8
:1025E00001097AEB0C0A80E8F80780414042BDE817
:1025F000F00770472DE9F007524290E87800B1E803
:1026000080071740DB1918EA020854EB080419EA9E
:10261000020955EB09051AEA020A56EB0A0678C0C8
:1026200090E87800B1E8800717407B4118EA02087B
:1026300054EB080419EA020955EB09051AEA020AE3
:1026400056EB0A0678C080410130BDE8F0077047BC
:102650002DE9F007524290E87800B1E88007174072
:10266000DB1B18EA020874EB080419EA020975EB8F
:1026700009051AEA020A76EB0A0678C090E87800A3
:10268000B1E880071740BB4118EA020874EB080460
:1026900019EA020975EB09051AEA020A76EB0A063D
:1026A00078C080414042BDE8F00770472DE9F00155
:1026B00052424FF0040890E8300091E8C000A31B9C
:1026C0001340E41AF618EB1B1340ED1AFF1830C044
:1026D000C0C1B8F10108EED1BDE8F001704700BFFC
:1026E00000B592E8DC072DE9DC07B1E8805702B4B9
:1026F000A7FB02510A95A8FB020BE7FB6310E9FB5D
:1027000062B00B91A8FB0351EAFB6201E7FB64B5E1
:10271000E7FB6605E8FB6615CDF830B0A9FB03B60C
:10272000EAFB6316ECFB6356E8FB640BE9FB641BF6
:10273000EAFB645BECFB646B0D90ACFB0230059C28
:10274000EEFB6250E9FB6460EAFB64B0E7FB6431D6
:10275000E8FB6451069CE8FB6461E9FB64B1EAFBB9
:1027600064010E93A7FB0432079CE7FB6462E8FB5D
:1027700064B2E9FB6402EAFB6412049CE9FB645363
:10278000EAFB6463089CE7FB64B3E8FB6403E9FBD2
:102790006413EAFB64230F955DF8049B99E8000637
:1027A000DDF80080A9FB0854EAFB68B4DDF810806E
:1027B000ECFB6804EEFB6814E9FB6824EAFB683470
:1027C000DDF80480EEFB6865E9FB68B5EAFB6805A7
:1027D000DDF81480ECFB6815EEFB6825E9FB683535
:1027E000EAFB68450F96DDF80880AEFB0876E9FB4A
:1027F0006806EAFB6816DDF81880ECFB6826EEFB3D
:102800006836E9FB6846EAFB6856DDF80C80ECFBAD
:1028100068B7EEFB6807E9FB6817EAFB6827DDF895
:102820001C80ECFB6837EEFB6847E9FB6857EAFB66
:10283000686708B000BD00BF2DE9F14F87B0FFF712
:102840004FFFDDF81C8008F1200888E8FF00FFBC7E
:1028500087E87F08BDE8F08F00B591E89857A3FBA3
:1028600003520195A3FB0401E3FB6420E3FB671023
:102870000292A3FB0752E3FB6802E4FB6415E3FB4F
:102880006805E3FB69250391A4FB07B6E3FB692612
:10289000E3FB6A56E4FB670BE4FB682BE3FB6A5B34
:1028A000E3FB6C6B0490A4FB0810E4FB6950E3FBB2
:1028B0006C60E3FB6EB0E7FB6721E4FB6951E4FB6E
:1028C0006A61E3FB6EB1E4FB6E010592A7FB08327F
:1028D000E4FB6A62E4FB6CB2E4FB6E02E7FB6E129F
:1028E000E7FB6853E7FB6963E4FB6CB3E7FB6C034E
:1028F000E7FB6E13E8FB6E230695A7FB0954E7FB85
:102900006AB4E7FB6C04E8FB6C14E8FB6E24E9FB9B
:102910006E34E8FB6865E7FB6AB5E8FB6A05E8FB2F
:102920006C15E9FB6C25E9FB6E35EAFB6E450796F5
:10293000A8FB0976E8FB6A06E9FB6A16E9FB6C2648
:10294000EAFB6C36EAFB6E46ECFB6E56E8FB69B7B9
:10295000E9FB6907E9FB6A17EAFB6A27EAFB6C37C0
:10296000ECFB6C47ECFB6E57EEFB6E6700BD00BFE7
:102970002DE9F14F87B0FFF76FFFDDF81C8008F1FC
:10298000200888E8FF00FFBC87E87F08BDE8F08FDB
:1029900030B44FF0000310F8014B11F8015B013A1D
:1029A00084EA050443EA0403F5D1A3F101034FEAE5
:1029B000D37030BC704700BF4FF0000310F8012BFC
:1029C000013943EA0203F9D1A3F101034FEAD370BD
:1029D000704700BF30B411F8014B12F8015B6C4036
:1029E00000F8014B013BF6D130BC70472DE9F007F0
:1029F00091E8F807B2E802105B1854EB0C04B2E857
:102A000002104D4156EB0C06B2E802104F4158EB54
:102A10000C08B2E8021059EB01095AEB0C0A4FF00E
:102A2000260261EB010122EA01015B1854F1000466
:102A300055F1000556F1000657F1000758F100085E
:102A400059F100095AF1000A61EB010122EA010182
:102A50000B4480E8F807BDE8F00770472DE9F00760
:102A600091E8F807B2E802105B1A74EB0C04B2E8C4
:102A700002108D4176EB0C06B2E802108F4178EB24
:102A80000C08B2E8021079EB01097AEB0C0A4FF05E
:102A9000260261EB010102EA01015B1A74F10004F4
:102AA00075F1000576F1000677F1000778F100086E
:102AB00079F100097AF1000A61EB010102EA0101F2
:102AC000A3EB010380E8F807BDE8F007704700BFFB
:102AD0002DE9F14F87B0FFF703FE4FF0260CBDE85C
:102AE00000034FF0000AE0FB0C8AE1FB6C9A03BC88
:102AF000E2FB6CA0E3FB6C010CBCE4FB6C12E5FB9D
:102B00006C23BDE81040E6FB6C34E7FB6CB40CFBB7
:102B100004F418EB040459F100055AF1000650F1D1
:102B2000000751F1000852F1000953F1000A5BF16E
:102B3000000B60EB00002CEA000004448EE8F00F6C
:102B4000BDE8F08F2DE9F14F87B0FFF785FEC4E7B0
:102B50002DE9F00391E8F8134FF4EE31BF3900226C
:102B6000E3FB6123E4FB6134E5FB6145E6FB615671
:102B7000E7FB6167E8FB6178E9FB6189ECFB619C3D
:102B80004FF0260101FB0CFC12EB0C0253F1000389
:102B900054F1000455F1000556F1000657F1000705
:102BA00058F1000859F100096CEB0C0C21EA0C01FA
:102BB0000A4480E8FC03BDE8F00370472DE9F00308
:102BC00090E8F8134FEAEC7202F013022CF0004C7C
:102BD00002F11301591854F1000155F1000156F1A9
:102BE000000157F1000158F1000159F100015CF1B9
:102BF00000014FEAE17101F0130111445B1854F137
:102C0000000455F1000556F1000657F1000758F190
:102C1000000859F100094CF1000C2CF0004C80E840
:102C2000F813BDE8F00370472DE9F04F90E8F00F7E
:102C300000F140004FF0040E59E0F0B4826BC36B1A
:102C400004680525242687593C444FEA724787EAE1
:102C5000F24787EA92273C4442684FEAF21787EA34
:102C6000B24787EAD2073C4440F8044B032D08BF23
:102C70006FF01B0687593A444FEA734787EAF347D8
:102C800087EA93273A4443684FEAF31787EAB34742
:102C900087EAD3073A4440F8042B87593B444FEA6C
:102CA000744787EAF44787EA94273B4444684FEA2D
:102CB000F41787EAB44787EAD4073B4440F8043B5B
:102CC000013DC0D1A0F13C00076A3C444FEA724785
:102CD00087EAF24787EA92273C4402684FEAF217F4
:102CE00087EAB24787EAD2073C44C463F0BC4FF09E
:102CF000020288EA781C8CEAF84C0BEBBC1C8AEACE
:102D0000090303EA080383EA0A039C4450F8043BDE
:102D10009C4451F8043B9C44674444EA050B0BEA8D
:102D2000060B04EA05034BEA030BE34484EAF423AD
:102D300083EA34530BEBB30B87EA771C8CEAF74C2E
:102D40000AEBBC1C89EA080303EA070383EA0903C8
:102D50009C4450F8043B9C4451F8043B9C4466441A
:102D60004BEA040A0AEA050A0BEA04034AEA030AE0
:102D7000E2448BEAFB2383EA3B530AEBB30A86EA7D
:102D8000761C8CEAF64C09EBBC1C88EA070303EAC4
:102D9000060383EA08039C4450F8043B9C4451F822
:102DA000043B9C4465444AEA0B0909EA04090AEA1F
:102DB0000B0349EA0309E1448AEAFA2383EA3A5316
:102DC00009EBB30985EA751C8CEAF54C08EBBC1CD1
:102DD00087EA060303EA050383EA07039C4450F8E5
:102DE000043B9C4451F8043B9C44644449EA0A086F
:102DF00008EA0B0809EA0A0348EA0308E04489EAFA
:102E0000F92383EA395308EBB30884EA741C8CEA8B
:102E1000F44C07EBBC1C86EA050303EA040383EACF
:102E200006039C4450F8043B9C4451F8043B9C44EA
:102E3000E34448EA090707EA0A0708EA090347EAF8
:102E40000307674488EAF82383EA385307EBB3079C
:102E50008BEA7B1C8CEAFB4C06EBBC1C85EA04036A
:102E600003EA0B0383EA05039C4450F8043B9C44AB
:102E700051F8043B9C44E24447EA080606EA090686
:102E800007EA080346EA0306664487EAF72383EA6B
:102E9000375306EBB3068AEA7A1C8CEAFA4C05EB48
:102EA000BC1C84EA0B0303EA0A0383EA04039C4480
:102EB00050F8043B9C4451F8043B9C44E14446EAEE
:102EC000070505EA080506EA070345EA0305654420
:102ED00086EAF62383EA365305EBB30589EA791CC3
:102EE0008CEAF94C04EBBC1C8BEA0A0303EA0903E5
:102EF00083EA0B039C4450F8043B9C4451F8043B88
:102F00009C44E04445EA060404EA070405EA060393
:102F100044EA0304644485EAF52383EA355304EB69
:102F2000B304013A7FF4E5AEA0F14000BEF1010E1A
:102F30007FF483AEA0F1400C9CE80F000019491902
:102F40009219DB19ACE80F009CE80F00404449449B
:102F500052445B44ACE80F00BDE8F08F431810B555
:102F600001D21F2A01D9002010BD013902F014033B
:102F70000144102B80EA01043CD009DC8BB1042B06
:102F8000F1D11F2C40E840F315D941E840F10EE0A3
:102F9000142BE8D11F2C40E8C0F30CD941E8C0F154
:102FA00005E01F2C40E800F305D941E800F11C467C
:102FB0000B468C42D7D122F01402013A0A2AD2D809
:102FC00001A151F822F000BF1730010011300100BB
:102FD00003300100672F0100672F0100672F0100F8
:102FE000672F01001D300100173001000B30010078
:102FF000033001001F2C40E880F3DCD941E880F168
:10300000D5E713F4001FAFD1ADE713F4801FFAE743
:103010005B02A9D5A7E713F4002FF4E713F4802F80
:10302000F1E700BF70B50E4D00260E4C641BA410D6
:10303000A6420BD10C4B0BB1AFF300800B4D002619
:103040000B4C641BA410A64205D170BD55F8043B7F
:1030500001369847ECE755F8043B01369847F2E70C
:103060006040000060400000000000006040000080
:103070006040000008B5054B044613B10021AFF3D2
:10308000008000F005F82046F5F774FE000000000F
:1030900038B5074D074C641BA41024B9064B0BB17F
:1030A000AFF3008038BD013C55F824309847F4E771
:1030B0006040000060400000000000002DE9E04F8B
:1030C0002746A046A146A246A346A446A2B02DECA0
:1030D000000A84F3008825462646A447EFF31485AA
:1030E00015F0080F18BFB0EE400A3DEC000A22B000
:1030F000BDE8E08F000000005C81FF7F0000000061
:10310000000000000000000001010080918F00001D
:1031100000000000000000000000000000000000AF
:10312000000000000000000000000000000000009F
:1031300000000000000000007AFFFFFF54464D5FD2
:1031400043525950544F000054464D5F50524F5413
:1031500045435445445F53544F524147455F53459F
:10316000525649434500000054464D5F494E544570
:10317000524E414C5F545255535445445F53544F43
:10318000524147455F5345525649434500000000B0
:1031900054464D5F504C4154464F524D5F5345523B
:1031A000564943450000000054464D5F48575F555F
:1031B0004E49515F4B4559005C81FF7F0000000084
:1031C00000400000307800005B556E737570706FC2
:1031D00072746564205461675D00000030313233E1
:1031E000343536373839414243444546303132333D
:1031F000343536373839616263646566EC13000034
:10320000EC1300000000000000000000E41B0000C0
:10321000E01F0000D02F0000C03F0000E41B0000B2
:10322000E01F00000000000000000000E41B0000A0
:10323000E01F0000D02F0000C03F00000000000091
:10324000C03F0000141400001C2030401C2000006F
:103250001C2030400040000014000000140000005A
:1032600000000000000000001C0000002000000022
:1032700030000000400000001C00000020000000A2
:1032800000000000000000001C0000002000000002
:10329000300000004000000000000000400000007E
:1032A000505341004B455900000000000000000051
:1032B000000000000000000000000000000000000E
:1032C000000000000000000040000000400000007E
:1032D000000000000000000040000000400000006E
:1032E00080000000800000008000000080000000DE
:1032F00000000000000000009000000088000000B6
:1033000068000000480000001400000014000000E5
:1033100000000000000000001C0000002000000071
:1033200030000000400000001C00000020000000F1
:1033300000000000000000001C0000002000000051
:1033400030000000400000000000000040000000CD
:10335000506172746974696F6E20696E6974696115
:103360006C697A6174696F6E204641494C4544200E
:10337000696E20307825780D0A000000F5DA00002B
:10338000E5DA0000D5DA000005DB000015DB0000FF
:1033900025DB000035DB000045DB000055DB0000CD
:1033A00065DB000075DB0000FF8FFFFFFF8FFFFF75
:1033B000FE8FFFFFFE8FFFFFFD8FFFFFFC8FFFFFE4
:1033C000FC8FFFFF4661696C20746F20616371752B
:1033D000697265206D757465780A00004661696CD4
:1033E00020746F20696E63726561736520504D2093
:1033F000636F756E7465720A000000004661696C47
:1034000020746F20646563726561736520504D2080
:10341000636F756E7465720A000000004661696C26
:1034200020746F2072656C65617365206D757465BD
:10343000780A0000436F756C64206E6F74206C6FA7
:10344000636B20706F7765722073617665206D7590
:10345000746578006D757465785F66726565206364
:10346000616C6C65642077697468204E554C4C2003
:10347000706172616D6574657200000043616E2752
:103480007420696E697469616C697A65206D757400
:1034900065782C20776173204E554C4C0D0A000046
:1034A0004661696C20746F20756E6C6F636B206D64
:1034B000757465780A0000006374782063616E6E2D
:1034C0006F74206265204E554C4C00000A6374787E
:1034D000206973204E554C4C0A00000067E6096ACB
:1034E00085AE67BB72F36E3C3AF54FA57F520E5125
:1034F0008C68059BABD9831F19CDE05BD89E05C1B5
:1035000007D57C3617DD703039590EF7310BC0FF07
:1035100011155868A78FF964A44FFABE01234567B7
:1035200089ABCDEFFEDCBA9876543210F0E1D2C30D
:10353000982F8A4291443771CFFBC0B5A5DBB5E91E
:103540005BC25639F111F159A4823F92D55E1CAB92
:1035500098AA07D8015B8312BE853124C37D0C5520
:10356000745DBE72FEB1DE80A706DC9B74F19BC168
:10357000C1699BE48647BEEFC69DC10FCCA10C2458
:103580006F2CE92DAA84744ADCA9B05CDA88F9763C
:1035900052513E986DC631A8C82703B0C77F59BFA6
:1035A000F30BE0C64791A7D55163CA0667292914D2
:1035B000850AB72738211B2EFC6D2C4D130D38536F
:1035C00054730A65BB0A6A762EC9C281852C729231
:1035D000A1E8BFA24B661AA8708B4BC2A3516CC75F
:1035E00019E892D1240699D685350EF470A06A1098
:1035F00016C1A419086C371E4C774827B5BCB034E7
:10360000B30C1C394AAAD84E4FCA9C5BF36F2E6884
:10361000EE828F746F63A5781478C8840802C78C13
:10362000FAFFBE90EB6C50A4F7A3F9BEF27871C616
:10363000000000000000000000000000000000008A
:107C00007FE97FE9F0F7E0BF7FE97FE9F0F7EEBFBA
:107C10007FE97FE9F1F720B87FE97FE9F1F70EB856
:107C20007FE97FE9F0F7F4BF0000000000000000EA
:107C30000000000000000000000000000000000044
:107C4000C8870000000000000000000000000000E5
:107C50000000040048080D0000000000C887000074
:107C60000000000000000000000000000000040010
:087C700000020B0000000000FF
:107C7800009000500000000000000000000000001C
:107C880000000000000000000000000000000000EC
:107C980000000000000000000000000000000000DC
:107CA80000000000000000000000000000000000CC
:107CB80000000000000000000000000000000000BC
:107CC80000000000A8870000040000000000000079
:107CD80000000000FFFFFFFFFFFFFFFFFFFFFFFFA8
:107CE800FFFFFFFF00000000000000000000000090
:107CF8000000000000000000000000000000D601A5
:107D080000000000000007000090D00390ED00E0A4
:107D180000A003507FA60350009000506F950050BC
:107D280084B1002044B00020440100008593000085
:107D3800AD930000A99300008D8E0000FFFF0000A6
:107D4800D8C80020DCAF002010B0002008B0002008
:107D580004B0002000B000203DF4000031F4000021
:107D680025F4000019F400000000000049F40000A8
:107D78003CB0002034B000202CB0002000000000EF
:107D880024B0002055F50000A1F40000D5F400004F
:107D98001DF5000044C900203A00003A48C90020F7
:107DA8003A00003A4CC900203A00003A50C9002075
:047DB8003A00003A53
:04000003000040A910
:00000001FF
