{
  "bytes_received": 35237888,
  "bytes_sent": 35266560,
  "clients": 16,
  "connections_failed": 0,
  "connections_ok": 8616,
  "duration_seconds": 62.00990046999959,
  "host": "127.0.0.1",
  "latency_ms": {
    "average": 5.5797985816575615,
    "maximum": 57.537113,
    "p50": 4.334451,
    "p95": 15.154949,
    "p99": 23.566609,
    "samples": 8603
  },
  "mode": "churn",
  "operations_per_second": 138.73591047226617,
  "payload_bytes": 4096,
  "port": 7782,
  "protocol": 253,
  "recvs_failed": 6,
  "recvs_ok": 8603,
  "report_interval_seconds": 5.0,
  "rx_mib_per_second": 0.5419371502822897,
  "sends_failed": 4,
  "sends_ok": 8612,
  "server_accepts": 8616,
  "server_errors": 2,
  "transport": "tcp",
  "tx_mib_per_second": 0.5423781080937481,
  "verify_failures": 0,
  "verify_payload": false
}
