{
  "bytes_received": 7751073792,
  "bytes_sent": 7751073792,
  "clients": 8,
  "connections_failed": 0,
  "connections_ok": 8,
  "duration_seconds": 60.27002582300065,
  "host": "127.0.0.1",
  "latency_ms": {
    "average": 64.81400133617424,
    "maximum": 110.55586,
    "p50": 64.075613125,
    "p95": 83.4653995,
    "p99": 92.934503125,
    "samples": 924
  },
  "mode": "throughput",
  "operations_per_second": 122.648031074495,
  "payload_bytes": 1048576,
  "port": 7780,
  "protocol": 253,
  "recvs_failed": 0,
  "recvs_ok": 7392,
  "report_interval_seconds": 5.0,
  "rx_mib_per_second": 122.648031074495,
  "sends_failed": 0,
  "sends_ok": 7392,
  "server_accepts": 8,
  "server_errors": 0,
  "transport": "tcp",
  "tx_mib_per_second": 122.648031074495,
  "verify_failures": 0,
  "verify_payload": false
}
