:020000040000FA
:10000000F80B0020A940000011410000718C000095
:10001000918C0000B18C0000F18C0000D18C0000AC
:10002000000000000000000000000000616D000002
:1000300021410000000000000D6D0000294100007A
:10004000000000000000000000000000C971000076
:10005000000000003141000000000000000000002E
:100060003941000041410000494100005141000078
:10007000000000005941000061410000694100009A
:100080007141000079410000000000000000000004
:1000900081410000894100000000000000000000D4
:1000A00091410000000000000000000099410000A4
:1000B000A1410000A9410000B1410000B941000088
:1000C000C1410000C9410000D1410000D9410000F8
:1000D000E141000000000000E941000000000000D4
:1000E000F141000000000000F941000000000000A4
:1000F00001420000000000000000000000000000BD
:1001000000000000094200000000000000000000A4
:1001100000000000000000000000000000000000DF
:10012000000000001142000000000000000000007C
:1001300000000000000000000000000000000000BF
:100140001941000000015F5F02000000FE0B00008B
:10015000F56D000000040000000000000000000039
:100160000000000000000000000000000100FFC3CC
:10017000000000C4C0B100200000000001015F5F6A
:10018000030100001F010000F50200000020000034
:10019000000000000100000001000000000000005D
:1001A0000000000000000000000000005845002092
:1001B0000000000070000000BC230100800000006F
:1001C000000F000001000000150300000100000006
:1001D00001015F5F000100001F0000007534000096
:1001E0000007000000000000030000000100000004
:1001F00000000000000000000000000000000000FF
:1002000000260020000000008000000070000000B8
:1002100040000000C823010060000000010700004A
:1002200001000000353300000100000001015F5FA4
:10023000010100001F01000025110000200700003F
:1002400000000000000000000100000000000000AD
:1002500000000000000000000000000058650020C1
:1002600000000000E823010070000000020F000001
:1002700001000000291100000100000001015F5F82
:10028000040100001F0100009D290000000500007E
:10029000000000000000000001000000000000005D
:1002A000000000000000000000000000786C00204A
:1002B00000000000102401004000000005070000BD
:0C02C00001000000092700000100000000
:1002E0000346034A0020D2F804241A60704700BF76
:1002F0007881002008B500F083F900B108BD00F056
:10030000C3FE00F0CFFE0028F8D1BDE808400BF096
:1003100039BD00BF2DE9F04F0468A5B0002C40F0B6
:10032000508107462022214604A808F0AFFD202274
:1003300021460CA808F0AAFD4022214614A808F086
:10034000A5FDFA6907F11C034FF00409009372B987
:10035000032153F8040D4A1E30B93AB1114653F83F
:10036000040D4A1E0028F8D0894600E09146FA6A3A
:100370004FF0040B07F12C0372B9032153F8040D5D
:100380004A1E40B9002A00F08E80114653F8040D31
:100390004A1E0028F6D08B46B9F1000F00F0A48069
:1003A00040230021786814AA08F0CEFD402840F0D0
:1003B0009B8014ABB9F1010FCDE9043000F0FF8050
:1003C0000124DFF830A204AD07F110080AF58056C9
:1003D000CDF804B058F8043FD6F80004D91C21F039
:1003E00003011A1D0AEB000B00EB010CC0F5A05E27
:1003F0005BD8714559D8214678685A46C6F800C47A
:1004000008F0A2FD0134A145E86045F808BFE1D13C
:10041000DDF804B0BBF1000F00F0D680D6F8004440
:100420000CA821464FF0000EA2468446009D714A5A
:1004300005EB8B0855F8040FC1F5A059C31C10F14A
:10044000040F23F0030301EB02043ED84B453CD8D4
:100450004545CCE900404FF0010E19440CF1080C61
:10046000E8D10023BA68C6F80014DDE9041040287A
:10047000CDE90233C6F8042440F0B3800B8D180A8E
:10048000032800F09680012831D00968831ECDE949
:100490000212092B00F2A880DFE803F0538B5A61A7
:1004A000686F767D844C934676E70021024651487A
:1004B000C6F8041408F0EAFC00236FF08C08C6F8B4
:1004C0000034404625B0BDE8F08F5446BEF1000F21
:1004D00002D00C46C6F80014002122464548C6F852
:1004E000041408F0D3FCE7E76FF08308E9E704A8F9
:1004F0000CA900F0BDFD8046BBF1000F0BD000241D
:100500000CAD21466B68786855F8082B013408F06B
:1005100025FDA345F5D10024D6F800242146354811
:10052000C6F8044408F0B2FC4046C6F8004425B0C2
:10053000BDE8F08F04A80CA902AA00F0EFFD8046E8
:10054000DAE704A80CA902AA00F0CEFC8046D3E7A3
:1005500004A80CA902AA00F0DFF98046CCE704A8A1
:100560000CA902AA00F0EEF88046C5E704A80CA981
:1005700002AA00F0A5FA8046BEE704A80CA902AAC8
:1005800000F0C4FB8046B7E704A80CA902AA00F05B
:10059000C1FB8046B0E704A80CA902AA00F0BEFB8C
:1005A0008046A9E704A80CA902AA00F0B3FD804682
:1005B000A2E704A80CA900F0C9F880469CE70E4EFB
:1005C00028E76FF085087CE7BA68DDE90413402B63
:1005D000CDE902BBC6F804243FF450AF6FF08008A9
:1005E00099E76FF080088AE7044808F0CBFE6FF0C7
:1005F000850881E77871002078810020CC2D0000EB
:1006000008B54FF4C0520021024808F03FFC00201A
:1006100008BD00BF582D002000232DE9F0430C68D1
:1006200083B0019354BB17465AB38046146001A8A7
:100630008946FFF755FE58B90346134E56F8235026
:100640002246C033013435B1082CF7D16FF0840055
:1006500003B0BDE8F083012102EB42021302F15026
:10066000103306EB02221E44019BC2F8088053603F
:10067000C9F800403E6003B0BDE8F0836FF0880029
:10068000E6E76FF08600E3E7582D00200023F0B581
:10069000046883B0013C072C019303601FD801A8B4
:1006A000FFF71EFE0546B8B90F4E04EB44042702BF
:1006B000F35906EB0424012B11D16268019B9A4285
:1006C0000DD107F110004FF43C722946304408F078
:1006D000DDFBC4E90155F551284603B0F0BD6FF0CC
:1006E0008605284603B0F0BD582D0020002370B5C4
:1006F0004C1E82B0072C01931BD81546EAB1064662
:1007000001A8FFF7EDFD90B90D4A04EB4404230264
:10071000D15802EB042401290BD1A168B14208D1C0
:10072000646801998C4204D1103313442B6002B0E9
:1007300070BD6FF0880002B070BD6FF08600F6E704
:10074000582D00206FF08500704700BF2DE9F04361
:100750004FF00009D0F8008085B0B8F82860054651
:10076000B6F5407F0F46CDF8089061D040F20133D6
:100770009E426FD040F202339E4218D1D1F80090D1
:10078000B9F1000F00F08D804B68032B40F2898097
:10079000D8F8083049460320C9F8003002AAFFF70C
:1007A0003BFF044618B3204605B0BDE8F0830320A4
:1007B000D8F8081002AAFFF799FF6FF44173F318F5
:1007C000022B044622D8D7F80090B9F1000F68D068
:1007D0007B68032B65D9D8F80830C9F800300028A9
:1007E00046D040F207339E42DDD10024DBE7D8F843
:1007F000041002980AF0CEF904460028F5D04846C5
:10080000FFF744FF204605B0BDE8F0830028CAD1B9
:10081000A6F20336042E7BD8DFE806F003554631F6
:100820003C000298D5E902120AF0DAF90446BAE768
:100830000C464B68D8F80400009354F8043BD5E903
:10084000021201940AF046FA04460028CDD0C7F8F7
:100850000490A8E7D5E90434D8F80400D5E90212D9
:1008600000940AF047FA0446204605B0BDE8F0833C
:10087000A6F20636012E19D8DFE806F0030E4FF077
:100880000009D5E9021202980AF0DAF904460028B4
:1008900089D1B4E74FF0000902980AF06FF90446D5
:1008A000ADE76FF080047EE74FF00009D7E9021250
:1008B000029807F10C030AF0AFF9044600289ED015
:1008C0000023FB606FE700233E680393002EE8D00F
:1008D0007B68032BE5D9AB68002BE2D0EA68032ADA
:1008E000DFD91B6831460320336003AAFFF794FE6B
:1008F000044600287FF457AFDDE902010AF024FA2C
:10090000044600283FF44FAF3046FFF7BFFE4AE7EA
:100910006FF0850447E700BF2DE9F04F0546134609
:100920004FF00009D5F800A089B0BAF828700DF191
:10093000180840460E4612685968CDF8149000F029
:100940009FFBB7F5806F00F08E8040F201439F421D
:1009500000F09E80A7F2024B1FFA8BF3012B1DD8EB
:10096000D6F80090B9F1000F00F0A4807368032B53
:1009700040F2A080DAF8083049460220C9F8003079
:1009800005AAFFF749FE044630BBBBF1050F00F294
:100990009480DFE80BF05D524B3E34290220DAF8F8
:1009A000081005AAFFF7A2FEA7F20543022B044692
:1009B00016D8D6F80090B9F1000F7BD07368032BDE
:1009C00078D9DAF80830C9F800300028DDD040F2D4
:1009D00007439F4200D10024204609B0BDE8F08FB4
:1009E0000028F9D18146D0E705980AF0CFF90446EE
:1009F0004846FFF74BFE204609B0BDE8F08F05984A
:100A0000D5E902120AF088FA04460028E4D100244D
:100A1000EEE7059806F10C03D6E902120AF004FA93
:100A200004460028F3D00023F360D5E70598D5E904
:100A300002120AF0D9F90446CEE7DAF80430059834
:100A400098E806000AF0C2F904460028C3D0CFE7B0
:100A5000DAF80430059898E806000AF0A9F9044687
:100A60000028B8D0C4E77368DAF80420029333682A
:100A7000311D0193EB680093AB68039198E8030084
:100A80000AF088FA04460028A5D0C6F80490A3E727
:100A9000D5E90431DAF80420CDE90131D5E9023194
:100AA000009198E803000AF08BFA0446204609B04A
:100AB000BDE8F08F6FF080048EE76FF085048BE760
:100AC0002DE9F04F064614464FF00009D6F800A075
:100AD0008DB0BAF828700DF1280840460D4612680E
:100AE0006168CDF8249000F0CBFAB7F5C06F52D012
:100AF00040F201639F4270D0A7F2026B1FFA8BF3A2
:100B0000012B1FD8D5F80090B9F1000F00F0F78045
:100B10006B68032B40F2F380DAF808304946052071
:100B2000C9F8003009AAFFF777FD044658BBBBF1AE
:100B3000090F00F2E780DFE80BF075808B979EA528
:100B4000ACBCD06D0520DAF8081009AAFFF7CEFD7D
:100B50006FF4C163FB18022B044618D8D5F8009037
:100B6000B9F1000F00F0CB806B68032B40F2C78017
:100B7000DAF80830C9F800300028D8D040F20B630A
:100B80009F4200D1002420460DB0BDE8F08F002820
:100B9000F9D18146CBE72B1DD6E90247D6E90410EF
:100BA000DAF80420D5E900CECDE90204CDE906E368
:100BB000CDE9047C0191DAF82430009398E8030031
:100BC0000AF114030AF026FA04460028DAD0204677
:100BD000C5F804900DB0BDE8F08F2B1DD6E9024793
:100BE000D6E90410DAF80420D5E900CECDE90204F4
:100BF000CDE906E3CDE9047C0191DAF824300093D5
:100C000098E803000AF114030AF060FA0446002889
:100C1000B8D0DCE709980AF0D7FC04464846FFF74D
:100C200035FDB0E7DAF80430099898E806000AF0D4
:100C3000A9FA04460028A5D0F0E7DAF804300998AC
:100C400098E806000AF0ACFA044600289AD0E5E7D6
:100C500009982B1DD5E900120AF0E6FA044600288F
:100C600090D000236B608EE70998D6E902120AF053
:100C7000A5FA044687E70998DAE903120AF062FB4D
:100C8000044680E70998D6E902120AF095FB04466B
:100C900079E72C46D6E902126B680998009354F85C
:100CA000043B01940AF0C4FB044600283FF46AAFF9
:100CB000D7E705F10C02D5E9023102926A69CDE964
:100CC00000310998296905F114030AF0F9FB04467B
:100CD00098B10023EB606B6155E7D6E90231EA6811
:100CE000CDE900310998A96805F10C030AF038FC38
:100CF000044610B10023EB6045E700248EE76FF057
:100D0000800440E76FF085043DE700BF6FF0850089
:100D1000704700BF6FF08500704700BF2DE9F047B6
:100D20000746154600233E688EB0B6F828A00DF1A0
:100D300014084046894612686968049300F0A0F9D7
:100D4000BAF5106F5CD040F6011292451DD1D9F86A
:100D50000050002D00F0C180D9F80430032B40F280
:100D6000BC80B368294604202B6004AAFFF754FC1A
:100D7000044630B9716804980AF070FD044608BB57
:100D8000002420460EB0BDE8F0870420B16804AA14
:100D9000FFF7ACFC0446C8B140F60A139A45F0D1FF
:100DA000D9F80050002D00F09880D9F80430032BBA
:100DB00040F29380B3682B60002CE1D104980AF0D4
:100DC00017FC04462846FFF761FCDAE7AAF602138F
:100DD000082B00F2858001A252F823F0C30E000018
:100DE000290E0000350E0000450E0000550E0000D3
:100DF000650E00007D0E00008B0E0000A10D0000AE
:100E000009F1040370680393D9E900130293D7E949
:100E10000232CDE9002198E806000AF077FE044688
:100E200020460EB0BDE8F087316B04980AF000FC54
:100E30000446A6E7718D0498D7E902230AF062FD03
:100E400004469EE7718D049898E80C000AF0A2FD14
:100E5000044696E7718D0498D6E90C230AF05EFDEE
:100E600004468EE7D7E90232718DCDE9003204984D
:100E700098E80C000AF0DEFD044682E70498D9E900
:100E800000120AF0E7FB04467BE7D9F8006026B3BE
:100E9000D9F80430032B20D9B968F1B1FA681C2ABB
:100EA0001BD107A807F0B6FF686807A900F00AF988
:100EB0004246049907A80AF0FFFB059B04463360ED
:100EC0005FE7D9F8001041B1D9F80430042B04D100
:100ED00004980AF0A3FB044653E76FF0800450E740
:100EE0006FF085044DE700BF2DE9F041144605463B
:100EF0008EB003AF126838460E466168D5F80080A0
:100F000000F0BEF840F20322B8F82830934203D034
:100F1000A3F50272012A10D8A968002900F0968072
:100F2000EA681C2A40F0928007A807F073FF606807
:100F300007A900F0C7F8B8F82830A3F50073092B0B
:100F400000F29380DFE803F0152A393F4F556471B2
:100F500077053568002D79D07368032B76D939462B
:100F600007A80AF04FFE0446A0B9039B2B6000249B
:100F700010E007AA97E80300356809F06DFB3368B5
:100F80000446002B62D072681C2A5FD8284607A945
:100F900007F040FF20460EB0BDE8F0813468002C19
:100FA00054D07368032B51D9D7E900013A460BF0AE
:100FB00035F9039B23600446ECE797E803000BF048
:100FC00065F90446E6E73468D5E90412002C3DD003
:100FD0007368032B3AD93B4607A809F01BFC039B17
:100FE00023600446D6E797E8030009F0E3FA0446D5
:100FF000D0E7344697E8030054F8042B7368009454
:1010000009F062FB04460028B1D000237360C1E7F9
:10101000344697E8030054F8042B7368009409F0F1
:10102000C5FB04460028F0D1A1E797E803000BF0C8
:1010300059F90446AEE7002205A81146356800F0CC
:101040001FF8336813B17368032B02D86FF0800464
:10105000A0E705AB07AA97E8030009F0BBFC04462C
:10106000002897D1059B2B6081E76FF0850491E7FD
:10107000D1E900010AF098BD0FB4002004B0704718
:10108000C0E90021704700BF10B5044C0F22204674
:10109000034907F0BFFE204610BD00BF00A6002098
:1010A000F42D000008B54FF40251044802F032F864
:1010B000034808F097F9002008BD00BF8085002094
:1010C000791000008861704770B584B06C4684E880
:1010D0000300002403A816461D46039407F08EFF64
:1010E000A0B12146009B039C03E0884204F1200448
:1010F0000CD0226801319A42F7D10020D4E90223B2
:1011000021693160C5E9002304B070BD6FF08B0028
:1011100004B070BD6FF08500704700BF6FF08500B0
:10112000704700BF00F0A8B86FF47A72F0B503689A
:10113000044613448DB0032B00F28480DFE803F0F3
:101140005A3315020369082B79D10021406808AA97
:1011500007F0FAFE082872D1DDE90823A06800F044
:1011600023FA054628460DB0F0BD0369082B66D169
:10117000066A0C2E63D10021406806AA07F0E4FE3F
:1011800008285CD1DDE9062308AF0097A06800F0CD
:10119000D5F9054600284FD1014633463A466068E6
:1011A00007F0DCFE48E00369082B48D14569042DAF
:1011B00045D10021406808AA07F0C6FE08283ED1A4
:1011C0002B460121606806AA07F0BEFE042836D12E
:1011D0006568226A069B1D49A068CDE90032DDE9F9
:1011E00008230D6005A9029100F040F90546284644
:1011F0000DB0F0BD0369082B21D18569042D1ED1E6
:101200000021406808AA07F09FFE082817D12B4646
:101210000221606806AA07F097FE04280FD16568CE
:101220006369069A0949A068CDE90032DDE908231F
:101230000D6000F0A7F8054628460DB0F0BD6FF030
:101240008005F9E76FF08505F6E700BF14A60020DA
:10125000024603480B460068012107F075BE00BF37
:1012600014A60020024603480B460068002107F040
:1012700075BE00BF14A6002030B53A4B85B09D6AFC
:10128000A8470369042B6AD1A847374C8368A36039
:10129000A84703461B7D01A8237605F05FF80028C8
:1012A0005DD1A1689DF80C30019A01FB03F36260E7
:1012B000029AE360B2FBF3F321462C4A2C482382C6
:1012C00000F0E8FA08B105B030BD294800F018FB7D
:1012D000002836D1A8470369042B40D1A847254CE4
:1012E0008368A360A84703461B7D01A8237605F009
:1012F00025F8002833D1A1689DF80C30029A01FB33
:1013000003F3B2FBF3F50199184A61601A482146CC
:10131000E360258200F0BEFA0028D4D1164800F020
:10132000EFFA0028CFD0154808F02CF8124800F04A
:1013300005FB0028C7D1104805B0BDE8304000F0DB
:10134000DFBA0F4808F01EF8094800F0F7FA002845
:10135000B9D1074800F0D4FA0028BBD0B3E76FF04A
:101360008000B0E7C88700003C2D0020542E00000C
:1013700030A60020202D002018A600202C2E0000D2
:10138000042E00002DE9F04F52EA030187B0DDE999
:1013900010545BD0072C56D804920390042203A962
:1013A00006462C48059307F035FD082204A92A4873
:1013B00007F030FD294F2A4A03982A4B2549B0F5FA
:1013C000807F14BF104618463A4600F0B9FAA0B321
:1013D00010F18C0F2ED1234A214B44F44034B6F542
:1013E000807F0CBF91469946C7E901540026DFF87B
:1013F0007880DFF868B0DFF85CA005E0BB682D1BE3
:1014000023F44033BB6015D0B5F5006F2C4628BFE0
:101410004FF4006440462146FFF71AFF009623462A
:101420005A4651464846CDF8048000F09DFA2644BD
:101430000028E3D007B0BDE8F08FBB68DB07CAD552
:101440006FF08400F6E76FF08500F3E76FF0860039
:10145000F0E700BF54AE002058AE002048AE002098
:1014600030A6002018A6002048A6002011462DE92D
:10147000F04751EA030286B0DDF838804FD00446C9
:10148000CDE90413042203A92648039407F0C2FC03
:10149000082204A9244807F0BDFCDFF890A00398B7
:1014A000DFF88C90234EB0F5807F14BF504648463D
:1014B00032461C4900F044FA054660BB3768474590
:1014C0002DD30F9BA7EB08079F4228BF1F46109BF9
:1014D000B4F5807F18BFD146174EDFF848A01F60D3
:1014E00005E021463046FFF7BDFE3F1B13D0B7F5A0
:1014F000006F3C4628BF4FF40064434651464846BF
:101500002246009600F04AFBA04405460028E8D099
:101510000023109A1360284606B0BDE8F0876FF0EC
:101520008605F8E754AE002058AE002030A6002013
:1015300018A6002048AE002048A6002030B585B08F
:10154000CDE901021A4308BF6FF08600089C03939F
:101550001ED004220F480DEB020107F05BFC0822AD
:101560000D480DEB020107F055FC0C4D0C4A01989B
:101570000C4B0849B0F5807F14BF104618462A4628
:1015800000F0DEF920B92B68AA68C4E90033A26034
:1015900005B030BD54AE002058AE002048AE00204B
:1015A00030A6002018A60020F0B585B0CDE90102D4
:1015B0001A4308BF6FF0860003932AD00422044622
:1015C0000DEB0201144807F025FC082213480DEB2F
:1015D000020107F01FFC124F0198124E124DB0F598
:1015E000807F14BF384630462A460B4900F0A8F9E0
:1015F00078B9AB68DB070AD4B4F5807F14BF3846EE
:101600003046054905B0BDE8F04000F0B5BA6FF0CE
:10161000840005B0F0BD00BF54AE002058AE0020DD
:1016200030A6002018A6002048AE002008B50346CA
:101630001B6800209B689847002818BF6FF0910036
:1016400008BD00BFF8B51D46036804465B680E463A
:101650001746984703460B4A6068C3F3410312F8E4
:1016600023200544069BE06824683946B3FBF2F268
:1016700000FB0650A469A0470028B4BF6FF091009A
:101680000020F8BD682E00000020704770B50446A9
:10169000C06898B10E46002504E0D4E902301D442C
:1016A000A8420BD9D4E900232B4400FB0630D369B0
:1016B00098470028F1D06FF0910070BD002070BDF8
:1016C0002DE9F04782B00A9D1DB9002002B0BDE8A7
:1016D000F08717464268064613440268C06852689D
:1016E00000FB013490472A4BC0F3410013F82090CF
:1016F000B4FBF9F809FB08F8444542D033680122ED
:1017000040465B6901A9984700283DDBA4EB08032C
:1017100001AAD1182B4499452ED8A9EB040AC2443A
:101720005246384607F076FBB5EB0A05CDD004EB00
:101730000A083268A945536910D84046B5FBF9F844
:1017400007EB0A014246984700281DDB09FB08F217
:10175000AD1ABAD09244326804EB0A085369404685
:10176000012201A9984700280EDB2A4601A907EBB0
:101770000A0007F04FFBA8E72A46384607F04AFB65
:10178000A3E74FF0000AD4E76FF091009EE700BF97
:10179000682E00002DE9F04F03688FB006AA0446BA
:1017A0000D46DF6800F022FC10B10FB0BDE8F08FED
:1017B0000BA800F09BFF0146002865D1DDE9066A11
:1017C000202206A8DDF8249007F060FB2946204679
:1017D00006AA00F091FD0028E7D12268D38A63B3FE
:1017E000834680460CE05946204606AA00F084FD58
:1017F0000028DAD12268D38A0BF1010B5B451DD991
:101800005D45F8D05946204606AA00F0EFFB0028B7
:10181000CBD1069BB342E6D10BA800F067FF0028AE
:10182000E1D1079B5345DED99F4228BF1F46A3EB5A
:1018300009030793099B9844D5E79846B9F1000F2F
:101840000DD14946204603AA00F082FC0028ACD105
:101850004946204603AA00F0DDFE68B1A5E73B46F5
:101860004A4631462046CDF80480CDF800A000F06D
:10187000B7F9002899D11EB1204600F0B3FE30B967
:10188000204600F09DFB90E76FF08B008DE76FF036
:1018900083008AE780B370B50C4651B3154642B356
:1018A0000B8A012B25D9032B23D0CA8A022B06468B
:1018B000C968A08A4FEA421212D1A1F114039B1AFF
:1018C000834216D3884214D81432914211D318227D
:1018D0000021304607F0DAFA0020C6E9004570BD65
:1018E000884206D80C20023B083200FB03238B42BF
:1018F000EDD96FF0860070BD6FF08600704700BFB5
:1019000030B583B0054600F013FE044610B1204602
:1019100003B030BD4FF08071284601AA00F0F0FB03
:1019200030B110F18C0F18BF0446204603B030BD13
:1019300028460199FFF72EFF0446E8E700F0FABCBD
:1019400010B58AB0144602AB01AA00F09FFB40B963
:10195000DDE90412BDF81830C4E90012A3600AB032
:1019600010BD6FF08B00FAE72DE9F04192B004460C
:101970000F461546002120220AA81E46DDF8608089
:1019800007F084FA4FF6FF73CDE90533002D00F020
:10199000EF80AB68B3F1807F80F0EA8023686A68EB
:1019A0005B8A013A1A445B421A406A603946204613
:1019B0000AAB05AA00F06AFB002800F0A38010F132
:1019C0008C0F40F09C80AB68DB0340F198804FF6B1
:1019D000FF73069A9A4240F0A6802368998A6B6842
:1019E0008B4200F2C5800AA8A9680290059807AD4D
:1019F000821A06A818BF012200910190394620469C
:101A0000039500F00DFC002879D1002E31D0236819
:101A10005B8A5A1E12EA080F40F08E80771E1F4420
:101A20005B421F400C9B984500F286803A46414637
:101A30000D9800F04FFE00287ED1199B2946019396
:101A40002046434600970AAA00F044F9002873D1C3
:101A50000C9A06EB080393420A992046079F88BF19
:101A60000C9300F0A7FA394607900A9A204600F036
:101A70003FFC2A4620460A9900F0CCFD00285BD1A5
:101A8000069920460AAA00F037FC0146002853D1E7
:101A9000DDE905539D4228BF1D4620462A4600F039
:101AA0002DFD002848D14FF6FF72059B934210D0C0
:101AB000069A93420DD09A4238BF1A462046691CB6
:101AC00000F01CFD002837D1DDE905539D4238BFE9
:101AD0001D4623682046DA8A691C00F00FFD58BBBA
:101AE0000A9B63BB5EB3204600F06AFA38B94FF632
:101AF000FF730599994202D0069B994232D112B0E8
:101B0000BDE8F081AB68059A990306D56968DDF8F0
:101B100034C08C4519D10C900E934FF6FF739A4246
:101B200006923FF45AAF07AD2A4620460A9900F0C4
:101B30000FFB00283FF469AF6FF08300DFE720461A
:101B400000F050FD0028CED0F6E70E9B114643F082
:101B5000807320460AAA0E9300F0CEFB00283FF4C3
:101B600036AFE9E72046FFF715FE12B0BDE8F08179
:101B70006FF08600C3E700BF10B582B0002301AA52
:101B8000044600F083FA28B920460199FFF702FEC7
:101B900002B010BD6FF08B00FAE700BF70B58CB0DB
:101BA00015461C4603AA04AB064600F06FFA98B926
:101BB0002A462146069800F08DFD58B92246109C11
:101BC0002B46304604A9009400F062F8002818BFA4
:101BD0006FF083000CB070BD6FF08B00FAE700BFB0
:101BE0002DE9F04186B0904603AA05461F460E46F1
:101BF00000F0AEFA044618B1204606B0BDE8F08108
:101C0000059B314643442846059300F0D3F90D9BCC
:101C100080464BBB0D9F0C9BDDE903129A420BD211
:101C20000B460C992846891A01910092414600F012
:101C300033FC20BB012703993246284600F058FBAD
:101C40003146284603AACDF80C8000F0E3FC044698
:101C5000C0B9002ED0D0002FCED06B684146DB68D3
:101C6000286898470446C7E7CDE900730146039BFF
:101C700028460C9A00F010FC01270028CBD06FF00A
:101C80008304B9E732464146284600F031FBB3E70A
:101C90002DE9F04184B016460C4601AA09680546B4
:101CA0001F46DDF8288000F053FA70B901994B1CEB
:101CB0000BD00A976368D5E9000464684246A446DD
:101CC000334404B0BDE8F04160476FF0830004B0D6
:101CD000BDE8F0812DE9F0470F4682B01168164645
:101CE000DDE90AA91C46054600F064F980467368E0
:101CF0007A681C44A31A00920193284641463B6827
:101D000000F0CAFB48B9CDF800A0696823464A46EE
:101D10008C6828684146A04710B102B0BDE8F08742
:101D2000F16872682B680A44DB680092B96828463B
:101D30005B1A9B1A019341463B6800F0ADFB0028FB
:101D4000EBD13368002BE8D041466B682868DB682C
:101D500002B0BDE8F04718472DE9F04F00240C27EA
:101D600006468846914625468BB03068038A022B8A
:101D70000CBF01229A1E954216D2D6F804C005EB7C
:101D800045039B0000974146DCF804A002AA0833F3
:101D9000D04770B902AB05A913F8012B8B4284EA36
:101DA0000204F9D10135E0E7C28A2AB9002089F896
:101DB00000400BB0BDE8F08F00274FF0200A0DF176
:101DC0002705022B0EBF0C23023B03EB4303726873
:101DD00018BF9B0003EB4713D2F804B0414602AA98
:101DE000CDF800A00833D8470028E2D10DF1070351
:101DF00013F8012F9D4284EA0204F9D130680137BB
:101E0000C38A9F42D2D2038ADBE700BF10B50C46DB
:101E100009790346012982B017D0022922D11B6813
:101E2000A1791B7E99421DD0012A18D811460DF1C7
:101E30000702FFF791FF30B962799DF807309A42A7
:101E400018BF6FF0910002B010BD036862791B7E6D
:101E50009A4214BF00206FF0830002B010BD6FF0F3
:101E60008600F0E76FF08300EDE700BF70B5827B7E
:101E70000168531CDBB28373097E044699424169B1
:101E800004BF02328273012982B000F10D020DD825
:101E9000FFF762FF40B9082665686169034620685C
:101EA0000096A219AC68A04702B070BD6FF0860022
:101EB000FAE700BF436810B5416904461B69006832
:101EC000984750B923681A8A022A06D962681846C8
:101ED000A1681369BDE81040184710BD70B508250A
:101EE0000446002386B000954068194646680DEB0D
:101EF00005022068B047B0B10826656820680096E2
:101F0000002301216D6804AAA84700BB01222046D6
:101F100004A9FFF77BFF01220346C0B90020C4E9F2
:101F2000042306B070BD02460DEB05012046FFF705
:101F30006DFF03460028DFD1616800954D68206879
:101F4000012104AAA84728B101230022E6E76FF087
:101F50008300E6E70122204604A9FFF757FF024667
:101F60000028F1D123689DF816101B7E9DF80E0005
:101F7000B3FA83F35B09994208D0984211D08842A2
:101F800033BF0122002201230023C7E7002914BF29
:101F900002230123984213BF0122002201230023C0
:101FA000BCE7002814BF022301239942E7D0012394
:101FB000B4E700BF09B1806870474069704700BF4F
:101FC00010B50446FFF752FF28B963686169DB6802
:101FD0002068984700B110BDD4E904322046C4E916
:101FE0000423BDE81040FFF765BF00BF70B504468D
:101FF00000681546B0F810C06268BCF1020F0FBF50
:102000000C23ACF1020303EB43039B0003EB4113EE
:10201000202182B00091566821692A460833B047D2
:10202000064610B1304602B070BD23682A681B8A8C
:10203000022B0CBF0123023B9A4223D205F114006C
:1020400000F054FB0028EDD12068EA68838A9A42A8
:1020500018D8AB689A4215D3D5E900316BB9038A19
:10206000C48A022B0FBF0C23023B03EB43039B00EC
:1020700003EB441308338B4204D8C06800F02AFBFA
:102080000028CFD06FF09706CCE700BF2DE9F041D4
:102090001F46036888B0DB8AEBB105460E469046C2
:1020A00000240BE00C22314605A80BF031FB8446DE
:1020B000B8B12B680134DB8AA3420CD921466A46A9
:1020C0002846FFF793FF0028ECD06FF0830C6046A2
:1020D00008B0BDE8F0816FF08B0C604608B0BDE839
:1020E000F081C8F80040002FF1D06C460FCC0FC72C
:1020F00094E80F0087E80F00604608B0BDE8F08163
:102100000368DB8A03B3F0B505460E461746002484
:1021100089B007E0049B1E4213D12B680134DB8A8F
:10212000A3420AD921466A462846FFF75FFF0028E6
:10213000F0D06FF0830009B0F0BD6FF08B0009B0F4
:10214000F0BD3C6009B0F0BD6FF08B00704700BF80
:10215000F0B50C2583B0009501EB41018B0041687F
:1021600004464F680833016900681646B84708B14D
:1021700003B0F0BD236831681A8A91420CD2B2686C
:10218000D868716800F0A6FA30B93368012B06D917
:1021900005467368AB42EBD06FF09700E8E7236821
:1021A000DA8A1B8A022B03D0023B03EB43039D0018
:1021B00005EB42150835ECE7F0B50C2583B000952A
:1021C00001EB41018B00416804464F680833016907
:1021D00000681646B84708B103B0F0BD23683168FF
:1021E0001A8A91420CD2B268D868716800F072FA0B
:1021F00030B93368012B06D905467368AB42EBD082
:102200006FF09700E8E72268138A022B03D0023BA5
:1022100003EB43039D00D38A05EB43150835ECE738
:102220002DE9F04F89B04FF0000ADDE9149504461E
:10223000884617461E460CE051462A462046FFF7C0
:1022400087FF8346002836D1AB689E4237D90AF112
:10225000010A2368B3F810C0BCF1020F0CBF4FF0A5
:10226000010CACF1020CD445E6D86FF08D0BDB8A83
:102270000025DBB129466A462046FFF7B7FEA8B91C
:1022800005A800F033FA60B157B1BBF1000F18BFD9
:102290006FF08D0B5846139B1D6009B0BDE8F08FA1
:1022A000012723680135DB8A9D42E3D34FF6FF7592
:1022B0006FF08D0BEEE76FF0830B2368D7E7226892
:1022C0004146D268C9F800A0D31AC9F804300C22DC
:1022D000C9F80C6009F1140006F09CFD129BC9F8C6
:1022E00008B0C9F81030AB689B1BAB602368BEE731
:1022F00002B18160704700BF30B586460068202576
:10230000B0F810C083B0BCF1020F0EBF0C23ACF1CB
:10231000020303EB4303DEF8044018BF9B0003EB0A
:102320004113DEF814100095A4680833A04703B0E9
:1023300030BD00BF2DE9F0418EB00446FFF7CEFD61
:10234000002840F08B806669636831461B6920680D
:102350009847054600287DD1D4E90003B6FA86F1F6
:102360001B69490998470546002873D12068037EF8
:10237000B3FA83F35B09A373038AC18A022B6FD17B
:1023800001220C23A26002220C2503EB411300263C
:1023900001212273C26808332661616100950493AC
:1023A000D31A626803919568059303AA0823A84786
:1023B000054600284ED120680495C3680593038A1A
:1023C000022B2FD02E46033B9E4206F1030106F15D
:1023D000010608D263681B699847024620681543C6
:1023E000038A022BEFD1002D52D1038A1426022B2F
:1023F0004FF00C07A3F1030214D0954212D20097BC
:1024000063686169D3F80880EB1C039303AA334621
:1024100001350C36C047D8B92068038A022BA3F1D6
:102420000302EAD12022002106A806F02FFD23682E
:102430000025DB8A23B919E02368DB8AAB4215D972
:102440002946204606AAFFF757FF01350028F3D09A
:102450006FF0830528460EB0BDE8F081002673E7D3
:102460000222023B03EB430393408BE72046FFF736
:10247000FDFC0028ECD163686169DB68206898473F
:1024800005460028E6D1D4E90423C4E90432E1E793
:102490006FF09105DEE700BF2DE9F04FC3B0DDE935
:1024A0004C863EB305468A46174699460CE0686856
:1024B00000943B46D0F808B05146286802AAD84795
:1024C0002744A0B9361B15D0B6F5807F344628BF07
:1024D0004FF48074D5F804C02868009443464946F8
:1024E000DCF804B002AAD847A0440028DFD043B0EB
:1024F000BDE8F08F002043B0BDE8F08F036800B561
:102500001B8A83B0022B0FBF0C23023B03EB430358
:102510009B0003EB4113511A490103F108020369BF
:10252000019141690092FFF7B7FF03B05DF804FB2A
:10253000F0B50546D0E9000387B01B68984704460C
:1025400010B1204607B0F0BD2846FFF7C7FC08BB16
:102550000827D5F804C029692868EE190097234692
:102560003246DCF80440A047A0B9314628462A6923
:10257000FFF74CFC70B92846FFF79CFC044648B9AD
:102580002B7B012B0BD0022B18BF6FF0830420464E
:1025900007B0F0BD6FF08304204607B0F0BD0146E0
:1025A00003AA2846FFF708FE04460028C9D16FF0A9
:1025B00007042B683A46DE680097059FD5E9043189
:1025C000E41B344401942846FFF766FF04460028C4
:1025D000B7D102236A7B2846AA732B73FFF7F0FC5E
:1025E0000446AEE710B586B0002103AA0446FFF703
:1025F000AFFD60B9DDE9042321681344C9682046B2
:10260000C91A2369019161690092FFF745FF06B07D
:1026100010BD00BF2DE9F04304468846436801EB36
:102620004105AD009F680068616987B005F1080346
:10263000B8F1000F1FD10C2611600096B847002892
:1026400043D1D4E90476236805F10C011B8A05F116
:102650001402022B0FBF0C259D1E05EB4505AD0096
:102660006D1A3B4631462046CDE90025FFF714FFA1
:1026700007B0BDE8F0834FF00C09CDF80090B847E3
:10268000014610BBD4E90476204603AAFFF760FD9B
:10269000D8B9CDF8009063686169D3F808902068D4
:1026A000082303AA0396C84778B9B8F1010FCAD026
:1026B0001422A5F10C03019331463B4620460092BB
:1026C000FFF7EAFE0028BED0D2E76FF0830007B024
:1026D000BDE8F083814206D8401A90422CBF00200A
:1026E0006FF0860070476FF08600704700F10C02B3
:1026F00002E010F8013B23B99042FAD16FF08B0051
:1027000070470020704700BF70B503680446A3F20D
:10271000F233A6B0032B00F23D81DFE803F03084F2
:102720002B0200253C22294607A802950495069510
:102730000395059506F0AAFB3C22294617A8169595
:1027400006F0A4FBE2690321019504F11C03002AB1
:1027500040F0EC8053F8042D4E1E42B9002E00F0DC
:102760009080314653F8042D4E1E002AF6D0304694
:102770000E4688E003F098FD002026B070BD0021D1
:10278000C26900F11C0316910320002A40F0D18099
:1027900053F8041D421E31B932B1104653F8041DDE
:1027A000421E0029F8D00246E16A032504F12C03F9
:1027B000002940F0B98053F8040D691E30B931B1D9
:1027C0000D4653F8040D691E0028F8D029462369E8
:1027D000042B53D1206A042850D8012A4ED1012954
:1027E0004CD10021606806AA06F0AEFB042845D152
:1027F000A068069B0028C0F2BD800022194603F0A5
:1028000075FE00283AD1216A069816AA03F0B8FD91
:102810000546002832D10146236A606816AA06F0F0
:102820009DFB2846A9E7C26900F11C030320002A8A
:1028300076D153F8041D421E31B932B1104653F817
:10284000041D421E0029F8D00246E16A032504F166
:102850002C03002966D153F8040D691E30B931B13B
:102860000D4653F8040D691E0028F8D02946236947
:10287000042B03D1012A01D100293AD0012026B02E
:1028800070BD4FF0FF30E26A042504F12C0362B9F9
:10289000032153F8042D4D1E32B935B1294653F8A2
:1028A000042D4D1E002AF8D00D4628430128E5D8F6
:1028B0000423002160680DEB030206F045FB0428A9
:1028C00062D1022E37D00021002D44D0236A402B44
:1028D0005AD816A804AA04900198059303F0F6FCB0
:1028E000DDE9042305460021606806F037FB284631
:1028F00043E7606816AA06F027FB0428BED1A0684B
:10290000169B00282EDB0022194603F0EFFD00285D
:10291000B4D1169803F0B8FD003818BF01202CE799
:10292000042292E70421A2E7042150E703200426B1
:10293000A9E7042238E76669402E28D833460121EA
:10294000606806AA06F000FB86421DD106AB029322
:1029500002A90396B8E72A46019803F0B7FC05469A
:1029600028460AE7184616A903F0D8FD50B9A06812
:10297000169BC8E7184606A903F0D0FD10B9A06859
:10298000069B3AE70220F8E66FF08000F5E66FF06C
:102990008900F2E66FF08500EFE600BF08B503F0AE
:1029A000EDFC002814BF6FF09200002008BD00BFAE
:1029B0002DE9F047924600228046ADF5527D04AFE6
:1029C0003846039106AD11461E46FEF759FBD8F86E
:1029D000382040F203112846FEF752FB4FF43C72B8
:1029E000002116A806F052FA4FF6F8734FF6FF7260
:1029F000B3EBC60F4FEAC60338BF1346ADF83E30FF
:102A000041F20103ADF83C30012311934FF4905390
:102A100000244146D8F820204FF48048DFF8B090D9
:102A2000ADF8203008A82B46CDF82640CDF82E4032
:102A3000CDE91244CDE91444CDF82240CDF832401E
:102A4000CDF83640ADF83A401094CDE90A8907F048
:102A5000E1FE044678B116A808F0CAFD95E8030027
:102A600007F0A8FD97E8030007F0A4FD20460DF548
:102A7000527DBDE8F087164916A808F0EFFE04461F
:102A80000028E8D195E80C0040F2011116A808F0E2
:102A900081FF04460028DED1042340F2032103AA6B
:102AA00016A808F02FFF04460028D4D13A460FA8F4
:102AB00016A908F001FE04460028CCD1DA99334665
:102AC0000091524697E8030007F0FEFD0446C2E776
:102AD000090100082DE9F04700249AB006A80694E1
:102AE00006F08CFA002868D00746DFF8E080DFF8AF
:102AF000E09001E0A74260D0069A660102EB441321
:102B0000196901344145F5D10021925909A89D6800
:102B1000FEF7B6FA0021069B0DF1160E03EB060C2C
:102B200008AADCF81800CDE9012E05AB0093DCF80B
:102B300014A007ABCDE90B11CDE90D11CDE90F11B3
:102B40001191202212A9D047034605EB0515AD00CF
:102B500005F1240048444D44002B32D14FF6F87162
:102B60004FF6FF72069BBDF814C03344D3F810E053
:102B70008C4588BF94465FFA8EF3002B099E08BFF0
:102B80000026089B1C220E930A9B0BA91193BDF8EB
:102B90001630CDF830E0ADF82C30ADF82EC01096E0
:102BA00006F038F9079A284612A906F033F90123EE
:102BB000079AA7422A622B649ED100201AB0BDE872
:102BC000F0876FF092001AB0BDE8F0870101008035
:102BD00060AE002070B584B06B4683E8030012B38A
:102BE000002403A814601646009D039406F006FA1C
:102BF000E0B12346039903E0984201F1200115D08A
:102C00000C680133A542F7D1D1E902319A1E0A437B
:102C10000CD00020074A03EB031302EB83031B6A6B
:102C2000336004B070BD6FF08600FAE76FF08B0080
:102C3000F7E700BF60AE00202DE9F04F89B0129990
:102C4000012803911399CDE9013100F2B380DFF837
:102C500078B100EB001915460BEB8902126C0301E9
:102C600007464FEA89090093002A00F0A680002D4C
:102C700000F0A080D5E9056A4FF0000805A8CDF85E
:102C8000148006F0B3F909F12401044659440028E0
:102C900079D0059B00EB400E4246184603E096456E
:102CA00000F10C000DD053F822400332A642F6D1B9
:102CB000D0E901C3BCF1000F54D1984603F480540D
:102CC00001E00024A0461C22284606F0A3F8324664
:102CD000514606A8FEF7D4F907996A68A9610699D2
:102CE0006961D1B221B922F0FF0242F001026A60AB
:102CF0002CB348F4806408F400520AB144F4006430
:102D0000009BAC60DA190BEB8202126A039B9A42B9
:102D100056D8019D002D4DD0029E002E4AD0610450
:102D20000BEB09000FD540F203118A450BD02A4660
:102D30005146129609B0BDE8F04FFFF739BE444640
:102D400008F40052D9E70146019806F063F8002024
:102D5000009B029A3B440BEB83073B6A136009B06C
:102D6000BDE8F08F1846002203E0944500F108000A
:102D7000A7D053F832400132A245F6D1D0F80480F2
:102D800008F480549FE71C22284606F043F8324698
:102D9000514606A8FEF774F907996A68A961069971
:102DA0006961D1B20029ABD122F0FF0242F00102E9
:102DB0006A60A5E76FF08600D1E76FF08B00CEE781
:102DC0006FF08900CBE700BF60AE00205B45525238
:102DD0005D5B43727970746F5D20556E73757070B2
:102DE0006F727465642072657175657374210D0A64
:102DF000000000004D62656420544C5320332E3691
:102E00002E3500004372656174696E6720616E2023
:102E1000656D7074792049545320666C6173682025
:102E20006C61796F75742E0D0A0000004372656144
:102E300074696E6720616E20656D707479205053DF
:102E400020666C617368206C61796F75742E0D0A51
:102E5000000000002D160000C116000045160000FD
:102E6000891600008D16000001000000020000001D
:102E7000040000000F4B02689A4206D1C269A3F118
:102E80001023A3F1EF139A4201D001207047836809
:102E9000012BFAD8C36813B102699342F5D0436994
:102EA0002BB18069C01AB0FA80F04009704718460B
:102EB000704700BF55AA00FFF8B5164B996829B1B5
:102EC0000846FFF7D7FF08B9CB680BB10120F8BD62
:102ED0000B69002BFBD0104D104E1A68AA42F5D199
:102EE000DA69B242F2D19A68012AEFD8DC68002C84
:102EF000ECD01A699442E9D05F691FB1D3F818C0C9
:102F00006745E3D08C42E1D11946002ADFD0134651
:102F1000E3E700BFE8AE002055AA00FF669911EE76
:102F2000002865D070B5374D2B68002B54D0AA68A7
:102F3000002A51D08342014661D86A6813449842FE
:102F40005DD2A0F120063046FFF794FF002856D14D
:102F500051F8183C012B52D151F8144C41F8180C7F
:102F600051F8100C002C38D0A368002B35D151F843
:102F70001C2C6368203213442061636000B1C4607C
:102F800020220021304605F081FF2069F0B18368DE
:102F9000E3B92646426873681344026920337360BC
:102FA0003261D6E9051331B38B6103B159614169CF
:102FB00083697161B361E1B18E61B36903B15E612F
:102FC00002B1D6602022002105F060FF2B699B072B
:102FD00002D5FFF771FF90B970BD10B18368002B67
:102FE000D8D0EB6841F8083C03B15E61EE60EDE7D4
:102FF0007047EE60E2E7002BD9D0EB60D6E7012006
:103000000FF07AF9E8AE00202DE9F84F3E4D2B681D
:10301000EC68002B40D0AB68002B3DD000283BD0A3
:10302000002939D001FB00F6B6FBF0F0884233D11D
:10303000301D31D8B10733D026F00301043114B963
:103040002BE0A4694CB363688B42FAD3D4F808C070
:10305000BCF1000F55D1A0695B1A232B814667692B
:1030600020D80123A360002F47D0B861A06900B128
:10307000476100232A696361D207A36103D5FFF783
:103080001BFF00283DD1203432460021204605F0A8
:10309000FDFE2046BDE8F88F00242046BDE8F88FED
:1030A0003146CCE7D4F8108001F1200EDFF85CB097
:1030B000DFF85CA004EB0E02203BC2E9013CC2E950
:1030C000034844F80EB0C2F81CA0B8F1000F01D0BC
:1030D000C8F80C20C2F81890576187B1BA6190699E
:1030E00000B1426100236160296922610122C4E9C3
:1030F0000533CB07A260C6D5C1E7E860B7E7EA6051
:10310000EEE701200FF0F8F8E8AE002055AA00FF26
:10311000669911EE38B50D46142200210446114877
:1031200005F0B4FE1049114806F04EF9232D18D9C8
:1031300014F0030304D0043DC3F104021D441444FD
:103140002A460021204605F0A1FE064B084A094800
:10315000A5F12001C3E901541C60E061C4E900212C
:10316000DC6038BDE8AE0020212F000009300000EF
:1031700055AA00FF669911EE000000000000000053
:1031800010B50F4C4FF4CC720021204605F07EFEA6
:1031900009A1D1E9000101234FF48072A4F8903114
:1031A00084F82830C4E90401A261BDE8104000F0B1
:1031B00093BB00BFAFF3008000BD40DFE143E14EB1
:1031C000682400200000000000222DE97043584EC2
:1031D00088B002AD04904FF4C87301200021CDE9FE
:1031E0000065CDE906220396ADF814200AF0F4FC40
:1031F00010B101238DF8143004994FF4C873CDE950
:1032000000150022022000210AF0E6FC10B1012383
:103210008DF815304FF48072DDE903430FF2081981
:10322000D9E90089A261C4E904890020C3E90489BD
:1032300006A99A6100F0D8FE044618B1204608B0ED
:10324000BDE870832946012000F0CEFE0446002828
:10325000F4D1022007A900F0C7FE04460028EDD1F2
:10326000079A029B9A429DF8143018BF0790012BD1
:1032700003D0002003A900F0FDFA9DF81530012BC2
:1032800003D0012003A900F0F5FA039B049993F8F9
:103290002830012B1CBF01238DF8143091F8283001
:1032A000012B1CBF01238DF8153040F20113BDF82E
:1032B00014209A4234D09DF81430012B24D09DF86C
:1032C0001530012B01D0022B11D04FF48073022056
:1032D0000021A6F890310AF0D1FC20B110F18C0F3A
:1032E00001D00446AAE7124800F0B6FCA6E7012385
:1032F0004FF4C8720E48A6F8903105F08BFD96F891
:10330000910100210130E6E74FF4C8720848A6F8A1
:10331000903105F07FFD96F8910100210130DAE748
:103320006FF083048AE700BF00BD40DFE143E14E58
:10333000682400204E4AF0B510606FF47A7203687A
:10334000044613448DB0042B00F28F80DFE803F0B5
:1033500015385C7A0300056A042D40F0868000F081
:1033600009F9002106462B46606808AA0D46089612
:1033700005F0F4FD28460DB0F0BD03698668082B02
:1033800073D18569042D70D10021406808AA05F029
:10339000DBFD082869D12B460221606806AA05F0EA
:1033A000D3FD042861D1069A63693046CDE9003225
:1033B000DDE9082300F092F8054628460DB0F0BD7F
:1033C0000369082B51D14569042D4ED10021406875
:1033D00008AA05F0B9FD082847D12B4601216068ED
:1033E00005AA05F0B1FD04283FD1226A059B06A974
:1033F000A068CDE901210093DDE9082300F084F8FD
:10340000054628460DB0F0BD0369082B2DD1066A8C
:103410000C2E2AD10021406806AA05F095FD082847
:1034200023D1DDE9062308AF0097A06800F080F8FB
:10343000054600289ED1014633463A46606805F0AD
:103440008DFD97E70369082B0FD10021406808AA7A
:1034500005F07AFD082808D1DDE90823A06800F00E
:1034600075F8054628460DB0F0BD6FF0800581E780
:10347000002D002000F01CB810B50C46064B02468B
:103480001B6801215868234605F05EFD844214BF85
:103490006FF08000002010BD002D00200246034880
:1034A0000B4600680021406805F058BD002D002043
:1034B00008B50849084805F065FF00F05DF800B957
:1034C00008BD00F0D5F90028FAD1BDE8084000F0A9
:1034D00053B800BF0001500538400000194694461B
:1034E00010B4DDE9014302465CEA010009D0072B74
:1034F00003D8604610BC00F091B86FF0850010BC96
:1035000070476FF08600FAE71946944630B40246D9
:10351000DDE902345CEA0100049D05D003950294C4
:10352000604630BC00F036B86FF0860030BC7047A3
:103530001946944602465CEA0100009B02D06046B0
:1035400000F022B96FF08600704700BF194608B539
:1035500052EA0103944609D00246604600F044F95D
:1035600010F1950F08BF6FF0830008BD6FF0860063
:1035700008BD00BF0020704710B5044C2046FFF77F
:1035800023FE034B383C5C6010BD00BF581C00207C
:10359000042D00202DE9F0431E4E1F4683B0334614
:1035A00081468846154600F0A5FA20B1044620461B
:1035B00003B0BDE8F0833068174E01AA3146C6E972
:1035C0000498B56100F0A6FC044620B9B56ABD4276
:1035D0000BD26FF0860440F6480200210E4805F039
:1035E00055FC204603B0BDE8F0830A9BED1B9D42CD
:1035F00028BF1D4606F1380029463844FFF74EFF24
:103600000B9B40F6480200211D60034805F03EFC7C
:10361000E7E700BF042D0020201C00202DE9F04F1B
:1036200085B0DDF83890B9F5006F00F2A580DFF8BD
:1036300050819A46434606460F46154600F05AFA10
:10364000044640B310F18C0F03D0204605B0BDE80E
:10365000F08FDFF830B140F648020021584605F0FF
:1036600015FC49460BF13800CBE90467CBF830A0D4
:10367000CBF81850CBF82C90FFF7FEFE044600283C
:1036800067D040F6480200213E4805F0FFFB204687
:1036900005B0BDE8F08FDFF8ECB0D8F8000059466F
:1036A00003AACBE90467CBF8185000F033FC0446BA
:1036B000002838D1DBF83020D30732D449460BF14B
:1036C0003800CBE90B9AD8F800A0FFF7D5FE0446E6
:1036D00048BB4146012000F06BF9044618BB0123AA
:1036E00001932849D8F80000CBF8289000F046FC58
:1036F0000446002837D12A4630463946204B00F090
:1037000091F90446C8B900F055FA04460028B8D12A
:10371000BAF1000FB5D0014650460AF0AFFA0446A0
:10372000AFE76FF084042A4630463946144B00F068
:1037300079F910B900F03EFAA3E70021D8F80000AB
:103740000AF09CFA40F6480200210E4805F09EFB64
:103750009DE74146022000F02BF90446002890D155
:1037600082460190BDE7BAF1000F01D0C8F800A071
:10377000019B002B85D0D6E76FF0860465E700BF7C
:10378000042D0020201C00202DE9F043144E1F467C
:1037900083B0334681468846154600F0ABF920B128
:1037A0000446204603B0BDE8F08330680D4E01AA00
:1037B0003146C6E90498B56100F0ACFB044628B96F
:1037C000D6E90A21336BC7E90012BB6040F6480214
:1037D0000021044805F05AFB204603B0BDE8F08301
:1037E000042D0020201C00202DE9F0431E4F83B043
:1037F0003B4606460D46914600F07CF920B1044652
:10380000204603B0BDE8F083DFF8608038684146A9
:1038100001AAC8E90465C8F8189000F07BFB0446CB
:1038200028B9D8F83030DB070BD56FF0840440F6A8
:10383000480200210D4805F029FB204603B0BDE8F1
:10384000F0834A463046294600F07CF904460028B9
:10385000EDD100F0AFF904460028E8D10146386800
:103860000AF00CFA0446E2E7042D0020201C002098
:10387000FFF786BC70B5054651F82560DCB0CB6813
:103880004FF4B4720C4601A806F128015B9305F0D1
:10389000C1FA4FF4B672304601A900F0F9FAA8B1A6
:1038A000236923B901232C4423725CB070BD3046D8
:1038B0004FF4B67201A95B9300F0EAFA00280CBF3E
:1038C000032301232C4423725CB070BD02232C44DB
:1038D00023725CB070BD00BF002070B5DEB00290F6
:1038E00000F08EFB034610B118465EB070BD02A911
:1038F00000F07AFB03460028F6D12C4C029D2046AE
:1039000000F0B2F903460028EED14FF4B47204F18E
:10391000280103A85D9505F07DFA4FF4B6722046A4
:1039200003A900F075FA03460028DDD194F89161EF
:10393000234600904FF4C8720021701C0AF02CF945
:1039400003460028D0D194F89031039003A90120B8
:10395000029D84F8906184F8913100F045FB10BB22
:10396000039B9D420AD9012000F04AFB0346002830
:10397000BAD1039B01339D420393F4D8022003A9DB
:1039800000F032FB78B9039B9D420AD9022000F077
:1039900037FB03460028A7D1039B01339D420393C5
:1039A000F4D80023A0E76FF083039DE7682400208C
:1039B00090B34FF0000C70B563460D46184A146C76
:1039C000566C591C344309D00B290B461ED0146E7B
:1039D000566E2032344303F10101F5D10A2B00F178
:1039E000FF3004D0203220B19C460B46E7E70A2383
:1039F00078B9DC1C204600210AF040F918B110F11A
:103A00008C0F00D070BD00202C6070BD6346002874
:103A1000EFD06FF08D0070BD6FF08600704700BF73
:103A2000682400202DE9F04788B0EE46DFF8BCA0FE
:103A300005460E4617469946BAE80F00AEE80F0055
:103A40009AE80F00DFF8A8800024C4468EE80F0033
:103A500004E001340B2C0CF1200C18D0DCE91032FE
:103A6000964208BF9D42F4D1DCF848309F42F0D125
:103A700008EB441A0AF1300A51462022684605F044
:103A8000C9F950462022002105F000FA00E0002488
:103A9000D9E90031DA1E08EB4219013B580108EB65
:103AA000421209F1300948F8005008EB43139764BB
:103AB000484610225E6005F0ADF9FFF70DFF0546A0
:103AC00040B1DDE90432134308D1202200214846E9
:103AD00005F0DCF9284608B0BDE8F08708EB441093
:103AE00020226946303005F095F9EEE718400000D5
:103AF0006824002070B5124C4FF0000EA44606E07A
:103B00000EF1010EBEF10B0F0CF1200C15D0DCE90B
:103B10001056B14208BFA842F2D1DCF84850AA4280
:103B2000EED10EF1030504EB4E11102258681D6012
:103B3000303105F06FF9002070BD6FF08B0070BD63
:103B40006824002070B51A4C4FF0000C234688B052
:103B500006E00CF1010CBCF10B0F03F1200321D0A6
:103B6000D3E91056B14208BFA842F2D19D6CAA42D7
:103B7000EFD104EB4C14303420222146684605F086
:103B800049F920220021204605F080F9FFF7A4FE24
:103B9000054648B120226946204605F03BF92846F3
:103BA00008B070BD6FF08B05284608B070BD00BF2F
:103BB00068240020034B002193F8910101300AF0A2
:103BC0005DB800BF6824002000234FF4407230B578
:103BD0001B4C89B0CDE90533029300930793194B31
:103BE0000546CDE9032468460C461749019309F0C0
:103BF0005DFF08B109B030BD40F201116846134ABB
:103C000009F00EFFA8B90C23224640F203216846B2
:103C100009F070FF68B92A46694601A809F094FFC7
:103C200038B9684609F020FF0028E3D0286809F079
:103C30003DFE684609F018FF6FF08300DAE700BF29
:103C40000001500500248000090100085C81FF7F0D
:103C50000F3000090130704701460C2201481C3129
:103C600005F0D8B80C2D0020082210B584B01849F2
:103C700004460DEB020005F0CDF8042215490DEBCA
:103C8000020005F0C7F8DDE90232013342F100021B
:103C9000CDE90232134303D1019B01330193A3B158
:103CA00008220B480DEB020105F0B4F80422094884
:103CB0000DEB020105F0AEF80C22054904F11C00E1
:103CC00005F0A8F8002004B010BD6FF08300FAE7FB
:103CD0000C2D0020142D00202DE9F049044691B050
:103CE0001F46D4E904BCA3690D46164609A904225F
:103CF0000DA8CDE90ABC0993DDF86C8005F08AF8BF
:103D00000AA908220EA805F085F80DA90AA8FFF750
:103D10005BFF10B111B0BDE8F0891A9BCDE90056E8
:103D20000593199B12490493189B0A98CDE90273D5
:103D3000CDF818800C2304F11C0209F0D5FD90B9D0
:103D4000D8F800301999103B102220461944C8F8C1
:103D5000003005F05FF80A9809F0A8FD0028D9D0D6
:103D60006FF08300D6E70A9809F0A0FDF8E700BFDE
:103D7000000150052DE9F04904461D46D4E904BC74
:103D800091B0A369DDF860800E46174609A90422A8
:103D90000DA8CDE90ABC099305F03CF808220AA950
:103DA0000EA805F037F82146102205EB080005F0B3
:103DB00031F80DA90AA8FFF707FF10B111B0BDE84F
:103DC000F0891B9A08F1100306921A9ACDE9017541
:103DD0000592199A0D49CDE903320A980C230096F1
:103DE00004F11C0209F0CEFD48B90A9809F05EFD05
:103DF000002818BF6FF0830011B0BDE8F0890A9861
:103E000009F054FD6FF09400D8E700BF00015005A1
:103E10002DE9F041044690B0A3690D46D4E9047839
:103E200009A916460DA804220993CDE90A7804F0E1
:103E3000F1FF0AA908220EA804F0ECFF0DA90AA8B8
:103E4000FFF7C2FE10B110B0BDE8F081102709AB3A
:103E5000CDE90304069302900C23CDE900560B49EB
:103E60000A9804F11C02059709F03EFD50B9DDE9FE
:103E70000930102B07D109F019FD0028E3D06FF0AD
:103E80008300E0E70A9809F011FDF8E7000150050A
:103E90002DE9F041044690B0A3690D46D4E90478B9
:103EA00009A916460DA804220993CDE90A7804F061
:103EB000B1FF0AA908220EA804F0ACFF0DA90AA8B8
:103EC000FFF782FE10B110B0BDE8F081102709ABFA
:103ED000CDE904000693CDE901640C230C490A984E
:103EE000009504F11C02039709F04CFD099B18434F
:103EF0000A9808D109F0DAFC002818BF6FF0830097
:103F000010B0BDE8F08109F0D1FC6FF09400DAE761
:103F100000015005F0B50C461746002289B005ABEC
:103F200004F11C060193114640F61C030096054659
:103F300009F052FE08B109B0F0BD059B0695A3F14A
:103F40000C052846FFF784FE4FF4026207A904F12E
:103F500028033860CDE90221204604220193009510
:103F600006A9FFF707FF30B9079B9D4218BF6FF006
:103F7000830009B0F0BD6FF08300DCE72DE9F0416C
:103F8000064686B008460D468F6A0496FFF76CFE1B
:103F9000044618B1204606B0BDE8F0814FF4026334
:103FA00005AA07F11008029305F128030392284699
:103FB0000422CDF80080019304A9FFF78DFE80B99B
:103FC000059B98450DD121460094304605F11C0310
:103FD00007F11C0209F0E0FD0446204606B0BDE8EA
:103FE000F0816FF08304D5E70A4608B5042109F093
:103FF00075FE002814BF6FF08300002008BD00BFCD
:1040000008B509F053FE002814BF6FF083000020AC
:1040100008BD00BF0000000000000000000000001C
:104020000000000000000000000000000000000090
:1040300000000000000000005B494E465D5B5053ED
:104040005D20456E6372797074696F6E20616C6774
:104050003A20307825780D0A0000000000000000AA
:10406000787C010000AF002051000000407C01007E
:10407000202D00200E000000407C0100201C0020AC
:104080000000000044B0002015070000582D00205B
:104090006A200000201C002040040000001C0020BA
:1040A0000800000002F09CBD08B572B60C490D4A2C
:1040B0000D4B916083F309880C4B83F30A8883F3DB
:1040C0000B880B4B04A1D1E90001C3E9000100F00A
:1040D0001FF904F01BFE00BFA5EDF5FEA5EDF5FEF2
:1040E0000000000000ED00E0F80B002000040020BC
:1040F000F80B0020EFF30880EFF309812DE9F00FB2
:104100006B46724600F05CFA08B0FFF7CBFFFEE7A3
:1041100008B5FFF7EFFF00BF08B5FFF7EBFF00BFE3
:1041200008B5FFF7E7FF00BF08B5FFF7E3FF00BFE3
:1041300008B5FFF7DFFF00BF08B5FFF7DBFF00BFE3
:1041400008B5FFF7D7FF00BF08B5FFF7D3FF00BFE3
:1041500008B5FFF7CFFF00BF08B5FFF7CBFF00BFE3
:1041600008B5FFF7C7FF00BF08B5FFF7C3FF00BFE3
:1041700008B5FFF7BFFF00BF08B5FFF7BBFF00BFE3
:1041800008B5FFF7B7FF00BF08B5FFF7B3FF00BFE3
:1041900008B5FFF7AFFF00BF08B5FFF7ABFF00BFE3
:1041A00008B5FFF7A7FF00BF08B5FFF7A3FF00BFE3
:1041B00008B5FFF79FFF00BF08B5FFF79BFF00BFE3
:1041C00008B5FFF797FF00BF08B5FFF793FF00BFE3
:1041D00008B5FFF78FFF00BF08B5FFF78BFF00BFE3
:1041E00008B5FFF787FF00BF08B5FFF783FF00BFE3
:1041F00008B5FFF77FFF00BF08B5FFF77BFF00BFE3
:1042000008B5FFF777FF00BF08B5FFF773FF00BFE2
:1042100008B5FFF76FFF00BFEFF31083012B29D024
:104220004FF47F02D2F83031BFF34F8FD2F83421F0
:10423000BFF34F8FBFF34F8FC3F30B03092B25D071
:10424000134B186ABFF34F8FA0F1FF304FF47F027A
:10425000B0FA80F0D2F830314009BFF34F8FD2F876
:104260003421BFF34F8FBFF34F8FC3F30B03092BE1
:104270000AD07047064B186ABFF34F8FA0F1FF308A
:10428000B0FA80F04009704762B6704772B6D7E75F
:104290000080FF00EFF31083012B26D04FF47F0244
:1042A000D2F83031BFF34F8FD2F83421BFF34F8FA4
:1042B000BFF34F8FC3F30B03092B1FD0134BD869E8
:1042C000BFF34F8F00F001004FF47F02D2F830317E
:1042D000BFF34F8FD2F83421BFF34F8FBFF34F8F0F
:1042E000C3F30B03092B07D07047084BD869BFF302
:1042F0004F8F00F00100704762B6704772B6034BF3
:10430000D869BFF34F8F00F00100DDE70080FF00A8
:104310004FF47F029E4908B5D1F8D03043F0020334
:10432000C1F8D030D2F83031BFF34F8FD2F83421FA
:10433000BFF34F8FBFF34F8FC3F30B03092B00F075
:10434000A6804FF47F02D2F83031BFF34F8FD2F8FE
:104350003421BFF34F8FBFF34F8FC3F30B03092BF0
:1043600000F08C804FF47F02D2F83031BFF34F8FD2
:10437000D2F83421BFF34F8FBFF34F8FC3F30B033A
:10438000092B74D04FF47F02D2F83031BFF34F8F36
:10439000D2F83421BFF34F8FBFF34F8FC3F30B031A
:1043A000092B5DD04FF47F02D2F83031BFF34F8F2D
:1043B000D2F83421BFF34F8FBFF34F8FC3F30B03FA
:1043C000092B6CD00022734907E0D3F80003D3F81F
:1043D0000433B2F5807F03600BD00868BFF34F8FC2
:1043E000D300013003F57F0302F1010201F108015E
:1043F000EBD1EFF31081FFF74DFF00285CD1FFF701
:104400000BFF002858D14FF47F026149D1F88C305E
:1044100043F44063C1F88C30D2F83031BFF34F8F92
:10442000D2F83421BFF34F8FBFF34F8FC3F30B0389
:10443000092B00D008BD013A022A38D956485749FD
:104440000368574A8B420CBF5A230023C2F8103E20
:10445000C36A8B420CBF5A230023C2F8003E08BD3A
:10446000012A9FD10E224F4BC3F8E42E9AE7012A6E
:1044700088D001224C4BC3F8782583E7012A7FF4CA
:1044800071AF494BC3F8382AC3F878256AE74FF073
:1044900050230022C3F81421C3F8182151E700214A
:1044A0000122414BC3F80C17C3F810278AE73F4B92
:1044B0009B5C002BC2D1BDE7BFF34F8F384BD3F8C5
:1044C0000024012AFBD13648C3F80425D0F8003473
:1044D000012BFBD101290FD04FF47F02D2F83031EC
:1044E000BFF34F8FD2F83421BFF34F8FBFF34F8FFD
:1044F000C3F30B03092B46D0FFF7CCFE58B1264A75
:10450000D36923F00103D361BFF34F8F244BD3F85A
:104510000024012AFBD1FFF77FFE68B11E4A136A0F
:1045200023F0FF0343F020031362BFF34F8F1C4BB4
:10453000D3F80024012AFBD101290FD04FF47F02C8
:10454000D2F83031BFF34F8FD2F83421BFF34F8F01
:10455000BFF34F8FC3F30B03092B16D00022104B70
:10456000C3F80425D3F80024012AFBD1BFF34F8FF1
:1045700007490F4BCA6802F4E0621343CB60BFF3F4
:104580004F8F00BFFDE772B6B6E762B6E6E700BF41
:1045900000ED00E00003FF000080FF00FA50FA5039
:1045A0000090035000A0035000400050D48600004B
:1045B0000400FA057C22014904F02CBCC0B500209F
:1045C00038B5474C6568474CC5F3080525601D465E
:1045D000EFF3038363655306C4E90120E16039D535
:1045E00002F00C020C2A08BF084601462061202276
:1045F0003D4804F00FFC25B1202229463B4804F039
:1046000009FC374B9A6AD96A986BC4E9162120666F
:1046100002F4004060665D6B9A62D96202F080022B
:10462000D3F8E400C4E91A52D3F8E85000F040028D
:10463000C3F8E4000E21C4E91C052D48A26700F070
:1046400067F82268D31E042B3DD8DFE803F0182159
:104650002A330F00EFF39483990704D5130702D58B
:10466000EFF38980C1E7EFF38880BEE70E21214890
:1046700000F04EF8EFF38883EFF3898338BD0C2107
:104680001D4800F045F8EFF38883EFF3898338BDC8
:1046900012211A4800F03CF8EFF38883EFF3898386
:1046A00038BD0B21164800F033F8EFF38883EFF3A1
:1046B000898338BD0D21134800F02AF8EFF3888371
:1046C000EFF3898338BD0F2A04D814210E4802F075
:1046D00089FACFE72521103A0C4802F083FAC9E79E
:1046E00000ED00E0C0B50020D4B50020F4B50020F6
:1046F000D886000024870000E8860000F4860000C9
:1047000008870000148700003487000048870000F5
:1047100000F000B830B5094D83B06B69984748B9CF
:10472000EC6AA047C307FCD42B6A019303B0BDE831
:1047300030401847002003B030BD00BF7087000034
:1047400010B50B4C0020A368984780B9022023695C
:10475000984760B94FF4E1310120A46AA04730B90D
:1047600001211520A04710B90122024B1A7010BD7B
:104770007087000094CC00200020054B82B01B689D
:104780009AB262F30F001B0C63F31F4002B0704734
:10479000B8870000012070476FF00300704700BF2A
:1047A000002070476FF00300704700BF0020704783
:1047B000022814BF6FF0030000207047014BD86D32
:1047C000704700BF00AF0020014B186E704700BF5C
:1047D00000AF002008B5024800F0EAFE002008BD46
:1047E00000AF002008B5C3B2012B09D0A3F1150218
:1047F000012A00F28B80002900F09680002008BD7D
:104800004DF6C023994200F0C3803CD8B1F5615FFA
:1048100000F0BC8057D947F61223994200F0A080DF
:1048200064D9B1F5164F08BF4FF41D0248D110F4FA
:10483000E06F40F0B08010F4404300F08480B3F5A6
:10484000804F6ED14FF0100C10F4405300F08E806A
:10485000B3F5805F79D14FF00E0E10F4403000F0C8
:104860009080B0F5403F7ED101234E4800F16401B5
:10487000C0F88C2080F8903080F891E080F892C0E9
:1048800000F050FDBAE7484B99427CD00ED9B1F503
:10489000612F5DD0454B994208BF4FF08052C6D082
:1048A000B1F5E12F0CD14FF0E862C0E7B1F5E13F7F
:1048B00051D023D9B1F5613F08BF4FF06C72B6D02B
:1048C0006FF0070008BDB1F5965F47D004D9B1F588
:1048D000165FF5D1364AAAE7B1F5966F1ED0B1F54D
:1048E000166F08BF4FF41D22A1D0E9E7B1F5964F2E
:1048F00012D0B1F5E14FE3D12E4A98E7B1F5614FFF
:1049000007D0B1F5963FDBD12B4A90E76FF003005B
:1049100008BD4FF46B028AE7284A88E74FF49E22CD
:1049200085E76FF00A0008BD162B21D04FF0FF334A
:104930001C49084641F8643F00F0F4FC10F1100FE8
:104940002CD0C01708BD9C467EE76FF0090008BD5B
:104950004FF070626BE74FF0EB7268E7184A66E75A
:104960004FF4000263E76FF00B0008BD9E4674E74A
:104970004FF0FF330B4800F16401836600F0D2FC76
:10498000DCE7034671E74FF0806250E70D4A4EE7DF
:104990004FF465024BE76FF0080008BD6FF00100AF
:1049A00008BD00BF00AF002090D0030040420F00C0
:1049B0000050270000C0750000903A0100A04E0092
:1049C00000B0130000F03A0070B51D4C064682B0EE
:1049D00020460D4600F0F4FC58B32A4631462046E6
:1049E00000F01EFF10F1100F26D0002821DB03215C
:1049F000204600F07DFE10F1100F1DD0002818DBBE
:104A000000230193204601A900F0C6FF10F1100F0A
:104A1000F8D078300DD0019B9D420AD80122084879
:104A2000114600F0B7FF002803DB0020256602B026
:104A300070BD4FF0FF30FAE76FF00100F7E700BFFD
:104A400000AF0020F0B51B4D064691B028460C463D
:104A500000F0B6FC58B306F06043B3F1005F15D028
:104A60008CB10025671B402F28BF4027711968466D
:104A70003A4604F0CFF9394668464035FFF7E2FF81
:104A800010B9AC42EED8002011B0F0BD0023224690
:104A90003146284600F09AFC10F1100F04D000288F
:104AA00005DB0020EC65EFE76FF00100ECE74FF06D
:104AB000FF30E9E700AF0020FFF7C4BFF2B110B547
:104AC00040F2FF1E043901EB820C51F8043FC3F39E
:104AD00008021B0E724508BF4FF0FF32032B04D8AB
:104AE000DFE803F0080A0602C2606145EDD110BD9F
:104AF0008260FAE70260F8E74260F6E7704700BFBD
:104B000010B50B4C04F16400D4E91512FFF7D6FF81
:104B100001460022204600F033FB002804DB00237E
:104B20001846E365236610BD6FF0010010BD00BF9D
:104B300000AF00202DE9F04F8468814685B0002C3D
:104B400000F0D28013F0020833D1CDF80480D9F8F8
:104B5000503013F0100502957BD132B30F46012679
:104B60008B180393D9F83C40B846D9F800B007F049
:104B7000604AA4B1012400F02DFFDBF85811D9F8E8
:104B80005030E1B9D80702D4DBF82011B9B900F0F0
:104B900029FFD9F83C40D9F800B0002CEAD1BAF18D
:104BA000005FE8D06FF015030293029805B0BDE8EE
:104BB000F08FC36B002B4CD001230193C7E7D9F8CA
:104BC00048100029BCBFDBF84C15C9F848103CB1AF
:104BD000D9E90F123C788C54D9E90F2102EB010876
:104BE000B8F1000F03D0CBF84485CBF84865082313
:104BF000CBF82051DBF82011CBF85851DBF85811D5
:104C0000CBF85051DBF85011CBF80035019B002B4D
:104C10004CD1CBF8086000F0E5FED9F8504004F024
:104C20000104DBF85811002937D1B4B9DBF82011A1
:104C300099B1DBF84C45DBF84415884551D1002C7F
:104C40004FD100F0C7FEDBF85821002A4ED100F00A
:104C5000C9FE4FF0FF330293A7E7DBF84C15DBF8F2
:104C600044158845DDD0002C3BD000F0B3FEDBF8C6
:104C700058213AB1D9F85020C2F30031D20458BFBC
:104C8000CBF8001500F0AEFED9F80830D3B1039B85
:104C900001379F427FF466AF87E7DBF84C35DBF8DE
:104CA00044158845DFD1002BDDD1CAE74FF48002DF
:104CB000CBF80423CBF8086000F094FED9F8083054
:104CC000002BE4D1D9F850301907E0D509F1500094
:104CD000D0E8EF3F23F00803C0E8E23F002AB8D055
:104CE000F6E7CBF80C60C0E7019430E7D9F8502024
:104CF000D304C2F30031AAD4CBF80015A7E700BF54
:104D000070B50D46D0F858110446EB6C21B9D9079F
:104D100024D4D0F8201109B3D5E90A3632BB4FF0BC
:104D2000FF326A641BB1C4F84435C4F848650023F7
:104D300008204FF480010122C4F82031D4F820511A
:104D4000C4F85831D4F85851C4F85031D4F850311F
:104D5000C4F80005C4F80413A26070BD4FF48002CB
:104D600043F00403EB64C4F8042370BD296C761A85
:104D70001944D5E90E039E4228BF1E46324604F070
:104D800049F84FF0FF32AB6B6A64002BCBD1CEE712
:104D9000F8B505462B6D046803F48223B3F5805FF4
:104DA000D4F8000240F08680D4F80463C4F80863A5
:104DB000002975D0D4F8003223F02003C4F8003263
:104DC0004FF4A11305F15007D7E8EF1F1943C7E8C7
:104DD000E01F0028F8D13AB9AB682BB1012363601A
:104DE0000020C4F80463F8BD354BC4F80833012330
:104DF0006360D4F84431002BFBD00023C4F84C315D
:104E0000D4F84C21C4F81031D4F81021C4F844313E
:104E1000D4F844212A6D12F4004246D0C4F84C3133
:104E20000521D4F84C210122E869C4F83405C4F8FE
:104E30003815C4F81031D4F81031E262D4F81031CA
:104E4000002BFBD00023C4F81031D4F81031D4F873
:104E50004C3163BB2B620023C4F84C31D4F84C3185
:104E600000F0B8FDD4F8583133B1D4F8043313F45A
:104E7000800308BFC4F8003500F0B4FD0023EB60E8
:104E80006B61D7E8EF3F23F47F0323F47043C7E857
:104E9000E23F002AF5D126F4202626F404769FE787
:104EA000830687D54FF480338CE72A62D8E7D4F89D
:104EB0003C35CFE709B100232B626FF07600F8BDD7
:104EC00010020A000023F0B50446C0F80831D0F8FB
:104ED0000831D0F800321A4F23F02003C0F8003216
:104EE00085B0C0F808730D46164600F073FDD4F87F
:104EF000583133B1D4F8043313F4800308BFC4F835
:104F0000003500F06FFD002305F14C02AB602B6112
:104F1000D2E8EF0F20F47F0020F47040C2E8E10FE8
:104F20000029F5D1D5E90012042400936846CDE9A3
:104F3000023301968DF80040904705B0F0BD00BFE8
:104F400010020A002DE9F84391F8303005460C466E
:104F50000868002B69D0D1E902EC4E6891F82C303A
:104F600094F82F2094F82D10002A53D194F82E2075
:104F7000A76A0A43296D012B41F0807129652968D0
:104F800042EA0302C1F82475C1F86C25C1F80C058A
:104F9000C1F8146504BFC1F808E5C1F810C54FF4A5
:104FA0007F02D2F83031BFF34F8FD2F83421BFF3F4
:104FB0004F8FBFF34F8FC3F30B03092B2B686BD0BD
:104FC000002194F83200C3F81011D3F81041C3F84F
:104FD0002011D3F82041C3F82411D3F8244143F31E
:104FE0000732C3F84411D3F844414001C3F85811C3
:104FF0008A42D3F85831C0B247DB5A498B1883F83C
:105000000003012302F01F008340520941F82230BF
:10501000BDE8F88394F82E200A431343A16A2A6856
:10502000C2F82415C2F86C35B9E72A6D42F0007158
:105030002965411C10D0410940F08C8001214A4F64
:10504000814007EB8006B960D6F80012474B0B4051
:1050500043F00303C6F800326668731C0CD0730972
:1050600006F01F0178D1404B03EB8103D3F80072A7
:105070003E493940C3F8001294F82C30D4F80CC0E3
:10508000012B33D0D4F808E06AE7394B02F00F0265
:1050900013441876BDE8F883D3F8682503F2645703
:1050A000012A08BFDA603A68012A89D10821C3F8C9
:1050B00000155A602F4B49F64046DFF8BC9043F08C
:1050C000010807E02D4B1868A9FB0030800CC04791
:1050D000013E02D03B68002BF4D100222B68D3F8AC
:1050E0008014C3F88014C3F8002569E742F02062F9
:1050F000BCF1FF3F2A650DD05FEA5C130CF01F0284
:1051000022D1194B03EB8203D3F80012174A0A404D
:10511000C3F80022D4F808E0BEF1FF3F11D05FEAE7
:105120005E1316D10122104F02FA0EF207EB8E0128
:10513000BA60D1F800220D4B134043F00303C1F8CD
:10514000003294F82C300BE70023803253F82230E1
:10515000FFDE00239B60FFDE0023803153F8213007
:10516000FFDE00BF00E100E000258450F0F8FCFF06
:10517000FCEC00E0C087000083DE1B4398AF0020FA
:105180002DE9F04F0C4690F84C1083B0002940F008
:10519000BF80814615460430502203F077FED4E9E3
:1051A0000423C9F83C30A369C9F80420002B69D155
:1051B000226AC9F84030042A58D894F83130002DBA
:1051C0005CD083F001063602002B48D10123D9F8C8
:1051D00000A089F84C30DAF84C21C9F80850002AB0
:1051E00057D121464846FFF7ADFE0823D9F80040C5
:1051F0000022C4F8003501230A270DF10701C4F885
:1052000044158DF80720C4F84825A360E36042499F
:10521000D4F858214148424B41F001015AB9006885
:10522000A3FB0030800C8847013FF0D16FF08B006A
:1052300003B0BDE8F08F0023C4F82031D4F820215A
:10524000C4F800351DB146F4202646F4047600204B
:10525000D9F80030C3F8046303B0BDE8F08FD9F883
:10526000503043F00103C9F85030AFE70023E26942
:10527000C9E9072394F83130002DA2D12E46002B26
:10528000A4D0ECE7226A013B042AC9F8403094D943
:10529000ECE70822204FCAF800254FF0640BDFF836
:1052A0008080CAF8043047F001070DE0DAF82431B5
:1052B0007BB91368A8FB03239B0C03EB8303580003
:1052C000B847BBF1010B14D0DAF84431134A002B74
:1052D000ECD00023CAF84C31DAF84C21CAF810316E
:1052E000DAF81021CAF84431DAF84421CAF8003556
:1052F00077E7CAF84CB1DAF84C31CAF810B1DAF8ED
:105300001031CAF844B1DAF84431CAF800B58DE773
:105310006FF07700A0E700BFC087000098AF0020C3
:1053200083DE1B4390F84C30002B40D030B5036B2C
:10533000044683B0002B37D10068A268C0F800355E
:105340000AB10B6963602046FFF7FCFD00220123D0
:1053500008200A2524680DF10701C4F800058DF81E
:105360000720C4F84415C4F84825A360E360114B36
:10537000D4F858111048114A43F0010349B10023F1
:105380001846C4F82031D4F82021C4F8003503B001
:1053900030BD0068A2FB0020800C9847013DE6D19B
:1053A0006FF08B0003B030BD6FF00F00EFE76FF0D0
:1053B00076007047C087000098AF002083DE1B4353
:1053C00090F84C00003818BF012070472DE9F047D5
:1053D000D0F80080002A00F08380876804468A465F
:1053E0001D461646002F36D0AF0750D10AF0604355
:1053F000B3F1005F1BD0E36B002B39D0680737D4C3
:1054000000F0E8FA236B002B49D10122236D2663BB
:1054100043F00203C4F82CA023654046211DFFF78A
:105420006FFC002400F0DEFA2046BDE8F087236D13
:10543000D90722D400F0CEFA236B23B3A36B73BB3E
:105440006B072CD5E36A03F06043B3F1005F29D00A
:105450004FF0FF34E6E7002BC6D1056B002D4CD191
:105460000263FFF767FB256304462046BDE8F0872B
:105470006FF00C042046BDE8F0876A072DD400F0D9
:10548000A9FA236B5BB90022C4E90BA6C5E72B463A
:10549000324651462046BDE8F047FFF74BBB6FF060
:1054A0000F04BFE70A25236DC4F834A043F01003AE
:1054B0002365A663124CDFF84C9044F00104D8F841
:1054C0005031114A7BB91068A9FB0030800CA0470D
:1054D000013DF4D16FF08B04A4E74FF0FF34C9E72E
:1054E0006FF00604C6E70023C8F85031D8F85031F1
:1054F000C8F844A5C8F8486593E76FF00F04B9E70A
:10550000C087000083DE1B4398AF0020F8B5046815
:10551000036BD4F80463C4F80863002B42D005463B
:1055200000F15003D3E8EF0F40F00800C3E8E20FAA
:10553000002AF7D10123E36019B90020C4F80463FD
:10554000F8BD2F6D1F40D4F85831C3B100F042FAB6
:10555000EFB1D4F858314BB1D4F8583133B12B6D89
:10556000C3F30032DB0458BFC4F8002500F03AFA58
:105570000023C4F82031D4F820212B63DDE7002F6D
:10558000E1D1D4F82031002BDDD000F023FAD4F89B
:105590002031002BEAD00123E360D4F85831002BEE
:1055A000FBD0D9E76FF07600C4F80463F8BD00BF04
:1055B0000268F8B54A4942F30733002B0446C2F8A3
:1055C00008130DDB012147485A0903F01F0320325D
:1055D00001FA03F340F82230BFF34F8FBFF36F8F10
:1055E000012220461146FFF7D3FB01212046FFF799
:1055F0008DFF226D2368D101D3F80C55D3F8140523
:10560000D3F80865D3F8107509D54FF0FF31C3F80A
:105610000C15C3F81415C3F80815C3F8101591013B
:1056200009D56B1C1FD1451C0BD1110103D57A1C68
:105630003BD1731C29D1002384F84C302365A3602F
:10564000F8BD00F01F03400944D1274901EB830155
:10565000D1F80002254B034043F00203C1F80032A9
:105660001101E8D5E3E705F01F036D0932D11E49AA
:1056700001EB8301D1F800521C4B2B4043F0020395
:10568000451CC1F80032D0D0DBE706F01F017609D7
:105690001BD1154A154B02EB8102D2F800120B40C8
:1056A00043F00203C2F80032C5E707F01F017F098B
:1056B0000BD10D4A0D4B02EB8102D2F800120B40C8
:1056C00043F00203C2F80032B3E70023803153F8FD
:1056D0002130FFDE0022803352F82330FFDE00BF8E
:1056E00010034A0000E100E000258450F0F8FCFFC0
:1056F000F0B50646054656F8504B85B0D6E8EF3F64
:1057000043F48052C6E8E02F0028F7D1DB047FD4B1
:105710004F0702D5EB69002B7DD0002208273F4BB5
:105720000803C4F808338B0303F4804300F40050EB
:105730004903C4F8007501F40041C4F81021034383
:105740000B43D4F81011C4F84C21D4F84C11C4F810
:105750004421D4F84421D6E8EF2F1A43C6E8E12FBC
:105760000029F8D1EB68002B30D0D4F804232B6D3E
:10577000510703D5AA680AB11A030FD4DB0402D477
:10578000002005B0F0BDD4F84C31002B3DD0AB6803
:10579000002BF5D0214BC4F80433F1E7D6E8EF3FF6
:1057A00023F40023C6E8E23F002AF7D100230621B4
:1057B0000093CDE901338DF8001003936846AA6881
:1057C000696890472B6DDB04DAD5DCE7AA6862B123
:1057D000CDE90033CDE90233032368468DF800306C
:1057E00069689047EB68002BBFD12B6DD804C7D5F3
:1057F000D6E8EF3F23F47F0323F47043C6E8E23F8B
:10580000002AF5D16FF00B00BBE701232360BEE750
:105810006FF00F00B5E74FF0FF30B2E710020A005B
:105820002DE9F0470568036DD5F8048313F480294A
:1058300084B0C5F8088340F0A980174601F06042A3
:10584000B2F1005F0E467ED1C26804460AB3826898
:10585000BAB16269002A40F096805B04C4E905672A
:10586000C5F83465C5F8387505D5D5F8003243F06C
:105870002003C5F800324846C5F8048304B0BDE8EB
:10588000F087D5F81021002AE3D0C5F81091D5F89B
:105890001031226AC4E90367AAB19742E16931D99C
:1058A000304603F0B7FA0022236A2262A36204F1B1
:1058B0005003D3E8EF1F41F40021C3E8E21F002AA0
:1058C000F7D1D4E90367A36AFF1A3344C5F8343526
:1058D000236DC5F83875DA04CDD55034D4E8EF3FE0
:1058E00023F48023C4E8E23F002AF7D101232B6090
:1058F000D5F84431002BBED00023C5F84431D5F88B
:105900004431B8E74FF0000A3A463046C4E903AAEA
:1059100003F080FA226AE069D21B2262C11903F007
:105920002BFAA268002AA6D0236D13F400530DD1E0
:105930000093039301236846CDE9016761688DF800
:105940000030904797E76FF00C0994E704F150039B
:10595000D3E8EF1F41F48021C3E8E21F002AF7D10A
:1059600001236846CDF800A0CDE901678DF800302D
:10597000CDF80CA0D4E90113984752462846211DC2
:10598000FFF7A0FA77E76FF00F0974E76FF0760979
:1059900071E700BFFFF7FCB983686BB90368D3F800
:1059A0000025082A0BD1D3F810217AB111B1D3F810
:1059B0003C350B60002070474FF0FF30704711B14D
:1059C000D3F83C350B606FF0770070476FF00F0035
:1059D000704700BF72B6024A136801331360704704
:1059E0003CB60020034A1368013B136003B962B65A
:1059F000704700BF3CB6002004207047002070476D
:105A00000020704700487047F487000008B500F098
:105A100035F8002818BF6FF0040008BD830710D1C7
:105A2000B0F5801F0DD8C0F58013B3EB820F10B511
:105A3000144603D300F03EF8204610BD6FF004007A
:105A400010BD6FF004007047B0F5801F034611D8F9
:105A500010B514460846C3F58011B1EB840F4FEA28
:105A6000820204D3194603F0D5F9204610BD6FF029
:105A7000040010BD6FF00400704700BFC0F30B03BB
:105A80009BB902234FF0FF31094AC2F88435C2F8AE
:105A900004350160D2F80034DB07FBD50023C2F8DF
:105AA00084351846C2F8043570476FF00C00704713
:105AB00000900350012310B50F4CC4F88435C4F88E
:105AC00004358AB1A1F1040CA0EB010E00215CF8B1
:105AD000040FD4F80834DB07FBD54EF80C00BFF3F5
:105AE0005F8F01318A42F2D10022034BC3F8842533
:105AF000C3F8042510BD00BF00900350003918BF43
:105B00000121003A18BF012210B40368084C890033
:105B100041EA42011C6359605A6842F001025A602E
:105B2000BFF34F8FBFF36F8F002010BC704700BFD3
:105B300004AAFF004B68024613F01F0034D112681C
:105B400030B514680D68C4F30724A5422AD25468FE
:105B50005060956091F810C023F01F030CF0010C09
:105B60004CEA030C8B7CDB0003F018034CEA030CBB
:105B70008B68013B23F01F0ECB68497C5B0049001A
:105B800003F00E0343EA0E0301F0060141EA0C01A3
:105B900043F00103D16013615460BFF34F8FBFF333
:105BA0006F8F30BD012030BD0120704703681A6837
:105BB00012F47F4FC2F3072C0AD000221146586816
:105BC00059609A6001329445D96019615860F6D1E4
:105BD000002070470722024BC3F80423704700BF20
:105BE00000300050094BD3F80801D3F800310038D9
:105BF00018BF012080000BB140F00100034BD3F827
:105C000004310BB140F00200704700BF003000507B
:105C10000022074BC3F80021D3F80011C3F8042178
:105C2000D3F80411C3F80821D3F80831704700BF36
:105C30000030005000231720094903F5C0720133DA
:105C4000202B41F82200F8D100231720044903F546
:105C5000E0720133202B41F82200F8D1704700BFD9
:105C60000030005010B4C90BB1EBD03F9DF8044098
:105C700010D343EA0423084C4FEAD03C43EA021015
:105C80005FFA8CF202F5C072614544F822000CF113
:105C9000010CF5D110BC70470030005010B401F178
:105CA000604100F160404FEA513CBCEB503F9DF831
:105CB00004400ED343EA0423074C410B43EA02108D
:105CC000CAB202F5E0728C4544F8220001F10101EC
:105CD000F6D110BC704700BF00300050C0F30E0377
:105CE000C3F50043B3FA83F3C3F11B03064AC0F3C1
:105CF000C730DBB240F4807043F48073C2F8000513
:105D0000C2F80435704700BF00300050C003704730
:105D1000C00300F5FF407F30704700BF0020704790
:105D20001F2070474FF40040704700BF00F57F40D0
:105D3000C0304003704700BF034602485B0318446D
:105D4000704700BFFF1FF81F402070475F2070475B
:105D50004FF40050704700BF054BC0F307300902F5
:105D600041F0300100F5007043F82010704700BF8B
:105D700000300050044BC0F30730090200F50070FA
:105D800043F82010704700BF0030005008B5FFF7FF
:105D900029FF0246034B16211A600348BDE808405C
:105DA000FEF7B6BC38C100200C8800000C22014967
:105DB00003F030B838C1002010B502F0B5F8044641
:105DC00008B1204610BD07F0DBFF044698B900F08B
:105DD000CFF8A0B14FF6F77C0F4A2E21D3680F48B9
:105DE00003EA0C0343F0BF6343F40033D360FEF7D0
:105DF0008FFC204610BD45F22354204610BD3221B1
:105E00000748FEF785FC00F023F80028F3D10A21AB
:105E10000448FEF77DFCDDE700ED00E0648800004B
:105E2000248800005888000008B500F01FFA72B6F8
:105E300020BFFDE7034618B1002210461A707047D4
:105E40004AF2C530704700BF00207047704700BF5E
:105E500030B50024ADF5077D3C4B0DF1080C0FCBA0
:105E6000ACE807004FF4E072214616A8CDE90E44D5
:105E7000CDE91044CDE91244CDE91444ACF800302A
:105E800003F004F8022000F0BDF800283FD1042000
:105E900000F0B8F800283AD10D2202A916A807F0A0
:105EA00091FF002843D1202201AB06A916A807F0D4
:105EB000CFFF044616A807F0B5FF019D84BB202D37
:105EC0002ED1002838D1022006A900F083F804461C
:105ED000C8B904200AA900F07DF8044698B9014623
:105EE0002A4606A802F0D2FF2A460EA906A807F005
:105EF0000FFC044628BB022000F084F860B10420A7
:105F000000F080F840B120460DF5077D30BD104807
:105F100003F038FA0F4CF6E70F4803F033FAF9E7CD
:105F20002A4621460D4803F02DFA0D4CEBE70146B9
:105F30000C4803F027FAF8E701460B4803F022FA71
:105F4000F3E70A4803F01EFAEFE700BFC889000034
:105F500094880000FE9AFEFFA0890000F4880000EB
:105F6000FD9AFEFFC8880000308900006C8900009F
:105F700008B5022000F046F820B9BDE8084004202A
:105F800000F040B808BD00BFF0B585B006460C462D
:105F900015461F4600F036F870B10C993A46039149
:105FA0000B993046CDE901510A9B8021009407F0FE
:105FB00073FF18B905B0F0BD0348FBE7014603487D
:105FC00003F0E0F90248F5E7FF9AFEFFD8890000E8
:105FD000FC9AFEFF10B50B466FF00302064904461B
:105FE00007F058FF00B910BD02462146034803F0F0
:105FF000C9F9034810BD00BF00148450208A000076
:10600000FE9AFEFF584A594B30B5C100441CC2F8F5
:1060100000450B44EFF3108E4FF47F0CDCF8302179
:10602000BFF34F8FDCF83441BFF34F8FBFF34F8F77
:10603000C2F30B02092A7BD04FF47F021C68D2F80E
:106040003031BFF34F8FD2F83421BFF34F8FBFF3FE
:106050004F8FC3F30B03092B63D0013405D000220B
:10606000414B0120C3F8002530BD01F57F0101F54A
:106070000441EFF310844FF47F02D2F83031BFF3C4
:106080004F8FD2F83421BFF34F8FBFF34F8FC3F33D
:106090000B03092B63D04FF47F020968D2F830312B
:1060A000BFF34F8FD2F83421BFF34F8FBFF34F8F21
:1060B000C3F30B03092B4CD00131D0D14FF47F0235
:1060C00000012B4C831803F508430444EFF3108CB4
:1060D000D2F83011BFF34F8FD2F83401BFF34F8F96
:1060E000BFF34F8FC1F30B0109292DD01868D2F8E7
:1060F0003011BFF34F8FD2F83451BFF34F8FBFF33E
:106100004F8FC1F30B01092917D0013003F10403AC
:10611000A5D1A342DAD10023134A1846C2F80035AC
:1061200030BDBFF34F8FBEF1010F96D062B694E73A
:10613000BEF1010F80D072B67EE7BFF34F8FBCF186
:10614000010FE2D062B6E0E7BCF1010FCED072B62B
:10615000CCE7BFF34F8F012CAED062B6ACE7012C79
:1061600099D072B697E700BF009003500484FF00F7
:106170001088FF0010B40446034A044B002014604A
:10618000196010BC704700BF48C1002044C1002006
:106190002DE9F04FD0E90712D0E90565D0E90EBA34
:1061A000476A304C8BB02368D0F828C0D0F82CE078
:1061B000D0F8308001920297426B076DCDF80CC089
:1061C000CDF810E0CDF81480D0E912ECD0E91098A9
:1061D000C3E907C7C3E9058EC3E9012BC3E903A9D6
:1061E000C3E90965019A029FDDF80CC0DDF810E0F3
:1061F000DDF81480D9621A635F63C3F838C0C3F84E
:106200003CE0C3F84080816ED0F858C0D0E91775E3
:10621000D0E91C62C3E915C7C3E91765C3E91912C0
:10622000EFF388825A64EFF389814268C3E912125E
:10623000EFF39481026819651A6707A8FFF7B6FDA6
:106240000122236807980849D8660C681A70640808
:10625000640020462146224623460CF071F80BB01C
:10626000BDE8F08F48C1002044C1002000B5A1B0B6
:1062700001A8FEF79FF9029B33B15B0604D4019B92
:1062800023F00203052B02D021B05DF804FB054B7F
:106290001B68002BF8D001A8FFF77AFF21B05DF84A
:1062A00004FB00BF44C10020BFF34F8F0549064BDC
:1062B000CA6802F4E0621343CB60BFF34F8F00BFA4
:1062C000FDE700BF00ED00E00400FA050346012BE6
:1062D000084604D0042B08D023B103207047114690
:1062E00000F064BC114600F0DFBB70B5D1E900538B
:1062F000082B20D15468042C1DD14FF0FF331668B1
:1063000029683360B9B16B68ABB1262374220120D0
:1063100000F0E0FD78B9224623230120696800F0EF
:10632000D9FD044638B9D5E90001FFF723FF03463C
:106330002046336070BD022070BD00BF034650B1DF
:106340004FF4782C4FF4804101220020C3F800C0A4
:1063500059601A7270474CF2DA207047034650B108
:106360004FF4682C4FF4005101220020C3F800C004
:1063700059601A7270474CF2DA20704700F06EBA1A
:106380000B46042B114607D1012812D0022806D053
:1063900050B14CF25A30704743F65C2070471A46B1
:1063A0004FF4BC7000F022B91A464FF4B87000F0F8
:1063B0001DB91A464FF4BA7000F018B970B501282B
:1063C00005460C4682B006D0022840D048B34CF2B5
:1063D0005A3002B070BD01AE042231464FF4BA709B
:1063E00000F004F90028F4D1019B591C48D09C42CC
:1063F00043D3042231464FF4BA70019400F03CF9C3
:106400000028E6D1324604212846FFF7B9FF0028CC
:10641000DFD143F65C23019AA24218BF184602B0AE
:1064200070BD01AE042231464FF4B87000F0DEF8C2
:106430000028CED1019B581C22D09C421DD304229F
:1064400031464FF4B870019400F016F9D8E701AE68
:10645000042231464FF4BC7000F0C8F80028B8D1CF
:10646000019B5A1C0CD09C4207D3042231464FF4A6
:10647000BC70019400F000F9C2E74AF2C530A8E709
:1064800045F2A350A5E700BF10B50128044682B02D
:1064900006D002281ED0A8B14CF25A3002B010BD6E
:1064A00004224FF4BA700DEB020100F09FF80028AF
:1064B000F4D101994B1C15D020460131FFF77EFF26
:1064C00002B010BD04224FF4B8700DEB020100F0D1
:1064D0008DF8ECE704224FF4BC700DEB020100F0E4
:1064E00085F8E4E745F2A35002B010BD022909D9AE
:1064F000083902290ED84CF25A330028ACBF18468E
:10650000002070474CF25A33B0F5807F14BF184614
:10651000002070474CF25A30704700BF022805D85F
:1065200021B100F108030B60002070474AF2C5302A
:10653000704700BF2DE9F04FDFF8788083B0D8F8BE
:10654000043014460746019198471B4BD8F8142095
:10655000C0F341004FF0000B184D13F8209000924B
:1065600008E032462946D8F818309847002818DB4A
:106570005C451BD90BF18003A34294BF4FF0800A06
:10658000A4EB0B0ABAFBF9F62946009B0BEB0700BC
:10659000324698470146019B00290BEB0300D34488
:1065A000DFDA43F65C2003B0BDE8F08F002003B0D3
:1065B000BDE8F08FC8870000548A00004CC100205D
:1065C00008B5094B4FF47120DB69984748B9BDE81D
:1065D00008404FF480524FF471214FF47020FFF7C0
:1065E000A9BF43F65C2008BDC88700002DE9F0472D
:1065F000DFF87C9082B0D9F804300446884615460E
:1066000098471C4BC0F3410013F82070B4FBF7F619
:1066100007FB164606BBDDB1B5FBF7FA04F570249F
:10662000414620465246D9F81490C847002819DB45
:1066300007FB0AF7ED1B0BD00122E01901A9C8479F
:1066400000280FDB2A4601A908EB070002F0E2FB55
:10665000304602B0BDE8F0874AF2C536304602B097
:10666000BDE8F08743F65C26304602B0BDE8F0870F
:10667000C8870000548A00002DE9F04F861806F6FE
:10668000FF7306F58052C3F30B03A2EB030B0BF170
:10669000FF3489B0B4F5805F049132D86A4D20F49C
:1066A0007F6A6A688046904707460422674BC7F3B3
:1066B000410713F827306D69B2FBF3F2644807A96C
:1066C00002930195A847079A2AF00F0A931C02F13A
:1066D000010208BF01220792C4B10BF56F2B0AF526
:1066E00070290BF6FF7BD9454F464AD2564BDD69E0
:1066F00001E0BB4545D93846A84707F58057002833
:10670000F7D043F65C2009B0BDE8F08F4E4B4FF454
:106710007020DA6990470028F3D10AF57029B9F59D
:10672000702F4F4638BF4FF4702BDFD34FF4BE723B
:106730004FF470214FF47120FFF7FCFE0028E2D1E6
:106740000424029B434DB4FBF3F4294622464048FF
:10675000019B9847B6F5BE7F02D9B8F5C07F5BD3E1
:10676000042207A93B4802F055FB374B22469B69A0
:1067700038493948984708B18442C2D1FFF720FF11
:10678000C1E7B4F5BE7FA34628BF4FF4BE7BD34517
:106790003ED92D4B2F4F9B69059403930CE048463F
:1067A0002A463946039B9847A2440AF5702908B146
:1067B0008542A6D1D3452AD90AF18002934528BF44
:1067C0008024029B38BFABEB0A04B4FBF3F53946D7
:1067D0002A46019B0AF571209847564504EB0A02A8
:1067E000DDD99045DBD2D045414638BF5146049BA8
:1067F000A1EB0A00964294BFC1EB0602C1EB020274
:10680000A1EB08011944384402F004FBC7E7059CDA
:10681000B4F5BE7F94D289E7B8F5BE7F434638BF52
:106820004FF4BE73049AA3EB08010A441146B6F56F
:10683000C07F94BFC3EB0602C3F5C072A3F5BE735D
:10684000E81802F0E7FA8BE7C8870000548A0000D6
:106850007C110F004CC100207C010F00F0B5524D9F
:1068600089B00020AB68984700287BD1042202A998
:10687000FFF7BCFE044610B1204609B0F0BD04226B
:106880004FF4BE7003A9FFF7B1FE04460028F3D110
:10689000464B029A9A4203D1039B013B033366D9CC
:1068A0006B6898470346424CC3F3410304224FF4FC
:1068B000805006A954F82360FFF798FE044600288C
:1068C000DAD1042241F27C1007A9FFF78FFE0446BB
:1068D0000028D1D1354B069AE9699A424FF47020CD
:1068E000019111D1079B013B03330DD8019B9847C0
:1068F000002837D14FF480524FF470214FF47120AB
:10690000FFF718FE0446B7E7019B9847014648BBCE
:106910008022284802F0BAFA8023F6B2B3FBF6F6DA
:10692000AD69244F04F57020324639468034A847BB
:10693000B4F5805FF6D3FFF743FE044600289BD1F1
:106940001A4B042204A90493FFF796FE50B90123C1
:1069500004224FF4BE7005A90593FFF78DFE04468F
:10696000002889D043F65C24204609B0F0BD0422FB
:1069700041F27C1007A9FFF739FE044600287FF496
:106980007BAF079B5A1E033208D8039A934205D364
:1069900002337FF471AF012A7FF46EAFFFF710FE70
:1069A000002818BF044667E7C88700001281DEC0D0
:1069B000548A00004CC10020FFF750BF0B4611461F
:1069C0001E2811D8DFE800F013101A21282F363DB9
:1069D000444B5259101010101010101010101010BD
:1069E00010101010106068004CF25A307047202BC5
:1069F00028BF202304201A46FFF7F8BD202B28BF0C
:106A0000202324201A46FFF7F1BD042B28BF0423BE
:106A100044201A46FFF7EABD042B28BF0423482070
:106A20001A46FFF7E3BD202B28BF20234C201A462F
:106A3000FFF7DCBD202B28BF20236C201A46FFF770
:106A4000D5BD042B28BF04238C201A46FFF7CEBDEA
:106A5000202B28BF202390201A46FFF7C7BD202BEC
:106A600028BF2023B0201A46FFF7C0BD202B28BF27
:106A70002023D0201A46FFF7B9BD202B28BF2023A2
:106A8000F0201A46FFF7B2BD402B28BF40234FF439
:106A900088701A46FFF7AABD202B28BF20234FF489
:106AA000A8701A46FFF7A2BDF8B543680C2B1FD19A
:106AB0004B68042B1CD14FF0FF3304680D6821682C
:106AC0002B60A9B1A2689AB10623012000F002FA56
:106AD00070B96168304B99420CD9A2682F488B1865
:106AE00083420FD92E48814202D92E48834210D9C1
:106AF0000220F8BD2C4B9942FAD9A26809338818B4
:106B00009842F5D8206802F085F9002318462B60DA
:106B1000F8BD41EA02039B0726683AD1002AF4D067
:106B20000B1D301F4FF47F019B1B15E03668D1F819
:106B30003021BFF34F8FD1F83471BFF34F8FBFF3C4
:106B40004F8FC2F30B02092A1CD0A26840F8046FD1
:106B5000043AA260002AD8D01E18EFF3108CD1F8A6
:106B60003021BFF34F8FD1F83471BFF34F8FBFF394
:106B70004F8FC2F30B02092AD8D1BCF1010FD5D037
:106B800072B6D3E7BFF34F8FBCF1010FDDD062B611
:106B9000DBE70320F8BD00BFFF01FF002C02FF0070
:106BA0000781FF000084FF002F01FF0043680C2BCA
:106BB00011D14B68042B0ED110B4012400680A686F
:106BC00003681460013303D102238068136020B18D
:106BD000022010BC70470220704710BC1060704744
:106BE000FFF722B930B5144685B028B30D46E9B990
:106BF00040F60D2211480DF10E030DF1060CADF813
:106C00000E2004F00F02825C240903F8012D634575
:106C1000F7D147F630030C2101A8ADF80430FDF799
:106C200077FD002800DB284405B030BDFDF770FD7E
:106C3000051EDDDA2846F7E70546D9E7608A000039
:106C400000B5194B83B083F30A88184800F07CFA2A
:106C500038BBFFF7B1F820BB23211548FDF758FDDD
:106C6000FFF7AAFEE8B90DF10700FFF7E3F8C0B996
:106C70009DF807308BB9FFF7E9F800F0B9F8352136
:106C80000C48FDF745FD00F065FB00F09DF800DFC6
:106C90007047002003B05DF804FBFFF7D5F800282B
:106CA000E9D0FFF79DFFF0E70004002040B6002088
:106CB000708A0000948A000070B52DE91F1072B62A
:106CC000BFF36F8F00F04CFFEFF30B856E4600288B
:106CD0001FBF002282F30B88854681F30B8862B6C2
:106CE000BFF36F8FB6E81F10E04772B6BFF36F8F28
:106CF00000F05EFF4FF0000282F30B88B54685F38B
:106D00000B8862B6BFF36F8F70BD00BF402010EAE2
:106D10000E0024D001B5704600F05CFFBDE80440D1
:106D200088421CD072B6BFF36F8FEFF309821EF05A
:106D300020031CBF22E9F00F083A80E80440B1E8C4
:106D400004401EF020031CBF0832B2E8F00F0B68AD
:106D500082F3098883F30B8862B6BFF36F8F7047A5
:106D6000EFF308807146EFF30982EFF30B830CB465
:106D700006B400F099FF8646009900F0080001F083
:106D80000801401A02DC12DB04B070471EF0200339
:106D90001CBF2DE9F00FBDF1080D0A4C2546264613
:106DA0002746A046A146A246A34630B4704704B089
:106DB00030BC1EF020031CBF1DF1080DBDE8F00F14
:106DC00004B07047A5EDF5FE00216020074BDA689E
:106DD00082F07F4282F47F0242F48042DA601976C8
:106DE0005976D976D97783F82200704700ED00E014
:106DF000704700BF009A0A4B9A420FD1012290437C
:106E000001460246034604460546064607468046B6
:106E1000814682468346844686460447FEE7000054
:106E2000A5EDF5FE00283FD02DE9F8430B4651B300
:106E30008268016A12F4406F14BF0122002242F0FE
:106E4000020206461A6061B30024DFF8648025461A
:106E5000DFF8609000F1380703E0A94204F10C0468
:106E60001FD9D6E9063202EB420207EB830303EB9C
:106E7000C2031A19926801351207EED51B59434512
:106E800005D04B4503D043F6DA30BDE8F8831868E7
:106E90000028E2D00121FEF75FFF316A0C34A942DD
:106EA000DFD80020BDE8F88343F6DA30704700BF32
:106EB000A8AF0020A0AF0020EFF3148381F00201FF
:106EC000C1F3400161F3000383F31488BFF36F8FB4
:106ED00000207047002A00F0A7802DE9F0410D4600
:106EE00021B3144603F00602062A23D09A071DD5C3
:106EF00008269B0648BF46F01206870758BF46F093
:106F00000406C10709D5EFF39483DA074CBF46F0B6
:106F1000040626F0040646F01206324621462846AC
:106F20000BF05EF940B10020BDE8F0814CF2DA20B0
:106F3000BDE8F0810126DCE745E800F32C441F0E94
:106F40001B0204F1FF3141E800F24FEA126002D463
:106F50006FF07F00E8E71302FAD58742F8D045E8E2
:106F600000F841E800F10F0EFEF7D8FE4FEA18686E
:106F7000804503D3FEF7D4FE874231D9FEF7E4FE05
:106F80008045E5D3FEF7E2FE8742E1D84046FEF7B2
:106F9000D3FE0346C5F101012846324619440BF0E1
:106FA0001FF90028D4D008F101050DE02846FEF7AE
:106FB000BDFE8046FEF7CCFE324601464046013516
:106FC0000BF00EF90028C3D0AF42EFD83846FEF7D9
:106FD000ADFE3246211A0BF003F90028A3D1B7E722
:106FE0004046FEF795FE0346C5F1010128463246AC
:106FF00019440BF0F5F80028AAD008F101050DE0BE
:107000002846FEF783FE8046FEF78CFE3246014698
:10701000404601350BF0E4F8002899D0AF42EFD894
:107020003846FEF773FED4E700207047F0B501251F
:1070300087B03A48FEF7BAFD00224FF44076384C4C
:107040008DF816202368354801932B442360354B77
:1070500001A9DA681B690495ADF8146002920393E4
:10706000FEF768FD002855D123688DF816000193BE
:10707000013323602C4B294802932C4B01A9049522
:10708000ADF814600393FEF755FD002842D1236844
:107090008DF81600019301332360254B1F4802939E
:1070A000244B01A90495ADF814600393FEF742FD4B
:1070B00000282FD140F20116022723688DF8160010
:1070C0000193013323601C4B144802931B4B01A90D
:1070D0000393ADF814600497FEF72CFDD0B9236834
:1070E000174A019301332360164B8DF8160001A94E
:1070F0000A48CDE902230497ADF81460FEF71AFDA3
:10710000044638B92A4629460448FEF7F7FC2046CB
:1071100007B0F0BD43F6DA3007B0F0BD9CAF0020F9
:1071200048B60020CC8A0000C08B0000C0280100B7
:107130008031000060400000201C0020202D002035
:10714000001C0020201C002010B5044600F062F84E
:1071500000F070F840B900F0A3F828B9FFF766FF17
:1071600010B90223236010BD43F6DA3010BD00BF12
:10717000884208D0830704D581F00201C1F34000A2
:107180007047012070470020704700BF08B5FEF728
:10719000FDFDFEF73DFD0A4B5B68103B1A060AD465
:1071A0000121DAB25309074802F01F02603301FAE5
:1071B00002F240F82320BDE80840FFF711BD00BFF0
:1071C00000ED00E000E100E0EFF30880EFF309815B
:1071D0002DE9F00F6B467246FDF7F2F908B0FFF7A4
:1071E000D5FFFEE70020034BD8765A6A42F470229E
:1071F0005A62704700ED00E00349044BCA68002062
:1072000092B21343CB60704700ED00E00800FA052E
:1072100000207047064BD3F8D02022F00102C3F8BB
:10722000D020D3F8D02042F00202C3F8D02070471B
:1072300000ED00E030B5012483B0FEF7FBFC134DF8
:1072400022460523002012490094FEF70BFD22463A
:1072500007234FF000500F490094FEF71FFDA96867
:107260006868072300220094FEF7FCFC0723002235
:1072700009490A480094FEF711FDD5E903010139D7
:10728000FEF72CFD002003B030BD00BFCC8A00000B
:10729000FFFF0300FF5F0120FFFF032000600120CC
:1072A00038B5134C04F1740554F8040F0021FEF7AF
:1072B00061FDAC42F8D1002001214FF47F020D4B5B
:1072C000C3F88004C3F88414C3F8C004C3F8C4141A
:1072D000D2F83031BFF34F8FD2F83431BFF34F8F34
:1072E000BFF34F8F40F20112034BC3F8402538BD66
:1072F000DC8A0000003000500090035000224FF064
:10730000FF300D4B02F1A0010132102A43F8210099
:10731000F8D1D3F88022002022F00802C3F880229E
:10732000D3F88022D3F8802222F40072C3F880229E
:10733000D3F88032704700BF00E100E008B5FEF7E7
:1073400049FC0822024BC3F880211A60002008BDC6
:1073500000E100E00122014B1A6070474CB60020AA
:1073600010B504460C4A062312686168526852F848
:10737000140C2289FFF7AEFD18B9084B1B68012BCE
:1073800003D06FF08603236010BD00F023F96FF087
:107390008603236010BD00BFF0B600204CB600206D
:1073A00038B50446EFF3108572B6436BC3B104F1F0
:1073B0003402114603F18402D3F88430002BF8D153
:1073C0000868D0F884300B60636B13B185F31088C4
:1073D00038BD236923F00403236185F3108838BD89
:1073E000FFF7FEFB636B002BE1D11B68FFDE00BFE4
:1073F00030B58646EFF3108572B6806B08B34FF058
:10740000000C64460EF1380283681B685B69994280
:1074100008BF144600F18002D0F8800008BF0CF1CC
:10742000010C0028F0D164B12068BCF1010FD0F844
:107430008030236005D1DEF8103023EA0103CEF856
:10744000103085F3108830BD70B40C4E75689DB156
:1074500001462B46002403E098681C4650B10346C1
:107460001A6852688A42F7D11CB19A687360A260A8
:107470009D60184670BC70472846FBE7D0B60020D8
:1074800038B52AB10B689B68DB0517D5002038BDDD
:107490000D4B04461B685D68182D12D055F8182C4A
:1074A000906958B10023343202E00133834203D0A3
:1074B00052F8041FA142F8D19842E7D16FF0FC00C6
:1074C00038BDFFF78DFBE9E7F0B600202DE9F0436A
:1074D00083B000294AD00C46610047D52C4B90461A
:1074E00004F01F0253F82250002D3FD02B68DFF824
:1074F000A49007465868D9F800305E68182E3BD033
:1075000056F8183C29469B6813F4406F14BF0122BB
:107510000022FFF7B5FF0646002832D12B68C4F3DE
:1075200007249A6852051ED5DB689C421ED100F0E4
:10753000E1FC044640B3302200210C3001F0A6FCEF
:10754000D9F8003020465B68A560183B6360C4F83A
:10755000148000F0A5FC0023206123603C603046CD
:1075600003B0BDE8F083DB689C42E0D96FF0800691
:10757000304603B0BDE8F0830190FFF731FB01987E
:10758000BEE76FF08106EAE76FF08206E7E700BF2B
:1075900050B60020F0B6002010B500F093FC044671
:1075A00000F0AEFC88B90A4B1B685B68182B03D04F
:1075B00053F8183C03B15868A3685B681B685B68A4
:1075C000834218BF0024204610BD0024204610BD71
:1075D000F0B60020054B1B685B68182B04D053F8ED
:1075E000180C10B14068704700207047F0B60020BA
:1075F000084B10B51B685C68182C08D054F8183C70
:107600009B6813F4406F14BF0120002010BDFFF7EA
:10761000E7FAF3E7F0B6002038B5054678B90B4B2A
:107620001B685B68182B0ED053F8184C2CB164689B
:10763000B5EBD47F01D0FFF7D3FA204638BD00F078
:1076400019FC0446F4E70446204638BDF0B6002095
:107650002DE9F04100F03EFC0023144E144FDFF8FA
:10766000548073607B6000F00FFC03E029462046E5
:1076700000F0E6F9304600F01FF8044690B13946B4
:107680008023424600F0C2F80546204600F02AF961
:10769000214651F8040BFFF7C5FB0028E6D0FFF7A1
:1076A0009FFAE3E7BDE8F04100F02EBADCB6002017
:1076B000D0B6002050B60020F8B50646002800F0ED
:1076C00098804D4F3C6814F1310F00F28F804B4A87
:1076D00004F1300311688B4280F08880E269A3696D
:1076E00002EB42020E3303EB4203226A02EB420238
:1076F0001344626AC2EBC20213449B00E31801D236
:10770000994201D2FFF76CFA23683D491A0C120422
:107710008A4251D19BB2B3F5817F5FD26368002B5F
:1077200061DBD4E90A239A4251DCA36813F4406F69
:1077300020D0A36A002B04DAE26A002A01DA93421D
:1077400001DDFFF74DFA756815B913E0ED6B8DB1EA
:107750002B689A6812F4406FF8D0E16A9A6A9142F5
:10776000F4DBA26ADB6A9A42F0DCFFF739FAED6BD0
:10777000002DEDD1234A244B1568196805F140030B
:107780008B42136020D8E269A36902EB42020E33F8
:1077900003EB4203D4E9081201EB41010B44C2EBB5
:1077A000C20213443A682C6002EB830273682846D5
:1077B000EB633A607560F8BDFFF712FA23689BB27D
:1077C000B3F5817FAAD309E0FFF70AFADBE7FFF7F9
:1077D00007FAA36813F4406FABD1CBE7FFF700FAC9
:1077E0006368002B9DDAFFF7FBF99AE7002528462E
:1077F000F8BDFFF7F5F964E7B8AF00205C8B000037
:1078000000005F5FB4AF0020588B00002DE9F04FFF
:1078100085B0804689461746039300285AD0002930
:1078200058D0D8F800202D4802F13805D2E90631A9
:107830000468029205EB8305002945D0284B01EB33
:1078400041021B6804EB82029A42026036D8002C87
:107850003AD04FF0000B5E460020AB686A6913F423
:10786000007FC4E9005806F10106A0604BEA020B54
:1078700005F118055FFA83FA13D017B1039A802A2D
:1078800003D00193FFF7ACF9019B13F0E00F02D195
:1078900057F82A300BB1FFF7A3F9029BD96947F8D3
:1078A0002A40D9F80430B142A360C9F8044004F179
:1078B0000C04D1D8584605B0BDE8F08FFFF790F919
:1078C000029BD9690029C2D14FF0000B584605B080
:1078D000BDE8F08FFFF784F9A3E700BFB0AF002049
:1078E000548B0000704700BF002210B48368046806
:1078F0000B43A16883608B05426382634CBFE068E1
:10790000014810BC704700BF49D7000070B506465B
:10791000044656F8183B1546D3E90A0100F0A4FACC
:107920002268044BD4681E6000F022FB0346204608
:107930002B6070BDD8B6002038B544684078183C3C
:10794000EFF3108572B6E2682369134005D1002A6F
:1079500018BF022085F3108838BD042B06D00B60B9
:1079600000230520E36085F3108838BDA268520724
:10797000F5D42369606B23F004032361D0F88830C9
:107980000B600368022B02D000236363E8E700F07A
:10799000C5FAF9E7002838D082680346002A34D0B7
:1079A0001168002931D05268002A2ED010B5906B92
:1079B000496982B0C3F880009363EFF3108472B614
:1079C0001069014311611169D268114214BF6FF04F
:1079D000FD00002084F310885C688CB1EFF3108206
:1079E00072B623695B0703D582F3108802B010BD1D
:1079F0000423E36082F310886FF0FD0002B010BD35
:107A00000190FFF7EDF80198E8E76FF0800070470C
:107A10004368C0F888105A6BC0F884205863EFF3AD
:107A2000108172B61A69D86842F004021A611B69A3
:107A3000034214BF6FF0FD00002081F310887047EF
:107A4000F0B50026076804463D6B3B69BF68DFF868
:107A5000B0C02B44073500F1180E23F0070383B0A4
:107A600080F8287025F00705C7F3C02701AAC0F8E1
:107A70002CE08361436205625CF82730C66180F8C0
:107A8000296046859847236801469A68D3F818E02C
:107A900012F4007229D1D869A6694FEA800C0CF162
:107AA000130525F00705761BA661DD68B260154A4F
:107AB00037463560726068B138330CF10C0C03EB5B
:107AC0008E03B44406F10C021D69183342F8045BBE
:107AD0009445F9D1B0606FF00102019B676104F138
:107AE000280000F085F903B0F0BDA269DB68054805
:107AF000A2F11007A761786042F8103CBE60EAE787
:107B0000608B0000FC25010038B50A4D0A4800F0E2
:107B10003BF9284600F09AF92B6804465B6853E964
:107B20000601FFF7C9F908B9204638BDFFF758F834
:107B3000204638BDF0B600203979000038B504463B
:107B40000D4648B1EFF3108372B62069284008BF94
:107B5000E56083F3108838BDFFF742F8F2E700BF15
:107B600038B5114B1B685C68183CEFF30583C3F311
:107B70000803ABB90D4BA2691B689C68A24202D9ED
:107B8000D9688A4205D91D6800F000FA28462146C6
:107B900038BD0024254600F0F9F92846214638BDB5
:107BA000FFF71EF8E6E700BFF0B60020D8B60020C9
:107BB00010B5044600F054FA00F0F0F914F1FE0F8D
:107BC00003D0022801D0204610BD00F0F1F9204674
:107BD00010BD00BF2DE9F84FEFF3108972B6DFF842
:107BE000C0A0DAF800305F68EFF30983820648BF6F
:107BF000283B3B6000F0CEF8DAF80030B8465D680C
:107C00000646183DA0F12804B8B1A54215D0EFF3FF
:107C10000982BB68283393423ED861686868FFF7E1
:107C2000A7FA78BBD6F804B06369D846CAF80060F2
:107C30003BB9FEF7D5FF636903E06369BB46002BE0
:107C4000F7D0184E1835AF42336001D0FEF7C8FFA9
:107C500004F118035B4501D0FEF7C2FFDAF80030EB
:107C60002834A34201D0FEF7BBFF5BF8042C336835
:107C70009A4201D0FEF7B4FF89F310883846414696
:107C8000BDE8F88F616856F8280CFFF715F9002851
:107C9000C8D0FEF7A5FFC5E7FEF7A2FFBDE700BF0E
:107CA000F0B60020001C002001F00C032DE9F0418B
:107CB0000C2B0CBF154605464A060C4601F008067B
:107CC00020D58B06B6FA86F158BF2835AB6949092D
:107CD00013F8026CC6F380139942374606F0A008E9
:107CE0001FD1B8F1000F11D1022E30D0032E2AD0AF
:107CF0000EB332461C212048FEF774FF6FF0830359
:107D00002B600BE0FEF76CFF8EB120273A461F2157
:107D10001A48FEF767FF6FF083032B602046BDE82B
:107D2000F081FEF75DFFB8F1000FDDD0EEE7FEF762
:107D300057FF2027EAE7FFF78BFC0446104821464F
:107D400000F01CF9EAE72846FFF70AFBE6E70D4AD0
:107D5000334611686A68496851F8140C2968FFF7BE
:107D6000B9F828B9D5E90001FCF7D2FC2860D5E7BD
:107D7000FEF736FFD2E700BF688B0000848B00005F
:107D8000F80B0020F0B60020014B1860704700BFD0
:107D9000E4B60020002370B5134A82B01468019342
:107DA000EFF3108672B6C4B1104D03E001280FD076
:107DB000A46894B120462B6801A99847C0B2052851
:107DC0006070F3D10199606800F0DCF80123637002
:107DD00086F31088204602B070BD002486F3108818
:107DE000204602B070BD00BFE8B60020E4B6002017
:107DF0009C4670B5134E134634680546624624B15E
:107E000090F800C02078604513D3AC603560686896
:107E100000F0E4F801210C4B69701A6822B129784E
:107E20001278914228BF35681D6070BD207860458A
:107E300003D2A646A468002CF8D1AC60CEF8085056
:107E4000E5E700BFECB60020E8B6002038B50546EF
:107E5000FFF7A0FF044600F0ABF805B12C606068A6
:107E6000BDE8384000F0F0B8014BC3E900017047AD
:107E7000F4B60020034BD3E900308342C8BF002092
:107E8000704700BFF4B6002008B500F065F8034B5A
:107E9000986000F067F880F3888808BD00ED02E084
:107EA000064A10B41368064C013303F00703001BA5
:107EB000591C01EBC00010BC13607047FCB60020D9
:107EC00000B7002018B1024B013803EBD000704717
:107ED00000B7002008B58C22082340F2AC410448CA
:107EE00000F0B0F900B908BDBDE80840FEF778BE63
:107EF00000B70020014800F0D9B900BF00B700204A
:107F0000014608B5044800F0EDF900280CBF6FF0F9
:107F1000FC00002008BD00BF00B70020014601485A
:107F200000F0D6B900B7002008B5FFF75BF978B9C3
:107F3000FFF762F960B9FFF76BF948B962B6FCF771
:107F4000FFFBFFF7DBF918B9FFF7F8F900B908BD37
:107F500043F6DA3008BD00BF014B1868704700BF18
:107F6000CC8A0000014B1B6818687047CC8A00005F
:107F7000014B1B6858687047CC8A000004460D46C8
:107F8000A546284703689962704700BF024801214F
:107F90000160BFF34F8F704744B600200349086863
:107FA00000220A60BFF34F8F7047000044B60020E4
:107FB00008480268002A08D107484FF08051016044
:107FC000BFF34F8FBFF36F8F704702220260BFF382
:107FD0004F8F704744B6002004ED00E02DE9F843D0
:107FE00004681E468368DFF85CC09046A4F1500226
:107FF0009A4244F808CC44F804CC05460F46A4F154
:1080000008041BD3A4F1480948220021484600F087
:108010003DFF00234FF080716FF0020244E9073307
:1080200044F8208C44F8087C44F80C6C44F8041C98
:1080300044F8143CC5E90092BDE8F883FEF7D0FD92
:10804000E0E700BFA5EDF5FE0368283383F3098858
:10805000836883F30B88BFF36F8F4068704700BF5E
:108060008230012800D9704708B5FFF7C1FA00B186
:1080700008BDBDE80840FEF7B3BD00BF042100B550
:1080800083B007200DEB0102FEF798FC40B9019B7D
:10809000072B06D8DFE803F01712050D05050508C4
:1080A000002003B05DF804FB4FF4C04003B05DF85E
:1080B00004FB4FF4405003B05DF804FB4FF4005054
:1080C00003B05DF804FB4FF48050EAE70E4B70B547
:1080D0001B6805465C680E4654F8102C183C0AB123
:1080E00002420DD0002E02DB2069284070BD2946D7
:1080F0002046FFF723FD002808BF6FF0FD0070BD8C
:10810000FEF76EFDEEE700BFF0B6002070B5044646
:108110000E4610B3431E03421FD11B4A06231168AB
:1081200030224D68314655F8140C183DFEF7D2FE4A
:1081300020BB2B69FBB12B69234219D0042C0FD033
:1081400021462846FFF754F90146D0B13022304687
:108150000C3100F05FFE002070BDFEF741FDDCE752
:108160002846FFF71DF90346D0F88800F36070BD7C
:10817000FEF736FDE2E7FEF733FDDCE7FEF730FD04
:10818000D7E76FF08B0070BDF0B60020F8B505465C
:108190000E46FFF701FA0446002844D0A768002FD6
:1081A0003ED0E368991C34D05A1C0AD1FEB116F1B6
:1081B000820F02D016F1830F2FD1022335462360A0
:1081C00018E0002B29DB002304F1280252F8041FD9
:1081D00019B1E16F106C194448600833202BF5D1B8
:1081E0003B6835469B689B0544BF0223236015F11D
:1081F000810F1BD0EFF3108672B629462046FFF799
:1082000007FC86F310882368022B1CBF0023236021
:10821000F8BD022323600025ECE7FEF7E1FCFAE756
:10822000FEF7DEFCBDE7FEF7DBFCB7E76369002B7A
:10823000E0DBFEF7D5FCDDE708B5FDF7F5FD6FF0F7
:10824000830008BD78B32DE9F84F1E4643B302F111
:10825000080703FB07FA0AF10C038B428B46914691
:108260001ED1804600240A46002100F00FFE08F1CE
:108270000C039C46A64600E0AC460EF1010E764586
:10828000CCF800400CEB07056446F5D10020AAEBC2
:10829000070A5344C8E90039C8F808B0BDE8F88FA8
:1082A0006FF0F800FAE76FF0F8007047034658B136
:1082B000006848B10022D0F800C004490830C3F873
:1082C00000C040E902217047704700BFAACCF0F01F
:1082D00010B400240268A1F1080341E9022410BC93
:1082E0000360704700F10C03994213D38268CB1AE4
:1082F0009A420FD942680832B3FBF2F002FB103306
:10830000082B07D151F8040C034BC01AB0FA80F0C7
:108310004009704700207047AACCF0F02DE9F04FDB
:10832000744C97B0CDE901300B0E246803930BB267
:10833000002B6768C1F30268C1F30249C0F2948060
:108340001646029A8B420D46D36000F0958008EBEA
:108350000903042B00F28880CB0F4FEA431B4FEA3E
:10836000C80431464BF00203224657F8140C03931D
:10837000FEF7B0FD183F0146002875D1202206A85F
:1083800000F084FD4FEAC90A3146224606A800F0F3
:1083900041FD5246019978684BF00603FEF79AFDBD
:1083A0000646002860D1014620220EA800F06EFD8E
:1083B000524601990EA800F02DFD2B0E13F0060F6A
:1083C0001ED04FF0010E06ABF0451C440DF1200C01
:1083D00010D963465CF8080CD3E900120A449042B5
:1083E00003F1080304D25CF8042C024491423BD30D
:1083F000A342F1D10EF1010EF0450CF1080CE8D8C2
:10840000029B15F0006403F12C0A4FF0100203F1F7
:108410001C00CDF810A033D1214600F037FD2146D5
:108420001022504600F032FDB8F1000F3AD0029B06
:10843000CDF814B006ACDDF80CB003F1180A0AE070
:10844000636846454AF8043F54F8083BCAF83000D0
:10845000CAF8203024D25B46626821687868013609
:10846000FEF738FD0028EBD06FF0800017B0BDE8B4
:10847000F08FDDE90123DA67002017B0BDE8F08F47
:10848000002100F003FD10220021049800F0FEFC02
:10849000B8F1000F26D022234FF0200B0393C6E73C
:1084A000DDF814B0BBF1000F1CD10026B9F1000FAC
:1084B000DFD0049D0EAC46F0060605EB890908E006
:1084C000636845F8043B54F8083BA945E863EB6250
:1084D000CFD03346626821687868FEF7FBFC00283D
:1084E000EED0C1E7002D03DBC5F3C0467601DDE722
:1084F0002026DBE7F0B600202DE9F04182B0984657
:108500000E4617460546FFF773F8FFF785F829462C
:10851000024601A8FEF7DAFF044618B1204602B071
:10852000BDE8F08143463A4631460198FFF7F6FE32
:10853000044628B16B00F1D50198FFF7EFFCEDE799
:108540000198FFF727FA044601222046019B1A6092
:1085500002B0BDE8F08100BF40F20110704700BFDB
:1085600070B50546FFF744F806462846FEF76CFF4F
:1085700048B10446014632462846FEF781FF10B94D
:108580002368D86870BD002070BD00BF2DE9F041A0
:108590001E4C0D4624681646D4F804801F46FEF78C
:1085A000FBFF044658B3E368002B25DB032D20D8DE
:1085B00004EB8504E569E36CED1A02D12846BDE8B9
:1085C000F08106233A46314658F8140CFEF782FC37
:1085D000C0B9BD4228BF3D46E36CE16B304619444B
:1085E0002A4600F017FCE36C28462B44E364BDE800
:1085F000F081FEF7F5FADBE7FEF7F2FAD6E7FEF7D1
:10860000EFFAD0E7FEF7ECFAE3E700BFF0B60020A0
:1086100070B50D461646FEF7BFFF0446B0B1E368DD
:10862000002B10DB032D0BD804EB8504E36CE06911
:10863000C01A04D0B04228BF30460344E36470BD82
:10864000FEF7CEFAF0E7FEF7CBFAEBE7FEF7C8FA53
:10865000E5E700BF2DE9F0411D4C0F4624681646A2
:1086600064681D46FEF798FFA4F11808044660B33D
:10867000E368002B26DB032F1BD804EB8704E36A97
:10868000E26E9B1AAB421AD302232A463146D8F82F
:108690000400FEF71FFC78B9E36EE06D31462A4610
:1086A000184400F0B7FBE36E00202B44E366BDE8FE
:1086B000F081FEF795FAE0E7FEF792FAECE7FEF7B5
:1086C0008FFAE1E7FEF78CFAD5E7FEF789FACFE7F4
:1086D000F0B6002000000100464154414C204552B4
:1086E000524F523A20000000486172644661756C36
:1086F000740D0A004D656D4D616E616765206661A0
:10870000756C740D0A0000004275734661756C74D7
:108710000D0A000055736167654661756C740D0A3A
:10872000000000005365637572654661756C740DD9
:108730000A000000526573657276656420457863AF
:10874000657074696F6E2000506C6174666F726D35
:108750002065787465726E616C20696E74657272E2
:1087600075707420284952516E293A20000000008B
:108770007947000095470000014B0000D5470000F5
:10878000B1470000B94A0000C949000099470000FC
:10879000BD470000C9470000E5470000A1470000B1
:1087A000A5470000AD4700001D00000010000002BA
:1087B0001C0000011100000304020202000000007E
:1087C0000338FDD87047000000000000F959000090
:1087D000FD590000015A000000000000495A000045
:1087E0001D5A00000D5A00000000000000000000AB
:1087F000055A000000000000000100000010000009
:108800000400000004000000FF000000506C6174D0
:10881000666F726D20457863657074696F6E3A0D8E
:108820000A00000057726974696E672072616E6495
:108830006F6D20486172647761726520556E697151
:108840007565204B65797320746F20746865204BC3
:108850004D552E0D0A000000537563636573730D4B
:108860000A000000416C6C2070696E7320686176AC
:1088700065206265656E20636F6E666967757265F7
:1088800064206173206E6F6E2D7365637572650D64
:108890000A0000004F6E65206F72206D6F726520B8
:1088A0006B65797320616C7265616479207365749E
:1088B0002E2043616E6E6F74206F766572777269D9
:1088C00074650D0A0000000054686520524E472070
:1088D0007365747570206661696C6564207769746E
:1088E00068206572726F7220636F64653A20256438
:1088F0000D0A000054686520524E472063616C6C7D
:10890000206661696C65642077697468206572729D
:108910006F7220636F64653A202564206F72207740
:10892000726F6E672073697A652025640D0A0000F6
:10893000436F756C64206E6F742066726565206E7F
:1089400072665F63633378785F706C6174666F72B0
:108950006D5F6374725F6472626720636F6E7465CB
:1089600078743A2025640D0A0000000054686520E0
:108970006B657920627974657320776572656E27FF
:108980007420636F72726563746C792064656C65C2
:108990007465642066726F6D2052414D2E0D0A0081
:1089A0004F6E65206F72206D6F7265206B657973F5
:1089B000206E6F742073657420636F7272656374C8
:1089C0006C790D0A00000000485720556E697175DA
:1089D00065204B65790000006E72665F63633378D3
:1089E000785F706C6174666F726D5F6B6D755F73CD
:1089F0006861646F775F6B65795F646572697665DE
:108A0000206661696C65642077697468206572729C
:108A10006F7220636F64653A2025640D0A000000C0
:108A20005468652048554B2077726974696E6720D9
:108A3000746F3A202564206661696C6564207769EB
:108A40007468206572726F7220636F64653A2025C6
:108A5000640D0A0001000000020000000400000094
:108A60003031323334353637383941424344454664
:108A70001B5B313B33346D426F6F74696E672054FA
:108A8000462D4D2076322E322E322A2A1B5B306D37
:108A90000D0A00001B5B313B33346D5B5365632073
:108AA0005468726561645D20536563757265206901
:108AB0006D61676520696E697469616C697A696E58
:108AC00067211B5B306D0D0A0000000000000400F0
:108AD00000000400FF7F0E00007C01000080010008
:108AE00000400050005000500080005000A0005096
:108AF00000B0005000E0005000F0005000000150B5
:108B00000010015000400150005001500070015011
:108B10000080015000B0015000C0015000D0015051
:108B200000E0015000F0015000000250001002501F
:108B300000200250003002500040025000600250FD
:108B40000080025000A00250009003500025845085
:108B500000A00350B4B1002084B10020CC0200007A
:108B6000E97800000D790000556E6B6E6F776E200E
:108B700053504D205356432072657175657374656B
:108B8000643A2000556E6B6E6F776E20535643200B
:108B90006E756D626572207265717565737465645A
:038BA0003A200078
:108BC000002383F300887047009A074B9A4208D12C
:108BD00010B500F08FF9FFF7F3FF06BC96460C4680
:108BE000744700F0CDF90000A5EDF5FE009A074BA3
:108BF0009A4208D110B500F085F9FFF7E1FF06BCF5
:108C000096460C46744700F0BBF90000A5EDF5FE52
:108C10000CB4029A084B9A420CD14FF0004319430E
:108C20000CBC10B500F076F9FFF7CAFF06BC9646FB
:108C30000C46744700F0A4F9A5EDF5FE009A044B2C
:108C40009A4202D103490868744700F099F900007C
:108C5000A5EDF5FEB8230100009A034B9A4200D11E
:108C6000744700F08DF90000A5EDF5FEFDF7B8BFE3
:108C7000EFF30880EFF309812DE9F00F6B467246A0
:108C8000FBF79EFC08B0FFF7F1FFFEE7FDF7A8BF7A
:108C9000EFF30880EFF309812DE9F00F6B46724680
:108CA000FBF78EFC08B0FFF7F1FFFEE7FDF798BF7A
:108CB000EFF30880EFF309812DE9F00F6B46724660
:108CC000FBF77EFC08B0FFF7F1FFFEE7FDF788BF7A
:108CD000EFF30880EFF309812DE9F00F6B46724640
:108CE000FBF76EFC08B0FFF7F1FFFEE7FDF778BF7A
:108CF000EFF30880EFF309812DE9F00F6B46724620
:108D0000FBF75EFC08B0FFF7F1FFFEE7F8B5154C86
:108D1000154DAC4208D2D4E90010A2680C34920080
:108D200000F078F8AC42F6D3104E114DAE4210D29E
:108D30000024013DAD1BED08371D57F8342056F8CF
:108D400034000021920000F0A1F8A54204F10104D2
:108D5000F3D109F0A9FABDE8F84000210846FDF773
:108D60006FBF00BF604000008440000084400000EE
:108D7000A4400000FEE700BF814201D300F04AB8E2
:108D80001346024401EB030C30B504460D46104671
:108D9000E646ABB14CEA0201890715D005E01EF0AA
:108DA000030F0FD01A1905EB030C1CF801EC013A64
:108DB0000CF1FF3C013B82F800E04CEA020EEED1E0
:108DC000204630BDE6461046032B15D97246191FC2
:108DD000AEF1040C21F00301ACEB010C851AA918CB
:108DE000964652F8040D944541F8040CF7D113F05F
:108DF0000303E5D09646081F7146AEEB0302451A01
:108E000011F8010C4B1901398A4203F8010CF7D112
:108E1000204630BDCAB310B540EA0104A40703469A
:108E20000CD004E043EA010C1CF0030F06D011F84B
:108E300001CB013A03F801CBF4D110BD032A17D9B5
:108E40008C46A2F1040E2EF0030E04318E44A3EBE7
:108E50000C03DCF8004043F80C4003EB0C040CF16D
:108E6000040CE645F5D112F00302E6D06146231D5D
:108E70008C461144A3EB0C039CF8002003F80C2053
:108E80000CF1010C6145F7D110BD704730B50C04F1
:108E900044EA01640C4344EA012472B183070DD013
:108EA00084465FFA81FE02E013F0030F07D06346A9
:108EB000013A03F801EB9C46F6D130BD0346032A84
:108EC00011D9A2F1040E2EF0030E03F1040CE644B6
:108ED0001D461C60634673450CF1040CF8D112F07A
:108EE0000302EAD02B1DC9B21A4403F8011B9A42AF
:108EF000FBD130BD024B1B685B689B68184700BF05
:108F0000001C0020024B1B685B685B68184700BFB1
:108F1000001C002010B4034C246864682468A44634
:108F200010BC6047001C0020024B1B685B68DB68BC
:108F3000184700BF001C0020024B1B685B681B69C0
:108F4000184700BF001C002010B4034C246864685C
:108F50006469A44610BC6047001C002010B4034C98
:108F600024686468E469A44610BC6047001C0020C3
:108F7000024B1B685B681B6A184700BF001C00207F
:108F8000024B1B685B685B6A184700BF001C00202F
:108F90000F2A24D930B589B00292124A0DF1100C73
:108FA00001911C460FCA10258CE80F000022634671
:108FB000042011460095FCF7E7FF60B980214FF4CB
:108FC000905325600C9C084A21800D990A600E9AE6
:108FD000138009B030BD43F65C2009B030BD43F6C4
:108FE0005C20704728240100090100080346024A5A
:108FF00001201A60704700BF382401000346024A6E
:1090000002201A60704700BF782301002DE9F04369
:10901000002685B00DF1040843460546CDE90266F9
:10902000019601F00F00105C090906F1010603F832
:10903000010BF6D10C4608EB060705F1040901E027
:1090400047450FD02B6817F8011D5A1C1F2A2B44C7
:109050002A601971F4D9202148462C6000F0A2F949
:109060004745EFD1304605B0BDE8F0832DE9F04F1C
:109070000026054685B0642A0846CDE901662C68BD
:10908000039634D00DF1040841460027DFF888E04C
:109090008446AEFB0023DB0803EB8302A0EB420215
:1090A0003032BCF1090F184607F1010701F8012B16
:1090B000EED84FF0000B08EB070905F1040A02E0B7
:1090C000C84510D02C68631C19F8012D2C441F2BA7
:1090D0002B602271F4D920215046C5F800B000F071
:1090E00061F9C845EED1F01905B0BDE8F08FB14285
:1090F0000F46C7DA2D22631C1F2B2C44227103D884
:109100001C4601267842BDE72846202140F8046B22
:1091100000F048F92B68F3E7CDCCCCCC2DE9F04733
:1091200000258AB00195002800F0158103780446D7
:10913000002B00F016810E462F46252B04F1010866
:109140005BD16278302A1BD0252A00F0F480583A8F
:10915000D3B2202B17D8202A15D8DFE802F09C14B0
:10916000141414141414141414877F141414147F76
:10917000141414141414CE1414A4149414143F00CE
:10918000A378322B4BD000245B22DFF8E89102E079
:1091900019F8012F92B1019B0134591C28336B44FB
:1091A0001F29019103F8202CF2D9202102A8019750
:1091B00000F0F8F819F8012F002AECD125444446B4
:1091C0002378002BB9D1019919B102A800F0EAF86F
:1091D000054428460AB0BDE8F0874D44664A56F873
:1091E000041B01A8FFF712FF054402342378002B6B
:1091F000E9D0252B04F10108A3D0019A511C283293
:109200006A441F29019102F8203C02D844460135E6
:10921000ECE7202102A8019700F0C4F8F6E7E37814
:10922000782B00F0A080582BADD156F8049B534A00
:10923000C9F3031101A8FFF7E9FE80464E4BA8448D
:109240004E4AE57809F00F01782D08BF1A4601A8AB
:10925000FFF7DCFE043408EB0005C7E7642256F88C
:10926000041B01A8FFF702FF0544BEE7019B56F867
:10927000041B5A1C28336B441F2A019203F8201C3C
:1092800062D80135B1E7752256F8041B01A8FFF733
:10929000EDFE0544A9E7394A56F8041B01A8FFF77B
:1092A000B5FE0544A1E756F8048B98F80020002A83
:1092B0009BD0C2464FF0000905E09AF801200AF160
:1092C0000103AAB19A46019B591C28336B441F29FC
:1092D000019103F8202CF0D9202102A8CDF80490A8
:1092E00000F060F89AF801200AF10103002AE9D1A0
:1092F000C8F10108D044454477E74FF00009302217
:10930000C846DFF87CA004E01AF8012F002A3FF4D9
:1093100064AF019B09F10109591C28336B441F29D3
:10932000019103F8202CEFD9202102A8CDF8048068
:1093300000F038F8E8E7019A511C28326A441F29E6
:1093400002F8203C01919CD90023202102A801931E
:1093500000F028F895E74CF2DA2528460AB0BDE877
:10936000F0871D4635E756F8049B034AC9F30311FD
:1093700060E700BF482401006C2401005C24010068
:10938000442401000FB400B583B004A951F8040BC4
:109390000191FFF7C3FE03B05DF804EB04B0704722
:1093A00002DF7047FFF7FCBF00207047704700BF27
:1093B000014B1B68184700BFC4AF0020014B1B685E
:1093C000184700BFC0AF002010B40446034A044B46
:1093D00000201460196010BC704700BFC4AF0020AB
:1093E000C0AF00200246024B00201A60704700BF49
:1093F000BCAF002039B1044B0A4610B500211B68F0
:109400000446984710BD7047C8AF002010B5044609
:1094100028B121B1044B0A461B6800219847204619
:10942000BDE81040FFF7CABFC8AF00208A425FD036
:1094300001F0FE4CBCF1C06F70B46CD0BCF1A06FF9
:1094400047D0A44B994200F0D780BCF1407F45D172
:1094500002F0FE43B3F1407F40D182EA010333F4CE
:109460007E1342D19C4C0C40B4F1607F00F0E3804D
:10947000B4F1707F39D100F4E043B3F5005F34D12B
:1094800010F4E06F31D0944B12F47C1403EA020321
:1094900000F0D680B3F1607FC2F3054500F0FF8095
:1094A000B3F1707F00F00881002411F47C1FC1F338
:1094B000054300F0DC8012F47C1F02D1A34200F0CF
:1094C000AF8011F4004110D0AB428CBF00200120CE
:1094D0000CE002F0FE43B3F1A06F0BD021F000438B
:1094E00023F47F03B3F1106F42D0002070BC7047AB
:1094F0000120704782EA010333F47E13F5D111F4A1
:109500000043F2D0C1F30541C2F3054291428CBF42
:1095100000200120EAE7714C22F4875020F01F0060
:10952000A04222F0FF0C31D06D48844570D022F467
:10953000FF7020F00100B0F1062F73D004F5C06475
:10954000A44523D004F57454A0421FD0A4F584444C
:10955000A0421BD033B1634822F4FF6323F007031A
:10956000834239D070BC881AB0FA80F04009704745
:1095700002F0FE43B3F1106FB7D15B4B134043F0E1
:109580001063581AB0FA80F04009AFE7D0B2D0B1FA
:10959000534D21F4FF7020F00100A84221F0FF0498
:1095A0001FD005F58855AC421BD0504E21F47F7575
:1095B00025F00305B54214D04D4DAC4211D005F550
:1095C0007455A8420DD0002BCCD022F4FF7323F0A9
:1095D0000103B3F1062FBED122F4807221F4807111
:1095E000C0E711F0FF00EED0424D40F00070A842FD
:1095F00004BF62462146E6E7A3F500439A420FD036
:109600003D4822F47E12101AB0FA80F040096DE74E
:10961000D0B20028BCD16245BAD0002B9BD1A1E7C3
:10962000012063E7D0B20028B2D1B2F1062FAFD04B
:10963000002BD1D196E7B0F5885F7FF456AF22E7D3
:10964000B3F1607F18D0B3F1707F01D025462CE7CD
:1096500000F4E043B3F5005FF8D10125C0F3022325
:109660009D40000A012400F0070084401DE7601BB4
:10967000B0FA80F0400939E7204BD0B240F00070DA
:10968000984221D000F17E4004381128DED80346EC
:109690001B4C54F820501B4850F8234005E717484E
:1096A000D3B243F00073834211D003F17E43043BF5
:1096B000112B3FF6F9AEEEE700F4E043B3F5005F9F
:1096C0007FF4F2AE000ACDE710252C46EDE610241B
:1096D000EBE600BF0093C0040000C07F000300065B
:1096E00000020006004000060000FFF6000400062D
:1096F00000090006FF00000200014005030000020F
:10970000D8240100D824010000F0FE43B3F1A06F7B
:109710002FD1254A20F0FF0393422DD0234A9342B4
:109720001BD0A2F5885293422ED020F4FF7222F073
:109730000102B2F1062F23D01D498B4228D01D4BC8
:109740009A4229D0A3F584439A4229D010F4004FBD
:109750000CBF00206FF08600704710F0FF000AD0A9
:10976000154B40F00070984214BF00206FF0860047
:1097700070476FF08600704710F0FF00F0D170471F
:1097800010F0FF00ECD1704710F0FF00E8D17047F7
:1097900010F0FF00E4D1704710F0FF00E0D17047F7
:1097A00010F0FF00DCD17047000300060013000634
:1097B0000009000600460006FF0000022DE9F04304
:1097C00083B06C4684E8030094E803001D46164607
:1097D00002F004FC0446A0B93768B7F8008008F42A
:1097E000E043B3F5804FBB6808BF25F0010535EABB
:1097F00003030AD06FF0840400233846336002F07C
:10980000EDFC204603B0BDE8F0830A9B002BF8D0A6
:10981000B5F5006F1CBFA5F50055B5FA85F50A9A98
:10982000294B22F0FF020CBF01256D099A4224D07A
:10983000264B9A4221D0A3F588539A420A9B1DD009
:1098400023F4FF7323F00103B3F1062F15D0204951
:109850008A4212D01F4A93420FD0A2F5844293420B
:109860000A9B0BD003F0FE43B3F1407F24D10A9B47
:109870001B040BD56FF08604BEE70A9B13F0FF03B1
:1098800004D0154A43F000739342F3D02B46404670
:109890000A9AF968FFF7CAFD81460028B1D12B4624
:1098A00040460A9A3969FFF7C1FD4C460028A1D00D
:1098B000204603B0BDE8F083B3F1A06FD7D0064BCC
:1098C0000A9A9A42E2D1D5E7000300060013000687
:1098D0000009000600460006FF00000238B50379C3
:1098E00004460D463BB14369104A03F14043A3F5DA
:1098F000805393420CD804F1140393E8030085E8E5
:109900000300237F012B0AD102232377002038BDD7
:10991000D0E9091202F00CFE0028ECD038BD00237B
:109920006FF09600C5E9003338BD00BFFFDFFF3F91
:1099300000232DE9F041044645680F4628461146AC
:1099400084B01360D4F8148002F05EFC064618B1AF
:10995000304604B0BDE8F081284602F057FC0646C8
:109960000028F5D1EDB2002D38D1B8F1000F41D16A
:10997000A36823F0031020F47F4000283AD14FF66B
:10998000F87362889A4238D8237939466BB102F06D
:10999000C3FAF0B90FCC3D680FC594E8070085E81D
:1099A0000700304604B0BDE8F08101A802F0B4FA27
:1099B00078B90FCC3F68DDF804C03D460FC594E888
:1099C000070085E807003046C7F814C004B0BDE8BA
:1099D000F0810646304604B0BDE8F08104F114027F
:1099E00092E8030002AB012283E8030002F05CFA74
:1099F0000028BDD16FF08606AAE76FF08506A7E7BD
:109A000052B349B300F44F43B3F5824F26D1C0B2ED
:109A10001238302822D8DFE800F0502121212145DA
:109A2000212121212121212121211921212121400F
:109A300021212121212121212D212121212121210A
:109A4000212121212121212121242400E92903D0C0
:109A500040F21B13994241D1002070476FF08500FE
:109A60007047FF29F8D0B1F5E07F0CBF00206FF000
:109A70008600704721F02003C02BEDD021F0400379
:109A8000B3F5807FE8D0B1F5C07FE5D0B1F5007FB8
:109A90000CBF00206FF086007047E929DCD0EF2969
:109AA000D6D1D9E7C029D7D0E129D5D0B1F5807F6B
:109AB0000CBF00206FF08600704721F02003C02B00
:109AC000CAD021F08003B3F5807FC5D040F20923CE
:109AD00099420CBF00206FF08600704740F2991346
:109AE0009942B9D040F23B2399420CBF00206FF05D
:109AF0008600704700F0FE43B3F1407F2CD1344B19
:109B00000340B3F1607F2AD0B3F1707F24D101F418
:109B1000E043B3F5005F1FD111F4E06FC1F3022CF5
:109B20001AD010F47C1F0AD1012101FA0CF1CBB23A
:109B30000329137031D9202B2FD800207047C0F390
:109B40000543C0F3074010F03C0F137025D00122ED
:109B500002FA0CF29A42EED26FF086007047B1F52D
:109B6000885FF9D110F47C111AD0C0F30741C0F31B
:109B7000054311F03C0F13700FD0164AC0B240F0ED
:109B8000007090421DD000F17E4004381128E3D8C7
:109B9000114A52F82020DDE711706FF08500704700
:109BA0000C4BC0B240F0007098420DD000F17E40E6
:109BB00004381128F0D8094B1B5C032B1370E7D82D
:109BC000EBE7102BB9D9C7E710231370B5E700BF37
:109BD0000000C07F03000002D8240100C42401005B
:109BE000F0B587B002AD85E80600002201680446A2
:109BF000059291B16FF08805204602F087FF0022A0
:109C0000A388059823F4FF7323F00103A380226047
:109C100002F0E4FA284607B0F0BD1E464FF4AC72DD
:109C20000830FFF733F90C9B0096002B95E80300F2
:109C300014BF4FF480634FF4006305AAFFF7BEFD25
:109C40000546D8B9059F30463988221DFFF752FFD7
:109C5000054698B963790C997A6A61F300036371D8
:109C6000BB6AA1B139462046009602F0E3FE0546E4
:109C700025B9059802F0B2FA0546CBE72368002B18
:109C8000BAD1059802F0AAFA284607B0F0BD3946C5
:109C90002046009602F0F4FE0546E9E72DE9F04380
:109CA0008BB006AC84E80300DDE91475002116468C
:109CB0009846169B8DF823108B4208BF4FF4006323
:109CC00094E8030018BF4FF4806309AA0096FFF7D9
:109CD00075FD044668B12F6027B13A4621211398DB
:109CE000FFF7D4F8099802F079FA20460BB0BDE8E6
:109CF000F083DDF824903046B9F800100DF123020E
:109D0000FFF7F8FE04460028E5D19DF82300B8428D
:109D100002D96FF08904DEE7139CD9E90912029495
:109D2000129C0390019433464846CDF80080049578
:109D300002F058FE04460028CDD128682FB1139BAD
:109D40003A1A21211844FFF7A1F8099802F046FABF
:109D50000446CAE730B54568044683B0002D00F0DC
:109D6000A28090F809C005F0FE40B0F1106F9E4649
:109D70000CF0040320D03BBB28464C4B20F0FF00E6
:109D8000984240F08D8040F20223994243D040F245
:109D9000032399425BD040F20113994217D06FF030
:109DA0008605204602F0F2FE4FF43C712046FFF794
:109DB00021FB284603B030BD25F01F6020F4702041
:109DC00040F00060002BD8D06FF08805E9E7237AD7
:109DD000D806F9D443F01003B5F1082F237247D009
:109DE000334B25F0FF00984249D11388B3F5885FC3
:109DF00004D0B3F5905F01D0002BD0D1069D7346FF
:109E00000095204602F0AAFE0546002DD1D06368D9
:109E1000002BC9D0C5E7237A13F0180FD4D143F033
:109E20000803237262B141F2062013888342E5D011
:109E300041F201008342E1D0002BB0D1002ADDD1F4
:109E400072462046069B02F07DFE0546DDE71CF0CB
:109E5000020FB9D1637A43F002036372002AEFD094
:109E600041F2010013888342E8D0002BE6D096E748
:109E7000138823F0FF03B3F5105F90D1BEE7002AEB
:109E8000DED01388B3F5905FD8D0002BD6D0B3F5D1
:109E9000105F84D1B5F1082F81D1002AAED1CFE770
:109EA0006FF085057DE76FF088057DE7000100080C
:109EB00000070008F8B5C368044693420E461546ED
:109EC00008D302F059FEE36807465B1BE36080B9E4
:109ED0003846F8BD02F05AFE00236FF08E07E360AB
:109EE000002EF5D02A4621213046FEF7CFFF384616
:109EF000F8BD63683BB94FF43C712046FFF77AFA2E
:109F0000002EEFD1E4E7204602F040FEF3E700BF69
:109F10002DE9F043002587B0DDF8389006460DF1B5
:109F2000080848460F4688E80C000595FFF7ECFB4B
:109F3000044600285BD13368002B43D1337D1A07D8
:109F400040D101464FF4A07206F11800FEF79EFFC3
:109F5000002FCDF8009018BF4FF4807398E80300ED
:109F600008BF4FF4007305AAFFF728FC0446002839
:109F700041D12B4A29F47E1090420599C9F3074438
:109F8000C9F3054345D1043B0C2B3CD8E3073AD435
:109F9000D1E909233046CDF8009087B302F0A4FC44
:109FA0000446059824BB0388338102F017F9044660
:109FB000337D1C4A67F3041372603375204607B083
:109FC000BDE8F083002002F009F96FF088043368DF
:109FD000002BF3D0304602F0FDFC4FF4AC720021B0
:109FE0003046FEF753FF204607B0BDE8F083284611
:109FF00002F0F4F8EBE7059802F0F0F8E7E702F07A
:10A000008DFC0446CDE7084602F0E8F86FF08604C0
:10A01000DDE7084602F0E2F86FF08504D7E700BFFD
:10A02000000140050001500591426DD0F0B521F4CA
:10A030008753A94D23F01F03AB42864621F0FF064C
:10A0400031D0A64B9E4261D021F4FF7323F001036F
:10A05000B3F1062F71D0A24886427AD0A14883423C
:10A0600077D0A148834274D001F0FE43B3F1A06FD2
:10A0700040F0D08002F0FE43B3F1A06F42D181EAFC
:10A08000020333F47E133DD10F04C1F30543C2F341
:10A09000054402F4004000F13D8118B1A3422CBFF9
:10A0A00008460020F0BDCCB22046002CFAD022F0A9
:10A0B000FF0C9C4555D08D4B9C4533D0874DAC450E
:10A0C00036D08B4B02EA0300B0F1062F00F0E3809C
:10A0D000834B9C4500F0178103F57453984240D0A0
:10A0E000A3F5844398423CD0AA42BDD17B4881EA83
:10A0F0000003FF2B40F2E48001F0FE43B3F1A06FB8
:10A1000040F088800020F0BD08467047CCB2204661
:10A110001CBBB142C6D122F0FF0CAC45C2D0734B80
:10A120009C45CBD1D3B2FBB96C4B9A429CD1DDE7B5
:10A13000D3B2CBB9624597D1D8E7CCB22046002C38
:10A1400000F0DC8022F0FF0CAC45B4D1D3B25BB997
:10A15000D8E7CCB22046002CA4D022F0FF0CAC45AE
:10A16000A9D112F0FF009DD081EA0203FF2B3FF638
:10A170007BAF5A4821F4FF7323F00103834210D0D0
:10A180005A4886420DD0584D21F47F7020F00300CC
:10A19000A84206D05248864203D000F5745083424C
:10A1A00006D12CB1534B44F000749C4200F0B080B7
:10A1B000494B9C4525D04D4B9C4522D0A3F5885357
:10A1C0009C451ED022F4FF7323F00103B3F1062F48
:10A1D0000BD04348844514D000F57450834204D01A
:10A1E000A0F5844083427FF43FAF12F0FF003FF4BC
:10A1F00059AF404B40F0007098427FF435AF0846AD
:10A20000F0BD12F0FF00F4D101F0FE43B3F1A06FF6
:10A210003FF448AFB3F1407F7FF474AF02F0FE43E8
:10A22000B3F1407F7FF46EAF81EA020030F47E101C
:10A230007FF468AF304B0B40B3F1607F00F0838058
:10A24000B3F1707F7FF42EAF0EF4E043B3F5005FFF
:10A250007FF428AF1EF4E06FCEF302243FF422AF68
:10A2600011F47C1F40F085800123A34012F47C147C
:10A2700000F08280C2F30544A3421D4638BF254644
:10A280000E0402F4004051D5002840F0A080A34203
:10A2900098BF1046F0BD12F0FF007FF465AFB2F139
:10A2A000062F7FF4FFAE81F00627FF2F3FF6FAAEB0
:10A2B0000B40AB427FF464AF002C7FF473AF7AE7BE
:10A2C00021F4FF7323F0010383427FF459AF002C84
:10A2D0007FF468AF6FE700BF0003000600020006CE
:10A2E00000090006004600060004000600130006F0
:10A2F00000FEFFFFFF0000020000C07FB1F1062F4B
:10A300003FF409AFCEE6D3B2002B7FF42DAFEBE6DE
:10A310001046F0BD0028BAD0A34238BF234621F42E
:10A320007E1040EA034040F40040F0BD00287FF476
:10A33000B5AEA3427FF4B6AE1B0403F47C1321F444
:10A340007E101843F0BDBEF5885F7FF4ABAE11F40C
:10A350007C130ED1274CC8B240F00070A0423FD011
:10A3600000F17E400438112880D8234B53F8203068
:10A370007CE7C1F3054379E720481040B0F1607FE6
:10A3800012D0B0F1707F01D01D4679E70EF4E040A5
:10A39000B0F5005FF8D10124CEF302208440A3423F
:10A3A0001D4638BF25466BE7124DD0B240F0007015
:10A3B000A84217D000F17E4004381128E4D8104C90
:10A3C00054F820409C42254638BF1D4658E72B04D0
:10A3D00021F47E1103F47C130B4343F40040F0BDE1
:10A3E000102343E7102B1D464FF0100438BF1025F3
:10A3F00046E700BF03000002D82401000000C07F30
:10A40000D824010041F2062398420DD9B0F5105F1F
:10A4100014D121F04003802B21D0B1F5807F0CBFF7
:10A4200000206FF086007047B0F5905F09D241F2CE
:10A43000010398420CD0B0F5885F09D06FF0850019
:10A4400070476923A0F5905080B2C340DB07F5D573
:10A4500011F0070F0CBF00206FF08600704700203E
:10A46000704700BF70B5456A4DB9044601200E46DD
:10A47000FEF79EFF606228B12846A66270BD6FF0AD
:10A480008A0070BD6FF08C0070BD00BFF8B5466AE1
:10A490007EB904460F46012011461546FEF788FF97
:10A4A000606248B139462A46A562FEF7B3FC3046E1
:10A4B000F8BD6FF08A00F8BD6FF08C00F8BD00BFEA
:10A4C000B0F800C0002A3ED010B514460CF4E042AB
:10A4D000B2F5805F12D0B2F5005F20D10498E2009F
:10A4E0000260BCF5105F1AD122F04000802822D013
:10A4F000B2F5807F1FD06FF0860010BD0498E20097
:10A50000026041F206208445EBD8BCF5905F09D289
:10A5100041F2010294450ED0BCF5885F0BD06FF07C
:10A52000850010BD6922ACF5905C1FFA8CFC22FA04
:10A530000CF2D207F3D522461846FEF76BFC039BBC
:10A5400000201C6010BD6FF08500704710B50446F8
:10A55000406A10B1A16AFEF759FF0020C4E9090062
:10A5600010BD00BF38B50446406A10B1A16AFEF7BD
:10A570004DFF0022237FC4E90922012B0FD0023BAB
:10A58000012B13D8236A012B0CBF15466FF09605DB
:10A590002C2200212046FEF779FC284638BD236A8C
:10A5A000002B0CBF00256FF09605F1E76FF09605C4
:10A5B000EEE700BF30B585B06B46044683E8030084
:10A5C00010B9204605B030BD03AA93E8030001F09E
:10A5D00005FD04460028F4D10398037F022B35D1F2
:10A5E000032302790377FF2A1AD0436903F140431A
:10A5F0004AB1184DA3F58053AB4214D802F0F4FAD7
:10A600000446039804E0134AA3F580539342F5D916
:10A6100001F0CEFD002818BF0446204605B030BD2D
:10A620006FF08404F4E7143003C801F085FE04469B
:10A630000398436903F14043A3F58053AB42E7D845
:10A6400002F0D2FA002CDCD10446DAE76FF096046F
:10A65000DEE700BFFFDFFF3F30B587B06D4685E81E
:10A6600003001046144601F0CFFB95E8030004AB4D
:10A6700003AA83E8030001F0B1FC60B9039DA4467E
:10A680002C460FCCACE80F0094E807008CE80700DC
:10A69000284601F0A3FD07B030BD00BF70B5049E91
:10A6A000B2420DD814461D461846FEF7B3FB0021F2
:10A6B000321B2819FEF7EAFB059B00201C6070BDC9
:10A6C0006FF0890070BD00BF70B588B00DF1080C47
:10A6D0008CE803000C9E93B39CE803001C46002307
:10A6E0000DF1180E1546336005AA8EE8030001F03F
:10A6F00075FC014670B90598038803F4E043B3F58F
:10A70000804F0AD08368DB0707D4059101F066FD0E
:10A710006FF08401084608B070BDD0E909122B46DD
:10A72000CDE9004601F0FEFF0446059801F056FD14
:10A73000002C14BF21460146084608B070BD6FF0DA
:10A740008901E7E7B0F800C070B51D460CF4E0439E
:10A75000B3F5804F049E23D144F2010314462CF438
:10A7600040529A420DD00CF44F4CBCF5824F08D0A9
:10A77000BCF5844F05D0BCF5884F02D0BCF58E4F98
:10A780000ED1B4420FD822462846FEF743FB0021E3
:10A79000321B2819FEF77AFB059B00201C6070BD58
:10A7A0006FF0850070BD6FF0890070BD70B588B026
:10A7B0000DF1080C8CE803000C9E3BB39CE80300F1
:10A7C0001C46002315460DF1180E05AA33608EE8CD
:10A7D000030001F003FC38B9059803885B0405D435
:10A7E00001F0FCFC6FF0860008B070BDD0E90912E2
:10A7F0002B46CDE9004601F0ABFF0446059801F079
:10A80000EDFC002C18BF204608B070BD6FF0890029
:10A81000EAE700BF2DE9F043002489B0B0F80090CA
:10A82000CDE90444C3E900440792002A00F0938074
:10A83000B2F1005F154680F0C2801F4629F0FF0389
:10A84000B3F5E24F0646884665D0B3F5824F62D035
:10A85000304605AA04A9FFF76BF8044600284ED13C
:10A86000DDF81090D9F82800C0B973681B0A40F0D1
:10A870008F80D9F82430079C002B40F09D80214622
:10A880000120FEF795FDC9F82400002800F09D8006
:10A89000C9F82840DDF81090D9F82800B9F802402E
:10A8A000D9F82430009009F12800019006A8029000
:10A8B0002A4641463046069401F01CFF0446F0B992
:10A8C000DDF81090069BB9F80220002A6CD1A9F897
:10A8D00002304FF6F87293426BD833881BB1B9F847
:10A8E00000209A4262D173881BB1B9F802209A42C3
:10A8F0005CD139464846FEF7F1FF044638B1DDF831
:10A900001090B9F1000F02D04846FFF72BFE204609
:10A9100009B0BDE8F08348467188F268FFF770F827
:10A9200004460028F3D12AB321B309F44F43B3F509
:10A93000824F1FD15FFA89F9B9F1220F07D00DD8E4
:10A94000B9F1120F16D140F2092399423AD00731DA
:10A95000B5EBD10F0ED26FF08604D8E7A9F1270925
:10A960005FFA89F9B9F11B0F04D8194B23FA09F3DF
:10A97000DB07ECD4002208F1FF33581913F8011F4C
:10A98000984242EA0102F9D1002A7FF461AFE2E77E
:10A990002A464146304607AB01F07AFE04460028BD
:10A9A000ADD1DDF8109064E79A4292D06FF0860442
:10A9B000AAE76FF08504A7E76FF08A04A4E76FF0B9
:10A9C0008504A4E7402DD5D8C5E76FF08C0496E741
:10A9D0000102000C2DE9F047964600241D4692B076
:10A9E0000DF108080DF12C0C88E803001646BEE8AE
:10A9F0000F00ACE80F009EE8070009AF8CE80700E5
:10AA000098E80300C5E9004405AACDE90544CDE96D
:10AA1000074487E8030001F0E1FA044658B9059FAE
:10AA2000D7F8088018F0020F12D13846059401F0CB
:10AA3000D5FB6FF08404069E002E70D03046FFF7E1
:10AA400091FD059801F0CAFB204612B0BDE8F087E1
:10AA500033881BB13A889A4240F0878073887A889D
:10AA600013B1934240F08180B7F800A0D7F80C9062
:10AA70000E9EADF82E2031464A465046ADF82CA029
:10AA8000FFF7D2FA04463A690F9F50463946FFF75E
:10AA9000CBFA1CB916B1B9F1000F66D110B90FB1DC
:10AAA000002A62D10D9B0F9003EA080307AA0BA8A6
:10AAB00006A90E940D93FEF73BFF04460028BAD179
:10AAC000DDE90526536871681B0AB3EB112F2DD100
:10AAD0000C9B1B0A2DD00BA808A901F0DFFD044632
:10AAE0000028A8D1069E089F736A002B40D13946E2
:10AAF0000120FEF75DFC706200283CD0DDE9051402
:10AB0000B76204F12806636AD1E909120196A46AC2
:10AB10000BA8009401F042FE0446C8B18BE70598EB
:10AB200001F05CFB204612B0BDE8F0876FF08504B1
:10AB300084E7736AD2E90974D3B921460120FEF78C
:10AB400037FC7062B8B139462246B462FEF762F94A
:10AB500029460698FEF7C2FE044600287FF46BAF34
:10AB6000059801F03BFB04466EE76FF0860462E750
:10AB70006FF08A0462E76FF08C045CE703680BB93E
:10AB80001846704710B5044601F04EFE00232360BE
:10AB900010BD00BF38B50D4601680446B1B905F0D7
:10ABA000FE43B3F1007F03D06FF08605284638BD21
:10ABB000E0220830FEF76AF92946204601F000FE3F
:10ABC00005460028F2D0236813B9EFE76FF0880537
:10ABD000204601F029FE00232846236038BD00BF2F
:10ABE00038B505689DB112B90025284638BD044620
:10ABF00001F004FE05460028F6D02368002BF4D0AF
:10AC0000204601F011FE00232846236038BD6FF076
:10AC10008805284638BD00BF70B500261E6005684F
:10AC20005DB1044601F0F4FD236805461BB12046E2
:10AC300001F0FAFD2660284670BD6FF08805FAE73E
:10AC40002DE9F041002703688AB005460197002BE3
:10AC500039D001AB8846164602A9202201F0D8FD62
:10AC60002B68044693B9BCB9019BB34224D1324648
:10AC7000404602A903F070F80446E8B9202102A872
:10AC8000FEF7B8FB20460AB0BDE8F081284601F087
:10AC9000CBFD2F60002CE7D0202102A8FEF7AAFBF5
:10ACA0002B68002BEED0284601F0BEFD0023204685
:10ACB0002B600AB0BDE8F081202102A8FEF79AFBC4
:10ACC0006FF09404ECE7202102A8FEF793FB6FF0ED
:10ACD0008804E5E730B40025039C00F0FE4CBCF18D
:10ACE000007F256002D130BC01F05CBD6FF08600B2
:10ACF00030BC704730B500F0FE44B4F1007F8DB039
:10AD00001ED11D462023009303AB019304AB01F039
:10AD100049FD044628B9039A109B9A4208D06FF067
:10AD20009404202104A8FEF765FB20460DB030BD39
:10AD3000284604A903F010F804460028EFD1F0E7F4
:10AD40006FF08604F1E700BF036870B5D3B10E68F9
:10AD50000C46BEB90546E022314604F10800FEF774
:10AD600095F82846214601F03DFD054608B92846DC
:10AD700070BD2368002BFAD0204601F055FD28460F
:10AD8000266070BD6FF08805F1E700BF03680BB95E
:10AD90001846704710B5044601F0B8FE0022A3889B
:10ADA000226023F4FF7323F00103A38010BD00BFD2
:10ADB00010B5012484B00DF1080C8CE806009CE865
:10ADC00006000094FEF70CFF04B010BD10B500247F
:10ADD00084B00DF1080C8CE806009CE80600009495
:10ADE000FEF7FEFE04B010BD38B50568C5B112B956
:10ADF0000025284638BD044601F068FE05460028B7
:10AE0000F6D02368002BF4D0204601F07FFE00220C
:10AE1000A388226023F4FF7323F00103A380E8E7F3
:10AE20006FF08805E5E700BF2DE9F041154602689F
:10AE300004460E461F468AB14279D2070ED50279E2
:10AE400062B1AA4238D900233D606FF089082371AE
:10AE50005EB9236893B94046BDE8F08100233D60A8
:10AE60006FF088082371002EF3D0ADB12A4621215E
:10AE70003046FEF70BF82368002BECD0204601F09B
:10AE800045FE0022A388404623F4FF7323F001030C
:10AE9000A3802260BDE8F0812368002BDBD0204630
:10AEA00001F034FEA388404623F4FF7323F001032E
:10AEB000A3802560BDE8F08101F012FE8046B0B9A4
:10AEC000DEB1386821212A1A3044FDF7DFFF2368FC
:10AED000002BC0D0204601F019FE0022A388804636
:10AEE00023F4FF7323F00103A3802260B3E7002360
:10AEF0003D602371002EB9D1ABE72368002BAAD0A7
:10AF0000204601F003FEA388804623F4FF7323F05C
:10AF100001032660A3809EE770B5056815B390F81D
:10AF200005C004461CF001050FD190F804C09445FB
:10AF30001BD001F0EBFDA3886FF0940023F4FF73A6
:10AF400023F00103A380256070BD01F0DFFD002226
:10AF5000A3886FF0880023F4FF7323F00103A3801C
:10AF6000226070BD6FF0880070BD01F0C5FD2368E0
:10AF700006466BB1204601F0C9FDA388256023F485
:10AF8000FF7323F00103A380002E18BF304670BD6D
:10AF90001846F9E710B5012488B00DF1180C8CE8BB
:10AFA00003000A9900910B9901910C9902910D9956
:10AFB00003919CE803000494FEF770FE08B010BDF6
:10AFC00030B593B006AC84E8030020210020169D24
:10AFD000049000950AADCDE9015109A8039094E8C9
:10AFE0000300FEF75BFE044648B9099A189B9A4293
:10AFF0000CD12946179802F0AFFE044630B9284616
:10B000002021FEF7F7F9204613B030BD6FF094040D
:10B01000F5E700BF2DE9F04300278FB0DDF874801D
:10B020000AAE86E80300C8F8007010461546994637
:10B03000FEF76AFB044618B120460FB0BDE8F08366
:10B0400000954FF4807396E803000DAAFEF7B6FB57
:10B0500004460028F0D11C4B25F47E129A420D982C
:10B0600007D06FF0850401F0B9F820460FB0BDE8B5
:10B07000F083169B073B062B22D8D0E909121C9CB3
:10B080002B4607941B9CCDF8208006941A9CCDF883
:10B0900000900594199C0494189C0394179C0294A6
:10B0A000169C019401F0C8FB044608B11C9B0BB927
:10B0B0000D98D8E739461C9A1B98FDF7E7FEF7E78D
:10B0C0006FF08604CFE700BF000140052DE9F04393
:10B0D00000278FB0DDF874800AAE86E80300C8F858
:10B0E0000070104615469946FEF70EFB044618B14F
:10B0F00020460FB0BDE8F08300954FF4007396E84A
:10B1000003000DAAFEF75AFB04460028F0D11C4BA1
:10B1100025F47E129A420D9807D06FF0850401F055
:10B120005DF820460FB0BDE8F083169B073B062B69
:10B1300022D8D0E909121C9C2B4607941B9CCDF801
:10B14000208006941A9CCDF800900594199C0494D4
:10B15000189C0394179C0294169C019401F098FB90
:10B16000044608B11C9B0BB90D98D8E739461C9AC8
:10B170001B98FDF78BFEF7E76FF08604CFE700BF63
:10B180000001400510B51C4684B002AB83E8060000
:10B1900001210CCB0094FEF7BBFE04B010BD00BF34
:10B1A00010B51C4684B002AB83E8060000210CCB2E
:10B1B0000094FEF7ADFE04B010BD00BF70B5056889
:10B1C00035B3057D0446EB0712D44568154E25F4CA
:10B1D0007E15B5420FD06FF08605204601F0FAFBD0
:10B1E0004FF4AC7200212046FDF750FE284670BD9A
:10B1F0006FF08805F1E7D31F062BECD801F0A8FB10
:10B20000054648B9237D284643F00103237570BDE8
:10B210006FF08805284670BD2368002BDDD12846D5
:10B2200070BD00BF000140052DE9F04100271F60FF
:10B230001D46036884B0002B42D0037D044603F012
:10B240001103102B0ED06FF08807204601F0C2FBCF
:10B250004FF4AC7200212046FDF718FE384604B0CA
:10B26000BDE8F08103890E4603F4E041B1F5005FCB
:10B270003BD042F204018B4228D042F207018B42BC
:10B2800047D04FF000082E484378022BDBD10378DB
:10B29000072BD8D142466946043001F091FC07469D
:10B2A00038B9424669462046FFF788FF074600281E
:10B2B0003AD02368002BC8D1384604B0BDE8F081ED
:10B2C0006FF08807384604B0BDE8F081636883F00A
:10B2D000052383F4801333F47E13D2D14FF00C088E
:10B2E0009045D0D96FF08907AFE7C3F30221042955
:10B2F000BFD1436883F0AA6181F4807131F47E117B
:10B300001AD083F0AA6383F4007333F47E13E5D07C
:10B31000B7E7636883F0A26383F4C06333F47E13FA
:10B32000AFD14FF01808DBE7694630464246FDF7DB
:10B3300071FDC5F8008091E74FF00D08D0E700BF20
:10B34000ACBB0020F8B503684BB3037D044613F093
:10B350000E0F17D11646174B42680F469A4202D17C
:10B36000B1F57F4F23D832463946204601F0FAFA2C
:10B370000546C0B9237D284643F00203E7602661F5
:10B380002375F8BD6FF08805204601F023FB4FF4CC
:10B39000AC7200212046FDF779FD2846F8BD6FF01C
:10B3A00088052846F8BD2368002BEDD1F5E76FF03E
:10B3B0008605E9E70001500538B5036813B3037D3E
:10B3C000044603F0090001280CD06FF088052046E0
:10B3D00001F000FB4FF4AC7200212046FDF756FD52
:10B3E000284638BDC2B19B0710D4104B6068984204
:10B3F000EBD0204601F0C0FA054668B12368002B67
:10B40000EED0E4E76FF08805284638BDE368934244
:10B4100009D39B1AE360ECE70025237D284643F01F
:10B420000403237538BD6FF08605D0E70001500591
:10B4300030B5002483B0079D2C600446006870B3CB
:10B44000207D10F0010F1CD0800715D5E06888BB67
:10B45000206990422ED3801A20610195069D2046D6
:10B46000009501F093FA0546F0B92846237D43F094
:10B470000803237503B030BD1048D4F804C08445D8
:10B48000EBD16FF08805204601F0A4FA4FF4AC72BE
:10B4900000212046FDF7FAFC284603B030BD6FF0CE
:10B4A0008805284603B030BD2368002BEBD1284621
:10B4B00003B030BD6FF08605E5E700BF0001500521
:10B4C0004FF0000C2DE9F04184B0C3F800C0DDE975
:10B4D0000B563560044600680A9F00283BD094F85C
:10B4E00014C01CF0010F20D01CF0020F03D0E06844
:10B4F00060BB206950BB1CF0100F16D02046CDE970
:10B500000156009701F04EFA804645B1336808B9FC
:10B510001F44ED1A2A4621213846FDF7B7FC23685F
:10B520003BB9404604B0BDE8F0816FF08808002DBB
:10B53000F0D1204601F04EFA4FF4AC7200212046C3
:10B54000FDF7A4FC404604B0BDE8F0816FF086082A
:10B55000002DDFD1EDE76FF08808002DDAD1E0E7AC
:10B5600030B500251D600446006883B048B3207DD7
:10B57000C50723D585070ED4C0061FD4079D2046D6
:10B580000195069D009501F019FA236805464BB90F
:10B59000284603B030BDE56815B92569002DEBD00C
:10B5A0006FF08605204601F015FA4FF4AC720021C9
:10B5B0002046FDF76BFC284603B030BD6FF08805D0
:10B5C000F0E76FF08805E3E7036810B513B91C4690
:10B5D000204610BD044601F0FDF9034620461C46F6
:10B5E0004FF4AC720021FDF751FC204610BD00BFA6
:10B5F00038B54468054634B928464FF43C71FDF728
:10B60000F9FE204638BD01F0C1FA04464FF43C7102
:10B610002846FDF7EFFE204638BD00BF43681BB14A
:10B62000C36800200B6070476FF08800704700BF50
:10B6300010B4446854B1C4688C4203D310BCC160D8
:10B6400001F076BA6FF0860010BC70476FF088008A
:10B65000FAE700BF436853B310B403F0FE44B4F1FB
:10B66000106F05D123F01F6323F4702343F00063B0
:10B67000104C23F0FF03A34213D1038903F4047396
:10B68000B3F5047F10D1437A047A43F00403437284
:10B69000A30702D410BCFEF70DBC6FF0840010BCF1
:10B6A00070476FF08500FAE76FF08800F7E76FF0FA
:10B6B00088007047000100082DE9F04F002316466E
:10B6C000428889B0CDE90433C6E90033002A00F08E
:10B6D000B3804B680D46002B00F0AB8003F0FE42B8
:10B6E000B2F1106F074605D123F01F6323F47023D6
:10B6F00043F00063584A23F0FF03934240F09F80D9
:10B700002B8903F40473B3F5047F40F092802B7A05
:10B710006A7A03F0030342F00402012B6A7240F0DC
:10B720008580384605AA04A9FEF702F9044658B1F7
:10B73000DDF81080B8F1000F02D04046FEF712FF8E
:10B74000204609B0BDE8F08FDDF810807A88B8F89F
:10B750000030D71D03F4E043FF08B3F5804FCDE977
:10B76000062772D0B3F5805F05D0B3F5005F02D035
:10B770006FF08504E1E7530767D139460120FDF7F3
:10B7800017FE6FF08C0481460028D1D0069BA8F8E4
:10B790000230D8F804301B0A05D0404607A900F053
:10B7A0007DFF044660BBD8F82430079C002B49D1AC
:10B7B00021460120FDF7FCFDC8F82400002847D0F1
:10B7C000C2460DF1180B4AF8284F3A46494628461A
:10B7D000FEF770FB044698B9D8F82430CDE901ABE8
:10B7E000D8F828204946009240463A4600F082FFA9
:10B7F000B8F80220069B04469A4206D06FF08604F1
:10B8000039464846FDF702FE92E710F18F0FDCD073
:10B8100039464846FDF7FAFD002C89D13146049897
:10B82000FEF75CF8044600288AD081E76FF08404B4
:10B8300086E76FF0880483E76FF0860480E76FF097
:10B8400085047DE76FF08A04DAE76FF0860474E719
:10B850006FF08C04D4E700BF00010008F8B547681A
:10B86000002F45D121F0004323F47F03B3F1106F83
:10B870000E463AD001F0FE43B3F1106F05462AD0D0
:10B88000B3F1006F31D10C4600214FF4387205F14D
:10B890001000FDF7FBFA2146284601F03FF950B9A8
:10B8A000154A24F49F6323F0070393426E6003D08C
:10B8B0004FF0FF37EF60F8BD104BE4B244F0007476
:10B8C0009C420FD004F17E44043C112CF2D80C4B66
:10B8D00053F82470EEE721F01F6424F4702444F040
:10B8E0000064D1E74FF47F67E4E76FF08600F8BDAE
:10B8F0006FF08800F8BD00BF0001000803000002DF
:10B900007C24010010B594461C4682B00022634698
:10B910000094FEF71FFA02B010BD00BF40F20522EE
:10B92000914238B50446436809D06FF08605F3B9F3
:10B9300020464FF43C71FDF75DFD284638BD03B34A
:10B9400003F0FE42B2F1106F05D123F01F6323F420
:10B95000702343F00063627A520715D40C4A23F037
:10B96000FF0393420CBF6FF086056FF085052046FC
:10B9700001F00CF920464FF43C71FDF73BFD2846E1
:10B9800038BD6FF08805D3E76FF08805EFE700BF9B
:10B990000001000870B5054686B002A880E80C00DA
:10B9A00000236C680E4603C805AA00940593FDF7B2
:10B9B00005FF18BB059A9368580405D4297A41F00D
:10B9C00002012972190427D56FF48073F318012B33
:10B9D0000FD9D2E90930314600902846FEF7BAF96E
:10B9E0000646059800F0FAFB04460EBB204606B05A
:10B9F00070BD2B7A43F001032B72EAE704460598E9
:10BA000000F0ECFB6B687BB928464FF43C71FDF706
:10BA1000F1FC204606B070BD104600F0DFFB6B68FD
:10BA20006FF08404002BEFD0284601F0AFF8EBE76D
:10BA30003446E7E7F0B58DB006AC84E80C00426808
:10BA400002F0FE43B3F1106F5BD1009205460E4643
:10BA500094E803004FF480430AAAFDF7AFFE0446C2
:10BA600010B120460DB0F0BD8DF824400B94012498
:10BA70006A68139F0A98244B1340D0E90912019772
:10BA8000129F039400970BAC09AF049443F010632A
:10BA9000029701F083F8044680B138460B99FDF710
:10BAA000A9FC6B684BBB28464FF43C71FDF7A2FC28
:10BAB0000A9800F093FB20460DB0F0BD0B9B0246A8
:10BAC0003146009328463B46FEF744F904460B995D
:10BAD0003846FDF78FFC002CE3D140F201139E4263
:10BAE00008BF2B7A0A9804BF43F001032B7200F0C1
:10BAF00075FB044620460DB0F0BD284601F046F81F
:10BB0000D1E76FF08604ACE70000FFF62DE9F041C5
:10BB10008AB006AF87E80600DDE9125600220992D6
:10BB200020F0004222F47F02B2F1106F0DD06FF0CE
:10BB300086071C484378022B2AD00998356000F00C
:10BB40004DFB38460AB0BDE8F0810090044697E806
:10BB50000300984609AA4FF48043FDF72FFE0746DD
:10BB60000028E6D123460998119CD0E909120294D5
:10BB7000109CCDE90356CDF80080019401F00EF839
:10BB800007460028D5D1099800F028FB0746D8E7DA
:10BB90000378072BD1D12A461199043001F010F80F
:10BBA000CBE700BFACBB0020074B5A78022A02D07B
:10BBB0006FF0880070471A78072AF9D10A460146C3
:10BBC000181D00F0FDBF00BFACBB0020038803F4CC
:10BBD000E043B3F5805F05D0B3F5005F02D06FF0AE
:10BBE0008500704706484378022B02D06FF088002A
:10BBF00070470378072BF9D1043000F0E1BF00BF94
:10BC0000ACBB0020F0B500230D46418885B0064648
:10BC1000CDE901330088C5E90033002979D000F46B
:10BC2000E043B3F5804F74D020F0FF03B3F5E24F4B
:10BC300023D0B3F5824F20D0304602AA01A9FDF7E8
:10BC400077FE019F0446002845D1BA6A002A30D108
:10BC500073681B0A50D13088718800F4E043B3F553
:10BC6000805F11D0B3F5005F0ED06FF085043846C9
:10BC7000FEF778FC204605B0F0BDF268FDF7C0FE87
:10BC800004460028D8D0F5E7FEF7BCFB04460028A0
:10BC9000EDD10731CC0803947B6A002B3CD12146BF
:10BCA0000120FDF785FB7862002838D0BC62019F37
:10BCB000BA6A3046796A07F1280300F009FD0446A4
:10BCC00078B1019D686A08B3A96AFDF79FFB00235C
:10BCD000C5E90933019F002FCCD03846FEF742FC5E
:10BCE000C8E729460198FDF7F9FD04460028C1D0B0
:10BCF000019F002FF1D1BDE7304603A900F0CEFC33
:10BD0000019F04460028E6D1039CC5E72F46A862A0
:10BD1000ADE76FF08604ADE76FF08A04A7E7019FF7
:10BD20006FF08C04002FD8D1A4E700BF10B5134CDE
:10BD30002378590744BF03F0FB0323709A0716D4F6
:10BD4000637883B9002304210D486370FDF752FB2B
:10BD50002378DB0700D410BD00F098FC237823F093
:10BD60000103237010BD064800F03CFFEAE700F035
:10BD7000BBF8237823F002032370E1E7ACBB00207B
:10BD8000B0BB002038B51E4C62782378022A1AD046
:10BD9000DD071CD5980725D562783AB15A075CBFF4
:10BDA00043F0040323700025284638BDD907F5D594
:10BDB000144800F003FF022305466370F0B1FFF75B
:10BDC000B5FF284638BD072BEDD0DD07E2D400F0E3
:10BDD0005BFC2378054643F0010323700028EED175
:10BDE0009807D9D400F078F82378054643F0020389
:10BDF00023700028D0D0FFF799FFE2E72378CDE742
:10BE0000ACBB0020B0BB00201C220021FDF73EB8D7
:10BE100070B483B002AB0E4603E9030000F1404169
:10BE20001F2905460ED82C201E4B00FB0133197F1D
:10BE3000022902D159698D422DD06FF08B0003B0D9
:10BE400070BC7047002804DC6FF0870003B070BC42
:10BE50007047144C0021234604E00131202903F1EE
:10BE60002C03EAD0187F0228F7D15869A842F4D1F0
:10BE70009869B042F1D12C2303FB0143197F0229B9
:10BE80000DD1196A481C0AD00020013119621360D3
:10BE900003B070BC70479969B142CED1EEE76FF044
:10BEA0009600CCE7B4BB00206FF0404C82B002ABF0
:10BEB00003E90300411E61450BD312B9104602B0DD
:10BEC000704700F1404363458CBF0020012002B061
:10BED0007047012002B070470122024B002083F816
:10BEE00080257047B4BB00202DE9F041DFF82480A5
:10BEF00001274446032608F5B065276226772046C9
:10BF00002C34FEF72FFBAC42F7D1002388F88035A4
:10BF1000BDE8F081B4BB00202DE9F0412D4D0E4667
:10BF200095F88035002B46D02A7F07462B4605F52D
:10BF3000B06C002A48D0A846022A19D02C33634599
:10BF40003FD01A7F9846002AF6D11C46237F002B4B
:10BF50003CD1012323773FB11F4A631B9B1002FB97
:10BF600003F303F180433B6000203460BDE8F081BF
:10BF7000D8F82020002AE1D198F80420002ADDD04A
:10BF80002C33634506D01A7F1C46002ADED02C33A2
:10BF90006345F8D198F81C30022B06D1D8F8203030
:10BFA0005A1C1CBF0133C8F820304046FEF7DAFAAD
:10BFB00018B94446CAE76FF0880000243460BDE831
:10BFC000F0816FF08C00F8E72C46BFE76FF0960029
:10BFD000F3E700BFB4BB0020A38B2EBAF0B5002658
:10BFE000714B166093B093F8803502AD85E803007D
:10BFF000002B00F0B08095E80300FFF709FF10F177
:10C000008C0F044602D0204613B0F0BD11463046D6
:10C010001746FFF781FF04460028F4D101233E684C
:10C02000CDE9060006F1140C059095E803008CE8B4
:10C030000300002000217360CDE90B44CDE90D44DD
:10C04000CDE90F447269594D02F14043A3F5805385
:10C05000AB42CDE9080111946FD89CE8030008AB0E
:10C0600005AAF5F731F80546B0B9059B7169B269C3
:10C070000C93DBB2002B08BF0021119210912346D4
:10C08000DDE90801CDE900440BAA00F077FB10F1CF
:10C090008A0F05460FD050B13E6815F18C0F30461F
:10C0A0004AD0FEF75FFA2C4600233B60ABE76FF007
:10C0B00096053868F5E706A90BA800F0EFFA0546E3
:10C0C0000028E9D130460699FEF7CCF9054600284C
:10C0D000E2D1DDE9080107AA736A0192B26A00920F
:10C0E0000BAA00F04BFB0546F8B9079B0BADB362FA
:10C0F0000FCD0FC695E8070086E807003B689A68F1
:10C10000D50444BF42F480629A60900444BF42F474
:10C1100000629A601A7F012A41D102221A771A6AB4
:10C12000511C3ED001321A626DE73046FEF70EFA1E
:10C1300015F18C0FBDD13E6872696FF0404100234C
:10C14000013A8A4208930B9308D33046FEF70AFA65
:10C150006FF08704A8E76FF0880454E730460BAA15
:10C1600008A900F03BFA054658B10B99089800F071
:10C1700033FA2C463868FEF7F5F914F18C0FE7D046
:10C1800092E7089930460B9AFEF780F905460B991D
:10C19000089800F021FA002DB0D02C46EAE7022AD8
:10C1A000BDD06FF096047FE7B4BB0020FFDFFF3FF8
:10C1B000034648B1017F8A1E012A0BD80329026A6F
:10C1C00004D03AB1013A1A6200207047012AF8D12E
:10C1D000FEF7C8B96FF09600704700BF034648B13C
:10C1E000017F8A1E012A0BD80329026A04D03AB1C2
:10C1F000013A1A6200207047012AF8D1FEF7B2B95D
:10C200006FF09600704700BF00207047C0B2FF2853
:10C210000CBF6FF086000020704700BF30B585B0BE
:10C220006C4684E80300154694E8030003AAFFF770
:10C23000D5FE034650B1002210F1880F08BF6FF001
:10C240008B03C5E90022184605B030BD039A94E877
:10C25000030085E80300002AF5D0107F811E012924
:10C2600010D80328116A05D061B11846013911624E
:10C2700005B030BD0129F7D1104605B0BDE830400A
:10C28000FEF770B96FF09603DDE700BF00B585B02B
:10C290006B4683E8030018B9002005B05DF804FB85
:10C2A00003AA93E80300FFF7B3FD58B90398036AA4
:10C2B000012B0FD0027F023A012A10D87BB1013B3B
:10C2C0000362E9E710F18C0F08BF6FF0870005B03B
:10C2D0005DF804FB05B05DF804EBFEF743B96FF0C1
:10C2E0009600DAE700B585B06B4683E8030003AA41
:10C2F00093E80300FFF78CFD78B9039B1A7912B11C
:10C300001A6A012A0ED0197F8A1E012A10D8032921
:10C310001A6A05D062B1013A1A6205B05DF804FBF1
:10C32000012AF7D1184605B05DF804EBFEF71AB9FB
:10C330006FF09600F1E700BF30B587B06B4683E839
:10C340000300009D019C2846214603AA01F06CFCD5
:10C350008C300BD02846214601F090FC48B9284685
:10C36000214603AA01F060FC8C3002D1002007B006
:10C3700030BD6FF09800FAE7F0B5154683B00E4671
:10C380000746082218462A491C46FCF743FD0422AA
:10C3900000230DEB020104F108000193FCF73AFDC4
:10C3A00004226B680DEB020104F10C000193FCF711
:10C3B00031FD2B8801A9022204F11000ADF80430F0
:10C3C000FCF728FD6B8801A9022204F11200ADF8E8
:10C3D0000430FCF71FFD0422AB680DEB020104F1F1
:10C3E00014000193FCF716FD0422EB680DEB02012B
:10C3F00004F118000193FCF70DFD04222B690DEBED
:10C40000020104F11C000193FCF704FD042204F175
:10C4100020000DEB02010196FCF7FCFC3246394688
:10C4200004F1240003B0BDE8F040FCF7F3BC00BF0A
:10C43000202501002DE9F043232983B00A9F61D90B
:10C440000D469046394908220446994601F060F9A4
:10C450000646002856D1042204F108010DEB020023
:10C46000FCF7D8FC019B002B4CD1042204F12001E5
:10C470000DEB0200FCF7CEFC0199243D8D42C9F87A
:10C4800000103FD3B1F5005F3CD200293DD1C8F880
:10C490000060042204F10C010DEB0200FCF7BAFC71
:10C4A000019B02227B6004F1100101A8FCF7B2FCA1
:10C4B000BDF8043002223B8004F1120101A8FCF710
:10C4C000A9FC0422BDF8043004F114017B800DEBBB
:10C4D0000200FCF79FFC0422019B04F11801BB60E1
:10C4E0000DEB0200FCF796FC019B0422FB6001A807
:10C4F00004F11C01FCF78EFC019B3B61304603B04C
:10C50000BDE8F0836FF09806F8E70120FCF750FFD4
:10C51000C8F8000030B1D9F8002004F12401FCF77C
:10C5200079FCB6E76FF08C06E8E700BF2025010034
:10C530002DE9F04186B0002948D01446002A45D0A4
:10C54000B2F5005F3FD202F1240806460F460120F3
:10C550004146FCF72DFF054600283AD038463246C2
:10C5600021462B46FFF708FF7769B6693846314602
:10C5700003AA01F059FB8C3009D06FF08A044146C0
:10C580002846FCF743FF204606B0BDE8F0810023B3
:10C590004246009338462B46314601F0FDFA0446E8
:10C5A0000028ECD13846314603AA01F03DFB044691
:10C5B00020B9049B9845E2D06FF098043846314684
:10C5C00001F05CFBDBE76FF08D04DCE76FF08604C5
:10C5D000D9E76FF08C04D6E7FCF718BF2DE9F04FD0
:10C5E000D0F81890D0F814A087B0904605460F46B2
:10C5F0005046494603AA01F017FB0446A0B9DDF8EE
:10C6000010B001205946FCF7D3FE0646002838D06A
:10C610005046494603AA029401F006FB044638B18D
:10C6200059463046FCF7F2FE204607B0BDE8F08FD1
:10C6300002AB0246019350465B464946009601F024
:10C64000CBFA029B04469B4518BF6FF09804E7D1D4
:10C65000002CE5D143463A46594630460095FFF74F
:10C66000E9FE04460028DBD13B683BB1D8F8003036
:10C67000002B14BF04466FF09104D1E76FF09104D2
:10C68000CEE76FF08C04CFE7F6F724BA704700BF0F
:10C6900000226FF086001A60704700BF10B40A468F
:10C6A00000244168094B83B0B3EB112F146008D10B
:10C6B0006B46143003C883E8030003B010BCF6F7E0
:10C6C00089BA6FF0860003B010BC7047010080008B
:10C6D00010B444685FEA142C02D0054CA44502D182
:10C6E00010BCFFF773BA6FF0860010BC704700BF34
:10C6F00001008000F0B44568069F5FEA152CDDE973
:10C70000044602D0064DAC4505D1CDE90567049439
:10C71000F0BCFDF7D5BE6FF08600F0BC704700BFDF
:10C720000100800070B44568DDE903465FEA152C1E
:10C7300002D0064DAC4504D1CDE9034670BCFDF7EF
:10C74000ADBF6FF0860070BC704700BF0100800075
:10C7500070B44568DDE903465FEA152C02D0064D4A
:10C76000AC4504D1CDE9034670BCFDF7EBBF6FF0DB
:10C77000860070BC704700BF01008000F0B4064C1A
:10C780005568B4EB152F02D1F0BCF6F755BA6FF02F
:10C790008B00F0BC704700BF010080006FF0860086
:10C7A000704700BF70B4054CA04202D070BC00F0CE
:10C7B00087BF6FF0850070BC704700BF05000002A6
:10C7C000074B994208D010B50446083000F026FF08
:10C7D00008B91C23236010BD6FF08500704700BFAF
:10C7E0000500000203681C2B04D1083041F8083B07
:10C7F00000F026BF6FF08800704700BF03681C2B55
:10C8000002D1083000F026BF6FF08800704700BFEB
:10C8100010B404681C2C03D110BC083000F02ABFEF
:10C820006FF0880010BC704703681C2B01D00020FB
:10C830007047083000F03CBF2DE9F04FD0F804A05D
:10C8400083B00C9C5FEA1A2A0194DDE90F67DDE9E9
:10C850000D45DDE911CEDDE9138903D0DFF82CB0F9
:10C86000DA450ED1CDE90D45019CCDE91389CDE91D
:10C8700011CECDE90F670C9403B0BDE8F04F00F086
:10C88000FDBA6FF0860003B0BDE8F08F01008000B4
:10C890002DE9F04FD0F804A083B00C9C5FEA1A2A6F
:10C8A0000194DDE90F67DDE90D45DDE911CEDDE934
:10C8B000138903D0DFF82CB0DA450ED1CDE90D4550
:10C8C000019CCDE91389CDE911CECDE90F670C9418
:10C8D00003B0BDE8F04F00F02BBB6FF0860003B053
:10C8E000BDE8F08F0100800010B50446486882B0B2
:10C8F0005FEA102C02D0084884450AD104980090C1
:10C9000004F1180000F074F908B91C23236002B088
:10C9100010BD6FF08600FAE70100800010B50446F4
:10C92000486882B05FEA102C02D0084884450AD1DA
:10C930000498009004F1180000F08CF908B91C2349
:10C94000236002B010BD6FF08600FAE7010080009E
:10C9500003681C2B02D1183000F0BAB96FF08600C2
:10C96000704700BF03681C2B02D1183000F0A6B935
:10C970006FF08600704700BF03681C2B02D118308F
:10C9800000F0CCB96FF08600704700BF70B4066845
:10C990001C2E03D170BC183000F0DAB96FF086009D
:10C9A00070BC7047F0B407681C2F03D1F0BC18307E
:10C9B00000F0FAB96FF08600F0BC704770B40668FA
:10C9C0001C2E03D170BC183000F01EBA6FF0860028
:10C9D00070BC704703681C2B01D0002070471830D2
:10C9E00000F044BA2DE9F0435FFA83FC0F4D4CF0A0
:10C9F000007CAC45079E4468DDE9087EDDE90A89D4
:10CA000011D0240A14B10A4DAC4208D1CDE90A89EB
:10CA1000CDE9087E0796BDE8F04300F0E1BD6FF078
:10CA20008600BDE8F0836FF08500FAE7050000029C
:10CA300001008000F0B583B0089E0F4F5FFA86FCBE
:10CA40004CF0007CBC454C6812D0240A054614B159
:10CA50000A48844209D1009605F1080000F034FD2F
:10CA600008B91C232B6003B0F0BD6FF08600FAE715
:10CA70006FF08500F7E700BF0500000201008000AD
:10CA8000F0B583B0089E0F4F5FFA86FC4CF0007C37
:10CA9000BC454C6812D0240A054614B10A488442A9
:10CAA00009D1009605F1080000F032FD08B91C23F9
:10CAB0002B6003B0F0BD6FF08600FAE76FF08500E1
:10CAC000F7E700BF050000020100800003681C2B8F
:10CAD00002D1083000F040BD6FF08600704700BF03
:10CAE00010B404681C2C03D110BC083000F03EBD0B
:10CAF0006FF0860010BC704703681C2B02D1083011
:10CB000000F03EBD6FF08600704700BF03681C2B2D
:10CB100001D000207047083000F050BD10B5044629
:10CB2000103000F091FA08B91C23236010BD00BF3B
:10CB300003681C2B02D1103000F0C8BA6FF08800D7
:10CB4000704700BF10B404681C2C03D110BC103017
:10CB500000F0BEBA6FF0880010BC704710B40468D3
:10CB60001A461C2C019B03D110BC103000F0B0BA47
:10CB70006FF0880010BC704703681C2B02D1103086
:10CB800000F006BB6FF08800704700BF03681C2BE5
:10CB900001D000207047103000F082BB43681B0AB0
:10CBA00007D0054A93420CBF6FF085006FF08600F6
:10CBB00070476FF0850070470100800000207047CB
:10CBC00010B582B0002001AB144601F041F930B934
:10CBD000019BA34218BF6FF0930002B010BD6FF02D
:10CBE0009200FAE7002070476FF08500704700BFA1
:10CBF000F0B50C8885B00A9FB4F5105F27F47E1657
:10CC0000C7F305471DD111461A4623F00803102B20
:10CC1000054601D0202A18D10D4B9E4211D1002487
:10CC200028462346CDE90244CDE9004403F0CCFF79
:10CC3000204685F83C41C5F8386185F83E7105B05D
:10CC4000F0BD6FF0850005B0F0BD6FF08600F6E72F
:10CC500000014005F0B50C8885B00A9EB4F5105F60
:10CC600026F47E17C6F305461ED111461A4623F058
:10CC70000803102B054601D0202A19D10E4B9F42E4
:10CC800012D1002428462346CDE90244CDE90044D0
:10CC900003F09AFF01232046C5F8387185F83E61FC
:10CCA00085F83C3105B0F0BD6FF0850005B0F0BDF2
:10CCB0006FF08600F6E700BF0001400503464FF025
:10CCC000010C0020C3E94C1283F83DC1704700BF3E
:10CCD00030B51446104DD0F8382185B0AA4214D191
:10CCE000E21F062A14D8D0F830210B460392D0F860
:10CCF000342190F83E1102920022CDE90041114604
:10CD000003F062FF002005B030BD6FF08500FAE748
:10CD10006FF08600F7E700BF0001400538B5D0F896
:10CD200038C10A4B9C450DD10446154603F068FFF7
:10CD300094F83D3123B1D4F830315B1BC4F8303165
:10CD4000002038BD6FF0850038BD00BF00014005F0
:10CD500038B515460A461946049BAB421ED3059BBF
:10CD6000D0F838C11D600F4B04469C4513D190F894
:10CD70003C3163B92B4603F047FF94F83D3123B1B2
:10CD8000D4F834315B1BC4F83431002038BD2B4655
:10CD900004F026F8F1E76FF0850038BD6FF08900E8
:10CDA00038BD00BF0001400538B5059990F83E2117
:10CDB0008A4224D890F83D11044629B1D0F83411A4
:10CDC000D1B9D0F83011B9B90025D4F838010D49DE
:10CDD0001D60069B88421A600BD12046049904F01E
:10CDE000EFF84FF4A07229462046FCF74FF828468A
:10CDF00038BD6FF0850038BD6FF0860038BD6FF02C
:10CE0000890038BD0001400538B5059990F83E21EC
:10CE10008A4225D190F83D110446A1B90025D4F8E5
:10CE2000380111491D60884217D12046049904F049
:10CE3000F9F80546A0B901464FF4A0722046FCF768
:10CE400025F8284638BDD0F8341119B9D0F830117A
:10CE50000029E3D06FF08605F3E76FF08505F0E772
:10CE60006FF09405EDE700BF0001400508B54FF4F1
:10CE7000A0720021FCF70AF8002008BD2DE9F0435C
:10CE8000D1B05D9DC3F3054414EB050CDDF864E1FE
:10CE90005B9E5E9F47D2DDF87C91CC4543D80088ED
:10CEA000DDF88091B0F5105FC9F800C035D122F0EF
:10CEB000080010284FEA134801D0202A30D11B481F
:10CEC00023F47E13834228D1231F0C2B28D818F07B
:10CED000010F25D1AEF10703062B21D8CDE902566B
:10CEE000589BCDF800E0019405A803F06DFE76B9DB
:10CEF0002B4639465C9A05A803F086FE05A8224613
:10CF0000791904F05DF8002051B0BDE8F083324695
:10CF10005A9905A803F074FEEAE76FF08500F3E77D
:10CF20006FF08600F0E76FF08900EDE70001400543
:10CF30002DE9F041D0B0C3F3054459AE96E8C040A6
:10CF40007445DDF85CC1AEEB040544D8DDF874E14E
:10CF5000754546D80088DDF878E1B0F5105FCEF869
:10CF600000503BD122F0080010284FEA134801D0AE
:10CF7000202A30D11C4823F47E1383422ED1231F54
:10CF80000C2B28D818F0010F25D1ACF10703062B84
:10CF900021D8CDE90256569BCDF800C0019405A8D2
:10CFA00003F012FE8EB92B463A465C9905A803F0B1
:10CFB00017FF224605A8791904F034F8002818BF95
:10CFC0006FF0940050B0BDE8F0813246589905A842
:10CFD00003F016FEE7E76FF08600F3E76FF08500D9
:10CFE000F0E76FF08900EDE7000140054FF6F873B8
:10CFF0004FF6FF7CF0B54FF48065B3EBC20F4FEAFC
:10D00000C20338BF63468BB000240595054616461B
:10D010000F46ADF80E30B0F8C43221464FF4B0726E
:10D02000ADF80C30CDE90644CDE908440494FBF793
:10D030002DFFD5F8C012334600913A46284603A981
:10D04000FFF7F8FC0BB0F0BD034610B4C8B21D4C9E
:10D0500040F00072A2420FD002F17E42043A112A3F
:10D060002CD8DFE802F029292B2B23212725232187
:10D070002B2B232127252B2510224FF4885483F8AE
:10D08000C722114A21F0FF0140F060709142C3F8BD
:10D09000C002A3F8C44211D10122002083F8D82293
:10D0A000C3F8D02210BC70472022E6E71C22E4E738
:10D0B0004022E2E73022E0E71422DEE76FF085004D
:10D0C000F0E700BF030000020001000800207047E5
:10D0D000F0B540F20226B142044617461D4683B021
:10D0E0000CD040F20323994229D040F20113994217
:10D0F0000ED06FF08606304603B0F0BD23B190F835
:10D10000D832013B012B33D90026304603B0F0BDA5
:10D11000B0F8C83233B990F8C7221C49FFF766FF50
:10D12000064630B92A4639462046FFF7CFFC064668
:10D1300090B12046FFF7EAFC304603B0F0BDB5F5EC
:10D14000807F1FD82A46394600F5C070FBF762FE83
:10D150000026A4F8CA52D8E7204694F8C72201ABAB
:10D1600004F52071FFF7BCFC06460028CCD0E0E7B0
:10D170002A463946FFF73AFF06460028D9D1A4F8D7
:10D18000C852C1E76FF08C06B5E700BF2825010043
:10D190002DE9F04F83B0002A73D090F8C6420546BF
:10D1A0008846174690F8C762002C50D105F5207AC2
:10D1B00005F5B07905F5C07B95F8D83203F0FD038D
:10D1C000012B05D06FF08804204603B0BDE8F08F36
:10D1D000324651462846FFF709FF0446002843D14E
:10D1E000D5F8D032012B06D9324649462846FFF7FA
:10D1F0006DFC0446C0BB59462846B5F8CA22FFF765
:10D2000065FC0DF10301044670BBD5F8D032012254
:10D2100028468DF80330FFF759FC01AB044618BBD4
:10D22000324649462846FFF75BFC0446E0B9D5F88C
:10D23000D032B74203F10103C5F8D03226D94046B7
:10D2400032464946FBF7E6FDB044BF1BB4E700F5A4
:10D25000B071331B944219440DD2171B404622462D
:10D26000A044FBF7D7FDA1E72846FFF74FFC204677
:10D2700003B0BDE8F08F4046E41BFBF7CBFD85F81B
:10D28000C6420024204603B0BDE8F08F4946404620
:10D290003A46F61BFBF7BEFD85F8C662F1E700BF14
:10D2A00090F8D832022B02D81BB9002070470B2B04
:10D2B000FBD1FFF72BBC00BF2DE9F0433A4FDDB2A5
:10D2C00045F00075BD4206468846144683B053D0EB
:10D2D00005F17E43043B112B18D8344A0F2B52F82A
:10D2E00023905ED8324A52F82370A74213D22946BF
:10D2F0003046FFF765FA30B9224641463046FFF71F
:10D300007DFA00283CD003B0BDE8F0834FF000095F
:10D310004F46A742EBD329463046FFF751FA002883
:10D32000F1D16CB1601E404408F1FF3106F20B12DE
:10D3300011F8013F83F03603884202F8013FF7D12C
:10D34000A7420AD9362104F20B1306F20B1233441A
:10D350003A4403F8011F9A42FBD13A46304606F59B
:10D360008671FFF74BFA0028CDD1C6F8E85086F851
:10D370004C7103B0BDE8F0834FF010094027B4E7CB
:10D3800006F586784A464146304601ABFFF740FA3B
:10D390000028B8D10146E82230464C46FBF776FD1E
:10D3A000B9E70027A1E700BF0300000288250100BC
:10D3B000482501002DE9F04300F1EC0883B0154643
:10D3C0001E4620220F4601AB41460446FFF720FAD5
:10D3D0008146C8B994F84C3153B104F20B1C634434
:10D3E0001CF801EF8EF06A0E9C458CF800E0F7D136
:10D3F000E82200212046FBF749FD2046D4F8E8103A
:10D40000FFF7DEF9814630B12046FFF70DFA4846B6
:10D4100003B0BDE8F083204694F84C2104F58671F2
:10D42000FFF7ECF981460028EED141462046019AEB
:10D43000FFF7E4F981460028E6D1019BAB420FD00B
:10D4400020224146204601ABFFF7E2F98146002841
:10D45000DAD1414638462A46FBF7DCFC3560D3E793
:10D4600033462A4639462046FFF7D2F98146CEE7B1
:10D47000F0B504460D461646D5B04FF4A87200210B
:10D4800068461F46FBF702FD33462A46214668469A
:10D49000FFF712FF30B104466846FFF7C5F9204692
:10D4A00055B0F0BD394668465A9AFFF7A7F90446C9
:10D4B0000028F1D1DDE95C2368465B99FFF77AFF2C
:10D4C0000446204655B0F0BD2DE9F041DDF8188046
:10D4D0000E4D08EA0505B5F1607F12D1044601251D
:10D4E0001F46164600214FF4A872FBF7CFFC84F8C4
:10D4F000505143463A4631462046BDE8F041FFF7D9
:10D50000DBBE6FF08500BDE8F08100BF0000C07F8A
:10D510002DE9F041DDF818800E4D08EA0505B5F15A
:10D52000607F12D1044601251F46164600214FF4A4
:10D53000A872FBF7ABFC84F8505143463A4631469B
:10D540002046BDE8F041FFF7B7BE6FF08500BDE8AB
:10D55000F08100BF0000C07F90F85031012B01D155
:10D56000FFF74CB96FF08800704700BF90F850C1CA
:10D57000BCF1010F01D1FFF71DBF6FF088007047AC
:10D5800090F85031012B15D130B58BB00C4601AB62
:10D5900002A91546FFF70EFF08B10BB030BD2A46B1
:10D5A000204602A900F0A4F8002818BF6FF09400EC
:10D5B0000BB030BD6FF08800704700BF90F850315D
:10D5C000012B01D00020704710B50446FFF72CF95D
:10D5D0004FF4AC7200212046FBF758FC002010BD30
:10D5E0009C46F0B50C4CDDF824E00CEA0404B4F1E0
:10D5F000607FDDE90535DDE907670AD10846CDE939
:10D60000077E1146069605956246BDE8F040FFF795
:10D610002FBF6FF08500F0BD0000C07F38B5074B0D
:10D62000994207D105460C4603F0CCFD0020C5F811
:10D63000D84038BD6FF0850038BD00BF090000023A
:10D6400008B50B46E02201461846FBF7E3FB002035
:10D6500008BD00BF10B5064BD0F8D8409C4203D19E
:10D6600003F0DAFD002010BD6FF0850010BD00BF93
:10D670000900000270B51D460C4ED0F8D830B342F8
:10D680000DD11F2A0ED9044603F09CFE2023E02270
:10D69000002120462B60FBF7F9FB002070BD6FF0E6
:10D6A000850070BD6FF0890070BD00BF09000002E9
:10D6B00008B5E0220021FBF7E9FB002008BD00BF10
:10D6C00010B50A4CA0420AD102981F280AD9184660
:10D6D00003F048FF2023039A0020136010BD6FF071
:10D6E000850010BD6FF0890010BD00BF0900000269
:10D6F0008446002000B562441CF8013B11F801EBA0
:10D70000944583EA0E0340EA0300F5D15DF804FB7B
:10D71000BAB1844600B50020531E04E048B9013B6D
:10D72000A2EB0E000BD39CF8002091F800E07245AC
:10D73000F4D1013B0CF1010C01F10101F3D25DF8D0
:10D7400004FB1046704700BF2DE9F04F4FF0010A6F
:10D75000284B8FB0D3F80090D9F80830D9F80040A2
:10D760000AFA03FA0AF1FF33019314B1A047002823
:10D7700038D1012709F10C0B4FF000410198FBF75C
:10D78000D3FB06460028F7D0DA460024D9F8082053
:10D79000A24207FA04F508D9354209D10134A24260
:10D7A0000AF1040A07FA04F5F6D8FBF7E9FBE3E708
:10D7B000DAF80020013492B102A92846FBF7BCFB3D
:10D7C0005AF8042B02A8DDF80C8090470146404629
:10D7D000FBF7CEFBAE43CFD0D9F80820D8E7FBF754
:10D7E000CFFBE9E721460448FBF7CCFDFBF7C8FB7C
:10D7F000BFE700BF001C0020D025010010B5024C7F
:10D80000A446F9F759FA10BD5985000010B5024C2D
:10D81000A446F9F751FA10BD6185000010B5024C1D
:10D82000A446F9F749FA10BDF984000010B5024C7E
:10D83000A446F9F741FA10BDCD80000010B5024CA6
:10D84000A446F9F739FA10BD0D81000010B5024C5D
:10D85000A446F9F731FA10BD8D85000010B5024CD1
:10D86000A446F9F729FA10BD1186000010B5024C44
:10D87000A446F9F721FA10BD5586000010B5024CF8
:10D88000A446F9F719FA10BD8D81000010B5024CBD
:10D89000A446F9F711FA10BD3982000010B5024C08
:10D8A000A446F9F709FA10BD7D80000030B595B0A7
:10D8B00004463C22002105A8FBF7E8FA00214FF4BA
:10D8C000017C402504AB0293CDE90011012302AA9B
:10D8D00004480494ADF838C0039500F01BFA15B065
:10D8E00030BD00BF000100402DE9F0439BB08146F0
:10D8F00088461446002138220CA81E46229D239FEC
:10D90000FBF7C4FA4FF4C063CDE90A98ADF8503084
:10D91000002D30D0249B102E0693259B0997CDE92E
:10D920000735269B0293279B039326D864B156B1F3
:10D93000A219611E0DF13B00013A11F8014F91420D
:10D9400000F8014FF9D1139601264024002D02AAB8
:10D950000AA90CBF022303230092049104AA002108
:10D9600007480196059400F0D5F9039B289A1360A7
:10D970001BB0BDE8F083002FCCD06FF08600F7E736
:10D98000000100402DE9F0439BB0814688461446D3
:10D99000002138220CA81E46229D239FFBF776FA11
:10D9A00040F20163CDE90A98ADF85030002D30D037
:10D9B000249B102E0693259B0997CDE90735269BBE
:10D9C0000293279B039326D864B156B1A219611E16
:10D9D0000DF13B00013A11F8014F914200F8014F5F
:10D9E000F9D1139601264024002D02AA0AA90CBFE2
:10D9F000022303230092049104AA00210748019600
:10DA0000059400F087F9039B289A13601BB0BDE8CA
:10DA1000F083002FCCD06FF08600F7E700010040C4
:10DA200070B594B006460C46154600213C2205A868
:10DA3000FBF72CFA4022002140F6051303923268CE
:10DA400004A80692ADF8383002900123CDE9001108
:10DA500002AA04480495ADF83A4000F05BF914B00E
:10DA600070BD00BF0001004070B5402596B006AE05
:10DA700004462A4600213046FBF708FA012340F607
:10DA80000A1C0296042604AA009203952568002128
:10DA900002AA0193044804940895ADF840C0059685
:10DAA00000F038F916B070BD00010040F0B5402616
:10DAB00097B006AF04460D46324600213846FBF7C4
:10DAC000E5F940F6011201230420ADF84020226858
:10DAD000CDE90440CDE9075204AA00920021019348
:10DAE00002AA0348CDE9027600F014F917B0F0BDA0
:10DAF000000100402DE9F0434FF04008064697B082
:10DB00000DF118090F4615460021424648461C46AD
:10DB1000FBF7BCF90021336840F604160893CDE901
:10DB20000011022302AA0748CDE90298ADF842701D
:10DB300004950594ADF8406000F0ECF817B0BDE82E
:10DB4000F08300BF00010040F0B54027064699B0C1
:10DB500008AB0D46144600213A461846FBF796F9E5
:10DB600040F6091101231C2206960426ADF8481040
:10DB70002968019302AB049000930A910792022353
:10DB8000002104AA0348CDE90246059700F0C2F837
:10DB900019B0F0BD00010040F0B5082500249C46F6
:10DBA000174604268BB00DEB050310AACDE9020140
:10DBB0000892049340F2E9310323CDE9004404AA1A
:10DBC0000448CDE906C70996059500F0A3F80BB007
:10DBD000F0BD00BF0201004030B58DB0CDE90201BB
:10DBE00008200421109C0DEB00050694119C08955B
:10DBF00005AD0A950592079309900B9174B1012523
:10DC000006AA0223009240F2EA31064808AA0195CA
:10DC100000F080F8079B23600DB030BD6FF08600E8
:10DC2000FAE700BF0201004030B58DB0CDE9020136
:10DC3000082000250C2109AB0DEB0004CDE90955A6
:10DC4000079305940B950690089192B10123144611
:10DC500007AA40F2EB310092019305AA064800F0B2
:10DC600059F8DDE90A13099AA360C4E900210DB04F
:10DC700030BD6FF08600FAE70201004030B508259C
:10DC8000002487B0CDE902010DEB050104910123C9
:10DC90004FF47B71CDE9004404AA0348059500F0D8
:10DCA00039F807B030BD00BF0201004030B5002494
:10DCB000042587B003AA03900492012340F2F331B4
:10DCC000CDE9004404AA0448059500F023F8002893
:10DCD000B8BF012007B030BD05010040012370B579
:10DCE0000D461646042488B003AA049206AA03909F
:10DCF000009240F2F23104AA01930548CDE906658D
:10DD0000059400F007F80028B8BF012008B070BDE6
:10DD1000050100402DE9F047B1F5004F0D46DDE962
:10DD20000896074690461C4601D2042B11D9FBF7F2
:10DD300027F92406360406F4E02604F0E0643443B0
:10DD4000A9B24B46424638462143BDE8F047FBF7AF
:10DD5000E1B8042EEDD9EAE77AB18446002000B597
:10DD600062441CF8013B11F801EB944583EA0E0371
:10DD700040EA0300F5D15DF804FB1046704700BF90
:10DD800010B50C4C236813B10B4B1B682BB901F079
:10DD900057F830B90122084B1A6001232360002094
:10DDA00010BD0138062801D9044810BD044B53F8B2
:10DDB000200010BDD0C10020CCC10020FE8FFFFF8D
:10DDC00028260100144B2DE9F043002814BF044617
:10DDD0001C46124F236883B0BB4219D016460D462D
:10DDE00020464FF4E07104F1040900F061F804F5F5
:10DDF0008E78484600F092FE404600F09DFC2B468F
:10DE00004A4640460649009600F0C6FC08B927601D
:10DE1000002003B0BDE8F083D4C10020A5BCC95ADE
:10DE2000D9EB0000094B10B5002814BF04461C466E
:10DE300004F58E7000F096FC201D00F0B1FE204627
:10DE40004FF4E07100F034F8002010BDD4C1002080
:10DE500070B50D4C1D46002814BF064626460B4BD8
:10DE6000306882B098420DD106F58E700026334698
:10DE70000096144600F0DEFC002818BF34462C60E3
:10DE800002B070BD0248FBE7D4C10020A5BCC95A4E
:10DE9000E88FFFFF00F016B800F024BA38B131B1B6
:10DEA000002201440346013081421A70FAD17047C2
:10DEB00038B131B1002201440346013088421A7062
:10DEC000FAD170477F2872D8F0B501263B4D4FEA52
:10DED000C00E441C0EF57F0CC5F800450CF5044C33
:10DEE000C5F8046572B6DCF80040BFF34F8F62B628
:10DEF000013454D1D5F80844E407FBD572B6CCF808
:10DF00000010BFF34F8F62B672B6DCF80040BFF36B
:10DF10004F8F62B6A14240D1294EC3EB0010064498
:10DF200026481C1F0C33351954F8047F72B6296833
:10DF3000BFF34F8F62B6013131D1D0F80814C90751
:10DF4000FBD572B62F60BFF34F8F62B672B62968E9
:10DF5000BFF34F8F62B68F421FD19C42E3D1194865
:10DF6000704472B60368BFF34F8F62B6013316D1A7
:10DF70001249D1F80834DB07FBD572B60260BFF353
:10DF80004F8F62B672B60368BFF34F8F62B69A4284
:10DF900011D1D1F80C34012B0BD00B4800E00B4809
:10DFA0000022064BC3F80425C3F80025F0BD08483D
:10DFB00070470020F4E70748F2E700BF00900350E5
:10DFC0000488FF000484FF00E38FFFFFE58FFFFF5D
:10DFD000E68FFFFFE28FFFFF7F280CD849B10329AE
:10DFE00001D00648704706497F280CBF084600202C
:10DFF0007047084670470248704700BF0300F700AB
:10E000000100F7001A4A431C4FEAC00C70B4C2F872
:10E0100000350CF57F0303F5044372B61D68BFF3AA
:10E020004F8F62B60024134BC2F800459D421CD0AE
:10E03000A1B1114D861C6544C2F8006572B62D6809
:10E04000BFF34F8F62B69D42C2F800450DD07F28C6
:10E050000BD8032907D070BC084870477F2804D824
:10E0600070BC002070477F28FAD170BC044870470C
:10E0700000900350501A84500884FF000300F700FA
:10E080000100F700B9B90D4AC30003F57F03013061
:10E0900010B403F50443C2F8000572B61C68BFF360
:10E0A0004F8F62B6064B0748C2F800159C4208BF66
:10E0B000002010BC70470448704700BF0090035018
:10E0C000501A84500100F7000300F70000200122DD
:10E0D000024BC3F8380AC3F8782470470010845004
:10E0E00009B11D48704730B401241C4B1C4DC200BF
:10E0F00002F57F022044C5F8004502F50442C3F84A
:10E100000811C3F80011C3F80411C3F8000572B672
:10E110001168BFF34F8F62B6124A914219D11C6049
:10E1200000E0A0B9D3F80021D3F80811D3F8040116
:10E130000A43F6D049B90C4B002818BF18460022F4
:10E14000064BC3F8002530BC70470848F7E706487F
:10E15000F5E70748F3E700BF0C00F100009003501B
:10E1600000008450001484500200F7000100F70002
:10E170000600F7002DE9F0470024CCB006468A4699
:10E180001746214674220EA89946579DDDF85881FE
:10E19000FAF77CFE802221462CA82B94FAF776FE13
:10E1A0008423B5F57F6FCDE90A440D940C94059353
:10E1B00074D801F013FC2BAC05AB01934946DDE9A3
:10E1C000542338460295009400F08EFD002875D146
:10E1D00007231B93012300222693F7180123DFF85E
:10E1E000ECC0F10001F57F01CDE92423CDF868A052
:10E1F0001C901E9601F50441CCF8007572B60A68B1
:10E20000BFF34F8F62B6324BCCF800059A424AD02A
:10E2100002220DF113038DF813201B7810210EA894
:10E220008DF8743000F002FF10220DF120090092E9
:10E23000204605990AABCDF8049006AA01F0B4FA7D
:10E24000074600BB012410E0102D2E4628BF1026E3
:10E250000EA9324600F0E6FE10210EA800F0E6FE00
:10E260000134AD1B3744E4B226D0059B4A4606A9CB
:10E270000EA88DF8AC4001F07DFD034608EB0700C9
:10E28000002BE1D01F46742200210EA800F0CCFE26
:10E2900001F0A4FB38464CB0BDE8F0870D4F38467E
:10E2A0004CB0BDE8F0870C4B1B68B3420BD1032286
:10E2B0000DF113031A70B0E72F46E4E7074F384615
:10E2C0004CB0BDE8F087064FE4E700BF0090035074
:10E2D000501A84500F00F100CCAF00200E00F10066
:10E2E0000C00F10070B584B00B9D099CB5F57F6FF3
:10E2F0000CD803F1FF3CBCF13F0F2BD852B31CB13B
:10E30000089E3EB3402C25D8802903D06FF0010031
:10E3100004B070BD7F2817D803950A9D0021CDE970
:10E320000145089C0094FFF725FF0028F0D00B4B17
:10E330009842EBD00133984209D0023B984203D077
:10E340006FF0050004B070BD4FF0FF30E0E76FF0F4
:10E350000400DDE76FF00200DAE700BF0D00F10016
:10E360002DE9F04FB2F5C07FB5B000F2D680DFF8EE
:10E37000B09114460D464FF4D07200210DF15C08A7
:10E3800007464846FAF782FD404601F09BFE00230F
:10E39000A9F810302023294609F11805224689F8EA
:10E3A0001730284663BAA9F81230FAF733FD8022F5
:10E3B0005C4B4046079303F10433089303F10433A5
:10E3C00009932A5503F1043307A90A9301F090FE3B
:10E3D000824600287ED10FAD04F119032C460BAE06
:10E3E0000293039701960495102200210198FAF7F1
:10E3F0004DFDDFF834B1DDF808A005940E9B5BF805
:10E40000044C5BF80C7C0B995BF8100C5BF8085C17
:10E410005C40019BDDE90C627E40554081EA0007CB
:10E420001A4601214046CDE90B76CDE90D5401F0A5
:10E4300079FEBAF1100F94BFAAEB0A0AAAF1100AEA
:10E440000BF1100B002863D1BAF1000FD6D1059C57
:10E45000102220460199FAF7DDFC99F803301034B8
:10E460000133A04589F80330BED1049D802229469E
:10E470004046039F019E01F03BFE824660BB3C4646
:10E4800007F1200913AB1A460121404601F04AFE6C
:10E49000824608BB1022204613A91444FAF7BAFC9E
:10E4A0004C45EFD1404601F01DFE4FF4D0711C48A1
:10E4B000FFF7FEFC28462021FFF7FAFC07A81021F1
:10E4C000FFF7F6FC30461021FFF7F2FC504635B05E
:10E4D000BDE8F08F0FAD0BAE404601F003FE4FF4E8
:10E4E000D0710F48FFF7E4FC28462021FFF7E0FC3D
:10E4F000102107A8FFF7DCFC10213046FFF7D8FCFD
:10E5000020213846FFF7D4FC504635B0BDE8F08FE7
:10E510008246039F019E049DDEE76FF0370AF3E712
:10E5200094C3002000010203A4C300202DE9F041A0
:10E5300088B004460D462022002168466F46FAF74F
:10E54000A5FC04F12006E27B0132D2B2E273002A7C
:10E550004DD1A27B0132D2B2A273002A47D1637B94
:10E560000133DBB26373002B41D1237B0133DBB278
:10E570002373002B3BD1E37A0133DBB2E372002B30
:10E5800035D1A37A0133DBB2A372002B2FD1637A8A
:10E590000133DBB2637253BB237A0133DBB22372E4
:10E5A0002BBBE3790133DBB2E37103BBA379013306
:10E5B000DBB2A371DBB963790133DBB26371B3B949
:10E5C00023790133DBB223718BB9E3780133DBB2FA
:10E5D000E37063B9A3780133DBB2A3703BB963780E
:10E5E0000133DBB2637013B92378013323703B46E8
:10E5F00022460121304601F095FD804650BB103780
:10E6000008AB9F429FD1029AAB68039F534002938D
:10E610003046EE6807997E400396049F2E69009B62
:10E620007E4004966E69059F80227E400596069F77
:10E63000AE697E400696EE697140079129684B40AD
:10E64000009301996B684B406946019301F050FDBE
:10E65000804638B168462021FFF72AFC404608B0C2
:10E66000BDE8F081102220460DEB0201FAF7D2FB43
:10E67000F0E700BF2DE9F8431D468369B3F5C07F7D
:10E6800052D81646C3F5C072AA424DD3C5F5C07222
:10E69000D31AB34248D30446DFF898904FF4C072BF
:10E6A0000F4648460021FAF7F1FB4946D4F894306A
:10E6B000A269D4F898009847002838D1D4F8188077
:10E6C0003DB1D4E925302A4609EB0801984770BBD3
:10E6D000A84407B1C6B9174942460846FFF740FEAD
:10E6E000054638B14FF4C0711248FFF7E1FB2846E8
:10E6F000BDE8F88320460F49FFF718FF05460028BC
:10E70000F0D101232361EDE73946324609EB0800D9
:10E71000FAF780FB0749B04442460846FFF720FE5F
:10E7200005460028DED1E5E76FF03705DFE76FF03B
:10E730003305DCE734C5002010B5A42200210446CF
:10E74000FAF7A4FB4FF0FF314FF6F072044B216152
:10E75000E26104F19C001B68BDE81040184700BF4F
:10E76000F4AF0020A0B110B504460A4B9C301B68E2
:10E77000984704F1200001F0B5FCA4212046FFF7E2
:10E7800097FB4FF6F0724FF0FF33E261236110BD4B
:10E79000704700BFF0AF00202DE9F043054685B07B
:10E7A0000F4616460021102268469946FAF76EFB7E
:10E7B0001E4B05F19C0840461B68984720B1044653
:10E7C000204605B0BDE8F08305F12004204601F0A5
:10E7D00079FCAA69C5E92576EAB920232E69AB61DF
:10E7E000002E20DB20466946802201F081FC044691
:10E7F00030B93346494628460C9AFFF73BFF04469A
:10E800000B4B40461B689847002818BF044620461B
:10E8100005B0BDE8F0832E69002EE3DA172A02D88E
:10E8200001325608DEE70026DCE700BFECAF00202F
:10E83000E8AF00202DE9F04FB2F5806F8DB0169F44
:10E8400000F2E380B7F5807F00F2DC8004461546D5
:10E850000E462022002104A89846FAF717FB6C4BBD
:10E8600004F19C0948461B6898478346002840F0FD
:10E8700092802269E3699A4200F391806369002BD8
:10E8800040F08D80002F40F0A980DFF888A16F460E
:10E89000002D00F098806F4604F120080EE0102D46
:10E8A000AB4628BF4FF0100B304639465A46FAF7B0
:10E8B000B1FAB5EB0B055E4400F08580E37B0133D4
:10E8C000DBB2E373002B4DD1A37B0133DBB2A37327
:10E8D000002B47D1637B0133DBB26373002B41D143
:10E8E000237B0133DBB22373002B3BD1E37A01336B
:10E8F000DBB2E372002B35D1A37A0133DBB2A37212
:10E90000002B2FD1637A0133DBB2637253BB237ABE
:10E910000133DBB223722BBBE3790133DBB2E3714A
:10E9200003BBA3790133DBB2A371DBB96379013394
:10E93000DBB26371B3B923790133DBB223718BB9D5
:10E94000E3780133DBB2E37063B9A3780133DBB260
:10E95000A3703BB963780133DBB2637013B92378DA
:10E96000013323703B4622460121404601F0DAFB89
:10E970008346002893D0DAF800304846984703468B
:10E98000202104A8002B18BF9B46FFF791FA102105
:10E990003846FFF78DFA58460DB0BDE8F08F3A467D
:10E9A000414600232046FFF765FEDFF868A00028F7
:10E9B0003FF46DAF4846DAF80030984783460028A8
:10E9C0003FF465AFE7E7204604A9FFF7AFFD8346B4
:10E9D0000028D0D1236901332361CCE73A46414670
:10E9E00004A8FFF7BDFC834618B16F46DFF824A0EA
:10E9F000C1E7204604A9FFF799FD834600283FF4AC
:10EA000044AFF2E76FF0370BC5E76FF0350BC2E7A5
:10EA1000ECAF0020E8AF00202DE9F043202B1D468D
:10EA20000646884691468BB026D8DBB202AF8DF8F9
:10EA30000480B04658F8041B8DF8053021B94046D3
:10EA400001F0B2FB044640B9012302224046336084
:10EA500001A901F0BDFB044638B138462021FFF77B
:10EA600027FA20460BB0BDE8F0832A4649464046C7
:10EA700001F0AEFB0446F0E702AF19461046002352
:10EA80003A4601F02BFD04460028E6D12023B94682
:10EA90001D46CCE72DE9F041D0F8F830A6B0002BA8
:10EAA000D8BF02AE31DD05460027D0F80C4102AEDA
:10EAB000A4F101089022D5F8FC403146D0F80001BD
:10EAC00001AB0197B8FA88F8A0474FEA58180446F6
:10EAD00020B9019B53B9B8F1000F16D030469021F0
:10EAE000FFF7E6F9204626B0BDE8F0810146324640
:10EAF0002846FFF791FF58B9D5F80431019A13441D
:10EB0000C5F80431B8F1000FE8D16FF03C04E5E737
:10EB10000446204626B0BDE8F08100BF70B5002550
:10EB20000446142204F588762946C0F8F850FC30D3
:10EB3000FAF7ACF9082229463046FAF7A7F9144B40
:10EB400030461B689847204640F8045B01F012FBF2
:10EB5000104B30461B689847C8B9D4F8F830AB4220
:10EB60000FDC03EB830204EB82022021C2F80001D8
:10EB70000120C2E9421008490133C2F8FC10C4F870
:10EB8000F830064B3046BDE870401B68184770BD32
:10EB9000F4AF0020ECAF0020C9FF0000E8AF002078
:10EBA0000368013315D010B504460A4B00F5887090
:10EBB0001B689847201D01F0F1FA00231421C4F8C6
:10EBC000F83004F1FC00FFF773F94FF0FF332360D6
:10EBD00010BD7047F0AF00202DE9F047202A88B023
:10EBE0007AD83F4B00F5887904461B68484617469B
:10EBF000884698470546F8B940F20116D4F8F8302F
:10EC0000002B65D02046FFF745FF054638B9D4F8FC
:10EC1000F830002B14DC013EF2D16FF03B056E465C
:10EC200020213046FFF744F92E4B48461B68984791
:10EC3000002818BF6FF01D05284608B0BDE8F08712
:10EC4000D4E94132934203D3D4F80C21012A02D0F3
:10EC5000013ED7D1E1E71F2BFAD96E4601462022AB
:10EC6000304604F1040AFAF711F93146504601F032
:10EC7000D9FA05460028D3D1504601F08FFA504604
:10EC800001F078FA2946504601F08EFA0546002830
:10EC9000C6D150462022314601F09AFA0546002896
:10ECA000BED1034632462021304601F017FC05460E
:10ECB0000028B5D1D4F8F8303A46002BC8BF00235D
:10ECC00040463146C8BFC4F80431FAF7A3F8A7E7B5
:10ECD0006FF03F056E46A3E76FF03B05ACE700BF62
:10ECE000ECAF0020E8AF00202DE9F041002482B015
:10ECF0000A9D0194B5F57F6F40D8ED00B5F5807F92
:10ED00001E4634BF0323042301F1FF3CBCF13F0F37
:10ED10000C46009332D888B3174666BB089A6AB38C
:10ED2000099A116851B3A2191344994226D3089B3A
:10ED300001462246581C00F075F9089B04F10208B0
:10ED40001C440023637026BB089BFF2D009503EB3A
:10ED5000080017D92B029BB243EA1523022201A90E
:10ED6000019300F05FF908F102030020099A136093
:10ED700002B0BDE8F0810AB1402ECFD9094802B0F7
:10ED8000BDE8F0810122694600F04CF908F1010369
:10ED9000EBE7089B324603EB0800394600F042F9E6
:10EDA000B044D1E706000080002130B58DB02822A4
:10EDB00002A80191FAF76AF802A801F0B7FB04462D
:10EDC00010B120460DB030BD174D4FF0FF3128680F
:10EDD00000F044F9044620B1144800F0DBF9012C9E
:10EDE00018D0002000F06AF9D0B9114A02A901A890
:10EDF00000F0CCFC0446012000F060F960B92868FE
:10EE000000F034F90028DCD00A4800F0C3F92046AD
:10EE10000DB030BD0524F2E7074800F0BBF9EEE77E
:10EE2000064800F0B7F9E0E7D4AF0020442601001F
:10EE3000B4C600209C2601007C2601005C2601004F
:10EE400030B583B000F05CF828B100F0ABF80324D3
:10EE5000204603B030BD00F077F8D8B900F02EF9A5
:10EE6000E0B9224CD4F828391B0EF02B0AD1D4F883
:10EE7000242A1F4B9A4231D000F044F8072400F0B6
:10EE800091F8E5E7062400F03DF800F08BF8204605
:10EE900003B030BD0424204603B030BD00F032F88A
:10EEA00000F080F8FFF780FF044698B9114D2B68F9
:10EEB000002BCDD102460146FEF784FF50B96822EF
:10EEC0000D4901ABFEF7C4FF20B920460B4B2B6068
:10EED00003B030BD0524204603B030BD012000F052
:10EEE000EDF80028DAD1C4F80C0ADBE700108450F2
:10EEF0000000E020D4C80020D8C800205AEA5A5A9E
:10EF00000020704700207047430504D54FF0FF32C2
:10EF1000034BC3F80821024BC3F8080A704700BF2F
:10EF200000108450014BC3F8040A7047001084504D
:10EF300008B100F06BB84FF47500704708B100F0ED
:10EF40004FB84FF47500704710B5114800F072F8D3
:10EF500000B110BD0F4800F06DF80028F9D10E4C3B
:10EF6000204600F067F80028F3D10C4B0C481C60D9
:10EF700000F060F801460028EBD100F02DF80446BF
:10EF800008B1204610BD00F07BF82046FAE700BF2C
:10EF9000E4AF0020E0AF0020DCAF0020D4AF0020C1
:10EFA000D8AF002008B5084800F04EF8074800F038
:10EFB0004BF8074800F048F8064800F045F8BDE86F
:10EFC000084000F00BB800BFE4AF0020E0AF002025
:10EFD000DCAF0020D8AF002000207047704700BF92
:10EFE000024610B4084CD4F8003A1342FBD021B1C9
:10EFF000D4F804310B60C4F80831034B0020C3F887
:10F00000082A10BC704700BF00108450044AD2F890
:10F01000003A1842FBD0C2F8080A0020704700BF2F
:10F0200000108450F9F7A8BEF9F730BF0A46002156
:10F03000F9F72CBF08B5034B02681B6810689847A6
:10F04000002008BD14B0002008B5034B02685B68BF
:10F0500010689847002008BD14B00020024B0268D9
:10F060009B681068184700BF14B0002008B5034B18
:10F070000268DB6810689847002008BD14B00020C3
:10F0800070B5094C094D2069AB68984718B1084B19
:10F0900008485B6898470021074AEB6811602069BF
:10F0A000BDE87040184700BF00B0002014B0002039
:10F0B000F8AF0020B426010040C90020F8B51A4D71
:10F0C0001A4E0446B26828699047E8B9184F3B6861
:10F0D0004CB1A3B1012B19D0013B3B602869F36807
:10F0E00098470020F8BD43B90121124AC2F8001523
:10F0F0001149D1F81029002AFBD101333B60F36894
:10F10000286998470020F8BD0C48F8BD0A4AD2F893
:10F110001039002BFBD1074A6FF07E40C2F8003552
:10F12000FFF700FF3B68D7E700B0002014B00020D5
:10F1300040C900200000845000108450E98FFFFF78
:10F14000014B1B68184700BF14B00020014B5B68DF
:10F15000184700BF14B00020014B9B68184700BF40
:10F1600014B00020014BDB68184700BF14B000202A
:10F17000BFF34F8F0549064BCA6802F4E0621343A0
:10F18000CB60BFF34F8F00BFFDE700BF00ED00E095
:10F190000400FA0530B44FF0FE320025074B084C4E
:10F1A00008494968C3F80024C3F80424C3F80824B4
:10F1B000C3F80C24C4F8005530BC08470010845034
:10F1C00000008450F8AF002010B5044650B16368C9
:10F1D00013F0685F05D0064A934202D000236260B4
:10F1E000236010BD034B04485B689847EFE700BFFE
:10F1F0002C5F5CA9F8AF0020D4260100C8B1436899
:10F200000D4A934213D013F0685F0ED0012350E8EB
:10F21000002F194640E8001C9CF0000FF7D1012A8E
:10F22000F5D0BFF35F8F0020704704487047044853
:10F2300070476FF4E04070472C5F5CA9E98FFFFFD7
:10F24000EA8FFFFF034680B1426809498A420AD02B
:10F2500012F0685F05D0BFF35F8F002210461A607E
:10F26000704704487047044870476FF4E0407047A7
:10F270002C5F5CA9E98FFFFFEA8FFFFF10B5044602
:10F2800020B10023034A2360626010BD0248FFF7EB
:10F2900081FFF6E73A00003AFC2601002DE9F0472D
:10F2A000002878D00C46002975D01D46002B72D05E
:10F2B00007461AB1012200232A6003602B68002B45
:10F2C00064D02946204601F023FA804600285FD109
:10F2D0002146286801F002FA8046002858D12B68A0
:10F2E000082B6CD0042B6DD0A3F10209B9FA89F96F
:10F2F0004FEA59190121354EC6F8C411C6F840111C
:10F30000C6F8C411636AC6F83031D6F8302193428A
:10F31000F6D14FF0000A4FF0FF30C6F82CA1FFF7EE
:10F32000F3FD6FF01B035046C6F80031FFF7FAFDFE
:10F33000C6F80C91D6F8040A40F48060FFF7F2FD9D
:10F340000A23C6F83831089B012B29D02369204AAB
:10F35000A2FB03231B09626A404602FB03F303EB93
:10F3600043031A4ADB039B09C2F8D8310123C2F8D0
:10F370002C313B682A6823F07F4343EA02633B60F9
:10F380002A6843EA02233B60BDE8F087DFF8448047
:10F390004046BDE8F087DFF840804046BDE8F08792
:10F3A0004FF47F03D3F80C2C013206D0D3F80C3C79
:10F3B000074AA2FB03231B09CDE71623CBE74FF037
:10F3C000030997E74FF0020994E700BF001084504B
:10F3D000ABAAAAAA310CF100350CF10058B34B1EB0
:10F3E000B3F5047F27D230B54FF0000ECD00744640
:10F3F00071464B0901F01F0C50F82330BCF11F0F70
:10F4000023FA0CF306D003F0010319B901211C46BD
:10F410008E46EEE79C4201F1010106D01C464FF0FA
:10F42000010EA942E5D1002030BD0EF1010E964536
:10F43000F7D1024830BD0148704700BF360CF100DB
:10F44000C0B32DE9F0434C1EB4F5047F1DD2E3B1E7
:10F45000DAB100252E46A8462C46CF0003F1FF392D
:10F460004FEA541C04F01F0E50F82C10BEF11F0F71
:10F4700021FA0EFC0CD00CF0010C4CB90126E04630
:10F4800034463546ECE7964216D90C48BDE8F08381
:10F49000AB420BD0C44508BF0136A945F3D00135B6
:10F4A0000134BC42DCD10020BDE8F0830125E046F8
:10F4B0002E46F5E7014870471D46F1E7370CF1008D
:10F4C0002DE9F04F91B08346DDE91B460D46002E35
:10F4D0006ED10F691C6000231A990B60002A00F09E
:10F4E0002F819D4B6A6AD3F83811D3F830319A4294
:10F4F00069D10A2967D19BF80330089304F1080306
:10F50000079304230593954B934CA3FB07239B0878
:10F5100003EB4303A7EB4303039306971A9B069E53
:10F520001E60002E00F0EA8001F002F9002309932A
:10F53000BBF1000F00F0D58098464FF0010ADDF8CE
:10F540001C90002D00F0CD80089B002B3DD028465C
:10F5500008A901F0DDF8002839D0814B984220D06D
:10F56000089B082B00F0E48000225B0008932946EA
:10F5700008AB58460092FFF791FE7A4B984200F094
:10F58000D38070B9DBF80020130A03F47F03134320
:10F5900023F07F43CBF80030059B013B0593BDD1A1
:10F5A0000020039001F0C4F8039811B0BDE8F08F7B
:10F5B0004FF47F01D1F80C0C01300CBF4FF40477ED
:10F5C000D1F80C7C86E76848EBE76648C5E7294632
:10F5D000089801F083F80028BFD1089B082B00F0A1
:10F5E000A980042B00F0A980A3F10203B3FA83F3EE
:10F5F0005B090493C4F8C4A1C4F840A1C4F8C4A131
:10F600006B6AC4F83031D4F830219342F6D100232C
:10F610004FF0FF30C4F82C31FFF776FC002318467A
:10F620006FF01B03C4F80031FFF77CFC049B4B4FC9
:10F63000C4F80C31D4F8040A40F48060FFF772FC7F
:10F640000A23C4F838312B6909A8A7FB03236A6A87
:10F650001B0902FB03F303EB4303DB039B09C4F821
:10F66000D831C4F82CA1DBF80030089923F07F4290
:10F670000B0243EA01631343CBF8003001F01EF89C
:10F68000099B03F01A0303437FF46AAFA7FB063715
:10F69000D4F81431B8EB970F0A93D4F818310B93C0
:10F6A000D4F81C310C93D4F820310D93D4F82431C4
:10F6B0000E93D4F828310F9301D1039B9BB9484690
:10F6C00018220AA9183EFFF7ADFC09F1180908F144
:10F6D00001089EB101F02CF800230993002D7FF45E
:10F6E00033AF224839E748461A46F61A0AA9994420
:10F6F00008F10108FFF796FC002EEBD1069F079E4C
:10F700006A6939463046FFF769FEAA6940B94FF485
:10F71000806339463046FFF793FE00283FF440AF40
:10F7200000231A9A136018E72B6A002B3FF439AFB5
:10F730000F4836E7032304935CE70223049359E759
:10F74000012229465846009608ABFFF7A7FD00287E
:10F750003FF4D4AE25E700BF00108450ABAAAAAA9C
:10F76000020CF100310CF100300CF100350CF1000D
:10F77000320CF10010B4DDE9013401940024DDF80D
:10F780000CC0CDE902C410BCFFF79ABE30B51546D7
:10F79000012487B005AB00930022CDE9015404ABEE
:10F7A000FFF78EFE07B030BDF0B5002483B0B0F196
:10F7B000005F8DF8074025D38C468444BCF1804F10
:10F7C00004461FD817461D4601220DF1070300F01D
:10F7D000E7FE0646B0B99DF80730099A3C603B71D8
:10F7E00092B14DB10246089928460DF1070300F089
:10F7F000D7FE38B99DF807303046099A1560137165
:10F8000003B0F0BD4FF47506304603B0F0BD00BF45
:10F81000002867D038B590F83C300446022B17D04A
:10F82000032B42D0002B31D03048314D2A68314B68
:10F830001268C3F800242A685268C3F804242A68AE
:10F840009268C3F808242A68D268C3F80C2438BD2B
:10F85000016B006CFEF7D6FB254D0028E6D12A6827
:10F86000244B1268C3F800242A685268C3F80424A1
:10F870002A689268C3F808242A68D268C3F80C245E
:10F88000216B206CFEF72CFC68B1CFE70269194BA5
:10F89000C3F800244269C3F804248269C3F8082429
:10F8A000C269C3F80C24002038BD016B006CFEF760
:10F8B000E9FB0F4D0028B9D12A680E4B1268C3F836
:10F8C00000242A685268C3F804242A689268C3F89E
:10F8D00008242A68D268C3F80C24FEF7F7FB002836
:10F8E000E1D0A3E74FF47100704700BF0900F100B9
:10F8F000D0AF00200010845038B50446364AD2F804
:10F900001039002BFBD1344AD2F87034002BFBD1D4
:10F91000314AD2F8203D002BFBD12F4AD2F8203CAF
:10F92000002BFBD12C4AD2F8383D002BFBD12A4DBD
:10F93000D5F8383C002BFBD14FF0FF30FFF7E4FA4D
:10F94000636BD5F8040A23F00403032BE36D39D06D
:10F95000012B0CBF20F0800020F02000FFF7E2FA1E
:10F9600001231D4AC2F80039D2F81039002BFBD10F
:10F97000194AD2F87034002BFBD11749C2F8BC34B5
:10F98000D1F81039002BFBD1134AD2F87034002B78
:10F99000FBD1626B002022F00401032918BFA36B86
:10F9A0004FEA820218BF03F001030B4902F01C0268
:10F9B0001A43C1F8C024636B072B04BF0123C1F8AD
:10F9C0007C3438BD012B0CBF20F0400020F010002B
:10F9D000FFF7A8FAC4E700BF00108450094A0A4B99
:10F9E00011680968C3F8001411684968C3F8041461
:10F9F00011688968C3F808141268D268C3F80C2427
:10FA0000704700BFD0AF0020001084502DE9F04FA8
:10FA100085B0002900F0EC809046002A00F0E880D4
:10FA20000546002800F029819946C36D0E46002B3B
:10FA300052D1B9F5805F54D295F83C30042B00F0D8
:10FA4000FF8000274FF0FF31AC48FFF707FB00288D
:10FA500040F0D5800020FFF731FB002840F0D8802F
:10FA60000123A748C0F81038D0F81049002CFBD16A
:10FA70006B6B032B3ADC002B3BDAA24CA04AD2F88A
:10FA80001039002BFBD1002F40F0D1806B6BEA6D59
:10FA900023F00403032B9A4BD3F8040A00F09F8051
:10FAA000012A0CBF40F0800040F02000FFF73AFA36
:10FAB0000022934B0120C3F81028FFF7FFFA00281B
:10FAC00040F0B1808D48FFF7D1FA002840F0A480C3
:10FAD000204605B0BDE8F08F012BADD1B9F5803FD0
:10FAE000AAD3894C204605B0BDE8F08F063B012B18
:10FAF000C3D8AB6B012B00F2BE80EB6D012B7CD821
:10FB00002B6E012B00F2E8802846FFF7F5FE044635
:10FB10000028B3D12846FFF77BFE04460028ADD16C
:10FB20006B6B072BA9D801229A4012F08A0F40F084
:10FB3000D58012F0440F40F0BA80D2079DD523F053
:10FB40000403032B32680DD02B6ED8F80010012B64
:10FB50006B4B0BBFC3F8281DC3F8301DC3F82C9D99
:10FB6000C3F8349DEB6D012B654B0BBFC3F8282CFC
:10FB7000C3F8302CC3F82C9CC3F8349C6B6B23F077
:10FB80000403032B00F0A2802B6E012B14BF202056
:10FB90008020FFF7CDF9044600287FF46FAF584B63
:10FBA000D3F81049002CFBD1696B072914D8012226
:10FBB0008A4012F08A0F40F0BB8012F0440F0BD045
:10FBC000D3F860242A60D3F864246A60D3F86824E8
:10FBD000AA60D3F86C34EB600123AB654EE7012AD1
:10FBE0000CBF40F0400040F01000FFF79BF95FE7CA
:10FBF000464C204605B0BDE8F08F454C3EE74548F1
:10FC0000FFF7C8FA0020FFF759FA00283FF428AFA1
:10FC10004148FFF7BFFA23E74048FFF7BBFA204609
:10FC200005B0BDE8F08F3E48FFF7B4FA4AE7042379
:10FC3000202105F1100085F83C30FFF7F7F925E7A2
:10FC4000296B286CFEF7C8F998B9364F2C4C3B68E5
:10FC50001B68C4F800343B685B68C4F804343B6834
:10FC60009B68C4F808343B68DB68C4F80C34296B23
:10FC700031B10127E6E62C4C00E74FF4710427E789
:10FC80004FF0100B2B6D05EB0B0A0193EB6CCDF8CD
:10FC900008A00093286CD5E91123CDF80CB0FEF72D
:10FCA00069FA002851D1002385F83C30E1E72A6841
:10FCB000134BC3F860246A68C3F86424AA68C3F8C5
:10FCC0006824EA68C3F86C246B6B38E7EB6D012B92
:10FCD00014BF102040205CE7144CCFE62A68084B84
:10FCE000C3F840246A68C3F84424AA68C3F84824C7
:10FCF000EA68C3F84C246B6B21E700BFE4AF002037
:10FD0000001084500100F1000500F1000B00F1002B
:10FD10000300F100442601005C2601009C2601003E
:10FD20007C260100D0AF00200200F1000400F100A9
:10FD3000D3F840242A60D3F844246A60D3F84824D6
:10FD4000AA60D3F84C34EB6046E73B6859461B6821
:10FD50005046C4F800343B685B68C4F804343B6820
:10FD60009B68C4F808343B68DB68C4F80C34FFF7C0
:10FD70005DF998E72DE9F04109B302B30446002884
:10FD800000F0AF801D46436B0E46072B1BD05DB9BC
:10FD9000032B10D1836D73B945668566C56605670B
:10FDA000102500F164030B602B4631462046BDE868
:10FDB000F041FFF72BBE2F463846BDE8F081764F65
:10FDC0003846BDE8F081C36D002B40F08D80B5F55D
:10FDD000805F80F090801DB9A36D002B40F08B8078
:10FDE0004FF0FF316D48FFF739F9002840F08F8060
:10FDF0000020FFF763F9002840F085800123684A5E
:10FE0000C2F81038D2F81039002BFBD1636B032BEA
:10FE10004FDD063B012B4ED8A36B012B6DD8E36D54
:10FE2000012B78D8236E012B77D82046FFF764FD8D
:10FE30000746002840D12046FFF7EAFC0746002885
:10FE40003AD1626B072A36D80123934013F08A0F08
:10FE500040F0818013F0440F6FD1DB072BD50122D6
:10FE60004F4BC3F87C24C3F8BC543168002D56D1E5
:10FE7000A16D09B9C3F82425494BD3F81079002F97
:10FE8000FBD1616B072917D801228A4012F08A0F33
:10FE90006FD112F0440F0FD0D3F860242260D3F852
:10FEA00064246260D3F86824A260D3F86C34E36001
:10FEB00002E0002BB0DA3B4F394AD2F81039002B60
:10FEC000FBD10120C2F81038FFF7F8F8B8B9334871
:10FED000FFF7CCF800283FF46FAF3348FFF75AF92B
:10FEE0006AE74FF4710767E7012B7FF474AFB5F54C
:10FEF000803FFFF470AF2D4F5EE72D4FDCE72D48BC
:10FF0000FFF748F9E3E72C48FFF744F976E72B4879
:10FF1000FFF740F96CE72A4FCEE72A4FCCE7E26DB6
:10FF2000012A33D01020C3F8301CC3F8345CFEF72C
:10FF3000FFFF074600289FD0BEE72268184BC3F892
:10FF400060246268C3F86424A268C3F86824E26885
:10FF5000C3F86C2483E72268114BC3F8402462681D
:10FF6000C3F84424A268C3F84824E268C3F84C24C8
:10FF700075E7D3F840242260D3F844246260D3F8B4
:10FF80004824A260D3F84C34E36095E7C3F8281CFA
:10FF90004020C3F82C5CCAE70B00F100E4AF00205E
:10FFA000001084500100F1009C2601000500F100C2
:10FFB0000200F1007C2601005C26010044260100BD
:10FFC0000300F1000400F100F0B587B0002966D00D
:10FFD0001E46002B63D01446002A60D0314F0D46D8
:10FFE00038684FF0FF31FFF739F800284DD1002075
:10FFF000FFF764F8002844D12B4800F097FAD8B1F5
:020000040001F9
:1000000001204FF0FF35FFF759F8002835D14FF4A4
:1000100008712648FDF742FF04212548FDF73EFF01
:1000200021482821FDF73AFF3868FFF71FF800281C
:100030002FD1284607B0F0BD1C4A0346029205AAFC
:10004000019204AA03900092174902461848FFF74C
:1000500091FB03460028D3D128461D46059B224626
:100060009C4228BF1A46049932600831FEF7DAFF35
:100070000120FFF723F80028C9D00E48FFF78AF8BF
:10008000C5E70D48FFF786F8B6E70C48FFF782F89A
:10009000ADE70B48FFF77EF8284607B0F0BD4FF0FC
:1000A000FF35C6E7D4AF002058C9002080C9002022
:1000B00054C900207C2601005C2601004426010072
:1000C0002027010010B5044630B1002201236265EB
:1000D000A265E365236610BD0148FFF75BF8F4E70E
:1000E0003827010018B174220021FEF79DBF704728
:1000F00088B199B110B50024802A846380F83C400F
:1001000006D1102204631044FEF78CFF204610BD78
:100110006FF01F0010BD6FF0210070476FF01F00DF
:10012000704700BF70B5044686B0F8B11046EAB11A
:10013000E3B101291AD8A26B16D0012A16D11025D5
:1001400000210DEB0506019602AA61632946009580
:10015000FFF72AFB50B92B463246204602A9FFF78B
:1001600055FC18B906B070BD002AE8D06FF0210028
:10017000F8E700BF10B5044628B12046BDE810409E
:10018000F421FEF753BF0448FFF704F82046BDE80A
:100190001040F421FEF74ABF4C27010010B1F421B2
:1001A000FDF77CBE704700BF08B521B1012908D01A
:1001B0006FF0360008BD012100F058F80028F7D193
:1001C00008BD022100F052F80028F9D0F0E700BF86
:1001D00030B505468818B0F5801F0B461446A1B00F
:1001E00001D8802A0CD9B3F5801F17D922461946A9
:1001F000284600F07DF8044684B9204621B030BD81
:100200006846FEF70FFF22466946284600F070F860
:10021000802104466846FEF709FFEDE76FF03604DB
:10022000EBE700BF70B5E8B10E46D9B1044600F067
:1002300031F80546B0B92368012B0BD0022B01D051
:10024000284670BD1C22304604F10801FEF7EAFE84
:10025000284670BD2022304604F10801FEF7E2FE78
:10026000284670BD6FF03605EAE700BF78B138B5B3
:100270000D46F0210446FEF7D9FE402320462560B6
:10028000E36500F061FA003818BF012038BD012095
:10029000704700BFF0B5056EA5B0044604AEE5B9E1
:1002A00000230127019330466760294602AA009384
:1002B000FFF77AFA10B1012025B0F0BD2A4620469A
:1002C00002A900F069FA0028F5D1204600F07AFB77
:1002D0000028F0D1206625B0F0BD802D2A4630469A
:1002E00028BF802204F16401FEF79CFE256ED7E74B
:1002F000002800F0AE802DE9F04F1446A5B0002A8A
:100300003DD00F46002949D0B2F5803F0546006E2A
:1003100020D34FF6FF7805F1640AEB6D1A1AB2FB91
:10032000F3F103FB1122002A65D18342B9464FF64F
:10033000FF7672D0B6FBF3FB03FB0BFBBBF1000FA8
:1003400030D1002E45D1A4F57F44FF3CB4F5803F69
:100350004744E2D2EA6D161AB6FBF2F302FB1366CB
:10036000A64228BF2646002E75D1824200F08D801D
:10037000B4FBF2F602FB06F62EB9002C79D1002070
:1003800025B0BDE8F08F002331463846CDE9003373
:1003900002AAFFF709FA002800F09580012025B095
:1003A000BDE8F08F002359464846CDE9003302AA44
:1003B000FFF7FAF90028F1D15A46284602A900F0C1
:1003C000EBF90028EAD1A6EB0B06286ED944002EE3
:1003D000B9D019304946324605EB8000FEF722FEBF
:1003E000A4F57F44286EFF3C3044B4F5803F474479
:1003F000286692D2AEE7424528BF424616463946A5
:100400005044FEF70FFE286EEB6D3044834207EB3D
:1004100006092866A8EB06068CD1802B28BF80230E
:1004200051461A4604A8FEF7FDFD0023E96D02AA15
:10043000CDE9003304A8FFF7B7F90028AED128466C
:10044000EA6D02A900F0A8F90028A7D1EB6D286693
:1004500070E70120704705F16403394632461844BD
:10046000FEF7E0FD286EEA6D3044A41B3744286691
:100470007BE72B6E2246193305EB83003946FEF7E6
:10048000D1FD2B6E23442B6679E7802A28BF80227A
:1004900005F1640104A8FEF7C5FD0023E96D04A879
:1004A000CDE9003302AAFFF77FF900287FF476AF89
:1004B0002846EA6D02A900F06FF900287FF46EAFBC
:1004C000EA6D286654E73246284602A900F064F92E
:1004D00000287FF463AF3744A41B4EE7F8B51C46F1
:1004E0000546114816460F46FFF744FE21460E48C2
:1004F000FFF75AFE044620B10B48FFF74FFE204697
:10050000F8BD3A4629460848FFF762FE044600282F
:10051000F2D131460448FFF785FE04460248FFF752
:100520003DFE2046F8BD00BFA0CB00201C2370B5C7
:1005300082B001A90546019300F036F8044638B9A7
:10054000019B1C2B07D0144C1C212846FEF76EFD86
:10055000204602B070BDD5E90112131E18BF012359
:10056000003918BF0121012628689B00EA6843EA88
:100570004103002818BF43F00103EE612AB9C5E921
:100580000834002BE4D1054CDEE7204643F0080395
:10059000C5E9083402B070BD370CF0000E0CF00055
:1005A00000201870704700BF0346002866D000295D
:1005B00064D00A681C2A61D14FF47F023B49D2F80B
:1005C000100C88425CD0D2F8101C013158D0D2F8FF
:1005D000101C4FF47F021960D2F8140C3449884281
:1005E00060D0D2F8141C01315CD0D2F8141C4FF446
:1005F0007F025960D2F8181C11F5947F4FD0D2F8C1
:10060000181C01314BD0D2F8181C4FF47F029960AE
:10061000D2F81C0C274988423ED0D2F81C1C01316C
:100620003AD0D2F81C1C4FF47F02D960D2F8001CDB
:1006300070312FD0D2F8001C01312BD0D2F8001C21
:100640004FF47F021961D2F8041CAF3120D0D2F8E8
:10065000041C01311CD0D2F8041C4FF47F025961F4
:10066000D2F8080C144988420DD0D2F8081C013188
:1006700009D0D2F8082C00209A61704701207047F9
:1006800040F6FC01A5E740F2373200209A6170473E
:100690005121E2E79021D3E742F60411C3E740F687
:1006A000D861B2E742F2D001A1E700BFFCF8FFFF3A
:1006B000D020FFFF0429FFFF37F3FFFF014608B5F5
:1006C0004FF48060FEF73AFC0022034BC3F8C821C8
:1006D000C3F82C2108BD00BF001084500138072842
:1006E00005D8DFE800F0100E040A040404060748E9
:1006F0007047CB6800204B6270478B6800204B62CC
:1007000070474B68F6E70B68F4E700BF310CF10067
:100710000B6802E0082B0B6006D8026A13424FEA0E
:100720004303F7D00020704700487047310CF100B8
:100730000022044B4FF48060C3F82C21C3F8C4217D
:10074000FEF7E2BB00108450D8B108B50368012B56
:1007500004D0022B0FD043B10B4808BD20220B4917
:100760000830FEF75FFC002008BD1422084908305D
:10077000FEF758FCF7E7202206490830FEF752FC46
:10078000F1E74FF4730070470100F3005C270100AC
:100790009C2701007C2701002DE9F843002900F087
:1007A000F9800446002800F0F98003680F4690465F
:1007B000002B00F0C380013B012B00F2D7804FF0EB
:1007C000FF3178484FF00209FEF748FC002840F05E
:1007D000BF800020FEF772FC0646002840F0C28071
:1007E000714AD2F81C39002BFBD16F4DD5F8203C53
:1007F000002BFBD14FF0FF30FEF786FBD5F8040A43
:1008000020F04000FEF78EFB01230722C5F81838C0
:10081000C5F80029C5F8C437A36CC5F8CC37E36C1C
:10082000C5F8D037C5F8C09723685BB1013B012BF1
:1008300018D8636AC5F85C36236AC5F85836E36988
:10084000C5F85436A269584BC3F850266269C3F8FC
:100850004C262269C3F84826E268C3F84426A268F9
:10086000C3F84026504AD2F81039002BFBD1B8F11A
:10087000000F5FD063684020012B08BFC2F88436A8
:100880003A68494BC3F8282CC3F82C8CFEF750FB70
:100890000646454AD2F81039002BFBD1424AD2F81D
:1008A000203C002BFBD123685BB1013B012B18D806
:1008B000D2F85C366362D2F858362362D2F85436E6
:1008C000E361394BD3F85026A261D3F84C2662611C
:1008D000D3F848262261D3F84426E260D3F84036A4
:1008E000A36000230121304AD2F8CC07A064D2F8DB
:1008F000D007E064C2F8C417C2F88436C2F8C8371B
:10090000D2F81039002BFBD1C2F81838002E3BD199
:10091000254BD3F8040A40F04000FEF703FB01200A
:10092000FEF7CCFB60BB1F48FEF7A0FB10BB3046B8
:10093000BDE8F8830423C2F8C837AAE74FF0FF31B7
:1009400018484FF00109FEF789FB00283FF441AF3A
:100950001648FEF71FFC0020FEF7B0FB06460028F5
:100960003FF43EAF1248FEF715FC39E7114E304612
:10097000BDE8F8831048FEF70DFC3046BDE8F8836B
:100980000E48FEF707FCCEE7102104F10800FEF741
:100990004DFBBDE70A4E3046BDE8F8834FF47306C1
:1009A000C5E700BFE4AF00200010845044260100DA
:1009B0005C2601000100F3009C2601007C2601005A
:1009C0000300F300A0B3034670B4D0E90240D3E9BA
:1009D000041226BA05BA0CBA10BAC3E90440D3E926
:1009E0000612986A09BAC3E9026512BA996100BA97
:1009F000D3E9084125BA0CBAC3E90725D3E90B129C
:100A0000C3E9094009BAD86B12BAD962D3E90D41DA
:100A100025BAC3E90C250CBA00BAD3E9101209BAF9
:100A200012BAC3E90E40196400205A6470BC7047C2
:100A30004FF47300704700BF2DE9F041904690F8E5
:100A400021710A46C7F1100307F588714345064630
:100A5000014408D943460846474401F01BFA86F88A
:100A60002171BDE8F081084606F58874A8F11008E8
:100A7000D518474401F00EFA32462146204696F832
:100A8000233101F04FF80F2F24D9A7F1100828F0D7
:100A90000F0808F11008A8442A46102321462046D2
:100AA00001F0F8F9103532462146204696F82331F8
:100AB00001F038F84545EFD107F00F07002FCED0F1
:100AC0003B4642462146204601F0E4F986F8217172
:100AD000BDE8F081A846002FC1D0F1E72DE9F04331
:100AE0001746044688465FFA87F9C9F10E0585B0B6
:100AF00010220021EDB2F0301E46F8F7C7F93A4651
:100B0000414684F8F05004F1F100F8F783F90C9BAA
:100B10001022C4F824310D9B09F10109C4F82831D1
:100B2000012384F8229104F58879002184F8FF30AC
:100B300084F820214846F8F7A9F9D4F82831023E74
:100B4000003B18BF0123760845EAC60545EA831530
:100B5000D4F824313A461BBA4146C4F81C3184F813
:100B6000105104F21110F8F755F994F82331224688
:100B70004946484600F0D6FFD4F82831BBB1B3F55A
:100B80007F4F1AD306251BBACDF80630FE21FF226F
:100B90002B468DF805108DF804204946484601AAD9
:100BA00001F078F984F8215105B0BDE8F0831D46C5
:100BB00084F8215105B0BDE8F0830225C3F3072274
:100BC000D9B22B46E5E700BF2DE9F0470546DDE940
:100BD0000889DDE90A7A1C4621B1164601F0F6F8CB
:100BE00085F8236154B14B46424621462846CDF84C
:100BF00024A00897BDE8F047FFF770BFBDE8F08775
:100C000002B97047FFF718BF2DE9F8431D46D0F829
:100C100028310646894690463BB190F82131002B99
:100C200040F0CF800023C6F828310DB9BDE8F88325
:100C30002A4641463046FFF7FFFE96F82071102FF6
:100C400015D007F58072C7F11004AC4228BF2C46BE
:100C5000414648462346324401F01CF92D1BA1446D
:100C6000A0442744EBD186F82071BDE8F88396F8BC
:100C70002331324606F1F00106F5807000F052FF94
:100C800096F822310F2B00F2978096F8FF20013260
:100C9000D2B286F8FF20002A40F08E800F2B00F0A1
:100CA0008B8096F8FE200132D2B286F8FE20002A10
:100CB00040F082800E2B7FD096F8FD200132D2B218
:100CC00086F8FD20002A77D10D2B75D096F8FC20F0
:100CD0000132D2B286F8FC20002A6DD10C2B6BD0E9
:100CE00096F8FB200132D2B286F8FB20002A63D1AD
:100CF0000B2B61D096F8FA200132D2B286F8FA2096
:100D0000002A59D10A2B57D096F8F9200132D2B2D5
:100D100086F8F920002A4FD1092B4DD096F8F820FB
:100D20000132D2B286F8F820002A45D1082B43D0F0
:100D300096F8F7200132D2B286F8F720002A3BD18C
:100D4000072B39D096F8F6200132D2B286F8F62079
:100D500092BB062B30D096F8F5200132D2B286F83D
:100D6000F5204ABB052B27D096F8F4200132D2B2E9
:100D700086F8F42002BB042B1ED096F8F320013233
:100D8000D2B286F8F320BAB9032B15D096F8F22028
:100D90000132D2B286F8F22072B9022B0CD096F84A
:100DA000F1200132D2B286F8F1202AB923B996F89F
:100DB000F030013386F8F03010244FF480720027B1
:100DC00043E700F58871024696F82331084600F0A3
:100DD000A9FE002386F821310023C6F8283124E734
:100DE0002DE9F84F9A46D0F8283105468B469046B3
:100DF0003BB190F82131002B40F0D3800023C5F89F
:100E00002831BAF1000F01D1BDE8F88FD946574615
:100E100095F82061102E1AD006F58072C6F11004E4
:100E2000BC4228BF3C464146484623462A4401F07E
:100E300031F83F1BA144A0442644EBD185F8206142
:100E4000524659462846BDE8F84FFFF7F5BD95F8DC
:100E500023312A4605F1F00105F5807000F062FEAD
:100E600095F822310F2B00F2978095F8FF20013280
:100E7000D2B285F8FF20002A40F08E800F2B00F0C0
:100E80008B8095F8FE200132D2B285F8FE20002A30
:100E900040F082800E2B7FD095F8FD200132D2B237
:100EA00085F8FD20002A77D10D2B75D095F8FC2010
:100EB0000132D2B285F8FC20002A6DD10C2B6BD008
:100EC00095F8FB200132D2B285F8FB20002A63D1CD
:100ED0000B2B61D095F8FA200132D2B285F8FA20B6
:100EE000002A59D10A2B57D095F8F9200132D2B2F5
:100EF00085F8F920002A4FD1092B4DD095F8F8201C
:100F00000132D2B285F8F820002A45D1082B43D00F
:100F100095F8F7200132D2B285F8F720002A3BD1AC
:100F2000072B39D095F8F6200132D2B285F8F62099
:100F300092BB062B30D095F8F5200132D2B285F85D
:100F4000F5204ABB052B27D095F8F4200132D2B208
:100F500085F8F42002BB042B1ED095F8F320013253
:100F6000D2B285F8F320BAB9032B15D095F8F22048
:100F70000132D2B285F8F22072B9022B0CD095F86A
:100F8000F1200132D2B285F8F1202AB923B995F8BF
:100F9000F030013385F8F03010244FF480720026D1
:100FA0003EE700F58871024695F82331084600F0C7
:100FB000B9FD002385F821310023C5F8283120E749
:100FC0002DE9F04190F8213104460D46164600F512
:100FD0008878DBB994F8222104F5807702F1F000DB
:100FE0000021C2F110022044F7F750FF2246384694
:100FF00094F8233104F1F00100F094FD33463A46B1
:1010000041462846BDE8F04100F044BF90F8233146
:1010100002464146404600F085FD002384F8213118
:10102000D8E700BF2DE9F04190F8213104460F4682
:10103000154600F588760BBB94F8222104F58078DC
:1010400002F1F0000021C2F110022044F7F71EFF68
:101050002246404694F8233104F1F00100F062FD8D
:101060002B4642463146304600F014FF2A463146B0
:10107000384600F0EDFE0138BDE8F08190F82331EC
:1010800002463146304600F04DFD002384F8213100
:10109000D2E700BF3F2A2DE9F041904652D90546DC
:1010A0000C46A2F1400626F03F064036274F0E447C
:1010B000236840341BBA2B6454F83C3C39461BBAB5
:1010C0006B6454F8383C28461BBAAB6454F8343C83
:1010D0001BBAEB6454F8303C1BBA2B6554F82C3C1B
:1010E0001BBA6B6554F8283C1BBAAB6554F8243C1A
:1010F0001BBAEB6554F8203C1BBA2B6654F81C3C19
:101100001BBA6B6654F8183C1BBAAB6654F8143C17
:101110001BBAEB6654F8103C1BBA2B6754F80C3C16
:101120001BBA6B6754F8083C1BBAAB6754F8043C15
:101130001BBAEB6700F0BAFEB442B9D108F03F0029
:10114000BDE8F0811046BDE8F08100BFB027010086
:101150000A4610B514681A4924BA0464546824BABB
:101160004464946824BA8464D46824BAC464146956
:1011700024BA0465546924BA4465946924BA846520
:10118000D46924BAC465146A24BA0466546A24BAB9
:101190004466946A24BA8466D46A24BAC466146B1A
:1011A00024BA0467546B24BA4467946B24BA8467E6
:1011B000D26B12BAC26700F079FE002010BD00BFEA
:1011C000B02701000023F0B50B490C4C0C4ADFF8A6
:1011D00034E0DFF834C00D4F0D4E0E4DC0E903EC86
:1011E000C0E90576C0E90041C5618260C0F8C03041
:1011F000C0F8C430F0BD00BF85AE67BB67E6096AC2
:1012000072F36E3C3AF54FA57F520E518C68059BE8
:10121000ABD9831F19CDE05B2DE9F041D0E9305304
:101220001344074614460E46C0F8C430E5B13F2DBE
:1012300000F2C280CAB105F17F01C5F14008334612
:101240000144B04400E0ACB3013313F8010C9A1B25
:10125000434501F8010F04F1FF342A44F3D1402A39
:1012600000F09880154646461CB9C7F8C050BDE846
:10127000F081224631463846FFF70CFF221A054618
:10128000B3180028F1D0411E052906D90132324495
:1012900007F180018A1A022A13D8264407F17F0237
:1012A00013F8011B9E4202F8011FF9D1C7F8C05084
:1012B000BDE8F081402A78D01546C7F8C050BDE897
:1012C000F08119688208012AC7F8801077D0596820
:1012D000022AC7F8841043D09968032AC7F88810F7
:1012E0003ED0D968042AC7F88C1039D01969052A6C
:1012F000C7F8901034D05969062AC7F894102FD037
:101300009969072AC7F898102AD0D969082AC7F816
:101310009C1025D0196A092AC7F8A01020D0596A54
:101320000A2AC7F8A4101BD0996A0B2AC7F8A8107C
:1013300016D0D96A0C2AC7F8AC1011D0196B0D2A37
:10134000C7F8B0100CD0596B0E2AC7F8B41007D0EC
:10135000996B0F2AC7F8B81002D0DA6BC7F8BC2017
:10136000AA0782D025F0030213441878B91881F82F
:101370008000511C8D427FF678AF58780232394494
:10138000954281F880007FF670AF9B783A4482F8EE
:1013900080306AE7384607F18001FFF7D9FE4646FC
:1013A0000546002C3FF461AF63E7384607F1800142
:1013B000FFF7CEFE054658E72A4688464FE7042247
:1013C0001344D2E7F8B580260446D0F8C0300D4665
:1013D000C218581C382882F88060264432D93F2829
:1013E0002AD8002220443E2B80F8802003F10201FD
:1013F00022D021443D2B81F8802003F103011BD032
:1014000021443C2B81F8802003F1040114D02144B5
:101410003B2B81F8802003F105010DD021443A2BAC
:1014200081F8802003F1060106D02144382B81F891
:10143000802001D184F8BF2031462046FFF788FE86
:101440003A285BD8421C3B2AC0F13A01C0F13B0369
:1014500088BF0123022941D900219A0800F1800E9A
:10146000012A04EB0E0C44F80E1031D0022ACCF8FD
:1014700004102DD0032ACCF8081029D0042ACCF867
:101480000C1025D0052ACCF8101021D0062ACCF853
:1014900014101DD0072ACCF8181019D0082ACCF83F
:1014A0001C1015D0092ACCF8201011D00A2ACCF82B
:1014B00024100DD00B2ACCF8281009D00C2ACCF817
:1014C0002C1005D00E2ACCF8301008BFCCF8341000
:1014D00023F003029B07104410D0421C0023211864
:1014E0003B2A81F8803009D02244392882F88030A4
:1014F00000F1020202D0224482F880300022D4F8A7
:10150000C43031465F0F4FEA535E67F307024FEA7C
:10151000533C6EF30F225E096CF31742DB0066F357
:101520001F6284F8BF302046C4F8BB20FFF710FECE
:1015300023681BBA2B6063681BBA6B60A3681BBA75
:10154000AB60E3681BBAEB6023691BBA2B6163696C
:101550001BBA6B61A3691BBAAB61E3691BBAEB6190
:10156000F8BD00BF2DE9F0410027B54CB54BB2B036
:10157000CDE90043B44BB54E0293B54B1446CDE9CB
:101580000363B44B05460593B34B3097069303F1C1
:101590007453A3F52303A3F6924331920793002AD1
:1015A00040F0848080224FF03A0C01236E460DEB10
:1015B00002078DF8802000204FEA9C0203F1800E84
:1015C000012A06EB0E0146F80E0024D0022A4860DC
:1015D00021D0032A88601ED0042AC8601BD0052AA7
:1015E000086118D0062A486115D0072A886112D0F0
:1015F000082AC8610FD0092A08620CD00A2A48625A
:1016000009D00B2A886206D00C2AC86203D00E2AA1
:10161000086308BF48631CF0030F16D02CF0030CBE
:101620006344002103F1C8026A443A2B02F8481CC3
:101630000BD003F1C9026A44392B02F8481C04D0CC
:10164000CA330DEB030202F8481C0023620F62F359
:101650000703620D62F30F23620B62F31743620903
:10166000394662F31F633046E400CDF8BB308DF895
:10167000BF40FFF76DFDDDE90001DDE9022306BA99
:1016800014BA18BA09BADDE9042312BA69602A61EA
:1016900019BADDE9062312BA1BBA2E60AC60E86005
:1016A0006961AA61EB6132B0BDE8F0816E463046F7
:1016B0008846FFF7EFFC241A08EB0403002800F02B
:1016C000F580421E022A53D958F80420209282083D
:1016D000012A00F0E6805968022A219100F0BE80BC
:1016E0009968032A229100F0E780D968042A23919F
:1016F00000F0E7801969052A249100F0E780596914
:10170000062A259100F0E7809969072A269100F0C2
:10171000E780D969082A279100F0E780196A092A29
:10172000289100F0ED80596A0A2A299100F0B180D1
:10173000996A0B2A2A9100F0F480D96A0C2A2B911D
:1017400000F00381196B0D2A2C9100F00981596B6F
:101750000E2A2D9106D00F2A996B18BFDA6B2E91A5
:1017600018BF2F9220F0030782073B4400F0DE8071
:10177000197807F1C8026A4402F8481C7A1C9042A2
:101780000FD9591C0978C83202376A44B84202F8A6
:10179000481C06D99B7807F1C8020DEB020707F831
:1017A000483C8021431C00F1C8026A44382B309029
:1017B00002F8481C6AD93F2B2CD80022C8336B444E
:1017C0003E2803F8482C25D000F1CA030DEB030195
:1017D0003D2801F8482C1DD000F1CB036B443C2878
:1017E00003F8482C16D000F1CC036B443B2803F8D7
:1017F000482C0FD000F1CD036B443A2803F8482C55
:1018000008D000F1CE036B44382803F8482C01D1EE
:101810008DF8BF2020AF39463046FFF799FC3A28B3
:1018200003463CD8319CC3F13A02022A7FF6F9AE56
:101830005A1C3B2AC3F13B0C88BF4FF0010CBAE69F
:1018400067E6096A85AE67BB72F36E3C3AF54FA551
:101850007F520E518C68059BABD9831F082854D04A
:1018600008273B4419467A1C11F801CB07F1C8043C
:101870006C44904204F848CC84D8802100F1C8031D
:101880000DEB03023090431C02F8481C319C20AF42
:10189000C9E7282800F0888028273B44E2E7319CEC
:1018A000D3E6042826D004273B44DBE7802201232B
:1018B00030908DF88020E9E70C282CD00C273B4491
:1018C000D0E710283BD010273B44CBE7142841D069
:1018D00014273B44C6E7182847D018273B44C1E7E4
:1018E0001C2849D01C273B44BCE7202850D0202787
:1018F0003B44B7E78022052330908DF88420C5E76C
:1019000024283FD024273B44ACE780220923309091
:101910008DF88820BAE780220D2330908DF88C2036
:10192000B4E72C283AD02C273B449BE7802100F1D8
:10193000C8026A443090431C02F8481C3BE78022EE
:10194000112330908DF89020A0E7302832D0302736
:101950003B4487E78022152330908DF8942095E74B
:1019600034282DD034273B447CE7182180221923CA
:1019700030918DF8982089E780221D2330908DF8D2
:101980009C2083E78022252330908DF8A4207DE7DA
:101990008022212330908DF8A02077E780222D230C
:1019A00030908DF8AC2071E78022292330908DF89B
:1019B000A8206BE78022312330908DF8B02065E7B6
:1019C0008022352330908DF8B4205FE780EA101430
:1019D00004F0F01480EA0410604081EA111404F06D
:1019E000F01481EA0411614082EA121404F0F01448
:1019F00082EA0412624083EA131404F0F01483EACA
:101A00000413634080EA102404F47F4480EA042035
:101A1000604081EA112404F47F4481EA042161409A
:101A200082EA122404F47F4482EA0422624083EAB8
:101A3000132404F47F4483EA0423634081EA5004BE
:101A400004F0553480EA4400614083EA520404F013
:101A5000553482EA4402634082EA900404F033344D
:101A600080EA8400624083EA910404F0333481EA1E
:101A700084016340704700BF82EA900404F033346D
:101A800080EA8400624083EA910404F0333481EAFE
:101A90008401634081EA500404F0553480EA440034
:101AA000614083EA520404F0553482EA4402634000
:101AB00080EA102404F47F4480EA0420604081EA34
:101AC000112404F47F4481EA0421614082EA122453
:101AD00004F47F4482EA0422624083EA132404F47B
:101AE0007F4483EA0423634080EA101404F0F01476
:101AF00080EA0410604081EA111404F0F01481EAD5
:101B00000411614082EA121404F0F01482EA041213
:101B1000624083EA131404F0F01483EA0413634070
:101B2000704700BF2DE9F14F94464FEA930B8A6846
:101B3000CB6808684968FFF749FF0BF1060E33E0F0
:101B400083EA134480EA134582EA134746BA96EAC9
:101B50003444604000F00F1684EA063420F00F167B
:101B600084EA161054BA94EA0106724002F00F1487
:101B700086EA043622F00F1486EA14124CBA654045
:101B8000694001F00F1485EA043521F00F1485EA4D
:101B900014115CBA67407B4003F00F1487EA0437E6
:101BA00023F00F1487EA1413BCE8F000604069408A
:101BB00072407B4000F0E03400F0103500F00F3050
:101BC00040EA540040EAC50080EA900404F033245F
:101BD00080EA8400604001F0E03401F0103501F04B
:101BE0000F3141EA540141EAC50181EA910404F050
:101BF000332481EA8401614002F0E03402F01035C0
:101C000002F00F3242EA540242EAC50282EA92042A
:101C100004F0332482EA8402624003F0E03403F0EB
:101C2000103503F00F3343EA540343EAC50383EA54
:101C3000930404F0332483EA8403634081EA324747
:101C400087EA134581EA354690EA060484EA034BA5
:101C500082EA1B4280EA044484EA054483EA144A87
:101C600085EA14448BEA044B84EA374481EA0B4149
:101C700081EA164104EA0A00454082EA04082BEA98
:101C8000080041408AEA0B0602EA060084EA34436F
:101C90008AEA3A4603EA060778404540414088EA26
:101CA00038478BEA3B4007EA000985EA090583EAE1
:101CB0000709464006EA0906714085EA010005EA7F
:101CC0003546464006EA314181EA304181EA3646EE
:101CD00006EA304686EA3546344008EA010886EAD4
:101CE00001052A4086EA364003405A4081EA3143E2
:101CF0001F407C4080EA030709EA070988EA0908CF
:101D0000544088EA020806EA0A0601EA0B018AEA58
:101D10000B0215408AEA3A42104045408BEA3B40AC
:101D200003405E404240174079404D404E40E443FE
:101D3000F64386EA18435D4085EA054083EA13438B
:101D400086EA034183EA384284EA114383EA044382
:101D50005FEA3343BEF1010E3FF6F2AE1ED4BCE89B
:101D6000F0006040694072407B4020BCFFF784FE79
:101D700028606960AA60EB60BDE8F08F2DE9E04162
:101D80004FF2F00280EA1031114080EA0130484001
:101D900041088208C3084FF0000E4FE700F01130F1
:101DA00001F0113102F0113203F0113340EA410029
:101DB00040EA820040EAC3004FF2F00280EA1031AC
:101DC000114080EA01304840BDE8E0812DE9F04F44
:101DD00002F11C050646074600EB850851F8040B86
:101DE000043A46F8040BF9D14FF0010CFFF7C6FF97
:101DF0005FEA302080EA0C001ECF41404A40534049
:101E00005C401EC62000464517D04FEA4C0C1CF41F
:101E1000807F18BFACF1E50C2C2DE7D03C2D06D10E
:101E2000FFF7ACFF06CF41404A4006C6100006CF80
:101E300041404A4006C61000D8E736E90F00FFF7D8
:101E4000C5FD043D86E80F00F7D1BDE8F08F00BF67
:101E500030B44FF0000310F8014B11F8015B013A68
:101E600084EA050443EA0403F5D1A3F101034FEA30
:101E7000D37030BC704700BF4FF0000310F8012B47
:101E8000013943EA0203F9D1A3F101034FEAD37008
:101E9000704700BF30B411F8014B12F8015B6C4081
:101EA00000F8014B013BF6D130BC70472DE9F04FF3
:101EB00090E8F00F00F140004FF0040E59E0F0B44C
:101EC000826BC36B04680525242687593C444FEA7E
:101ED000724787EAF24787EA92273C4442684FEA12
:101EE000F21787EAB24787EAD2073C4440F8044B2E
:101EF000032D08BF6FF01B0687593A444FEA73471A
:101F000087EAF34787EA93273A4443684FEAF3178F
:101F100087EAB34787EAD3073A4440F8042B875946
:101F20003B444FEA744787EAF44787EA94273B44E7
:101F300044684FEAF41787EAB44787EAD4073B447A
:101F400040F8043B013DC0D1A0F13C00076A3C448D
:101F50004FEA724787EAF24787EA92273C440268D1
:101F60004FEAF21787EAB24787EAD2073C44C463D4
:101F7000F0BC4FF0020288EA781C8CEAF84C0BEBBC
:101F8000BC1C8AEA090303EA080383EA0A039C44A7
:101F900050F8043B9C4451F8043B9C44674444EA99
:101FA000050B0BEA060B04EA05034BEA030BE344BB
:101FB00084EAF42383EA34530BEBB30B87EA771CF0
:101FC0008CEAF74C0AEBBC1C89EA080303EA070316
:101FD00083EA09039C4450F8043B9C4451F8043BB9
:101FE0009C4466444BEA040A0AEA050A0BEA040325
:101FF0004AEA030AE2448BEAFB2383EA3B530AEBF7
:10200000B30A86EA761C8CEAF64C09EBBC1C88EA1B
:10201000070303EA060383EA08039C4450F8043BE1
:102020009C4451F8043B9C4465444AEA0B0909EA84
:1020300004090AEA0B0349EA0309E1448AEAFA239C
:1020400083EA3A5309EBB30985EA751C8CEAF54C2F
:1020500008EBBC1C87EA060303EA050383EA0703CF
:102060009C4450F8043B9C4451F8043B9C44644419
:1020700049EA0A0808EA0B0809EA0A0348EA0308D9
:10208000E04489EAF92383EA395308EBB30884EA88
:10209000741C8CEAF44C07EBBC1C86EA050303EACB
:1020A000040383EA06039C4450F8043B9C4451F823
:1020B000043B9C44E34448EA090707EA0A0708EAA4
:1020C000090347EA0307674488EAF82383EA385399
:1020D00007EBB3078BEA7B1C8CEAFB4C06EBBC1CC2
:1020E00085EA040303EA0B0383EA05039C4450F8E2
:1020F000043B9C4451F8043B9C44E24447EA0806F4
:1021000006EA090607EA080346EA0306664487EA80
:10211000F72383EA375306EBB3068AEA7A1C8CEA84
:10212000FA4C05EBBC1C84EA0B0303EA0A0383EABE
:1021300004039C4450F8043B9C4451F8043B9C44E9
:10214000E14446EA070505EA080506EA070345EA09
:102150000305654486EAF62383EA365305EBB305A7
:1021600089EA791C8CEAF94C04EBBC1C8BEA0A0363
:1021700003EA090383EA0B039C4450F8043B9C44A4
:1021800051F8043B9C44E04445EA060404EA070491
:1021900005EA060344EA0304644485EAF52383EA76
:1021A000355304EBB304013A7FF4E5AEA0F14000EF
:1021B000BEF1010E7FF483AEA0F1400C9CE80F004D
:1021C000001949199219DB19ACE80F009CE80F00BF
:1021D0004044494452445B44ACE80F00BDE8F08FF2
:1021E000431810B501D21F2A01D9002010BD0139B2
:1021F00002F014030144102B80EA01043CD009DCF6
:102200008BB1042BF1D11F2C40E840F315D941E8E4
:1022100040F10EE0142BE8D11F2C40E8C0F30CD99C
:1022200041E8C0F105E01F2C40E800F305D941E882
:1022300000F11C460B468C42D7D122F01402013A21
:102240000A2AD2D801A151F822F000BF9B22010036
:102250009522010087220100EB210100EB21010002
:10226000EB210100EB210100A12201009B220100D2
:102270008F220100872201001F2C40E880F3DCD967
:1022800041E880F1D5E713F4001FAFD1ADE713F4B7
:10229000801FFAE75B02A9D5A7E713F4002FF4E744
:1022A00013F4802FF1E700BF70B50E4D00260E4CE1
:1022B000641BA410A6420BD10C4B0BB1AFF30080F2
:1022C0000B4D00260B4C641BA410A64205D170BD1B
:1022D00055F8043B01369847ECE755F8043B0136C6
:1022E0009847F2E7604000006040000000000000F6
:1022F000604000006040000008B5054B044613B183
:102300000021AFF3008000F005F82046F6F732FD1B
:102310000000000038B5074D074C641BA41024B919
:10232000064B0BB1AFF3008038BD013C55F82430AB
:102330009847F4E7604000006040000000000000A3
:102340002DE9E04F2746A046A146A246A346A44653
:10235000A2B02DEC000A84F3008825462646A44747
:10236000EFF3148515F0080F18BFB0EE400A3DECEE
:10237000000A22B0BDE8E08F5C81FF7F0000000012
:10238000000000000000000001010080918F0000AB
:10239000000000000000000000000000000000003D
:1023A000000000000000000000000000000000002D
:1023B00000000000000000007AFFFFFF54464D5F60
:1023C00043525950544F000054464D5F50524F54A1
:1023D00045435445445F53544F524147455F53452D
:1023E000525649434500000054464D5F494E5445FE
:1023F000524E414C5F545255535445445F53544FD1
:10240000524147455F53455256494345000000003D
:1024100054464D5F504C4154464F524D5F534552C8
:10242000564943450000000054464D5F48575F55EC
:102430004E49515F4B4559005C81FF7F0000000011
:1024400000400000307800005B556E737570706F4F
:1024500072746564205461675D000000303132336E
:1024600034353637383941424344454630313233CA
:10247000343536373839616263646566EC130000C1
:10248000EC1300000000000000000000E41B00004E
:10249000E01F0000D02F0000C03F0000E41B000040
:1024A000E01F00000000000000000000E41B00002E
:1024B000E01F0000D02F0000C03F0000000000001F
:1024C000C03F0000141400001C2030401C200000FD
:1024D0001C203040004000001400000014000000E8
:1024E00000000000000000001C00000020000000B0
:1024F00030000000400000001C0000002000000030
:1025000000000000000000001C000000200000008F
:10251000300000004000000000000000400000000B
:10252000505341004B4559000000000000000000DE
:10253000000000000000000000000000000000009B
:10254000000000000000000040000000400000000B
:1025500000000000000000004000000040000000FB
:10256000800000008000000080000000800000006B
:102570000000000000000000900000008800000043
:102580006800000048000000140000001400000073
:1025900000000000000000001C00000020000000FF
:1025A00030000000400000001C000000200000007F
:1025B00000000000000000001C00000020000000DF
:1025C000300000004000000000000000400000005B
:1025D000506172746974696F6E20696E69746961A3
:1025E0006C697A6174696F6E204641494C4544209C
:1025F000696E20307825780D0A0000001DD8000093
:102600000DD80000FDD700002DD800003DD80000F7
:102610004DD800005DD800006DD800007DD80000C6
:102620008DD800009DD80000FF8FFFFFFF8FFFFFB8
:10263000FE8FFFFFFE8FFFFFFD8FFFFFFC8FFFFF71
:10264000FC8FFFFF4661696C20746F2061637175B8
:10265000697265206D757465780A00004661696C61
:1026600020746F20696E63726561736520504D2020
:10267000636F756E7465720A000000004661696CD4
:1026800020746F20646563726561736520504D200E
:10269000636F756E7465720A000000004661696CB4
:1026A00020746F2072656C65617365206D7574654B
:1026B000780A0000436F756C64206E6F74206C6F35
:1026C000636B20706F7765722073617665206D751E
:1026D000746578006D757465785F667265652063F2
:1026E000616C6C65642077697468204E554C4C2091
:1026F000706172616D6574657200000043616E27E0
:102700007420696E697469616C697A65206D75748D
:1027100065782C20776173204E554C4C0D0A0000D3
:102720004661696C20746F20756E6C6F636B206DF1
:10273000757465780A0000006374782063616E6EBA
:102740006F74206265204E554C4C00000A6374780B
:10275000206973204E554C4C0A00000067E6096A58
:1027600085AE67BB72F36E3C3AF54FA57F520E51B2
:102770008C68059BABD9831F19CDE05BD89E05C142
:1027800007D57C3617DD703039590EF7310BC0FF95
:1027900011155868A78FF964A44FFABE0123456745
:1027A00089ABCDEFFEDCBA9876543210F0E1D2C39B
:1027B000982F8A4291443771CFFBC0B5A5DBB5E9AC
:1027C0005BC25639F111F159A4823F92D55E1CAB20
:1027D00098AA07D8015B8312BE853124C37D0C55AE
:1027E000745DBE72FEB1DE80A706DC9B74F19BC1F6
:1027F000C1699BE48647BEEFC69DC10FCCA10C24E6
:102800006F2CE92DAA84744ADCA9B05CDA88F976C9
:1028100052513E986DC631A8C82703B0C77F59BF33
:10282000F30BE0C64791A7D55163CA06672929145F
:10283000850AB72738211B2EFC6D2C4D130D3853FC
:1028400054730A65BB0A6A762EC9C281852C7292BE
:10285000A1E8BFA24B661AA8708B4BC2A3516CC7EC
:1028600019E892D1240699D685350EF470A06A1025
:1028700016C1A419086C371E4C774827B5BCB03474
:10288000B30C1C394AAAD84E4FCA9C5BF36F2E6812
:10289000EE828F746F63A5781478C8840802C78CA1
:1028A000FAFFBE90EB6C50A4F7A3F9BEF27871C6A4
:1028B0000000000000000000000000000000000018
:107C00007FE97FE9F0F7E0BF7FE97FE9F0F7EEBFBA
:107C10007FE97FE9F1F720B87FE97FE9F1F70EB856
:107C20007FE97FE9F0F7F4BF0000000000000000EA
:107C30000000000000000000000000000000000044
:107C4000C8870000000000000000000000000000E5
:107C50000000040048080D0000000000C887000074
:107C60000000000000000000000000000000040010
:107C700000020B0000000000009000500000000017
:107C800000000000000000000000000000000000F4
:107C900000000000000000000000000000000000E4
:107CA00000000000000000000000000000000000D4
:107CB00000000000000000000000000000000000C4
:107CC000000000000000000000000000A887000085
:107CD000040000000000000000000000FFFFFFFFA4
:107CE000FFFFFFFFFFFFFFFFFFFFFFFF00000000A0
:107CF0000000000000000000000000000000000084
:107D0000000000000000D601000000000000070095
:107D10000090D00390ED00E000A003507FA6035038
:107D2000009000506F95005084B1002044B00020B6
:107D30004401000085930000AD930000A99300006A
:107D40008D8E0000FFFF0000D8C80020DCAF0020AF
:107D500010B0002008B0002004B0002000B00020C7
:107D600065F1000059F100004DF1000041F1000003
:107D70000000000071F100003CB0002034B0002091
:107D80002CB000200000000024B000207DF2000094
:107D9000C9F10000FDF1000045F2000044C90020D7
:107DA0003A00003A48C900203A00003A4CC9002085
:0C7DB0003A00003A50C900203A00003AA6
:020000040004F6
:10000000F0F00120A1B5040065AE04008DB5040038
:100010008DB504008DB504008DB504008DB50400C8
:100020000000000000000000000000003DB70400D8
:100030008DB5040000000000CDB604008DB50400AD
:1000400059B9040059B9040059B9040059B9040058
:1000500059B9040059B9040059B9040059B9040048
:1000600059B9040059B9040059B9040059B9040038
:1000700059B9040059B9040059B9040059B9040028
:1000800059B9040059B9040059B9040059B9040018
:1000900059B9040059B9040059B9040059B9040008
:1000A00059B9040059B9040059B9040059B90400F8
:1000B00059B9040059B9040059B9040059B90400E8
:1000C00059B9040059B9040059B9040059B90400D8
:1000D00059B9040059B9040059B9040059B90400C8
:1000E00059B9040059B9040059B9040059B90400B8
:1000F00059B9040059B9040059B9040059B90400A8
:1001000059B9040059B9040059B9040059B9040097
:1001100059B9040059B9040059B9040059B9040087
:1001200059B9040059B9040059B9040059B9040077
:1001300059B9040059B9040059B9040059B9040067
:0401400059B90400A5
:100148007BB972B90029BEBF00204FF0004106E01C
:1001580008BF00281CBF6FF000414FF0FF3000F0CF
:1001680057B8ADF1080C6DE904CE002909DB002B66
:100178001ADB00F069F8DDF804E0DDE9022304B0D9
:100188007047404261EB4101002B1BDB00F05CF83B
:10019800DDF804E0DDE9022304B0404261EB4101EF
:1001A800524263EB43037047524263EB430300F050
:1001B8004BF8DDF804E0DDE9022304B0404261EBCE
:1001C80041017047524263EB430300F03DF8DDF80C
:1001D80004E0DDE9022304B0524263EB43037047B5
:1001E80053B94AB9002908BF00281CBF4FF0FF3196
:1001F8004FF0FF3000F00CB8ADF1080C6DE904CEFB
:1002080000F022F8DDF804E0DDE9022304B07047CD
:10021800704700BF10F8012B11F8013B012A28BFD5
:100228009A42F7D0D01A7047034611F8012B03F809
:10023800012B002AF9D17047034613F8012B002A35
:10024800FBD1181A013870472DE9F04786468C46CD
:100258000846089E154674461946002B40F0C18092
:100268008542B2FA82F245D94AB1C2F1200300FAB6
:1002780002FC954094402EFA03F343EA0C0C4FEA33
:10028800154EA8B2230CBCFBFEF80EFB18CC08FBDD
:1002980000F943EA0C43994528D9EB1808F1FF37D0
:1002A80004D2994502D9A8F102072B44A3EB09030C
:1002B800A4B2B3FBFEFC0EFB1C330CFB00F044EABB
:1002C8000344A04214D92C190CF1FF3304D2A042E4
:1002D80002D9ACF102032C44241A43EA07401EB1A8
:1002E800D440002334607360BDE8F0874746DDE7FB
:1002F8006346F1E792BB431B01214FEA154EAFB2AB
:10030800200CB3FBFEFC0EFB1C330CFB07F840EA89
:100318000343984561D9EB180CF1FF3004D2984596
:1003280002D9ACF102002B44A3EB0803A4B2B3FB3F
:10033800FEFC0EFB1C330CFB07F744EA0344A74200
:100348004DD92C190CF1FF3304D2A74202D9ACF1D4
:1003580002032C44E41B43EA0040C0E7C2F1200337
:100368009540944020FA03F12EFA03F34FEA154E14
:100378009040AFB20343B1FBFEFC0EFB1C10190CFE
:100388000CFB07F841EA0041884522D969180CF1AD
:10039800FF3004D2884502D9ACF102002944A1EB10
:1003A80008019BB2B1FBFEFC0EFB1C110CFB07F70E
:1003B80043EA01439F420ED9EB180CF1FF3104D2F6
:1003C8009F4202D9ACF102012B44DB1B41EA0041F8
:1003D80093E76046E3E76146F7E76046A4E76346CC
:1003E800B8E7834206D916B9002108467CE7C6E972
:1003F80000E0F9E7B3FA83F78FB9834201D3724576
:1004080008D8BEEB020460EB030301209C461EB92A
:10041800002169E73846FAE7C6E9004CF8E7C7F172
:10042800200CBB400EFA07F522FA0CF42EFA0CF158
:10043800BA401C4320FA0CF3B8404FEA1449014370
:100448001FFA84FEB3FBF9F809FB18300B0C08FB04
:100458000EFA43EA00439A4540D9E31808F1FF3001
:1004680004D29A4502D9A8F102002344A3EB0A0357
:1004780089B2B3FBF9F809FB183308FB0EFE41EA11
:1004880003418E452CD9611808F1FF3304D28E45FB
:1004980002D9A8F10203214443EA0040A1EB0E016E
:1004A800A0FB02984145CE46434602D306D14D45AE
:1004B80004D20138B9EB020E68EB0403002EA7D072
:1004C800B5EB0E0261EB030101FA0CFC22FA07F30B
:1004D800F9404CEA0303C6E9003199E74046C5E70D
:1004E8004346D9E7000000008C4630B508A5D5E999
:1004F800004587B0CDE9004512BA4FEA0C641BBA33
:100508006946CDE90242049300F01EFD07B030BDF4
:1005180042454E32000000012DE9F04705460F46DE
:10052800164688B029F0C4FC44014B01241A43EA5A
:10053800D06363EB0103A2009B00121843EA947393
:1005480041EB0303DB0043EA5273C2F31038012F77
:1005580048EA43484FEAD33443D0766833782D2BA2
:1005680038D031462848FFF755FE002840D124A34B
:10057800D3E9002340462146FFF7E2FD06460C4634
:1005880010461946214A0023FFF7DAFD80460F4638
:10059800104619464EF660220023FFF7D1FD824629
:1005A8008946104619464FF47A720023FFF7C8FDB2
:1005B800CDE902A9CDE90401CDE906232846324652
:1005C8002346CDE90087124908F01AF9002008B03F
:1005D800BDE8F0877378702BC3D1B378002BC6D0F1
:1005E800BFE74246234628460A4908F009F9EDE7DD
:1005F80028463246084908F045F96FF00400E6E756
:10060800005C26050000000018EB060080EE3600AE
:100618003CEB060004EB060024EB0600704700BF25
:1006280010B5154C236803F00703022B0DD80021E1
:1006380049F69A1028F06AFD02F0A8F8236803F03A
:100648000703022B11D8002010BD032120460B4AB6
:1006580005F000FA236803F00703022BE7D903210A
:100668002046074A05F0F6F9E1E70321054A024862
:1006780005F0F0F9E7E700BF5C6C012038D506000B
:100688005CD5060094D50600E0B10378D3B190F8A4
:100698008030BBB1D0F888305A1EB2F5803F11D2F5
:1006A800D0F88C2093420DD8D0F89030B3F57A7FEB
:1006B80008D3D0F89420054B9A4294BF00206FF0DD
:1006C800150070476FF01500704700BFC02709007C
:1006D8000EB400B582B003AB53F8041B049A01931F
:1006E8000CF0EAFE02B05DF804EB03B0704700BFFF
:1006F8002DE9F04100270D4614461E4682B0DFF86A
:10070800B0800090ADF80670ADF8041029F0D0FB69
:1007180042014B01121A43EAD06363EB01034FEA2B
:10072800820C9B001CEB000043EA927341EB03012F
:10073800C90041EA5071C0F3103040EA4140221A22
:1007480066EBD133012A73F1000127DBADF806709F
:10075800B2F1004F73F10003A8BF6FF0004201210E
:1007680068460CF0E1FB002845F010020CDB15D0C0
:10077800BDF90630990614D413F0080014D11342B9
:10078800C4D002B0BDE8F0812CF074F858F800002D
:100798000428BBD0404202B0BDE8F0816FF073007E
:1007A800EFE76FF00800ECE76FF00400E9E700BF3F
:1007B8000C0000002DE9F04F85B000AFBB6B8346FD
:1007C800FB60FB6B0E469146D7F840A097F8448033
:1007D800BB6029F06DFB44014B01241A43EAD06346
:1007E80063EB0103A5009B002D1843EA947341EBCA
:1007F8000304E40044EA5574C5F3103545EA44455A
:100808006420E40BB9F1000F05D04A460023A6FB8B
:100818000001FFF7E5FCB8F1000F10D12B4B1B6866
:10082800D3F8941099B1DAF80030B5EB030CDAF884
:10083800043064EB03038C4573F1000307DB244B9E
:100848001B6803F00703022B05D8CAE900541437C4
:10085800BD46BDE8F08FC7F804D090B0E846FB6805
:10086800C8E906B0A9EB0602B5EB030BBB68C8F8EC
:100878002820184A64EB0303BBF1010FC8F81420C1
:1008880073F10002B8BF4FF0010B4FF4FA51B8BF33
:1008980000235A46A6FB0101C8E90869FFF7A0FC36
:1008A8004246C8E90C014FF400710B4BA8F8381008
:1008B80042F8103F002345F2C041054805F020F9F1
:1008C800CAE90054D7F804D0C1E700BF1885012051
:1008D800446C0120CCD506000A0000012DE9F04146
:1008E80098B004464422002106A82BF072FD00218E
:1008F800012601270391204606AA03AB04F18001D3
:10090800CDE908670CF0A0FB002840F0BB800398F5
:10091800002800F0B78094F89810012900F0AC8006
:10092800002940F0B2800121062208460CF030FC74
:100938000446002CC0F28680002203212046FFF7DF
:10094800C7FE021E6DDB0421204642F48042FFF7F9
:10095800BFFE002865DB039BD3E9062120460CF087
:10096800BBFC002846DA2BF085FF4A4E3558772D18
:1009780001D00B2D7ED129F09BFA474B86461B6888
:100988004FEA4E18D3F890200B464FEA431CB8EBB9
:100998000E084CEADE6C6CEB030C4FEA88054FEA54
:1009A8008C0C15EB0E054CEA987C43EB0C03DB0032
:1009B80043EA5573C5F3103545EA434552194FEAE2
:1009C800D33343F1000320460421FFF791FE051EAF
:1009D8004FF000072CDB0422CDE9047205AB00932D
:1009E8000121204604AB0CF097FDB8423FDB049D83
:1009F800002D3FD1002203212046FFF769FE021E89
:100A08002DDB0421204622F48042FFF761FE0028F6
:100A180025DB254603980CF09BFB284618B0BDE85B
:100A2800F0812BF027FF1B4B1D586D42002D92DAE9
:100A380020460CF0F5FB03980CF08AFB284618B00A
:100A4800BDE8F0812BF016FF0346124A0398D558EB
:100A58000CF07EFB6D42284618B0BDE8F0812BF003
:100A680009FF0C4B1D586D42002DE1DBD1E72BF03F
:100A780001FF35586D42DBE7FD222D200CF088FB85
:100A8800044656E76FF07505D8E70CF061FB6FF088
:100A98008505D3E70C000000188501202DE9F84FE3
:100AA8008646D1E904ABD1E90689D1E90A45154B57
:100AB8000868154E00AF94B0002818BF1E46D1E94B
:100AC8000823EC46CCE90E236246104B1049CCF8BB
:100AD8004830104BCCE90AABCCE90C89CCE910457D
:100AE800CCE90760CCF818E0CCF8141042F8103FB5
:100AF800002347F6C001084805F002F8BD46BDE8E6
:100B0800F88F00BF14D606009459070000020103AD
:100B18001CD606000E000002446C01202DE9F04F9F
:100B28008BB004AF0E4614469846F86029F0C0F919
:100B38004B014201121A43EAD06363EB01034FEA07
:100B4800820A9B001AEB000A43EA927341EB030105
:100B5800CB0043EA5A73CAF3103A4AEA434ADA0B1B
:100B6800C7E904A2002C74D04FF0000BC7F804A00A
:100B78005D46D9469246C7F808B0CDE90099621B90
:100B8800424528BF424600233146F8680CF060FC15
:100B9800002844DC5AD02BF06DFE2F4B185804283F
:100BA80018D040421C37BD46BDE8F08F7B6805442D
:100BB800CDE9003A631BB3FA83F35B09039307F1AA
:100BC80010038345029338BF834622462946386C72
:100BD800FFF7F0FDBB68AC4203F10103BB60CCD862
:100BE8001C461E48036803F00703022B15D96D46FF
:100BF8008AB004AB1A4A396C4FF40076C3E9052170
:100C08001A461849C3E9074B9E8442F8101F00236F
:100C18004FF4335104F074FFAD460020C2E7C5EB32
:100C280045135333721EDBB202EB000E01E072452E
:100C3800BCD012F801CF03F11F019C45CBB2F6D00E
:100C48006FF04C001C37BD46BDE8F08F6FF06700B1
:100C5800A8E7A346C5E700BF0C000000446C0120CC
:100C680074D60600050000012DE9F04F8FB004AFDF
:100C780090469B46C7E9060129F01AF944014B0141
:100C8800241A43EAD06363EB0103A5009B002D18E7
:100C980043EA947341EB0304E40044EA5574C5F352
:100CA800103545EA4445E20BC7E90852B8F1000F90
:100CB80000F092804FF0000AD446D1465346AE4623
:100CC800C246D846E346AAEB0904444528BF444631
:100CD800002C5AD0F969C9EB491017304D1EC0B223
:100CE8002E1905F8010FAE4200F11F00C0B2F8D16D
:100CF8000026C7F8048035469846C7E9032EC7F88A
:100D080008C0C7F814A0A4EB060ACDE90055FB6992
:100D180052469919B86900230CF066FB00280BDCD1
:100D280057D02BF0A7FD2E4B1858042820D040424E
:100D38002C37BD46BDE8F08F8245814402D9BB6897
:100D48000133BB6007F1200302933B6980450093A0
:100D5800FB6838BF804601937A690644A2EB090311
:100D6800B3FA83F35B0903934946386DFFF722FD15
:100D7800B4420BF1010BC6D84346D7E9032ED7F886
:100D880008C0D7F814A0D7F80480CA459BD89A465B
:100D9800D8461448036803F00703022B17D96C469A
:100DA8008CB004AB4FF400751A46396D0E4E99613C
:100DB8000E49C3E908CAC3F81C805E611D8542F864
:100DC800101F00234FF4535104F09AFEA54600204B
:100DD800AEE76FF06700ABE7C246C446D9E700BF8D
:100DE8000C000000446C012098D6060006000001A3
:100DF80010B5094B82B000930446D0E903238168FB
:100E08000068FFF731FF606004F1140002B0BDE82C
:100E1800104026F085BB00BFC8D606002DE9F04F6C
:100E280085B0814603919046002629F041F84FF09D
:100E3800140A374644014A01241A42EAD06262EB96
:100E48000102A500DFF8F4B092002D1842EA94726E
:100E580041EB0204DBF80030E40044EA5574D3F8AF
:100E68009030C5F3103545EA4445ED184FEAD434BF
:100E7800CDF8088044F10004002352464846CDE9E5
:100E8800007702990CF0E4FA002813DC4FD02BF01D
:100E9800F1FC2B4B18580428EED00B2844D12A46D5
:100EA800234601214846FFF723FC0028E4DA05B071
:100EB800BDE8F08F064408EB0603029328F0F8FF1C
:100EC800DBF800304401D3F890204B01241A43EAA0
:100ED800D06363EB0103A5009B002D1843EA9473CC
:100EE80041EB0304E40044EA5574C5F3103545EAC0
:100EF8004445AD184FEAD43444F10004132EC6F12A
:100F0800140AB9D9D8F800200E4B9A4212D1D8F851
:100F18000430039A1BBA93420CD1D8F8080000BADF
:100F2800404205B0BDE8F08F0028EBDDF8E76FF030
:100F38006700BCE76FF04C00B9E700BF18850120D7
:100F48000C00000042454E322DE9F04F85B00746AF
:100F580089460391002628F0ABFF4FF0140AB046EB
:100F680044014A01241A42EAD06262EB0102A50058
:100F7800DFF8CCB092002D1842EA947241EB0204DB
:100F8800DBF80030E40044EA5574D3F89030C5F338
:100F9800103545EA4445ED184FEAD43444F10004CD
:100FA8000023524649463846CDE900880CF01CFA21
:100FB800002813DC3ED02BF05DFC224B1858042887
:100FC800EED00B2839D12A46234604213846FFF7AC
:100FD8008FFB0028E4DA05B0BDE8F08F0644039BD8
:100FE800C6F1140A03EB060928F062FF4A0144011E
:100FF800241A42EAD06262EB0102A50092002D1881
:1010080042EA947241EB0201DBF80030C90041EA80
:101018005571D3F89030C5F3103545EA4145ED18C0
:101028004FEAD13141F10004132EB9D9002005B09F
:10103800BDE8F08F6FF06700CDE74042CBE700BF17
:10104800188501200C0000002DE9F04F9BB00446E4
:10105800D0F88800D64BB0F5804F08AF83461C60A7
:1010680028BF4FF4804B29F0FFFD8146584629F0F0
:10107800FBFD8246B9F1000F00F08381002800F0E3
:1010880080812046FFF72AFC061EC0F2F280D4E9D0
:1010980022230321FFF728FA051EC0F22781002327
:1010A800D4F88820FE61FA62D4F88C20C7F824901E
:1010B800BA623B620122194607F1300026F01CFA99
:1010C80028F0F6FE45014A012D1A42EAD06262EB89
:1010D80001024FEA8508920018EB000842EA95726F
:1010E80041EB0205ED0045EA5875C8F3103848EAA7
:1010F8004548ED0B00220023CDE9062307F11C0328
:1011080000930023CDE90133049305234FF4805263
:101118000393A849A84BA94827F0E4F8A8495B46D7
:10112800D4F88C20304600915146FFF7F7FC8346EF
:101138004FF0FF324FF0FF3307F1300026F060FA2E
:10114800BBF1000F05D1D7F820B0BBF1000F00F0BC
:10115800B08028F0ADFE844642014B01121A43EAE2
:10116800DC6363EB010390009B0010EB0C0043EA87
:10117800927341EB0301C90041EA5071C0F310308A
:1011880040EA4140B0EB08004FEAD13161EB05017C
:10119800022871F100014CDA4FF0010800253046B1
:1011A8000CF03EF8484629F057FDDFF818925046F3
:1011B80029F052FDBBF1000FC9F860B064DBB8F14B
:1011C800010F75F100034246AB46BCBF01224FF048
:1011D800000B4FF4FA50D4F88C605B467A60A6FB9B
:1011E8000001C9E91966C9F87080C9F87450FEF79A
:1011F800F7FF5B4686468C464FF47A5BC9E91FCEFB
:10120800A6FB0B017A68C9F878E0C9F884C0FEF734
:10121800E7FFDFF8B4A1C9E92201DAF8003003F0EA
:101228000703022B71D8002630464C37BD46BDE86F
:10123800F08F28F03DFE42014B01121A43EAD063B9
:1012480063EB01034FEA820C9B001CEB000043EAAE
:10125800927341EB0303DB0043EA5073C0F3103091
:1012680040EA4340B0EB08084FEAD33363EB050587
:1012780095E7484629F0F0FC504629F0EDFC304649
:101288004C37BD46BDE8F08F5E46002200230021A2
:1012980030464C37C9E91911C9E91E23C9E9202389
:1012A800C9E92223C9F87080C9F87450BD46BDE861
:1012B800F08F4FF04073FB60D4F88C30C7F810B053
:1012C8001BBAC7E90533414B3046BB6007F108013B
:1012D800FFF73AFE834600287FF43BAF03213046F0
:1012E80007F10802FFF79AFD834632E730462E469B
:1012F8000BF096FF484629F0AFFC504629F0ACFCAD
:1013080030464C37BD46BDE8F08F6E468AB0D4F8FB
:101318008C2008AB0621C3E906221A462C48C3F8DC
:1013280020805D62586142F8101F00234FF443513A
:10133800504604F0E5FBDAF80030B54603F0070341
:10134800022B7FF670AFD9E91E01D9E92023D9E92C
:1013580022458CB00DF1200CCCE908236246082305
:10136800CCE906011B49CCE90A45CCF8141042F82F
:10137800103F002344F2C001504604F0C1FBB546BB
:1013880051E7114803685B0708D1484629F064FC17
:10139800504629F061FC6FF00B0645E7D4F8883019
:1013A80001210D4ACDF800B004F08AFBEDE700BF3B
:1013B80018850120B0960120F90D04005070012015
:1013C80004D7060018710120446C012042454E32B2
:1013D8000CD7060038D70600D0D606002DE9F0470E
:1013E80088B006468A4B02AFD0F888001E6029F004
:1013F8003BFC002800F0FE8081463046FFF76EFA7D
:10140800B0F10008C0F2ED80D6E922230221FFF7EF
:101418006BF8824628F04CFD42014B01121A43EA50
:10142800D06363EB010395009B002D1843EA927388
:1014380041EB0304E40044EA5574C5F3103545EA6A
:101448004445E40BBAF1000F00F0938028F030FD1A
:101458004FEA401C4A01BCEB000C42EAD06262EB46
:1014680001024FEA8C0318184FEA820343EA9C737F
:1014780041EB0301C90041EA5071C0F3103040EA62
:101488004140401B4FEAD13161EB0401022871F160
:1014980000014EDA0125002440460BF0C1FEDFF8BA
:1014A8007481484629F0D8FBBAF1000FC8F830A07B
:1014B800C0F285804FF4FA50D6F88C60012D74F193
:1014C800000C2A462346BCBF01220023A6FB0001CC
:1014D800C8F84050C8F83860C8F84440FEF780FEA5
:1014E800DFF834C1C8E91401DCF80030C8E9160196
:1014F80003F00702022A034614D9E8468CB002A872
:10150800C0E9085402460824C0E90A31434B866101
:10151800436142F8104F002344F2C001604604F0D2
:10152800EFFAC5464FF0000A50461837BD46BDE8E9
:10153800F08728F0BDFC4FEA401C4B01BCEB000CC7
:1015480043EAD06363EB01034FEA8C029B00121855
:1015580043EA9C7341EB0303DB0043EA5273C2F393
:10156800103242EA4342551B4FEAD33363EB04047B
:1015780092E72B49D6E92232404600914946FFF7C7
:10158800CDFA824600287FF461AF4FF00073BB604C
:10159800D6F88C30F8601BBA3B61224B78617B60CF
:1015A8004046391DFFF7D0FC824600287FF44EAF35
:1015B800022140463A1DFFF731FC824646E70022E9
:1015C8000023002150461837C8E91423C8E9162318
:1015D800C8F84050C8F84440C8F83810BD46BDE8BF
:1015E800F087C246484629F037FB50461837BD46B3
:1015F800BDE8F087084803685B0702D16FF00B0A63
:1016080092E7D6F888300121074A04F03DFAF5E759
:101618001885012018710120446C0120A8D7060004
:101628009CD7060042454E3270D706002DE9F04798
:1016380088B00646804B02AFD0F888001E6029F0BB
:1016480013FB002800F0EA8082463046FFF746F98F
:10165800B0F10009C0F2D980D6E922230121FEF7B2
:1016680043FF804628F024FC42014B01121A43EA4A
:10167800D06363EB010395009B002D1843EA927336
:1016880041EB0304E40044EA5574C5F3103545EA18
:101698004445E40BB8F1000F00F0928028F008FCF4
:1016A8004FEA401C4A01BCEB000C42EAD06262EBF4
:1016B80001024FEA8C0318184FEA820343EA9C732D
:1016C80041EB0301C90041EA5071C0F3103040EA10
:1016D8004140401B4FEAD13161EB0401022871F10E
:1016E80000014DDA0125002448460BF099FDDFF88A
:1016F8004C91504629F0B0FAB8F1000FC9F80080B3
:1017080071DB4FF4FA50D6F88C60012D74F1000C9F
:101718002A462346BCBF01220023A6FB0001C9F8C4
:101728001050C9F80460C9F81440FEF759FDDFF8F5
:1017380010C1C9E90601DCF80030C9E90A0103F063
:101748000702022A034614D9E8468CB002A8C0E969
:10175800085402460824C0E90A313A4B86614361BD
:1017680042F8104F002344F2C001604604F0C8F963
:10177800C5464FF0000840461837BD46BDE8F0871B
:1017880028F096FB4FEA401C4B01BCEB000C43EAE7
:10179800D06363EB01034FEA8C029B00121843EA03
:1017A8009C7341EB0303DB0043EA5273C2F310322C
:1017B80042EA4342551B4FEAD33363EB040493E7F1
:1017C8002149D6E92232484600915146FFF74CFAA2
:1017D800804600287FF462AF012148463A1DFFF792
:1017E8001DFB80465AE70022002300214046183797
:1017F800C9E90623C9E90A23C9F81050C9F81440F1
:10180800C9F80410BD46BDE8F087C846504629F01F
:1018180023FA40461837BD46BDE8F08708480368F4
:101828005B0702D16FF00B08A5E7D6F888300121D5
:10183800064A04F029F9F5E71885012018710120F6
:10184800446C012018D806000CD80600E0D7060022
:10185800F0B583B0394D00AF2B6803F00703022BB6
:1018680002D80C37BD46F0BD044603212846344A49
:1018780004F0F0F82B6803F00703022BF1D994F871
:1018880098306E46022B98BF2E4A8EB094BF52F8FD
:1018980023002D486B46D4E92221996240F2024187
:1018A8005A621A4698612948DC6180341C623860A3
:1018B800274C2848B98007F10801586111E903004D
:1018C800D862198642F8104F002344F2C0411B48E1
:1018D80004F016F92B68B54603F00703022BC0D9AC
:1018E80003211D4A154804F0B5F82B6803F00703D7
:1018F800022BB6D919491A48FFF7D0F82B6803F01C
:101908000703022BADD917491748FFF7C7F82B680B
:1019180003F00703022BA4D914491548FFF7BEF8B2
:101928002B6803F00703022B9BD90321114A0348B4
:1019380004F090F80C37BD46F0BD00BF446C0120A0
:1019480058D80600C4D9060050D806000002010382
:10195800070000038CD80600C0D8060018710120C3
:10196800F0D8060048710120F8D8060078710120E7
:1019780004D906000CD906000B4B10B52C220446DE
:10198800002118462AF025FD6FF08B0203462046F9
:1019980043F8042CFEF778FE002804DB2046BDE857
:1019A8001040FFF743BE10BD1C71012010B52C225A
:1019B8000446002108482AF00CFD6FF08B02074B03
:1019C80020461A63FEF760FE002804DB2046BDE8C7
:1019D8001040FFF703BD10BD4C71012018710120A4
:1019E80010B52C220446002108482AF0F2FC6FF0BA
:1019F8008B02074B20461A66FEF746FE002804DBDA
:101A08002046BDE81040FFF71FBB10BD7C710120C8
:101A18001871012010B504461D2200217F302AF0DC
:101A2800D8FC7F220D4920462AF022FD07220C49C6
:101A380004F180002AF01CFD4FF480404FF480111F
:101A48004EF6602241F28833C4F88800C4F88C103E
:101A5800C4F89020C4F8943010BD00BF40D90600E7
:101A680048D9060002289ABF024B53F820000248C2
:101A7800704700BFC4D9060050D806002DE9F043CE
:101A880083B000AF0546FEF7FFFDDFF8349104464A
:101A980000218C2248462AF09CFC6FF08B03002C16
:101AA800A9F1040649F8043C33633366C0F2838025
:101AB800444C236803F00703022B3BD995F8983070
:101AC800E846022B98BF404A8EB094BF52F82300D4
:101AD8003E486B46D5F88820D5F88C10C3E9091222
:101AE80040F20242BA801A463949DFF8E8C0396044
:101AF80039499861596105F18001196207F10801B6
:101B080011E90300DD61D862198642F810CF00237D
:101B180044F2C0412B4803F0F3FF2368C54603F0A5
:101B28000703022B06D9D5F8943003212B4A254800
:101B380003F0AAFF6FF08B082C22002120482AF01E
:101B480048FC284649F8048CFEF79EFD041E2FDB4E
:101B58002846FFF76BFD041E2ADB00214FF42030D6
:101B680027F0D4FA2C2200211D482AF032FC2846FE
:101B7800C6F83080FEF788FD041E19DB2846FFF7FB
:101B88002DFC041E14DB00214FF4203027F0BEFA90
:101B98002C22002113482AF01CFC2846C6F8608035
:101BA800FEF772FD041E03DB2846FFF74DFA0446D4
:101BB8002846FFF74DFE20460C37BD46BDE8F083AA
:101BC8001C710120446C0120C4D9060050D80600BD
:101BD800000201030700000350D906008CD9060053
:101BE8004C7101207C71012010B5029CFCB128F0D9
:101BF8005FF94FEA401C4A01BCEB000C42EAD06294
:101C080062EB01024FEA8C0392001B1842EA9C72B5
:101C180041EB0201C90041EA5371C3F3103343EAAF
:101C28004143C90BC4E90831204625F079FC00205E
:101C380010BD00BF2DE9F04F0129B9B040F2728202
:101C480002290C460646924600F0F68100230A2235
:101C5800DAF8080026A9269329F0AAF9DAF8082064
:101C6800269B07469A4200F058821B78002B40F0CA
:101C78005482411E632900F25082032C6FD140F632
:101C8800B833049314F0F2F8814628F011F943F6BA
:101C9800982244014B01241A43EAD06363EB010301
:101CA8004FEA84089B0018EB000843EA947341EB61
:101CB8000304E40044EA5874C8F3103848EA444876
:101CC80018EB02084FEAD43444F10004B9F1000FCC
:101CD80000F02C820025DFF80CB328F0E9F84FEA71
:101CE800401C4A01BCEB000C42EAD06262EB0102E4
:101CF8004FEA8C039200181842EA9C7241EB0201E9
:101D0800C90041EA5071C0F3103040EA41404045F3
:101D18004FEAD131A141D9F8003080F27181A3B1E5
:101D28000C33D3E8AF3FD8070FD5D9F8003063B1EB
:101D38000C33D3E8AF3FD90507D5D9F8003023B124
:101D48000C33D3E8AF3F9A0526D4002D00F0398133
:101D580040F6CD40002127F0D9F90125BDE70A2238
:101D6800DAF80C0026A9269329F022F9DAF80C20D3
:101D7800269B04909A4208D01B7833B94EF6FC1380
:101D8800A0F1640199427FF67DAF3046964906F08E
:101D980079FD6FF015084BE1002D40F0918100218D
:101DA8004FF4005027F0B2F94422002126A800245D
:101DB8004FF00108DAF804902AF00BFB0122022305
:101DC800ADF83E40CDE928231E94CDF83A40ADF851
:101DD8003880494640460FAA0BF096FB404500F074
:101DE800868148460DF178094B46214626AA0BF014
:101DF8002BF90346002840F068811E9A002A00F05B
:101E08006881D1690EAA0868496803C2ADF83A30FA
:101E1800102340460FA9079215F0FAFC1E980BF004
:101E280097F92022A52148462AF0D3FA0122002159
:101E380026A825F061FB042119A80BF0F7F8002368
:101E48006A4A0121009214A81A46199C18F03CFF0E
:101E5800B0F10008C0F25581A3B2049D0493202379
:101E68004FF00008DAF804203046CDE901756049E2
:101E78000093079B06F0C4FC4FF4004340F2E730A0
:101E880041464FF0FF34E5FB03016FF000434FF488
:101E98007A72CDE90A430023FEF7A2F94B460125E1
:101EA800B1461E46CDE90801CDE90C88CDF8188069
:101EB800CDF8148000231A93049BADF86650ADF852
:101EC800643020231D934FF0FF331C961B93002290
:101ED800002326A825F094FB0028F8D027F0E8FF77
:101EE80026AB0024009300238246CDE92E340C460D
:101EF8004FEA4A1B4FEA441EBBEB0A0B4EEADA6E66
:101F08006EEB040E4FEA8B0C4FEA8E0E1CEB0A0C9C
:101F18004EEA9B7E44EB0E04E40044EA5C7426AB74
:101F2800CCF3103C4CEA444C1793002119AB0EAA91
:101F380014A8E40BCDF8B0C02D9418F02FFF031EA1
:101F480044DBDDE9082326A825F05AFB002843D105
:101F5800059B2C9A013305932E9B2D999B1A2F9A3A
:101F6800484662EB0102002ABCBF00230022069902
:101F780013EB080842EB010106910A99CDE90232F8
:101F88008B420B99009572EB01010C99B8BFCDE912
:101F98000A3299420D999141B8BFCDE90C321549E1
:101FA8002022079B06F02CFCAF4204D94FF40040D6
:101FB800002127F0ABF8AF4205F101034DD01D46D3
:101FC80078E75946304606F01BFCC1E62A464846E3
:101FD800094906F057FCE7E72A464846074906F04C
:101FE80041FCE1E7A0DA06003CDA0600F11B040038
:101FF80034DB060084DB06006CDB0600ACDB060085
:1020080073B10C33D3E8AF3FDB071AD5D9F80030EA
:1020180033B10C33D3E8AF3FDF0512D5484A11E09E
:10202800484A13463046484906F02CFC6FF07208BF
:10203800404639B0BDE8F08F40F6B8330427049322
:1020480020E6404AD9F80030002B76D00C33D3E88C
:10205800AF3F9D0571D53A4BE4E714A818F060FE30
:102068004846079A394906F0CBFB6422059C484646
:102078003B1B009302FB03F3B3FBF7F33A460193D0
:102088003349234606F0BCFB2246002C42D00C9B69
:10209800069902930D9B404603930023FEF750F8E0
:1020A800DDE90A2304460D464FF000084846CDE90D
:1020B8000045284906F0A4FB404639B0BDE8F08F3A
:1020C8003046254906F09CFB69E61E9808B10BF0DE
:1020D8003FF86FF0750830466FF07503DAF80420A2
:1020E8001E4906F0CFFB404639B0BDE8F08F10AB73
:1020F8001A4607930FA9102315F08AFB0DF17809EA
:102108008FE630464246164906F0BCFB404639B0D9
:10211800BDE8F08F6FF073088AE73046114906F082
:10212800B1FB36E6104906F0ADFB32E630460F4902
:1021380006F0A8FB6FF012087AE7024B72E700BFBF
:10214800DCD90600E0D90600CCDA0600C8DB0600B8
:10215800E4DB06000CDC060084DA0600F4DA06008C
:102168000CDB06001CDA0600E8D9060064DA060073
:1021780000F062BAFFF75EBD2DE9F04700240E4675
:1021880081462AF077FBDFF854A084B040F80A4073
:10219800054617463046224603A90394984628F078
:1021A80007FF044655F80A0060B9039B53B11B7832
:1021B80043B9BC4206D3444504D80C9B1C6004B008
:1021C800BDE8F08748463B4632460549CDF80080D1
:1021D80006F058FB6FF01500F1E700BF0C00000097
:1021E80034DC060038B51C4D04462B7873B31B4D00
:1021F80020462A461A4906F003FB05F180022046CC
:10220800184906F0FDFA95F89800FFF72BFC1649D7
:102218000246204606F0F4FA2046D5F888201349ED
:1022280006F0EEFA2046D5F88C20114906F0E8FAB7
:102238002046D5F890200F4906F0E2FA2046D5F856
:1022480094200D4906F0DCFA002038BD0348FFF75A
:10225800E1FB01232B70CAE79E9601201C85012013
:1022680058DC060068DC060078DC060088DC06001E
:10227800A0DC0600B8DC0600CCDC060070B5104E09
:1022880004463378154682B08BB10E4E6968002239
:1022980020460D4B0096FFF76FFF00280DDB204608
:1022A80032680A4906F0ACFA002002B070BD08484E
:1022B800FFF7B0FB01233370E7E76FF01500F4E791
:1022C8009E960120B0850120C0270900E0DC0600A9
:1022D8001C85012070B5114E04463378154682B02E
:1022E80093B10F4E69684FF480330122204600965F
:1022F800FFF742FF00280DDB20463268094906F047
:102308007FFA002002B070BD0748FFF783FB012366
:102318003370E6E76FF01500F4E700BF9E960120E2
:10232800A4850120FCDC06001C85012070B5114E37
:1023380004463378154682B093B10F4E69684FF062
:102348008063012220460096FFF716FF00280DDB68
:1023580020463268094906F053FA002002B070BDE1
:102368000748FFF757FB01233370E6E76FF01500C6
:10237800F4E700BF9E960120A885012008DD06002D
:102388001C85012070B5114E04463378154682B07D
:1023980093B10F4E69684FF47A7220460D4B009640
:1023A800FFF7EAFE00280DDB204632680A4906F0EE
:1023B80027FA002002B070BD0848FFF72BFB012365
:1023C8003370E6E76FF01500F4E700BF9E96012032
:1023D800AC850120C027090014DD06001C850120FA
:1023E80070B5124D06462B7814468BB164682046AA
:1023F800FDF722FF7F2811D82146421C0C4829F0FE
:10240800C1FF30460A4A0B4906F0FAF9002070BDB0
:102418000748FFF7FFFA01232B70E7E73046064924
:1024280006F030FA6FF05A0070BD00BF9E9601208A
:102438001C8501203CDD060028DD060070B5144E21
:1024480004463378154684B0C3B103A869684FF6CB
:10245800FF73009001222046FFF78EFE002813DB51
:102468000821039B0B4A0C4828F000FD20460A4A25
:102478000A4906F0C5F9002004B070BD0848FFF706
:10248800C9FA01233370E0E76FF01500F4E700BFE5
:102498009E960120385F07009C85012048DD0600D4
:1024A8001C850120F0B51C4C054623780E461746BE
:1024B80085B00BB3194C94F89800FFF7D3FA009441
:1024C800D4F8882003460392D4F88C202846029238
:1024D80004F1800212490192324606F091F9204631
:1024E800B847041E0EDB0024284632460D4906F084
:1024F80087F9204605B0F0BD0848FFF78BFA01239D
:102508002370D7E7284623463246074906F0BAF92A
:10251800204605B0F0BD00BF9E9601201C85012015
:1025280054DD060088DD060078DD0600014A024910
:10253800FFF7B8BF851A0400A4DD0600014A024966
:10254800FFF7B0BFE9190400A8DD0600014A0249F7
:10255800FFF7A8BFB5190400B0DD0600014A02491B
:10256800FFF7A0BF81190400BCDD060070B5184E46
:10257800054633781446F3B1646816492046FDF7DA
:1025880049FE50B120461449FDF744FE88B1204663
:102598001249FDF73FFEA0B90220114B83F89800BD
:1025A800FFF760FA0F490246284606F029F900208D
:1025B80070BD0120F1E70A48FFF72CFA01233370B8
:1025C800DAE72846084906F05DF96FF0150070BD96
:1025D8009E960120ACD90600D8E00600B0D90600C6
:1025E8001C850120E8DD0600C4DD060030B50C4678
:1025F80087B010B14378052B07D80D4B07CB206067
:1026080020466160A26007B030BDC2798379417904
:10261800CDE903320279C5788378CDE901212046D6
:102628001821044A009528F021FC204607B030BD47
:10263800A8E20600B4E2060030B58BB0044613F0F9
:1026480015FC002875D005463D49204606F0D8F807
:10265800284614F057FD3B490246204606F0D0F8BC
:102668002B68A3B10C33D3E8AF3FD9070FD52B683C
:102678006BB10C33D3E8AF3FDA0508D52046324AB0
:10268800324906F0BDF82B684BB9314A0DE02046B7
:10269800304A2E4906F0B4F82B68002BF5D00C33DD
:1026A800D3E8AF3F9B05F0D52B4A20462B4906F0CF
:1026B800A7F8286800B1103004A9FFF797FF284948
:1026C8000246204606F09CF80121284613F0FAFC41
:1026D800014620B36D4610232A46012015F098F8CC
:1026E800F0B12A4620461F4906F08AF820461E4ABD
:1026F8001E4906F085F81E4A20461E4906F080F855
:1027080020461D4906F07CF820461C4906F078F85A
:1027180020461B4906F074F800200BB030BD6D460A
:102728002B46184A07CA03C3110C23F8022B197049
:10273800D7E72046144906F0A5F86FF01200ECE739
:10274800DCE20600F8E20600D4E2060008E3060030
:10275800E0D90600D8E20600DCD9060018E3060036
:1027680028E3060044E3060054E3060064E3060099
:1027780074E3060084E3060094E30600ACE3060075
:10278800C0E3060038E3060064DA06002DE9F047E6
:102798008CB000AF13F06AFB002800F08F80524D18
:1027A8002B6803F00703022B03D83037BD46BDE87A
:1027B800F087044614F0A6FC23688246002B78D0E4
:1027C8000C33D3E8AF3FDA0740F18B802368002B46
:1027D8006FD00C33D3E8AF3FDB0540F18280DFF8E0
:1027E8000C912368002B66D00C33D3E8AF3F13F469
:1027F800007F20683D4B3E4E18BF1E4600B110308A
:1028080007F11801FFF7F2FEE8468CB06B4640F27C
:1028180003511A4658623748B981DFF8DCC0374996
:102828001E62B86007F108065961C3E906A996E86F
:1028380003009862998542F810CF00234FF4735132
:10284800294803F05DF92B68C54603F00703022BFE
:10285800ABD90121204613F035FC0146002837D0BA
:1028680010233246012014F0D3FF002830D06C46E4
:102878008CB06B4640F202401A46214D21493D601A
:10288800214D59611D622149214DB880C3E9066176
:10289800D7E900015862198542F8105F00234FF408
:1028A8005351114803F02CF9A5463037BD46BDE811
:1028B800F087DFF83C9000200D4EA1E70A48036836
:1028C80059073FF472AF0121124A03F0C3F86CE7CD
:1028D8003346114A07CA03C3140C23F8022B1C7091
:1028E800C5E7DFF80C907CE74C6C0120DCD90600CA
:1028F800E0D906000103020406000003FCE3060019
:10290800000201032CE4060074E3060054E3060009
:1029180005000003DCE3060038E3060010B4836812
:1029280000EBC10CB3F5004F0CD3DCF80C30994226
:102938001ED0DCF80810043200EBC10440F8223045
:10294800E3600BE0BCF80630994211D0BCF80410E3
:10295800043200EBC10440F82230E380826800EBC7
:10296800C300B2F5004F2CBF8160818010BC704756
:1029780001210024C36802F1040C01FA02F223EADF
:102988000203C36040F82C4010BC704770B48668DE
:10299800541AB6F5004F00EBC1034FEA4405A1EB0A
:1029A80002011FD35E685D6001EB560186684D0029
:1029B800B6F5004F00EBC2032CBF5D605D808568F3
:1029C800B5F5004F2CBF40F8324020F832408468FB
:1029D800B4F5004F0CD370BC5B6802EB530340F8AE
:1029E80033107047B3F802C05D8001EB5C01DDE78E
:1029F8005B8870BC02EB530220F83210704700BFAE
:102A0800836810B5B3F5004F00EBC10100EBC20CB1
:102A180019D3DCF804304C685B0803EB54035C0002
:102A28004C608168B1F5004F06D3DCF8041002EB66
:102A3800510240F8323010BDBCF8021002EB5102CE
:102A480020F8323010BD4B88BCF802E05B0803EB7D
:102A58005E034FEA430EA1F802E0E2E7836800EB69
:102A6800C102B3F5004F0AD201235288DA4001327D
:102A7800D21AB2FA82F2C2F11F02FFF74FBF5268B0
:102A88005208012A01D00223F1E7704730B4846864
:102A980000EBC102B4F5004F22D2012553885B0830
:102AA80001335B1BB3FA83F3C3F11F0300EB830C01
:102AB800DCF81050D5B901259D40C368B4F5004F26
:102AC80043EA0503C360CCF810102CBF91609180D5
:102AD8008368B3F5004F2CBFD160D18030BC7047FC
:102AE80053685B08012BF9D00225D9E7B4F5004FEC
:102AF80000EBC50C2BBFDCF80830BCF80430936041
:102B08009380846800EBC303B4F5004F2CBFD560F5
:102B1800D5808268B2F5004F2CBFD960D980836810
:102B2800B3F5004F2CBFCCF80810ACF8041030BC3B
:102B3800704700BFF8B583680446B3F5004F0D46EB
:102B48004FEAC10600EBC10714D3796805EB5101C0
:102B580000EBC1035B68D80736D5A159691A04EBA5
:102B6800C1035B68DB0714D529462046BDE8F84059
:102B7800FFF78CBF798805EB510100EBC1035B8837
:102B8800DA0721D5A15B691A04EBC1035B88DB076F
:102B9800EAD42046FFF762FFA3682046B3F5004F4A
:102BA8002CBFA159A15B2A46691AFFF729FFA36820
:102BB8002046B3F5004F2CBFA359A35BED1A294655
:102BC800BDE8F840FFF762BF2046FFF747FFA3685C
:102BD8002946B3F5004F2CBF7A687A88204605EB62
:102BE8005202FFF70DFFA368B3F5004FB5D2A15B02
:102BF800691A04EBC1035B88C9E700BF2DE9F041FE
:102C08008668B6F5004F34BF0B4601F1FF33B3FABF
:102C180083F3C3F11F0200EB82073D69A5B12C467F
:102C28004FF0030CB6F5004F00EBC40E17D3DEF8D7
:102C38000480B1EB580F21D9DEF80C40BCF1010C2F
:102C48003C6101D0A542EDD14FF0FF34C268C3F119
:102C580020039C4014400AD12046BDE8F081BEF80C
:102C68000280B1EB580F09D9BEF80640E6E794FA9E
:102C7800A4F2B2FA82F2131D50F823402146FFF75E
:102C88004DFE2046BDE8F081B9B308B500688368F9
:102C9800B3F5004F18D20439091A21F0070202448B
:102CA8005388C90813F0010F2CD001EB530C30F8EE
:102CB8003CE0ACEB0E0C8C4520D123F00103538093
:102CC800BDE80840FFF736BF0839091A21F00702A6
:102CD80002445368C90813F0010F13D001EB530CD9
:102CE80050F83CE0ACEB0E0C614507D123F0010332
:102CF8005360BDE80840FFF71DBF7047B721034880
:102D080000F082FFAF21014800F07EFF78E4060062
:102D1800F8B50568002933D0AB6801F00704B3F5AE
:102D2800004F2CBF0822042207341444E40804EBA3
:102D3800D1049C4228BF1C4628462146FFF75EFF67
:102D4800F0B1AB68C600B3F5004F05EBC0070FD272
:102D58007B88B4EB530F15D343F001037B80AB683A
:102D6800B3F5004F34BF042308231E44A819F8BD47
:102D78007B68B4EB530F05D343F001037B60EEE7A8
:102D88000020F8BD0444014622462846FFF7FEFD10
:102D98002146FFF77BFEAB68B3F5004F01D37B6894
:102DA800EAE77B88D8E700BF1146FFF7B1BF00BF4D
:102DB800B2F5802FF8B568D2042A88BF04237FD9DA
:102DC800D21ACC1D8D1824F0070425F007052D1BF9
:102DD800172D4FEAD5076ED9B5F5802F38BF3A467B
:102DE8004FF0000328BF07F1FF32B2FA82F2046005
:102DF800C4E902732CBF02230123C2F12406B600E2
:102E0800073603EBD603BB42C2F120024FEAD606CF
:102E18004CD80021920004F1100029F0DAFA73006E
:102E2800BA1BB5F5802F04EBC6014FEA420043F008
:102E380001032CD26380002323804880A368B3F564
:102E4800004F2CBF44F8366024F83660A168631937
:102E5800B1F5004F4FF000012CBF59605980A368AD
:102E6800B3F5004F2CBF62516253A26804EBC7034D
:102E7800B2F5004F10D35A68314642F001025A6049
:102E88002046BDE8F840FFF701BE082398E76360D5
:102E9800002323604860D1E75A88314642F0010296
:102EA8005A802046BDE8F840FFF7F0BD4FF40E7198
:102EB800064800F0A9FE40F22321044800F0A4FED1
:102EC80040F21A21014800F09FFE00BF78E4060096
:102ED8002DE9F04F8946C2F3C20191B00131049146
:102EE800840702F004011A9D059140F019820646F4
:102EF800041D002800F0E981B9F1070F40F256815E
:102F080002F002024FF0FF380792002201279B4689
:102F1800019203EB080A069202920EB1C4F800B0BF
:102F2800049B002B40F3B581079B13B30122A11B1F
:102F38008B08B1F5007F80F0FD8102990F2900F21E
:102F4800FE81002E00F0E2810299DBB24031694433
:102F580001F8203C01F8108C002A00F0B08163F0E1
:102F68007F0301F8203C019B01330193029B01334D
:102F780002939AF8012004340AF1010A002A4ED07B
:102F88004FF0040CC6F10803039300214FF6DA70E2
:102F98006346002900F047817A2A3BD84B2A40F241
:102FA8000E814C3A2E2A35D8DFE812F0350034006D
:102FB8003400340034003400340034003400340069
:102FC800340034009F0034003400340034003400EE
:102FD800340034003400C40034009F009F00C40053
:102FE800C400C40035009F000501340035003400DA
:102FF800DE009F00DE0034003400F500F1009F0081
:10300800340034009F003400F100252A40F000818C
:1030180008F1FF3800211AF8012F002AB9D1A11BA5
:10302800B1F5806F5B46084680F08E81002E00F077
:103038006781002535608D083570059D9DF818203D
:10304800002D40F001817270019AB270002A00F0E0
:103058000181029A002A00F0AB800DF1200A514646
:1030680002EB0A05C6F1010711F8012B100607D576
:103078003819484502F07F0200F2988004F8012BC5
:103088008D42F1D1029FC6F101085744BB461F4645
:10309800CDF80880A046059C0CAD019B1BB19AF9A0
:1030A8000020002A16DB002C00F0E8802A7808F8B7
:1030B800012B0022029B03EB08011144494575D8F6
:1030C80040469AF80030394600F8013B02EB000808
:1030D80029F058F90AF1010ADA4505F10105DCD1B0
:1030E8004446A01B11B0BDE8F08F1AF8012C6C2AD9
:1030F80036D004EB0C02013AB2FBFCF20CFB02FEE8
:10310800002E00F0E08000210EEB0302921B914597
:103118004CD3042B00F0FF80082B40F006810EF101
:103128000804073525F00705F5E80223CEE9002352
:10313800082370E7073525F00705073424F007044E
:10314800F5E8022336B1DDF80CC0A444CC452DD8EF
:10315800C4E900234FF0080C0021634608345AE7FD
:103168001AF8023C6C2B7BD0033424F0030E002E9B
:1031780063D00EF10404A31B994517D300214FF027
:10318800040C55F8043BCEF80030042343E74FF015
:10319800040C63463FE7033424F00304002E00F0D8
:1031A800A980231D9B1B994580F0A4806FF01B000C
:1031B80011B0BDE8F08F4FF0080C63462BE7472AA3
:1031C8003FF628AF292A7FF620AF2A3AD2B207FA6B
:1031D80002F202427FF41FAF12F0625FAAD112F02E
:1031E80001013FF418AF04EB0C02013AB2FBFCF208
:1031F8000CFB02FE002E87D1042B21D0082B40F0B7
:103208009480073525F0070508350EF108048FE787
:103218003FF600AF202A3FF4FEAEA2F12301B1FA37
:1032280081F14909F7E6252A7FF4F5AE4FF0040C41
:103238000121634608F10108EDE631464FF0040C20
:1032480004350EF10404A0E7F270019AB270002A66
:103258007FF4FFAE029A002A65D00DF1200A11E72B
:10326800073424F0070E002E40D00EF10804A31BEB
:103278004B459BD800214FF0080C52E79AF80020E4
:1032880056F8227046F822403846FCF7D5FF421C13
:1032980010E7304B9B4503D32F4B9B45FFF444AEBF
:1032A800079AA11B8B08002A38D1029A0F2A46D800
:1032B8008EB140326A4402F8203C02F8108C069B1A
:1032C8000133069352E6314696E709F007094C4464
:1032D800C9F1080914E6059B09F10209002B7FF4DE
:1032E80045AE5846FCF7A8FF81443FE631464FF00B
:1032F800080C86E7049B55F804BB013B04930CE6D5
:10330800A9F10800084411B0BDE8F08F002AE2D006
:1033180009F101092AE60EF1040432E7002208E661
:103328006FF00D0044E7084642E740F2C6210B481B
:1033380000F06AFC4FF41F71084800F065FC40F289
:103348008121064800F060FC40F2D221034800F0D9
:103358005BFC00BF90C80600FC6E07009CE40600FA
:1033680053B32DE9F04799461C785D78DB78A400C3
:1033780004EB430499F8023007461C440E46904675
:103388004C447DB14FF0000A14F8013B0AF1010AE0
:10339800204649F82340FCF74FFF554500F101004E
:1033A8000444F1D141463846B446D9F8042009F11D
:1033B8000803BDE8F04760476FF01500704700BF8D
:1033C800024612F8013B23B34FF0000C6046C0B12F
:1033D80000B56145A3F1400E1DD0BEF13A0F05D8E6
:1033E80000200CF1010C05E00028F2D1252B08BFC4
:1033F80080F0010012F8013B002BF5D100205DF8A8
:1034080004FB252B12F8013B08BF80F00100002BBC
:10341800DDD118467047702BF1D0BEF13A0FE5D8D0
:103428000020ECE72DE9F04F97B000AFC7E9033271
:10343800002800F0658283780E46BB61D7F880309B
:103448008146C3F3C00B002900F0748199F803305A
:103458007B61BB69002B64D0D7F88030DD0760D56D
:1034680099F80030D9F804203B60FA6109EB830A27
:103478009A003B69BA60002B00F08A814FF000087F
:10348800BD6907F13800BC695146224628F07AFF29
:103498007B69A244002B00F09A80D7F880107B69E2
:1034A80001F002017962D7F880105A1CB54B01F07F
:1034B80001010AEB42020AF1020439629A467E606F
:1034C8005B4619E0DFF8C0C260451ED2002B40F011
:1034D8001E81396A002900F005810F2D00F2018252
:1034E80005F1280107F130000144013501F8206C8D
:1034F800EDB20234A24268D014F8016CA34659F820
:10350800260014F8021C5045DCD2002B37D1786A0B
:10351800002840D00F2DE3D940F24D419B4800F0E0
:1035280073FB7B695BB93B691BB131464846FA6856
:103538009847344620465C37BD46BDE8F08FD7F83B
:1035480080309C07EFD599F80030D9F804203B600B
:10355800FA6109EB830A9A003B69BA60002B00F014
:103568009E81BB69002B00F0F880D7F880205007B7
:1035780040F1F3809846002507F1480083E7F86991
:10358800C7E90A23FFF71CFFD7E90A230028B0D1AF
:10359800786A0028BED1B8F10F0F00F2A78108F1B0
:1035A800010007F1580C5CFA80F007F1300E08F1C1
:1035B800280C0234F44408F10208A2420CF8101C4A
:1035C8005FFA88F800F8106C96D1DA467E68D7F86A
:1035D800802099F801B0D7F88010940748BF0022DE
:1035E8000BEB050358BF4FEA5802C807DBB200F1DE
:1035F8009F8011F0040F14BF414600213C6989F8EF
:10360800021089F803204846D7E9021289F80130E8
:10361800A047041E8EDB00233868D7F814C060F377
:103628000703B8696BF30F2360F317436CF31F6349
:103638004146FA68D7F810B0C9F8003007F14800D9
:10364800D847B0F10008C0F28E80BB69D7F814C023
:10365800F11ABB685046C91AFA68A1EB4C01D84761
:103668000028DA465EDBA0448044002D00F082800A
:10367800FD620026454607F1380BC846D7F80C907E
:1036880015E0D7F8843033F81630BB62D0470028ED
:1036980048DBBB6A0544FBB1194620464A46D04779
:1036A80000283FDBFB6A01369E42054461D01BF8C7
:1036B80006304A4658F8234087F83730D7F8843020
:1036C800012107F137001BB1D7F88830B342D8D8A9
:1036D800D047002826DB05442046FCF7ADFD431CF7
:1036E8009BB2D9E7D7F8801049077FF502AFB8F148
:1036F8000F0F00F2008108F1280107F130000144A2
:1037080008F1010801F8106C5FFA88F8F1E6F86929
:10371800C7E90A23FFF754FED7E90A2300283FF434
:10372800D8AEE6E6044620465C37BD46BDE8F08FD5
:10373800002163E70478BB69457803EB84040444FB
:1037480045B101342046FCF777FD01360130B5421A
:103758000444F6D1A4EB090678E64FF00008BB69EB
:1037680045469A4499E6444620465C37BD46BDE83E
:10377800F08FA8460021FA6808463B6944469847F6
:10378800D8E600BF90C80600FC6E07009CE406005F
:1037980034464FF00008BE6955465644B246C7F84D
:1037A8002CB0D7F88460C346A046D7F8884015F8EF
:1037B800012B59F82200FCF73FFD01302EB15C4582
:1037C80084BF26F81B000BF1010B55458044EED150
:1037D800D7F880307A69444603F00503D846D7F80D
:1037E8002CB0002A3FF4A6AE002B7B69D7F88020C6
:1037F80005EB430A0CBF0223012302F00202FA621E
:10380800D7F880203B62414B02F001025E46023548
:103818009B46BA620EE03E4A934213D2002E36D13E
:10382800BA6A9AB93B6AE41A554505F102033FF4AE
:1038380081AE1D4615F8013C15F8021C59F82330D5
:103848005B45E8D2AEB9FA6A002AEDD01846FCF713
:10385800F3FCD7F8843053B1D7F88830434506D9FC
:10386800D7F88420431C22F8183008F101080444D2
:10387800DAE7F8697B62FFF7A3FD7B6A0028E2D0EC
:103888002448036813F0060F13D1023CCCE7F8690B
:103898007B62FFF795FD7B6A0028C1D0F0E7BD6920
:1038A800D7F880303446D7F81080554403F0050324
:1038B8009AE7C7F824D08AB06B46D9614FF40071F3
:1038C800FA6919849A611A4613495961134B42F8E7
:1038D800103F00234FF4125102F012F9D7F824D008
:1038E800D3E740F243410E4800F08EF94FF48A6165
:1038F8000B4800F089F940F24641094800F084F984
:1039080040F29931064800F07FF900BF90C80600E0
:10391800FC6E07003C6C0120CCE4060004000001AA
:103928009CE4060038B5F8B10446EFF3118520236E
:1039380083F31288BFF36F8F144825F00FFF00B38D
:10394800124825F031FF124B0FCB84E80F000F48C7
:1039580025F012FF80B185F31188BFF36F8F0D4BEF
:10396800A2689A4204D838BD6A210B4800F04CF985
:103978007021094800F048F94FF49A71074800F09F
:1039880043F98821054800F03FF900BFB8850120B8
:10399800A8710120FFC99A3B84E50600A8E5060046
:1039A800F0B5012805460C4685B005D0042839D065
:1039B8006FF0150005B0F0BD26F07AFA2B4AC60B59
:1039C800C0F30E00A0FB0202C00B46EA414640EAE3
:1039D8004240C90BA060266061606846FFF7A2FFFD
:1039E800A068234B984236D8029F9F4238D8226855
:1039F800009E63689219019E4FF00001734168BFF1
:103A08002946C4E9002309BB0744A760204600F003
:103A180025FED8B1164BA2689A4214D963211548DD
:103A280000F0F2F826F044FA104AC50BC0F30E0075
:103A3800A0FB0202C00B45EA414540EA4240C90BDF
:103A4800A06025606160002005B0F0BD0A4B0FCB77
:103A580084E80F00F7E740F2B911084800F0D4F8FD
:103A68004FF4DD71054800F0CFF800BF00CA9A3B5B
:103A7800FFC99A3B84E5060040D20600D8E5060057
:103A8800012861D1F0B50C4685B0002964D03C4FBF
:103A98008B68BB4255D8064626F00AFA03466D469F
:103AA800DFF8E0C0C3F30E02A2FB0C2CDB0B43EAE9
:103AB8004143D20B5B4242EA4C424FEAD13161EBBF
:103AC80041015242284602920093019100F0C6FD3E
:103AD8000298B84245D8D4F808C0BC4537D8D4E9CC
:103AE8000071009A019BD2194B414FF0000468BF46
:103AF8003446CDE90023ECB1EFF31186202383F39C
:103B08001288BFF36F8F204825F028FE98B31F4C0A
:103B18001D4825F049FE95E80F0084E80F001A4873
:103B280025F02AFE10B386F31188BFF36F8F0020AB
:103B380005B0F0BD00EB0C032846029300F08EFDA3
:103B4800DAE76FF01500F3E76FF0150070474FF4F0
:103B5800DD710F4800F058F840F27D110C4800F074
:103B680053F840F2B9110A4800F04EF84FF49A7130
:103B7800084800F049F88821064800F045F800BFD9
:103B8800FFC99A3B00CA9A3BB8850120A871012059
:103B9800D8E50600A8E5060000207047014B18602C
:103BA800704700BF206A01200FB400B583B004A994
:103BB80051F8040B019101F027FB03B05DF804EB09
:103BC80004B0704780B505460E4614461F4625F0DA
:103BD80021FB034628F04EFE214604463A46074F8D
:103BE80030463B51A847064B1B7813B1E05907F004
:103BF8004FFD40F24631034800F006F80800000087
:103C0800AA9601200CE60600002383F31188BFF36F
:103C18006F8F0423184602DF704700BF70B4026A32
:103C280004688B0043F0020342F8243002690368F9
:103C3800D507446A0B4412D4A34200D31B1BC568A2
:103C48004668AB42036006D031448C4298BF091BDA
:103C5800416070BC704742F008020261F4E7C66830
:103C6800013C2340B3424568036002D142F0080298
:103C780002614B1904EA0301416070BC704700BF40
:103C880030B40569446A15F0010F02EB010318D13D
:103C9800A34228BF1B1B04689C4217D09300046AE8
:103CA80043F0020344F821300369416813F0010F1F
:103CB8000A44436A10D19A4228BFD21A426030BCE3
:103CC8007047013C234004689C42E7D125F0080571
:103CD8000561016030BC7047013B1A40EEE700BF48
:103CE8002DE9F04FD0F80C80076A1E4617F82830E7
:103CF800044603F00303022B8946154683B007EBFD
:103D0800880A2FD00023136033602369990724D5CC
:103D1800E3695046984717F82820834612F00103B4
:103D28001BD0920734D5B9F1000F79D1D4E9021626
:103D380020696268C707656A5A445FD4AA4267D394
:103D4800521BB142626066D040F00800C4E903101B
:103D58001846216003B0BDE8F08F0023184603B071
:103D6800BDE8F08F002257F828302A609B0832609F
:103D7800CBD0D0E903120B44416AD0073BD48B4225
:103D880028BF5B1A22F008022261A360E3602DE0DD
:103D9800E36822690344D007616A48D48B4228BF8C
:103DA8005B1A22F008022261A360E360B9F1000FF8
:103DB80004D000212268236A43F822100BEB090380
:103DC80033602268616A13442269D00732D48B4277
:103DD80028BF5B1A42F008022360226117F82830D6
:103DE8006FF3000307F82830C5F800A00123184630
:103DF80003B0BDE8F08F01390B40C3E7013D2A400D
:103E0800B1426260A0D1594429400023A1609BE7D8
:103E1800B142626098D15944A94228BF491BF4E7CE
:103E2800494620460193FFF7F9FE019B7EE70139D9
:103E38000B40B6E701390B40CCE700BF38B50D465B
:103E480004462022002128F0C4FA0022EB68E3612E
:103E5800AB68A3612B6823626B68C4E909322A69DD
:103E680023B1591E194208BF42F001022261012202
:103E7800002104F12C0023F03FFB00B938BD2F21AD
:103E88000148FFF7C1FE00BF38E606002DE9F04FF4
:103E9800002587B00293436ACDE904558B42C0F0F0
:103EA800A48004468B464FF02009A84600F114066A
:103EB800019500950392EFF3118789F31288BFF3F8
:103EC8006F8F304625F04AFCBA460546002800F0B8
:103ED8009180304625F068FC059A002A44D1236970
:103EE8001B0721D4E1682368994244D8616AC91A3A
:103EF8008B451DD92046FFF791FE304625F03CFC46
:103F080000287BD08AF31188BFF36F8F049929B1F9
:103F1800A3690BB120469847CDF81080002DCAD16F
:103F2800019807B0BDE8F08FBBF1000F38D12368C6
:103F3800226A02EB8301019112F8231021F0030198
:103F480002F8231022692368D007616A5B4429D4E8
:103F58008B4228BF5B1AE1682360994202D142F084
:103F6800080222610025C8E720460099FFF788FE6D
:103F7800CDF81480B3E7CD1AAB45D9D9DDE90223D2
:103F8800134303D024F0B4F800B977B12068294668
:103F9800009005AB204604AAFFF7A2FE0546ACE751
:103FA8000025EBE701390B40D5E7304625F0E4FB67
:103FB80020B387F31188BFF36F8FDDE9023204F174
:103FC8002C0023F01DFB0546EFF3118A89F31288B4
:103FD800BFF36F8F304625F0C1FB58B1B5FA85F5B0
:103FE800304625F0E1FB6D0987E70195019807B098
:103FF800BDE8F08F88210448FFF706FE4FF49A7158
:104008000148FFF701FE00BFA8E506002DE9F041D1
:104018000446C36908468846984704F114050746CC
:10402800EFF31186202383F31288BFF36F8F28469E
:1040380025F094FB002834D0284625F0B5FB98F8E5
:10404800003043F0010388F8003022696368D00724
:104058001F44636A22D49F4228BFFF1A5107676032
:1040680010D51207A06A17D4E168226891429CBF54
:10407800C91801F1FF318A1A013B9B1A834238BFE4
:104088000346A362284625F077FB70B186F31188B2
:10409800BFF36F8FBDE8F0810022EDE7591E0F4096
:1040A800DCE788210348FFF7AFFD4FF49A71014818
:1040B800FFF7AAFDA8E506002DE9F0474FF0000933
:1040C8004FF02008044600F11406EFF3118788F337
:1040D8001288BFF36F8F304625F040FB0546002855
:1040E8007AD0304625F060FB2169A3680A0741D4DD
:1040F800626893423ED8D21A002A3FD0D4F820C032
:104108004FEA830E1CF823200CEB830A12F00300FD
:1041180037D002284CD0D30736D4E36950469847A5
:10412800A3682169D4F80CC011F0010F0344626A36
:10413800604442D1934228BF9B1A824298BF801A9A
:10414800A946C4E9023021F008012161304625F072
:1041580013FB002844D087F31188BFF36F8F002D1D
:10416800B3D1B9F1000F02D0BAF1000F2FD05046E9
:10417800BDE8F087626AD21A002ABFD11546924676
:10418800E4E705468246E1E742F002020CF80E2019
:10419800E3695046A56898472369284413F0010F3E
:1041A800636A11D1984228BFC01A0025A060CDE7E4
:1041B8005CF80E008008B5D1ADE702F1FF3C03EAD8
:1041C8000C0300EA0C00BBE7013B1840EDE704F1E3
:1041D8002C0023F0A5F9CAE788210448FFF714FD4D
:1041E8004FF49A710148FFF70FFD00BFA8E50600DC
:1041F8002DE9F0410446C36908460D46984704F185
:1042080014060746EFF31188202383F31288BFF3BF
:104218006F8F304625F0A2FA00284BD0304625F0A3
:10422800C3FA2B786FF300032B7023699B0717D50C
:10423800E268236A03EB82039D4211D02B6867F37F
:104248009F032B60304625F097FA70B388F31188E6
:10425800BFF36F8F04F12C00BDE8F04123F060B983
:104268002B786FF341032B70D4E902209042236925
:10427800626A384409D0DD0715D4904228BF801AF5
:1042880023F00803C4E90303DCE7D90705D4904207
:104298002ABF811AA060A160EFE7013A02EA000193
:1042A800A1601040ECE7013AFBE74FF49A7103482C
:1042B800FFF7AAFC88210148FFF7A6FCA8E506003D
:1042C80070B5044600F11405EFF31186202383F33B
:1042D8001288BFF36F8F284625F040FAD0B12846E0
:1042E80025F062FA236913F0080FA36804D1626805
:1042F800934201D8D41A01E0646AE41A284625F0EA
:104308003BFA58B186F31188BFF36F8F201E18BF90
:10431800012070BD88210448FFF776FC4FF49A719C
:104328000148FFF771FC00BFA8E50600044608B580
:10433800EFF31183202383F31288BFF36F8F1FF0ED
:10434800C5FF204607F05EF90248FFF72DFC07F08D
:10435800D5FAFCE760E6060070B50C4604F00105E6
:10436800014605EB5400984257D86608002D44D101
:10437800002E41D0013A01EB460E1CE0ACF1570C7F
:104388005FFA8CF31B01DBB253704C78A4F1300C4C
:104398005FFA8CFCBCF1090F07D9A4F1610CBCF1E0
:1043A800050F1CD8573C5FFA84FC02316344714501
:1043B80002F8013F20D091F800C0ACF13003DBB225
:1043C800092BDFD9ACF16103052BD7D9ACF1410337
:1043D800052B22D8ACF1370C5FFA8CF3D2E7A4F1A5
:1043E8004105052D19D8373C5FFA84FC0231634436
:1043F800714502F8013FDED170BD0C78A4F130039D
:10440800DBB2092B05D9A4F16103052B07D8573C6A
:10441800E3B202F8013B0131AAE7002070BDA4F124
:104428004103052BF9D8373CE3B2F2E72DE9F04315
:1044380040F26C77D0E90412D71901F101014FEA73
:10444800E27242F1000202298CBF00230123FF1A05
:10445800C46862F10002002A04F1FF34C0F2AB80A4
:104468003B0D43EA0233C3F31303C7F313051D449B
:10447800D61705EB123506F0210C05EB12756A4BC1
:104488006544A3FB05C3DB0803EB830303EB83034A
:1044980026F01706ED1A3544644E7B1B03FB06F61F
:1044A80062EBE572624D05FB0266A3FB05357619E2
:1044B80000F1B580D0E9018E4FF03C0C02298CBF89
:1044C8006FF00202092240F26D154FEAE879CEFB3F
:1044D8000C894FEA091C4FEA081EBEEB080E4CEA8D
:1044E800187C6CEB090C11444FEA8C0C02684CEAFE
:1044F8009E7C50481B094FEA8E0E43EA06731EEB5A
:10450800020E4FEA261600FB03704CEBE27CF70024
:10451800DA00D21847EA537746EB07073F0147EA24
:1045280012771201D21846EB07073F0147EA1277C4
:104538001201D21A67EB06073B4E01EBC101A6FB3D
:104548000036830805FB003301EB01113A480231BC
:10455800A0FB01012344A3EB561303EB9103900145
:10456800B901801A41EA926161EB070233491B18CD
:1045780042F100025B1862F10002D91842EB020016
:10458800CB1842EB00021001190140EA1370CB1A54
:1045980060EB020001011A0141EA1371D31A61EBC1
:1045A8000001C901D80110EB0E0041EA53614CEB40
:1045B8000101BDE8F0836FF4C773FB1862F10002D4
:1045C8004FEA135E4EEA023ECEF31308C3F3130E0E
:1045D800C6440EEB123E4FEAE27808F021090EEBD2
:1045E800127E114DCE44A5FB0E95ED0805EB850511
:1045F80005EB850528F01708AEEB050545440B4E7D
:104608005B1B03FB06F6DFF828C062EBE5720CFBC8
:104618000266A3FB0C3C16EB0C067FF54BAF0F3381
:1046280046F1000646E700BF1F85EB51F5285C8F71
:10463800295C8FC270FEFFFFCDCCCCCC9405F5FF72
:10464800D0B5FFF7F3FE064628F014F90024034618
:10465800014A30469C50D0BD0C00000038B50028F7
:1046680049D08368264A934203DC002B29DB0120CA
:1046780038BD2449446881FB032102684FEAE37C82
:10468800012ACCEB217C74F100014FEAEC7E07DBB8
:104698006FF00041D543091B654571EB0E0128DB1E
:1046A80012EB0C01184A4EEB040402FB0C33144ABB
:1046B800C0E9001493428360D9D9F0211348FFF769
:1046C800A3FA1349D21A520AA1FB0212D0E9001424
:1046D800002C4FEAD21206DB0E4D891A05FB023375
:1046E80064F10004E3E704F10045914275F1000527
:1046F800F2DA002038BDC9210448FFF785FA00BF67
:10470800FFC99A3BA12FB844003665C48CE6060061
:10471800834B040000CA9A3BF8B500F0D7F8002391
:1047280001220A4C0A490B4F0B4E0C4DC0E90434C8
:10473800DFF82CC0026042603B6033602B6083600E
:10474800C3600A60CCF80020F8BD00BF40EE060048
:10475800406A0120C4850120C0850120BC85012054
:104768003C6A01202DE9F04707468846164600F0C6
:10477800ADF8C36804461BB943691A78002A38D1D2
:1047880000236268E360BA4258F8223072DA591C92
:10479800616193F800A0BAF12D0F6BD19D1C656182
:1047A80093F80190B9F12D0FC4F8089035D0B9F1FC
:1047B800000F24D1344D51463046656127F039FE4B
:1047C80000285DD0C4F808A02D21304627F031FE1E
:1047D800E0B143783A2B2DD0002323612B7813B90D
:1047E800636801336360204600F050F8A068BDE8B4
:1047F800F0875D1C456193F80090C0F80890494621
:10480800304627F016FEB9F13A0FE1D12B7803B301
:10481800204600F03BF83F20E9E79B78002BD3D1F6
:10482800194B013220466260636100F02FF84FF0A7
:10483800FF30DCE72A7863682AB901339F42636056
:104848000BDD58F82350104A0133C4E90452636061
:10485800C9E7636801336360DAE70B4B204663619D
:1048680035783A2D02D000F011F8D4E700F00EF8B0
:104878002846BCE7044B2046636100F007F8D6E7FA
:10488800204600F003F8D2E740EE060070B4D0F8F6
:1048980000C0094E094DC6F800C04668084C2E6095
:1048A80008498568084A2560D0E903430C6013600D
:1048B80070BC07F097BE00BF406A01203C6A012027
:1048C800C4850120C0850120BC85012000487047AF
:1048D800246A01202DE9F04F1446828B834612F09A
:1048E800080C83B040F0498102F00700022907460E
:1048F800CDF804C080B253D0DBF81860002EC0F2A7
:10490800DD80411F012940F20081042840F04A81DE
:1049180022F00702DBF8005092B2ABF81C20002D01
:1049280000F0338142F02002ABF81C2057B3002579
:10493800DBF80870A846AA46002F50D1002D4FD1A9
:10494800BAF1000F1ED02F464AE0BAF1000F02D08C
:104958005846A649D047EFF31184202282F31288E3
:10496800BFF36F8F484624F0F9FE002800F011814C
:10497800484624F019FFBBF81C2022F0080292B226
:10498800ABF81C20D1064DD5012122F0100292B2BD
:1049980002F0070002290746ABF81C2080B2ABD111
:1049A80000285ED1DBF8001000297AD0002F40F0F3
:1049B8000381DBF81010D1F800A0BAF1000F00F065
:1049C800F6803D464FF006083E4622F0070242F0C8
:1049D8000602ABF81C20DBF80870002FAED00127C8
:1049E80042F008020BF114094846ABF81C2024F0E9
:1049F800C3FE002800F0D18084F31188BFF36F8FC5
:104A0800BFB9002DA1D02846314650F8047B00F0EC
:104A1800D3F9044618B32946334642465846A047B8
:104A28003D46EEE793063CD522F02002022192B2E1
:104A3800AEE7DBF808100029E3D00C68334642469D
:104A480058464F68B847002CDBD0214624683346C7
:104A5800424658464F68B847002CF6D1D1E73D4644
:104A6800CFE702281AD001281BD1DBF80010C1B10A
:104A7800012F40F0B580DBF81010D1F808A0BAF18A
:104A8800000F00F0A880002522F0070242F005027E
:104A98004FF005082E46ABF81C209CE7BBF81E50CB
:104AA80005B30BF1140024F067FE002875D084F3D9
:104AB8001188BFF36F8F03B0BDE8F08F4FF0010886
:104AC800019B22F0070242F00102DBF80050CBF80C
:104AD8000430ABF81C20CBF80030474527D04FF006
:104AE800000A78E7022F71D1DBF81010D1F804A082
:104AF800BAF1000F65D022F0070242F004024FF02D
:104B080004082E46ABF81C2065E7019B0628DBF855
:104B18000050CBF80430CBF800300FD04FF000082D
:104B280022F0070292B24745ABF81C20D7D1002DDE
:104B38003FF428AF4FF0000A574651E74DB12846D9
:104B4800BBF81E10013189B2ABF81E1000680028AE
:104B5800F8D122F00701BBF81E0041F00202ABF8C1
:104B68001C2089B210B14FF00208B6E741F02202CA
:104B78004FF00208ABF81C20AFE701290CBF42F048
:104B8800100242F0200282838BE7002F7FF4D0AE20
:104B9800F8E688211648FFF737F84FF49A71144859
:104BA800FFF732F840F21B111248FFF72DF84FF4C7
:104BB800AD711048FFF728F84FF4AB710D48FFF7B7
:104BC80023F840F261110B48FFF71EF840F25D111F
:104BD8000848FFF719F84FF4B4710648FFF714F8BE
:104BE8004FF4B2710348FFF70FF800BF014C0400FF
:104BF800A8E50600C0E60600F8B504460D4600F133
:104C08001406EFF31187202383F31288BFF36F8F05
:104C1800304624F0A3FD50B1304624F0C5FDA5610F
:104C28003A462046BDE8F8400121FFF753BE8821E7
:104C38000148FEF7E9FF00BFA8E5060088B138B5CE
:104C48000C4659B10B684BB14B683BB10546202265
:104C5800002127F0BEFB2C61002038BD6FF0150045
:104C680038BD6FF0150070472DE9F84F002878D04F
:104C78000D46002975D001F1040A0446504600F09B
:104C880085F8061E26D1AB68032B6AD804F11409EF
:104C9800EFF3118B202383F31288BFF36F8F4846FD
:104CA80024F05CFD8046002862D0484624F07CFD54
:104CB8004FF6FF72E38BA78B934207F007073ED0AE
:104CC800022F38D0062F47D8DFE807F008414646BC
:104CD80008190800DADA3046BDE8F88F00232B609F
:104CE80063688BB31D606560002F3DD13E4620464A
:104CF8005A460221FFF7EEFD3046BDE8F88F6FF007
:104D080085064FF00008484624F036FDA0B38BF323
:104D18001188BFF36F8FB8F1000FDCD05046002127
:104D280000F04AF880460028D5D03A462946204661
:104D38000023C047CFE701333E46E383E3E76FF044
:104D48000A064FF00008DEE725606560CCE76FF0E3
:104D580004064FF00008D6E74FF4E4710948FEF75F
:104D680053FF6FF01506B6E73E464FF00008CAE756
:104D780088210548FEF748FF4FF49A710248FEF76C
:104D880043FF00BFC0E60600A8E50600034640B1A1
:104D9800426802F00302022A06D0032A04D0012A3C
:104DA80005D06FF0150070471A68002AF9D0002264
:104DB80010469A60704700BF08B54268034602F083
:104DC8000302022A816007D0032A10D0012A0BD0DF
:104DD80045210948FEF718FF006800225A6008B10B
:104DE80025F0B4FD002008BD00224260FAE7006803
:104DF80000225A6008BD00BFE8E6060010B5044668
:104E0800B1F800E08888AEEB000E20691FFA8EFE2C
:104E180086451FFA80FC24BFAEEB0C0E1FFA8EFEEF
:104E2800ACEB0E0C1FFA8CF0984228BF184623688A
:104E3800734413600B8803440B8010BD4B88B1F892
:104E480000C0ACEB030C1FFA8CFC944515D34FF053
:104E5800000C00B51A4492B262F30F0C62F31F4CB7
:104E6800B1F804E0C1F800C0A2EB0E0302699BB2DE
:104E7800934205D200205DF804FB6FF015007047DF
:104E88009644A1F804E0F5E72DE9F041002705462E
:104E98008846164607E04146224627F073FA361B35
:104EA8002744A04435D0AA88AB892869D31A9BB275
:104EB800C31AB34228BF3346298984B2511A89B22A
:104EC80088429CBF091B89B2641AA4B29C4228BFBD
:104ED8001C462868224492B20844AA80002CDAD1E1
:104EE800EB88D21A92B2974219D8002128893B44FC
:104EF8009BB21A1A2C6992B2A24263F30F0128BF1F
:104F0800001963F31F4128BF288169603846BDE84E
:104F1800F081AA88EB88D21A92B29742E5D9482143
:104F28000148FEF771FE00BF10E706002DE9F041C9
:104F38004FF0000805460F46164643890AE037B188
:104F480038462246614427F01DFA6B892744361BF0
:104F5800A0441AD0EA88E989D21A92B2B24228BF8C
:104F680032462869591A89B2814284B224BF091B82
:104F780089B2641AA4B2944228BF144623449BB24F
:104F8800D5F800C06B81002CD9D1AA899B1A9BB295
:104F9800984515D80021E88902EB08039BB21A1A34
:104FA8002C6992B2A24263F30F0128BF001963F380
:104FB8001F4128BFE881C5F80A104046BDE8F081C6
:104FC80063210148FEF720FE10E70600704700BF86
:104FD800002070471FF058B9014822F0A1BA00BF5D
:104FE800506E012070B5002288B00F490F4825F097
:104FF8006BF80022002300240E260D4DCDE9062370
:1050080028464FF40062CDE90364CDE90144094B19
:105018000949009423F066F90849284623F06EF8F8
:10502800204608B070BD00BFE14F0400887601201B
:10503800B87101205D550400B0A601203CE70600C8
:1050480003785B0701D50020704703684288C3F3E3
:105058004A2000EB1210173020F007008008704734
:105068002DE9F0470546804698B14FF00109144FE5
:1050780095FAA5F3B3FA83F307EB0316317B09FA24
:1050880003F26FEA020A1C0125EA020521B9002D84
:10509800EED14046BDE8F0873B591B691BB130464D
:1050A80098470028F3D13B195B68042230461968F9
:1050B80008EA0A0800F038FC002DD9D1E9E700BF5A
:1050C800E4CD06002DE9F04F374E384C83B0331B42
:1050D8008F2B019063D88A4635491F09D1E8EFBF65
:1050E8000BF10100C1E8E50F002DF7D1BBF1000F6E
:1050F80037D1B4424ED834D2013E361B5D464FF00C
:1051080001091034360908E0BD4243D0B54205F123
:10511800010204F110042AD0154614F8042C002AC0
:10512800F2D054F8102CA4F11008D2680AB1404605
:10513800904754F80C2C82F8069054F8102C1269F9
:105148003AB14046904720B109FA05F24BEA020B02
:10515800DAE754F80C2C40461168042200F0E4FB0E
:10516800D2E74FF0000B584603B0BDE8F08F019B23
:10517800002BF8D0BBF1000FF3D05846FFF770FFB3
:105188008346BAF1000FF5D000214FF4A47023F044
:10519800BDFFEFE74FF4AC710648FEF735FD4FF45D
:1051A800A6710448FEF730FD04CE0600E4CD0600E3
:1051B800DC85012044E7060008B50C4BD3E8EF1F57
:1051C8000131C3E8E21F002AF8D1094BD3E8EF1FE9
:1051D8000139C3E8E21F002AF8D1064824F0D4FFB9
:1051E800BDE80840044822F09BB900BFD4850120DF
:1051F800D885012088760120506E0120014B53F894
:105208002000704788E70600002300B585B0CDE987
:1052180002011A4619461846CDE9003300F010FD80
:1052280005B05DF804FB00BF70B500241C481D4E96
:105238001D4A1E4B1E4D1F4906604FF40040146066
:105248001C600C7001F050F828461B49FEF7F6FD6B
:105258001A4B1D6000F0C0FA194D1A4B9D421AD81E
:1052680018D203F1FF3CACEB050C5B1B2246294628
:105278001C094FEA1C1C00E01A464B1B48681B110E
:1052880001339442037101F1100104D0624502F127
:105298000103F1D170BD40F227110B48FEF7B4FCB1
:1052A800446A0120DD4F0400D4850120D8850120FF
:1052B800F46B0120A096012074E70600C885012040
:1052C800E4CD060004CE060044E706002DE9F041CF
:1052D8000024184BD3E8EF7FC3E8E24F002AF9D146
:1052E800154D164EB54220D81DD206F1FF38A8EB51
:1052F8000508761B4FEA1818360908E0B44205F18C
:10530800100512D0444504F101030CD01C466B680B
:105318005B79002BF2D02B685B68002BEED0394606
:1053280028469847EAE7BDE8F0814FF4037104483E
:10533800FEF76AFCD4850120E4CD060004CE060001
:1053480044E706002DE9F0474948FEF7B5FE002876
:1053580041D0484D484FBD4200F2858006462DD2C7
:1053680007F1FF38A8EB05087F1B00244FEA18183F
:105378003F0908E0BC4205F1100574D0444504F12A
:1053880001031BD01C466B685B79002BF2D0317887
:105398004B070DD4B6F800A03046CAF3821AC1F301
:1053A800C20900F0E9FCBAF1000F01D0002851DA77
:1053B8002B68314628461B689847DBE72F4B314658
:1053C8001868FEF715FF2E4BD3E8EF1F0139C3E825
:1053D800E21F002AF8D12B4B1B68002B0DDC2A4C4E
:1053E800D4E9002512F57A7245F10005C4E90025D3
:1053F8001F48BDE8F047FEF763BF24F059FD40F2AF
:10540800E9364FEA401C4F01BCEB000C47EAD06775
:1054180067EB01074FEA8C0318184FEA870343EA42
:105428009C7341EB0303DB0043EA5073164CC0F353
:10543800103141EA4341D4E90025DB0B891A63EBBB
:105448000503B14273F10003CCD3FFF73FFFD4E962
:105458000025C7E7024649460123284600F0B4FA6A
:10546800504587D3A4E74FF400710848FEF7CCFBFA
:10547800F46B0120E4CD060004CE0600C8850120A7
:10548800D8850120D48501208076012044E70600D4
:1054980010B5284B82B0D3E8EF2F511CC3E8E01FAA
:1054A8000028F8D1244B1B783BB9244B1B6813B157
:1054B80052B3092A1FD002B010BDEFF31184202384
:1054C80083F31288BFF36F8F1D4824F047F938B370
:1054D8001B4824F069F91B4B1B784BB9184824F07A
:1054E8004BF908B384F31188BFF36F8F02B010BD76
:1054F800FFF728FFF2E7144824F046FE134802B0ED
:10550800BDE8104022F00CB8002000214FF4004202
:10551800CDE9000100230C4824F0E6FD02B010BDDF
:1055280088210B48FEF770FB4FF49A710848FEF784
:105538006BFB00BFD8850120A0960120D0850120F3
:10554800CC8501209F96012088760120506E01208D
:10555800A8E506002DE9F04F404BDFF804A183B021
:10556800A3EB0A06360973D000210846FFF7AAFD07
:105578000746002858D14FF0FF334FF0FF34CDE9EC
:105588000034384B1B78002B5DD027F073F9364B6D
:10559800364A1B5813601BB1354B1B68092B4EDC70
:1055A8000024344DDFF8D080A5EB0A05DFF8CC9055
:1055B8002D0947B998F80030ABB1FFF7C3FE90B199
:1055C8000446002FF6D03846FFF74AFD0746002864
:1055D800F0D14FF0FF324FF0FF33CDE9002398F8B8
:1055E8000030002BE9D1C4B11C4B9A4522D814D203
:1055F8000024DFF86CB000E01C46DBF800309B6943
:105608001BB10022584611469847B4420BF1100BC3
:1056180010D0AC4204F10103EED14846DDE9002385
:1056280021F0EEFF0024C4E740F267630024CDE9CF
:105638000034A6E740F29D311148FEF7E5FA0F481D
:1056480021F06EFFACE740F246310E48FEF7DCFA77
:1056580040F2A9310A48FEF7D7FA00BF04CE060087
:10566800E4CD0600AA96012008000000D08501209C
:10567800D885012003CE06009F960120506E012098
:1056880044E706000CE606002DE9F0411C4F3C7883
:105698000CB1BDE8F0811B4D1B4E21460120FFF7E0
:1056A80011FDB54226D81AD206F1FF38A8EB050835
:1056B800761B4FEA1818360908E0B44205F11005C0
:1056C80018D0444504F1010309D01C466B685B7986
:1056D800002BF2D02B6828469B689847EDE70B4CC7
:1056E80023781BB1FFF72EFE0028F9D101233B7068
:1056F800BDE8F08140F2C5110548FEF785FA00BF04
:10570800A0960120E4CD060004CE06009F96012055
:1057180044E7060010B5064C237813B10123237023
:1057280010BD044821F0FCFE0123237010BD00BF0A
:105738009F960120506E012008B50D4BD3E8EF1F4E
:105748000131C3E8E21F002AF8D138B9094824F02A
:105758001BFDBDE80840084821F0E2BE074BD3E82E
:10576800EF1F0139C3E8E21F002AEFD0F7E700BFB7
:10577800D485012088760120506E0120D88501202B
:105788000146002200230148FEF780BBF46B01208C
:1057980010B5074B04461B68984703462146A3608B
:1057A8000448FEF733FCBDE81040FFF771BE00BFA8
:1057B800446A0120F46B012000207047044A054B1D
:1057C8009B1AB1EBD30F34BF52F831000020704759
:1057D80034CD0600E4CD06000B4B0C48A3EB000CBF
:1057E8005FEADC0C0FD00A4A02EB8C0C11680379D3
:1057F80021F0070103F007030B4342F8043B9445EB
:1058080000F10800F2D17047E4CD060034CD06005F
:105818003C6C0120F8B50A4D0A4EAD1BED080BD0C3
:105828000746002456F8340018B13946FAF7F2FC56
:1058380020B10134AC42F5D14FF0FF342046F8BD19
:10584800E4CD060034CD06002DE9F8432B4E2C4C50
:10585800361BB2EBD60F4CD2002815461F462FDB5D
:1058680004EBC2042479C0B200EB400204BBA44696
:10587800072703230020234E07FA02F256F82510C3
:1058880021EA020141EA0C0C2CFA03F101F00701AC
:10589800884203F1030338BF08461E2BF4D12CF0CD
:1058A800070C4CEA000046F825002046BDE8F883BE
:1058B8009C4228BF1C4604F0070C0CFA02FCD7E7F0
:1058C800114E124CA41B2409EFD006EB041988468C
:1058D800002473682A46187941463B46FFF7B4FF0F
:1058E8001036844238BF0446B145F2D12046BDE89F
:1058F800F8834FF4DE710648FEF786F9E4CD06001A
:1059080034CD06003C6C0120E4CD060004CE060030
:105918009CE7060018B140680079FFF795BF4FF083
:10592800FF30FFF791BF00BF2DE9F0410F4B104E3C
:105938000546F61A4368F6088846DA710CD0174609
:105948000024686822B201343B4600210079A4B2E1
:10595800FFF77AFFB442F4D301226B68C3F80080E2
:105968006B685A71BDE8F041FFF7D4BE34CD06002C
:10597800E4CD060070B5D8B1436805465A7912B926
:1059880000225A7170BD0D4E0D4AB61AF608F7D0AE
:1059980000240023696822B201340879A4B21946A8
:1059A800FFF752FFA642F4D800226B685A7170BD07
:1059B80040F235110348FEF727F900BFE4CD060091
:1059C80034CD060004E8060008B5C8B1416891F86E
:1059D80004C00F490F48091AB2EBD10F13D21BB9F3
:1059E80000EBC200007908BD0B4B5FFA8CFC53F842
:1059F80022000CEB4C0C20FA0CF000F0070008BD5C
:105A08004FF0FF3CE5E74FF4D4710448FEF7FCF88B
:105A1800E4CD060034CD06003C6C01209CE706006E
:105A280038B50C4681B11546D2E901329B1A994224
:105A38000CD8014628681044224626F0A3FCAB681F
:105A480020462344AB6038BD084638BD6FF01B00C4
:105A580038BD00BF70B5054606200C461646FFF750
:105A68008FFE68B10222A10101F4E07141F4805176
:105A7800C0E9001546610261BDE87040FFF788BEC5
:105A8800BDE87040FFF758BEF8B5054608200C463B
:105A980017461E46FFF774FE70B10323A10101F4F7
:105AA800E07141F4C051C0E90015476186610361A6
:105AB800BDE8F840FFF76CBEBDE8F840FFF73CBE14
:105AC8002DE9F041054608200C4690461F46069EE3
:105AD800FFF756FE78B10423A40104F4E07444F4FB
:105AE8000054C0E90587C0E90045C6610361BDE807
:105AF800F041FFF74DBEBDE8F041FFF71DBE00BF06
:105B08002DE9F04FC1F34A288DB00C4682461E4657
:105B180004AF4FEA115BB8F1000F39D09146042564
:105B28000022C7E90522FA61029507F10C050195E3
:105B38000A254146484607F114030095FDF772FC13
:105B4800B0F5006F4FF0000278603ED33748036825
:105B580013F0060F35D06D468AB0D9F8041004AB9F
:105B68004FF400769961324C40F2FF715C611C463B
:105B78001E84D9612F4B44F8103F4FF4125113463D
:105B88002246FFF7BDFFAD462437BD46BDE8F08F7E
:105B98000BF1170020F007008008FFF7F1FD05461C
:105BA80000283AD036B105F110005A463146404433
:105BB80026F0E8FB68F353242846C5E9004AFFF7B6
:105BC800E7FD2437BD46BDE8F08F7B680BF1170071
:105BD800184420F007008008FFF7D2FD0546E0B121
:105BE8000022FA6105F110027A6104227B684146BD
:105BF800BB61029207F10C0201920A224846009208
:105C080007F114030C4AFDF70DFC002809DB7B683B
:105C1800C3F30A08002EC6D1CCE70020FFF78CFD9D
:105C2800CFE74FF4A3710548FDF7EEFF506C012054
:105C380048E8060004000001295A040088E8060024
:105C48002DE9F04F87B00446DDE911B916469846AC
:105C5800109FDDF84CA00291B9F1000F51D010212E
:105C68004B465A460020CDF800A0CDF814A0FDF709
:105C78002FF9011E70DBB1F5006F3ADA07F1170052
:105C8800084420F0070080080391FFF779FD039985
:105C9800054600285AD0CDF800A000F1100A4B465E
:105CA8005A4650460391FDF713F90028039958DB2B
:105CB800C7F30B02174604F0070406F00706C1F302
:105CC8000A0BB8F1000F04D00AEB0100414626F098
:105CD80059FB2846E40044EA8614029B44EA4B2414
:105CE80044EA07546B602C6007B0BDE8F04FFFF73B
:105CF8004FBD1E4C236813F0060F17D107B0BDE83F
:105D0800F08F00F0070407F1170020F00700800863
:105D180002F00706FFF734FDC7F30B0217460546E6
:105D2800A0B14946CB4605F1100ACAE70820FFF79B
:105D380027FD0F4A58B1032540F2FF7142614FF425
:105D4800C4524460056181610260CDE7002007B05C
:105D5800BDE8F04FFFF7F0BC40F265110548FDF7CC
:105D680053FF4FF4C4710348FDF74EFF506C0120F8
:105D7800B4E8060088E80600406820B1034BC01A62
:105D880040F38F0070474FF0FF3070473C6C0120A4
:105D98000EB400B582B003AB53F8042B0146044897
:105DA800019306F0B7F802B05DF804EB03B0704752
:105DB800BD5D04002DE9F8434B68CA681C680D46B0
:105DC8009442064610D0D3E8EF2F511CC3E8E01FD9
:105DD8000028F8D1AB689E546A68EB6812689A424A
:105DE80014D80020BDE8F8830F68D1F80890D3F8DC
:105DF80004803CB1484621464246B847241A8144AB
:105E0800F8D16B6800221A606B68DCE772210148E0
:105E1800FDF7FAFEECE806000A2838B504460D46F8
:105E280005D029462046FFF7C5FF002038BD0D20C4
:105E3800FFF7C0FF29462046FFF7BCFF002038BD0A
:105E48002DE9F04F89B09DF84C8004461E46159FF9
:105E5800B8F1000F40F0DB80012E149B28D0002BF6
:105E680000F0C080C346B3482246149BB249FDF7F0
:105E780077FA0028C0F2B281169B13BBB8F1000F65
:105E880040F09F80D4E900831D68A6685F6855B11B
:105E98003B4647469846304629464246B8472D1A5B
:105EA8000644F8D1636800221A6009B0BDE8F08F93
:105EB800002B00F09780C346EAE0169B002B00F009
:105EC8008380DA46179BDFF8749203F01003CDE95C
:105ED80005389B4E169D059B102D28BF10253BB9F4
:105EE800179B990640F18E8020469649FFF750FF90
:105EF800BAF1000FC8BF4FF0000807DD3146204651
:105F080008F10108FFF744FFD045F7D120468E4934
:105F18003A78FFF73DFF4FF0010BDFF830820AE0D7
:105F28005D4511D8414620460BF1010BFFF730FFC4
:105F3800BBF1100F13D01BF0070FF1D131462046EB
:105F4800FFF726FF5D45EDD917F80B2020467E495F
:105F58000BF1010BFFF71CFFBBF1100FEBD1204633
:105F68007B49FFF715FF4FF0000B3A46DFF8E48155
:105F78001278414619F80230204613F0970F08BFEF
:105F88002E220BF1010BFFF703FFBBF1100F0DD011
:105F98001BF0070F2DD05D4531D8314620460BF157
:105FA800010BFFF7F5FEBBF1100FF1D1169B2F4443
:105FB8005B1B16938ED1DDF81880B8F1000F3FF403
:105FC80061AF179B03F00105002D63D1179BDA061B
:105FD8003FF558AF9B0620464CBF5A495E49FFF72C
:105FE800D7FE4FE7169B002B3FF44CAF4FF0000A4B
:105FF80068E731462046FFF7CBFE5D45CDD907EB74
:106008000B02B5E720465449FFF7C2FE70E7B8F126
:10601800040F00F2E88092468946FFF7CDFB179AF5
:10602800179B02F0010502F008020592179A03F087
:10603800020302F4807206920246002830D02046FD
:1060480046490793FFF7A4FE079B83465BBB55B100
:10605800434B204653F82820424B4349002A08BFA7
:106068001A46FFF795FE069B002B00F08D80059BD6
:10607800002B40F0A080BAF1000F05D05246204610
:106088003A49FFF785FE8344149B002B3FF415AF74
:106098003748E9E62046334A3349FFF779FE95E762
:1060A8008346002BD3D0179B13F0440F00F08D804C
:1060B800304BD3F800E0BEF1000FC8D02E4B2F4A6A
:1060C8001B682046B9FBF3F3B3FBFEFCA2FB0C9262
:1060D8004FF47A790EFB1C3309FB03F307934FF453
:1060E80061634FEAD22903FB19C9254B2549A3FB54
:1060F80009C3DDF81CC05B09BCFBFEFCCDF804C07D
:10610800C3EB031CA9EB8C0CCDF800C0DDF80490A0
:10611800DDF81CC0D20A0EFB19CC4FF47A7909FBC2
:106128000CFCBCFBFEFCCDF808C0FFF731FE834435
:106138008DE700BF215E04001DBF0400ED6D070060
:10614800B84F0700F449070068E9060074E906003B
:1061580078E9060074FB060070E9060024E90600E9
:10616800C4E906001CE9060050E9060054E90600E7
:10617800BD5D0400E4850120E0850120C5B3A2913E
:106188008988888834E90600059BABB9DDF8149046
:10619800BAF1000F05D0524620461549FFF7F8FD21
:1061A8008144CEB1324620461249FFF7F1FD00EB9B
:1061B80009039B4468E700260F4B204653F8282024
:1061C8000E49FFF7E5FD8146E2E74A4620460C49BD
:1061D800FFF7DEFD83443AE7CB4455E740F2A721B9
:1061E8000848FDF711FD40F24D210648FDF70CFD6A
:1061F80054E9060060E90600D8E9060058E90600F7
:1062080028E90600ECE806002DE9F0430546087881
:1062180087B0C0F3C20908460E880C468F689046BE
:10622800FFF7AAFD011EC6F382161ADA0023002220
:1062380039462846678854F8105BC7F30B17C5F32F
:106248004A2C944504EB0C0508BF1446CDE90478A4
:106258000196039500920294FFF7F2FD07B0BDE89E
:10626800F0834846FFF7AAFA0346E0E72DE9F04332
:1062780042F20F730C460646A34283B028BF23465A
:1062880005216846154A356824F0F0FD0B270446B9
:106298007368DFF84C80D3F80490404639464A4684
:1062A800A8473F1A8044F8D16F467368D3F8048032
:1062B800384621464246A847241A0744F8D11B24E9
:1062C8007368084E5F68304621463A46A847241A44
:1062D8000644F8D103B0BDE8F08300BF1C060700F0
:1062E80098E906007CE906000A4A904288BF012323
:1062F80009D9400890424FEA4303FAD8064A136086
:10630800064B186070470122034B1A60034B186054
:10631800704700BF40420F00E0850120E48501205E
:106328002DE9F041884659B1074E4518B768441E13
:10633800013D14F8011F30467B689847AC42F8D1FC
:106348004046BDE8F08100BFB0C9060003465B685F
:1063580000201B685B689961704700BF01212DE927
:10636800F04143681B685A681177D3F80080D8E970
:1063780000731C68D8F808505E6844B12846214666
:106388003246B847241A0544F8D1D8F80430002218
:106398001A60BDE8F08100BF43681B681868FFF702
:1063A80065BF00BF70B543680C461D686B68986987
:1063B800FEF724FF214603460F222868BDE87040F7
:1063C800184700BF10B543681C6806481FF09CFFBB
:1063D80018B123685B685C6010BD99210248FDF71D
:1063E80013FC00BFB0C90600ECE906000346024AE8
:1063F80000201A60704700BF80EA060010B5044606
:106408001DF042FF03490246204602F0F9F9002038
:1064180010BD00BFACEA060030B51546034600249F
:1064280083B068680A2101AA01941D4602F0C0FFE2
:10643800019C9CB94FF40045214640F2E73220EA1E
:10644800E073C3FB0521002310464FF47A72F9F775
:10645800C7FE22F05BFE204603B030BD2246284628
:10646800034902F00FFA019C204603B030BD00BF7B
:10647800DCEA060008B5034A034902F0C1F9002026
:1064880008BD00BFD4EB0600DCEB0600F0B51746EC
:10649800002383B00A21044601AAB868019302F0D8
:1064A80087FF1A490646204602F0DCF9019DE5B946
:1064B800F6B2042E0DD87868FFF7ACF9021E1DDB82
:1064C80033462946284612B2FFF724FA284603B075
:1064D800F0BD0125324620460D4902F0D3F9204689
:1064E80002F05CFB284603B0F0BD2A462046094965
:1064F80002F0C8F9019D284603B0F0BD20467A682D
:10650800054902F0BFF96FF01505DFE708EC060052
:1065180098EC060070EC0600B0EC0600012008B507
:10652800FDF704FF002008B5FDF700FF0B68834264
:1065380004BF01230B7170470246002300B583B0E6
:106548006946054800928DF8043023F0D5F99DF886
:10655800040003B05DF804FB3565040010B504467B
:106568001DF068FE07490246204602F049F9204618
:10657800054902F045F92146044823F0C1F90020F5
:1065880010BD00BF94ED0600B4ED06009965040047
:10659800F0B58FB004460E46D0F8AC7021F0C0FDBF
:1065A800294B1B78002B49D00546284B26F062F969
:1065B800002D08BF1D46DFF898E0DFF898C05EF8A8
:1065C8000000254A2346844208BF624623493046D4
:1065D800009502F015F9D4E90A23CDE900233046E5
:1065E80094F90E30227B1E4902F00AF906A92022EE
:1065F800204621F097FD636F02461A49304602F0A3
:10660800FFF8204605A921F0B7FE80B96425059B4F
:106618003046FC1ACDE9004705FB04F4B4FBF7F457
:106628003A461149029402F0EBF80FB0F0BD024669
:106638000E49304602F0E4F80FB0F0BD40F24631A2
:106648000B48FDF7E1FA00BFAA960120C0ED06004D
:106658000800000038070700B84F0700C4ED06001F
:10666800D0ED0600FCED060044EE060014EE060030
:106678000CE6060030B505464FF02033002291B0F5
:1066880029461948CDE90E22CDE90933CDE90B3366
:106698000893ADF838300D9323F032F94FF40061C8
:1066A800124807AA21F058FEC8B94FF400614FF00C
:1066B800640C044608AB0093079B2846CA1A039249
:1066C8000CFB02F2D20A029304910191059223462F
:1066D800064A074902F094F8204611B030BD50210F
:1066E8000448FDF791FA00BF01670400B0C7012014
:1066F800E4EE06009CEE0600F0B5054689B00E46AD
:10670800D0F8AC7007A921F037FED0B9284621F09F
:1067180007FD6421079C034601943C1B029401FB7E
:1067280004F4B4FBF7F40A492A46002B08BF0B46C9
:106738003046084903970097049402F061F809B0BD
:10674800F0BD02460449304602F05AF809B0F0BDDF
:10675800C0ED060030EF060014EE060038B514460A
:10676800054610226068002124F022FC0446FFF749
:10677800E3FE90B1124B1B78E3B126F07BF8114B86
:106788001B589C4211D0204621F04EFF2846224635
:106798000D4902F035F8002038BD224628460B493D
:1067A80002F070F86FF0150038BD2846084902F06D
:1067B80069F8F7E740F246310648FDF725FA00BFC9
:1067C800AA96012008000000DCEF060098EF0600FA
:1067D800B4EF06000CE6060038B51446054610224C
:1067E8006068002124F0E4FB0446FFF7A5FE90B1A1
:1067F800124B1B78E3B126F03DF8114B1B589C4215
:1068080011D0204622F04CFA284622460D4901F0C4
:10681800F7FF002038BD224628460B4902F032F81F
:106828006FF0150038BD2846084902F02BF8F7E745
:1068380040F246310648FDF7E7F900BFAA96012065
:106848000800000048F0060098EF060020F0060057
:106858000CE6060038B5144605461022606800218B
:1068680024F0A6FB0446FFF767FE90B1124B1B7895
:10687800E3B125F0FFFF114B1B589C4211D0204675
:1068880004F006FF284622460D4901F0B9FF002012
:1068980038BD224628460B4901F0F4FF6FF0150079
:1068A80038BD2846084901F0EDFFF7E740F24631C8
:1068B8000648FDF7A9F900BFAA96012008000000C4
:1068C800B0F0060098EF060088F006000CE6060017
:1068D80010B50C46002102F0E9FC00B10068002365
:1068E800024AC4E90233C4E9000210BDECF0060014
:1068F80010B50C46002102F0DDFC00B10068002351
:10690800024AC4E90233C4E9000210BDECF00600F3
:1069180070B506465068144602F0D0FCF0B1054642
:106928001FF0F2FCA0B928461FF0BCFC054638B998
:10693800304662680D4901F053FF0025284670BDB6
:106948000346626830460A4901F09CFF284670BD3C
:1069580030466268074901F043FFEEE73046626857
:10696800054901F08FFF6FF01205E7E760F10600B7
:1069780030F106000CF10600F4F006002DE9F04FA6
:1069880091B0054603A8894601921FF0B1FC039B0C
:10699800082103EB40182E4A284601F013FF039CF8
:1069A800A04535D9DFF8ACA026680EB1337833B9E5
:1069B80023463021284A04A824F058FA04AEB9F135
:1069C800020F05D1019B3046596825F083FDE0B1DF
:1069D800334608212846214A01F0F4FE20461FF0DC
:1069E80093FC06461E4B0821002E08BF5346284636
:1069F8001C4A01F0E7FEE3693BB1D3F800B0BBF1F4
:106A0800000F02D0DBF8002032B92034A045CBD8E3
:106A1800002011B0BDE8F08F134A0821284601F084
:106A2800D1FEDBF800206AB15F46002657F8043F24
:106A3800082128460D4A01F0C5FEDBF80030013672
:106A4800B342F3D808212846094A01F0BBFEDCE727
:106A580098F106008CF10600A4F10600ACF10600DE
:106A680084F10600B4F10600BCF1060010390700F5
:106A7800F4490700F0B5137814463A2B06460D463C
:106A880083B015D1013401AF23783A2B28D10134D2
:106A98000A223946204624F015FA019A0346A242F2
:106AA80028601AD01078C0B93C2B2ED803B0F0BD9E
:106AB80001AF0A223946204624F004FA019BA86057
:106AC800A3420AD01A783A2A07D1172898BF5C1C23
:106AD800DAD930460F4901F0D5FE6FF01500E5E729
:106AE8000A223946204624F0EDF9019B6860A3424A
:106AF800F3D01A783A2AF0D13B2898BF5C1CC7D942
:106B08003046054901F0BEFEE7E73046034901F08B
:106B1800B9FEE2E7B0F20600C0F20600D0F20600C5
:106B28002DE9F0410D4694B006A904460120164609
:106B3800FCF736FF0BA906A824F0F4F8032D31D092
:106B4800022D65D1204672680BA9FFF793FF002834
:106B58005ED10BA8FDF774FDB1F1FF3F08BFB0F19E
:106B6800FF3FCDE906015FD000230893012006A965
:106B7800FCF786FF0546002850D1DDE90F320B9956
:106B8800204603910C99013302910D9902F26C721F
:106B980001910E9900912C4901F032FE284614B05B
:106BA800BDE8F08175680A22284605A924F08AF90B
:106BB800059B80469D422BD01A782D2A28D15D1C32
:106BC8000A22284605A924F07DF9059FBD421FD059
:106BD8003A782D2A1CD1451E0B2D2AD801370A22B6
:106BE800384605A924F06EF9059B9F4210D01B7802
:106BF80073B9431E1E2B21D8CDE90E05A8F26C737C
:106C08002046B2680BA91093FFF734FF0028A0D0E4
:106C1800204601F0C3FF6FF01505BFE702460B4998
:106C2800204601F02FFEF6E72046094901F02AFE2A
:106C3800F1E72046074901F025FEE9E72046064925
:106C480001F020FEE4E700BF44F306002CF3060041
:106C580000F30600E0F20600F0F2060010B5044664
:106C680092B004A90120FCF79BFE09A904A824F00E
:106C780059F8DDE90D32DDE909010133CDE90210EA
:106C8800DDE90B0102F26C72CDE9001020460349E0
:106C980001F0B6FD002012B010BD00BF44F306009D
:106CA8002DE9F04115460E46102200210446686879
:106CB80024F07EF9022E07460DD8202220462749C7
:106CC80001F09EFD3A6800232046254901F098FD11
:106CD8000020BDE8F0810A220021A86824F068F9A4
:106CE80080465FFA88F8204642461C4901F088FD34
:106CF800032E24D01022E868002124F0BFF90546AD
:106D08000B4620462A46174901F07AFDB8F1100FC4
:106D18000DD0B8F1200F10D0B8F1080F0AD02046D6
:106D2800114901F06DFD6FF01500BDE8F081ADB2BD
:106D38003D80CDE7EDB23D70CAE73D60C8E7B8F1E8
:106D4800100F08D0B8F1200FBCD0B8F1080FE6D169
:106D58003A78D2B2B7E73A8892B2B4E7F4F30600C9
:106D680024F4060038F406000CF406002DE9F04F70
:106D7800002301254FF0FF36554C87B02560824629
:106D88000D46144601934FF02008FDF7C5FCB146A7
:106D9800504F3A4621462846FDF7E4FC421C43D0B2
:106DA80073282ED0772819D0612804D06FF01500E9
:106DB80007B0BDE8F08FDFF820B11021DBF8000044
:106DC80001AA02F0F5FA019B0646002BE1D05046D5
:106DD800DBF80020414901F055FDE7E7DFF8F8B09E
:106DE8000021DBF8000001AA02F0E2FA019B8046CC
:106DF800002BCED05046DBF80020394901F042FD87
:106E0800D4E7DFF8D4B00021DBF8000001AA02F0D3
:106E1800CFFA019B8146002BBBD05046DBF80020FF
:106E2800304901F02FFDC1E7731C4CD0B9F1FF3F89
:106E380044D05FFA88F4C8F3C408B9F1000F2ED023
:106E4800A8EB0605C84519D8B8F1100F16D8324670
:106E580002AB102C08D0202C26D0082C21D050466C
:106E6800214901F0CDFCA1E7118889B21970090AFE
:106E780059704244511910294344EAD94F46102FFA
:106E880028BF1027314650463B4602AA01F00AFDAA
:106E9800B9EB0709A5F1100506F11006D2D10020BB
:106EA80086E711781970E4E71168080C1970987072
:106EB800C1F30721000A5970D870DAE750460B4928
:106EC80001F0E0FC72E75046094901F0DBFC6DE790
:106ED8003C6A01208CF40600BC85012050F40600B1
:106EE80078F4060064F406000CF40600B4F4060016
:106EF80094F406002DE9F04700239246384F394CA8
:106F0800394A012906462360DAF804003B70136009
:106F18003AD90C4655464FF00108DFF8D09012E0F8
:106F280043782D2B15D18378002B0CBF0246421CC9
:106F380013782D2B11D15378652B0ED1013C012CE0
:106F480087F800801DD0AA4655F8040F03782D2B2A
:106F5800E6D0024613782D2BEDD013782D2B04D1D3
:106F680053782D2B01D193787BB313782D2B0BD12C
:106F780053784BB149463046013C01F041FC012CA5
:106F8800E1D1DAF80800AA460022114624F010F8E8
:106F980000220146164BDAF804001960114624F065
:106FA80007F8144C144B277818609FB90125304610
:106FB8001249257001F024FC3A46304610492570E4
:106FC80001F014FE0020BDE8F087DAF808000AF1A5
:106FD800040AD9E730460B4901F054FCF2E700BF38
:106FE800A39601201C86012020860120D0F40600EB
:106FF80028860120A19601202486012024F5060078
:1070080011700400E8F40600002A00F092800A4497
:107018002DE9F04781464B4E4B4DDFF83081DFF8C4
:1070280030A14C1E571E0DE009282B68327001D97B
:10703800052903D808F8032001332B60022B46D01A
:10704800BC4242D0337814F8012F182B22F02003C9
:10705800A2F13000A3F14101E6D1112AE4D10023C5
:107068003C4C3D4D484622683C49337001F0C8FB12
:107078002B7883F001032B70002B3CD1002248466B
:10708800114601F0B3FD364B1B78F3B9216804298A
:1070980013DD344E4D1F3368AD08681C03EB8000C8
:1070A8001A6812BA43F8042B8342F9D1C5EB8575E7
:1070B800043901EB85013360216011F0030221D10D
:1070C800284B1A6813681BBA1360BDE8F0871022B2
:1070D8000021404623F06CFF4FF0000C1D49DAF800
:1070E80000300A6803F8010B01320A60CAF8003060
:1070F800C5F800C0A4E748461B4901F081FB0123FD
:107108002B70BBE74B4203F0030358BF5A42022AD5
:1071180010D0032AD9D1134B186802681104C2F39E
:10712800074301F47F010B4302F47F4213430360DA
:10713800CBE770470B4B1A6813885BBA9BB2136096
:10714800C3E700BFA29601201C86012018860120F3
:107158002886012020860120A196012050F50600EE
:10716800A39601202486012024F5060010B5406866
:107178001C462430FDF7DAFE03462360002010BDCC
:107188002DE9F84346689946337BB3B190465AB126
:107198000D46531E4C1E1D44306814F8011F8768A5
:1071A8007F68B847AC42F7D1C9F800800120D6E91A
:1071B800013198470020BDE8F88306F11000FDF77B
:1071C80063FE012106F1B803C9F80000D3E8EF2FE8
:1071D800C3E8E01F0028F9D1002AEBD130688368A2
:1071E8005B69002BE6D098470020BDE8F88300BF14
:1071F80010B582B009481FF087F858B10424084A2E
:107208000123126805490748009401F029FC002071
:1072180002B010BD6FF01200FAE700BFB0C9060057
:1072280064F7060004CE060003785B0701D500204A
:10723800704703684288C3F34A2000EB12101730E6
:1072480020F0070080087047F8B54027002408267A
:107258004568C5E90012AB604268D319536202F170
:107268003803C2E90A44C2E90434C2E9064415688D
:10727800576314631662C2F8B840AB6823B11B6C3D
:1072880013B1284604499847AB681B6A0BB12846D6
:1072980098470020F8BD00BFA57204002DE9F0470B
:1072A80005460C4682B08368DA6B0AB19047AB6832
:1072B800DB6A1BB128469847002840D04FF00008E9
:1072C80004F1240604F12807218E238D626B5B1AD2
:1072D8009BB2D31A934228BF13463946304601AAB7
:1072E800FDF78CFD8146B0B1AB6801991B69002B95
:1072F8006AD0024628469847824600284BD0524614
:1073080039463046FDF79AFD00284BD1CA454FF063
:107318000108D9D00FE03148036813F0060F45D1B2
:10732800AB681B6923B1012228460DF10301984778
:10733800B8F1000F03D0D4E9013100209847AB68B9
:10734800DB6913B12846984710B3618BE38A226A38
:107358005B1A9BB2934204F1100604F11A0728BF86
:107368001346394601AA3046FDF748FD024610B3D8
:10737800AB680199DB6853B32846984702463946FB
:107388003046FDF75BFD28BBD4E901310120984761
:1073980002B0BDE8F087024639463046FDF74EFD9B
:1073A8000028C5D06F210E48FCF72EFC02210D4A9B
:1073B800FEF750FBB4E7AB689B690BB128469847CA
:1073C8000023C4F8B830DFE76FF0570A97E76FF08B
:1073D8005702D4E7BB210248FCF716FC7C6C01205D
:1073E80014F706004CF7060010B5406850F8804BBB
:1073F80022F0CAFEA3689B690BB120469847A36890
:107408005B6A0BB120469847002010BD08B5436859
:10741800197309B9002008BD186883689B69002B97
:10742800F8D09847002008BD0EB400B582B003AA72
:1074380052F8041B019201F019FC02B05DF804EB4C
:1074480003B0704738B50446886800F5207024B941
:10745800BDE83840012123F0A9BB0D46082123F0DF
:10746800A5FB012C0AD1AB6803F51F73D3E8EF1F06
:1074780041F00201C3E8E21F002AF7D138BD00BF7E
:10748800F0B583680446D3F87C220D46520783B0D2
:1074980031D4E068C36803B3A26829460DF1060336
:1074A8005A3203F099FA002838D0204602F02CF915
:1074B800A368D3F878329B062BD4204602F0B6F99D
:1074C800A268BDF806302046A2F85630A268A2F895
:1074D800543001F0EFFF03B0F0BD002DFBD0A668DB
:1074E80006F15A073846F8F7A7FE83B21BBB86F8A1
:1074F8005A31E068D0E703F51F73D3E8EF1F21F096
:107508000401C3E8E21F002AF7D1E06803F060FA3B
:10751800BFE70D496069FFF787FFCEE7A06800F570
:10752800AD715A30F8F780FEA0685A30F8F784FE3B
:10753800ADF80600B9E7421C394606F5AD7024F0EF
:1075480021FFE068A8E700BF50D206002DE9F04F00
:107558000746A9B05422002113A824F03AFF0023BB
:10756800BA683846CDE9073302F15A0802F0D4F870
:10757800384601F087FF002800F041814FF00009EC
:10758800BB683846C3F81890C3F81C90C3F820901D
:10759800C3F82490C3F8289001F044FED7E90210FC
:1075A800B1F854205A3103F047FA384603F0B2FADA
:1075B8000899012900F0A481CA463B46DDF81CB0B1
:1075C80013AC4D464746CDF81090CDF80C90CDF849
:1075D80014904FF0FF36A14698465C46D346132CCC
:1075E80000F24081002E00F042813A4649460223CB
:1075F80008A801F0DFFB0899D9F80470002900F009
:10760800EF80012900F0AF80079B002B7DD1BAF1F4
:10761800000F00F0CB8009F10409013E002D00F0B5
:107628009580EB68BBF1000F00F0A680002B40F0BE
:10763800CC80079C6B68002B00F0B680AE460DF13D
:10764800380C0593BEE80F00ACE80F00DEF80030F8
:107658000395CCF800300899002E74D1022972D015
:107668000129BCD15A464746A346DDF81490BBF120
:10767800130F03D90899022900F05681049913AB16
:1076880003EB81044AB1384603F000FBBA681423BF
:1076980013A95A3207A801F08DFB039B079D23B15C
:1076A800039B5B7CFE2B00F00481049BED1ABB68F6
:1076B8005A6A002A00F0E08093F82820002A00F097
:1076C800A3804FF6FF7193F82900FF2818BF0146E1
:1076D800AA4203D80A44AA4280F096809B69964A37
:1076E8000121384602F0C4F9B9683846183102F069
:1076F800EBFEB9683846914A183102F077FE6FF010
:107708001504204629B0BDE8F08FD9F8000002F032
:107718000FFF002840F0D880079B002B3FF477AF7D
:1077280029464046D9F8002003F016FA022800F04E
:10773800E08003283FF46BAF079C4FF0010B013446
:10774800089907948CE70134079489E7079C3CB9AA
:10775800D8F80830DB6A002B45D0DB68002B42D014
:107768004FF0010A77E700283FF44EAF0346744A0A
:10777800404602F07DF933E0D8F80820079C002B3A
:107788003FF458AFAE4602F1180CBEE80F00ACE863
:107798000F00DEF80030CCF80030AB6873B16B68CE
:1077A8000494002B7FF44AAF039554E70398D9F863
:1077B800001009AA01F08CFC05462CE76B7CFE2B17
:1077C800EDD12E7C0494013E34E7404601F0A4FF3D
:1077D800404601F06FFE012140465A4A02F048F93E
:1077E8006FF007048DE7584B012100934046139B27
:1077F800564A02F03DF94FF0010A079C2BE754491D
:107808007869FFF711FEB9E603F51F73D3E8EF1F98
:1078180041F40061C3E8E21F002AF7D1B86800F517
:1078280024701FF07DFEBB682246294638465B6AF5
:1078380098470446B86800F524704FF0FF334FF0BE
:10784800FF321FF0DDFEBB6803F51F73D3E8EF1F9F
:1078580021F40061C3E8E21F002AF7D1204629B0CD
:10786800BDE8F08F5A464746DDF8149003E75A46BC
:107878004746DDF8149001E7B9F1000FB0D0DA6996
:107888004A4509D003F11804CDF83C900EAD0FCD50
:107898000FC42B682360BB68384603F1180102F057
:1078A80013FEB9683846254A183102F09FFD0124B5
:1078B80027E728AB03EB850353F8543C002B3FF430
:1078C800F4AE01350795F0E6DDF814904746B9F1B6
:1078D800000F23D0D8F80840CDF83C9018340EADEE
:1078E8000FCD0FC42B6840462360D8F80810183114
:1078F800D5E75A464746DDF81490DDF81CB0B6E6E1
:10790800079D132D06D8BB685A6A002A3FF468AF52
:1079180013ACD1E6CDF8109013ACC6E60121404671
:107928000C4A02F0A5F85BE7012138460A4B0B4ADE
:1079380002F09EF854E700BFC0F8060020F80600E1
:107948000CF8060050F8060088F8060080F80600D3
:10795800F449070030F806009CF80600C83507000F
:1079680038B500286ED004468068002865D0636862
:10797800002B62D02368002B5FD0037D012B59D1E7
:10798800D0F87C32590421D44FF48042002300F50A
:1079980024701FF035FE0546002848D108212046EE
:1079A80001F0E2FF2A496069FFF73EFD0222A36861
:1079B8001A75A3689A6CA2B1204602F0B3FAA068BF
:1079C80000F524701FF0ACFD284638BDD0F8783299
:1079D8005A07D9D4026D2146E06902F0E9FBA06894
:1079E800D2E783F85A50A368A3F85650A368A3F8BF
:1079F8005450A368D3F87C32DB0403D4204602F049
:107A080079FAD9E7134B03212046134A02F030F8DC
:107A1800A36803F51F73D3E8EF1F21F48051C3E86F
:107A2800E21F002AF7D1204602F064FAC4E76FF09B
:107A38000F05C9E76FF08505C6E740F2A951074869
:107A4800FCF7E2F84FF4B5610448FCF7DDF800BF35
:107A5800F449070004F9060050E90600DCF80600BE
:107A68002DE9F04FAFB0002800F073848368044616
:107A7800002B00F0698403F51F73D3E8EF1F41F072
:107A88000101C3E8E21F002AF7D1A3681A7D022A80
:107A98000CD003F51F73D3E8EF1F21F00101C3E8F1
:107AA800E21F002AF7D12FB0BDE8F08F00229D6CAD
:107AB80007926068DA6C03681F69002D40F08580C2
:107AC80007AB01220DF11B01B847079B002B00F003
:107AD80051839DF91B20A368002A1D469DF81B10A1
:107AE800C0F21E815A7D032A67D8DFE802F0362BE0
:107AF800026600236B75A368D3F87822900740F1DB
:107B08000F8131391B295AD8DFE811F00E011A010B
:107B180040011401590059005900590059005900F1
:107B280059005900590059005900590037013201CC
:107B38003C012E0159001601590010015900590045
:107B480059001D015B2900F09980D3F87822950728
:107B580000F1618300225A7531E00D2900F091800F
:107B68000A2900F02383B3F87C321B296FF3CA0378
:107B7800A5F87C3200F200831B2900F2D380DFE8ED
:107B880011F01E00D100D100D100D100D100D100E8
:107B9800D10011012901D100D100D100D100D100BB
:107BA800D100D100D100D100D100D100D100D10045
:107BB800D100D100D100D100250100236B75606987
:107BC80001F06CF8A3689D6C73E790463B46474606
:107BD800984619AE07AB10223146C047079B002BC9
:107BE80000F0C882A36803F51F73D3E8EF1F41F4C0
:107BF8000061C3E8E21F002AF7D1A06800F52470ED
:107C08001FF08EFC20463B463146079AA847A068DD
:107C180000F524704FF0FF334FF0FF321FF0F0FCF7
:107C2800A36803F51F73D3E8EF1F21F40061C3E8CD
:107C3800E21F002AF7D1A3689D6C2DB16068DF6C44
:107C48000368D3F81080C5E702221A75A3689A6CF6
:107C5800002A7FF41EAF83F85A50A368A3F8565041
:107C6800A368A3F85450A368D3F87C32DF0400F16A
:107C7800DD82204602F03EF9A3680AE702236B750D
:107C88009DE7D3F87C32C3F3C703002B00F09A8238
:107C9800D5F87C32C3F3C7030D2B00F09382804ADA
:107CA8004B1CDBB2D35C13F0970F40F00C83D5F874
:107CB8007832980783D50139162980D801A353F85B
:107CC80021F000BF357D0400717D04009B80040015
:107CD800A57D0400417D04008D7D0400C77B040060
:107CE800C77B0400C77B0400C77B040075810400C0
:107CF80059810400C77B0400797D0400C77B040018
:107D0800837D0400C77B0400C77B0400C77B040095
:107D18003D810400F7800400C77B04007B800400D9
:107D28009D6CC6E6A568BAE703225A75204601F09D
:107D3800EBFC44E703225A75204601F0EDFC3EE7D0
:107D480003225A75A368D3F8782203F51E73D20765
:107D580000F17F82D3E8EF1F41F00101C3E8E21F81
:107D6800002A3FF42CAFF5E7204601F0DFFC26E7B8
:107D780000212046FFF784FB21E701212046FFF779
:107D88007FFB1CE7204601F0DBFC18E703225A754D
:107D9800A368D3F878329B077FF511AF204602F02D
:107DA80039F80CE7A368D3F8782297077FF507AF6F
:107DB80003F51F73D3E8EF1F41F00401C3E8E21F86
:107DC800002AF7D1204602F045F8F8E60122A36818
:107DD8005A75F4E6A368D3F8782295077FF5EFAED5
:107DE80003F51F73D3E8EF1F41F00401C3E8E21F56
:107DF800002AF7D1A068B0F85430FF2B3FF4DFAE6B
:107E08000026B0F8562000F15A0100F5AD7024F0B4
:107E1800B9FAA36819ADB3F856202946134483F874
:107E28005A61A268142302F5AD7209A800F0C2FFD6
:107E3800099914293FF6C3AE2EAA02EB8102A36862
:107E480042F8546CB3F85620002A40F06D8200299D
:107E580000F07482012900F07182013900200AAB18
:107E680000932A4608AB019001F056F9064600280F
:107E78003FF4A5AE089B2EAA02EB830353F854AC3B
:107E8800BAF1000F00F05E825046F8F7D5F983B2D8
:107E980000279B46B8463D46B946029417E000BF06
:107EA800EC6D070004685A465146204624F0CEFA85
:107EB80058B92046F8F7C0F9002F08BF4D4640458D
:107EC80038BF404601371FFA80F809F101094946D1
:107ED800304614AA01F0B6F80028E3D1012F029C1D
:107EE80000F03C827FF66BAE089B2EAA02EB830360
:107EF80053F854BCBBF1000F00F08A825846F8F7DB
:107F08009BF983B2049308F1020800221FFA88F350
:107F1800AA46B8460293A3680595A3F84020A2682C
:107F280051463046183201F08DF8002800F078826A
:107F380005680AF1010ABBF1000F00F0ED81002D80
:107F480000F0ED8159462846049A24F07FFA00286B
:107F5800E5D1A268029BB2F83A90A9F1020999FB0F
:107F6800F3F91FFA89F9B9F1000F00F06382284686
:107F78000392F8F761F9039A029BB2F84010B1FB3B
:107F8800F9FC09FB1C1C0131A3EB0009A2F8401005
:107F98001FFA8CF21FFA89F9002A40F0A481062101
:107FA8002046B44BB44A009501F062FD494620468C
:107FB80001F04EFAB8F10108B1D1B0496069059DE8
:107FC800FFF732FA204601F095FF089B2EAA02EB34
:107FD800830353F8540C18B1F8F72EF91FFA80F8F8
:107FE800294630460FAA01F02DF8013582460028AF
:107FF80000F01B824FF6FF79A068DAF80010FF2224
:1080080000F5AD7024F034FADAF800B0CA46294613
:10801800304614AA013501F015F8E8B10068A168E6
:108028000023013801F2591103E042B101335345ED
:108038000AD011F801CF10F8012F6245F5D0B8F138
:10804800000F01D04345E2DB4B45A8BF4B46013F3B
:10805800012F1FFA83F9DAD1B9F1000F3FF4AFAD60
:10806800A9EB080220460BEB080192B201F006FFCB
:10807800A5E5204601F036FDA36803F51F73D3E894
:10808800EF1F41F00401C3E8E21F002A3FF497AD57
:10809800F5E7204601F040FB204601F0F3F90028FF
:1080A80000F0DF81A36803F51F73D3E8EF1F41F0E9
:1080B8000401C3E8E21F002AF7D10222A3681A7557
:1080C800A268936C002B7FF47AAD82F85A30A268CC
:1080D800A2F85630A268A2F85430A368D3F87C32CC
:1080E800DA0400F1AB81204601F004FF67E5204681
:1080F80001F00AFB0023A26882F85A30A268A2F8AD
:108108005630A268A2F85430A36803F51F73D3E869
:10811800EF1F41F00401C3E8E21F002AF7D1A3686A
:10812800D3F878329E067FF54AAD55496069FFF766
:108138007BF944E5E06983681B79012B00F096819F
:10814800022B7FF43CAD21462A6D02F031F836E56A
:10815800D5F878329B0600F18D81D5F878329F06E4
:10816800C1D548496069FFF75FF9BCE7204601F0CF
:10817800F3FA24E5A3688CE47F297FF4D3ADA368E0
:10818800D3F8782296077FF51AAD03F51F73D3E865
:10819800EF1F41F00401C3E8E21F002AF7D1A368EA
:1081A800D3F878321D077FF5F9AD0BE6D3F87C32AA
:1081B800C3F3C70333B1D5F87C32C3F3C7030A2B23
:1081C8007FF46DADB5F87C3261F3CA03A5F87C3253
:1081D800A568B5F85430002B45D105F51F75D5E8CD
:1081E800EF3F23F00403C5E8E23F002AF7D1E06837
:1081F80002F0EEFB21496069FFF716F90222A36835
:108208001A75A3689D6C002D42D06068D3F84C8025
:1082180003681F69DAE462294ED066297FF49AACB4
:108228000121204601F028FAA36893E4164B0321A4
:108238002046164A01F01CFCA36803F51F73D3E817
:10824800EF1F21F48051C3E8E21F002A3FF411AD6B
:10825800F5E7D3E8EF1F21F00101C3E8E21F002A88
:108268003FF4ADACF5E72046FFF770F9C5F8AC026E
:10827800C4E700BF48F906004CF90600F4490700B6
:1082880050D2060060D2060004F9060050E9060044
:1082980083F85A50A368A3F85650A368A3F854501B
:1082A800A368D3F87C32DE0424D4204601F022FEF1
:1082B800A3689D6CFFF7FDBB4FF0FF31204601F02E
:1082C800DBF9A36846E405F51F75D5E8EF3F43F0F1
:1082D8000403C5E8E23F002AF7D120469DF81B10A9
:1082E80001F026FD6BE42B4606212046644A01F086
:1082F800BFFB5BE6634B03212046614A01F0B8FBF4
:10830800A36803F51F73D3E8EF1F21F48051C3E876
:10831800E21F002AC9D0F6E7002D7FF41AAE00222A
:10832800A368A3F8402045E641B1134493F85930B7
:10833800554AD35C18073FF591AD8BE500231E46DF
:10834800089397E55346A3E540F2E7514F48FBF7FA
:108358005BFC40F2E6514D48FBF756FC089B2EAA01
:1083680002EB830353F8540C00284FD0F7F764FF4F
:1083780087B2A26829463046183200F063FE00280A
:1083880049D00568A5B32846F7F756FF83B29F4240
:1083980005D0DB1B2046E9199AB201F06FFDA368EE
:1083A8003949B3F856201A4492F85A208A5C1107C2
:1083B80026D4D3F87822D2071CD503F51E73D3E848
:1083C800EF1F21F00101C3E8E21F002AF7D12021A5
:1083D800204601F0ADFCA36803F51E73D3E8EF1F38
:1083E80041F00101C3E8E21F002A3FF4E8ABF5E7DA
:1083F8002B46CCE72021204601F09AFCFFF7DFBB93
:108408000121204601F0E2F8FFF7D9BB0746B0E7A3
:10841800CDF810B077E54FF4B6711C48FBF7F4FBC4
:1084280040F2B5111948FBF7EFFB40F2D11117489C
:10843800FBF7EAFB95211548FBF7E6FB114B0321F7
:1084480020460F4A01F014FBA36803F51F73D3E815
:10845800EF1F21F48051C3E8E21F002A3FF443AE26
:10846800F5E70B496069FEF7DFFF1BE601F0B8FE90
:10847800FFF7A5BB07496069FEF7D6FFA5686CE65C
:1084880050E9060004F90600ED6D0700DCF8060067
:10849800F449070058D206002DE9F04F8368824658
:1084A80083B003F51F73A1B1D3E8EF0F40F4804008
:1084B800C3E8E10F0029F7D1DAF8083000211A657E
:1084C800DAF8040003689B68984758B103B0BDE820
:1084D800F08FD3E8EF0F20F48040C3E8E10F0029C4
:1084E800EAD0F6E75046FFF73BFA0028EED14FF006
:1084F800FF384FF0FF3900240025DAF8080000F5AE
:10850800207000220721CDE9008922F057FBDAF814
:10851800080000F524704FF0FF324FF0FF331FF0D2
:108528006FF8DAF8080000F5207000220421CDE980
:10853800004522F043FB0246DAF8080000F52070F7
:10854800002A33D0042122F035FBDAF80830002B5A
:1085580000F09080DAF80420002A00F08B80D3F82D
:108568007C22D20700F18380DAF81C0001F038FE83
:10857800DAF8040003685B689847044600286ED060
:10858800DAF808305A6C22B1214650469047DAF89A
:1085980008300022C3F8A8223B4B1B78002B6ED072
:1085A80024F068F9394B185803F072F80121CDE925
:1085B800004522F003FB002846D1DAF8080000F550
:1085C800207000220221CDE9004522F0F7FA60B9B7
:1085D800DAF8040003685B6903B19847DAF8080021
:1085E80000F524701EF09CFF87E7DAF8080000F514
:1085F8002070022122F0DEFA00260027504601F002
:10860800C3F8DAF81C0001F0F5FD8346504601F086
:1086180071FCDAF80830B3F854307BB9BBF1000FBD
:10862800D6D0DAF8080000F5207000220121CDE943
:10863800006722F0C3FA0028E0D0C9E700214FF410
:10864800F67020F063FDE9E7DAF8080000F520701D
:10865800012122F0AFFA5046FFF702FAADE7DAF847
:108668000C0002F025FADAF808301C7588E76FF07C
:108678000F0487E740F20E510548FBF7C5FA40F2B0
:1086880046310448FBF7C0FAAA960120080000000A
:10869800DCF806000CE606002DE9F04100287AD047
:1086A8000446884616461F461FF022FD002868D15A
:1086B800A568002D60D0D5F87C321B0514D56369F8
:1086C800002B63D0002E6BD02B7DA068022B1CD012
:1086D80000F51F70D0E8EF3F43F48053C0E8E23F55
:1086E800002AF7D1BDE8F081324B1B78002B5CD013
:1086F80024F0C0F8304BD5F8A8221B589A42DED196
:1087080040F211612D48FBF77FFA4FF480420023B5
:1087180000F524701EF074FF0028E3D1A368D3F895
:108728007C22100501D49A6CB2B13B4632464146D0
:10873800204601F075F9A368D3F87C22120501D40C
:108748009A6C8AB1606900F0A9FAA06800F52470F3
:10875800BDE8F0411EF0E4BED3F878329906E4D5BE
:10876800204601F011F8E0E7D3F878329B06E9D506
:10877800204601F0BFFBE5E74FF4C2610F48FBF765
:1087880043FA40F20F610D48FBF73EFA40F21361DD
:108798000A48FBF739FA40F20E610848FBF734FA49
:1087A80040F214610548FBF72FFA40F246310448BD
:1087B800FBF72AFAAA96012008000000DCF8060058
:1087C8000CE606000CB400B583B004AB53F8042BD8
:1087D8000193FFF761FF03B05DF804EB02B0704747
:1087E8000EB400B582B003AB53F8042B02210193F9
:1087F800FFF752FF02B05DF804EB03B0704700BF0B
:108808000EB400B582B003AB53F8042B08210193D2
:10881800FFF742FF02B05DF804EB03B0704700BFFA
:1088280010B504460A49FFF7EBFF20460949FFF750
:10883800E7FF20460849FFF7E3FF20460749FFF70F
:10884800DFFF20460021064A01F0D0FD002010BDC0
:1088580054F9060094F90600F4F9060048FA0600EF
:10886800E4FA06000EB400B582B003AB53F8042B4B
:1088780003210193FFF710FF02B05DF804EB03B08A
:10888800704700BF0EB400B582B003AB53F8042B99
:1088980001210193FFF700FF02B05DF804EB03B07C
:1088A800704700BFF8B5002864D01E4617460A4630
:1088B80033490546FFF7A4FF002E41D028463A78F1
:1088C8003049FFF79DFF012407E03A5D28462D490E
:1088D8000134FFF795FF102C0AD062073AD0A64260
:1088E800F3D828462849FFF78BFF0134102CF4D120
:1088F80028462649FFF784FF002E35D0002423465A
:10890800FA5C234B28469B5C224913F0970F08BF5B
:108918002E220134FFF774FF102C0BD063071ED0F2
:10892800A6422346ECD828461B490134FFF768FFC6
:10893800102CF3D12846BDE8F8401849FFF760BF6E
:1089480028461149FFF75CFF28460F490124FFF725
:1089580057FFCAE728461049FFF752FFBFE72846E6
:108968000D49FFF74DFFDBE728460B49FFF748FFA6
:108978000124D5E740F265610948FBF745F900BFD6
:10898800FCFA060068E9060074E9060078E90600C2
:10899800ED6D070074FB0600B84F070004FB0600E6
:1089A800DCF806002DE9F041A0B1154682B1074672
:1089B80088460E46102D2C4628BF10243246A6EBBA
:1089C800080138462346FFF76DFF2D1B2644F1D1D9
:1089D800BDE8F08140F28E610148FBF715F900BF50
:1089E800DCF806002DE9F04198B30D4659B304466A
:1089F8000846F7F721FCA368074603F524731FFA16
:108A080080F84FF48042184600231EF0F9FD064610
:108A1800E0B908F10103142BA06810D8B8F1000FD1
:108A28000DD02946F7F700FCA36883F83C70A068CE
:108A380000F524701EF074FD3046BDE8F08100F5A5
:108A480024701EF06DFD6FF01506F5E76FF00F0648
:108A5800F2E74FF4D4610148FBF7D6F8DCF80600DA
:108A68002DE9F04F8BB0CDE90813002800F086807F
:108A78000446806800287CD06368002B79D023687E
:108A8800002B76D0D0F8A882B8F1000F6ED1164628
:108A9800227CB146013A012AC6F34005C6F3C00755
:108AA800C6F3001BC6F3401A6DD84FF42C7241462A
:108AB80023F08FFCA06800F5207022F067F8A0680A
:108AC80000F52470012211461EF016FDA269C2F8B5
:108AD8000080A26802F51F72D2E8EF3F43F002035C
:108AE800C2E8E13F0029F7D150201821A2686D00A3
:108AF8005087A26845EAC705118745EA0B15216822
:108B080045EA4A15204626F03E06FFF76BFF2E433E
:108B1800A36866F30709C3F8789260680899036840
:108B28001B4A1D682346A8470546D8B90122A368F1
:108B38001A75D4E90A0100220023CDE90623149A04
:108B4800099B02920E2201930392124B4FF400628A
:108B5800049500941FF0C6FBA368C3F8A802616AD5
:108B68001FF0CCFA28460BB0BDE8F08F6FF0770500
:108B7800F8E74FF4AF610848FBF746F840F2775141
:108B88000548FBF741F84FF49B610348FBF73CF8B5
:108B98004D740400A1840400DCF8060010B50446F6
:108BA800806800F524704FF4804200231EF028FDF1
:108BB80000B110BDA1682046183101F085FCA168FC
:108BC8002046054A183101F011FCA06800F5247010
:108BD800BDE810401EF0A4BC20F8060018B1836858
:108BE800D3F8AC0270476FF01500704708B578B13C
:108BF800836899648368DA6401B108BD836883F87F
:108C08005A108368A3F856108368A3F8541008BD57
:108C180040F22E710148FAF7F7FF00BFDCF80600B2
:108C280038B5CB680C461B7C0546022B0ED0236951
:108C380022681B68D55422691368013313602269BE
:108C4800636812689A4207D0002038BD0A28EED11E
:108C58000D20FFF7E5FFEAE7A368E0682168984779
:108C68000022236900201A6038BD00BF10B50446F1
:108C7800134609480A46214603F04CF923691A7934
:108C880002B910BD1A682168D4E902309847002259
:108C980023691A6010BD00BF298C040010B5026951
:108CA8000446836812680168C068984700222369EF
:108CB8001A6010BD2DE9F04784B0824603A80F461C
:108CC80090461D461DF014FB0646039800EB461619
:108CD800B04238BF4FF000090CD2A5B1012D0ED01B
:108CE80003981DF011FB70B1039C04F12000B04201
:108CF8000390F2D30024204604B0BDE8F0871DF0AD
:108D080003FB0028F0D0039C21680029EDD00B78E4
:108D18000191002BE9D04FB13846F7F78DFA019948
:108D28000246384623F092FB0028DED1B8F1000F46
:108D380004D02046C047039C0028D6D0CA45DAD0C4
:108D480009F10109D1E700BF90F80CC043896244DA
:108D58006144B1FBF3FCB2FBF3F003FB1C1103FB12
:108D68001020401A704700BF90F80CC04389624435
:108D78006144B2FBF3F2B1FBF3F1501A704700BF44
:108D8800037B00B5B0F80AE01A441944B2FBFEFCB4
:108D9800B1FBFEF30EFB1C220EFB13110CF1010CB0
:108DA800013301310132A0F806C00180838042807E
:108DB8005DF804FB2DE9F04F9A4600230360137811
:108DC80085B023B3804615468B46894FFB5C13F06C
:108DD80008037DD1D8F80020511CC8F800104BF8C2
:108DE8002250D8F80020524511D02C787CB1C146C9
:108DF800002B69D1272C1FD05C2C0DD0222C1BD026
:108E08003B5D1B076DD415F8014F002CF2D10024EF
:108E1800204605B0BDE8F08F2846F7F70DFA024660
:108E28006E1C3146284692B223F0B9FA6C78002CB1
:108E3800EDD0272C3546DFD12846F7F7FDF9024655
:108E48006E1C92B23146284623F0A9FA2A78002AE5
:108E5800DED0A2420AD05C2A6B7814D03546002BAB
:108E6800D6D01A46A24206F10106F4D12846F7F7F1
:108E7800E3F902463146284692B223F090FA2C785C
:108E8800002CB7D1C3E7A34200F08280302B2AD050
:108E9800782BE3D1B4464FF000084FF0020E02934E
:108EA8001CF8013F4FEA0812A3F13001C9B20929A1
:108EB800A3F16100D2B23FD841EA0208BEF1020F25
:108EC8004DD14FF0030EEBE722466E1C1C46C0E75F
:108ED8004FF0000305F8013B2B78002B7FF476AFA9
:108EE80095E7C846F8E7B4464FF0000802211CF899
:108EF80001EF4FEAC802AEF13000C0B20728D2B283
:108F080055D80131052940EA0208F0D128460191D7
:108F1800F7F792F9034601999BB28A1E01399A1A0A
:108F28002846294423F03BFA6B7885F80080002B0B
:108F38003FF46EAF354694E74FEA0812D2B2019279
:108F4800A3F141020392019AA3F15701052842EACD
:108F5800010237D8BEF1020F5FFA82F8B1D00423BC
:108F680028460193F7F768F98446019B1FFA8CFCA1
:108F78009A1E013BE9182846ACEB020223F00FFACF
:108F88006B7885F80080002B3FF442AF354668E7E0
:108F98002846F7F751F902463146284692B223F09F
:108FA800FEF96B78002B3FF433AF354659E7C9B269
:108FB8000229ABD1BEF1780F3FF46CAF234635469A
:108FC800302415E7A3F14102052A09D84FEA081809
:108FD8005FFA88F8373B48EA03085FFA88F86DE7D4
:108FE800BEF1020F029B3FF439AF0323B8E700BF7D
:108FF800ED6D0700F8B50E4611461546074623F0F5
:1090080069FA04462846F7F717F9D4B1A74285B29A
:1090180003D214F8013C202B0FD02046F7F70CF9A7
:1090280002463388521B5B1B33800132204661198C
:1090380092B2BDE8F84023F0B2B90135ADB2013CB7
:10904800EBE7F8BD0B4628B310B514466AB382683F
:10905800CAB118498A420AD317498A4207D2184620
:1090680021461368984723686BB1204610BD134901
:109078008A420AD2126803EB830352F8231002EBE8
:1090880083000029F2D1002010BD0D498A42F1D297
:109098000133F0E70B4A0C49521AB3EB920F01D394
:1090A8000020704751F82300704740F22911074803
:1090B800FAF7AAFD28D2060038D2060068CE0600C4
:1090C80028D2060068CE060034CE060040FB060013
:1090D8002DE9F04106468846174686B040B100683B
:1090E8007168B268F36801AC0FC4306901AE2060E2
:1090F800002504E040462168F7F78CF840B129467E
:109108003A463046FFF79EFF013504460028F1D164
:10911800204606B0BDE8F0812DE9F84F0024064648
:10912800DDF828809DF82C901C6039B39A461546C6
:109138000F4606E0DAF800400134BC42CAF80040A5
:109148001CD255F8240001F0CBFC83460028F1D14D
:10915800DAF800303046424655F82310FFF7B8FFDA
:1091680060B1DAF800305C1CCAF80040B9F1000FB1
:1091780001D0804505D0BC420646E2D33046BDE862
:10918800F88F5E46CAF800303046BDE8F88F00BF59
:10919800002843D02DE9F8430646F7F74DF885B285
:1091A8008DB3012D28462ED000241D4FA04603E084
:1091B8006B1E9C42284626DA2346F25C0134BA5CD0
:1091C800A4B21207F4D5A542F2D9224606EB040C44
:1091D800614691F800E00CF1010C17F80E9019F0B7
:1091E800080912D1B8F1000FE2D00133821AA5EBB9
:1091F8000805F018ADB2013223F0D1F86B1E9C427D
:10920800C8462846D8DBBDE8F883013292B208F197
:109218000108AA421FFA88F8DAD3C9E7704700BFE5
:10922800ED6D0700F8B5846894F85A3023B3054605
:10923800B4F854201C4804F15A0C03E08AB2A4F88C
:109248005420F2B10CEB020313F8013C511EC35C2D
:1092580013F00803F2D10CF802309AB21CF802108D
:109268001E4610F801E001331EF0080F0CEB020156
:10927800F3D1B6B26EB9AC68B4F85430A4F856302D
:10928800F8BD84F85A20AC68B4F85430A4F85630C5
:10929800F8BDB4F8547060467B1C9A1ABF1B23F0C3
:1092A8007EF8A4F85470E6E7ED6D070000231A462F
:1092B800FFF700BD02230022FFF7FCBC2DE9F04FA9
:1092C80083B0824601A81DF013F8DDF8049009EB7D
:1092D800401BBAF1000F37D0D94535D2D9F8005024
:1092E80045B12846F6F7A8FF04465046F6F7A4FF0E
:1092F80084422FD0D9F81C3003B31D68F5B1D5F8D6
:109308000080B8F1000F19D05046F6F795FF0024F9
:10931800074601E0444511D055F8046F0134304642
:10932800F6F78AFFB842F5D131465046F6F772FF94
:109338000028EFD1484603B0BDE8F08F09F12009B5
:10934800D945CDF80490C9D34FF00009484603B079
:10935800BDE8F08F29465046F6F75CFF0028C9D1D2
:10936800484603B0BDE8F08FF0B50C46054623F03B
:1093780081FA00231646224604460C4F83B0C35197
:1093880001A9284621F09EFDE359222B0BD023B9D1
:10939800019BAB4201D01B781BB16FF01503002075
:1093A800336003B0F0BD6FF02103F8E70C00000054
:1093B800F0B5037816462D2B83B016D0044623F05B
:1093C80059FA002305460D4F0A46204601A9EB51DC
:1093D80021F0EEFDEB59222B0DD033B9019BA342AE
:1093E80003D01B780BB903B0F0BD6FF01503002054
:1093F800336003B0F0BD6FF02103F8E70C00000004
:109408000EB400B582B003AA52F8041B0192FFF70C
:109418002DFC02B05DF804EB03B07047002906DDAF
:1094280082684123D2F87822920607D47047FDD08B
:1094380082684223D2F878229206F7D581EAE1724F
:10944800A2EBE17240690149FFF7DABF70FB060041
:10945800002906DD82684323D2F87822920607D4D1
:109468007047FDD082684423D2F878229206F7D557
:1094780081EAE172A2EBE17240690149FFF7C0BFDE
:1094880070FB060038B584682046F6F7D5FED4F898
:109498007852B4F85620C5F3400580B205FB0200A7
:1094A800638FB0FBF3F203FB1200B0FA80F04009BF
:1094B80038BD00BF70B5846805462046F6F7BCFE87
:1094C800D4F87862B4F8563082B2C6F3400606FB88
:1094D8000323618FB3FBF1F001FB103343B1B4F800
:1094E80054309B180AD0B3FBF1F201FB12332BB9AD
:1094F80068690349BDE87040FFF782BF70BD00BFCF
:10950800F44907002DE9F04105468468B4F8542071
:10951800B4F8561004F13000FFF732FCAE68B4F826
:1095280034803046F6F788FEB6F85430E78E13FAE2
:1095380080F048B1738FB0FBF3F203FB120018B947
:1095480020496869FFF75CFFB8450AD0E28EA38E10
:10955800D21A002A12DDA9684123D1F878128806A8
:1095680013D4228E638ED21A002A1ADDA9684323E7
:10957800D1F8781289061BD4BDE8F081F1D0A9682A
:109588004223D1F878128806EBD5002AB8BF524298
:109598000D496869FFF734FF228E638ED21A002ABC
:1095A800E4DCE9D0A9684423D1F878128906E3D528
:1095B800002A68690449B8BF5242BDE8F041FFF784
:1095C8001FBF00BFF449070070FB0600F8B504464A
:1095D8000D468068B0F85610B0F8542030300D446D
:1095E800FFF7CEFBA068ADB2B0F856102A4630306F
:1095F800FFF7BAFB0746A0682A46B0F85610303085
:10960800FFF7A2FB002F06460FDAA1684123D1F825
:109618007822900610D4002E19DDD1F87822432341
:1096280092061AD4A1F85650F8BD0DD0A16842236D
:10963800D1F878229006EED587EAE7720D4960697D
:10964800A2EBE772FFF7DCFE002EA168E5DCE9D0AB
:10965800D1F8782244239206E4D586EAE6720549D1
:109668006069A2EBE672FFF7CBFEA168A1F856503D
:10967800F8BD00BF70FB060000292DE9F0478BB24A
:10968800804638DB32D001242646013B1FB21D4DEF
:109698000021D8F808008A46B0F85630B0F854903F
:1096A8005A3011E0B6F1FF3F17D0B9F1000F14D0CE
:1096B80010F803E093B215F80E20520718D1BAF14A
:1096C800000F0AD11FFA8CF1E21801EB040C002BF1
:1096D800E8D09945ECD1012EEAD1404609B2FFF70E
:1096E80075FF7B1E1BB20FB11F46D1E7BDE8F0879F
:1096F8004FF0010AE6E7DB434FF6FF744FF0FF3601
:109708001FB2C4E7ED6D07008368B3F856104942ED
:1097180009B2FFF75BBF00BF8368B3F85410B3F812
:109728005630C91A09B2FFF751BF00BF8368B3F8B2
:10973800563003B970474FF0FF31FFF747BF00BFFE
:109748008368B3F85620B3F854309A4200D3704770
:109758000121FFF73BBF00BF00228368B3F8561012
:10976800A3F854108368B3F856100B4483F85A20B2
:109778008368D3F878329B0600D470470149406962
:10978800FFF73EBE68D2060010B504468068B0F800
:109798005420B0F856103030FFF7F2FAA1680B8E5B
:1097A800C3F1010293B9D1F878024323800614D497
:1097B8008A8E013A002A1CDDD1F8780241238006FE
:1097C8001DD4D1F878329B0625D410BD002AEFD0DD
:1097D800D1F8780244238006EAD5002AB8BF52425D
:1097E80010496069FFF70CFEA1688A8E013A002AC9
:1097F800E2DCE6D0D1F8780242238006E1D5002ADF
:109808000849B8BF52426069FFF7FAFDA168D1F86C
:1098180078329B06D9D560690349BDE81040FFF747
:10982800EFBD00BF70FB060068D206002DE9F84FB7
:109838008468064604F15A00F6F7FEFC94F83C707A
:10984800638F1FFA80FADB1B9A454FF000051DDD78
:10985800A846DFF854902A461D442C4494F85AB080
:1098680084F85A80B3685A321A4449467069FFF737
:10987800C7FDB3682B4483F85AB0B468638FDF1B05
:10988800AAEB070A53454FF00007E4DBBAF1000FD3
:1098980001DCBDE8F88F05F15A02706922440349DA
:1098A800BDE8F84FFFF7ACBDC835070050E9060022
:1098B8002DE9704F84B000284DD0894600294AD040
:1098C800144662B3804600254FF0FF3A4FF0FF3B45
:1098D800D8F804002246016803ABCE6809EB0501FD
:1098E800B04770BB039AA24230D81544AAB9D8F839
:1098F8000830197D0329EBD0022913D9D3F87C222B
:109908009207FBD503F51F73D3E8EF1F21F002017F
:10991800C3E8E21F002ADBD0F6E7A41AD8D104B0C6
:10992800BDE8708F0821CDE900AB03F5207021F068
:1099380045F9D8F8080000F52070082121F03AF917
:10994800C6E740F2CD110648FAF75EF94FF4E77121
:109958000348FAF759F940F2C3110148FAF754F9E4
:1099680078FB0600FFF7A4BF08290DD8836893F891
:109978003E208A4208D083F83E1083680829D3F82D
:10998800783202D09A0606D470479B06FCD5044963
:109998004069FFF735BD0A4640690249FFF730BD07
:1099A80070D20600A4FB060038B50A780D46082ACE
:1099B80004460DD8836893F83E10914208D083F886
:1099C8003E208368082AD3F8783211D099061CD42F
:1099D8006A78072A0BD8A36893F83F10914206D0FB
:1099E80083F83F20A368D3F878329B0607D438BDA4
:1099F8009A06EDD507494069FFF702FDE8E7606977
:109A08000549BDE83840FFF7FBBC04494069FFF74A
:109A1800F7FCDDE770D20600B0FB0600A4FB0600E9
:109A28002DE9F04186681D46D6F878720446FB0693
:109A3800904682B003D596F83E208A4207D12A463E
:109A48004146606902B0BDE8F041FFF70FB9F38FF6
:109A5800ADF80430FFF788FF2A4641466069FFF7F2
:109A680005F9204601A9FFF79FFF02B0BDE8F08184
:109A78000CB470B582B0069E68B3836804462BB3F5
:109A88004269F2B1C6B1D3F87C320D469B0402D4C8
:109A98001EF02EFB58B907AB3246294620460193E3
:109AA800FFF7BEFF02B0BDE8704002B070474FF448
:109AB8000C710B48FAF7A8F840F22F210848FAF77A
:109AC800A3F840F22E210648FAF79EF840F22D211D
:109AD8000348FAF799F84FF40B710148FAF794F82C
:109AE80078FB0600F8B504468068B0F85420002AD0
:109AF80056D0B0F85630002B52D05933034400F1F9
:109B08005A07BB426AD30026593002E08342AEB2FC
:109B180047D09C4613F80119751C2029F6D06745D3
:109B280098BF634603D95FE098423CD06646194621
:109B38000D7806F1010C202D03F1FF331FFA8CFC80
:109B4800F2D13346701C77424D1C3FB20144D21A01
:109B5800284622F024FC39460027A2682046B2F89D
:109B680054309B1BA2F85430A368B3F85420134414
:109B780083F85A70FFF72AFDA368D3F8783299065C
:109B880027D42B461C4A08212046FFF771FFA368FB
:109B9800D3F87822920616D4D3F878329B060CD4E0
:109BA800F8BD8446BBE7F74363460CF1010C0D464C
:109BB8001E4600EB0C013FB2C9E760690F49BDE8DA
:109BC800F840FFF71DBC0E496069FFF719FCA36850
:109BD800E2E70C496069FFF713FCD2E700275D1C38
:109BE80029463B463E46B2E7711C774233460CF1A4
:109BF800010561443FB2AAE750E906007CD206009D
:109C080068D2060078D206002DE9F04F0F460446C8
:109C18009046816883B0002A6DD1D1F87832B1F8C6
:109C280056605B0732D55A3688190191F6F704FB5E
:109C38000199054638B1394E31466069FFF7E0FBB6
:109C4800013DF9D1A168B1F85430A1F85630A568A2
:109C58002846F6F7F1FAB5F8543013FA80F068B1EF
:109C68006B8FB0FBF3F203FB120038B9B8F1000FA9
:109C780000D01FB12A496069FFF7C2FB204679422C
:109C880009B203B0BDE8F04FFFF7A0BC0846019148
:109C9800F6F7D2FA019980B2B1F854304A8F03EB43
:109CA80000093044B0FBF2FCB9FBF2F5AC452CD00E
:109CB800B342CAD9DFF86CA0361A0DE001EB0B03EA
:109CC80052460821204693F85A30FFF7D1FEA9459D
:109CD800A168B8DD28464A8FB0FBF2FC06EB000B02
:109CE800451C02FB1C000028E8D10D496069FFF7FC
:109CF80087FBA168E2E7D1F878329A068DD50A4940
:109D08004069FFF77DFBA16887E75A368B19204623
:109D18000821064AFFF7ACFEA16894E73807070058
:109D2800F449070074FB060068D2060050E90600F3
:109D38002DE9F04185680446D5F878328846DF0772
:109D4800B5F85420B5F8566001D5B24228D1FE2A9C
:109D580001D9BDE8F081921B06F15A01294497B256
:109D68003A46481C354422F01AFB85F85A80A26806
:109D7800B2F854300133A2F854300022A368B3F883
:109D880054100B4483F85A20A368D3F87812890733
:109D980036D4B3F856200132A3F85620BDE8F08136
:109DA800731C2E44A5F8563086F85A108368D3F8E9
:109DB80078229007CDD5D3F87832144913F0040FE0
:109DC8000CBF42462A226069FFF71AFBA56828469D
:109DD800F6F732FAD5F87862B5F85620C6F3400699
:109DE80080B206FB02006B8FB0FBF3F203FB12009C
:109DF8000028AED160690649BDE8F041FFF700BB15
:109E080039462046BDE8F041FFF7FEBE74FB060068
:109E1800F449070070B505468068B0F85630B0F8C8
:109E28005440E41AA4B204B970BD5A331844224607
:109E3800411C22F0B4FAAE68611EB6F854302846C8
:109E4800013BA6F854300122BDE8704089B2FFF703
:109E5800DBBE00BF8368B3F8542012B1B3F85630A4
:109E680003B9704710B504464FF0FF31FFF7AEFB5A
:109E78002046BDE81040FFF7CDBF00BF2DE9F041F7
:109E8800144686688846B6F854201119FF2901DD62
:109E9800BDE8F0810546B6F85610521A5A310E44FC
:109EA80097B23A463146301922F079FA22464146AD
:109EB800304622F067FAAA68B2F854302344A2F870
:109EC8005430AB68B3F854201344002283F85A2066
:109ED800AB68D3F87812890706D4B3F8562014442F
:109EE800A3F85640BDE8F08139462846BDE8F04160
:109EF800FFF78ABE10B5044683680221084AFFF7B7
:109F0800B7FDA368D3F878329B0700D410BD20466C
:109F1800FFF78CFC2046BDE81040FFF7F3BA00BFFE
:109F280050E9060070B592B0A0B1002306464FF480
:109F38007A74019302E058B9013C09D0706801AB0A
:109F4800056840222D6902A9A847019B002BF2D180
:109F580012B070BD4FF40F710148F9F755FE00BFFC
:109F680078FB060043681B68D3E90632D3E8EFCFD5
:109F78008C44C3E8E0CF0028F8D19368D3E8EF0F0A
:109F88000844C3E8E20F002AF8D17047F8B54E69D3
:109F9800D0F8785230464F68FAF78EF8C5F30015B6
:109FA800044650B1014605F18E023846FCF72CF9FB
:109FB80030462146FAF71CF90120F8BD10B5436870
:109FC80001211C68606803689B68984740BB0322AE
:109FD800E3699B681A71A36803F51F73D3E8EF1F41
:109FE80041F40051C3E8E21F002AF7D1A068B0F895
:109FF8005420B0F856103030FEF7C2FE4FF0FF3153
:10A008002046FFF70BFAA3682046198E4942FFF74E
:10A018001FFAE169A068FFF7B9FF0028F9D110BD60
:10A02800E4692068FBF7A6FC0222A3681A7110BD38
:10A038002DE9F84343680C461D68EB69AA68D3F814
:10A048001480D2F878729A68D3F804901279C7F31A
:10A058000017012A2AD0032A26D12846FFF794FBA5
:10A068001EF046F88E37034600284ED0EFF31186CF
:10A07800202383F31288BFF36F8FAB68D3F87C3249
:10A088001A0551D53A4621464846FCF7BDF8AB6853
:10A09800D3F87C321B057DD51EF02AF8002872D033
:10A0A80086F31188BFF36F8FBDE8F8830027DA685D
:10A0B80006464FF4004340F2E7303946E2FB03011D
:10A0C8004FF47A720023F6F78BF894F800C0024632
:10A0D8001CF0040F0B462BD039464046F9F7D6FE44
:10A0E80073681B68D3E90632D3E8EF0F0130C3E881
:10A0F800E10F0029F8D19368D3E8EF1F0131C3E8D5
:10A10800E21F002AF8D1BDE8F883A86800F524709A
:10A118004FF0FF321E464FF0FF331DF071FAAB6867
:10A12800D3F87C321A05ADD42846FFF72DFBA9E7F2
:10A1380021684046C1F34A27618807EB1117173792
:10A1480027F00707BF083946F9F7A0FE814600281F
:10A15800C6D0214651F8043B0468C3F39D0363F35A
:10A168009F047A1E920040F8044B22F00BF94046F7
:10A178004946F9F74BFFA86800F520700221BDE8B1
:10A18800F84320F013BDA86800F52470BDE8F84333
:10A198001DF0C6B92846FFF7ADFE7DE710B50C46A1
:10A1A800014610462246FFF7DDFB204610BD00BFE2
:10A1B80070B504460D46D0E904101646F9F73EFE80
:10A1C800324629462068FBF7AFFB0021012263686D
:10A1D8005B685D60A3681960A3681A7170BD00BFF1
:10A1E80010B504460068FBF7C5FB0222A3681A7184
:10A1F80010BD00BF70B500210446036882685B6823
:10A2080082B01D68AB68D3F87832C3F30013D2E884
:10A21800EF6FC2E8E01F0028F9D126B153B93146E3
:10A228006068FCF723F8E969A86802B0BDE87040E7
:10A23800FFF7ACBEAB682846DB8F0121ADF80430D0
:10A24800FFF792FB31466068FCF710F8284601A931
:10A25800FFF7AAFBE7E700BF0EB400B582B003AA78
:10A2680052F8041B0192FEF701FD02B05DF804EB01
:10A2780003B07047002900F092802DE9F04F494D56
:10A288000B788046EC5C8A4614F00804174683B0C5
:10A2980009D00B46194613F8012FAA5C1007F9D408
:10A2A800CAF101040C44A7EB0A0301935046F5F7E1
:10A2B800C3FFD8F8083080B25A8F001BA2EB0709F9
:10A2C800484522D8002858D0631E0026534402E08F
:10A2D8000136B04251D013F8012F0A2AF8D1D8F824
:10A2E8001400FEF7DBFC0AEB040132464046FFF798
:10A2F800DFFA01343444D8F814002B49FFF7ACFFD7
:10A3080039464046FFF7A4F8D0E7CAF101010091A9
:10A31800A1EB040B0199631E5344A1EB040E58787A
:10A328005E1C15F800C019461CF0080F334603D010
:10A338000A280BEB01092ED003EB0E018A42EED856
:10A3480004EB090B0AEB0B06D8F81400FEF7A6FC81
:10A358004A4640460AEB0401FFF7AAFA3378EB5C59
:10A368001A071DD50AEB0B010C4611F8013FEB5CEF
:10A378001B07F9D4009B1C44BDE7D8F814000AEB6E
:10A388000401FFF769FF0849D8F8140003B0BDE8D5
:10A39800F04FFFF761BF009B01EB030BD4E7704759
:10A3A8005C46A8E7ED6D0700F4490700F8B50F46CD
:10A3B8005168144606461D4611B11A46FFF75AFF62
:10A3C800A36883B129463046FFF742F830463B463A
:10A3D8000821054AFFF74CFB3046A168EA1DBDE895
:10A3E800F840FFF747BFF8BDD8FB06002DE9F04F4E
:10A3F800002480460D461646274689B02146284641
:10A4080003AA0134FEF71EFE48B100680028F5D003
:10A41800F5F712FF80B2874238BF0746EEE7002FF4
:10A4280038D026B1324608214046FFF721FB0024E8
:10A43800DFF880A0DFF880B02146284603AAFEF79F
:10A4480001FE0134064628B3D6F80090B9F1000F92
:10A45800F2D099F80030002BEED076685A46534671
:10A4680040460821CDE90079FFF702FB134AA6B15F
:10A47800534640460821FFF7FBFABA1DB30792B2CC
:10A4880003D133680E498B420DD031464046FFF761
:10A49800F1FED1E709B0BDE8F08F0A49D8F81400F9
:10A4A800FFF7DAFEC8E71346494632464046FFF74B
:10A4B8007DFFC1E700FC0600E4FB060060E906003A
:10A4C800C40BD286F4490700F0B50F680C46054660
:10A4D80083B0DFB13846F5F7AFFEC61CB6B2114AF5
:10A4E800082100923B4628460F4AFFF7C1FA6168E7
:10A4F80029B18B0703D10D4B0A689A4208D032461E
:10A50800284603B0BDE8F040FFF7B4BE0326E6E7EF
:10A518000A4633462846216803B0BDE8F040FFF7F5
:10A5280045BF00BFFCFB0600ECFB0600C40BD2864F
:10A5380008B503782D2B06D14378682B03D183788F
:10A548000BB9012008BD0349F5F764FEB0FA80F0A5
:10A55800400908BDF4FB060000207047002382690B
:10A5680018461360704700BF0EB400B582B003AA46
:10A5780052F8041B0192FEF779FB02B05DF804EB78
:10A5880003B0704710B583680446D3F87822920662
:10A5980006D4502118225987A36800201A8710BDB5
:10A5A80002494069FFF7E0FFA368F2E780D206009E
:10A5B80008B5836902491A68FEF722F9002008BD28
:10A5C80004FC060008B50168FEF70CFA002008BD77
:10A5D80008B50249FEF706FA002008BD40EE06005D
:10A5E80070B5002504460E4E82B007E02A46314673
:10A5F800204603F5AD73FEF703F90135A2680DF1A6
:10A6080006030121E06802F5AD7200F0E5F9BDF836
:10A618000600A3680028E9D183F85A0102B070BD8A
:10A6280014FC060010B50446FEF7D8FA03490246A2
:10A638002046FEF7E5F8002010BD00BF54230700B0
:10A6480010B5022982B00ED083680C4AD3F878126C
:10A658000B4B11F0020F18BF1A460A49FEF7D0F843
:10A66800002002B010BD5468074B126807490094D7
:10A67800FEF708F96FF01500F3E700BF20FC0600AD
:10A68800683E070048FC060024FC06003CFC060067
:10A698002DE9F041114F124C124982B00646FEF7DF
:10A6A800AFF8BC4215D810D20025DFF83C80626AAA
:10A6B800A368414600923046AAB23034FEF7A0F8AB
:10A6C800BC4206D805F10105F1D3002002B0BDE86F
:10A6D800F081E6210548F9F797FA00BF34CE060065
:10A6E80004CE06005CFC0600A4FC060074FC060010
:10A6F800F0B5012985B040F0C08083680546D3F8DD
:10A708007832990600F1A98000246FF0F9012846F3
:10A71800FEF784FEFA212846FEF79AFEA8684FF451
:10A728008072214600F5AD708DF80B4021F051FE86
:10A7380068695949FFF718FF68694FF47A77FEF797
:10A74800ADFA686803AB06680DF10B0101223669A2
:10A75800B047039B611C33B39DF80B30AA681B2BD1
:10A7680002EB040005D092F85A611B2EE9D1522B56
:10A7780023D08CB2092C80F85A31E2D90022AB6878
:10A7880083F85A21AE68D6F878329B066FD45023E6
:10A7980018227387AB68284640491A87FEF762F883
:10A7A8006FF0070057E0013F4FF47A70BFB21BF01B
:10A7B80055FD002FC5D1AE68E5E70020224482F898
:10A7C8005A01AE6896F85B315B2B60D1022306F222
:10A7D8005B1703E0B3F5807F88B2D4D017F8014F38
:10A7E80000EB8002A4F1300103F1010C3B2C01EBDA
:10A7F80042011A461FFA8CF3ECD1FF2AC3D006F5A2
:10A80800AD7203F259171A44C3F1FF030024374409
:10A8180012FA83F302E09F428CB2B4D017F801CF4A
:10A8280004EB8402ACF1300101EB4201BCF1000FF2
:10A83800F1D1FA2C28BFFA24FA2828BFFA2086F882
:10A848005AC1AB685C87AB681887AB68D3F87832B5
:10A858009A0607D4002005B0F0BD11494069FFF7FA
:10A8680083FE51E70F496869FFF77EFEF2E70D495D
:10A878006869FFF779FEAE6889E754680A4B126881
:10A888000A490094FDF7FEFF6FF01500E3E786F82C
:10A898005A01AE6877E700BFF4FC0600B8FC060072
:10A8A80088D206008CD2060024FC06003CFC060078
:10A8B80010B583680446D3F87822920605D4D3F8F5
:10A8C80078329B060AD4002010BD07494069FFF77B
:10A8D8004BFEA368D3F878329B06F4D56069034928
:10A8E800FFF742FE002010BD90D2060098D2060065
:10A8F800836803F51E73D3E8EF1F41F00801C3E82E
:10A90800E21F002AF7D10020704700BF836803F5D3
:10A918001E73D3E8EF1F21F00201C3E8E21F002AEB
:10A92800F7D10020704700BF836803F51E73D3E892
:10A93800EF1F41F02001C3E8E21F002AF7D10020F1
:10A94800704700BF836803F51E73D3E8EF1F41F01B
:10A958001001C3E8E21F002AF7D10020704700BFAA
:10A96800836803F51E73D3E8EF1F41F00201C3E8C3
:10A97800E21F002AF7D10020704700BF836803F563
:10A988001E73D3E8EF1F21F00801C3E8E21F002A75
:10A99800F7D10020704700BF836803F51E73D3E822
:10A9A800EF1F21F01001C3E8E21F002AF7D10020B1
:10A9B800704700BF836803F51E73D3E8EF1F21F0CB
:10A9C8002001C3E8E21F002AF7D10020704700BF2A
:10A9D8000023C360704700BF70B515461E46C268A5
:10A9E80091B1EAB183689A4220D01468C4609CB1DE
:10A9F8002289284604F10A0121F0C4FC0022238997
:10AA080001203380EA5470BD32B143689A420DD0B8
:10AA18005468C460002CEBD100231846338070BD05
:10AA2800034653F8044F9C42E0D1F5E70023C36086
:10AA3800002318463380F2E72DE9F8430023C3606A
:10AA480072B30446406804F1040880450F46164670
:10AA580003D010B10389934224D006F10A090022D9
:10AA68000023494620681BF0D5FE054668B963688F
:10AA7800984515D0A168D1E9003213605A60086082
:10AA8800486020681BF0D8FEE9E70681394632465F
:10AA98000A3021F077FC6368C5E900385D606560BD
:10AAA800BDE8F8830A3021F09CFC0028D5D1F7E7EF
:10AAB80070B54368061DB34204460DD00025A16851
:10AAC800D1E9003213605A600D604D6020681BF0B8
:10AAD800B3FE6368B342F2D10023E36070BD00BFE8
:10AAE80010B5044698B1F5F7A7FB83B2184673B1C1
:10AAF800621E05E02A2908D002331B1B984206D99A
:10AB0800134612F8011F3F29F4D1012010BD00207F
:10AB180010BD00BF10B5044680684FF48072002154
:10AB280000F5AD7021F055FCA068B0F8542000F194
:10AB38005A0100F5AD7021F025FCA06800F5AD7054
:10AB4800FEF726FBA46804F5AD70F5F775FB013038
:10AB5800A4F8580010BD00BF2DE9F04F89B000904F
:10AB6800002971D01546002A6ED010468946F5F79F
:10AB780063FB84B2002C67D06A1E05E02A2908D03E
:10AB880002335B1B9C425FD9134612F8011F3F2911
:10AB9800F4D14FF0000B02235C46A84601932146EE
:10ABA800484603AAFEF74EFA01340546002856D057
:10ABB80000224046296801F00BFD02460028EED12C
:10ABC800009B2D68D3F808A0002D3BD02846F5F748
:10ABD80033FB86B23246BAF858100AF5AD700A440B
:10ABE800FF2A20DC414621F075FC074688B3F5F7BB
:10ABF80023FB002382B2701C39460132384401938A
:10AC080021F0CDFB32462946384621F0BBFB4FF0F8
:10AC18002003BB55BAF858200BF1010B013216443A
:10AC2800AAF85860BBE7434603210098164AFEF786
:10AC38001FFF45460123BBF1000F15D1184609B087
:10AC4800BDE8F08F2E46C6E70323184609B0BDE8D5
:10AC5800F08F45460223BBF1000FEFD004E04546D4
:10AC6800019BBBF1000FE9D00193009B2A4698682D
:10AC780000F1580100F5AD70FEF7BCF9019B1846CC
:10AC880009B0BDE8F08F00BFB004070010B5044656
:10AC98008068B0F8582000F5AD715A3021F072FB89
:10ACA800A368B3F85820A3F8542010BD08B5044889
:10ACB800F8F77AFF0348F8F777FF002008BD00BFD0
:10ACC800040507003C05070021F083BB21F05ABBAF
:10ACD80008B50348034A0021121AFFF7F5FF08BD1B
:10ACE80050700120AC960120074808B5074A08496A
:10ACF800121AFFF7EBFFBDE808400648064A074965
:10AD0800121AFFF7E3BF00BF006001205070012056
:10AD1800FC6E07000060012000600120FC6E070047
:10AD28002DE9F041254D00AF2B685C0702D1BD46E7
:10AD3800BDE8F0810446D0E900026E468AB06B4651
:10AD4800A1684FF00508C3E906021A4619621C49B2
:10AD5800596142F8108F00234FF421512846FAF721
:10AD6800CFFE2B68B5465907E1D0D4E903018AB074
:10AD78006B4662691A621A46C3E9060111495961AC
:10AD880042F8108F00234FF421512846FAF7B8FEF5
:10AD98002B68B5465A07CAD0E369012128460A4AF2
:10ADA800FAF772FE2B685B07C1D0A3690121284618
:10ADB800064AFAF769FEBD46BDE8F081746C0120C9
:10ADC8006C0507009C050700CC050700DC0507009B
:10ADD80038B505460C4611B10846FFF7A1FF012D0D
:10ADE80005D021462846BDE838401BF0B5BAEFF338
:10ADF8000583074802685207F3D0064A2946103BE4
:10AE0800FAF742FE21462846BDE838401BF0A4BAAE
:10AE1800746C01200C06070038B505680446FFF776
:10AE28007FFF012D05D021462846BDE838401BF09C
:10AE380093BAEFF30583074802685207F3D0064A2E
:10AE48002946103BFAF720FE21462846BDE838403F
:10AE58001BF082BA746C01200C06070008B500F0DC
:10AE680005F8BDE8084000F027B800BF30BFFFF77D
:10AE7800FDBF00BF2DE9F0410C4605460B4EDFF83B
:10AE88003080324606EB0807E41B2046094921F0CA
:10AE980079FAA01942460021083C21F09AFAC5F82F
:10AEA800B84007F10800BDE8F08100BF00000000CD
:10AEB8000800000038D20600054B5A699B689A4280
:10AEC80004D0044A536843F080535360704700BF6E
:10AED8004096012000ED00E010B5404C236858076B
:10AEE80046D13F4B9B6A990133D523685A0745D110
:10AEF8001E203B4B9B6ADB0130D4394B9B6AD9023D
:10AF080003D523685A0755D10220354B9B6A1B038A
:10AF180003D52368580754D12120314B9B6A590324
:10AF280003D523685A0730D122202D4B9B6A9B03F7
:10AF380003D5236859072FD12320294B9B6ADA03AD
:10AF480011D4274A936A6FEA03436FEA1343936263
:10AF580010BD234B1D209B6ADB01CED52368580703
:10AF680021D11F20C9E723685B0731D12420E8E7F6
:10AF7800012120461B4AFAF76DFDB2E71748012167
:10AF8800194AFAF767FD1E20B3E714480121174A4A
:10AF9800FAF760FD2220C8E710480121144AFAF7A1
:10AFA80059FD2320C9E70D480121124AFAF752FD3D
:10AFB8001F20A2E7094801210F4AFAF74BFD02209A
:10AFC800A3E7064801210D4AFAF744FD2120A4E72A
:10AFD80001210B4A0148FAF73DFDC7E7746C0120CF
:10AFE80000ED00E02006070038060700B406070059
:10AFF800DC0607004C0607006806070094060700F1
:10B00800F8060700F8B5504C064623680D465B075E
:10B018006ED14E4B9B6ADF0422D52368580740F057
:10B0280081801720494B9A6A11051ED4474FBB6A85
:10B038009B0546D4454B9A6A56052CD5226851077C
:10B0480077D19A6AD0052DD49B6A9A0437D41A20EE
:10B0580000213E4A936A43F47F4393622970F8BD06
:10B068003A4B16209A6A1105E0D5226852074ED14C
:10B078009B6A9B0542D5354B9A6B9B6A190405D58B
:10B0880026B1324A936A23F4004393622F4B192066
:10B098009A6A5605D2D42D4B9A6AD20504D52368EC
:10B0A8005F072DD11B20D3E79B6A9E04D0D5236868
:10B0B8005C0704D00121264A2348FAF7CBFC1C2060
:10B0C800C6E723685907D6D0224A01211E48FAF755
:10B0D800C1FCBB6BBA6A1204D8D522685707CFD017
:10B0E80001211D4A1848FAF7CFFC002ECED0C8E738
:10B0F80001212046194AFAF7ADFC8AE7182099E79A
:10B1080011480121164AFAF7A5FC1B20A0E70F4FAA
:10B118000D480121134AFAF79DFCBB6A18209B05CC
:10B1280088D5CEE7084801210F4AFAF793FC172083
:10B1380078E70E4A04480121FAF78CFC034B1A20E1
:10B148009A6AD205B0D5AAE7746C012000ED00E038
:10B15800CC070700640707008007070024070700DB
:10B16800B4070700500707003C07070098070700C7
:10B17800F8B54E4C064623680D465B076AD14C4B22
:10B188009B6ADF0632D5236858076BD11120484BDC
:10B198009A6A11072FD4464FBB6A9B073ED4444B8B
:10B1A8009B6ADE0703D5236859076DD11420404BED
:10B1B8009B6A9A0649D43E4B9A6AD70602D49B6A80
:10B1C8009E0703D53A4B9B6ADC066AD4384B9A6AC9
:10B1D800910603D55A6A22F400525A620021344A71
:10B1E800936A43F0FF0393622970F8BD304B102037
:10B1F8009A6A1107CFD5226852073AD19B6A9B07F2
:10B208002ED52B4B5A6B9B6A1A0605D526B1284AB0
:10B21800936A23F0800393621320C0E723685907D9
:10B22800EFD0244A01212148FAF714FC7B6BBA6A53
:10B238001206F1D522685707E8D001211E4A1B489B
:10B24800FAF722FC002EE7D0E1E723685B0722D15A
:10B258001520B0E701212046184AFAF7FBFB8EE7D4
:10B2680012209CE711480121154AFAF7F3FB112037
:10B278008DE70F4F0D480121124AFAF7EBFBBB6A25
:10B2880012209B078BD5C9E7084801210E4AFAF717
:10B29800E1FB14208BE701210C4A0448FAF7DAFB9A
:10B2A800D6E740F22D110A48F8F7AEFC746C01207D
:10B2B80000ED00E04808070060080700FC070700E9
:10B2C800140807005007070078080700CC07070094
:10B2D800980807002DE9F0478AB00C4693490023E7
:10B2E800D1F8049000AFC9F3080883F31188BFF3BD
:10B2F8006F8F02F07F43B3F17F4F22D112F0010626
:10B3080015461ED15106824616D5894803685B0743
:10B3180040F0908015F004053ED000258CB1002245
:10B32800A8F10303FA71092B10D8DFE803F06D6761
:10B33800615D0F0F0F0F0F372A07EED40446012562
:10B34800ECE740F214417B48F8F75EFC7848036864
:10B358005B0728D0784A19F4F87FE9468AB0774B1A
:10B36800694618BF13468B61A8F11003CB614FF4EF
:10B3780000730A460B84724B4B61724B42F8103FC4
:10B3880000234FF41151FAF7BBFBCD46FB7953B1BB
:10B398002837BD46BDE8F0875446BFE764480368D0
:10B3A8005A0740F0838020686168A268E36807F163
:10B3B800080CACE80F00E36920696169A269ACE890
:10B3C8000F007B6A002D3AD0C3F3080240F2FF1148
:10B3D8000AB90B437B6207F108013046FFF7F8FC16
:10B3E8002837BD46BDE8F087FFF776FD0646DAE761
:10B3F8000020F91DFFF706FE0646C7E70020F91DE5
:10B40800FFF7B6FE0646C1E7DFF82481D8F800301A
:10B41800580750D10022454BFA71DA6A910714D5C2
:10B42800D8F800305A07BED00121474A4048FAF7F9
:10B4380011FBABE70121454AFAF70CFB6AE723F455
:10B44800FF7323F001037B62C5E7DA6A002A38DB61
:10B45800DB6A5E005FD5D8F80030580742D1334B1D
:10B46800A1695A6942F480725A61BFF34F8FBFF3E2
:10B478006F8F5A6931F8021C22F480725A61BFF347
:10B488004F8FBFF36F8F4DF60272914224D09A6AA4
:10B49800D2B26ABB9A6A12F47F4F36D19B6AB3F56F
:10B4A800803F3DD3FFF718FD06466FE70121284A84
:10B4B800FAF7D0FA6AE701214046264AFAF7CAFAAB
:10B4C800A8E7D8F800305B073FF46DAF0121224AA6
:10B4D8001748FAF7BFFA59E7D8F8003059070DD1DD
:10B4E800266853E701211D4A1148FAF7B3FAB6E76F
:10B4F8000120F91DFFF73CFE064647E723680121B6
:10B50800174A0B48FAF7C0FAEAE70120F91DFFF7D6
:10B5180079FD06463AE74FF43C710648F8F774FBA4
:10B5280040F2ED210348F8F76FFB00BF00ED00E0A3
:10B53800746C012098080700E4080700CC0807008D
:10B54800D0090700040000013C09070000090700B2
:10B55800AC09070024090700600907007009070003
:10B5680090090700064B5A6942F010025A615A695D
:10B5780042F480625A615A6922F008025A6170479F
:10B5880000ED00E0EFF30880EFF3098101B57246A2
:10B59800FFF7A0FE01BD00BF002080F31488BFF3B1
:10B5A8006F8F002080F30A8880F30B88124880F39D
:10B5B800088819F0CFF9002010490860BFF34F8FB1
:10B5C80000F032F8202080F311880D484FF0AA01CE
:10B5D8004FF40062FFF778FB09484FF40061401808
:10B5E80080F30988EFF314800221084380F314885C
:10B5F800BFF36F8F00F010F9F0F0012094ED00E038
:10B60800B0C70120BFF34F8F0549064BCA6802F443
:10B61800E0621343CB60BFF34F8F00BFFDE700BF6D
:10B6280000ED00E00400FA0572B6002383F31388E6
:10B63800154AD2F8900010F47F4FC0F3072107D0C5
:10B648001846C2F8983001339942C2F8A000F8D1E0
:10B6580000234FF0FF300D4903F120020133102B76
:10B6680041F82200F8D100234FF0FF30074903F1D9
:10B6780060020133102B41F82200F8D162B6BFF303
:10B688004F8FBFF36F8F704700ED00E000E100E0DF
:10B698000A4B9B68834201D01DF0C2BDEFF30583BE
:10B6A800002BF9D0064B5A6842F080525A605A6A09
:10B6B80022F400425A621DF0B3BD00BF409601203B
:10B6C80000ED00E018498A6882F8C5E04FF03000C4
:10B6D8001044EFF3098C80E8F01F202080F31288D3
:10B6E800BFF36F8F114F4FF000664A698A603E6062
:10B6F800D2F8B8000E4C206092F9C5E0D2F8BC0030
:10B708000023C2F8BC3080F3118802F1300090E8C1
:10B71800F01F8CF3098802F1000004B500F0B4F8BA
:10B72800BDE80440704700004096012004ED00E0A9
:10B73800608901201EF0040F0CBFEFF30880EFF3BF
:10B748000980816911F8021C0229FFD001B57246EF
:10B75800FFF762FB01BD00BF40B2002807DB0123F1
:10B7680000F01F01024A40098B4042F82030704720
:10B7780000E100E040B200280CDB01220649430941
:10B7880000F01F002033824041F82320BFF34F8F81
:10B79800BFF36F8F704700BF00E100E00123054A47
:10B7A800410952F8212000F01F0003FA00F0104070
:10B7B800704700BF00E100E00131072908B511D842
:10B7C80040B249010028C9B206DB00F1604000F52B
:10B7D800614080F8001308BD044B00F00F000344DB
:10B7E800197608BD6B210248F8F70EFAFCEC00E068
:10B7F800E409070000210120FFF7EABA044B054AD3
:10B8080023F07F039360BFF34F8FBFF36F8F7047B1
:10B818000000040000ED00E008B5FFF7EFFF074A5D
:10B82800D2F8883023F47003C2F88830FFF750FA52
:10B83800FFF75AFA00F080F81AF0B0FE00ED00E0C9
:10B8480070B44FF43C464FF080750024C0F8C460D3
:10B8580042F8203C039B0B4942F81C3C049B21F016
:10B86800010142F8183C059B42F8045C42F8143C7C
:10B87800A2F1200342F8081CC0F8BC40036570BC64
:10B88800704700BFCD3B0400D0F8A83083F30B8885
:10B89800704700BF6FF08500704700BF00B51546C0
:10B8A8000D4B0E4CD0F8B82098600E46D0F8A83052
:10B8B800226083F30B882C4686F309880020044B0A
:10B8C80098472046002100220023024C2047000010
:10B8D800E9B80400CD3B04004096012060890120AE
:10B8E80061B662B680F31188BFF36F8F704700BFEF
:10B8F8001022014B1A61704700ED00E072B6002378
:10B9080083F31188BFF36F8FBFF34F8F30BF62B6D9
:10B91800BFF36F8F704700BF72B6002383F311889F
:10B92800BFF36F8FBFF34F8F20BF80F31188BFF332
:10B938006F8F62B6704700BF002320200349CA18E2
:10B948000133412B82F80003F9D1704700E100E090
:10B9580008B5EFF30583064A103B02EBC30152F822
:10B96800330049688847BDE80840FFF7A5BA00BF1B
:10B9780030CA060040E800F313F4803FD8B208BF8D
:10B988006FF01500704700BF10B50A4C84B023460D
:10B9980001210948094A00F053F90022084B012106
:10B9A800E41A01A8CDE90134039200F05BF904B070
:10B9B80010BD00BF000004201C0A07000060012021
:10B9C8005070012010B5174CD4F89030C3F30723FA
:10B9D800013B984218D891F808C0CB680A6823F050
:10B9E8001F034FEA5C1143EA41030CF01F0C22F0DD
:10B9F8001F0242EA0C0243F00103C4F89800C4F89D
:10BA08009C20C4F8A03010BD074A13685B0702D118
:10BA18006FF0150010BD012103461046034AFAF7DE
:10BA280033F8F5E700ED00E0606C01202C0A070010
:10BA3800034610B5184C0868D4F8902020F01F0E63
:10BA4800C2F3072C0A890CF1FF3C02F01F004A6878
:10BA5800634502F1FF324989724411D801F00701A8
:10BA680022F01F0242EA410242F0010240EA0E01BE
:10BA7800C4F89830C4F89C10C4F8A020184610BD2B
:10BA880006480268520702D16FF0150010BD012167
:10BA9800034AF9F7F9FFF7E700ED00E0606C0120D1
:10BAA8002C0A07002DE9F04F164685B089B10446E7
:10BAB80088464FF00009071D6568002D7BD01F2DB3
:10BAC80001D9E90609D05A4803685A077DD16FF0B1
:10BAD8001506304605B0BDE8F08F57F804AC1AF0EB
:10BAE8001F0FF0D15046FFF745FF03465544681E27
:10BAF8001D46FFF73FFF854240F0888015F1160F7D
:10BB080000F08680B54280F283804A4BC3F8985093
:10BB1800D3F89C00C3F8985057F8041C6268D3F80F
:10BB2800A0B020F01F000A4488424BF01F0B02F11E
:10BB3800FF3A56D0C3F89850D3F8A020013921F025
:10BB48001F0102F01F020A43D3452146F0B2C3F891
:10BB5800A02040D0FFF76CFF10F1160FB7D0354B7F
:10BB68000BF1FF3BC3F89850D3F89C109DF80820C0
:10BB7800013061F304028DF80820D3F8A010626840
:10BB880057F8043C49081344009323F01F035B440F
:10BB9800A3EB0A0323F01F0303939DF80830C0B2F8
:10BBA80061F3471369468DF80830FFF70BFF10F172
:10BBB800160F8CD0461C09F10109C14504F10C048B
:10BBC80007F10C077FF478AF83E701214B461A4A47
:10BBD800F9F75AFF7BE7FFF72BFF10F1160FE9D1B2
:10BBE80075E7D3451FD0C3F89850D3F89C1022F0BE
:10BBF8001F0201F01F010A43F0B22146C3F89C203E
:10BC0800FFF716FF10F1160FD4D160E76FF0150596
:10BC1800074803685B073FF45AAF01212B46074AE0
:10BC2800F9F732FF53E72146E8B2FFF701FFC2E711
:10BC3800606C012000ED00E0540A0700780A070054
:10BC480010B5064C2278FFF72DFF2070163000D073
:10BC580010BD4FF4C4710248F7F7D6FFA49601202F
:10BC68009C0A0700002953D02DE9F84F8B46064659
:10BC78004FF00008274CDFF8A0A02BE015F1160FB5
:10BC880044F8045C3DD0254B1B78AB4239DDCAF83B
:10BC98009850CAF89850DAF89C20237A62F3040383
:10BCA8002372DAF8A030227A5B0863F34712227213
:10BCB800DAF89C3023F01F032360DAF8A03023F071
:10BCC8001F03E36008F10108D84506F10C0604F1EA
:10BCD80014041BDA7768002FF4D0D6F80090484691
:10BCE800FFF748FE054607EB09000138FFF742FE5B
:10BCF8008542C3D06FF01502094B08EB880843F85A
:10BD080028204FF4CC710748F7F77EFFBDE8F88F7D
:10BD1800704700BF6889012000ED00E0A49601206B
:10BD2800648901209C0A07002DE9F041704D714A91
:10BD3800D5F890301768C3F307239F4286B000F206
:10BD4800D280BFF35F8F00246B4BC5F89440C5F8D1
:10BD5800C030DFB15168087ACB680A68460923F019
:10BD68001F03C5F8984022F01F0200F01F0043EAA5
:10BD780046030134024343F00103BC42C5F89C204A
:10BD880001F11001C5F8A030E5D1E7B2DFF86C8108
:10BD980001A888F80070FAF729FB054600287DD02D
:10BDA80000240627564E27E0B3F5801F52D0B3F57E
:10BDB800001F1ED151F80C3041210393D2E9012311
:10BDC800013B029222F01F02134423F01F03059344
:10BDD800C3078DF8101000F1828098F8000002A9BE
:10BDE800FFF7F0FD002830DB98F80030013388F8C1
:10BDF80000300134A54251D001994FEA041C01EBEF
:10BE08000412D06800EA0603B3F5800F36D0CBD908
:10BE1800B3F1006F28D0B3F1805FEAD1D2E9010312
:10BE280051F80C20013B20F01F010B440121CDE902
:10BE3800020223F01F038DF8101098F8000002A9E1
:10BE48000593FFF7BFFD0028CEDA40F22B212D48DD
:10BE5800F7F7DAFED2E9010351F80C20013B20F094
:10BE68001F010B442121E2E7D2E9010351F80C201C
:10BE7800013B20F01F010B446121D8E7D2E90103FF
:10BE880051F80C20013B20F01F010B4423F01F0345
:10BE9800CDE902028DF8107005939EE7144998F8D1
:10BEA8000030D1F89020C2F3072293420BDA002029
:10BEB800C1F89830C1F8A000D1F890200133C2F33E
:10BEC80007229342F4DB0522094BC3F89420BFF301
:10BED8004F8FBFF36F8F002006B0BDE8F08183213C
:10BEE8000848F7F791FE40F201210648F7F78CFE63
:10BEF80000ED00E0CC0A0700AAFF4400A496012048
:10BF08000000F0FF9C0A070008B5D1E90431984702
:10BF1800002008BD944610B50C461A466146002319
:10BF28004FF0020C86B00594064C04906846CDE9A3
:10BF38000034CDE902338DF802C01FF0BFF906B016
:10BF480010BD00BF11BF040008B5024B1B6898471D
:10BF5800002008BD78890120034A044993780860C5
:10BF680043F0020393707047706A012078890120BA
:10BF780008B50649064821F00701C1F1005202F54B
:10BF88008022F6F715FF002008BD00BFAFC40320CC
:10BF98007C8901202DE9F04F8FB0189C08920593F9
:10BFA800002C00F06D8205468E468C4603F008038F
:10BFB800DFF88C92DFF88C82DFF88CB206932B4680
:10BFC8009CF800200698114613F8014B00284BD125
:10BFD8003F2C7BD03AD8002C00F023812A2C3DD16D
:10BFE80069782A291AD1994C069D01E02A2915D188
:10BFF80013F8011F002DF9D0605C00F00300012840
:10C00800F4D12031C9B22A2908D113F8011F605C84
:10C0180000F003000128F4D02A29E9D02E2A1D4671
:10C0280000F04A82002900F0C2822F2940F0948251
:10C038000598840740F19082604620F0FAF984461A
:10C048000028BCD101200FB0BDE8F08F5B2C51D087
:10C058005C2C03D10599C90740F165829442F1D15E
:10C068001D460CF1010CAAE778482646075D07F043
:10C078000307012F00F0F181875C07F00307012F08
:10C0880000F0F5813F2ECAB220D00DDC002E00F062
:10C09800C8802A2EE2D16978405C00F003000128AC
:10C0A8009FD12031C9B29CE75B2E23D05C2ED5D11D
:10C0B8000599CE07D2D46C78AB1C015D01F0030161
:10C0C8000129CBD104F12001CCB2C7E7002AB9D0AD
:10C0D8002F2A00F002822E2AC2D1059A5107BFD515
:10C0E80008998C45AED09207BAD51CF8012C2F2A96
:10C0F800B6D1A7E7002AA5D02F2A00F0F3812E2A6F
:10C1080003D10598470700F101826E78212E00F0CF
:10C11800B1815E2E00F0AE81002007930D90069845
:10C12800C9B230B14948405C00F00300012808BF9B
:10C138002031C9B25D2E0491CDE90A424FF00001C9
:10C14800079FDFF80CE1DFF80CA10C93CDF824C0B1
:10C158005AD0002E00F0A5812F2E00F025815C2EEC
:10C16800787800F002815B2E40F0E3813A2840F0B5
:10C17800E081BD78002D00F066810023BA1C1C46C2
:10C18800039605E045EA032312F8015F34463DB102
:10C1980012F801CC2602BCF15D0F46EA1366F1D114
:10C1A8004C4508BF73458446039E00F043819E4575
:10C1B80079EB04057CD3284D5C4508BFAB4200F001
:10C1C80031819D427BEB040564D3244D2448AC4265
:10C1D80008BF834200F01D8105F57F4500F1C1606D
:10C1E800F13500F50030AC4208BF83423AD1174B15
:10C1F800049816781B56002BC0F20081092808BF46
:10C20800012117465D2EA4D1079BBB4280F0B38065
:10C218000D9BDDF824C08B4207F101057FF421AFA7
:10C2280010E7059B1046DC0605D4003818BF01202E
:10C238000FB0BDE8F08F2F2AF7D10020F8E700BF34
:10C24800776F6C0061707300746E6300ED6D0700AA
:10C258005D3A72655D3A65635D3A6C72706C610057
:10C268005D3A6168A5F57F4500F1E060F33D00F5B2
:10C278000030AC4208BF83427FD19D4B04981B5CC1
:10C2880013F0070F0CBF0123002303B90121174640
:10C298001678B7E79748984DAC4208BF83421ED13D
:10C2A800934B04981B5C83F00403C3F38003ECE70F
:10C2B800444508BF534500F0A4809A4578EB04052F
:10C2C80034D28E48844208BF73451CD1884B0498E9
:10C2D8001B5C03F00303013B18BF0123D5E705F5F9
:10C2E800423500F1DE60FA3500F58020AC4208BF27
:10C2F800834242D17E4B04981B5C13F0170F0CBF8E
:10C3080001230023C1E700F1D2407D4DA0F59B3009
:10C318001338AC4208BF83422FD1754B04981B5C7D
:10C3280013F0440F0CBF01230023AEE77548764D88
:10C33800AC4208BF834208D16D4B04981B5C13F0D4
:10C34800970F0CBF012300239FE700F1754005F20A
:10C358000535AC4208BF83420FD1654B04981B5C7E
:10C3680083F01003C3F300138FE7059B8446DA07B5
:10C3780003D40646013797F801C0069B7A1CC3B15F
:10C388005B4B9B5D03F00303012B0ABF06F12004FE
:10C39800F4B2E4B2BCF12D0F0FD0049B1746A342B0
:10C3A80008BF012116782DE7059B98073FF54AAE8F
:10C3B800E1E7BCF12D0F3446EFD1B8780028ECD076
:10C3C8005D28EAD05C2807F1020C5DD0069BFA1CB8
:10C3D80053B10646464B1D5C05F00305012D00F0E0
:10C3E800AE8000285DD0F0B2049B9CF80160A342A7
:10C3F800FFF407AF049B83423FF603AF01211746C2
:10C4080000E73B4B04981B5C83F00803C3F3C003AD
:10C418003BE7374B04981B5C13F0030F0CBF012359
:10C42800002332E7324B04981B5C83F02003C3F3EC
:10C4380040132AE72E4B04981B5C03F00303023BCE
:10C4480018BF012321E7069B7A1C002B32D1049BDD
:10C458005B2B70D006461746D4E620342646875C08
:10C46800E4B207F00307012FF6B27FF40BAE02F136
:10C47800200107E601200D90A81CAE7807904EE633
:10C4880003200FB0BDE8F08F059BDB079ED4F8783A
:10C49800069B064607F1030C3A1D002B9AD100288B
:10C4A800A2D1DDE90A4294420C9BDDF824C03FF496
:10C4B800D7ADC7E5844663E7059847077FF5B2AD72
:10C4C800089CA4453FF4BEAD86077FF5ABAD1CF8CC
:10C4D800010C2F287FF4A6ADB4E5059A90077FF5E7
:10C4E800BFADAFE5059880077FF50FAEAAE500BFA1
:10C4F800ED6D07005D3A74696769640070707500D6
:10C50800676964785D3A746E69727000089EB44514
:10C518003FF498AD86077FF5F8AD1CF8010C2F287D
:10C528007FF4F3AD8EE56C78AB1C94423FF498AD84
:10C5380088E5844621E70646174601210FE6E028EC
:10C5480000F12006ADD0F6B29B5D03F00303012B8A
:10C558007FF449AF203646E71E46E646189C002A77
:10C568003FF470AD7546059B184F04F1FF3803F092
:10C57800020429463046059B089ACDF80080FFF74B
:10C5880009FD00283FF454AE069A15F8013B32B174
:10C59800FA5C02F00302012A04BF2033DBB22F2B1E
:10C5A80002D0002BE5D14DE5002CE2D04AE5059BF1
:10C5B800E64613F002003FF43BAEDD063FF53DAE24
:10C5C8002F2160461FF035FF2FE600BFED6D0700F5
:10C5D80010B5402482B0134600940A46FFF7DAFCEF
:10C5E80002B010BD10B4D0F800C0074C074AC4F818
:10C5F80000C0446806491460064B846802690C60F0
:10C608001A6010BC704700BF908901208C890120F6
:10C6180088890120948901204FF0340C30B40C4BE8
:10C62800827A0CFB0232D26AD2E901240C601168CA
:10C63800827A0CFB023393F824201D6B1B32431BB8
:10C6480022F00302B3FBF2F304FB031030BC704783
:10C65800986E0120704700BF2DE9F04F054685B060
:10C66800684691469B4603911DF024FCDDE900676E
:10C67800002D00F0A28005F11C08EFF3118A202399
:10C6880083F31288BFF36F8F40461DF067F80028C8
:10C6980000F08F8040461DF087F86C8C002C69D024
:10C6A8002B8CA34234D8631E40466B841DF064F87B
:10C6B800002800F087808AF31188BFF36F8F95F800
:10C6C8002420298C424B091B1B322C6B22F00302BD
:10C6D80001FB0244EB1A3F4A9B1002FB03F3A372CF
:10C6E80095F82430E372039D35BB6561002601236C
:10C6F80031462381E27A658204F1180066601FF0F2
:10C7080068FE63692682E360204605B0BDE8F08FC5
:10C718000022284600231AF06FFE044600283BD06A
:10C7280040461DF029F800284CD08AF31188BFF341
:10C738006F8F039D002DD8D032463B4668461DF0CA
:10C74800E9FB3422A37A224E204602FB0363DB6A0C
:10C7580003A91B681F68DDE90023B8476061E8B1D9
:10C76800039B9D4298BF1D46C0D94FF4AB711A4830
:10C77800F7F74AFA40461CF0FFFF18B38AF311880E
:10C78800BFF36F8F4A465B4628461AF035FE0446CB
:10C798000028A8D10024B7E76C8C84E7A37A214647
:10C7A80003EB430203EB820306EB83001AF018FE47
:10C7B800F0E788210948F7F727FA40F201110648FF
:10C7C800F7F722FA4FF49A710448F7F71DFA00BFF9
:10C7D800986E0120C54EECC4040B0700A8E50600BE
:10C7E800C16A8968FFF738BF2DE9F04182B0002897
:10C7F80036D00446342600271C4D2046037A646848
:10C808004BB3013BDBB2037253B990F80A80C360A3
:10C8180006FB08524360936A2BB19847002CECD171
:10C8280002B0BDE8F081416949B1437ADB0705D41C
:10C83800D36A01901B689B6898470198476108EB89
:10C84800480308EB8308014605EB88001AF0C8FD89
:10C85800002CD2D1E4E740F2C1110548F7F7D4F92A
:10C8680040F2BB110248F7F7CFF900BF986E0120DC
:10C87800040B070008B5034620B118465B68002B77
:10C88800FBD108BD40F231210148F7F7BDF900BFDF
:10C89800040B070010B550B171B144682CB10B46B8
:10C8A8001A465B68002BFBD15460416010BD4FF401
:10C8B8000F710448F7F7A8F940F23D210148F7F74E
:10C8C800A3F900BF040B070008B561B130B10346F6
:10C8D8001A465B68002BFBD1516008BD0B7A0846ED
:10C8E80001330B7208BD4FF412710148F7F78CF948
:10C8F800040B07002DE9F041069C07468C4228BF2F
:10C908000C46264614461AB91FE064689B1AE4B11F
:10C91800228A9342F9D24FF0000816B919E0002391
:10C9280086B1258AE168ED1AB54228BF354607EB7E
:10C9380008002A4619441FF025FD6468761BA844A0
:10C94800002CECD14046BDE8F081A0464046BDE849
:10C95800F081B046F6E700BFB02108B50148F7F707
:10C9680053F900BF400B070008B528B183883BB9CD
:10C9780083680B44036008BD2B210348F7F744F98B
:10C988002C210148F7F740F9400B070038B503465A
:10C998000468B0F804C0DA889D6804EB0C00A2EBC8
:10C9A8000C02641B121B914203D88C44A3F804C0E8
:10C9B80038BD3E210148F7F727F900BF400B0700B3
:10C9C80038B503460068B3F804E0B3F806C09D68BC
:10C9D800ACEB0E0C451BACEB050C6245704406D85D
:10C9E8009644A3F804E0BDE838401FF0CBBC3E21D4
:10C9F8000148F7F709F900BF400B070008B583881D
:10CA08008B4205D35B1A9BB202688380D01808BD9D
:10CA1800FFF7A2FF08B582888A4206D3034600685A
:10CA2800521A08449A80186008BD40F2C3110148A0
:10CA3800F7F7EAF8400B070003688168C288B0F886
:10CA480004C05B1AA2EB0C00C01A70470368826826
:10CA5800C0889B1AC01A80B2704700BF0CB4034646
:10CA680000B583B004AA084652F8041BDB6801929B
:10CA7800984703B05DF804EB02B07047062810B57C
:10CA88001ED8134C00EB40034FEA031E4FEA400C3C
:10CA980004EB0313D3E8AF3F93B1A4F1080303EB0E
:10CAA8000E0464680C6022B10EF10C0E03EB0E014B
:10CAB800116084444FEA0C1C53F80C30184610BD22
:10CAC8001FF0D8FE0921034A00231150F6E700BFE2
:10CAD800507A01200C00000070B5002425461F4E36
:10CAE8004FF0FF324FF0FF331D481AF0D5F906F129
:10CAF80008010B19D3E8AF2F82B10135072D04F1D6
:10CB08003004F6D11FF0B6FE1722164B4FF0FF3552
:10CB18001A5013481AF070FA284670BDD3E8EF0F80
:10CB28000130C3E8E10F0029F8D10020002105EB0E
:10CB3800450306EB03139A62C3E9000104F10C00F4
:10CB480030441AF0A1F904F1200030441BF032FA05
:10CB580003481AF051FA284670BD00BF487A0120F0
:10CB68004C6D01200C00000070B515460F4E00EB0F
:10CB7800400006EB00120401D362315155609DB1AB
:10CB8800EB688BB11FF076FE0C3433190446084E5F
:10CB98002846A55940F20512FFF760FF5F2D03D024
:10CBA800A3595F2B08BFA55170BD00BF487A01206B
:10CBB8000C00000030B500EB40030F491B0108339F
:10CBC8004FEA400C0B44D3E8AF2F02F1FF3E52B1BD
:10CBD800D3E8EF4F944203D1C3E8E5EF002DF7D136
:10CBE800F1D1012A00D030BD00220023844401EB9A
:10CBF8000C11C1E9002330BD487A012006282DE92F
:10CC0800F84343D800EB4004244F240104F10806FC
:10CC180005464FEA40083E44D6E8AF3FB3B304F1B7
:10CC28000C09B9444FF0FF324FF0FF3348461AF071
:10CC380033F93A1953689B6833B3D26A385912F4F6
:10CC4800404F1DD19847044648461AF0D5F9D6E812
:10CC5800AF3F5A1E8BB1D6E8EF1F994203D1C6E801
:10CC6800E02F0028F7D1F2D1012B06D100200021B6
:10CC7800A84407EB0813C3E900012046BDE8F88380
:10CC8800294698470446DFE71C46DDE71FF0F2FD1A
:10CC98000922034B4FF0FF341A50EEE7487A01207F
:10CCA8000C0000000CB4034600B583B004AA084683
:10CCB80052F8041BDB680192984703B05DF804EB57
:10CCC80002B070472DE9F04F89469DB006460DF138
:10CCD800340A08A8984617461DF0ECF8DDE9083430
:10CCE800CDF828A0CDE90234B9F1000F00F0858015
:10CCF80000214D46CDF81C9034468946CDE90516ED
:10CD0800049109E00C981AF077F9BBF1000F33DBB6
:10CD1800013D04F108043FD020680BA90028F7DB87
:10CD28000CAAFFF7ABFE06460028F1D00C984FF08E
:10CD3800FF324FF0FF331AF0AFF80AAB1CAACDE967
:10CD48000032314623464FF481720B98FFF7AAFF51
:10CD580010F1780F834612D010F1120FD2D1049B34
:10CD6800002B66D04FF0000B4FF001090C981AF019
:10CD780043F9BBF1000FCBDACBF10003C4E0002785
:10CD88000022002308A81DF095F8DDE90823B8461D
:10CD9800BB46CDE90223B5E74A46DDE90516DDF8CD
:10CDA8001C9052B3B8F1FF3F08BFB7F1FF3F00F046
:10CDB800B2804FEA48127B01DB1B42EAD76262EB82
:10CDC8000802900040EA93709B00DA1948EB0003D0
:10CDD800DB0043EA5273C2F3103242EA4342019243
:10CDE80033464FF482720498CDF80090FFF75AFF4B
:10CDF800834658461DB0BDE8F08FDDE9022308A838
:10CE08001DF088F8089FDDF8248004963A464346CA
:10CE18004E460A994148A1EB0A01891000FB01F12D
:10CE280050461DF0B1FC00F10B020B2A09D9434210
:10CE38006AE00B9B4FF0000B4FF001090596049335
:10CE480060E7374B134113F00103F0D1CDF828A068
:10CE5800002E4DD0994635469B469846049C23E0C3
:10CE68000C984FF0FF324FF0FF331AF015F80DF120
:10CE7800280C3946234640F203120B98CDF800C01F
:10CE8800FFF710FF07460C981AF0B6F817F10B0FCA
:10CE980031D0002F37D1B4F906300BB109F10109AF
:10CEA800013D04F1080413D02068A4F80680002886
:10CEB800F6DB0CAA0BA9FFF7E1FD07460028CFD146
:10CEC8002023013DE38009F1010904F10804EBD1B5
:10CED800BBF1000F12D0B9F1000F0FD1DDE9022329
:10CEE80008A81DF017F8DDE9082353EA020190D1DC
:10CEF8004FF0000B7DE74FF0010BD1E7CB465846CA
:10CF08001DB0BDE8F08F7B421FF0B4FC054A4FF01E
:10CF1800FF3B13506DE74FF0FF3260E7CDCCCCCC30
:10CF28007EF7FFFF0C000000002A70B504460D468E
:10CF380013DB4FF4004340F2E7300021C2FB03014A
:10CF48004FF47A720023F3F74BF902460B4620465A
:10CF58002946BDE87040FFF7B5BE4FF0FF322946BD
:10CF68002046BDE870401346FFF7ACBE0122024BD5
:10CF78000020C3F8402570470090034058B1064B85
:10CF880006491B68064AA1FB03139B0C03FB00F030
:10CF980042F0010210477047C46B012083DE1B4337
:10CFA800A0D2060008B54FF6FF723F230348C0E938
:10CFB800002317F021FD002008BD00BF987B012049
:10CFC800F0B5064683B00D461746164C204619F0B4
:10CFD8009BF900B3AAB2A3681B68FBB1204631468F
:10CFE8009847002802DB002003B0F0BD002FFBD1DA
:10CFF800002DF8D03C462F1B042F28BF042717F01C
:10D0080043F93A46019001A930193C441FF0BAF996
:10D01800A542F0D8E7E76FF01200E5E75D21024886
:10D02800F6F7F2FD90C90600800B07000022FFF713
:10D03800C7BF00BF012208B5FFF7C2FF002818BF0D
:10D048006FF0040008BD00BF2DE9F04F81B006461F
:10D058000D461746984602F035F8002845D1442178
:10D0680001201DF00BFE0446C8F8000000286CD013
:10D0780086B33046F3F7E0F804F124090146002F9F
:10D0880058D0D7E902BA3046BAF1020F4A461ABF59
:10D0980006274FF0010A11270AF0ACFFC0B1A68C91
:10D0A800BBF1000F01D0B34512D155B128460A2271
:10D0B80000211DF007FF4FF6FE73421E9A420546F7
:10D0C80006D8012EC4E903A7A6602BD0022E15D0DE
:10D0D800D8F8004020461DF0BFFD00236FF0010086
:10D0E800C8F8003001B0BDE8F08F43463A462946FB
:10D0F800304601B0BDE8F04F01F0EEBF0022182124
:10D10800A684C4F81C902B02002043EA2523E3845C
:10D1180004F12C03236284F82C202260A16101B061
:10D12800BDE8F08F08210022A684C4F81C9005FAF7
:10D1380001F3E9E730464A460AF05CFF0028C7D009
:10D1480006274FF0010AA68CAFE76FF00900C9E780
:10D1580010B5044601F0B6FF20B92046BDE81040DE
:10D168001DF07ABD2046BDE8104001F0CBBF00BFDE
:10D178000CB4034600B583B004AA084652F8041B51
:10D18800DB680192984703B05DF804EB02B0704782
:10D198002DE9F0471E4CDFF87C80444530D825D275
:10D1A80005460F469146A8EB040323F00F03E61843
:10D1B8002368AB4200D0A3B9A3682BB34A463946CB
:10D1C8002846984768B11FF055FB394603460027A3
:10D1D800114EE4689F514A4628462346BDE8F04769
:10D1E8001847B4420CD010344445E1D31FF042FB39
:10D1F8006A210346084A4FF0FF30D150BDE8F08756
:10D208006D210648F6F700FD75210448F6F7FCFC89
:10D2180014CD060034CD06000C000000B40B070046
:10D22800FFF7ECBC30B583B00D4601AA6946FFF79D
:10D2380025FCF0B1009B1B699BB1044601984FF097
:10D24800FF324FF0FF3319F027FE009B2946204696
:10D258001B6998470446019819F0CEFE204603B092
:10D2680030BD86231FF006FB034A4FF0FF341350EE
:10D27800F4E70923F6E700BF0C00000070B582B0A0
:10D288000E461546694601AAFFF7F8FBF8B1009B60
:10D298005B69A3B1044601984FF0FF324FF0FF33AA
:10D2A80019F0FAFD009B2A46314620465B699847EB
:10D2B8000446019819F0A0FE204602B070BD5F2216
:10D2C8001FF0D8FA034B4FF0FF341A50F4E7092245
:10D2D800F6E700BF0C00000070B582B00E46154698
:10D2E800694601AAFFF7CAFBF8B1009B9B69A3B185
:10D2F800044601984FF0FF324FF0FF3319F0CCFD90
:10D30800009B2A46314620469B6998470446019867
:10D3180019F072FE204602B070BD5F221FF0AAFA13
:10D32800034B4FF0FF341A50F4E70922F6E700BF29
:10D338000C00000030B583B00D4601AA6946FFF71E
:10D348009DFBF0B1009BDB699BB1044601984FF04F
:10D35800FF324FF0FF3319F09FFD009B294620460E
:10D36800DB6998470446019819F046FE204603B049
:10D3780030BD5F221FF07EFA034B4FF0FF341A5086
:10D38800F4E70922F6E700BF0C00000070B582B090
:10D398000E461546694601AAFFF770FBF8B1009BD7
:10D3A8001B6AA3B1044601984FF0FF324FF0FF33D8
:10D3B80019F072FD009B2A46314620461B6A9847A1
:10D3C8000446019819F018FE204602B070BD5F228D
:10D3D8001FF050FA034B4FF0FF341A50F4E70922BC
:10D3E800F6E700BF0C000000F0B585B00F46164602
:10D3F80002A903AA1D46FFF741FB20B3029B5B6A03
:10D40800CBB1044603984FF0FF324FF0FF3319F0C9
:10D4180043FD0B9B204601930A9B029C00933246D6
:10D428002B463946646AA0470446039819F0E4FD80
:10D43800204605B0F0BD5F221FF01CFA034B4FF0E9
:10D44800FF341A50F4E70922F6E700BF0C00000089
:10D45800F0B585B00F46164602A903AA1D46FFF788
:10D468000DFB20B3029B9B6ACBB1044603984FF097
:10D47800FF324FF0FF3319F00FFD0B9B204601934D
:10D488000A9B029C009332462B463946A46AA04761
:10D498000446039819F0B0FD204605B0F0BD5F22A0
:10D4A8001FF0E8F9034B4FF0FF341A50F4E7092254
:10D4B800F6E700BF0C00000070B582B00D461646B6
:10D4C800694601AAFFF7DAFAA0B1044601984FF0BD
:10D4D800FF324FF0FF3319F0DFFC214633462A466E
:10D4E8000098FFF745FE0446019819F085FD20468F
:10D4F80002B070BD1FF0BEF90922024B4FF0FF3495
:10D508001A50F4E70C00000008B50AF0D1FAB0FA96
:10D5180080F0400908BD00BFF0B585B00F4616463B
:10D5280002A903AA1D46FFF7A9FA10B3029BDB6AFA
:10D53800BBB1044603984FF0FF324FF0FF3319F0A8
:10D54800ABFC0A9B2046029C009332462B46394688
:10D55800E46AA0470446039819F04EFD204605B03A
:10D56800F0BD5F221FF086F9034B4FF0FF341A50CD
:10D57800F4E70922F6E700BF0C000000F0B585B01B
:10D588000F46164602A903AA1D46FFF777FA10B3FD
:10D59800029B1B6BBBB1044603984FF0FF324FF060
:10D5A800FF3319F079FC0A9B2046029C009332460F
:10D5B8002B463946246BA0470446039819F01CFDF6
:10D5C800204605B0F0BD5F221FF054F9034B4FF021
:10D5D800FF341A50F4E70922F6E700BF0C000000F8
:10D5E80070B582B00E461546694601AAFFF746FA9D
:10D5F800F8B1009BDB6BA3B1044601984FF0FF32F2
:10D608004FF0FF3319F048FC009B2A46314620466C
:10D61800DB6B98470446019819F0EEFC204602B0EF
:10D6280070BD5F221FF026F9034B4FF0FF341A50EC
:10D63800F4E70922F6E700BF0C00000070B582B0DD
:10D648000E461546694601AAFFF718FAF8B1009B7D
:10D658001B6CA3B1044601984FF0FF324FF0FF3323
:10D6680019F01AFC009B2A46314620461B6C984745
:10D678000446019819F0C0FC204602B070BD5F2234
:10D688001FF0F8F8034B4FF0FF341A50F4E7092263
:10D69800F6E700BF0C000000013801288CBF00200D
:10D6A800012070472DE9F04F84468E46154687B015
:10D6B80003F0020300297FD0002A55D0D2F800B029
:10D6C800D946BBF1000F49D0012201924FF0000A60
:10D6D800CDE9045CD1461E4675460CF1600840460B
:10D6E80019F0FAFE0446002835D0504533D00CF026
:10D6F800A3FFBAF1000F08BFA2465845024628BF4B
:10D708005A46019903469144ABEB020791B17AB3AB
:10D718002968002E45D0E3682046D4F810B003925B
:10D7280002930CF02FFE2968039A029B114429608A
:10D73800C4E9033B00220023404619F05DFE014680
:10D74800404619F041FE4FB3BB46404619F0C4FEAF
:10D7580004460028C9D1049D019B0BB1C5F800B04F
:10D76800484607B0BDE8F08F4FF0FF3B0195ADE7A5
:10D77800002EDFD15B45E6D800234046002219F091
:10D788003BFE90F837309B0704D5059AD36D43F0DC
:10D798000103D3650CF0FAFA002FD5D1BB46049DDE
:10D7A800DAE70390204602920CF0ECFD2968029A11
:10D7B800039B11442960DDE7002AD5D0D2F800B0D8
:10D7C800BBF1000F01D0019180E7D946C8E700BF3F
:10D7D80070B5C36D0D46DB07049E39D40446D0F8F6
:10D7E800840028B14FF0FF324FF0FF3319F054FB9B
:10D7F800002E18DB04F16006FDB195F83730294694
:10D808006FF34103304685F8373019F0DDFD04F138
:10D818007C001AF0D5FBD4F8840018B1BDE870403C
:10D8280019F0EABB70BDE36D764243F0040366600D
:10D83800E36504F16006002DDFD1304619F054FE8F
:10D8480058B190F8373043F0020380F83730DEE7FC
:10D858000846BDE870400CF099BAE36D43F0010347
:10D86800E365304619F040FDD1E700BF70B551B30C
:10D878000C2A28D11D460B680C4623B30646886837
:10D8880060B108F03FFAB0B185B921460EF096FFB5
:10D898000028A8BF002223DB104670BD081D08F031
:10D8A80045FD08F02FFA0028EED104E000222146B9
:10D8B8000EF042FFECE796F9920000280BDD08F025
:10D8C80021FA0028E0D116231EF0D4FF05494FF0B5
:10D8D800FF320B50E0E708F0C9FA0028D4D1F2E78C
:10D8E8004342F1E70C000000F0B583B006460F464E
:10D8F8001546FFF7F1F8041E3ADBF5B1AAB2B0B24B
:10D90800F9B201AB0AF050FF061E29DB002301988B
:10D918004360C365603019F0D9FC01987C301AF077
:10D9280049FB062D18D04FF440432046124A01996E
:10D93800FFF71AF9204603B0F0BD731E012B01D979
:10D948002A46DCE7022F04D0012FF9D1062215461A
:10D95800D5E711221546D2E701980BF001F8E2E766
:10D968002046FFF727F91EF085FF044B76421E502C
:10D978004FF0FF34DEE700BF580C07000C00000032
:10D9880040F2772108B50148F6F73EF9E80B0700A1
:10D9980040F2272108B50148F6F736F9E80B0700E9
:10D9A800F8B508B30546B0F8907000F16006C7F303
:10D9B800410700220023304619F01EFD044620B11D
:10D9C800032F0BD00CF0E2F9F3E7304619F08CFC8A
:10D9D80005F17C00BDE8F8401AF0F2BAFFF7E0FF65
:10D9E80020460AF0F7FFE4E7FFF7D2FF4FF4137180
:10D9F80008B50148F6F708F9E80B0700002900DB2D
:10DA0800704710B5C36D494243F0040304464160B2
:10DA1800C365603019F068FC04F17C00BDE8104073
:10DA28001AF0CEBA30B5002B83B0069D02D01FDBAA
:10DA380003B030BD009300220023164904460BF0C2
:10DA4800E5FC04F1600019F041FC04F17C001AF0D7
:10DA5800B1FA214605F1600019F0B6FC20460AF03B
:10DA68007FFF05F17C0003B0BDE830401AF0A8BA8A
:10DA7800EA6D5B4242F004026B60EA6505F1600002
:10DA880019F032FC05F17C0003B0BDE830401AF013
:10DA980097BA00BFD9D70400F8B540F203139942EA
:10DAA800044600F08480B1F5827F45D2042900F055
:10DAB800A080B1F5817F4DD1D2E90015B1F90430CC
:10DAC8009668DF0756D458072ED5002C00F0E6805C
:10DAD800B4F89030C3F38113012B29D194F9920043
:10DAE80008F010F92F68BE4200F0D580B4F89030E5
:10DAF8002046C3F34103012B00F0B08012F00EFA68
:10DB0800022138612B685A7B61F305025A732B682E
:10DB18009A7B6FF345129A732B68DA686FF3943225
:10DB2800DA602B6814332B60E36D13F0050F0FD008
:10DB38006FF077031846F8BD45F21B43994260D051
:10DB480045F2214399420DD1C36D43F00203E365C9
:10DB58000023EFE7032961D1C36DC3F340039B039F
:10DB68001846F8BD40F20513994257D11368C0F81A
:10DB78008430EDE72B689E4200F08D80042004F18C
:10DB880060021A612B685A7B60F305025A732B688E
:10DB98009A7B6FF345129A732B68DA686FF39432A5
:10DBA800DA602B6814332B60B1F904308BE7D2E9C3
:10DBB8000056B5F90430D90742D53368DA6812F44B
:10DBC800EE1F34D1C26DD20731D414333360AB8821
:10DBD8005F0738D4E36D5A0704D5EB8843F0080390
:10DBE800EB80E36DDB07B3D5EB8843F01003EB80E4
:10DBF800AEE71268C36D520423F00203A5D4C365CF
:10DC0800A6E70023146819461A46FFF74BFD6FF084
:10DC18000043984228BF1846206099E71EF02AFE64
:10DC28005F214FF0FF331E4A11501846F8BDEB88AC
:10DC380043F00103EB80336814333360B5F90430E3
:10DC48005807C7D554B3B4F89030C3F38113012BE8
:10DC580007D0EB8843F00403EB80BBE712F062F9CE
:10DC68004EE794F9920008F04DF83368DA6812F438
:10DC7800FE1F0DD0E26DD1070AD4B4F89020C2F38C
:10DC88004102022A04D1EB8843F00403EB80336895
:10DC9800143333609EE76FF00B034BE7FFF770FE1A
:10DCA8000C0000002DE9F04788B00D46DDE910486A
:10DCB80058EA0401129F00F0A88015F1690FA146E7
:10DCC800C246064666D015F10B0F40F09E806846A6
:10DCD8001CF020F9DDE90023134300F09880B8F127
:10DCE800FF3F08BFB4F1FF3F3AD04FEA4812630143
:10DCF800B3EB090342EAD46262EB0A02920042EAF9
:10DD080093729B0013EB090342EB0802D20042EA2C
:10DD18005372C3F3103343EA42433A68934228BF2D
:10DD280013463B60D6F8840008B119F065F915F17F
:10DD3800690F1FD00B3517D03B685B00642B28BFD9
:10DD480064233B60D6F8840028B14FF0FF324FF0CF
:10DD5800FF3319F0A1F80023184608B0BDE8F08792
:10DD6800D6F884000028E0D1B6F89040C4F38114B6
:10DD7800012C21D04FF4004340F2E73000213A68EB
:10DD8800E2FB03014FF47A720023F2F729FA1BF041
:10DD9800BDF9D1E768461CF0BDF8DDE9002313435F
:10DDA8002BD0B8F1FF3F08BFB4F1FF3F9DD1D6F8A3
:10DDB80084000028B9D1DDE796F9920007F0A2FFA8
:10DDC800304612F0ABF800220346022103A81CF0EB
:10DDD800BDFC4FF4004340F2E73000213A68E2FB13
:10DDE80003014FF47A720023F2F7FAF902460B4660
:10DDF800214603A81CF0C8FC9EE70C251EF03AFD3E
:10DE0800044A4FF0FF331550A6E76D42F6E769253F
:10DE1800F4E700BF0C000000F0B51546028C85B091
:10DE2800012A25D10024436ACDE90244C3B108235D
:10DE38000E4601AA0DEB030101930BF005FD002826
:10DE4800B8BF43420DDB019F2A683046BA4228BF5B
:10DE58003A4602A91EF096FA20462F6005B0F0BD9A
:10DE680016231EF007FD054A13504FF0FF30F5E763
:10DE78001EF000FD1622014B1A50F6E70C000000B8
:10DE880010B582B004460AF0D5FD031E14DBDCB1E0
:10DE9800B4F89030C3F38113023B012B02D9002060
:10DEA80002B010BD63680022009320460023074992
:10DEB8000BF0ACFA031EF2DA1EF0DCFC044A5B42FB
:10DEC80013504FF0FF30EBE7FFF75AFDD9D70400A6
:10DED8000C00000010B582B048B30021B0F89030B3
:10DEE8000446C3F34103032B4FF000024FF0000335
:10DEF800009111D00BF08AFA0422E36D20461343F7
:10DF0800E3656260FFF74CFD20460AF063FD031EDF
:10DF180005DB184602B010BD0BF0A4F9ECE71EF0C3
:10DF2800A9FC044A594211504FF0FF33F1E7FFF7BB
:10DF38002FFD00BF0C000000FFF7CCBF10B582B06A
:10DF480029BB044668B3B0F890200023C2F341020D
:10DF5800032A00914FF000020DD00BF057FA031E70
:10DF68000DDBE36D204643F00103E365FFF718FD81
:10DF7800002002B010BD0BF075F9031EF1DA1EF097
:10DF880079FC094A5B4213504FF0FF30F1E74B1E12
:10DF98001EF070FC012B94BF86221622024B1A50E9
:10DFA800F2E7FFF7F5FC00BF0C000000FFF7C6BF63
:10DFB8002DE9F04385B0002870D0B0F890301646AF
:10DFC800C3F38112032A044662D0C3F34103022B30
:10DFD8001BD0012BC76D51D017F002070D4618D181
:10DFE800012A4FF4C0384FF00009636819D0029332
:10DFF80032463B4629462046CDE900890BF03CF8DD
:10E00800031E35DBE36DDB0728D5002005B0BDE82E
:10E01800F083012A4FF000084FF00009204F636891
:10E02800E5D100932046002200231E490BF0EEF9AB
:10E0380000280BDBCDE90089204664683B46324660
:10E04800294602940BF018F80028DEDA43421EF045
:10E0580011FC154A13504FF0FF30D7E765680023CD
:10E06800002220460F4900950BF0D0F9031ECCDAA8
:10E078001EF000FC0C4A5B421350ECE71EF0FAFB62
:10E088007A0753BF7822084B6268074B1A50E2E7B9
:10E098001EF0F0FB5F22044B1A50DCE7FFF770FC20
:10E0A80005DA0400D9D704000C000000FFF780BF90
:10E0B80010B582B010B3B0F890300446C3F38113A2
:10E0C800032B19D00AF09EFD00280DDB0022002347
:10E0D80020460B4900940BF0C5F80028A8BF002281
:10E0E80002DB104602B010BD43421EF0C3FB0549D7
:10E0F8004FF0FF320B50F4E75F23F6E7FFF740FCE1
:10E108002DDA04000C000000FFF7D2BF2DE9F04F14
:10E118000A244FF0FF3A4FF0FF3B91B016465A06DB
:10E128000D940D460446CDE90EABDDF8688003D4A6
:10E13800C36D13F0020359D0002200230DF1280902
:10E148004846CDE90E231BF0B5FEDDE90AABDDE953
:10E158000E2348461BF0AEFEDDE90A12E36DCDE959
:10E168000812DB0751D5CDE906AB63680DAFB8F1EE
:10E17800000F2ED0DDE90EAB0493002301931B9B07
:10E1880029460093324643462046CDE902AB0BF0C0
:10E1980013F9014600290BDADDE90EABDDE90623A8
:10E1A8002046CDE900AB0297FFF77CFD011E03DA9C
:10E1B800084611B0BDE8F08FDDE9082348461BF09A
:10E1C800A9FEDDE90A23CDE90E236368B8F1000F43
:10E1D800D0D1DDE90EAB29460293324643462046AC
:10E1E800CDE900AB0BF082F80146D3E705210EAA72
:10E1F8000DF128090BF078FA48464FF4A0220023C5
:10E208001BF058FEDDE90AABA1E7636820460093DE
:10E218000022002306490BF0F9F8031EA3DA1EF0CA
:10E2280029FB044A5B424FF0FF311350C0E700BF9F
:10E23800D9D704000C000000FFF768BF002300B521
:10E2480083B0CDE90033FFF761FF03B05DF804FB4D
:10E258000A232DE9F04F4FF0FF344FF0FF358DB012
:10E2680009935306CDE90A450F461546044603D4DB
:10E27800C36D13F002033ED0002200230DF1180AEB
:10E288005046CDE90A231BF015FEDDE90689DDE9D4
:10E298000A234FF0000B50461BF00CFEDDE9062365
:10E2A800CDE9042309AEDDE90A012A46CDE90001DA
:10E2B800002339462046CDF808B00BF057F8011E68
:10E2C8000BDADDE90A232046CDE90023029642460F
:10E2D8004B46FFF7E7FC011E03DA08460DB0BDE820
:10E2E800F08FDDE9042350461BF014FEDDE9062318
:10E2F800CDE90A23D7E705210AAA0DF1180A0BF080
:10E30800F3F94FF4A022002350461BF0D3FDDDE9BA
:10E318000689BCE7FFF79CBFD0F88430A3B110B5DD
:10E328000446036E0BB1002010BDD1E90023D0F8DC
:10E3380084107C3019F0A8FE0028F5DBE36D5B073C
:10E34800F1D56068404210BD6FF01500704700BFFE
:10E35800F0B583B0002800F0A580B0F890300446EE
:10E36800C3F38113032B74D0C36D5E0765D49D0777
:10E378000F4616463BD5002204F16000002319F031
:10E388003BF8044600285ED00EF00AFEFEF7A4FB18
:10E39800051E4BDB04F1600019F0A6F818B190F8DF
:10E3A800373099075BD4B4F890305A0535D423F444
:10E3B8000073A4F8903087B17EB132683846082AD5
:10E3C80028BF082204F128011DF0DCFF238D012B52
:10E3D80020D0022B56D1182333604FF440432146F6
:10E3E8002846314AFEF7C0FB284603B0F0BD4FF07F
:10E3F800FF334FF0FF326946CDE90023FFF78CFF6A
:10E40800031EB8DA1EF036FA284A5B4213504FF062
:10E41800FF35E9E708233360DFE71EF02BFA7121A7
:10E428000346224A2846D150FEF7C4FB2046FFF790
:10E43800B7FA20460AF0CEFAE9E71EF01BFA1B4BA2
:10E4480062681A50E3E71EF015FA0B22174B1A50B0
:10E45800DDE71EF00FFA5F22144B1A50D7E7E36D81
:10E46800284643F00103E365FEF7A4FB2046FFF7C7
:10E4780097FA20460AF0AEFA1EF0FCF971220B4B0F
:10E488001A50C4E72846FEF795FB1EF0F3F98621DB
:10E498000346064A2046D150FFF782FA20460AF082
:10E4A80099FAB4E7FFF76CFA580C07000C00000063
:10E4B800FFF74EBF2DE9F04F164699464FF0FF3251
:10E4C8004FF0FF338FB0CDE90423189B04465F0655
:10E4D8008846199D04D4C36D13F0020300F0F1803F
:10E4E80000221346CDE90422189904F1600711F0BF
:10E4F800020A18D0002104200C91CDE909110D97CA
:10E508008DF831000B91012109A81CF03DF900F1AB
:10E518000B020B2A034640F213811EF0ABF99F4A07
:10E528005B421350A9E0DDE90423384618F064FF84
:10E538000746002F00F01F81FB6802933B69019397
:10E54800002D62D01A9B002B5FD03846B4F88EB0ED
:10E558001C680BF0F9FE97F83730C3F302132B80D1
:10E5680097F83730C3F30213012B40F0F6800022EE
:10E578001423072CCDE9092340F2ED80384609A978
:10E588000CF036F9044620B138460A990BF0E2FE41
:10E5980078B16923029AFA60019A3A611EF06AF921
:10E5A8007E4A1350BAF1000F67D138460BF0EEFBE4
:10E5B80063E0384697F83A100BF0CCFE0028E8D113
:10E5C800E3686B605FFA8BF3112B00F0DA80062B9F
:10E5D80040F0C38009AB07931423384607A9089372
:10E5E8000CF006F903460028D3D01B886B80029BE9
:10E5F800FB60019B3B612B88012B00F0B080022B54
:10E6080040F0B78018231A9A1360B8F1000F00F091
:10E618008680D8F80C30002B00F0A580D8F8083098
:10E62800002B00F0A08038460CF006F848458346D9
:10E6380028BFCB460546BBF1000F24D05C46002618
:10E6480003900EE05B683846A34228BF23461A466B
:10E658001D460BF097FE002870D1A54208D8641B10
:10E6680010D0D8F808309959334408360029E9D130
:10E678001EF000F91622494B1A504FF0FF300FB028
:10E68800BDE8F08F039D4D4505D9D8F8183043F003
:10E698002003C8F81830D8F8100000B3D8F81430A0
:10E6A80033BBBAF1000F1FD0029BFB60019B3B619B
:10E6B800189B13F0200F0CBF584628460FB0BDE832
:10E6C800F08F042104AA0BF00FF8204604A9FFF7E5
:10E6D80023FE031EFFF621AFDDE9042304E7C8F893
:10E6E8001400BAF1000FDFD138460BF04FFBDFE71B
:10E6F8000F2B4FF000060FD900EB030C0168CA1D61
:10E7080022F007031033034422F0070221B16345C6
:10E718000E4401D81044F1E7C8F81460C1E7384640
:10E728000BF08AFF0546A94528BFA9463146384659
:10E738004A46CB460BF026FE0028B2D069232DE7C7
:10E74800174941FA02F2D1073FF5E7AE384618F00B
:10E75800C3FE0746EDE616231CE786231AE70823BF
:10E768001A9A136051E71EF085F80C220B4B1A50C9
:10E7780083E7862312E71EF07DF80B22074B1A5019
:10E788007BE7082338460A9309A907AB09930CF0DD
:10E798002FF8034600287FF428AFFAE60C000000A3
:10E7A8007EF7FFFF2DE9F04F17461C464FF0FF326A
:10E7B8004FF0FF338FB0CDE90A23DDF860900028D1
:10E7C80000F0C480B0F890300546DE0740F1BA800A
:10E7D800C3F34103022B18BF80237FD119F0400FE8
:10E7E8000E460BD1C36D9A0708D413F0050300F049
:10E7F800A1804CB920460FB0BDE8F08F002200235D
:10E80800CDE90A23002CF5D0DDE90A23CDE90C2354
:10E8180009F48073CDE9077403930EB1002F7AD001
:10E82800DDE90C230024274604A81BF043FBDDE99F
:10E838000423CDE90023EB6D13F0040173D1DB074A
:10E8480076D4DDE90CA85AEA080340D1002E4CD052
:10E858004B46284609AA07A9FEF724FF074450EAB1
:10E86800070302D15AEA080352D0B168089A51F84E
:10E878003430121A0344099807930892E3000028D9
:10E888003BD1F0680134844211D00833C818CB5802
:10E898004168079309910BB10029D9D19346DDE965
:10E8A80000230CA81BF036FBBBF1000FC3D1384680
:10E8B80027EAE774002810DB19F0020F9AD12146E5
:10E8C80028460AF04FFE20460FB0BDE8F08F2846D4
:10E8D8000CA9FFF721FD0028B8DA43421DF0CAFF52
:10E8E8001D4A4FF0FF34135084E74B46284608AAC8
:10E8F80007A9FEF7D7FE30B10744039B002BD6D0FB
:10E90800DDF820B0CBE7002FF7D15AEA0808F4D198
:10E918006FF00A00E1E7F368B3B1B3681A685B689F
:10E92800079209937CE76868404220EAE074C1E7EF
:10E938000C46C1E704210AAA0AF0D6FE002C3FF4CF
:10E9480059AF61E70923C9E71623C7E740F2C111A8
:10E958000248F5F759F900BF0C000000E80B070062
:10E96800F0B585B0DDE90A67F8B11D461446B0F880
:10E9780090307AB1C3F381130A46991E01290CD944
:10E98800012B14D1234600210A9505B0BDE8F040BB
:10E99800FFF708BF104605B0F0BD234600210297D7
:10E9A80001960095FFF786FDF5E7FEF7E9FF40F2CF
:10E9B80027610148F5F728F91C0C070000B585B058
:10E9C800F8B113460A46B0F890107BB1C1F3811133
:10E9D800A1F1020CBCF1010F0CD9012913D10021BE
:10E9E8000091FFF7DFFE05B05DF804FB184605B09F
:10E9F8005DF804FB0021CDE901110091FFF75AFDF4
:10EA0800F1E7FEF7BDFF40F227610148F5F7FCF892
:10EA18001C0C070070B584B0002838D0B0F89030CE
:10EA28001646C3F38112154639B38C686CB3CB68AC
:10EA380053B104EBC30EA4460023DCF804400CF1E8
:10EA4800080CE6452344F8D1023D012D09D9012AD5
:10EA58001FD100220096FFF7A5FE0346184604B012
:10EA680070BD0A1D02920A68009601920022FFF703
:10EA780021FD0346184604B070BD16221DF0FAFEAB
:10EA880006494FF0FF330A50E8E70C22F6E7FEF795
:10EA980077FF40F249610248F5F7B6F80C0000002C
:10EAA8001C0C0700FFF7B6BFF0B50C4683B0062C68
:10EAB80011461D46089F4CD02EDC002C52D0012C4C
:10EAC80031D1911E25292ED8DFE811F0F300E80096
:10EAD800FB002D002D002D002D002D002D002D00F8
:10EAE8002D002D002D0010012D002D002D002D00D2
:10EAF8002D002D002D002D002D002D002D002D00A6
:10EB08002D002D002D002D002D002D002D002D0095
:10EB18002D002D000A010101292C04D1132A7DD0D2
:10EB28000BDD432A68D06D231DF0A4FE4FF0FF32A1
:10EB380080490B50104603B0F0BD102A65D0122A48
:10EB4800F1D13B462A460E210AF0CEFD00285ADABA
:10EB580062E0012AE7D13B462A4603B0BDE8F0400F
:10EB680011F090B9511E2129DDD801A353F821F0E5
:10EB780065EC040075EC04002FEB04002FEB040097
:10EB88002FEB04002FEB04002FEB04002FEB040005
:10EB98002FEB04002FEB04002FEB04002FEB0400F5
:10EBA8002FEB040085EC04002FEB04002FEB04008E
:10EBB8002FEB04002FEB04002FEB04002FEB0400D5
:10EBC8002FEB04002FEB04002FEB04002FEB0400C5
:10EBD8002FEB04002FEB04002FEB04002FEB0400B5
:10EBE8002FEB04002FEB04002FEB040035EC04009E
:10EBF80095EC040055EC04003B462A4608210AF02F
:10EC080073FD002808DB002294E73B462A460F21C3
:10EC18000AF06AFD0028F6DA434285E73B462A46B1
:10EC280016210AF061FD0028EDDAF5E700287CD00E
:10EC3800B0F89030C3F3C203012B70D104233A68B3
:10EC480001930DB19A4259D016236DE73B462A46E7
:10EC580017210AF049FD0028D5DADDE73B462A46A8
:10EC680008210AF041FD0028CDDAD5E73B462A46BF
:10EC780010210AF039FD0028C5DACDE73B462A46BF
:10EC880014210AF031FD0028BDDAC5E73B462A46C3
:10EC98000D210AF029FD0028B5DABDE7002846D085
:10ECA8003A68B0F89030042AC3F38113CCD12B60B2
:10ECB800A9E73B462A4609210AF016FD0028A2DAF0
:10ECC800AAE73B68042BBFD143682B609BE73B68EE
:10ECD800042BB9D148B3B0F89030C3F3C203E6E7C8
:10ECE8003A68B0F88E30042AE1D0ADE73B462A46B0
:10ECF8000A210AF0F9FC002885DA8DE76B44132114
:10ED08006A460AF0F1FC031E0BDB009808B928607C
:10ED180079E707F069FA30B143682B6073E76A2333
:10ED280002E75B4200E70223FEE6FEF75FFEFEF71E
:10ED380027FE00BF0C000000FFF7B6BEF0B50C467A
:10ED480083B0062C11461E46089F52D0054614DC97
:10ED5800002C57D0012C17D1911E172914D8DFE8A1
:10ED680001F03D131313131313131313134413C98F
:10ED7800131313131313131313D2292C04D11A2AA0
:10ED88000CDD432A00F08C806D231DF073FD4FF0DD
:10ED9800FF34A94A1350204603B0F0BD0F2AF3DD13
:10EDA800A2F110010A29EFD801A353F821F000BFFE
:10EDB800BBEE0400CBEE0400DBEE0400EBEE040037
:10EDC80091ED040091ED040091ED040091ED040033
:10EDD80091ED040091ED0400F3ED04003B4632464A
:10EDE80009210AF0D5FB002861DB0024204603B086
:10EDF800F0BD012AC8D13B46324603B0BDE8F04019
:10EE080011F000B8511E2329BED801A353F821F0F0
:10EE180039EF04004BEF040091ED040091ED04007C
:10EE280091ED040091ED040091ED040091ED0400D2
:10EE380091ED040091ED040091ED040091ED0400C2
:10EE480091ED040091ED040091ED040091ED0400B2
:10EE580091ED040091ED040091ED040091ED0400A2
:10EE680091ED040091ED040091ED040091ED040092
:10EE780091ED040091ED040091ED040091ED040082
:10EE880091ED040091ED040091ED04005DEF0400A4
:10EE98009DEF0400AFEF0400C1EF040027EF04006A
:10EEA8003B46324608210AF073FB00289DDA4342AC
:10EEB8006BE73B4632460F210AF06AFB002894DADA
:10EEC800F5E73B46324613210AF062FB00288CDA4C
:10EED800EDE73B4632460E210AF05AFB002884DA59
:10EEE800E5E73B46324616210AF052FB0028BFF6FA
:10EEF8007CAFDCE73B4632460A210AF049FB002892
:10EF0800BFF673AFD3E7002800F09480B0F89020E4
:10EF1800C2F3C203013B012B50D96A2335E7002312
:10EF28003A463146284603B0BDE8F040FEF79EBC9D
:10EF38003B46324608210AF02BFB0028BFF655AFA6
:10EF4800B5E73B46324610210AF022FB0028BFF6FF
:10EF58004CAFACE700230093002E67D00C2F4ED0A7
:10EF6800082F63D17368002B55D100210423019128
:10EF78000DEB0302284613210AF00AFB0028B8BF4C
:10EF88004342BFF608AF1DF075FC2B4A4FF0FF3423
:10EF9800135000E73B4632460D210AF0F9FA0028E3
:10EFA800BFF623AF83E73B46324617210AF0F0FA53
:10EFB8000028BFF61AAF7AE70123B1E7D7B19EB3AD
:10EFC8003378BBB1082F2FD1304608F081FA031EE1
:10EFD800B8BF5B42FFF6D9AE06F094FE40B3B5F871
:10EFE800903043F40063A5F8903008F08BF885F86A
:10EFF8009200FAE622F40062A5F89020F5E6B068DF
:10F008000028AFD006F07EFE00900028ADD008F0B2
:10F0180079F80146AAE76946301D07F085F9022309
:10F028000028B0D00098F0E71623AEE61623AAE72A
:10F038001323AAE6FEF7DAFC0C000000FFF77EBEF9
:10F0480010B5034682B0B0B31446B3F89020084612
:10F05800C2F3811103292CD048B344B312F4807F42
:10F068001DD0012917D0198D012920D12268B3F8A4
:10F078002AC0082ADB6A28BF0822ADF800106946B2
:10F088000193ADF802C01DF07DF90822002322602B
:10F09800184602B010BDC2F34102022AE3D0802212
:10F0A8001DF0E8FB05494FF0FF330A50F0E7162240
:10F0B800F6E75F22F4E7FEF763FC00BF0C000000F0
:10F0C800FFF7BEBF024B186808B1024B18787047AB
:10F0D80098890120A596012010B5084C24682CB108
:10F0E80024683CB1A446BDE8104060473921044873
:10F0F800F4F78AFD3A210248F4F786FD9889012041
:10F108009C0C070010B5084B1B6823B15B6833B132
:10F11800BDE81040184741210448F4F775FD422125
:10F128000248F4F771FD00BF988901209C0C070084
:10F1380030B5054683B0F1B108460C460A2201A94C
:10F148001BF0C0FE019B1B781BB9FF280AD803B02F
:10F1580030BDBDB1224628461149F9F783FB6FF04F
:10F168000100F4E79DB102460E492846F9F77AFBFB
:10F178006FF02100EBE778B10B49F9F773FB6FF0FB
:10F188001500E4E721460648F4F70EFDE7E70146D7
:10F198000448F4F709FDEBE70348F4F705FDEEE74B
:10F1A800F80C07000C0D0700D80C070004289ABFBC
:10F1B800024B53F820000248704700BF400E07007A
:10F1C800200D07000130C0B203289ABF024B53F844
:10F1D80020000248704700BF300E0700300D0700BE
:10F1E8002DE9F043058C83B0012D0E461746DDF856
:10F1F800288015D065B1032D34D0042D3AD011469E
:10F208002B4630461F4A03B0BDE8F0431BF02EBE24
:10F21800114630461C4A03B0BDE8F0431BF026BE39
:10F228000446416A2846994608F026FC628C034643
:10F2380052BA92B2394600923046144A1BF016FE72
:10F2480004F12C01284608F017FC414603464846BD
:10F25800648D0E4A64BAA4B20A9403B0BDE8F043C0
:10F268001BF004BE11463046094A03B0BDE8F0431E
:10F278001BF0FCBD11463046064A03B0BDE8F0431A
:10F288001BF0F4BD680D0700480D0700400D07008E
:10F29800540D0700600D070028B103681BB10B4A25
:10F2A8005868904204D009B1094B0B60094870476F
:10F2B8009B689B7E012B04D009B1074B0B60074864
:10F2C800704709B1064B0B6006487047287001204B
:10F2D800A40D0700880D0700980D07007C0D070096
:10F2E8009C0D0700740D07000020704708B530B169
:10F2F800064B074A0749F9F773FA002008BD034A85
:10F3080003490448F4F750FC002008BD680E0700C4
:10F318007C0E07009C0E07002DE9F041D1E900851D
:10F328002F68044682B047BBB8F1000F44D040466E
:10F338002449F9F765FA2F68A06807F0E3FE182357
:10F3480006460621204A04F1100008F01BFA02467E
:10F3580004F10C010120144608F08EFB01463346E7
:10F36800CDE900413A4640461849F9F749FA2B6871
:10F3780001332B6002B0BDE8F081B8F1000FDBD19A
:10F38800A06807F0BFFE104A06461823062104F1BC
:10F39800100008F0F7F9034604F10C0101201C469F
:10F3A80008F06AFB84463246394623460748CDF8BA
:10F3B80000C0F4F7F9FBDAE70248F4F7F5FB2F6829
:10F3C800DEE700BFE80E07009C890120140F070044
:10F3D80008B538B10749F9F713FA002005F068FFB6
:10F3E800002008BD0348F4F7DFFB002005F060FFAC
:10F3F800002008BD300F070053680BB1002070478C
:10F4080010B5044684B001AA094802A9CDE901341F
:10F41800039205F0F3FF20B934B120460549F9F706
:10F42800EFF9002004B010BD0248F4F7BDFBF8E77F
:10F4380021F30400480F070008B530B1064B074A0E
:10F448000749F9F7CDF9002008BD034A03490448E4
:10F45800F4F7AAFB002008BDE40F0700FC0F070023
:10F468009C0E070008B530B1064B074A0749F9F763
:10F47800B7F9002008BD034A03490448F4F794FB90
:10F48800002008BDE40F0700FC0F07009C0E0700D2
:10F4980008B530B1064B074A0749F9F7A1F900202A
:10F4A80008BD034A03490448F4F77EFB002008BD61
:10F4B800E40F0700FC0F07009C0E070008B530B1E9
:10F4C800064B074A0749F9F78BF9002008BD034A9C
:10F4D80003490448F4F768FB002008BDE40F07005F
:10F4E800FC0F07009C0E070008B530B1064B074A11
:10F4F8000749F9F775F9002008BD034A034904488C
:10F50800F4F752FB002008BDE40F0700FC0F0700CA
:10F518009C0E0700002330B585B0044601930028EF
:10F528003AD0374902ADF9F76BF901AB29463548AE
:10F53800CDE902430AF0B8F9019B1BB920463249CC
:10F54800F9F75EF920463149F9F75AF900232946B7
:10F558002F4801930CF074F8019B1BB920462D49E4
:10F56800F9F74EF920462C49F9F74AF900232946BC
:10F578002A4801930DF09AFF019B43B12046284B7E
:10F58800284A2949F9F72CF9002005B030BD204652
:10F598002649F9F735F9F1E7194802ADF4F704FB04
:10F5A80001AB29461748CDE902430AF07DF9019BD2
:10F5B80013B91548F4F7F8FA1448F4F7F5FA0023E4
:10F5C8002946134801930CF03BF8019B13B91148E5
:10F5D800F4F7EAFA1048F4F7E7FA002329460F4847
:10F5E80001930DF063FF019B13B91048F4F7DCFA9F
:10F5F8000B4A0C490C48F4F7D7FA002005B030BD87
:10F60800B4120700F1F70400F81207000813070006
:10F61800E1F60400541307007413070039F60400D8
:10F62800D8130700E81307009C0E0700C41307004F
:10F638002DE9F04F89B00446D1E900870DF06EFF3F
:10F648008146B8F1000F27D0D4F804A0D4F880324E
:10F6580094F87002BAF82250BAF82A60D4F874B252
:10F66800079310F049FC0146079B6DBA76BAADB214
:10F67800B6B2CDE902B30591534622464046CDE9DC
:10F6880000561449CDF81090F9F7BAF83B680133E1
:10F698003B6009B0BDE8F08FD4F8048094F870029C
:10F6A800B8F82250B8F82A60D4F874A2D4F880B216
:10F6B80010F022FC6DBA76BAADB2B6B204902B4601
:10F6C80042462146CDE902B9CDE9006A0148F4F77E
:10F6D8006BFADBE70814070000232DE9F04F858952
:10F6E80091B0012D0E930446D1E90096CDE90A3375
:10F6F800CDE90C33CDF83B3040D00DF11008002D8A
:10F7080034D0032D5ED02B4617214046314A1BF0DA
:10F71800ADFBA5890DF1280A37682846D4F814B03E
:10F72800218C0137B9F1000F13D007F0FDFF014616
:10F73800234601913A464846CDE9028A2649CDF842
:10F7480000B0F9F75DF833680133336011B0BDE8F4
:10F75800F08F07F0E9FF05465B4622463946CDE9BA
:10F76800018A1D480095F4F71FFAECE743461B4A47
:10F778000DF1280A07CA03C31A80CDE700F110016A
:10F78800284608F079F9E2890DF1100852BA92B2C8
:10F798000346172100924046114A1BF067FB284692
:10F7A80004F1080108F068F9E2880DF1280A52BA54
:10F7B80092B20346009217215046094A1BF056FBA5
:10F7C800A589A9E74346074A0DF1280A07CA03C3D2
:10F7D8001A80A1E7680D070030140700480D0700DC
:10F7E800400D0700540D07001722F0B58C46002580
:10F7F80093B000920CAB06A91095CDE90C55CDE954
:10F808000E55CDF843500446DCE90065FFF7E8FCE7
:10F81800002E4CD02A68571C002C00F08D8094F9DB
:10F82800920006F06FFA07F06DFCB4F890300146CC
:10F83800C3F3C20CBCF1020F2CD0BCF1010FC3F30F
:10F84800811314BF20223422022B29D0012B6FD020
:10F85800032B14BF20205220B4F88E30112B24D053
:10F86800062B14BF202354230DF1300CCDF814C0FF
:10F878000DF1180CCDE90120CDE9033C0091234698
:10F888003A4630462F49F8F7BBFF2B6801332B6007
:10F8980013B0F0BDC3F38113022B4FF03602D5D15C
:10F8A800B4F88E304420112BDAD15523DCE72968CF
:10F8B8004F1C002C40D094F9920006F023FA07F070
:10F8C80021FCB4F890200346C2F3C206022E22D0CF
:10F8D800012EC2F3811214BF20203420022A20D026
:10F8E800012A27D0032A14BF20215221B4F88E20E0
:10F8F800112A1BD0062A14BF202254220CAE0496CB
:10F9080006AECDE9022601910090224639460D48FF
:10F91800F4F74AF9B9E7C2F38112022A4FF0360028
:10F92800DED1B4F88E204421112AE3D15522E5E72F
:10F93800532091E75321D9E740F2F2210248F4F726
:10F9480063F900BF4C140700E80B070008B530B195
:10F95800064B074A0749F8F743FF002008BD034A4A
:10F9680003490448F4F720F9002008BDAC14070047
:10F97800B41407009C0E070008B530B1064B074ABF
:10F988000749F8F72DFF002008BD034A034904483A
:10F99800F4F70AF9002008BDC8140700D8140700B6
:10F9A8009C0E070008B530B1064B074A0749F8F71F
:10F9B80017FF002008BD034A03490448F4F7F4F888
:10F9C800002008BDAC140700B41407009C0E070003
:10F9D80008B530B1064B074A0749F8F701FF002080
:10F9E80008BD034A03490448F4F7DEF8002008BDBF
:10F9F800C8140700D81407009C0E070008B530B1DA
:10FA0800064B074A0749F8F7EBFE002008BD034AF2
:10FA180003490448F4F7C8F8002008BDC8140700D3
:10FA2800D81407009C0E070008B530B1064B074AEA
:10FA38000749F8F7D5FE002008BD034A03490448E2
:10FA4800F4F7B2F8002008BD1019070018190700CC
:10FA58009C0E070008B530B1064B074A0749F8F76E
:10FA6800BFFE002008BD034A03490448F4F79CF888
:10FA7800002008BD10190700181907009C0E070080
:10FA880008B520B10449F8F7ABFE002008BD0248CC
:10FA9800F4F78AF8002008BDD01A070008B520B18D
:10FAA8000449F8F79DFE002008BD0248F4F77CF8E9
:10FAB800002008BD181B070008B530B1064B074ADF
:10FAC8000749F8F78DFE002008BD034A034904489A
:10FAD800F4F76AF8002008BD5C1B07006C1B0700E0
:10FAE8009C0E070008B520B10449F8F779FE0020FC
:10FAF80008BD0248F4F758F8002008BD181B070095
:10FB080008B520B10449F8F76BFE002008BD02488B
:10FB1800F4F74AF8002008BD181B070008B520B103
:10FB28000449F8F75DFE002008BD0248F4F73CF8E8
:10FB3800002008BD3C1D070008B520B10449F8F7AE
:10FB48004FFE002008BD0248F4F72EF8002008BD3B
:10FB58003C1D070008B520B10449F8F741FE002014
:10FB680008BD0248F4F720F8002008BD3C1D070036
:10FB780008B530B1064B074A0749F8F731FE0020AF
:10FB880008BD034A03490448F4F70EF8002008BDED
:10FB9800501E0700581E07009C0E070008B530B11C
:10FBA800064B074A0749F8F71BFE002008BD034A21
:10FBB80003490448F3F7F8FF002008BD501E07006A
:10FBC800581E07009C0E070008B530B1064B074ABF
:10FBD8000749F8F705FE002008BD034A0349044811
:10FBE800F3F7E2FF002008BD081F07001C1F0700ED
:10FBF8009C0E0700F0B5002787B00C460546CF607D
:10FC080006F080F845B30646002839D0012D2DD1DD
:10FC1800082203A907F0FEFB394630468DF8147018
:10FC2800FFF73AFB01961C4E03AB00901C213046AF
:10FC38001A4A1BF01BF91A4BC4E90163284606F05F
:10FC480061F8C8B101230421164A17481BF00EF9C0
:10FC5800154E266007B0F0BD144E114BC4E9016380
:10FC6800284606F04FF8266007B0F0BD0C4BC4E9F3
:10FC78000173284606F046F80026266007B0F0BD56
:10FC8800074BC4E90103284606F03CF80028F3D0E6
:10FC9800012DD7D0F0E700BF248A01204C1F0700B0
:10FCA80030D206001C060700208A012040EE06001C
:10FCB80008B528B10549F8F7D5FD6FF0070008BD6C
:10FCC8000248F3F771FF6FF0070008BD5C1F0700DB
:10FCD80070B55568044682B045B12946FFF728FA41
:10FCE800061E25DB06F00EF80546D8B18CB106F0E5
:10FCF800BDF807F007FA124902462046F8F780FDDA
:10FD080010486946CDE9004507F012FA002002B014
:10FD180070BD06F0ABF807F0F5F901460848F3F7AF
:10FD280043FFEDE73CB1324620460749F8F79AFD14
:10FD38006FF00700EBE731460348F3F735FFF7E7C5
:10FD4800D81F0700D9020500B81F07002DE9F04F9A
:10FD58000E4685B0516814468046FFF7E9F9022E31
:10FD680040F2CC80054605F0CDFF002800F0A780C2
:10FD78000368002B00F0A3805A687E4B9A4240F03B
:10FD88009E8004F0BDFC002800F0DE804FF0000CDF
:10FD9800022541F28837E346CDE900C0083421E066
:10FDA80063680A2193F800A0206803AAF9F700FB0A
:10FDB800AAF16809B9FA89F980B2B0F57A7F4FEAF1
:10FDC800591975D050D80A281DD0642841D1B9F1E5
:10FDD800000F0CBF0823042343EA0B0BB54204F1C0
:10FDE80004041AD00135AE42DAD80A21206803AAE1
:10FDF800F9F7DEFA80B2B0F57A7F70D04BD80A28CE
:10FE08004FF00009E1D1C9F102094BEA0909B542ED
:10FE18001FFA89FB04F10404E4D1DDE900CABBF14F
:10FE2800000F7DD0DAF808305FFA8BF15B685FFA73
:10FE38008CF2002B00F09A80BCF1000F04D000294E
:10FE480045D0481E084242D15046984705B0BDE803
:10FE5800F08FA8B948492068F0F7DCF90028009B22
:10FE680008BF01230093B9E740F6C411884219D0AE
:10FE7800B84205D1B9F1000F4AD14BF0800BADE77C
:10FE88000246B8F1000F25D040463C49F8F7EAFC95
:10FE98006FF08500DAE740F6C413984205D04FF0BA
:10FEA8000009E5E7BAF1680F20D04BF0400B95E761
:10FEB800BAF1680F13D1102343EA0B0B8EE7B8F1A0
:10FEC800000F0ED02A4640462D49F8F7CBFC6FF0BC
:10FED8001500BBE701462948F3F766FED8E720235B
:10FEE800EAE729462648F3F75FFEF0E7B8F1000F86
:10FEF80026D040462349F8F7B5FCC9E7B8F1000F0A
:10FF080016D040462049F8F7ADFC6FF007009DE792
:10FF1800B8F1000F10D040461C49F8F7A3FCB7E72A
:10FF2800B8F1000F19D040461949F8F79BFCECE7E7
:10FF38001548F3F739FEE8E71448F3F735FEA7E765
:10FF48001048F3F731FEA3E7B8F1000F09D02A46AD
:10FF580040461049F8F786FCD7E70D48F3F724FE2A
:10FF6800D3E729460B48F3F71FFECEE76FF057009B
:10FF78006CE700BF287001208C200700E0200700F4
:10FF88004020070098200700F01F0700BC2007004A
:10FF9800F820070064200700012938B5044616D95F
:10FFA8005168FFF7C5F8051E29DB05F0ABFE05F023
:10FFB80057FF05F05BFF07F0A5F8854219D19CB102
:10FFC8002A4620461749F8F71BFC002038BD05F0E3
:10FFD8004DFFB8B107F096F80246002CF1D1014662
:10FFE8001048F3F7E1FDF0E729460E48F3F7DCFD8A
:08FFF800EBE76CB12A4620463C
:020000040005F5
:100000000B49F8F733FC6FF0070038BD4CB12046C0
:100010000849F8F72BFCF6E729460548F3F7C8FD31
:10002000F1E70448F3F7C4FDEDE700BF2421070022
:100030003C2107000C21070070B551680646FFF708
:100040007BF8041E1BDB05F061FED8B107F00EF94A
:10005000054668B936B1224630461349F8F7D4FB55
:10006000284670BD21461048F3F7A2FD284670BD12
:100070007EB10346224630460C49F8F7F7FB6FF095
:100080000705EDE75EB1224630460949F8F7EEFB79
:10009000F5E7024621460548F3F78AFDEFE72146DA
:1000A0000348F3F785FDEAE788210700642107008C
:1000B000B81F070070B5002800F09180046805465D
:1000C000002C00F082800C34D4E8AF3F98074A4EF1
:1000D000C3F340046DD44FF0510E30462B68002B13
:1000E00077D00C33D3E8AF3F590707D571460834B2
:1000F000424A1AF0BFFE3019C4F1510E2B68002B92
:1001000067D00C33D3E8AF3F1A0762D571463C4A3B
:100110000E341AF0AFFE2B68002B44D00C33D3E81A
:10012000AF3F9B0606D5C4F151013019354A1AF08C
:10013000A1FE0E342B68002B35D00C33D3E8AF3F33
:10014000580606D5C4F1510130192F4A1AF092FE13
:1001500005342B683BB30C33D3E8AF3F190606D503
:10016000C4F151013019294A1AF084FE05342B6874
:10017000CBB10C33D3E8AF3F1A0506D5C4F151011A
:100180003019234A1AF076FE06342B685BB10C3323
:10019000D3E8AF3FDB0406D5C4F1510130191D4A45
:1001A0001AF068FE07340023344404F8013C124876
:1001B00070BDB446184B4FF0450E0FCBACE80700AE
:1001C0000C2460468CF8003088E70B4E4FF0510E3F
:1001D00030467146114A0B341AF04CFE9BE7512110
:1001E0000E4A0B2404481AF045FE0023024E024832
:1001F000344404F8013C70BDB4890120B0210700EB
:10020000BC210700CC210700DC210700E421070006
:10021000EC210700F4210700A0210700FC210700C2
:1002200070B551680546FEF787FF061E23DB05F013
:100230006DFD88B3036823B10C33D3E8AF3FDA0711
:100240000BD406F0A7FF0446F0B9BDB132462846EC
:100250001D49F8F7D9FA204670BD0368002BF0D08D
:100260000C33D3E8AF3FDB05EBD5E5B1324628468A
:100270001649F8F7FBFA6FF00704ECE7314612482D
:10028000F3F796FC204670BD95B1034632462846EA
:100290000F49F8F7EBFAEEE785B1324628460D49EB
:1002A000F8F7E4FAE7E731460848F3F781FCE2E7BC
:1002B000024631460648F3F77BFCDCE73146054849
:1002C000F3F776FCD7E700BF4C22070008220700AF
:1002D00028220700B81F07002DE9F04F0C46D1E98E
:1002E000006305468BB023B1834202D00BB0BDE85A
:1002F000F08F00230822284607A9CDE907338DF89F
:10030000243007F08BF8002802DD9DF81C3013B96B
:100310003F23ADF81C30284606A9002E00F0B4811A
:10032000FEF7BEFF0746284606F0F0FEB949CDE9C4
:10033000007007AA30462B46F8F766FA3046069A50
:10034000B549F8F761FA002D00F0C2812B68002B47
:1003500000F0E6800C33D3E8AF3FDB0740F1E080EC
:100360002B68002B00F0D9800C33D3E8AF3FD805C1
:1003700040F1D38005F1C8044FF0FF324FF0FF3356
:10038000204616F08DFD2868002800F03383417C5C
:10039000002900F0CE801823A04A1230002E00F071
:1003A000988207F0F3F99E4902463046F8F72CFA96
:1003B000204616F025FE2A6802B1128B9949304674
:1003C000F8F722FA2846FFF775FE974902463046AD
:1003D000F8F71AFA2B68002B00F087811B68002BB6
:1003E00000F083811A6830469049F8F70DFA2868C2
:1003F00008B190F8200006F0C1FE2B680246002BE1
:1004000000F084810C33D3E8AF3F894913F0010F2A
:10041000884B18BF0B462968002900F078810C3101
:10042000D1E8AF1F890540F17281834900913046C0
:100430008249F8F7E9F92B68002B00F01981804A0E
:100440005968914200F06A81D5F8B8400C33D3E87E
:10045000AF3F590640F10C81002C00F00981002EBD
:1004600000F0F981012230467649F8F7CDF9E37EB4
:100470009F0740F14E81211D012007F001FB04F18F
:100480001C010746012007F0FBFA8046207EFEF79C
:1004900091FE054694F91900FEF798FEE17ECDE93C
:1004A0000050694D11F0010F684818BF28464346B7
:1004B00002903A4630466649F8F7A6F902223046DD
:1004C0006449F8F7A1F90025A846DFF88CB1DFF8F8
:1004D0007CA104F12407C5EBC50304EB830999F85B
:1004E0003820D00714D539460120002E00F0FF80B7
:1004F00007F0C6FA99F83830024613F0020F0CBF25
:100500005B46534630465549F8F77EF908F1010835
:100510001C37002D5BD10125DDE7002E00F0D080D7
:1005200030464F49F8F760F96368002B7FF422AF3B
:10053000DCE6204616F064FD002E7FF43CAF29680F
:1005400001B1098B3748F3F733FB2846FFF7B2FDBB
:1005500001463548F3F72CFB2A68002A00F0DB81BE
:100560001268002A00F0D78111683048F3F720FBA9
:10057000286808B190F8200006F000FE2B680146BC
:10058000002B00F0C5810C33D3E8AF3F13F0010F0F
:10059000274B284A18BF1A462B68002B00F0B98158
:1005A0000C33D3E8AF3F9B0540F1B381224B234886
:1005B000F3F7FEFA2B68002B00F08581204A59687A
:1005C00091427FF441AF2748F3F7F2FAAAE0B8F17D
:1005D000000F0AD086B904F15801012007F050FA43
:1005E00001462148F3F7E4FA80E6002E00F09981F5
:1005F00030461E49F8F708F904F15801012007F0C8
:100600003FFA194902463046F8F7FEF80BB0BDE84C
:10061000F08F00BFB4220700D4220700088A01200F
:1006200038230700482307005823070068230700E2
:1006300064220700C83007006822070080230700F3
:1006400028700120782407009822070040EE060059
:100650009C240700B8240700A4220700DC2407001C
:10066000F4220700AC230700E4240700AC240700B1
:10067000002E00F028813046AC4BAD4AAD49F8F76A
:10068000C3F80BB0BDE8F08FFEF70AFE0746284618
:1006900006F03CFD07A900903B46A7482A46F3F721
:1006A00087FA0699A548F3F783FA002D00F01B811D
:1006B0002B682BB10C33D3E8AF3FDF073FF550AECB
:1006C0009F48F3F775FA6368002B7FF453AE0DE68D
:1006D00030469B49F8F788F86368002B3FF406AE74
:1006E00040F207319748F3F793FA974A7BE607F011
:1006F000C7F999F83830014613F0020F934B944A2A
:10070000944818BF1A46F3F753FAFFE6924B934901
:100710008CE630469249F8F777F8CFE630469149B3
:10072000F8F772F82B68002B00F062811868876870
:100730001FB17F690FB1B84707468B4CDFF82C9289
:1007400004F1A80806E049463046F8F75DF8083499
:10075000A0450CD023681F42F9D06268002EF2D168
:10076000114648460834F3F723FAA045F2D128464B
:1007700003F0CAFF0446002E3AD00346002800F0DA
:10078000118102687A493046F8F73EF8A3681B6881
:10079000002B00F0B080204605A99847021EC0F249
:1007A000AC809DF8143013F0300F00F00781714ACF
:1007B00030467149F8F728F89DF814106F4B11F086
:1007C000EA0F6F4A304618BF1A466E49F8F71CF810
:1007D0002B68D5F8B840002B3FF44DAF0C33D3E86D
:1007E000AF3F5B067FF547AF002C7FF43BAE42E79F
:1007F00000285ED0024601685D48F3F7D9F9A36886
:100800001B68002B00F0E88005A920469847011ED0
:10081000C0F2E4809DF8143013F0300F00F0D58062
:1008200054495548F3F7C4F99DF81420534B12F07E
:10083000EA0F5349534818BF1946F3F7B9F92B6823
:10084000D5F8B840002B3ED00C33D3E8AF3F5A0662
:1008500039D5002C37D001214B48F3F7A9F9E37EB5
:100860009D075AD5211D012007F00AF904F11C014A
:100870000746012007F004F98046207EFEF79AFC27
:10088000054694F91900FEF7A1FCE37E009013F0F1
:10089000010F2B462D4D3D4808BF2846424601908A
:1008A00039463B48F3F784F902213A48F3F780F9D7
:1008B00009E6324638492E48F3F77AF92B68D5F81D
:1008C000B840002BC0D1194A19491A48F3F770F9FA
:1008D0000CE506F05BFF01463048F3F769F9204666
:1008E00016F08EFB2BE61648F3F762F96368002BCF
:1008F0007FF4F6AEFAE46FF0570230462849F7F776
:10090000C5FF2B68D5F8B840002B7FF467AFB2E67F
:10091000114A124B4BE60C4927E61148F3F748F908
:10092000C2E70F48F3F744F955E600BF002407007B
:100930000824070010240700B4220700D42207006F
:10094000F4220700082307006022070040EE06009B
:10095000A4220700DC240700C83007006C2207002F
:10096000AC240700AC23070008290700D0230700A8
:10097000D82307007022070050240700A8DD0600D6
:10098000902207006C2407007824070098220700B3
:100990009C240700B8240700F82307003823070029
:1009A000302407003046144A1449F7F72DFF2B680E
:1009B000D5F8B840002B3FF45EAE0FE7104913F0B6
:1009C0000C0F104A18BF0A46F2E60D4A13F00C0F3E
:1009D0000C4918BF114624E76FF057010A48F3F796
:1009E000E7F82B68D5F8B840002B7FF42DAF6AE705
:1009F0009B68FFDE4378FFDEF8230700D82307005B
:100A00007822070084220700302407002DE9F041F6
:100A1000002482B001941C461B6807468B42089E46
:100A200015D252F823800A21404601AAF8F7C4FCE7
:100A3000019DA5B905F06AF9706000B32A462368E4
:100A4000013323602846327002B0BDE8F08168B1FE
:100A50001149F7F71BFF03226FF01505F2E74FB1BD
:100A6000424638460D49F7F711FFF4E70A48F3F715
:100A70009FF8F0E741460948F3F79AF8EBE72FB102
:100A8000424638460649F7F701FFE4E74146044885
:100A9000F3F78EF8DFE700BFB0290700D829070079
:100AA000FC290700F0B587B004AF0E46082239468E
:100AB000044606F0B3FC20B10C4B93E8030087E832
:100AC0000300204606F022FB002105462046FEF7E3
:100AD000E7FB8446302130462B46054A01970094B7
:100AE000CDF808C01AF0C6F907B0F0BD382A0700E3
:100AF000242A070030B505460C468DB06946FFF73D
:100B0000D1FF28460FF0DAFD34B16A462046054988
:100B1000F7F77AFE0DB030BD69460248F3F748F8A2
:100B20000DB030BD402A070030B505460C468DB0EB
:100B30006946FFF7B7FF28460FF0E8FD34B16A4673
:100B400020460549F7F760FE0DB030BD6946024802
:100B5000F3F72EF80DB030BD582A0700F8B51C6821
:100B600006468C4216D252F82470104938461D466B
:100B70001BF04BFC58B138460D491BF046FC48B9F8
:100B800001221444069B2C601A700020F8BD024616
:100B90000134F7E736B130460649F7F777FE6FF0D4
:100BA0001500F8BD0348F3F703F8F8E794F30600DF
:100BB00080F30600702A07002DE9F0470129DDF8CF
:100BC00020903FD9D2F804800C460746464940465B
:100BD00015461E461BF019FC60B3404643491BF006
:100BE00014FC90B34046EFF72BFB98B308F1FF3CA1
:100BF0003F4A604401E060452CD01CF8013F12F8E8
:100C000003E01EF0040AF6D140463A491BF0FDFB12
:100C100050B3404638491BF0F8FBB0BB21460224D4
:100C2000CDF82090346033462A463846BDE8F04778
:100C3000FFF7ECBE02239A463360002089F800A03B
:100C4000BDE8F0874FF0010AF7E702234FF0010AF1
:100C50003360F2E733462A4621463846CDF82090E5
:100C6000BDE8F047FFF7D2BE02239C42336024D098
:100C7000AC68204606F030FC05F048F8C9F80400DE
:100C800008B3336801333360D7E777B138461B497F
:100C90004246F7F7FBFD38461949F7F7B5FD032340
:100CA0006FF0150089F80030CAE741461348F2F7A3
:100CB0007FFF1348F2F77CFFF1E75FB13846114937
:100CC000F7F7E4FDEBE74FB1224638460E49F7F758
:100CD000DDFDE4E70B48F2F76BFFE0E721460A4849
:100CE000F2F766FFDBE700BFA4DD06008C2A0700F1
:100CF000ED6D0700642B0700E42A0700E82A0700CF
:100D00001C2B0700942A0700BC2A070030B50023DB
:100D1000012493B0CDE90343059303238DF81030EC
:100D200004AB009303AB04460D46FFF745FF78B9CB
:100D3000039BAB420FD19DF81030012B17D0022B33
:100D40001BD01BB3002C3CD020462449F7F79EFD56
:100D5000002013B030BD34B120462149F7F796FD8D
:100D6000002013B030BD1E48F2F722FFF0E704B3B5
:100D700020461C49F7F78AFDEAE7F4B120461A49F4
:100D8000F7F742FD012010F00FFAE1E7059D06A9F3
:100D90002846FFF787FEC4B12046144906AAF7F794
:100DA00033FD20461249F7F761FD284606F0F2F9B7
:100DB000CEE70C48F2F7FCFECAE70B48F2F7F8FE64
:100DC000E0E70648F2F7F4FEC2E7084806A9F2F7A2
:100DD000EFFE0748F2F7ECFEE7E700BF182C07002C
:100DE000682B0700782B0700942B0700C02B070007
:100DF000DC2B0700F0B593B005460E460FF0CAFC99
:100E000006A904462846FFF74DFE4FF6FF739C42A5
:100E100008D1002E4CD030463B4906AAF7F7F4FC27
:100E200013B0F0BD28460FF005FE04F0800784469D
:100E300035B12D6825B10C35D5E8AF5F05F001055A
:100E4000620747BF314A3248324A334804F0020150
:100E5000002918BF024604F0010E04F40053002ECE
:100E60002CD02E4C2E490392BCF1000F18BF214606
:100E70002C4C00912C493046002D18BF21462B4C9C
:100E800001912B492B4DBEF1000F18BF21462A4C72
:100E90000291002B18BF2C46284D294B2949002FC1
:100EA00008BF2B4606AA0494F7F7AEFC13B0F0BDBA
:100EB000154806A9F2F77CFE13B0F0BD029219485E
:100EC000194A1D4C002D18BF024618480092184AB6
:100ED00006A9BEF1000F18BF02460192154A194833
:100EE000002B18BF1446164B144A0394002F18BF4A
:100EF0001A460B4C094BBCF1000F08BF2346F2F712
:100F000057FE13B0F0BD00BFA82C0700082407004F
:100F1000342C0700482C0700402C0700642C0700E5
:100F2000602C07006C2C0700782C0700842C07002D
:100F30008C2C07009C2C0700982C0700582C0700CD
:100F4000502C0700C02C070030B50023012487B0C7
:100F5000CDE90343059303238DF8103004AB0093D0
:100F600003AB04460D46FFF727FE68B9039BAB426F
:100F70000DD19DF810305A1E012A1DD9BBB174B194
:100F800020461049F7F782FC002007B030BD54B16D
:100F900020460D49F7F77AFC002007B030BD09481C
:100FA000F2F706FEF0E70848F2F702FEECE721460A
:100FB0000598FFF71FFFE7E72146044806F0BCF855
:100FC000E2E700BF182C0700682B0700F50D0500AD
:100FD00030B50023012493B0CDE9034305930323E7
:100FE0008DF8103004AB009303AB04460D46FFF7B9
:100FF000E3FD78B9039BAB420FD19DF81030012B74
:1010000017D0022B1FD043B3002C40D020462449D8
:10101000F7F73CFC002013B030BD34B12046214925
:10102000F7F734FC002013B030BD1E48F2F7C0FDC6
:10103000F0E70CB320461C49F7F728FC20461B4973
:10104000F7F7E2FBE6E7F4B120461949F7F7DCFBD6
:101050002146184806F070F8DCE7059D06A92846E9
:10106000FFF720FD28460FF029FBA4B120461249C6
:1010700006AAF7F7C9FBCDE70B48F2F799FD0B4835
:10108000F2F796FDC6E70A48F2F792FDE0E704485A
:10109000F2F78EFDBEE7084806A9F2F789FDB9E729
:1010A000182C0700682B0700782B07001C2B070063
:1010B000EC2C0700F50A0500402A070030B5002394
:1010C000012493B0CDE90343059303238DF8103039
:1010D00004AB009303AB04460D46FFF76DFD78B9F2
:1010E000039BAB420FD19DF81030012B17D0022B80
:1010F0001FD043B3002C40D020462449F7F7C6FB4D
:10110000002013B030BD34B120462149F7F7BEFBB3
:10111000002013B030BD1E48F2F74AFDF0E70CB3D3
:1011200020461C49F7F7B2FB20461B49F7F76CFB3A
:10113000E6E7F4B120461949F7F766FB214618485F
:1011400005F0FAFFDCE7059D06A92846FFF7AAFC93
:1011500028460FF0DBFAA4B12046124906AAF7F799
:1011600053FBCDE70B48F2F723FD0B48F2F720FDC8
:10117000C6E70A48F2F71CFDE0E70448F2F718FD5D
:10118000BEE7084806A9F2F713FDB9E7182C0700D7
:10119000682B0700782B07001C2B0700042D070085
:1011A000290B0500582A070030B50023012493B00D
:1011B000CDE90343059303238DF8103004AB00936E
:1011C00003AB04460D46FFF7F7FC78B9039BAB422F
:1011D0000FD19DF81030012B17D0022B1FD03BB33D
:1011E000002C43D020462749F7F750FB002013B0CE
:1011F00030BD34B120462449F7F748FB002013B036
:1012000030BD2148F2F7D4FCF0E724B320461F4953
:10121000F7F73CFB20461E49F7F7F6FAE6E70CB372
:1012200020461C49F7F7F0FA01200FF0D1FFDDE767
:10123000059D06A92846FFF735FCDCB12046164976
:1012400006AAF7F7E1FA20461449F7F70FFB2846FC
:1012500006F00CF8CAE70D48F2F7AAFC0C48F2F7C2
:10126000A7FCC3E70B48F2F7A3FCDDE70548F2F75C
:101270009FFCBBE7084806A9F2F79AFC0748F2F77B
:1012800097FCE4E7182C0700682B0700782B070071
:101290001C2B07001C2D0700482D0700682D070098
:1012A00030B50023012493B0CDE903430593032314
:1012B0008DF8103004AB009303AB04460D46FFF7E6
:1012C0007BFC78B9039BAB420FD19DF81030012B0A
:1012D0002BD0022B33D083B1002C4BD020462C498D
:1012E000F7F7D4FA002013B030BDD4B12046294915
:1012F000F7F7CCFA002013B030BD059D06A92846AB
:10130000FFF7D0FB28460FF095FB08B3002C35D033
:101310002046214906AAF7F777FA28460FF026FB60
:10132000E0E71C48F2F744FCDCE7C4B120461B4967
:10133000F7F7ACFA20461A49F7F766FAD2E7ACB1EC
:1013400020461849F7F760FA01200FF055FFC9E76A
:10135000CCB12046144906AAF7F798FAC2E70F481D
:10136000F2F726FC0E48F2F723FCBBE70D48F2F734
:101370001FFCE9E70648F2F71BFCB3E7064806A99D
:10138000F2F716FCC9E7084806A9F2F711FCA9E72D
:10139000182C0700682B0700242E0700782B070065
:1013A0001C2B0700A82D0700D82D070030B50023FF
:1013B000012493B0CDE90343059303238DF8103046
:1013C00004AB009303AB04460D46FFF7F5FB78B979
:1013D000039BAB420FD19DF81030012B2BD0022B79
:1013E00033D083B1002C4BD020462C49F7F74EFA6E
:1013F000002013B030BDD4B120462949F7F746FA92
:10140000002013B030BD059D06A92846FFF74AFB12
:1014100028460FF00FFB08B3002C35D02046214999
:1014200006AAF7F7F1F928460FF0A4FBE0E71C48FD
:10143000F2F7BEFBDCE7C4B120461B49F7F726FAFA
:1014400020461A49F7F7E0F9D2E7ACB1204618492F
:10145000F7F7DAF901200FF0E9FEC9E7CCB1204631
:10146000144906AAF7F712FAC2E70F48F2F7A0FBF1
:101470000E48F2F79DFBBBE70D48F2F799FBE9E751
:101480000648F2F795FBB3E7064806A9F2F790FB8A
:10149000C9E7084806A9F2F78BFBA9E7182C070053
:1014A000682B0700C82E0700782B07001C2B0700AD
:1014B000482E07007C2E07002DE9F043002301246D
:1014C00093B0CDE903438DF80B30059303238DF8DA
:1014D000103004AB009303AB04460D461646FFF7ED
:1014E0006BFB58B99DF81030012B32D0022B25D060
:1014F00043B154B320466D49F7F7C8F9002013B043
:10150000BDE8F0830DF10B020092294632462046D9
:1015100003ABFFF723FB07460028EFD19DF80B90A4
:10152000DDF80C80B9F1010F47D0A84522D0002C7E
:1015300073D020465E49F7F7A9F9DFE7002C38D0D1
:1015400020465C49F7F7A2F9D8E75848F2F730FB94
:10155000D4E744B120465849F7F798F9204657494F
:10156000F7F752F9CAE75448F2F722FB5348F2F76B
:101570001FFBC3E7059D06A92846FFF793FA2846F7
:101580000FF058FA00284CD0B9F1010F50D028467E
:101590000FF0E4FB0346002C5CD04949494D06AAF4
:1015A000002818BF0D46204647490095F7F72CF94B
:1015B000A4E74048F2F7FCFAA0E74545069065D954
:1015C00056F82860414930461AF01FFF0746F8B127
:1015D0003046EEF735FE90B1731E19183C4801E015
:1015E00099420CD013F8012F825C5207F8D4002CDA
:1015F00052D0324620463749F7F748F97EE70A21AC
:10160000304606AAF7F7D8FE069B0746002BEED118
:1016100008F10108CDF80C8087E72548F2F7C8FAF1
:101620006CE71CB320462C4906AAF7F72FF965E7AB
:10163000394628460FF0BEFBECB1214B214D204628
:10164000002F18BF1D4625493B4606AA0095F7F70F
:10165000DBF853E71B481A491A46002B0CBF034618
:101660000B46194806A9F2F7A3FA47E71A4806A954
:10167000F2F79EFA42E71349114B3A46002F08BF92
:101680000B46164806A9F2F793FA37E74CB1204605
:101690001349F7F7FBF831E731460E48F2F788FABD
:1016A0002CE70F48F2F784FA28E700BF182C070050
:1016B000682B0700082F0700782B07001C2B07005A
:1016C000FC2E0700EC2E0700083007008C2A0700CC
:1016D000ED6D0700582F0700742F0700D42F070067
:1016E000302F070000232DE9F04F0324012695B089
:1016F00006ADCDE9063300958DF8133005AB8DF8B6
:1017000018400F46044615460596FFF755FA60B98E
:101710009DF81830B34245D0022B38D04BB1002C85
:101720003CD020469949F7F7B1F8002015B0BDE844
:10173000F08F0DF11302009239462A46204605AB80
:10174000FFF70CFA80460028EFD1DDF814904F45E2
:1017500040F2488155F829A08D4950461AF055FEAF
:101760004FEA890B50B350468A491AF04EFE20B317
:10177000504689491AF049FE002800F0C180002C2B
:1017800069D0524620468549F7F780F8CDE7002C0E
:101790005DD020468249F7F779F8C6E77B48F2F733
:1017A00007FAC2E7002C4BD020467E49F7F76EF8C7
:1017B00020467D49F7F728F8B7E73046DFF8ECA177
:1017C0009DF813300AEBC00009F10102012B0679E4
:1017D000059245D00025BA4206D0002C7FD0204685
:1017E0007349F7F753F8A0E7079F08A93846039312
:1017F000FFF758F938460FF01DF9039B002877D002
:10180000012B38467ED031460FF074FA0546002C85
:1018100000F09480002E00F0FF80012E00F0FB808D
:10182000022E00F0F880634A20466349634C08ABFF
:10183000002D08BF0C4662490094F6F7E5FF74E7F7
:101840005848F2F7B5F95848F2F7B2F96DE754483D
:10185000F2F7AEF969E751465048F2F7A9F964E7A3
:101860009742039340F2EF8005EB0B025568554910
:1018700028461AF0CAFD039B002834D028464F4959
:101880001AF0C3FD039B70B328464F491AF0BDFD03
:10189000039B40B328464D491AF0B7FD039B10B394
:1018A00028464B4903931AF0B0FD039B98B1284694
:1018B00041491AF0AAFD039B68B1284645491AF030
:1018C000A4FD039B38B1284643491AF09EFD039BB3
:1018D000002840F0B88009F1020205927AE7344806
:1018E000F2F766F921E709F102020125059272E794
:1018F000002C34D02046394908AAF6F7C7FF14E770
:1019000002205BE72A4631460FF0B4F8002C2BD0BA
:10191000002E00F08E80012E00F08A80022E00F052
:101920008780244A08AB24490093244B2046002D8D
:1019300008BF0B462A49F6F767FFF6E6002E74D07B
:10194000012E71D0022E6FD01A491B481B4B08AADA
:10195000002D08BF03461A48F2F72AF9E5E61F48AA
:1019600008A9F2F725F9E0E6002E73D0012E70D019
:10197000022E6ED00F491048104A08AB002D08BF48
:1019800002461748F2F714F9CFE600BF182C0700FB
:10199000A4300700B0300700C0300700D030070087
:1019A00040300700782B07001C2B07008435070008
:1019B000682B070038300700A8420700406B07007B
:1019C000AC310700D4E2060080E30600EC300700EB
:1019D000D8E2060060E30600F43007001C3107007F
:1019E0007831070044B320461E49F6F74FFF2046E2
:1019F0001D49F6F709FFDFF874A01D4D5AF838208D
:101A00006CB129462046F6F7FFFE08F10108B8F14F
:101A1000030FF3D189E6B0465AF8382004E711469F
:101A20002846F2F7C5F8F0E7B0465AF838108CE7C8
:101A3000B0465AF8382075E70A48F2F7B9F80A486C
:101A4000F2F7B6F8D7E744B120460A49F6F71EFF89
:101A50006BE6B0465AF838108DE70648F2F7A8F85A
:101A600063E600BF68300700803007008435070058
:101A70009C300700FC30070030B5044683B058B3F3
:101A8000244A2549F6F7C0FE2046244A2449F6F7A1
:101A9000BBFE2046214A2349F6F7B6FE20461F4AE0
:101AA0002149F6F7B1FE204601222049F6F7ACFEA7
:101AB000204601221E49F6F7A7FE022220461D49B4
:101AC000F6F7A2FE002569461B48CDE9004505F062
:101AD00033FB284603B030BD0E490F48F2F768F8D3
:101AE0000E490F48F2F764F80C490E48F2F760F817
:101AF0000A490D48F2F75CF801210C48F2F758F852
:101B000001210B48F2F754F802210A48F2F750F885
:101B1000D8E700BF002407009C350700CC3507003C
:101B2000D835070008360700383607006836070042
:101B3000AC360700F03607003D1B05002DE9F04FDD
:101B40000E680546D0F8B84087B0002E6CD005F07E
:101B5000DDFA05A907462846FDF7A2FB84463A466A
:101B6000304641492B46CDF800C0F6F74DFE3046D1
:101B7000059A3E49F6F748FE002C6BD030463C49AA
:101B8000F6F742FEE37EDFF8EC809B0704F1140ACF
:101B900004F1040902D52588012D02D007B0BDE863
:101BA000F08F207E04F11C070EB3FDF703FB034604
:101BB00094F919001C46FDF709FB8346DAE8AFAF3C
:101BC0004946284605F05CFF0346394628461D462F
:101BD00005F056FF07465B46224641463046CDE9B2
:101BE00000A50297F6F710FE07B0BDE8F08FFDF7ED
:101BF000E1FA064694F91900FDF7E8FA8346DAE8B7
:101C0000AFAF4946284605F03BFF39460446284613
:101C100005F036FF054653465A4631464046CDE963
:101C20000045F1F7C5FFB9E705F070FA05A90746C9
:101C30002846FDF735FB394603462A460A48F1F7A0
:101C4000B7FF05990948F1F7B3FF44B10848F1F728
:101C5000AFFF97E730460849F6F7D6FD9EE70648FE
:101C6000F1F7A6FF9AE700BF343707006037070097
:101C7000BC370700E037070090370700F0B50329AD
:101C8000074683B017D151681446FDF755FA051E73
:101C900015DB04F03BF8064608B3A168012001AA51
:101CA00005F00AFF054668B9304601A904F0A6FB15
:101CB000284603B0F0BD70B11149F6F7E7FD6FF0AB
:101CC0000705F5E7A2688FB138460E49F6F7DEFD45
:101CD0006FF01505ECE70A48F1F76AFFEFE757B137
:101CE0002A4638460849F6F7C1FDE8E71146054897
:101CF000F1F75EFFECE729460348F1F759FFDEE70D
:101D0000F837070030380700B81F07002DE9F04307
:101D10000229804685B040F28F800F4651681546F3
:101D2000FDF70AFAB0F10009C0F29C8003F0EEFF63
:101D30000646002800F08E80A968012002AA05F05E
:101D4000BBFE044600287CD1029901F0F001E02995
:101D500021D0032F15D003460322304602A904F0F8
:101D600071FB80B3E968012003AA05F0A5FEE8B184
:101D7000EA68B8F1000F47D040464349F6F786FDC0
:101D800006E0B8F1000F1AD040464049F6F77EFD54
:101D90006FF0150406E03046224602A90AF0D0FC96
:101DA000051E20DB204605B0BDE8F083304603AABF
:101DB00002A904F0E1FA204605B0BDE8F0833348FB
:101DC000F1F7F6FEE4E7012002A9B8F1000F20D0F8
:101DD00005F056FE4B4602462D494046F6F756FDA5
:101DE0006FF00B04DEE7012002A9B8F1000F18D054
:101DF00005F046FECDE900950346264A40462649B1
:101E0000F6F744FD2C46CDE711461F48F1F7D0FE0A
:101E1000BEE705F035FE4A4601461D48F1F7C8FE0B
:101E2000DEE705F02DFE4B4602461A491A4800959A
:101E3000F1F7BEFE2C46B5E7B8B11849F6F726FD16
:101E4000A6E7AA68B8F1000F13D040461449F6F788
:101E50001DFD9DE7B8F1000F10D04A4640461149DC
:101E6000F6F704FD6FF007049CE70C48F1F7A0FEBD
:101E70008EE711460A48F1F79BFE89E74946094873
:101E8000F1F796FEEEE700BF00390700C038070003
:101E9000D8380700843807008C3807004838070016
:101EA00030380700B81F07002DE9F04103298046AC
:101EB00084B038D151681446FDF73EF9071E59DB4E
:101EC00003F024FF064600284CD0A168012003AA95
:101ED00005F0F2FD054600283BD1039B03F0F0031B
:101EE000E02B09D0304603A904F0C8FE002844D0F6
:101EF000284604B0BDE8F081304603A90AF062FC30
:101F0000041EF5DA012003A9B8F1000F12D005F084
:101F1000B7FDCDE900740346244A40462449F6F74C
:101F2000B5FC2546E4E780B12249F6F7AFFC6FF037
:101F30001505DDE705F0A4FD3B4602461B491C489C
:101F40000094F1F735FE2546D2E71A48F1F730FE46
:101F5000EDE7A268B8F1000F18D040461649F6F731
:101F600095FCE4E7B8F1000F15D03A464046134916
:101F7000F6F77CFC6FF00705BAE7A268B8F1000F2E
:101F80000ED040460E49F6F781FCF3E711460A48A9
:101F9000F1F70EFECBE739460848F1F709FEE9E70D
:101FA00011460748F1F704FEE4E700BF4439070093
:101FB0008C3807001439070030380700B81F0700B5
:101FC0004C39070008B530B1064A0749F6F71CFC42
:101FD0006FF0070008BD03490348F1F7E9FD6FF012
:101FE000070008BDCC350700043B070010B582B0E0
:101FF00048B1094C094B0A4A0A490094F6F7F4FB28
:10200000002002B010BD044B044A05490548F1F711
:10201000CFFD002002B010BD402C0700343B07006C
:10202000443B0700583B070008B530B1064B074A50
:102030000749F6F7D9FB002008BD034A03490448C5
:10204000F1F7B6FD002008BD402C0700343B070027
:102050009C0E070008B530B1064B074A0749F6F752
:10206000C3FB002008BD034A03490448F1F7A0FD63
:10207000002008BD402C0700343B07009C0E0700E1
:1020800010B5044684B0684603AB02AA01A907F064
:10209000CFFE002C2DD0802220462949F6F7B4FB34
:1020A00020462849F6F7B0FB20462749F6F7ACFB57
:1020B000009A204653692549F6F7A6FB019A204667
:1020C00053692349F6F7A0FB029A2046138C214955
:1020D000F6F79AFB039A2046138C1F49F6F794FBF8
:1020E00020461E4B1E4A1F49F6F77EFB002004B017
:1020F00010BD80211248F1F75BFD1248F1F758FD41
:102100001148F1F755FD009910484A69F1F750FD63
:1021100001990F484A69F1F74BFD02990D480A8C65
:10212000F1F746FD03990C480A8CF1F741FD0B4A83
:102130000B490C48F1F73CFD002004B010BD00BF76
:10214000D43D0700F03D0700083E0700203E070091
:102150002C3E0700383E0700483E0700583E070067
:102160006C3E07009C0E070008B520B10449F6F745
:102170003BFB002008BD0248F1F71AFD002008BD16
:10218000BC3E070008B520B10449F6F72DFB00203E
:1021900008BD0248F1F70CFD002008BDBC3E070059
:1021A0002DE9F04F0C46002304258DB0204606A9EA
:1021B000CDE90753CDE90933166806930B9308F070
:1021C0001BFB002800F08C8029460746204608F0BB
:1021D000C5F8204608F034FA032831D80DF120085C
:1021E000414D7288D5F8609052BA92B20120141F06
:1021F00006F10C0106F1100BB9F1000F44D005F007
:102200003FFC59468246012005F03AFC0346CDF8D2
:102210000C80327A484602927988224649BA89B2BD
:10222000CDE9003153463149F6F7EEFA7B886A6E04
:102230005BBA9BB2934242D000200DB0BDE8F08F54
:10224000204605A908F0ACF8002849D112F020F882
:102250000446059BDFF898C0E41AC4F30E03A3FB01
:102260000C3EDB0B059443EA4E43E40B0CFB0433BA
:10227000204D0DF12008A5FB0353102140461E4AB6
:102280009B0C18F0F7FDABE705F0FAFB59468146C9
:10229000012005F0F5FBCDF80880327A2146019245
:1022A0007C88034664BAA4B24A4610480094F1F709
:1022B0007FFC7B886A6E5BBA9BB29342BCD10A48B2
:1022C00015F03EFE0D4808F02FFD0022286E114645
:1022D000F6F790FC08210A4A286EF6F777FAABE782
:1022E0006FF00400A9E700BFA07B0120683F070052
:1022F00000CA9A3B83DE1B435C3F0700D07B012072
:1023000040EE060030B5046883B052F824309D7862
:1023100085B1981C0378302B17D14378782B14D1D2
:102320001021002301AA0193F7F722F8019B73B94A
:1023300003B030BD4FEA840C01348C4207D20460F4
:10234000624450680378302BE7D00A21E9E74FF068
:10235000FF30EDE701232DE9F04F994287B00746A2
:10236000059340F21381002591464FF0FF364FF45C
:102370007A728B464FF004084FF0030A2C46029203
:10238000039659F823100B782D2B40F0C5804B781D
:10239000493B2A2B17D8DFE803F0A91616161616A4
:1023A0001616A01616161616161616161616161643
:1023B000161616169716161616168E1616161616C4
:1023C000167C16162300002F00F0A8800A46384617
:1023D0007349F6F74BFA6FF0070007B0BDE8F08FCE
:1023E0004A46594605A8FFF78DFFB0F5803F804665
:1023F00080F08980059B01335B450593C1D3002C98
:1024000000F0C480DFF89CB178220021584619F012
:10241000E4FF5846644915F087FC029BCBF864A0A2
:10242000CBF86830CBF874608BF87250CBF86070E2
:10243000ABF87080012021460BF1480205F03CFB0F
:1024400000286FD10121594A034600920246ABF899
:1024500044100BF1300008F03BFC0028C0F28180F2
:10246000039803F053FC002863D0CBF85C00002FE6
:102470006CD0224638464E49F6F7C6F93846002257
:102480004C49F6F7B7FB00220023464815F052FDF1
:102490004DE04A46594605A8FFF734FFFF28064697
:1024A000A8D9059B002F56D0384659F82320424919
:1024B000F6F7DCF98FE74A46594605A8FFF722FFF1
:1024C000031E029396DAECE74A46594605A8FFF741
:1024D00019FFB0F1000A8DDAE3E74A46594605A82C
:1024E000FFF710FFFF28054684D9DAE74A46594628
:1024F00005A8FFF707FF031E039304DB03F006FCA8
:1025000000287FF477AF059B59F82320A7B33846FE
:102510002949F6F7ABF95EE70C466BE72048F1F77F
:1025200047FB58E727B338462449F6F79FF90020C0
:1025300053E7BBF84430012B97D10BF1480003F06F
:10254000F3FE002891D103F095FC8EE72146184850
:10255000F1F72EFB92E7184859F82310F1F728FB02
:1025600039E777B13846164A1649F6F77FF9DEE7BC
:102570001248F1F71DFBDAE711460F48F1F718FB97
:1025800029E70F490F48F1F713FBD0E727B1384689
:102590000D49F6F76BF91EE70B48F1F709FB1AE74F
:1025A000AC3F0700A07B012009260500A121050002
:1025B0001C400700CD250500983F07000840070094
:1025C00008240700E03F0700C83F0700C2B10139F7
:1025D0000A4401E0914213D011F8013F032BF9D1D5
:1025E00010B5084C204615F0ABFC04F1300008F0A3
:1025F0009BFB0022206E1146BDE81040F6F7FABAA8
:10260000704700BFA07B012070B5C36E426E0133DE
:1026100093420446056E88B0C36637D823D34FF47F
:102620008032002315F086FC042103A8FAF702FD8E
:102630000022E16E0094ADF80E1094F8721004F1CF
:1026400030068DF81010616F06920591B4F8701085
:102650003046079103ABE16D04F1440208F0B0FB92
:1026600068BB08B070BD4FF4004340F2E730002172
:10267000A26EE2FB03014FF47A720023EDF7B4FD82
:1026800002460B46204615F055FCCDE7A5B328467B
:102690001B49F6F7A9F8204615F052FC04F130006A
:1026A00008F042FB0022206E1146F6F7A3FA08213B
:1026B000144A206E08B0BDE87040F6F787B8B5B18F
:1026C000024611492846F6F7D1F8204615F038FCA5
:1026D000304608F029FB0022206E1146F6F78AFAF0
:1026E0000821084A206EF6F771F808B070BD01465F
:1026F0000548F1F75DFAE8E70148F1F759FACAE74A
:102700002840070040EE0600384007002DE9F04F52
:102710005668144633780546302B87B003D173785A
:10272000782B08BF02363046EDF78AFD04230146B8
:1027300005AA3046F1F714FE002800F0EB80411E98
:1027400000F1E8800022164605AB184410F8013D60
:10275000013993401E434B1C02F10802F6D1002EB2
:1027600000F0D880002305A91A4604A807F060FBF2
:102770000499CB684A699E42896973D3013A01FB87
:10278000023296426ED8F31AB3FBF1F201FB123318
:10279000002B67D1B46806F12008002D00F0AA8054
:1027A000324628466449F6F72FF8D8E8AF3F634928
:1027B00032462846F6F728F82CB328466049F6F743
:1027C00023F8DFF8809104F10C00002D6BD0DFF8C6
:1027D00070A105E028465146F6F716F804F10C0002
:1027E000D8E8AFBF278AFAF735F98446B4F812E083
:1027F00022465B46494628468DE88050F6F704F8A5
:102800006468002CE6D128464F49F5F7FDFF2846BD
:102810004D49F5F7F9FFB468002C67D0237A002BF7
:1028200064D0324628464949F5F7EEFF0026DFF826
:1028300020810DE02346414628463A46F5F7E4FF5D
:10284000228AE1682846F6F7B1F86468002C4DD07A
:1028500037460136002DEDD1224640463946F1F784
:10286000A7F9EDE70599CB684A699E4289690BD3C0
:10287000013A01FB0232964206D8F31AB3FBF1F299
:1028800001FB1233002B85D06268002D49D0284609
:102890003049F5F7FBFF6FF0070028E02848F1F713
:1028A00087F904F10C00D8E8AFBFB4F810A0FAF72C
:1028B000D1F80746B4F812C0214653465A46484656
:1028C000CDE9007CF1F774F96468002CE6D11E486C
:1028D000F1F76EF91C48F1F76BF9B46834B1237A5B
:1028E00023B131461948F1F763F99FE7002007B09B
:1028F000BDE8F08F31461048F1F75AF9D8E8AF2F0C
:102900000E483146F1F754F9002CE0D00C48F1F7AD
:102910004FF956E762684DB128460F49F5F7B6FF03
:10292000B9E711460B48F1F743F9B4E711460A48F5
:10293000F1F73EF9AFE700BF98410700B441070047
:10294000BC410700C0410700F4490700D44107001B
:10295000F84107006C4107003C41070008B530B161
:10296000064B074A0749F5F73FFF002008BD034A19
:1029700003490448F1F71CF9002008BD9042070004
:10298000AC4207009C0E070008B530B1064B074A61
:102990000749F5F729FF002008BD034A0349044809
:1029A000F1F706F9002008BD24430700FC420700A8
:1029B0009C0E070008B530B1064B074A0749F5F7EA
:1029C00013FF002008BD034A03490448F1F7F0F85B
:1029D000002008BD24430700FC4207009C0E0700AE
:1029E00008B530B1064B074A0749F5F7FDFE002050
:1029F00008BD034A03490448F1F7DAF8002008BD8E
:102A0000A8430700AC4307009C0E070008B530B18F
:102A1000064B074A0749F5F7E7FE002008BD034AC1
:102A200003490448F1F7C4F8002008BDA843070093
:102A3000D44307009C0E070008B520B10449F5F700
:102A4000D3FE002008BD0248F1F7B2F8002008BD0F
:102A5000AC44070008B530B1064B074A0749F5F703
:102A6000C3FE002008BD034A03490448F1F7A0F85B
:102A7000002008BD00450700104507009C0E070018
:102A800010B582B048B1094C094B0A4A0A49009472
:102A9000F5F7AAFE002002B010BD044B044A054918
:102AA0000548F1F785F8002002B010BD402C070062
:102AB000343B0700443B07002445070010B582B0B3
:102AC00048B1094C094B0A4A0A490094F5F78CFEB3
:102AD000002002B010BD044B044A05490548F1F737
:102AE00067F8002002B010BD402C0700343B0700FF
:102AF000443B07006C45070010B558B104460A4B2B
:102B00000A4A0B49F5F770FE20460A49F5F76CFEB4
:102B1000002010BD044A05490548F1F749F8054869
:102B2000F1F746F8002010BDAC460700C04607008C
:102B30009C0E0700F04607002DE9F84F00244FF0E7
:102B4000FF3590425D601C7028D9814602F18040BB
:102B5000284493469A464FF00108254E254F01EB35
:102B6000800505E08AF800800BF1010BD94515D9E5
:102B700055F8044F94B131462046EDF74FFB00283D
:102B8000F0D039462046EDF749FB48B94FF0020333
:102B90000BF1010BD9458AF80030E9D8BDE8F88F70
:102BA00020461549EDF73AFB20B94FF003038AF8A8
:102BB0000030D9E720461149EDF730FB18B9012361
:102BC000CAF80430D0E720460D49EDF727FB18B9C5
:102BD0000223CAF80430C7E720460A49EDF71EFB76
:102BE0000028C1D14FF0FF33CAF80430BCE700BF62
:102BF000304707003C470700484707005047070099
:102C000058470700A4DD06008C4630B5054685B060
:102C100002AC60461146234601220095FFF78CFF67
:102C200069460348019404F087FA002005B030BDDE
:102C3000352C0500F0B50D6887B0002800F038810C
:102C4000044605A9002D00F09480FCF729FB0646F8
:102C5000204604F05BFA074633462246284681495F
:102C60000097F5F7D1FD2846059A7F49F5F7CCFD89
:102C7000D4E90F12A36BCDE900212846626B7B4992
:102C8000F5F7C2FDD4E90831E26928460091784998
:102C9000F5F7BAFDD4E90B31A26A284600917549CF
:102CA000F5F7B2FDD4E91231626C28460091724901
:102CB000F5F7AAFDD4E9142328467049F5F7A4FDD9
:102CC000D4E92B31D4F8A820284600916C49F5F7B7
:102CD0009BFD04F198010EC9284600916949F5F75A
:102CE00093FD2846D4F8A4206749F5F78DFDD4E973
:102CF0001623A66ECDE900230296D4E918232846B0
:102D00006249F5F781FDD4E91D31226F2846009113
:102D10005F49F5F779FDD4E91F31D4F88C202846B6
:102D200000915C49F5F770FDD4E9212328465A4902
:102D3000F5F76AFDD4E9242328465849F5F764FDE0
:102D40002846E26E5649F5F75FFDD4E9042328468C
:102D50005449F5F759FDD4E9022328465249F5F7BD
:102D600053FDA2692846514907B0BDE8F040F5F788
:102D70004BBDFCF795FA0546204604F0C7F92A46F4
:102D8000034621463748F0F713FF05993648F0F718
:102D90000FFFD4E90F03D4E90D1200903348F0F788
:102DA00007FFD4E90823E1693148F0F701FFD4E9CE
:102DB0000B23A16A2F48F0F7FBFED4E91223616CC4
:102DC0002D48F0F7F5FED4E914122C48F0F7F0FE88
:102DD000D4E92B23D4F8A8102948F0F7E9FED4E968
:102DE0002712D4F898302748F0F7E2FED4F8A41060
:102DF0002548F0F7DDFED4E91823D4E91667A16E63
:102E000022480291CDE90067F0F7D2FED4E91D23F4
:102E1000216F1F48F0F7CCFED4E91F23D4F88C10A3
:102E20001C48F0F7C5FED4E921121B48F0F7C0FE9C
:102E3000D4E924121948F0F7BBFEE16E1848F0F708
:102E4000B7FED4E904231748F0F7B2FED4E9022311
:102E50001548F0F7ADFEA169144807B0BDE8F04091
:102E6000F0F7A6BE60470700D42207007C470700A2
:102E7000AC470700D8470700004807002448070070
:102E800044480700684807008C480700A04807002E
:102E9000CC480700F04807001849070034490700EC
:102EA000544907006849070080490700C0490700E6
:102EB000784C002D00F0838028467749F5F7A4FC74
:102EC00028467649F5F7A0FCD4E90D12236BCDE92D
:102ED00000212846E26A7249F5F796FCD4E90631EA
:102EE0006269284600916F49F5F78EFCD4E90931F3
:102EF000226A284600916C49F5F786FCD4E9103126
:102F0000E26B284600916949F5F77EFCD4E912236B
:102F100028466749F5F778FCD4E92931D4F8A02090
:102F2000284600916349F5F76FFC04F190010EC942
:102F3000284600916049F5F767FC2846D4F89C20A4
:102F40005E49F5F761FCD4E91423266ECDE9002330
:102F50000296D4E9162328465949F5F755FCD4E9D9
:102F60001B31A26E284600915649F5F74DFCD4E975
:102F70001D31D4F88420284600915349F5F744FCCC
:102F8000D4E91F2328465149F5F73EFCD4E9222312
:102F900028464F49F5F738FC2846626E4D49F5F74B
:102FA00033FCD4E9022328464B49F5F72DFCD4E93C
:102FB000002328464949F5F727FC2269D2E636481E
:102FC000F0F7F6FD3548F0F7F3FDD4E90D03D4E949
:102FD0000B1200903248F0F7EBFDD4E9062361694B
:102FE0003048F0F7E5FDD4E90923216A2E48F0F7CF
:102FF000DFFDD4E91023E16B2C48F0F7D9FDD4E9CB
:1030000012122B48F0F7D4FDD4E92923D4F8A010EC
:103010002848F0F7CDFDD4E92512D4F890302648A1
:10302000F0F7C6FDD4F89C102448F0F7C1FDD4E9B0
:103030001623D4E91467216E21480291CDE9006777
:10304000F0F7B6FDD4E91B23A16E1E48F0F7B0FDE2
:10305000D4E91D23D4F884101B48F0F7A9FDD4E966
:103060001F121A48F0F7A4FDD4E922121848F0F70D
:103070009FFD616E1748F0F79BFDD4E902231648C7
:10308000F0F796FDD4E900231448F0F791FD21698B
:10309000E2E600BFB87E012098490700AC4907006E
:1030A0007C470700AC470700D847070000480700E7
:1030B0002448070044480700684807008C48070078
:1030C000A0480700CC480700F0480700184907004F
:1030D0003449070054490700684907008049070040
:1030E0002DE9F0435368074687B043B318461446AA
:1030F00088460A2201A917F0E9FE019B81461D7846
:10310000A5B902F003FE0646F0B1214604AC4046E4
:10311000234602220297FFF70FFD304602A90394CF
:10312000FFF788FD284607B0BDE8F083626897B1D5
:1031300038461049F5F79AFB6FF00700F3E778B1CE
:103140000D49F5F793FBF7E777B14A4638460B4947
:10315000F5F78CFBF0E711460648F0F729FDEBE7A1
:103160000548F0F725FDE7E749460448F0F720FD5C
:10317000E2E700BFF80C0700D4490700B81F0700BA
:10318000F0B5002787B00C460546CF6002F0BEFDC3
:1031900045B30646002839D0012D2DD1082203A9B8
:1031A00004F03CF9394630468DF81470FCF778F895
:1031B00001961C4E03AB00901C2130461A4A17F0B2
:1031C00059FE1A4BC4E90163284602F09FFDC8B1BD
:1031D00001230421164A174817F04CFE154E2660AD
:1031E00007B0F0BD144E114BC4E90163284602F04C
:1031F0008DFD266007B0F0BD0C4BC4E90173284675
:1032000002F084FD0026266007B0F0BD074BC4E93C
:103210000103284602F07AFD0028F3D0012DD7D013
:10322000F0E700BF448A01204C1F070034D206009B
:103230001C060700408A012040EE0600F0B5054656
:10324000506814460E4685B080B10F49ECF7E6FF92
:1032500038B1224631462846FFF742FF002005B02C
:10326000F0BD09F00DFB002005B0F0BD02AF114626
:1032700030463B4601220095FFF75EFC6946034855
:10328000019703F059FFE9E7B0000700352C05006E
:1032900008B520B10449F5F7A7FA002008BD024897
:1032A000F0F786FC002008BDAC4407000020704702
:1032B00038B5184D04462868A0B1B0F89030DB0747
:1032C00010D505F08BFB002818DB3CB120461249D5
:1032D000F5F79AFA00232B60184638BD0E48F0F730
:1032E00067FCF7E734B120460C49F5F7BFFA6FF0F9
:1032F000070038BD0948F0F75BFCF8E72CB102463F
:1033000007492046F5F7B2FAF1E701460448F0F71D
:103310004FFCECE7648A0120944C0700604C0700E6
:10332000704C070010B5174B0446186884B088B17C
:10333000B0F89030DB070DD502A9009100220023E0
:103340001149029406F066F80028A8BF00200DDBA2
:1033500004B010BD34B120460C49F5F787FA6FF080
:103360000700F5E70948F0F723FCF8E72CB102461F
:1033700007492046F5F77AFAF1E701460448F0F7E5
:1033800017FCECE7648A012095330500604C0700C8
:10339000A84C070038B5E9B1054608460C4607F0C9
:1033A0004FF90146284606F0E1F8264B1868A36855
:1033B00028B3002B38D00022B3F810C05B686244F9
:1033C000002BF9D12049F5F71FFA2046BDE8384017
:1033D00006F0E0BC1D4C206818B1B0F89030DB0757
:1033E00000D438BD05F0FAFA164B021E186815DB3A
:1033F000E0B11749F5F708FA0023236038BDFBB1A7
:1034000001461A8A5B681144002BFAD10E48F0F786
:10341000CFFB2046BDE8384006F0BCBC50B1BDE84B
:1034200038400C49F5F7F0B91A46CBE70848F0F7F1
:10343000BFFBE1E71146BDE838400648F0F7B8BBEE
:103440001946E3E7608A0120E44C0700648A012002
:10345000C04C0700704C0700F0B5214B04461D68B6
:1034600087B0E5B1B5F89030DB0718D55668F6B1EE
:1034700030460494ECF7E4FE002731464FF48036E2
:103480000246284604ADCDE90067164B029505F0CB
:1034900031FF0028A8BF00200EDB07B0F0BD94B1BB
:1034A00020461149F5F7E2F96FF00700F5E770B132
:1034B0000E49F5F7DBF9F7E76CB102460C492046F7
:1034C000F5F7D4F9F0E70848F0F772FBECE70748A6
:1034D000F0F76EFBE8E701460548F0F769FBE3E724
:1034E000648A0120F5340500604C0700F84C0700A1
:1034F0000C4D0700044B186810B10449F5F784B966
:103500000248F0F755BB00BF608A0120244D070038
:10351000084B0A1E186803DB30B10749F5F774B988
:1035200028B10649F5F770B90348F0F741BB0348E5
:10353000F0F73EBB608A0120504D0700344D070074
:103540002DE9F043784E0446336815468BB023B11D
:10355000B3F89030DB0700F1CB806F68002F00F0EC
:10356000D180A868002800F0BD800A2205A917F0C4
:10357000ADFC059B80461B78002B40F0AA8002F032
:1035800079FC05460120394609AA04F095FA00287D
:103590003BDBD5F8B83001255B6898FA98F0ADF8B8
:1035A0002200CDE906532846ADF8205007A9002C8B
:1035B00035D004F065FABDF81A3002465BBA9BB20A
:1035C00020465A49F5F720F909A9284604F058FA87
:1035D000BDF8223002465BBA204655499BB2F5F74A
:1035E00013F90622294628464F4B05F0E1F8021E42
:1035F0005ADB0822306806A905F020FA021E33DAE9
:1036000020464C49F5F732F905E0002C51D0204610
:103610004949F5F72BF900200BB0BDE8F08304F021
:103620002FFABDF81A20014652BA92B23F48F0F77D
:10363000BFFA09A9284604F023FABDF82220014662
:1036400052BA3B4892B2F0F7B3FA2946062228460E
:10365000354B05F0ADF8011E2FDB06A908223068B6
:1036600005F0ECF9011E2CDB00254FF4C0384FF0BB
:103670000009324B30681C6005F076F9306808228A
:10368000CDE900892E4B08A9029505F0F9FCA84266
:10369000C1DAD4B120462B49F5F7E8F8306805F0D7
:1036A0009DF900233360B6E720462749F5F7DEF899
:1036B000B1E72148F0F77CFAADE72348F0F778FA54
:1036C000A9E71C48F0F774FAA5E71E48F0F770FA6E
:1036D000E4E7AA688CB120461C49F5F7C7F86FF0FB
:1036E000070099E7A4B120461949F5F7BFF8F6E7B6
:1036F00090B11849F5F788F8F1E711461348F0F74B
:1037000057FAECE764B120461349F5F7AFF8E6E75E
:103710000F48F0F74DFAE2E70E48F0F749FADEE716
:103720000D48F0F745FADAE7648A0120D04D07002A
:10373000E84D0700144E0700B84D0700608A0120CD
:10374000113505002C4E0700F44D0700A44D07006D
:10375000904D0700604D0700744D07000020704732
:1037600008B5094B186838B10849F5F74DF8BDE8B8
:103770000840074813F0D8BE0448F0F719FABDE82E
:103780000840034813F0D0BE688A0120244D07008A
:10379000686E0120002938D02DE9F041084682B03A
:1037A0000D4606F04DFF204F06463B6873B31846A2
:1037B0001E49F5F729F8EEB10024DFF8748005E022
:1037C00041460134F5F720F8A64213D001222846DD
:1037D0000DF1070106F0DAFD00280BDB38689DF8D3
:1037E00007200028ECD1114640460134F0F7E0F9FB
:1037F000A642EBD1386868B10E49F5F705F82846BE
:1038000006F0C8FA02B0BDE8F08170470748F0F74B
:10381000CFF9D0E70748F0F7CBF9284606F0BAFA17
:1038200002B0BDE8F08100BF688A0120A44F070004
:1038300068E90600F449070010B5134B04461B68FD
:10384000ABB1B3F89020D20711D5184605F0C6F8F1
:10385000021E01DB002010BD24B120460B49F5F704
:1038600005F8F7E711460948F0F7A2F9F2E734B195
:1038700020460749F4F7FAFF6FF0150010BD044821
:10388000F0F796F9F8E700BF6C8A0120E84F0700CF
:10389000BC4F07002DE9F0431446002287B00229EF
:1038A0000546039240F29C80D4E9019003A917F0E9
:1038B0000DFBA268039B06469A4200F0A7805A4F70
:1038C0003B6823B1B3F89030DB0700F190804FF0F4
:1038D00000084846CDE90488ECF7B2FC04AA01468A
:1038E000484604F08BFB112202214F4BBDF810001B
:1038F00004F05EFF041E38DB4C4B1D60BDF8103039
:10390000012B10D0002D4ED02846494A4949F4F7E2
:10391000ADFF386805F062F8021E3FDB0024204648
:1039200007B0BDE8F08376BA05A8ADF8126002F0E2
:10393000FBFC48B33C6803F0E9FB082284F89200E2
:1039400004A9386805F07AF8021E39DBCDF800804A
:10395000002200233849386805F05CFD021EDDDADC
:10396000002D4CD028463549D1E745B1284622469E
:103970003349F4F77BFF204607B0BDE8F0832146CA
:103980002F48F0F715F9CAE70DB328462D49F4F78B
:103990006DFF386805F022F8021EBFDA28462A4972
:1039A000F4F764FFBAE722492248F0F701F93868D2
:1039B00005F014F8011EB1DA2348F0F7F9F8ADE785
:1039C00015B128462149A2E711462048EDE71D48D8
:1039D000F0F7EEF8386805F001F8011E9EDAEBE723
:1039E00080B11B49F4F742FF6FF0150497E79DB1D2
:1039F00028461849F4F73AFF6FF077048FE711462D
:103A00000E48D2E71248F0F7D3F8EDE745B1284663
:103A10001149F4F72BFFE7E70E48F0F7C9F8EBE799
:103A20000D48F0F7C5F8DFE76C8A0120688A0120AD
:103A3000905007009850070095370500085107007F
:103A400070500700C050070030510700E4500700D5
:103A50000450070050500700385007002DE9F0438C
:103A600000248BB003290646079440F2BF80154618
:103A700007A92246D5E9017017F028FAD5E90228EE
:103A8000079B05469A4200F0BD803846CDE90844C0
:103A9000ECF7D6FB01463846634F08AA04F0AEFAAD
:103AA0003B68BBB1B3F89030DB0713D55F4B1E60AA
:103AB000BDF82030012B1DD0002E63D030465C4A6B
:103AC0005C49F4F7D3FE002C51D1002420460BB002
:103AD000BDE8F08311220221534BBDF8200004F011
:103AE00067FE041E53DB514B01241E60BDF82030DD
:103AF000012BE1D16DBA09A8ADF8225002F014FCF7
:103B000000284ED03D6803F001FB85F892000025A7
:103B10000022386800234849009505F07BFC021E0E
:103B200045DB4046ECF78CFB0246082041464FF04F
:103B3000FF394FF0FF380495404D0090386808ABCE
:103B4000CDE90289019505F03BFC021E35DB4FF4FF
:103B5000803200233A4813F057FD0B30B3D1002ECA
:103B600056D030463749F4F781FE002CADD0386886
:103B700004F034FF021EA8DA56B330463249F4F797
:103B800075FEA2E72A492B48F0F712F89BE7D6B159
:103B9000304622462D49F4F769FE20460BB0BDE8B9
:103BA000F083D6B130462A49F4F760FE8BE7C6B100
:103BB00030462849F4F75AFE85E7F6B130462649E3
:103BC000F4F754FE7FE721462048EFF7F1FF7DE749
:103BD00011461D48EFF7ECFF77E71D48EFF7E8FFC8
:103BE00071E711461B48EFF7E3FF6CE7A0B11B49F3
:103BF000F4F73CFE6FF0150468E711461648EFF73E
:103C0000D7FF60E766B130461549F4F72FFEF1E7BC
:103C10000C48EFF7CDFF56E71048EFF7C9FFE9E78B
:103C20000F48EFF7C5FFE5E76C8A0120688A01209D
:103C3000A04E070098500700953705006137050032
:103C4000686E0120C4510700305107007050070012
:103C5000C050070084510700A851070050510700C9
:103C60003850070008B530B1064B074A0749F4F74A
:103C7000BBFD002008BD034A03490448EFF798FF45
:103C8000002008BD04530700205307009C0E0700C6
:103C900008B530B1064B074A0749F4F7A5FD0020E7
:103CA00008BD034A03490448EFF782FF002008BD1E
:103CB00004530700205307009C0E070008B530B1DD
:103CC000064B074A0749F4F78FFD002008BD034A59
:103CD00003490448EFF76CFF002008BD04530700B8
:103CE000205307009C0E070008B530B1064B074A69
:103CF0000749F4F779FD002008BD034A0349044849
:103D0000EFF756FF002008BDD8540700E054070025
:103D10009C0E070008B530B1064B074A0749F4F777
:103D200063FD002008BD034A03490448EFF740FF44
:103D3000002008BDD8540700E05407009C0E07007F
:103D400008B530B1064B074A0749F4F74DFD00208E
:103D500008BD034A03490448EFF72AFF002008BDC5
:103D6000D8540700E05407009C0E070008B530B196
:103D7000064B074A0749F4F737FD002008BD034A00
:103D800003490448EFF714FF002008BDDC55070085
:103D9000E85507009C0E070038B50446064D074B52
:103DA0002946074AF4F730FD20462946054B064AC6
:103DB000F4F72AFD002038BD505607003C56070096
:103DC00040560700705607009856070038B504465D
:103DD000064D074B2946074AF4F716FD20462946AB
:103DE000054B064AF4F710FD002038BD5056070079
:103DF0003C560700405607007056070098560700CB
:103E000038B50446064D074B2946074AF4F7FCFC33
:103E100020462946054B064AF4F7F6FC002038BD3B
:103E2000505607003C5607004056070070560700E2
:103E30009856070038B50446064D074B2946074AF1
:103E4000F4F7E2FC20462946054B064AF4F7DCFC71
:103E5000002038BD505607003C560700405607006A
:103E6000705607009856070038B50446064D074BB4
:103E70002946074AF4F7C8FC20462946054B064A5E
:103E8000F4F7C2FC002038BD505607003C5607002E
:103E900040560700705607009856070048B103685F
:103EA0003BB11B689B6813B15B6803B118470020E6
:103EB000704700239B68FFDE70B58CB01546044642
:103EC0000E4630220021684618F087FA01238DF84B
:103ED00007508DF800303CB123685BB3D3E9004252
:103EE000154BA5689A4201D00CB070BD002DFBD0D7
:103EF0006B69002BF8D020469847C304F4D5AB6912
:103F0000002BF1D031880129EED120465E24ADF896
:103F1000011071796A4601F07F018DF80410B179C2
:103F20008DF803408DF80510F1798DF80610072102
:103F30009847D9E79B68FFDE2870012020B103680D
:103F400013B19B68187E704700231B7EFFDE00BF05
:103F5000E8B170B503680446E3B11B689D689DB184
:103F600039B1EA681AB1BDE8704018461047002020
:103F700070BD01F0A1F92B69002BF8D0206800B1C9
:103F80000068BDE8704018476FF0010070BD002365
:103F90009B68FFDE00239B68FFDE00BF02690346CB
:103FA00092B1021FD2E8AF2F417D02F0010201F071
:103FB0000100904208D062F30001186959750AB1F6
:103FC00003F0BEB903F0E4B9704700BF30B5B1F5F6
:103FD000006F83B00DD048F2DD63994232D10223E5
:103FE000012092F8371063F3061182F8371003B0FE
:103FF00030BD9368DC682378FF2B26D16378FF2BD4
:1040000023D1A378FF2B20D1E378FF2B1DD1237977
:10401000FF2B1AD16379FF2B17D1236903F0F0032B
:10402000E02B12D09569019204F00CF82169036825
:10403000019A994209D0284604F1100102F020F8B3
:10404000019A10B9022003B030BD0123C8E700BFB8
:104050002DE9F047074682B0002800F04F81036841
:10406000002B00F027811B688A8ED3F8089054BA81
:104070008846A4B2B9F1000F00F08281D9F824304B
:10408000002B00F0748191F83730C3F30213012B39
:1040900000F099804646002C00F0698196F82D309A
:1040A000002B00F085800E21304640F6CD420023E3
:1040B00005F040FE0546002800F018810E2150F85A
:1040C0000CAFF8F767FCB4F5C16F06D096F837303F
:1040D000C3F30213012B00F0AC80D6F82E30CAF8DF
:1040E0000030738EAAF80430D6F826302946CAF874
:1040F0000630738D3046AAF80A30AAF80C4005F055
:104100008DFE304606F024F9386800B1006831466B
:10411000D9F8243098470546002840F0A5802C4661
:10412000B368D3F80C801A8A5B681444002BFAD168
:104130003A68002A00F0BE80106881688B68002B06
:1041400000F0AC800121984730B103681B1903606F
:10415000436843F1000343603A68002A00F0058198
:10416000106882689368002B00F09E8001219847B8
:1041700010B103690133036198F80010012900F0C0
:104180009B80FF2904D198F80130FF2B00F0B88004
:10419000B36833B100201A8A5B681044002BFAD14F
:1041A0000546304605F0F6FD284602B0BDE8F0872A
:1041B000774B18689A889B79C6F82D00A6F83120AD
:1041C00086F833306FE7B2F5006F7FF463AF8B682A
:1041D0008D69DC6803F036FF226903689A4200F0BB
:1041E000B380284604F1100101F04AFF002840F096
:1041F000AB80D8F80830D9680B6903F0F003E02BE6
:1042000000F0A28002461031404601AB00F086FB70
:104210000546002800F09880012800F09E800228C2
:1042200000F0B1800028BFDB4FF438715948EFF738
:10423000EFFCB268D1680A6902F0F002E02A7FF46C
:104240004CAFAAF800305E238AF802304B7C8AF823
:1042500003308A7C03F07F038AF80420CA7C8AF842
:1042600003308AF805203FE73B681BB31868826873
:104270009368002B3DD00121984710B1836A013328
:104280008362B4F5C16F8FD1404605F0A5FDB368D8
:104290003846D968103101F09DF882E74B68002B51
:1042A0003FF45EAF98474FE75368002B3FF464AF8D
:1042B00098475DE79B68FFDE98F80130002B7FF49C
:1042C00067AF98F802305E2B7FF462AF3B68002B3B
:1042D000F0D0186882689368002B4BD0984700286C
:1042E0003FF456AF036A0133036251E76FF00B05E9
:1042F000C7E75368002BC4D09847BEE78368FFDE4A
:1043000098F80230FF2B7FF443AF98F80330FF2B6F
:104310007FF43EAF98F80430FF2B7FF439AF98F864
:104320000530FF2B7FF434AF3B68002BC2D01868F8
:10433000826893685BB10121984700283FF428AF59
:1043400083690133836123E746460824A6E6536860
:10435000002B3FF41DAF9847EFE7404605F01AFDEC
:10436000019EB48E64BAA4B295E69368FFDE6FF046
:10437000850519E75368002B3FF40AAF9847AEE76D
:104380006FF0010510E7404605F004FD00250BE73E
:10439000AC580700745807002DE9F04F8D680646A9
:1043A000EB6883B0C3B32A8A0D2A35D9D3F8062027
:1043B0000C46C1F826205A892E3121F8042C40F2EF
:1043C0000362A2841868C4F82E009888A2856086CB
:1043D000B3F80C9094F82E7099FA99FAFF2FA4F87C
:1043E00034A01FFA8AFA2ED007F00107002E00F041
:1043F00048813368002B00F040815A7C062A40F047
:10440000C08037B903F11200019317F0EEFF019B52
:1044100020B94FF000081EE07EB13368002B00F099
:10442000D180186882689368002B00F0A480012175
:10443000984710B1C36A0133C3624FF0020A504675
:1044400003B0BDE8F08F94F82F30FF2B00F0D2803E
:104450004FF0000801270E2105F10C00F8F7DEFAF5
:10446000A368002B00F0E48000251A8A5B681544DD
:10447000002BFAD18C4B8D48834200F20F8180F0E3
:10448000A480998900F1FF3CACEB030CC01A5145A4
:104490004FF00002DFF818E24FEA1C1C4FEA101040
:1044A00002D15968714510D0824203F1100300F027
:1044B000F580944502F1010100F087800A46998950
:1044C0005145F1D159687145EED1D3F808B0BBF12F
:1044D000000FE9D0514622463046D847824678B18F
:1044E000022899D048F68863994509D094F8373066
:1044F000C3F30213012B00F0B880022B00F09A8066
:10450000002E00F0B8803368002B5CD018688168FA
:104510008A68002A3ED00121904738B183680E3561
:104520005B198360C36843F10003C3603368002BE9
:1045300049D01868826893683BB30121984710B14D
:10454000436901334361B8F1000F28D1002F3FF4D4
:1045500076AF3368002B00F09E80186882689368FD
:10456000002B7CD00121984700283FF468AF436AB4
:104570000133436263E75368002B3FF45EAF984713
:1045800057E7002F7FF445AF4BE75368002BDAD095
:104590009847D4E74A68002ACBD09047BDE73368F4
:1045A0008BB1186882689368002B3BD00121984733
:1045B00000283FF444AFC3690133C361504603B0E0
:1045C000BDE8F08F00239B68FFDE002E53D03368D8
:1045D000002BF8D0186882689368002B55D0012111
:1045E000984700283FF429AFD0F8B0300133C0F825
:1045F000B03022E794F83030FF2B7FF429AF94F8E5
:104600003130FF2B7FF424AF94F83230FF2B7FF44E
:104610001FAF94F83380A8F1FF08B8FA88F84FEA82
:10462000581817E75368002B3FF409AF9847BFE7C6
:104630001D461FE7A268D3689B885BBA28339BB2EC
:104640002D2B3FF65DAF118A994228BF1382526825
:1046500036BF5B1A00239BB2002AF4D150E753689F
:10466000002B3FF4ECAE98477EE7A268D3685B88E6
:104670005BBA9BB2E4E7B368FFDE002FA2D0984696
:10468000E9E6002F7FF4C5AED7E65368002B3FF470
:10469000D4AE9847A5E7D8F80830FFDE4FF4BE71D6
:1046A0000448EFF7B5FA00BFF4CC060014CD0600BD
:1046B000287001207458070000487047B45807005C
:1046C00010B1006800B18068D0E8EF3F43F001020C
:1046D000C0E8E12F0029F7D1DB0700D5704704308F
:1046E00013F0A6BA10B1006800B18068D0E8EF3FBF
:1046F00023F00102C0E8E12F0029F7D1DB0700D445
:104700007047043013F094BA58B103685BB118686D
:10471000826832B105495B688B4202D1136A03B1EA
:104720001847002070479B68FFDE00BF28700120FB
:1047300038B5044600282ED00368002B2DD0012266
:104740009D68184968612A76281D13F00FFA2368BE
:104750002BB318688368BBB15A695AB190474205B8
:1047600003D52B7E43F004032B762368BBB1186876
:1047700083684BB15B693BB19847C30404D5002102
:10478000094A0A4801F088FB00F060FE6B7E43F0A6
:1047900002036B7638BD2076FFDE1B76FFDE9B685A
:1047A000FFDE00BF9D3F0500B93E0500708A012075
:1047B00038B5044679B183696BB100F118054FF043
:1047C000FF324FF0FF33284612F01AFE05F0E2FAEE
:1047D000A369002BF3D10023A360E3602361A382CC
:1047E00038BD00BF2DE9F04715F066FB80460D4649
:1047F000354E4FF0FF324FF0FF33344812F050FB8C
:104800003468002C54D06B014FEA4817B7EB080707
:1048100043EAD86363EB05039B0043EA9773BF0049
:1048200017EB080745EB0305ED0045EA5775C7F39D
:10483000103747EA45476368C7F5FA6803EB080293
:10484000002A4FF000092568DFF884A019DC204613
:104850000121FFF7ADFF736822689C42DAF804304B
:10486000326008BF7260C4F8009033B31C60CAF8AD
:104870000440EDB12C4663682D6803EB0802002A62
:10488000E5DDDB1B13F5FA6F1AD04FF4004240F25E
:10489000E730002103F5FA63E3FB02014FF47A727B
:1048A0000023EBF7A1FC02460B460A4813F042FB3B
:1048B000BDE8F047054812F0A3BBCAF80040D6E7B0
:1048C00000221346F1E700BF507C01207C8A0120C2
:1048D000587C0120187C01200F49486850B10B68B2
:1048E00043B1984202D110E0984204D01A461B68A6
:1048F000002BF9D17047036813604B6898424FF062
:10490000000308BF4A60036070470368C1E90033D1
:1049100000230360704700BF487C0120002800F09E
:104920002E822DE9F04F9B468368044683B0002B0E
:1049300000F019810D461646002A00F002814FF062
:10494000FF334FF0FF32914812F0AAFADFF840E24D
:10495000A169DEF80030002B46D01F46002003E09E
:1049600038463F68002F3FD0BA689142F8D1D7F857
:104970000CC02A689445F3D1BB4216D03A6800288F
:1049800000F0F4800260DEF80420974208BFCEF801
:10499000040000223A60DEF800203A60DEF80420CD
:1049A000CEF80070002A00F0A580784812F028FBAD
:1049B000BA68002A00F0E4801268002A00F0E08063
:1049C00012320621002084F825101568C4F82650FC
:1049D000928884F82D1062853A69C4F82E20BB8A2B
:1049E000638603B0BDE8F08F6A4B1F6827B94EE1BC
:1049F0003F68002F00F04B81BA689142F8D1F86807
:104A00002A689042F4D1204605F0E6F9044607F101
:104A10001800214612F04AFD002840F08D80204603
:104A200005F0B8F9D4F818A0002E00F0B78040F6D1
:104A300006030122A046A38694F83730A06862F3EB
:104A4000061384F837301C210C30F7F7A3FFA36856
:104A5000D3F80C90BAF1000F00F07281DAF8003050
:104A6000002B00F06D811233062288F825201A6889
:104A70000027C8F826209B8808F1260AA8F82A30C3
:104A8000FFF71AFE40B1062388F82D300368C8F8F6
:104A90002E308388A8F8323040F20642A9F804206C
:104AA0000122002389F807203B4A89F80630C9F81B
:104AB0001230C9F80020A9F816302A68C9F8182061
:104AC000DAF80020C9F80820BAF80420A9F80C2068
:104AD000002F57D0BA68D2F8B8203AB11846D37E22
:104AE0009B0702D51388012B07D0C8B90023C9F84A
:104AF0000E3018E0CEF8047057E792F9191001292A
:104B0000F3D1536816B131689942EED129684B4010
:104B1000D1690B4208BF101D02D0002800F0FE80B2
:104B20000368C9F80E30194812F06AFA0120CBF870
:104B3000008003B0BDE8F08F144812F061FA022043
:104B40004FE7806901F068FA00287FF4F8AEA369A6
:104B5000D3F8B830002B3FF4F2AE03F158059B6D4B
:104B6000002B7FF4ECAE6FF015003AE7DEF804108E
:104B7000CEF800208F427FF40CAFCEF8042008E777
:104B800002221EE7A368D8680C30C9E77C8A01209E
:104B9000487C0120507C0120000108004FF00008F3
:104BA00040F6CD473346CDE9007832461C215046C9
:104BB00005F092FB8046002800F0A780374640F6BB
:104BC00006030122A8F8343098F83730D8F80800E6
:104BD00062F3061388F837301C210C30F7F7DAFE41
:104BE000D8F80830D3F80C90002F3FF433AF2046AC
:104BF00005F0F2F8214607F1180012F0E9FBD8F8A9
:104C00001830BB602B68FB60BB68002B00F09680FF
:104C10001B68002B00F092801233062288F82520B2
:104C20000022196808F1260AC8F826109B88A8F8FF
:104C30002A30544B3A605B68002B7BD01F60514B8D
:104C40005F6015F039F902460B464FEA421C4901F4
:104C5000BCEB020C41EAD26161EB03014FEA8C0E1E
:104C600089001EEB020241EA9C7143EB0103DB0069
:104C700043EA5273C2F3103242EA434242487A6036
:104C800014F0A8FF08434ED0FFF716FDFAE63F4A9E
:104C9000176807B33B6813605268974204BF3B4AEA
:104CA000536000233B60D4F818A0002E4AD040F691
:104CB00006030122A38694F83730A06862F3061336
:104CC00084F837301C210C30F7F764FEA368A04647
:104CD000D3F80C908BE7FFF7FFFDA0460746D4F80A
:104CE00018A0002E7FF46BAF40F6CD484FF00009BE
:104CF0003346CDE9008932461C21504605F0ECFAD6
:104D0000804600287FF45BAF67BB214812F078F93A
:104D100000236FF00B00CBF8003062E6101D002876
:104D20003FF4E4AEFCE64FF480320023194813F060
:104D300001F9A9E7134BC3E9007782E702236CE787
:104D4000022391E640F6CD484FF000093346CDE905
:104D5000008932461C21504605F0BEFA80460028E4
:104D60007FF42DAF0949D1E900230F603A60002B91
:104D7000CBD1064B5F60064812F042F9C8E76FF0EE
:104D800015007047507C0120287C0120587C0120B0
:104D90007C8A0120187C01202DE9F0479DF820A095
:104DA000002800F00781994603680F4690460646A2
:104DB000002B71D00C33D3E8AF3F9A046CD54FF081
:104DC000FF324FF0FF337F4812F06AF87E490D68DA
:104DD000002D6AD0002403E02C462D68002D67D0FA
:104DE000A8688642F8D1EA683B689A42F4D12B68F9
:104DF000002C7AD023604B689D4208BF4C60002392
:104E00002B600B68002B00F08E80D8F800206F4BD1
:104E10002A611A68B8F804102A605A68A9821D60CD
:104E2000002A60D005F1180806271CE04FF0FF3378
:104E30004FF0FF32404612F0E3FA83680446DB6825
:104E400033B180F82D701A68C0F82E209B884386F5
:104E50003368002B00F0B3805B68214630465B6806
:104E6000984700280EDBAB69002BDFD1554812F0C4
:104E7000C7F8336853B10C33D3E8AF3F9B0405D573
:104E8000BDE8F087204604F085FFCDE706F1DC00A1
:104E9000BDE8F04712F0B4B84FF0FF324FF0FF33E7
:104EA00006F1DC0011F0FCFF89E7494813F048F8EF
:104EB000B9F1000F1FD1BAF1000FD7D0434C2368CE
:104EC0001BB937E01B68002B34D09A68B242F9D185
:104ED000D9683A689142F5D1D8F800201A61B8F83B
:104EE00004209A82C2E75D609CE74A680B609542A5
:104EF00085D14B6083E7354C236813B917E01B68F5
:104F000063B19A689642FAD1D9683A689142F6D16B
:104F1000D8F800201A61B8F804209A82BAF1000F7C
:104F2000A4D02368D1E72A4813F00AF86DE7BAF154
:104F3000000F9BD0274B1D68002D35D059682A687B
:104F40008D421A6008BF5A6000232B6014F0B4FF32
:104F50004FEA401E4A01BEEB000E42EAD0624FEA21
:104F60008E0362EB010C1A184FEA8C0343EA9E731E
:104F700041EB0303DB0043EA5273C2F3103242EA0F
:104F80004342AE606A603B68EB60D8F800302B614A
:104F90002368B8F804202B606368AA822560002B80
:104FA0007FF464AF656061E7FFF796FC0546002873
:104FB000CCD15BE74FF446710748EEF729FE5B68FA
:104FC000FFDE00BF7C8A0120507C0120487C01204C
:104FD000187C0120587C0120082307002DE9F043AC
:104FE000856885B08DB10E460446174629460023D4
:104FF000B1F810C0496863440029F9D11B2B04D9CA
:10500000ED682B88B3F5807F03D0022005B0BDE8A2
:10501000F0836B88082BF8D12B79062BF5D16B79AF
:10502000042BF2D1AB7B7F2BEFD0EB88B3F5807FE5
:105030001CD0B3F5007F12D105F11806304601F0FF
:1050400009F9002800F01681D5F80E3003930023EB
:10505000A06905F1080203A90093FFF79DFE204611
:1050600004F098FE002005B0BDE8F083A16905F1C9
:10507000080811B1096801B1103106224046023119
:1050800017F0B3F90028C0D03B78FF2B00F09F80C9
:10509000FFF712FB06220146384617F0A6F928B999
:1050A000D5F80E3003F0F003E02BAED0A769D7F8A7
:1050B000B820002AA9D0D37E9B07A6D51388012B40
:1050C000A3D192F91930012B9FD15368AA699A4252
:1050D0009BD1AB7CABB9EB7C9BB92B7D8BB96B7D4A
:1050E0007BB9AB7D6BB9EB7D5BB9D5F80E20039234
:1050F00001254646A069424603A90095FFF74CFEEC
:10510000A769002340F6CD484FF000091C2138461E
:105110001A46CDE9008905F0DFF8054600289ED043
:1051200080681C210C30F7F735FC022240F2064C57
:105130000020AB68A168DB68C968DA71574AA3F838
:1051400004C098711A60326803F1120CC3F812207F
:10515000B28803F10800DA82002F00F09C803A68E0
:1051600002B11032D2F802609E60D2888280D1F8FB
:105170000E209A618A69C3F80E20002F00F0898002
:105180003A68002A00F0858012320620012740F696
:10519000060695F8371085F8250067F3061117689D
:1051A000C5F82670928885F82D006A85D3F81230EC
:1051B0000022C5F82E30BCF80430A8696B8685F84B
:1051C000371000232946AE8601F0C0FE47E77B7802
:1051D000FF2B7FF45DAFBB78FF2B7FF459AFFB78DB
:1051E000FF2B7FF455AF3B79FF2B7FF451AF7B79D9
:1051F000FF2B7FF44DAFAB7CFF2B26D0002B7FF431
:1052000047AFEB7C002B7FF443AF2B7D002B7FF46B
:105210003FAF6B7D002B7FF43BAFAB7D002B7FF46A
:1052200037AFEB7D002B7FF433AFAB69D5F80E20A1
:1052300093427FF42DAF03930025A06901234246DA
:1052400003A90095FFF7A8FD09E7EB7CFF2B7FF48E
:105250001FAF2B7DFF2B7FF41BAF6B7DFF2B7FF4EC
:1052600017AFAB7DFF2B7FF413AFEB7DFF2B7FF4EC
:105270000FAFDAE702F0E6FEAA6903689A423FF44C
:10528000E3AE3146002000F0FBFE00283FF4E7AE1D
:10529000DAE6022279E73A4664E700BF0001080037
:1052A0000121104692F837302E3261F30613537203
:1052B00000F12601FFF792BE2DE9F84305464FF0B5
:1052C000FF334FF0FF323E4811F0EAFDDFF8F4C043
:1052D000DCF8003023B300261A6831463A4C45B159
:1052E0009868A84205D01E46D2B113461268002D18
:1052F000F6D19960D96019619982002E4ED0186854
:105300003060DCF80400984208BFCCF80460D4E9AF
:10531000007023601F600028E6D16360002AE4D19A
:10532000DFF8A880D8F80040002C41D04FF00009E9
:105330002668254F45B1A3689D4205D0A146E6B138
:1053400034463668002DF6D101212046FFF730FAA9
:105350002368B9F1000F18D0C9F80030D8F804302C
:105360009C4208BFC8F80490D7E900233C60226043
:10537000002BE4D17C60002EE2D1D8F80030BBB124
:10538000BDE8F8430E4811F03BBED8F80420C8F839
:1053900000309442E8D1C8F80430E5E7DCF80400B6
:1053A0001F689842CCF80070B1D1CCF80470AEE719
:1053B000074812F0C5FDBDE8F843014811F020BED2
:1053C0007C8A0120487C0120587C0120507C0120EF
:1053D000187C012008B50A4B1B686BB19A68904293
:1053E000FAD1D3F80CC00A689445F5D118460121CA
:1053F000FFF7DEF9002008BD6FF0010008BD00BF17
:10540000507C0120F8B506460F464FF0FF334FF0B1
:10541000FF320C4811F044FD0B4B1C6864B10025B1
:1054200020463946B04724680135002CF8D105489C
:1054300011F0E6FD2846F8BD2546024811F0E0FDD2
:105440002846F8BD7C8A0120487C0120F8B5184D1B
:105450002B7843BB00220023164C17491748C4E998
:105460000023C0E90023C1E90023154E3046A6F110
:10547000180711F02FFFD4E90023276046F8182CF5
:10548000A3B1104811F026FF22680F4B7A636268BF
:1054900023604AB10D490E4812F046FC0D4811F048
:1054A000F7FC01232B70F8BD6360F3E76760E8E762
:1054B000A6960120587C0120507C0120487C0120C8
:1054C000A88A0120DC8A0120C48A0120E547050062
:1054D000187C01207C8A012008B505F0E1F904F070
:1054E00015FA06F0EBFC06F0ABFF06F0C9F80AF07F
:1054F00027FD02F0B1FF05F007FA02F02BF802F0E9
:10550000F7F8F9F7F5FE002008BD00BF38B583684D
:1055100004468069002B6ED00022B3F810C05B688F
:105520006244002BF9D1002873D03C4DAB689B1826
:10553000AB60EB6843F10003EB6003699B18036108
:10554000436943F1000343610BF04CFDA368002B5A
:1055500044D094F838305B070AD42146A06901F0A2
:10556000B9FB0128034603D0022837D0E3B938BD80
:1055700094F83830204643F0040384F8383004F0BF
:10558000E7FE94F83730C3F30213032B0CD8A3685B
:10559000DB681B7803F0F003402B0AD1204606F0AD
:1055A000EFFD0346002BE2D02046BDE8384004F072
:1055B000F1BBA3692BB31A6BA96A01320131A9624D
:1055C0001A63A3690BB36969DA6901310132696150
:1055D000DA612046BDE8384004F0DCBBA36963B162
:1055E00029699A690131013229619A612046BDE831
:1055F000384004F0CFBB1A4695E726210848EEF75D
:1056000007FB2B210648EEF703FB30210448EEF799
:10561000FFFA36210248EEF7FBFA00BFB87E012000
:10562000C058070000293FD038B50546002838D0BB
:105630008B680C465BB3DA684AB31B8A3BB30368DA
:1056400043B30C33D3E8AF3FDB0723D591F83730B2
:10565000084643F0010381F8373004F079FEA56174
:105660002B6823B31A7CA36884F8242084F82C20A8
:1056700013B15B68002BFCD194F83C0005F03AF9BB
:105680002146C0B205F028F938B9002038BD6FF0C6
:105690003C0038BD6FF0720038BD204604F07AFB44
:1056A000F3E76FF0150038BD6FF0150070471B78F9
:1056B000FFDE00BF002800F05B812DE9F8431F46A4
:1056C00083680446002B00F050818169002900F0B6
:1056D0003F810D6825B10C35D5E8AF3FDD0703D418
:1056E0006FF07200BDE8F8830B68002BF8D00C3324
:1056F000D3E8AF3FDB05F3D5164604F009FC20469E
:1057000004F026FE94F83710C1F30211012909D0E4
:1057100032463B462146A06901F02AFC022812D0FD
:105720000020DFE7A38EB3F5006F0FD06369002B75
:105730007ED1A56932463B462146284601F018FC39
:10574000022840F086806FF00400CBE7A368DD6894
:105750002B7A002B00F0888002F070FC2A69036825
:105760009A4200F0BE80A368DD682B7C7F2B1FD09F
:10577000D4F8188002F066FC2A6903689A4200F0A7
:10578000D680404605F1100100F07AFC002840F078
:10579000CE80A3680146D3F80C9009F1100840466A
:1057A00000F058FD0546002800F0B280A368DD68CF
:1057B000EA68A368DB681969D960A368DB681A61C5
:1057C0004FF40063A66904F1240004F12C05A386BC
:1057D000002E00F0D0803168002900F0D2800A69E4
:1057E0004B69626243603368002B00F0C88010335D
:1057F0001A685B68E2626B6094F83820A36822F054
:10580000140242F0140284F8382013B15B68002BB4
:10581000FCD194F83C0005F06DF82146C0B205F0CB
:105820005BF800283FF47CAF204604F0B3FA77E73A
:10583000A268D268126902F0F002E02A23D0A569BA
:1058400032463B462146284601F092FB02283FF4AF
:105850007AAF002D00F09D805149AB6B0A6B01338C
:1058600001320A63AB635BE7A169002900F08D8018
:105870004B4D0A6CAB6B0132013320460A64AB63BB
:1058800004F088FA4CE793F88C30002BD7D0002234
:105890000023204604F0D0FE054678B1A069A86137
:1058A00038B10368002B78D01B7C85F8243085F84C
:1058B0002C302946FFF7B6FE00281FDB94F837800E
:1058C000C8F30218A56932463B462146284601F036
:1058D0004FFB02283FF437AFB8F1010F7FF420AF40
:1058E000B7E7A369002B50D02D4C1A6CA16B013285
:1058F00001316FF07C00A1631A64F3E694F837304D
:10590000C3F30213012B26D0284604F043FAD5E74F
:1059100002F098FBD9F8102003689A423FF446AF92
:105920004146284600F0ACFB00287FF43FAFA26858
:10593000D3681B7B7F2BD4D094F837806369C8F37E
:105940000218002BBED0B8F1010F3FF472AFDFE6B2
:105950006FF01500C6E6A369DBB19A6B10490132FE
:105960009A630B6B01330B63CEE76FF03C00B9E633
:105970006FF03C0070470822314616F007FD002307
:1059800036E7082216F002FD2DE7D3210548EEF791
:105990003FF9D8210348EEF73BF91B78FFDE00BF43
:1059A000B87E0120C058070010B504464FF0FF3202
:1059B0004FF0FF331C4811F073FA1C4B1A6852B3B6
:1059C0004FF0FF3C4FF47A701168D369128C1B1BA7
:1059D00000FB0233002B1BDD9C4528BF9C4611B108
:1059E0000A460968F1E74FF4004440F2E7304FF40B
:1059F0007A720023ECFB0401EAF7F6FB02460B4641
:105A00000B4812F097FABDE81040074811F0F8BAB9
:105A100000200146F2E7064812F092FABDE8104075
:105A2000014811F0EDBA00BF606D0120607C0120DB
:105A3000687C012000282BD070B5036804468CB028
:105A40002BB10D4616465968144A914202D00120E6
:105A50000CB070BD18688368002BF8D05B69002B10
:105A6000F5D098470542F2D02368C5F10D01C9B2BF
:105A700093B118688368DB6963B16A46984748B98F
:105A8000009B36EA030314BF012000200CB070BD58
:105A9000012070470020DBE79B68FFDE28700120B3
:105AA0002DE9F04B82B014F007FA42014B01121AB3
:105AB00043EAD06363EB010395009B002D1843EA92
:105AC000927341EB0301CB0043EA5573C5F31035E4
:105AD00045EA4345264F4FF0FF324FF0FF3325484C
:105AE00011F0DEF93E6856B34FF000082B46C14670
:105AF00045464FF47A7B98463468F369328CA3EBC1
:105B000008030BFB0233002B15DCB388012B25D0D7
:105B10003368EDB12B607B68B34208BF7D6096F8B7
:105B20002230C6F8009069F3000386F822302CB1C9
:105B300026462468E1E73546002CF9D1454628463B
:105B4000FFF732FF0B4802B0BDE8F04B11F058BA36
:105B50007A683B60B242E2D17B60E0E71023B26931
:105B600020200093044906F1080302F011FCCFE75E
:105B7000607C0120606D0120000030E070B538B31A
:105B800005460C4600F1C8064FF0FF334FF0FF32D8
:105B9000304611F085F9D5F8B8303BB1DA7EC2F362
:105BA0004005920702D51A88012A05D00025304603
:105BB00011F026FA284670BDD8695B68226863EA4E
:105BC00000039342F2D1304611F01AFA284670BD14
:105BD00040F207310148EEF71BF800BF0823070029
:105BE000F8B5044648B30D46164600F1C8074FF015
:105BF000FF324FF0FF33384611F052F9D4F8B84075
:105C0000C4B1E37E9B0714D56A1C03D094F9193004
:105C1000AB420ED12388012B0BD16368084A1BBA13
:105C20001B0C1B04934202D11EB1043402E0002E6F
:105C3000FBD00024384611F0E3F92046F8BD00BF40
:105C40000000FEA92DE9F04383B0002853D004469C
:105C50000E461746994600F1C8084FF0FF324046FD
:105C60004FF0FF3311F01CF9D4F8B8503DB1A869DA
:105C7000234C20F07D4000F0FF20A04207D00025FB
:105C8000404611F0BDF9284603B0BDE8F0832B88EB
:105C9000012BF4D16A681B4913BA1B0C1B045B1A55
:105CA000B3FA83F35B094B45E9D1E969002311405D
:105CB0000191013E01A903E00833DBB2202B14D08F
:105CC00016F8012F11F8010B8242F5D0424014065C
:105CD0000BD403F10801C9B201E0100605D4013369
:105CE000DBB252009942D2B2F7D13A789A42C6D882
:105CF0003B700435C4E740F207310348EDF788FFF5
:105D0000000100020000FEA90823070000280ADDA8
:105D1000064A431E0649C3EB431302EBC300884205
:105D200028BF002070470020704700BF006F01208F
:105D3000F86F012038B5144A144B93421FD809D28A
:105D40009842044602D106E09C4204D0F8339342C4
:105D500015D8F9D338BD04F1C8054FF0FF334FF023
:105D6000FF32284611F09CF8B022002104F108000F
:105D700016F033FB2846BDE8384011F041B94FF426
:105D8000C5710348EDF744FFF86F0120006F012053
:105D9000F058070070B5104C104EB44215D819D207
:105DA00004F1C8054FF0FF334FF0FF32284611F0E1
:105DB00077F8B022002104F1080016F00EFB284607
:105DC000F83411F01DF9B442E9D94FF4CD7104480B
:105DD000EDF71EFF70BD00BF006F0120F86F0120BE
:105DE000F05807002DE9F041B0B304460E461546C1
:105DF0001F4600F1C8084FF0FF3240464FF0FF3316
:105E000011F04EF82268C2B10C32D2E8AF3FDB0588
:105E10001FD4062D11D824687CB104F11200A6B15C
:105E200031462A4616F0B2FA0026277465744046B9
:105E300011F0E6F83046BDE8F0816FF015064046F7
:105E400011F0DEF83046BDE8F081C4F812608680BB
:105E5000EAE74FF0FF36EAE740F207310148EDF795
:105E6000D7FE00BF08230700014B1860704700BF32
:105E7000808B0120054B064A934205D0054A1068E5
:105E8000002808BF1846704700207047006F0120A7
:105E9000F86F0120808B01202DE9F04104468846EF
:105EA00017461E4D4FF0FF324FF0FF331C4810F0E5
:105EB000F7FF2E684EB1B44227D0334601E09C4232
:105EC0000ED018461B68002BF9D126606B682C6039
:105ED0009BB1C4E90187BDE8F041114811F090B8C9
:105EE000236803606B689C4216D0002323602E68F1
:105EF00026606B682C60002BEBD16C60C4E90187D5
:105F0000BDE8F041064811F07BB86A682368944206
:105F10002B60EAD16B60E8E76860E6E70C8B012054
:105F2000606D01202DE9F04106460F4690464FF086
:105F3000FF334FF0FF320E4810F0B2FF0D4B1D68DB
:105F40008DB16B682C68B34206D02BB15CB125468D
:105F50006B682468B342F8D1424639463046AB6894
:105F60009847002CF3D1BDE8F041014811F048B842
:105F7000606D01200C8B012070B5002840D00446D4
:105F80000D4600F1C8064FF0FF334FF0FF323046A8
:105F900010F086FF23687BB10C33D3E8AF3F5B067C
:105FA0000AD5D4F8B83073B105B12B60002430465F
:105FB00011F026F8204670BD6FF08504304611F0D0
:105FC0001FF8204670BD4FF0FF324FF0FF330F48EF
:105FD00010F066FF0E4B1A6E42B9C4F8B8301C665A
:105FE00005B12B60094811F00BF8DFE7074811F005
:105FF00007F86FF00204304611F002F8204670BD39
:1060000040F207310348EDF703FE00BF606D012049
:106010001C8B01200823070070B550B305460C46C1
:1060200000F1C8064FF0FF334FF0FF32304610F05A
:1060300037FFD5F8B830B3B1DA7E4FF0000CC2F3B9
:10604000400592070AD51A88012A06D122685868A5
:10605000D96982EA00030B4200D06546304610F051
:10606000CFFF284670BD1D46304610F0C9FF2846B8
:1060700070BD40F207310148EDF7CAFD0823070063
:1060800090B970B50D4C0E4EB44211D80D4604D3E4
:106090000CE0F834B4420BD808D229462046FFF76A
:1060A0006DFD0028F5D070BDFFF768BD002070BD04
:1060B00040F679610348EDF7ABFD00BF006F0120AA
:1060C000F86F0120F0580700FFF7DABF0022FFF752
:1060D00087BD00BF00232DE9F04F83B00E468DF839
:1060E000073000296BD00A683C4C12BA120C12041B
:1060F000A24282460BD000284AD00DF10702FFF7DA
:10610000A1FD07465FB1384603B0BDE8F08F98B1F6
:1061100001221146FFF764FD0746002FF3D100224C
:1061200001215046FFF75CFD07460028EBD103B084
:10613000BDE8F04F01F082BF294DDFF8A88045454A
:1061400046D8834628BF0DF107090FD22C460DF122
:106150000709204601234A463146FFF773FDF8340C
:10616000002818BF8346444532D8F2D3454528D08D
:106170001D4B18681A4B002808BF18464A4631467E
:106180000123FFF75FFD07460028BCD15F46B9E752
:10619000134DDFF85080454515D8C0D207460DF1A4
:1061A0000709284600234A463146FFF74BFDF835DC
:1061B000002818BF0746454505D8F2D3A2E70F4689
:1061C000A1E70020DAE740F63F710848EDF720FD2F
:1061D00040F651710548EDF71BFD00BF0000FEA918
:1061E000006F0120F86F0120808B0120F05807001C
:1061F00038B5002824DD154C0138C0EB4010144A96
:1062000004EBC00595424FEAC00019D2C8300444DF
:106210004FF0FF324FF0FF33204610F041FED5F82B
:10622000B85045B1EB7EC3F340029B070BD52B88DA
:10623000012B18BF0025204610F0E2FE284638BD8D
:106240000025284638BD1546F5E700BF006F012040
:10625000F86F01202DE9F8431B4D1C4FBD421AD8A1
:10626000814688462CD205F1C8064FF0FF324FF028
:10627000FF33304610F014FED5F8B8402CB1E27E62
:10628000930702D52288012A0AD03046F83510F04B
:10629000B7FEBD42E6D940F6A1710D48EDF7B8FC56
:1062A000D9F8002063689342EFD1B8F1000F01D014
:1062B000C8F80050304610F0A3FE2046BDE8F88331
:1062C00000242046BDE8F883006F0120F86F01200C
:1062D000F0580700002330B50D4683B0014618463C
:1062E0000193FFF7F7FE044601F0A8FE844209D0AF
:1062F000204601A9FFF7AEFF019818B105B12C6047
:1063000003B030BD054B064A934205D0054A1068DC
:10631000002808BF1846F1E70020EFE7006F0120D2
:10632000F86F0120808B01200021FFF7D3BF00BF51
:10633000FFF790BF002300B583B001A90193FFF7D9
:1063400089FF60B1019B094883420BD308498B4206
:1063500008D20849181AC01001FB00F0013003B040
:106360005DF804FB4FF0FF30F9E700BF006F01203C
:10637000F86F0120DF7BEFBDF8B5B8B304460D46DA
:10638000164600F1C8074FF0FF324FF0FF33384692
:1063900010F086FD00212046FFF7EEFD002818DBF7
:1063A000D4F8B830ABB1DA7E4FF0000CC2F3400441
:1063B000920709D51888012805D129685868DA6933
:1063C000414011420BD06446384610F019FE204679
:1063D000F8BD0024384610F013FE2046F8BD3268A0
:1063E000DA61384610F00CFE2046F8BD40F2073165
:1063F0000148EDF70DFC00BF0823070070B5D0B1D0
:1064000004460D4600F1C8064FF0FF324FF0FF334F
:10641000304610F045FD00212046FFF7ADFD002875
:1064200004DBD4F8B8300BB12A689A653046BDE871
:10643000704010F0E5BD40F207310148EDF7E8FB90
:10644000082307002DE9F04385B000286BD00546EE
:10645000884691461F4600F1C8064FF0FF324FF0C4
:10646000FF33304610F01CFD284603A9FFF784FDDA
:10647000002844DBD5F8B840E37E990704D5D8F866
:1064800000106268914231D0B9F1020F039C38D0FC
:10649000E37E9B0733D45CB30121B7FA87F72A4622
:1064A00004206FF07F45E37E218023F0120343F048
:1064B0001203E3765FFA83FE7F0967F3000ED8F8D4
:1064C000007023186161617684F81890676084F821
:1064D0001BE0E56116490090012001F059FF3046AC
:1064E00010F08EFD204605B0BDE8F083DA060CD52D
:1064F000304610F085FD204605B0BDE8F08300244D
:10650000F6E7237E042BC3D1C5E704F11403D3E8D7
:10651000EF1F0131C3E8E21F002AF8D1E37E43F008
:106520001003E376E4E740F207310248EDF770FB31
:10653000000030E00823070070B582B000284ED07C
:1065400004460D4600F1C8064FF0FF324FF0FF330E
:10655000304610F0A5FC00212046FFF70DFD002875
:1065600036DB2B6803F0F003E02B31D1D4F8B80010
:1065700070B390F838C01CF0010C20D124232021E6
:10658000224644180121CCEBCC0C00EB8C0C0344CC
:106590000420ACF820109CF8381041F001018CF870
:1065A00038102968CCF8241000900F49042001F01D
:1065B000EFFE304610F024FD204602B070BD90F88A
:1065C0005430DB0704D440233C214FF0010CD7E7C3
:1065D0000024304610F014FD204602B070BD40F299
:1065E00007310248EDF714FB000030E008230700F4
:1065F000F0B583B0002852D005460C4600F1C8071C
:106600004FF0FF334FF0FF32384610F049FCD5F819
:10661000B830002B3AD093F83820D2072BD5002C75
:106620003BD02268596A8A421AD124220024C4EB42
:10663000C40403EB840413442A46042594F8381058
:1066400008206FF3000184F83810174900950126DF
:1066500001F09EFE384610F0D3FC304603B0F0BD8A
:1066600093F8546016F00106F4D0196C8A420DD1EB
:1066700040220124DBE793F8546016F00106E9D0CC
:10668000002CF5D02268196C8A42F1D000263846D9
:1066900010F0B6FC304603B0F0BD2422C7E740F24C
:1066A00007310248EDF7B4FA000030E00823070094
:1066B0002DE9F041274CDFF8A08044453BD8074640
:1066C0000E4608D25EB133684BB1A34207D0F8340E
:1066D000444530D8F8D300242046BDE8F08104F1C9
:1066E000C8054FF0FF334FF0FF32284610F0D8FBBB
:1066F000D4F8B830CBB193F83820D00720D53FB3C9
:106700003A68596A8A4223D093F85410C9070CD5C5
:10671000196C8A4209D13C2206B134609C18284683
:1067200010F06EFC2046BDE8F0812846F83410F0E9
:1067300067FC4445C5D941F22A310848EDF768FAAB
:1067400093F85420D207F0D5002FE4D03A68DFE761
:106750002022E1E7006F0120F86F0120F0580700C8
:10676000A8B138B50D4689B100F1C8044FF0FF3229
:106770004FF0FF33204610F093FB2B7E6FF3410365
:106780002B762046BDE8384010F03ABC38BD704743
:106790002DE9F0410368044693F8207084B00C336F
:1067A000D3E8AF3FD90740F13781006800B10068F6
:1067B0000FF0AEFD00283ED103252368C3B383F854
:1067C000205004F1C8064FF0FF324FF0FF3330463F
:1067D00010F066FBD4F8008013F06EFB4FEA401C0B
:1067E0004A01BCEB000C42EAD06262EB01024FEAC4
:1067F0008C0392001B1842EA9C7241EB0201C90013
:1068000041EA5371C3F3103343EA4143C90BC8F85B
:106810002830C8F82C10304610F0F2FB236893F8AB
:106820002020AA4204D1062D1AD0062F00F0958010
:1068300004B0BDE8F0812368002BF9D00C33D3E815
:10684000AF3F9A0540F1E8802368002BF0D00C336D
:10685000D3E8AF5FC5F38025C5F10605EDB2ACE71F
:10686000062FE5D0DA69002A00F0CD800C33D3E89A
:10687000EF1F41F48071C3E8E21F002AF7D1002323
:10688000224600930220734901F082FD236853B130
:10689000DA69002ACCD15B682BB1DB681BB12046DA
:1068A00098470307C4D44FF0FF334FF0FF32304610
:1068B00010F0F6FA2368002B00F0B0800C33D3E818
:1068C000AF3F5F0640F1AA80204603A9FFF754FBC3
:1068D0000028C0F2A380039B93F8382093F854104B
:1068E000D50701F0010040F19D809707C2F34005F4
:1068F00000F198805D6303F13407002800F09E806A
:106900008A0700F19B8003F150051F65304610F0A7
:1069100077FB2E68002E00F0968000222046A5F11D
:106920001001143E05F00CFF726952B1A2F114057A
:10693000311D2E460022204605F002FF7269002A12
:10694000F4D12046311D05F0FBFE2368002B3FF4F7
:106950006FAF0C33D3E8AF3F6AE70C33D3E8EF1FD8
:1069600021F48071C3E8E21F002AF7D100232246F8
:1069700000930120374901F00BFD23684BB1DA6920
:106980008ABB5B682BB1DB681BB1204698470007C8
:1069900029D44FF0FF334FF0FF32304610F080FA29
:1069A0002368EBB10C33D3E8AF3F590618D5204626
:1069B00003A9FFF7E1FA002812DB039D95F83830B0
:1069C000DA0704D5204605F12001FFF7C9FE95F846
:1069D0005430DB0704D5204605F13C01FFF7C0FE2B
:1069E000304610F00DFB304610F00AFB204609F04F
:1069F000A1FA4FF0FF324FF0FF33304604B0BDE84C
:106A0000F04110F04DBA5A7C002A7FF42FAF41F2CA
:106A100069611148EDF7FCF80225CEE6304610F02A
:106A2000EFFA92E70028F9D08D07F7D4002203F19E
:106A300050051A65304610F0E3FA6AE7304610F068
:106A4000DFFA3D4665E732462046A5F1100105F024
:106A500077FE7AE7000010D0F0580700A8B138B5EB
:106A60000D4689B100F1C8044FF0FF324FF0FF33FB
:106A7000204610F015FA2B7E43F002032B762046B9
:106A8000BDE8384010F0BCBA38BD704738B5F8B131
:106A9000044600F1C8054FF0FF324FF0FF3328469F
:106AA00010F0FEF900212046FFF766FA002809DB06
:106AB000D4F8B8400CB194F85C40284610F0A0FA25
:106AC000204638BD0024284610F09AFA204638BDEA
:106AD00040F207310148EDF79BF800BF082307009B
:106AE00038B5F8B1044600F1C8054FF0FF324FF059
:106AF000FF33284610F0D4F900212046FFF73CFA76
:106B0000002809DBD4F8B8400CB194F85D40284661
:106B100010F076FA204638BD0024284610F070FAAE
:106B2000204638BD40F207310148EDF771F800BF4B
:106B300008230700F8B588B304460E46154600F151
:106B4000C8074FF0FF324FF0FF33384610F0A8F976
:106B5000012E1FD1D4F8B8403CB1E37E9B0719D574
:106B600062682B689A4218BF0024384610F048FA31
:106B700094B104F11403D3E8AF2F6AB1511CD3E8E8
:106B8000EF0F904203D1C3E8E51F002DF7D1F2D1FA
:106B90002046F8BD0024E8E70024F9E740F2073179
:106BA0000148EDF735F800BF082307002DE9F04153
:106BB00082B0002858D004460D461746984600F18A
:106BC000C8064FF0FF3230464FF0FF3310F068F93F
:106BD000012D09D1D4F8B85035B1EB7E9B0703D510
:106BE0006A683B689A4207D0304610F009FA6FF0A5
:106BF000150002B0BDE8F081304610F001FA05F151
:106C00001401D1E8AF2F002AF1D0501ED1E8EF3F98
:106C1000934203D1C1E8E70F002FF7D1F1D1012A48
:106C20001ADCEB7E6FF34103EB764FF0FF334FF04E
:106C3000FF32304610F034F9D4F8B8303BB10427B5
:106C4000224602200B49EB19009701F0A1FB3046C8
:106C500010F0D6F90020CCE7B8F1000FC9D0C8F881
:106C6000005002B0BDE8F08140F207310248ECF775
:106C7000CFFF00BF000030E00823070070B50546D5
:106C800082B018B30C46B9B100F1C8064FF0FF331B
:106C90004FF0FF32304610F003F9D5F8B8309BB111
:106CA00022460121284601ABFFF780FF002806DCC1
:106CB0000124304610F0A4F9204602B070BD019BBB
:106CC000DA7E6FF30412DA760024F2E704462046F7
:106CD00002B070BD20B1036813B15B681B68184730
:106CE00000231B68FFDE00BFF8B505460E461746B9
:106CF0004FF0FF334FF0FF320D4810F0D1F80D4B3D
:106D00001B687BB11C683A46314628465B68984749
:106D100044B1234624683A46314628465B68984782
:106D2000002CF6D1BDE8F840014810F069B900BF69
:106D3000606D0120148B01200023F0B583B0CDE9F4
:106D4000003399B37A4B04461B680D4653B191F852
:106D50002D202E31062A29D80DF102008DF80120B0
:106D600015F014FB6F6934B1236823B10C33D3E8F9
:106D7000AF3F99051CD46FF07206284603F00AF85D
:106D800067B1BB6B1BB1314638467A689847B7F894
:106D90008E30112B75D0062B00F08C809DF80130C1
:106DA00023B1324669462046FFF79EFF03B0F0BD8F
:106DB0002368002B57D00C33D3E8AF3F9A0452D549
:106DC0002368002B00F0B1805B6829465B68204691
:106DD000984723680646002B4ED00C33D3E8AF3FCC
:106DE0009B0449D5002E12DB5249E2680B6820460D
:106DF0009B190B604B6843EBE6734B60A3689B19D0
:106E000042EBE672A360E2600AF0ECF8B8E713F038
:106E100053F84FEA401E4B01BEEB000E43EAD0632D
:106E200063EB01034FEA8E029B00121843EA9E7344
:106E300041EB0301CB0043EA5273C2F31032DFF897
:106E4000F8C042EA4342DCE8AF3F41F28731D01A52
:106E5000884248D8394BD3E8EF1F0131C3E8E21F1D
:106E6000002A8AD0F7E74FF0FF324FF0FF3304F1EA
:106E7000DC0010F015F8A3E704F1DC0010F0C0F816
:106E8000B0E797F99230002B29DD2D4A013BC3EB87
:106E9000431302EBC3032B4A934220D2D3F8A02022
:106EA00024490132C3F8A020D1F898300133C1F849
:106EB000983073E797F99230002B27DD204A013B89
:106EC000C3EB431302EBC3031E4A93421ED25A6F15
:106ED000184901325A67CB6E0133CB665EE7FF215A
:106EE0001948ECF795FEDCE8EF1F994203D1CCE896
:106EF000E02F0028F7D10ED10022104BD3E8EF1F6E
:106F0000C3E8E02F00283FF438AFF7E74FF498715B
:106F10000D48ECF77DFE094BD3E8EF1F0131C3E8C4
:106F2000E21F002A3FF429AFF6E75B68FFDE00BFEF
:106F3000148B0120B87E0120088B0120048B0120D6
:106F4000006F0120F86F0120C058070010B58B6852
:106F50000C4613B15B68002BFCD194F83C0003F0A5
:106F6000C7FC2146A069BDE81040FFF7E5BE00BFA1
:106F7000F8B50C4605464E69002854D00368002B2E
:106F800051D00C33D3E8AF3F99054CD50368002BA3
:106F90006AD00C33D3E8AF3FDA0644D40368002B41
:106FA00062D05A68002A5FD05268002A5CD00C3345
:106FB000D3E8AF3F9B0715D494F8253093B9A36964
:106FC000002B00F090801B68002B00F08C805A7C16
:106FD00003F11201062A05D884F8252004F12600C1
:106FE00015F0D4F956B1B6F89030C3F38112032AE4
:106FF00004D1C3F3C203013B012B05D994F8373008
:10700000C3F30213012B2AD0A36813B15B68002BD2
:10701000FCD194F83C0003F06BFCA0692146FFF71B
:107020008BFE0020F8BD6FF072075EB1B36B1BB131
:107030003946304672689847B6F88E30112B2DD0FD
:10704000062B16D094F82D300BB90220F8BD284637
:107050003A4604F12C01FFF747FE0220F6E72046EE
:1070600005F0ECF9022832D16FF00407002EDDD1D3
:10707000E8E796F99230002B30DD1C4A013BC3EB68
:10708000431302EBC3031A4A934227D25A6F19499A
:1070900001325A67CB6E0133CB66D3E796F9923053
:1070A000002B17DD114A013BC3EB431302EBC30373
:1070B0000F4A93420ED2D3F8A0200E490132C3F8F2
:1070C000A020D1F898300133C1F89830BAE70028F1
:1070D0009AD0F8BDFF210848ECF79AFD4FF498715B
:1070E0000548ECF795FD5B78FFDE00BF006F0120DF
:1070F000F86F0120B87E0120C05807000A46012120
:10710000FEF798BC0A460221FEF794BC074B984252
:1071100009D3074A904206D2064AC01AC01002FBA1
:1071200000F0013070474FF0FF307047006F0120D2
:10713000F86F0120DF7BEFBDF8B5094C094FBC4269
:1071400008D805460E460AD220463146F834A847EC
:10715000BC42F8D941F241610348ECF759FDF8BD52
:10716000006F0120F86F0120F058070028B1006877
:1071700018B1C069003818BF0120704706289ABFAF
:10718000024B53F820000248704700BF74590700B3
:107190001C59070070B582B0002854D0044600F195
:1071A000C8064FF0FF334FF0FF3230460FF078FE45
:1071B0002368002B3BD00C33D3E8AF3FDB073CD434
:1071C0002368002B33D05D68C5B1AD68B5B11868D0
:1071D00000283DD00FF09CF890B32368002B3CD0E2
:1071E0005B68012120469B689847051E19DB00213A
:1071F0002046FEF7C1FEE0B1236843B10C33D3E86B
:10720000EF1F41F00101C3E8E21F002AF7D100237C
:10721000082022461249009301F0BAF82046FFF7F1
:10722000B7FA30460FF0ECFE284602B070BD0025DC
:10723000EDE7204605F002FBDEE76FF07705F0E7AB
:107240006FF00505EDE740F207310648ECF7E0FC8A
:1072500041F214710448ECF7DBFC9B68FFDE00BFD1
:10726000000010D008230700F058070070B582B066
:1072700000285CD0044600F1C8064FF0FF334FF001
:10728000FF3230460FF00CFE2368002B45D00C3344
:10729000D3E8AF3FDD0740D5D4F8B8505DB195F8DD
:1072A0003830D80701D5990731D495F85430DA072A
:1072B00001D59B0725D42368BBB35D6845B1AD6894
:1072C00035B100212046A847051E14DB236843B1D1
:1072D0000C33D3E8EF1F21F00101C3E8E21F002ABD
:1072E000F7D10023042022461349009301F050F8FF
:1072F0002046FFF74DFA30460FF082FE284602B0D6
:1073000070BD204605F1400105F05CFAD3E7204648
:1073100005F1240105F056FAC7E76FF0770530460E
:107320000FF06EFE284602B070BD1D46D9E740F250
:1073300007310248ECF76CFC000010D0082307006E
:1073400020B338B5044600F1C8054FF0FF334FF0C5
:10735000FF3228460FF0A4FD23687BB10C33D3E83D
:10736000EF2F42F40071C3E8E01F0028F7D1930526
:1073700004D52846BDE838400FF042BE2046FFF74E
:1073800007FA2846BDE838400FF03ABE704700BF04
:10739000F8B138B5044600F1C8054FF0FF334FF09F
:1073A000FF3228460FF07CFD23686BB10C33D3E825
:1073B000EF2F22F40071C3E8E01F0028F7D19305F6
:1073C00002D52046FFF7E4F92846BDE838400FF023
:1073D00017BE7047E8B108B50368DBB1D86920B9BA
:1073E0000D4A596891420CD008BD1B689B6898688B
:1073F0000028F9D08047A0F10300B0FA80F04009DE
:1074000008BD9B68987EA0F10100B0FA80F04009A9
:1074100008BD7047184608BD28700120F8B5B0B106
:107420000F46A1B1002A164611DD00F1BC0420462A
:10743000E8F706FF8642054606DD214638466A1C07
:1074400014F0A4FF2846F8BD6FF02105FAE76FF0AD
:107450001505F7E7B8B32DE9F8430E4681B30546A5
:107460000846E8F7EDFE0828814621D8174C184F4A
:10747000BC4220D80ED200F10108A54206D04246F7
:10748000314604F1BC0014F0B0FF68B1F834BC42DE
:1074900011D8F2D3314609F1010205F1BC0014F014
:1074A00075FF0020BDE8F8836FF07700BDE8F88332
:1074B0006FF05A00F6E741F6C5010648ECF7A8FB65
:1074C0006FF01500EEE76FF015007047006F0120B8
:1074D000F86F0120F058070080B32DE9F041DFF884
:1074E0006480194FB84524D81CD20546E8F7A8FE99
:1074F0004446064603E0F834BC421AD812D232465B
:10750000294604F1BC0014F0A5FF0028F3D144453E
:107510000CD30E4BA4EB0800C01003FB00F00130AD
:10752000BDE8F0816FF00100BDE8F0814FF0FF3061
:10753000FAE741F6E1010648ECF76AFB6FF0150047
:10754000704700BF006F0120F86F0120DF7BEFBDA7
:10755000F05807002DE9F04F85B0DFF85481554E03
:107560004FF0FF324FF0FF3353480FF099FC03F018
:10757000C9F9B04500F28F807BD244464FF0000934
:107580004E4FDFF83CA108F1BC0525E00C33D3E8F1
:10759000EF1F41F04001C3E8E21F002AF7D104F1D8
:1075A000C8000FF075FC04F1DC000FF071FCDBF893
:1075B00000302046984794F8F03094F8BC2023F02F
:1075C000030384F8F030CAB1F834B44209F1010978
:1075D00061D805F1F80536D2002255F8BC3CC5E962
:1075E00000222A72002B60D01A68D2F808B0BBF1D2
:1075F000000F03D0DBF80020002AC7D12046FFF798
:10760000E9FEA0B955F8BC3C13B15B68534536D0D0
:107610003B680DF1040B5A1C3A6009215846294A6F
:1076200013F028FC59462046FFF714FFCCE7264A02
:107630000DF1040B13680921581C10605846234AA9
:1076400013F018FCEEE7224AA6EB0803DB08A2FBC6
:107650000323B9EB930F23D14FF4A0721D4B1E49A6
:107660001E48A3F85C2010F05FFB00221C4BC3E90E
:107670000022114805B0BDE8F04F0FF0C1BC194A17
:107680000DF1040B13680921581C10605846164A66
:1076900013F0F0FBC6E741F633111448ECF7B8FAE3
:1076A00041F655111148ECF7B3FA9B68FFDE00BFB5
:1076B000006F0120F86F0120606D0120F88A012021
:1076C0002870012038590700008B01202859070035
:1076D000114208211C8B0120A15A0500687C012061
:1076E000607C0120FC8A012030590700F058070017
:1076F00038B50C4C0C4DAC420AD812D2236863B199
:107700000C33D3E8AF3F1B0707D5F834AC42F4D9AC
:1077100041F66D110548ECF77BFA2046FFF73AFD7C
:10772000F3E738BD006F0120F86F0120F058070023
:10773000431E012B09D9042801D00E4870470D4B78
:107740000D48012918BF18467047112910D007DCD1
:1077500001290BD0074B0948062918BF1846704766
:10776000044B07483A2918BF184670470548704728
:1077700005487047E0590700D8590700C859070065
:10778000D0590700C0590700CC59070000283DD048
:10779000022970B5DBB2864602D0082918BF06213F
:1077A000B3B303EBC30403EB440303EBC3035D1E5A
:1077B0000EF101033A2002F1030C0EEB010653FA1D
:1077C00085F501E0AE451AD01EF8011B0CF8010C3E
:1077D00001F00F039F294FEA111494BF04F1300107
:1077E00004F13701092B94BF30333733B6450CF819
:1077F000031C0CF8023C61460CF1030CE2D18A42F6
:1078000006D0002301F8013C104670BD01487047C6
:10781000002070BDB45907002DE9F04F002591B04C
:10782000012884460E461446CDE90A55CDE90D558A
:1078300009950C950F9542D002283CD12D2B3AD9B1
:107840000868F3684968B2680CAF0FC703460B437A
:1078500000F0FC802F4600250AA90CAE10A8324685
:1078600005E00B78904203F101030B7003D032F86E
:10787000023B002BF5D00135082D06F1020601F17F
:107880000101ECD14FF0FF3B012300250DF1270151
:1078900011F8012F9A4288BFAB4605F1010588BF58
:1078A0001346082DF4D13A22012B08BF4FF0FF3BBD
:1078B0000CA900920FE0284611B0BDE8F08F0F2B05
:1078C000F9D90B6809932E232F46009304254FF016
:1078D000FF3B0346394600268E462246B2461846EE
:1078E000B8465946CDE905C4DFF88C91431E4FF0E8
:1078F000000C049307903AE0B8F1000F03D0BCF1FC
:10790000050F00F3AC80614566D01EB14FF03A031D
:1079100002F8013B3EF81C305BBA13F47F4FC3F30F
:107920000726C3F3031403F00F0042D006F00F0341
:10793000360905D0092E94BF3036573602F8016B50
:107940000126092B94BF30335733092C94BF3034B0
:107950005734092894BF30305730137054709070EA
:1079600082F803A003320CF1010C654514DD042DEF
:10797000C2D10CF140036B4413F81C7C002F3BD1A7
:1079800013464FF030000CF1010C03F8020B009885
:10799000654550701A46EADC0023DDE905C420463F
:1079A000BCF1010F0CBF02F8013C137011B0BDE82F
:1079B000F08FFCB11346092C94BF3034573403F8D0
:1079C000014B1A46092894BF3030573002F8010B9A
:1079D000012683F801A0C6E706B919B94FF03A03AA
:1079E00002F8013B049B00269C444FF03A0302F846
:1079F000013BB8E71346E4E7104609244FF0000BBB
:107A0000CDE901511D4B0392B7FBF3F55C45A9FB92
:107A100003213A4603FB157701DB9A4205D3B2FBFB
:107A2000F3F2A346303200F8012B013C651C4FEA0B
:107A3000D103E9D1039A80F800A0009B801A52FA82
:107A400080F2DDE9015102F8013B8CE74FF6FF734C
:107A5000BDF83A20D71AB7FA87F77F09FBE62E233D
:107A60003A240093012302F8014B0F9C0425079848
:107A7000099405933AE700BFCDCCCCCC00CA9A3B21
:107A800010B40A4B1A6801321A602E23084C84FB8A
:107A9000024CACEBE27C074C0CEB4C0CA2EB0C0266
:107AA00003FB024210BCFFF7B7BE00BF108C0120E1
:107AB00056555555848B012001282DE9F0470D4678
:107AC000164600F08B80022828D128462E2114F07B
:107AD000B4FC95F8008000280CBF08270627B8F1F1
:107AE0003A0F04BF95F8018001352846E8F7A8FB56
:107AF000E8B101386F4C2918681E10F8013FA3F156
:107B00003002092A11D9A3F12E02D2B2462B24FA4F
:107B100002F207D82D2B01D9D30706D46FF0150038
:107B2000BDE8F087613B052BF8D88842E5D10024F9
:107B3000A14606EB470AB8F1000FEFD0B8F13A0FB3
:107B400028D010220021284613F0C0F910228046C8
:107B50000021284613F0BAF9C8F3072848EA00289C
:107B600026F814803A21284614F067FC38B1451CE9
:107B70000134A74240F3968095F80080DBE77B1E36
:107B8000A342CBDC631C9F42C8DC062FC6D000207A
:107B9000BDE8F087A742C8BF06EB440362DD83F867
:107BA000009083F8019002335345F8D13A212846DA
:107BB00014F07EFCA8424AD0062F00D101380130D3
:107BC0007C1E01E0A84207D010F8013D3A2BF9D104
:107BD000013CA3D3A842F7D10135C9E700234D1ECC
:107BE0001C4618461946136015F8012F92B12E2A2B
:107BF00027D0303AD7B2092F90D80130C0B204282C
:107C00008CD003EB830302EB430293B215F8012FF0
:107C1000002AECD1012811D9092B7FF67FAF032868
:107C200012D0FF2B3FF67AAF73542B78ABB10131F2
:107C3000C9B2042911D000231846D5E70028F0D195
:107C40006CE70134A4B2E5E7632BEAD866E7062FB8
:107C50000ED06B78002BB2D199E7032C7FF45EAF86
:107C6000002095E74146284614F022FC8542A5D124
:107C7000013500240B362B78002B3FF44FAF002149
:107C80000A22284613F022F903462E21284606F838
:107C9000013F14F0D2FB48B10134042C00F101057E
:107CA000E9D174E7062F7FF472AFE2E7032C7FF48B
:107CB00035AF6CE70110F80110292DE9F04F0D46A2
:107CC00028BF10250E46074691469846AA4687B01B
:107CD00075B14FF0000C00F1FF3E03E00CF1010C18
:107CE000AC4505D01EF8014F002CF7D16546E246A1
:107CF000B8F1000F54D02A463A21384614F038FB28
:107D00000446002848D0C31B9A45A8BF9A4655464A
:107D10004FF0000B394601AF2A46384614F036FBC7
:107D20000AF118030DEB030A0AF814BC01203946C6
:107D300009F10402FFF7C0FE58452DDB0123A9F825
:107D40000030B8F1000F03D1012007B0BDE8F08F7B
:107D5000013E761B3246E118384614F017FB06F157
:107D600018030DEB03060A223846694606F814BCD0
:107D700013F022F9009BBB420CD09DF804205AB1AD
:107D80001B784BB9B0F5803F83B205D25BBAA9F836
:107D90000230D9E70028F0D1002007B0BDE8F08F0D
:107DA0004446B5E72DE9F04311F0010770D140BA20
:107DB0008C07BC4680B279D40F2A40F281808E466F
:107DC0000024A2F1100601F1100526F00F031D4456
:107DD0004FEA1619DEE900369B19DEF8086044EB1D
:107DE00004089B19DEF80C6048F100089B1948F163
:107DF00000080EF1100E1B184CEB080C75451846C8
:107E0000E8D109F10106B50002F00F0201EB0616F8
:107E1000032A17D9131F05EB93040E1D06EB8406E6
:107E20004FEA930E01EB850454F8043B1B184CF108
:107E3000000CB4421846F7D10135754401EB8506B4
:107E400002F00302012A06D936F8023B023A1B1857
:107E500018464CF1000C012A0CD13378F20748BFC8
:107E60001B021B1818464CF1000C03E080B2C0182E
:107E700042F1000C030C43EA0C434FEA1C4253EA64
:107E80001C4CF3D180B20FB940BA80B2BDE8F08388
:107E90004FF0000C002AF5D011F8013B013A1B020B
:107EA0001B184CF1000C8C07184685D5012A0AD9FD
:107EB00031F8023B023A1B1818464CF1000C7BE7E4
:107EC0000E460025A4E70E46C5E700BF4B1E012B5A
:107ED0002DE9F047064665D9846834B10022208A2E
:107EE00064680244002CFAD194B2082596F8363022
:107EF00096F83A201344C91A0C44A4B23046D6E985
:107F000003A902F025FA96F8378096F8361048F063
:107F10000103491B86F83730304602F01FFA2A4623
:107F200031692046FFF73EFF96F83A10044629448F
:107F3000304602F013FAF56808F001080DB3316914
:107F4000F9B1EB682F8ACB1AFF1A20463A46FFF7A1
:107F500029FF6D680446F5609DB12B8A8BB1E968F5
:107F6000FB0731610BD50B7801311C44A4B23161A0
:107F7000A3422F8A84BF0134A4B2013FE5E72F8AD0
:107F8000E3E714B164BAE443A4B296F83730C6F814
:107F90000CA068F30003C6F8109086F8373020462E
:107FA000BDE8F08700242546A8E700BF90F83730E9
:107FB000C3F30213012B01D1FFF788BF00207047E4
:107FC00008B5034693F8361093F83A209B680A44A4
:107FD0000020D968FFF7E6FE10B140BAC04380B276
:107FE00008BD00BF90F83730C3F30213012B02D154
:107FF0000221FFF76BBF0020704700BFE0B1D9B18D
:108000000378CBB15B2B17D010B501F1FF3E0023F5
:1080100000F1FF3C864404E03A2C08BF0133F445EC
:1080200003D01CF8014F002CF6D1012B18BF002300
:10803000BDE81040FFF740BE002070470048704781
:10804000F059070000487047EC5907002DE9F04F40
:10805000DFF89CA1674B0AF1FF36F61AAAEB03077B
:10806000DFF89481DFF8949191B036093F0900223E
:108070000023634802A90EF047FE0546002840F0A1
:10808000AF804FF0FF334FF0FF3240460EF008FF55
:10809000584B534500F2A78036D25A4C00E01D469B
:1080A0000D9954F80CCC0C9881EA0C0381EA0C026F
:1080B000C3F30173C2F30652134354F810EC1BD1FF
:1080C000C1F3130303430DD0CCF313035EEA0303A0
:1080D00008D001EA0C0C00EA0E0ECCF3130C5EEA99
:1080E0000C0E09D054F8043C0E9A01930A9B00939D
:1080F00054F808CC02ABE047BD4274D0B54205F15C
:10810000010304F11004CAD1D9F80050002D36D073
:108110004FF0000B2C68DDE90CC2D5E904E082EADF
:10812000000182EA0003C1F30171C3F306530B435C
:1081300021D1C2F313035CEA03030CD0C0F3130391
:108140005EEA030307D002400CEA0E0CC2F31302EE
:108150005CEA020C0FD00A9BBBB102ABAB600A9B7E
:108160006968EB60030115D40E9B28460093DDE996
:108170000C238847AB4614B125462468CBE740461C
:108180000EF03EFF10F0C6FE71E7AB60EB6003013E
:108190006968E9D58B6913B10E9A9342EBD1DDE999
:1081A0000C23C5E904230E9B8B612B68BBF1000FE8
:1081B0000DD0CBF80030D9F804309D4208BFC9F883
:1081C00004B0002368682B600FF0AEF9D3E7D9F84C
:1081D0000420C9F800309542F3D1C9F80430F0E723
:1081E00011B0BDE8F08FFC210748EBF711FD00BF8F
:1081F00034CD060034CD0600886D0120148C01209A
:10820000EC6D012044CD0600F459070038B5044652
:108210004FF0FF324FF0FF331C480EF041FE1C4977
:10822000086848B1844228D0034601E09C4215D03A
:108230001A461B68002BF9D120604B680C60D3B143
:10824000144B25696069D3E9001229430243C3E94D
:108250000012BDE838400D480EF0D2BE236813600E
:108260004B689C4210D000232360086820604B6854
:108270000C60002BE4D14C60E2E74A68236894422A
:108280000B60F0D14B60EEE74A60ECE7886D0120AF
:10829000148C0120D07C0120F8B50446364E4FF0F6
:1082A000FF334FF0FF3235480EF0FAFD336843B12B
:1082B0009C4202D150E09C4246D01A461B68002BDB
:1082C000F9D1002200232E482E492F4D8842C5E9BE
:1082D00000234CD81FD200234C1EA1EB000E241A01
:1082E00000F11002194618464FEA1E1E240900E04C
:1082F000634652F8107C734540EA070052F80C7C44
:1083000041EA070131D0A34203F1010C02F110024E
:10831000EED1C5E9000133688BB1D3E904102A68B6
:108320001B6811436A6810433BB11A461B68D2E9C7
:10833000044221431043002BF7D1C5E90010BDE8EA
:10834000F8400E480EF05CBE2368136073689C42D0
:1083500009D000232360B4E7726823689442336035
:10836000F7D17360F5E77260F3E7C5E90001A32177
:108370000648EBF74DFC00BF148C0120886D0120EE
:1083800034CD060034CD0600D07C0120F45907001E
:108390002DE9F0472A4C1D46D4E900ECC1F30173E6
:1083A00033EA1C73DDF8208001D0BDE8F087C1F30B
:1083B000065333EA1C530C46F7D121EA0C0C20EA91
:1083C0000E0ECCF3130C5EEA0C0E0646EDD14FF008
:1083D00000091746DFF86CA04FF0FF324FF0FF3373
:1083E00019480EF05DFD49463822504613F0F5FF5E
:1083F00065B1B8F1000F09D0B8F1200F1AD829469D
:108400004246504613F0C2FFCAF82080CAE90A6407
:10841000CAF830704FF4A47200230A490B480EF0DA
:108420006BFC09480EF0ECFDBDE8F047084909482F
:108430000FF0EEBB0448BDE8F0470EF0E1BD00BF11
:10844000D07C0120987C01209C6D0120EC6D0120E6
:10845000F06A0120D87C01200020002170B52C4B4F
:108460002C4A2D4C9342C4E9000186B04BD81FD250
:10847000D51A02F1FF3E0022AEEB030E1046114664
:1084800010332D094FEA1E1E00E0624653F8106CAF
:10849000AA4240EA060053F80C6C41EA060130D0CB
:1084A000724502F1010C03F11003EED1C4E90001A1
:1084B0001A4B1A688AB1D4E900101369194313687A
:1084C000526910433BB11A461B68D2E90452294352
:1084D0001043002BF7D1C4E900100023104A1148C3
:1084E00003ACCDE9032305930FF0B6FB4FF0FF3348
:1084F0004FF448720C490B4800940FF0BBFB06B0D8
:1085000070BDC4E90001A3210848EBF781FB00BF5F
:1085100034CD060034CD0600D07C0120148C01201F
:10852000205A0700D87C0120B0B80120F459070078
:108530004FF4137108B50148EBF76AFBE80B07002D
:1085400040F2023108B50148EBF762FBE80B070087
:108550002DE9F04F3E4E0024B4460F469046994612
:1085600085B0BCF890E01EF0010F03D0DCF830308D
:10857000984209D00134062C0CF1980CF1D140F648
:10858000C6313448EBF744FB982504FB05F5BB697D
:1085900006EB050A002B51D005F10C0BB3444FF04C
:1085A000FF3258464FF0FF330EF07AFCB8690028CE
:1085B00042D0FEF7ABFD8AF89200C7F814A0DAF8B3
:1085C0003430002B33D0BAF88E30062B18D005F19A
:1085D000440030440EF0A8FF58460EF011FD0E9DE9
:1085E00050460195982505FB04660024756B4B46A3
:1085F000424639460094A847204605B0BDE8F08FB2
:10860000BB693846039302F01BF8039BDBB11249A8
:108610008A6D12188A65CA6D42F10002CA651A6E27
:1086200012181A665A6E42F100015966CFE7584691
:108630000EF0E6FC0220E0E7FFF782FF40F6C731CC
:108640000448EBF7E5FA4FF490710448EBF7E0FAD1
:10865000348C01202C5A0700B87E0120C058070036
:108660002DE9F84F0546894617469846374C9DF840
:108670002CB09DF830A004F56476B4F890C01CF0DE
:10868000010F19D00DB1A54216D0B4F88E00B84232
:1086900012D1638C43450FD11CF4006F08D0B9F19F
:1086A000000F05D094F99200FDF730FB814503D10E
:1086B0000A9B1B88012B05D09834B442DDD10020E1
:1086C000BDE8F88F636A002BF6D0228C012AF3D123
:1086D0001B68D3B10A9A5268BAB19342ECD1BAF18D
:1086E000000F03D094F88A30002BE5D1BBF1000FC6
:1086F0001DD0B4F89030C3F38113012B17D1236C34
:1087000093F870320B2B12D1D6E7BAF1000F11D1CA
:10871000BBF1000F0BD0B4F89020C2F381110129F6
:108720000DD0002BC8D10A9B5B68002BC4D16FF021
:108730001000C5E794F88A20002AE9D0BCE7C2F30C
:108740004102032AF3D0002BEDD0B5E7348C012091
:108750002DE9F041052500270646884686B002210E
:108760000DF11600F4F766FCBDF81630013D43F438
:1087700000435BBA9CB210D096F88E2023460021AD
:108780003046CDE90177CDF80080FFF769FF113061
:10879000E5D0204606B0BDE8F081284606B0BDE829
:1087A000F08100BF90F88A00704700BF0120704739
:1087B000022807D9033801288CBF6FF069006FF0D9
:1087C0005F00704710B96FF069007047022800F031
:1087D000BD802DE9F04F02290C4616461F4683B096
:1087E0000DD0032908D0012904D06FF06A0003B02E
:1087F000BDE8F08F062A04D06FF07A00F7E7112A5F
:10880000FAD1002F00F0A580534D4FF0FF334FF009
:10881000FF3252480EF0F8FE4FF0000A2B46B3F834
:108820009010983311F001010CD00AF1010ABAF14D
:10883000060FF4D149480EF077FE6FF0010003B047
:10884000BDE8F08F982202FB0AF805EB08094846BC
:1088500013F0C3FDFDF70EFB062E6CD09823FF200E
:1088600000214FF0010C03FB0A533D4A83F89200AC
:108870004244A3F89010D2E8EF1FC2E8E0CF0028EE
:10888000F9D1B3F89030621E022A98BF43EA8413EC
:1088900043F0080098230024012203FB0AFA08F1A0
:1088A000280C08F12003E91805EB0A0B05EB0C0E68
:1088B000ABF890008BF88C20ABF88E60484645F8FA
:1088C0000C40CEF80440EC504C600191FFF740FFA3
:1088D000019901224880019050B920480EF024FEF1
:1088E000FDF7C8FA062E019B2BD06FF06F007EE7D4
:1088F0004FF4A0711B4B0AF1900A23F80A1008F1FB
:108900004400114628444FF0FF320EF0F9FD08F103
:108910000C0028440EF0BCFABBF8903043F0010381
:10892000ABF89030C7F800900C480EF0FDFD2046E3
:1089300003B0BDE8F08F484604F012FC00288DDA41
:1089400078E71946484605F0CFF8CEE76FF05F00AC
:1089500070476FF015004AE7348C01201C8C012011
:108960003C8C0120378C012000F10803D3E8EF0F85
:108970000130C3E8E20F002AF8D1704738B5044649
:1089800000F10803D3E8EF0F421EC3E8E12F0029EE
:10899000F8D1012801D0013838BD04F10C054FF0A1
:1089A000FF324FF0FF3328460EF07AFA206B18B1F1
:1089B00002F0C0FB00232363B4F8903023F00603D9
:1089C000A4F8903028460EF01BFBB4F8903000203D
:1089D00023F00103A4F8903038BD00BF70B518B380
:1089E000144B044698421CD303F56473984218D282
:1089F00000F10C0600254FF0FF324FF0FF333046F8
:108A00000EF04EFA20462946E5636563A56305F03E
:108A10006BF830460EF0F4FA2046FFF7AFFF284619
:108A200070BD6FF0150070BD40F2CD210248EBF72C
:108A3000EFF800BF348C01202C5A0700F0B587B046
:108A4000002900F0A6800446002800F09A80544BCC
:108A50009842C0F0968003F56473984280F091804C
:108A6000B0F890300D46C3F38111012958D0298800
:108A7000012950D10021072A05914CD91B053FD46B
:108A80006B6803F0F002E02A2DD1B4F89030C3F304
:108A90008113022B65D005A9281DFDF709FE60B3DF
:108AA000061D059B002B41D004F10C074FF0FF324F
:108AB0004FF0FF3338460EF0F3F9059800286DD0DB
:108AC000FEF724FB0123666284F8920023846B88FE
:108AD000002B35D1638C6B80002438460EF090FA61
:108AE000204607B0F0BD059A2BB3281D002A40D0C0
:108AF0000021FDF71DFC0028D2D16FF001040CE02D
:108B000094F99200FDF702F96B68059003F0F0020A
:108B1000E02AE8D1B9E76FF01504204607B0F0BDB0
:108B2000016B0029A3D06FF07E04F6E76FF07C04A0
:108B3000204607B0F0BDF2B1FFF780FA0646B0E775
:108B400094F88A202046029294F889200599CDE96C
:108B5000005294F88E20FFF783FDB8B96B886384C8
:108B6000BAE794F88B00002895D0FDF7CFF8059070
:108B700091E705A9BDE704F12C00FDF7D5FB0590B1
:108B8000DAE74FF45D710748EBF742F86FF06F04D6
:108B9000A3E740F273310348EBF73AF8FFF7D0FC54
:108BA000348C01202C5A070030B583B058B3B0F88C
:108BB00090200446C2F3C201012921D1436A13B1B6
:108BC000002003B030BDC2F38112032A6D46ADF818
:108BD0000010019308D1082229462046ADF8023042
:108BE000FFF72CFF03B030BD2946FFF7B1FD034668
:108BF000082229462046ADF80230FFF71FFFF1E7B3
:108C00006FF01500DDE7FFF793FC00BF70B548B3C8
:108C1000174B0446984225D303F56473984221D23A
:108C2000B0F89030DB071AD50D4600F10C064FF076
:108C3000FF324FF0FF3330460EF032F9294620461E
:108C400004F050FB002804DB30460EF0D9F9002078
:108C500070BD30460EF0D4F96FF05E0070BD6FF05D
:108C6000080070BD40F2DC410248EAF7D1FF00BFC6
:108C7000348C01202C5A070070B505460C461E4660
:108C80003AB311460B681BB103F0F003E02B06D199
:108C90003146A069FDF71EFA036801460BB395F84B
:108CA000880094F83B30800860F3050384F83B307B
:108CB00095F88800324660F3871384F83B3095F8C6
:108CC000883020465B0984F83C30BDE8704003F0F2
:108CD00067B9416A0029D5D140F2FB410248EAF761
:108CE00097FF6FF0150070BD2C5A07002DE9F04F6B
:108CF00083B00C9D9DF844C0002800F0B8811F4649
:108D0000B44B04469842C0F0B28103F564739842B4
:108D100080F0AD81B0F89030D80740F19E818A464E
:108D20001646BCF1000F40F08E80002F00F09281BB
:108D3000C3F3C202012A08BF4FF0000B40F0888045
:108D4000072D40F285807A68002A00F08381C3F302
:108D50008113022B00F08280E36A23B9B4F89030CB
:108D6000190540F1918094F99200BBF1000F0CD0ED
:108D70005EB9DBF80C1041B1DBF8083003EBC10140
:108D80005A68083399421644FAD1FCF7BFFFA0B1E4
:108D9000036823B10C33D3E8AF3FDA0705D46FF093
:108DA0007205284603B0BDE8F08F0368002BF6D0AB
:108DB0000C33D3E8AF3FDB05F1D50D9B94F992005E
:108DC000A363109B6360B4F88E30062B00F0C28062
:108DD0004FF400484FF00009FCF798FFCDE90089F7
:108DE0000122314694F88E3001F076FA8046002850
:108DF00044D0446194F88E1001F03CF8B04208D29F
:108E0000B4F89030C3F38113023B012B40F2F5809C
:108E10000646BBF1000F06D0DBF810301BB1DBF8C3
:108E20001420002A62D1B4F88E30112B38D0062BD2
:108E300000F0D2806FF07A05404600F0ABFF284684
:108E400003B0BDE8F08F002D7FF46FAF002F72D01C
:108E50006FF01505284603B0BDE8F08F02F0F00270
:108E6000E02A7FF479AF94F88B0000283FF474AFC8
:108E7000FCF74CFF00287FF476AF6DE76FF06805D4
:108E8000284603B0BDE8F08F381DFDF74DFA0028E5
:108E900000F0F280FEF73AF940B284F8920064E7FD
:108EA0003B1D0022414620467F88FFF7E5FE051E58
:108EB000C2DB2046FFF778FE0546002858D0002D7B
:108EC0007FDB404601F044FA94F88E10404603F0F0
:108ED00079F8DDE90E234046FCF7ECFB0546002D52
:108EE0006FDB3546284603B0BDE8F08F0F2A9AD9CC
:108EF00098F837001D68C0F30210022801461A4492
:108F000010D0012900F08980073525F007011031C4
:108F10001944914287D825F007052B4402280146C1
:108F20001D68EED1142DEFD159682929ECD199682B
:108F30003429E9D177E7002900F08C80C3F3C2021D
:108F4000012A85D10F688B460FB14D68F8E604F110
:108F50002807F8E6FCF7DAFEB4F88E30112B6BD058
:108F6000062B4DD06FF07A05284603B0BDE8F08F90
:108F70003A464046618C07F00BF8054600289ED122
:108F80003746BBF1000F6BD0DBF80C3043B998E7E4
:108F9000B7EB090795D0DBF80C300135AB4290D91F
:108FA000DBF80830404603EBC502526853F8351031
:108FB000BA4228BF3A46914601F000FC0028E7DAA1
:108FC0000546B8F1000F7FF437AF284603B0BDE87F
:108FD000F08F00BF348C01205B463246514620465C
:108FE00005F09EFA051EFFF627AF2046109A0D9950
:108FF00004F096F92E46054671E76FF00B051BE766
:109000005B4632465146204605F08AFA051EA8BF47
:109010004FF00008FFF613AFE7E7142D7FF474AFAD
:10902000596800297FF470AF996802297FF46CAF0A
:109030001B7C88F83930F6E600223B1D204611469D
:109040007F88FFF719FE051EA8BF4FF00008FFF646
:10905000F6AE2EE76FF07805F1E66FF00805EEE664
:1090600032465146404601F0A9FB054627E740F647
:1090700062110248EAF7CCFDFFF762FA2C5A0700AA
:109080002DE9F04389B0002900F0E780044600286C
:1090900000F0DE809846734B9842C0F0D98003F50B
:1090A0006473984280F0D4800D46164600F10C0798
:1090B0004FF0FF3238464FF0FF330DF0F1FEB4F8B9
:1090C0009000C0F34102012A00F0BC80C30740F1C8
:1090D000B6802B88002B4FD0C0F3C2018B4240F0EA
:1090E000A880032A00F0B180012B40F0A280072E57
:1090F00040F29F80B4F88E30062B55D001236A6869
:10910000E262B5F802902385A4F82A90002A47D09D
:1091100040F48070A4F890002046FFF745FD064615
:1091200018BB0123668C626AADF81A602384ADF81F
:109130001830002A69D013680793B4F89030C3F34D
:109140008113022B52D0012B76D1129A2946204648
:10915000DDE91045059200964B46CDE90245CDF874
:10916000108006AA04F076FB064638460DF048FF4C
:10917000304609B0BDE8F083C0F38111022951D017
:1091800010F0380F55D1032A14BF6FF015066FF099
:109190005E0638460DF034FF304609B0BDE8F08376
:1091A00020F4807080B2B5E7E36A03F0F003E02BAF
:1091B00013D094F99200FCF7A9FD0646FEF742FF92
:1091C000E26A03689A4208D0304604F12C01FCF7A9
:1091D0007BFF10B9B4F8900090E76FF07C0638463A
:1091E0000DF00EFF304609B0BDE8F083B8F1000F76
:1091F00003D000212046129AC047002638460DF0C1
:10920000FFFE304609B0BDE8F083B4F89030C3F3F8
:109210008113022BEAD0012B0ED140F203611248D8
:10922000EAF7F6FC20F48070A4F89000A362E362F1
:10923000E3E76FF0150698E76FF0850695E76FF0A6
:10924000080692E76FF077068FE76FF05E068CE70F
:109250004FF4AB610448EAF7DBFC40F25751024897
:10926000EAF7D6FC348C01202C5A070070B5B8B34D
:109270001E4B0446984233D303F5647398422FD2B1
:10928000B0F89030DB0728D50E4600F10C054FF002
:10929000FF324FF0FF3328460DF002FEB4F8903055
:1092A000C3F34102032A03D0C3F38113012B0AD174
:1092B000B4F88E30062B18BF002407D028460DF0D6
:1092C0009FFE204670BD6FF01504F7E7204631463B
:1092D000049A04F02FF80446F0E76FF00804F0E772
:1092E0004FF4C3610248EAF793FC00BF348C0120BD
:1092F0002C5A07002DE9F041044686B00D4616466B
:109300001F4600F10C084FF0FF3240464FF0FF338C
:109310000DF0C6FD5CB3B4F89030C3F3C200A0F109
:109320000100B0FA80F0DB054FEA50104FEAC000B0
:109330001AD5638DC3B10E9B00900493204604F1AF
:109340002803002432462946DDE90C560594CDE970
:1093500002560197FFF7CAFC044640460DF050FE46
:10936000204606B0BDE8F0816FF07804F5E7FFF71E
:10937000DFF800BFF0B54FF0FF3287B01D4604465E
:109380000F464FF0FF3300F10C0630460DF088FD1C
:10939000DDE90C23CDE902230E9B01220493002377
:1093A0000592394620461A4601950093FFF79EFC28
:1093B000044630460DF024FE204607B0F0BD00BF45
:1093C0002DE9F041154686B01E46044688464FF00A
:1093D000FF324FF0FF3300F10C0738460DF060FD0F
:1093E000DDE90E2320460124CDE90223109B0594DC
:1093F00004930D9B2A4601930C9B414600933346F0
:10940000FFF774FC044638460DF0FAFD204606B01E
:10941000BDE8F0812DE9F0438BB0002800F09D807D
:109420001F46B0F890300446DB0740F19380894630
:10943000904600F10C064FF0FF3230464FF0FF33FC
:109440000DF02EFDB4F88E0011282DD0062808D07E
:109450006FF06A0530460DF0D3FD28460BB0BDE82D
:10946000F08349462046129A03F0AAFF0546002DD4
:10947000F0DB58EA0703EDD0443420460EF016F92D
:1094800030460DF0BDFD42463B4620460EF0BCF88E
:109490000B3008BF6FF073054FF0FF324FF0FF3312
:1094A00030460DF0FDFCD5E70023ADF82630CDF8B1
:1094B0002230B4F890302046C3F3C203ADF8203018
:1094C000FFF772FB05460028D1D1B4F89020C2F313
:1094D000C203012B33D00146206BC4F8349002F450
:1094E000807370B10BB104F12803CDE90115628DD1
:1094F0001C4952BA92B20092129A01F063FE0546DC
:10950000B5E7C2F3811EB4F88EC0C2F3C2020BB13C
:1095100004F128000295129D009105950394658D34
:1095200003466DBAADB201950E4D7146049504F136
:1095300030050695604601F0A9FC054697E7616A8B
:1095400021B10B680993B4F8902008A9658C6DBA15
:10955000ADB2C1E76FF008057FE740F693410248DE
:10956000EAF756FB518505002C5A070070B54FF0FD
:10957000FF324FF0FF3304460D4600F10C06304633
:109580000DF08EFC2946204604F0B0FE044630461D
:109590000DF036FD204670BD2DE9F041002800F0A9
:1095A0009D800D46504904468842C0F08B8001F5ED
:1095B0006471884280F086801646984600F10C0758
:1095C0004FF0FF3238464FF0FF330DF069FC691E53
:1095D000172920D8DFE801F00C0C0C0C0C0C0C2126
:1095E0002A360C0C420C0C460C0C534A0C0C140C76
:1095F0006FF0850438460DF003FD2046BDE8F0818C
:10960000002E62D0B8F1040F5FD13368003B18BF61
:10961000012384F88C300024ECE7002E55D0B8F1FB
:10962000010F52D8337884F88830F4E7002E4CD0FC
:10963000B8F1040F49D13368003B18BF012384F807
:109640008930E8E7002E40D0B8F1040F3DD13368EF
:10965000003B18BF012384F88A30DCE7336884F8C4
:109660009430D8E7336884F89330D4E7B4F8903076
:10967000C3F3C203012BCED16FF05E04BAE7B4F896
:1096800090303568C3F3C202012A21D1B8F1040F2A
:109690001BD1C3F38113022B17D185B16B1EFE2B97
:1096A00013D82846FCF732FBA8B1036823B10C336A
:1096B000D3E8AF3F5B0602D46FF06A049AE784F800
:1096C0008B50A8E76FF0150497E76FF0150491E74A
:1096D0006FF069048EE76FF001048BE740F65F716D
:1096E0000248EAF795FA00BF348C01202C5A070093
:1096F0002DE9F041002800F0A1800D4652490446B2
:109700008842C0F0928001F56471884280F08D80BB
:1097100017461E4600F10C084FF0FF3240464FF04E
:10972000FF330DF0BDFB691E17291DD8DFE801F0DE
:109730000C0C0C0C0C0C0C1E272E0C0C330C0C3BC4
:109740000C0C415F0C0C140C6FF0850440460DF0BE
:1097500057FC2046BDE8F08194F88C309FB116B1DB
:109760003268042A0FD13B600024EFE794F8883078
:109770004FB13B70002EF7D001233360F4E794F82B
:109780008930002FEBD16FF01504DFE794F88A30B1
:10979000002FE4D1F7E794F894303B60002EE3D03B
:1097A00004233360E0E794F893303B60002EF7D158
:1097B000DAE7B4F89030C3F3C202012A3BD194F83F
:1097C0008B0020BB1A0526D594F99200FCF79EFA6F
:1097D00070B3036863B30C33D3E8AF3F5B0627D5A0
:1097E000FDF794FC002812DC6FF00104AEE7B4F83A
:1097F0009030190512D4C3F3C203012B1BD104F11D
:109800002C00FCF791FD10B1006800B1008B3860AE
:10981000002EC5D1A8E7FCF72DFBD9E794F99200FB
:10982000FCF774FA0028EFD1F1E76FF0150490E728
:109830006FF06A048AE76FF0690487E740F6C57144
:109840000248EAF7E5F900BF348C01202C5A0700E2
:1098500050B310B40C4621B31AB3B0F89030C3F330
:109860008113012B12D0022B15D1018C012915D1A6
:1098700013682180418C082B618028BF0823416A2E
:10988000002009686160136010BC7047134610BC6B
:10989000002203F0AFBB6FF06C00F5E76FF06900DA
:1098A000F2E76FF01500EFE76FF01500704700BFAB
:1098B0002DE9F04180460F464FF0FF324FF0FF3365
:1098C00010480DF0A1FE104C04F56476B4F8903009
:1098D00004F10C05DB070CD54FF0FF324FF0FF33DE
:1098E00028460DF0DDFA39462046C04728460DF0DF
:1098F00087FB9834B442E9D1BDE8F04101480DF04E
:1099000013BE00BF1C8C0120348C01204FF0FF32AD
:10991000012101480DF0F4BD1C8C012090F8373076
:1099200091F83720C3F3021363F3061281F837204E
:10993000426991F83B304A6190F836C091F838207E
:1099400081F836C090F83BC06CF3050381F83B30DA
:1099500090F83B3091F83BC09B0963F3871C81F87A
:109960003BC090F83C3091F837C081F83C3090F81B
:10997000383063F3000281F8382090F83730D2B2E3
:10998000C3F3400363F3410C81F837C090F83730DC
:109990005FFA8CFCC3F3800363F3820C81F837C059
:1099A00090F837305FFA8CFCC3F3C00363F3C30C49
:1099B00081F837C090F83830C3F3C00363F3C302B3
:1099C00081F8382090F838201346C2F3001262F371
:1099D000041380F8383091F83820C3F3800363F320
:1099E000820281F83820838E8B8683684BB18B6826
:1099F0003BB1426A836A4A628B62C26A036BCA6283
:109A00000B6390F83730C3F30213012B07D190F8A2
:109A1000393081F8393090F83A3081F83A3070476F
:109A200038B50446C3680D465868E06038B14DB992
:109A3000008AE36860B95868E0600028F7D1002325
:109A4000236138BD0C30F3F705F8E3680028F2D045
:109A5000002BF4D0DB68236138BD00BFF8B590F867
:109A6000373004460D46C168D80701D41646E2B91E
:109A700000260F8A2269CB68D31A2B44BB4202D03E
:109A80002A442261F8BD94F83730DB0707D501F18D
:109A90000C00F2F7DFFFB84201D92269F0E7314646
:109AA0002046BDE8F840FFF7BBBF01F10C00F2F71C
:109AB000D1FFE1680746DDE770B582B0044616467F
:109AC0001D460EF019FB08B10026354601A93246A5
:109AD0002B4620460CF032FF014698B9019B4022EC
:109AE000184612F07AFC0122084903468C42446071
:109AF000026202D0184602B070BD80F83C201846C1
:109B000002B070BD0023184602B070BDD46C0120B5
:109B10002DE9F04F002485B0DDE90E670192824601
:109B200032463B4602A88B46254610F0C7F9DDE9D0
:109B3000028914E0A842586020D0438A9B453CBF6C
:109B40005B46A4F812B0ABEB030B42464B4602A8AF
:109B500010F0E4F9DDE90267BBF1000F1FD03B46CE
:109B600032465046F2F740FE23460446D8B1002D57
:109B7000E0D113B15860438AE0E70546019A638A51
:109B8000002ADBD002EB0B01994202D3A1EB030BBD
:109B9000DBE742464B46618202A810F0BFF9284637
:109BA00005B0BDE8F08F15B12846F2F721FE00257B
:109BB000284605B0BDE8F08F2DE9F8439846C36804
:109BC00015469DF82060002B3CD081460F46002DA5
:109BD0003AD099F83720D40739D4002E37D003F182
:109BE0000C00F2F737FFD9E90332D968521A9042D4
:109BF00000F09B8099F83720D00735D5D9F81000B0
:109C0000DA681C8A821AA41AE4B1AC4228BF2C4636
:109C1000B8F1000F3ED0002F65D02246002E58D05C
:109C2000394612F0B3FB99F83730D90767D50122CE
:109C300021464846FFF712FF2744D9F80C302D1B68
:109C4000002BC4D1002D72D10020BDE8F883D9F8D3
:109C50001020D968188A521A904210D0002ECDD008
:109C600099F83720D007C9D403F10C00F2F7F2FEBF
:109C70000446D9E90330DA68821AA41AC4E700213D
:109C80004846FFF7CDFED9F80C30002BDAD0002E75
:109C9000B4D0E5E7A7B12246396812F09EFB2EB991
:109CA000324621464846FFF7D9FEC6E799F83730D5
:109CB000DB0733D5012221464846FFF7CFFEBCE73C
:109CC000002EF3D1324621464846FFF7C7FE002753
:109CD000B3E70146384612F059FB32462146484662
:109CE000FFF7BCFEA8E7002EECD099F83720D2078A
:109CF00007D5012221464846FFF7B0FEE7E7D9F82D
:109D00000C30214603F10C00F2F744FE01222146FB
:109D10004846FFF7A3FE002F8ED1D8E7D9F80C00F4
:109D200021460C30F2F736FEC4E73146A8E76FF063
:109D300068008AE72DE9F041134F40680E46B842AB
:109D400015461C4612D00EF0D7F940B9802E0AD81D
:109D50002A462346BDE8F0410C48F2F745BD0025F0
:109D6000802E2C46F4D90020BDE8F0810EF0C4F915
:109D700008B100252C46802EF5D82A462346BDE89A
:109D8000F0410348F2F730BD946C0120CC6E012005
:109D9000986E0120F0B110B5044600F12002D2E81F
:109DA000AF3F591EABB1D2E8EF0F984204D1C2E8E1
:109DB000EC1FBCF1000FF6D1F1D1012B09DCA0683A
:109DC00008B1F2F715FD21466068BDE810400CF0BF
:109DD0001FBE10BD704700BFC8B100F12002D2E81D
:109DE000AF3F591C9BB100B5D2E8EFCF9C4504D1E1
:109DF000C2E8EE1FBEF1000FF6D101D15DF804FB01
:109E0000D2E8AF3F591C002BEED10020F6E700202E
:109E1000704700BF08B1F2F7EBBC704738B5044695
:109E200008460D46F2F72AFDA3684360A56038BDD9
:109E300068B110B40B4C046009B10B4808600AB15A
:109E40000A4911600BB10A4A1A6010BC704709B187
:109E5000054808600AB10549116013B1044A1A6047
:109E600070477047946C0120D46C0120986E0120DB
:109E7000CC6E0120F8B50746B8B190F83730846849
:109E800013F0700FC3F3021610D0012E0CBF142074
:109E9000002006292AD0112930D001292AD03A29B8
:109EA00028D02CB908B114204042F8BD30464CB33C
:109EB00025460022298A6D680A44002DFAD1824283
:109EC00038BF851A14B3002604F10C00F2F7C2FD66
:109ED00064680644002CF7D1BB68ABB11A8A5B6892
:109EE0001444002BFAD1761B301BF8BD1C30002C1B
:109EF000DED1D9E70430002CDAD1D5E70830002CC8
:109F0000D6D1D1E726462546701BF8BD2646FBE78D
:109F1000F8B5846894B10546264600272046038A92
:109F2000646863B9AB6883420DD07368834208BF2D
:109F300074604760F2F75CFC002CEFD1F8BD064678
:109F4000002CEBD1FAE7AC60F3E700BF8068D8B132
:109F500002460023B2F810C052686344002AF9D1C7
:109F6000994214D810B55B1A01E09B1A50B1028ACD
:109F700004469A424068F8D3238218B1F2F738FCBD
:109F800000236360002010BD09B9002070476FF006
:109F9000150070472DE9F04F83B00546DDE90C67E9
:109FA00091469A46884600295BD1002B59D190F8FA
:109FB000373013F0700F50D00EF09EF8002840F0AC
:109FC000A180AC68002C53D04FF0000B04F10C00C2
:109FD000F2F740FD64688344002CF7D1AB6833B1DD
:109FE0001A8A5B681444002BFAD1ABEB040BBBF16B
:109FF000000F3DD095F83730AA69C3F30213002A49
:10A0000053D01268002A50D0012B118B00F08380AE
:10A0100052684C4B9A426ED0A8EB0B0BD84528BF28
:10A02000D846CDE90067484C6E68484B48484A46D8
:10A03000864214BF204618464146FFF769FD044694
:10A0400000287BD0A868002839D0F2F717FC2146F9
:10A05000F2F724FCB9F1000F38D1002003B0BDE8BD
:10A06000F08F0EF049F808B100260027002DA8D186
:10A0700095F83710AA6911F0700FC1F3021330D0B0
:10A08000012B0CBF14210021BAF1060F49D0BAF1FF
:10A09000110F3AD0BAF1010F49D0BAF13A0F46D0B8
:10A0A0004FF0000B8844002AABD1012BB4D14FF400
:10A0B0001071A1EB0B01884528BF8846B1E7AC6061
:10A0C000EC60E3682B61B9F1000FC6D0A86849467F
:10A0D0000C30F2F74DFCAB68EB605BB3DB682B61D7
:10A0E000BBE7002A9DD0126832B39B46118B154BFB
:10A0F00052689A4290D1CBF10E0B8B44D84528BFC1
:10A10000D8468EE7002600275BE708F108084FF0E5
:10A11000000B884473E7B1F5107F38BF4FF410711E
:10A12000C7E708F11C084FF0000B884467E708F107
:10A130000408B5E72B6190E793466DE76FF00B00DD
:10A140008CE700BF28700120986E0120CC6E0120A2
:10A15000D46C01202DE9F04383B00446DDE90A67A1
:10A1600090460D4639B932B990F8373013F0700F78
:10A17000C3F3021027D00DF0BFFF80B9A06918B15A
:10A18000134B62689A420DD043462946204600226E
:10A19000CDE90A6703B0BDE8F043FFF7FBBE002638
:10A1A0000027EBE703688BB15B68D3F81090B9F137
:10A1B000000FE9D043462A462146CDE90067C8474B
:10A1C00010F1860FE0D003B0BDE8F0831B69FFDE1D
:10A1D000D46C01202DE9F047044684B0DDE90E6718
:10A1E00002A81546984632463B468A469DF830906E
:10A1F0000FF064FE32463B46DDE902672046FFF77A
:10A200005BFC48B30446C0F818A0BAF1000F07D0B1
:10A21000DAF8003013B31B7C80F8243080F82C303F
:10A2200094F83710324668F306113B4602A884F8CA
:10A2300037100FF073FEDDE902674A4629462046D3
:10A24000CDE90067FFF786FF18B9204604B0BDE8E6
:10A25000F0872046FFF79EFD0024F6E71B78FFDE1F
:10A2600009B900207047F0B583B006460F46154681
:10A270001C460DF041FF08B100252C4600950194C5
:10A280007468124A124B13483946844214BF104670
:10A2900018460022FFF73CFC044698B1B06860B154
:10A2A000F2F7ECFA2146F2F7F9FA2046F2F7E6FA6D
:10A2B00080234382002003B0F0BDB460F460E36803
:10A2C0003361F2E76FF00B00F5E700BF986E0120F5
:10A2D000CC6E0120D46C01202DE9004884B000939D
:10A2E000DDE906BC1346CDE902BC0A460146034837
:10A2F000FFF770FF04B0BDE8008800BFD46C0120F8
:10A300002DE9004884B00093DDE906BC1346CDE991
:10A3100002BC0A4601460348FFF75CFF04B0BDE8F3
:10A32000008800BF946C012010B5034680680C467D
:10A3300030B1F2F7A3FA2146BDE81040F2F7AEBA09
:10A340009960D96011B1CA681A6110BD196110BD58
:10A350008368C36003B1DB680361704710B50023F5
:10A36000012482B00A4600941946FFF725FC02B08A
:10A3700010BD00BF10B5012484B00391002303A9D0
:10A380000094FFF719FC04B010BD00BF10B5002405
:10A3900082B001230094FFF70FFC02B010BD00BF94
:10A3A00030B5002585B00C460123042203A9009591
:10A3B000FFF702FC039B1BBA236005B030BD00BF52
:10A3C0002DE9F0410446C06817460E46C8B978E04A
:10A3D000BD423FD93D4600272A46316911F0D6FFDC
:10A3E00094F83730DB073CD5012229462046FFF799
:10A3F00035FB304600222946FFF730FBE068002895
:10A400005FD0F368002B5CD0002F5CD00C30F2F7EB
:10A4100021FBD4E90323D1685B1A98423BD0F16851
:10A4200000294BD03269C8680B8A121A93421ED099
:10A43000E068002842D00C30A3EB0208F2F70AFBD8
:10A440000546D4E90330DB68B845A0EB0303A5EB70
:10A450000305BDD8454528BF4546002D2ED07F1B9E
:10A46000BAE7E06829460C30F2F794FABCE74B688B
:10A47000F3601BB92AE05B68F3603BB31A8A002AD9
:10A48000F9D0DA683261E068C0B1F368B3B1D96875
:10A490001B8A521ACFE75068E06018B918E0586874
:10A4A000E060A8B10C30F2F7D5FAE3680028F6D0E6
:10A4B00073B1DB682361F1680029B3D16FF06800E4
:10A4C00002E0002FFAD10020BDE8F0810022D9E798
:10A4D00000232361A3E700BF2DE9F0470646964617
:10A4E000D6E90242084684B0002A00F09080316923
:10A4F000002900F09680944200F0958025464FF0A8
:10A50000000C2F8A6D68BC44AA421FFA8CFCF8D15B
:10A51000D268891A8C441FFA8CF596F83770B169A5
:10A5200007F00107002C7AD00022B4F810C064684C
:10A530006244002CF9D14FF0000ACDE902E3CDF8D6
:10A5400000A05346FFF746FE0446002851D0D6E946
:10A55000021996F83730D6F8108043F0010386F8D8
:10A560003730F16081B35246CB6833610B8A49685A
:10A570001A440029FAD131462046FFF721FF58BB83
:10A5800094F83730214643F0010384F837303046E1
:10A59000FFF7C4F9A368E36003B1DB6823616DBB17
:10A5A000204694F8373067F3000384F8373096F884
:10A5B0003730C6F80C9067F30003C6F8108086F8B1
:10A5C000373004B0BDE8F0870A4631612046314695
:10A5D000FFF7F6FE0028D3D02046FFF7DBFB96F806
:10A5E0003730C6F80C9067F30003C6F8108086F881
:10A5F00037300024204604B0BDE8F08701230093E3
:10A6000000232A4620461946FFF7D6FAC8E796F8EF
:10A6100037701546B16907F00107002C84D1224636
:10A6200089E70D4679E7E26896F83770891A8DB2A6
:10A6300007F00107B16977E74168FFF74DBF00BF39
:10A6400080B1C3686BB1006960B1D9681A8A5B6870
:10A65000401A101A33B11A8A5B681044002BFAD1E1
:10A6600070471846704700BF83684BB11A8A8A4208
:10A6700028BF19825B682CBF0021891A002BF5D1F5
:10A68000002914BF6FF0150000207047F8B504468C
:10A690000E4600294ED000250EE0A06800282BD0E1
:10A6A0004368A3604260F2F7A3F8A368E36023B3B2
:10A6B000DB682361F61B18D0E168002932D02269DB
:10A6C000C8680B8A121A934219D09A1A2AD0B24239
:10A6D000174628BF3746DB1BD21B0B82DDD0206913
:10A6E000C11911F060FEF61BE6D1A3683046E360A5
:10A6F00003B1DB682361F8BDE0602561DAE74B68F0
:10A70000E3601BB90DE05B68E36053B11A8A002A6D
:10A71000F9D0DA68E168226121B1C8680B8A121A9F
:10A72000D3E72361A3686FF06800E360002BE0D1FA
:10A730002361F8BD8368C36013B10846DB68D9E7BD
:10A740001846D7E738B5C36890F83710EBB101F079
:10A75000010181F001050446CDB9188A2269D96842
:10A76000521A82420AD022697AB194F83710C90786
:10A7700013D5188ADB68D21A801A38BD29462046BC
:10A78000FFF74EF9E368002BEDD1002038BD03F14F
:10A790000C00F2F75FF9E368E0E703F10C00F2F771
:10A7A00059F9D4E90332E5E710B50C46FFF7CAFFC3
:10A7B000A04234BF0020012010BD00BF70B5036966
:10A7C000044699420D46164682B008D0012332460F
:10A7D000294620460093FFF7EFF902B070BDFFF75E
:10A7E000B1FFB042F2D3002301253246204619467C
:10A7F0000095FFF7E1F9F0E7F0B583B04D680E463C
:10A800000446FFF79FFF854215D994F8373030682A
:10A81000DB070ED598B1D4E90375002300930146F8
:10A82000012320467268FFF7C7F9C4E9037530B900
:10A83000306803B0F0BD2069306003B0F0BD002087
:10A8400003B0F0BD70B50369D1E900569D420446DE
:10A8500082B008D001233246294620460093FFF7F4
:10A86000ABF902B070BDFFF76DFF8642F2D800234E
:10A8700001253246204619460095FFF79DF9F0E77D
:10A88000402210B50021044611F0A7FD0123034A20
:10A890002362626084F83C3010BD00BFD46C01209C
:10A8A000704700BF704700BF10B504464FF0FF323D
:10A8B0004FF0FF3320460CF0A3FD0028F6D0FAF746
:10A8C00025FE4FF0FF324FF0FF3320460CF098FD8D
:10A8D0000028F4D1EAE700BF08B5044BC0EB001034
:10A8E00003EB00100CF074FD002008BDC07D0120BA
:10A8F0000020704707289ABF014B185C0020704762
:10A90000905A0700704700BF70B500218AB0184800
:10A91000FCF712FC174C20460CF0DCFC4FF0FF3229
:10A920004FF0FF3300254FF0FF36CDE90623CDE988
:10A9300003654FF4BC62CDE901550F490F4B0094FC
:10A9400004F120000DF0D2FC80B104462B46082112
:10A950000B4A08A810F08EFA204608A90DF0D2FB89
:10A9600020460AB0BDE870400EF01EBC0AB070BDB3
:10A97000A5A80500C07D0120D0BB0120A9A8050025
:10A98000845A070038B504460D464FF0FF334FF0A8
:10A99000FF320B480CF084FA0A4B02E0DA68A2425C
:10A9A00007D01B68002BF9D1BDE8384004480CF0F3
:10A9B00027BB5D600248BDE838400CF021BB00BFFA
:10A9C000746D0120D88F01202DE9F04107460D4616
:10A9D000164682B04FF0FF334FF0FF3219480CF0AB
:10A9E0005FFA194B6FF001081C6814B922E0246863
:10A9F00004B3237CB5F804C09C45F8D194F811C089
:10AA000033789C45F3D1A37C72789A4201D0002B15
:10AA1000EDD1A36813B1BA699342E8D1E268334635
:10AA2000009220462A463946D4F804C0E047B0F1E7
:10AA30000008DCDA03480CF0E3FA404602B0BDE857
:10AA4000F08100BF746D0120E08F01202DE9F04FEF
:10AA500089B0DDF848B0DDE91489002800F0FC80F9
:10AA60001646002A00F0F8800D461F46824600294F
:10AA70003FD02846FCF77AFB002846D13388012BCB
:10AA80003AD1002F00F0BE8004230022CDE9062336
:10AA9000D5F8B8300436002B00F0E1803146284666
:10AAA000FBF718FB0123024639692846CDE90089E6
:10AAB000043190461A46FFF70FFC0446002800F0C8
:10AAC000FC80BB68072B1DDC002BC0F28D8080F85A
:10AAD0003C3032464146204601F062FA00284BD015
:10AAE0006FF068062046FFF755F9304609B0BDE81B
:10AAF000F08F1388012B37D06FF00106304609B074
:10AB0000BDE8F08F6FF01506ECE72846FCF72EFB4A
:10AB10000028F1D04FF0FF334FF0FF3268480CF0BF
:10AB2000BFF9684B1C682CB1E3689D4206D02468CD
:10AB3000002CF9D162480CF063FADDE7A4686048A4
:10AB40000CF05EFA002CD7D02846DAF80410FFF794
:10AB500019FF3B46324629465046A446CDF848B038
:10AB600009B0BDE8F04F6047101DFBF7DDFB05465F
:10AB700000287FF47EAFBFE702460821204601F09F
:10AB80003BF806460028ABD1204606A9FFF734FE65
:10AB90000028A5D03B8806A95BBA03807B885BBAF6
:10ABA00043802046FFF74EFEF968002933D03A690A
:10ABB000002A4DD12046FFF7CBFB0121204601F0B2
:10ABC00001FA002200232046CAE9025BFAF772FD6F
:10ABD00000283D4935DAEB6C4A6C013301326FF0E5
:10ABE00004064A64EB647DE73A7990F83B309208BA
:10ABF00062F3050380F83B303A7962F3871380F8FB
:10AC00003B3066E7022106A8F2F714FA2F4FBDF891
:10AC100018303B8038E73B69002BCBD0032B21D881
:10AC20000DF114094FF000080122494620468DF825
:10AC30001480FFF7C3FD3B6908F101089845F3D381
:10AC4000B8E7AB6C0A6C013301320A64AB6455E7B8
:10AC50002046FFF7B3FDADE76FF015064EE76FF046
:10AC600071064BE709F014FB039009F011FB029009
:10AC700009F00EFB804609F00BFB8446029A039B09
:10AC8000120A4FEA0C6C02F47F4E4CEA13634FEA4F
:10AC9000082843EA0E030DF1140908F47F0843EA7B
:10ACA00008030422494620460593FFF787FD3B69C8
:10ACB000043B3B61002BB5D17CE76FF00B061DE731
:10ACC000746D0120D88F0120B87E0120C48F01202F
:10ACD00038B5049D08B305B30446481E01281CD8A6
:10ACE0000020656020612060A060E06021746274D3
:10ACF000A3744FF0FF324FF0FF3309480CF0D0F847
:10AD0000084B1A6822605A681C6022B104480CF093
:10AD100077F9002038BD5C60F8E76FF0150038BDAA
:10AD2000746D0120E08F0120002834D010B5044656
:10AD30004FF0FF334FF0FF3218480CF0B1F81849CC
:10AD40000B6843B19C4202D11CE09C4212D01A46CF
:10AD50001B68002BF9D111480CF052F9A0680021B2
:10AD6000FFF710FE002323606360A360E3602361AC
:10AD7000184610BD236813604B689C4209D000231D
:10AD80002360E8E74A68236894420B60F7D14B6080
:10AD9000F5E74A60F3E76FF015007047746D012026
:10ADA000E08F012030B585B0089C002500944FF459
:10ADB0000044CDE90245FFF749FE05B030BD00BFB4
:10ADC00030B585B0089C002500940024CDE90245EB
:10ADD000FFF73CFE05B030BD10B501230C4682B034
:10ADE00069460094ADF80430FFF7EEFD02B010BDE7
:10ADF00011B30B88012B24D14B68D1F800C08360BC
:10AE0000C0F804C04B6863B990F8243043F00203E3
:10AE100062B143F0080352BA80F82430C2800020A7
:10AE2000704790F8243043F02003EFE723F0080345
:10AE300080F824300020704790F8243003F0DD03C0
:10AE4000E6E76FF01500704710B528220021044690
:10AE500011F0C3FA4FF0FF324FF0FF3309480CF006
:10AE60001FF8094BD3E900121C60216022B1BDE834
:10AE7000104004480CF0C4B85C600248BDE81040C3
:10AE80000CF0BEB8246D0120E88F01202DE9F04FB1
:10AE900087B0BDF84440DDF84C80834615461F4618
:10AEA000109EBDF848A000940191B8F1000F00F089
:10AEB000EA8098F99200FAF729FF03464046029388
:10AEC000FDF770FC0390DFF860924FF0FF334FF016
:10AED000FF3296480BF0E4FFD9F80030002B53D036
:10AEE0009AFA9AF21C6892B2198C594548D193F893
:10AEF0002310A94244D193F8241001F00400002E3D
:10AF00003CD000283CD03088012839D198890128CC
:10AF100036D1D6F804C01869844531D1D889904219
:10AF20002ED101F00201002F00F0B38041B3398827
:10AF3000012925D19988012922D178689968884208
:10AF40001ED10099D88849BA89B2884218D19B6924
:10AF500073B10492029A5AB1B3F890100A0507D55A
:10AF600093F99200FAF7D2FE029A8242049A07D12C
:10AF70006E480CF045F86FF06F007CE00028CDD0F3
:10AF800014B123462468AFE768480CF039F84FF055
:10AF9000FF334FF0FF3265480BF082FF644B1C68B3
:10AFA000002C00F0BB8058682268844208BF5A60B9
:10AFB0001A60002323605D480CF022F8002F00F097
:10AFC0008F80002E7BD03A8833889A4240F0A08050
:10AFD000019BA4F820B084F82230149B84F82350FD
:10AFE0006361159BC4E906833388012B40F0908090
:10AFF000736832682361E2607368002B3ED194F875
:10B00000243043F00403BAF1000F3FD09AFA9AFAC1
:10B01000A4F80EA043F0100339462046009A84F8A5
:10B020002430FFF7E5FE002872DB169B03B11C609D
:10B0300094F8243043F0010384F824304FF0FF33B8
:10B040004FF0FF3239480BF02BFFD9F80030236066
:10B05000D9F80430C9F8004073B334480BF0D0FF7E
:10B060004046FDF7A3FB0246002094F8253062F32A
:10B07000000384F8253007B0BDE8F08F94F8243041
:10B0800043F04003BDE7CDE902881CE703F0EF037E
:10B09000C2E700297FF474AF039900293FF451AF50
:10B0A000986968B3CDE90432FDF77CFBDDE9043231
:10B0B00000283FF446AF63E7C9F80440CDE7019BA1
:10B0C000A4F820B084F82230149B84F823506361E4
:10B0D000159BC4E9068394F8243003F0BB0392E780
:10B0E000019BA4F820B084F82230149B84F82350EC
:10B0F0006361159BC4E90683002E7FF475AFEAE710
:10B10000D988009B5BBA9BB299427FF439AF2FE795
:10B110002046FFF799FE6FF01500ACE703480BF0EF
:10B120006FFF6FF00100A6E7B07E0120246D0120C3
:10B13000E88F0120204B984237D3A033984210B5B6
:10B14000044635D890F82430DB072BD54FF0FF3379
:10B150004FF0FF3219480BF0A3FE19490B6843B1B9
:10B160009C4202D115E09C420BD01A461B68002B72
:10B17000F9D112480BF044FF2046FFF765FE00208E
:10B1800010BD236813604B689C4209D000232360E4
:10B19000EFE74A68236894420B60F7D14B60F5E70C
:10B1A0004A60F3E76FF0010010BD6FF015007047C3
:10B1B0006FF0150010BD00BFF08F0120246D01203D
:10B1C000B07E0120F0B5214CBDF814E0A042069DF0
:10B1D000BDF81C7033D3A034A04230D890F824C0FE
:10B1E0001CF0010F2ED00E46C261194646610DB308
:10B1F0002B88012B23D16B682A680361C2606B68BE
:10B200000BB14CF0400C4CF0040C47B90CF0EF0CB7
:10B2100080F824C07246BDE8F040FFF7E9BD7CBA73
:10B220004CF0100CC48180F824C07246BDE8F04098
:10B23000FFF7DEBD0CF0BB0C002FE7D0EFE76FF09F
:10B240001500F0BD6FF00100F0BD00BFF08F0120D0
:10B250002DE9F04F90F83770994683698BB0C7F3AA
:10B26000021705937B1E012B00F2DD80112A064692
:10B270008846154600F0A880062A00F0E1800023E9
:10B2800006930493012F00F0A880002309930393F1
:10B290004FF0FF334FF0FF32A5480BF001FEA54BF6
:10B2A0001C68002C00F0B3804FF0000A4FF0FF3311
:10B2B000CDE9073A0AE093F99200D6F818B0FAF708
:10B2C00025FD834508D02468002C5FD0A3691BB1FD
:10B2D000B3F890201105EED494F823300BB1BB42A3
:10B2E000F1D1238CAB42EED194F824301A0703D568
:10B2F000E28804998A42E6D1D80603D5E289069904
:10B300008A42E0D199070CD596F83720A188C2F37C
:10B3100002129142D7D1012903D1A268002A40F03C
:10B3200019815A0709D596F83720A189C2F302126C
:10B330009142C8D1012900F0B180079A03F0780347
:10B340009A42C0DA039A002A76D0304640F6CD42BF
:10B350000023FFF771F98346002800F04681E36976
:10B360000146009342464B462046D4F814C0E047BD
:10B37000022800F00181112D00F00681062D00F059
:10B38000DD80039B24680893002C9FD1BAF1000F45
:10B390005FD0DAF81440DAF81C7065480BF030FE24
:10B3A000039B002B43D1002C36D04B4642463146FE
:10B3B00050460097A047022831D0112D5ED0062DAF
:10B3C00000F0CF8000202FE0D9F80030012F1A883C
:10B3D00004925B8806937FF458AFD8F800400021B0
:10B3E00004F10C0A5046FAF735FF00287BD0049B85
:10B3F000069A934217D0D8F800100B6903F0F003B7
:10B40000E02B33D1002309930123039340E74848FD
:10B410000BF0F6FD039B13B9099B002B49D0112DAE
:10B4200050D0062D77D002200BB0BDE8F08F089BDE
:10B43000C3B9002CB9D1F2E71BB2A246079342E789
:10B44000D9F80030002BEED01A8804925B8806935E
:10B4500018E737480BF0D4FD039B002BDCD0089B8A
:10B46000002BDCD03046FEF795FCABE70598103199
:10B47000FAF706FE00230990039309E705980028D0
:10B4800000F0D1802C49D0F89C30D1F894200133C1
:10B490000132C1F89420C0F89C3093E72269002A59
:10B4A0003FF44BAFD8F8001009698A427FF40BAF24
:10B4B00043E7062D78D003223046114600F0EAFB20
:10B4C000112DB0D1059B002B00F0A3801A490598DF
:10B4D000D1F89020D0F8983001320133C1F8902093
:10B4E000C0F898309FE70390FCF7ACFDE168026874
:10B4F00091423FF47CAF039B51461846FAF7C0FDDA
:10B50000D8F800100B69CA689A423FF470AF00285F
:10B510003FF474AF6BE7059B002B00F08980064A6F
:10B520000598516EC36E013101335166C3667AE7E7
:10B53000246D0120B07E0120B87E0120059B002BE8
:10B540006CD005993D4B0A6F01320A679A6E013241
:10B550009A6616E7D8F80010C9688A427FF4B3AE3D
:10B56000DFE60598002859D03449036F8A6E01330D
:10B5700001328A66036725E7112D27D0062D38D0C2
:10B580005846FEF707FCFCE6059B002B4BD00599BF
:10B590002A4BD1F89C200132C1F89C20D3F894208A
:10B5A0000132C3F89420ECE6304601F053FD059BD0
:10B5B00053B3224A0598D2F88C10D0F89430013158
:10B5C0000133C2F88C10C0F89430A9E7059B03B38F
:10B5D00005991A4BD1F898200132C1F89820D3F878
:10B5E00090200132C3F89020CAE715480BF008FDFF
:10B5F00015E7059BE3B10599104BCA6E0132CA6687
:10B600005A6E01325A66BBE740F249110D48E8F71D
:10B61000FFFA40F209110B48E8F7FAFA40F2351147
:10B620000848E8F7F5FA4FF482710648E8F7F0FAAF
:10B6300040F22B110348E8F7EBFA00BFB87E012077
:10B64000246D0120C058070070B506460D464FF026
:10B65000FF334FF0FF3208480BF022FC074B1C6809
:10B660002CB120462946B0472468002CF9D1BDE80A
:10B67000704001480BF0C4BC246D0120B07E012055
:10B680000022F0B4002600270B4B0C4D03F1A00064
:10B690001C46194643F8282B8342C5E9006705D0AC
:10B6A0000A46194643F8282B8342F9D1044B054A30
:10B6B000C3E90024F0BC7047F08F0120B07E012068
:10B6C000E88F012068900120F32108B50148E8F7D0
:10B6D0009FFA00BFC05807002DE9F04F07288446A5
:10B6E0000D46144683B005D044284FD0002003B047
:10B6F000BDE8F08FD3E900790122384601A997F817
:10B700003A808DF804C0FFF759F8002840F0EB802C
:10B71000A31C0122384601A98DF80430FFF74EF82A
:10B72000002840F0E0802E78B44240F2E180331DE2
:10B73000A34200F3D8800122384601A98DF80430D5
:10B74000FFF73CF8002840F0CE80321F08F10308D4
:10B7500012F0FF0A5FFA88F840F0B08001264946EF
:10B7600004223846FFF72AF8002840F0BC8004364F
:10B77000F6B204F10409B4425FFA89F900F2AB8031
:10B78000C144A9EB060987F83A90AFE7D3E900690D
:10B790000122304601A996F83AA08DF804C0FFF7BF
:10B7A0000DF8002840F09F80A31C0122304601A91B
:10B7B0008DF80430FFF702F8002840F0948095F8E7
:10B7C00000806F78444507F00F0740F2A880002FF3
:10B7D00000F08C80012F40F0868008234344012232
:10B7E000304601A98DF80430FEF7E8FF00287AD131
:10B7F0000122304601A98DF80470FEF7DFFF002812
:10B8000071D1A8F105020AF1040A12F0FF0B5FFAE8
:10B810008AFA40F0E4804FF00208002F00F0A18087
:10B82000012F42D1494604223046FEF7C7FF0028C7
:10B8300059D10EF041FB07460EF03EFB7B01DB1BAE
:10B840009B008446DB190F4604224FEA4C194FEA4D
:10B85000471EB9EB0C094EEADC6E6EEB070E4FEAA1
:10B86000890B4FEA8E0E1BEB0C0C4EEA997E47EBD0
:10B870000E07FF0047EA5C77CCF3103CC3F3075395
:10B880004CEA474C43EA0C239BB21BBA30460DEB03
:10B8900002010193FEF792FF28BB0AF1080A08F1A2
:10B8A00008085FFA8AFA5FFA88F8444500F2A8802F
:10B8B000A244AAEB080A86F83AA017E7524638468F
:10B8C000691CFEF77BFF70B908EB0A02033EF6B273
:10B8D0005FFA82F843E73846A21BA919FEF76EFF0C
:10B8E00000283FF44DAF6FF0150000E7042375E723
:10B8F0000122384601A98DF80460FEF75FFF002899
:10B90000F1D12246E31C3846691CDCB2FEF756FF33
:10B910000028E8D104EB080387F83A30E6E6012274
:10B92000304601A98DF80480FEF748FF0028DAD1DF
:10B9300047F010070122304601A98DF80470FEF788
:10B940003DFF0028CFD12246231D3046A91CDCB282
:10B95000FEF734FF0028C6D10AEB040386F83A301C
:10B96000C4E60EF0A9FA07460EF0A6FA7B01DB1B2F
:10B970009B008446DB190F4604224FEA4C194FEA1C
:10B98000471EB9EB0C094EEADC6E6EEB070E4FEA70
:10B99000890B4FEA8E0E1BEB0C0C4EEA997E47EB9F
:10B9A0000E07FF0047EA5C77CCF3103CC3F3075364
:10B9B0004CEA474C43EA0C239BB21BBA30460DEBD2
:10B9C00002010193FEF7FAFE00288CD10AF1040A65
:10B9D00008F104085FFA8AFA5FFA88F865E75A46C0
:10B9E0003046A91CFEF7EAFE00287FF47CAF0AEB84
:10B9F0000B02A8F103085FFA82FA5FFA88F80CE7F5
:10BA0000304605EB0801A4EB0802FEF7D7FE00283C
:10BA10003FF44EAF67E700BF2DE9F043136887B0EE
:10BA2000DA680D4602921B690393029B002B00F01B
:10BA3000B5808B680022002B00F0B080188A5B680C
:10BA40000244002BFAD195F83A1095F83630D5F823
:10BA500018800B44C3F57F43FC3313449FB21BB2E1
:10BA6000032B40F39D80404601234FF400484FF0E4
:10BA700000091A46CDE900893944FEF72DFC044639
:10BA8000002800F08B80039BD5F8188003F0F003AA
:10BA9000E02B5ED10DF1080940464946FAF71AFB42
:10BAA00003680646002B76D095F83B1094F83B309F
:10BAB0004A4661F3050384F83B3095F83B3094F82F
:10BAC0003B109B0963F3871184F83B1020463146F5
:10BAD00000F066FA00285ED195F83A300DF11008B2
:10BAE000002B45D10026042341462046CDE90463BE
:10BAF000FEF782FE00284ED006808670C670414652
:10BB00002046FEF79FFE002845D13A4629462046AA
:10BB1000FEF756FC064600283DD12046FEF718FCED
:10BB20000121204600F04EFA002200232046F9F7BA
:10BB3000C1FD00282FDBA369002B53D02B489A6C42
:10BB4000016C01320131016430469A6407B0BDE8EE
:10BB5000F083FCF777FA039A03689A4218D04046BC
:10BB600003A9FAF7B1FA98B903AE0DF108099BE7FA
:10BB7000424628461E49CDE9044600F089FA50B9EC
:10BB800094F83A6016F003031CD184F83A60A9E7F0
:10BB9000D5F818807EE72046FEF7FCF8D5F8188027
:10BBA000B8F1000F1CD06FF0040630460F49D8F8EA
:10BBB0004C304A6C013301324A64C8F84C3007B04B
:10BBC000BDE8F083C3F104035FFA83F94A4601211B
:10BBD0002046FEF7CFFB0028DDD14E44F6B2D4E775
:10BBE000FFF772FDE9210348E8F712F8B87E01205B
:10BBF000D9B60500C0580700F0B50423002783B06C
:10BC00000E4669460546144601930097FEF7F4FD7B
:10BC100050B103460670694628465C709F70DF701D
:10BC2000FEF710FE03B0F0BD6FF06800FAE700BF4A
:10BC300000220423F0B50F4683B090F83A10044672
:10BC4000CDE90023FEF78AFB00BB06466946204685
:10BC5000FEF7D2FD0546C8B18670C6700221A06904
:10BC6000FBF74CFA30B92FB969462046FEF7EAFDDA
:10BC700003B0F0BD01212046FCF798F9688094F8E4
:10BC8000383043F0080384F83830EDE76FF068008F
:10BC9000EEE700BF2DE9F04714230646002588B0E3
:10BCA0008846174605930495FEF752FB304604A9D3
:10BCB000FEF7A2FD002835D0437A0446012B41D07F
:10BCC000E368029323690393B569FCF7BBF9039A10
:10BCD00003689A4226D0284603A9FAF7F5F908BB6B
:10BCE000637A112B00F08580062B15BF04212C21CF
:10BCF0004FF000094FF0280901234FF400440025BC
:10BD0000B0691A46CDE90045FEF7E6FA0446002878
:10BD100073D003A902AA00F043F9054600B32046F8
:10BD2000FEF738F86FF00405B369002B68D0374C84
:10BD3000DA6C616C013201316164DA64284608B062
:10BD4000BDE8F0870423304606A906950793FEF761
:10BD500053FD10B14378072BB2D86FF01505E3E718
:10BD60004FF0040A069006A92046CDF81CA0FEF765
:10BD700043FD0028D3D080F8008047708570C570DF
:10BD800006A92046FEF75EFD0028C8D101465246AE
:10BD90002046FEF7EFFA0028C1D14A463146204638
:10BDA000FEF70EFB05460028B9D12046FEF7D0FA73
:10BDB0000121204600F006F996F8252006F126011B
:10BDC000062A05D884F82D2004F12E0010F0DEFAA2
:10BDD000002200232046F9F76DFC00289FDBB369A1
:10BDE00083B10A489A6C016C0132013101649A6492
:10BDF000A4E720214FF01C097EE76FF00B0593E7C5
:10BE0000FFF762FCE9210248E7F702FFB87E012054
:10BE1000C058070000220423F0B583B00D466946E0
:10BE20000446CDE90023FEF7E7FC002839D006469A
:10BE30000221A069FBF766F920B101212046FCF739
:10BE4000B5F828BBA769FCF7FDF82A6903689A4290
:10BE50001ED0384605F11001FAF712F90746B8B9B5
:10BE600020460199FEF77AFAA369EBB1586C29468E
:10BE7000104D01305864EB6B324601332046EB63C2
:10BE8000FEF7AAFF2046FDF785FF384603B0F0BD58
:10BE9000A3696BB10748DA6C416C0132013141642E
:10BEA000DA64022003B0F0BDEE210348E7F7B0FEEC
:10BEB000FFF70AFCB87E0120C058070010B5054CFA
:10BEC00082B000230822012100940348FEF700FFFE
:10BED00002B010BD19BA0500909001202DE9F04F75
:10BEE0000025142485B0019102A9064690469A4681
:10BEF000BDF838909DF83C70BDF840B003940295B1
:10BF0000FEF77AFC002847D045212B4601704FEA06
:10BF100019217F0161F3070347EA1B2769F30F2308
:10BF200067F317436BF31F6380F801A08570C5703A
:10BF3000436096F839300446037253B9D8F800309C
:10BF4000726903F0F003E02B17D1DAB192F8943064
:10BF5000037200236372A372E372D8F80030236186
:10BF6000019B1B68E3601423304602A986F8363033
:10BF7000FEF768FC05B0BDE8F08F42B192F893304F
:10BF80000372E6E7B069FAF7ABFD2072E1E7B0694A
:10BF9000FAF77CFD2072DCE76FF06800EAE700BF8B
:10BFA00010B5002490F83BC084B00CF03F039B0018
:10BFB000CDE90044029443EA9C13FFF78FFF04B0DD
:10BFC00010BD00BF1423002270B582B0CDE900235C
:10BFD00090F837300C4643F00103694680F837305B
:10BFE0000546FEF709FC00284FD095F83A20064692
:10BFF00062BBAA6892B113464FF0000C198A5B68C5
:10C000008C44002BFAD1CCF3072C118A52680B44D4
:10C01000002AFAD14CEA032C1FFA8CF27280747257
:10C020000121A869FBF76AF8C8B969462846FEF7F6
:10C0300009FC4FF40063112CAB8615D0062C19D0E7
:10C04000012C18BF00201BD002B070BD95F836300F
:10C050001344C3F3830343F040030370C9E7284646
:10C06000FBF7AEFF7081E0E70021284603F0AEFF4A
:10C0700002B070BD0021284601F0A8F902B070BDE1
:10C0800000212846FFF7D4FDDEE76FF06800DBE70C
:10C090002DE9F04F8FB0002944D0D0E903B3064614
:10C0A000894692460193FEF753F914213046FEF774
:10C0B00055F98046B0BB96F83A50002D51D007464E
:10C0C0000DE09DF80E2094422CD39DF80F30012BEB
:10C0D00001D02DD834BBA41A14F0FF0541D00122A1
:10C0E00030460DF10F018DF80E70FEF74FF9C8B90B
:10C0F0009DF80F306C1E012BE4B2E2D901223046CC
:10C100000DF10E01FEF742F960B99DF80E20012AEB
:10C1100008D93CB1023A023DD2B2ECB294428DF859
:10C120000E20D2D26FF0150840460FB0BDE8F08F58
:10C13000072B01D0442B1CD1304604A9FEF726F969
:10C140000028EFD153469DF80E209DF80F0004A95A
:10C15000C8470028E6D19DF80E20A41A14F0FF0568
:10C16000BDD14046019BC6F80CB033610FB0BDE8AD
:10C17000F08F11463046FEF7F1F80028EBD0D1E7FA
:10C180001423002208212DE9F04391B00DEB0304A4
:10C1900007940BAC099484680546CDE90323089104
:10C1A0000A932CB1218A64680A44002CFAD11446FF
:10C1B000AB69002B00F035819E4F2846FA6A03A92F
:10C1C0000132FA625A6B01325A63FEF715FB0646DA
:10C1D000002800F09D80037803F00F039B00132BD1
:10C1E00040F29680143B5FFA83F8142385F83630CA
:10C1F000427895F83B30920862F3050385F83B30AE
:10C20000427862F3871385F83B30037A002B7FD0A6
:10C2100085F83A80418849BA89B2A14278DCC0F2F7
:10C22000858095F8381011F0100164D006F10C09E2
:10C23000F368AC6903F0F003E02B6AD0FBF702FF70
:10C24000F26803689A4263D020464946F9F718FF1E
:10C25000AC6900285DD1F3687BB9FBF7F3FE326966
:10C2600003689A4208D0204606F11001F9F708FF4A
:10C2700010B9737A022B4BD1AC6920460121FAF731
:10C2800041FF20B12846FBF79BFE002840D1012248
:10C29000337A06F1100985F8393095F837300021E6
:10C2A00062F30613484685F83730F9F7D3FF0446A2
:10C2B000002800F08680737A062B00F0A280336994
:10C2C00003F0F003E02B35D028460499FEF746F83A
:10C2D000B8F1000F6ED10296737A013B102B17D87C
:10C2E000DFE803F0615A16161652161616161616C1
:10C2F000161616164200337C7F2B09D0337B7F2B1A
:10C3000006D006F10C094846F9F7A4FF0446E8B147
:10C31000AC69002C00F089800220BA6B236C0132DA
:10C320000133BA63236411B0BDE8F0832846FEF7F9
:10C330009BF976E7AB69484602A90293FAF7B8F988
:10C340000028E5D0037E9B07BED4E1E7FBF77AFE29
:10C35000F26803689A42DBD020464946F9F790FE1E
:10C3600000283FF465AFD3E7284607A903F07CFE19
:10C3700001900028CCD02846727A01AB02A9FEF7C2
:10C3800067FF0228CFD1C3E7284609A901F056F874
:10C3900001900028EFD1BBE73146284600F01CF998
:10C3A0000228C0D1B4E731462846FFF733FD022802
:10C3B000B9D1ADE741462846FDF7D0FF00288AD025
:10C3C000A6E7FBF73FFE326903689A423FF473AF7A
:10C3D00020464946F9F754FE00287FF46CAF3369D4
:10C3E000727A03F0F003E02B09D0112A90D1FBF709
:10C3F00029FE326903689A423FF45DAF88E7062A56
:10C4000098D1AC69FBF71EFE326903689A423FF48B
:10C410007FAF20464946F9F733FE00283FF44FAF7F
:10C4200076E7DD210448E7F7F3FBD3210248E7F77D
:10C43000EFFB00BFB87E0120C05807000020704706
:10C44000704700BF2DE9F041012688B0044680F80E
:10C45000396080690D4617469846F9F73BFE002380
:10C4600001462A462046CDE901330093FFF736FD09
:10C4700000283ED140F294430422204606A90693A8
:10C48000FEF79CF90646A0BB042384F83A30082343
:10C490002046079306A904AB0693FEF7ADF90546BF
:10C4A00038B380F8008046703B684360204606A998
:10C4B000AE70EE70FEF7C6F9D8B92046FBF792FDD4
:10C4C000034625F8023F94F83730204643F0010335
:10C4D00084F83730FDF73CFF02212046FDF73EFF90
:10C4E000022229462046FEF769F910B908B0BDE8D6
:10C4F000F0816FF06800F9E738B50446FDF728FFD2
:10C5000002212046FFF75EFD0BF0F6FD02460025F6
:10C51000013A45F1FF332046F9F7CCF80028A3692A
:10C520000DDBCBB1114CD3F8AC20D4F8A410013200
:10C530000131C4F8A410C3F8AC20284638BD83B13B
:10C540000A4CD3F8B020D4F8A81001320131C4F855
:10C55000A810C3F8B02038BD40F2A9110448E7F78D
:10C5600057FB4FF4D7710248E7F752FBB87E012022
:10C57000C0580700F0B540F26766002783B00C464C
:10C580001546022301220C21CDE90067FDF7A4FE28
:10C59000E0B12E46002E0CBF1723162322460D496C
:10C5A00018BF21460546FFF74DFF041E08DB28464D
:10C5B000FFF7A2FF041E03DB0024204603B0F0BDFA
:10C5C0002846FDF7E7FB204603B0F0BD6FF00B04F3
:10C5D000F9E700BF985A0700002208232DE9F04729
:10C5E00084B0CDE90223836890F8362090F83AC0F1
:10C5F0001B8A62449B1A072B03DD0E694D4B9E423A
:10C6000001D002206AE002A90446FEF7F5F80028EE
:10C61000F7D02046FBF7E6FC002873D120460399AB
:10C62000FDF79CFEA369002B7AD04349D1F8A020E6
:10C630000132C1F8A020D3F8A8200132C3F8A82005
:10C64000A769D7F8B850002D44D095F8382095F850
:10C650005430D00703F0010143D5900749D5686AEB
:10C66000B04246D0D10705F1240A2AD50026C6EBF0
:10C67000C60305EB830393F838309A071ED5DAF822
:10C6800000202C4B9A4219D040F267684FF0000905
:10C690000223CDE9008901220C213846FDF71CFE5A
:10C6A0008046B8B1162352465146FFF7CBFE00280C
:10C6B0000DDB4046FFF720FF002808DB56B995F850
:10C6C0005430DB0706D501260AF11C0ACFE74046A5
:10C6D000FDF760FB2046FDF75DFB002004B0BDE8E0
:10C6E000F0870029F6D09907F4D5296CB142B9D169
:10C6F000F0E70029EED09807ECD5286C0D49884268
:10C70000B0D1E7E7A36983B10B48D3F8B020D0F8E4
:10C71000A81001320131C0F8A810C3F8B02070E7AA
:10C720004FF4D2710548E7F773FA4FF4D771034815
:10C73000E7F76EFAE0000001B87E0120C05807005C
:10C7400070B50D4684B0039003A92846F9F7B0FFF1
:10C7500048B3037E04469B072FD403982146FAF77B
:10C760007DF90398FAF702FD88B1002504262146D9
:10C7700001220398F9F7D6FB4FF400701049039A91
:10C78000A3190096FBF704FE284604B070BD2946A5
:10C7900001220398FFF7EEFE051EE7DA2146039813
:10C7A000F9F7DEFFF0E729460398F9F7C5FE0446DE
:10C7B0000028D2D16FF00B05E6E76FF07705E3E7CD
:10C7C000000030E070B50D4684B0039003A9284600
:10C7D000F9F76EFF60B304460398FAF7C7FCD0B1CF
:10C7E000002629460398F9F703FFF0B104252146F6
:10C7F0000398F9F7B5FF214600220398F9F792FB59
:10C800004FF480600C49039A63190095FBF7C0FD53
:10C81000304604B070BD024629460398FFF7AAFED1
:10C82000061EDEDA304604B070BD6FF01506EFE785
:10C830006FF00106ECE700BF000030E010B582B0F9
:10C84000019001A90D48F9F733FF70B1037E04464A
:10C850009B0708D421460198FAF700F901222146E6
:10C860000198F9F75FFB02B010BD04490198F9F790
:10C8700063FE04460028EDD1F5E700BF9C5A07008F
:10C8800008B1F9F757BA10B50446F9F783FA21460B
:10C89000BDE81040B02201480FF09FBDB87E0120D6
:10C8A00038B54FF0FF324FF0FF33A0F58075A0F19F
:10C8B0009C0420460AF0F4FAA86CEFF799FF0023D5
:10C8C000AB642046BDE838400AF09ABB38B5044650
:10C8D000FDF782FA0F4B1D6845B12046A847002896
:10C8E0000FDB2046BDE83840FDF754BA0BF004FCDE
:10C8F0000246013A65F100032046F8F7DBFE002806
:10C90000EFDA2046FDF746FA2046BDE83840FDF74D
:10C9100041BA00BFB890012070B50546A0F16C0681
:10C920004FF0FF324FF0FF3330460AF0B9FA0FE014
:10C9300055F8782C2368944245F87C3C08BF45F8AC
:10C94000783C30460AF05CFBA4F11C00FFF7BEFF08
:10C950004FF0FF324FF0FF3330460AF0A1FA55F89E
:10C960007C4C002CE4D130460AF04AFB3046BDE84E
:10C9700070400AF045BB00BF4FF0000C40F2E731B9
:10C9800070B54FF4004E0D4661460446B0F88E0275
:10C990004FF47A72EEFB00510023284684F896C2C9
:10C9A000E3F722FC02460B46034804F59871BDE804
:10C9B00070400BF05FBA00BF687F01202DE9F8439B
:10C9C000856806468846144655B32846EFF756FF55
:10C9D00000F10C0705463846F0F732F8844224D8B7
:10C9E0004FF000098DB394B105F10C073846F0F70C
:10C9F00027F8A0420ED92646002441463246384642
:10CA0000EFF7E2FF6D68B044002DECD1C4B94846A1
:10CA1000BDE8F8833846F0F713F80646241AECE729
:10CA2000BAB991464846BDE8F8833846F0F708F8A9
:10CA3000211A0FD18946002DD8D1B568002DD2D149
:10CA400040F2DF610B48E7F7E3F8B568002DCAD183
:10CA5000DCE71146304640F6CD420023FDF700FCEE
:10CA6000B0F10009B8BF6FF06809D0DB002DBAD172
:10CA7000EBE700BFA05A070040F2272108B50148A4
:10CA8000E7F7C6F8E80B07004FF4137108B5014843
:10CA9000E7F7BEF8E80B07002DE9F04F054690F8E0
:10CAA000369090F83A3083B0994409F1140B284637
:10CAB000FDF74EFC95F83730494643F00103284610
:10CAC00085F83730FDF74AFC002862D1142128464A
:10CAD000FDF76AFE002855D1D5E902377C68002BA6
:10CAE00057D01A8A5B681044002BFAD1584550D3AE
:10CAF00040F6CD42002314212846FDF71BF90646D7
:10CB0000002846D000F10C084046EFF7A3FF132899
:10CB10003CD94046D6F80CA0EFF79CFF4FF0140C20
:10CB2000AA6801464B46CDF800C05046EFF7E6FE36
:10CB300040461421EFF72EFFD5E90323D268B7F85A
:10CB400010809B1AA8EB0308D8F114083B8210D080
:10CB5000218A04F10C00414528BF4146A8EB010899
:10CB6000EFF75CFF2046038A64682BB1B8F1000F31
:10CB7000EED174607E609AE7EFF73AFEB8F1000FED
:10CB8000E6D1F6E7286903B0BDE8F08F3046EFF74D
:10CB90002FFE0020F7E700BF10B50446FFF77CFF2B
:10CBA00090F80CC0A3684FEA1C1CACF1050C4FEACE
:10CBB0008C0C9BB10022198A5B680A44002BFAD1C5
:10CBC0006FF0130094F8363094F83A100B44C01A02
:10CBD000A0EB0C00104420EAE07010BD1A46EFE70D
:10CBE00091F83730C3F30213012B1CD170B58B6859
:10CBF000044608461546DE68FFF74EFFB0B1002335
:10CC0000012D23606360A360E360236163610BBF58
:10CC1000038843880C3610366380336863600123D1
:10CC20002380002070BD6FF0150070476FF0680022
:10CC300070BD00BF70B504888EB0012C06D00421F1
:10CC400007A8F0F7F7F907980EB070BD438842685F
:10CC5000ADF834304B88184EADF8363000230B92C7
:10CC60004968327807AD0C910793C5E90133EB6051
:10CC7000E2B11024114B0FCB85E80F0002AB0193FA
:10CC800000941C22294603AB0D4807F0F9FD039CD4
:10CC90000DF012F90B4AA0FB020302FB0131C30B9A
:10CCA00043EA414304EB93100EB070BD10210348DA
:10CCB000F0F7C4F93470DCE7A7960120A4900120B6
:10CCC0000900000200CA9A3B70B504460E4682B0C5
:10CCD00000F164054FF0FF324FF0FF3328460AF0B1
:10CCE000DFF8012384F8703228460AF089F994F8B5
:10CCF000993213F001032BD0236E2BB160683146BB
:10CD0000426898470023236694F899326FF3000332
:10CD100084F8993204F178000AF0C8FC04F190001C
:10CD20000AF002FC04F51A73D3E8AF2FD3E8EF2F13
:10CD3000013AC3E8E12F0029F8D13AB90A4804F5CD
:10CD4000F87102B0BDE870400AF062BF02B070BD79
:10CD50006068456B002DE1D00096226D1946019266
:10CD60001A46A847DAE700BF687F01206FF0730119
:10CD7000A0F50070FFF7A8BF6FF07301A0F5B070C9
:10CD8000FFF7A2BF6FF07301A0F50070FFF79CBF23
:10CD90002DE9F8438046A0F5F877A0F5A47501E0E9
:10CDA000FCF7F8FF0022002328460AF029FB04467E
:10CDB0000028F5D17B68002B00F0E780B3F89030B5
:10CDC000C3F34103032B00F0AE80A8F5C6764FF005
:10CDD000FF334FF0FF3230460AF062F87B68002BD9
:10CDE00000F0D380B3F89020C2F34102032A0DD0A3
:10CDF000FA6D5AB102F51B72D2E8EF3F0133C2E877
:10CE0000E13F0029F8D100227B68FA65186B20B158
:10CE1000FEF790F900227B681A63F86C18B197F856
:10CE200099321B076FD400237A68A8F590791364B0
:10CE3000484687F87032A8F5CE750BF081F80CE003
:10CE40006A68236894422B6008BF6B6030460AF022
:10CE5000D7F8A4F11C00FCF79DFF4FF0FF324FF014
:10CE6000FF3330460AF01CF82C68002CE8D130461D
:10CE70000AF0C6F8A8F1C0000BF062F8386908B1F2
:10CE8000FCF7C8FFB86C18B1EFF7B2FC0023BB6425
:10CE9000A8F190000BF054F808F110000BF050F8D6
:10CEA000A8F160000BF04CF8A8F130000BF048F846
:10CEB00048460BF045F8A8F1F0000BF041F8304679
:10CEC0000AF09EF87868FBF759FD00237B604FF06D
:10CED000FF334FF0FF32304809F0E2FF2F490B6873
:10CEE00043B19F4202D147E09F4214D01A461B68CB
:10CEF000002BF9D128480AF083F83946BDE8F843F9
:10CF0000274809F085BD0023B7F8301208F1440224
:10CF1000F9F74CFE87E73B6813604B689F4232D0BD
:10CF200000233B60E6E74FF0FF334FF0FF321A4833
:10CF300009F0B6FF194B1D68D5B105F164064FF035
:10CF4000FF334FF0FF32304609F0AAFF6B68F3B1B0
:10CF5000B3F89030C3F34103032B03D0EB6D9F4232
:10CF600008BFEC6530460AF04BF82D68002DE4D17F
:10CF700009480AF045F828E74A683B6897420B6081
:10CF8000CED14B60CCE74A60CAE7FFF775FD40F2AF
:10CF900027210448E6F73CFEC46D0120BC90012027
:10CFA000B46C0120E80B070038B5B0F89030C3F33B
:10CFB0004103032B1CD0046CD4B104F164054FF081
:10CFC000FF334FF0FF32284609F06AFFE36D53B19B
:10CFD00003F51B73D3E8EF1F0131C3E8E21F002AFA
:10CFE000F8D10023E3652846BDE838400AF008B8C8
:10CFF00038BD00BF70B51446028C056C012A07D0FD
:10D00000E1B195F87032042B22D86FF0150070BD95
:10D0100051B1034695F87002042811D8586A006887
:10D0200048605B8C0A804B8008262CB13246204633
:10D0300005F512710FF0AAF9002070BD1826F4E76B
:10D0400008263246084605F50C710FF09FF9ECE70B
:10D050001826F6E72DE9F04314268DB007AB0746F6
:10D0600005930696FFF718FD20B1437B044613F0A5
:10D07000040502D00DB0BDE8F08340F6CD484FF076
:10D08000000997F837203146B8690623CDE90089B1
:10D09000C2F30212FDF720F906460028EAD097F8FD
:10D0A0003730C3F30213012B05D03046FCF772FE74
:10D0B0000DB0BDE8F083BB68DB68DB680393BB6839
:10D0C000DB681B69049303AA04A9FEF769FF002823
:10D0D000EBDB304605A9FDF78FFB80460028E4D046
:10D0E000056045608560C5600561638803802388AD
:10D0F00043800522037B62F307130373637BD90626
:10D100001CD504234373A3684360304605A9FDF78B
:10D1100099FB0028C9DB3046FDF71AF996F837303D
:10D12000C3F30213012BC0D106213046FEF74AFF9C
:10D130000028BADB3046FFF7C9FB9BE76368384637
:10D140001DBAFFF729FD627B2B1892074FF01402DE
:10D1500048BF013388F80D201BBAC8F80830D4E75F
:10D1600030B5002483B0054600220023524801A9AF
:10D17000019409F0E3FB40B1019B002B00F0988083
:10D1800000205D602B6403B030BD019B01464FF46D
:10D190002872044618460FF020F90830FDF770FB9E
:10D1A000019B03F51B73D3E8EF2FC3E8E14F002980
:10D1B000F9D10198643009F06BFE0198A8300AF0AB
:10D1C00089F8019878304FF0FF3221460AF098F93B
:10D1D00001989030012211460AF092F94FF0062290
:10D1E0004FF6FF7C02204FF4C061019BC3E9A122EE
:10D1F00093F8992283F8700222F00D02A3F88C12A2
:10D2000003F1D000C3E9154483F89742C3F8744290
:10D2100083F89922A3F890C228490AF085FD019865
:10D22000274900F5B0700AF07FFD0198254900F507
:10D2300000700AF079FD0198234900F598700AF012
:10D2400073FD0198214900F580700AF06DFD019889
:10D250001F4900F5C8700AF067FD01981D4900F5E7
:10D26000E0700AF061FD01981B4900F5F8700AF0C2
:10D270007DFC019B03F51A73D3E8EF1F0131C3E86E
:10D28000E21F002AF8D14FF0FF324FF0FF3313486E
:10D2900009F006FE019B124A1C60516829B10B601F
:10D2A00053600E4809F0ACFE66E7C2E90033F8E7C8
:10D2B0006FF00B0067E700BFB46C012019C90500CF
:10D2C00079CD050085CD05002DDF0500A1C805003D
:10D2D00081D70500B1DA050091CD0500C46D0120AC
:10D2E000BC900120026C0346B2B10429A8BF0421FE
:10D2F0000129B8BF012102F51B72D2E8EF0FC2E885
:10D30000EC1FBCF1000FF8D1B3F89020002042F0E0
:10D310000602A3F8902070476FF00100704700BF2D
:10D3200029B108B50B4600219847002008BD002010
:10D33000704700BF002370B58AB0CDE90833036C95
:10D340006BB1044693F87002022808D1D965B4F88D
:10D350009030C3F3C203012BADF8203003D06FF03F
:10D3600015000AB070BD636A0BB11B680993638C2A
:10D370006260206B658D5EBAADF82230FDF7DAFE93
:10D38000B4F89030B4F88E00C3F3811113F48073B5
:10D3900018BF04F12803059403946DBA3034069441
:10D3A000B6B2064CADB2CDE9015608AD9DF82020CD
:10D3B00000950494FDF76AFD0AB070BD05E705000D
:10D3C000036C416303B11A65002070471423F0B564
:10D3D00089B0029390F837300F46164A03A9164ECB
:10D3E0000191C3F3021301A90446022B18BF16468C
:10D3F000FDF702FAD8B100230374437405463146A1
:10D40000A069F9F77BFE30B92FB9204601A9FDF7D5
:10D4100019FA09B0F0BD06212046FAF7C7FD2882A7
:10D4200094F8383043F0080384F83830EDE76FF0B3
:10D430006800EEE7010020000004200070B590F8BD
:10D440003730184D184AC3F3021304460E4680695C
:10D45000022B14BF29461146F9F754FE20B10621CC
:10D460002046FAF7A3FD60B931462046FDF7C4F91E
:10D47000054630B131462046FDF7E4F908B92846A3
:10D4800070BDA3694BB100250848DA6F416F0132C6
:10D4900001314167DA67284670BD4FF4A77104482F
:10D4A000E6F7B6FB0100200000042000B87E012052
:10D4B000C05807002DE9F041074688464FF0FF337A
:10D4C0004FF0FF32154809F0EBFC154B1D68FDB11C
:10D4D0002C68124E05F51A73D3E8AF3F002B08DC19
:10D4E000B4B12546246805F51A73D3E8AF3F002B85
:10D4F000F6DD304609F084FD41462846B8474FF036
:10D50000FF324FF0FF33304609F0CAFC002CE8D15F
:10D51000BDE8F041014809F073BD00BFC46D0120B2
:10D52000BC90012008B54268CAB1B2F89030C3F38C
:10D53000C203012B18BF002000D008BD92F9920051
:10D54000F8F7E4FB28B1036833B1188B283880B2B0
:10D5500008BD4FF4067008BD4FF6D87008BDFFF740
:10D5600093FA00BF2DE9F04F984690F8CE300F4661
:10D5700013F0010F4368044614BF18211421C06C36
:10D580008BB0002B00F0EC8040F6CD4A4FF0000B42
:10D590001646B3F890200623CDE900ABC2F3C202D1
:10D5A000FCF79AFE0546002800F0D78026B1B16846
:10D5B000FCF7BAFE0023B36095F83730C3F30213CB
:10D5C000012B78D12946606804F5137304F50D72B8
:10D5D000FBF752FB061E70DB14230DF114092846DD
:10D5E00003A9CDF80C900493FDF706F9002800F08C
:10D5F000B1800023036043608360C3600361B4F8BB
:10D6000032320380B4F84A3243800522037B62F34E
:10D610000713037394F8CE30477303F001031344E8
:10D62000027B63F307120273B4F888325BBAC381DA
:10D6300098FA88F8C0F8048017F0100744D12846FB
:10D6400003A9FDF7FFF8061E37DB94F8CE30DB07A1
:10D650001AD503AB05930423494628460693FDF7E4
:10D66000CBF80646002875D02046FFF75BFF83B253
:10D670001BBA43F4806343F00203336049462846F3
:10D68000FDF7E0F8061E18DB2846FCF761FE95F86A
:10D690003730C3F30213012B0DD106212846FEF7C4
:10D6A00091FC061E09DB2F4B1B6893B128460BB07B
:10D6B000BDE8F04F18476FF015062846FCF76AFBE7
:10D6C00030460BB0BDE8F08FD4F880321BBA8360CF
:10D6D000B5E71FB1B4F88832A4F8843295F8373032
:10D6E000C3F30213012B06D02846FFF7EFF83046AC
:10D6F0000BB0BDE8F08FAB68DF683B7C7F2B13D0AD
:10D7000007F1100900214846F8F712FE804658B983
:10D71000FAF798FC3A6903689A4205D049464046B0
:10D72000F8F7D2FC0028DFD00022EA61A26D05F1F3
:10D730001C0362B11360A3650022002304F1D00131
:10D7400009480AF03DFB30460BB0BDE8F08F636539
:10D75000A365F1E76FF06806AFE76FF06806AFE723
:10D76000FFF792F9B8900120687F012010B4D0F83B
:10D770007442D0F864320022234410BCFFF7F2BE9A
:10D78000F0B5044683B0A0F5C876A0F596754FF0C5
:10D79000FF324FF0FF33284609F082FBD6F874229F
:10D7A000D6F86432013A1344102100223046FFF7C4
:10D7B000D9FE01210DF10700EFF73CFCC8219DF8CF
:10D7C0000730B6F88C2203F5007301FB03F35B0A04
:10D7D000A6F88E3282BB96F898123E2903D8013102
:10D7E000C9B286F898120026A1F1200003FA00F0D1
:10D7F0008A400243C1F1200023FA00F0134F8B400E
:10D800000243581E42F1FF3187428E411AD3D103A1
:10D81000D80341EA534140F2E733C0184FF47A721B
:10D820004FF0000341F10001E2F7DEFC02460B4637
:10D83000214607480AF01EFB284603B0BDE8F04029
:10D8400009F0DEBB4FF470120023F1E7BFD40100F2
:10D85000687F01202DE9F04F8BB00546DDE916BA4F
:10D86000046C884691461E46BDF8507090F99200AF
:10D87000F8F74CFAE06401210DF12700EFF7DAFB2D
:10D88000C8229DF8273003F5007302FB03F35B0AFF
:10D89000A4F88E32B5F89030C3F3C203012B07D041
:10D8A000022B1DD16FF0150630460BB0BDE8F08F8E
:10D8B000A4F83032A4F848320023A4F84A62A4F84D
:10D8C0003272C4F83432C4F84C32D9F80430002B28
:10D8D00000F0BE80C4F83432D8F80430C4F84C32BA
:10D8E00004F5127104F50C70FFF7A4F97FBA76BA4B
:10D8F000B6B2BFB2C4F87402CDE90167CDF80090AA
:10D9000005950395B5F89010674A21F0060141F09E
:10D91000020189B2A5F89010049205F13002069236
:10D920004346C1F3C202B5F88E00C1F38111FDF781
:10D93000ADFA061EB8DB04F50D72B4F83012E06CD7
:10D94000F9F7F8F894F89932189A43F0080384F834
:10D950009932199B22666B6094F89932D4F874223C
:10D9600043F0010384F89932C4F8782204F1640585
:10D970004FF0FF324FF0FF33284609F091FA94F848
:10D98000CE30002243F0010384F8CE30022120463D
:10D99000D4F87432FFF7E6FD061E65DB00264FF46F
:10D9A000004240F2E7303146B4F88E3284F8966295
:10D9B000E2FB03014FF47A720023E2F715FC0B46F9
:10D9C000024604F5987139480AF054FA032384F8A2
:10D9D000703294F8CE3066F3000384F8CE30D4F879
:10D9E00074320133C4F8743204F51A73D3E8EF1FAC
:10D9F0000131C3E8E21F002AF8D1284609F000FBF4
:10DA000094F87032012B36D95BEA0A0201D1052B5A
:10DA100047D15A46534604F1780009F0F5FD60B14C
:10DA200094F87032052B08D094F89932DA072CD488
:10DA3000DB0627D56FF06E0636E70026304694F8F1
:10DA400099326FF3000384F899320BB0BDE8F08F80
:10DA500095F99200F8F75AF908F10401F8F73AFB42
:10DA60000368C4F8343237E7284609F0C9FA30466B
:10DA70000BB0BDE8F08F94F89932D906DAD46FF084
:10DA80007F0611E76FF073060EE76FF3000384F86B
:10DA900099326FF073012046FFF716F994F8993226
:10DAA000C6E76FF07606FFE605E70500687F012010
:10DAB00038B54FF0FF324FF0FF33A0F5E075A0F519
:10DAC000AE74204609F0ECF9D5F87412D5F864323A
:10DAD00000220B4428461021FFF744FD2046BDE8F4
:10DAE000384009F08DBA00BF2DE9F843046C002CD2
:10DAF00000F0A2800D4604F164064FF0FF324FF0B3
:10DB0000FF33304609F0CCF9002D40D194F8703243
:10DB1000043B012B1BD994F89932DA0700F183807A
:10DB2000304609F06DFA04F51A73D3E8AF2FD3E845
:10DB3000EF2F013AC3E8E12F0029F8D122B940487C
:10DB400004F5F8710AF064F80020BDE8F883D4F811
:10DB5000607204F598793FB34FF40042294640F2D1
:10DB6000E73094F8993243F0020384F89932B4F81C
:10DB70008E32E2FB03014FF47A720023E2F734FBAA
:10DB800002460B462E4849460AF074F9C8E704F5E8
:10DB900098700AF0D5F9304609F032FA6FF07D013D
:10DBA0002046FFF791F8CFE740F2E7354FF4004801
:10DBB000AC463946234B4FF47A721868002320EAAA
:10DBC000E070C0FB08C16046E2F70EFB02460B4660
:10DBD0001B4804F500710AF04DF9D4F87422D4F80A
:10DBE00064321121134420463A46FFF7BBFC284615
:10DBF0003946B4F88E324FF47A72E8FB0301D4F858
:10DC0000743284F896720133C4F874320023E2F758
:10DC1000EBFA0B460246494609480AF02BF906235F
:10DC200084F870327CE765F3000384F8993204F1DC
:10DC3000780009F03BFD73E76FF0010085E700BF56
:10DC4000687F0120C4900120F0B5456883B0002DA5
:10DC50003FD0B5F89030DB0701D403B0F0BD0446E7
:10DC60000E4695F99200F8F751F88642F5D194F8EE
:10DC70007032012BF1D0B5F89030C3F34103032B80
:10DC800006D00121284603B0BDE8F040FFF72CBFC5
:10DC900004F164064FF0FF324FF0FF33304609F0D5
:10DCA000FFF8286B18B1FDF745FA00232B63E76DE9
:10DCB0004FB1002269686FF07203009160681146ED
:10DCC000B8470023E365304603B0BDE8F04009F0F3
:10DCD00097B940F2C1110148E5F79AFFE80B070038
:10DCE0002DE9F04FD0E998128A42044683B000F241
:10DCF000F680B0F88C329A422ADB002594F8C830BE
:10DD0000D807204654BF4FF40676B4F8C460FFF736
:10DD100009FCB04240F39D8094F8C830D90725D55E
:10DD2000B4F8C460AE4226DDD4E998138B4200F209
:10DD3000DF80B4F88C22934204DAB4F89002834274
:10DD4000C0F29B806FF03C07384603B0BDE8F08F0F
:10DD5000B0F890028242D0DA9D1A801A8542A8BF9C
:10DD60000546891A8D42A8BF0D46C7E7B5F5067F5F
:10DD7000DADB4FF406762046FFF7D4FBB04240F3DF
:10DD8000948094F8C830DB0770D44FF40678464688
:10DD90006368E06C002B00F0AE8040F6CD4A4FF097
:10DDA000000BB3F8902041460623CDE900ABC2F347
:10DDB000C202FCF791FA0546002800F09680D4F8DC
:10DDC000649204F10807FCF7C3FA3846FCF7C0FA7E
:10DDD000B9F1000F5ED1394642462846FCF7F0FA09
:10DDE00000287FDBD4F87422D4F86432182113445D
:10DDF00020462A46FFF7B6FB074618BBD4F8643224
:10DE000094F871223344012AC4F86432E36C51D08F
:10DE1000002B77D0434AD86D116D89191165516D6A
:10DE200041EBE6715165996D891940EBE670C3E9E4
:10DE30001610E36C002B60D0D16E0131D1665A6FA1
:10DE400001325A672846FBF7A5FF384603B0BDE804
:10DE5000F08F2046FFF766FBA8423FF765AF94F8C6
:10DE6000C830DA0785D5B4F8C46084E7B4F8C46074
:10DE7000002E3FF467AFB0468AE7D61AC01A864232
:10DE8000A8BF0646C91A8E42A8BF0E46002EEFDA7A
:10DE9000374659E794F83F30494643F00103384686
:10DEA00084F83F30FCF75AFA95E72046FFF73AFB33
:10DEB0000646DDE783B3996E1A4A41449966136EAC
:10DEC00043441366E36C13B3D2F884100131C2F8F3
:10DED0008410D3F88C200132C3F88C20B2E76FF0A5
:10DEE00021050BE72846FBF755FF6FF068072BE786
:10DEF0006FF0210728E7FEF7C7FD4FF498710A4835
:10DF0000E5F786FE40F21B110748E5F781FE40F277
:10DF10005D110548E5F77CFE4FF493710248E5F783
:10DF200077FE00BFB87E0120C0580700F8B505464F
:10DF3000A0F59874A0F1CC064FF0FF324FF0FF33FC
:10DF4000304608F0ADFF94F89622082A0AD894F8D3
:10DF50007032033B072B63D8DFE803F059503D0EC6
:10DF6000623D0E0E304609F04BF82046BDE8F84001
:10DF70006FF07301FEF7A8BED4F8743200221121AD
:10DF80002046013BFFF7EEFA94F89622B4F88E3261
:10DF9000511CC9B2072A84F8961205D80022013212
:10DFA0008A4203EB6303FADB4FF4004240F2E730AE
:10DFB0000021C3FB02014FF47A720023E2F714F947
:10DFC00002460B465C48294609F054FF3046BDE83E
:10DFD000F84009F015B842B301230027204684F821
:10DFE0007132C4F86472FFF77BFE3D30CCD184F807
:10DFF00071723046BDE8F84009F002B8D4F87432C6
:10E00000002212212046013BFFF7ACFABCE7D4F80E
:10E010007432002202212046013BFFF7A3FAB3E746
:10E020003046BDE8F84008F0EBBF94F8C830204611
:10E03000DF0754BF4FF40677B4F8C470FFF772FAE5
:10E04000B8424DDDD4F8642294F8C81002EBD273C4
:10E05000C8074FEA630339D5B4F8C470B3EB470F70
:10E0600021DBA4F89232B4F8C4702046FFF75AFAC4
:10E07000B84231DD94F8C830DB0724D5B4F8C400C9
:10E08000D4F86032B4F88C22A4F890029A4201D9F4
:10E090009842A1D800220023A5F1A00009F0B4FA0B
:10E0A0009AE74FF406772046FFF73CFAB84239DD8D
:10E0B00094F8C830DA0731D44FF48663A4F892326A
:10E0C0004FF40677D1E74FF40670D9E7B2F5066F43
:10E0D000E7DBA4F89232F3E72046FFF723FACFE715
:10E0E0002046FFF71FFAD4F86432410003EBD373E4
:10E0F000B1EB630F4FEA630209DC94F8C81093B2E6
:10E1000001F00102A4F89232002AACD1D8E794F8C9
:10E11000C830D907C5D5B4F8C470C4E7B4F8C43062
:10E120005B009EE72046FFF7FDF994F8C820430006
:10E1300002F001029BB2E5E7687F012038B5044692
:10E1400090F8C830D807204654BF4FF40675B4F88D
:10E15000C450FFF7E7F9A8422CDD94F8C820B4F8C2
:10E160008632D1074FEA530315D5B4F8C4509D4207
:10E170000AD22046FFF7D6F9A84216DD94F8C83037
:10E18000DB0728D5B4F8C430B4F888029842CCBF75
:10E190000020012038BDB3F5067FF5D920464FF4A5
:10E1A0000675FFF7BFF9A842E8DC2046FFF7BAF989
:10E1B0000346E9E72046FFF7B5F9B4F88622B0EB4D
:10E1C000520F4FEA5203DFDA94F8C830DA07E5D588
:10E1D000B4F8C450CDE74FF40673D5E738B5B0F8BE
:10E1E000883204465B186AD4B0F886529D42A8BFB4
:10E1F0001D46ADB22046FFF7A1FF0346A4F88852A2
:10E200001D462046FFF79AFF35B128B994F87032C1
:10E21000052B33D0002038BD94F8C8302046DB07EA
:10E2200054BF4FF40675B4F8C450FFF77BF9A84209
:10E2300034DD94F8C820B4F88632D5074FEA53008D
:10E240003FD5B4F8C45085420CD92046FFF76AF98F
:10E25000A84240DD94F8C820B4F88632D20740D5F1
:10E26000B4F8C400B4F888229A42D3D1B4F8843206
:10E270008342CFDC94F87032052BCBD104F5E070EB
:10E2800009F05EFED4F87452D4F8643200221021F2
:10E2900020462B44FFF766F9002038BD2046FFF7E3
:10E2A00041F9B4F88632B0EB530F4FEA53021BD951
:10E2B00094F8C830D90707D5B4F8C450C5E700258D
:10E2C00098E7B0F5067FCDD220464FF40675FFF7EC
:10E2D00029F9A842BEDC2046FFF724F9B4F88632BB
:10E2E000C0E74FF40670BDE71046BBE770B5046C9D
:10E2F0009CB105460E4664344FF0FF324FF0FF33B9
:10E30000204608F0CDFD3146286CFFF767FF054633
:10E31000204608F075FE284670BD6FF06A05FAE7E2
:10E320002DE9F84F434B1D68002D61D14368064627
:10E330005B6B002B5DD0836C0F469046D2F800904B
:10E3400013B30846FEF7A8FBB16C42680C46D1F83F
:10E3500018A012BA09EB020BABEB0A00238A64681F
:10E360001D44002CFAD1A84246D2002850D1B868EA
:10E37000EEF7AEFA002306F58070B36409F0E0FD15
:10E38000D8F8003005EB03093846C8F80090FBF7D1
:10E39000DFFF97F83720BB6842F0010287F837208B
:10E3A000A3B34FF0000C1C8A5B68A444002BFAD185
:10E3B000D8F800103846ACEB0101FBF7CFFFD8F8D6
:10E3C000001030464942FFF709FFB6F88432D8F80A
:10E3D000002006F1A8009A428EBF00239B1A9BB230
:10E3E0003946A6F8843208F0F3FF0020BDE8F88F24
:10E3F000A8470220BDE8F88FAAEB090AAAEB020A97
:10E40000BAF1000F0DDDD8F80090BDE79C46CFE7CC
:10E410000146AAEB0B0B3846FBF798FD5D44B16C47
:10E42000A5E70846EEF7E4F9B46406F5807009F054
:10E4300087FDE8E7B4900120F8B500260446D4E94A
:10E4400098138B4203D8B4F88C2293420BDB04F56B
:10E45000987504F5A07000293CD00BF0BBFB084375
:10E4600043D03046F8BDB4F890028342EFDAD51AB3
:10E47000C01A8542A8BF0546CA1A9542A8BF1546CC
:10E48000002DE4DD94F89922510716D4002B14DDF9
:10E4900094F8C8302046DA0754BF4FF40677B4F832
:10E4A000C470FFF73FF8B8421BDD94F8C830DB07B3
:10E4B00014D5B4F8C400A84204DC2046FFF710FCD1
:10E4C000061EBCDAD4F8601204F5987504F5A07045
:10E4D0000029C2D10BF07EFB3046F8BD4FF4067028
:10E4E000E9E72046FFF71EF8E5E700234FF4004771
:10E4F000194640F2E730B4F88E2284F89632E7FBF2
:10E50000020100234FF47A72E1F76EFE02460B46D9
:10E510000248294609F0AEFC3046F8BD687F01206C
:10E520002DE9F04F076C83B0002F00F091809946E1
:10E5300097F87032052B40F08B800C46164607F199
:10E5400064084FF0FF3240464FF0FF3308F0A8FC5C
:10E55000D7F86002B7F88C52A84208D36FF00A04CB
:10E56000404608F04DFD204603B0BDE8F08FB7F8F7
:10E5700090329842F2D2B9F1000F35D0D9F80C6040
:10E58000002E40D0D9F8083000211A4603EBC60609
:10E5900054680832B2422144FAD14FF0000B2D1AD0
:10E5A0008D4207F1080228BF0D465E46019209E040
:10E5B000B5EB0A05564423D0D9F80C305B451FD97A
:10E5C000D9F8083003EBCB02526853F83B10AA424B
:10E5D00028BF2A4601989246FEF7F0F9041E0BF177
:10E5E000010BE5DA66B9BBE72D1AAE4228BF2E460D
:10E5F0002146324607F10800FEF7E0F9041EAFDBC2
:10E60000D7F86002304497F87132C7F86002012BE6
:10E6100006D03846FFF710FF041E11DBD7F8600262
:10E62000B7F88C32834203D9B7F89032834205D8C9
:10E630000022002307F1900008F0E6FF34468FE740
:10E6400014F1690FEAD021463846FEF73DFB87E713
:10E650006FF07F0487E700BF38B5044690F8C830F4
:10E66000D807204654BF4FF40675B4F8C450FEF7DF
:10E6700059FFA8423CDD94F8C830D90719D5B4F841
:10E68000C430A4F890322046B4F8C450FEF74AFFD4
:10E69000A84219DD94F8C830DB0721D50023B4F86F
:10E6A000C400A4F8943200EB400080B2A4F89202B7
:10E6B00038BD4FF40673A4F8903220464FF4067527
:10E6C000FEF730FFA842E5DC2046FEF72BFF0023D3
:10E6D00000EB400080B2A4F89202A4F8943238BD56
:10E6E0004FF4C9600023A4F89202A4F8943238BD14
:10E6F0002046FEF717FF94F8C830A4F89002DA0716
:10E70000C1D4DAE72DE9F04F0E469BB04FF0FF334E
:10E710004FF0FF32C14808F0C3FBC14B1F68002F08
:10E7200000F0A7803C6810AD002231462846FEF775
:10E7300057FA0028C0F29880B7F830322946012BEA
:10E7400014BF1822082207F50C700DF04EFE0028A9
:10E7500040F08A80012231462846FEF741FA00281F
:10E76000C0F28280B7F848322946012B14BF182224
:10E77000082207F512700DF038FE002874D13C46CF
:10E780000127A64808F03CFC002F75D0002C73D060
:10E79000002E64D03046FEF77FF9074600285ED091
:10E7A00090F80C80437B4FEA181803F03F0B04F1FC
:10E7B00064094FF0FF3348464FF0FF3208F070FB1A
:10E7C00094F87032002B47D03B7B4F2B40F2F08106
:10E7D0003046FEF7E1F90F9094F870325FFA8BFA49
:10E7E000023B012B40F22281B4F88832002B00F06A
:10E7F00030827A68D4F8801212BAA2EB010C002899
:10E8000000F08A82BCF1000F07DB03EB010CA2EBE6
:10E810000C0CBCF1000FC0F2258201380244501AE2
:10E82000002804DB0B44D21A002AC0F21B82BAF182
:10E83000000F00F05F821AF0040F00F05B82B369F2
:10E84000002B01F07A827748D3F88420C16F01321F
:10E850000131C167C3F88420484608F0D1FB022784
:10E8600038461BB0BDE8F08F2746002C89D02468BD
:10E870005AE76A4808F0C4FB3046FEF70DF9437BBF
:10E880009C0740F1C78013F0100740F0C380249B21
:10E89000D3F84080B8F1000FE1D008F51B73D3E83E
:10E8A000AF3F002BDBDD96F8379010ADC9F30219AE
:10E8B00010970622012148466F600EAB0E97F9F7BC
:10E8C00077FF0028C0F297800E9B1C6CB369E3644D
:10E8D00001210FA8EEF7AEFBC8229DF83C3003F5EE
:10E8E000007302FB03F35B0AA4F88E3296F837300C
:10E8F0006268C3F30213002A01F0DE81042B88BF93
:10E900003B46B2F8901098BFDB000B4304F512773A
:10E91000A2F89030314601223846FEF761F900280E
:10E9200066DB0022314604F50C70FEF759F9002829
:10E930000E985EDB7B683A68C362B0F89030826202
:10E9400043F48073A0F89030C3F3C203012BA0F806
:10E950002090ADF8403000F0108208222946FAF7E6
:10E960006DF8002844DB0E99002901F0DF81B1F831
:10E9700090302846C3F3C203012B08BFB4F83232EB
:10E9800001F1280108BF21F8063CFEF753F984463F
:10E990000E9FDFF894E0C4E99DCCCDE904E74A4638
:10E9A00007F13009CDF81890039707F12803B4F860
:10E9B000327201217FBABFB20297B4F84A720620C0
:10E9C0007FBABFB200950197FCF760FA00280FDB11
:10E9D000B4F84812E06C04F50D72F8F7ABF894F84F
:10E9E0009932C4F85C8043F0080384F89932D1E688
:10E9F0000E98F9F7F3FFB369002B00F0E58709489B
:10EA0000D3F89020D0F8881001320131C0F8881076
:10EA1000C3F890203046FEF71DFB20E7C46D0120AF
:10EA2000BC900120B87E012005E70500BAF1000F77
:10EA300026D01AF0040F23D0B369002B01F078819F
:10EA4000D3F88820C0490132C3F8882094F899325D
:10EA5000D1F8802043F010030132D80784F89932AE
:10EA6000C1F8802003D57B7B142B00F067853046EE
:10EA7000FBF790F96FF067030126002708939FE0EA
:10EA8000B8F1050F3FD1FB89B4F88A225BBA9BB27B
:10EA9000934228BF134604F5C8784046A4F88C3248
:10EAA000002B40F0368109F059F9002800F06A8106
:10EAB000D4F86032B4F88C2204F1900193420991A9
:10EAC00004D2B4F890229342C0F040810022002387
:10EAD00004F1900008F098FD94F87032013B0A2B85
:10EAE00001F28B81DFE813F044018F013701D60278
:10EAF00034039902470244011C0280020102B8F16A
:10EB0000050F00F06581F368304609933369A8F179
:10EB100005080893FBF71CFC96F83A2096F8361087
:10EB20003046114414314FEA8808FBF717FC42467F
:10EB3000282A28BF282229463046FBF727FC099BB4
:10EB40000028F360089B336194F8C83023F0030376
:10EB500084F8C830C0F22E81B8F1000F28DD2A46B3
:10EB600006E00A44A8EB0108B8F1000F40F3268143
:10EB70001378002B00F02281012B66D0B8F1010F31
:10EB800016D05178012913D9414511DC022B4CD004
:10EB9000032BE6D103290BD194F8C830A4F8C61092
:10EBA00043F002030332A8F1030884F8C830DBE71E
:10EBB0003046FEF74FFA6FF06703012602270893ED
:10EBC000D4F804A0BAF1000F01D0DAF830A0256D16
:10EBD000484608F015FA04F1A809BAF1000F17D059
:10EBE00004F51A7B10E000220023484608F008FCD8
:10EBF000804668B10023414650461A460095F9F711
:10EC0000A7FC022800F08180DBE8AF3F002BEADCA4
:10EC1000002E3FF425AE94F87032012B7FF620AE23
:10EC200020460899FEF750F81AE60429C0D1538807
:10EC3000A8F104085BBAA4F8C43094F8C8300432D0
:10EC400043F0010384F8C8308EE7013208F1FF3841
:10EC50008AE700287FF4EBAD7B68D4F880221BBAEA
:10EC6000934260D1BAF1000F3FF449AF1AF0040F9C
:10EC70007FF4E2AEB8F1050F7FF445AF1AF0020F52
:10EC800040F047841AF0100FD4F8742200F0A080EE
:10EC90000AF0EF0B94F8703203F0FD01042900F044
:10ECA0003584093B012B40F23184BB681BBA9A1AA8
:10ECB000002A08DBD4F87422D4F860120A449B1AA4
:10ECC000002B7FF7E0AEB269002A00F04987D2F846
:10ECD00080101D4B0131C2F880109A6F01329A6783
:10ECE000B269002A00F03787196F01311967936FF5
:10ECF00001339367D4F87412D4F8643200220B44C1
:10ED000020461021FEF72EFCA6E54046FBF742F810
:10ED100063E709F015F9CBE6BCF1000F03DB0B4408
:10ED2000D31A002B9EDBBAF1000F3FF495AD1AF019
:10ED3000040F7FF484AD1AF0010F03D11AF0100F05
:10ED40003FF48AADD6E700BFB87E012004F1900001
:10ED500008F0EAFBC0E61BF0FF0206D0BB68D4F85F
:10ED600074121BBA8B4200F0A0843046FEF772F991
:10ED7000002302271E46089322E7D4F83432119369
:10ED80000E98EAE54FF4004C014640F2E733B4F840
:10ED90008E2284F89802ECFB02314FF47A72184606
:10EDA0000023E1F721FA02460B46B748414609F035
:10EDB00061F87DE6B8F1000F7FF7FAAE94F8703293
:10EDC000023B012B7FF65FAEBAF1000F7FF456AF26
:10EDD000B369002B00F0C486AC4A916F0131916792
:10EDE000D3F880100131C3F88010B369002B00F014
:10EDF000B286106F996F01300131106799674846EC
:10EE000008F0FEF82BE55FFA8BF3022B7FF424ADBC
:10EE1000E36D43B103F51B73D3E8EF1F0139C3E87A
:10EE2000E21F002AF8D194F8CE3040F2E73543F0E3
:10EE3000010384F8CE307B68D4F874121BBAC4F88E
:10EE40007C327A680027D4F8803212BA01331A442F
:10EE5000D4F86432C4F880220B443A46122120468A
:10EE6000FEF780FB4FF400482846394694F8CE3030
:10EE7000B4F88E226FF3000384F8CE30D4F87432E5
:10EE8000E8FB020101334FF47A72C4F8743284F85B
:10EE900096720023E1F7A8F902460B467A4804F57A
:10EEA000987108F0E7FF28463946794B4FF47A729B
:10EEB0001B6823EAE373C3FB08010023E1F794F91D
:10EEC00002460B46704804F5007108F0D3FF002E8F
:10EED00000F0E5833046FAF75DFF4FF004080023A9
:10EEE00084F870821E4608936AE60F9900293FF461
:10EEF0003FAF7A68D4F8803212BA9B1A9942FFF673
:10EF000037AFE36C002B00F026869A6F5F49013221
:10EF10009A670B6F304601330B67FEF79BF827E7C4
:10EF20000F9939B17A68D4F8803212BA9B1A994293
:10EF300080F22483BB68D4F874221BBA93427FF416
:10EF400017AF04F5987008F0FBFF04F5007008F0A7
:10EF5000F7FF4FF4404200234B4804F5B07108F02E
:10EF600089FF002E00F051843046FAF713FF4FF06E
:10EF70000B080027B3E70F9B3BB17968D4F88022D8
:10EF800009BA521A934200F370831BF0FF013FF459
:10EF9000EFAE7A6812BA1344D4F8802293427FF419
:10EFA000E7AEC9077FF5E4AED4F8803204F500700F
:10EFB0000133C4F8803208F0C3FF04F5B0714FF498
:10EFC00040420023304808F055FF10212046FEF74C
:10EFD000CDFB002EC8D14FF00B08002384F87082BF
:10EFE0001F461E460893EBE5BB68D4F874221BBA93
:10EFF00093427FF4BDAE04F5987008F0A1FF04F5CC
:10F00000007008F09DFF002E00F0068400273046B7
:10F0100008970126FAF7BEFED2E50F9D3DB17A684A
:10F02000D4F8803212BA9B1A9D4200F3A782BB68C3
:10F03000D4F874221BBA934200F0F8821BF0FF034D
:10F040003FF496AE7A68D4F8801212BA2A448A4203
:10F050007FF48EAEDB077FF58BAE0022D4F88032D2
:10F060000133C4F88032002A40F0B9844FF0090817
:10F0700010212046FEF77AFB002EAED03046FAF77C
:10F0800089FE00272BE700BF687F0120B87E0120A2
:10F09000C4900120BB68D4F874221BBA93427FF459
:10F0A00067AE7B68D4F880221BBA93427FF460AECF
:10F0B000E56D002D00F05E85EF6D6D6804F5007064
:10F0C00008F03EFF04F5987008F03AFF04F51A7353
:10F0D000D3E8EF1F0131C3E8E21F002AF8D16268CC
:10F0E000002A00F04285B2F8903023F0060343F086
:10F0F0000403A2F89030002F00F00086D4F84812E4
:10F100006368D4F84C229962DA62606800F12801E1
:10F11000002D00F00B86B5F890306A68C3F3C20387
:10F12000022B00924FF0000314BF08221822B847A8
:10F130002046FFF791FA0F9F002F40F0C685002E62
:10F1400000F0BF853046FAF725FE4FF00508C6E609
:10F150001BF0FF0307D07A68D4F8801212BA8A42F3
:10F1600000F07A8200230A93D4F87432BA68194600
:10F1700012BA8A420893D4F8603200F0D88023B1E2
:10F18000B4F88C32002B40F07E82D4F874320893AD
:10F19000BB68089A1BBAA3EB0208B8F1000F0B93E7
:10F1A000434640F3C280D4F86022904500F2D681F5
:10F1B000226904F1080A002A00F0D0810021108A97
:10F1C00052680144002AFAD18845CDE90C2300F2A7
:10F1D000C5815046FBF7BCF894F83F10504641F00B
:10F1E000010184F83F104146FBF750FA5046FAF708
:10F1F0008FFE0C9A0D9B84F8972294F8C82012F089
:10F20000010F00F04F82B4F8C4202046CDE90C3243
:10F21000B4F890A2FEF786F90D9A0C9B904240F349
:10F220002B8594F8C820D00740F11E85B4F8C4207F
:10F2300090450ED320460C92FEF774F90C9A90423A
:10F2400040F3838494F8C830DA0740F17A84B4F844
:10F25000C430B4F89422002A40F0AD83B4F8902270
:10F26000B4F8921291429EBF03FB032303F1FF33D4
:10F2700093FBF2F34FF6FF7253449342A8BF134639
:10F280009BB2089A0B99D4F86402511AD4F8602200
:10F2900080450A448CBF00210918C4F86412B4F8F0
:10F2A0008C12A4F890328A42C4F8602204D29A42A6
:10F2B00002D2099808F038F9D4F874324344C4F8FB
:10F2C0007432E36C002B00F0E7841A6F01321A6786
:10F2D000C04A94F87112936E012903F101039366F9
:10F2E00000F0A284002384F87132D4F86032002B3D
:10F2F00040F0888494F899329A0700F14C842046B3
:10F30000FFF79AF8031E0893C0F23784D4F86032EE
:10F31000B4F88C22934203D2B4F89022934204D3DF
:10F3200000220023099808F06FF90F9B10E0002BD2
:10F3300000F079810F9B002B00F0738294F871220A
:10F34000002A00F09882B4F88C22002A40F09B81B9
:10F350007D68D4F880222DBA954200F05F81521B5F
:10F36000002A089240F39682B268002B40F08B820C
:10F370009A461D4608937AB10025DDF82080118A4F
:10F3800052680D44002AFAD19D42CDF82080C0F089
:10F390003981984500F23681EB1A0B936368E06C73
:10F3A000002B00F0C38440F6CD474FF00008B3F8BF
:10F3B00090200421CDE900780623C2F3C202FAF7B7
:10F3C0008BFF0746002800F01D813046FAF7C0FF8A
:10F3D000314638460B9AFAF7F3FF0028C0F20F8146
:10F3E000B368A5EB0A05002B00F0A1830022DDF82D
:10F3F0002080198A5B680A44002BFAD1CDF820805E
:10F40000954200F2FC803046FAF7A2FF96F83730BA
:10F41000294643F0010386F837303046FBF736F9CA
:10F420003046FAF775FDB1683846FAF77DFF0023DC
:10F43000BA683046B260BB60FAF78AFF3046FDF723
:10F440002BFB436808991BBA0B441BBA4360384630
:10F45000FAF7A0FC1BF0FF05CDF83CA000F0A68257
:10F460002F0740F1A38201250F9B002B00F09C8207
:10F47000314620460FAAFEF753FFE36C0746002BE8
:10F4800000F00A841A6F534901321A678A6ED4F861
:10F49000803201328A660F9A1344C4F880320A9B84
:10F4A00073B92046FEF74AFE04F5E07110B9002D4D
:10F4B00040F03F8340F6CD420023474808F080FCEF
:10F4C000002F08BF0026D4F86032002B00F0918195
:10F4D000B4F88C229A4276D9B4F890229A4272D922
:10F4E000099808F021F80A9B002B40F02C81002E8F
:10F4F00000F05582002F40F052823046FAF74AFC65
:10F5000000231F461E460893FFF75ABB013AFFF738
:10F51000CCBBE36C002B00F01E839A6F2D490132A7
:10F520009A676FF0670308930B6F304601330B67E0
:10F530000126FDF78FFD0227FFF742BBBB68D4F819
:10F5400074221BBA934249D13046FAF723FC6FF07C
:10F550006E03012600270893FFF732BBE36C002BF4
:10F5600000F0F9829A6F1B4901329A670B6F30469F
:10F5700001330B67FDF76EFDFFF71DBBE36C002B3E
:10F5800000F0E9829A6F134901329A670B6F04F514
:10F59000987001330B6708F0D3FC04F5007008F095
:10F5A000CFFC4FF4404200230B4804F5B07108F043
:10F5B00061FC3046FDF74EFD002E00F021814FF03A
:10F5C0000B0802278BE400220023099808F01CF89E
:10F5D00089E700BFB87E0120687F0120B369002B56
:10F5E00000F0AB83C86FD3F8842001300132C867C4
:10F5F000C3F88420484607F003FDFFF730B93846CA
:10F60000FAF7C8FBD4F87422D4F8643210211344FA
:10F6100020460022FDF7A6FF002754E7002B40F00C
:10F62000AB8100274FE784F89732B1E504F5987075
:10F6300008F086FC1BF0FF0207D07B68D4F880122C
:10F640001BBA2B448B4200F0C4813046FAF7A2FB70
:10F65000072384F8703253E713F0010200F0A88109
:10F6600003F0FE0B01230A937EE5E36C002B00F010
:10F6700072829A6FC34901329A670B6F04F500706A
:10F6800001330B678BE704F5987008F067FB0028DF
:10F690007FF47BAD40F6DC41BB48E4F7B9FA4FF0AC
:10F6A00004089AE44FF40672AFE512F0120F3FF42B
:10F6B0005CAB04F5987008F043FC7B681BBAC4F897
:10F6C0007C327A68D4F8803212BA01331344C4F819
:10F6D00080320F9F002F40F0FD816268002A00F009
:10F6E0004482B2F89030204623F0060343F004032E
:10F6F000A2F89030FEF7B0FF10212046FEF736F852
:10F70000002E00F0E381002F40F0E0813046FAF750
:10F7100041FB052384F8703294F89932256E6FF31B
:10F72000000384F899322DB1606800214268A8472F
:10F7300000232366002304F178001E46089307F097
:10F74000F3FEFFF73DBA002540F2E73BD4F88032E4
:10F75000D4F874220133C4F88032D4F86432112111
:10F76000134420462A46FDF7FDFE4FF4004A584652
:10F770002946D4F87432B4F88E220133EAFB020130
:10F78000C4F874324FF47A72002384F89652E0F78A
:10F790002BFD04F5007802460B467C4804F5987171
:10F7A00008F068FB40467A4908F0BEFA58462946F8
:10F7B000784B4FF47A721B6823EAE373C3FB0A01A8
:10F7C0000023E0F711FD02460B467048414608F061
:10F7D00051FB002E00F0E080002F40F0DD8030462D
:10F7E000FAF7D8FA0A233E46089784F87032FFF7F2
:10F7F000E7B904F5987008F0A3FBD4F8603267E627
:10F800000B2384F87032FFF7B3BA0B233746089600
:10F8100084F87032FFF7D4B9374608960126FFF70F
:10F82000CFB994F8973294F8C820032B28BF03234C
:10F830000133D107204684F8973254BF4FF4067A3B
:10F84000B4F8C4A0B4F89082FDF76CFE504540F3C4
:10F85000D98094F8C830DA0740F1D180B4F8C430C8
:10F8600098444FF6FF739845A8BF984694F87132B4
:10F87000A4F8908223B994F89732032B00F0C78044
:10F88000D4F860327BE40899A3EB010A002A7FF4E4
:10F8900073ADB7E6002B63D0B068002867D002468E
:10F8A0000021178A52683944002AFAD1CF1A018AF6
:10F8B00040680A440028FAD19742089357D8304646
:10F8C000FAF746FD96F83720394642F0010286F8ED
:10F8D00037203046FAF7DAFE3046FAF719FBB268FD
:10F8E000089B118A9561526829442AB1108A916156
:10F8F00052680144002AF9D1A06C002800F0F98078
:10F9000007464FF0000C8269891A3A8A7F6894444E
:10F91000002FFAD18C4540F24582994227D2002926
:10F9200040F03C82A16CB068ECF7D2FFB368A364EE
:10F93000A06C002800F0DF8003460125826903E007
:10F940009A69914218BF0025198A5B681144002BFF
:10F95000F6D1002D40F0CF80ECF74AFFA564CAE055
:10F960001BF0FF033FF45DAEDD077FF55AAE1021BB
:10F970002046FDF7FBFE54E61BF0FF053FF478AD93
:10F980006EE500BFB87E0120A05A0700687F012005
:10F990006DCD0500C49001200A2384F87032002345
:10F9A0001E460893FFF70CB902278CE500255BE59E
:10F9B0000A92FFF7D9BB9045C0F073810023A4F8E9
:10F9C0009432B4F892325CE44FF4A271D248E4F776
:10F9D0001FF9D0077FF539AE0122FFF73FBB04F5D1
:10F9E000007008F0ADFA4FF440420023CB4804F514
:10F9F000B07108F03FFA4FF00B08FFF739BB4FF436
:10FA000006732DE72046FDF78DFD034628E700230A
:10FA1000D4F864822046C4F86432FEF761F9B4F881
:10FA20009432C4F86482002B3ED194F8C83020464A
:10FA3000DB0754BF4FF40678B4F8C480FDF772FDBD
:10FA4000404540F39481D4F8642294F8C81002EB46
:10FA5000D273C8074FEA630340F19981B4F8C42018
:10FA6000B3EB420FC0F274819BB2CA072046A4F8E0
:10FA7000923254BF4FF40678B4F8C480FDF752FDBB
:10FA800040454DDD94F8C830DB0746D5B4F8C430A6
:10FA900003EB43039BB2B4F892221344A4F89032D0
:10FAA000D4F86432A4F89432D4F86032B4F88C22DA
:10FAB000934204D2B4F890229342FFF460AB002248
:10FAC000002304F1900007F09FFDD9E6052384F898
:10FAD000703221E631460FAA2046FEF721FCD4F809
:10FAE00080320F9A071E134408BF0026C4F88032E4
:10FAF000F3E5B368A364002304F580752846B3607A
:10FB000008F02CF900287FF432AF29464FF48032F8
:10FB10000023824808F0AEF929E74FF4C963BAE739
:10FB20002046FDF7FFFC00EB400083B2B3E71A4626
:10FB300066E4084608F004FA10212046FDF716FE98
:10FB4000BEE44FF40673FFF784BB2046FDF7EAFCE2
:10FB50000346FFF77EBB4FF49D716F48E4F758F8FA
:10FB600040F253116C48E4F753F840F239216C48E5
:10FB7000E4F74EF82F46FFF7A1BA69333FF4C6AB5E
:10FB80003046FDF767FA16B13046FAF703F9012659
:10FB90000027FFF715B80A9B04F50075002B55D018
:10FBA000D4F88032284601335E49C4F8803208F028
:10FBB000BBF84FF4004240F2E73000214FF00A0852
:10FBC000594B1B6823EAE373C3FB02014FF47A72BB
:10FBD0000023E0F709FB0B46024629464F4808F090
:10FBE00049F920461121FDF7C1FDD4F874322046B1
:10FBF0000133C4F87432FCF7BFFE002E7FF43EAA36
:10FC0000FFF7EBB92046FCF7B7FE94F899329B0753
:10FC100003D5D4F86032002BBDD094F87132012B9B
:10FC20007FF46DABFFF772BB0023C4F86432284643
:10FC3000EDF700FAC8229DF8403003F5007302FB8F
:10FC400003F35B0AA4F88E32FFF74CBB4FF400427B
:10FC500040F2E730344B0A991B684FF0060823EA5C
:10FC6000E373C3FB0201B1E7B8F5067FFFF4F1AA25
:10FC70004FF40672FFF7DEBA20460C93FDF752FCF4
:10FC800080450C9BFFF4E5AA94F8C830D907EFD55E
:10FC9000B4F8C420FFF7CEBA40F235111E48E3F79E
:10FCA000B7FFB4F890321FFA88F1521A5B1AA4F821
:10FCB00094229BB2FFF7E5BA40F25F211848E3F7C0
:10FCC000A7FF4FF00508FFF788B90FAA3146204675
:10FCD000FEF726FBD4F880320F9A0746134498B9F2
:10FCE00010212046C4F88032FDF740FD0022052394
:10FCF0001646089284F87032FEF762BF3946606893
:10FD0000FDF7F2FEFFF734B810212046C4F8803228
:10FD1000FDF72CFDEAE700BFC0580700687F01200F
:10FD2000E80B07006DCD0500C4900120FCF7ACFE88
:10FD300040F23F113348E3F76BFF4FF4AC713148A9
:10FD4000E3F766FF94F8C830DB0724D5B4F8C42085
:10FD500090462046FDF7E6FB404539DD94F8C81093
:10FD6000C80732D5B4F8C4305B009BB27DE62046AC
:10FD7000FDF7D8FBD4F86422410002EBD272B1EB5C
:10FD8000620F4FEA6203DDDC94F8C8106CE6B2F54E
:10FD9000066FBFF669AE4FF40678DAE73046FAF739
:10FDA000D5F8BFE50893ECF769FD8269089B521B03
:10FDB000018A9A42114413D299423FF6D8ADA06C01
:10FDC000ECF716FDB368A364B2E54FF486634CE626
:10FDD0002046FDF7A7FB430094F8C8109BB244E609
:10FDE0009942BFF4C4AD19B1A06C0C30ECF70AFE17
:10FDF000B168A06CECF76CFD9AE540F6266102480C
:10FE0000E3F706FFC0580700A05A07002DE9F041AC
:10FE1000A0B3056C6DB30C4617461E4605F1640889
:10FE20004FF0FF3240464FF0FF3307F039F8012C16
:10FE30000AD0023C032C12D86FF06C04404607F045
:10FE4000DFF82046BDE8F081042E0FD13B68012B7E
:10FE50000CD895F8992263F3820285F89922002440
:10FE6000404607F0CDF82046BDE8F0816FF015045C
:10FE7000E4E741F23A210448E3F7CAFE41F23621B1
:10FE80000148E3F7C5FE00BFA05A07002DE9F04185
:10FE900078B3056C45B30C4690461F4605F16406E1
:10FEA0004FF0FF3230464FF0FF3306F0F9FF012CE0
:10FEB0000AD0023C032C10D86FF06C04304607F0D7
:10FEC0009FF82046BDE8F08195F89932C3F380038E
:10FED000C8F800300FB104233B600024304607F01F
:10FEE0008FF82046BDE8F08141F25F210348E3F737
:10FEF0008FFE41F25B210148E3F78AFEA05A07001A
:10FF00000B2808B504D8054B53F82000043008BD71
:10FF100040F223410248E3F77BFE00BF885B070005
:10FF2000A05A0700006C9030704700BF006C78301A
:10FF3000704700BF01460148FDF7BCBA49DC050027
:10FF400010B5002482B06FF00D034FF480620C49AD
:10FF50000C48009407F08EFE09212246C82301397F
:10FF60001A4403EB6303FAD1074BC83202EB620277
:10FF70001A600649034802B0BDE8104008F0C2B854
:10FF8000B0C10120687F0120C4900120C85A070039
:10FF9000F0B5082785B00D460DEB0701064614465F
:10FFA000CDF808D00397FAF727FC58B10346002292
:10FFB00030460DEB07011D805C805A60FAF742FC69
:10FFC00005B0F0BD6FF06800FAE700BF0823F0B598
:10FFD00085B00D4603930DEB030190F83730204FA9
:10FFE000204AC3F302130446022B08BF1746CDF87C
:10FFF00008D0FAF701FC78B3A36806463BB10022AB
:020000040006F4
:10000000B3F810C05B686244002BF9D193B294F846
:100010003A0094F83620394602449B1A5BBAB38002
:10002000A069F7F76BF830B92DB9204602A9FAF7A5
:1000300009FC05B0F0BD11212046F7F7B7FF4FF6D8
:10004000FF73002818BF0346F38094F8383043F05C
:10005000080384F83830E8E76FF06800E9E700BF8C
:100060000100400000044000F8B590F83730284DFA
:10007000284AC3F3021304460F46022B08BF154655
:10008000FAF7BAFB30B3064639462046FAF7DAFBF0
:100090000246F8B9B188A36849BA89B253B3B3F834
:1000A00010C05B686244002BF9D194F83A0094F8D0
:1000B00036300344D21A9142A0690CD12946F7F791
:1000C00021F8A8B1F388BBB994F83730C3F3021311
:1000D000012B0DD0A069B0B100260F49D0F8A43093
:1000E000D1F89C2001330132C1F89C20C0F8A43023
:1000F0003046F8BD1A46D8E711212046F7F756FFDB
:100100000028F5D0E6E74FF487710448E3F780FD57
:100110000100400000044000B87E0120C0580700E4
:1001200007498B4208BF022A00D0704708B505482E
:1001300007F0BCFABDE80840034807F0F5B900BF76
:10014000000010D0386E0120806E01200B6803B1D2
:10015000704730B1036823B10C33D3E8AF3F1B07BE
:10016000F6D40860704700BF2DE9F04F1F467C4968
:1001700085B081FB0731FB17C3EBA1031546019343
:10018000002800F0CC808046D8F8003023B30C3330
:10019000D3E8AF3F190700F1DF80002F19DB40F0F3
:1001A000C7803C46D8F80030E3B10C33D3E8AF3F0A
:1001B000DA0717D5D8F80030A3B10C33D3E8AF3F36
:1001C000DB050FD5674807F071FA674807F0ACF90F
:1001D00044E04FF0FF34E5E7002FC0F2AB8000F0C1
:1001E000B9800A24661E02226048614B4360614B5D
:1001F000C0E90423F8F70AF84FF0FF32012159480B
:1002000007F07EF9002C25DD4FF4004340F2E73083
:100210000021019ADFF84C9122EAE272C2FB03014D
:100220004FF47A720023DFF7DFFF82468B460DE042
:100230004D4852465B4607F0E7F910B1D9F808304F
:1002400043B1002E06F1FF3405DD2646D9F808300B
:10025000002BEDD134464548F8F71EF801204649F9
:1002600002AAF7F729FC00BB03460322404602A975
:10027000F6F7E8F80120414903AAF7F71DFC00282A
:1002800062D001203E4902AAF7F716FC002856D09A
:10029000DFF8F080D8E8EF3F43F00403C8E8E23F1E
:1002A000002AF7D1304807F03FF9002F01DD002C7C
:1002B00052DB4FF4004340F2E7300021019ADFF8AF
:1002C000C48022EAE272C2FB03014FF47A72002377
:1002D000DFF78AFFDFF890B08246894607E0002CFE
:1002E00012DD52464B46584607F08EF93446D8E8A0
:1002F000AF6F35EA060604F1FF36F0D1013406D0BF
:10030000002005B0BDE8F08F34460134F8D1002F4D
:10031000D4BF00206FF0730005B0BDE8F08FF5F793
:10032000A9FD804600287FF42FAF6FF00100E8E7B9
:100330000A2437E76FF001064FF0FF3453E74046D9
:1003400002A9F6F75BF8A3E7404603AA02A9F6F76D
:1003500013F896E73C4645E76FF07200D1E700BF1F
:1003600067666666386E0120806E0120508001202D
:1003700021010600000010D0B85B070054E306001E
:1003800074E30600C8900120002300B583B008483C
:1003900001A90193F6F7D0FE019828B142F210733B
:1003A00004220449FFF7E0FE002003B05DF804FBDF
:1003B0004D010600C85B070070B5002288B000231D
:1003C00000244FF0FF360B4DCDE9062328464FF4AD
:1003D0000072CDE90364CDE90144074B074900945D
:1003E00007F084FF0649284607F08CFE204608B037
:1003F00070BD00BF6880012005040600B0C5012063
:10040000E05B07002DE9F04F85B04FF0FF324FF071
:10041000FF33804806F044FD00F01CFE00F074FA43
:1004200000217D48F6F788FE7A4806F0E9FD7B4E0C
:100430004FF0FF324FF0FF33794807F0E5F84FF007
:10044000FF324FF0FF33734806F02AFD3488002C4A
:1004500000F0A08014F00600C4F340314FEAD43815
:10046000C4F3803904F0040704F0010504F08002AD
:1004700075D0002D61D0002A5ED114F002037AD02D
:100480000125002F40F0A680BB462C46AA460295C7
:10049000A14259D00120F5F739FCD045039057D03F
:1004A0000120F5F733FCB945804655D00120F5F71A
:1004B0002DFC81463188C1F30C010CB141F400518F
:1004C0000FB141F480413180BAF1000F04D06FEADE
:1004D00041416FEA51413180524B029A1B8893424D
:1004E0000AD0002A5DD0002B00F085804D4B029A87
:1004F0001A804D4B039A1A604C4B1B885B450AD0FF
:10050000BBF1000F55D0002B7CD0484BA3F800B0B6
:10051000474BC3F80090474B1B88AB4208D0002DD7
:1005200050D0002B60D0434B1D80434BC3F800805C
:10053000384806F065FD7BE700252C462F46AA4685
:10054000AB460295A142A5D10023D0450393A7D184
:10055000B9454FF00008A9D14FF00009AAE7002DD6
:10056000EBD0002FE8D072B915461446924602929D
:100570000127BB468CE78FBB01233D461C46BA468C
:10058000BB46029384E705462C462F46AA46AB4657
:100590000295D7E7A046A3462546A14602940394B8
:1005A0009AE7134600920220039A2449F7F7F0FED7
:1005B0009CE75B464A4608202049CDF800B0F7F793
:1005C000E7FEA2E72B46424620201C490095F7F79C
:1005D000DFFEA8E72C46AA460295C9E71D4601237F
:1005E000AA461C460293C3E74246102013490093D3
:1005F000F7F7CEFE97E70120039A10490093F7F72B
:10060000C7FE73E74A4604200C490093F7F7C0FE83
:100610007BE700BF386D012041060600D89001201D
:10062000206E01209C960120D49001209A960120F2
:10063000D090012098960120CC900120000050F02D
:1006400038B50446F6F762FD451E4FF0FF324FF015
:10065000FF33164806F024FC34B1236823B10C3371
:10066000D3E8AF3FDA0710D401212046F5F72EFD7D
:1006700030B10F4A32F8153043F0040322F8153038
:100680000A48BDE8384006F0BBBC2368002BEBD01D
:100690000C33D3E8AF3FDB05E6D5054A32F8153019
:1006A00043F0010322F81530DEE700BF386D01206A
:1006B000D890012000487047D890012010B5F6F777
:1006C00025FD441E4FF0FF324FF0FF330C4806F07B
:1006D000E7FB0C4A32F81430190604D5BDE8104087
:1006E000074806F08DBC43F0800322F8143006481A
:1006F00006F01AFFBDE81040014806F081BC00BFBB
:10070000386D0120D8900120206E012010B5F6F739
:10071000FDFC441E4FF0FF324FF0FF330C4806F053
:10072000BFFB0C4A32F81430190604D4BDE810405F
:10073000074806F065BC23F0800322F81430064811
:1007400006F0F2FEBDE81040014806F059BC00BFBB
:10075000386D0120D8900120206E012038B5F6F7C1
:10076000D5FC4FF0FF324FF0FF330446074D013CFC
:10077000284606F095FB064B33F81440C4F3C0142A
:10078000284606F03DFC204638BD00BF386D0120EC
:10079000D890012010B5F6F7B9FC441E002C03DDFB
:1007A0004FF6FF74204610BD4FF0FF324FF0FF337D
:1007B000054806F075FB054B33F81440024806F077
:1007C0001FFC204610BD00BF386D0120D8900120CD
:1007D0002DE9F04114461D46069FFFF76BFF24F4F8
:1007E000C05325F0604223F0030322F44012134368
:1007F00001D0BDE8F08106463846F6F787FC00F1E7
:10080000FF384FF0FF324FF0FF331F4806F048FB30
:10081000C5F31303A4F500621A4321D040F6010288
:10082000944273F1000212D2621E1A4318D0023CA5
:100830001C4307D101213846F5F748FCE8B11348BD
:1008400006F072FEBDE8F0410F4806F0D9BBA4F5F2
:1008500080541C43EED0BDE8F0410B4806F0D0BBFD
:1008600001213846F5F732FC0028E8D036F8183078
:1008700043F0040326F81830E1E736F8183023F087
:10088000040326F81830DAE7386D0120206E0120C5
:10089000F8B51D461446069FFFF70CFF25F05043A0
:1008A00024F0030223F480131A4300D0F8BD064657
:1008B0003846F6F72BFC471E4FF0FF334FF0FF3260
:1008C0000F4806F0EDFAC5F31305631E2B4310D055
:1008D000023C2C4308D136F8173043F0010326F8C8
:1008E0001730084806F020FEBDE8F840044806F03E
:1008F00087BB36F8173023F0010326F81730F0E7EE
:10090000386D0120206E0120032208B509480A4BEA
:100910000A49C0E904234160F7F778FC41F6030275
:10092000074B08480849C0E904234160BDE8084076
:10093000F7F76CBC48810120000010D09108060038
:10094000000030E030810120D1070600002302467C
:1009500000B583B052F8182C042003490093F7F730
:1009600017FD03B05DF804FB000020D02DE9F04135
:100970002D4C2E4FBC4207D806460AD223689E4211
:100980000CD05034BC42F8D94FF481712848E3F7B9
:100990003FF96FF085052846BDE8F0816368D3F81C
:1009A0000080B8F1000FF4D0D8F80030002BF0D060
:1009B000A06C4FF0FF324FF0FF3306F071FA5EB3D8
:1009C00033684BB30C33D3E8AF3FDB0724D5164D68
:1009D00003E05035BD42D7D813D22B689E42F8D1E0
:1009E0006B681B686BB1A86C4FF0FF324FF0FF33A0
:1009F00006F056FAEB68A86C23F00803EB6006F0EB
:100A0000FFFA2046D8F8003098470546A06C06F05B
:100A1000F7FA2846BDE8F0813046F6F7BBFB0546FD
:100A20000028D4D0F2E700BF5070012050700120A0
:100A3000F45B070008B50C490C4B8B4206D80AD270
:100A40001A68904209D050338B42F8D94FF4817123
:100A50000748E3F7DDF8002008BD5B681868003838
:100A600018BF012008BD00BF507001205070012048
:100A7000F45B070003292ED8F8B5184C184DAC428A
:100A800008D80E4617460AD2236898420AD0503436
:100A9000AC42F8D94FF481711248E3F7B9F86FF01E
:100AA0008500F8BD63681B68002BF8D0A06C4FF080
:100AB000FF324FF0FF3306F0F3F90123E268B34051
:100AC0003FB922EA0303E360A06C06F099FA002024
:100AD000F8BD1343F7E76FF0150070475070012021
:100AE00050700120F45B0700F8B51F4A1F4C944278
:100AF00008D805460E460AD223689D420BD05034D2
:100B00009442F8D94FF481711948E3F781F86FF0F6
:100B100085052846F8BD63681F68002FF7D07B68FD
:100B2000002BF4D0A06C4FF0FF324FF0FF3306F0F3
:100B3000B7F985B12B6873B10C33D3E8AF3FDB074E
:100B400009D556B120467B6898470546A06C06F04B
:100B500057FA2846F8BD0025F8E701220321284668
:100B6000FFF788FFEEE700BF5070012050700120B2
:100B7000F45B07000021FFF7B7BF00BF38B50B7863
:100B80000D460446B3B96B78032B12D8DFE803F0A7
:100B90000227351734B1236823B10C33D3E8AF3FB4
:100BA000DA0706D42046F6F7F5FA10B16B6803B9F8
:100BB000686038BDFFF7D2FD0028E4D038BD1D4B7A
:100BC0001D4A934206D8F4D219688C4221D0503382
:100BD0009342F8D94FF481711848E3F719F8002CC3
:100BE000E7D02368002BE4D00C33D3E8AF3FDB071A
:100BF000DFD52046F6F73AFBD7E70E4B0E4A934275
:100C0000E8D8D6D219688C420CD050339342F8D928
:100C1000E0E75B681B68002BCBD000212046FFF784
:100C200063FFC2E75B681B68002BC2D02046FFF75A
:100C30009DFEBAE75070012050700120F45B070060
:100C400023F0504122F0070021F4001170B5084351
:100C5000049D1AD1C3F31303032A73F1000111D2C7
:100C60001A4312D02048214EB04206D80DD2036854
:100C70009D4211D05030B042F8D94FF481711C48D8
:100C8000E2F7C6FF043A1A4300D070BD2846BDE81B
:100C900070400121FFF728BF43681B68002BF4D088
:100CA000183007F04DF9104C03E05034B442E4D84A
:100CB00014D223689D42F8D163681B6873B1A06C9D
:100CC0004FF0FF324FF0FF3306F0EAF8E368A06C14
:100CD000C3F3800406F094F9002CD6D12846BDE871
:100CE0007040F6F7C3BA00BF507001205070012069
:100CF000F45B0700032938B502D90024204638BD2B
:100D0000134C144A944207D80D46F6D223689842F1
:100D100007D050349442F8D94FF481710E48E2F76D
:100D200077FF63681B6883B1A06C4FF0FF324FF010
:100D3000FF3306F0B5F8E368A06C23FA05F404F07D
:100D4000010406F05DF9204638BD1C46D6E700BF19
:100D50005070012050700120F45B070038B5124A32
:100D6000124C944206D80AD2236898420AD05034D2
:100D70009442F8D94FF481710D48E2F749FF0025FC
:100D8000284638BD63681D68002DF9D0A06C4FF06F
:100D9000FF324FF0FF3306F083F82569A06C06F0B0
:100DA0002FF9284638BD00BF507001205070012037
:100DB000F45B070038B5124A124C944207D80D462E
:100DC0000AD2236898420AD050349442F8D94FF49A
:100DD00081710D48E2F71CFF6FF0850038BD636834
:100DE0001B68002BF8D0A06C4FF0FF324FF0FF33A0
:100DF00006F056F8A06C256106F002F9002038BD17
:100E00005070012050700120F45B070038B5124A81
:100E1000124C944206D80AD2236898420AD0503421
:100E20009442F8D94FF481710D48E2F7F1FE0025A4
:100E3000284638BD63681D68002DF9D0A06C4FF0BE
:100E4000FF324FF0FF3306F02BF86569A06C06F017
:100E5000D7F8284638BD00BF5070012050700120DF
:100E6000F45B070023F0504122F00B0021F48011C5
:100E700070B50843049D0CD156498B4208BF022A25
:100E800024D08B4208BF082A14D08B4208BF012A05
:100E900000D070BD504C514EB44206D8F9D22368F0
:100EA0009D421FD05034B442F8D94FF481714C4860
:100EB000E2F7AEFE484C494EB442F6D8E9D2236878
:100EC0009D4253D05034B442F8D9EEE7424C434EE1
:100ED000B442EAD8DDD223689D4256D05034B442A1
:100EE000F8D9E2E763681B68002BD2D000212846BE
:100EF000FFF700FF28B103212846FFF7FBFE00287B
:100F0000C7D0002203212846FFF7B4FD324803E092
:100F10005030B042C9D8BCD203689D42F8D1436872
:100F20001B68002BB5D0183007F00AF82A4C03E0F4
:100F30005034B442B9D814D223689D42F8D16368C2
:100F40001B6873B1A06C4FF0FF324FF0FF3305F018
:100F5000A7FFE368A06CC3F3800406F051F8002CEF
:100F600097D12846BDE87040F6F780B963681B68E2
:100F7000002B8ED001212846FFF7BCFE002888D127
:100F80002846BDE87040FFF7F1BC63681B68002B82
:100F90003FF47FAF2846FFF739FF034600283FF4B0
:100FA00078AF4FF47A754FF4004240F2E7300021F9
:100FB00005FB03F3E3FB02014FF47A720023DFF732
:100FC00013F902460B4604F11800BDE8704006F024
:100FD000B1BF00BF000010D0507001205070012040
:100FE000F45B070010B5184A184C944206D80AD290
:100FF0002368984208D050349442F8D94FF4817154
:101000001348E2F705FE10BD63681B68002BFAD099
:101010006369002BF7D04FF47A7C4FF4004240F222
:10102000E73000210CFB03F3E3FB02014FF47A727B
:101030000023DFF7D9F802460B4604F11800BDE89B
:10104000104006F077BF00BF5070012050700120A3
:10105000F45B07002DE9F843DFF81C91474DA945E3
:101060007FD823D24C4600260027DFF8148163681E
:101070001B68BBB19B68ABB1A06C4FF0FF324FF067
:10108000FF3305F00DFF414604F1180006F04CFE59
:10109000C4E90467636820461B689B689847A06C96
:1010A00005F0AEFF5034AC425BD8E0D30B2235489C
:1010B000354B4360354BC0E90423F7F7A7F8072207
:1010C0003348344B4360344BC0E90423F7F79EF8B0
:1010D000A9453BD2314E56F84C3C1B688BB356F8B1
:1010E000503C73B31B6863B30C33D3E8AF3FDB07EB
:1010F00027D556F8507C204B03E05033AB422BD819
:101100001FD21A689742F8D15B681B68CBB11A4CA2
:1011100003E05034AC421FD81AD223689F42F8D162
:1011200063681B68A3B1A06C4FF0FF324FF0FF3330
:1011300005F0B6FEE368A06CC3F3400405F060FF61
:1011400034B1AE4212D806F15006C4D3BDE8F883DC
:101150003846FFF70BFCF4E74FF481711048E2F7D3
:1011600057FD40F2D1110F48E2F752FD40F2F31162
:101170000C48E2F74DFD00BF507001205070012077
:101180004D09060078810120650E0600000010D090
:1011900060810120410C0600000020D0A0700120D9
:1011A000F45B0700385C07000246002300B583B0FB
:1011B000694606488DF800208DF801300193F5F757
:1011C000BBFF019803B05DF804FB00BF7D0B060078
:1011D00084460122002300B583B0694605488DF896
:1011E00000C08DF801200193F5F7A6FF019803B028
:1011F0005DF804FB7D0B06000246002310B50A4C87
:1012000082B0694620468DF800208DF801300193A8
:10121000F5F792FF0223204669468DF80130F5F775
:101220008BFF019802B010BD7D0B0600844603229F
:10123000002300B583B0694605488DF800C08DF8DD
:1012400001200193F5F778FF019803B05DF804FBE6
:101250007D0B06000B460069DBB2002100EB43105A
:10126000104700BF10B5EFF31184202383F31288D9
:10127000BFF36F8F094A136823F00201DB07116087
:1012800004D584F31188BFF36F8F10BD012003F0E4
:1012900063FC84F31188BFF36F8F10BD4891012068
:1012A000104606F041B900BF00B587B004AB00227C
:1012B000CDE904330123CDF800D0CDE90223CDF8E8
:1012C00004D00369C9B2EFF3118C202282F3128893
:1012D000BFF36F8F01EB410103EB81039A6C02F0C6
:1012E000070EBEF1010F0ED002F0C002802A8CF36F
:1012F0001188BFF36F8F0CBF6FF077004FF0FF3096
:1013000007B05DF804FB802289009A648CF3118891
:10131000BFF36F8F074AC3F844D01A6443685B5821
:1013200098474FF480420023684606F06DF907B0F5
:101330005DF804FBA112060003F044BD03F0C2BC3B
:10134000C9B2012908B508D8036901EB410103EBD3
:101350008103986C00F0070008BD7E210148E2F788
:1013600057FC00BF785C07001B4A70B5831AC3F3B3
:101370004713012B2AD806460D46EFF31181202092
:1013800080F31288BFF36F8F03EB430302EB830CF0
:10139000DCF848209B0012F0800410D10122CCF828
:1013A000482081F31188BFF36F8F0C4A13445B68A8
:1013B0009847214630462B46BDE87040184781F3D8
:1013C0001188BFF36F8F4FF0FF31F3E74FF4E871EF
:1013D0000348E2F71DFC00BFF0900120045D070008
:1013E000785C0700F8B50022054601210520EAF7E0
:1013F000E7F9104803F058FBC8B9044603F076FB40
:101400002E690D493046E3F71DFC031E0DDB012755
:10141000B7642D69084905F12000E3F713FC031EAA
:10142000A8BF6F6501DB2046F8BD1C46FBE76FF0E7
:101430000404F8E741160600B85C070030B4002445
:10144000104B00EB400203EB8203D3E9105201463C
:101450001C64EFF31180202484F31288BFF36F8F94
:101460009C6C04F0C00444F002049C6480F3118876
:10147000BFF36F8F1DB12B4630BC0348184730BCFB
:10148000704700BFF090012050C9060010B4EFF380
:101490001180202181F31288BFF36F8F174A1368E0
:1014A00043F002041460DA0707D480F31188BFF315
:1014B0006F8F012010BC03F031BB114BD3F80C240B
:1014C000D3F80C34DB07F0D5EFF3118481F31288E5
:1014D000BFF36F8F0B4A936C03F0C00343F002031A
:1014E000936484F31188BFF36F8F80F31188BFF387
:1014F0006F8F002010BCFFF7A1BF00BF48910120F3
:1015000000500040F090012038B5C9B20469EFF3F3
:10151000118E202585F31288BFF36F8F01EB4101F7
:1015200004EB810CDCF8484004F00705012D0CD0D9
:1015300004F0C004802C8EF31188BFF36F8F0CBFB2
:101540006FF077004FF0FF3038BD80248900CCF871
:1015500048408EF31188BFF36F8FCCE910234368A6
:101560005B589847002038BD1A4A10B5831A0C46BC
:10157000C3F34713EFF3118C202181F31288BFF3DB
:101580006F8F03EB430302EB8302916C01F0070EB4
:10159000BEF1010F0FD001F0C00140298CF311887A
:1015A000BFF36F8F2346BDE810400CBF6FF077018B
:1015B0004FF0FF31184740219B0091648CF3118854
:1015C000BFF36F8F0448054910645464CB58BDE8DD
:1015D00010401847F090012055120600045D0700E6
:1015E00010B5C9B20129026922D8EFF3118C20236A
:1015F00083F31288BFF36F8F01EB410102EB81028D
:10160000936C890013F0400406D08CF31188BFF36B
:101610006F8F4FF0FF3010BD012393648CF311885E
:10162000BFF36F8F43680B445B689847204610BD3B
:101630004FF4E8710148E2F7EBFA00BF785C07006D
:1016400000B30128014610B523D10020134BD3E984
:101650001342D864EFF3118C202080F31288BFF37B
:101660006F8F586D00F0C00040F0020058658CF399
:101670001188BFF36F8F24B12346BDE8104008489E
:10168000184710BD054B9B6C5B0700D07047FFF7F8
:10169000D5BE4FF441710348E2F7BAFAF090012049
:1016A00050C90600785C07002DE9F0410124064688
:1016B0003D4BD3E8EF2FC3E8E14F0029F9D1002AD1
:1016C0004DD0002E49D0731E012B67D8012E06D1B4
:1016D000364BD3F81C3403F00303022B3DD006F045
:1016E0000BFD054618B9324B1B78002B45D1EFF3A3
:1016F0001187202383F31288BFF36F8F01252B4CB2
:10170000DFF8B080D4F81824D4F81834D20305D503
:1017100003F00303022B1BD0012E19D09DB33846D2
:10172000EAF7FEF8D4F81835DBB2012BEAD1D4F889
:101730000421002AE6D0002002212022C4F804015E
:10174000D4F80401C4F81815C8F88021A360D9E7BB
:10175000F5B187F31188BFF36F8FBDE8F0811649AB
:1017600016484A60CA608C60E3F782FA0028A8DA5B
:1017700040F2A3211248E2F74BFA02220B4B074634
:10178000C3F80823BBE70021212007F0C3FCC9E709
:101790000222064BC3F80423BDE8F08140F2B521D4
:1017A0000748E2F735FA00BFEC90012000500040F6
:1017B000AA96012000E100E0DC90012010910120B8
:1017C000785C07000A2838B5044607D0074DAB6897
:1017D00006485B68E1B29847204638BD034D0D21AD
:1017E000AB6828465B689847F1E700BFB0C90600C0
:1017F00008B5074804F08CFD38B10648EAF7B0FB9D
:101800000448E2F7CFF9002008BD6FF0120008BDD0
:10181000B0C90600C5170600084608B5114603F012
:101820005DF8002818BF6FF0040008BD08B503F08C
:1018300025F8002818BF6FF0040008BD1820704775
:101840004368986B704700BF03461B69002093F8FC
:1018500034240A7093F835344B7070472DE9F04109
:1018600012F0FC6F0569D0E9017645D1134602F00C
:101870003002302A3BD0284A284C1A40A24231D0AC
:1018800003F00602042A28D013F4402207D09C0358
:101890003CD5B2F5402F1BD0214A9A4315D04FF0CA
:1018A000010C3C680CFA01FC1CEA040F23F48012C2
:1018B00027D02C68DB074CBF4CEA040424EA0C0454
:1018C0002C603368BDE8F041184783F44023E6E715
:1018D00040F205411348E2F79BF940F2FE3111480E
:1018E000E2F796F940F2FB310E48E2F791F940F247
:1018F000F7310C48E2F78CF94FF47D710948E2F7B3
:1019000087F940F211410748E2F782F940F20141BC
:101910000448E2F77DF900BF020003000200010065
:1019200001001000385D070001F1240005F0FCBD46
:1019300038B5A8B10368044693B11A680323156942
:10194000062205F57C71F4F74DFA2B6803B92C607B
:101950002046F2F7EDFE2046BDE83840F5F718BD09
:1019600000231B69FFDE00BF8C4630B5032401460F
:10197000022589B0CDE9062301AB04939CFA9CF3C0
:101980004FEA1C4C0CFA04FC04A84CF0040C029026
:10199000039551F8040B0594ADF804308DF806C09A
:1019A00082680023146802AAA04709B030BD00BFB6
:1019B0002DE9F84F046900AF002947D1136804F5F9
:1019C0007C78C4F8F03392880623A4F8F423054603
:1019D0000E46424609214068FFF7C6FF1D480368CE
:1019E00003F00703022B09D803230622414620688F
:1019F000F4F7F8F90020BD46BDE8F88FE9468EB04F
:101A0000D5F800B094F8F0A36D4694F8F1E394F89B
:101A1000F2C394F8F31394F8F42394F8F5332B639A
:101A20004FF40073C5E90A122A46AB860A4BC5E992
:101A300006BA6B61094BC5E908EC42F8103F44F661
:101A4000C0413346E4F760F8CD46CDE76FF085003E
:101A5000D1E700BF486C01206C5D07000900000160
:101A600030B58DB0022500240A920A460B93014638
:101A7000032308A8069002A804900120CDE907548A
:101A800054BA120C9A408DF8062001AA0590CDE9AF
:101A9000022351F8040BADF804400993836804AAAB
:101AA0001C6806ABA0470DB030BD00BF2DE9F0416A
:101AB000C1F30D0C0CEB0305B5F5804F06460CF594
:101AC0004031406811D9CCF5804423461746FFF7D2
:101AD000C7FF70B9C5F30D035BB170683A194FF4D5
:101AE0004031BDE8F041FFF7BBBFBDE8F041FFF773
:101AF000B7BFBDE8F08100BF70B5064686B0684646
:101B000040F6CD4200238DF80F1008F0D7F9DDE93B
:101B1000004501234FF0011170680DF10F02FFF72E
:101B200023FF0BE022462B46684608F0F7F9DDE973
:101B30000023134310D01A2004F094FB4FF001113E
:101B4000012370680DF11702FFF78AFF9DF8170057
:101B50000028E7D106B070BD6FF0040006B070BD7C
:101B60002DE9F04F89B00223D0F810A081464849F2
:101B7000406807AAFFF774FFBDF81C3013B909B01D
:101B8000BDE8F08F0223434907AAD9F80400FFF704
:101B900067FFBDF81C40022364BAA4B22146484640
:101BA00006AAFFF783FF40F6CD4500230026BDF8C7
:101BB0001870DAF800007FBA023FBFB239461A4601
:101BC000CDE90056F8F79CFB8346002845D0D0F8B5
:101BD00008800234A4B2254605943E464446CDE929
:101BE00003A7A2465AF80C8F5046EAF729FF07468A
:101BF000B74228BF374629463B4642464846FFF78C
:101C000055FF3946BFB2F61B50462F44B6B2EAF72D
:101C1000C1FEBDB26468002EE3D1DDE903A75946D9
:101C2000DAF80000059CF3F7FDFC002811DB2744DF
:101C3000022307AA1749D9F804007FBAADF81C702F
:101C4000FFF792FE40214846FFF756FF09B0BDE876
:101C5000F08F5846F8F79EF8E9E7DAF80030002BE5
:101C60008DD01B688BB11868826893683BB10121E5
:101C70009847002883D0C36A0133C3627FE7536863
:101C8000002B3FF47CAF9847F3E79B68FFDE00BF73
:101C9000260001002800010030B50025044683B06D
:101CA00001230DF10702182140688DF80750FFF756
:101CB0005BFE10212046FFF71FFF284603B030BD12
:101CC00030B501254FF0840C044683B02B460DF14E
:101CD00006024FF4803140688DF806C08DF8075039
:101CE000FFF742FE29462046FFF706FF2B46182144
:101CF00060680DF10702FFF737FE002003B030BD2A
:101D00002DE9F04F8BB08C688A460546D0F81080DC
:101D100002AF002C46D00023228A64681344002CB2
:101D2000FAD107F1180B1FFA83F95A46A249022388
:101D30006868C7F80C90FFF793FE3E8B504608F298
:101D4000364A76BA4A465146B6B2F8F71FFB002823
:101D500040F02A81C6F30D0309EB0302B2F5804F70
:101D6000686803F50031BA6039D9C3F5804352463B
:101D70007B60FFF7F9FD044668B9BA686868C2F38A
:101D80000D017B6899B30AEB03020B464FF4003157
:101D9000FFF7EAFD0446002C28DA20462437BD462A
:101DA000BDE8F08F07F1180B02235A4682494068BC
:101DB000FFF756FE504608F2364A224651463E8B01
:101DC000F8F7E4FA76BA8146B6B2002840F0EC8023
:101DD000C6F30D01686801F50031C7F80C90524652
:101DE0004B46FFF7C1FD04460028D4D16868FB6864
:101DF0005A4633445EBA704902233E8308F20448CF
:101E0000FFF7B2FD404605F051FC20212846FFF7C0
:101E100073FE041E40DB4FF0000B684EDA4607E00D
:101E200013F0100329D10BF1010BBBF1640F5FD04C
:101E300087F817A004220023404605F0E5FB0028A0
:101E400036D001233146686807F11702FFF708FE14
:101E5000002833DBFB7D5907E2D5042401233146FA
:101E600007F11C0268683C77FFF77EFD2846FFF704
:101E700077FEFB7D13F01003D5D0102407F11C0270
:101E80003C7701234D496868FFF76EFD0446204604
:101E90002437BD46BDE8F08F494803685E073FF42C
:101EA0007CAF01214B46474A0094E3F70DFE74E7EF
:101EB000044620462437BD46BDE8F08F044640481E
:101EC00003685D073FF469AF6D468AB002AB052138
:101ED0001A463D4EC3E907B4C3F818905E6142F854
:101EE000101F00234FF42151E3F70EFEAD4654E7D7
:101EF0001A4615216C68012320467A75BA75FA7561
:101F00007A18FFF7ADFD01232C4907F116020646AA
:101F10006868FFF7A5FD84460123686807F117028A
:101F20002A496546FFF79CFD03464FF0010A206AE7
:101F300094F824201C4643680AFA02FA1B681AEA3D
:101F4000030F34D0D0F81080836807F11C015B6860
:101F50009847034640B9D8F80020FB69534013EA7C
:101F60000A0F14BF012300231548026852071BD033
:101F7000E8468EB097F815E097F816C0FA7D02A9EA
:101F8000C1E90A520A460A25C1E90C43104BC1E9CE
:101F9000069EC1E9086C4B6142F8105F002345F2D0
:101FA0004001E3F7B1FDC5466FF00404F5E640F2E9
:101FB00049610848E1F72CFE2400010002000100FD
:101FC000486C0120985D0700BC5D0700030001001C
:101FD000E85D0700385D07002DE9F04F8BB0002366
:101FE000054600AF1C469B46BB60FB600369426828
:101FF0007B61DFF850A203F21C43DFF84C92DFF85C
:102000004C823A603B6104220023386905F0FCFAF7
:1020100008B90BF1010B7B6993F8353423B109FB47
:1020200004F3B8EB331F75D301232E21686807F141
:102030001F022E69FFF714FD00286BDBFA7F96F86C
:10204000353412F0010100F0B1801BBBDAF800203A
:1020500002F00702022A15D9C7F804D088B02A680E
:1020600069464FF400708A610A468883784848615F
:10207000784942F8101F4FF4E6517248E3F744FDE7
:10208000D7F804D04FF00103306886F83534F2F702
:1020900017FBFA7F910740F1C28012F0040F14BFC2
:1020A0000822042296F83434934233D0DAF8003010
:1020B00086F8342403F00703022B2BD9664B12F069
:1020C0000C0F664908BF1946654B12F0EA0F6E46C1
:1020D0008CB0644A286818BF1A466B461A6240F2F0
:1020E0000242BA841A46C3E906015F49DFF87CC19F
:1020F00039625F49596107F1280111E9030058620B
:10210000198542F810CF00234FF453514D48E3F79F
:10211000FBFCB54601235749686807F11E02FFF72B
:102120009FFC10B9BB7F002B66D1013409FB04F37F
:10213000B8EB331FFFF467AFDAF8003003F00703A2
:10214000022B7FF660AF01223B68186A93F82430B7
:1021500002FA03F64268126816426ED003697B6089
:10216000826807F120015268904738B97B683A6A63
:1021700019684A40324214BF012000206E468CB0DC
:102180006B46BA6807211A62FA6898625A621A4660
:102190003948C3E9064B586142F8101F00234FF439
:1021A00063512848E3F7B0FCB5462CE7002BB1D0CB
:1021B000DAF8003003F00703022B16D9C7F804D071
:1021C00088B02A686B464FF400709A611A4698836B
:1021D0002A4858611F4B42F8103F1A480B464FF4EB
:1021E000E651E3F791FCD7F804D000233068A6F855
:1021F0003434F2F777FA8DE7012307F11E021D4907
:102200006868FFF7B1FBBB7FDA060CD45B078CD59F
:10221000FB6828460133FB60FFF7A2FC85E7C2F3A9
:10222000800201323EE7BB680133BB607B6903F289
:10223000044005F079F9BB7FE8E740F249611048B6
:10224000E1F7E6FC486C0120917EFB3AB88D060070
:10225000505E0700030000014C5E0700485E070067
:10226000A8DD06009022070000020103050000031C
:102270005C5E0700020001008C5E07007C5E0700C8
:10228000385D07002DE9F0438BB044680646D0F86E
:10229000108008AF206804F03BF8002800F02F8180
:1022A000237E002B40F02581206A04F031F80028BD
:1022B00000F06181E28C206A94F8241042F48032AC
:1022C000FFF7CCFA051EC0F221814FF0010994F806
:1022D0002430B64A09FA03F3C8F8FC23C8F80034DE
:1022E000206A08F57E718368DB69002B00F0F480BA
:1022F0004A469847051EC0F2F180E38C206A94F8A4
:10230000241003F04003826895694268002D00F0B4
:102310000C81D2F800C009FA01F212EA0C0F00F0A9
:10232000AF814FF0A07243F00073A847051EC0F2C2
:10233000FE80A06A00283BD003F0EAFF002800F0EE
:102340007881E28DA06A94F82C1042F4B012FFF765
:1023500085FA051EC0F2FF800121A06A94F82C20A6
:102360000369914042681268114200F08E811B6837
:102370001942836814BF1B69DB6898474FF4FA70F1
:1023800006F0F4FE0121A06A94F82C200369914024
:1023900042681268114200F078811B681942836814
:1023A00014BFDB681B6998472120002106F0B2FEAC
:1023B0004FF00009802101233971706849463A1DA8
:1023C00087F80390FFF7D0FA051EC0F2BB801025F6
:1023D0000021A42006F09EFE494601233A1D3D71CE
:1023E0007068FFF7C1FA012318217068FA1CFFF723
:1023F000BBFA0546002840F0A58094F8302008F587
:102400007C735AB194F83720184604F1310109F071
:10241000BDFF94F83020012A00F0FB8032690623CA
:10242000092102F57C727068FFF79EFA4FF0100CDC
:1024300001235F493A1D87F804C07068FFF794FADA
:1024400001235C4970683A1DFFF78EFA00235A4C4D
:10245000DFF868913B71214601233A1D7068FFF750
:1024600083FA611C0123706804F580243A1DFFF78C
:102470007BFA4C45EFD102233A1D19217068FFF712
:10248000EFFA4DF20703BA889A4240F0ED8000223D
:10249000002308F54A7900246FF00D0CCDE90623DE
:1024A00048464FF44872CDE903C4CDE90144444B9A
:1024B000009608F1080105F019FF4249484605F069
:1024C00021FE4148036803F00703022B4ED828463B
:1024D0000C37BD46BDE8F0836FF057053A480368F6
:1024E0005B07F4D094F824300121384AE3F7D0FA9E
:1024F000EDE7E06803F00CFF00287FF4D5AE32482A
:1025000003685D0770D16FF01505E0E72E4803689A
:102510005A07DCD094F8243001212D4AE3F7B8FAA9
:1025200028460C37BD46BDE8F0836FF057052648B6
:1025300003685E07CBD094F824300121254AE3F7E5
:10254000A7FAC4E7204803685A07C0D00121224AED
:10255000E3F784FABBE71C4803685907B7D094F83F
:102560002C3001211A4AE3F793FAB0E703211B4A02
:10257000E3F774FAABE7144D2B685907C3D0236A0D
:102580006C46196888B0164A4FF40076626122469C
:10259000A1611449A68342F8101F4FF4E25103468B
:1025A0002846E3F7B1FAA546ADE700BF29190600B2
:1025B0001E0001001F0001001E0005001E0021007A
:1025C000D91F0600885F0700486C01201C5F0700C8
:1025D000FC5E07003C5F07005C5F0700945F07003C
:1025E000E45E07000300000123686C461E6888B0A3
:1025F0004FF4007522462749A583C4E905162649EC
:1026000042F8101F00234FF4E251E3F77DFAA5468C
:1026100079E794F837100844C1F10601EAF70AFD9A
:1026200098F8F03323F0010343F0020388F8F03305
:10263000F4E61A4B1B6858073FF465AFA36A6C4673
:10264000196888B04FF400702246A161144D1249F8
:102650006561A08342F8101F00234FF4E2510F4838
:10266000E3F752FAA5464EE70C4803685B0702D130
:102670006FF012052BE701210A4AE3F7EFF9F7E7BC
:1026800040F2A5310848E1F7C3FA40F2A2610648DA
:10269000E1F7BEFAC45E070003000001486C0120A8
:1026A000E45E07006C5F0700385D070003465B6867
:1026B00000205B681B690B60704700BF034610B4C5
:1026C0005B6802EA01045B6821EA02019C60D96050
:1026D000002010BC704700BF03465B6800205B68A9
:1026E0009960704703465B6800205B68D96070475B
:1026F000034610B45B6800205A68536821EA03045B
:102700000B409460D36010BC704700BF02F010BF54
:1027100038B50469002931D04B685BB365684DB1A9
:102720008D421DD02B4601E099420CD018461B6803
:10273000002BF9D1DAB10D60A36861600BB1002004
:1027400038BDA160FBE70B680360A368994205D020
:1027500000230B60002AF2D06568ECE7A060F7E781
:10276000A0680B6881426360F2D1A360F0E76FF06C
:10277000150038BD50210348E1F74AFA4F210148BE
:10278000E1F746FA34600700430912D10C4B59684F
:1027900079B170B501250C680A4E85408A682A40D7
:1027A00003D04B683BB1304698471CB121462468A2
:1027B000F4E7704770BD74210348E1F729FA00BFC0
:1027C0006891012070C906003460070038B544687C
:1027D000A06810B102F0BEFD08B1002038BD01466E
:1027E000A06802F07BFD054658B92A460649A06854
:1027F00002F04CFD31202A460521E8F7E1FF0020D8
:10280000ECE76FF0040038BD8927060070B5446816
:1028100001F01F0594F810C0A06886B045EA4C1579
:10282000002874D0B2F5001F68D00020B2F5800FE8
:10283000CDE9010052D0B3F1C06F5DD0B3F1007F9C
:1028400014BF012302238DF8043001AB049300234D
:1028500005930393E36803AECB40D90702D4B2F1EA
:10286000A07F21D0A06829460DF1030202F01AFDD5
:1028700070B132462946A06802F0CEFB002805DB85
:1028800001222946A06802F0ADFD002006B070BD0F
:102890009DF80310A06802F079FD0028E9D040F20D
:1028A000F1112048E1F7B4F96B092BD14FF0FF3358
:1028B000EB40DA0726D51C4B05F1800253F8223095
:1028C000A068DB07CFD429460DF1030202F0EAFC31
:1028D00016301FD00DF103030293CAE7B3F1007F56
:1028E0000CBF042305230390059001AAA06804925D
:1028F00003AE8DF80430B6E70323A4E7294602F0BF
:10290000EBFDC2E74FF474710848E1F781F96FF00D
:102910008500BBE7A0680DF1030102F04BFD002824
:10292000D8DAB3E7A4600700002584407060070090
:102930002DE9F043476801F01F063B7C154646EA47
:10294000431640F20633D40648BF032205EA0304C7
:1029500058BFC2F3401287B0B4F5837F8DF80320CF
:1029600000F0AD8025D8062C04D05AD9B4F5807F6C
:102970005DD101240123280303FA01F32CD4690358
:1029800044BF7968CB60B86858B331460DF1020294
:1029900002F088FC15F4403F81464DD13146B868BD
:1029A00002F0E8FCB9F1000F69D0002007B0BDE8E3
:1029B000F08340F2022084426CD0B4F5407F08BF1F
:1029C0000324D7D0B4F5007F31D1012328034FF081
:1029D000020403FA01F3D2D579688B60B868002845
:1029E000D3D173096DD14FF0FF33F340DB0768D5C6
:1029F0003648C5F3404300EB8600D0F8001285F45A
:102A0000803621F4E161C6F3004621F0070143EA74
:102A100046030B4343EA820343EA0423C0F800322F
:102A2000C3E7002CA6D0022C08BF0424A2D06FF06C
:102A3000150007B0BDE8F0834FF00008CDE902882B
:102A400001AB0493CDF814803146B86803AACDF8E1
:102A5000048002F0E1FA4045A7DB15F400331BD1F6
:102A6000CDE904330DF1030303933146B86803AA9B
:102A700002F0D2FA002898DBB9F1000F95D19DF849
:102A80000210B86802F082FC00288ED0FC211048A9
:102A9000E1F7BEF805246DE79DF8030085F4803565
:102AA000C5F300458DF80C408DF80D508DF80E00E3
:102AB00043463146B86803AA02F060FBDAE7072410
:102AC00058E74FF474710348E1F7A2F800258440F9
:102AD000A4600700706007004368136090F808C0A6
:102AE00003EBCC0C63451DD293F805C008338C452D
:102AF00016D000B504E093F805C008338C450CD01F
:102B0000136090F808C0D0F804E00EEBCC0C6345DD
:102B1000F1D36FF001005DF804FB00205DF804FBC9
:102B2000002070476FF00100704700BF002900F0DF
:102B300021812DE9F84340F2FF1E8F4D00EB81010A
:102B400050F8043BC3F3C72C1CF0080CC3F3C32696
:102B5000C3F3080440F0ED807445AE5D4FEA1363A3
:102B600014D0192B0ED8DFE803F0E1BBD04BA6B888
:102B70004B0D0D0D0DBEC40D0D0D0D0D0D0D0D0DDF
:102B8000C9AAB1876FF08500BDE8F883192BF9D881
:102B900001A454F823F000BF652C0600432D060065
:102BA0006F2C0600392D06006F2C0600652C0600E0
:102BB000392D0600852B0600852B0600852B060087
:102BC000852B06006F2C0600652C0600852B060061
:102BD000852B0600852B0600852B0600852B06001D
:102BE000852B0600852B0600852B0600852B06000D
:102BF0006B2D0600572D0600612D06004D2D060099
:102C0000C2F8104550F8043C13F4004700D00127E7
:102C10004FEA5418B8F1000F06D04FF474715748BA
:102C2000E0F7F6FF4FF0010CC3F341284FF0FF33FC
:102C3000E340DB07F1D5524B03EB8404D4F8009258
:102C4000504B09EA030343EA470343EA0C0343EA10
:102C5000880343EA0623C4F8003288427FF470AF49
:102C6000002091E74FF0FF33C2F80C35F5E74FF045
:102C7000FF33C2F80835F0E7C2F86C4530F8023C83
:102C800003F00103002B42D101276309C5D14FF0A6
:102C9000FF33E340DB07C0D50123DFF8E480A34026
:102CA000C8F80C3050F8043C13F4004FBAD0012798
:102CB000C3F34128BAE70027C2F80845E5E7C2F8A0
:102CC000644530F8023C03F00103DBE7C2F86845D5
:102CD00030F8023C03F00103D4E7C2F80C45D3E717
:102CE000C2F814458EE7C2F80845002E8AD10626A0
:102CF00088E7C2F80C45002EF9D083E7C2F860459A
:102D000030F8023C03F00103BCE7C2F80845630950
:102D100083D14FF0FF33E340DF077FF57EAF01271C
:102D2000174B07FA04F8C3F80880BBE7C2F80C4554
:102D3000EDE76FF0150027E74FF0FF33C2F81035CD
:102D40008BE74FF0FF33C2F8143586E74FF0FF33BF
:102D5000C2F86C3581E74FF0FF33C2F864357CE789
:102D60004FF0FF33C2F8683577E74FF0FF33C2F812
:102D7000603572E70020704704610700706007004B
:102D800000258440F0F8FCFF43681B68D3F88004FA
:102D9000C3F88004704700BF42681368D3F810017D
:102DA00060B1002010B40124D26912780A70C3F80F
:102DB0001001D3F810211C6010BC70474FF0FF3099
:102DC000704700BF002A13DD42681368D3F8100172
:102DD00068B1002010B40124C3F81001D269D3F8FF
:102DE0001001127820460A701C6010BC70477047B2
:102DF0000020704710B4426803691468EFF3118033
:102E0000202282F31288BFF36F8F1A68D17B39B901
:102E1000917301214FF480021B68D973C4F8042315
:102E200080F31188BFF36F8F10BC704703691A6875
:102E3000D17B21B10120002190731B68D9737047A9
:102E400002691168CB7B4BB143681B68D3F858010A
:102E500028B100230B6113689889704718467047A2
:102E600043681B68D3F81001003818BF0120704771
:102E700043681B68D3F80423D2065CBF1022C3F852
:102E80000423704743681B68D3F80423D20644BF69
:102E90001022C3F8082370474FF4007243681B6880
:102EA000C3F80423704700BF4FF4007243681B68E7
:102EB000C3F80823704700BF0120704703691868F2
:102EC00001601B685A60704770B505694FF0010CCE
:102ED0002B6806469C8910339442A8BF1446D3E859
:102EE000EF2F002A03D1C3E8E0CF0028F7D10CBFB1
:102EF0006346002333D12B682246986809F046FACE
:102F0000EFF31181202383F31288BFF36F8F726870
:102F1000D2E90030D3F85821B2B128680022806885
:102F2000C3F844050120C3F84845C3F82021D3F86D
:102F30002051C3F85821D3F85821986081F31188A3
:102F4000BFF36F8F204670BDC20703D4D3F8202192
:102F5000002AE2D100232A681C461361EEE71C46D2
:102F6000F0E700BF30B4436801691A68D2F804334F
:102F7000DB0502D5D2F8203113BB0B68D2F85841DB
:102F8000E3B15CB100241C610B68DC7B24B94FF415
:102F90008003C2F808330B689C7B6CB9D2F82441DB
:102FA0002CB10023C2F82431D2F824310B681A68FE
:102FB00022B130BC5968104700229A7330BC704768
:102FC000EFF31183202484F31288BFF36F8FD2F8BC
:102FD000204134B100250124C2F82051D2F82051FB
:102FE000D46083F31188BFF36F8FC6E72DE9F043F8
:102FF000054683B0002201210820E8F7E1FB082004
:10300000E8F7AEFB6C680121E66801AA3046FFF7DD
:1030100063FD002805DB019B326819791868FFF70A
:1030200085FD6A6823691268C2F82435A17D637D35
:103030000B43217D0B43C2F86C356E68D6E9004323
:1030400013F0010338D10822C4F80025B269C4F88E
:1030500044250122C4F84835A260D4F82031002B61
:10306000FBD0002101224FF48073C4F82011D4F862
:103070002011E260C4F80433D4F85831002BFBD09F
:103080000021C4F800156C6801AAE668256830467E
:10309000FFF722FD002805DB019B326819791868CB
:1030A000FFF744FD0823C5F80035237A2BB300272A
:1030B000384603B0BDE8F0834FF00008D5F8109013
:1030C00004F10C01C4F8A08109F10C0204F5907020
:1030D000C4F88C8001F0B0FC071E1ADB99F80C00D4
:1030E00001F0CEFC0823C4F80035B369C4F84435B8
:1030F0000123C4F84885A360BEE70122E169C5F851
:103100003415C5F83825C5F81031D5F810312A60C6
:10311000CDE7044803685B07CAD00121024AE2F701
:103120009DFCC5E7906C01200C61070010B443685A
:103130001B68D3F80423520210D4D3F8043313F0DD
:10314000100302D1184610BC7047436810BC1B68BE
:10315000D3F81001003818BF0120704702691168C8
:10316000CC7B002CE9D0D3F85841002CE5D00024CA
:103170000C6112689289002ADFD00120E3E700BFCA
:103180002DE9F04105460E46D0F8048004F0B4FF66
:1031900088BB3B4B1B7873B3202718E0EFF31182F9
:1031A00087F31288BFF36F8F6B681968D1F85801E5
:1031B00068BB5B68DB0702D4D1F820313BBB82F3EC
:1031C0001188BFF36F8F2120002105F0A3FF642435
:1031D0006B681A68D2F858110029DFD15B68D907EB
:1031E00003D4D2F82031002BD8D1012001F0BCFB50
:1031F000013CEDD1E7E7EFF31182202484F312883C
:10320000BFF36F8F6B681968D1F85801D8B10121ED
:103210000020D8F818301E706B68D8F818401B686A
:10322000C3F84445C3F84815C3F82001D3F820413A
:10323000C3F85801D3F85801996082F31188BFF39D
:103240006F8FBDE8F0815B6803F001031BB9D1F813
:103250002031002BDBD182F31188BFF36F8FEFF3A6
:10326000118284F31288BFF36F8F6B68D3E9001368
:10327000D1F8580103F001030028C8D1E6E700BFE8
:10328000AA960120002201210B20E8F799BA00BF7D
:1032900070B505690446A96605F1500004F044F9CB
:1032A000002385F894302469A36ACBB11A7DBAB1A2
:1032B0009A88D20414D4186902F0D4FF0121A36AB9
:1032C00098681A7B436891401B68046919420DD0C5
:1032D0002368194205D0BDE870408368DB68184751
:1032E00070BD8368BDE870401B69184740F2A26159
:1032F0000148E0F78DFC00BF385D07002DE9F04183
:1033000005690646D5F880404168D5F8883084B014
:10331000002C49D0224613B19C4228BF1A460F8D7B
:10332000E96F974228BF1746D5F8848051BBB8F1A2
:10333000000F68D09BB30A4608F06040B0F1005F10
:1033400004D0082F28BF0827D5F89C80C5F89070B6
:10335000002A71D0D5F88040002C18BF3C4601945B
:1033600003B300912846694600220397CDF80880F0
:1033700002F0EAFB0146F8B1304604B0BDE8F04186
:10338000FFF786BF01F06042B2F1005F17D1B8F1DC
:10339000000F27D0002BCED1C5F89070DCE7C5F820
:1033A000907001910027DCE7ABBB1946304604B0B2
:1033B000BDE8F041FFF76CBF04B0BDE8F081082F15
:1033C00028BF0827D5F898003A4608F0DFFFD5F85F
:1033D0008430D5F89810EA6F43B1D5F88830002BC7
:1033E000B4D0A9E7C5F890700197DBE7C5F89070F5
:1033F00072B1D5F88030002B18BF3B460193D1E75E
:10340000B8F1000F97D14FF000084146C5F8907011
:1034100000270197A5E70F8DE96F9F4228BF1F4640
:10342000D5F884800029EBD0B8F1000F83D1C5F81E
:103430009070CDF80480B5E7019291E738B5037834
:103440008BBB0C69D4F890201546002A3CD0D4F8E8
:10345000841079B1D4F8883033B3C06800284FD0D5
:1034600088424DD00846D4F89C1008F08FFFD4F85D
:1034700090201546D4F88010D1B9D4F8883063B1C3
:103480009D4229D85B1BC4F88830002B53D0D4F858
:10349000843013B12B44C4F88430D4F88C00BDE8D8
:1034A0003840FFF72BBF38BDD4F880100029F4D086
:1034B00091421AD3891AC4F8801031B3E36F0BB16B
:1034C0001344E3671546D8E7D4F88C006FF0730116
:1034D000BDE83840FFF7DCBE264803685B07DCD058
:1034E0000121254AE2F7BAFAD7E7224803685907CB
:1034F000E8D00121204AE2F7B1FAD4F89050BCE7B5
:10350000D4F880100029D3D1BAE7D4E91B130831CD
:10351000013BC4E91B1323B926E00831C4E91B139E
:1035200013B34868013B0028F7D0C4F880000B684B
:103530001546E367A1E7D4E91D230832013BC4E93E
:103540001D2323B90BE00832C4E91D233BB15168A8
:10355000013B0029F7D0C4F8881013689BE70022CC
:103560001346C4F8882096E700210B46C4F8801063
:10357000DEE700BF846C0120A061070010B504697C
:10358000E36A8B4228D1A26A934228D194F894200E
:1035900042BBBBB11A7DAAB1186902F063FE0121DA
:1035A000A36A986893F80CC0426801FA0CF112689B
:1035B0000369114219D01B68194283680CBF1B694B
:1035C000DB689847236C0BB1002010BDE36204F167
:1035D000380003F0A9FFF7E76FF0770010BD6FF038
:1035E000150010BD6FF00F0010BD40F2A261014840
:1035F000E0F70EFB385D07002DE9F04F83B044681B
:1036000000AFE56A0669012181463A1D2846FFF7A9
:1036100063FA002805DB7B682A6819791868FFF7C8
:1036200085FA616B4B1C40F0A580636A9847D6E928
:103630000C5305EBC3039D426BD24FF0010805F11B
:1036400008043DE054F8080C14F8041C34F8023C5B
:1036500003F03002302AD0F810A0D0E901BE00F00B
:10366000AD8003F00602042A00F0A380DA0754BFFD
:1036700043F4B01C83F4D01CDBF8003008FA01FBE3
:103680001BEA030F2CF4801200F08E80DAF8003071
:103690001CF0010F14BF43EA0B0323EA0B03CAF823
:1036A0000030DEF800309847B0F1000A2CDBD6E994
:1036B0000C32083503EBC2039D4204F1080428D202
:1036C00054F8080C02F024FE0028BBD1454C2368B6
:1036D000590717D02B686E468AB01A6829796B464D
:1036E0004FF400759A611A46D9613F491D845961AA
:1036F0003E4942F8101F4FF4115103462046E2F7AD
:1037000003FAB5466FF0120A50460C37BD46BDE8C5
:10371000F08FB36AABB11A7D9AB1186902F0A2FDBD
:103720000121B36A1A7B9868914042680369126864
:10373000114251D01B681942836814BFDB681B69B2
:103740009847336C53B3D9F804300021DC6A3A1D32
:103750002046FFF7C1F9002805DB7B68226819794C
:103760001868FFF7E3F94FF0000A50460C37BD46E2
:10377000BDE8F08F206B00F0C3FA10F1130F824602
:1037800021D010F1050F7FF450AF164803685C0795
:10379000BAD00121164AE2F761F9B5E7F36206F102
:1037A000380003F0C1FECEE740F211411148E0F7C6
:1037B0002FFA40F2FE310F48E0F72AFA40F2F731D3
:1037C0000C48E0F725FA074803685D079AD0012105
:1037D000094AE2F743F995E740F2A2610548E0F7AC
:1037E00017FA00BF846C01200C620700040000017E
:1037F000EC610700385D0700C06107002DE9F04F5C
:103800008DB000AFC7E90232436888467B608B8881
:1038100006469B04046902D5236C002B61D04FF04F
:10382000FF324FF0FF3304F1380003F0EDFEC4F82F
:103830002C80D6F81090726899F895B01168BBF199
:10384000000F03D0D9F82830984572D0B8F804504A
:1038500015F4006340F0D981E80700F1DD81280705
:1038600000F1F481C5F34513082B40F0C781D8F867
:103870000030A848834240F2F281994228BF19469D
:103880008A4602F1040C07F1100EBCE80F00AEE806
:103890000F009CE80F008EE80F009F4B9A4580F0C8
:1038A000D8809E4B9A4500F233819D4B9A4500F299
:1038B000A1819C4B9A4500F25D819B4B9A4500F299
:1038C0009B819A499A4B9B4A8A4588BF1346A90710
:1038D0007B6205F0040300F1C380003B18BF0123A5
:1038E000C2E0E36A99429AD1A3E7002A40F0E68059
:1038F0004FF0FF32DA40D20740F1E080012202FAB5
:1039000003F38D4A936099F895B0BBF1000F40F036
:10391000CE8033464846894A07F1100102F03CF850
:10392000B0F1000AC0F239810123C9F8288089F872
:103930009530012384F894307B68596B481C40F023
:103940001B81FB68002B00F0BE80FB681B68E366F0
:10395000002B00F0B980FA68526822673AB9B5E0E6
:103960000833013AC4E91B32002A00F0AF805968DD
:103970000029F5D0C4F880101B68E367BB68002BF2
:1039800040F0AD8063670023A36700231946C4F8A5
:1039900088300022A36AC4F88410A2661BB11A7D85
:1039A000002A40F0D1803046FFF7A8FC226F42B1D8
:1039B000E36E03EBC20000225968083398420A44C0
:1039C000FAD1A56F5DB10021636F03EBC50558689F
:1039D00008339D420144FAD18A4238BF0A464FF467
:1039E000FA5EA36A0EFB02F2D3F800C040F2E730A1
:1039F000B2FBFCF24FF400430021C832E2FB0301AA
:103A00004FF47A720023DCF7EFFB04F15005024615
:103A10000B46284603F0F8FD002840F02E81D4F82C
:103A200068A01AF1740F00F02C81BAF1000F40F079
:103A3000BF80A36A13B19B889B0405D40023E36273
:103A400004F1380003F070FD50463437BD46BDE840
:103A5000F08F314BA9077B6205F004037FF53DAF82
:103A6000002B14BF0323022387F82830C5F300136B
:103A700087F82930D9F80030D3F808355A1C3FF4BC
:103A800044AFA8074FEA53123FF52FAFB2B94FF03A
:103A9000FF32DA40D10711D5012202FA03F3264A98
:103AA000D36099F895B0BBF1000F3FF432AF4846B0
:103AB00001F0B8FF002389F895302AE74FF47471BC
:103AC0001F48E0F7A5F8E3660023236700221346AA
:103AD000E367BB68C4F88020002B3FF453AFBB689A
:103AE0001B686367002B3FF44EAFBA685268A26749
:103AF0003AB94AE70833013AC4E91D32002A3FF4D3
:103B000044AF59680029F5D0C4F88810196840E717
:103B10000C4B9FE747E8010000127A00FF083D00C8
:103B20007F841E003F420F001FA107008FD00300BB
:103B300048E8010090D00300002584403D34060091
:103B40007060070000093D00012198681D7B4268F4
:103B5000A94012680369114200F0B1801B68194244
:103B6000836814BF1B69DB689847A36A186902F071
:103B700079FB18E7544B6DE7186B00F0EBF87430E5
:103B80007FF4DFAE5148036813F0060F3FF4D9AE5F
:103B900002214F4AE1F762FFD3E64C4803685D0714
:103BA0003FF447AF012153464A4AE1F771FF40E72E
:103BB0003569AB6A002B3FF43CAF1A7D002A3FF415
:103BC00038AF9A88D2043FF534AF186902F04AFB47
:103BD0000121AB6A98681D7B4268A940126803699D
:103BE00011426CD01B681942836814BFDB681B69E3
:103BF00098471EE7384B2DE7384B2BE733480368CF
:103C00005E0735D16FF0150A13E7304803685D078A
:103C10004BD16FF0850A0CE72C4802685507F1D0AC
:103C20006D4688B0694632684FF400768A610A466C
:103C3000DFF8ACC08E83C1F814C02A4942F8101FC7
:103C40004FF4E251E1F760FFAD46DBE71F48036840
:103C50005B07D7D00121244AE1F700FFD2E71B48D8
:103C600003685D07CED00121204AE1F7F7FEC9E7DE
:103C700001211F4AE1F7F2FEC4E71448036859071F
:103C800018D14FF000082046C4F8908001F0CAFE19
:103C90006FF07301304684F89580FFF7F9FA2846F3
:103CA00003F004FD6FF0730AC3E60121114AE1F746
:103CB000D5FEAEE70121104AE1F7D0FEE1E740F280
:103CC000A2610E48DFF7A4FF40420F00846C012080
:103CD0001C630700F462070080841E0020A1070017
:103CE0004C6207000300000170620700C062070019
:103CF000906207003062070048630700385D0700E4
:103D00000222F0B50124002787B00DEB02050395D0
:103D10000E4601AD0DF1030104958DF802400546F4
:103D200002918DF80420059701F044FB041E07DB87
:103D30003146284603AA01F06FF9041E03DB3C4616
:103D4000204607B0F0BD28469DF8031001F01EFB89
:103D5000F6E700BF2DE9F0410E46044601F0C8FB2E
:103D6000002231460546204601F03CFB73092CD168
:103D70004FF0FF33F340DB0727D5184B03EB8608E2
:103D8000D8F80022164B134043F00C03C8F8003259
:103D900000F07EFA074604E000F07AFAC31B062B17
:103DA00018D823685B59002BF6D0002520463146F1
:103DB00001F092FBD8F80022094B2846134043F04B
:103DC0000403C8F80032BDE8F0814FF4747105486F
:103DD000DFF71EFF6FF07305E8E700BF00258440A2
:103DE000F0F8FCFF7060070030B40F490B68D01A80
:103DF000C3180B6022F07F424B68A2F5001443F118
:103E00000003B4F5400F4B600AD2084B1B6819063B
:103E10008C184FEA1323064A43F10005C2E9004516
:103E200030BC05F031BF00BFA0810120AC91012062
:103E3000A88101202DE9F047424B04461B680D463E
:103E40001A0A1B06BFF35F8F3F49D1F80415CB1840
:103E500042F10002B1F5801F06D23C49D1E90001D0
:103E6000834272EB010167D3A34272EB050150D28A
:103E70003749E31A65EB02028B4272F1000259D214
:103E8000DFF8D0E0DEE902239D4208BF94424BD028
:103E90004FF480364FF000096FF0020C2A4A24F0EC
:103EA0007F48C2F84863C2F84091D2F84031C2F866
:103EB0004085C2F84463D2F80415274FACEB0103E8
:103EC000434423F07F43BB422ED90320D2F8403134
:103ED00063B1D2F80415A1EB080323F07F43B3F5D7
:103EE000000F21D9C2F84091D2F8403101EB000A0D
:103EF0002AF07F43C2F84035C2F84463D2F8041573
:103F00000130ACEB0103534423F07F43BB42DDD8C7
:103F10000AE0124BD3E8EF1F41F00101C3E8E21FB2
:103F2000002AF7D1DFF82CE000230D4ACEE9024544
:103F3000CEE90023BDE8F08713F1807342F100025F
:103F400092E700BFAC91012000500140A881012000
:103F50000100800090810120FDFF7F00A4910120DD
:103F6000E93D06002DE9F047002202204FF0FF381E
:103F70004FF0FF394FF480364FF40017284C294B8F
:103F8000DFF8A4A0C4F80833C4F84833274BC4F8BA
:103F900008250121C3E90289C4F80463C4F80403B5
:103FA0001520CAF88071E7F70BFC1520E7F7D8FB5E
:103FB00001231F4DA36023602B60D5E8EF8F28F00D
:103FC0000103C5E8E23F002AF7D1C4F80863BFF354
:103FD0005F8FBFF36F8F00211648FFF72BFF18F09C
:103FE000010F05D10220FDF75FFB0020BDE8F0873F
:103FF000D5E8EF3F43F00103C5E8E23F002AF7D1DF
:104000000D4BC4F80463D3E8AF3FDB074FF0020069
:1040100048BFCAF80071FDF747FB0020BDE8F087F4
:104020000050014003000F0000E100E090810120FA
:10403000A8910120FFFF7F00A4910120414BD3F8FC
:104040000423900705D43F4BD3F80423D10312D4A3
:104050007047D3F80421002AF5D000213A4AC3F86A
:104060000411D3F80431136801331360354BD3F8CE
:104070000423D103ECD52DE9F043344A83B0D2E8D0
:10408000EF1F21F00100C2E8E40F002CF7D1CA07AE
:1040900005D4D3F8403113B903B0BDE8F083002153
:1040A000284A294BC2F84011D2F840111B68190A5E
:1040B0001B06BFF35F8FD2F80425D31841F100012E
:1040C000B2F5801F0AD2224AD2E90067B34271EBEF
:1040D000070203D213F1807341F10001EFF3118C59
:1040E000202282F31288BFF36F8F1A4CD4E9026743
:1040F000B342B9411FD34FF0FF384FF0FF390020D2
:104100004FF48032C4E902890E4B21686568206053
:10411000C3F84823C3F84001D3F840318CF3118829
:10412000BFF36F8F0029B7D032463B4600958847D2
:1041300003B0BDE8F0838CF31188BFF36F8F03B039
:10414000BDE8F08300500140AC910120A491012012
:10415000A881012090810120411CF8B55BD02F4B34
:104160009842A8BF18460128B8BF01202C4B1B68F5
:10417000190A1B06BFF35F8F2A4AD2F80425D31809
:1041800041F10001B2F5801F05D2274AD2E900456E
:10419000A342A9413CD32549D1E900219B1AB3F59B
:1041A000000F33D21D4C1844A04228BF2046204C9B
:1041B000D4E8EF7F27F00103C4E8E53F002DF7D1F5
:1041C0004FF48036174DC5F80863BFF35F8FBFF318
:1041D0006F8F101841F10001FFF72CFEFA0700D491
:1041E000F8BDD4E8EF3F43F00103C4E8E23F002A02
:1041F000F7D1104BC5F80463D3E8AF3FDB07EFD529
:104200004FF400120C4BC3F80021F8BD0348CEE771
:1042100013F18073BFE70148A8E700BFFFFF7F00ED
:10422000AC91012000500140A8810120A081012013
:10423000A8910120A491012000E100E0104B1B682F
:10424000190A1B06BFF35F8F0E4AD2F80425D31854
:1042500041F10001B2F5801F0DD230B40A4AD2E913
:104260000045A342A94101D213F18073074A30BC33
:104270001068181A7047054A1068181A704700BF6E
:10428000AC91012000500140A8810120A0810120B3
:104290000D4B1868020A0006BFF35F8F0B4BD3F873
:1042A0000435181842F10002B3F5801F0AD230B469
:1042B000074BD3E90045A042AA4101D210F180701A
:1042C00030BC7047704700BFAC91012000500140E6
:1042D000A8810120012310B5074C15206360E7F782
:1042E0004DFA4FF40011054B054AC4F80833C4F8E1
:1042F0004833C2F8801110BD0050014003000F0088
:1043000000E100E008B500F0B9FA00B908BD0023EB
:1043100083F31188BFF36F8F0423184602DF6FF019
:10432000040008BD10B50949094800F021FA044607
:1043300008B9204610BD074803685B07F9D0012182
:104340002346054AE1F7A4FB204610BD19470600A5
:10435000B0910120746C01201C6407002DE9F04726
:10436000DFF8C492DFF8C482D9F87040D8F8003082
:10437000072C0D4600AF03F0070300F0080661D0DC
:10438000132C4BD0052C14D0002B78D10024EB69D2
:10439000002E40F0D180C3F3080240F2FF110AB9A9
:1043A0000B43EB6129462046E6F716FDBD46BDE806
:1043B000F087D9F85490002B40F0AB8019F4805F5F
:1043C00000F02A81172419F4006F09F4007A00F034
:1043D000C580D8F800305C0740F0BA80BAF1000F11
:1043E00000F00181924B19F4004F9B6B40F0F0807C
:1043F000192419F4806F09F4807A00F0C480D8F889
:1044000000305A0740F0B980BAF1000F40F0C28086
:1044100019F4005F40F0DA801A24B8E7D9F86C90FC
:10442000002B64D119F0010F1FD119F0040FAED089
:10443000D8F800305907AAD001217E4A7B48E1F71D
:104440000DFBA4E7D9F85C40002B3BD1630604F0D8
:10445000010A30D4BAF1000F00F09E80D8F8003085
:104460005A0740F0DB80262491E7D8F8003058073F
:104470008DD00121704A6D48E1F7F0FAD5E76F4B16
:104480006F4AE9468AB00F2CC8BF1A466B464FF4F4
:1044900000719A611A466B48103CDC6158611984BE
:1044A000694B42F8103F002340464FF41151E1F7A9
:1044B0002BFBCD466AE7BAF1000FD4D1A2076DD528
:1044C000272464E701214046604AE1F7C7FA600605
:1044D00004F0010ABED5D8F80020D9F86830510799
:1044E000E9D0012140465A4AE1F7D2FAB2E7012168
:1044F0004046584AE1F7B2FA19F0020F92D0D8F8C4
:1045000000305B078ED001214046534AE1F7A6FAFE
:1045100088E701214046514AE1F7A0FA19F4805F8B
:104520007AD0D8F800305B073FF44CAF0121404609
:104530004B4AE1F793FA45E723F4FF7323F00103B5
:1045400029462046EB61E6F747FCBD46BDE8F0870B
:104550000121444A3548E1F781FA1824BAF1000FE5
:104560003FF447AFD8F8003058073FF43BAF012184
:104570003D4A2E48E1F772FA34E701213B4A2B48C5
:10458000E1F76CFA1A24BAF1000F12D0D8F8003013
:104590005B073BD11B24FAE6A3072CD4610771D437
:1045A000230775D5D8F80030580740F087802924B4
:1045B000EDE619F4005F3FF4EAAED8F800305C078E
:1045C00004D001212A4A1948E1F748FA1C24DEE602
:1045D000D8F8002051073FF40BAF0121254A1348BA
:1045E000E1F756FA04E719F4806F09F4807A7FF452
:1045F0000BAF1824C7E7D8F8003058073FF460AF76
:1046000001211D4A0948E1F729FA59E701211B4A0E
:104610000648E1F723FABDE71624D4E60121184A3B
:104620000248E1F71BFA1EE7B0910120746C0120EB
:1046300000ED00E0BC6507008C650700E40807009A
:10464000CC080700D00907000400000158640700E7
:1046500074640700406507005C65070024070700D5
:104660003C0707005007070064070700980707008A
:10467000CC070700800707009C640700B407070009
:1046800084640700D8F800305A0709D128247EE650
:10469000E1060BD5D8F800305A071DD12A2476E65A
:1046A0000121174A1748E1F7D9F9EFE7A3060BD51F
:1046B000D8F80030580717D12B2468E60121124A98
:1046C0001048E1F7CBF972E721060BD5D8F8003096
:1046D0005A070FD12C245AE601210C4A0948E1F768
:1046E000BDF9DBE7252452E60121094A0548E1F737
:1046F000B5F9E1E70121074A0248E1F7AFF9E9E737
:10470000BC640700746C0120D8640700F8640700DB
:10471000106507002C65070010B5134B88B01A7898
:10472000E2B1D3E90E019A6A5C6A0192DA6A0590F5
:1047300002921A6B009403925A6B04921A6CD3E99A
:10474000130320F005009B07CDE9061248BF40F097
:1047500004006946FFF702FE08B010BD4FF49271E5
:104760000248DFF755FA00BFB0910120F06507005D
:10477000042370B5082506460C4688B006AA0292A6
:104780000DEB0302184604920DEB050104AA0593F4
:1047900006960395079400F04DF80228019B0AD075
:1047A000032804D058B14FF0FF3008B070BD6FF04F
:1047B000850008B070BD6FF0150008B070BD181E00
:1047C00018BF0120404208B070BD00BF00207047F4
:1047D0002DE9F041DDF8188004460D4616461F46C7
:1047E00003F08AFCB0B9114B1B789BB14FF0FF323C
:1047F0004FF0FF330E4802F053FB98B943463A4658
:1048000031462846A0470446094802F0F9FB2046F5
:10481000BDE8F08143463A4631462846A446BDE805
:10482000F04160476FF08304F1E700BFAA960120D2
:10483000D86D012030B50023042489B003ADCDE943
:104840000633049503900594A1B1D1E90001022338
:10485000CDE90601141E18BF0124009240F2F53183
:1048600004AA0194044800F05DF80028B8BF0120B4
:1048700009B030BD0123EDE705010040002070477D
:104880002DE9F0434FF040081F46064699B00DF160
:1048900020090D46144600214246484607F09DFD7A
:1048A000209B0996CDE9027301274FF4407602ABB5
:1048B000009304AA0223002101970748CDE9049838
:1048C00006950794ADF8486000F02CF8039B219AF8
:1048D000136019B0BDE8F0830001004070B54026B8
:1048E00096B006AB05460C4632460021184607F046
:1048F00074FD4FF48072CDE90206CDE90454ADF8A1
:10490000402014B9204616B070BD012304AA0092BD
:10491000002102AA0193024800F004F816B070BD0D
:104920000001004010B5B1F5004F8C46039C10D239
:10493000042B9E460DD8042C0BD8240444EA0E64A4
:1049400001461346044844EA0C02BDE81040FFF754
:104950003FBF6FF0800010BD217C0100704700BF99
:1049600003460020184700BF01F07CBC01680346E5
:10497000D1B100B5B1FA81F00122C0F11F0082402F
:1049800021EA0202D3E8EFCF8C4504D1C3E8EE2F31
:10499000BEF1000FF6D101D15DF804FB19680029C2
:1049A000E8D16FF00B00F7E76FF00B00704700BF26
:1049B000036823FA01F2D20711D4012200B58A401C
:1049C00043EA0201D0E8EFCF9C4504D1C0E8EE1FD6
:1049D000BEF1000FF6D105D100205DF804FB6FF0A9
:1049E00015007047036842EA0301D0E8EFCF9C4509
:1049F000F1D1C0E8EE1FBEF1000FECD0F5E700BF2B
:104A0000014B1860704700BF2492012010B5084B7D
:104A1000186838B11446FFF7A9FF0028A4BF20701A
:104A2000002010BD40F2F3110248DFF7F1F800BF9B
:104A30002492012024660700D0F88030002B02DA8F
:104A40006FF01500704770B5D1F880300E46002B1E
:104A5000B8BF6FF0150000DA70BD002104460846AB
:104A60001546FFF7D3FF0028F6D12B7843F000431B
:104A7000C4F880302B7843F00043C6F8803070BD16
:104A80000123024A8340C2F8043570470070014098
:104A9000014B00201B68184728920120014B1B681E
:104AA000184700BF2892012010B50D4C22799AB901
:104AB00003460122002B0B4808BF184623602271D1
:104AC00000F08EF850B923680748002B08BF18463D
:104AD000BDE8104000F0E2B86FF0770010BD00BFF5
:104AE00028920120914A06009D4A060008B5094B0C
:104AF0001A795AB11B681BB10520E6F753FE00B1C5
:104B000008BD0520BDE80840E6F72ABEB1210248ED
:104B1000DFF77EF8289201206466070008B50C4B89
:104B20001B797BB128B1012807D1BDE8084000F00E
:104B300067B8BDE8084000F0C5B84FF49271054869
:104B4000DFF766F840F205110248DFF761F800BFB1
:104B5000289201206466070008B50C4B1B797BB1D5
:104B600028B1012807D1BDE8084000F06FB8BDE8C2
:104B7000084000F027B94FF4A5710548DFF748F861
:104B800040F22B110248DFF743F800BF28920120C2
:104B90006466070008B500F069F8BDE8084000F059
:104BA00039B900BF38B50022012342F210740B4D11
:104BB000C5F808336B60C5F80021D5F80031D5F889
:104BC0000C34D5F80C24D90301D5D30700D438BD53
:104BD0000120FFF7C9FE013CF1D138BD0050004073
:104BE000064902460B7933B94FF0010C18460A60AA
:104BF00081F804C070476FF0770070473092012051
:104C000008B50F4A1379B3B1002001210D4BC3F849
:104C10000001D3F800011960126812B1C3F804133F
:104C200008BDD3F80021002AFBD00022C3F80021E0
:104C3000D3F8003108BD77210348DEF7E9FF00BF54
:104C40003092012000500040A466070008B5054BD3
:104C50001B791BB1BDE80840FFF7A4BF89210248BA
:104C6000DEF7D6FF30920120A4660700094BD3F887
:104C70000423D2070DD5D3F8002152B10020012121
:104C8000C3F80001044AD3F80001C3F808131368FD
:104C9000184770470050004030920120074A1379AE
:104CA0004BB9012110B4064C10601171C4F81815ED
:104CB000184610BC70476FF077007047389201209B
:104CC0000050004070B53C4E3379002B70D03B4C07
:104CD000D4F81834D4F8182413F480333BD1D4F822
:104CE0001424D2071AD4012200200121334BC3F827
:104CF0001825C3F80401D3F80421996032681AB169
:104D00000222C3F8042370BDD3F80421002AFBD08B
:104D10000022C3F80421D3F8043170BDD4F81C2458
:104D200002F00302013A012A32D902210122C4F819
:104D30000813E260C4F8043142F21075D4F804316B
:104D400004E00120FFF710FE013DCCD0D4F8183468
:104D5000DB03C8D5F5E702F00302022AC4D0012A1A
:104D6000C1D0002302210122C4F80813E260C4F874
:104D7000043142F21075D4F8043104E00120FFF749
:104D8000F3FD013DAFD0D4F81834D903ABD5F5E726
:104D900033681BB10223C4F8043370BDD4F8043166
:104DA000002BFBD00023C4F80431D4F8043170BDCB
:104DB000E5210348DEF72CFF389201200050004027
:104DC000E866070038B5104B1B79BBB10023022100
:104DD00001220E4D42F21074C5F80813EA60C5F8BE
:104DE0000431D5F8043104E00120FFF7BDFD013C9A
:104DF00003D0D5F81834DB03F6D438BD4FF49171E5
:104E00000348DEF705FF00BF389201200050004044
:104E1000E8660700F8B51E4DD5F8044314F0020407
:104E200026D001261B4FB4FA84F0C0F11F00830086
:104E300003F580739BB203F1804303F5A043196827
:104E400006FA00F224EA020481B100210128196067
:104E50001B68C5F8082315D1D5F81834D5F81834CF
:104E600003F00303012B04D03B689847002CDAD1F0
:104E7000F8BD0222C5F81825C5F80423AB60002C44
:104E8000D1D1F5E74FF4F5710348DEF7C1FE00BF5D
:104E90000050004038920120E866070070B5CBB2A0
:104EA000083330F813301546DA050E46044609D5A6
:104EB000C3F3432300EBC302294650F83330526852
:104EC00030469847A3682BB129463046E268BDE8D2
:104ED0007040184770BD00BF08B5C9B200EB410370
:104EE000998ACA0514D521F4F8529A82C1F3432154
:104EF00000F1120200F1520C01E0944509D032F8A1
:104F0000023F13F4807FF8D0C3F343239942F4D1D6
:104F100008BD002200EBC1035A605830FFF748FD7E
:104F20000028F5D04FF4DB710148DEF771FE00BFB9
:104F30002C67070008B5CBB200EB43039B8A9A06A7
:104F400011D59A070FD4012201685B0B9A40C1F872
:104F50000823026802EB8303D3F8102522F0030232
:104F6000C3F8102508BD4B090ED14FF0FF33CB40DD
:104F7000DB0709D5074B03EB8103D3F8002222F4AA
:104F80004032C3F8002208BD4FF474710248DEF7C6
:104F90003FFE00BF002584407060070070B5CDB2B1
:104FA00000EB4505AB8ADC072DD50C460646FFF71E
:104FB000C1FFAB8A9A0608D532685B0B02EB83030C
:104FC0000022C3F81025C3F8102530462146FFF70C
:104FD00083FF00236009AB8210D14FF0FF33E34021
:104FE000DB070BD5094A0A4B02EB8402D2F8001208
:104FF0000B4043F00203C2F8003270BD4FF47471ED
:105000000448DEF705FE6FF0150070BD00258440F2
:10501000F0F8FCFF70600700F8B5002800F0A280EF
:10502000044610680D4600B3CBB204EB4303998AE3
:1050300001F02201222968D069095FD14FF0FF31C8
:10504000E940C9075AD50678494800EB8500D0F8F1
:10505000001221F00F0141EA8601C0F80012998A7E
:1050600021F0020141F001019982536803B3E9B2D2
:1050700004EB410118785E688B8A9F0743D441F6A0
:10508000DF773B408B8276B103283ED853685B685C
:105090001E78236803EB8603002839D1C3F8100576
:1050A000C3F810058B8A23F01C0343EA80038B822C
:1050B00093680BB3D3E9007629462046FFF70CFF2F
:1050C000D7B163689F4202D1A3689E4247D004F1E2
:1050D0005800FFF74BFC00280FDB430203F47E432C
:1050E00004EBC000EDB24760866004EB4504A28A81
:1050F000134343F48073A3820020F8BD4FF474710E
:105100001C48DEF785FD002ECDD06FF01500F8BDF0
:10511000D3F8107527F00307C3F81075276807EB5D
:105120008607D7F8103523F4473323F44073C7F8C4
:1051300010352B02D7F810C503F4F85343EA0043A7
:1051400043EA0C03C7F8103504EB4603A3F85C50A0
:105150008B8A43EA463343F020039BB2A3E7002344
:105160001846BDE740F25E410348DEF751FD00BF3F
:1051700000258440706007002C67070070B5002888
:1051800079D092B35FFA81FE00EB4E0EBEF8144068
:10519000A60701D4A5066BD414F01C0F02D05478D6
:1051A000012C65D04C093CD14FF0FF34CC40E407D2
:1051B00037D5334D05EB8105D5F8004224F4E16C79
:1051C00014782CF0070C4CEA042C547892784CEAB2
:1051D000440C4CEA820242F00102C5F80022BEF8FB
:1051E000142042F00302AEF81420C3B1CCB200EB9D
:1051F0004404A28A92073BD500261D7802684FEA34
:10520000850C02EB8502C2F81065C2F81065A28A0F
:1052100022F4604222F02002A2825A7832B90020A1
:1052200070BD4FF474711748DEF7F2FC9E781204DB
:105230000B02006802F4403203F4F85313433205C2
:10524000604402F480121343D0F8102522F498121F
:1052500022F4F852C0F81025D0F810251343C0F8F6
:105260001035A38A43EA453343F02003A382D6E7EF
:105270006FF0150070BD4FF48D610348DEF7C8FC78
:1052800000258440706007002C67070010B1C0E95A
:105290000312704740F2714108B50148DEF7B8FCCF
:1052A0002C67070008B560B182B1C9B200EB4100BC
:1052B000838A990645BF5B0B00206FF015001370C1
:1052C00008BD40F27A410448DEF7A2FC40F22331E7
:1052D0000148DEF79DFC00BF2C67070070B568B37E
:1052E00090F86C40054690F86D60FCB9402221466C
:1052F000143007F072F8144B214653F836302A6800
:1053000013B904E0082914D001318B42FAD10024EA
:1053100042F30730C2F87C41D2F87C31E6F720FA3C
:10532000012385F86C30AB65204670BD6FF07700C7
:1053300070BD40F2A7310548DEF76AFC4FF4916179
:105340000348DEF765FC00BFA46707006C67070031
:105350002C67070028B190F86C00003818BF0120B6
:10536000704740F28F4108B50148DEF751FC00BF9D
:105370002C67070008B1FFF711BE40F29D4108B548
:105380000148DEF745FC00BF2C67070008B540B1B7
:10539000064B90F86D0003EB8000BDE80840FFF776
:1053A00007BB40F2A4410248DEF732FCC86B012083
:1053B0002C67070010B560B1084B90F86D000C46E3
:1053C00003EB8000FFF7D2FA0028A4BF2070002072
:1053D00010BD40F2AB410248DEF71AFCC86B012059
:1053E0002C67070038B5002865D05FFA81FC00EB18
:1053F0004C0CBCF8143013F01C0F57D09D060468F9
:1054000019D513F0020516D15B0B4FEA830C0CF58E
:1054100080716550615801686144D1F8104544F0CD
:105420000104C1F810452AB10122016802FA03F310
:10543000C1F8043338BDD4F80433002BA4BF4FF0B7
:105440000043C4F80433002A3AD0BCF814304A09A7
:10545000C3F38203042B19D0052B1ED0C2B94FF021
:10546000FF33CB40D80713D5184B1B69CB4003F053
:1054700001030233154A02EB8101D1F8002222F424
:10548000403242EA0343C1F8003238BD03233AB147
:105490004FF474710E48DEF7BBFB0223002AF7D1EC
:1054A0004FF0FF32CA40D207F2D5E3E740F2354170
:1054B0000848DEF7ADFB4FF4A5610648DEF7A8FB10
:1054C00040F24F410348DEF7A3FB00BF00258440B4
:1054D000706007002C67070008B1FFF72BBD40F292
:1054E0002F5108B50148DEF793FB00BF2C6707007A
:1054F00008B54B0915D14FF0FF33CB40DB0710D572
:1055000000EB4100838A99070BD413F01C0F08D0DD
:105510009A0645BF580B80004FF4BE7000F58070AE
:1055200008BD40F2E9110148DEF772FB2C67070065
:105530002DE9F04F87B0002800F00C8183465BF81E
:10554000046B90F86DA0DFF81892D6F8047359F840
:105550003AC0FFB2054647F0004709EBCA00BCF16C
:10556000000F3CD000244FF0010E2346A04606F564
:105570008071019604E0082B01F1040100F0E58040
:1055800023F040420EFA02F2174205D00E681EB117
:10559000C1F8008014430A6801339C45EBD1019E99
:1055A000D6F87C3103BBBCB1012794FAA4F3B3FA5B
:1055B00083F303F5A27256F8222007FA03F105EBF4
:1055C000430324EA01045846B3F85C10C2F30142D5
:1055D000FFF764FC002CE8D107B0BDE8F08FD6F8E7
:1055E0007C31002BF8D06446002209EBCA09D9F8B7
:1055F0000430C6F87C21DF07059206F5BE79D6F89F
:105600007C2103F0010A03D5564A136A13620593FD
:105610008046544F98F80420D10750D5059A002AA7
:105620004DD058461146D346CA46A14605AB019611
:1056300091FAA1F1B1FA81F101264FEAD10C13F8E8
:105640000C2001F0070406FA04F422EA040203F82D
:105650000C2005EB4102B2F814C04FF0FF32CA40F3
:10566000D2073AD53F4CCCF3820E04EB8104D4F838
:1056700000621CF0100F7246C6F3014632D1022EB2
:1056800058D0D4F800C2BEF1030F2CF4403C4CF4C7
:10569000003CC4F800C241D1CDE90201FFF7FEFB96
:1056A000DDE9020105AB01228A402E490A62059913
:1056B0000029BDD14C46D146DA468346019ED6F834
:1056C0007C218ABBBAF1000F3FF46DAF3A6A3A62AF
:1056D000002A3FF468AF05929CE74FF474712248AA
:1056E000DEF796FACDE90201FFF7D8FBDDE902010A
:1056F000D4F8002205ABC2F301429642D3D1D4F8CC
:10570000002222F44032C4F80022D4F8002222F40D
:10571000403242EA0642C4F80022C4E7032EC2D156
:10572000BEF1020FBFD1B7E70022C9F80020D9F8B7
:105730000020C7E7D4F800C24CF4403CC4F800C2D3
:105740000EF00504012CA7D0ADE740F2A7310748C1
:10575000DEF75EFA40F25C610548DEF759FA00BFF9
:10576000A467070000258440706007006C6707008D
:105770002C6707004B7F70B50E4605469BB1012391
:105780006424436104E00120FFF7EEF8013C08D0F7
:10579000D5F80431002BF6D00023C5F80431D5F834
:1057A000043100237377B37F5B0744BF0023C5F840
:1057B000003570BDB0F1FF3F39D0012910B54FEA77
:1057C000501405D094B14FF474711948DEF720FAE3
:1057D0000BBB002CF7D14FF0FF33C340DC07F2D5F1
:1057E000144B01FA00F4DC60022404E04FF0FF33B4
:1057F000C340DB07E7D50F4B44EA820403EB800389
:10580000D3F800020C4A0C430240144344F44074A1
:10581000C3F8004210BD002CD5D14FF0FF33C34078
:10582000DB07D0D5034B01FA00F49C60DCE770473E
:105830007060070000258440F0F8FCFFF8B54E4A80
:105840004B690C469342054600F0938067D84B4A5B
:1058500093427FD04A4A934208BF4FF0006653D12B
:10586000E27E95F8223062F3000385F82230227C34
:10587000DBB262F3410385F82230E77EEFB9237E85
:105880000121012B94BF002301233A462068FFF732
:1058900091FF3B463A4601216068FFF78BFF3B468C
:1058A0003946A27EA068FFF785FF237C3A46012196
:1058B000E06883F00103FFF77DFFE26895F822308E
:1058C0006A62227C62F3410385F82230277FA07C44
:1058D000217E627E2B6897B3003A18BF012202290D
:1058E000C3F8C005C3F824653DD0032938D0012989
:1058F0003CD0C3F854256B685BB32868BDE8F8401A
:1059000040F30730E5F72CBF1E4A934208BF4FF023
:105910000076A5D04FF4B6711B48DEF779F91B4A23
:1059200093421AD01A4A934208BF4FF0004697D0CC
:10593000184A934208BF4FF0005691D0EAE7D4E9E5
:1059400000C7A468C3F808C5C3F80C75C3F81045B0
:10595000C2E7F8BD4FF0806682E74FF080467FE7F0
:1059600042F00602C5E742F00402C2E742F002023A
:10597000BFE74FF0805673E740420F0090D003001E
:1059800020A1070048E80100B467070000093D00B6
:1059900000127A0080841E0038B570B369B30446E3
:1059A00090F8200030BB4869164DA84215D00BD99D
:1059B000154DA84211D0154DA8420ED0144DA84245
:1059C0000BD06FF0150038BD124DA84205D0124D16
:1059D000A84202D0114DA842F3D1C4E901232046C8
:1059E000FFF72CFF0023012284F8213084F82020C7
:1059F000184638BD6FF0770038BD40F21A210848CC
:105A0000DEF706F940420F0000093D0000127A005F
:105A100080841E0090D0030020A1070048E8010008
:105A2000B467070038B500287ED090F820300446CF
:105A3000002B74D0006840F30730E5F79FFE6368E1
:105A400043B1214623683B4AC3F8082351F8040BAD
:105A5000FFF790FE2368D3F80825D3F80C05D3F898
:105A6000101594F82230DB0750D4551C11D053097F
:105A700050D14FF0FF33D340DB074BD52E4B03EB18
:105A80008202D2F800522D4B2B4043F00203C2F8A1
:105A900000324D1C11D04B093CD14FF0FF33CB40AD
:105AA000DA0737D5244A254B02EB8102D2F80012DF
:105AB0000B4043F00203C2F80032431C11D04309EB
:105AC00028D14FF0FF33C340DD0723D51A4A1B4BC3
:105AD00002EB8002D2F800120B4043F00203C2F83E
:105AE0000032636A591C11D05A0913D14FF0FF32AA
:105AF000DA40D2070ED51049104A01EB8303D3F8E0
:105B000000120A4042F00202C3F80022002384F887
:105B1000203038BD4FF474710948DEF779F840F24F
:105B20007D210848DEF774F840F279210548DEF758
:105B30006FF800BF5201080000258440F0F8FCFF18
:105B400070600700B4670700F8B5002800F01981FD
:105B500090F820308446002B00F089800B688E4638
:105B60001446002B00F0C980DEF80830002B00F04E
:105B7000CC8014F0080676D19CF82130002B40F040
:105B8000FD80DCF804302BB114F0140F04BF0123A6
:105B90008CF821300CF110059EE80F0085E80F000D
:105BA000DCF824305F1C10D09CF822105A098D07B5
:105BB00062D5002A78D14FF0FF32DA40D00773D592
:105BC000012202FA03F3714A9360DEF80030DCF838
:105BD00000002BB103F06043B3F1005F40F0BD80E3
:105BE000DEF808302BB103F06043B3F1005F40F002
:105BF000B48014F0010318BF0123C0F8503514F02D
:105C0000020318BF0123C0F840350023DEE901512B
:105C1000DEF80C20DEF8007014F01C0FC0F844759C
:105C2000C0F84855C0F83415C0F83825C0F8183108
:105C3000D0F8183132D0012207219CF8223062F3CB
:105C400082038CF82230C0F80015DCF8043086B3EB
:105C5000002B6ED0402362074CBFC0F80833C0F859
:105C600004330020F8BDDCF82430013384D04FF435
:105C700064714748DDF7CCFFB2B94FF0FF32DA402C
:105C8000D10711D5012202FA03F3404AD360DEF8AE
:105C90000030DCF80000002B9CD1A1E7D0F80025F3
:105CA000073A18BF0122C7E74FF474713948DDF78E
:105CB000AFFF002B2FD001230361DCF80430002B51
:105CC000C8D1DCF824305F1C12D09CF822105A098D
:105CD0008D0733D5002AE7D14FF0FF32DA40D407E1
:105CE000E2D50122294902FA03F3CB60002EB8D194
:105CF0000CF10401FFF73EFDB3E74B68002BB6D172
:105D0000DEF80830002B7FF434AFDEF80C30002BC7
:105D10003FF42FAFABE701230361D0F81831002B1C
:105D2000FBD0D0F81831F3B9DCF80430002B91D156
:105D3000C7E7DCF824305A1CC7D192E7002AB3D158
:105D40004FF0FF32DA40D107AED501220F4902FAF7
:105D500003F38B60002E84D1CAE700238CF8213036
:105D60006FF00C00F8BD0023C0F81831DCF80430E7
:105D7000D0F81821002B7FF46DAFA2E76FF00F0071
:105D8000F8BD4FF463710248DDF742FF00258440FF
:105D9000B46707007060070010B5002841D00446C2
:105DA0000068D0F8183103B910BD0023C0F81831CD
:105DB0006368D0F81821002B38D0636A591C0FD0C3
:105DC00094F822205909920716D509BB4FF0FF32EB
:105DD000DA40D1071CD50122174902FA03F3CB6040
:105DE00094F82130CBB9D4E901310022227304F1B7
:105DF0000C00BDE81040184751B94FF0FF32DA40AF
:105E0000D20705D501220C4902FA03F38B60E7E7BC
:105E10004FF474710948DDF7FBFE211DFFF7AAFC62
:105E2000E1E74FF472710648DDF7F2FE40F2FF3110
:105E30000348DDF7EDFE00BF0025844070600700D9
:105E4000B467070070B54FF0FF334FF0FF321348CF
:105E500001F026F80023124C9D01615D04EB8310D4
:105E6000013339B1102BF7D100260C4801F0C8F8E6
:105E7000304670BD4022064606F0AFFA01234FF0CF
:105E8000FF3263557260326133762C35601900F051
:105E9000FFFF024801F0B4F8304670BDB06D01203C
:105EA00040920120B0B110B504464FF0FF334FF0DF
:105EB000FF32094800F0F4FF40220021204606F09E
:105EC0008CFA4FF0FF33636023610348BDE8104054
:105ED00001F096B8704700BFB06D0120012801465F
:105EE00010D0022803D111220120E7F755B900B5DF
:105EF00006F0C4FC6B210346044A4FF0FF30D1503A
:105F00005DF804FB0622E7F747B900BF0C0000006C
:105F100030B50023042587B004460A46CDE9023592
:105F200005950490012104A8E7F702F8002815D090
:105F30000DDB03AB00932A460121204602ABE7F7B5
:105F4000EFFA002803DB0298404207B030BD06F0AC
:105F500095FC044B1858404207B030BD6FF07300F9
:105F6000FAE700BF0C00000000B506F087FC8621B0
:105F70000346034A4FF0FF30D1505DF804FB00BFE9
:105F80000C0000000069E7F75DBB00BF0069E7F7A0
:105F90002BBB00BF10B4019C0069019410BCE7F753
:105FA000F1BA00BF10B4019C0069019410BCE7F77E
:105FB000B7BA00BF00B583B000690023CDE9003354
:105FC000E7F74AFA03B05DF804FB00BF00B583B001
:105FD00000690023CDE90033E7F70AFA03B05DF862
:105FE00004FB00BFF8B505460069E7F7D3F9071EC3
:105FF0001DDBFFF727FF0446E0B1E6F771FD061E43
:106000000FDB276105276660AB682146A360EB685C
:106010000D4AE36027764FF44043E6F7A9FD30468A
:10602000F8BD3846E7F700F92046FFF73BFF4FF091
:10603000FF36F4E73846E7F7F7F806F01FFC0C22C6
:10604000024B1A50F3E700BF206807000C00000065
:1060500080B110B504460069002804DA2046FFF735
:1060600021FF002010BDE7F7DFF82046FFF71AFFF9
:10607000002010BD0020704710B504460069E7F706
:106080005DF90028A3BF0323237600204FF0FF30E3
:1060900010BD00BF70B540B30D4631B3072A24D9F7
:1060A0000446042300692376E7F71AF9002810DA7A
:1060B00006F0E4FB134E3358A3F17702012A01D90D
:1060C0000B2B0ED14EF660212069FFF721FF031E36
:1060D00011DB052329686A686162A26223760020C9
:1060E00070BD63614FF0FF3070BD06F0C7FB162234
:1060F000044B1A50F6E706F0C1FB5B426361335074
:10610000F0E700BF0C00000038B588B10D4679B14A
:10611000072A0DD904460069E7F7B4F800280CDB1C
:10612000022329686A68E16122622376002038BD73
:1061300006F0A4FB1622024B1A504FF0FF3038BD78
:106140000C0000000069E7F771B800BF2DE9F843C3
:10615000151E00AF08BFFD258846FFF773FE002817
:1061600035D004464046FFF7B9FE002820613DDBEC
:10617000E6F7B6FC061E32DB4FF440432146C4E985
:1061800001681C4AE560E6F7F3FC1B48036803F06E
:106190000703022B03D83046BD46BDE8F883E94625
:1061A0008AB06B46246906211A465C62134CC3E927
:1061B00006681D625C6142F8101F00234FF44351D2
:1061C000DFF7A2FC3046CD46BD46BDE8F88306F0B9
:1061D00055FB0C220A4B1A504FF0FF36DBE72069C3
:1061E000E7F722F82046FFF75DFEF5E72046FFF7C8
:1061F00059FEF1E720680700886C0120F06707006E
:106200000C0000002D2805D10139012902D81AB946
:106210000120704700207047A2F1FD00B0FA80F025
:106220004009704730B40069DDE9024524B1CDE989
:10623000024530BCE7F710B9CDE9024430BCE7F7BE
:106240000BB900BF30B40069DDE9024524B1CDE9E6
:10625000024530BCE7F7CCB8CDE9024430BCE7F7E3
:10626000C7B800BF00B97047E6F78CBE10B54369E8
:10627000044673B1984760B100F1FF03FE2B0FD8BD
:10628000E36842421A70E268537843F001035370A6
:1062900010BDE2680020537843F00103537010BD35
:1062A00021210148DDF7B4FC74680700C268537807
:1062B000DB0718D410B54369044673B1984730B171
:1062C00000F1FF03FE2B11D8E36842421A70E26826
:1062D000537843F00103537010BD1846537843F0D0
:1062E0000103537010BD6FF0770070472121014802
:1062F000DDF78EFC746807000246034B0348136009
:10630000C01A4009704700BF50C9060030CA0600D5
:1063100040B1C368587810F0010003D01878B0FA83
:1063200080F04009704700BFEFF31183202383F30F
:106330001288BFF36F8FFEE710B50446DFF7A8F9A8
:10634000054803685B0702D12046FFF7EDFF0121F6
:10635000024ADFF783FBF7E7746C012098680700B7
:106360002DE9F04704460D4600AFEFF311892023D5
:1063700083F31288BFF36F8FDFF8D480354BD8F8E2
:1063800000209E6852074ED0042898BF324AEA4641
:106390008AB094BF52F8201030491A7C6B46C3E98A
:1063A000071240F201311A4699842D4998615961CA
:1063B0002C4B42F8103F00234FF431512448DFF7B3
:1063C000A3FBD8F80030D54603F007036DB1EA69A6
:1063D000C2F308024AB133B30121234A1C48DFF754
:1063E0003DFBD8F8003003F00703E3B12EB130468F
:1063F00001F09AFE08B1037803B91C48E8468AB058
:106400006B4640F201311A4619841949C3E9066006
:106410005961184B42F8103F00234FF411510C48BA
:10642000DFF772FBC54629462046FFF785FF042C9F
:1064300009D089F31188BFF36F8F3046E5F72CF947
:10644000BD46BDE8F08787210B48DDF7E1FB00BFC3
:10645000746C01204096012090690700A86807002D
:10646000B868070005000001E068070050D8060082
:1064700004690700040000011C69070038B50D4BD2
:10648000421C53F8204053F82250AC4206D30DE092
:10649000037EDB070BD50834AC4207D260680028C6
:1064A000F6D1236808349847AC42F7D338BDFFF7DC
:1064B000DDFEF0E7D0690700012270B5334B032001
:1064C00086B0334E334D1A70FFF7D8FF04F016FC38
:1064D0000420FFF7D3FFAE424FD838BF344623D253
:1064E000D4E90223D4E90001D4F824C0CDF814C0C3
:1064F000D4F820C0CDF810C0D4F81CC0CDF80CC022
:10650000D4F818C0CDF808C0D4F814C0CDF804C031
:10651000D4F810C0CDF800C001F04AFE23685C65D5
:106520003034AC4229D8DBD302F016FCAE4219D28B
:10653000174C194E05E002F037FE3034AC4220D83B
:1065400010D2D4E90A23B3F1FF3F08BFB2F1FF3FF5
:10655000F3D052EA03012068EDD03146183003F041
:10656000F3F9EAE702F036FCDAF75EF80B4A137B40
:1065700023F00103137306B070BD44210848DDF712
:1065800047FB68210648DDF743FB00BFAA960120C0
:1065900038CC060038CC060021890600788201201C
:1065A000A469070080B5002086B0FFF767FF424B63
:1065B00003F5006585F3088883F30A880024E02347
:1065C0003E4E86F82230F47734767476B47686F8C8
:1065D0002040736A43F4E023736286F82340E4F7B3
:1065E000C5FFE5F789F94FF0FF33B362F362E5F7D2
:1065F0009FFBE5F7CDF9DEF71BFE314801F0D2FE37
:10660000304A31498A4253D80DD2881A0139891A41
:1066100023464009490900E01346834248D08B4293
:1066200003F10102F8D14FF0010A00245046FFF7B0
:1066300025FF0220254EFFF721FF02F063FC244BCB
:10664000244F4FF40052244905933046234BCDE9A3
:10665000034ACDE9014400947E6101F0A9FD737BFA
:10666000814623F004033046737301F0B7FF0F2314
:10667000DFF86C8003931B4B4FF4A0721A4905930B
:1066800040461A4BCDE90144CDF810A0009701F027
:106690008FFD98F80D30494623F0040330460F4A29
:1066A0003C74C7F80C807D6088F80D30E5F7FAF887
:1066B000CC210F48DDF7ACFAB0C7012000ED00E0B7
:1066C0004883012050C9060030CA060078820120A4
:1066D000C4D5060040960120F0D00120B964060020
:1066E000B0810120C8690700B0CF0120256B0600EA
:1066F000A46907002DE9F04F804689B09246DDE994
:10670000122306A815461C46894608F1140703F013
:10671000D5FBDDE90623CDE90223EFF31186202323
:1067200083F31288BFF36F8F384603F01BF80028FD
:1067300045D0384603F03CF8EFF30583002B37D102
:1067400008F10C034FF0200B05931CE02C4321D0E3
:10675000DDE9022306A803F0E1FBDDE9065431463A
:106760003846CDE90054059A02F0DEF8EFF31186C1
:106770008BF31288BFF36F8F384602F0F3FFF0B14E
:10678000384603F015F8524649464046149B984750
:106790000028DBD00290384602F0F2FF029B90B155
:1067A00086F31188BFF36F8F184609B0BDE8F08FEC
:1067B00055EA0403C4D058210548DDF729FA882199
:1067C0000448DDF725FA4FF49A710248DDF720FA04
:1067D000EC690700A8E5060070B50D4C0D4DAC4204
:1067E00012D80FD20026D4E9011204F10C0320467E
:1067F0001B605B60183444F8046CDCF7DDFAAC42D3
:1068000002D8F0D3002070BD25210348DDF700FA3F
:10681000F46C0120246D0120EC69070030B58C4632
:1068200014461D46054B85B000216246CDE9004562
:106830000293FFF75FFF05B030BD00BFB12D04002C
:10684000F8B504460D4600F11406EFF31187202336
:1068500083F31288BFF36F8F304602F083FFD0B10D
:10686000304602F0A5FF20462946DCF711FA04F174
:106870000C0002F02DFB40B9304602F081FF70B1F0
:1068800087F31188BFF36F8FF8BD39463046BDE8F6
:10689000F84002F0CFB988210348DDF7B9F94FF489
:1068A0009A710148DDF7B4F9A8E5060038B5204A29
:1068B000204B9A4237D831D24FF0000E94465D1EDD
:1068C000AD1A9B1A6D095C09DCF81820DCF80C3055
:1068D00043EA020010F0030022D1DCF81410CCF8D7
:1068E0001000013901FB0233002901DA0CE01346E4
:1068F0001860DCF818200139B1F1FF3F1846A3EB0E
:106900000202F4D1CCF81030A6450CF1200C0AD0CC
:1069100075450EF1010301D09E46D5E7002038BD34
:106920006FF0150038BD95210348DDF771F900BF00
:10693000946C0120F46C0120106A07002DE9F043EB
:10694000044683B00E469146984600F10805EFF3E1
:106950001187202383F31288BFF36F8F284602F03C
:1069600001FF00284AD0284602F022FF2169E9B140
:106970003160E369086801332061E36188B1E3684D
:10698000C01A0AD4D4E9053202FB03F3834204D9C6
:10699000B0FBF2F302FB130474B1EA211948DDF7EE
:1069A00037F962699342EAD1044605E059EA0803DF
:1069B0000ED16FF00B043160284602F0E1FEC0B149
:1069C00087F31188BFF36F8F204603B0BDE8F083D3
:1069D000224639462846CDF80090CDF8048001F0D3
:1069E000A3FF04460028EFD1074B9B681B69336067
:1069F000EAE74FF49A710548DDF70AF98821034860
:106A0000DDF706F9106A070040960120A8E50600A8
:106A10002DE9F04FC36883B0CB1A31D40D46D0E9CD
:106A2000052101FB02F29A42044629D9B3FBF1F297
:106A300001FB123323BB00F10806EFF311894FF07D
:106A4000200888F31288BFF36F8F304602F08AFE69
:106A5000002855D0304602F0ABFE2769AFB12F6059
:106A6000E3693046013B2561E36102F089FE0028BD
:106A700041D089F31188BFF36F8F03B0BDE8F08F69
:106A80004FF489712448DDF7C3F8EFF3118388F3DD
:106A90001288BFF36F8F83F31188BFF36F8F002BC2
:106AA00032D023689C4200D00BB92769D7E79A6897
:106AB00072B3D3E900214FF0000A4FF0000B0A60D7
:106AC00051605A7BC3E900AB22F002025A739F6007
:106AD00003F11800019303F015F8019B1846C3F861
:106AE000C0701D6101F07AFD4946304603B0BDE833
:106AF000F04F02F09FB84FF49A710848DDF788F81C
:106B000088210648DDF784F8A6210548DDF780F8DE
:106B10008F210348DDF77CF8106A0700A8E506001E
:106B2000386A070008B50A4B9B6893F90E30002BB2
:106B300009DB2024EFF3118384F31288BFF36F8FF6
:106B4000E4F7E0FEF6E71C210248DDF761F800BF3C
:106B500040960120646A07002DE9F04F83B0044697
:106B6000894616461D469DF830B0EFF305831BB1EC
:106B700052EA050340F0A78004F10807EFF31188FB
:106B80004FF0200A8AF31288BFF36F8F384602F065
:106B9000E9FD002800F09380384602F009FE626AA1
:106BA00023699A4231D2EFF311838AF31288BFF33B
:106BB0006F8F83F31188BFF36F8F002B00F08C80F1
:106BC0002568AC4201D0002D31D1206A6569A84208
:106BD00071D3A36998426ED24946E268BBF1000FB7
:106BE0004DD1E069854208BF1846801AE06105F082
:106BF000CDFB636A10210133636204F1280003F0C6
:106C00006FFE002832D1044604E056EA050342D163
:106C10006FF02204384602F0B3FD002857D088F305
:106C20001188BFF36F8F204603B0BDE8F08FAB68CB
:106C3000002B55D0D5E9003213605A606B7B0022DF
:106C400023F0020300266B73002305F11800C5E949
:106C50000023AE6002F056FF4946E268286905F05D
:106C600095FB2846C5F8C06001F0B8FC0024384602
:106C7000414601F0DFFF204603B0BDE8F08F05F08C
:106C800085FB236AE2681344A26923629342B0D170
:106C900063692362ADE7144B22469B684146C3F803
:106CA00010903846CDE9006501F03EFE04462046CE
:106CB00003B0BDE8F08F9C210C48DCF7A9FF8821C8
:106CC0000B48DCF7A5FF81210848DCF7A1FF4FF452
:106CD0009A710748DCF79CFFA6210648DCF798FF6D
:106CE0008F210448DCF794FF40960120886A070052
:106CF000A8E50600386A070010B5012482B00094A8
:106D0000FFF72AFF02B010BD2DE9F0430446884684
:106D100016461D4683B0EFF305831BB152EA050307
:106D200040F09C8004F10807EFF31189202383F3DE
:106D30001288BFF36F8F384602F014FD002800F070
:106D40008480384602F034FD636A8BB956EA050345
:106D500069D16FF02205384602F012FD002878D084
:106D600089F31188BFF36F8F284603B0BDE8F08325
:106D7000E2684046E16905F009FBE369E268134413
:106D8000A269E361934204BF6369E361636A013B03
:106D90006362EFF31183202282F31288BFF36F8FB7
:106DA00083F31188BFF36F8F002B5CD02568AC4252
:106DB00049D0002DCFD0AB68002B5DD06A682B681E
:106DC000002113605A606B7B002223F002036B7377
:106DD0000023A960C5E9002305F1180002F092FE26
:106DE000206A6369984242D3A36998423FD22969D5
:106DF000E26805F0CBFA236AE26828461344A269E8
:106E00002362934204BF63692362636A013363624E
:106E10000024C5F8C04001F0E1FB4946384601F0C6
:106E200009FF2546A0E7164B22469B684946C3F852
:106E300010803846CDE9006501F076FD054628460C
:106E400003B0BDE8F083002585E788210D48DCF715
:106E5000DFFE4FF49A710B48DCF7DAFE4FF48A71CB
:106E60000948DCF7D5FEA6210848DCF7D1FE4FF42F
:106E700097710548DCF7CCFE8F210448DCF7C8FE8B
:106E800040960120A8E50600886A0700386A0700D6
:106E9000034600221B601046C3E902225B60704774
:106EA0002DE9F04383B0EFF30587002F40F0968083
:106EB000044690461E46EFF31189202383F312887F
:106EC000BFF36F8F4A4802F04DFC002800F082802B
:106ED000474802F06DFC474BE1689D6891B995F910
:106EE0000E300131C4E902514148236102F048FCEF
:106EF000002877D089F31188BFF36F8F002003B08B
:106F0000BDE8F083A068A84201D12369E9E758EA07
:106F1000060354D095F90E1090F90E306FF07E02F2
:106F20009942A8BF19469142B8BF11468B4242DC34
:106F3000494622462E48CDF80080019601F0F4FC27
:106F40000028DBD0EFF31185202383F31288BFF3F1
:106F50006F8F274802F006FC00283BD0244802F03F
:106F600027FCA06890B1236821699C420AD04BB1EC
:106F700093F90E309942A8BF19466FF07E039942EB
:106F8000B8BF194690F90E3099420BD177B918481D
:106F900002F0F6FB30B385F31188BFF36F8F6FF00B
:106FA0000A00ACE701F084FD0028EFD02946104824
:106FB00001F040FEF3E701F07BFD0746B8E70C481F
:106FC00002F0DEFB70B189F31188BFF36F8F6FF0B1
:106FD0000F0094E788210848DCF71AFE6F21074864
:106FE000DCF716FE4FF49A710348DCF711FE00BF80
:106FF0006496012040960120A8E50600AC6A0700CF
:107000002DE9F843EFF30583002B72D18368044622
:10701000002B6BD0434A9268934264D1C368002B23
:107020006BD0012B04D0013BC3600020BDE8F88386
:10703000EFF31186202383F31288BFF36F8F3A4852
:1070400002F090FB002860D0374802F0B1FBA06846
:10705000216990F90E3099421DD1EFF3118320225E
:1070600082F31288BFF36F8F83F31188BFF36F8FA2
:10707000002B46D02568A54200D07DB900232A48C0
:10708000C4E9023302F07CFB002842D086F3118869
:10709000BFF36F8FC9E701F00BFDDEE7AB68002B94
:1070A0003CD0D5E9003200274FF000084FF000092E
:1070B00013605A606B7BC5E9008923F002036B7390
:1070C00005F11800AF6002F01DFDA56095F90E30C6
:1070D00028462361C5F8C07001F080FA3146124895
:1070E00001F0A8FDA1E74FF0FF309FE76FF015001A
:1070F0009CE7D7210D48DCF78BFDEF210B48DCF72F
:1071000087FDA6210A48DCF783FD88210948DCF7C2
:107110007FFD4FF49A710748DCF77AFD8F21044810
:10712000DCF776FD4096012064960120AC6A0700EA
:10713000386A0700A8E506002DE9F04F83B0044641
:10714000894690461D469DF830A000F10806EFF3F1
:107150001187202383F31288BFF36F8F304602F02C
:1071600001FB002800F0A080304602F021FBBAF1BC
:10717000000F40D1EFF31183202282F31288BFF376
:107180006F8F83F31188BFF36F8F002B00F0908017
:10719000234653F80C2F9A4200D07ABB002D56D1CB
:1071A000C8F80050B9F1000F5DD0D9F80030032BBA
:1071B00065D923F003032B43C8F80030D9F8003019
:1071C00003F0030348EA0303C9F80030042104F183
:1071D000140003F085FB002830D10446304602F04D
:1071E000CFFA002868D087F31188BFF36F8F20464D
:1071F00003B0BDE8F08FD4F80490BBE79368002B90
:107200005FD000244FF0000A4FF0000B1368516864
:1072100002F118000B605960537BC2E900AB23F008
:10722000020353739460019202F06CFC019A1046C1
:10723000C2F8C040C2F8108001F0D0F900243046F6
:10724000394601F0F7FC204603B0BDE8F08F082076
:1072500003F038FD28B30125C0F80480056080469E
:10726000B9F1000FA1D123682B43C8F8003063683F
:10727000C4F80080002BA9D1C4F80480A6E7C8F8A0
:107280000050626842B1136803F0030348EA030345
:107290001360C4F8048099E7C4F80080C4F804803F
:1072A00094E76FF00B0499E788210848DCF7B0FCFD
:1072B000A6210748DCF7ACFC4FF49A710348DCF7D1
:1072C000A7FC8F210248DCF7A3FC00BFA8E506005D
:1072D000386A0700002300F10C0100F11402C0E934
:1072E0000231C0E90412036043608261704700BF4D
:1072F0002DE9F041054600F10806EFF3118820243E
:1073000084F31288BFF36F8F304602F02BFA002807
:1073100049D0304602F04CFAEFF3118384F312881F
:10732000BFF36F8F83F31188BFF36F8F002B3ED0B5
:107330002B4653F80C4F9C4200D07CB9082105F134
:10734000140003F0CDFA40BB304602F019FA90B3B6
:1073500088F31188BFF36F8FBDE8F081A3687BB31A
:1073600062682368002713605A60637B002223F061
:1073700002036373002304F11800C4E90023A7602B
:1073800002F0C0FB2046C4F8C070276101F026F966
:10739000082105F1140003F0A3FA41463046BDE888
:1073A000F04101F047BC88210748DCF731FCA621F9
:1073B0000648DCF72DFC4FF49A710348DCF728FCF3
:1073C0008F210248DCF724FCA8E50600386A070094
:1073D00010B50023012482B00A4600941946FFF735
:1073E000ABFE02B010BD00BF002300B583B00A465B
:1073F00000931946FFF7A0FE03B05DF804FB00BF41
:107400002DE9F043044683B09046994600F1080602
:10741000EFF31187202181F31288BFF36F8F30467D
:1074200002F0A0F9002834D0304602F0C1F92568F6
:10743000E5B12B68626823F00303954208BF6360DF
:1074400023602B689B070BD1304602F099F920B3DB
:1074500087F31188BFF36F8F284603B0BDE8F08330
:107460006C68284603F0FCFB2546EDE758EA090363
:10747000EAD039463046CDF80080CDF8049004F1CA
:107480000C0201F051FA0028E6D1064B9B681D69F9
:10749000E2E788210448DCF7BBFB4FF49A7102480D
:1074A000DCF7B6FB40960120A8E5060010B503689E
:1074B0000A4682B02BB909E01C68032C24F00303B0
:1074C00004D99A42F8D1002002B010BD0124002353
:1074D00000941946FFF730FE204602B010BD00BFF1
:1074E000006818B103689B0718BF4068704700BF69
:1074F000406818B103689B0718BF4068704700BF19
:1075000003466AB18A420BD300F1100CC3E90212A0
:1075100000201B605B60C3F810C0C3F814C0704744
:107520006FF01500704700BF2DE970430446EFF37C
:107530001186202585F31288BFF36F8F2F4802F044
:1075400011F9002852D02D4802F032F9EFF31183DF
:1075500085F31288BFF36F8F83F31188BFF36F8FAA
:10756000002B3FD02568AC4200D0ADB9D4E902323F
:107570009A4218BF0133022104F11000A36003F006
:10758000AFF920BB1D4802F0FBF830B386F3118839
:10759000BFF36F8FBDE87083AB685BB3D5E9003292
:1075A00000244FF000084FF0000913605A606B7B15
:1075B000C5E9008923F002036B7305F11800AC6084
:1075C00002F0A0FA2846C5F8C04001F007F831469D
:1075D000BDE87043094801F02DBB4FF49A7108488B
:1075E000DCF716FBA6210748DCF712FB88210448CC
:1075F000DCF70EFB8F210348DCF70AFB68960120BD
:10760000A8E50600386A0700F0B5044616461D4690
:1076100083B0EFF3058111B152EA05033BD1EFF3DB
:107620001187202383F31288BFF36F8F1C4802F069
:1076300099F838B31A4802F0BBF8A16861B1013972
:107640001748A16002F09CF800B387F31188BFF3DC
:107650006F8F002003B0F0BD56EA05030AD1104831
:1076600002F08EF890B187F31188BFF36F8F6FF03F
:107670000F00EFE722463946CDE90065084801F0E2
:1076800053F9E7E788210748DCF7C2FA4FF49A710B
:107690000448DCF7BDFA88210348DCF7B9FA00BFDB
:1076A00068960120A8E50600D06A07002DE9F04F92
:1076B000834683B0EFF311832024019384F312886F
:1076C000BFF36F8F3B4802F04DF8002864D00546A9
:1076D000384802F06DF8EFF3118384F31288BFF39A
:1076E0006F8F83F31188BFF36F8F002B50D04FF053
:1076F000000A002600276FF00A09D046DBF8004098
:10770000A34500D094B9002202210BF11000CBF860
:10771000082003F0E5F810B9BAF1000F2CD0019958
:10772000244803B0BDE8F04F01F084BAA368002BF1
:1077300036D0D4E9003213605A60637BC4E9006735
:1077400023F00203637304F11800C4F8088002F008
:10775000D9F92046C4F8C09000F040FFEFF3118340
:10776000202282F31288BFF36F8F83F31188BFF357
:107770006F8F6BB1AA46C1E70E4802F001F898B1CD
:10778000019B83F31188BFF36F8F03B0BDE8F08FC7
:10779000A6210948DCF73CFA88210848DCF738FACA
:1077A0008F210548DCF734FA4FF49A710348DCF76F
:1077B0002FFA00BF68960120386A0700A8E5060086
:1077C0002DE9F0470546DFF8C081DFF8C0A184B09D
:1077D000EFF31189202383F31288BFF36F8F4046A4
:1077E00001F0C0FF002800F0C180404601F0E0FF3A
:1077F000D5F8CC40002C7FD0D5F8D0202368944217
:1078000008BFC5F8D030C5F8CC30D5F8E4304046D4
:1078100043F00203C5F8E430E368666823F004032C
:1078200043F00103E36001F0ABFF002800F0A28009
:1078300089F31188BFF36F8F002E00F0A0802046DF
:10784000B047EFF31189202383F31288BFF36F8FC2
:10785000404601F087FF002800F08880404601F094
:10786000A7FFE268D10622F001033CD4E3609A0747
:1078700015D4D5F8E430404623F00203C5F8E430CF
:10788000C3F3002401F07CFF002873D089F3118832
:10789000BFF36F8F002C9BD101F03CFB98E7DAF827
:1078A000000023F00203E3600028E2D042680021D8
:1078B0009442036807D0002BDBD00146184642688B
:1078C0001B689442F7D10368002946D00B60DAF8B0
:1078D0000430834208BFCAF80410002340F8083B74
:1078E000FFF722FEC5E722F01102E26004F110006A
:1078F000FFF71AFEE368BAE7D5F8E43023F0040294
:107900005C07C5F8E420C3F380010ED4D00615D57A
:107910001D48C5F8E41001F033FF58B389F311880E
:10792000BFF36F8F04B0BDE8F08705F1DC040022DF
:107930000121204601F0A4FD0028F8D100234FF0DA
:10794000FF364FF0FF3749464046CDE9006705F165
:10795000D402029301F0EAFD3AE7DAF80420CAF80B
:1079600000308242B9D1CAF80430B6E7882108480D
:10797000DCF74EF94FF49A710548DCF749F94FF4FA
:1079800038710448DCF744F96C96012040830120EB
:10799000A8E50600F06A0700C3689A0709D513F046
:1079A0001F021DBF43F00203C36042F002001046F5
:1079B000704710B4C3F3800223F004038468C360EB
:1079C00052B913F01F021BBF43F00203C3601046FD
:1079D00042F0020010BC7047D4F8CC20002AF0D04E
:1079E00090420FD011461268002AEAD09042F9D195
:1079F00003680B60D4F8D03098420DD00022C368E1
:107A00000260DEE7D4F8D02003689042C4F8CC309E
:107A1000F4D1C4F8D030F1E7C4F8D010EEE700BFDD
:107A2000F8B5C3680D469A07C3F3400611D45F0743
:107A300012D500232B603046F8BD00F05DFBD7F86F
:107A4000E430E0B9D907C3F3C00248D50AB35A07F6
:107A50001FD46FF00F06ECE70F680446002F2ED0FE
:107A6000DB0735D5A768002F3CD002262F60204BBE
:107A70009A68D7F8C8309A42DFD0D7F8E430D807F0
:107A8000C3F380022BD5002AE3D1C3F3C003002B3C
:107A9000DFD100232360D7F8D030DBB11C60C7F8FA
:107AA000D040002207F1D400114601F0E9FCE36860
:107AB000304643F00403E3602B68A360F8BD876899
:107AC0000F60C368DE07CDD417B96FF01506B0E7B5
:107AD0000126CCE7C7F8CC40C7F8D040E1E76FF00B
:107AE0001206A6E740F257110248DCF791F800BFF2
:107AF00040960120F06A070030B5044683B0EFF3EA
:107B00001185202383F31288BFF36F8F154801F08E
:107B100029FEF0B1134801F04BFE002254F8043C5A
:107B2000019223F008011B0744F8041C09D40D48F6
:107B300001F026FE88B185F31188BFF36F8F03B083
:107B400030BDA36901A9A4F110000193FFF768FFFC
:107B5000EDE788210448DCF75BF84FF49A7102489E
:107B6000DCF756F86C960120A8E5060008B530B1A0
:107B700049B10023C0E90031C0E9023308BD9C21AE
:107B80000348DCF745F89D210148DCF741F800BFC8
:107B9000F06A070030B583B0019001B34B680C4622
:107BA0005BB3EFF31185202383F31288BFF36F8F4C
:107BB000144801F0D7FDE0B1124801F0F9FD20466C
:107BC00001A9FFF72DFF04460E4801F0D9FD58B179
:107BD00085F31188BFF36F8F204603B030BD40F2AC
:107BE0007D110948DCF714F84FF49A710748DCF767
:107BF0000FF888210548DCF70BF84FF4BF710248F5
:107C0000DCF706F86C960120F06A0700A8E506008C
:107C100010B5FFF7BFFF041E08DDEFF3118020232E
:107C200083F31288BFF36F8F01F074F8204610BD04
:107C3000014610B50748FFF7ADFF041E08DDEFF35E
:107C40001180202383F31288BFF36F8F01F062F855
:107C5000204610BD3084012008B520B1E822002163
:107C600004F0BBFB08BD40F205310148DBF7D0FF53
:107C7000F06A0700F0B589B00E9D002841D00029B8
:107C800049D00446D0F8E40010F001003ED1C4F819
:107C9000CC00C4F8D00004F1D400C4E9350004F1EC
:107CA000DC00C4E9370055B32E7940F20110002EF4
:107CB00008BF01204FF0FF364FF0FF37C4F8E40053
:107CC000CDE90667002603932046CDE90166144BF3
:107CD0000094049600F00AFB55B1296811B12046C2
:107CE00000F010FA6B791BB1237B43F0010323737F
:107CF000204601F059FAC4F8C84009B0F0BD01208F
:107D0000D8E740F232310748DBF782FF4FF44D717C
:107D10000448DBF77DFF40F233310248DBF778FFA0
:107D2000C1770600F06A070038B558B10D4671B149
:107D300030220021044604F050FB4FF4807365604C
:107D4000E36038BD4FF478710348DBF761FF40F220
:107D5000E1310148DBF75CFFF06A070038B5D8B1C4
:107D60000446EFF31185202383F31288BFF36F8F4E
:107D7000104801F0F7FCC8B10E4801F019FDE468A5
:107D80000C4804F01F0401F0FBFC50B185F311888E
:107D9000BFF36F8F204638BD40F2F1310648DBF764
:107DA00037FF4FF49A710548DBF732FF882103480B
:107DB000DBF72EFF6C960120F06A0700A8E50600AD
:107DC000F0B583B00190002847D00C4600293FD081
:107DD00016461D46EFF31187202383F31288BFF365
:107DE0006F8F204801F0BEFC70B31E4801F0E0FC2C
:107DF000E16811F01E0F0BD000241A4801F0C0FCFE
:107E0000E8B187F31188BFF36F8F204603B0F0BD50
:107E100055EA06030DD041F00801E160019904F133
:107E20001000A16232462B460F4901F08DFD01245E
:107E3000E3E7204601A9FFF7F3FD0446DDE74FF431
:107E40009A710A48DBF7E4FE88210848DBF7E0FE78
:107E50004FF48B610648DBF7DBFE40F257410448E4
:107E6000DBF7D6FE6C960120F97A0600A8E506003D
:107E7000F06A0700F0B583B00190002848D00C46A6
:107E8000002940D017461D46EFF31186202383F3C7
:107E90001288BFF36F8F234801F064FC78B3214848
:107EA00001F086FCE36823F008021B07E26021D49E
:107EB00055EA070318D0E36804F1100043F0080105
:107EC000E16001993A46A1622B46174901F03CFD59
:107ED0000124144801F054FCF8B186F31188BFF373
:107EE0006F8F204603B0F0BD204601A9FFF798FD33
:107EF0000446EEE704F1100001F004FED8E7882103
:107F00000A48DBF785FE40F27B410948DBF780FE3B
:107F100040F27A410648DBF77BFE4FF49A71034842
:107F2000DBF776FE6C960120F97A0600A8E50600DC
:107F3000F06A070001460148FFF79CBF308401202A
:107F400038B558B30446EFF31185202383F3128824
:107F5000BFF36F8F164801F005FCD8B1144801F04B
:107F600027FCE36823F008021B07E2600DD42046DB
:107F7000FFF712FD04460E4801F002FC98B185F3AC
:107F80001188BFF36F8F204638BD04F1100001F057
:107F9000B9FDECE788210748DBF73AFE40F29C4147
:107FA0000548DBF735FE4FF49A710248DBF730FEE7
:107FB0006C960120A8E50600F06A07000346002041
:107FC0001B605B60704700BF2DE970430446EFF310
:107FD0001186202585F31288BFF36F8F294801F0A1
:107FE000C1FB002845D0274801F0E2FBEFF31183E5
:107FF00085F31288BFF36F8F83F31188BFF36F8F00
:108000009BB32568AC4200D055B91E4801F0B8FBBF
:1080100030B386F31188BFF36F8F0020BDE8708303
:10802000AB6853B3D5E9003200244FF000084FF09D
:10803000000913605A606B7BC5E9008923F00203D5
:108040006B7305F11800AC6001F05CFD2846C5F8C3
:10805000C04000F0C3FA31460A4800F0EBFDDCE70F
:108060004FF49A710848DBF7D3FDA6210748DBF7E8
:10807000CFFD88210448DBF7CBFD8F210348DBF7D8
:10808000C7FD00BF70960120A8E50600386A07000A
:108090002DE9F041074682B00C4616461D46EFF327
:1080A0001188202383F31288BFF36F8F104801F0EB
:1080B00059FBC0B10E4801F07BFB2046FEF7A0FF44
:1080C000CDE900653A464146094800F02DFC0546D9
:1080D0004FF0FF324FF0FF332046FEF7E1FE284617
:1080E00002B0BDE8F08188210248DBF791FD00BFB6
:1080F00070960120A8E50600EFF30580003818BF50
:108100000120704710B548B104461F2204F18800D1
:1081100004F0B2F9002084F8A70010BD014B9C6860
:10812000F3E700BF4096012088307047B1B3AAB38F
:108130002DE9F04790F80DA00E4602F1FF38BAF194
:10814000000F2DD00024174DDFF85C90AF88A8EB0E
:1081500004021AEA070F06EB040011D0EB88296825
:108160009A4228BF1A46144404F010F93AEA070A62
:1081700006EB040306D100221A703046BDE8F087F2
:108180000835E3E7A8EB0402012A28BF01221846BC
:1081900049460835144404F0F9F8D7E70348704716
:1081A0000B46E8E78C6B0700146B070040EE0600F7
:1081B0002DE9F04F85B0119D04460F2D88461F46CE
:1081C000DDF838A076D005F110011E2975D80421FC
:1081D00000264FF0000C4FF0000B129B073222F0EC
:1081E0000709617304F158014A46C4E906BC2373C8
:1081F000C4E91611A573404608EB0905AA21A6603B
:10820000E67304F0EAF829462046E2F737FE844692
:10821000109B0CF10702C4E92A8922F0070202939D
:108220000F9BAD1ACDE900A341463B46C4F8B020F0
:1082300020462A46E3F708FB0F9BC4E91D7AE36753
:10824000109B666584F87060C4F88030EFF3118885
:10825000202383F31288BFF36F8F1F4801F082FA47
:10826000002834D01D4F1C4801F0A2FA3B6A1A487E
:10827000C4F884303C6201F083FA18B388F31188A3
:10828000BFF36F8F139B8BB119461F2204F1880037
:1082900004F0F2F884F8A760BB680BB1D3F8B430EF
:1082A0002846C4F8B43005B0BDE8F08F139B84F8BD
:1082B0008830F1E70A498B4289D040F24B210948C6
:1082C000DBF7A6FC4FF49A710748DBF7A1FC882185
:1082D0000548DBF79DFC00BF8496012040960120F5
:1082E000256B0600186B0700A8E50600F0B587B0FF
:1082F000DDE91276EFF305854DBB0595109D04462B
:1083000004950F9D03950E9D02950D9D01950C9D65
:108310000095FFF74DFFB6F1FF3F08BFB7F1FF3FF4
:1083200002D1204607B0F0BD56EA070305D120462A
:1083300000F03AFF204607B0F0BD3A46334604F15C
:108340001800054901F000FB204607B0F0BD40F2DF
:108350001A310248DBF75CFC21890600186B070024
:1083600059B10023013802E00133994205D010F8D9
:1083700001CFBCF1AA0FF7D0194600201160704759
:1083800010B4D0E92A0444B1002302E001339C4236
:1083900003D0C25CAA2AF9D01C4600200C6010BC95
:1083A000704700BF002340F2011210B50446C0E937
:1083B0002A33828102F080FC014B9C6010BD00BF1B
:1083C0004096012038B590F90D20437B002A19DB37
:1083D0001D4D2A4652F8184FAB68944222D00CB378
:1083E000834208D01BB35A7BD20604D1DA897F2A94
:1083F00001D9A269C2B1A34202D0204601F00AF914
:108400006C6138BD114A03F07F039042437312D070
:1084100013F0010313D1D0E900210A605160036019
:108420004360D5E7EC68DBE71C466C6138BDEA21A8
:108430000748DBF7EDFB5A210648DBF7E9FB5B2138
:108440000448DBF7E5FB00BF40960120B081012026
:10845000F06B0700CC6B070038B505460C46FFF7FC
:10846000B1FF6B7B43F002036B73B4B1AC60236864
:108470009C4213D093B195F90E1093F90E209142BE
:1084800001D08A420CDC62689A4202D01B68002B41
:10849000F3D1C5E900421560656038BD6268F8E750
:1084A0005A68C5E9003215605D6038BD38B590F98D
:1084B0000D20437B002A31DBDC062FD1264A43F016
:1084C0008003904243733FD0D90739D4234C2146CF
:1084D00051F8183F8B422BD0E56963B190F90EC07B
:1084E00093F90E20944501D0624523DC9D4202D0D1
:1084F0001B68002BF4D1C0E900152860E061A56974
:108500008D4213D095B1A36813B35A7BD20606D11E
:10851000DA897F2A03D9AA690AB9636138BDAB42F7
:1085200002D0284601F076F8656138BDE568EAE7D3
:10853000E569E0E75A68C0E9003210605860DEE79C
:1085400053210748DBF764FB52210548DBF760FB4A
:10855000EA210448DBF75CFBB08101204096012052
:10856000CC6B0700F06B070038B51A4DA968EC69B1
:10857000D1E90020A14214BF1346002302605060DD
:10858000A868EC6963B193F90E1090F90E208A4245
:1085900001D0914217DC9C4202D01B68002BF2D123
:1085A0000D4AC0E900242060E861AC69944208D01B
:1085B0003CB1AB689C4202D0204601F02BF86C61C4
:1085C00038BDEC68F5E75968034AC0E90031086036
:1085D0005860EAE7409601205896012038B50446D5
:1085E000EFF31185202383F31288BFF36F8F0E48BA
:1085F00001F0B8F870B10C4801F0DAF82046FFF746
:1086000055FF094801F0BCF840B185F31188BFF36C
:108610006F8F38BD88210548DBF7FAFA4FF49A715D
:108620000248DBF7F5FA00BF74960120A8E50600C2
:10863000F8B5734D0446AE68864278D0EFF31187E3
:10864000202383F31288BFF36F8F6E4801F08AF8FE
:10865000002800F0C0806B4801F0AAF8637BDA06BE
:108660005BD4D90943F0100240F09D806273AE697B
:10867000654B9E4200F0AB80002E00F0A880AB68F6
:10868000B34200F0A280304600F0C4FFAB68A342C2
:108690006E6142D1EFF30584002C3ED11B7BDB07DA
:1086A0001FD5584801F06CF8002800F0988087F337
:1086B0001188BFF36F8F84F31188BFF36F8F04238A
:1086C000184602DFEFF31187202383F31288BFF3EC
:1086D0006F8F4C4801F046F800287CD0494801F0E3
:1086E00067F8484801F04CF8002857D0AB681FB134
:1086F0005A7B12F0090F7FD06FF00A00434AC3F88B
:10870000BC70C3F8C0005368002143F0805353602D
:1087100081F31188BFF36F8FF8BD3A4801F030F84C
:1087200000285CD087F31188BFF36F8FF8BDEFF39B
:108730000583002B82D1EFF31187202383F3128866
:10874000BFF36F8F2F4801F00DF8002843D02D485C
:1087500001F02EF8737B2E4A03F07F0343F01003E1
:108760009642737344D013F001033DD12A467068DA
:108770003168016048603360736052F8184F94426A
:1087800027D034B3AB689C4202D0204600F042FFB1
:108790001C486C6100F0F4FF0028A7D14FF4B771BA
:1087A0001C48DBF735FA1A4A03F07F0343F0100345
:1087B000944263731CD013F0010315D1D4E9002156
:1087C0000A6051602360636051E733465FE7EE68FB
:1087D00055E7EC68D6E788210E48DBF719FA4FF425
:1087E0009A710C48DBF714FA5B210B48DBF710FA9F
:1087F0005A210948DBF70CFAD2210848DBF708FABE
:1088000040960120749601205896012000ED00E06A
:10881000B0810120A8E50600CC6B07001C6C0700A6
:1088200038B50446EFF31185202383F31288BFF394
:108830006F8F144800F096FFD8B1124800F0B8FFCF
:10884000A3686BB1D4E900320020002113605A60A4
:108850000022637BC4E9000123F002036373A2607A
:10886000084800F08DFF40B185F31188BFF36F8F8A
:1088700038BD88210448DBF7CBF94FF49A710248E0
:10888000DBF7C6F974960120A8E5060070B504462A
:108890000D46EFF31186202383F31288BFF36F8F09
:1088A0001D4800F05FFF98B31B4800F081FF94F86B
:1088B0007020637B62B15DB1002384F8703016488C
:1088C00000F05EFFF8B186F31188BFF36F8F70BDC3
:1088D000002284F8702013F02802F0D1A16859B169
:1088E000D4E9003100200B6059600021637BC4E9AA
:1088F0000001A26003F0FD0323F00403204663732C
:10890000FFF7D4FDDBE74FF49A710448DBF780F9F9
:1089100088210248DBF77CF974960120A8E506005F
:1089200001211838FFF7B2BF2DE9F047314EDFF8CB
:10893000C8A0324BB46850451C60DDE9089853D09C
:1089400004460D461746EFF31183202383F3128864
:10895000BFF36F8F504600F005FF002840D050460F
:1089600000F026FF3946B7683846FFF775FDB8F1C5
:10897000FF3F08BFB9F1FF3F06D04A4643462049B2
:1089800007F1180000F0E0FF204600F0F9FE10B3F8
:10899000194800F0F5FEF0B1B3681DB15A7B12F032
:1089A000090F14D06FF00A00164AC3F8BC50C3F880
:1089B000C0005368002143F08053536081F3118855
:1089C000BFF36F8FB368D3F8C000BDE8F087D22142
:1089D0000D48DBF71DF94FF4B7710C48DBF718F9B8
:1089E00088210A48DBF714F940F29E210848DBF79A
:1089F0000FF900BF4096012074960120789601205F
:108A00002189060000ED00E01C6C0700A8E50600C7
:108A1000CC6B070070B50546EFF31186202383F376
:108A20001288BFF36F8F1A4800F09CFE38B31848C5
:108A300000F0BEFE2C68A5421AD07CB1A36813B327
:108A4000D4E900320020002113605A600022637BC9
:108A5000C4E9000123F002036373A2600C4800F034
:108A60008FFE38B186F31188BFF36F8F204670BD3B
:108A70000024F3E74FF49A710648DBF7C9F8882120
:108A80000448DBF7C5F88F210348DBF7C1F800BFC6
:108A900074960120A8E50600386A070010B5044660
:108AA000FFF7BEFE04F11800BDE8104001F02AB83F
:108AB000F8B504460D46EFF31187202383F312889F
:108AC000BFF36F8F554800F04DFE002800F09180F5
:108AD000524800F06DFE637B03F01F02002A0CBFBA
:108AE000012600260DD09B074CD4A5734B4800F0FF
:108AF00047FE002878D087F31188BFF36F8F304688
:108B0000F8BD474A03F07F039442637375D013F0B6
:108B1000010376D1D4E900200260506023606360D5
:108B2000637B69B243F08003DA07A17363736CD48B
:108B30003C4D284650F8183F834244D0D5F81CC01D
:108B400053B193F90E20914201D08A4240DC634533
:108B500002D01B68002BF4D1C4E9000CCCF8004013
:108B6000EC61AC69844208D03CB1AB689C4202D055
:108B7000204600F04FFD6C61B8E7EC68AB689C42A2
:108B8000F6D1F8E7A268002A43D0D4E90010002308
:108B90006DB201604860A5732360636013689A42F8
:108BA00014D09BB193F90E108D4201D0A94215DC6F
:108BB0005168994202D01B68002BF3D1C4E900210F
:108BC0000C60546092E7D5F81CC0C5E75168F5E722
:108BD0005A68C4E9003214605C60C2E75A68C4E9AC
:108BE000003214605C6081E74FF49A710E48DBF745
:108BF0000FF888210C48DBF70BF85A210B48DBF7FC
:108C000007F85B210948DBF703F853210748DAF737
:108C1000FFFF8F210648DAF7FBFF00BF74960120A3
:108C2000B081012040960120A8E50600CC6B07002A
:108C3000386A070070B503460C4611B9EFF3058595
:108C400045B1184600F09CFDE8B184F31188BFF3EC
:108C50006F8F70BD114E7169B2689142F1D000F012
:108C60008FFDA8B16FF00A01B3680D4AC3F8BC507C
:108C7000C3F8C010536843F08053536085F31188E4
:108C8000BFF36F8F70BD4FF49A710648DAF7C0FFDB
:108C90004FF4B7710348DAF7BBFF00BF40960120DD
:108CA00000ED00E0A8E5060038B50446EFF31185B5
:108CB000202383F31288BFF36F8F144800F052FD16
:108CC000D0B1124800F074FD637BDA060BD523F0B7
:108CD000100320466373FFF7E9FB2946BDE83840DF
:108CE0000A48FFF7A7BF094800F04AFD40B185F3E5
:108CF0001188BFF36F8F38BD88210548DAF788FFE8
:108D00004FF49A710248DAF783FF00BF749601208E
:108D1000A8E50600B8B9EFF30583A3B90C498A6842
:108D2000496991420FD06FF00A000A49C2F8BC307D
:108D3000C2F8C0004A6842F080524A6083F311884A
:108D4000BFF36F8F704780F31188BFF36F8F704749
:108D50004096012000ED00E010B5EFF311842023D0
:108D600083F31288BFF36F8F164800F0FBFCA8B1A5
:108D7000144800F01DFDEFF30583EBB9124B9A6820
:108D8000D37B012B13D0013BD3730E4800F0F8FCCA
:108D900040B184F31188BFF36F8F10BD88210B4859
:108DA000DAF736FF4FF49A710848DAF731FF4FF4DB
:108DB0004F710748DAF72CFF40F23B310448DAF7ED
:108DC00027FF00BF7496012040960120A8E5060009
:108DD000CC6B070070B5EFF31186202383F3128864
:108DE000BFF36F8F354800F0BDFC002852D0344DE2
:108DF000324800F0DDFCAB68DA7B002A58D0EFF394
:108E0000058100294FD129460132DA7351F8184FF4
:108E10008C423DD0002C3BD05A7BD2062DD1DA8932
:108E20007F2A2AD9A26942BB1C4624486C6100F003
:108E3000A7FC98B386F31188BFF36F8FEFF311830C
:108E4000202282F31288BFF36F8FE3B9EFF305821C
:108E5000CAB9A9686869884215D06FF00A03194831
:108E6000C1F8BC20C1F8C030436843F08053436070
:108E700082F31188BFF36F8F70BDA342D5D0204617
:108E800000F0C8FBD1E783F31188BFF36F8F70BD8B
:108E9000EC68C1E788210C48DAF7BAFE4FF49A7102
:108EA0000948DAF7B5FE4FF452710848DAF7B0FE18
:108EB00040F247310548DAF7ABFE00BF7496012057
:108EC0004096012000ED00E0A8E50600CC6B07000D
:108ED00038B50468844212D005460CB90FE064B17D
:108EE0002046FFF79DFC04F1180000F00BFE204621
:108EF000FFF774FB2C68A542F1D1012038BD00209A
:108F000038BD00BF024A134643F81829DA6170479A
:108F10005896012070B5EFF30584002C6BD1EFF368
:108F20001186202383F31288BFF36F8F344800F03B
:108F300019FC00285BD0334D314800F039FCAA6899
:108F4000EB699A4215BF13682346194611685268A7
:108F500011604A60A868EC6963B190F90E2093F93A
:108F60000E108A4201D0914231DCA34202D01B682C
:108F7000002BF2D1244AC0E900242060E861AC69EA
:108F8000944222D00CB3AB689C4202D0204600F041
:108F900041FB1B486C6100F0F3FB18B3AB681EB1DA
:108FA0005A7B12F0090F19D06FF00A00174AC3F864
:108FB000BC60C3F8C0005368002143F08053536085
:108FC00081F31188BFF36F8F70BDEC68DBE75A68DF
:108FD000C0E9003210600C4A5860D0E7D2210C483A
:108FE000DAF716FE4FF4B7710A48DAF711FE882156
:108FF0000848DAF70DFE4FF48E610748DAF708FEED
:1090000074960120409601205896012000ED00E062
:109010001C6C0700A8E50600CC6B0700F8B5EFF361
:109020000583002B58D150EA010305460C464BD06E
:10903000EFF31187202383F31288BFF36F8F2D483E
:1090400000F090FB00284CD02B4E2A4800F0B0FBDB
:10905000B0682A4B1860FFF7B5F9B06823462A4676
:109060002749183000F070FCB2680446537B214851
:1090700043F00403537300F083FBB0B3B3681FB134
:109080005A7B12F0090F23D06FF00A001D49C3F874
:10909000BC70C3F8C0004B68002243F080534B60A3
:1090A00082F31188BFF36F8FB368D3E90A13B3F16A
:1090B000004F08BF914201D00020F8BD00F0F8FE3B
:1090C000201A20EAE070F8BDFFF724FF0020F4E743
:1090D000D2210D48DAF79CFD4FF491610B48DAF785
:1090E00097FD88210A48DAF793FD4FF4B7710848D5
:1090F000DAF78EFD749601204096012078960120C3
:109100002189060000ED00E01C6C0700CC6B070015
:10911000A8E5060070B5EFF3058404BB06460D46CE
:10912000FFF77CFFB5F1FF3F08BFB6F1FF3F13D05B
:109130004FF47A7247F6FF73C0FB0234D80B40EA53
:109140004440B0F1004F4FEAD43474F1000400D22F
:1091500070BD6FF0004070BD4FF0FF3070BD40F249
:10916000B2410148DAF754FDCC6B070010B500247A
:109170000B494FF4004C8E462146C0FB0CE1002306
:109180007046084AD7F730F8C117FFF747FF47F690
:10919000FF73044AC0FB0234DB0B43EA444010BDBA
:1091A0003F420F0040420F0038B50446EFF31185EF
:1091B000202383F31288BFF36F8F164800F0D2FA92
:1091C000F8B1144800F0F4FA637B5B0708D4114847
:1091D00000F0D6FAC8B185F31188BFF36F8F38BDA0
:1091E00004F1180000F08EFC637B204623F004039A
:1091F0006373FFF75BF92946BDE838400548FFF780
:1092000019BD88210448DAF703FD4FF49A7102482A
:10921000DAF7FEFC74960120A8E50600014B986879
:10922000704700BF409601202DE9F84F054690F8A1
:109230000CB0EFF3118A202383F31288BFF36F8FF2
:10924000854800F08FFA002800F0EB80824800F09B
:10925000AFFA6B7B1A077DD4D90943F0080267D1B6
:109260006A73AB686BB1D5E9003213605A600023B2
:1092700000220021C5E900236B7BA96023F00203D3
:109280006B7305F1180000F03DFCAC6D05F158075B
:10929000A74222D00CB300264FF000084FF000097F
:1092A00000E0D4B1A368002B00F0B280D4E9003212
:1092B00013605A60637BC4E9008923F0020363737F
:1092C00004F11800A66000F01DFC2046C4F8C06040
:1092D000FFF7ECF8AC6DA742E3D1604CA3689D4268
:1092E00071D00027A6695E4A964266D0002E64D0EF
:1092F000B34202D0304600F08DF928466661E2F7AD
:10930000CDFA284600F0BEFA002F58D1A3689D423E
:109310002BD0514800F034FA00287DD08AF3118810
:10932000BFF36F8F1BF0010F40F09080BDE8F88F06
:109330004C4A03F07F0343F0080395426B737DD0E2
:1093400013F001037ED1D5E900210A6051602B6042
:109350006B6086E7404800F013FA00285CD08AF37F
:109360001188BFF36F8FBDE8F88FEFF30586002EED
:10937000CFD12B7BDB072CD45546374800F000FAC1
:10938000002856D0A3681DB15A7B12F0090F4CD0AB
:109390006FF00A00344AC3F8BC50C3F8C0005368E9
:1093A000002143F08053536081F31188BFF36F8F26
:1093B0004FF4EE712D48DAF72BFCE66898E72C485D
:1093C000FEF7F0FFA2E7EFF30587003F18BF012784
:1093D00088E7214800F0D4F9F0B18AF31188BFF38F
:1093E0006F8F86F31188BFF36F8F0423184602DF57
:1093F000EFF3118A202383F31288BFF36F8F16488F
:10940000554600F0AFF960B1134800F0D1F9B4E768
:109410008F211848DAF7FCFB4FF49A711648DAF7F7
:10942000F7FB88211448DAF7F3FBD2211348DAF767
:10943000EFFB4FF4B7711048DAF7EAFB5A210B48FB
:10944000DAF7E6FB5B210948DAF7E2FB40F28E51DE
:109450000648DAF7DDFB00BF749601204096012034
:1094600058960120B081012000ED00E0CC6B070090
:1094700048830120386A0700A8E506001C6C070035
:109480002DE9F843064688461746EFF31189202355
:1094900083F31288BFF36F8F214800F063F900282F
:1094A00035D005461E4800F083F93468A64227D01F
:1094B00024B3A368C4F8C080276163B3D4E9003241
:1094C00013605A60002200230021C4E90023637B5B
:1094D000A16023F0020304F11800637300F012FB93
:1094E0002046FEF7E3FF0E4800F04AF950B189F339
:1094F0001188BFF36F8F2846BDE8F8832546F2E751
:109500000025F0E74FF49A710648DAF781FB8821CD
:109510000448DAF77DFB8F210348DAF779FB00BFB7
:1095200074960120A8E50600386A070010B582B0DD
:10953000DDE90434CDE90034069CFFF7F5F91CB1F0
:10954000024B9B681B69236002B010BD409601204E
:109550002DE9F84306460F469046EFF31189202384
:1095600083F31288BFF36F8F154800F0FBF8E8B162
:10957000134800F01DF93468A6420BD054B141469F
:109580002046B847054630B973689C4202D024682B
:10959000002CF4D100250A4800F0F2F850B189F30C
:1095A0001188BFF36F8F2846BDE8F88388210548EE
:1095B000DAF72EFB4FF49A710248DAF729FB00BF65
:1095C00074960120A8E5060008B5A8B10C4B984296
:1095D00012D303F1180290420ED20A4AC01A02FBBB
:1095E00000F1094BB3EBF10F06D30121C01002FBD0
:1095F00000F0064B195408BD3F210548DAF708FB77
:1096000010840120ABAAAAAAAAAAAA0A7C960120C1
:10961000486C07002DE9F0411E4B1F4D1F7C07EBE6
:10962000470305EBC305437B13F01F040FD11B4B0E
:10963000984205D01A4B1E688EB1C3897F2B15D96D
:10964000284600F05FFA174BDC55BDE8F08128464C
:1096500000F058FA0022134BDA55BDE8F081284695
:1096600000F050FA0F4BDE55BDE8F0810E4B90F93B
:109670000E201B6828469A42E3DB00F043FA094BB0
:10968000721EDC552846BDE8F0410849D31700F0AA
:109690005BB900BF4096012010840120B0810120F9
:1096A000D06B01207C96012080960120C995060090
:1096B00038B5EFF31185202383F31288BFF36F8F42
:1096C000204800F04FF8002837D01E4800F070F80E
:1096D0001D4A1E4B94681868A04226D00021127CB7
:1096E0001B481960825C8AB1637BDB060ED1194B83
:1096F0009C420BD0184B1B6843B1E3897F2B05D8E4
:10970000164B94F90E201B689A4208DA0D4800F0B7
:1097100037F868B185F31188BFF36F8F38BDFEF756
:1097200023FF2046FFF776FFF0E7FFF773FFEDE733
:109730004FF49A710A48DAF76BFA88210848DAF789
:1097400067FA00BF749601204096012078960120A8
:109750007C960120B0810120D06B012080960120F1
:10976000A8E50600006838B1044B00F003001B7C3C
:10977000C01A18BF01207047012070474096012091
:10978000002301680360EFF30583084A43B9936837
:10979000127C43EA0200401AB0FA80F04009704798
:1097A0009368587BC007F3D501207047409601208D
:1097B000024B1A7C9B68134303607047409601205C
:1097C0002DE9F843002851D005460E469046EFF3A8
:1097D00011874FF0200989F31288BFF36F8F254856
:1097E000FFF7C0FF002838D02248FFF7E1FF224BE7
:1097F0001C6A4CB1B8F1000F10D120463146A84781
:10980000D4F88440002CF8D11A48FFF7B9FF40B3D0
:1098100087F31188BFF36F8FBDE8F883DFF85480BA
:109820004046FFF7ADFFE0B187F31188BFF36F8FBC
:1098300031462046A847EFF3118789F31288BFF31A
:109840006F8F4046FFF78EFF38B14046FFF7B0FFFD
:10985000D4F88440002CE3D1D6E788210748DAF712
:10986000D7F94FF49A710548DAF7D2F92E21044856
:10987000DAF7CEF98496012040960120A8E506008B
:10988000706C070038B50446EFF31185202383F38D
:109890001288BFF36F8F1748FFF764FF00B31548B6
:1098A000FFF786FF144A136AA34210D033B1D3F8EE
:1098B0008420A2420FD01346002BF8D10D48FFF7A9
:1098C0005FFF88B185F31188BFF36F8F38BDD3F880
:1098D00084301362F2E7D4F88420C3F88420EDE7E3
:1098E00088210648DAF794F94FF49A710348DAF7B9
:1098F0008FF900BF8496012040960120A8E506005C
:109900000022FFF75DBF00BF0122FFF759BF00BF74
:1099100010B40C4B5A68036882420AD04BB1D3E9A9
:1099200004210469121944691A6141EB0401596167
:109930000368002241680B60596010BC02604260FD
:10994000704700BFD46B0120B3F1FF3F08BFB2F1F5
:10995000FF3F2DE9F84F00F0A380D0F800B081461A
:10996000BBF1000F40F0B9801C4615461E468160D1
:10997000EFF31187202383F31288BFF36F8F5B48C7
:10998000FFF7F0FE8246002800F0A3805748FFF75B
:109990000FFF002C45DB564B1B68002B00F0868028
:1099A0005E46D846534B01351A6844F1000415EB66
:1099B0000B0546EB04065B68C9E90456AD1846EB97
:1099C00003064D4AD2E9001E914212D089B1D9E96D
:1099D0000430D1E9044CA34270EB0C0B39DB1B1BA8
:1099E00060EB0C008E45C9E9043002D009680029FB
:1099F000EFD1C9E9002ECEF80090C2F804901368A8
:109A0000934201D0994531D03848FFF7B9FE00287C
:109A100067D087F31188BFF36F8F28463146BDE8C2
:109A2000F88F6FF00103334A4FF0000AD2E90012B9
:109A30005B1A4FF0FF3161EB02025B1B62EB040229
:109A4000012B72F10001BCBF5A460123C9E904325F
:109A5000B7E7E41A4B686CEB0000C1E90440C9E9C0
:109A60000013C3F80090C1F80490C8E720490968C2
:109A70000029C9D1BAF1000F21D0D3E90423B2EBF8
:109A8000080263EBE873B2F1004F73F1000113DADF
:109A9000002BACBF104600200021FAF75DFBB3E7B6
:109AA00000252E4628463146BDE8F88FFAF7C6FB5A
:109AB00080468346C61775E76FF00040ECE7FAF77B
:109AC000BDFB0D4A13689342F6D0002BF4D08046BC
:109AD000D3E788210948DAF79BF870210848DAF7BC
:109AE00097F84FF49A710548DAF792F88C960120AE
:109AF0008896012028840120D46B0120A8E5060067
:109B00009C6C0700F8B50446EFF31186202383F31D
:109B10001288BFF36F8F2B48FFF724FE00284DD02B
:109B20002848FFF745FE236893B3274D20462F684A
:109B3000AF4236D0FFF7ECFE00224FF00043BC42AC
:109B4000C4E904230AD000241E48FFF719FE80B39D
:109B500086F31188BFF36F8F2046F8BD1B4B1B683F
:109B6000CBB100202A68AA4218D0BAB1D2E9043297
:109B70001B1A62EBE072B3F1004F72F100010DDAD3
:109B8000002AACBF184600200021FAF7E5FADAE710
:109B90006FF01504D8E7FAF751FBE3E76FF00040E8
:109BA000F2E7FFF7B5FE00224FF00043C4E90423BB
:109BB000C9E74FF49A710648DAF72AF88821044871
:109BC000DAF726F88C960120D46B012088960120C4
:109BD000A8E506002DE9F0418046EFF31187202328
:109BE00083F31288BFF36F8F2348FFF7BBFD002874
:109BF00039D02148FFF7DCFDD8F800402CB31F4ACC
:109C00001368934223D05BB3D3E9044698450DD043
:109C1000556809E01B684BB1D3E90421A21846EB53
:109C200001069845144601D0AB42F3D1144B1B6892
:109C300083B11148FFF7A4FDC8B187F31188BFF3C2
:109C40006F8F20463146BDE8F0812646F1E70024BB
:109C50002646EBE7FAF7F2FA241A66EBE076E8E735
:109C60001C461E46E2E788210648D9F7D1FF4FF48B
:109C70009A710448D9F7CCFF8C960120D46B01204F
:109C800088960120A8E506002DE9F04F83B00190E9
:109C9000EFF311854FF0200B8BF31288BFF36F8F1A
:109CA0006148FFF75FFD019A002800F0A3805F4F35
:109CB0005D480192FFF77CFDD7F80080DFF870A1C6
:109CC000019AB845CAF8002000F09180B8F1000F61
:109CD00000F09980DFF85C91534ECDF804B003E0BA
:109CE000B8F1000F00F09C80D8E90443D017A242DD
:109CF00070EB030E54DBD9E900204FF0000C4FF05D
:109D0000000B121940EBE473C8E904BC4046C9E9F2
:109D10000023FFF7FDFD3046FFF732FD00286DD030
:109D200085F31188BFF36F8F4046D8F80830984705
:109D3000EFF31185019B83F31288BFF36F8F3046D9
:109D4000FFF710FD002855D03046FFF731FDDAF857
:109D50000020D7F80080121BB845CAF80020BFD1F8
:109D600000246FF00040D9F80030CAF800409B187A
:109D7000C9F80030D9F8043043EBE273C9F8043075
:109D80000021FAF7E9F92848FFF7FAFCB0B385F3A8
:109D90001188BFF36F8F03B0BDE8F04FFFF788BCA9
:109DA000A41AC8F8104063EB00043B68C8F81440DC
:109DB0000024CAF80040D9F80040A418D9F80420BB
:109DC000C9F8004042EB0002BB42C9F804200BD0A6
:109DD00053B1D3E90403B0F1004F73F1000203DA89
:109DE000002BB8BF0020CBE76FF00040C8E7DFF8DA
:109DF0004490B5E788211048D9F70AFF4FF49A71CB
:109E00000D48D9F705FF0B49CAF80080D1E90030A9
:109E10009B1840EBE272C1E900326FF00040AFE7FF
:109E20004346D017C4E700BF8C960120D46B0120B5
:109E30008896012028840120A8E5060070B5EFF37C
:109E40001186202383F31288BFF36F8F1448FFF726
:109E500089FCE0B11248FFF7ABFC124B1B6893B1D1
:109E600000200146104B1A685D6884180C4841EBCD
:109E70000505FFF785FC70B186F31188BFF36F8F7E
:109E80002046294670BDFAF7D9F9C117EAE78821BB
:109E90000648D9F7BDFE4FF49A710448D9F7B8FEC9
:109EA0008C9601208896012028840120A8E50600D0
:109EB00008B5FFF7C3FF08BDFFF7C0BFB3F1FF3F11
:109EC00008BFB2F1FF3F70B5054616D016461A43DB
:109ED0001C4605D100263146C5E90061284670BD03
:109EE000002B11DA6FF001039E1B4FF0FF3363EB81
:109EF0000401C5E90061284670BD4FF0FF363146C8
:109F0000C5E90061284670BDFFF798FF861941EB4F
:109F10000401C5E90061284670BD00BFB3F1FF3FF1
:109F200008BFB2F1FF3FF8B5064617D01C4654EA09
:109F30000203154605D100200446C6E90004304658
:109F4000F8BDFFF77BFFA84271EB0403F3D2281A98
:109F500064EB0104C6E900043046F8BD4FF0FF3061
:109F60000446C6E900043046F8BD00BF2DE9F041C3
:109F70000446EFF31185202383F31288BFF36F8F1C
:109F80005048FFF7EFFB002800F093804D48FFF7A3
:109F90000FFC27685FB14B48FFF7F2FB002800F089
:109FA0008C8085F31188BFF36F8FBDE8F081D4E911
:109FB0000A61701C41F10002022872F100021CD3F8
:109FC000013E41F1FF38B8F1000FBCBF00264FF051
:109FD0000008FFF771FF013041F10001801948EBE3
:109FE0000101012871F1000140DA6FF001024FF028
:109FF000FF3320463449FFF7A7FC236B226A013365
:10A000002363D2B12F48FFF7BBFB002855D085F35F
:10A010001188BFF36F8F2046236A9847EFF31185AD
:10A02000202383F31288BFF36F8F2648FFF79AFB34
:10A0300000283ED02348FFF7BBFB54F8186FA64218
:10A04000A9D0002EA7D03046FEF7EAFB00231D481A
:10A05000C6F8C030FFF794FB78B385F31188BFF3DF
:10A060006F8F3046BDE8F041FEF7B8BAFFF724FF26
:10A070006FF002026FF00043013041F100018019DE
:10A0800048EB010182428B4103DA3A464FF000432C
:10A09000AFE7FFF711FF6FF00102431C41F1000031
:10A0A000991948EB0003521A4FF0FF3161EB03039B
:10A0B0009FE788210548D9F7ABFD4FF49A71034813
:10A0C000D9F7A6FD909601206D9F0600A8E5060031
:10A0D00030B4002300240025C0E9081200F1180262
:10A0E000C0E9004530BCC0E9062203634363704702
:10A0F0002DE9F84314461D46064690461F46EFF3E9
:10A100001189202383F31288BFF36F8F1D48FFF757
:10A1100029FB68B31B48FFF74BFBB5F1FF3F08BFB6
:10A12000B4F1FF3F1AD0002D09DB012C75F10003BB
:10A13000BCBF0124002514F1FF3845F1FF3700248E
:10A140003046FFF7DFFCDDE908014246C6E90A01B7
:10A150003B4630460C493463FFF7F6FB0948FFF7EE
:10A160000FFB48B189F31188BFF36F8FBDE8F88307
:10A1700088210648D9F74CFD4FF49A710348D9F766
:10A1800047FD00BF909601206D9F0600A8E50600E0
:10A1900010B50446FFF7B6FCA8B9636A0BB12046B8
:10A1A000984704F11800FEF735FC60B1FEF716FA87
:10A1B000EFF31180202383F31288BFF36F8FBDE884
:10A1C0001040FEF7A7BD10BD002968D02DE9F84367
:10A1D0000E4615464FF000084FF0200901EB8103B1
:10A1E00000EB8300354FA0F11404637BC4F80880B2
:10A1F00003F03F03102B4ED8DFE803F015463F4D28
:10A20000384D4D4D314D4D4D4D4D4D4D090023694E
:10A21000002B4ED0236833B1626813605A60C4F8D3
:10A220000080C4F804803846FFF7AAFA00283BD023
:10A2300085F31188BFF36F8FEFF3118589F31288CF
:10A24000BFF36F8F3846FFF78DFA48B33846FFF7F4
:10A25000AFFA013EA4F11404C7D1BDE8F883236925
:10A26000002BD7D1C0211648D9F7D2FC2369002B87
:10A27000D0D1B8211248D9F7CBFC2369002BC9D122
:10A28000B4210F48D9F7C4FC2369002BC2D1BC21EB
:10A290000B48D9F7BDFCCB210948D9F7B9FC704769
:10A2A00088210848D9F7B4FC4FF49A710548D9F7CA
:10A2B000AFFCC4210248D9F7ABFC00BF9496012043
:10A2C000C06C0700A8E506002DE9F0418668044649
:10A2D0000D4636B17378012B22D0022B0CD000230F
:10A2E00033700020E368A060C3F38632154365F342
:10A2F0009433E360BDE8F0813378002BEFD056F85B
:10A30000047C002FEBD006F11400FFF7FBFB0023C9
:10A31000A6F1140841463846F362FDF73BFCDEE740
:10A3200016F8533C9A07DAD5A6F160073846FEF7CF
:10A33000B5FB082D0CBF6FF00302002216F8533C4A
:10A340003266DB06CBD13846FEF748F9C7E700BFD7
:10A350002DE9F04FB1F1000883B0009340F3D481B0
:10A3600000254FF02009AA4683461446A84E0195C1
:10A37000EFF3118789F31288BFF36F8F3046FFF731
:10A38000F1F9002800F0C8813046FFF711FA9BF878
:10A390000D2002F03F02102A00F2AE81DFE812F039
:10A3A000160051001100AC014A00AC01AC01AC0137
:10A3B0004300AC01AC01AC01AC01AC01AC01AC019F
:10A3C0002E00DBF810209268002A41D1009B13B9BF
:10A3D0002278002A3ED13046FFF7D2F9002800F05B
:10A3E000968187F31188BFF36F8F0135A8450BF174
:10A3F000140BBDD1019803B0BDE8F08FDBF810203D
:10A40000D18952899142E1D02021DBF80C20CBF890
:10A4100008A0C2F38630014361F39432CBF80C20DC
:10A4200084F800A0D7E7DBF81020526A002ACDD0CC
:10A430001021EAE7DBF810201268002AC6D00421B8
:10A44000E3E7DBF810209268002ABFD00121DCE7A7
:10A450000221DAE79BF80D2002F03F02102A00F2F9
:10A460004F81DFE812F018004D001E004D01D700AB
:10A470004D014D014D01A9004D014D014D014D0111
:10A480004D014D014D0179004A68CBE90012C2F837
:10A4900000B0C1F804B0019BCBF808400133019330
:10A4A00099E7DBF81030002B00F03E81196903F1C9
:10A4B000100E8E45D3F814C000F0E680BCF1000FFA
:10A4C00000F0E280DCF80820002A00F03D8112F95B
:10A4D000522C14F9520C824240F0D380002900F033
:10A4E000D3808A68002A00F02F8112F9522C904202
:10A4F00001D08242C8DC614500F0C6800968EDE702
:10A50000DBF81030002B00F01381D3E9001C8B42E4
:10A5100000F0E680BCF1000F00F0E280DCF80820DB
:10A52000002A00F0118112F9522C14F9520C8242C7
:10A5300040F0D380002900F0D3808A68002A00F020
:10A54000038112F9522C904201D082429CDC8C454E
:10A5500000F0C6800968EDE7DBF81030002B00F052
:10A56000DF80196B03F1300E8E45D3F834C000F054
:10A57000A880BCF1000F00F0A480DCF80820002ABD
:10A5800000F0E28012F9522C14F9520C824240F091
:10A590009580002900F095808A68002A00F0D48018
:10A5A00012F9522C904202D082423FF76DAF8C4597
:10A5B00000F087800968ECE7DBF81030002B00F032
:10A5C000BB80996A03F1280E8E45D3F82CC069D060
:10A5D000BCF1000F66D0DCF80820002A00F0B4803F
:10A5E00012F9522C14F9520C824259D1002959D037
:10A5F0008A68002A00F0A88012F9522C904202D0FA
:10A6000082423FF741AF8C454CD00968EEE700BF6E
:10A6100094960120DBF81030002B00F091805969EE
:10A6200003F1140E8E45D3F818C01ED0BCF1000FF4
:10A630001BD0DCF80820002A00F0868012F9522C8A
:10A6400014F9520C82420ED179B18A68002A7BD06B
:10A6500012F9522C904202D082423FF715AF614569
:10A6600003D00968F0E79042EEDDCBE900ECCCF8CE
:10A6700000B0C3F818B0019BCBF808400133019338
:10A68000A9E690427FF72AAFCBE900ECCCF800B006
:10A69000C3F814B0019BCBF80840013301939AE64C
:10A6A0009042A3DDCBE900ECCCF800B0C3F82CB0AD
:10A6B000019BCBF80840013301938CE690427FF771
:10A6C00068AFCBE900ECCCF800B0C3F834B0019B24
:10A6D000CBF80840013301937DE690427FF72AAF23
:10A6E000CBE9003CCCF800B0C3F804B0019BCBF838
:10A6F0000840013301936EE663211448D9F788FAC4
:10A70000A4211248D9F784FA0023019372E64FF48A
:10A710009A710F48D9F77CFA88210D48D9F778FA51
:10A720009D210A48D9F774FA8D210848D9F770FAA3
:10A7300095210648D9F76CFA99210448D9F768FAA7
:10A7400091210248D9F764FA937BFFDEC06C0700C1
:10A75000A8E5060008B56AB93F2913D873B190F887
:10A760000CC0090201F47C5141EA0C01C0E902214C
:10A77000036108BD2E210548D9F74AFA3121034863
:10A78000D9F746FA30210148D9F742FAC06C0700E0
:10A790004FF0010C2DE9F04F16464C4A85B09468F5
:10A7A00084F860C084F861C0EFF30589B9F1000F47
:10A7B00040F081800746002878D000291D4670DBD4
:10A7C00056EA05030CBF0123002304F16002FFF7E2
:10A7D000BFFD8046EFF3118B4FF0200A8AF31288F9
:10A7E000BFF36F8F3A48FEF7BDFF002855D03848B9
:10A7F000FEF7DEFF94F86030002B3AD056EA0503EE
:10A8000084F8609027D05946324A00960195304826
:10A81000FEF78AF80446EFF311858AF31288BFF336
:10A820006F8F2B48FEF79EFF002836D02848FEF792
:10A83000BFFF38462A464146FFF7C6FC2448FEF7CC
:10A840009FFF00283CD085F31188BFF36F8F20460F
:10A8500005B0BDE8F08F1E48FEF792FF80B38BF382
:10A860001188BFF36F8F6FF00A04204605B0BDE872
:10A87000F08F5A46414638460393FFF7A5FC14482B
:10A88000FEF77EFF039BD8B18BF31188BFF36F8F68
:10A890001C46204605B0BDE8F08F88210E48D9F748
:10A8A000B7F940F227110D48D9F7B2F94FF4937177
:10A8B0000A48D9F7ADF940F225110848D9F7A8F9A7
:10A8C0004FF49A710448D9F7A3F900BF40960120CC
:10A8D00094960120DC6B0120A8E50600C06C0700FF
:10A8E000F8B505460E46EFF31187202383F312884F
:10A8F000BFF36F8F1548FEF735FF18B31348FEF707
:10A9000057FF2C68A54216D0D4E9003213605A6074
:10A9100000233146204623606360FFF7D5FC0B48D7
:10A92000FEF72EFF48B187F31188BFF36F8F201E0B
:10A9300018BF0120F8BD0024F1E74FF49A710448D4
:10A94000D9F766F988210248D9F762F9949601206F
:10A95000A8E5060070B504460D46EFF311862023E6
:10A9600083F31288BFF36F8F1848FEF7FBFE18B30E
:10A970001648FEF71DFF01212068C4E90215844234
:10A980000FD0D0E9003213605A60002303604360A7
:10A99000FFF79AFC044631460C48FEF74BF9204677
:10A9A00070BD0A48FEF7ECFE50B186F31188BFF384
:10A9B0006F8F0024204670BD88210548D9F728F9FB
:10A9C0004FF49A710248D9F723F900BF94960120F9
:10A9D000A8E506002DE9F043002585B006460C46A3
:10A9E0009146019500F10C07EFF31188202383F3C2
:10A9F0001288BFF36F8F3846FEF7B4FE40B3384677
:10AA0000FEF7D6FEB36830465C4004EA09045C40B9
:10AA1000114901AA0294039503EA0909FEF798FD7A
:10AA2000019C44B12046C4F8C050646E0021FDF77B
:10AA30002DFF002CF6D1039A029B384623EA02032D
:10AA40004146B360FEF7F6F8484605B0BDE8F0832E
:10AA500088210248D9F7DCF851AB0600A8E50600CA
:10AA60002DE9F04F85B00646DDE90E870C46154608
:10AA7000EFF3058313B158EA070356D124B9002335
:10AA8000184605B0BDE8F08FFEF7C8FB06F10C09CB
:10AA90008246EFF3118B202383F31288BFF36F8F6D
:10AAA0004846FEF75FFE002844D04846FEF780FE89
:10AAB000AB070ED50023B36058EA070323D14846FD
:10AAC000FEF75EFE002839D08BF31188BFF36F8F3D
:10AAD000D5E7B268E80702EA040323D4002BEBD0E1
:10AAE000690748BF9A43484648BFB2600393FEF7E0
:10AAF00047FE039B10B38BF31188BFF36F8F18468B
:10AB000005B0BDE8F08FCAE91A45324659464846B5
:10AB1000CDF800800197FDF707FF0028AFD1DAF8E4
:10AB20006830ADE79C42DBD0C6E74FF4857106483C
:10AB3000D9F76EF888210548D9F76AF84FF49A7169
:10AB40000248D9F765F800BFE46C0700A8E50600E5
:10AB500010B50346846EC06E4A6810F0010F02EA19
:10AB6000040212D17AB140079A6602D58868104370
:10AB7000886001220C6803F118005C660B6083F8A2
:10AB80007020FEF7BFFF002010BD9442EAD00020E5
:10AB900010BD00BF08B5EFF3058323B9C0E9023348
:10ABA0000060406008BD38210148D9F731F800BF86
:10ABB000E46C07000A46FFF70DBF00BF0A460021FC
:10ABC000FFF708BF5200FFF74BBF00BF2DE9F84F5A
:10ABD0004F1E0F4233D1141D2AD20D4606469A4607
:10ABE00041F0040B00F11408EFF31189202383F3E3
:10ABF0001288BFF36F8F4046FEF7B4FD40B3404666
:10AC0000FEF7D6FD224659463046D0470446404618
:10AC1000FEF7B6FDB8B189F31188BFF36F8F3CB171
:10AC2000204640F8046B0DB1384204D1BDE8F88FDE
:10AC30000020BDE8F88F34210748D8F7E9FF172135
:10AC40000548D8F7E5FF4FF49A710448D8F7E0FFBC
:10AC500088210248D8F7DCFF086D0700A8E5060048
:10AC6000014620B150F8040C0439FBF7E9BD7047E8
:10AC700002460021014B0248FFF7A8BFB12D040096
:10AC8000F46C012070B5A0FB01546CB92A46214632
:10AC9000074B0848FFF79AFF064628B12A46214687
:10ACA00001F09BFB304670BD0026304670BD00BFF2
:10ACB000B12D0400F46C0120014BC0F8B430704792
:10ACC000F46C012010B50446FDF716FA60B9084B84
:10ACD0009B68D3F8B4304BB12246BDE8104018460B
:10ACE0000021044BFFF772BF034BF5E710BD00BF17
:10ACF00040960120B12D0400F46C0120704700BF84
:10AD000010B5074C82B04FF0FF334FF48052054826
:10AD100005490094FCF7AEFF002002B010BD00BF53
:10AD2000386D070030840120F0700320F8B54D4ADB
:10AD30000C4600234C4DD0E90001D5F705FA002A56
:10AD40004FF4616100F52F20B7BF02F5A83200F67D
:10AD50006C2000F66B2002F5C072B2FBF1F301FB30
:10AD600013223C21A360B2FBF1F301FB13226360C9
:10AD7000C31C2260072293FBF2F2C2EBC2029B1AB1
:10AD800052D50733A361A0F50E33A3F52C7393FBC3
:10AD9000F5F5364B48F6AC6140F2B45740F26D160B
:10ADA00003FB05004FF0050CB0FBF1F1B0FBF7F32E
:10ADB0000144C91A2E4BB0FBF3F3C91A48F6946349
:10ADC000B1FBF3F3B1FBF6F2B1FBF7F103445B1A0D
:10ADD000992106FB123303EB83005E1C0230B0FBAB
:10ADE000F1F779430231B1FBFCF1761A40F2F951E7
:10ADF00088424FF4C8708CBF6FF00901022100FB3C
:10AE000005253944012998BF0135B3F5997F11D340
:10AE1000A3F59973A5F26C75E36100232046E66003
:10AE20002362C4E90415F8BD0028A361ABDB90FBE5
:10AE3000F5F5AEE7970710D14FF0640C92FBFCF7E5
:10AE40000CFB17275FB992FBF0F700FB1722B2FA51
:10AE500082F252093B331344DCE70022FAE7012275
:10AE6000F8E700BF80510100B13A02004FC5FDFF75
:10AE7000B03A02000CB430B589B005460C461C222D
:10AE8000002101A801F0A9FA022305958DF80630EA
:10AE90000D4B029323462CB1B4F1004F28BF4FF065
:10AEA0000043013B1D440DAA0C9901A80695009290
:10AEB00000F008FA14B1059B00221A7009B0BDE831
:10AEC000304002B0704700BF6BC80600242A2DE94D
:10AED000F041044601D8012A4CD1364B162201F02C
:10AEE000CDFC1A5001B10C6000273846BDE8F08156
:10AEF00035462E4616F8010B2028F9D0A0F1090797
:10AF00000346042FF4D92B2836D02D2837D14FF003
:10AF1000010CAE1C6B78302B38D1307840F020001B
:10AF200078282FD132F010002CD1737834461022BB
:10AF300002360CF1004000270138B0FBF2FE02FBA4
:10AF40001E08392B82BF03F1FF3343F02003263B59
:10AF5000303B9A421ED9774502DC03D1984501D295
:10AF60004CF0020C354607FB0237344615F8013B1E
:10AF70002E46E6E70546BCE74FF0000CC9E74FF068
:10AF8000000CC8E7002A08BF0822D2E7002A08BF41
:10AF90000A22CEE701B10C601CF0010F18BF7F42FE
:10AFA0001CF0020FA1D0034B2222074601F066FCE1
:10AFB0001A509AE70C000000242AF0B5044601D884
:10AFC000012A40D12E4B162201F058FC1A5001B133
:10AFD0000C600020F0BD2F463D4615F8010B2028DF
:10AFE000F9D0A0F109060346042EF4D92B282CD061
:10AFF0002D282CD10126BD1C7B78302B2DD1287813
:10B0000040F02000782824D132F0100021D16B7854
:10B010002C46102202350020392B82BF03F1FF336A
:10B0200043F02003263B303B9A421AD9A0FB02048E
:10B030000CB9C01801D346F002062F462C4617F86B
:10B04000013B3D46E8E70746C6E70026D3E7002672
:10B05000D3E7002A08BF0822DDE7002A08BF0A223A
:10B06000D9E701B10C60F20748BF4042B307B1D540
:10B07000034B222201F002FC1A504FF0FF30A9E7E7
:10B080000C000000242AF0B505460E4601D8012A1E
:10B090000AD13E4B162201F0F1FB1A5006B1356081
:10B0A00000200146F0BD2046044614F8011B20296B
:10B0B000F9D0A1F109070B46042FF4D92B2939D077
:10B0C0002D293AD14FF0010C841C4378302B3BD111
:10B0D000217841F02001782932D132F010012FD1AE
:10B0E000637825461022023400200146392B82BFA6
:10B0F00003F1FF3343F02003263B303B9A4232D921
:10B10000002729BBA0FB02E517F00107704629467E
:10B1100008D11EEB030E55F10005704628BF01272C
:10B1200029460FB14CF0020C2746254617F8013B83
:10B130003C46DBE74FF0000CC6E74FF0000CC5E7DC
:10B14000002A08BF0822CFE7002A08BF0A22CBE75F
:10B15000A2FB0151A0FB02E02D1841F100010029E2
:10B1600018BF0127D0E706B135601CF0010F02D0EF
:10B17000404261EB41011CF0020F93D0034B2222AD
:10B1800001F07CFB1A504FF0FF308AE70C00000002
:10B190002DE9F04101260746B24201DCBDE8F0810D
:10B1A0003B461F4613F8014B002CF7D0252CF8D155
:10B1B0001C780237252CF3D00023DFF804819C464D
:10B1C0001D461F2D18D8A4F1200EBEF1100F09D96D
:10B1D000A4F1300EBEF1090F1ED80A24202504FB6D
:10B1E00003E304E028FA0EFE1EF0010F06D017F864
:10B1F000014B002CE5D128E07F2D1CD8A4F1300EA6
:10B20000BEF1090FE9D9242C10D1BCF1000F46D0B2
:10B21000B34246D00023EAE724F0040EBEF12A0F21
:10B22000F8D06C2C09D145F08005E0E724F0040E3D
:10B23000BEF12A0FEED06C2C22D06C2C1BD8682CBF
:10B2400023D06A2C28D04C2C26D0BCF1000FA5D0DE
:10B25000B445A1D144F020070B68A7F1650CBCF1FF
:10B26000020F01D9612F1ED1073323F007030833E2
:10B2700001360B608FE7742CB9D07A2CB7D0E4E795
:10B280002C0648BF45F40075CDE7EC0548BF45F4F2
:10B29000007545F48075AAE745F42075A7E79C463C
:10B2A000B8E76324D6E7692C02D007D8632C03D013
:10B2B0002F0601D5AC05D7D40433D9E7732CF6E7B4
:10B2C000892801002DE9F04F436895B0804603932B
:10B2D00083789807CDE9081216D50B4600250D9204
:10B2E0001F789FB1252F15D001330793414638466B
:10B2F000039B01359847002880F22C8498F802308F
:10B3000043F0040388F802304FF0FF35284615B0AB
:10B31000BDE8F08F5F789A1C252F0792E6D00024B5
:10B320002646A246A346BBF11F0F32D8A7F1200341
:10B33000102B0AD8DFE803F02409092A0909091BA0
:10B3400009090922092709091900A7F13003092B66
:10B350002DD92A2F39D154B90D9B1BF0400F53F82A
:10B36000042B0D9329D0164601E04BF0010B079BEF
:10B3700013F8017B0793002FD5D15BE04BF0020B54
:10B380004BF0040BF3E74BF0080BF0E74BF0100B1E
:10B39000EDE7BBF17F0F3FD8A7F13003092BD8D8D9
:10B3A0001BF0400F03D00A2202FB0636DFE70A2219
:10B3B00002FB0A3A4BF0200BD9E7B2F1000AF9DAA6
:10B3C000CAF1000A4BF0280BD1E72E2F05D11BF054
:10B3D000400F9BD14BF0400BC9E7242F1CD1002C10
:10B3E00000F03F81099B1BF0400F0D930AD152469C
:10B3F0000DA90898FFF7CCFE0D9B1A1DD3F800A0ED
:10B400000D92B4E732460DA90898FFF7C1FE0D9BD7
:10B410001A1D1E680D92AAE76C2F00F00F8100F232
:10B420000681682F00F012816A2F00F017814C2FDF
:10B4300000F0148134B1099B22460DA908980D93A0
:10B44000FFF7A6FE002E47F02009B8BF2BF0400BF7
:10B45000A9F16503BCBF00261FFA8BFB022B40F24B
:10B460000581B9F1610F40F05B82FF431BF0400F93
:10B470004BF4C05407F0200308BF4FF0FF3606938B
:10B480000D9B073323F0070303F10802D3E9000102
:10B49000069B0D920EAA0093334601F050F901303D
:10B4A000C3B2B342049301DB049B5E1E01230E9FD3
:10B4B000A3464FF07009059307F10903122B0DD92C
:10B4C00007F16303C62B40F20C8107F2E73340F229
:10B4D000CE72934294BF0323042305939DF83C202E
:10B4E00002F00C0312F0010240F016811BF0020F73
:10B4F00040F00F811BF0040400F0F580002B40F0B9
:10B500000E8120231BF4405F20D1049A002E02F10B
:10B51000500208BF01266A44133A049921B112F877
:10B52000011D302900F030811BF0100F049A18BF64
:10B530003246391DC0F22D81B74280F22A81BA42CB
:10B540004BF4005B40F327817E1C961B1BF40052DA
:10B550000A9200F0228127EAE774013403B1013432
:10B56000002E00F02281721C1444A245CCBFAAEB2D
:10B57000040400241BF0090F04D12C44A54240F020
:10B58000198100243BB118464146039B0135984779
:10B590000028FFF6B3AE1BF4006F12D041463020F6
:10B5A000039B98470028FFF6A9AE069B414602354B
:10B5B000C3F17800039B00F0F80098470028FFF6DD
:10B5C0009DAE1BF0080F05D12C44AC4240F0FE802C
:10B5D000254600240A9B002B00F0178127EAE77A12
:10B5E0007642A7EB0A07049B0AF1FF3A05F101092D
:10B5F0004146BB4289BF0EAB3020FB1858795645F7
:10B60000039B00F3EC809847002807F10107FFF641
:10B6100075AEBAF1FF3F08D141462E20039B9847F3
:10B620000028FFF66BAE05F102094D46DBE7742FEB
:10B630003FF49DAE7A2F3FF49AAEFBE61BF0800FED
:10B6400018BF4BF4007B4BF0800B90E61BF4807F1F
:10B6500018BF4BF4007B4BF4807B88E64BF4207BD7
:10B6600085E626465446B346B24680E6FF431BF0C5
:10B67000400F07F0200308BF0626B9F1650F0693B7
:10B680000D9B03F1070323F0070303F10802D3E93D
:10B6900000010D9213D1731C00224BF4805BDBB2CE
:10B6A0001446112BCDE9002428BF11230EAA00F067
:10B6B000F1FA0E9FC3B2049302230593FCE6B9F19D
:10B6C000660F05D14BF4005B344601221123E8E7F5
:10B6D000F3B200224FF06509012B144638BF012355
:10B6E000DFE70223F9E6002B3FF40CAFBAF1030FBA
:10B6F00039DC9DF83C30A14E13F0080FA04B08BF79
:10B700001E463746B94617F8010BA0BBAE1BB14425
:10B7100078E023BB2B23F5E61BBB2D23F2E620228A
:10B72000BAF1040F12DD1BF0080FAAF104040ED1C8
:10B730002C4441462020039B013504929847002861
:10B74000FFF6DCADA542049AF3D192B10024414644
:10B750001046039B013598470028CADACEE52B2214
:10B76000DEE72D22DCE71BF0080FAAF10304C0D1AD
:10B77000DEE71446BDE7069B4146C01A039BC0B2F4
:10B7800098470028BEDAB9E504990139C9B2049195
:10B79000C3E6561EDAE60026D8E61BF4006F059ACB
:10B7A0000CBF032405241444D8E61BF0100F18BF67
:10B7B0000134DAE60B934146039B2020984700288A
:10B7C00005F101050B9BBFF6D9AE97E54146302048
:10B7D000039B013598470028BFF6F7AE8EE59847E2
:10B7E0000028FFF68BAD1BF0100F0BD0BAF1FF3F16
:10B7F00008D105F1020941462E20039B98470028F5
:10B80000FFF67CAD4D464C442BE241469DF83D0091
:10B81000039B98470028FFF671AD002E65DD414679
:10B820002E20039B98470028FFF668AD4FF0010AD1
:10B83000049B4146D3469A45B7BF0EAB30205344D4
:10B840005879039B98470028FFF658AD0AF1010A82
:10B850005645EDDA02355D44069B4146A9EB0300EF
:10B86000039BC0B298470028FFF648AD002F414621
:10B87000039BB6BF2D202B207F4298470028FFF660
:10B880003DAD059B042B3DD14FF47A794146039B96
:10B890000335B7FBF9F606F13000C0B2984700282F
:10B8A000FFF62CAD09FB16774FF064094146039B68
:10B8B0000135B7FBF9F606F13000C0B29847002811
:10B8C000FFF61CAD09FB16774FF00A094146039BB2
:10B8D0000135B7FBF9F606F13000C0B298470028F1
:10B8E000FFF60CAD09FB167713E01BF0100F01D12A
:10B8F0000135B1E741462E20039B023598470028C9
:10B90000AADAFBE4059B0235032BCDD0059B012B66
:10B91000DAD107F1300005F101094146C0B26CE708
:10B92000A7F16303122B00F2FE80DFE813F013008F
:10B930005600FC00FC00FC00FC005600FC00FC0073
:10B94000FC00FC00FC001601F700FC00FC002B00D2
:10B95000FC00B8000D9B01240EAF1A1D1B680D9250
:10B960008DF838301BF0080F2DD03E19B946B1457F
:10B970002BD1EF1BB944AAEB040443E7F16E070097
:10B98000ED6E07000D9B1A1D0D921F68AB4B002F2B
:10B9900008BF1F461BF0400F384614BF31464FF01A
:10B9A000FF3100F079FD0446DCE741462020039B8F
:10B9B00098470028FFF6A2AC013EB442F5D35544A7
:10B9C000B246AD1BD1E75646F7E7414619F8010BE1
:10B9D000039B98470028CADA90E41BF0800F0D9B68
:10B9E00035D01BF4007F2DD0073323F0070303F17C
:10B9F0000802D3E900010D922BF0100900291FFA6B
:10BA000089F936DA404249F4806961EB41010DF170
:10BA1000380B0A235A4600F077FD19F0400FA0EBCF
:10BA20000B0B65D029F001025E4592B240F3B28063
:10BA3000002F00F0A98019F010033446914626D05B
:10BA400002345CE01A1D18680D92C117D4E71A1D64
:10BA50001BF4807F19680D9201D10846F5E71BF4AD
:10BA6000007F19BF48B241F3C01108B241F3C031A1
:10BA7000C2E750EA0103CAD11BF0400FC7D0002E25
:10BA8000C5D12BF0110B34461FFA8BF9B34640F2A7
:10BA9000064319EA03031CBF013400232FE02BF0F7
:10BAA000100B0A231FFA8BFB1BF080040D9A57D052
:10BAB0001BF4007115BF0732101D22F007020D9014
:10BAC0000FBF106802F108010D91D2E9000150EAA0
:10BAD000010252D12BF016091BF0400F1FFA89F911
:10BAE0004FD0002E4DD12BF0170B1FFA8BF9B34618
:10BAF00019F0100352D0002F4ED10BF1010419F0B0
:10BB0000080F5ED119F0010F06D0A2456EDDAAEB39
:10BB1000040404EB0B06544622464DE04BF0100B98
:10BB200010237827C0E7B9F1780F04D1C7F1780363
:10BB300043F01003B8E741462520039B98470028AF
:10BB4000FFF6DCAB41463846039B98470028FFF6DA
:10BB5000D5AB0235079BFFF7C3BB08230027A3E73C
:10BB6000111D10680D911BF48071B0D01BF4007191
:10BB70001ABFC0B2214680B2A9E72BF0060B1FFA0C
:10BB80008BF90DF1380B45E729F0110934461FFAFE
:10BB900089F97CE79146ABE75C4651E75C4676E77E
:10BBA000CDE9042341462020039B98470028FFF657
:10BBB000A5AB049A059B01329245F1DC2C1BA5181C
:10BBC0001446F3B141463020039B98470028FFF606
:10BBD00095AB6FB90135A9462E44A6EB09035B4529
:10BBE00021DC5D460EAE5DBBD944C4E65E4693E7FC
:10BBF000023541463846039B98470028EBDAFFF7A9
:10BC00007DBB40F2064319EA030FE4D019F0020F9E
:10BC100005F10105414614BF2B20202019F4806F47
:10BC200018BF2D20E7E741463020039B09F10109A9
:10BC300098470028D1DAFFF761BB00BFF56E070017
:10BC4000013D4146039B705D98470028CBDAFFF722
:10BC500055BB41462020039B013598470028FFF63D
:10BC60004DAB631B002BF4DC74E700BF1FB502ABC8
:10BC7000074A00934FF0CC3300F027FDDDE90201C5
:10BC8000C00840EA4170C90805B05DF804FB00BF78
:10BC9000CDCCCCCC2DE9F04F9BB0044605920A46A2
:10BCA0000A93C2F30A559DF89030D20F0B93C1F35B
:10BCB00013030992090D7DB950EA03021CD1059ABC
:10BCC000302301265371099B156043F00203137161
:10BCD00030461BB0BDE8F08F40F2FF7295424BD169
:10BCE0000343099B059A4FF0000614BF43F0080375
:10BCF00043F004031371EBE700F001024FEA8308FD
:10BD000087009A460892012248EA9078AA4D164682
:10BD1000C5F1000B0692584600F016FAB5F1FF3F48
:10BD2000ACBF8146A0F10109ABEB090B09EB0503A0
:10BD30005846049300F00EFA16A9A0F17D05584666
:10BD400000F028FA12AB069AA9EB0505019310AB97
:10BD500020460292009316AA2B46514600F0FBFBA8
:10BD6000B9F1010F04460D4600F2D280089B002B6A
:10BD700040F0C58001276BE043F4801A00F0010217
:10BD80000343A5F235454FEA8A0808924FEA800737
:10BD900048EA907849D140F2FE7319420CBF01265F
:10BDA0000026002D3246B3DB284600F0C7F9032DEC
:10BDB000C8BF0138049000F0CDF9049B7C3016A96F
:10BDC0005D1B0544184600F057FA12AB204616AA30
:10BDD000019310AB5146029600932B4600F0BBFB3B
:10BDE000049B04460D46152B00F2868014AB734A63
:10BDF0003846414600934FF0CC3300F066FC149B6C
:10BE0000159A9B0843EA827303EB8303BB42DDE987
:10BE1000109A0CD13846414600F0A4F9049B8342A5
:10BE20008CBF00270127002612E00126B9E7089BF6
:10BE3000002B51D1013F48F1FF31B81B61F10001E6
:10BE400000F090F9049B089F83428CBF00260126D6
:10BE50000B9B002B40F09180DDF828B04FF00008DC
:10BE60004FF00A0ACDE90688DDE91001FFF7FEFE72
:10BE7000129BCDE90C01184613990E93FFF7F6FEBD
:10BE80000C9B81460D9A98420B460F91934180F08E
:10BE90008E8020462946FFF7E9FE0AFB09F30E9A39
:10BEA000B8F1000F14BF002707F001070AFB104884
:10BEB0000D46934214BF002606F001060C9B5FFA64
:10BEC00088F8044610930D9BCDE911390F9B13930D
:10BED000079B01330793C7E7B81C48F1000100F046
:10BEE00041F9049B83428CBF00200120B9EB000084
:10BEF0006AF10002CDE9100200273E46A8E7109B38
:10BF00000127119A013B42F1FF32CDE910328AE755
:10BF1000B9F13E0FF0D84FF0FF33A9F12000C9F17D
:10BF2000200103FA09F203FA00F023FA01F103FAFF
:10BF300009F3024327EA03070A4328EA020857EAFB
:10BF400008070CBF012700276DE700FB02FC013347
:10BF5000A1FB001262448C4275EB020CF5D2049AEC
:10BF6000DDF828B01344259A1344D20F9342B8BF8A
:10BF700013469B45A8BF9B4670E70A210022012378
:10BF80000846E8E70AFB03F00131A2FB0A23034459
:10BF9000944275EB0300F5D2594511DDBBF1000F5A
:10BFA00002D154EA05030BD00123069371E70A225C
:10BFB00000230121ECE700BFCCFBFFFFCDCCCCCCB4
:10BFC000002E2FD04FF00A0A129B139918460D939A
:10BFD000FFF74CFE0D9B0AFB00F281460C919A4242
:10BFE00020D1B8F1000F14BF002707F00107DDE9E9
:10BFF0001001FFF73BFE0E900D9120462946FFF7FA
:10C0000035FE0D9B0AFB10480E9A04460D465FFA5A
:10C0100088F81092CDE911390C9B1393079B0133DB
:10C020000793D1E7DDF81090079B9944002F5DD06E
:10C03000B8F1050F5AD114F001034DD1069A32B967
:10C04000DDE912239D4208BF944262D0069B181975
:10C050004FF00A044FF000024FF0010645F10001D5
:10C060002546A04271EB020756D2F3B1B3451CDA64
:10C070000B9B6BB106EB0903259ADDF828B013443E
:10C08000012BB8BF01239B45A8BF9B465E450CDD35
:10C09000053009F1010906F1FF364FF00A024FF0B1
:10C0A000000341F10001D4F79FF85E450FFA89F9CA
:10C0B000059BA8BF5E4636B2B14406F1050809F1FA
:10C0C000FF3798444FF00009B1452CDB059B1A4619
:10C0D0001F60099B1371FBE5069B2BB9DDE9122359
:10C0E0009D4208BF944209D00123B0E7069B53B993
:10C0F000DDE912239D4208BF944204D1089B002B26
:10C10000F2D1002EF0D0B8F1040F94BF0023012328
:10C110009DE74FF00408F1E705FB02F70136A4FBA9
:10C1200005423A449DE70A220023D4F75DF83032F5
:10C1300009F1010908F8012DC6E700BF014B58437A
:10C14000800C704741340100014B5843000D70478B
:10C15000FB2E0B00024B5843C00C0130704700BF50
:10C160004F93120070B50346094A00204FF0CC36B9
:10C170004FF0333506FB03F402FB0144A3FB02310D
:10C1800021449D4275EB010401D30130F2E770BDFB
:10C19000CDCCCCCC1A232DE9F04FB0FBF3FA334EC3
:10C1A00003FB1A0389B004460D4606EB0A1653B981
:10C1B000D6E90023C1E90023D6E90201C5E902015D
:10C1C00009B0BDE8F08F2A4A02EBC303D3E9008926
:10C1D00004AB404649460093D6E9022300F075FAC5
:10C1E00006AB83460F46404649460093D6E90023F6
:10C1F00000F06BFA00238146DDE9066216EB0B06C0
:10C2000052EB070828BF012333B1049B059A013381
:10C2100042F10002CDE9043220460391FFF79AFF74
:10C2200007461A2000FB0AF0FFF794FF3F1A324638
:10C23000434648460399009700F062FA0D4A4FEAD8
:10C24000141C640004F01E0352F82C40DC4004F07F
:10C2500003042418304641F10001DDE90423C5E957
:10C2600000414146009700F04BFAA7E778D306005B
:10C27000A8D20600446D07002DE9F04F1A2700F1FF
:10C280001905DFF8E0A089B004460E46B5FBF7F5C6
:10C290006F434FEA051B0AEB05153A1A0AD1D5E997
:10C2A0000023C1E90023D5E90201C6E9020109B072
:10C2B000BDE8F08F2C4B03EBC203D3E9008904AB3C
:10C2C000404649460093D5E9022300F0FEF95AF8AA
:10C2D0000B206B68013ACDE9020106A963F1000366
:10C2E00040460091494600F0F0F98A460299002341
:10C2F0008146DDE906526D18039952EB010828BF0B
:10C30000012333B1049B059A013342F10002CDE9C8
:10C3100004323846FFF71EFF07462046FFF71AFF94
:10C320003F1A2A46434648465146009700F0E8F92E
:10C330000E4A4FEA141C640004F01E0352F82C400D
:10C34000DC4004F0030401342418284641F10001C4
:10C35000DDE90423C6E900414146009700F0D0F929
:10C36000A3E700BF48D40600A8D20600986D0700D6
:10C37000C9B20346024410B59342184601D10020C9
:10C3800003E0047801338C42F6D110BD0A44431E09
:10C39000914200D1704710B511F8014B914203F85A
:10C3A000014FF9D110BD884210B501EB020402D94A
:10C3B0008442234607D8431EA14208D011F8012B1E
:10C3C00003F8012FF8E7024401468A4200D110BD6C
:10C3D00013F8014D02F8014DF7E70244034693427A
:10C3E00000D1704703F8011BF9E70139024410B589
:10C3F000904201D1002005E0037811F8014FA342DB
:10C4000001D0181B10BD0130F2E710B5044614F836
:10C41000013BA3F14102192A11F8012BA2F14100BD
:10C4200098BF2033192803D82032981AEFD010BDB6
:10C43000981AFCD1002AEAD1F9E7C9B20346184696
:10C4400013F8012B12B18A42F9D17047002918BFA5
:10C450000020704710B56AB10139841810F8012B1B
:10C4600011F8013F9A4203D1A04201D0002AF5D130
:10C47000D01A10BD1046FCE710B50139044632B1A0
:10C4800011F8013F013A00F8013B002BF7D10021E0
:10C49000FFF7A3FF204610BD0246014410B58A42B3
:10C4A000134603D01C780132002CF8D1181A10BDA5
:10C4B00038B511F0FF0403460ED12146BDE83840DF
:10C4C000FFF7BBBF431C054621461846FFF7B5FFE3
:10C4D0000028F7D1284638BD0025F5E70A7870B561
:10C4E0006AB970BD9A4209D10C46054614F8013F5D
:10C4F000002BF6D015F8016F9E42F7D0013003787B
:10C50000002BEFD11846ECE72DE9F047C3F13709CE
:10C510000746884603F01F055FFA89F916464FF073
:10C52000000A384641462A465346D3F75DFE434645
:10C53000D4B23A4688460746092C84BF4C44E4B23C
:10C54000AA4204F1300473EB0A0306F8014BE8D267
:10C550003046BDE8F0872DE9F04F061887B09946C0
:10C56000154641EB010402AB3046DDF844B02146EC
:10C570000093A9F1410AD2E9002300F0A6F804AB28
:10C5800007468846304621460093D5E9022300F04D
:10C590009CF80022DDE90263841951EB0306049B39
:10C5A00028BF0122D5E90001D218059B43F1000301
:10C5B000381848EB0101B84271EB0801D5E902C116
:10C5C00034BF0120002014EB0C0CCDF800A046EB8A
:10C5D000010110EB0C0041F10001A04271EB060CCF
:10C5E00034BF4FF0010C4FF0000CCDE904231CEBDD
:10C5F000020243F1000300F083F8109BC3E900013D
:10C60000129B012BDDE9042329D1D5E90201D5E9EB
:10C6100000C5201ACDF800A066EB0101674578EB54
:10C62000050534BF01250025401B61F1000184424E
:10C6300076EB010534BF01250025521B63F1000391
:10C6400000F05EF8DDE90423CBE900012046314625
:10C65000CDF800A000F054F807B0BDE8F08F17EB5C
:10C66000070E48EB080C201946EB0601BE457CEB93
:10C67000080834BF01270027C71941F10008D5E990
:10C68000000186457CEB010C34BF01200020D5E978
:10C690000215381A68F1000C401A6CEB050192186B
:10C6A0005B41A74278EB060534BF012500255219EE
:10C6B00043F10003874278EB010834BF01250025D0
:10C6C000521BA9F140050095B8E7F0B50F460446A6
:10C6D000A0FB0201059EA7FB02524919A3FB0445DA
:10C6E000A7FB037342F10002611845F10004D2195F
:10C6F00043F10003121943F10003C6E90023F0BD22
:10C70000F0B5059CC4F14007C4F12006A4F1200552
:10C71000E04002FA06F6BB4022FA05F5BA40334380
:10C72000C4F120062B4301FA06F6A4F1200530439C
:10C7300021FA05F5E140284319431043F0BD2DE9E6
:10C74000F0410446CD0FC1F30A50C1F3130140F28A
:10C75000FF76157154EA010707D0B0420CD145F0BD
:10C76000080500201571BDE8F081002864D0B042B2
:10C770005FD145F00405F4E700285AD10120A0F26A
:10C78000FF30002B10605ADB0C2B5ADCC3F10D0577
:10C790000120AD0005F1FF3CA5F12107C5F12106FF
:10C7A00000FA07F720FA06F600FA0CF037430618ED
:10C7B00047EB0708D6F1000E68EB480C013E48F144
:10C7C000FF38264008EA0108B04277EB080810DB82
:10C7D000C5F12008B5F1200624FA05F501FA08F89C
:10C7E00058BF41FA06F645EA080558BF3543ED073C
:10C7F00003D52018044641EB070104EA0E0401EAC0
:10C800000C019DF81860123218460D25C6F1270656
:10C810004FF0300E04F00F03240905F1FF3C571EC2
:10C8200044EA01740911B3B9A8420CDA65463A46E4
:10C83000F0E741F48011A2E704460146A1E7002396
:10C84000DFE70D23DDE782F800E01CF10103654618
:10C850003A46DFD187E7092BC8BF9B19A84203F1ED
:10C860003003B8BF28461370EFE7D1E90432934292
:10C870001EBF5A1C0A61187070470000014800680A
:10C8800070470000608901209439FD7F010000009D
:10C89000ADCF04000000000075CF040000000000D0
:10C8A00025430600000000000000000050C90600FB
:10C8B000D967060000000000AD6806000000000017
:10C8C0000000000070C906000000000090C90600CA
:10C8D00000000000B0C90600F117060000000000CB
:10C8E000653F060000000000ED4F0400000000005E
:10C8F00079BF040000000000CD47060000000000E2
:10C9000001AD06000000000000000000D0C90600D4
:10C91000054306000000000000000000F0C906000A
:10C920000000000010CA0600F971040000000000B9
:10C93000D954050000000000B5AC04000000000060
:10C94000B903060000000000890306000000000093
:10C95000C45C0700045D07006CCC0600E46B01209A
:10C96000F0900120E513060000000000F85C0700CD
:10C97000D0600700F060070040CC0600EC6B01209F
:10C9800068910120CD27060000000000E460070048
:10C990001C5D07000000000038CC0600E66B01209B
:10C9A000000000002D180600000000002C5D0700AC
:10C9B0002C6107005C61070088CC0600EE6B01204B
:10C9C000006B0120ED2F0600000000005061070001
:10C9D00070630700B063070064CC0600F06B0120B1
:10C9E000246B0120F935060000000000A063070059
:10C9F000A85F0700D05F07000C600700EA6B01200A
:10CA0000006001208522060000000000C45F0700CE
:10CA1000B45F0700D05F0700CCCC0600E86B0120B4
:10CA20000060012000000000000000000000000085
:10CA300000000000FDB7040000000000FDB7040086
:10CA400000000000FDB7040000000000FDB7040076
:10CA500000000000FDB70400954B06006149060088
:10CA600000000000FDB7040000000000FDB7040056
:10CA7000B0C90600652F060000000000FDB70400E5
:10CA800000000000FDB70400246B0120995D060042
:10CA900000000000FDB7040000000000FDB7040026
:10CAA00000000000FDB7040000000000FDB7040016
:10CAB00000000000FDB7040000000000FDB7040006
:10CAC00000000000FDB7040000000000FDB70400F6
:10CAD00000000000FDB70400000000003D4006001B
:10CAE00000000000FDB7040000000000FDB70400D6
:10CAF00000000000FDB7040000000000FDB70400C6
:10CB000000000000FDB7040000000000FDB70400B5
:10CB100000000000FDB7040000000000FDB70400A5
:10CB200000000000FDB7040000000000FDB7040095
:10CB300000000000FDB7040000000000FDB7040085
:10CB400000000000FDB7040000000000FDB7040075
:10CB500000000000FDB7040000000000FDB7040065
:10CB600000000000FDB7040000000000FDB7040055
:10CB700000000000FDB7040000000000FDB7040045
:10CB800000000000FDB7040000000000FDB7040035
:10CB900000000000FDB7040000000000FDB7040025
:10CBA00000000000FDB7040000000000FDB7040015
:10CBB00000000000FDB70400806A01200D27060078
:10CBC00000000000FDB7040000000000FDB70400F5
:10CBD00000000000FDB7040000000000FDB70400E5
:10CBE00000000000FDB7040000000000FDB70400D5
:10CBF00000000000FDB7040000000000FDB70400C5
:10CC000000000000FDB7040000000000FDB70400B4
:10CC100000000000FDB7040000000000FDB70400A4
:10CC200000000000FDB7040000000000FDB7040094
:10CC300000000000FDB70400191806000000000005
:10CC400031290600AD260600BD260600D9260600BD
:10CC5000E5260600F12606000D280600112706002D
:10CC600000000000FD3706007D350600A912060011
:10CC7000E11506000915060000000000411306003A
:10CC80000000000000000000992D06008131060020
:10CC9000892D0600C92E0600C52D0600F52D0600BB
:10CCA0002D2E0600412E0600712E0600852E060050
:10CCB000412E0600612E0600992E0600A92E0600C0
:10CCC0002D310600B92E0600BD2E060049180600BB
:10CCD0000000000000000000000000000000000054
:10CCE0000000000000000000000000000000000044
:10CCF00000000000BC58070028700120A152050068
:10CD0000060800000824070028700120CD3F050018
:10CD1000000800002D000000010000000562060070
:10CD20004D6106000000000000000000A1D60400D4
:10CD3000F1D8040070E5060002000000E85C07007E
:10CD400002000000B4D9060003000000885F07005D
:10CD50000300000068E406000300000098E70600F6
:10CD6000020000003CE806000200000040EA060065
:10CD700002000000C4D5060003000000280A0700D6
:10CD800002000000D0D9060003000000380B0700A5
:10CD9000020000006C0B070002000000240E0700D8
:10CDA00004000000E86907000200000068F70600C0
:10CDB0000200000084F70600020000007C0B070060
:10CDC0000200000090630700020000006468070092
:10CDD00003000000B4E60600020000004061070006
:10CDE0000200000064EA0600486A01202CEA0600FE
:10CDF00001000000BCFB06003889012090F7060006
:10CE0000000000007CF70600686A012030860120DF
:10CE1000586A012002000000A4F706002C860120B9
:10CE2000B8F70600786C012084F70600C076012070
:10CE3000B0AE012038020700A0F3060050F2060051
:10CE4000C0F606002CFB06001002070098EA060058
:10CE5000540E07004C020700FC010700E801070020
:10CE600024020700E0E006000000000000000000CF
:10CE7000000000000000000000000000C4EA0600FE
:10CE8000CCEA060000000000056404000000000079
:10CE9000D0EC0600DCEC0600000000009564040005
:10CEA00003000000FCEC060004ED06003CED06006B
:10CEB0002565040000000000FCEA0600643F07004E
:10CEC0000000000021640400020000007CED060068
:10CED00084ED06009CD10600000000000000000068
:10CEE0008CEB060094EB0600000000002105040016
:10CEF00001010000F0EB0600F8EB06000000000066
:10CF00007D6404000000000000000000000000003C
:10CF1000000000000000000000000000BC0E070040
:10CF2000C40E070000000000F5F20400010000003C
:10CF3000600F0700640F0700B80F070001F404003A
:10CF40000100000010100700181007004C12070025
:10CF500041F4040001000000F0310700F431070043
:10CF6000B83407000000000001000000741407003E
:10CF70007C140700000000001DF504000100000003
:10CF8000F4140700FC1407003C1807000000000020
:10CF9000010000002C19070034190700641A07006B
:10CFA0000000000001000000801B0700841B070038
:10CFB000D41C0700EDFA0400010200009C1D0700CC
:10CFC000A41D0700101E070041FB04000101000022
:10CFD000C4420700CC420700000000005D290500A4
:10CFE00001000000681E0700701E0700DC1E07001D
:10CFF000A5FB040001010000301F0700381F0700D7
:10D0000000000000D1FB040001000000F82407002C
:10D010000025070078280700D9FC04000101000062
:10D02000643907006C390700B03A0700791A050027
:10D0300001000000843B07008C3B0700803D070097
:10D04000C51F050001000000883E07008C3E070058
:10D05000000000008120050001000000D83E07000C
:10D06000DC3E0700303F070085210500010000007D
:10D07000506B07005840070010410700552305007A
:10D08000020C0000084207000C420700644207003F
:10D090000D270500020000002C4307003443070061
:10D0A0007C4307008929050001000000E8430700D0
:10D0B000EC4307006C440700E12905000100000073
:10D0C0003C560700B45607000C580700993D050070
:10D0D000010000005CF00600E444070000000000CE
:10D0E000392A05000100000008450700B84507007F
:10D0F0006C460700552A0500010000001047070094
:10D100001847070000000000F92A05000100000090
:10D1100010000700F8490700044C07003D320500E5
:10D1200001040000F4EF0600444C0700000000007A
:10D130009132050002000000ACD90600404E070005
:10D140003C4F0700AD32050001000000E051070030
:10D15000E4510700B05207005D37050001000000F0
:10D16000385307004053070084540700653C05000E
:10D1700001010000F0540700F85407009C55070017
:10D18000E93C050001000000005607000C560700AE
:10D19000000000006D3D05000100000000000000DF
:10D1A000000000000000000000000000000000007F
:10D1B000C4F00600CCF00600000000005D6804002A
:10D1C000020000007CEE060084EE06000000000075
:10D1D00065650400000000005CF0060064F00600D5
:10D1E00000000000E16704000200000074EF060088
:10D1F0007CEF0600000000007D66040000000000D7
:10D20000F4EF0600FCEF0600000000006567040074
:10D21000020000000000000000000000000000000C
:10D220000000000000000000D9680400F968040054
:08D23000FDFB04008131050043
:10D24000FFFFFFFFFFFFFF7FFFC99A3B00000000C9
:10D250001B5B4A00000000001B5B48000000000050
:10D260001B5B324A000000001B5B4A00000000000C
:10D270001B5B6D00000000001B3700001B38000026
:10D280001B5B3F336C0000001B3700001B380000A5
:10D290001B5B4800000000001B5B324A00000000DE
:10D2A0000338FDD8704700000100000000000000B6
:10D2B0000500000000000000190000000000000050
:10D2C0007D0000000000000071020000000000006E
:10D2D000350C000000000000093D000000000000C7
:10D2E0002D31010000000000E1F505000000000004
:10D2F00065CD1D0000000000F9029500000000004F
:10D30000DD0EE90200000000514A8D0E0000000011
:10D310009573C24800000000E941CC6B0100000099
:10D320008D49FD1A07000000C16FF286230000003E
:10D33000C52EBCA2B1000000D9E9AC2D78030000D5
:10D340003D9160E45811000031D6E275BC560000F2
:10D35000F52E6E4DAEB10100C9EA2683677808004C
:10D36000ED95C28F055A2A00A1EDCCCE1BC2D30089
:10D3700025A4000A8BCA220400000000000000005F
:10D38000000000000000001000000000000000008D
:10D39000B9340332B7F4AD1410DB1AB30892540E4B
:10D3A0000D307D951447BA1A66088F4D26ADC66DAF
:10D3B000F598BF85E2B74511CA96853D92BD1DEB34
:10D3C000FCA11860DCEF52163C92AE220BB8C1B43F
:10D3D000839D2D5B0562DA1C304C7E8F4E8BB25BD9
:10D3E00016F4529F8B56A512FBD4827643ED8AF039
:10D3F0008FE7F9311565191850F19BD94A13EEB42E
:10D40000284CF0A686C1251F035FC270CB9E49162B
:10D41000E642889C44EB2014B0650836AD6EA585C5
:10D4200085F0CA14E2FD031A0B899979D5B13D093B
:10D43000D8DA973A35EBCF10AC363F5E73BB38CFB6
:10D440003E6752FA44AFBA15010000000000000028
:10D450000000000000000020345065C05FC9A652E3
:10D46000BB13CBAEC440C21806C8DF7100D5A87C80
:10D47000F56F0FDA58FC27136E4756357D2420656B
:10D4800002C7E768E48CA41DE9E60268D7CD3961DC
:10D490007977FCC2405BEF16798CDE43FFA751F928
:10D4A00091F3B278F5BDBE11E857E9D6E8BEE87B46
:10D4B000B054AC8F848D751BEA23A499E9F9D38B02
:10D4C000B7A3714061DA3E15CEE33ECB73F948084D
:10D4D0008C97B427D51B7010A2BFEFB9EB8532151E
:10D4E0004DB44DB49BBB6F1996B6076CF8E7EEAD23
:10D4F00036D9B4F59135AE13222218AF4E6A684D75
:10D5000091DAAA3D4F40741E9FBD9EE006A1C098CF
:10D5100057C2A7FDA40E90170E7D497173E3208FAB
:10D52000B220D87605143B12853D7434811343B084
:10D53000AD297A5F27F4351C53544350763220745A
:10D5400072616E73706F72742062656E63686D6174
:10D55000726B207374617274696E670045746865DC
:10D56000726E6574207472616E73706F7274206273
:10D5700075696C643B204C544520696E697469611F
:10D580006C697A6174696F6E20736B697070656421
:10D590000000000042656E63686D61726B20736805
:10D5A000656C6C2072656164793B20747970653AB2
:10D5B000207374637020636F6E6669672073686F91
:10D5C000770000006D61696E000000002573207017
:10D5D000726F67726573733D2575252520747261BE
:10D5E0006E736665727265643D25752F25752062C0
:10D5F000797465732072656D61696E696E673D252A
:10D600007520726174653D256C6C75206269742F9C
:10D61000730000004641494C45440000252D31303F
:10D6200073207374617475733D25732825642920F4
:10D63000656C61707365643D256C6C64206D73204E
:10D6400054583D256C6C75206269742F73205258B4
:10D650003D256C6C75206269742F73206167677259
:10D6600065676174653D256C6C75206269742F7304
:10D6700000000000257320492F4F207374617473DC
:10D680002063616C6C733D2575206D61785F7265F8
:10D6900063763D2575000000257320492F4F2073C8
:10D6A000746174732063616C6C733D2575207061C7
:10D6B000727469616C3D2575206D61785F73656E6C
:10D6C000643D25750000000046554C4C2054580020
:10D6D00046554C4C206275666665727320616C6CB1
:10D6E0006F636174696F6E206661696C65643A206E
:10D6F00054583D25752052583D2575206279746532
:10D700007300000046554C4C2052580046554C4C76
:10D710002075706C6F61643D257520646F776E6C49
:10D720006F61643D257520656C61707365643D258E
:10D730006C6C64206D73000046554C4C2054583D71
:10D74000256C6C75206269742F732052583D256CCE
:10D750006C75206269742F732061676772656761F9
:10D7600074653D256C6C75206269742F7300000030
:10D77000444F574E4C4F4144206275666665722097
:10D78000616C6C6F636174696F6E206661696C6552
:10D79000643A20257520627974657300444F574EB2
:10D7A0004C4F414420525800444F574E4C4F414437
:10D7B0002062797465733D257520656C61707365B1
:10D7C000643D256C6C64206D73207468726F75679E
:10D7D000687075743D256C6C75206269742F7300D8
:10D7E00055504C4F41442062756666657220616CED
:10D7F0006C6F636174696F6E206661696C65643A11
:10D8000020257520627974657300000055504C4FD7
:10D81000414420545800000055504C4F4144206270
:10D82000797465733D257520656C61707365643D21
:10D83000256C6C64206D73207468726F75676870F6
:10D8400075743D256C6C75206269742F730000003F
:10D85000756E6B6E6F776E003D3D3D3D3D3D3D3DD0
:10D860003D3D3D3D3D3D3D3D2042454E43484D41C2
:10D87000524B2053554D4D415259203D3D3D3D3D6C
:10D880003D3D3D3D3D3D3D3D3D3D3D005472616E64
:10D8900073706F72743D2573207365727665723D87
:10D8A00025733A2573206368756E6B3D257520746A
:10D8B0006F74616C3D25752062797465730000009A
:10D8C0004E6574776F726B206261636B656E643D49
:10D8D00045746865726E65742F6E61746976652033
:10D8E0005A657068797220737461636B0000000080
:10D8F00055504C4F41440000444F574E4C4F41440B
:10D900000000000046554C4C000000003D3D3D3DF0
:10D910003D3D3D3D3D3D3D3D3D3D3D3D3D3D3D3D37
:10D920003D3D3D3D3D3D3D3D3D3D3D3D3D3D3D3D27
:10D930003D3D3D3D3D3D3D3D3D3D3D3D3D3D3D0054
:10D940006C6A612E666900003139303030000000A9
:10D9500042656E63686D61726B207472616E737084
:10D960006F72743D257320686F73743D257320704A
:10D970006F72743D257320746F74616C3D25752042
:10D980006368756E6B3D25750000000050726F670F
:10D9900072657373207265706F727420696E74653E
:10D9A0007276616C3D2575206D73000074637000A4
:10D9B000746C73006563686F5F62656E63686D6148
:10D9C000726B0000ACD90600D8E00600B0D90600A2
:10D9D0006D7174745F70726F7879000075700000FB
:10D9E000646F776E0000000055736167653A2073BD
:10D9F0007463702070696E67203C69707C6E616D25
:10DA0000653E205B636F756E745D205B74696D6548
:10DA10006F75745F6D735D0A00000000496E76617A
:10DA20006C696420636F756E742027257327202826
:10DA3000312E2E313030290A00000000496E766107
:10DA40006C69642074696D656F7574202725732770
:10DA500020283130302E2E3630303030206D732972
:10DA60000A0000004E6F2064656661756C74206E5C
:10DA70006574776F726B20696E7465726661636539
:10DA80000A0000004E6574776F726B20696E7465D2
:10DA900072666163652072656164790A0000000046
:10DAA00057616974696E6720666F72204574686596
:10DAB000726E657420696E7465726661636520615B
:10DAC0006E64206C696E6B2E2E2E0A004E65747784
:10DAD0006F726B206E6F742072656164793A206199
:10DAE000646D696E3D257320636172726965723D74
:10DAF00025730A0043616E6E6F74207265736F6CDC
:10DB000076652025733A2025640A000049434D506C
:10DB100020636F6E7465787420696E697469616CD6
:10DB2000697A6174696F6E206661696C65643A2018
:10DB300025640A0050494E47202573202825732963
:10DB40003A20257520646174612062797465732CB4
:10DB500020636F756E743D25752C2074696D656F3B
:10DB600075743D2575206D730A0000007365713D65
:10DB700025752073656E64206661696C65643A2062
:10DB800025640A0025752062797465732066726FBA
:10DB90006D2025733A207365713D25752074696D7C
:10DBA000653D256C6C64206D730A000052657175CB
:10DBB0006573742074696D656F75743A207365714F
:10DBC0003D25750A000000002D2D2D2025732070A5
:10DBD000696E672073746174697374696373202D4F
:10DBE0002D2D0A0073656E743D2575207265636581
:10DBF000697665643D2575206C6F73743D257520CD
:10DC00006C6F73733D257525250A000072747420AE
:10DC10006D696E2F6176672F6D6178203D20256CD0
:10DC20006C642F256C6C642F256C6C64206D730AFA
:10DC300000000000496E76616C69642076616C7545
:10DC4000652027257327202872616E67652025755A
:10DC50002E2E2575290A0000486F7374202020207D
:10DC600020203A2025730A00506F72742020202053
:10DC700020203A2025730A005472616E73706F720F
:10DC800074203A2025730A004368756E6B202020AB
:10DC900020203A2025752062797465730A000000FF
:10DCA000546F74616C20202020203A20257520625A
:10DCB000797465730A00000054696D656F7574208E
:10DCC00020203A202575206D730A00005265706F80
:10DCD0007274202020203A202575206D730A0000E0
:10DCE0005265706F727420696E74657276616C2013
:10DCF0003D202575206D730A000000004368756E95
:10DD00006B203D2025750A00546F74616C203D2006
:10DD100025750A0054696D656F7574203D20257561
:10DD2000206D730A00000000486F7374206973202F
:10DD3000746F6F206C6F6E670A000000486F737419
:10DD4000203D2025730A0000506F7274203D20256D
:10DD5000730A000025733A2025733A2F2F25733A52
:10DD600025732C20746F74616C3D25752C206368BD
:10DD7000756E6B3D25750A002573206661696C65BB
:10DD8000643A2025640A0000257320636F6D706C6F
:10DD900065746564207375636365737366756C6C15
:10DDA000790A0000616C6C0066756C6C0000000004
:10DDB000646F776E6C6F61640000000075706C6F4B
:10DDC000616400005472616E73706F7274206D75BF
:10DDD0007374206265207463702C20746C73206FE0
:10DDE0007220737463700A005472616E73706F7284
:10DDF00074203D2025730A005354435020747261EF
:10DE00006E73706F727420746573742062656E63D4
:10DE10006800000052756E74696D652062656E63FE
:10DE2000686D61726B20636F6E666967757261748D
:10DE3000696F6E005472616E73706F7274206265E8
:10DE40006E63686D61726B730000000050696E67ED
:10DE5000204950763420686F73743A20737463706D
:10DE60002070696E67203C69707C6E616D653E2034
:10DE70005B636F756E745D205B74696D656F75743F
:10DE80005F6D735D000000006E6574004574686529
:10DE9000726E65742073746174757320616E642092
:10DEA000646961676E6F73746963730052756E2085
:10DEB000636F6E74696E756F75732075706C6F61CA
:10DEC000642062656E63686D61726B0052756E20CE
:10DED000636F6E74696E756F757320646F776E6CA7
:10DEE0006F61642062656E63686D61726B00000033
:10DEF00052756E2066756C6C2D6475706C6578203B
:10DF000062656E63686D61726B00000052756E2011
:10DF100075706C6F61642C20646F776E6C6F6164D8
:10DF200020616E642066756C6C2D6475706C65780C
:10DF300000000000737461747573000053686F779C
:10DF40002045746865726E657420696E74657266CA
:10DF50006163652C204D41432C204950763420616B
:10DF60006E642067617465776179000073686F770C
:10DF70000000000053686F772072756E74696D65DC
:10DF80002062656E63686D61726B20636F6E666997
:10DF90006775726174696F6E00000000686F73745A
:10DFA0000000000053657420686F73743A20737426
:10DFB000637020636F6E66696720686F7374203CBE
:10DFC0006E616D657C69703E0000000053657420D1
:10DFD000706F72743A207374637020636F6E666939
:10DFE0006720706F7274203C312E2E3635353335F4
:10DFF0003E0000006368756E6B000000536574207E
:10E000006368756E6B2062797465733A207374630C
:10E010007020636F6E666967206368756E6B203C65
:10E02000312E2E36353533363E000000746F746164
:10E030006C00000053657420746F74616C20627909
:10E040007465733A207374637020636F6E666967DA
:10E0500020746F74616C203C62797465733E0000BB
:10E0600074696D656F75740053657420696E6163C2
:10E070007469766974792074696D656F7574206D43
:10E08000730000007265706F727400005365742035
:10E0900070726F6772657373207265706F7274202F
:10E0A000696E74657276616C206D7320283020640F
:10E0B000697361626C657329000000007472616E9F
:10E0C00073706F7274000000536574207463702C59
:10E0D00020746C73206F72207374637000000000F2
:10E0E000D8E00600F8DD0600F4E0060000000000BD
:10E0F00000000000F8E00600F856070014DE0600F5
:10E10000F0E1060000000000000000000CDE060048
:10E1100034DE06005CE106000000000000000000A4
:10E12000506B07004CDE0600000000007D2104005B
:10E130000202000088DE06008CDE0600C4E1060054
:10E1400000000000000000000000000000000000CF
:10E1500000000000000000000000000060E1060078
:10E16000BCDD0600ACDE06000000000065250400F2
:10E1700000000000B0DD0600CCDE0600000000005C
:10E180005525040000000000A8DD0600F0DE0600B2
:10E19000000000004525040000000000A4DD06008A
:10E1A0000CDF060000000000352504000000000020
:10E1B000000000000000000000000000000000005F
:10E1C00000000000C8E1060034DF06003CDF060066
:10E1D00000000000792104000000000000000000A1
:10E1E000000000000000000000000000000000002F
:10E1F000F4E106006CDF060074DF0600000000009A
:10E20000ED210400000000009CDF0600A4DF0600F2
:10E2100000000000E9230400020000004428070079
:10E22000CCDF0600000000004524040002000000CE
:10E23000F4DF0600FCDF060000000000DD22040021
:10E24000020000002CE0060034E0060000000000A0
:10E25000352304000200000060E0060068E00600CC
:10E26000000000008D2304000200000084E006008E
:10E270008CE006000000000085220400020000007F
:10E28000BCE00600C8E006000000000075250400A0
:10E29000020000000000000000000000000000007C
:10E2A0000000000000000000756E617661696C611D
:10E2B000626C6500253032783A253032783A253064
:10E2C00032783A253032783A253032783A25303271
:10E2D00078000000796573006E6F00003D3D3D20C1
:10E2E00045544845524E45542053544154555320AB
:10E2F0003D3D3D0A00000000496E74657266616331
:10E3000065203A2025640A0041646D696E207570AD
:10E3100020203A2025730A004361727269657220D9
:10E3200020203A2025730A004D4143202020202040
:10E3300020203A2025730A00756E61737369676E39
:10E3400065640000495076342020202020203A20A7
:10E3500025730A003235352E3235352E3235352EBD
:10E36000300000004E65746D61736B2020203A20F0
:10E3700025730A003139322E3136382E312E3131A3
:10E3800031000000476174657761792020203A20D0
:10E3900025730A00444843502020202020203A20A2
:10E3A00064697361626C65640A000000535049201F
:10E3B0006C696D6974203A2038204D487A0A000053
:10E3C0003D3D3D3D3D3D3D3D3D3D3D3D3D3D3D3D7D
:10E3D0003D3D3D3D3D3D3D0A000000004E6F206447
:10E3E000656661756C742045746865726E6574202D
:10E3F000696E7465726661636500000045746865E6
:10E40000726E65742069666163653D256420616490
:10E410006D696E3D257320636172726965723D2579
:10E4200073206D61633D25730000000045746865CD
:10E43000726E657420495076343D2573206E657484
:10E440006D61736B3D257320676174657761793DFC
:10E45000257320444843503D6F6666205350493D24
:10E46000384D487A0000000065746865726E657406
:10E470005F73746174757300574553545F544F5004
:10E480004449522F7A65706879722F6C69622F68DF
:10E490006561702F686561702E63000057455354A5
:10E4A0005F544F504449522F7A65706879722F6CCF
:10E4B00069622F6F732F63627072696E74665F702A
:10E4C00061636B616765642E6300000028756E737D
:10E4D00069676E6564292063686172202A207573FC
:10E4E000656420666F722025257020617267756DE6
:10E4F000656E742E2049742773207265636F6D6D8D
:10E50000656E64656420746F206361737420697440
:10E5100020746F20766F6964202A206265636175BC
:10E520007365206974206D6179206361757365205E
:10E530006D69736265686176696F7220696E2063C8
:10E5400065727461696E20636F6E6669677572616A
:10E5500074696F6E732E20537472696E673A222548
:10E56000732220617267756D656E743A25640000D0
:10E5700063627072696E74665F7061636B61676518
:10E5800000000000574553545F544F504449522FE8
:10E590007A65706879722F6C69622F6F732F636C64
:10E5A0006F636B2E63000000574553545F544F5008
:10E5B0004449522F7A65706879722F696E636C7561
:10E5C00064652F7A65706879722F7370696E6C6FED
:10E5D000636B2E6800000000574553545F544F5042
:10E5E0004449522F7A65706879722F696E636C7531
:10E5F00064652F7A65706879722F7379732F7469E7
:10E600006D657574696C2E680000000057455354A1
:10E610005F544F504449522F7A65706879722F6960
:10E620006E636C7564652F7A65706879722F6B659F
:10E63000726E656C2E680000574553545F544F50FE
:10E640004449522F7A65706879722F6C69622F6F16
:10E65000732F6D7073635F706275662E63000000C8
:10E660004661696C656420746F207265626F6F74B7
:10E670003A207370696E6E696E6720656E646C65B2
:10E6800073736C792E2E2E0A0000000057455354E8
:10E690005F544F504449522F7A65706879722F6CDD
:10E6A00069622F7574696C732F74696D657574690F
:10E6B0006C2E63007379735F6765746F707400000C
:10E6C000574553545F544F504449522F7A657068F0
:10E6D00079722F6C69622F7574696C732F6F6E6F0E
:10E6E00066662E6300000000574553545F544F5038
:10E6F0004449522F7A65706879722F6C69622F7560
:10E7000074696C732F6E6F746966792E63000000F4
:10E71000574553545F544F504449522F7A6570689F
:10E7200079722F6C69622F7574696C732F72696EC0
:10E73000675F6275666665722E6300006C6F67675F
:10E74000696E6700574553545F544F504449522FE8
:10E750007A65706879722F7375627379732F6C6F35
:10E760006767696E672F6C6F675F636F72652E6393
:10E77000000000008072012000010000C15104006F
:10E780004950040002000000116204000000000073
:10E7900000000000000000006C6F670057455354F4
:10E7A0005F544F504449522F7A65706879722F73C5
:10E7B00075627379732F6C6F6767696E672F6C6F03
:10E7C000675F6D676D742E630000000057455354FA
:10E7D0005F544F504449522F7A65706879722F699F
:10E7E0006E636C7564652F7A65706879722F6C6FD3
:10E7F0006767696E672F6C6F675F6C696E6B2E68F9
:10E8000000000000574553545F544F504449522F65
:10E810007A65706879722F696E636C7564652F7A9A
:10E8200065706879722F6C6F6767696E672F6C6FA0
:10E83000675F6261636B656E642E68006C6F675F13
:10E840006D676D74000000004D657373616765202E
:10E850002822257322292064726F707065642062FB
:10E8600065636175736520697420657863656564A7
:10E87000732073697A65206C696D69746174696F5E
:10E880006E20282575290000574553545F544F507A
:10E890004449522F7A65706879722F737562737963
:10E8A000732F6C6F6767696E672F6C6F675F6D732F
:10E8B000672E63004D6573736167652064726F70C6
:10E8C0007065642062656361757365206974206595
:10E8D0007863656564732073697A65206C696D6916
:10E8E000746174696F6E202825752900574553544B
:10E8F0005F544F504449522F7A65706879722F7374
:10E9000075627379732F6C6F6767696E672F6C6FB1
:10E91000675F6F75747075742E6300001B5B306DDC
:10E9200000000000257320005B2530386C755D20E9
:10E93000000000005B253032753A253032753A25EB
:10E940003032752E253033752C253033755D20001F
:10E950002573000025732F003C25733E2000000026
:10E9600025733A2000000000253032782000000096
:10E970000D0A0000202020007C000000206D65733F
:10E9800073616765732064726F70706564202D2DEC
:10E990002D0D0A1B5B306D001B5B313B33316D2D40
:10E9A0002D2D20001B5B313B33316D001B5B313B58
:10E9B00033336D006572720077726E00696E6600A7
:10E9C0006462670000000000A4E90600ACE90600EC
:10E9D000000000000000000000000000B4E9060094
:10E9E000B8E90600BCE90600C0E9060057455354E3
:10E9F0005F544F504449522F7A65706879722F7373
:10EA000075627379732F6C6F6767696E672F6261C8
:10EA1000636B656E64732F6C6F675F6261636B65B8
:10EA20006E645F756172742E630000006C6F675FC7
:10EA30006261636B656E645F7561727400000000F3
:10EA40006C6F675F756172740000000054EA060025
:10EA5000E88501202963040008860120148601202E
:10EA600001000000AD630400A163040065630400BD
:10EA7000CD630400000000005563040000000000A6
:10EA80006B65726E656C00004B65726E656C206321
:10EA90006F6D6D616E64730080EA060088EA06009F
:10EAA00068CE060000000000000000006379636C7F
:10EAB00065733A202575206877206379636C6573E8
:10EAC0000A0000006379636C657300004B65726E29
:10EAD000656C206379636C65732E0000556E61620E
:10EAE0006C6520746F20706172736520696E70753B
:10EAF000742028657272202564290A00736C65658C
:10EB000070000000557074696D653A20256C6C7555
:10EB1000206D730A000000002D2D707265747479E9
:10EB200000000000556E737570706F72746564201C
:10EB30006F7074696F6E3A2025730A00757074697E
:10EB40006D653A20256C6C7520646179732C2025E5
:10EB50006C6C7520686F7572732C20256C6C752039
:10EB60006D696E757465732C20256C6C75207365EA
:10EB7000636F6E64732C20256C6C75206D696C6CF2
:10EB8000697365636F6E64730A0000007570746961
:10EB90006D6500004B65726E656C20757074696DF3
:10EBA000652E2043616E2062652063616C6C656434
:10EBB000207769746820746865202D70206F72203A
:10EBC0002D2D707265747479206F7074696F6E7317
:10EBD00000000000342E332E393900005A65706869
:10EBE00079722076657273696F6E2025730A000052
:10EBF00076657273696F6E004B65726E656C207618
:10EC0000657273696F6E2E005468697320636F6D4F
:10EC10006D616E64206973206465707265636174F0
:10EC200065642061732069742069732061206475B4
:10EC3000706C69636174652E2055736520276C6F55
:10EC40006720656E61626C652720636F6D6D616E14
:10EC5000642066726F6D206C6F6767696E672063F2
:10EC60006F6D6D616E6473207365742E0A00000011
:10EC7000556E61626C6520746F20706172736520DF
:10EC80006C6F672073657665726974792028657288
:10EC900072202564290A0000496E76616C6964203F
:10ECA0006C6F67206C6576656C3A2025640A0000FD
:10ECB000556E61626C6520746F2066696E64206CAD
:10ECC0006F6720736F757263653A2025730A0000C1
:10ECD0006C6F675F6C6576656C0000003C6D6F64FF
:10ECE000756C65206E616D653E203C73657665725E
:10ECF0006974792028302D34293E00007265626FD6
:10ED00006F7400005265626F6F742E00636F6C64E5
:10ED100000000000436F6C64207265626F6F742E98
:10ED2000000000007761726D000000005761726D95
:10ED3000207265626F6F742E0000000040ED0600C7
:10ED40000CED060014ED060000000000256504002F
:10ED50000000000024ED06002CED0600000000007D
:10ED60002D6504000000000000000000000000000D
:10ED700000000000000000000000000074687265E0
:10ED8000616400004B65726E656C20746872656129
:10ED900064732E005363686564756C65723A202550
:10EDA000752073696E6365206C6173742063616C98
:10EDB0006C0A0000546872656164733A0A000000CE
:10EDC0004E4100002573257020252D3130730A0037
:10EDD000096F7074696F6E733A20307825782C2033
:10EDE0007072696F726974793A2025642074696D54
:10EDF000656F75743A20256C6C640A000973746140
:10EE000074653A2025732C20656E7472793A20253A
:10EE1000700A0000556E61626C6520746F20646535
:10EE20007465726D696E6520756E757365642073A7
:10EE30007461636B2073697A6520282564290A0A46
:10EE40000000000009737461636B2073697A6520A8
:10EE5000257A752C20756E7573656420257A752C5E
:10EE600020757361676520257A75202F20257A75B6
:10EE700020282575202525290A0A00006C6973744D
:10EE8000000000004C697374206B65726E656C2025
:10EE9000746872656164732E000000005745535416
:10EEA0005F544F504449522F7A65706879722F73BE
:10EEB00075627379732F7368656C6C2F6D6F6475F1
:10EEC0006C65732F6B65726E656C5F7365727669C6
:10EED00063652F7468726561642F737461636B730B
:10EEE0002E630000257020495251202530326420C5
:10EEF0002573287265616C2073697A652025347AE0
:10EF000075293A09756E757365642025347A75091B
:10EF100075736167652025347A75202F2025347A32
:10EF200075202825327A75202525290A0000000041
:10EF3000257020252D33327320287265616C207373
:10EF4000697A652025347A75293A09756E75736575
:10EF5000642025347A750975736167652025347AD4
:10EF600075202F2025347A752028253275202525F7
:10EF7000290A0000737461636B7300004C69737439
:10EF8000207468726561647320737461636B2075AB
:10EF9000736167652E0000005468726561642049E2
:10EFA00044202570206973206E6F742076616C692F
:10EFB000640A00004572726F723A5368656C6C2087
:10EFC0007468726561642063616E6E6F742062653F
:10EFD0002073757370656E6465640A0054687265A9
:10EFE00061642025702073757370656E6465640AB2
:10EFF0000000000073757370656E64006B65726E5F
:10F00000656C207468726561642073757370656ED9
:10F0100064203C7468726561645F69643E0000004E
:10F020004572726F723A5368656C6C2074687265D1
:10F0300061642063616E6E6F742062652072657317
:10F04000756D65640A00000054687265616420256E
:10F050007020726573756D65640A00007265737562
:10F060006D6500006B65726E656C20746872656119
:10F070006420726573756D65203C746872656164A7
:10F080005F69643E000000004572726F723A536817
:10F09000656C6C207468726561642063616E6E6F6C
:10F0A00074206265206B696C6C65640A0000000066
:10F0B0000A20546872656164202570206B696C6C4D
:10F0C00065640A006B696C6C000000006B65726E11
:10F0D000656C20746872656164206B696C6C203C9F
:10F0E0007468726561645F69643E00006465766996
:10F0F0006365000044657669636520756E6B6E6FAD
:10F10000776E20282573290A00000000446576697F
:10F11000636520257320697320616C726561647971
:10F1200020696E697469616C697A65640A0000001F
:10F1300044657669636520257320696E6974696129
:10F140006C697A6174696F6E206661696C656420B0
:10F1500077697468206572723D25640A00000000BA
:10F1600044657669636520257320696E69746961F9
:10F170006C697A6564207375636365737366756C17
:10F180006C790A00524541445900000044495341FA
:10F19000424C454400000000646576696365733A3B
:10F1A0000A0000005B25705D000000002D20257323
:10F1B0000000000020282573290A00002020445464
:10F1C000206E6F6465206C6162656C733A000000AC
:10F1D00044657669636520636F6D6D616E6473006D
:10F1E000696E6974000000004D616E75616C6C7928
:10F1F00020696E697469616C697A65206120646553
:10F2000076696365000000004C69737420636F6E5B
:10F210006669677572656420646576696365732CD9
:10F22000207769746820616E206F7074696F6E61F9
:10F230006C2066696C746572000000005B3C64655C
:10F24000766963652066696C7465723E5D000000D6
:10F25000ECF00600D0F1060064F2060000000000A9
:10F260000000000068F206007CEE0600A4F2060032
:10F2700028D206008569040001010000E0F10600C3
:10F28000E8F106002CD20600196904000200000013
:10F29000000000000000000000000000000000006E
:10F2A00000000000C40BD28608F206003CF2060003
:10F2B000496E76616C696420686F75720A0000009F
:10F2C000496E76616C6964206D696E7574650A00BB
:10F2D000496E76616C6964207365636F6E640A00C1
:10F2E000496E76616C6964206D6F6E74680A000007
:10F2F000496E76616C6964206461790A00000000DF
:10F300004661696C656420746F2063616C63756C21
:10F31000617465207365636F6E64732073696E63D7
:10F32000652045706F63680A00000000436F756CCC
:10F3300064206E6F74207365742064617465202589
:10F34000640A000025642D253032752D2530327574
:10F3500020253032753A253032753A253032752005
:10F360005554430A00000000646174650000000009
:10F370004461746520636F6D6D616E64730000009D
:10F38000736574005B592D6D2D645D203C483A4DCA
:10F390003A533E00676574005B6E6F6E655D0000FA
:10F3A00068F3060070F30600B4F3060000000000E6
:10F3B00000000000B8F3060080F3060084F30600A6
:10F3C00000000000296B04000000000094F3060018
:10F3D00098F3060000000000656C040000000000C7
:10F3E000000000000000000000000000000000001D
:10F3F000000000005573696E6720646174612077B6
:10F40000696474682025640A00000000496E636F17
:10F4100072726563742064617461207769647468D2
:10F420000A000000526561642076616C75652030C9
:10F4300078256C6C780A000057726974696E6720D1
:10F4400076616C7565203078256C6C780A00000058
:10F45000696E76616C69642061646472202725732B
:10F46000270A0000696E76616C69642073697A65A9
:10F4700020272573270A0000696E76616C69642075
:10F48000776964746820272573270A00613A733A04
:10F49000773A0000272D61203C61646472657373C4
:10F4A0003E27206973206D616E6461746F72790A02
:10F4B00000000000272D73203C73697A653E2720E9
:10F4C0006973206D616E6461746F72790A00000067
:10F4D000556E6B6E6F776E206F7074696F6E202241
:10F4E0002573220A000000006465766D656D206C4E
:10F4F0006F616420737570706F72747320736574BC
:10F5000074696E6720627970617373206F6E206119
:10F510002073696E676C6520696E7374616E6365D4
:10F520002E0A00004C6F6164696E672E2E2E0A70E1
:10F5300072657373206374726C2D78206374726CBF
:10F540002D7120746F206573636170650A0000007F
:10F550004E756D626572206F6620627974657320E6
:10F56000726561643A2025640A0000006465766D66
:10F57000656D0000526561642F7772697465207053
:10F580006879736963616C206D656D6F72790A5576
:10F59000736167653A0A52656164206D656D6F72CB
:10F5A0007920617420616464726573732077697473
:10F5B00068206F7074696F6E616C2077696474681D
:10F5C0003A0A6465766D656D203C616464726573AA
:10F5D000733E205B3C77696474683E5D0A577269CC
:10F5E0007465206D656D6F7279206174206164644B
:10F5F000726573732077697468206D616E646174DD
:10F600006F727920776964746820616E6420766116
:10F610006C75653A0A6465766D656D203C6164645D
:10F62000726573733E203C77696474683E203C7653
:10F63000616C75653E00000064756D70000000002F
:10F6400055736167653A0A6465766D656D2064750A
:10F650006D70202D61203C616464726573733E207F
:10F660002D73203C73697A653E205B2D77203C77B3
:10F67000696474683E5D0A0055736167653A0A649F
:10F6800065766D656D206C6F6164205B6F70746969
:10F690006F6E735D205B616464726573735D0A4FA6
:10F6A0007074696F6E733A0A2D65096C6974746CB5
:10F6B000652D656E6469616E20706172736500000E
:10F6C0006CF5060074F50600D4F60600A96C04007B
:10F6D00002020000D8F6060038F6060040F60600E2
:10F6E00000000000756D0400050200006C68070052
:10F6F00078F6060000000000FD6E04000201000024
:10F7000000000000000000000000000000000000F9
:10F7100000000000574553545F544F504449522F46
:10F720007A65706879722F7375627379732F736855
:10F73000656C6C2F6261636B656E64732F736865B3
:10F740006C6C5F756172742E6300000052582072F9
:10F75000696E67206275666665722066756C6C2ED0
:10F76000000000003A0000007368656C6C2E73683E
:10F77000656C6C5F75617274000000007374637077
:10F780003E2000007368656C6C5F756172740000E8
:10F790007368656C6C5F756172745F6261636B65E1
:10F7A0006E640000408901201E0000006D99040075
:10F7B00004CE0600506A0120F4CD0600E4F70600EE
:10F7C0002489012064000000D0F70600E0880120B1
:10F7D00088770120800000000000000031720400E2
:10F7E00002000000A5A104002C890120408901200D
:10F7F0001E00000051720400F1730400157404002F
:10F800008971040075710400000000006E6F74209F
:10F810007465726D696E617465643A2025630A00CF
:10F82000537562636F6D6D616E64733A0A00000018
:10F83000506C6561736520737065636966792061DA
:10F8400020737562636F6D6D616E642E0A00000037
:10F850004572726F723A2072657175657374656472
:10F86000206D756C7469706C652066756E63746963
:10F870006F6E20657865637574696F6E730A00003A
:10F88000257325730A0000003A20636F6D6D616E69
:10F8900064206E6F7420666F756E6400546F6F2005
:10F8A0006D616E7920617267756D656E7473206924
:10F8B0006E2074686520636F6D6D616E642E0A0042
:10F8C00025733A2077726F6E6720706172616D6583
:10F8D00074657220636F756E740A00005745535447
:10F8E0005F544F504449522F7A65706879722F7374
:10F8F00075627379732F7368656C6C2F7368656CB0
:10F900006C2E63005741524E494E473A20412070B9
:10F9100072696E7420726571756573742077617396
:10F92000206465746563746564206F6E206E6F7407
:10F9300020616374697665207368656C6C20626110
:10F94000636B656E642E0A00202000000A25732573
:10F9500073000000506C656173652070726573738D
:10F9600020746865203C5461623E20627574746F37
:10F970006E20746F2073656520616C6C2061766108
:10F98000696C61626C6520636F6D6D616E64732E6E
:10F990000A000000596F752063616E20616C736FFF
:10F9A0002075736520746865203C5461623E206256
:10F9B0007574746F6E20746F2070726F6D70742028
:10F9C0006F72206175746F2D636F6D706C657465F7
:10F9D00020616C6C20636F6D6D616E6473206F725B
:10F9E0002069747320737562636F6D6D616E6473EB
:10F9F0002E0A0000596F752063616E2074727920A1
:10FA0000746F2063616C6C20636F6D6D616E6473E5
:10FA10002077697468203C2D683E206F72203C2D51
:10FA20002D68656C703E20706172616D65746572E1
:10FA300020666F72206D6F726520696E666F726DE1
:10FA40006174696F6E2E0A000A5368656C6C2073CE
:10FA50007570706F72747320666F6C6C6F77696EFF
:10FA600067206D6574612D6B6579733A0A202043B8
:10FA700074726C202B202861206B65792066726F70
:10FA80006D3A206162636465666B6C6E7074757745
:10FA9000290A2020416C7420202B202861206B65CE
:10FAA000792066726F6D3A206266290A506C656132
:10FAB000736520726566657220746F207368656C6B
:10FAC0006C20646F63756D656E746174696F6E2010
:10FAD000666F72206D6F72652064657461696C7306
:10FAE0002E0A00000A417661696C61626C652063D0
:10FAF0006F6D6D616E64733A0A00000025303858EE
:10FB00003A2000007C0A000068656C70000000006C
:10FB10005072696E7473207468652068656C70201B
:10FB20006D6573736167652E0000000008FB0600B9
:10FB300010FB0600000000002988040001000000FE
:10FB4000574553545F544F504449522F7A6570685B
:10FB500079722F7375627379732F7368656C6C2F6C
:10FB60007368656C6C5F7574696C732E630000005C
:10FB70001B5B256425630000574553545F544F5069
:10FB80004449522F7A65706879722F737562737960
:10FB9000732F7368656C6C2F7368656C6C5F6F7026
:10FBA000732E63001B5B313B3325646D0000000046
:10FBB0001B5B34303325646D0000000039A0040065
:10FBC0006D9F0400C59F04000000000000000000BD
:10FBD000000000000000000055736167653A2025B1
:10FBE000732000002573252D2A73000025732573CB
:10FBF000000000002D2D68656C700000202D200095
:10FC0000202000004C6F7374206C6F67733A2025BE
:10FC10006C750A005B2533645D2025730A000000C3
:10FC20006F66660020756E6B6E6F776E2070617206
:10FC3000616D657465723A200000000025733A25F5
:10FC40007325730A000000004563686F20737461B8
:10FC50007475733A2025730A0000000041637469CB
:10FC60007665207368656C6C206261636B656E6499
:10FC7000733A0A00574553545F544F504449522F2A
:10FC80007A65706879722F7375627379732F7368F0
:10FC9000656C6C2F7368656C6C5F636D64732E6349
:10FCA0000000000020202532642E203A25732028F1
:10FCB0002573290A000000004E6F20726573706F73
:10FCC0006E73652066726F6D20746865207465724E
:10FCD0006D696E616C2C20617373756D656420387D
:10FCE000307832342073637265656E2073697A658B
:10FCF0000A0000001B5B366E00000000726574761F
:10FD0000616C00005072696E742072657475726E59
:10FD10002076616C7565206F66206D6F737420723C
:10FD20006563656E7420636F6D6D616E64000000C5
:10FD3000726573697A650000436F6E736F6C65203E
:10FD400067657473207465726D696E616C2073638E
:10FD50007265656E2073697A65206F7220617373B6
:10FD6000756D65732064656661756C7420696E20BD
:10FD7000636173652074686520726561646F757472
:10FD8000206661696C732E204974206D7573742030
:10FD90006265206578656375746564206166746565
:10FDA000722065616368207465726D696E616C2094
:10FDB0007769647468206368616E676520746F207A
:10FDC000656E7375726520636F72726563742074FB
:10FDD00065787420646973706C61792E000000008E
:10FDE000686973746F727900436F6D6D616E642022
:10FDF000686973746F72792E000000005573656630
:10FE0000756C2C206E6F7420556E69782D6C696B43
:10FE100065207368656C6C20636F6D6D616E6473D3
:10FE20002E000000636C656172000000436C656128
:10FE3000722073637265656E2E00000072656D003E
:10FE400049676E6F7265206C696E657320626567C5
:10FE5000696E6E696E672077697468202772656DB8
:10FE60002027000064656661756C740041737375CA
:10FE70006D6520383020636861727320736372652A
:10FE8000656E20776964746820616E642073656EA6
:10FE90006420746869732073657474696E67207474
:10FEA0006F20746865207465726D696E616C2E00D8
:10FEB0006261636B656E6473000000004C6973746B
:10FEC00020616374697665207368656C6C2062617B
:10FED000636B656E64732E0A000000006261636BE1
:10FEE00073706163655F6D6F64650000546F676771
:10FEF0006C65206261636B7370616365206B65790B
:10FF0000206D6F64652E0A536F6D65207465726D88
:10FF1000696E616C7320617265206E6F7420736509
:10FF20006E64696E672073657061726174652065C7
:10FF3000736361706520636F646520666F72206211
:10FF400061636B737061636520616E642064656CCE
:10FF500065746520627574746F6E2E2054686973C1
:10FF600020636F6D6D616E6420666F7263657320D0
:10FF70007368656C6C20746F20696E746572707242
:10FF800065742064656C657465206B6579206173A8
:10FF9000206261636B73706163652E00636F6C6FC9
:10FFA00072730000546F67676C6520636F6C6F72CB
:10FFB00065642073796E7461782E00007674313038
:10FFC00030000000546F67676C6520767431303004
:10FFD00020636F6D6D616E64732E000070726F6DC3
:10FFE00070740000546F67676C652070726F6D707D
:10FFF000742E00006563686F00000000546F67672F
:020000040007F3
:100000006C65207368656C6C206563686F2E0000FA
:1000100073746174730000005368656C6C207374B2
:1000200061746973746963732E0000006261636BAD
:1000300073706163650000005365742064696666CF
:100040006572656E742065736361706520636F64AB
:100050006520666F72206261636B737061636520F7
:10006000616E642064656C657465206B65792E0033
:1000700064656C6574650000536574207468652060
:1000800073616D652065736361706520636F64657E
:1000900020666F72206261636B73706163652061BB
:1000A0006E642064656C657465206B65792E000054
:1000B000726573657400000052657365742073681F
:1000C000656C6C2073746174697374696373206602
:1000D0006F7220746865204C6F67676572206D6F62
:1000E00064756C652E000000476574207368656C4C
:1000F0006C207374617469737469637320666F72C2
:1001000020746865204C6F67676572206D6F647539
:100110006C652E0044697361626C65207368656C60
:100120006C206563686F2E2045646974696E672072
:100130006B65797320616E64206D6574612D6B65EC
:10014000797320617265206E6F742068616E646CD3
:1001500065640000456E61626C65207368656C6C57
:10016000206563686F2E000044697361626C6520CE
:1001700070726F6D70742E00456E61626C652070D8
:10018000726F6D70742E000044697361626C65203B
:10019000767431303020636F6D6D616E64732E0044
:1001A000456E61626C6520767431303020636F6D0E
:1001B0006D616E64732E000044697361626C65202A
:1001C000636F6C6F7265642073796E7461782E0052
:1001D000456E61626C6520636F6C6F72656420733D
:1001E000796E7461782E0000FCFC060004FD0600A8
:1001F000000000002DA604000100000030FD0600F4
:1002000038FD060060020700F9A6040001010000A5
:10021000E0FD0600E8FD060000000000E9A504007E
:1002200001000000280E0700FCFD06008C020700FC
:10023000000000000000000024FE06002CFE060066
:1002400000000000B9A80400010000003CFE060008
:1002500040FE06000000000061A504000000000050
:100260006402070064FE06006CFE06000000000049
:100270008DA5040001000000000000000000000047
:1002800000000000000000000000000090020700D5
:10029000B0FE0600BCFE06000000000099A60400A7
:1002A00001000000DCFE0600ECFE06003003070043
:1002B00000000000000000009CFF0600A4FF0600F4
:1002C000700407000000000000000000BCFF0600F2
:1002D000C4FF06003004070000000000000000001A
:1002E000DCFF0600E4FF0600F0030700000000004A
:1002F00000000000F4FF0600FCFF0600B00307004A
:1003000049A60400010100001000070018000700C2
:100310007003070000000000000000000000000063
:1003200000000000000000000000000000000000CD
:10033000340307002C00070038000700000000000D
:1003400085A9040001000000700007007800070084
:1003500000000000F9A804000100000000000000F7
:10036000000000000000000000000000000000008D
:1003700074030700B0000700B80007000000000089
:1003800065A50400010000006CDF0600E80007001E
:1003900000000000B9A504000100000000000000FA
:1003A000000000000000000000000000000000004D
:1003B000B403070020FC0600140107000000000041
:1003C00015A9040001000000683E07005401070061
:1003D0000000000069A90400010000000000000006
:1003E000000000000000000000000000000000000D
:1003F000F403070020FC060068010700000000006D
:10040000D9A5040001000000683E0700780107003C
:1004100000000000CDA50400010000000000000065
:1004200000000000000000000000000000000000CC
:100430003404070020FC06008801070000000000CB
:10044000BDA9040001000000683E0700A0010700EC
:100450000000000031A904000100000000000000BD
:10046000000000000000000000000000000000008C
:100470007404070020FC0600B8010700000000001B
:10048000A1A9040001000000683E0700D001070098
:10049000000000004DA90400010000000000000061
:1004A000000000000000000000000000000000004C
:1004B000436F6D6D616E642062756666657220695A
:1004C0007320746F6F2073686F727420746F20656F
:1004D0007870616E6420616C6C20636F6D6D616E0D
:1004E0006473206D61746368696E672077696C64FA
:1004F00063617264207061747465726E3A20257352
:100500000A0000002A2A2A20426F6F74696E672051
:100510006E524620436F6E6E6563742053444B20C9
:1005200076332E332E302D6261313637643966339F
:10053000646234202A2A2A0A000000002A2A2A207B
:100540005573696E67205A6570687972204F532021
:1005500076342E332E39392D666439323034613099
:1005600032643532202A2A2A0A00000072302F61B4
:10057000313A2020307825303878202072312F61B0
:10058000323A2020307825303878202072322F619E
:10059000333A2020307825303878000072332F61CC
:1005A000343A2020307825303878207231322F6963
:1005B000703A2020307825303878207231342F6C12
:1005C000723A202030782530387800002078707317
:1005D000723A202030782530387800004661756CFA
:1005E00074696E6720696E737472756374696F6E77
:1005F000206164647265737320287231352F7063D3
:10060000293A20307825303878000000556E68612E
:100610006E646C6564204952516E3A202564000076
:100620002A2A2A2A2A205553414745204641554C1B
:1006300054202A2A2A2A2A002020446976697369CC
:100640006F6E206279207A65726F00002020556EEF
:10065000616C69676E6564206D656D6F727920618C
:1006600063636573730000002020537461636B2023
:100670006F766572666C6F772028636F6E7465782D
:10068000742061726561206E6F742076616C69649C
:100690002900000020204E6F20636F70726F636529
:1006A00073736F7220696E737472756374696F6EA1
:1006B000730000002020496C6C6567616C206C6FD2
:1006C0006164206F66204558435F52455455524E31
:1006D00020696E746F205043000000002020496C98
:1006E0006C6567616C20757365206F662074686542
:1006F00020455053520000002020417474656D70F5
:100700007420746F206578656375746520756E64F8
:100710006566696E656420696E7374727563746969
:100720006F6E00002A2A2A2A2A2042555320464169
:10073000554C54202A2A2A2A2A00000020205374CB
:1007400061636B696E67206572726F7200000000F2
:100750002020556E737461636B696E6720657272D9
:100760006F720000202050726563697365206461B8
:10077000746120627573206572726F7200000000F0
:1007800020204246415220416464726573733A20CE
:1007900030782578000000002020496D7072656374
:1007A000697365206461746120627573206572727B
:1007B0006F7200002020496E737472756374696FE4
:1007C0006E20627573206572726F72002020466C15
:1007D0006F6174696E672D706F696E74206C617AD9
:1007E00079207374617465207072657365727661C7
:1007F00074696F6E206572726F7200002A2A2A2A4D
:100800002A204D5055204641554C54202A2A2A2A48
:100810002A0000002020537461636B696E672065B5
:1008200072726F722028636F6E74657874206172C3
:100830006561206D69676874206265206E6F742041
:1008400076616C6964290000202044617461204154
:1008500063636573732056696F6C6174696F6E00B2
:1008600020204D4D46415220416464726573733AB5
:1008700020307825780000002020496E737472754E
:100880006374696F6E204163636573732056696F8B
:100890006C6174696F6E0000574553545F544F503C
:1008A0004449522F7A65706879722F617263682F9C
:1008B00061726D2F636F72652F636F727465785FFD
:1008C0006D2F6661756C742E630000005265736550
:1008D0007276656420457863657074696F6E202850
:1008E0000000000053707572696F757320696E7433
:1008F0006572727570742028495251200000000002
:10090000457863657074696F6E206F63637572728A
:10091000656420696E205365637572652053746148
:10092000746500002A2A2A2A2A2048415244204677
:1009300041554C54202A2A2A2A2A00002020427598
:1009400073206661756C74206F6E20766563746FBA
:1009500072207461626C6520726561640000000041
:1009600020204465627567206576656E740000001E
:1009700020204661756C7420657363616C617469D5
:100980006F6E20287365652062656C6F77290000A3
:10099000415243485F455843455054207769746835
:1009A00020726561736F6E2025780A002A2A2A2A30
:1009B0002A204465627567206D6F6E69746F7220BE
:1009C000657863657074696F6E202A2A2A2A2A0066
:1009D0002A2A2A2A2A20257320256429202A2A2A1D
:1009E0002A2A0000574553545F544F504449522F10
:1009F0007A65706879722F617263682F61726D2FEA
:100A0000636F72652F636F727465785F6D2F6972A3
:100A1000715F6D616E6167652E630000006001208B
:100A200000000000060001006D7075004661696CF1
:100A3000656420746F20616C6C6F63617465206EF7
:100A40006577204D505520726567696F6E2025755A
:100A50000A000000506172746974696F6E20257518
:100A60003A2073616E69747920636865636B2066F0
:100A700061696C65642E0000496E76616C69642062
:100A8000756E6465726C79696E6720726567696FEF
:100A90006E20696E646578202575000057455354B3
:100AA0005F544F504449522F7A65706879722F61B4
:100AB0007263682F61726D2F636F72652F6D707531
:100AC0002F61726D5F6D70752E6300000200000073
:100AD000E40A0700464C4153485F30005352414DF1
:100AE0005F30000000000000D40A0700060000008C
:100AF000E0FF0F0000600120DC0A07002100000079
:100B0000E0FF0320574553545F544F504449522F40
:100B10007A65706879722F6C69622F6E65745F6296
:100B200075662F6275662E630000000021C6040002
:100B3000000000005DC604006E65745F62756600AB
:100B4000574553545F544F504449522F7A6570684B
:100B500079722F6C69622F6E65745F6275662F62A1
:100B600075665F73696D706C652E63006E65745F8A
:100B70006275665F73696D706C650000736F63000A
:100B8000574553545F544F504449522F7A6570680B
:100B900079722F696E636C7564652F7A65706879F8
:100BA000722F647269766572732F656E74726F70DE
:100BB000792E6800574553545F544F504449522F83
:100BC0007A65706879722F7375627379732F6E65A9
:100BD000742F6C69622F736F636B6574732F736FFF
:100BE000636B6574732E6300574553545F544F50C5
:100BF0004449522F7A65706879722F696E636C75FB
:100C000064652F7A65706879722F6E65742F6E65D2
:100C1000745F636F6E746578742E68005745535423
:100C20005F544F504449522F7A65706879722F7320
:100C300075627379732F6E65742F6C69622F736F91
:100C4000636B6574732F736F636B6574735F696E29
:100C500065742E6300000000C5E9040045E204004D
:100C600041DF0400A1DA0400B5DF040089DE0400DE
:100C7000B5E0040011E10400B9E4040041E204001D
:100C800069E9040041ED040045F004001DE304009F
:100C9000ADEA0400C9F0040021DE040057455354B6
:100CA0005F544F504449522F7A65706879722F73A0
:100CB00075627379732F6E65742F6C69622F736F11
:100CC000636B6574732F736F636B65745F6F6666B8
:100CD0006C6F61642E630000496E746572666163B7
:100CE0006520696E646578206973206D6973736926
:100CF0006E672E0A00000000496E76616C69642000
:100D0000696E6465782025730A000000496E76617B
:100D10006C696420696E6465782025640A000000AF
:100D20003C696E76616C696420747970653E000080
:100D30003C696E76616C69642073746174653E0011
:100D400025733A256400000041465F554E535045D7
:100D50004300000041465F5041434B4554000000B2
:100D600041465F43414E000041465F554E4B2825AA
:100D700064290000576946690000000045746865F1
:100D8000726E6574000000003C756E6B6E6F776E5E
:100D900020747970653E00003D3D3D3D3D3D3D3D4B
:100DA000000000003D3D3D3D3D3D3D3D3D3D3D3D67
:100DB0003D3D00003C756E6B6E6F776E2073746105
:100DC00074653E0074656E74617469766500000038
:100DD00070726566657272656400000064657072A9
:100DE00065636174656400006175746F636F6E663E
:100DF0000000000044484350000000006D616E7523
:100E0000616C00006F76657272696461626C650086
:100E10004E6574776F726B696E6720636F6D6D617D
:100E20006E6473006E65745F7368656C6C000000BF
:100E3000B40D0700C40D0700D00D0700DC0D07003E
:100E4000880D0700E80D0700F40D0700FC0D0700F2
:100E5000040E070088DE0600100E070008CF06000B
:100E600000000000000000006E65745F706B74206D
:100E7000616C6C6F636174696F6E0000434F4E4626
:100E800049475F4E45545F44454255475F4E455480
:100E90005F504B545F414C4C4F43000053657420EE
:100EA000257320746F20656E61626C652025732048
:100EB000737570706F72742E0A000000616C6C6F35
:100EC000637300005072696E74206E6574776F7280
:100ED0006B206D656D6F727920616C6C6F636174EE
:100EE000696F6E732E0000002020202020496E7450
:100EF00065726661636520204C696E6B202020203E
:100F0000202020202020202020204164647265734E
:100F1000730A00005B2532645D20256420202020B8
:100F200020202020202025732025730A00000000A7
:100F3000466C757368696E67204152502063616327
:100F400068652E0A0000000041525020636163680A
:100F50006520697320656D7074792E0A00000000A9
:100F6000617270005072696E7420696E666F726D86
:100F70006174696F6E2061626F75742049507634B8
:100F8000204152502063616368652E00666C757362
:100F90006800000052656D6F766520616C6C20659D
:100FA0006E74726965732066726F6D2041525020B5
:100FB00063616368652E0000BC0F07008C0F07009B
:100FC000940F070000000000D9F3040000000000A7
:100FD0000000000000000000000000000000000011
:100FE000000000006E6574776F726B207061636B38
:100FF000657420636170747572650000434F4E46DE
:1010000049475F4E45545F43415054555245000097
:101010006361707475726500436F6E66696775729F
:1010200065206E6574776F726B207061636B657499
:1010300020636170747572652E00000073657475AD
:10104000700000005365747570206E6574776F7260
:101050006B207061636B6574206361707475726579
:101060002E0A276E65742063617074757265207333
:1010700065747570203C72656D6F74652D69702D97
:10108000616464723E203C6C6F63616C2D616464CA
:10109000723E203C706565722D616464723E270A61
:1010A0003C72656D6F74653E2069732074686520BD
:1010B000286F757465722920656E64706F696E742F
:1010C00020495020616464726573732C0A3C6C6F14
:1010D00063616C3E206973207468652028696E6EB8
:1010E000657229206C6F63616C20495020616464D3
:1010F000726573732C0A3C706565723E20697320BB
:101100007468652028696E6E657229207065657245
:1011100020495020616464726573730A4C6F636187
:101120006C20616E64205065657220616464726534
:10113000737365732063616E206861766520554422
:101140005020706F7274206E756D62657220696ECA
:10115000207468656D20286F7074696F6E616C29EA
:101160000A6C696B65203139382E302E35312E32BC
:101170003A39303030206F72205B323030313A648F
:1011800062383A3130303A3A325D3A3432343200F1
:10119000636C65616E757000436C65616E7570207F
:1011A0006E6574776F726B207061636B657420631A
:1011B0006170747572652E00656E61626C65000009
:1011C000456E61626C65206E6574776F726B20701E
:1011D00061636B6574206361707475726520666FFE
:1011E00072206120676976656E206E6574776F7214
:1011F0006B20696E746572666163652E0A276E6581
:1012000074206361707475726520656E61626C65CF
:10121000203C696E7465726661636520696E646501
:10122000783E270064697361626C6500446973618C
:10123000626C65206E6574776F726B207061636B92
:10124000657420636170747572652E00501207001A
:101250003C100700441007000000000099F404004F
:101260000000000090110700981107000000000026
:10127000C5F4040000000000B8110700C011070009
:1012800000000000F1F40400000000002412070038
:101290002C120700000000006DF4040000000000A4
:1012A000000000000000000000000000000000003E
:1012B000000000002020202020436F6E74657874A9
:1012C0002020200949666163652020466C616773B0
:1012D0002020202020202020202020204C6F63610F
:1012E0006C2020202020202020202020202052653B
:1012F0006D6F74650A0000004E6F20636F6E6E653F
:101300006374696F6E730A000A20202020204861F0
:101310006E646C65722020202043616C6C62616396
:101320006B202050726F746F2020202020202020FE
:10133000202020204C6F63616C2020202020202062
:10134000202020202020202020202052656D6F7436
:10135000650A00004E6F20636F6E6E656374696F7F
:101360006E2068616E646C65727320666F756E6462
:101370002E0A00000A544350202020202020202044
:10138000436F6E7465787420202053726320706FF1
:1013900072742044737420706F727420202053651F
:1013A0006E642D53657120202053656E642D41635A
:1013B0006B20204D53532020202053746174650A04
:1013C000000000004E6F2054435020636F6E6E6526
:1013D0006374696F6E730A005443502064656275CC
:1013E0006767696E67000000434F4E4649475F4E8E
:1013F00045545F5443505F4C4F475F4C4556454CF6
:101400005F44424700000000257020257020202006
:101410002535752020202025357520253130752073
:10142000253130752025357520202025730A0000D0
:101430005B2532645D2025702025702020257309EE
:101440002531367309253136730A00005B25326475
:101450005D2025700925642020202020202563257B
:101460006325632020202531367309253136730A20
:1014700000000000636F6E6E000000005072696E25
:101480007420696E666F726D6174696F6E2061623F
:101490006F7574206E6574776F726B20636F6E6EFC
:1014A000656374696F6E732E0000000044484350FA
:1014B00076340000434F4E4649475F4E45545F44E3
:1014C000484350563400000044484350763420735B
:1014D0006572766572000000434F4E4649475F4E85
:1014E00045545F4448435056345F53455256455225
:1014F0000000000064686370763400004D616E6126
:10150000676520444850437634207365727669637A
:1015100065732E007365727665720000444843500F
:1015200076342073657276657220736572766963AE
:1015300065206D616E6167656D656E742E000000DB
:10154000636C69656E7400004448435076342063D0
:101550006C69656E74206D616E6167656D656E7432
:101560002E00000073746172740000005374617285
:1015700074207468652044484350763420636C6955
:10158000656E74206F7065726174696F6E206F6E26
:101590002074686520696E746572666163652E0AE1
:1015A000276E65742064686370763420636C6965A7
:1015B0006E74207374617274203C696E6465783E49
:1015C000270A3C696E6465783E20697320746865FB
:1015D000206E6574776F726B20696E7465726661D8
:1015E000636520696E6465782E00000073746F7007
:1015F0000000000053746F702074686520444843F5
:1016000050763420636C69656E74206F706572610A
:1016100074696F6E206F6E2074686520696E7465E2
:1016200072666163652E0A276E6574206468637054
:10163000763420636C69656E742073746F70203C1F
:10164000696E6465783E270A3C696E6465783E2061
:10165000697320746865206E6574776F726B20699A
:101660006E7465726661636520696E6465782E00CC
:101670005374617274207468652044484350763412
:1016800020736572766572206F7065726174696F20
:101690006E206F6E2074686520696E746572666175
:1016A00063652E0A276E6574206468637076342043
:1016B000736572766572207374617274203C696E12
:1016C0006465783E203C6261736520616464726584
:1016D00073733E270A3C696E6465783E2069732007
:1016E000746865206E6574776F726B20696E7465BF
:1016F000726661636520696E6465782E0A3C62617A
:10170000736520616464726573733E20697320742D
:1017100068652066697273742061646472657373AE
:1017200020666F72207468652061646472657373EB
:1017300020706F6F6C2E000053746F70207468659A
:101740002044484350763420736572766572206F6A
:101750007065726174696F6E206F6E2074686520A9
:10176000696E746572666163652E0A276E65742002
:101770006468637076342073657276657220737462
:101780006F70203C696E6465783E270A3C696E6420
:1017900065783E20697320746865206E6574776F84
:1017A000726B20696E7465726661636520696E6430
:1017B00065782E005072696E742074686520444804
:1017C0004350763420736572766572207374617449
:1017D0007573206F6E2074686520696E746572661B
:1017E0006163652E0A276E657420646863707634C1
:1017F0002073657276657220737461747573203C12
:10180000696E6465783E270A3C696E6465783E209F
:10181000697320746865206E6574776F726B2069D8
:101820006E7465726661636520696E6465782E20EA
:101830004F7074696F6E616C2E00000040180700D5
:10184000141507001C150700BC1807000000000055
:101850000000000040150700481507007C1807002D
:101860000000000000000000000000000000000078
:1018700000000000000000000000000080180700C9
:10188000641507006C1507000000000055F90400FE
:1018900002000000EC150700F4150700000000002E
:1018A000ADF904000200000000000000000000008C
:1018B000000000000000000000000000C018070049
:1018C00064150700701607000000000081F904008D
:1018D00003000000EC1507003817070000000000A7
:1018E000D9F904000200000034DF0600B417070035
:1018F0000000000005FA04000101000000000000E3
:1019000000000000000000000000000000000000D7
:101910004468637076360000434F4E4649475F4E39
:1019200045545F4448435056360000006468637075
:10193000763600004D616E616765204448504376FD
:10194000362073657276696365732E004468637030
:10195000763620636C69656E74206D616E616765B3
:101960006D656E742E00000053746172742074688B
:10197000652044686370763620636C69656E7420F8
:101980006F7065726174696F6E206F6E2074686528
:1019900020696E746572666163652E0A276E6574D0
:1019A0002064686370763620636C69656E7420739A
:1019B00074617274203C696E6465783E270A3C69E4
:1019C0006E6465783E20697320746865206E657466
:1019D000776F726B20696E746572666163652069EA
:1019E0006E6465782E00000053746F702074686513
:1019F0002044686370763620636C69656E74206F6E
:101A00007065726174696F6E206F6E2074686520F6
:101A1000696E746572666163652E0A276E6574204F
:101A200064686370763620636C69656E74207374C5
:101A30006F70203C696E6465783E270A3C696E646D
:101A400065783E20697320746865206E6574776FD1
:101A5000726B20696E7465726661636520696E647D
:101A600065782E00681A0700401507004C1907001A
:101A7000901A0700000000000000000000000000B5
:101A80000000000000000000000000000000000056
:101A9000941A070064150700681907000000000089
:101AA00031FA040002000000EC150700E8190700F5
:101AB000000000005DFA04000200000000000000C9
:101AC0000000000000000000000000000000000016
:101AD000444E53207365727669636520646973634D
:101AE0006F76657279206E6F7420737570706F7287
:101AF0007465642E2053657420434F4E4649475FFA
:101B0000444E535F534420746F20656E61626C6570
:101B10002069742E0A000000444E53207265736FD2
:101B20006C766572206E6F7420737570706F72744E
:101B300065642E2053657420434F4E4649475F44E9
:101B40004E535F5245534F4C56455220746F20659B
:101B50006E61626C652069742E0A0000444E532049
:101B60007265736F6C76657200000000434F4E46DD
:101B700049475F444E535F5245534F4C56455200C0
:101B8000646E730053686F7720686F7720444E53FC
:101B900020697320636F6E666967757265642E20B5
:101BA0004F7074696F6E616C6C7920646F20612076
:101BB0007175657279207573696E67206120676938
:101BC00076656E206E616D652E00000063616E6348
:101BD000656C000043616E63656C20616C6C207005
:101BE000656E64696E672072657175657374732EB6
:101BF000000000007175657279000000276E657441
:101C000020646E73203C686F73746E616D653E2056
:101C10005B41206F7220414141415D272071756514
:101C2000726965732049507634206164647265730B
:101C300073202864656661756C7429206F72204971
:101C4000507636206164647265737320666F72200B
:101C50006120686F7374206E616D652E0000000056
:101C60004C697374206C6F63616C20444E53207315
:101C7000657276696365207265636F7264732E00A6
:101C80007365727669636500276E657420646E7390
:101C90002073657276696365203C7365727669634B
:101CA000652D6465736372697074696F6E3E0A4571
:101CB00078656375746520444E5320736572766948
:101CC000636520646973636F7665727920717565E9
:101CD00072792E00D81C0700CC1B0700D41B07000C
:101CE00000000000C1FA040000000000F41B07001F
:101CF000FC1B070000000000A5FA04000000000023
:101D00007CEE0600601C07000000000089FA040059
:101D100000000000801C0700881C07000000000075
:101D200009FB0400000000000000000000000000AB
:101D30000000000000000000000000004E65747705
:101D40006F726B206D616E6167656D656E74206585
:101D500076656E747320617265206E6F7420737582
:101D600070706F727465642E2053657420434F4EFB
:101D70004649475F4E45545F4D474D545F45564574
:101D80004E545F4D4F4E49544F5220746F20656E34
:101D900061626C652069742E0A0000006576656ECC
:101DA000747300004D6F6E69746F72206E65747786
:101DB0006F726B206D616E6167656D656E74206515
:101DC00076656E74732E00005475726E206F6E20EF
:101DD0006E6574776F726B206576656E74206D6FBB
:101DE0006E69746F72696E672E0000005475726EB2
:101DF000206F6666206E6574776F726B20657665FE
:101E00006E74206D6F6E69746F72696E672E00005C
:101E1000141E0700683E0700C81D070000000000F0
:101E200025FB04000000000020FC0600EC1D07005C
:101E3000000000005DFB0400000000000000000046
:101E40000000000000000000000000000000000092
:101E50006750545000000000434F4E4649475F4EC4
:101E600045545F4750545000677074700000000084
:101E70005072696E7420696E666F726D6174696FFD
:101E80006E2061626F7574206750545020737570B6
:101E9000706F72742E000000276E65742067707476
:101EA00070205B3C706F72743E5D27207072696EAB
:101EB00074732064657461696C656420696E666F13
:101EC000726D6174696F6E2061626F757420675006
:101ED000545020706F72742E00000000E01E070046
:101EE00044280700981E07000000000079FB04004A
:101EF00000000000000000000000000000000000E2
:101F000000000000000000004854545020696E6634
:101F10006F726D6174696F6E00000000434F4E4632
:101F200049475F485454505F53455256455200004C
:101F3000687474700000000053686F772048545430
:101F4000502073657276696365732E002573205B7C
:101F500025735D202825702900000000556E7375DB
:101F600070706F7274656420636F6D6D616E642C48
:101F700020706C6561736520656E61626C652043DD
:101F80004F4E4649475F4E45545F4C325F4554487B
:101F900045524E455420616E6420434F4E4649479A
:101FA0005F4E45545F4C325F45544845524E455450
:101FB0005F4D474D540A00004E6F207375636820D3
:101FC000696E7465726661636520696E20696E640E
:101FD00065782025640A000044656661756C74208C
:101FE000696E746572666163653A2025640A0A0049
:101FF00055736167653A206E657420696661636533
:10200000207365745F6C696E6B203C696E646578E3
:102010003E203C53706565643A31302F3130302FAB
:10202000313030302F323530302F353030303E20A7
:102030005B4475706C65785D3A682F663E0A0000F7
:10204000496E74657266616365202564206973203A
:102050006E6F742045746865726E65742074797053
:10206000650A00004E6F2050485920646576696308
:102070006520666F756E6420666F7220696E746588
:1020800072666163652025640A0000006E6F2D6131
:1020900075746F6E656700003235303042415345CC
:1020A0002068616C662D6475706C6578206E6F7445
:1020B00020737570706F727465640A00353030304B
:1020C000424153452068616C662D6475706C65787B
:1020D000206E6F7420737570706F727465640A007F
:1020E000556E737570706F7274656420737065657A
:1020F000642025640A0000004E6F207370656564DB
:10210000207370656369666965640A004E6F2064B8
:10211000656661756C7420696E746572666163656D
:102120000A00000044656661756C7420696E746510
:1021300072666163653A2025640A00004661696C35
:10214000656420746F207365742064656661756CC6
:102150007420696E7465726661636520746F2025F2
:10216000640A000043616E6E6F742074616B6520B9
:10217000696E7465726661636520256420646F779B
:102180006E20282564290A00496E746572666163B1
:102190006520256420697320646F776E0A00000053
:1021A000504F494E544F504F494E542C00000000A0
:1021B00050524F4D4953432C000000004E4F5F4199
:1021C00055544F5F53544152542C00004D434153DA
:1021D000545F464F52574152442C000049507634C8
:1021E0002C000000495076362C0000004E4F5F4E08
:1021F000442C00004E4F5F4D4C442C004155544F31
:102200005F53544152542C00496E74657266616389
:102210006520256420697320616C72656164792092
:1022200075702E0A0000000043616E6E6F7420749A
:10223000616B6520696E74657266616365202564F3
:1022400020757020282564290A000000496E7465F5
:1022500072666163652025642069732075700A00C9
:102260003C3F3E00555000004F4E00004F46460098
:102270003120476269747300313030204D626974D7
:10228000730000003130204D62697473000000005B
:1022900068616C660000000020696E66696E697492
:1022A0006500000020203C6E6F74206A6F696E65C7
:1022B000643E00000A496E7465726661636520259C
:1022C0007320282570292028257329205B25645D2B
:1022D0000A0000003D3D3D3D3D3D3D3D3D3D3D3D18
:1022E0003D3D3D3D3D3D3D3D3D3D3D3D3D3D3D2536
:1022F000730A0000496E74657266616365206973D4
:1023000020646F776E2E0A00574553545F544F5028
:102310004449522F7A65706879722F696E636C75C3
:1023200064652F7A65706879722F6E65742F6E659B
:10233000745F69662E6800004C696E6B206164648E
:1023400072203A2025730A004D5455202020202069
:1023500020203A2025640A00466C61677320202003
:1023600020203A2025730A004465766963652020A1
:1023700020203A20257320282570290A000000001B
:10238000537461747573202020203A206F70657239
:102390003D25732C2061646D696E3D25732C20638F
:1023A0006172726965723D25730A00004574686543
:1023B000726E6574206361706162696C69746965CD
:1023C0007320737570706F727465643A0A00000050
:1023D0000925730A0000000045746865726E657413
:1023E00020504859206465766963653A202573203A
:1023F000282570290A0000003C6E6F6E653E0000C3
:10240000656E61626C6564004950763400000000BE
:102410002573206E6F7420257320666F7220746898
:10242000697320696E746572666163652E0A0000C7
:102430004661696C656420746F20676574206C69FF
:102440006E6B20737461746520282564290A00006E
:1024500045746865726E6574206C696E6B2073706C
:102460006565643A202573200000000025732D6403
:1024700075706C65780A00004950763420756E6975
:10248000636173742061646472657373657320287B
:102490006D6178202564293A0A0000000925732F10
:1024A000257320257320257325730A00093C6E6F60
:1024B0006E653E0A0000000049507634206D756C50
:1024C00074696361737420616464726573736573A6
:1024D00020286D6178202564293A0A000925732592
:1024E000730A00004950763420676174657761791A
:1024F000203A2025730A00006966616365000000C8
:102500005072696E7420696E666F726D6174696F66
:102510006E2061626F7574206E6574776F726B20C8
:10252000696E74657266616365732E00276E6574EB
:10253000206966616365207570203C696E6465780A
:102540003E272074616B6573206E6574776F726BC4
:1025500020696E746572666163652075702E000077
:10256000276E657420696661636520646F776E20ED
:102570003C696E6465783E272074616B6573206EDC
:102580006574776F726B20696E74657266616365DE
:1025900020646F776E2E0000276E65742069666177
:1025A0006365203C696E6465783E272073686F77A9
:1025B00073206E6574776F726B20696E74657266D6
:1025C00061636520696E666F726D6174696F6E2EEE
:1025D000000000007365745F6D616300276E6574B1
:1025E000206966616365207365745F6D6163203C7B
:1025F000696E6465783E203C4D41433E27207365FB
:102600007473204D41432061646472657373206666
:102610006F7220746865206E6574776F726B2069C5
:102620006E746572666163652E000000276E6574C6
:102630002069666163652064656661756C74205B02
:102640003C696E6465783E5D2720646973706C61D7
:102650007973206F722073657473207468652064C9
:10266000656661756C74206E6574776F726B206936
:102670006E746572666163652E0000007365745F39
:102680006C696E6B00000000276E657420696661DE
:102690006365207365745F6C696E6B203C696E6462
:1026A00065783E203C53706565642031302F3130B1
:1026B000302F313030302F323530302F3530303010
:1026C0003E203C4475706C65785B6F7074696F6E0A
:1026D000616C5D3A682F663E272073657473206CC9
:1026E000696E6B20737065656420666F7220746814
:1026F00065206E6574776F726B20696E74657266A3
:102700006163652E00000000545820636865636BA8
:1027100073756D206F66666C6F616400525820633C
:102720006865636B73756D206F66666C6F616400BE
:102730005669727475616C204C414E00564C414E86
:102740002054616720737472697070696E6700004D
:10275000322E3520476269747300000035204762CD
:102760006974730049454545203830322E31415354
:10277000206750545020636C6F636B00494545459A
:10278000203830322E3151617620286372656469B9
:10279000742073686170696E67290000494545457A
:1027A000203830322E315162762028736368656498
:1027B000756C656420747261666669632900000047
:1027C00049454545203830322E3151627520286602
:1027D00072616D6520707265656D7074696F6E29C8
:1027E00000000000545854494D45000050726F6D70
:1027F000697363756F7573206D6F64650000000009
:102800005072696F726974792071756575657300AE
:102810004D414320616464726573732066696C7412
:102820006572696E670000004453412075736572DC
:1028300020706F727400000044534120636F6E6417
:1028400075697420706F7274000000005458544908
:102850004D4520737570706F7274656400000000E0
:1028600054582D496E6A656374696F6E2073757074
:10287000706F7274656400007C280700DCD9060064
:102880002C25070030D206002102050000000000C0
:10289000E0D906006025070030D2060039000500A7
:1028A000000000006CDF06009825070030D206000B
:1028B000D9FC040000000000D4250700DC25070037
:1028C00030D20600B9FC04000000000064FE0600DF
:1028D0002C26070030D20600A1FF040000000000F3
:1028E0007C2607008826070030D2060055FD04002C
:1028F00000000000000000000000000000000000D8
:102900000000000000000000010000000827070090
:10291000020000001C270700040000003027070009
:10292000004000003C270700080000008422070048
:10293000100000007822070020000000702207002D
:102940004000000050270700800000005C270700BF
:102950000001000064270700000200007C27070038
:10296000000002009C27070000000400C0270700A9
:1029700000000800E427070000040000EC2707001F
:1029800000080000002807000010000010280700C1
:1029900000800000282807000000010038280700F8
:1029A000000008004C280700000010006028070005
:1029B000506C656173652073706563696679207416
:1029C000686520746172676574206966616365205B
:1029D000696E6465782E0A002225732220697320AF
:1029E0006E6F7420612076616C6964206966616332
:1029F0006520696E6465782E0A000000696661636F
:102A000065207769746820696E6465782022257373
:102A10002220646F6573206E6F742065786973740B
:102A20002E0A0000256420282570202D20257320E3
:102A30002D20257329000000756E6E616D656400A0
:102A40006966616365202573206E6F772069676E04
:102A50006F7265642E0A00006966616365202573E4
:102A6000206E6F7720776174636865642E0A0000BA
:102A7000506C656173652073706563696679206762
:102A80006574206F72207365740A00006E6F6E6546
:102A900000000000506C65617365207370656369A8
:102AA0006679207468652074617267657420696650
:102AB000616365206E616D652E0A00006966616361
:102AC000652077697468206E616D65202225732208
:102AD00020646F6573206E6F742065786973742E3F
:102AE0000A000000696669002573206973206E6F13
:102AF0007420612076616C6964207461726765740A
:102B00002074797065206F7220746172676574201B
:102B10007370656369666965722E0A0056616C6937
:102B20006420746172676574207370656369666997
:102B3000657273206172652027696669205B696E22
:102B40006465785D272C20276966205B6E616D6562
:102B50005D272C206F7220275B696E6465785D2786
:102B60002E0A000069660000546F6F206D616E7957
:102B700020617267732E0A00506C65617365207363
:102B80007065636966792061207461726765742E6F
:102B90000A00000054616B696E6720616C6C206EE6
:102BA0006F6E2D69676E6F7265642069666163651B
:102BB000732061646D696E2D75702E0A000000002F
:102BC00054616B696E6720696661636520257320B7
:102BD00061646D696E2D75702E0A0000546869730A
:102BE00020636F6D6D616E64206475706C696361E4
:102BF00074657320276E657420696661636520754E
:102C00007027206966205B7461726765745D20219E
:102C10003D20616C6C2E0A00496E76616C696420FF
:102C20007461726765742073656C65637465642E86
:102C30000A00000049507634202B20495076360097
:102C400049507636000000006E6F204950000000A9
:102C500069676E6F726564007761746368656400AC
:102C60006E6F7420626F756E6400000061646D6940
:102C70006E2D75700000000061646D696E2D646FCB
:102C8000776E00006F7065722D7570006F706572E1
:102C90002D646F776E0000006E6F7420636F6E6E30
:102CA000656374656400000069666163652025736F
:102CB000206E6F7420747261636B65642E0A00006D
:102CC0006966616365202573207374617475733A56
:102CD0002025732C2025732C2025732C2025732C64
:102CE0002025732C2025732E0A00000049676E6F83
:102CF00072696E6720616C6C206966616365732E12
:102D00000A0000005761746368696E6720616C6C2B
:102D1000206966616365732E0A00000054616B6967
:102D20006E6720616C6C206E6F6E2D69676E6F72BE
:102D30006564206966616365732061646D696E2DE9
:102D4000646F776E2E0A000054616B696E672069AC
:102D5000666163652025732061646D696E2D646F03
:102D6000776E2E0A000000005468697320636F6D4F
:102D70006D616E64206475706C6963617465732045
:102D8000276E657420696661636520646F776E27BE
:102D9000206966205B7461726765745D20213D2047
:102DA000616C6C2E0A000000496E73747275637456
:102DB000696E6720616C6C206E6F6E2D69676E6F37
:102DC0007265642069666163657320746F20636F48
:102DD0006E6E6563742E0A006966616365202573F3
:102DE000206973206E6F7420626F756E6420746F3B
:102DF000206120636F6E6E656374697669747920F3
:102E0000696D706C656D656E746174696F6E2C2090
:102E100063616E6E6F7420636F6E6E6563742E0AED
:102E200000000000496E737472756374696E6720E8
:102E3000696661636520257320746F20636F6E6E11
:102E40006563742E0A000000496E737472756374B2
:102E5000696E6720616C6C206E6F6E2D69676E6F96
:102E60007265642069666163657320746F206469AC
:102E700073636F6E6E6563742E0A0000696661632A
:102E800065202573206973206E6F7420626F756EE4
:102E90006420746F206120636F6E6E656374697661
:102EA00069747920696D706C656D656E74617469A3
:102EB0006F6E2C2063616E6E6F7420646973636F34
:102EC0006E6E6563742E0A00496E73747275637456
:102ED000696E6720696661636520257320746F20C1
:102EE0006469736F6E6E6563742E0A0020286E6FBE
:102EF0002074696D656F7574290000002073656327
:102F00006F6E64730000000043616E6E6F74206723
:102F100065742F7365742074696D656F75742066B0
:102F20006F7220616C6C206966616365732E0A00A4
:102F3000506C6561736520737065636966792061A3
:102F40002074696D656F75742028696E20736563E0
:102F50006F6E6473292E0A002573206973206E6FCB
:102F60007420612076616C69642074696D656F7589
:102F7000742E0A00696661636520257320697320D9
:102F80006E6F7420626F756E6420746F20612063B1
:102F90006F6E6E656374697669747920696D706CA3
:102FA000656D656E746174696F6E2C2063616E6E01
:102FB0006F74206765742F73657420636F6E6E6520
:102FC000637469766974792074696D656F75742EA0
:102FD0000A0000005365742074686520636F6E6E8C
:102FE00065637469766974792074696D656F757449
:102FF00020666F7220696661636520257320746F97
:1030000020256425732E0A0054686520636F6E6E58
:1030100065637469766974792074696D656F757418
:1030200020666F722069666163652025732069736D
:1030300020256425732E0A00494E56414C49440010
:1030400043616E6E6F74206765742F7365742066BC
:103050006C61677320666F7220616C6C20696661B9
:103060006365732E0A000000506C65617365207300
:10307000706563696679206120666C61672E0A005D
:1030800056616C696420666C6167206B6579776F47
:10309000726473206172653A0A0000000925732C7E
:1030A0000A00000050455253495354454E54000005
:1030B0004E4F5F4155544F5F434F4E4E4543540072
:1030C0004E4F5F4155544F5F444F574E0000000034
:1030D0002573206973206E6F7420612076616C699E
:1030E0006420666C61672E0A0000000074727565CA
:1030F0000000000066616C7365000000506C656143
:1031000073652073706563696679207472756520D4
:103110006F722066616C73652E0A000069666163D8
:1031200065202573206973206E6F7420626F756E41
:103130006420746F206120636F6E6E6563746976BE
:1031400069747920696D706C656D656E7461746900
:103150006F6E2C2063616E6E6F74206765742F73C1
:10316000657420636F6E6E65637469766974792027
:10317000666C61672E0A00005365742074686520D0
:10318000636F6E6E65637469766974792025732048
:10319000666C616720746F202573206F6E206966EE
:1031A0006163652025732E0A0000000054686520C5
:1031B00063757272656E742076616C7565206F66DA
:1031C0002074686520257320636F6E6E6563746973
:1031D0007669747920666C6167206F6E206966611C
:1031E00063652025732069732025732E0A00000073
:1031F000636D0000436F6E74726F6C20636F6E6E50
:103200005F6D67722E000000276E657420636D206D
:10321000737461747573205B7461726765745D2784
:103220002073686F77732074686520636F6E6E65B6
:103230006374697669747920737461747573206F2F
:1032400066207468652073706563696669656420CB
:1032500069666163652873292E00000069676E6FD7
:1032600072650000276E657420636D2069676E6F5C
:103270007265205B7461726765745D272069676E93
:103280006F72657320746865207370656369666921
:1032900065642069666163652873292E000000005B
:1032A0007761746368000000276E657420636D2089
:1032B0007761746368205B7461726765745D272051
:1032C00077617463686573207468652073706563E3
:1032D00069666965642069666163652873292E00E3
:1032E000636F6E6E65637400276E657420636D2076
:1032F000636F6E6E656374205B7461726765745D85
:103300002720636F6E6E6563747320746865207325
:1033100070656369666965642069666163652873C1
:10332000292E0000646973636F6E6E65637400001C
:10333000276E657420636D20646973636F6E6E65BC
:103340006374205B7461726765745D2720646973C0
:10335000636F6E6E65637473207468652073706547
:103360006369666965642069666163652873292EEF
:1033700000000000276E657420636D207570205B6F
:103380007461726765745D272074616B6573207466
:103390006865207370656369666965642069666144
:1033A00063652873292061646D696E2D75702E0028
:1033B000276E657420636D20646F776E205B746187
:1033C000726765745D272074616B6573207468652E
:1033D0002073706563696669656420696661636509
:1033E0002873292061646D696E2D646F776E2E00DD
:1033F000666C616700000000276E657420636D20B5
:10340000666C6167205B7461726765745D205B67E1
:1034100065742F7365745D205B666C61675D205B0E
:1034200076616C75655D272067657473206F722007
:1034300073657473206120666C616720666F72200B
:103440007468652073706563696669656420696680
:103450006163652E00000000276E657420636D2097
:1034600074696D656F7574205B7461726765745DF6
:10347000205B6765742F7365745D205B76616C7586
:10348000655D272067657473206F722073657473A0
:10349000207468652074696D656F757420666F723D
:1034A0002074686520737065636966696564206966
:1034B000666163652E000000BC34070034DF06003F
:1034C0000832070000000000490F0500010200005B
:1034D0005C3207006432070000000000D10F0500D5
:1034E00001020000A0320700A8320700000000001F
:1034F000BD10050001020000E0320700E8320700BD
:1035000000000000A11205000102000024330700A2
:103510003033070000000000AD1305000102000079
:10352000DCD9060074330700000000000D0D050013
:1035300001020000E0D90600B033070000000000DF
:10354000A911050001020000F0330700F83307005D
:1035500000000000E51605000105000060E006001F
:103560005834070000000000B914050001040000F1
:10357000000000000000000000000000000000004B
:1035800000000000A430070000000000B030070079
:1035900001000000C03007000200000049507634EE
:1035A00020737570706F72742020202020202020DE
:1035B000202020202020202020202020202020200B
:1035C0002020202020203A2025730A00646973619E
:1035D000626C6564000000004950763420667261B8
:1035E000676D656E746174696F6E20737570706F4E
:1035F0007274202020202020202020202020202025
:1036000020203A2025730A004950763420636F6EDB
:10361000666C69637420646574656374696F6E2099
:10362000737570706F72742020202020202020205D
:1036300020203A2025730A0050617468204D5455AB
:1036400020446973636F766572792028504D545514
:103650002920202020202020202020202020202061
:1036600020203A2025730A004D6178206E756D6226
:103670006572206F662049507634206E6574776FCE
:10368000726B20696E746572666163657320696E22
:10369000207468652073797374656D202020202064
:1036A00020202020203A2025640A00004D61782047
:1036B0006E756D626572206F6620756E69636173E9
:1036C0007420495076342061646472657373657345
:1036D00020706572206E6574776F726B20696E74EE
:1036E0006572666163652020203A2025640A000027
:1036F0004D6178206E756D626572206F66206D7504
:103700006C74696361737420495076342061646419
:1037100072657373657320706572206E6574776F60
:10372000726B20696E74657266616365203A20254C
:10373000640A00000A49507634206164647265733B
:1037400073657320666F7220696E7465726661635B
:1037500065202564202825702920282573290A0042
:103760003D3D3D3D3D3D3D3D3D3D3D3D3D3D3D3D89
:103770003D3D3D3D3D3D3D3D3D3D3D3D3D3D3D3D79
:103780003D3D3D3D3D3D3D3D3D3D3D3D25730A00BB
:103790004E6F204950763420636F6E6669672066ED
:1037A0006F756E6420666F72207468697320696E2D
:1037B000746572666163652E0A0000005479706555
:1037C00020202020202009537461746520202020AF
:1037D0000952656609416464726573730A000000EA
:1037E000257320200925732020202009256C6409D9
:1037F00025732F25730A0000436F7272656374206E
:1038000075736167653A206E65742069707634203F
:1038100067617465776179203C696E6465783E20E4
:103820003C676174657761795F69703E0A000000EA
:10383000496E76616C696420616464726573733A81
:103840002025730A00000000436F727265637420C4
:1038500075736167653A206E6574206970763420EF
:10386000616464203C696E6465783E203C616464F8
:10387000726573733E205B3C6E65746D61736B3E65
:103880005D0A00006A6F696E0000000043616E6EA1
:103890006F74202573206D756C7469636173742077
:1038A00067726F757020257320666F7220696E7461
:1038B00065726661636520256420282564290A00F5
:1038C0004E65746D61736B206973206D69737369E4
:1038D0006E672E0A0000000043616E6E6F742061F7
:1038E0006464206164647265737320257320746F4F
:1038F00020696E746572666163652025640A000044
:10390000496E76616C6964206E65746D61736B3AA3
:1039100020257300436F727265637420757361674D
:10392000653A206E657420697076342064656C2079
:103930003C696E6465783E203C61646472657373B3
:103940003E0000006C656176650000004661696CB0
:10395000656420746F2064656C6574652025730A46
:103960000000000069707634000000005072696E3B
:103970007420696E666F726D6174696F6E2061622A
:103980006F75742049507634207370656369666979
:103990006320696E666F726D6174696F6E20616E0F
:1039A0006420636F6E66696775726174696F6E2EED
:1039B0000000000061646400276E65742069707601
:1039C0003420616464203C696E6465783E203C610B
:1039D0006464726573733E205B3C6E65746D6173E5
:1039E0006B3E5D27206164647320746865206164A8
:1039F000647265737320746F2074686520696E74D7
:103A00006572666163652E0064656C00276E65747F
:103A100020697076342064656C203C696E6465783A
:103A20003E203C616464726573733E272064656C5C
:103A3000657465732074686520616464726573736E
:103A40002066726F6D2074686520696E7465726699
:103A50006163652E0000000067617465776179001D
:103A6000276E6574206970763420676174657761AC
:103A700079203C696E6465783E203C6761746577A7
:103A800061795F69703E27207365747320495076B1
:103A900034206761746577617920666F722074687D
:103AA0006520696E746572666163652E00000000B2
:103AB000B43A0700B4390700B83907000000000025
:103AC0000D1D050000000000083A07000C3A070031
:103AD00000000000A91E050000000000583A070081
:103AE000603A0700000000007D1C05000000000097
:103AF00000000000000000000000000000000000C6
:103B0000000000004950763620737570706F727433
:103B100020202020202020202020202020202020A5
:103B200020202020202020202020202020203A207B
:103B300025730A00434F4E4649475F4E45545F493F
:103B400050563600434F4E4649475F4E45545F4EF0
:103B50004154495645000000536574202573206187
:103B60006E6420257320746F20656E61626C652021
:103B70006E617469766520257320737570706F723D
:103B8000742E0A0069707636000000005072696E6B
:103B90007420696E666F726D6174696F6E20616208
:103BA0006F75742049507636207370656369666955
:103BB0006320696E666F726D6174696F6E20616EED
:103BC0006420636F6E66696775726174696F6E2ECB
:103BD00000000000276E65742069707636206164ED
:103BE00064203C696E6465783E203C616464726563
:103BF00073733E2720616464732074686520616478
:103C0000647265737320746F2074686520696E74C4
:103C10006572666163652E00276E65742069707633
:103C2000362064656C203C696E6465783E203C619A
:103C30006464726573733E272064656C6574657394
:103C40002074686520616464726573732066726FA6
:103C50006D2074686520696E746572666163652E97
:103C600000000000706500006E6574206970763693
:103C700020706520616464205B616C6C6F777C648C
:103C8000656E795D203C49507636207072656669B4
:103C9000783E0A416464204950763620616464723B
:103CA00065737320746F2066696C746572206C692B
:103CB00073742E2054686520616C6C6F772F646577
:103CC0006E7920706172616D657465722074656CC7
:103CD0006C73206966207468697320697320616C55
:103CE0006C6F77206C697374656420286163636509
:103CF0007074656429206F722064656E79206C6928
:103D00007374656420286465636C696E656429203A
:103D10007072656669782E2044656661756C7420E2
:103D2000697320746F20616C6C6F77206C69737499
:103D300020746865207072656669782E0A697076ED
:103D4000362070652064656C203C495076362070C2
:103D500072656669783E0A44656C657465204950F1
:103D6000763620616464726573732066726F6D20AD
:103D700066696C746572206C6973742E00000000B3
:103D8000843D0700B4390700D43B07000000000061
:103D90002920050000000000083A0700183C070031
:103DA000000000005520050000000000643C0700F2
:103DB000683C070000000000ED1F05000000000047
:103DC00000000000000000000000000000000000F3
:103DD00000000000467261676D656E74206C656E50
:103DE0006774682025642062797465730A00000096
:103DF0004E6574776F726B206275666665722070AF
:103E00006F6F6C733A0A00004164647265737309E2
:103E100009546F74616C094E616D650A0000000001
:103E200025700925640952580A00000025700925EB
:103E3000640954580A000000257009256409525885
:103E400020444154410A0000257009256409545852
:103E500020444154410A00006E65745F627566201B
:103E6000616C6C6F636174696F6E0000434F4E4606
:103E700049475F4E45545F4255465F504F4F4C5F38
:103E800055534147450000006D656D005072696EE5
:103E90007420696E666F726D6174696F6E20616205
:103EA0006F7574206E6574776F726B206D656D6FC2
:103EB00072792075736167652E0000004E61746928
:103EC00076652049507636206E6F7420656E61628B
:103ED0006C65642E0A0000006E6272005072696E9A
:103EE00074206E65696768626F7220696E666F72B2
:103EF0006D6174696F6E2E00726D0000276E6574BF
:103F0000206E627220726D203C616464726573730E
:103F10003E272072656D6F766573206E65696768F0
:103F2000626F722066726F6D2063616368652E0038
:103F3000343F0700F83E0700FC3E07000000000089
:103F400069210500000000000000000000000000E2
:103F500000000000000000000000000074696D65B2
:103F60003D2564206D7300002564206279746573BB
:103F70002066726F6D20257320746F2025733A20A0
:103F800069636D705F7365713D25642074746C3D69
:103F900025642025730A00005061727365206572E4
:103FA000726F723A2025730A00000000556E726528
:103FB000636F676E697A656420617267756D656E9F
:103FC000743A2025730A0000546172676574206892
:103FD0006F7374206D697373696E670A0000000067
:103FE00043616E6E6F7420696E697469616C697A81
:103FF000652049434D5020636F6E74657874206668
:104000006F722025730A0000496E76616C69642026
:10401000495020616464726573730A0050494E47C9
:104020002025730A0000000050696E672074696DD6
:10403000656F75740A0000004661696C65642074E0
:104040006F2073656E642070696E672C20657272D4
:104050003A2025640000000050696E672061206EE0
:104060006574776F726B20686F73742E00000000A8
:10407000276E65742070696E67205B2D6320636F07
:10408000756E745D205B2D6920696E746572766152
:104090006C206D735D205B2D49203C696661636512
:1040A00020696E6465783E5D205B2D5120746F73CE
:1040B0005D205B2D73207061796C6F616420736982
:1040C0007A655D205B2D70207072696F72697479FA
:1040D0005D203C686F73743E272053656E642049F1
:1040E000434D507634206F722049434D5076362030
:1040F0004563686F2D5265717565737420746F2008
:1041000061206E6574776F726B20686F73742E0018
:1041100014410700F4FB0600704007000000000097
:104120005523050000000000000000000000000012
:10413000000000000000000000000000496E7661F1
:104140006C6964207074722076616C756520282516
:1041500073292E204578616D706C653A2030783077
:10416000313032303330340A00000000506F696E55
:10417000746572206973206E6F74207265636F6757
:104180006E697A6564206173206E65745F706B740C
:1041900020282573292E0A006E65745F706B7420C9
:1041A00025702062756666657220636861696E3A83
:1041B0000A00000025705B256C645D002D3E000048
:1041C00025705B256C642F2575202825752F257596
:1041D000295D00006E65745F706B7420257020622D
:1041E000756666657220636861696E2068657864CB
:1041F000756D703A0A0000006E65745F6275665BEB
:1042000025645D2025700A00706B74006E65745F14
:10421000706B7420696E666F726D6174696F6E2E5B
:1042200000000000276E657420706B74203C707471
:104230007220696E206865783E27205072696E741E
:1042400020696E666F726D6174696F6E2061626F56
:10425000757420676976656E206E65745F706B7427
:104260000000000068420700F4FB0600244207003B
:10427000000000000D270500000000000000000005
:10428000000000000000000000000000000000002E
:104290007061636B65742066696C74657220696E09
:1042A000666F726D6174696F6E000000434F4E4619
:1042B00049475F4E45545F504B545F46494C544507
:1042C0005200000066696C74657200005072696E7D
:1042D0007420696E666F726D6174696F6E206162C1
:1042E0006F7574206E6574776F726B207061636B8D
:1042F00065742066696C746572732E00434F4E4678
:1043000049475F4E45545F495056365F504D5455AE
:10431000206F7220434F4E4649475F4E45545F49D8
:104320005056345F504D545500000000706D747548
:104330000000000053686F7720504D545520696E7F
:10434000666F726D6174696F6E2E000052656D6FDD
:10435000766520616C6C20656E7472696573206689
:10436000726F6D20504D54552064657374696E6191
:1043700074696F6E2063616368652E008043070077
:104380008C0F07004C43070000000000B529050012
:10439000000000000000000000000000000000001D
:1043A000000000000000000050505000434F4E46F7
:1043B00049475F4E45545F4C325F50505020616E0C
:1043C0006420434F4E4649475F4E45545F5050501E
:1043D00000000000434F4E4649475F4E45545F4C36
:1043E000325F5050500000007070700050505020EC
:1043F000696E666F726D6174696F6E2E00000000E9
:10440000276E6574207070702070696E67203C693B
:104410006E6465783E272073656E6473204563681B
:104420006F2D7265717565737420746F20505050D4
:1044300020696E746572666163652E00276E65740F
:1044400020707070207374617475732720707269A6
:104450006E747320696E666F726D6174696F6E2021
:1044600061626F7574205050502E00007044070038
:10447000506B070000440700000000000D2A0500F3
:104480000000000034DF06003C440700000000008C
:10449000E12905000000000000000000000000000D
:1044A000000000000000000000000000596F7520AF
:1044B0006E6565642061206E6574776F726B206431
:1044C000726976657220737570706F7274696E6749
:1044D00020506F776572204D616E6167656D656E06
:1044E000742E0A00526573756D652061206E6574C7
:1044F000776F726B20696E74657266616365000028
:104500006E6574776F726B20726F75746500000052
:10451000434F4E4649475F4E45545F524F555445B1
:104520000000000053657420257320616E6420250F
:104530007320746F20656E61626C65206E617469B2
:10454000766520257320737570706F72742E20410C
:104550006E6420656E61626C6520434F4E4649472C
:104560005F4E45545F524F5554450A0053657420C1
:10457000257320616E6420257320746F20656E6141
:10458000626C65206E617469766520257320737591
:1045900070706F72742E20416E6420656E61626C63
:1045A0006520434F4E4649475F4E45545F524F5535
:1045B00054452E0A0000000053686F77206E657422
:1045C000776F726B20726F7574652E00276E65743D
:1045D00020726F75746520616464203C696E646547
:1045E000783E203C64657374696E6174696F6E3ED9
:1045F000203C676174657761793E2720616464734C
:104600002074686520726F75746520746F207468FB
:10461000652064657374696E6174696F6E2E000045
:10462000276E657420726F7574652064656C203C1C
:10463000696E6465783E203C64657374696E61746C
:10464000696F6E3E272064656C65746573207468BD
:104650006520726F75746520746F207468652064BE
:10466000657374696E6174696F6E2E007046070021
:10467000B4390700CC45070000000000BD2A050042
:1046800000000000083A0700204607000000000074
:10469000812A05000000000000000000000000006A
:1046A000000000000000000000000000736F636B5A
:1046B000657420696E666F726D6174696F6E00005B
:1046C000434F4E4649475F4F424A5F434F52452052
:1046D000616E6420434F4E4649475F4E45545F53D9
:1046E0004F434B4554535F4F424A5F434F5245003F
:1046F000536F636B65742073657276696365206EB2
:104700006F7420737570706F727465642E0A000088
:10471000736F636B6574730053686F77206E657495
:10472000776F726B20736F636B6574732E0000007C
:104730006B65792D76616C75650000006865782D74
:10474000626C6F6200000000626F7468000000001D
:10475000636F6D6D6F6E000076656E646F72000042
:104760000A496E746572666163652025702028258C
:104770007329205B25645D0A0000000049507634EF
:10478000207265637620202020202025750973651E
:104790006E740925750964726F7009257509666F55
:1047A000727761726465640925750A004950207644
:1047B000686C6572722020202020202575096862AF
:1047C0006C656E6572092575096C626C656E657243
:1047D0000925750A0000000049502066726167656E
:1047E0007272202020202025750963686B65727223
:1047F0000925750970726F746F65720925750A0055
:1048000049434D50207265637620202020202025CA
:10481000750973656E740925750964726F700925D1
:10482000750A000049434D50207479706565722007
:1048300020202025750963686B6572720925750A49
:104840000000000049474D5020726563762020200B
:1048500020202025750973656E7409257509647219
:104860006F700925750A0000554450207265637603
:104870002020202020202025750973656E740925CD
:10488000750964726F700925750A0000554450203F
:1048900063686B657272202020202025750A000055
:1048A00054435020627974657320726563762025C5
:1048B0006C6C750973656E7409256C6C750972658D
:1048C00073656E740925750A00000000544350207A
:1048D00073656720726563762020202575097365EE
:1048E0006E740925750964726F700925750A0000D8
:1048F0005443502073656720726573656E7420257C
:10490000750963686B6572720925750961636B656A
:1049100072720925750A00005443502073656720A0
:104920007273746572722025750972737409257526
:104930000A00000054435020636F6E6E2064726F53
:10494000702020257509636F6E6E7273740925756A
:104950000A00000054435020706B742064726F7022
:1049600020202025750A0000427974657320726545
:1049700063656976656420256C6C750A000000002B
:1049800042797465732073656E7420202020202581
:104990006C6C750A000000000A476C6F62616C2045
:1049A000737461746973746963730A003D3D3D3DBE
:1049B0003D3D3D3D3D3D3D3D3D3D3D3D3D0A0000D4
:1049C00050726F63657373696E672065727220251C
:1049D000750A00004E6574776F726B20696E74659E
:1049E000726661636520696E646578206D697373B2
:1049F000696E67210A00000053686F77206E657446
:104A0000776F726B20737461746973746963732E4A
:104A10000000000053686F77206E6574776F726BCB
:104A2000207374617469737469637320666F722094
:104A3000616C6C206E6574776F726B20696E746543
:104A40007266616365732E0A55736167653A206EFD
:104A5000657420737461747320616C6C205B636F88
:104A60006D6D6F6E7C76656E646F727C616C6C5D73
:104A7000205B6B65792D76616C75657C6865782D3A
:104A8000626C6F627C626F74685D0000276E657493
:104A9000207374617473203C696E6465783E205B9A
:104AA0006F7074696F6E735D272073686F77732002
:104AB0006E6574776F726B20737461746973746957
:104AC000637320666F72206F6E6520737065636913
:104AD000666963206E6574776F726B20696E7465AA
:104AE00072666163652E0A547970652066696C741C
:104AF00065723A0A2020636F6D6D6F6E3A204F6EBB
:104B00006C7920636F6D6D6F6E20737461747320A8
:104B100028736B6970732046572071756572792907
:104B20000A202076656E646F723A204F6E6C792091
:104B300076656E646F722D73706563696669632054
:104B400073746174730A2020616C6C3A20202020F9
:104B5000416C6C20737461747320286465666175A0
:104B60006C74290A56656E646F7220737461747375
:104B700020666F726D617420286F6E6C7920617091
:104B8000706C696573207768656E2076656E646FFA
:104B9000722073746174732073686F776E293A0A98
:104BA00020206B65792D76616C75653A204B6579AF
:104BB0002D76616C7565207061697273202864655B
:104BC0006661756C74290A20206865782D626C6FA7
:104BD000623A202048657820626C6F6220666F72AE
:104BE0002070617273696E670A2020626F74683A80
:104BF000202020202020426F746820666F726D6133
:104C000074730000084C0700A4DD0600144A070076
:104C100000000000092C050000000000F824070037
:104C20008C4A070034D20600E13005000000000085
:104C30000000000000000000000000000000000074
:104C40000000000053757370656E642061206E650E
:104C500074776F726B20696E74657266616365004C
:104C60004E6F7420636F6E6E65637465640A000036
:104C700043616E6E6F7420636C6F7365207468653A
:104C800020636F6E6E656374696F6E2028256429DA
:104C90000A000000436F6E6E656374696F6E206377
:104CA0006C6F7365642E0A0043616E6E6F742072C0
:104CB000656376206461746120282564290A0000F8
:104CC000436F6E6E656374696F6E20636C6F73659E
:104CD000642062792072656D6F74652070656572FD
:104CE0002E0A0000257A752062797465732072653A
:104CF0006365697665640A004E6F206461746120A3
:104D0000746F2073656E642E0A00000043616E6E3E
:104D10006F742073656E64206D7367202825642985
:104D20000A0000004D6573736167652073656E74DA
:104D30000A00000054435020636F6E6E656374690F
:104D40006F6E206661696C656420282564290A00FD
:104D500054435020636F6E6E65637465640A00008F
:104D6000416C726561647920636F6E6E6563746512
:104D7000640A0000506565722049502061646472C5
:104D8000657373206D697373696E672E0A00000086
:104D90005065657220706F7274206D697373696EEF
:104DA000672E0A00496E76616C696420706F7274B8
:104DB0002025730A00000000496E76616C6964204A
:104DC0004950763420616464726573730A00000090
:104DD000436F6E6E656374696E672066726F6D20D7
:104DE00025733A2575200000746F2025733A2575C8
:104DF0000A00000043616E6E6F7420676574205472
:104E0000435020636F6E7465787420282564290AE6
:104E10000000000043616E6E6F742062696E642052
:104E200054435020282564290A000000436F6E6E09
:104E3000656374206661696C6564210A0000000086
:104E4000436F6E6E6563742F73656E642F636C6F52
:104E500073652054435020636F6E6E656374696F91
:104E60006E2E0000276E65742074637020636F6E71
:104E70006E656374203C616464726573733E203CAC
:104E8000706F72743E2720636F6E6E65637473205B
:104E9000746F2054435020706565722E000000002E
:104EA00073656E6400000000276E65742074637083
:104EB0002073656E64203C646174613E27207365D5
:104EC0006E6473206461746120746F207065657214
:104ED000207573696E67205443502E0072656376A7
:104EE00000000000276E6574207463702072656393
:104EF00076272072656365697665732064617461E5
:104F0000207573696E67205443502E00636C6F7375
:104F100065000000276E65742074637020636C6FF9
:104F200073652720636C6F7365732054435020634F
:104F30006F6E6E656374696F6E2E0000404F0700E0
:104F4000E0320700644E0700000000004135050014
:104F500000000000A04E0700A84E0700000000005F
:104F60005934050000000000DC4E0700E44E070045
:104F70000000000025330500000000000C4F070072
:104F8000144F070000000000B132050000000000CF
:104F90000000000000000000000000000000000011
:104FA00000000000526563656976656420554450D1
:104FB000207061636B65743A200000004E65747761
:104FC0006F726B20636F6E74657874206973206EE6
:104FD0006F7420757365642E2043616E6E6F74204C
:104FE000636C6F73652E0A0043616E6E6F7420638D
:104FF0006C6F73652055445020706F7274202825A3
:1050000064290A004E6F7420656E6F7567682061B1
:105010007267756D656E747320676976656E20665C
:105020006F72207564702062696E6420636F6D6DAD
:10503000616E640A00000000496E76616C6964204C
:10504000706F7274206E756D6265720A00000000E8
:105050004E6574776F726B20636F6E746578742021
:10506000616C726561647920696E207573650A00F0
:1050700043616E6E6F7420676574205544502063E1
:105080006F6E7465787420282564290A000000007A
:1050900062696E64000000004950763620616E64DB
:1050A0002049507634206172652064697361626CB6
:1050B00065642C2063616E6E6F742025732E0A0068
:1050C0004E6F20696E7465726661636520746F202F
:1050D00073656E6420746F20676976656E20686FF3
:1050E00073740A0042696E64696E6720746F20559C
:1050F000445020706F7274206661696C656420286A
:105100002564290A00000000526563656976696EAE
:10511000672066726F6D2055445020706F72742046
:105120006661696C656420282564290A0000000016
:1051300043616E6E6F742070757420554450206307
:105140006F6E7465787420282564290A00000000B9
:105150004E6F7420656E6F75676820617267756D3C
:10516000656E747320676976656E20666F72207550
:1051700064702073656E6420636F6D6D616E640A88
:105180000000000053657474696E672072637620B6
:1051900063616C6C6261636B206661696C6564203D
:1051A000282564290A00000053656E64696E672033
:1051B0007061636B6574206661696C656420282585
:1051C00064290A00554450207061636B6574207334
:1051D000656E64696E67206661696C65640A0000CB
:1051E0007564700053656E642F7265637620554454
:1051F00050207061636B657400000000276E657459
:10520000207564702062696E64203C616464723E43
:10521000203C706F72743E272062696E6473207444
:105220006F20554450206C6F63616C20706F7274F6
:105230002E000000276E65742075647020636C6F0B
:1052400073652720636C6F73657320707265766970
:105250006F75736C7920626F756E6420706F7274F5
:105260002E000000276E6574207564702073656ED3
:1052700064203C686F73743E203C706F72743E20F3
:105280003C7061796C6F61643E272073656E647356
:1052900020554450207061636B657420746F2061E9
:1052A000206E6574776F726B20686F73742E0000C8
:1052B000B452070090500700FC51070000000000A6
:1052C00095380500000000000C4F0700345207001D
:1052D000000000003938050000000000A04E070063
:1052E00064520700000000005D3A05000000000065
:1052F00000000000000000000000000000000000AE
:10530000000000007669727475616C206E657477B8
:105310006F726B20696E7465726661636500000070
:10532000434F4E4649475F4E45545F4C325F5649A6
:10533000525455414C0000007669727475616C00DE
:1053400053686F772F6D616E6970756C617465203D
:105350007669727475616C206E6574776F726B20FC
:10536000696E74657266616365732E006174746141
:10537000636800004174746163682061206E657425
:10538000776F726B20696E746572666163652074F5
:105390006F20616E6F7468657220696E74657266E5
:1053A0006163652E0A277669727475616C20617479
:1053B00074616368203C75707065722076697274E0
:1053C00075616C20696661636520696E6465783E0D
:1053D000203C6C6F77657220696661636520696E39
:1053E0006465783E270000006465746163680000AE
:1053F0004465746163682061206E6574776F726BB9
:1054000020696E746572666163652066726F6D20D7
:10541000616E6F7468657220696E7465726661632F
:10542000652E0A277669727475616C2064657461F3
:105430006368203C7570706572207669727475615E
:105440006C20696661636520696E6465783E27003B
:1054500053686F77207669727475616C20696E7419
:1054600065726661636520696E666F726D617469ED
:105470006F6E2E0A277669727475616C2073686F7F
:1054800077270000885407006C5307007453070007
:1054900000000000BD3C050003000000E8530700C9
:1054A000F053070000000000913C050002000000DE
:1054B0006CDF06005054070000000000653C05004A
:1054C00001010000000000000000000000000000DA
:1054D0000000000000000000564C414E000000009B
:1054E000434F4E4649475F4E45545F564C414E0030
:1054F000766C616E0000000053686F7720564C4157
:105500004E20696E666F726D6174696F6E2E000059
:10551000276E657420766C616E20616464203C7433
:1055200061673E203C696E6465783E272061646453
:105530007320564C414E2074616720746F2074684C
:1055400065206E6574776F726B20696E7465726624
:105550006163652E00000000276E657420766C6123
:105560006E2064656C203C7461673E272064656C26
:105570006574657320564C414E20746167206672D5
:105580006F6D20746865206E6574776F726B20692B
:105590006E746572666163652E000000A055070099
:1055A000B43907001055070000000000413D050018
:1055B00003000000083A07005855070000000000EB
:1055C000153D050002000000000000000000000082
:1055D000000000000000000000000000576562733A
:1055E0006F636B6574000000434F4E4649475F5739
:1055F0004542534F434B45545F434C49454E54003D
:10560000776562736F636B65740000005072696E3A
:105610007420696E666F726D6174696F6E2061626D
:105620006F757420576562536F636B657420636F89
:105630006E6E656374696F6E732E00007162760022
:10564000434F4E4649475F4E45545F514256000016
:1056500053657420257320746F20656E61626C65DC
:1056600020257320737570706F72742E0A0A000003
:1056700045746865726E6574206E6574776F726BC1
:10568000206D616E6167656D656E7420696E74650D
:105690007266616365000000434F4E4649475F4EA6
:1056A00045545F4C325F45544845524E45545F4D1A
:1056B000474D540051627620636F6D6D616E647367
:1056C00000000000456E61626C653A20656E6162A3
:1056D0006C65203C69666163655F696E6465783EF0
:1056E000203C76616C7565286F66662C206F6E298C
:1056F0003E0000007365745F636F6E66696700004B
:1057000053657420636F6E6669673A207365745FD2
:10571000636F6E666967203C69666163655F696E89
:105720006465783E203C626173655F74696D6528CD
:1057300073293E203C626173655F74696D65283230
:105740002A282D3136296E73293E203C6379636CFB
:10575000655F74696D652873293E203C6379636CCD
:10576000655F74696D65286E73293E203C637963BB
:105770006C655F74696D655F657874286E73293E2A
:10578000203C6C6973745F6C656E3E007365745F7A
:1057900067630000536574206761746520636F6EF2
:1057A00074726F6C3A207365745F6763203C69663E
:1057B0006163655F696E6465783E203C726F773E19
:1057C000203C676174655F636F6E74726F6C3E201E
:1057D0003C696E74657276616C3E00006765745F4B
:1057E000696E666F0000000047657420696E666F21
:1057F0003A206765745F696E666F203C6966616315
:10580000655F696E6465783E00000000105807000F
:10581000B8110700C456070000000000013E050053
:1058200003000000F45607000057070000000000C6
:10583000353E0500080000008C570700945707000C
:1058400000000000693E050005000000DC5707006D
:10585000E857070000000000CD3D050002000000F1
:105860000000000000000000000000000000000038
:1058700000000000574553545F544F504449522F85
:105880007A65706879722F7375627379732F6E659C
:10589000742F6C322F65746865726E65742F657431
:1058A0006865726E65742E630000000006FFFFFFDE
:1058B000FFFFFF00FFFFFFFFFFFF0000415250000E
:1058C000574553545F544F504449522F7A6570687E
:1058D00079722F7375627379732F6E65742F697087
:1058E0002F6E65745F73746174732E68000000001E
:1058F000574553545F544F504449522F7A6570684E
:1059000079722F7375627379732F6E65742F697056
:105910002F6E65745F69662E630000003C696E76C9
:10592000616C69643E000000776C616E2564000064
:1059300065746825640000006E65742564000000CD
:10594000554E4B4E4F574E004E4F545052455345B7
:105950004E5400004C4F5745524C41594552444F0C
:10596000574E000054455354494E4700444F524D42
:10597000414E54004059070048590700C8300700FD
:1059800054590700645907006C5907006422070046
:105990004E45545F4F4B00004E45545F434F4E54AD
:1059A000494E5545000000004E45545F44524F504B
:1059B000000000003C756E6B6E6F776E3E0000005D
:1059C00049434D5076340000544350005544500034
:1059D00049434D507636000043414E5F52415700D7
:1059E000554E4B5F50524F544F000000FFFFFFFFDA
:1059F00000000000574553545F544F504449522F04
:105A00007A65706879722F7375627379732F6E651A
:105A1000742F69702F6E65745F6D676D742E6300EF
:105A20006E65745F6D676D740000000057455354D8
:105A30005F544F504449522F7A65706879722F73C2
:105A400075627379732F6E65742F69702F6E65742C
:105A50005F636F6E746578742E6300002C0B070013
:105A60006C5A07008000000000000000088203203C
:105A70002C0B0700805A0700800000000000000087
:105A8000F897032072785F715B25645D0000000069
:105A90000000000000000000E0000002E000000143
:105AA000574553545F544F504449522F7A6570689C
:105AB00079722F7375627379732F6E65742F6970A5
:105AC0002F7463702E6300007463705F776F726B66
:105AD000000000005443505F554E555345440000AC
:105AE0005443505F434C4F53454400005443505F70
:105AF0004C495354454E00005443505F53594E5F38
:105B000053454E54000000005443505F53594E5FBC
:105B10005245434549564544000000005443505FF8
:105B200045535441424C4953484544005443505F07
:105B300046494E5F574149545F3100005443505F1E
:105B400046494E5F574149545F3200005443505F0D
:105B5000434C4F53455F5741495400005443505FF5
:105B6000434C4F53494E47005443505F4C415354AC
:105B70005F41434B000000005443505F54494D4582
:105B80005F57414954000000D45A0700E05A07000B
:105B9000EC5A0700F85A0700085B07001C5B070077
:105BA0002C5B07003C5B07004C5B07005C5B07005D
:105BB000685B0700785B07003139322E3136382EAA
:105BC000312E353000000000496E697469616C69DE
:105BD0007A696E67206E6574776F726B00000000E3
:105BE000636F6E6E5F6D67725F6D6F6E69746F72FB
:105BF00000000000574553545F544F504449522F02
:105C00007A65706879722F696E636C7564652F7A36
:105C100065706879722F6E65742F636F6E6E5F6D3D
:105C200067725F636F6E6E65637469766974795FBE
:105C3000696D706C2E680000574553545F544F5087
:105C40004449522F7A65706879722F73756273793F
:105C5000732F6E65742F636F6E6E5F6D67722F6347
:105C60006F6E6E5F6D67725F636F6E6E6563746992
:105C7000766974792E630000574553545F544F5032
:105C80004449522F7A65706879722F64726976651B
:105C900072732F636C6F636B5F636F6E74726F6C84
:105CA0002F636C6F636B5F636F6E74726F6C5F6E8C
:105CB00072662E6300000000691506006913060075
:105CC00000000000636C6F636B40353030300000C3
:105CD000636C6F636B0000006866636C6B000000B0
:105CE0006C66636C6B000000636C6F636B5F636F6B
:105CF0006E74726F6C000000FC5C07000100000015
:105D0000D05C07008D14060065120600D85C070001
:105D10003D13060039130600E05C07007073612D27
:105D2000726E67007073615F726E6700305D0700AE
:105D300001000000245D0700574553545F544F5045
:105D40004449522F7A65706879722F696E636C7559
:105D500064652F7A65706879722F647269766572EE
:105D6000732F6770696F2E68000000002573204D47
:105D700041432073657420746F20253032783A25B2
:105D80003032783A253032783A253032783A253038
:105D900032783A253032780053454E4420636F6D97
:105DA0006D616E64206661696C65643A206C656E35
:105DB0003D2575207265743D25640000545820709F
:105DC0006F6C6C2072656164206661696C65643A11
:105DD000206C656E3D257520706F6C6C3D256420D0
:105DE00072633D256400000054582074696D656F2E
:105DF0007574206166746572203130206D733A20AD
:105E00006C656E3D25752049523D307825303278DD
:105E10002872633D2564292053305F49523D307814
:105E2000253032782872633D2564292053305F5332
:105E3000523D3078253032782872633D2564292020
:105E4000494E543D256400003130300031300000AF
:105E500025733A204C696E6B2075700025733A20CB
:105E60004C696E6B207370656564202573204D62EC
:105E70002C202573206475706C65780025733A209A
:105E80004C696E6B20646F776E00000049525120A0
:105E9000706F6C6C696E672073746174733A2070F4
:105EA0006F6C6C733D2575206770696F3D2575209B
:105EB00074783D25752072783D257520494E543DF6
:105EC00025640000535049206D6173746572207021
:105ED0006F7274202573206E6F742072656164790F
:105EE000000000004750494F20706F7274202573E6
:105EF000206E6F742072656164790000556E616276
:105F00006C6520746F20636F6E66696775726520BB
:105F10004750494F2070696E20257500556E6162AB
:105F20006C6520746F20616464204750494F206382
:105F3000616C6C6261636B2025750000556E616257
:105F40006C6520746F20656E61626C6520475049F6
:105F50004F20494E5420257500000000526573659E
:105F600074206661696C656400000000556E6162B2
:105F70006C6520746F2072656164205254522072E7
:105F800065676973746572006574685F773535306D
:105F900030000000573535303020496E6974696132
:105FA0006C697A65640000006574682D773535305A
:105FB000304030006574682D773535303040305FC3
:105FC00070687900C85F070001000000885F070063
:105FD000D0C9060000127A000001000070C9060056
:105FE0000A000100000000000100000000000000A5
:105FF00070C906000200010000000000000000005F
:10600000030200000091510610CA06003119060073
:106010000000000000000000C11C0600991C0600E2
:106020003D180600B11906000000000041180600E6
:10603000011D0600574553545F544F504449522F99
:106040007A65706879722F696E636C7564652F7AF2
:1060500065706879722F647269766572732F6770E4
:10606000696F2F6770696F5F7574696C732E680054
:10607000574553545F544F504449522F6D6F6475C8
:106080006C65732F68616C2F6E6F726469632F6E1D
:106090007266782F68616C2F6E72665F6770696FC9
:1060A0002E680000574553545F544F504449522FB7
:1060B0007A65706879722F647269766572732F677A
:1060C00070696F2F6770696F5F6E7266782E6300FC
:1060D0006770696F40383432353030006770696FEF
:1060E00030000000E860070001000000DC600700ED
:1060F000FFFFFFFF00258440806A012000000000B0
:106100000000000000010203040506074661696CF7
:10611000656420746F20616C6C6F636174652050DE
:106120005049204368616E6E656C00007561727441
:10613000403830303000000075617274300000006B
:10614000756172745F6E7266785F756172746500F6
:106150005461070001000000386107000080004022
:1061600001000000000000007C6107000000D60173
:1061700000000000A9960120A896012000800040A0
:106180008861070001000000906107000400000022
:106190001B0000000E0000021A0600010F0600039B
:1061A0005570646174652065786365656473206308
:1061B000757272656E7420627566666572000000A5
:1061C0004661696C656420746F20616C6C6F6361FB
:1061D0007465204750494F5445206368616E6E6571
:1061E0006C20666F722057414B4500004661696C18
:1061F000656420746F20636F6E66696775726520D1
:1062000057414B452070696E000000004353204702
:1062100050494F20706F72742025732070696E2072
:106220002564206973206E6F742072656164790043
:1062300048616C662D6475706C6578206E6F742093
:10624000737570706F72746564000000536C6176D2
:1062500065206D6F6465206973206E6F742073759F
:1062600070706F72746564206F6E2025730000007B
:106270004C6F6F706261636B206D6F646520697332
:10628000206E6F7420737570706F72746564000097
:10629000576F72642073697A6573206F74686572D2
:1062A000207468616E2038206269747320617265A1
:1062B000206E6F7420737570706F72746564000067
:1062C0004672657175656E63696573206C6F77657D
:1062D00072207468616E20313235206B487A2061FB
:1062E0007265206E6F7420737570706F7274656460
:1062F000000000004661696C656420746F20696E5F
:10630000697469616C697A65206E7266782064725E
:10631000697665723A20256400000000576169744F
:10632000696E6720666F722057414B452061636B31
:106330006E6F776C6564676D656E742074696D65EA
:1063400064206F757400000054696D656F7574206A
:1063500077616974696E6720666F72207472616E0E
:106360007366657220636F6D706C65746500000004
:106370007370694062303030000000007370693320
:106380000000000061726475696E6F5F7370690070
:106390007370695F6E7266785F7370696D0000007C
:1063A000A4630700020000007C6307008463070009
:1063B00000127A0000000000000000000000000051
:1063C000FFFFFFFF0000FF000000000000000001D1
:1063D0000100000085320600FF1F0000EC6307008B
:1063E00000000000FFFFFFFF0000000000B00040C1
:1063F000F8630700010000000064070003000000CC
:106400000D1800040C1800060B18000570C90600D2
:106410000A00010070C906001400010054462D4D09
:10642000206E6F6E2D7365637572652063616C6C91
:106430006261636B20696E697469616C697A617409
:10644000696F6E206661696C65642C206572726F7D
:10645000723A2025640000002A2A2A2A2A2053455D
:1064600043555245204641554C54202A2A2A2A2A6F
:10647000000000002020416464726573733A20308C
:10648000782578002020496E76616C696420656EFD
:1064900074727920706F696E740000002020496E5C
:1064A00076616C696420696E7465677269747920BD
:1064B0007369676E61747572650000002020496E13
:1064C00076616C696420657863657074696F6E20AD
:1064D00072657475726E0000202041747472696276
:1064E0007574696F6E20756E69742076696F6C6162
:1064F00074696F6E000000002020496E76616C693F
:1065000064207472616E736974696F6E00000000BC
:1065100020204C617A7920737461746520707265F3
:10652000736572766174696F6E00000020204C61A3
:106530007A79207374617465206572726F720000DD
:106540002A2A2A2A2A2053505520494E544552526D
:10655000555054202A2A2A2A2A0000002020536558
:106560006375726974792076696F6C6174696F6E96
:1065700020666F722074686520666C617368206D98
:10658000656D6F72792073706163650020205365BB
:106590006375726974792076696F6C6174696F6E66
:1065A00020666F72207468652052414D206D656DC4
:1065B0006F7279207370616365000000202053655D
:1065C0006375726974792076696F6C6174696F6E36
:1065D000206F6E206F6E65206F7220736576657216
:1065E000616C207065726970686572616C732E00F1
:1065F000574553545F544F504449522F6E72662F83
:106600006D6F64756C65732F747275737465642D2A
:106610006669726D776172652D6D2F6661756C7438
:106620002E630000574553545F544F504449522F36
:106630006D6F64756C65732F68616C2F6E6F72641B
:1066400069632F6E7266782F68656C706572732F40
:106650006E7266785F677070695F647070692E63D0
:1066600000000000574553545F544F504449522F87
:106670006D6F64756C65732F68616C2F6E6F7264DB
:1066800069632F6E7266782F647269766572732FF4
:106690007372632F6E7266785F636C6F636B2E63C9
:1066A00000000000574553545F544F504449522F47
:1066B0006D6F64756C65732F68616C2F6E6F72649B
:1066C00069632F6E7266782F647269766572732FB4
:1066D0007372632F6E7266785F636C6F636B5F6853
:1066E00066636C6B2E630000574553545F544F50E4
:1066F0004449522F6D6F64756C65732F68616C2F00
:106700006E6F726469632F6E7266782F6472697639
:106710006572732F7372632F6E7266785F636C6F2E
:10672000636B5F6C66636C6B2E630000574553545C
:106730005F544F504449522F6D6F64756C65732FD1
:1067400068616C2F6E6F726469632F6E7266782F4A
:10675000647269766572732F7372632F6E726678D6
:106760005F6770696F74652E63000000574553546E
:106770005F544F504449522F6D6F64756C65732F91
:1067800068616C2F6E6F726469632F6E7266782F0A
:1067900068616C2F6E72665F6770696F74652E68D2
:1067A00000000000080000000100000008000000D8
:1067B00001000000574553545F544F504449522F35
:1067C0006D6F64756C65732F68616C2F6E6F72648A
:1067D00069632F6E7266782F647269766572732FA3
:1067E0007372632F6E7266785F7370696D2E6300CB
:1067F000535443502066643D256420747970653D90
:1068000025642070726F746F636F6C3D2564206324
:106810006172726965725F66643D25640000000004
:10682000B55F0600CD5F060051600600695F060097
:106830004561060009610600956006007960060062
:10684000E55F06004562060025620600A55F0600BA
:10685000955F060000000000000000008D5F06004C
:10686000855F0600737463705F6F66666C6F61644A
:1068700000000000574553545F544F504449522F75
:106880007A65706879722F6B65726E656C2F6465BE
:10689000766963652E63000048616C74696E6720D9
:1068A00073797374656D0000556E6B6E6F776E2033
:1068B0006572726F720000003E3E3E205A4550489D
:1068C000595220464154414C204552524F522025A6
:1068D000643A202573206F6E2043505520256400B4
:1068E0004661756C7420647572696E6720696E7498
:1068F0006572727570742068616E646C696E670A87
:106900000000000043757272656E742074687265D1
:1069100061643A2025702028257329005745535477
:106920005F544F504449522F7A65706879722F6BCB
:1069300065726E656C2F666174616C2E6300000079
:1069400043505520657863657074696F6E00000070
:10695000556E68616E646C656420696E74657272F0
:1069600075707400537461636B206F766572666C2A
:106970006F7700004B65726E656C206F6F707300EF
:106980004B65726E656C2070616E6963000000007B
:1069900040690700506907006469070074690700CF
:1069A00080690700574553545F544F504449522F54
:1069B0007A65706879722F6B65726E656C2F696E7F
:1069C00069742E630000000069646C6500000000BB
:1069D00090C8060098C80600E0C80600E8C806008F
:1069E00038C9060050C906006F730000574553545C
:1069F0005F544F504449522F7A65706879722F6BFB
:106A000065726E656C2F6B686561702E63000000A7
:106A1000574553545F544F504449522F7A6570681C
:106A200079722F6B65726E656C2F6D656D5F736C1F
:106A300061622E6300000000574553545F544F506D
:106A40004449522F7A65706879722F6B65726E6552
:106A50006C2F696E636C7564652F6B736368656416
:106A60002E680000574553545F544F504449522FED
:106A70007A65706879722F6B65726E656C2F6964C8
:106A80006C652E6300000000574553545F544F500F
:106A90004449522F7A65706879722F6B65726E6502
:106AA0006C2F6D73675F712E630000005745535460
:106AB0005F544F504449522F7A65706879722F6B3A
:106AC00065726E656C2F6D757465782E63000000BD
:106AD000574553545F544F504449522F7A6570685C
:106AE00079722F6B65726E656C2F73656D2E630006
:106AF000574553545F544F504449522F7A6570683C
:106B000079722F6B65726E656C2F776F726B2E6367
:106B1000000000002B000000574553545F544F50B5
:106B20004449522F7A65706879722F6B65726E6571
:106B30006C2F7468726561642E63000064756D6DFE
:106B40007900000070656E64696E6700736C65653E
:106B500070696E67000000006465616400000000F9
:106B600073757370656E64656400000061626F72B6
:106B700074696E670000000073757370656E6469F8
:106B80006E67000071756575656400003C6B0700F9
:106B900001000500446B0700020007004C6B070072
:106BA00004000800586B070008000400606B070031
:106BB000100009006C6B070020000800786B0700CC
:106BC00040000A00846B07008000060057455354BC
:106BD0005F544F504449522F7A65706879722F6B19
:106BE00065726E656C2F73636865642E63000000C8
:106BF000574553545F544F504449522F7A6570683B
:106C000079722F6B65726E656C2F696E636C75643B
:106C1000652F6B7468726561642E68005745535424
:106C20005F544F504449522F7A65706879722F6BC8
:106C300065726E656C2F696E636C7564652F6B731E
:106C40007761702E68000000574553545F544F50D1
:106C50004449522F7A65706879722F6B65726E6540
:106C60006C2F74696D65736C6963696E672E630060
:106C7000574553545F544F504449522F7A657068BA
:106C800079722F6B65726E656C2F746872656164C2
:106C90005F6D6F6E69746F722E63000057455354B9
:106CA0005F544F504449522F7A65706879722F6B48
:106CB00065726E656C2F74696D656F75742E6300F7
:106CC000574553545F544F504449522F7A6570686A
:106CD00079722F6B65726E656C2F706F6C6C2E63A2
:106CE00000000000574553545F544F504449522F01
:106CF0007A65706879722F6B65726E656C2F657638
:106D0000656E74732E630000574553545F544F50A3
:106D10004449522F7A65706879722F6B65726E657F
:106D20006C2F6D656D706F6F6C2E63007379737768
:106D30006F726B71000000002C6D070000010000F5
:106D400088130000000000000000000000000000A8
:106D500000000000000000409559695955555455F0
:106D60001555555604051541105455404551554487
:106D7000404550445055554500400040400444961D
:106D80006555565545404554514115405591555509
:106D900055554051050100005445545445550504CE
:106DA0000010041014044000000001405555154126
:106DB0005404000044000100000000404100004471
:106DC00050444550540055555455655100400040BD
:106DD00001000001000501001154515154555505A1
:106DE0000000000000000000000000000020202043
:106DF000202020202020282828282820202020206B
:106E0000202020202020202020202020208810103A
:106E10001010101010101010101010101004040496
:106E20000404040404040410101010101010414154
:106E30004141414101010101010101010101010142
:106E40000101010101010101101010101010424256
:106E50004242424202020202020202020202020212
:106E600002020202020202021010101020000000B2
:106E70000000000000000000000000000000000012
:106E80000000000000000000000000000000000002
:106E900000000000000000000000000000000000F2
:106EA00000000000000000000000000000000000E2
:106EB00000000000000000000000000000000000D2
:106EC00000000000000000000000000000000000C2
:106ED00000000000000000000000000000000000B2
:106EE00000000000000000000000000000696E6665
:106EF000006E616E00286E756C6C29000000000049
:106F00000000000000000000000000000000000081
:106F10000000000000000000000000000000000071
:106F20000000000000000000000000000000000061
:106F30000000000000000000000000000000000051
:106F40000000000000000000000000000000000041
:106F50000000000000000000000000000000000031
:106F60000000000000000000000000000000000021
:106F70000000000000000000000000000000000011
:106F80000000000000000000000000000000000001
:106F900000000000000000000000000000000000F1
:106FA00000000000000000000000000000000000E1
:106FB00000000000000000000000000000000000D1
:106FC00000000000000000000000000000000000C1
:106FD00000000000000000000000000000000000B1
:106FE00000000000000000000000000000000000A1
:106FF0000000000000000000000000000000000091
:107000000000000000000000000000000000000080
:107010000000000000000000000000000000000070
:107020000000000000000000000000000000000060
:107030000000000000000000000000000000000050
:107040000000000000000000000000000000000040
:107050000000000000000000000000000000000030
:107060000000000000000000000000000000000020
:107070000000000000000000000000000000000010
:107080000000000000000000000000000000000000
:1070900000000000000000000000000000000000F0
:1070A00000000000000000000000000000000000E0
:1070B00000000000000000000000000000000000D0
:1070C00000000000000000000000000000000000C0
:1070D00000000000000000000000000000000000B0
:1070E00000000000000000000000000000000000A0
:1070F0000000000000000000000000000000000090
:10710000000000000000000000000000000000007F
:10711000000000000000000000000000000000006F
:10712000000000000000000000000000000000005F
:10713000000000000000000000000000000000004F
:10714000000000000000000000000000000000003F
:10715000000000000000000000000000000000002F
:10716000000000000000000000000000000000001F
:10717000000000000000000000000000000000000F
:1071800000000000000000000000000000000000FF
:1071900000000000000000000000000000000000EF
:1071A00000000000000000000000000000000000DF
:1071B00000000000000000000000000000000000CF
:1071C00000000000000000000000000000000000BF
:1071D00000000000000000000000000000000000AF
:1071E000000000000000000000000000000000009F
:1071F000000000000000000000000000000000008F
:10720000000000000000000000000000000000007E
:10721000000000000000000000000000000000006E
:10722000000000000000000000000000000000005E
:10723000000000000000000000000000000000004E
:10724000000000000000000000000000000000003E
:10725000000000000000000000000000000000002E
:10726000000000000000000000000000000000001E
:10727000000000000000000000000000000000000E
:1072800000000000000000000000000000000000FE
:1072900000000000000000000000000000000000EE
:1072A00000000000000000000000000000000000DE
:1072B00000000000000000000000000000000000CE
:1072C00000000000000000000000000000000000BE
:1072D00000000000000000000000000000000000AE
:1072E000000000000000000000000000000000009E
:1072F000000000000000000000000000000000008E
:10730000046401200464012001000000FFFFFFFF6E
:1073100014640120146401201C6401201C640120F9
:1073200000000000FFFFFFFF2C6401202C640120FF
:10733000000000000000000000000000000000004D
:10734000000000000000000000000000000000003D
:10735000000000000000000000000000000000002D
:10736000000000000000000000000000000000001D
:10737000000000000000000000000000000000000D
:1073800000000000000000000000000000000000FD
:1073900000000000000000000000000000000000ED
:1073A00000000000000000000000000000000000DD
:1073B00000000000000000000000000000000000CD
:1073C00000000000000000000000000000000000BD
:1073D00000000000000000000000000000000000AD
:1073E000000000000000000000000000000000009D
:1073F000000000000000000000000000000000008D
:10740000000000000000000000000000000000007C
:10741000000000000000000000000000000000006C
:10742000000000000000000000000000000000005C
:10743000000000000000000000000000000000004C
:10744000000000000000000000000000000000003C
:10745000000000000000000000000000000000002C
:10746000000000000000000000000000000000001C
:10747000000000000000000000000000000000000C
:1074800000000000000000000000000000000000FC
:1074900000000000000000000000000000000000EC
:1074A00000000000000000000000000000000000DC
:1074B00000000000000000000000000000000000CC
:1074C00000000000000000000000000000000000BC
:1074D00000000000000000000000000000000000AC
:1074E000000000000000000000000000000000009C
:1074F000000000000000000000000000000000008C
:10750000000000000000000000000000000000007B
:10751000000000000000000000000000000000006B
:10752000000000000000000000000000000000005B
:10753000000000000000000000000000000000004B
:10754000000000000000000000000000000000003B
:10755000000000000000000000000000000000002B
:10756000000000000000000000000000000000001B
:10757000000000000000000000000000000000000B
:1075800000000000000000000000000000000000FB
:1075900000000000000000000000000000000000EB
:1075A00000000000000000000000000000000000DB
:1075B00000000000000000000000000000000000CB
:1075C00000000000000000000000000000000000BB
:1075D00000000000000000000000000000000000AB
:1075E000000000000000000000000000000000009B
:1075F000000000000000000000000000000000008B
:10760000000000000000000000000000000000007A
:10761000000000000000000000000000000000006A
:10762000000000000000000000000000000000005A
:10763000000000000000000000000000000000004A
:10764000000000000000000000000000000000003A
:10765000000000000000000000000000000000002A
:10766000000000000000000000000000000000001A
:10767000000000000000000000000000000000000A
:1076800000000000000000000000000000000000FA
:1076900000000000000000000000000000000000EA
:1076A00000000000000000000000000000000000DA
:1076B00000000000000000000000000000000000CA
:1076C00000000000000000000000000000000000BA
:1076D00000000000000000000000000000000000AA
:1076E000000000000000000000000000000000009A
:1076F000000000000000000000000000000000008A
:107700000000000000000000000000000000000079
:107710000000000000000000000000000000000069
:107720000000000000000000000000000000000059
:107730000000000000000000000000000000000049
:107740000000000000000000000000000000000039
:107750000000000000000000000000000000000029
:107760000000000000000000000000000000000019
:107770000000000000000000000000000000000009
:1077800000000000000000000000000000000000F9
:1077900000000000000000000000000000000000E9
:1077A00000000000000000000000000000000000D9
:1077B00000000000000000000000000000000000C9
:1077C00000000000000000000000000000000000B9
:1077D00000000000000000000000000000000000A9
:1077E0000000000000000000000000000000000099
:1077F0000000000000000000000000000000000089
:107800000000000000000000000000000000000078
:107810000000000000000000000000000000000068
:107820000000000000000000000000000000000058
:107830000000000000000000000000000000000048
:107840000000000000000000000000000000000038
:107850000000000000000000000000000000000028
:107860000000000000000000000000000000000018
:107870000000000000000000000000000000000008
:1078800000000000000000000000000000000000F8
:1078900000000000000000000000000000000000E8
:1078A00000000000000000000000000000000000D8
:1078B00000000000000000000000000000000000C8
:1078C00000000000000000000000000000000000B8
:1078D00000000000000000000000000000000000A8
:1078E0000000000000000000000000000000000098
:1078F0000000000000000000000000000000000088
:107900000000000000000000000000000000000077
:10791000000000000000000000000000A13B040087
:107920000100000001000000000000000000000055
:107930000000000040EE0600010000000100000011
:10794000D94F04004CEA06000000000000000000CF
:10795000010000000C6D01205C6A01205C6A0120BE
:1079600000000000F4F70600887901200000000004
:1079700051BF0400000000000000000000100340A0
:1079800000000000000000000000000000000000F7
:1079900000000000000000000000000000000000E7
:1079A00000000000000000000000000000000000D7
:1079B00000000000000000000000000000000000C7
:1079C00000000000000000000000000000000000B7
:1079D00000000000000000000000000000000000A7
:1079E0000000000000000000000100000000000096
:1079F0004D8005000000000000000000106B012019
:107A00000000000000000000000000000000000076
:107A10000000000074910120200000000000000020
:107A200000B0004000000000000000000000000066
:107A30000000000000000000000000000000000046
:107A40000000000000000000000000000000000036
:107A50000C640700020000005C6B01205C6B0120DD
:107A600000000000010000006C6B01206C6B012025
:107A7000746B0120746B0120000000000100000005
:107A8000846B0120846B01200000000000000000D6
:107A900000000000000000000000000000000000E6
:107AA000000000000000000000000000D0C9060037
:107AB00000000000000000009C9101209491012032
:107AC0000090D003FF000000FF00000090020000C3
:107AD000D46B0120D46B0120DC6B0120DC6B012016
:107AE0000000000000000000000000000000000096
:107AF0000000000000000000000000000000000086
:107B00000000000000000000000000000000000075
:107B10000000000000000000000000000000000065
:107B20000000000000000000000000000000000055
:107B30000000000000000000000000000000000045
:107B40000000000000000000000000000000000035
:107B50000000000000000000000000000000000025
:107B60000000000000000000000000000000000015
:107B70000000000000000000000000000000000005
:107B800000000000000000000000000000000000F5
:107B9000946C0120946C01200000000068B1032067
:107BA000000000000E000000400000000000000087
:107BB000B46C0120B46C012000000000E8B4032084
:107BC0000000000006000000A0020000000000000D
:107BD000D46C0120D46C012000000000E8AD03202B
:107BE000000000000E000000400000000000000047
:107BF00000000000F0F00120008001000000000003
:107C0000000000000000000000000000B0B60120ED
:107C10000002000000000000000000000000000062
:107C2000246D0120246D01200000000000000000F0
:107C30000E000000386D0120386D012000000000AA
:107C4000000000000E0000004C6D01204C6D012072
:107C500000000000000000000E000000606D012028
:107C6000606D012000000000000000000E00000018
:107C7000746D0120746D0120000000000000000000
:107C80000E000000886D0120886D012000000000BA
:107C9000000000000E0000009C6D01209C6D012082
:107CA00000000000000000000E000000B06D012088
:107CB000B06D012000000000000000000E00000078
:107CC000C46D0120C46D0120000000000000000010
:107CD0000E000000D86D0120D86D012000000000CA
:107CE000000000000E000000EC6D0120EC6D012092
:107CF000000000003800000005000000F0800320B4
:107D000008820320F0800320F080032000000000A0
:107D1000146E0120146E012000000000206E01206E
:107D2000206E01200100000001000000306E0120E3
:107D3000306E0120386E0120386E012000000000F6
:107D4000FFFFFFFF486E0120486E0120506E0120AA
:107D5000506E01200000000001000000606E012054
:107D6000606E0120686E0120686E01200000000036
:107D700001000000786E0120786E0120806E0120E5
:107D8000806E01200000000001000000906E0120C4
:107D9000906E0120000000000000000000000000C4
:107DA000A46E0120A46E0120AC6E0120AC6E0120F7
:107DB0000000000024002400040000000000000077
:107DC000705A0700F8A9032000000000000000001E
:107DD00000000000D86E0120D86E0120E06E012066
:107DE000E06E0120000000002400240004000000D8
:107DF000000000005C5A070008940320F86F01207F
:107E00000000000000000000000000000000000072
:107E10000000000000000000000000000000000062
:107E20000000000000000000000000000000000052
:107E30000000000000000000000000000000000042
:107E40000000000000000000000000000000000032
:107E50000000000000000000000000000000000022
:107E60000000000000000000000000000000000012
:107E70000000000000000000000000000000000002
:107E800000000000000000000000000000000000F2
:107E900000000000000000000000000000000000E2
:107EA00000000000000000000000000000000000D2
:107EB00000000000000000000000000000000000C2
:107EC00000000000000000000000000000000000B2
:107ED00000000000000000000000000000000000A2
:107EE0000000000000000000000000000000000092
:107EF00000000000F0C90600287001204C9101200C
:107F0000000200000000000000000000DC0500008E
:107F10000000000000000000000000000000000061
:107F2000000000009943050051400500513F050045
:107F30003D3F0500000000000000000000000000C0
:107F40009D3E0500000000000000000015E015E067
:00000001FF
