:020000024000BC
:10000000F0F00120E9B00400ADA90400D5B004006F
:10001000D5B00400D5B00400D5B00400D5B00400BC
:1000200000000000000000000000000085B2040095
:10003000D5B004000000000015B20400D5B00400E3
:10004000A1B40400A1B40400A1B40400A1B404004C
:10005000A1B40400A1B40400A1B40400A1B404003C
:10006000A1B40400A1B40400A1B40400A1B404002C
:10007000A1B40400A1B40400A1B40400A1B404001C
:10008000A1B40400A1B40400A1B40400A1B404000C
:10009000A1B40400A1B40400A1B40400A1B40400FC
:1000A000A1B40400A1B40400A1B40400A1B40400EC
:1000B000A1B40400A1B40400A1B40400A1B40400DC
:1000C000A1B40400A1B40400A1B40400A1B40400CC
:1000D000A1B40400A1B40400A1B40400A1B40400BC
:1000E000A1B40400A1B40400A1B40400A1B40400AC
:1000F000A1B40400A1B40400A1B40400A1B404009C
:10010000A1B40400A1B40400A1B40400A1B404008B
:10011000A1B40400A1B40400A1B40400A1B404007B
:10012000A1B40400A1B40400A1B40400A1B404006B
:10013000A1B40400A1B40400A1B40400A1B404005B
:04014000A1B4040062
:100148007BB972B90029BEBF00204FF0004106E01C
:1001580008BF00281CBF6FF000414FF0FF3000F0CF
:1001680057B8ADF1080C6DE904CE002909DB002B66
:100178001ADB00F069F8DDF804E0DDE9022304B0D9
:100188007047404261EB4101002B1BDB00F05CF83B
:10019800DDF804E0DDE9022304B0404261EB4101EF
:1001A800524263EB43037047524263EB430300F050
:1001B8004BF8DDF804E0DDE9022304B0404261EBCE
:1001C80041017047524263EB430300F03DF8DDF80C
:1001D80004E0DDE9022304B0524263EB43037047B5
:1001E80053B94AB9002908BF00281CBF4FF0FF3196
:1001F8004FF0FF3000F00CB8ADF1080C6DE904CEFB
:1002080000F022F8DDF804E0DDE9022304B07047CD
:10021800704700BF10F8012B11F8013B012A28BFD5
:100228009A42F7D0D01A7047034611F8012B03F809
:10023800012B002AF9D17047034613F8012B002A35
:10024800FBD1181A013870472DE9F04786468C46CD
:100258000846089E154674461946002B40F0C18092
:100268008542B2FA82F245D94AB1C2F1200300FAB6
:1002780002FC954094402EFA03F343EA0C0C4FEA33
:10028800154EA8B2230CBCFBFEF80EFB18CC08FBDD
:1002980000F943EA0C43994528D9EB1808F1FF37D0
:1002A80004D2994502D9A8F102072B44A3EB09030C
:1002B800A4B2B3FBFEFC0EFB1C330CFB00F044EABB
:1002C8000344A04214D92C190CF1FF3304D2A042E4
:1002D80002D9ACF102032C44241A43EA07401EB1A8
:1002E800D440002334607360BDE8F0874746DDE7FB
:1002F8006346F1E792BB431B01214FEA154EAFB2AB
:10030800200CB3FBFEFC0EFB1C330CFB07F840EA89
:100318000343984561D9EB180CF1FF3004D2984596
:1003280002D9ACF102002B44A3EB0803A4B2B3FB3F
:10033800FEFC0EFB1C330CFB07F744EA0344A74200
:100348004DD92C190CF1FF3304D2A74202D9ACF1D4
:1003580002032C44E41B43EA0040C0E7C2F1200337
:100368009540944020FA03F12EFA03F34FEA154E14
:100378009040AFB20343B1FBFEFC0EFB1C10190CFE
:100388000CFB07F841EA0041884522D969180CF1AD
:10039800FF3004D2884502D9ACF102002944A1EB10
:1003A80008019BB2B1FBFEFC0EFB1C110CFB07F70E
:1003B80043EA01439F420ED9EB180CF1FF3104D2F6
:1003C8009F4202D9ACF102012B44DB1B41EA0041F8
:1003D80093E76046E3E76146F7E76046A4E76346CC
:1003E800B8E7834206D916B9002108467CE7C6E972
:1003F80000E0F9E7B3FA83F78FB9834201D3724576
:1004080008D8BEEB020460EB030301209C461EB92A
:10041800002169E73846FAE7C6E9004CF8E7C7F172
:10042800200CBB400EFA07F522FA0CF42EFA0CF158
:10043800BA401C4320FA0CF3B8404FEA1449014370
:100448001FFA84FEB3FBF9F809FB18300B0C08FB04
:100458000EFA43EA00439A4540D9E31808F1FF3001
:1004680004D29A4502D9A8F102002344A3EB0A0357
:1004780089B2B3FBF9F809FB183308FB0EFE41EA11
:1004880003418E452CD9611808F1FF3304D28E45FB
:1004980002D9A8F10203214443EA0040A1EB0E016E
:1004A800A0FB02984145CE46434602D306D14D45AE
:1004B80004D20138B9EB020E68EB0403002EA7D072
:1004C800B5EB0E0261EB030101FA0CFC22FA07F30B
:1004D800F9404CEA0303C6E9003199E74046C5E70D
:1004E8004346D9E7000000008C4630B508A5D5E999
:1004F800004587B0CDE9004512BA4FEA0C641BBA33
:100508006946CDE90242049300F01EFD07B030BDF4
:1005180042454E32000000012DE9F04705460F46DE
:10052800164688B029F034F944014B01241A43EAED
:10053800D06363EB0103A2009B00121843EA947393
:1005480041EB0303DB0043EA5273C2F31038012F77
:1005580048EA43484FEAD33443D0766833782D2BA2
:1005680038D031462848FFF755FE002840D124A34B
:10057800D3E9002340462146FFF7E2FD06460C4634
:1005880010461946214A0023FFF7DAFD80460F4638
:10059800104619464EF660220023FFF7D1FD824629
:1005A8008946104619464FF47A720023FFF7C8FDB2
:1005B800CDE902A9CDE90401CDE906232846324652
:1005C8002346CDE90087124907F0BEFE002008B097
:1005D800BDE8F0877378702BC3D1B378002BC6D0F1
:1005E800BFE74246234628460A4907F0ADFEEDE735
:1005F80028463246084907F0E9FE6FF00400E6E7AE
:10060800005C260500000000F0E1060080EE3600E0
:1006180014E20600DCE10600FCE10600704700BFBA
:1006280010B5154C236803F00703022B0DD80021E1
:1006380049F69A1028F0DAF901F04CFE236803F025
:100648000703022B11D8002010BD032120460B4AB6
:1006580004F0A4FF236803F00703022BE7D9032162
:100668002046074A04F09AFFE1E70321054A0248B9
:1006780004F094FFE7E700BF5C6C012018CE060089
:100688003CCE060074CE0600E0B10378D3B190F8F2
:100698008030BBB1D0F888305A1EB2F5803F11D2F5
:1006A800D0F88C2093420DD8D0F89030B3F57A7FEB
:1006B80008D3D0F89420054B9A4294BF00206FF0DD
:1006C800150070476FF01500704700BFC02709007C
:1006D8000EB400B582B003AB53F8041B049A01931F
:1006E8000CF08EFC02B05DF804EB03B0704700BF5D
:1006F8002DE9F04100270D4614461E4682B0DFF86A
:10070800B0800090ADF80670ADF8041029F040F8FC
:1007180042014B01121A43EAD06363EB01034FEA2B
:10072800820C9B001CEB000043EA927341EB03012F
:10073800C90041EA5071C0F3103040EA4140221A22
:1007480066EBD133012A73F1000127DBADF806709F
:10075800B2F1004F73F10003A8BF6FF0004201210E
:1007680068460CF085F9002845F010020CDB15D01E
:10077800BDF90630990614D413F0080014D11342B9
:10078800C4D002B0BDE8F0812BF0E4FC58F80000BA
:100798000428BBD0404202B0BDE8F0816FF073007E
:1007A800EFE76FF00800ECE76FF00400E9E700BF3F
:1007B8000C0000002DE9F04F85B000AFBB6B8346FD
:1007C800FB60FB6B0E469146D7F840A097F8448033
:1007D800BB6028F0DDFF44014B01241A43EAD063D3
:1007E80063EB0103A5009B002D1843EA947341EBCA
:1007F8000304E40044EA5574C5F3103545EA44455A
:100808006420E40BB9F1000F05D04A460023A6FB8B
:100818000001FFF7E5FCB8F1000F10D12B4B1B6866
:10082800D3F8941099B1DAF80030B5EB030CDAF884
:10083800043064EB03038C4573F1000307DB244B9E
:100848001B6803F00703022B05D8CAE900541437C4
:10085800BD46BDE8F08FC7F804D090B0E846FB6805
:10086800C8E906B0A9EB0602B5EB030BBB68C8F8EC
:100878002820184A64EB0303BBF1010FC8F81420C1
:1008880073F10002B8BF4FF0010B4FF4FA51B8BF33
:1008980000235A46A6FB0101C8E90869FFF7A0FC36
:1008A8004246C8E90C014FF400710B4BA8F8381008
:1008B80042F8103F002345F2C041054804F0C4FE49
:1008C800CAE90054D7F804D0C1E700BF1885012051
:1008D800446C0120ACCE06000A0000012DE9F0416D
:1008E80098B004464422002106A82BF0E2F9002122
:1008F800012601270391204606AA03AB04F18001D3
:10090800CDE908670CF044F9002840F0BB80039853
:10091800002800F0B78094F89810012900F0AC8006
:10092800002940F0B2800121062208460CF0D4F9D3
:100938000446002CC0F28680002203212046FFF7DF
:10094800C7FE021E6DDB0421204642F48042FFF7F9
:10095800BFFE002865DB039BD3E9062120460CF087
:100968005FFA002846DA2BF0F5FB4A4E3558772D0A
:1009780001D00B2D7ED128F00BFF474B86461B6814
:100988004FEA4E18D3F890200B464FEA431CB8EBB9
:100998000E084CEADE6C6CEB030C4FEA88054FEA54
:1009A8008C0C15EB0E054CEA987C43EB0C03DB0032
:1009B80043EA5573C5F3103545EA434552194FEAE2
:1009C800D33343F1000320460421FFF791FE051EAF
:1009D8004FF000072CDB0422CDE9047205AB00932D
:1009E8000121204604AB0CF033FBB8423FDB049DE9
:1009F800002D3FD1002203212046FFF769FE021E89
:100A08002DDB0421204622F48042FFF761FE0028F6
:100A180025DB254603980CF03FF9284618B0BDE8B9
:100A2800F0812BF097FB1B4B1D586D42002D92DA7D
:100A380020460CF099F903980CF02EF9284618B0C6
:100A4800BDE8F0812BF086FB0346124A0398D5587F
:100A58000CF022F96D42284618B0BDE8F0812BF061
:100A680079FB0C4B1D586D42002DE1DBD1E72BF0D3
:100A780071FB35586D42DBE7FD222D200CF02CF977
:100A8800044656E76FF07505D8E70CF005F96FF0E6
:100A98008505D3E70C000000188501202DE9F84FE3
:100AA8008646D1E904ABD1E90689D1E90A45154B57
:100AB8000868154E00AF94B0002818BF1E46D1E94B
:100AC8000823EC46CCE90E236246104B1049CCF8BB
:100AD8004830104BCCE90AABCCE90C89CCE910457D
:100AE800CCE90760CCF818E0CCF8141042F8103FB5
:100AF800002347F6C001084804F0A6FDBD46BDE83E
:100B0800F88F00BFF4CE06006C5007000002010306
:100B1800FCCE06000E000002446C01202DE9F04FC7
:100B28008BB004AF0E4614469846F86028F030FEA5
:100B38004B014201121A43EAD06363EB01034FEA07
:100B4800820A9B001AEB000A43EA927341EB030105
:100B5800CB0043EA5A73CAF3103A4AEA434ADA0B1B
:100B6800C7E904A2002C74D04FF0000BC7F804A00A
:100B78005D46D9469246C7F808B0CDE90099621B90
:100B8800424528BF424600233146F8680CF004FA73
:100B9800002844DC5AD02BF0DDFA2F4B18580428D3
:100BA80018D040421C37BD46BDE8F08F7B6805442D
:100BB800CDE9003A631BB3FA83F35B09039307F1AA
:100BC80010038345029338BF834622462946386C72
:100BD800FFF7F0FDBB68AC4203F10103BB60CCD862
:100BE8001C461E48036803F00703022B15D96D46FF
:100BF8008AB004AB1A4A396C4FF40076C3E9052170
:100C08001A461849C3E9074B9E8442F8101F00236F
:100C18004FF4335104F018FDAD460020C2E7C5EB90
:100C280045135333721EDBB202EB000E01E072452E
:100C3800BCD012F801CF03F11F019C45CBB2F6D00E
:100C48006FF04C001C37BD46BDE8F08F6FF06700B1
:100C5800A8E7A346C5E700BF0C000000446C0120CC
:100C680054CF0600050000012DE9F04F8FB004AF06
:100C780090469B46C7E9060128F08AFD44014B01CE
:100C8800241A43EAD06363EB0103A5009B002D18E7
:100C980043EA947341EB0304E40044EA5574C5F352
:100CA800103545EA4445E20BC7E90852B8F1000F90
:100CB80000F092804FF0000AD446D1465346AE4623
:100CC800C246D846E346AAEB0904444528BF444631
:100CD800002C5AD0F969C9EB491017304D1EC0B223
:100CE8002E1905F8010FAE4200F11F00C0B2F8D16D
:100CF8000026C7F8048035469846C7E9032EC7F88A
:100D080008C0C7F814A0A4EB060ACDE90055FB6992
:100D180052469919B86900230CF00AF900280BDC2F
:100D280057D02BF017FA2E4B1858042820D04042E1
:100D38002C37BD46BDE8F08F8245814402D9BB6897
:100D48000133BB6007F1200302933B6980450093A0
:100D5800FB6838BF804601937A690644A2EB090311
:100D6800B3FA83F35B0903934946386DFFF722FD15
:100D7800B4420BF1010BC6D84346D7E9032ED7F886
:100D880008C0D7F814A0D7F80480CA459BD89A465B
:100D9800D8461448036803F00703022B17D96C469A
:100DA8008CB004AB4FF400751A46396D0E4E99613C
:100DB8000E49C3E908CAC3F81C805E611D8542F864
:100DC800101F00234FF4535104F03EFCA5460020A9
:100DD800AEE76FF06700ABE7C246C446D9E700BF8D
:100DE8000C000000446C012078CF060006000001CA
:100DF80010B5094B82B000930446D0E903238168FB
:100E08000068FFF731FF606004F1140002B0BDE82C
:100E1800104025F0F5BF00BFA8CF06002DE9F04F20
:100E280085B0814603919046002628F0B1FC4FF02A
:100E3800140A374644014A01241A42EAD06262EB96
:100E48000102A500DFF8F4B092002D1842EA94726E
:100E580041EB0204DBF80030E40044EA5574D3F8AF
:100E68009030C5F3103545EA4445ED184FEAD434BF
:100E7800CDF8088044F10004002352464846CDE9E5
:100E8800007702990CF088F8002813DC4FD02BF07B
:100E980061F92B4B18580428EED00B2844D12A4668
:100EA800234601214846FFF723FC0028E4DA05B071
:100EB800BDE8F08F064408EB0603029328F068FCAF
:100EC800DBF800304401D3F890204B01241A43EAA0
:100ED800D06363EB0103A5009B002D1843EA9473CC
:100EE80041EB0304E40044EA5574C5F3103545EAC0
:100EF8004445AD184FEAD43444F10004132EC6F12A
:100F0800140AB9D9D8F800200E4B9A4212D1D8F851
:100F18000430039A1BBA93420CD1D8F8080000BADF
:100F2800404205B0BDE8F08F0028EBDDF8E76FF030
:100F38006700BCE76FF04C00B9E700BF18850120D7
:100F48000C00000042454E322DE9F04F85B00746AF
:100F580089460391002628F01BFC4FF0140AB0467E
:100F680044014A01241A42EAD06262EB0102A50058
:100F7800DFF8CCB092002D1842EA947241EB0204DB
:100F8800DBF80030E40044EA5574D3F89030C5F338
:100F9800103545EA4445ED184FEAD43444F10004CD
:100FA8000023524649463846CDE900880BF0C0FF79
:100FB800002813DC3ED02BF0CDF8224B185804281B
:100FC800EED00B2839D12A46234604213846FFF7AC
:100FD8008FFB0028E4DA05B0BDE8F08F0644039BD8
:100FE800C6F1140A03EB060928F0D2FB4A014401B2
:100FF800241A42EAD06262EB0102A50092002D1881
:1010080042EA947241EB0201DBF80030C90041EA80
:101018005571D3F89030C5F3103545EA4145ED18C0
:101028004FEAD13141F10004132EB9D9002005B09F
:10103800BDE8F08F6FF06700CDE74042CBE700BF17
:10104800188501200C0000002DE9F04F9BB00446E4
:10105800D0F88800D64BB0F5804F08AF83461C60A7
:1010680028BF4FF4804B29F06FFA8146584629F083
:101078006BFA8246B9F1000F00F08381002800F076
:1010880080812046FFF72AFC061EC0F2F280D4E9D0
:1010980022230321FFF728FA051EC0F22781002327
:1010A800D4F88820FE61FA62D4F88C20C7F824901E
:1010B800BA623B620122194607F1300025F08CFE26
:1010C80028F066FB45014A012D1A42EAD06262EB1C
:1010D80001024FEA8508920018EB000842EA95726F
:1010E80041EB0205ED0045EA5875C8F3103848EAA7
:1010F8004548ED0B00220023CDE9062307F11C0328
:1011080000930023CDE90133049305234FF4805263
:101118000393A849A84BA94826F054FDA8495B4663
:10112800D4F88C20304600915146FFF7F7FC8346EF
:101138004FF0FF324FF0FF3307F1300025F0D0FEBB
:10114800BBF1000F05D1D7F820B0BBF1000F00F0BC
:10115800B08028F01DFB844642014B01121A43EA75
:10116800DC6363EB010390009B0010EB0C0043EA87
:10117800927341EB0301C90041EA5071C0F310308A
:1011880040EA4140B0EB08004FEAD13161EB05017C
:10119800022871F100014CDA4FF0010800253046B1
:1011A8000BF0E2FD484629F0C7F9DFF818925046DF
:1011B80029F0C2F9BBF1000FC9F860B064DBB8F1DF
:1011C800010F75F100034246AB46BCBF01224FF048
:1011D800000B4FF4FA50D4F88C605B467A60A6FB9B
:1011E8000001C9E91966C9F87080C9F87450FEF79A
:1011F800F7FF5B4686468C464FF47A5BC9E91FCEFB
:10120800A6FB0B017A68C9F878E0C9F884C0FEF734
:10121800E7FFDFF8B4A1C9E92201DAF8003003F0EA
:101228000703022B71D8002630464C37BD46BDE86F
:10123800F08F28F0ADFA42014B01121A43EAD0634D
:1012480063EB01034FEA820C9B001CEB000043EAAE
:10125800927341EB0303DB0043EA5073C0F3103091
:1012680040EA4340B0EB08084FEAD33363EB050587
:1012780095E7484629F060F9504629F05DF930466F
:101288004C37BD46BDE8F08F5E46002200230021A2
:1012980030464C37C9E91911C9E91E23C9E9202389
:1012A800C9E92223C9F87080C9F87450BD46BDE861
:1012B800F08F4FF04073FB60D4F88C30C7F810B053
:1012C8001BBAC7E90533414B3046BB6007F108013B
:1012D800FFF73AFE834600287FF43BAF03213046F0
:1012E80007F10802FFF79AFD834632E730462E469B
:1012F8000BF03AFD484629F01FF9504629F01CF931
:1013080030464C37BD46BDE8F08F6E468AB0D4F8FB
:101318008C2008AB0621C3E906221A462C48C3F8DC
:1013280020805D62586142F8101F00234FF443513A
:10133800504604F089F9DAF80030B54603F007039F
:10134800022B7FF670AFD9E91E01D9E92023D9E92C
:1013580022458CB00DF1200CCCE908236246082305
:10136800CCE906011B49CCE90A45CCF8141042F82F
:10137800103F002344F2C001504604F065F9B54619
:1013880051E7114803685B0708D1484629F0D4F8AB
:10139800504629F0D1F86FF00B0645E7D4F88830AD
:1013A80001210D4ACDF800B004F02EF9EDE700BF99
:1013B80018850120B0960120F90D04005070012015
:1013C800E4CF060018710120446C012042454E32DA
:1013D800ECCF060018D00600B0CF06002DE9F04784
:1013E80088B006468A4B02AFD0F888001E6029F004
:1013F800ABF8002800F0FE8081463046FFF76EFA11
:10140800B0F10008C0F2ED80D6E922230221FFF7EF
:101418006BF8824628F0BCF942014B01121A43EAE4
:10142800D06363EB010395009B002D1843EA927388
:1014380041EB0304E40044EA5574C5F3103545EA6A
:101448004445E40BBAF1000F00F0938028F0A0F9AE
:101458004FEA401C4A01BCEB000C42EAD06262EB46
:1014680001024FEA8C0318184FEA820343EA9C737F
:1014780041EB0301C90041EA5071C0F3103040EA62
:101488004140401B4FEAD13161EB0401022871F160
:1014980000014EDA0125002440460BF065FCDFF818
:1014A8007481484629F048F8BAF1000FC8F830A00E
:1014B800C0F285804FF4FA50D6F88C60012D74F193
:1014C800000C2A462346BCBF01220023A6FB0001CC
:1014D800C8F84050C8F83860C8F84440FEF780FEA5
:1014E800DFF834C1C8E91401DCF80030C8E9160196
:1014F80003F00702022A034614D9E8468CB002A872
:10150800C0E9085402460824C0E90A31434B866101
:10151800436142F8104F002344F2C001604604F0D2
:1015280093F8C5464FF0000A50461837BD46BDE847
:10153800F08728F02DF94FEA401C4B01BCEB000C5A
:1015480043EAD06363EB01034FEA8C029B00121855
:1015580043EA9C7341EB0303DB0043EA5273C2F393
:10156800103242EA4342551B4FEAD33363EB04047B
:1015780092E72B49D6E92232404600914946FFF7C7
:10158800CDFA824600287FF461AF4FF00073BB604C
:10159800D6F88C30F8601BBA3B61224B78617B60CF
:1015A8004046391DFFF7D0FC824600287FF44EAF35
:1015B800022140463A1DFFF731FC824646E70022E9
:1015C8000023002150461837C8E91423C8E9162318
:1015D800C8F84050C8F84440C8F83810BD46BDE8BF
:1015E800F087C246484628F0A7FF50461837BD4640
:1015F800BDE8F087084803685B0702D16FF00B0A63
:1016080092E7D6F888300121074A03F0E1FFF5E7B1
:101618001885012018710120446C012088D006002B
:101628007CD0060042454E3250D006002DE9F047E6
:1016380088B00646804B02AFD0F888001E6028F0BC
:1016480083FF002800F0EA8082463046FFF746F91B
:10165800B0F10009C0F2D980D6E922230121FEF7B2
:1016680043FF804628F094F842014B01121A43EADE
:10167800D06363EB010395009B002D1843EA927336
:1016880041EB0304E40044EA5574C5F3103545EA18
:101698004445E40BB8F1000F00F0928028F078F888
:1016A8004FEA401C4A01BCEB000C42EAD06262EBF4
:1016B80001024FEA8C0318184FEA820343EA9C732D
:1016C80041EB0301C90041EA5071C0F3103040EA10
:1016D8004140401B4FEAD13161EB0401022871F10E
:1016E80000014DDA0125002448460BF03DFBDFF8E8
:1016F8004C91504628F020FFB8F1000FC9F800803F
:1017080071DB4FF4FA50D6F88C60012D74F1000C9F
:101718002A462346BCBF01220023A6FB0001C9F8C4
:101728001050C9F80460C9F81440FEF759FDDFF8F5
:1017380010C1C9E90601DCF80030C9E90A0103F063
:101748000702022A034614D9E8468CB002A8C0E969
:10175800085402460824C0E90A313A4B86614361BD
:1017680042F8104F002344F2C001604603F06CFFBA
:10177800C5464FF0000840461837BD46BDE8F0871B
:1017880028F006F84FEA401C4B01BCEB000C43EA7A
:10179800D06363EB01034FEA8C029B00121843EA03
:1017A8009C7341EB0303DB0043EA5273C2F310322C
:1017B80042EA4342551B4FEAD33363EB040493E7F1
:1017C8002149D6E92232484600915146FFF74CFAA2
:1017D800804600287FF462AF012148463A1DFFF792
:1017E8001DFB80465AE70022002300214046183797
:1017F800C9E90623C9E90A23C9F81050C9F81440F1
:10180800C9F80410BD46BDE8F087C846504628F020
:1018180093FE40461837BD46BDE8F0870848036880
:101828005B0702D16FF00B08A5E7D6F888300121D5
:10183800064A03F0CDFEF5E718850120187101204E
:10184800446C0120F8D00600ECD00600C0D0060099
:1018580010B5044688B10B49FEF7DCFC80B1204680
:101868000949FEF7D7FC48B120460849FEF7D2FCE3
:10187800074C00280CBF2046002010BD054810BDAD
:10188800054810BD30D1060038D1060044D1060005
:10189800787101204871012018710120F0B583B0DA
:1018A800394D00AF2B6803F00703022B02D80C3721
:1018B800BD46F0BD044603212846344A03F06EFEB7
:1018C8002B6803F00703022BF1D994F898306E4681
:1018D800022B98BF2E4A8EB094BF52F823002D4891
:1018E8006B46D4E92221996240F202415A621A46B3
:1018F80098612948DC6180341C623860274C28488C
:10190800B98007F10801586111E90300D862198606
:1019180042F8104F002344F2C0411B4803F094FEE4
:101928002B68B54603F00703022BC0D903211D4AD3
:10193800154803F033FE2B6803F00703022BB6D9D2
:1019480019491A48FFF7AAF82B6803F00703022B76
:10195800ADD917491748FFF7A1F82B6803F007031B
:10196800022BA4D914491548FFF798F82B6803F0FF
:101978000703022B9BD90321114A034803F00EFEEB
:101988000C37BD46F0BD00BF446C012054D10600A1
:10199800C0D206004CD10600000201030700000374
:1019A80088D10600BCD1060018710120ECD10600D0
:1019B80048710120F4D106007871012000D2060098
:1019C80008D206000B4B10B52C22044600211846FD
:1019D8002AF06FF96FF08B020346204643F8042C77
:1019E800FEF752FE002804DB2046BDE81040FFF752
:1019F8001DBE10BD1C71012010B52C22044600210B
:101A080008482AF056F96FF08B02074B20461A63F4
:101A1800FEF73AFE002804DB2046BDE81040FFF739
:101A2800DDBC10BD4C7101201871012010B52C22AD
:101A38000446002108482AF03CF96FF08B02074B56
:101A480020461A66FEF720FE002804DB2046BDE883
:101A58001040FFF7F9BA10BD7C7101201871012000
:101A680010B504461D2200217F302AF022F97F227A
:101A78000D4920462AF06CF907220C4904F1800030
:101A88002AF066F94FF480404FF480114EF6602238
:101A980041F28833C4F88800C4F88C10C4F8902048
:101AA800C4F8943010BD00BF3CD2060044D20600F2
:101AB80002289ABF024B53F820000248704700BF23
:101AC800C0D206004CD106002DE9F04383B000AF28
:101AD8000546FEF7D9FDDFF83491044600218C2233
:101AE80048462AF0E6F86FF08B03002CA9F10406AB
:101AF80049F8043C33633366C0F28380444C23685E
:101B080003F00703022B3BD995F89830E846022BDF
:101B180098BF404A8EB094BF52F823003E486B46A7
:101B2800D5F88820D5F88C10C3E9091240F2024292
:101B3800BA801A463949DFF8E8C0396039499861EE
:101B4800596105F18001196207F1080111E90300E3
:101B5800DD61D862198642F810CF002344F2C041F3
:101B68002B4803F071FD2368C54603F00703022BD9
:101B780006D9D5F8943003212B4A254803F028FDCF
:101B88006FF08B082C22002120482AF092F8284672
:101B980049F8048CFEF778FD041E2FDB2846FFF772
:101BA80045FD041E2ADB00214FF4203026F01EFFDD
:101BB8002C2200211D482AF07CF82846C6F83080DF
:101BC800FEF762FD041E19DB2846FFF707FC041E1A
:101BD80014DB00214FF4203026F008FF2C220021CE
:101BE80013482AF066F82846C6F86080FEF74CFDD0
:101BF800041E03DB2846FFF727FA04462846FFF7AA
:101C08004DFE20460C37BD46BDE8F0831C7101200F
:101C1800446C0120C0D206004CD10600000201032A
:101C2800070000034CD2060088D206004C71012040
:101C38007C71012000F0A4BA2DE9F04700240E467B
:101C480081462AF087FADFF854A084B040F80A40A9
:101C5800054617463046224603A90394984628F0BD
:101C680017FE044655F80A0060B9039B53B11B7868
:101C780043B9BC4206D3444504D80C9B1C6004B04D
:101C8800BDE8F08748463B4632460549CDF8008016
:101C980006F09CFB6FF01500F1E700BF0C00000098
:101CA800D8D206002DE9F04F3C4C8DB023780F4672
:101CB80015460B90002B61D0394C94F89800FFF72B
:101CC800F7FE0094D4F8882003460392D4F88C20B9
:101CD8003449029204F180020B9801923A4606F0C8
:101CE80033FB2046A84781463846FFF7B1FD054635
:101CF800B0B3D4E9221201EB020808F1FF38B8FBAF
:101D0800F1F83B46B9F1000FB8BFCB4647464FF054
:101D180005069846A8BFD0F800B04FEADB7A94F8D9
:101D28009800FFF7C5FEAB68024608936B68CDE9DB
:101D3800047BCDE906A3D5E90401D4F88C30CDE9BC
:101D4800020100934146D4F88830174801F0D0FCCE
:101D58004FF42470002126F049FE013EDFD14746AA
:101D6800B9F1000F10DB4FF000090B983A460F4904
:101D780006F0EAFA48460DB0BDE8F08F0848FFF7CC
:101D88006FFE0123237097E70B984B463A460849A4
:101D980006F01CFB48460DB0BDE8F08F9E9601206A
:101DA8001C850120FCD2060020D30600A4D306001F
:101DB80094D30600014A0249FFF774BFD11A040000
:101DC800C0D30600014A0249FFF76CBF351A040068
:101DD80044D10600014A0249FFF764BF011A040012
:101DE80038D10600014A0249FFF75CBFCD1904004B
:101DF80030D1060070B5114E04463378154682B0CE
:101E080093B10F4E69684FF4803301222046009643
:101E1800FFF712FF00280DDB20463268094906F05B
:101E280093FA002002B070BD0748FFF719FE01239E
:101E38003370E6E76FF01500F4E700BF9E960120C7
:101E4800A4850120C4D306001C85012070B5114E5D
:101E580004463378154682B093B10F4E69684FF047
:101E68008063012220460096FFF7E6FE00280DDB7E
:101E780020463268094906F067FA002002B070BDB2
:101E88000748FFF7EDFD01233370E6E76FF0150013
:101E9800F4E700BF9E960120A8850120D0D3060054
:101EA8001C85012070B5114E04463378154682B062
:101EB80093B10F4E69684FF47A7220460D4B009625
:101EC800FFF7BAFE00280DDB204632680A4906F003
:101ED8003BFA002002B070BD0848FFF7C1FD01239E
:101EE8003370E6E76FF01500F4E700BF9E96012017
:101EF800AC850120C0270900DCD306001C85012021
:101F080070B5104E04463378154682B08BB10E4E2C
:101F18006968002220460D4B0096FFF78DFE0028C9
:101F28000DDB204632680A4906F00EFA002002B09E
:101F380070BD0848FFF794FD01233370E7E76FF0A1
:101F48001500F4E79E960120B0850120C0270900FE
:101F5800F0D306001C85012070B5124D06462B787B
:101F680014468BB164682046FEF766F97F2811D8BD
:101F78002146421C0C4829F075FE30460A4A0B4996
:101F880006F0E2F9002070BD0748FFF769FD01235C
:101F98002B70E7E73046064906F018FA6FF05A004A
:101FA80070BD00BF9E9601201C85012020D406002C
:101FB8000CD4060070B5144E04463378154684B028
:101FC800C3B103A869684FF6FF7300900122204649
:101FD800FFF732FE002813DB0821039B0B4A0C484D
:101FE80028F0B4FB20460A4A0A4906F0ADF9002059
:101FF80004B070BD0848FFF733FD01233370E0E7F4
:102008006FF01500F4E700BF9E96012068550700A1
:102018009C8501202CD406001C85012070B5184E23
:10202800054633781446F3B1646816492046FEF72E
:10203800F1F850B120461449FEF7ECF888B1204673
:102048001249FEF7E7F8A0B90220114B83F898006F
:10205800FFF72EFD0F490246284606F075F90020C5
:1020680070BD0120F1E70A48FFF7FAFC012333703D
:10207800DAE72846084906F0A9F96FF0150070BD9F
:102088009E960120A8D2060098D70600ACD206007A
:102098001C8501205CD4060038D4060038B51C4DD8
:1020A80004462B7873B31B4D20462A461A4906F07E
:1020B8004BF905F180022046184906F045F995F8D4
:1020C8009800FFF7F5FC16490246204606F03CF951
:1020D8002046D5F88820134906F036F92046D5F869
:1020E8008C20114906F030F92046D5F890200F4988
:1020F80006F02AF92046D5F894200D4906F024F96F
:10210800002038BD0348FFF7ABFC01232B70CAE75A
:102118009E9601201C8501206CD406007CD4060004
:102128008CD406009CD40600B4D40600CCD4060097
:10213800E0D4060030B50C4687B010B14378052BC3
:1021480007D80D4B07CB206020466160A26007B01E
:1021580030BDC27983794179CDE903320279C578F6
:102168008378CDE9012120461821044A009528F0FA
:10217800EDFA204607B030BD54D9060060D90600F4
:1021880030B58BB0044613F00DFC002875D0054619
:102198003D49204606F0D8F8284614F04FFD3B4943
:1021A8000246204606F0D0F82B68A3B10C33D3E8DA
:1021B800AF3FD9070FD52B686BB10C33D3E8AF3FCE
:1021C800DA0508D52046324A324906F0BDF82B68B0
:1021D8004BB9314A0DE02046304A2E4906F0B4F892
:1021E8002B68002BF5D00C33D3E8AF3F9B05F0D517
:1021F8002B4A20462B4906F0A7F8286800B1103072
:1022080004A9FFF797FF28490246204606F09CF8E4
:102218000121284613F0F2FC014620B36D46102335
:102228002A46012015F090F8F0B12A4620461F49A9
:1022380006F08AF820461E4A1E4906F085F81E4A0E
:1022480020461E4906F080F820461D4906F07CF815
:1022580020461C4906F078F820461B4906F074F819
:1022680000200BB030BD6D462B46184A07CA03C381
:10227800110C23F8022B1970D7E72046144906F0F1
:10228800A5F86FF01200ECE7B4D90600D0D9060023
:1022980080D90600E0D906008CD9060084D906004A
:1022A80088D90600F0D9060000DA06001CDA060014
:1022B8002CDA06003CDA06004CDA06005CDA060086
:1022C8006CDA060084DA060098DA060010DA0600EE
:1022D80094D906002DE9F0478CB000AF13F062FBEB
:1022E800002800F08F80524D2B6803F00703022B63
:1022F80003D83037BD46BDE8F087044614F09EFC8D
:1023080023688246002B78D00C33D3E8AF3FDA0736
:1023180040F18B802368002B6FD00C33D3E8AF3F9C
:10232800DB0540F18280DFF80C912368002B66D032
:102338000C33D3E8AF3F13F4007F20683D4B3E4E8B
:1023480018BF1E4600B1103007F11801FFF7F2FE62
:10235800E8468CB06B4640F203511A46586237483B
:10236800B981DFF8DCC037491E62B86007F108069A
:102378005961C3E906A996E803009862998542F86D
:1023880010CF00234FF47351294803F05DF92B68EF
:10239800C54603F00703022BABD90121204613F0F1
:1023A8002DFC0146002837D010233246012014F0B6
:1023B800CBFF002830D06C468CB06B4640F2024010
:1023C8001A46214D21493D60214D59611D6221491F
:1023D800214DB880C3E90661D7E900015862198523
:1023E80042F8105F00234FF45351114803F02CF9C1
:1023F800A5463037BD46BDE8F087DFF83C900020A1
:102408000D4EA1E70A48036859073FF472AF01214E
:10241800124A03F0C3F86CE73346114A07CA03C3EC
:10242800140C23F8022B1C70C5E7DFF80C907CE72E
:102438004C6C012088D906008CD9060001030204DF
:1024480006000003D4DA06000002010304DB0600DC
:102458004CDA06002CDA060005000003B4DA0600A0
:1024680010DA060010B4836800EBC10CB3F5004F16
:102478000CD3DCF80C3099421ED0DCF8081004327A
:1024880000EBC10440F82230E3600BE0BCF80630F2
:10249800994211D0BCF80410043200EBC10440F892
:1024A8002230E380826800EBC300B2F5004F2CBFF6
:1024B8008160818010BC704701210024C36802F14B
:1024C800040C01FA02F223EA0203C36040F82C402C
:1024D80010BC704770B48668541AB6F5004F00EB0C
:1024E800C1034FEA4405A1EB02011FD35E685D609A
:1024F80001EB560186684D00B6F5004F00EBC203AC
:102508002CBF5D605D808568B5F5004F2CBF40F835
:10251800324020F832408468B4F5004F0CD370BCC8
:102528005B6802EB530340F833107047B3F802C0FE
:102538005D8001EB5C01DDE75B8870BC02EB530258
:1025480020F83210704700BF836810B5B3F5004F0C
:1025580000EBC10100EBC20C19D3DCF804304C6865
:102568005B0803EB54035C004C608168B1F5004FD5
:1025780006D3DCF8041002EB510240F8323010BDEB
:10258800BCF8021002EB510220F8323010BD4B8823
:10259800BCF802E05B0803EB5E034FEA430EA1F8C8
:1025A80002E0E2E7836800EBC102B3F5004F0AD20C
:1025B80001235288DA400132D21AB2FA82F2C2F109
:1025C8001F02FFF74FBF52685208012A01D00223A9
:1025D800F1E7704730B4846800EBC102B4F5004FEE
:1025E80022D2012553885B0801335B1BB3FA83F3BE
:1025F800C3F11F0300EB830CDCF81050D5B901259B
:102608009D40C368B4F5004F43EA0503C360CCF8A6
:1026180010102CBF916091808368B3F5004F2CBFD8
:10262800D160D18030BC704753685B08012BF9D06A
:102638000225D9E7B4F5004F00EBC50C2BBFDCF839
:102648000830BCF8043093609380846800EBC303BF
:10265800B4F5004F2CBFD560D5808268B2F5004F25
:102668002CBFD960D9808368B3F5004F2CBFCCF854
:102678000810ACF8041030BC704700BFF8B5836888
:102688000446B3F5004F0D464FEAC10600EBC107FB
:1026980014D3796805EB510100EBC1035B68D807D7
:1026A80036D5A159691A04EBC1035B68DB0714D559
:1026B80029462046BDE8F840FFF78CBF798805EB2E
:1026C800510100EBC1035B88DA0721D5A15B691AC8
:1026D80004EBC1035B88DB07EAD42046FFF762FFFF
:1026E800A3682046B3F5004F2CBFA159A15B2A4629
:1026F800691AFFF729FFA3682046B3F5004F2CBFDE
:10270800A359A35BED1A2946BDE8F840FFF762BF5D
:102718002046FFF747FFA3682946B3F5004F2CBFB3
:102728007A687A88204605EB5202FFF70DFFA36806
:10273800B3F5004FB5D2A15B691A04EBC1035B88FE
:10274800C9E700BF2DE9F0418668B6F5004F34BFF0
:102758000B4601F1FF33B3FA83F3C3F11F0200EB19
:1027680082073D69A5B12C464FF0030CB6F5004F22
:1027780000EBC40E17D3DEF80480B1EB580F21D953
:10278800DEF80C40BCF1010C3C6101D0A542EDD152
:102798004FF0FF34C268C3F120039C4014400AD1B3
:1027A8002046BDE8F081BEF80280B1EB580F09D988
:1027B800BEF80640E6E794FAA4F2B2FA82F2131DD4
:1027C80050F823402146FFF74DFE2046BDE8F08132
:1027D800B9B308B500688368B3F5004F18D2043957
:1027E800091A21F0070202445388C90813F0010F9F
:1027F8002CD001EB530C30F83CE0ACEB0E0C8C45C4
:1028080020D123F001035380BDE80840FFF736BF0D
:102818000839091A21F0070202445368C90813F05D
:10282800010F13D001EB530C50F83CE0ACEB0E0C4D
:10283800614507D123F001035360BDE80840FFF765
:102848001DBF7047B721034800F082FFAF21014840
:1028580000F07EFF50DB0600F8B50568002933D08C
:10286800AB6801F00704B3F5004F2CBF082204221F
:1028780007341444E40804EBD1049C4228BF1C46E6
:1028880028462146FFF75EFFF0B1AB68C600B3F5F6
:10289800004F05EBC0070FD27B88B4EB530F15D35D
:1028A80043F001037B80AB68B3F5004F34BF0423CA
:1028B80008231E44A819F8BD7B68B4EB530F05D351
:1028C80043F001037B60EEE70020F8BD04440146B5
:1028D80022462846FFF7FEFD2146FFF77BFEAB6840
:1028E800B3F5004F01D37B68EAE77B88D8E700BFE0
:1028F8001146FFF7B1BF00BFB2F5802FF8B568D217
:10290800042A88BF04237FD9D21ACC1D8D1824F03D
:10291800070425F007052D1B172D4FEAD5076ED99B
:10292800B5F5802F38BF3A464FF0000328BF07F1AE
:10293800FF32B2FA82F20460C4E902732CBF0223A8
:102948000123C2F12406B600073603EBD603BB42C7
:10295800C2F120024FEAD6064CD80021920004F1B9
:10296800100029F0A6F97300BA1BB5F5802F04EB07
:10297800C6014FEA420043F001032CD263800023D2
:1029880023804880A368B3F5004F2CBF44F8366015
:1029980024F83660A1686319B1F5004F4FF00001C3
:1029A8002CBF59605980A368B3F5004F2CBF625102
:1029B8006253A26804EBC703B2F5004F10D35A68FC
:1029C800314642F001025A602046BDE8F840FFF760
:1029D80001BE082398E76360002323604860D1E7BD
:1029E8005A88314642F001025A802046BDE8F84034
:1029F800FFF7F0BD4FF40E71064800F0A9FE40F253
:102A08002321044800F0A4FE40F21A21014800F0F6
:102A18009FFE00BF50DB06002DE9F04F8946C2F348
:102A2800C20191B001310491840702F004011A9D9A
:102A3800059140F019820646041D002800F0E9813E
:102A4800B9F1070F40F2568102F002024FF0FF3849
:102A58000792002201279B46019203EB080A06927F
:102A680002920EB1C4F800B0049B002B40F3B5816C
:102A7800079B13B30122A11B8B08B1F5007F80F0DF
:102A8800FD8102990F2900F2FE81002E00F0E281FB
:102A98000299DBB24031694401F8203C01F8108CFE
:102AA800002A00F0B08163F07F0301F8203C019B0D
:102AB80001330193029B013302939AF801200434F5
:102AC8000AF1010A002A4ED04FF0040CC6F108039F
:102AD800039300214FF6DA706346002900F047811E
:102AE8007A2A3BD84B2A40F20E814C3A2E2A35D806
:102AF800DFE812F0350034003400340034003400CC
:102B08003400340034003400340034009F003400B2
:102B18003400340034003400340034003400C4007D
:102B280034009F009F00C400C400C40035009F000B
:102B38000501340035003400DE009F00DE0034005B
:102B48003400F500F1009F00340034009F00340089
:102B5800F100252A40F0008108F1FF3800211AF819
:102B6800012F002AB9D1A11BB1F5806F5B46084639
:102B780080F08E81002E00F06781002535608D0879
:102B88003570059D9DF81820002D40F00181727068
:102B9800019AB270002A00F00181029A002A00F01E
:102BA800AB800DF1200A514602EB0A05C6F1010778
:102BB80011F8012B100607D53819484502F07F0295
:102BC80000F2988004F8012B8D42F1D1029FC6F1E2
:102BD80001085744BB461F46CDF80880A046059C0F
:102BE8000CAD019B1BB19AF90020002A16DB002CC2
:102BF80000F0E8802A7808F8012B0022029B03EBFA
:102C080008011144494575D840469AF800303946BC
:102C180000F8013B02EB000829F024F80AF1010A48
:102C2800DA4505F10105DCD14446A01B11B0BDE829
:102C3800F08F1AF8012C6C2A36D004EB0C02013AFA
:102C4800B2FBFCF20CFB02FE002E00F0E08000213B
:102C58000EEB0302921B91454CD3042B00F0FF802E
:102C6800082B40F006810EF10804073525F007050A
:102C7800F5E80223CEE90023082370E7073525F09D
:102C88000705073424F00704F5E8022336B1DDF818
:102C98000CC0A444CC452DD8C4E900234FF0080C3F
:102CA8000021634608345AE71AF8023C6C2B7BD0A3
:102CB800033424F0030E002E63D00EF10404A31B8A
:102CC800994517D300214FF0040C55F8043BCEF872
:102CD8000030042343E74FF0040C63463FE7033416
:102CE80024F00304002E00F0A980231D9B1B9945A6
:102CF80080F0A4806FF01B0011B0BDE8F08F4FF09A
:102D0800080C63462BE7472A3FF628AF292A7FF6A7
:102D180020AF2A3AD2B207FA02F202427FF41FAF7A
:102D280012F0625FAAD112F001013FF418AF04EB70
:102D38000C02013AB2FBFCF20CFB02FE002E87D11A
:102D4800042B21D0082B40F09480073525F0070587
:102D580008350EF108048FE73FF600AF202A3FF44C
:102D6800FEAEA2F12301B1FA81F14909F7E6252A5D
:102D78007FF4F5AE4FF0040C0121634608F1010819
:102D8800EDE631464FF0040C04350EF10404A0E7DB
:102D9800F270019AB270002A7FF4FFAE029A002AFC
:102DA80065D00DF1200A11E7073424F0070E002E34
:102DB80040D00EF10804A31B4B459BD800214FF0CF
:102DC800080C52E79AF8002056F8227046F822407C
:102DD8003846FDF731FA421C10E7304B9B4503D3C8
:102DE8002F4B9B45FFF444AE079AA11B8B08002A82
:102DF80038D1029A0F2A46D88EB140326A4402F876
:102E0800203C02F8108C069B0133069352E63146AB
:102E180096E709F007094C44C9F1080914E6059B2F
:102E280009F10209002B7FF445AE5846FDF704FA74
:102E380081443FE631464FF0080C86E7049B55F87D
:102E480004BB013B04930CE6A9F10800084411B047
:102E5800BDE8F08F002AE2D009F101092AE60EF157
:102E6800040432E7002208E66FF00D0044E7084644
:102E780042E740F2C6210B4800F06AFC4FF41F718C
:102E8800084800F065FC40F28121064800F060FC2B
:102E980040F2D221034800F05BFC00BF70C106007D
:102EA8001865070074DB060053B32DE9F04799460F
:102EB8001C785D78DB78A40004EB430499F80230B1
:102EC80007461C440E4690464C447DB14FF0000A1C
:102ED80014F8013B0AF1010A204649F82340FDF79E
:102EE800ABF9554500F101000444F1D1414638469B
:102EF800B446D9F8042009F10803BDE8F047604753
:102F08006FF01500704700BF024612F8013B23B36B
:102F18004FF0000C6046C0B100B56145A3F1400E0A
:102F28001DD0BEF13A0F05D800200CF1010C05E0C8
:102F38000028F2D1252B08BF80F0010012F8013BD0
:102F4800002BF5D100205DF804FB252B12F8013B7E
:102F580008BF80F00100002BDDD118467047702BA8
:102F6800F1D0BEF13A0FE5D80020ECE72DE9F04F9B
:102F780097B000AFC7E90332002800F06582837874
:102F88000E46BB61D7F880308146C3F3C00B0029D9
:102F980000F0748199F803307B61BB69002B64D021
:102FA800D7F88030DD0760D599F80030D9F80420CB
:102FB8003B60FA6109EB830A9A003B69BA60002B0F
:102FC80000F08A814FF00008BD6907F13800BC693C
:102FD8005146224628F046FE7B69A244002B00F0A9
:102FE8009A80D7F880107B6901F002017962D7F8DE
:102FF80080105A1CB54B01F001010AEB42020AF19C
:10300800020439629A467E605B4619E0DFF8C0C266
:1030180060451ED2002B40F01E81396A002900F05D
:1030280005810F2D00F2018205F1280107F130001A
:103038000144013501F8206CEDB20234A24268D097
:1030480014F8016CA34659F8260014F8021C5045E0
:10305800DCD2002B37D1786A002840D00F2DE3D975
:1030680040F24D419B4800F073FB7B695BB93B69BB
:103078001BB131464846FA689847344620465C37C3
:10308800BD46BDE8F08FD7F880309C07EFD599F89A
:103098000030D9F804203B60FA6109EB830A9A00F2
:1030A8003B69BA60002B00F09E81BB69002B00F0E1
:1030B800F880D7F88020500740F1F3809846002523
:1030C80007F1480083E7F869C7E90A23FFF71CFFFF
:1030D800D7E90A230028B0D1786A0028BED1B8F110
:1030E8000F0F00F2A78108F1010007F1580C5CFAF4
:1030F80080F007F1300E08F1280C0234F44408F18E
:103108000208A2420CF8101C5FFA88F800F8106C4C
:1031180096D1DA467E68D7F8802099F801B0D7F8BA
:103128008010940748BF00220BEB050358BF4FEAF5
:103138005802C807DBB200F19F8011F0040F14BFDA
:10314800414600213C6989F8021089F80320484665
:10315800D7E9021289F80130A047041E8EDB00234C
:103168003868D7F814C060F30703B8696BF30F2306
:1031780060F317436CF31F634146FA68D7F810B041
:10318800C9F8003007F14800D847B0F10008C0F28C
:103198008E80BB69D7F814C0F11ABB685046C91AAB
:1031A800FA68A1EB4C01D8470028DA465EDBA04458
:1031B8008044002D00F08280FD620026454607F11C
:1031C800380BC846D7F80C9015E0D7F8843033F898
:1031D8001630BB62D047002848DBBB6A0544FBB108
:1031E800194620464A46D04700283FDBFB6A01368D
:1031F8009E42054461D01BF806304A4658F82340E1
:1032080087F83730D7F88430012107F137001BB130
:10321800D7F88830B342D8D8D047002826DB0544F1
:103228002046FDF709F8431C9BB2D9E7D7F8801070
:1032380049077FF502AFB8F10F0F00F2008108F1DE
:10324800280107F13000014408F1010801F8106C69
:103258005FFA88F8F1E6F869C7E90A23FFF754FE30
:10326800D7E90A2300283FF4D8AEE6E6044620460C
:103278005C37BD46BDE8F08F002163E70478BB6981
:10328800457803EB8404044445B101342046FCF737
:10329800D3FF01360130B5420444F6D1A4EB090648
:1032A80078E64FF00008BB6945469A4499E64446DB
:1032B80020465C37BD46BDE8F08FA8460021FA6875
:1032C80008463B6944469847D8E600BF70C10600E7
:1032D8001865070074DB060034464FF00008BE6925
:1032E80055465644B246C7F82CB0D7F88460C34652
:1032F800A046D7F8884015F8012B59F82200FCF7AA
:103308009BFF01302EB15C4584BF26F81B000BF1F2
:10331800010B55458044EED1D7F880307A69444690
:1033280003F00503D846D7F82CB0002A3FF4A6AE20
:10333800002B7B69D7F8802005EB430A0CBF0223DA
:10334800012302F00202FA62D7F880203B62414B67
:1033580002F001025E4602359B46BA620EE03E4A22
:10336800934213D2002E36D1BA6A9AB93B6AE41A4C
:10337800554505F102033FF481AE1D4615F8013CA1
:1033880015F8021C59F823305B45E8D2AEB9FA6A41
:10339800002AEDD01846FCF74FFFD7F8843053B118
:1033A800D7F88830434506D9D7F88420431C22F83B
:1033B800183008F101080444DAE7F8697B62FFF77E
:1033C800A3FD7B6A0028E2D02448036813F0060FA7
:1033D80013D1023CCCE7F8697B62FFF795FD7B6A65
:1033E8000028C1D0F0E7BD69D7F880303446D7F857
:1033F8001080554403F005039AE7C7F824D08AB033
:103408006B46D9614FF40071FA6919849A611A46BA
:1034180013495961134B42F8103F00234FF41251DE
:1034280002F012F9D7F824D0D3E740F243410E480E
:1034380000F08EF94FF48A610B4800F089F940F2E8
:103448004641094800F084F940F29931064800F0F5
:103458007FF900BF70C10600186507003C6C0120A9
:10346800A4DB06000400000174DB060038B5F8B1DF
:103478000446EFF31185202383F31288BFF36F8F7F
:10348800144825F0DBFD00B3124825F0FDFD124B72
:103498000FCB84E80F000F4825F0DEFD80B185F3DF
:1034A8001188BFF36F8F0D4BA2689A4204D838BDBC
:1034B8006A210B4800F04CF97021094800F048F9DE
:1034C8004FF49A71074800F043F98821054800F045
:1034D8003FF900BFB8850120A8710120FFC99A3BB8
:1034E8005CDC060080DC0600F0B5012805460C46C9
:1034F80085B005D0042839D06FF0150005B0F0BDAF
:1035080026F046F92B4AC60BC0F30E00A0FB0202B8
:10351800C00B46EA414640EA4240C90BA06026601B
:1035280061606846FFF7A2FFA068234B984236D82F
:10353800029F9F4238D82268009E63689219019EB4
:103548004FF00001734168BF2946C4E9002309BB55
:103558000744A760204600F025FED8B1164BA268A4
:103568009A4214D96321154800F0F2F826F010F9B0
:10357800104AC50BC0F30E00A0FB0202C00B45EABF
:10358800414540EA4240C90BA060256061600020C7
:1035980005B0F0BD0A4B0FCB84E80F00F7E740F207
:1035A800B911084800F0D4F84FF4DD71054800F06F
:1035B800CFF800BF00CA9A3BFFC99A3B5CDC060003
:1035C80020CB0600B0DC0600012861D1F0B50C461E
:1035D80085B0002964D03C4F8B68BB4255D806465D
:1035E80026F0D6F803466D46DFF8E0C0C3F30E02B6
:1035F800A2FB0C2CDB0B43EA4143D20B5B4242EAB1
:103608004C424FEAD13161EB4101524228460292C5
:103618000093019100F0C6FD0298B84245D8D4F84D
:1036280008C0BC4537D8D4E90071009A019BD2196B
:103638004B414FF0000468BF3446CDE90023ECB19C
:10364800EFF31186202383F31288BFF36F8F20488E
:1036580025F0F4FC98B31F4C1D4825F015FD95E89E
:103668000F0084E80F001A4825F0F6FC10B386F323
:103678001188BFF36F8F002005B0F0BD00EB0C037D
:103688002846029300F08EFDDAE76FF01500F3E7A5
:103698006FF0150070474FF4DD710F4800F058F8CF
:1036A80040F27D110C4800F053F840F2B9110A4875
:1036B80000F04EF84FF49A71084800F049F8882154
:1036C800064800F045F800BFFFC99A3B00CA9A3B7C
:1036D800B8850120A8710120B0DC060080DC060056
:1036E80000207047014B1860704700BF206A012016
:1036F8000FB400B583B004A951F8040B019101F08F
:1037080027FB03B05DF804EB04B0704780B50546AD
:103718000E4614461F4625F0EDF9034628F01AFD1B
:10372800214604463A46074F30463B51A847064BC8
:103738001B7813B1E05907F04FFD40F246310348BA
:1037480000F006F808000000AA960120E4DC060054
:10375800002383F31188BFF36F8F0423184602DF19
:10376800704700BF70B4026A04688B0043F002031C
:1037780042F8243002690368D507446A0B4412D41E
:10378800A34200D31B1BC5684668AB42036006D042
:1037980031448C4298BF091B416070BC704742F0AD
:1037A80008020261F4E7C668013C2340B342456859
:1037B800036002D142F0080202614B1904EA0301D6
:1037C800416070BC704700BF30B40569446A15F0A9
:1037D800010F02EB010318D1A34228BF1B1B046889
:1037E8009C4217D09300046A43F0020344F8213046
:1037F8000369416813F0010F0A44436A10D19A42E1
:1038080028BFD21A426030BC7047013C234004688C
:103818009C42E7D125F008050561016030BC70477E
:10382800013B1A40EEE700BF2DE9F04FD0F80C80BD
:10383800076A1E4617F82830044603F00303022BD4
:103848008946154683B007EB880A2FD000231360FA
:1038580033602369990724D5E3695046984717F8D8
:103868002820834612F001031BD0920734D5B9F102
:10387800000F79D1D4E9021620696268C707656A22
:103888005A445FD4AA4267D3521BB142626066D0E1
:1038980040F00800C4E903101846216003B0BDE8F1
:1038A800F08F0023184603B0BDE8F08F002257F8C8
:1038B80028302A609B083260CBD0D0E903120B4431
:1038C800416AD0073BD48B4228BF5B1A22F008021A
:1038D8002261A360E3602DE0E36822690344D00716
:1038E800616A48D48B4228BF5B1A22F00802226121
:1038F800A360E360B9F1000F04D000212268236AB5
:1039080043F822100BEB090333602268616A134401
:103918002269D00732D48B4228BF5B1A42F00802D2
:103928002360226117F828306FF3000307F8283066
:10393800C5F800A00123184603B0BDE8F08F01398F
:103948000B40C3E7013D2A40B1426260A0D159440F
:1039580029400023A1609BE7B142626098D1594495
:10396800A94228BF491BF4E7494620460193FFF7BF
:10397800F9FE019B7EE701390B40B6E701390B40A0
:10398800CCE700BF38B50D4604462022002128F0B8
:1039980090F90022EB68E361AB68A3612B682362AE
:1039A8006B68C4E909322A6923B1591E194208BF54
:1039B80042F0010222610122002104F12C0023F0CF
:1039C8000BFA00B938BD2F210148FFF7C1FE00BF2F
:1039D80010DD06002DE9F04F002587B00293436AF9
:1039E800CDE904558B42C0F0A48004468B464FF0C5
:1039F8002009A84600F11406019500950392EFF3FB
:103A0800118789F31288BFF36F8F304625F016FBB4
:103A1800BA460546002800F09180304625F034FB70
:103A2800059A002A44D123691B0721D4E168236839
:103A3800994244D8616AC91A8B451DD92046FFF7B7
:103A480091FE304625F008FB00287BD08AF31188C8
:103A5800BFF36F8F049929B1A3690BB1204698472A
:103A6800CDF81080002DCAD1019807B0BDE8F08FBD
:103A7800BBF1000F38D12368226A02EB8301019160
:103A880012F8231021F0030102F823102269236899
:103A9800D007616A5B4429D48B4228BF5B1AE1686E
:103AA8002360994202D142F0080222610025C8E74A
:103AB80020460099FFF788FECDF81480B3E7CD1AA9
:103AC800AB45D9D9DDE90223134303D023F080FFA6
:103AD80000B977B120682946009005AB204604AAB2
:103AE800FFF7A2FE0546ACE70025EBE701390B40DE
:103AF800D5E7304625F0B0FA20B387F31188BFF335
:103B08006F8FDDE9023204F12C0023F0E9F9054654
:103B1800EFF3118A89F31288BFF36F8F304625F0CF
:103B28008DFA58B1B5FA85F5304625F0ADFA6D092C
:103B380087E70195019807B0BDE8F08F8821044810
:103B4800FFF706FE4FF49A710148FFF701FE00BF28
:103B580080DC06002DE9F0410446C3690846884622
:103B6800984704F114050746EFF31186202383F3E1
:103B78001288BFF36F8F284625F060FA002834D0EA
:103B8800284625F081FA98F8003043F0010388F8B8
:103B9800003022696368D0071F44636A22D49F42B9
:103BA80028BFFF1A5107676010D51207A06A17D4FB
:103BB800E168226891429CBFC91801F1FF318A1A55
:103BC800013B9B1A834238BF0346A362284625F06F
:103BD80043FA70B186F31188BFF36F8FBDE8F081A7
:103BE8000022EDE7591E0F40DCE788210348FFF764
:103BF800AFFD4FF49A710148FFF7AAFD80DC06007B
:103C08002DE9F0474FF000094FF02008044600F175
:103C18001406EFF3118788F31288BFF36F8F3046CD
:103C280025F00CFA054600287AD0304625F02CFA03
:103C38002169A3680A0741D4626893423ED8D21A20
:103C4800002A3FD0D4F820C04FEA830E1CF8232066
:103C58000CEB830A12F0030037D002284CD0D307AC
:103C680036D4E36950469847A3682169D4F80CC054
:103C780011F0010F0344626A604442D1934228BFA5
:103C88009B1A824298BF801AA946C4E9023021F0E3
:103C980008012161304625F0DFF9002844D087F378
:103CA8001188BFF36F8F002DB3D1B9F1000F02D087
:103CB800BAF1000F2FD05046BDE8F087626AD21AD9
:103CC800002ABFD115469246E4E705468246E1E759
:103CD80042F002020CF80E20E3695046A5689847A6
:103CE8002369284413F0010F636A11D1984228BF51
:103CF800C01A0025A060CDE75CF80E008008B5D199
:103D0800ADE702F1FF3C03EA0C0300EA0C00BBE755
:103D1800013B1840EDE704F12C0023F071F8CAE7E5
:103D280088210448FFF714FD4FF49A710148FFF702
:103D38000FFD00BF80DC06002DE9F0410446C36991
:103D480008460D46984704F114060746EFF3118814
:103D5800202383F31288BFF36F8F304625F06EF966
:103D680000284BD0304625F08FF92B786FF30003ED
:103D78002B7023699B0717D5E268236A03EB82033C
:103D88009D4211D02B6867F39F032B60304625F0C6
:103D980063F970B388F31188BFF36F8F04F12C00B7
:103DA800BDE8F04123F02CB82B786FF341032B705A
:103DB800D4E9022090422369626A384409D0DD07B9
:103DC80015D4904228BF801A23F00803C4E90303DE
:103DD800DCE7D90705D490422ABF811AA060A16008
:103DE800EFE7013A02EA0001A1601040ECE7013A6E
:103DF800FBE74FF49A710348FFF7AAFC88210148B2
:103E0800FFF7A6FC80DC060070B5044600F1140537
:103E1800EFF31186202383F31288BFF36F8F2846B0
:103E280025F00CF9D0B1284625F02EF9236913F0B6
:103E3800080FA36804D16268934201D8D41A01E03C
:103E4800646AE41A284625F007F958B186F3118800
:103E5800BFF36F8F201E18BF012070BD8821044852
:103E6800FFF776FC4FF49A710148FFF771FC00BF29
:103E780080DC0600044608B5EFF31183202383F3A2
:103E88001288BFF36F8F1FF091FE204607F05EF98E
:103E98000248FFF72DFC07F0D5FAFCE738DD0600ED
:103EA80070B50C4604F00105014605EB5400984234
:103EB80057D86608002D44D1002E41D0013A01EBB5
:103EC800460E1CE0ACF1570C5FFA8CF31B01DBB219
:103ED80053704C78A4F1300C5FFA8CFCBCF1090FDC
:103EE80007D9A4F1610CBCF1050F1CD8573C5FFA47
:103EF80084FC02316344714502F8013F20D091F8F7
:103F080000C0ACF13003DBB2092BDFD9ACF161039F
:103F1800052BD7D9ACF14103052B22D8ACF1370CCE
:103F28005FFA8CF3D2E7A4F14105052D19D8373C87
:103F38005FFA84FC02316344714502F8013FDED127
:103F480070BD0C78A4F13003DBB2092B05D9A4F1BC
:103F58006103052B07D8573CE3B202F8013B013156
:103F6800AAE7002070BDA4F14103052BF9D8373C1E
:103F7800E3B2F2E72DE9F04340F26C77D0E904129E
:103F8800D71901F101014FEAE27242F10002022958
:103F98008CBF00230123FF1AC46862F10002002AC3
:103FA80004F1FF34C0F2AB803B0D43EA0233C3F3A4
:103FB8001303C7F313051D44D61705EB123506F096
:103FC800210C05EB12756A4B6544A3FB05C3DB089E
:103FD80003EB830303EB830326F01706ED1A35443E
:103FE800644E7B1B03FB06F662EBE572624D05FB34
:103FF8000266A3FB0535761900F1B580D0E9018E7C
:104008004FF03C0C02298CBF6FF00202092240F2EB
:104018006D154FEAE879CEFB0C894FEA091C4FEA87
:10402800081EBEEB080E4CEA187C6CEB090C114418
:104038004FEA8C0C02684CEA9E7C50481B094FEAF8
:104048008E0E43EA06731EEB020E4FEA261600FB9D
:1040580003704CEBE27CF700DA00D21847EA53779A
:1040680046EB07073F0147EA12771201D21846EBE1
:1040780007073F0147EA12771201D21A67EB0607D2
:104088003B4E01EBC101A6FB0036830805FB00335C
:1040980001EB01113A480231A0FB01012344A3EBD3
:1040A800561303EB91039001B901801A41EA92611A
:1040B80061EB070233491B1842F100025B1862F1F9
:1040C8000002D91842EB0200CB1842EB00021001A3
:1040D800190140EA1370CB1A60EB020001011A01C2
:1040E80041EA1371D31A61EB0001C901D80110EB41
:1040F8000E0041EA53614CEB0101BDE8F0836FF417
:10410800C773FB1862F100024FEA135E4EEA023EE3
:10411800CEF31308C3F3130EC6440EEB123E4FEA58
:10412800E27808F021090EEB127E114DCE44A5FB72
:104138000E95ED0805EB850505EB850528F01708B4
:10414800AEEB050545440B4E5B1B03FB06F6DFF89B
:1041580028C062EBE5720CFB0266A3FB0C3C16EB75
:104168000C067FF54BAF0F3346F1000646E700BF5C
:104178001F85EB51F5285C8F295C8FC270FEFFFF0D
:10418800CDCCCCCC9405F5FFD0B5FFF7F3FE0646B1
:1041980027F0E0FF00240346014A30469C50D0BD7A
:1041A8000C00000038B5002849D08368264A93429D
:1041B80003DC002B29DB012038BD2449446881FB3E
:1041C800032102684FEAE37C012ACCEB217C74F1DD
:1041D80000014FEAEC7E07DB6FF00041D543091B75
:1041E800654571EB0E0128DB12EB0C01184A4EEB0A
:1041F800040402FB0C33144AC0E9001493428360A0
:10420800D9D9F0211348FFF7A3FA1349D21A520A51
:10421800A1FB0212D0E90014002C4FEAD21206DBEF
:104228000E4D891A05FB023364F10004E3E704F13B
:104238000045914275F10005F2DA002038BDC92128
:104248000448FFF785FA00BFFFC99A3BA12FB8447D
:10425800003665C464DD0600834B040000CA9A3B3F
:10426800F8B500F0D7F8002301220A4C0A490B4F91
:104278000B4E0C4DC0E90434DFF82CC002604260DC
:104288003B6033602B608360C3600A60CCF8002019
:10429800F8BD00BF18E50600406A0120C48501206A
:1042A800C0850120BC8501203C6A01202DE9F0472A
:1042B80007468846164600F0ADF8C36804461BB9A1
:1042C80043691A78002A38D100236268E360BA4249
:1042D80058F8223072DA591C616193F800A0BAF1DB
:1042E8002D0F6BD19D1C656193F80190B9F12D0FCD
:1042F800C4F8089035D0B9F1000F24D1344D514697
:104308003046656127F005FD00285DD0C4F808A097
:104318002D21304627F0FDFCE0B143783A2B2DD013
:10432800002323612B7813B9636801336360204647
:1043380000F050F8A068BDE8F0875D1C456193F86F
:104348000090C0F808904946304627F0E2FCB9F1E1
:104358003A0FE1D12B7803B3204600F03BF83F2019
:10436800E9E79B78002BD3D1194B013220466260D4
:10437800636100F02FF84FF0FF30DCE72A786368BC
:104388002AB901339F4263600BDD58F82350104A65
:104398000133C4E904526360C9E7636801336360A9
:1043A800DAE70B4B2046636135783A2D02D000F0EE
:1043B80011F8D4E700F00EF82846BCE7044B204675
:1043C800636100F007F8D6E7204600F003F8D2E76B
:1043D80018E5060070B4D0F800C0094E094DC6F8BB
:1043E80000C04668084C2E6008498568084A256060
:1043F800D0E903430C60136070BC07F097BE00BFA0
:10440800406A01203C6A0120C4850120C085012042
:10441800BC85012000487047246A01202DE9F04F2F
:104428001446828B834612F0080C83B040F0498111
:1044380002F0070002290746CDF804C080B253D025
:10444800DBF81860002EC0F2DD80411F012940F220
:104458000081042840F04A8122F00702DBF800506E
:1044680092B2ABF81C20002D00F0338142F02002FC
:10447800ABF81C2057B30025DBF80870A846AA46FD
:10448800002F50D1002D4FD1BAF1000F1ED02F466A
:104498004AE0BAF1000F02D05846A649D047EFF3D8
:1044A8001184202282F31288BFF36F8F484624F0CC
:1044B800C5FD002800F01181484624F0E5FDBBF851
:1044C8001C2022F0080292B2ABF81C20D1064DD570
:1044D800012122F0100292B202F0070002290746D9
:1044E800ABF81C2080B2ABD100285ED1DBF80010FD
:1044F80000297AD0002F40F00381DBF81010D1F8A2
:1045080000A0BAF1000F00F0F6803D464FF0060813
:104518003E4622F0070242F00602ABF81C20DBF808
:104528000870002FAED0012742F008020BF11409E1
:104538004846ABF81C2024F08FFD002800F0D180FD
:1045480084F31188BFF36F8FBFB9002DA1D028461F
:10455800314650F8047B00F0D3F9044618B32946D5
:10456800334642465846A0473D46EEE793063CD5BB
:1045780022F02002022192B2AEE7DBF808100029EF
:10458800E3D00C683346424658464F68B847002C7B
:10459800DBD0214624683346424658464F68B84720
:1045A800002CF6D1D1E73D46CFE702281AD00128E2
:1045B8001BD1DBF80010C1B1012F40F0B580DBF84A
:1045C8001010D1F808A0BAF1000F00F0A88000255B
:1045D80022F0070242F005024FF005082E46ABF81C
:1045E8001C209CE7BBF81E5005B30BF1140024F007
:1045F80033FD002875D084F31188BFF36F8F03B0A3
:10460800BDE8F08F4FF00108019B22F0070242F04D
:104618000102DBF80050CBF80430ABF81C20CBF8D3
:104628000030474527D04FF0000A78E7022F71D1B4
:10463800DBF81010D1F804A0BAF1000F65D022F011
:10464800070242F004024FF004082E46ABF81C2083
:1046580065E7019B0628DBF80050CBF80430CBF85F
:1046680000300FD04FF0000822F0070292B2474501
:10467800ABF81C20D7D1002D3FF428AF4FF0000A2B
:10468800574651E74DB12846BBF81E10013189B293
:10469800ABF81E1000680028F8D122F00701BBF81B
:1046A8001E0041F00202ABF81C2089B210B14FF095
:1046B8000208B6E741F022024FF00208ABF81C20CE
:1046C800AFE701290CBF42F0100242F020028283BA
:1046D8008BE7002F7FF4D0AEF8E688211648FFF765
:1046E80037F84FF49A711448FFF732F840F21B116B
:1046F8001248FFF72DF84FF4AD711048FFF728F86E
:104708004FF4AB710D48FFF723F840F261110B48E5
:10471800FFF71EF840F25D110848FFF719F84FF44B
:10472800B4710648FFF714F84FF4B2710348FFF765
:104738000FF800BF4947040080DC060098DD06003A
:10474800F8B504460D4600F11406EFF3118720234F
:1047580083F31288BFF36F8F304624F06FFC50B19B
:10476800304624F091FCA5613A462046BDE8F84061
:104778000121FFF753BE88210148FEF7E9FF00BF7A
:1047880080DC060088B138B50C4659B10B684BB1CE
:104798004B683BB105462022002127F08AFA2C619C
:1047A800002038BD6FF0150038BD6FF01500704758
:1047B8002DE9F84F002878D00D46002975D001F171
:1047C800040A0446504600F085F8061E26D1AB6858
:1047D800032B6AD804F11409EFF3118B202383F318
:1047E8001288BFF36F8F484624F028FC80460028C3
:1047F80062D0484624F048FC4FF6FF72E38BA78B43
:10480800934207F007073ED0022F38D0062F47D82B
:10481800DFE807F00841464608190800DADA3046AA
:10482800BDE8F88F00232B6063688BB31D6065605B
:10483800002F3DD13E4620465A460221FFF7EEFDA5
:104848003046BDE8F88F6FF085064FF000084846FF
:1048580024F002FCA0B38BF31188BFF36F8FB8F17B
:10486800000FDCD05046002100F04AF880460028AE
:10487800D5D03A46294620460023C047CFE7013322
:104888003E46E383E3E76FF00A064FF00008DEE7F1
:1048980025606560CCE76FF004064FF00008D6E7A6
:1048A8004FF4E4710948FEF753FF6FF01506B6E7B9
:1048B8003E464FF00008CAE788210548FEF748FF42
:1048C8004FF49A710248FEF743FF00BF98DD0600D7
:1048D80080DC0600034640B1426802F00302022A67
:1048E80006D0032A04D0012A05D06FF015007047BE
:1048F8001A68002AF9D0002210469A60704700BF53
:1049080008B54268034602F00302022A816007D014
:10491800032A10D0012A0BD045210948FEF718FFB9
:10492800006800225A6008B125F080FC002008BD0C
:1049380000224260FAE7006800225A6008BD00BF02
:10494800C0DD060010B50446B1F800E08888AEEB7B
:10495800000E20691FFA8EFE86451FFA80FC24BFD0
:10496800AEEB0C0E1FFA8EFEACEB0E0C1FFA8CF0A1
:10497800984228BF18462368734413600B88034481
:104988000B8010BD4B88B1F800C0ACEB030C1FFACC
:104998008CFC944515D34FF0000C00B51A4492B224
:1049A80062F30F0C62F31F4CB1F804E0C1F800C0C9
:1049B800A2EB0E0302699BB2934205D200205DF878
:1049C80004FB6FF0150070479644A1F804E0F5E782
:1049D8002DE9F041002705468846164607E041467E
:1049E800224627F03FF9361B2744A04435D0AA8831
:1049F800AB892869D31A9BB2C31AB34228BF33467E
:104A0800298984B2511A89B288429CBF091B89B28C
:104A1800641AA4B29C4228BF1C462868224492B259
:104A28000844AA80002CDAD1EB88D21A92B29742B5
:104A380019D8002128893B449BB21A1A2C6992B2D2
:104A4800A24263F30F0128BF001963F31F4128BF77
:104A5800288169603846BDE8F081AA88EB88D21AB7
:104A680092B29742E5D948210148FEF771FE00BF8E
:104A7800E8DD06002DE9F0414FF0000805460F4635
:104A8800164643890AE037B138462246614427F082
:104A9800E9F86B892744361BA0441AD0EA88E989CB
:104AA800D21A92B2B24228BF32462869591A89B23C
:104AB800814284B224BF091B89B2641AA4B2944209
:104AC80028BF144623449BB2D5F800C06B81002C44
:104AD800D9D1AA899B1A9BB2984515D80021E88993
:104AE80002EB08039BB21A1A2C6992B2A24263F332
:104AF8000F0128BF001963F31F4128BFE881C5F8DB
:104B08000A104046BDE8F08163210148FEF720FE07
:104B1800E8DD0600704700BF002070471FF024B88A
:104B2800014822F06DB900BF506E012070B5002217
:104B380088B00F490F4824F037FF002200230024D3
:104B48000E260D4DCDE9062328464FF40062CDE927
:104B58000364CDE90144094B0949009423F032F874
:104B68000849284622F03AFF204608B070BD00BF29
:104B7800294B040088760120B8710120A550040053
:104B8800B0A6012014DE060003785B0701D50020DB
:104B9800704703684288C3F34A2000EB12101730AD
:104BA80020F00700800870472DE9F0470546804649
:104BB80098B14FF00109144F95FAA5F3B3FA83F3AE
:104BC80007EB0316317B09FA03F26FEA020A1C01AC
:104BD80025EA020521B9002DEED14046BDE8F0874F
:104BE8003B591B691BB1304698470028F3D13B1944
:104BF8005B6804223046196808EA0A0800F038FCA5
:104C0800002DD9D1E9E700BFC4C606002DE9F04F51
:104C1800374E384C83B0331B8F2B019063D88A46AC
:104C280035491F09D1E8EFBF0BF10100C1E8E50FD5
:104C3800002DF7D1BBF1000F37D1B4424ED834D292
:104C4800013E361B5D464FF001091034360908E075
:104C5800BD4243D0B54205F1010204F110042AD047
:104C6800154614F8042C002AF2D054F8102CA4F19C
:104C78001008D2680AB14046904754F80C2C82F8C4
:104C8800069054F8102C12693AB14046904720B16A
:104C980009FA05F24BEA020BDAE754F80C2C404605
:104CA8001168042200F0E4FBD2E74FF0000B5846ED
:104CB80003B0BDE8F08F019B002BF8D0BBF1000FCB
:104CC800F3D05846FFF770FF8346BAF1000FF5D0CE
:104CD80000214FF4A47023F089FEEFE74FF4AC7184
:104CE8000648FEF735FD4FF4A6710448FEF730FD7F
:104CF800E4C60600C4C60600DC8501201CDE0600EA
:104D080008B50C4BD3E8EF1F0131C3E8E21F002AB6
:104D1800F8D1094BD3E8EF1F0139C3E8E21F002A95
:104D2800F8D1064824F0A0FEBDE80840044822F067
:104D380067B800BFD4850120D88501208876012076
:104D4800506E0120014B53F82000704760DE0600CA
:104D5800002300B585B0CDE902011A461946184668
:104D6800CDE9003300F010FD05B05DF804FB00BF8D
:104D780070B500241C481D4E1D4A1E4B1E4D1F4970
:104D880006604FF4004014601C600C7001F050F88D
:104D980028461B49FEF7F6FD1A4B1D6000F0C0FAC5
:104DA800194D1A4B9D421AD818D203F1FF3CACEBAF
:104DB800050C5B1B224629461C094FEA1C1C00E017
:104DC8001A464B1B48681B1101339442037101F1C9
:104DD800100104D0624502F10103F1D170BD40F227
:104DE80027110B48FEF7B4FC446A0120254B040048
:104DF800D4850120D8850120F46B0120A0960120DC
:104E08004CDE0600C8850120C4C60600E4C60600BC
:104E18001CDE06002DE9F0410024184BD3E8EF7F93
:104E2800C3E8E24F002AF9D1154D164EB54220D8F5
:104E38001DD206F1FF38A8EB0508761B4FEA1818B3
:104E4800360908E0B44205F1100512D0444504F1D2
:104E580001030CD01C466B685B79002BF2D02B68E1
:104E68005B68002BEED0394628469847EAE7BDE84C
:104E7800F0814FF403710448FEF76AFCD4850120E1
:104E8800C4C60600E4C606001CDE06002DE9F0478D
:104E98004948FEF7B5FE002841D0484D484FBD426D
:104EA80000F2858006462DD207F1FF38A8EB0508E9
:104EB8007F1B00244FEA18183F0908E0BC4205F19F
:104EC800100574D0444504F101031BD01C466B68DF
:104ED8005B79002BF2D031784B070DD4B6F800A0DF
:104EE8003046CAF3821AC1F3C20900F0E9FCBAF1EC
:104EF800000F01D0002851DA2B68314628461B687C
:104F08009847DBE72F4B31461868FEF715FF2E4B05
:104F1800D3E8EF1F0139C3E8E21F002AF8D12B4B71
:104F28001B68002B0DDC2A4CD4E9002512F57A7297
:104F380045F10005C4E900251F48BDE8F047FEF724
:104F480063BF24F025FC40F2E9364FEA401C4F01CC
:104F5800BCEB000C47EAD06767EB01074FEA8C030C
:104F680018184FEA870343EA9C7341EB0303DB00FD
:104F780043EA5073164CC0F3103141EA4341D4E977
:104F88000025DB0B891A63EB0503B14273F10003BB
:104F9800CCD3FFF73FFFD4E90025C7E702464946CF
:104FA8000123284600F0B4FA504587D3A4E74FF40C
:104FB80000710848FEF7CCFBF46B0120C4C606005C
:104FC800E4C60600C8850120D8850120D4850120C3
:104FD800807601201CDE060010B5284B82B0D3E88D
:104FE800EF2F511CC3E8E01F0028F8D1244B1B7891
:104FF8003BB9244B1B6813B152B3092A1FD002B026
:1050080010BDEFF31184202383F31288BFF36F8F51
:105018001D4824F013F838B31B4824F035F81B4B0F
:105028001B784BB9184824F017F808B384F3118893
:10503800BFF36F8F02B010BDFFF728FFF2E71448E7
:1050480024F012FD134802B0BDE8104021F0D8BE8C
:10505800002000214FF40042CDE9000100230C4854
:1050680024F0B2FC02B010BD88210B48FEF770FB9B
:105078004FF49A710848FEF76BFB00BFD8850120F2
:10508800A0960120D0850120CC8501209F96012083
:1050980088760120506E012080DC06002DE9F04F53
:1050A800404BDFF804A183B0A3EB0A06360973D09E
:1050B80000210846FFF7AAFD0746002858D14FF0FF
:1050C800FF334FF0FF34CDE90034384B1B78002B09
:1050D8005DD027F03FF8364B364A1B5813601BB19A
:1050E800354B1B68092B4EDC0024344DDFF8D0808B
:1050F800A5EB0A05DFF8CC902D0947B998F80030E0
:10510800ABB1FFF7C3FE90B10446002FF6D0384686
:10511800FFF74AFD07460028F0D14FF0FF324FF065
:10512800FF33CDE9002398F80030002BE9D1C4B152
:105138001C4B9A4522D814D20024DFF86CB000E04A
:105148001C46DBF800309B691BB10022584611460B
:105158009847B4420BF1100B10D0AC4204F1010394
:10516800EED14846DDE9002321F0BAFE0024C4E769
:1051780040F267630024CDE90034A6E740F29D3190
:105188001148FEF7E5FA0F4821F03AFEACE740F285
:1051980046310E48FEF7DCFA40F2A9310A48FEF71C
:1051A800D7FA00BFE4C60600C4C60600AA960120C6
:1051B80008000000D0850120D8850120E3C606003C
:1051C8009F960120506E01201CDE0600E4DC0600DC
:1051D8002DE9F0411C4F3C780CB1BDE8F0811B4D26
:1051E8001B4E21460120FFF711FDB54226D81AD2E1
:1051F80006F1FF38A8EB0508761B4FEA18183609A0
:1052080008E0B44205F1100518D0444504F1010343
:1052180009D01C466B685B79002BF2D02B682846B6
:105228009B689847EDE70B4C23781BB1FFF72EFEE0
:105238000028F9D101233B70BDE8F08140F2C51187
:105248000548FEF785FA00BFA0960120C4C60600EF
:10525800E4C606009F9601201CDE060010B5064C29
:10526800237813B10123237010BD044821F0C8FD31
:105278000123237010BD00BF9F960120506E0120AE
:1052880008B50D4BD3E8EF1F0131C3E8E21F002A30
:10529800F8D138B9094824F0E7FBBDE808400848C8
:1052A80021F0AEBD074BD3E8EF1F0139C3E8E21F79
:1052B800002AEFD0F7E700BFD485012088760120C7
:1052C800506E0120D88501200146002200230148A4
:1052D800FEF780BBF46B012010B5074B04461B6832
:1052E800984703462146A3600448FEF733FCBDE80F
:1052F8001040FFF771BE00BF446A0120F46B012023
:1053080000207047044A054B9B1AB1EBD30F34BFFA
:1053180052F831000020704714C60600C4C60600C3
:105328000B4B0C48A3EB000C5FEADC0C0FD00A4ACD
:1053380002EB8C0C1168037921F0070103F00703D5
:105348000B4342F8043B944500F10800F2D1704742
:10535800C4C6060014C606003C6C0120F8B50A4D08
:105368000A4EAD1BED080BD00746002456F8340052
:1053780018B13946FAF74EFF20B10134AC42F5D1E5
:105388004FF0FF342046F8BDC4C6060014C6060018
:105398002DE9F8432B4E2C4C361BB2EBD60F4CD2D2
:1053A800002815461F462FDB04EBC2042479C0B23F
:1053B80000EB400204BBA446072703230020234E2A
:1053C80007FA02F256F8251021EA020141EA0C0C0C
:1053D8002CFA03F101F00701884203F1030338BFF7
:1053E80008461E2BF4D12CF0070C4CEA000046F8B6
:1053F80025002046BDE8F8839C4228BF1C4604F0DF
:10540800070C0CFA02FCD7E7114E124CA41B240916
:10541800EFD006EB04198846002473682A461879E9
:1054280041463B46FFF7B4FF1036844238BF044676
:10543800B145F2D12046BDE8F8834FF4DE71064845
:10544800FEF786F9C4C6060014C606003C6C0120A7
:10545800C4C60600E4C6060074DE060018B140683B
:105468000079FFF795BF4FF0FF30FFF791BF00BFFE
:105478002DE9F0410F4B104E0546F61A4368F60821
:105488008846DA710CD017460024686822B20134C5
:105498003B4600210079A4B2FFF77AFFB442F4D367
:1054A80001226B68C3F800806B685A71BDE8F0414F
:1054B800FFF7D4BE14C60600C4C6060070B5D8B13E
:1054C800436805465A7912B900225A7170BD0D4ECB
:1054D8000D4AB61AF608F7D000240023696822B2EC
:1054E80001340879A4B21946FFF752FFA642F4D84E
:1054F80000226B685A7170BD40F235110348FEF7FF
:1055080027F900BFC4C6060014C60600DCDE060084
:1055180008B5C8B1416891F804C00F490F48091A85
:10552800B2EBD10F13D21BB900EBC200007908BD52
:105538000B4B5FFA8CFC53F822000CEB4C0C20FA56
:105548000CF000F0070008BD4FF0FF3CE5E74FF412
:10555800D4710448FEF7FCF8C4C6060014C6060059
:105568003C6C012074DE060038B50C4681B1154646
:10557800D2E901329B1A99420CD801462868104496
:10558800224626F06FFBAB6820462344AB6038BD4B
:10559800084638BD6FF01B0038BD00BF70B5054622
:1055A80006200C461646FFF78FFE68B10222A101BD
:1055B80001F4E07141F48051C0E9001546610261CF
:1055C800BDE87040FFF788BEBDE87040FFF758BEE1
:1055D800F8B5054608200C4617461E46FFF774FE28
:1055E80070B10323A10101F4E07141F4C051C0E995
:1055F8000015476186610361BDE8F840FFF76CBE9E
:10560800BDE8F840FFF73CBE2DE9F041054608200B
:105618000C4690461F46069EFFF756FE78B10423B7
:10562800A40104F4E07444F40054C0E90587C0E917
:105638000045C6610361BDE8F041FFF74DBEBDE816
:10564800F041FFF71DBE00BF2DE9F04FC1F34A2816
:105658008DB00C4682461E4604AF4FEA115BB8F186
:10566800000F39D0914604250022C7E90522FA61C6
:10567800029507F10C0501950A254146484607F1B0
:1056880014030095FDF772FCB0F5006F4FF00002AF
:1056980078603ED33748036813F0060F35D06D465F
:1056A8008AB0D9F8041004AB4FF400769961324CF3
:1056B80040F2FF715C611C461E84D9612F4B44F88F
:1056C800103F4FF4125113462246FFF7BDFFAD4677
:1056D8002437BD46BDE8F08F0BF1170020F0070016
:1056E8008008FFF7F1FD054600283AD036B105F1EC
:1056F80010005A463146404426F0B4FA68F3532461
:105708002846C5E9004AFFF7E7FD2437BD46BDE84E
:10571800F08F7B680BF11700184420F00700800811
:10572800FFF7D2FD0546E0B10022FA6105F110024B
:105738007A6104227B684146BB61029207F10C0240
:1057480001920A224846009207F114030C4AFDF719
:105758000DFC002809DB7B68C3F30A08002EC6D1BC
:10576800CCE70020FFF78CFDCFE74FF4A371054885
:10577800FDF7EEFF506C012020DF06000400000159
:105788007155040060DF06002DE9F04F87B004462C
:10579800DDE911B916469846109FDDF84CA0029134
:1057A800B9F1000F51D010214B465A460020CDF8D0
:1057B80000A0CDF814A0FDF72FF9011E70DBB1F59C
:1057C800006F3ADA07F11700084420F00700800854
:1057D8000391FFF779FD0399054600285AD0CDF8C3
:1057E80000A000F1100A4B465A4650460391FDF7B7
:1057F80013F90028039958DBC7F30B02174604F086
:10580800070406F00706C1F30A0BB8F1000F04D02D
:105818000AEB0100414626F025FA2846E40044EA4E
:105828008614029B44EA4B2444EA07546B602C60BC
:1058380007B0BDE8F04FFFF74FBD1E4C236813F0CB
:10584800060F17D107B0BDE8F08F00F0070407F185
:10585800170020F00700800802F00706FFF734FD64
:10586800C7F30B0217460546A0B14946CB4605F1DA
:10587800100ACAE70820FFF727FD0F4A58B1032589
:1058880040F2FF7142614FF4C45244600561816186
:105898000260CDE7002007B0BDE8F04FFFF7F0BC8D
:1058A80040F265110548FDF753FF4FF4C4710348F2
:1058B800FDF74EFF506C01208CDF060060DF06000C
:1058C800406820B1034BC01A40F38F0070474FF077
:1058D800FF3070473C6C01200EB400B582B003ABBA
:1058E80053F8042B01460448019306F0B7F802B0B8
:1058F8005DF804EB03B07047055904002DE9F8433F
:105908004B68CA681C680D469442064610D0D3E816
:10591800EF2F511CC3E8E01F0028F8D1AB689E5454
:105928006A68EB6812689A4214D80020BDE8F883C8
:105938000F68D1F80890D3F804803CB14846214656
:105948004246B847241A8144F8D16B6800221A608D
:105958006B68DCE772210148FDF7FAFEC4DF060038
:105968000A2838B504460D4605D029462046FFF7D3
:10597800C5FF002038BD0D20FFF7C0FF294620468F
:10598800FFF7BCFF002038BD2DE9F04F89B09DF826
:105998004C8004461E46159FB8F1000F40F0DB808E
:1059A800012E149B28D0002B00F0C080C346B348BA
:1059B8002246149BB249FDF777FA0028C0F2B2815B
:1059C800169B13BBB8F1000F40F09F80D4E9008309
:1059D8001D68A6685F6855B13B46474698463046FD
:1059E80029464246B8472D1A0644F8D16368002272
:1059F8001A6009B0BDE8F08F002B00F09780C3460D
:105A0800EAE0169B002B00F08380DA46179BDFF84C
:105A1800749203F01003CDE905389B4E169D059B43
:105A2800102D28BF10253BB9179B990640F18E8091
:105A380020469649FFF750FFBAF1000FC8BF4FF054
:105A4800000807DD3146204608F10108FFF744FF4A
:105A5800D045F7D120468E493A78FFF73DFF4FF001
:105A6800010BDFF830820AE05D4511D84146204637
:105A78000BF1010BFFF730FFBBF1100F13D01BF038
:105A8800070FF1D131462046FFF726FF5D45EDD9D6
:105A980017F80B2020467E490BF1010BFFF71CFF7E
:105AA800BBF1100FEBD120467B49FFF715FF4FF0F4
:105AB800000B3A46DFF8E4811278414619F80230C3
:105AC800204613F0970F08BF2E220BF1010BFFF7AA
:105AD80003FFBBF1100F0DD01BF0070F2DD05D4554
:105AE80031D8314620460BF1010BFFF7F5FEBBF12B
:105AF800100FF1D1169B2F445B1B16938ED1DDF846
:105B08001880B8F1000F3FF461AF179B03F001054F
:105B1800002D63D1179BDA063FF558AF9B06204648
:105B28004CBF5A495E49FFF7D7FE4FE7169B002B3B
:105B38003FF44CAF4FF0000A68E731462046FFF7C4
:105B4800CBFE5D45CDD907EB0B02B5E7204654499E
:105B5800FFF7C2FE70E7B8F1040F00F2E880924642
:105B68008946FFF7CDFB179A179B02F0010502F053
:105B780008020592179A03F0020302F48072069253
:105B88000246002830D0204646490793FFF7A4FE76
:105B9800079B83465BBB55B1434B204653F82820EF
:105BA800424B4349002A08BF1A46FFF795FE069B59
:105BB800002B00F08D80059B002B40F0A080BAF1EF
:105BC800000F05D0524620463A49FFF785FE834428
:105BD800149B002B3FF415AF3748E9E62046334ABB
:105BE8003349FFF779FE95E78346002BD3D0179BFF
:105BF80013F0440F00F08D80304BD3F800E0BEF175
:105C0800000FC8D02E4B2F4A1B682046B9FBF3F370
:105C1800B3FBFEFCA2FB0C924FF47A790EFB1C330B
:105C280009FB03F307934FF461634FEAD22903FB9F
:105C380019C9254B2549A3FB09C3DDF81CC05B091D
:105C4800BCFBFEFCCDF804C0C3EB031CA9EB8C0C19
:105C5800CDF800C0DDF80490DDF81CC0D20A0EFBB8
:105C680019CC4FF47A7909FB0CFCBCFBFEFCCDF88F
:105C780008C0FFF731FE83448DE700BF695904006F
:105C880065BA04000964070090460700CC40070085
:105C980040E006004CE0060050E006004CF206002A
:105CA80048E00600FCDF06009CE00600F4DF060082
:105CB80028E006002CE0060005590400E4850120D0
:105CC800E0850120C5B3A291898888880CE0060088
:105CD800059BABB9DDF81490BAF1000F05D0524618
:105CE80020461549FFF7F8FD8144CEB132462046DB
:105CF8001249FFF7F1FD00EB09039B4468E7002612
:105D08000F4B204653F828200E49FFF7E5FD814642
:105D1800E2E74A4620460C49FFF7DEFD83443AE7AE
:105D2800CB4455E740F2A7210848FDF711FD40F2A2
:105D38004D210648FDF70CFD2CE0060038E0060072
:105D4800B0E0060030E0060000E00600C4DF060010
:105D58002DE9F0430546087887B0C0F3C209084624
:105D68000E880C468F689046FFF7AAFD011EC6F301
:105D780082161ADA0023002239462846678854F822
:105D8800105BC7F30B17C5F34A2C944504EB0C05BD
:105D980008BF1446CDE90478019603950092029451
:105DA800FFF7F2FD07B0BDE8F0834846FFF7AAFA0F
:105DB8000346E0E72DE9F04342F20F730C4606462E
:105DC800A34283B028BF234605216846154A356893
:105DD80024F0BCFC0B2704467368DFF84C80D3F82A
:105DE8000490404639464A46A8473F1A8044F8D1AD
:105DF8006F467368D3F80480384621464246A84760
:105E0800241A0744F8D11B247368084E5F6830468B
:105E180021463A46A847241A0644F8D103B0BDE8FB
:105E2800F08300BFF4FC060070E0060054E00600B2
:105E38000A4A904288BF012309D9400890424FEA94
:105E48004303FAD8064A1360064B186070470122CC
:105E5800034B1A60034B1860704700BF40420F00A5
:105E6800E0850120E48501202DE9F041884659B1FB
:105E7800074E4518B768441E013D14F8011F304607
:105E88007B689847AC42F8D14046BDE8F08100BF36
:105E980090C2060003465B6800201B685B68996136
:105EA800704700BF01212DE9F04143681B685A681B
:105EB8001177D3F80080D8E900731C68D8F8085027
:105EC8005E6844B1284621463246B847241A05443C
:105ED800F8D1D8F8043000221A60BDE8F08100BF7C
:105EE80043681B681868FFF765BF00BF70B5436853
:105EF8000C461D686B689869FEF724FF2146034627
:105F08000F222868BDE87040184700BF10B54368E5
:105F18001C6806481FF068FE18B123685B685C605F
:105F280010BD99210248FDF713FC00BF90C206007E
:105F3800C4E006000346024A00201A60704700BF0A
:105F480058E1060010B504461DF00EFE034902464E
:105F5800204602F0F9F9002010BD00BF84E10600D8
:105F680030B515460346002483B068680A2101AAA3
:105F780001941D4602F0C0FF019C9CB94FF40045F6
:105F8800214640F2E73220EAE073C3FB05210023F3
:105F980010464FF47A72FAF723F922F027FD2046CB
:105FA80003B030BD22462846034902F00FFA019C8F
:105FB800204603B030BD00BFB4E1060008B5034A6F
:105FC800034902F0C1F9002008BD00BFACE2060099
:105FD800B4E20600F0B51746002383B00A21044650
:105FE80001AAB868019302F087FF1A4906462046BD
:105FF80002F0DCF9019DE5B9F6B2042E0DD87868F7
:10600800FFF7ACF9021E1DDB33462946284612B2BB
:10601800FFF724FA284603B0F0BD01253246204692
:106028000D4902F0D3F9204602F05CFB284603B084
:10603800F0BD2A462046094902F0C8F9019D2846C4
:1060480003B0F0BD20467A68054902F0BFF96FF049
:106058001505DFE7E0E2060070E3060048E3060006
:1060680088E30600012008B5FDF704FF002008B505
:10607800FDF700FF0B68834204BF01230B717047D3
:106088000246002300B583B06946054800928DF8A2
:10609800043023F0A1F89DF8040003B05DF804FB78
:1060A8007D60040010B504461DF034FD0749024622
:1060B800204602F049F92046054902F045F92146F3
:1060C800044823F08DF8002010BD00BF6CE40600E2
:1060D8008CE40600E1600400F0B58FB004460E467B
:1060E800D0F8AC7021F08CFC294B1B78002B49D0E0
:1060F8000546284B26F02EF8002D08BF1D46DFF870
:1061080098E0DFF898C05EF80000254A23468442EC
:1061180008BF624623493046009502F015F9D4E9D4
:106128000A23CDE90023304694F90E30227B1E491C
:1061380002F00AF906A92022204621F063FC636FC9
:1061480002461A49304602F0FFF8204605A921F018
:1061580083FD80B96425059B3046FC1ACDE90047CC
:1061680005FB04F4B4FBF7F43A461149029402F033
:10617800EBF80FB0F0BD02460E49304602F0E4F8E5
:106188000FB0F0BD40F246310B48FDF7E1FA00BF11
:10619800AA96012098E406000800000010FE0600F8
:1061A800904607009CE40600A8E40600D4E4060034
:1061B8001CE50600ECE40600E4DC060030B5054604
:1061C8004FF02033002291B029461948CDE90E221C
:1061D800CDE90933CDE90B330893ADF838300D9389
:1061E80022F0FEFF4FF40061124807AA21F024FDB7
:1061F800C8B94FF400614FF0640C044608AB009333
:10620800079B2846CA1A03920CFB02F2D20A029391
:106218000491019105922346064A074902F094F831
:10622800204611B030BD50210448FDF791FA00BF57
:1062380049620400B0C70120BCE5060074E5060009
:10624800F0B5054689B00E46D0F8AC7007A921F024
:1062580003FDD0B9284621F0D3FB6421079C0346EF
:1062680001943C1B029401FB04F4B4FBF7F40A49C3
:106278002A46002B08BF0B4630460849039700976B
:10628800049402F061F809B0F0BD024604493046B2
:1062980002F05AF809B0F0BD98E4060008E60600D6
:1062A800ECE4060038B51446054610226068002163
:1062B80024F0EEFA0446FFF7E3FE90B1124B1B7888
:1062C800E3B125F047FF114B1B589C4211D02046E3
:1062D80021F01AFE284622460D4902F035F8002022
:1062E80038BD224628460B4902F070F86FF01500B9
:1062F80038BD2846084902F069F8F7E740F2463108
:106308000648FDF725FA00BFAA96012008000000FC
:10631800B4E6060070E606008CE60600E4DC06003B
:1063280038B51446054610226068002124F0B0FAFA
:106338000446FFF7A5FE90B1124B1B78E3B125F098
:1063480009FF114B1B589C4211D0204622F018F926
:10635800284622460D4901F0F7FF002038BD2246A5
:1063680028460B4902F032F86FF0150038BD284670
:10637800084902F02BF8F7E740F246310648FDF7E6
:10638800E7F900BFAA9601200800000020E70600F0
:1063980070E60600F8E60600E4DC060038B51446A8
:1063A800054610226068002124F072FA0446FFF7BF
:1063B80067FE90B1124B1B78E3B125F0CBFE114B71
:1063C8001B589C4211D0204604F006FF284622465E
:1063D8000D4901F0B9FF002038BD224628460B4977
:1063E80001F0F4FF6FF0150038BD2846084901F0A8
:1063F800EDFFF7E740F246310648FDF7A9F900BF7F
:10640800AA9601200800000088E7060070E606004A
:1064180060E70600E4DC060010B50C46002102F037
:10642800E9FC00B100680023024AC4E90233C4E968
:10643800000210BDC4E7060010B50C46002102F0AA
:10644800DDFC00B100680023024AC4E90233C4E954
:10645800000210BDC4E7060070B506465068144631
:1064680002F0D0FCF0B105461FF0BEFBA0B92846EB
:106478001FF088FB054638B9304662680D4901F0BF
:1064880053FF0025284670BD0346626830460A4916
:1064980001F09CFF284670BD30466268074901F04C
:1064A80043FFEEE730466268054901F08FFF6FF061
:1064B8001205E7E738E8060008E80600E4E7060002
:1064C800CCE706002DE9F04F91B0054603A88946B0
:1064D80001921FF07DFB039B082103EB40182E4A15
:1064E800284601F013FF039CA04535D9DFF8ACA07E
:1064F80026680EB1337833B923463021284A04A8D8
:1065080024F024F904AEB9F1020F05D1019B3046FD
:10651800596825F04FFCE0B1334608212846214A46
:1065280001F0F4FE20461FF05FFB06461E4B0821D3
:10653800002E08BF534628461C4A01F0E7FEE369CF
:106548003BB1D3F800B0BBF1000F02D0DBF800205C
:1065580032B92034A045CBD8002011B0BDE8F08F67
:10656800134A0821284601F0D1FEDBF800206AB161
:106578005F46002657F8043F082128460D4A01F0D7
:10658800C5FEDBF800300136B342F3D808212846AF
:10659800094A01F0BBFEDCE770E8060064E8060083
:1065A8007CE8060084E806005CE806008CE8060043
:1065B80094E80600E82F0700CC400700F0B51378F0
:1065C80014463A2B06460D4683B015D1013401AF67
:1065D80023783A2B28D101340A223946204624F060
:1065E800E1F8019A0346A24228601AD01078C0B98F
:1065F8003C2B2ED803B0F0BD01AF0A223946204605
:1066080024F0D0F8019BA860A3420AD01A783A2A4D
:1066180007D1172898BF5C1CDAD930460F4901F01A
:10662800D5FE6FF01500E5E70A223946204624F02A
:10663800B9F8019B6860A342F3D01A783A2AF0D1DE
:106648003B2898BF5C1CC7D93046054901F0BEFEFF
:10665800E7E73046034901F0B9FEE2E788E90600BA
:1066680098E90600A8E906002DE9F0410D4694B026
:1066780006A9044601201646FCF736FF0BA906A812
:1066880023F0C0FF032D31D0022D65D1204672685A
:106698000BA9FFF793FF00285ED10BA8FDF774FD47
:1066A800B1F1FF3F08BFB0F1FF3FCDE906015FD070
:1066B80000230893012006A9FCF786FF0546002859
:1066C80050D1DDE90F320B99204603910C99013323
:1066D80002910D9902F26C7201910E9900912C4968
:1066E80001F032FE284614B0BDE8F08175680A2230
:1066F800284605A924F056F8059B80469D422BD0D4
:106708001A782D2A28D15D1C0A22284605A924F0CA
:1067180049F8059FBD421FD03A782D2A1CD1451E45
:106728000B2D2AD801370A22384605A924F03AF851
:10673800059B9F4210D01B7873B9431E1E2B21D88E
:10674800CDE90E05A8F26C732046B2680BA9109328
:10675800FFF734FF0028A0D0204601F0C3FF6FF0F8
:106768001505BFE702460B49204601F02FFEF6E764
:106778002046094901F02AFEF1E72046074901F0C1
:1067880025FEE9E72046064901F020FEE4E700BFC0
:106798001CEA060004EA0600D8E90600B8E9060083
:1067A800C8E9060010B5044692B004A90120FCF718
:1067B8009BFE09A904A823F025FFDDE90D32DDE9D8
:1067C80009010133CDE90210DDE90B0102F26C7217
:1067D800CDE900102046034901F0B6FD002012B0B3
:1067E80010BD00BF1CEA06002DE9F04115460E4613
:1067F800102200210446686824F04AF8022E074651
:106808000DD820222046274901F09EFD3A68002332
:106818002046254901F098FD0020BDE8F0810A22B4
:106828000021A86824F034F880465FFA88F82046EA
:1068380042461C4901F088FD032E24D01022E86846
:10684800002124F08BF805460B4620462A461749B6
:1068580001F07AFDB8F1100F0DD0B8F1200F10D06B
:10686800B8F1080F0AD02046114901F06DFD6FF00C
:106878001500BDE8F081ADB23D80CDE7EDB23D70C9
:10688800CAE73D60C8E7B8F1100F08D0B8F1200F8B
:10689800BCD0B8F1080FE6D13A78D2B2B7E73A8857
:1068A80092B2B4E7CCEA0600FCEA060010EB060058
:1068B800E4EA06002DE9F04F002301254FF0FF36EA
:1068C800554C87B0256082460D46144601934FF01B
:1068D8002008FDF7C5FCB146504F3A4621462846E8
:1068E800FDF7E4FC421C43D073282ED0772819D03A
:1068F800612804D06FF0150007B0BDE8F08FDFF80D
:1069080020B11021DBF8000001AA02F0F5FA019B82
:106918000646002BE1D05046DBF80020414901F043
:1069280055FDE7E7DFF8F8B00021DBF8000001AA21
:1069380002F0E2FA019B8046002BCED05046DBF8ED
:106948000020394901F042FDD4E7DFF8D4B0002136
:10695800DBF8000001AA02F0CFFA019B8146002B68
:10696800BBD05046DBF80020304901F02FFDC1E7CD
:10697800731C4CD0B9F1FF3F44D05FFA88F4C8F3D8
:10698800C408B9F1000F2ED0A8EB0605C84519D8E0
:10699800B8F1100F16D8324602AB102C08D0202CB4
:1069A80026D0082C21D05046214901F0CDFCA1E782
:1069B800118889B21970090A59704244511910296D
:1069C8004344EAD94F46102F28BF10273146504676
:1069D8003B4602AA01F00AFDB9EB0709A5F110052B
:1069E80006F11006D2D1002086E711781970E4E785
:1069F8001168080C19709870C1F30721000A5970C2
:106A0800D870DAE750460B4901F0E0FC72E75046CF
:106A1800094901F0DBFC6DE73C6A012064EB0600E4
:106A2800BC85012028EB060050EB06003CEB060075
:106A3800E4EA06008CEB06006CEB06002DE9F04753
:106A480000239246384F394C394A012906462360BB
:106A5800DAF804003B7013603AD90C4655464FF0FB
:106A68000108DFF8D09012E043782D2B15D18378F8
:106A7800002B0CBF0246421C13782D2B11D15378E2
:106A8800652B0ED1013C012C87F800801DD0AA4649
:106A980055F8040F03782D2BE6D0024613782D2BDA
:106AA800EDD013782D2B04D153782D2B01D1937869
:106AB8007BB313782D2B0BD153784BB14946304615
:106AC800013C01F041FC012CE1D1DAF80800AA46AA
:106AD8000022114623F0DCFE00220146164BDAF8AC
:106AE80004001960114623F0D3FE144C144B277888
:106AF80018609FB9012530461249257001F024FC21
:106B08003A4630461049257001F014FE0020BDE8D1
:106B1800F087DAF808000AF1040AD9E730460B4989
:106B280001F054FCF2E700BFA39601201C86012067
:106B380020860120A8EB060028860120A1960120C6
:106B480024860120FCEB0600596B0400C0EB06000C
:106B5800002A00F092800A442DE9F04781464B4E06
:106B68004B4DDFF83081DFF830A14C1E571E0DE089
:106B780009282B68327001D9052903D808F80320A1
:106B880001332B60022B46D0BC4242D0337814F834
:106B9800012F182B22F02003A2F13000A3F14101AC
:106BA800E6D1112AE4D100233C4C3D4D48462268E9
:106BB8003C49337001F0C8FB2B7883F001032B703C
:106BC800002B3CD100224846114601F0B3FD364B5C
:106BD8001B78F3B92168042913DD344E4D1F33683F
:106BE800AD08681C03EB80001A6812BA43F8042B3E
:106BF8008342F9D1C5EB8575043901EB8501336012
:106C0800216011F0030221D1284B1A6813681BBABE
:106C18001360BDE8F08710220021404623F038FEBB
:106C28004FF0000C1D49DAF800300A6803F8010B30
:106C380001320A60CAF80030C5F800C0A4E7484627
:106C48001B4901F081FB01232B70BBE74B4203F08A
:106C5800030358BF5A42022A10D0032AD9D1134B32
:106C6800186802681104C2F3074301F47F010B435B
:106C780002F47F4213430360CBE770470B4B1A685B
:106C880013885BBA9BB21360C3E700BFA2960120CA
:106C98001C860120188601202886012020860120D4
:106CA800A196012028EC0600A39601202486012045
:106CB800FCEB060010B540681C462430FDF7DAFEF0
:106CC80003462360002010BD2DE9F8434668994625
:106CD800337BB3B190465AB10D46531E4C1E1D442A
:106CE800306814F8011F87687F68B847AC42F7D14D
:106CF800C9F800800120D6E9013198470020BDE895
:106D0800F88306F11000FDF763FE012106F1B803D0
:106D1800C9F80000D3E8EF2FC3E8E01F0028F9D135
:106D2800002AEBD1306883685B69002BE6D098476E
:106D38000020BDE8F88300BF10B582B009481EF0F6
:106D480053FF58B10424084A01231268054907482B
:106D5800009401F029FC002002B010BD6FF0120071
:106D6800FAE700BF90C206003CEE0600E4C6060043
:106D780003785B0701D50020704703684288C3F396
:106D88004A2000EB1210173020F0070080087047E7
:106D9800F8B54027002408264568C5E90012AB600D
:106DA8004268D319536202F13803C2E90A44C2E9BE
:106DB8000434C2E906441568576314631662C2F8BE
:106DC800B840AB6823B11B6C13B1284604499847F7
:106DD800AB681B6A0BB1284698470020F8BD00BF76
:106DE800ED6D04002DE9F04705460C4682B0836836
:106DF800DA6B0AB19047AB68DB6A1BB12846984743
:106E0800002840D04FF0000804F1240604F12807B8
:106E1800218E238D626B5B1A9BB2D31A934228BFD3
:106E280013463946304601AAFDF78CFD8146B0B1BC
:106E3800AB6801991B69002B6AD00246284698471F
:106E4800824600284BD0524639463046FDF79AFD17
:106E580000284BD1CA454FF00108D9D00FE031487E
:106E6800036813F0060F45D1AB681B6923B10122F3
:106E780028460DF103019847B8F1000F03D0D4E973
:106E8800013100209847AB68DB6913B12846984761
:106E980010B3618BE38A226A5B1A9BB2934204F1B6
:106EA800100604F11A0728BF1346394601AA3046CE
:106EB800FDF748FD024610B3AB680199DB6853B390
:106EC80028469847024639463046FDF75BFD28BB01
:106ED800D4E901310120984702B0BDE8F0870246A5
:106EE80039463046FDF74EFD0028C5D06F210E48C3
:106EF800FCF72EFC02210D4AFEF750FBB4E7AB6805
:106F08009B690BB1284698470023C4F8B830DFE7DF
:106F18006FF0570A97E76FF05702D4E7BB21024892
:106F2800FCF716FC7C6C0120ECED060024EE060054
:106F380010B5406850F8804B22F096FDA3689B6915
:106F48000BB120469847A3685B6A0BB12046984767
:106F5800002010BD08B54368197309B9002008BDA1
:106F6800186883689B69002BF8D09847002008BDF3
:106F78000EB400B582B003AA52F8041B019201F0C6
:106F880019FC02B05DF804EB03B0704738B504464D
:106F9800886800F5207024B9BDE83840012123F045
:106FA80075BA0D46082123F071FA012C0AD1AB6895
:106FB80003F51F73D3E8EF1F41F00201C3E8E21F96
:106FC800002AF7D138BD00BFF0B583680446D3F86E
:106FD8007C220D46520783B031D4E068C36803B3FE
:106FE800A26829460DF106035A3203F099FA0028DF
:106FF80038D0204602F02CF9A368D3F878329B06E3
:107008002BD4204602F0B6F9A268BDF80630204617
:10701800A2F85630A268A2F8543001F0EFFF03B08E
:10702800F0BD002DFBD0A66806F15A073846F9F7DF
:1070380003F983B21BBB86F85A31E068D0E703F541
:107048001F73D3E8EF1F21F00401C3E8E21F002AF1
:10705800F7D1E06803F060FABFE70D496069FFF710
:1070680087FFCEE7A06800F5AD715A30F9F7DCF874
:10707800A0685A30F9F7E0F8ADF80600B9E7421C05
:10708800394606F5AD7024F0EDFDE068A8E700BFCD
:1070980030CB06002DE9F04F0746A9B05422002155
:1070A80013A824F006FE0023BA683846CDE9073352
:1070B80002F15A0802F0D4F8384601F087FF002898
:1070C80000F041814FF00009BB683846C3F81890BA
:1070D800C3F81C90C3F82090C3F82490C3F82890F4
:1070E80001F044FED7E90210B1F854205A3103F0F8
:1070F80047FA384603F0B2FA0899012900F0A4814A
:10710800CA463B46DDF81CB013AC4D464746CDF8A1
:107118001090CDF80C90CDF814904FF0FF36A146A2
:1071280098465C46D346132C00F24081002E00F0AE
:1071380042813A464946022308A801F0DFFB089934
:10714800D9F80470002900F0EF80012900F0AF8021
:10715800079B002B7DD1BAF1000F00F0CB8009F11D
:107168000409013E002D00F09580EB68BBF1000F8B
:1071780000F0A680002B40F0CC80079C6B68002BA9
:1071880000F0B680AE460DF1380C0593BEE80F004E
:10719800ACE80F00DEF800300395CCF80030089911
:1071A800002E74D1022972D00129BCD15A46474613
:1071B800A346DDF81490BBF1130F03D908990229EF
:1071C80000F05681049913AB03EB81044AB13846A9
:1071D80003F000FBBA68142313A95A3207A801F078
:1071E8008DFB039B079D23B1039B5B7CFE2B00F06B
:1071F8000481049BED1ABB685A6A002A00F0E080FB
:1072080093F82820002A00F0A3804FF6FF7193F826
:107218002900FF2818BF0146AA4203D80A44AA42F7
:1072280080F096809B69964A0121384602F0C4F99D
:10723800B9683846183102F0EBFEB9683846914A09
:10724800183102F077FE6FF01504204629B0BDE82A
:10725800F08FD9F8000002F00FFF002840F0D88026
:10726800079B002B3FF477AF29464046D9F800200A
:1072780003F016FA022800F0E08003283FF46BAF11
:10728800079C4FF0010B0134089907948CE70134EF
:10729800079489E7079C3CB9D8F80830DB6A002BCB
:1072A80045D0DB68002B42D04FF0010A77E7002871
:1072B8003FF44EAF0346744A404602F07DF933E08E
:1072C800D8F80820079C002B3FF458AFAE4602F1CF
:1072D800180CBEE80F00ACE80F00DEF80030CCF860
:1072E8000030AB6873B16B680494002B7FF44AAF2D
:1072F800039554E70398D9F8001009AA01F08CFC0B
:1073080005462CE76B7CFE2BEDD12E7C0494013EC8
:1073180034E7404601F0A4FF404601F06FFE01212A
:1073280040465A4A02F048F96FF007048DE7584B77
:10733800012100934046139B564A02F03DF94FF055
:10734800010A079C2BE754497869FFF711FEB9E653
:1073580003F51F73D3E8EF1F41F40061C3E8E21F90
:10736800002AF7D1B86800F524701FF049FDBB6802
:107378002246294638465B6A98470446B86800F5AD
:1073880024704FF0FF334FF0FF321FF0A9FDBB68A8
:1073980003F51F73D3E8EF1F21F40061C3E8E21F70
:1073A800002AF7D1204629B0BDE8F08F5A46474653
:1073B800DDF8149003E75A464746DDF8149001E7D4
:1073C800B9F1000FB0D0DA694A4509D003F11804C1
:1073D800CDF83C900EAD0FCD0FC42B682360BB6871
:1073E800384603F1180102F013FEB9683846254AF9
:1073F800183102F09FFD012427E728AB03EB850332
:1074080053F8543C002B3FF4F4AE01350795F0E6F1
:10741800DDF814904746B9F1000F23D0D8F808409A
:10742800CDF83C9018340EAD0FCD0FC42B684046F4
:107438002360D8F808101831D5E75A464746DDF8D2
:107448001490DDF81CB0B6E6079D132D06D8BB686E
:107458005A6A002A3FF468AF13ACD1E6CDF8109011
:1074680013ACC6E6012140460C4A02F0A5F85BE7DA
:10747800012138460A4B0B4A02F09EF854E700BF38
:1074880098EF0600F8EE0600E4EE060028EF060086
:1074980060EF060058EF0600CC40070008EF060032
:1074A80074EF0600A02C070038B500286ED00446FB
:1074B8008068002865D06368002B62D02368002BA1
:1074C8005FD0037D012B59D1D0F87C32590421D4E7
:1074D8004FF48042002300F524701FF001FD05469B
:1074E800002848D10821204601F0E2FF2A496069B6
:1074F800FFF73EFD0222A3681A75A3689A6CA2B131
:10750800204602F0B3FAA06800F524701FF078FC5A
:10751800284638BDD0F878325A07D9D4026D2146AA
:10752800E06902F0E9FBA068D2E783F85A50A36843
:10753800A3F85650A368A3F85450A368D3F87C3234
:10754800DB0403D4204602F079FAD9E7134B032170
:107558002046134A02F030F8A36803F51F73D3E8F6
:10756800EF1F21F48051C3E8E21F002AF7D120461B
:1075780002F064FAC4E76FF00F05C9E76FF08505FC
:10758800C6E740F2A9510748FCF7E2F84FF4B561A5
:107598000448FCF7DDF800BFCC400700DCEF06002C
:1075A80028E00600B4EF06002DE9F04FAFB0002840
:1075B80000F0738483680446002B00F0698403F5A7
:1075C8001F73D3E8EF1F41F00101C3E8E21F002A4F
:1075D800F7D1A3681A7D022A0CD003F51F73D3E8EC
:1075E800EF1F21F00101C3E8E21F002AF7D12FB0F5
:1075F800BDE8F08F00229D6C07926068DA6C036822
:107608001F69002D40F0858007AB01220DF11B0199
:10761800B847079B002B00F051839DF91B20A368F6
:10762800002A1D469DF81B10C0F21E815A7D032AB0
:1076380067D8DFE802F0362B026600236B75A36873
:10764800D3F87822900740F10F8131391B295AD895
:10765800DFE811F00E011A01400114015900590028
:10766800590059005900590059005900590059004A
:1076780059005900370132013C012E015900160109
:10768800590010015900590059001D015B2900F0EB
:107698009980D3F87822950700F1618300225A7502
:1076A80031E00D2900F091800A2900F02383B3F816
:1076B8007C321B296FF3CA03A5F87C3200F20083E1
:1076C8001B2900F2D380DFE811F01E00D100D100A1
:1076D800D100D100D100D100D10011012901D10080
:1076E800D100D100D100D100D100D100D100D1000A
:1076F800D100D100D100D100D100D100D100D100FA
:10770800250100236B75606901F06CF8A3689D6C16
:1077180073E790463B464746984619AE07AB10229A
:107728003146C047079B002B00F0C882A36803F5C9
:107738001F73D3E8EF1F41F40061C3E8E21F002A7A
:10774800F7D1A06800F524701FF05AFB20463B468D
:107758003146079AA847A06800F524704FF0FF3318
:107768004FF0FF321FF0BCFBA36803F51F73D3E88B
:10777800EF1F21F40061C3E8E21F002AF7D1A368D4
:107788009D6C2DB16068DF6C0368D3F81080C5E785
:1077980002221A75A3689A6C002A7FF41EAF83F838
:1077A8005A50A368A3F85650A368A3F85450A36886
:1077B800D3F87C32DF0400F1DD82204602F03EF986
:1077C800A3680AE702236B759DE7D3F87C32C3F3FD
:1077D800C703002B00F09A82D5F87C32C3F3C703A5
:1077E8000D2B00F09382804A4B1CDBB2D35C13F064
:1077F800970F40F00C83D5F87832980783D5013974
:10780800162980D801A353F821F000BF7D78040021
:10781800B9780400E37B0400ED780400897804005B
:10782800D57804000F7704000F7704000F77040061
:107838000F770400BD7C0400A17C04000F770400CE
:10784800C17804000F770400CB7804000F77040098
:107858000F7704000F770400857C04003F7C040048
:107868000F770400C37B04009D6CC6E6A568BAE7E1
:1078780003225A75204601F0EBFC44E703225A75AF
:10788800204601F0EDFC3EE703225A75A368D3F8C1
:10789800782203F51E73D20700F17F82D3E8EF1F29
:1078A80041F00101C3E8E21F002A3FF42CAFF5E7DD
:1078B800204601F0DFFC26E700212046FFF784FB85
:1078C80021E701212046FFF77FFB1CE7204601F056
:1078D800DBFC18E703225A75A368D3F878329B07B4
:1078E8007FF511AF204602F039F80CE7A368D3F80A
:1078F800782297077FF507AF03F51F73D3E8EF1FCB
:1079080041F00401C3E8E21F002AF7D1204602F043
:1079180045F8F8E60122A3685A75F4E6A368D3F897
:10792800782295077FF5EFAE03F51F73D3E8EF1FB5
:1079380041F00401C3E8E21F002AF7D1A068B0F8BB
:107948005430FF2B3FF4DFAE0026B0F8562000F18C
:107958005A0100F5AD7024F085F9A36819ADB3F8A4
:1079680056202946134483F85A61A268142302F565
:10797800AD7209A800F0C2FF099914293FF6C3AEF9
:107988002EAA02EB8102A36842F8546CB3F8562081
:10799800002A40F06D82002900F07482012900F06D
:1079A8007182013900200AAB00932A4608AB019086
:1079B80001F056F9064600283FF4A5AE089B2EAA0A
:1079C80002EB830353F854ACBAF1000F00F05E8267
:1079D8005046F8F731FC83B200279B46B8463D462F
:1079E800B946029417E000BF0864070004685A46C5
:1079F8005146204624F09AF958B92046F8F71CFC5D
:107A0800002F08BF4D46404538BF404601371FFA92
:107A180080F809F101094946304614AA01F0B6F880
:107A28000028E3D1012F029C00F03C827FF66BAE68
:107A3800089B2EAA02EB830353F854BCBBF1000F3A
:107A480000F08A825846F8F7F7FB83B2049308F1EE
:107A5800020800221FFA88F3AA46B8460293A368D0
:107A68000595A3F84020A26851463046183201F027
:107A78008DF8002800F0788205680AF1010ABBF148
:107A8800000F00F0ED81002D00F0ED8159462846E9
:107A9800049A24F04BF90028E5D1A268029BB2F8B9
:107AA8003A90A9F1020999FBF3F91FFA89F9B9F19A
:107AB800000F00F0638228460392F8F7BDFB039A93
:107AC800029BB2F84010B1FBF9FC09FB1C1C013108
:107AD800A3EB0009A2F840101FFA8CF21FFA89F9EB
:107AE800002A40F0A48106212046B44BB44A0095F0
:107AF80001F062FD4946204601F04EFAB8F101084E
:107B0800B1D1B0496069059DFFF732FA204601F00E
:107B180095FF089B2EAA02EB830353F8540C18B167
:107B2800F8F78AFB1FFA80F8294630460FAA01F0B9
:107B38002DF801358246002800F01B824FF6FF79A8
:107B4800A068DAF80010FF2200F5AD7024F000F903
:107B5800DAF800B0CA462946304614AA013501F0C1
:107B680015F8E8B10068A1680023013801F259113D
:107B780003E042B1013353450AD011F801CF10F8A0
:107B8800012F6245F5D0B8F1000F01D04345E2DB83
:107B98004B45A8BF4B46013F012F1FFA83F9DAD1A5
:107BA800B9F1000F3FF4AFADA9EB080220460BEB8B
:107BB800080192B201F006FFA5E5204601F036FD66
:107BC800A36803F51F73D3E8EF1F41F00401C3E86E
:107BD800E21F002A3FF497ADF5E7204601F040FB8D
:107BE800204601F0F3F9002800F0DF81A36803F5CF
:107BF8001F73D3E8EF1F41F00401C3E8E21F002A16
:107C0800F7D10222A3681A75A268936C002B7FF43F
:107C18007AAD82F85A30A268A2F85630A268A2F863
:107C28005430A368D3F87C32DA0400F1AB812046E3
:107C380001F004FF67E5204601F00AFB0023A26873
:107C480082F85A30A268A2F85630A268A2F85430D6
:107C5800A36803F51F73D3E8EF1F41F00401C3E8DD
:107C6800E21F002AF7D1A368D3F878329E067FF581
:107C78004AAD55496069FFF77BF944E5E0698368D7
:107C88001B79012B00F09681022B7FF43CAD214635
:107C98002A6D02F031F836E5D5F878329B0600F106
:107CA8008D81D5F878329F06C1D548496069FFF7BC
:107CB8005FF9BCE7204601F0F3FA24E5A3688CE4F9
:107CC8007F297FF4D3ADA368D3F8782296077FF590
:107CD8001AAD03F51F73D3E8EF1F41F00401C3E8A1
:107CE800E21F002AF7D1A368D3F878321D077FF581
:107CF800F9AD0BE6D3F87C32C3F3C70333B1D5F83B
:107D08007C32C3F3C7030A2B7FF46DADB5F87C3220
:107D180061F3CA03A5F87C32A568B5F85430002B86
:107D280045D105F51F75D5E8EF3F23F00403C5E8F5
:107D3800E23F002AF7D1E06802F0EEFB21496069D2
:107D4800FFF716F90222A3681A75A3689D6C002D27
:107D580042D06068D3F84C8003681F69DAE462296E
:107D68004ED066297FF49AAC0121204601F028FA0A
:107D7800A36893E4164B03212046164A01F01CFC25
:107D8800A36803F51F73D3E8EF1F21F48051C3E8FC
:107D9800E21F002A3FF411ADF5E7D3E8EF1F21F009
:107DA8000101C3E8E21F002A3FF4ADACF5E7204625
:107DB800FFF770F9C5F8AC02C4E700BF20F0060071
:107DC80024F00600CC40070030CB060040CB06006C
:107DD800DCEF060028E0060083F85A50A368A3F8F1
:107DE8005650A368A3F85450A368D3F87C32DE0435
:107DF80024D4204601F022FEA3689D6CFFF7FDBB4A
:107E08004FF0FF31204601F0DBF9A36846E405F5A1
:107E18001F75D5E8EF3F43F00403C5E8E23F002AA9
:107E2800F7D120469DF81B1001F026FD6BE42B4688
:107E380006212046644A01F0BFFB5BE6634B032141
:107E48002046614A01F0B8FBA36803F51F73D3E825
:107E5800EF1F21F48051C3E8E21F002AC9D0F6E7DA
:107E6800002D7FF41AAE0022A368A3F8402045E64F
:107E780041B1134493F85930554AD35C18073FF57C
:107E880091AD8BE500231E46089397E55346A3E57D
:107E980040F2E7514F48FBF75BFC40F2E6514D4892
:107EA800FBF756FC089B2EAA02EB830353F8540CED
:107EB80000284FD0F8F7C0F987B2A26829463046A3
:107EC800183200F063FE002849D00568A5B328469B
:107ED800F8F7B2F983B29F4205D0DB1B2046E919B7
:107EE8009AB201F06FFDA3683949B3F856201A44D5
:107EF80092F85A208A5C110726D4D3F87822D20740
:107F08001CD503F51E73D3E8EF1F21F00101C3E868
:107F1800E21F002AF7D12021204601F0ADFCA3681A
:107F280003F51E73D3E8EF1F41F00101C3E8E21F18
:107F3800002A3FF4E8ABF5E72B46CCE720212046A2
:107F480001F09AFCFFF7DFBB0121204601F0E2F8BF
:107F5800FFF7D9BB0746B0E7CDF810B077E54FF487
:107F6800B6711C48FBF7F4FB40F2B5111948FBF752
:107F7800EFFB40F2D1111748FBF7EAFB95211548B2
:107F8800FBF7E6FB114B032120460F4A01F014FBD7
:107F9800A36803F51F73D3E8EF1F21F48051C3E8EA
:107FA800E21F002A3FF443AEF5E70B496069FEF78C
:107FB800DFFF1BE601F0B8FEFFF7A5BB07496069C4
:107FC800FEF7D6FFA5686CE628E00600DCEF0600A1
:107FD80009640700B4EF0600CC40070038CB060060
:107FE8002DE9F04F8368824683B003F51F73A1B172
:107FF800D3E8EF0F40F48040C3E8E10F0029F7D140
:10800800DAF8083000211A65DAF8040003689B687A
:10801800984758B103B0BDE8F08FD3E8EF0F20F4CC
:108028008040C3E8E10F0029EAD0F6E75046FFF7A1
:108038003BFA0028EED14FF0FF384FF0FF3900240B
:108048000025DAF8080000F5207000220721CDE9A4
:10805800008922F023FADAF8080000F524704FF0BE
:10806800FF324FF0FF331EF03BFFDAF8080000F54F
:10807800207000220421CDE9004522F00FFA0246C3
:10808800DAF8080000F52070002A33D0042122F025
:1080980001FADAF80830002B00F09080DAF80420B2
:1080A800002A00F08B80D3F87C22D20700F183806D
:1080B800DAF81C0001F038FEDAF8040003685B689F
:1080C8009847044600286ED0DAF808305A6C22B176
:1080D800214650469047DAF808300022C3F8A82213
:1080E8003B4B1B78002B6ED024F034F8394B1858D2
:1080F80003F072F80121CDE9004522F0CFF90028FC
:1081080046D1DAF8080000F5207000220221CDE9F6
:10811800004522F0C3F960B9DAF8040003685B6926
:1081280003B19847DAF8080000F524701EF068FEDD
:1081380087E7DAF8080000F52070022122F0AAF992
:1081480000260027504601F0C3F8DAF81C0001F0B9
:10815800F5FD8346504601F071FCDAF80830B3F8B3
:1081680054307BB9BBF1000FD6D0DAF8080000F51F
:10817800207000220121CDE9006722F08FF9002844
:10818800E0D0C9E700214FF4F67020F02FFCE9E7B2
:10819800DAF8080000F52070012122F07BF950463A
:1081A800FFF702FAADE7DAF80C0002F025FADAF880
:1081B80008301C7588E76FF00F0487E740F20E510E
:1081C8000548FBF7C5FA40F246310448FBF7C0FA08
:1081D800AA96012008000000B4EF0600E4DC0600BF
:1081E8002DE9F04100287AD00446884616461F46F5
:1081F8001FF0EEFB002868D1A568002D60D0D5F8E7
:108208007C321B0514D56369002B63D0002E6BD01C
:108218002B7DA068022B1CD000F51F70D0E8EF3F23
:1082280043F48053C0E8E23F002AF7D1BDE8F0816B
:10823800324B1B78002B5CD023F08CFF304BD5F8E9
:10824800A8221B589A42DED140F211612D48FBF753
:108258007FFA4FF48042002300F524701EF040FEA0
:108268000028E3D1A368D3F87C22100501D49A6CC6
:10827800B2B13B4632464146204601F075F9A36843
:10828800D3F87C22120501D49A6C8AB1606900F097
:10829800A9FAA06800F52470BDE8F0411EF0B0BD51
:1082A800D3F878329906E4D5204601F011F8E0E7D2
:1082B800D3F878329B06E9D5204601F0BFFBE5E705
:1082C8004FF4C2610F48FBF743FA40F20F610D48C3
:1082D800FBF73EFA40F213610A48FBF739FA40F21D
:1082E8000E610848FBF734FA40F214610548FBF7C1
:1082F8002FFA40F246310448FBF72AFAAA960120E1
:1083080008000000B4EF0600E4DC06000CB400B579
:1083180083B004AB53F8042B0193FFF761FF03B05C
:108328005DF804EB02B070470EB400B582B003AB41
:1083380053F8042B02210193FFF752FF02B05DF8B6
:1083480004EB03B0704700BF0EB400B582B003ABB6
:1083580053F8042B08210193FFF742FF02B05DF8A0
:1083680004EB03B0704700BF10B504460A49FFF795
:10837800EBFF20460949FFF7E7FF20460849FFF7CA
:10838800E3FF20460749FFF7DFFF20460021064AA2
:1083980001F0D0FD002010BD2CF006006CF00600A6
:1083A800CCF0060020F10600BCF106000EB400B5C2
:1083B80082B003AB53F8042B03210193FFF710FF9E
:1083C80002B05DF804EB03B0704700BF0EB400B50F
:1083D80082B003AB53F8042B01210193FFF700FF90
:1083E80002B05DF804EB03B0704700BFF8B5002891
:1083F80064D01E4617460A4633490546FFF7A4FFD0
:10840800002E41D028463A783049FFF79DFF0124D5
:1084180007E03A5D28462D490134FFF795FF102CF7
:108428000AD062073AD0A642F3D828462849FFF76F
:108438008BFF0134102CF4D128462649FFF784FF1E
:10844800002E35D000242346FA5C234B28469B5C3B
:10845800224913F0970F08BF2E220134FFF774FF4B
:10846800102C0BD063071ED0A6422346ECD8284612
:108478001B490134FFF768FF102CF3D12846BDE8EB
:10848800F8401849FFF760BF28461149FFF75CFF1D
:1084980028460F490124FFF757FFCAE72846104925
:1084A800FFF752FFBFE728460D49FFF74DFFDBE70F
:1084B80028460B49FFF748FF0124D5E740F26561DC
:1084C8000948FBF745F900BFD4F1060040E0060073
:1084D8004CE0060050E00600096407004CF2060074
:1084E80090460700DCF10600B4EF06002DE9F041E4
:1084F800A0B1154682B1074688460E46102D2C4677
:1085080028BF10243246A6EB080138462346FFF759
:108518006DFF2D1B2644F1D1BDE8F08140F28E613C
:108528000148FBF715F900BFB4EF06002DE9F0414B
:1085380098B30D4659B304460846F7F77DFEA3687D
:10854800074603F524731FFA80F84FF48042184653
:1085580000231EF0C5FC0646E0B908F10103142B00
:10856800A06810D8B8F1000F0DD02946F7F75CFEC7
:10857800A36883F83C70A06800F524701EF040FCE6
:108588003046BDE8F08100F524701EF039FC6FF02C
:108598001506F5E76FF00F06F2E74FF4D4610148CE
:1085A800FBF7D6F8B4EF06002DE9F04F8BB0CDE914
:1085B8000813002800F086800446806800287CD0D4
:1085C8006368002B79D02368002B76D0D0F8A88276
:1085D800B8F1000F6ED11646227CB146013A012A45
:1085E800C6F34005C6F3C007C6F3001BC6F3401A1E
:1085F8006DD84FF42C72414623F05BFBA06800F560
:10860800207021F033FFA06800F524700122114684
:108618001EF0E2FBA269C2F80080A26802F51F7290
:10862800D2E8EF3F43F00203C2E8E13F0029F7D167
:1086380050201821A2686D005087A26845EAC70536
:10864800118745EA0B15216845EA4A15204626F0A8
:108658003E06FFF76BFF2E43A36866F30709C3F8CE
:1086680078926068089903681B4A1D682346A847E2
:108678000546D8B90122A3681A75D4E90A0100226F
:108688000023CDE90623149A099B02920E22019336
:108698000392124B4FF40062049500941FF092FA73
:1086A800A368C3F8A802616A1FF098F928460BB0BE
:1086B800BDE8F08F6FF07705F8E74FF4AF61084831
:1086C800FBF746F840F277510548FBF741F84FF4BD
:1086D8009B610348FBF73CF8956F0400E97F0400B1
:1086E800B4EF060010B50446806800F524704FF416
:1086F800804200231EF0F4FB00B110BDA1682046A3
:10870800183101F085FCA1682046054A183101F0AE
:1087180011FCA06800F52470BDE810401EF070BB85
:10872800F8EE060018B18368D3F8AC0270476FF012
:108738001500704708B578B1836899648368DA646E
:1087480001B108BD836883F85A108368A3F85610EE
:108758008368A3F8541008BD40F22E710148FAF757
:10876800F7FF00BFB4EF060038B5CB680C461B7C9A
:108778000546022B0ED0236922681B68D55422694E
:108788001368013313602269636812689A4207D03C
:10879800002038BD0A28EED10D20FFF7E5FFEAE7F3
:1087A800A368E068216898470022236900201A60BE
:1087B80038BD00BF10B50446134609480A4621468D
:1087C80003F04CF923691A7902B910BD1A682168B7
:1087D800D4E902309847002223691A6010BD00BF0F
:1087E8007187040010B5026904468368126801683D
:1087F800C0689847002223691A6010BD2DE9F04728
:1088080084B0824603A80F4690461D461DF0E0F945
:108818000646039800EB4616B04238BF4FF00009F1
:108828000CD2A5B1012D0ED003981DF0DDF970B161
:10883800039C04F12000B0420390F2D300242046A8
:1088480004B0BDE8F0871DF0CFF90028F0D0039CF4
:1088580021680029EDD00B780191002BE9D04FB1A8
:108868003846F7F7E9FC01990246384623F05EFAE4
:108878000028DED1B8F1000F04D02046C047039C81
:108888000028D6D0CA45DAD009F10109D1E700BFDE
:1088980090F80CC0438962446144B1FBF3FCB2FB1D
:1088A800F3F003FB1C1103FB1020401A704700BFB4
:1088B80090F80CC0438962446144B2FBF3F2B1FB07
:1088C800F3F1501A704700BF037B00B5B0F80AE017
:1088D8001A441944B2FBFEFCB1FBFEF30EFB1C224A
:1088E8000EFB13110CF1010C013301310132A0F818
:1088F80006C00180838042805DF804FB2DE9F04FBB
:108908009A4600230360137885B023B38046154642
:108918008B46894FFB5C13F008037DD1D8F8002003
:10892800511CC8F800104BF82250D8F800205245C6
:1089380011D02C787CB1C146002B69D1272C1FD0CF
:108948005C2C0DD0222C1BD03B5D1B076DD415F879
:10895800014F002CF2D10024204605B0BDE8F08F6D
:108968002846F7F769FC02466E1C3146284692B243
:1089780023F085F96C78002CEDD0272C3546DFD113
:108988002846F7F759FC02466E1C92B23146284633
:1089980023F075F92A78002ADED0A2420AD05C2A90
:1089A8006B7814D03546002BD6D01A46A24206F171
:1089B8000106F4D12846F7F73FFC0246314628461F
:1089C80092B223F05CF92C78002CB7D1C3E7A3420C
:1089D80000F08280302B2AD0782BE3D1B4464FF0B8
:1089E80000084FF0020E02931CF8013F4FEA0812EC
:1089F800A3F13001C9B20929A3F16100D2B23FD86D
:108A080041EA0208BEF1020F4DD14FF0030EEBE729
:108A180022466E1C1C46C0E74FF0000305F8013BD8
:108A28002B78002B7FF476AF95E7C846F8E7B44675
:108A38004FF0000802211CF801EF4FEAC802AEF11E
:108A48003000C0B20728D2B255D80131052940EA12
:108A58000208F0D128460191F7F7EEFB0346019989
:108A68009BB28A1E01399A1A2846294423F007F92D
:108A78006B7885F80080002B3FF46EAF354694E79D
:108A88004FEA0812D2B20192A3F141020392019A6D
:108A9800A3F15701052842EA010237D8BEF1020FB7
:108AA8005FFA82F8B1D0042328460193F7F7C4FB94
:108AB8008446019B1FFA8CFC9A1E013BE918284644
:108AC800ACEB020223F0DBF86B7885F80080002B12
:108AD8003FF442AF354668E72846F7F7ADFB024654
:108AE8003146284692B223F0CAF86B78002B3FF43F
:108AF80033AF354659E7C9B20229ABD1BEF1780F79
:108B08003FF46CAF23463546302415E7A3F1410204
:108B1800052A09D84FEA08185FFA88F8373B48EA67
:108B280003085FFA88F86DE7BEF1020F029B3FF475
:108B380039AF0323B8E700BF09640700F8B50E464C
:108B480011461546074623F035F904462846F7F737
:108B580073FBD4B1A74285B203D214F8013C202B91
:108B68000FD02046F7F768FB02463388521B5B1B81
:108B7800338001322046611992B2BDE8F84023F0F3
:108B88007EB80135ADB2013CEBE7F8BD0B4628B322
:108B980010B514466AB38268CAB118498A420AD322
:108BA80017498A4207D2184621461368984723680E
:108BB8006BB1204610BD13498A420AD2126803EBF2
:108BC800830352F8231002EB83000029F2D100201E
:108BD80010BD0D498A42F1D20133F0E70B4A0C4926
:108BE800521AB3EB920F01D30020704751F82300BB
:108BF800704740F229110748FAF7AAFD08CB06008A
:108C080018CB060048C7060008CB060048C7060070
:108C180014C7060018F206002DE9F04106468846FA
:108C2800174686B040B100687168B268F36801AC55
:108C38000FC4306901AE2060002504E04046216879
:108C4800F7F7E8FA40B129463A463046FFF79EFF63
:108C5800013504460028F1D1204606B0BDE8F08170
:108C68002DE9F84F00240646DDF828809DF82C9061
:108C78001C6039B39A4615460F4606E0DAF80040FC
:108C88000134BC42CAF800401CD255F8240001F057
:108C9800CBFC83460028F1D1DAF800303046424652
:108CA80055F82310FFF7B8FF60B1DAF800305C1C04
:108CB800CAF80040B9F1000F01D0804505D0BC4288
:108CC8000646E2D33046BDE8F88F5E46CAF8003063
:108CD8003046BDE8F88F00BF002843D02DE9F8439F
:108CE8000646F7F7A9FA85B28DB3012D28462ED08E
:108CF80000241D4FA04603E06B1E9C42284626DA3E
:108D08002346F25C0134BA5CA4B21207F4D5A5423A
:108D1800F2D9224606EB040C614691F800E00CF10A
:108D2800010C17F80E9019F0080912D1B8F1000FCC
:108D3800E2D00133821AA5EB0805F018ADB2013272
:108D480022F09DFF6B1E9C42C8462846D8DBBDE832
:108D5800F883013292B208F10108AA421FFA88F892
:108D6800DAD3C9E7704700BF09640700F8B584681B
:108D780094F85A3023B30546B4F854201C4804F13B
:108D88005A0C03E08AB2A4F85420F2B10CEB0203A7
:108D980013F8013C511EC35C13F00803F2D10CF820
:108DA80002309AB21CF802101E4610F801E0013396
:108DB8001EF0080F0CEB0201F3D1B6B26EB9AC6825
:108DC800B4F85430A4F85630F8BD84F85A20AC688A
:108DD800B4F85430A4F85630F8BDB4F8547060466E
:108DE8007B1C9A1ABF1B22F04AFFA4F85470E6E7CE
:108DF8000964070000231A46FFF700BD022300227A
:108E0800FFF7FCBC2DE9F04F83B0824601A81CF0A7
:108E1800DFFEDDF8049009EB401BBAF1000F37D0F4
:108E2800D94535D2D9F8005045B12846F7F704FAA4
:108E380004465046F7F700FA84422FD0D9F81C3080
:108E480003B31D68F5B1D5F80080B8F1000F19D04B
:108E58005046F7F7F1F90024074601E0444511D0E0
:108E680055F8046F01343046F7F7E6F9B842F5D102
:108E780031465046F7F7CEF90028EFD1484603B0FF
:108E8800BDE8F08F09F12009D945CDF80490C9D380
:108E98004FF00009484603B0BDE8F08F2946504618
:108EA800F7F7B8F90028C9D1484603B0BDE8F08FF4
:108EB800F0B50C46054623F04DF900231646224628
:108EC80004460C4F83B0C35101A9284621F06AFC1F
:108ED800E359222B0BD023B9019BAB4201D01B785D
:108EE8001BB16FF015030020336003B0F0BD6FF0C5
:108EF8002103F8E70C000000F0B5037816462D2B87
:108F080083B016D0044623F025F9002305460D4FFB
:108F18000A46204601A9EB5121F0BAFCEB59222B55
:108F28000DD033B9019BA34203D01B780BB903B012
:108F3800F0BD6FF015030020336003B0F0BD6FF093
:108F48002103F8E70C0000000EB400B582B003AAB4
:108F580052F8041B0192FFF72DFC02B05DF804EBF8
:108F680003B07047002906DD82684123D2F87822D1
:108F7800920607D47047FDD082684223D2F878223F
:108F88009206F7D581EAE172A2EBE17240690149E4
:108F9800FFF7DABF48F20600002906DD826843239E
:108FA800D2F87822920607D47047FDD0826844230D
:108FB800D2F878229206F7D581EAE172A2EBE17243
:108FC80040690149FFF7C0BF48F2060038B5846818
:108FD8002046F7F731F9D4F87852B4F85620C5F39B
:108FE800400580B205FB0200638FB0FBF3F203FB80
:108FF8001200B0FA80F0400938BD00BF70B584682F
:1090080005462046F7F718F9D4F87862B4F85630D0
:1090180082B2C6F3400606FB0323618FB3FBF1F06F
:1090280001FB103343B1B4F854309B180AD0B3FB9A
:10903800F1F201FB12332BB968690349BDE87040AE
:10904800FFF782BF70BD00BFCC4007002DE9F0419B
:1090580005468468B4F85420B4F8561004F130007A
:10906800FFF732FCAE68B4F834803046F7F7E4F81E
:10907800B6F85430E78E13FA80F048B1738FB0FB1E
:10908800F3F203FB120018B920496869FFF75CFF87
:10909800B8450AD0E28EA38ED21A002A12DDA9683A
:1090A8004123D1F87812880613D4228E638ED21AFF
:1090B800002A1ADDA9684323D1F8781289061BD43F
:1090C800BDE8F081F1D0A9684223D1F8781288066A
:1090D800EBD5002AB8BF52420D496869FFF734FF43
:1090E800228E638ED21A002AE4DCE9D0A9684423D0
:1090F800D1F878128906E3D5002A68690449B8BF0F
:109108005242BDE8F041FFF71FBF00BFCC40070047
:1091180048F20600F8B504460D468068B0F85610C7
:10912800B0F8542030300D44FFF7CEFBA068ADB244
:10913800B0F856102A463030FFF7BAFB0746A06849
:109148002A46B0F856103030FFF7A2FB002F06462B
:109158000FDAA1684123D1F87822900610D4002EA6
:1091680019DDD1F87822432392061AD4A1F8565073
:10917800F8BD0DD0A1684223D1F878229006EED52B
:1091880087EAE7720D496069A2EBE772FFF7DCFE38
:10919800002EA168E5DCE9D0D1F8782244239206B4
:1091A800E4D586EAE67205496069A2EBE672FFF744
:1091B800CBFEA168A1F85650F8BD00BF48F20600E2
:1091C80000292DE9F0478BB2804638DB32D00124E4
:1091D8002646013B1FB21D4D0021D8F808008A46DB
:1091E800B0F85630B0F854905A3011E0B6F1FF3F5D
:1091F80017D0B9F1000F14D010F803E093B215F8A6
:109208000E20520718D1BAF1000F0AD11FFA8CF1BB
:10921800E21801EB040C002BE8D09945ECD1012EA3
:10922800EAD1404609B2FFF775FF7B1E1BB20FB1AA
:109238001F46D1E7BDE8F0874FF0010AE6E7DB43B8
:109248004FF6FF744FF0FF361FB2C4E709640700FA
:109258008368B3F85610494209B2FFF75BBF00BFF5
:109268008368B3F85410B3F85630C91A09B2FFF737
:1092780051BF00BF8368B3F8563003B970474FF049
:10928800FF31FFF747BF00BF8368B3F85620B3F834
:1092980054309A4200D370470121FFF73BBF00BF0B
:1092A80000228368B3F85610A3F854108368B3F803
:1092B80056100B4483F85A208368D3F878329B06FB
:1092C80000D4704701494069FFF73EBE48CB06000D
:1092D80010B504468068B0F85420B0F85610303005
:1092E800FFF7F2FAA1680B8EC3F1010293B9D1F826
:1092F80078024323800614D48A8E013A002A1CDDA2
:10930800D1F87802412380061DD4D1F878329B0623
:1093180025D410BD002AEFD0D1F878024423800666
:10932800EAD5002AB8BF524210496069FFF70CFE1F
:10933800A1688A8E013A002AE2DCE6D0D1F87802E8
:1093480042238006E1D5002A0849B8BF5242606925
:10935800FFF7FAFDA168D1F878329B06D9D5606984
:109368000349BDE81040FFF7EFBD00BF48F2060013
:1093780048CB06002DE9F84F8468064604F15A00E8
:10938800F6F75AFF94F83C70638F1FFA80FADB1BDC
:109398009A454FF000051DDDA846DFF854902A468F
:1093A8001D442C4494F85AB084F85A80B3685A3251
:1093B8001A4449467069FFF7C7FDB3682B4483F820
:1093C8005AB0B468638FDF1BAAEB070A53454FF006
:1093D8000007E4DBBAF1000F01DCBDE8F88F05F106
:1093E8005A02706922440349BDE8F84FFFF7ACBD43
:1093F800A02C070028E006002DE9704F84B0002853
:109408004DD0894600294AD0144662B380460025CB
:109418004FF0FF3A4FF0FF3BD8F8040022460168AE
:1094280003ABCE6809EB0501B04770BB039AA242B3
:1094380030D81544AAB9D8F80830197D0329EBD0DB
:10944800022913D9D3F87C229207FBD503F51F73A1
:10945800D3E8EF1F21F00201C3E8E21F002ADBD0A6
:10946800F6E7A41AD8D104B0BDE8708F0821CDE979
:1094780000AB03F5207021F011F8D8F8080000F5CA
:109488002070082121F006F8C6E740F2CD11064801
:10949800FAF75EF94FF4E7710348FAF759F940F221
:1094A800C3110148FAF754F950F20600FFF7A4BFB8
:1094B80008290DD8836893F83E208A4208D083F89B
:1094C8003E1083680829D3F8783202D09A0606D469
:1094D80070479B06FCD504494069FFF735BD0A462D
:1094E80040690249FFF730BD50CB06007CF2060008
:1094F80038B50A780D46082A04460DD8836893F8CB
:109508003E10914208D083F83E208368082AD3F899
:10951800783211D099061CD46A78072A0BD8A36828
:1095280093F83F10914206D083F83F20A368D3F800
:1095380078329B0607D438BD9A06EDD507494069AD
:10954800FFF702FDE8E760690549BDE83840FFF725
:10955800FBBC04494069FFF7F7FCDDE750CB060088
:1095680088F206007CF206002DE9F04186681D4667
:10957800D6F878720446FB06904682B003D596F872
:109588003E208A4207D12A464146606902B0BDE8BA
:10959800F041FFF70FB9F38FADF80430FFF788FFFC
:1095A8002A4641466069FFF705F9204601A9FFF7F9
:1095B8009FFF02B0BDE8F0810CB470B582B0069E82
:1095C80068B3836804462BB34269F2B1C6B1D3F8D5
:1095D8007C320D469B0402D41EF0FAF958B907AB49
:1095E8003246294620460193FFF7BEFF02B0BDE888
:1095F800704002B070474FF40C710B48FAF7A8F8A6
:1096080040F22F210848FAF7A3F840F22E21064825
:10961800FAF79EF840F22D210348FAF799F84FF42B
:109628000B710148FAF794F850F20600F8B50446B1
:109638008068B0F85420002A56D0B0F85630002B75
:1096480052D05933034400F15A07BB426AD300266B
:10965800593002E08342AEB247D09C4613F8011954
:10966800751C2029F6D0674598BF634603D95FE08B
:1096780098423CD0664619460D7806F1010C202D1B
:1096880003F1FF331FFA8CFCF2D13346701C77428A
:109698004D1C3FB20144D21A284622F0F0FA39464E
:1096A8000027A2682046B2F854309B1BA2F8543019
:1096B800A368B3F85420134483F85A70FFF72AFDBF
:1096C800A368D3F87832990627D42B461C4A082178
:1096D8002046FFF771FFA368D3F87822920616D4C4
:1096E800D3F878329B060CD4F8BD8446BBE7F74321
:1096F80063460CF1010C0D461E4600EB0C013FB20F
:10970800C9E760690F49BDE8F840FFF71DBC0E497D
:109718006069FFF719FCA368E2E70C496069FFF785
:1097280013FCD2E700275D1C29463B463E46B2E7BC
:10973800711C774233460CF1010561443FB2AAE738
:1097480028E006005CCB060048CB060058CB060094
:109758002DE9F04F0F4604469046816883B0002AF1
:109768006DD1D1F87832B1F856605B0732D55A36E8
:1097780088190191F6F760FD0199054638B1394E0F
:1097880031466069FFF7E0FB013DF9D1A168B1F806
:109798005430A1F85630A5682846F6F74DFDB5F8BF
:1097A800543013FA80F068B16B8FB0FBF3F203FB0F
:1097B800120038B9B8F1000F00D01FB12A4960690A
:1097C800FFF7C2FB2046794209B203B0BDE8F04F6B
:1097D800FFF7A0BC08460191F6F72EFD019980B26B
:1097E800B1F854304A8F03EB00093044B0FBF2FC67
:1097F800B9FBF2F5AC452CD0B342CAD9DFF86CA05E
:10980800361A0DE001EB0B0352460821204693F867
:109818005A30FFF7D1FEA945A168B8DD28464A8F1E
:10982800B0FBF2FC06EB000B451C02FB1C000028F9
:10983800E8D10D496069FFF787FBA168E2E7D1F835
:1098480078329A068DD50A494069FFF77DFBA168F1
:1098580087E75A368B1920460821064AFFF7ACFEDF
:10986800A16894E710FE0600CC4007004CF2060001
:1098780048CB060028E006002DE9F041856804463B
:10988800D5F878328846DF07B5F85420B5F8566021
:1098980001D5B24228D1FE2A01D9BDE8F081921B38
:1098A80006F15A01294497B23A46481C354422F039
:1098B800E6F985F85A80A268B2F854300133A2F864
:1098C80054300022A368B3F854100B4483F85A208C
:1098D800A368D3F87812890736D4B3F85620013232
:1098E800A3F85620BDE8F081731C2E44A5F8563025
:1098F80086F85A108368D3F878229007CDD5D3F824
:109908007832144913F0040F0CBF42462A226069CA
:10991800FFF71AFBA5682846F6F78EFCD5F878629B
:10992800B5F85620C6F3400680B206FB02006B8FDE
:10993800B0FBF3F203FB12000028AED160690649C0
:10994800BDE8F041FFF700BB39462046BDE8F041CD
:10995800FFF7FEBE4CF20600CC40070070B5054686
:109968008068B0F85630B0F85440E41AA4B204B98C
:1099780070BD5A3318442246411C22F080F9AE6863
:10998800611EB6F854302846013BA6F8543001222F
:10999800BDE8704089B2FFF7DBBE00BF8368B3F84B
:1099A800542012B1B3F8563003B9704710B50446C5
:1099B8004FF0FF31FFF7AEFB2046BDE81040FFF740
:1099C800CDBF00BF2DE9F041144686688846B6F839
:1099D80054201119FF2901DDBDE8F0810546B6F8CC
:1099E8005610521A5A310E4497B23A463146301937
:1099F80022F045F922464146304622F033F9AA685A
:109A0800B2F854302344A2F85430AB68B3F8542069
:109A18001344002283F85A20AB68D3F878128907D8
:109A280006D4B3F856201444A3F85640BDE8F08194
:109A380039462846BDE8F041FFF78ABE10B504460E
:109A480083680221084AFFF7B7FDA368D3F8783284
:109A58009B0700D410BD2046FFF78CFC2046BDE8CC
:109A68001040FFF7F3BA00BF28E0060070B592B0C7
:109A7800A0B1002306464FF47A74019302E058B966
:109A8800013C09D0706801AB056840222D6902A924
:109A9800A847019B002BF2D112B070BD4FF40F7193
:109AA8000148F9F755FE00BF50F2060043681B68ED
:109AB800D3E90632D3E8EFCF8C44C3E8E0CF0028DF
:109AC800F8D19368D3E8EF0F0844C3E8E20F002AFF
:109AD800F8D17047F8B54E69D0F8785230464F68DB
:109AE800FAF78EF8C5F30015044650B1014605F1A2
:109AF8008E023846FCF72CF930462146FAF71CF955
:109B08000120F8BD10B5436801211C68606803682E
:109B18009B68984740BB0322E3699B681A71A36856
:109B280003F51F73D3E8EF1F41F40051C3E8E21FA8
:109B3800002AF7D1A068B0F85420B0F85610303099
:109B4800FEF7C2FE4FF0FF312046FFF70BFAA3687D
:109B58002046198E4942FFF71FFAE169A068FFF70E
:109B6800B9FF0028F9D110BDE4692068FBF7A6FC0D
:109B78000222A3681A7110BD2DE9F84343680C4608
:109B88001D68EB69AA68D3F81480D2F878729A68CD
:109B9800D3F804901279C7F30017012A2AD0032AB0
:109BA80026D12846FFF794FB1DF012FF8E37034697
:109BB80000284ED0EFF31186202383F31288BFF3D9
:109BC8006F8FAB68D3F87C321A0551D53A462146D7
:109BD8004846FCF7BDF8AB68D3F87C321B057DD549
:109BE8001DF0F6FE002872D086F31188BFF36F8F40
:109BF800BDE8F8830027DA6806464FF4004340F2D0
:109C0800E7303946E2FB03014FF47A720023F6F796
:109C1800E7FA94F800C002461CF0040F0B462BD05C
:109C280039464046F9F7D6FE73681B68D3E9063211
:109C3800D3E8EF0F0130C3E8E10F0029F8D19368AA
:109C4800D3E8EF1F0131C3E8E21F002AF8D1BDE8CD
:109C5800F883A86800F524704FF0FF321E464FF0D5
:109C6800FF331DF03DF9AB68D3F87C321A05ADD44B
:109C78002846FFF72DFBA9E721684046C1F34A278C
:109C8800618807EB1117173727F00707BF08394610
:109C9800F9F7A0FE81460028C6D0214651F8043BBA
:109CA8000468C3F39D0363F39F047A1E920040F88F
:109CB800044B21F0D7FF40464946F9F74BFFA86807
:109CC80000F520700221BDE8F84320F0DFBBA8684A
:109CD80000F52470BDE8F8431DF092B82846FFF758
:109CE800ADFE7DE710B50C46014610462246FFF74B
:109CF800DDFB204610BD00BF70B504460D46D0E917
:109D080004101646F9F73EFE324629462068FBF74E
:109D1800AFFB0021012263685B685D60A36819607E
:109D2800A3681A7170BD00BF10B504460068FBF740
:109D3800C5FB0222A3681A7110BD00BF70B50021CF
:109D48000446036882685B6882B01D68AB68D3F814
:109D58007832C3F30013D2E8EF6FC2E8E01F00289F
:109D6800F9D126B153B931466068FCF723F8E9699F
:109D7800A86802B0BDE87040FFF7ACBEAB682846E3
:109D8800DB8F0121ADF80430FFF792FB31466068A4
:109D9800FCF710F8284601A9FFF7AAFBE7E700BF80
:109DA8000EB400B582B003AA52F8041B0192FEF764
:109DB80001FD02B05DF804EB03B07047002900F024
:109DC80092802DE9F04F494D0B788046EC5C8A462D
:109DD80014F00804174683B009D00B46194613F847
:109DE800012FAA5C1007F9D4CAF101040C44A7EBAF
:109DF8000A0301935046F6F71FFAD8F8083080B2E4
:109E08005A8F001BA2EB0709484522D8002858D0D2
:109E1800631E0026534402E00136B04251D013F8C5
:109E2800012F0A2AF8D1D8F81400FEF7DBFC0AEB58
:109E3800040132464046FFF7DFFA01343444D8F8CB
:109E480014002B49FFF7ACFF39464046FFF7A4F84A
:109E5800D0E7CAF101010091A1EB040B0199631E3F
:109E68005344A1EB040E58785E1C15F800C019463F
:109E78001CF0080F334603D00A280BEB01092ED03B
:109E880003EB0E018A42EED804EB090B0AEB0B0632
:109E9800D8F81400FEF7A6FC4A4640460AEB04012F
:109EA800FFF7AAFA3378EB5C1A071DD50AEB0B010A
:109EB8000C4611F8013FEB5C1B07F9D4009B1C44CE
:109EC800BDE7D8F814000AEB0401FFF769FF084959
:109ED800D8F8140003B0BDE8F04FFFF761BF009B4E
:109EE80001EB030BD4E770475C46A8E70964070059
:109EF800CC400700F8B50F465168144606461D4683
:109F080011B11A46FFF75AFFA36883B129463046B4
:109F1800FFF742F830463B460821054AFFF74CFB5D
:109F28003046A168EA1DBDE8F840FFF747BFF8BD15
:109F3800B0F206002DE9F04F002480460D46164683
:109F4800274689B02146284603AA0134FEF71EFE9B
:109F580048B100680028F5D0F6F76EF980B287425C
:109F680038BF0746EEE7002F38D026B13246082121
:109F78004046FFF721FB0024DFF880A0DFF880B01F
:109F88002146284603AAFEF701FE0134064628B3F7
:109F9800D6F80090B9F1000FF2D099F80030002BF4
:109FA800EED076685A46534640460821CDE90079F6
:109FB800FFF702FB134AA6B1534640460821FFF7B4
:109FC800FBFABA1DB30792B203D133680E498B422C
:109FD8000DD031464046FFF7F1FED1E709B0BDE8A4
:109FE800F08F0A49D8F81400FFF7DAFEC8E71346DD
:109FF800494632464046FFF77DFFC1E7D8F20600E2
:10A00800BCF2060038E00600C40BD286CC4007003C
:10A01800F0B50F680C46054683B0DFB13846F6F751
:10A028000BF9C61CB6B2114A082100923B462846D5
:10A038000F4AFFF7C1FA616829B18B0703D10D4BAD
:10A048000A689A4208D03246284603B0BDE8F04074
:10A05800FFF7B4BE0326E6E70A46334628462168DA
:10A0680003B0BDE8F040FFF745BF00BFD4F20600DB
:10A07800C4F20600C40BD28608B503782D2B06D18E
:10A088004378682B03D183780BB9012008BD0349B5
:10A09800F6F7C0F8B0FA80F0400908BDCCF2060027
:10A0A800002070470023826918461360704700BF7C
:10A0B8000EB400B582B003AA52F8041B0192FEF751
:10A0C80079FB02B05DF804EB03B0704710B5836804
:10A0D8000446D3F87822920606D4502118225987CC
:10A0E800A36800201A8710BD02494069FFF7E0FF06
:10A0F800A368F2E760CB060008B5836902491A68CD
:10A10800FEF722F9002008BDDCF2060008B5016858
:10A11800FEF70CFA002008BD08B50249FEF706FA5A
:10A12800002008BD18E5060070B5002504460E4E4F
:10A1380082B007E02A463146204603F5AD73FEF7A4
:10A1480003F90135A2680DF106030121E06802F563
:10A15800AD7200F0E5F9BDF80600A3680028E9D162
:10A1680083F85A0102B070BDECF2060010B504463F
:10A17800FEF7D8FA034902462046FEF7E5F8002024
:10A1880010BD00BF2C1A070010B5022982B00ED0EE
:10A1980083680C4AD3F878120B4B11F0020F18BFE2
:10A1A8001A460A49FEF7D0F8002002B010BD5468DC
:10A1B800074B126807490094FEF708F96FF015007D
:10A1C800F3E700BFF8F206004035070020F3060069
:10A1D800FCF2060014F306002DE9F041114F124C71
:10A1E800124982B00646FEF7AFF8BC4215D810D225
:10A1F8000025DFF83C80626AA36841460092304639
:10A20800AAB23034FEF7A0F8BC4206D805F1010521
:10A21800F1D3002002B0BDE8F081E6210548F9F746
:10A2280097FA00BF14C70600E4C6060034F3060018
:10A238007CF306004CF30600F0B5012985B040F028
:10A24800C08083680546D3F87832990600F1A98062
:10A2580000246FF0F9012846FEF784FEFA2128460B
:10A26800FEF79AFEA8684FF48072214600F5AD709B
:10A278008DF80B4021F01DFD68695949FFF718FF5B
:10A2880068694FF47A77FEF7ADFA686803AB066839
:10A298000DF10B0101223669B047039B611C33B3F2
:10A2A8009DF80B30AA681B2B02EB040005D092F82E
:10A2B8005A611B2EE9D1522B23D08CB2092C80F87D
:10A2C8005A31E2D90022AB6883F85A21AE68D6F831
:10A2D80078329B066FD4502318227387AB682846C0
:10A2E80040491A87FEF762F86FF0070057E0013F10
:10A2F8004FF47A70BFB21BF021FC002FC5D1AE68B5
:10A30800E5E70020224482F85A01AE6896F85B31EE
:10A318005B2B60D1022306F25B1703E0B3F5807F65
:10A3280088B2D4D017F8014F00EB8002A4F13001B5
:10A3380003F1010C3B2C01EB42011A461FFA8CF386
:10A34800ECD1FF2AC3D006F5AD7203F259171A44AF
:10A35800C3F1FF030024374412FA83F302E09F425B
:10A368008CB2B4D017F801CF04EB8402ACF1300101
:10A3780001EB4201BCF1000FF1D1FA2C28BFFA24FD
:10A38800FA2828BFFA2086F85AC1AB685C87AB6800
:10A398001887AB68D3F878329A0607D4002005B03E
:10A3A800F0BD11494069FFF783FE51E70F4968691D
:10A3B800FFF77EFEF2E70D496869FFF779FEAE68A0
:10A3C80089E754680A4B12680A490094FDF7FEFFB2
:10A3D8006FF01500E3E786F85A01AE6877E700BF2B
:10A3E800CCF3060090F3060068CB06006CCB0600A1
:10A3F800FCF2060014F3060010B583680446D3F88F
:10A408007822920605D4D3F878329B060AD4002025
:10A4180010BD07494069FFF74BFEA368D3F87832AF
:10A428009B06F4D560690349FFF742FE002010BD82
:10A4380070CB060078CB0600836803F51E73D3E85B
:10A44800EF1F41F00801C3E8E21F002AF7D10020FE
:10A45800704700BF836803F51E73D3E8EF1F21F030
:10A468000201C3E8E21F002AF7D10020704700BFAD
:10A47800836803F51E73D3E8EF1F41F02001C3E89A
:10A48800E21F002AF7D10020704700BF836803F558
:10A498001E73D3E8EF1F41F01001C3E8E21F002A42
:10A4A800F7D10020704700BF836803F51E73D3E817
:10A4B800EF1F41F00201C3E8E21F002AF7D1002094
:10A4C800704700BF836803F51E73D3E8EF1F21F0C0
:10A4D8000801C3E8E21F002AF7D10020704700BF37
:10A4E800836803F51E73D3E8EF1F21F01001C3E85A
:10A4F800E21F002AF7D10020704700BF836803F5E8
:10A508001E73D3E8EF1F21F02001C3E8E21F002AE1
:10A51800F7D10020704700BF0023C360704700BF19
:10A5280070B515461E46C26891B1EAB183689A4271
:10A5380020D01468C4609CB12289284604F10A011D
:10A5480021F090FB0022238901203380EA5470BD5A
:10A5580032B143689A420DD05468C460002CEBD1E4
:10A5680000231846338070BD034653F8044F9C42BD
:10A57800E0D1F5E70023C360002318463380F2E7F3
:10A588002DE9F8430023C36072B30446406804F120
:10A59800040880450F46164603D010B1038993423C
:10A5A80024D006F10A0900220023494620681BF03E
:10A5B800A1FD054668B96368984515D0A168D1E939
:10A5C800003213605A600860486020681BF0A4FDE0
:10A5D800E9E70681394632460A3021F043FB6368D1
:10A5E800C5E900385D606560BDE8F8830A3021F090
:10A5F80068FB0028D5D1F7E770B54368061DB3425C
:10A6080004460DD00025A168D1E9003213605A60D4
:10A618000D604D6020681BF07FFD6368B342F2D186
:10A628000023E36070BD00BF10B5044698B1F5F78C
:10A6380003FE83B2184673B1621E05E02A2908D0CA
:10A6480002331B1B984206D9134612F8011F3F29F3
:10A65800F4D1012010BD002010BD00BF10B5044684
:10A6680080684FF48072002100F5AD7021F021FB65
:10A67800A068B0F8542000F15A0100F5AD7021F03F
:10A68800F1FAA06800F5AD70FEF726FBA46804F5A2
:10A69800AD70F5F7D1FD0130A4F8580010BD00BF2A
:10A6A8002DE9F04F89B00090002971D01546002A95
:10A6B8006ED010468946F5F7BFFD84B2002C67D0EE
:10A6C8006A1E05E02A2908D002335B1B9C425FD929
:10A6D800134612F8011F3F29F4D14FF0000B022353
:10A6E8005C46A84601932146484603AAFEF74EFA5F
:10A6F80001340546002856D000224046296801F05A
:10A708000BFD02460028EED1009B2D68D3F808A067
:10A71800002D3BD02846F5F78FFD86B23246BAF8B1
:10A7280058100AF5AD700A44FF2A20DC414621F092
:10A7380041FB074688B3F5F77FFD002382B2701C02
:10A74800394601323844019321F099FA32462946B4
:10A75800384621F087FA4FF02003BB55BAF8582045
:10A768000BF1010B01321644AAF85860BBE74346C7
:10A7780003210098164AFEF71FFF45460123BBF147
:10A78800000F15D1184609B0BDE8F08F2E46C6E770
:10A798000323184609B0BDE8F08F45460223BBF1F4
:10A7A800000FEFD004E04546019BBBF1000FE9D054
:10A7B8000193009B2A46986800F1580100F5AD7096
:10A7C800FEF7BCF9019B184609B0BDE8F08F00BF41
:10A7D80088FB060010B504468068B0F8582000F5DC
:10A7E800AD715A3021F03EFAA368B3F85820A3F8A7
:10A7F800542010BD08B50448F8F77AFF0348F8F765
:10A8080077FF002008BD00BFDCFB060014FC060033
:10A8180021F04FBA21F026BA08B50348034A0021AF
:10A82800121AFFF7F5FF08BD50700120AC96012001
:10A83800074808B5074A0849121AFFF7EBFFBDE8B1
:10A8480008400648064A0749121AFFF7E3BF00BF47
:10A858000060012050700120186507000060012089
:10A8680000600120186507002DE9F041254D00AF73
:10A878002B685C0702D1BD46BDE8F0810446D0E9EB
:10A8880000026E468AB06B46A1684FF00508C3E91E
:10A8980006021A4619621C49596142F8108F0023B2
:10A8A8004FF421512846FAF7CFFE2B68B5465907D1
:10A8B800E1D0D4E903018AB06B4662691A621A468C
:10A8C800C3E906011149596142F8108F00234FF47A
:10A8D80021512846FAF7B8FE2B68B5465A07CAD060
:10A8E800E369012128460A4AFAF772FE2B685B07DA
:10A8F800C1D0A36901212846064AFAF769FEBD4678
:10A90800BDE8F081746C012044FC060074FC06006C
:10A91800A4FC0600B4FC060038B505460C4611B187
:10A928000846FFF7A1FF012D05D021462846BDE8BE
:10A9380038401BF081B9EFF30583074802685207D6
:10A94800F3D0064A2946103BFAF742FE214628462C
:10A95800BDE838401BF070B9746C0120E4FC0600B7
:10A9680038B505680446FFF77FFF012D05D021465D
:10A978002846BDE838401BF05FB9EFF30583074868
:10A9880002685207F3D0064A2946103BFAF720FE20
:10A9980021462846BDE838401BF04EB9746C0120AA
:10A9A800E4FC060008B500F005F8BDE8084000F032
:10A9B80027B800BF30BFFFF7FDBF00BF2DE9F0414A
:10A9C8000C4605460B4EDFF83080324606EB08078A
:10A9D800E41B2046094921F045F9A0194246002107
:10A9E800083C21F066F9C5F8B84007F10800BDE851
:10A9F800F08100BF000000000800000018CB06002E
:10AA0800054B5A699B689A4204D0044A536843F03C
:10AA180080535360704700BF4096012000ED00E06E
:10AA280010B5404C2368580746D13F4B9B6A9901A3
:10AA380033D523685A0745D11E203B4B9B6ADB015F
:10AA480030D4394B9B6AD90203D523685A0755D1AC
:10AA58000220354B9B6A1B0303D52368580754D142
:10AA68002120314B9B6A590303D523685A0730D1FB
:10AA780022202D4B9B6A9B0303D5236859072FD1AE
:10AA88002320294B9B6ADA0311D4274A936A6FEA79
:10AA980003436FEA1343936210BD234B1D209B6A47
:10AAA800DB01CED52368580721D11F20C9E72368C9
:10AAB8005B0731D12420E8E7012120461B4AFAF739
:10AAC8006DFDB2E717480121194AFAF767FD1E2004
:10AAD800B3E714480121174AFAF760FD2220C8E7B6
:10AAE80010480121144AFAF759FD2320C9E70D48F7
:10AAF8000121124AFAF752FD1F20A2E70948012155
:10AB08000F4AFAF74BFD0220A3E7064801210D4A38
:10AB1800FAF744FD2120A4E701210B4A0148FAF77E
:10AB28003DFDC7E7746C012000ED00E0F8FC06006D
:10AB380010FD06008CFD0600B4FD060024FD06008D
:10AB480040FD06006CFD0600D0FD0600F8B5504C2F
:10AB5800064623680D465B076ED14E4B9B6ADF04A1
:10AB680022D52368580740F081801720494B9A6AFC
:10AB780011051ED4474FBB6A9B0546D4454B9A6ABC
:10AB880056052CD52268510777D19A6AD0052DD45D
:10AB98009B6A9A0437D41A2000213E4A936A43F4E8
:10ABA8007F4393622970F8BD3A4B16209A6A1105C3
:10ABB800E0D5226852074ED19B6A9B0542D5354B9A
:10ABC8009A6B9B6A190405D526B1324A936A23F415
:10ABD800004393622F4B19209A6A5605D2D42D4B05
:10ABE8009A6AD20504D523685F072DD11B20D3E7C5
:10ABF8009B6A9E04D0D523685C0704D00121264AAD
:10AC08002348FAF7CBFC1C20C6E723685907D6D09F
:10AC1800224A01211E48FAF7C1FCBB6BBA6A12042A
:10AC2800D8D522685707CFD001211D4A1848FAF70E
:10AC3800CFFC002ECED0C8E701212046194AFAF7EA
:10AC4800ADFC8AE7182099E711480121164AFAF75E
:10AC5800A5FC1B20A0E70F4F0D480121134AFAF766
:10AC68009DFCBB6A18209B0588D5CEE708480121C2
:10AC78000F4AFAF793FC172078E70E4A0448012197
:10AC8800FAF78CFC034B1A209A6AD205B0D5AAE7CA
:10AC9800746C012000ED00E0A4FE06003CFE0600F6
:10ACA80058FE0600FCFD06008CFE060028FE060085
:10ACB80014FE060070FE0600F8B54E4C06462368E2
:10ACC8000D465B076AD14C4B9B6ADF0632D5236879
:10ACD80058076BD11120484B9A6A11072FD4464F59
:10ACE800BB6A9B073ED4444B9B6ADE0703D52368A7
:10ACF80059076DD11420404B9B6A9A0649D43E4BA4
:10AD08009A6AD70602D49B6A9E0703D53A4B9B6A78
:10AD1800DC066AD4384B9A6A910603D55A6A22F43B
:10AD280000525A620021344A936A43F0FF03936247
:10AD38002970F8BD304B10209A6A1107CFD52268C8
:10AD480052073AD19B6A9B072ED52B4B5A6B9B6AAD
:10AD58001A0605D526B1284A936A23F08003936220
:10AD68001320C0E723685907EFD0244A012121485E
:10AD7800FAF714FC7B6BBA6A1206F1D522685707FA
:10AD8800E8D001211E4A1B48FAF722FC002EE7D022
:10AD9800E1E723685B0722D11520B0E701212046AF
:10ADA800184AFAF7FBFB8EE712209CE711480121AD
:10ADB800154AFAF7F3FB11208DE70F4F0D480121D3
:10ADC800124AFAF7EBFBBB6A12209B078BD5C9E73F
:10ADD800084801210E4AFAF7E1FB14208BE701210C
:10ADE8000C4A0448FAF7DAFBD6E740F22D110A4874
:10ADF800F8F7AEFC746C012000ED00E020FF0600BF
:10AE080038FF0600D4FE0600ECFE060028FE060009
:10AE180050FF0600A4FE060070FF06002DE9F0476B
:10AE28008AB00C4693490023D1F8049000AFC9F3C7
:10AE3800080883F31188BFF36F8F02F07F43B3F1E3
:10AE48007F4F22D112F0010615461ED151068246C7
:10AE580016D5894803685B0740F0908015F0040513
:10AE68003ED000258CB10022A8F10303FA71092B0A
:10AE780010D8DFE803F06D67615D0F0F0F0F0F3714
:10AE88002A07EED404460125ECE740F214417B483A
:10AE9800F8F75EFC784803685B0728D0784A19F40D
:10AEA800F87FE9468AB0774B694618BF13468B612D
:10AEB800A8F11003CB614FF400730A460B84724B60
:10AEC8004B61724B42F8103F00234FF41151FAF7CF
:10AED800BBFBCD46FB7953B12837BD46BDE8F087AB
:10AEE8005446BFE7644803685A0740F083802068E7
:10AEF8006168A268E36807F1080CACE80F00E36931
:10AF080020696169A269ACE80F007B6A002D3AD01C
:10AF1800C3F3080240F2FF110AB90B437B6207F141
:10AF280008013046FFF7F8FC2837BD46BDE8F08732
:10AF3800FFF776FD0646DAE70020F91DFFF706FE63
:10AF48000646C7E70020F91DFFF7B6FE0646C1E72B
:10AF5800DFF82481D8F80030580750D10022454B3B
:10AF6800FA71DA6A910714D5D8F800305A07BED0BA
:10AF78000121474A4048FAF711FBABE70121454A4E
:10AF8800FAF70CFB6AE723F4FF7323F001037B62F3
:10AF9800C5E7DA6A002A38DBDB6A5E005FD5D8F8D5
:10AFA8000030580742D1334BA1695A6942F4807284
:10AFB8005A61BFF34F8FBFF36F8F5A6931F8021C84
:10AFC80022F480725A61BFF34F8FBFF36F8F4DF633
:10AFD8000272914224D09A6AD2B26ABB9A6A12F477
:10AFE8007F4F36D19B6AB3F5803F3DD3FFF718FDFD
:10AFF80006466FE70121284AFAF7D0FA6AE70121E5
:10B008004046264AFAF7CAFAA8E7D8F800305B079C
:10B018003FF46DAF0121224A1748FAF7BFFA59E702
:10B02800D8F8003059070DD1266853E701211D4A89
:10B038001148FAF7B3FAB6E70120F91DFFF73CFE0D
:10B04800064647E723680121174A0B48FAF7C0FA72
:10B05800EAE70120F91DFFF779FD06463AE74FF4C4
:10B068003C710648F8F774FB40F2ED210348F8F705
:10B078006FFB00BF00ED00E0746C012070FF06005C
:10B08800BCFF0600A4FF0600A8000700040000019A
:10B0980014000700D8FF060084000700FCFF060024
:10B0A800380007004800070068000700064B5A6987
:10B0B80042F010025A615A6942F480625A615A6930
:10B0C80022F008025A61704700ED00E0EFF30880B3
:10B0D800EFF3098101B57246FFF7A0FE01BD00BF7D
:10B0E800002080F31488BFF36F8F002080F30A8854
:10B0F80080F30B88124880F3088819F09BF8002029
:10B1080010490860BFF34F8F00F032F8202080F319
:10B1180011880D484FF0AA014FF40062FFF778FB41
:10B1280009484FF40061401880F30988EFF3148050
:10B138000221084380F31488BFF36F8F00F010F9E1
:10B14800F0F0012094ED00E0B0C70120BFF34F8F6D
:10B158000549064BCA6802F4E0621343CB60BFF3AB
:10B168004F8F00BFFDE700BF00ED00E00400FA05C7
:10B1780072B6002383F31388154AD2F8900010F4AE
:10B188007F4FC0F3072107D01846C2F89830013323
:10B198009942C2F8A000F8D100234FF0FF300D49C2
:10B1A80003F120020133102B41F82200F8D10023CB
:10B1B8004FF0FF30074903F160020133102B41F8CB
:10B1C8002200F8D162B6BFF34F8FBFF36F8F70477D
:10B1D80000ED00E000E100E00A4B9B68834201D0EB
:10B1E8001DF08EBCEFF30583002BF9D0064B5A688F
:10B1F80042F080525A605A6A22F400425A621DF0A4
:10B208007FBC00BF4096012000ED00E018498A6825
:10B2180082F8C5E04FF030001044EFF3098C80E865
:10B22800F01F202080F31288BFF36F8F114F4FF06B
:10B2380000664A698A603E60D2F8B8000E4C206009
:10B2480092F9C5E0D2F8BC000023C2F8BC3080F304
:10B25800118802F1300090E8F01F8CF3098802F1A0
:10B26800000004B500F0B4F8BDE8044070470000E1
:10B278004096012004ED00E0608901201EF0040FD3
:10B288000CBFEFF30880EFF30980816911F8021C05
:10B298000229FFD001B57246FFF762FB01BD00BF6E
:10B2A80040B2002807DB012300F01F01024A4009D1
:10B2B8008B4042F82030704700E100E040B200289F
:10B2C8000CDB01220649430900F01F0020338240AD
:10B2D80041F82320BFF34F8FBFF36F8F704700BF34
:10B2E80000E100E00123054A410952F8212000F05D
:10B2F8001F0003FA00F01040704700BF00E100E0B3
:10B308000131072908B511D840B249010028C9B24E
:10B3180006DB00F1604000F5614080F8001308BDCD
:10B32800044B00F00F000344197608BD6B21024856
:10B33800F8F70EFAFCEC00E0BC0007000021012041
:10B34800FFF7EABA044B054A23F07F039360BFF383
:10B358004F8FBFF36F8F70470000040000ED00E0CF
:10B3680008B5FFF7EFFF074AD2F8883023F47003D7
:10B37800C2F88830FFF750FAFFF75AFA00F080F861
:10B388001AF07CFD00ED00E070B44FF43C464FF03D
:10B3980080750024C0F8C46042F8203C039B0B4928
:10B3A80042F81C3C049B21F0010142F8183C059B23
:10B3B80042F8045C42F8143CA2F1200342F8081C4D
:10B3C800C0F8BC40036570BC704700BF1537040067
:10B3D800D0F8A83083F30B88704700BF6FF0850062
:10B3E800704700BF00B515460D4B0E4CD0F8B8207D
:10B3F80098600E46D0F8A830226083F30B882C465C
:10B4080086F309880020044B984720460021002233
:10B418000023024C2047000031B404001537040013
:10B42800409601206089012061B662B680F31188D8
:10B43800BFF36F8F704700BF1022014B1A6170472E
:10B4480000ED00E072B6002383F31188BFF36F8F1D
:10B45800BFF34F8F30BF62B6BFF36F8F704700BF27
:10B4680072B6002383F31188BFF36F8FBFF34F8F3A
:10B4780020BF80F31188BFF36F8F62B6704700BF9B
:10B48800002320200349CA180133412B82F8000306
:10B49800F9D1704700E100E008B5EFF30583064AEB
:10B4A800103B02EBC30152F8330049688847BDE8F6
:10B4B8000840FFF7A5BA00BF10C3060040E800F334
:10B4C80013F4803FD8B208BF6FF01500704700BF73
:10B4D80010B50A4C84B0234601210948094A00F0F6
:10B4E80053F90022084B0121E41A01A8CDE90134DF
:10B4F800039200F05BF904B010BD00BF0000042007
:10B50800F4000700006001205070012010B5174CAE
:10B51800D4F89030C3F30723013B984218D891F828
:10B5280008C0CB680A6823F01F034FEA5C1143EA9E
:10B5380041030CF01F0C22F01F0242EA0C0243F0F8
:10B548000103C4F89800C4F89C20C4F8A03010BDCA
:10B55800074A13685B0702D16FF0150010BD01217F
:10B5680003461046034AFAF733F8F5E700ED00E022
:10B57800606C012004010700034610B5184C0868E8
:10B58800D4F8902020F01F0EC2F3072C0A890CF182
:10B59800FF3C02F01F004A68634502F1FF32498907
:10B5A800724411D801F0070122F01F0242EA410259
:10B5B80042F0010240EA0E01C4F89830C4F89C1029
:10B5C800C4F8A020184610BD06480268520702D1E8
:10B5D8006FF0150010BD0121034AF9F7F9FFF7E7ED
:10B5E80000ED00E0606C0120040107002DE9F04F38
:10B5F800164685B089B1044688464FF00009071DF4
:10B608006568002D7BD01F2D01D9E90609D05A485D
:10B6180003685A077DD16FF01506304605B0BDE8BE
:10B62800F08F57F804AC1AF01F0FF0D15046FFF70F
:10B6380045FF03465544681E1D46FFF73FFF8542F8
:10B6480040F0888015F1160F00F08680B54280F230
:10B6580083804A4BC3F89850D3F89C00C3F898509D
:10B6680057F8041C6268D3F8A0B020F01F000A4401
:10B6780088424BF01F0B02F1FF3A56D0C3F898509E
:10B68800D3F8A020013921F01F0102F01F020A435C
:10B69800D3452146F0B2C3F8A02040D0FFF76CFF95
:10B6A80010F1160FB7D0354B0BF1FF3BC3F898508C
:10B6B800D3F89C109DF80820013061F304028DF83E
:10B6C8000820D3F8A010626857F8043C49081344CE
:10B6D800009323F01F035B44A3EB0A0323F01F032B
:10B6E80003939DF80830C0B261F3471369468DF89B
:10B6F8000830FFF70BFF10F1160F8CD0461C09F12C
:10B708000109C14504F10C0407F10C077FF478AF77
:10B7180083E701214B461A4AF9F75AFF7BE7FFF7FF
:10B728002BFF10F1160FE9D175E7D3451FD0C3F8E9
:10B738009850D3F89C1022F01F0201F01F010A4311
:10B74800F0B22146C3F89C20FFF716FF10F1160F40
:10B75800D4D160E76FF01505074803685B073FF42D
:10B768005AAF01212B46074AF9F732FF53E7214622
:10B77800E8B2FFF701FFC2E7606C012000ED00E0CE
:10B788002C0107005001070010B5064C2278FFF77E
:10B798002DFF2070163000D010BD4FF4C471024840
:10B7A800F7F7D6FFA496012074010700002953D0AB
:10B7B8002DE9F84F8B4606464FF00008274CDFF876
:10B7C800A0A02BE015F1160F44F8045C3DD0254BE2
:10B7D8001B78AB4239DDCAF89850CAF89850DAF8A5
:10B7E8009C20237A62F304032372DAF8A030227AC9
:10B7F8005B0863F347122272DAF89C3023F01F03C8
:10B808002360DAF8A03023F01F03E36008F1010891
:10B81800D84506F10C0604F114041BDA7768002FEA
:10B82800F4D0D6F800904846FFF748FE054607EBE7
:10B8380009000138FFF742FE8542C3D06FF01502B8
:10B84800094B08EB880843F828204FF4CC710748C7
:10B85800F7F77EFFBDE8F88F704700BF68890120C1
:10B8680000ED00E0A496012064890120740107001E
:10B878002DE9F041704D714AD5F890301768C3F33F
:10B8880007239F4286B000F2D280BFF35F8F002467
:10B898006B4BC5F89440C5F8C030DFB15168087AE1
:10B8A800CB680A68460923F01F03C5F8984022F0C0
:10B8B8001F0200F01F0043EA46030134024343F02D
:10B8C8000103BC42C5F89C2001F11001C5F8A03065
:10B8D800E5D1E7B2DFF86C8101A888F80070FAF7C3
:10B8E80029FB054600287DD000240627564E27E070
:10B8F800B3F5801F52D0B3F5001F1ED151F80C309C
:10B9080041210393D2E90123013B029222F01F0255
:10B91800134423F01F030593C3078DF8101000F19B
:10B92800828098F8000002A9FFF7F0FD002830DBBC
:10B9380098F80030013388F800300134A54251D01E
:10B9480001994FEA041C01EB0412D06800EA0603CF
:10B95800B3F5800F36D0CBD9B3F1006F28D0B3F14F
:10B96800805FEAD1D2E9010351F80C20013B20F0B5
:10B978001F010B440121CDE9020223F01F038DF8BA
:10B98800101098F8000002A90593FFF7BFFD0028E2
:10B99800CEDA40F22B212D48F7F7DAFED2E901037F
:10B9A80051F80C20013B20F01F010B442121E2E754
:10B9B800D2E9010351F80C20013B20F01F010B4490
:10B9C8006121D8E7D2E9010351F80C20013B20F0AE
:10B9D8001F010B4423F01F03CDE902028DF81070FC
:10B9E80005939EE7144998F80030D1F89020C2F3E7
:10B9F800072293420BDA0020C1F89830C1F8A00062
:10BA0800D1F890200133C2F307229342F4DB0522D8
:10BA1800094BC3F89420BFF34F8FBFF36F8F0020FB
:10BA280006B0BDE8F08183210848F7F791FE40F29F
:10BA380001210648F7F78CFE00ED00E0A40107009D
:10BA4800AAFF4400A49601200000F0FF740107003B
:10BA580008B5D1E904319847002008BD944610B5CF
:10BA68000C461A46614600234FF0020C86B0059436
:10BA7800064C04906846CDE90034CDE902338DF8D0
:10BA880002C01FF08BF806B010BD00BF59BA040001
:10BA980008B5024B1B689847002008BD788901202B
:10BAA800034A04499378086043F00203937070478F
:10BAB800706A01207889012008B50649064821F0F6
:10BAC8000701C1F1005202F58022F6F715FF0020A8
:10BAD80008BD00BFAFC403207C8901202DE9F04FC9
:10BAE8008FB0189C08920593002C00F06D820546D3
:10BAF8008E468C4603F00803DFF88C92DFF88C82C0
:10BB0800DFF88CB206932B469CF800200698114665
:10BB180013F8014B00284BD13F2C7BD03AD8002C8E
:10BB280000F023812A2C3DD169782A291AD1994C11
:10BB3800069D01E02A2915D113F8011F002DF9D01F
:10BB4800605C00F003000128F4D12031C9B22A2931
:10BB580008D113F8011F605C00F003000128F4D03D
:10BB68002A29E9D02E2A1D4600F04A82002900F031
:10BB7800C2822F2940F094820598840740F1908270
:10BB8800604620F0C6F884460028BCD101200FB0DA
:10BB9800BDE8F08F5B2C51D05C2C03D10599C90707
:10BBA80040F165829442F1D11D460CF1010CAAE7DF
:10BBB80078482646075D07F00307012F00F0F1815A
:10BBC800875C07F00307012F00F0F5813F2ECAB20A
:10BBD80020D00DDC002E00F0C8802A2EE2D1697832
:10BBE800405C00F0030001289FD12031C9B29CE7D6
:10BBF8005B2E23D05C2ED5D10599CE07D2D46C7894
:10BC0800AB1C015D01F003010129CBD104F1200136
:10BC1800CCB2C7E7002AB9D02F2A00F002822E2A18
:10BC2800C2D1059A5107BFD508998C45AED0920765
:10BC3800BAD51CF8012C2F2AB6D1A7E7002AA5D01F
:10BC48002F2A00F0F3812E2A03D10598470700F127
:10BC580001826E78212E00F0B1815E2E00F0AE8157
:10BC6800002007930D900698C9B230B14948405C4E
:10BC780000F00300012808BF2031C9B25D2E0491ED
:10BC8800CDE90A424FF00001079FDFF80CE1DFF829
:10BC98000CA10C93CDF824C05AD0002E00F0A58139
:10BCA8002F2E00F025815C2E787800F002815B2E23
:10BCB80040F0E3813A2840F0E081BD78002D00F0A3
:10BCC80066810023BA1C1C46039605E045EA032357
:10BCD80012F8015F34463DB112F801CC2602BCF1DE
:10BCE8005D0F46EA1366F1D14C4508BF734584469B
:10BCF800039E00F043819E4579EB04057CD3284DD3
:10BD08005C4508BFAB4200F031819D427BEB0405E6
:10BD180064D3244D2448AC4208BF834200F01D81FF
:10BD280005F57F4500F1C160F13500F50030AC4202
:10BD380008BF83423AD1174B049816781B56002B3C
:10BD4800C0F20081092808BF012117465D2EA4D141
:10BD5800079BBB4280F0B3800D9BDDF824C08B426B
:10BD680007F101057FF421AF10E7059B1046DC06BB
:10BD780005D4003818BF01200FB0BDE8F08F2F2A76
:10BD8800F7D10020F8E700BF776F6C00617073008F
:10BD9800746E6300096407005D3A72655D3A656315
:10BDA8005D3A6C72706C61005D3A6168A5F57F451B
:10BDB80000F1E060F33D00F50030AC4208BF83427B
:10BDC8007FD19D4B04981B5C13F0070F0CBF012318
:10BDD800002303B9012117461678B7E79748984D0D
:10BDE800AC4208BF83421ED1934B04981B5C83F07E
:10BDF8000403C3F38003ECE7444508BF534500F050
:10BE0800A4809A4578EB040534D28E48844208BF52
:10BE180073451CD1884B04981B5C03F00303013B5A
:10BE280018BF0123D5E705F5423500F1DE60FA3584
:10BE380000F58020AC4208BF834242D17E4B049873
:10BE48001B5C13F0170F0CBF01230023C1E700F19F
:10BE5800D2407D4DA0F59B301338AC4208BF8342D9
:10BE68002FD1754B04981B5C13F0440F0CBF0123B2
:10BE78000023AEE77548764DAC4208BF834208D12F
:10BE88006D4B04981B5C13F0970F0CBF0123002324
:10BE98009FE700F1754005F20535AC4208BF8342C3
:10BEA8000FD1654B04981B5C83F01003C3F3001398
:10BEB8008FE7059B8446DA0703D40646013797F8CF
:10BEC80001C0069B7A1CC3B15B4B9B5D03F0030367
:10BED800012B0ABF06F12004F4B2E4B2BCF12D0F25
:10BEE8000FD0049B1746A34208BF012116782DE7FF
:10BEF800059B98073FF54AAEE1E7BCF12D0F3446A4
:10BF0800EFD1B8780028ECD05D28EAD05C2807F19A
:10BF1800020C5DD0069BFA1C53B10646464B1D5CCD
:10BF280005F00305012D00F0AE8000285DD0F0B2C9
:10BF3800049B9CF80160A342FFF407AF049B834273
:10BF48003FF603AF0121174600E73B4B04981B5C03
:10BF580083F00803C3F3C0033BE7374B04981B5C2B
:10BF680013F0030F0CBF0123002332E7324B049870
:10BF78001B5C83F02003C3F340132AE72E4B04987D
:10BF88001B5C03F00303023B18BF012321E7069B58
:10BF98007A1C002B32D1049B5B2B70D006461746C7
:10BFA800D4E620342646875CE4B207F00307012F65
:10BFB800F6B27FF40BAE02F1200107E601200D90E6
:10BFC800A81CAE7807904EE603200FB0BDE8F08FAE
:10BFD800059BDB079ED4F878069B064607F1030C01
:10BFE8003A1D002B9AD10028A2D1DDE90A429442D9
:10BFF8000C9BDDF824C03FF4D7ADC7E5844663E762
:10C00800059847077FF5B2AD089CA4453FF4BEAD3F
:10C0180086077FF5ABAD1CF8010C2F287FF4A6AD81
:10C02800B4E5059A90077FF5BFADAFE505988007A1
:10C038007FF50FAEAAE500BF096407005D3A746991
:10C048006769640070707500676964785D3A746E3A
:10C0580069727000089EB4453FF498AD86077FF575
:10C06800F8AD1CF8010C2F287FF4F3AD8EE56C7841
:10C07800AB1C94423FF498AD88E5844621E7064618
:10C08800174601210FE6E02800F12006ADD0F6B2F0
:10C098009B5D03F00303012B7FF449AF203646E78D
:10C0A8001E46E646189C002A3FF470AD7546059B6F
:10C0B800184F04F1FF3803F0020429463046059B67
:10C0C800089ACDF80080FFF709FD00283FF454AE28
:10C0D800069A15F8013B32B1FA5C02F00302012A14
:10C0E80004BF2033DBB22F2B02D0002BE5D14DE566
:10C0F800002CE2D04AE5059BE64613F002003FF427
:10C108003BAEDD063FF53DAE2F2160461FF001FE38
:10C118002FE600BF0964070010B5402482B013461B
:10C1280000940A46FFF7DAFC02B010BD10B4D0F84C
:10C1380000C0074C074AC4F800C0446806491460A8
:10C14800064B846802690C601A6010BC704700BF17
:10C15800908901208C8901208889012094890120F7
:10C168004FF0340C30B40C4B827A0CFB0232D26A9A
:10C17800D2E901240C601168827A0CFB023393F82F
:10C1880024201D6B1B32431B22F00302B3FBF2F386
:10C1980004FB031030BC7047986E0120704700BF45
:10C1A8002DE9F04F054685B0684691469B460391B8
:10C1B8001DF0F0FADDE90067002D00F0A28005F11E
:10C1C8001C08EFF3118A202383F31288BFF36F8FC3
:10C1D80040461CF033FF002800F08F8040461CF0DA
:10C1E80053FF6C8C002C69D02B8CA34234D8631E6F
:10C1F80040466B841CF030FF002800F087808AF3EB
:10C208001188BFF36F8F95F82420298C424B091BA6
:10C218001B322C6B22F0030201FB0244EB1A3F4A4B
:10C228009B1002FB03F3A37295F82430E372039D7D
:10C2380035BB65610026012331462381E27A658298
:10C2480004F1180066601FF034FD63692682E3601C
:10C25800204605B0BDE8F08F0022284600231AF0DA
:10C268003BFD044600283BD040461CF0F5FE002864
:10C278004CD08AF31188BFF36F8F039D002DD8D05F
:10C2880032463B4668461DF0B5FA3422A37A224E60
:10C29800204602FB0363DB6A03A91B681F68DDE90C
:10C2A8000023B8476061E8B1039B9D4298BF1D46D3
:10C2B800C0D94FF4AB711A48F7F74AFA40461CF058
:10C2C800CBFE18B38AF31188BFF36F8F4A465B46DB
:10C2D80028461AF001FD04460028A8D10024B7E733
:10C2E8006C8C84E7A37A214603EB430203EB8203B9
:10C2F80006EB83001AF0E4FCF0E788210948F7F719
:10C3080027FA40F201110648F7F722FA4FF49A711A
:10C318000448F7F71DFA00BF986E0120C54EECC41B
:10C32800DC01070080DC0600C16A8968FFF738BFB6
:10C338002DE9F04182B0002836D004463426002783
:10C348001C4D2046037A64684BB3013BDBB2037291
:10C3580053B990F80A80C36006FB08524360936A99
:10C368002BB19847002CECD102B0BDE8F0814169AF
:10C3780049B1437ADB0705D4D36A01901B689B68EF
:10C3880098470198476108EB480308EB8308014682
:10C3980005EB88001AF094FC002CD2D1E4E740F2B7
:10C3A800C1110548F7F7D4F940F2BB110248F7F775
:10C3B800CFF900BF986E0120DC01070008B50346DD
:10C3C80020B118465B68002BFBD108BD40F2312133
:10C3D8000148F7F7BDF900BFDC01070010B550B1FF
:10C3E80071B144682CB10B461A465B68002BFBD12F
:10C3F8005460416010BD4FF40F710448F7F7A8F975
:10C4080040F23D210148F7F7A3F900BFDC0107001E
:10C4180008B561B130B103461A465B68002BFBD101
:10C42800516008BD0B7A084601330B7208BD4FF402
:10C4380012710148F7F78CF9DC0107002DE9F0418A
:10C44800069C07468C4228BF0C46264614461AB955
:10C458001FE064689B1AE4B1228A9342F9D24FF034
:10C46800000816B919E0002386B1258AE168ED1A9B
:10C47800B54228BF354607EB08002A4619441FF085
:10C48800F1FB6468761BA844002CECD14046BDE85B
:10C49800F081A0464046BDE8F081B046F6E700BF0F
:10C4A800B02108B50148F7F753F900BF1802070093
:10C4B80008B528B183883BB983680B44036008BD7D
:10C4C8002B210348F7F744F92C210148F7F740F9E5
:10C4D8001802070038B503460468B0F804C0DA88C3
:10C4E8009D6804EB0C00A2EB0C02641B121B91422A
:10C4F80003D88C44A3F804C038BD3E210148F7F79F
:10C5080027F900BF1802070038B503460068B3F8DA
:10C5180004E0B3F806C09D68ACEB0E0C451BACEB11
:10C52800050C6245704406D89644A3F804E0BDE8BB
:10C5380038401FF097BB3E210148F7F709F900BFC3
:10C548001802070008B583888B4205D35B1A9BB293
:10C5580002688380D01808BDFFF7A2FF08B582885B
:10C568008A4206D303460068521A08449A80186023
:10C5780008BD40F2C3110148F7F7EAF818020700AE
:10C5880003688168C288B0F804C05B1AA2EB0C008B
:10C59800C01A704703688268C0889B1AC01A80B2A4
:10C5A800704700BF0CB4034600B583B004AA084620
:10C5B80052F8041BDB680192984703B05DF804EB5E
:10C5C80002B07047062810B51ED8134C00EB400384
:10C5D8004FEA031E4FEA400C04EB0313D3E8AF3FC6
:10C5E80093B1A4F1080303EB0E0464680C6022B154
:10C5F8000EF10C0E03EB0E01116084444FEA0C1C83
:10C6080053F80C30184610BD1FF0A4FD0921034A49
:10C6180000231150F6E700BF507A01200C000000FB
:10C6280070B5002425461F4E4FF0FF324FF0FF3300
:10C638001D481AF0A1F806F108010B19D3E8AF2F2D
:10C6480082B10135072D04F13004F6D11FF082FDC7
:10C658001722164B4FF0FF351A5013481AF03CF9C1
:10C66800284670BDD3E8EF0F0130C3E8E10F002979
:10C67800F8D10020002105EB450306EB03139A626D
:10C68800C3E9000104F10C0030441AF06DF804F11C
:10C69800200030441BF0FEF803481AF01DF9284624
:10C6A80070BD00BF487A01204C6D01200C000000CD
:10C6B80070B515460F4E00EB400006EB0012040162
:10C6C800D362315155609DB1EB688BB11FF042FDCB
:10C6D8000C3433190446084E2846A55940F2051271
:10C6E800FFF760FF5F2D03D0A3595F2B08BFA5514B
:10C6F80070BD00BF487A01200C00000030B500EB87
:10C7080040030F491B0108334FEA400C0B44D3E8A0
:10C71800AF2F02F1FF3E52B1D3E8EF4F944203D15D
:10C72800C3E8E5EF002DF7D1F1D1012A00D030BDE3
:10C7380000220023844401EB0C11C1E9002330BD21
:10C74800487A012006282DE9F84343D800EB400435
:10C75800244F240104F1080605464FEA40083E44E8
:10C76800D6E8AF3FB3B304F10C09B9444FF0FF3238
:10C778004FF0FF33484619F0FFFF3A1953689B689A
:10C7880033B3D26A385912F4404F1DD19847044642
:10C7980048461AF0A1F8D6E8AF3F5A1E8BB1D6E842
:10C7A800EF1F994203D1C6E8E02F0028F7D1F2D154
:10C7B800012B06D100200021A84407EB0813C3E988
:10C7C80000012046BDE8F883294698470446DFE77C
:10C7D8001C46DDE71FF0BEFC0922034B4FF0FF3477
:10C7E8001A50EEE7487A01200C0000000CB403460A
:10C7F80000B583B004AA084652F8041BDB6801920E
:10C80800984703B05DF804EB02B070472DE9F04F8C
:10C8180089469DB006460DF1340A08A89846174681
:10C828001CF0B8FFDDE90834CDF828A0CDE90234C2
:10C83800B9F1000F00F0858000214D46CDF81C901D
:10C8480034468946CDE90516049109E00C981AF09A
:10C8580043F8BBF1000F33DB013D04F108043FD07E
:10C8680020680BA90028F7DB0CAAFFF7ABFE0646E9
:10C878000028F1D00C984FF0FF324FF0FF3319F039
:10C888007BFF0AAB1CAACDE90032314623464FF4A0
:10C8980081720B98FFF7AAFF10F1780F834612D028
:10C8A80010F1120FD2D1049B002B66D04FF0000B71
:10C8B8004FF001090C981AF00FF8BBF1000FCBDA12
:10C8C800CBF10003C4E000270022002308A81CF0D5
:10C8D80061FFDDE90823B846BB46CDE90223B5E789
:10C8E8004A46DDE90516DDF81C9052B3B8F1FF3F62
:10C8F80008BFB7F1FF3F00F0B2804FEA48127B0152
:10C90800DB1B42EAD76262EB0802900040EA9370B0
:10C918009B00DA1948EB0003DB0043EA5273C2F3C9
:10C92800103242EA4342019233464FF4827204982D
:10C93800CDF80090FFF75AFF834658461DB0BDE872
:10C94800F08FDDE9022308A81CF054FF089FDDF8EA
:10C95800248004963A4643464E460A994148A1EB3C
:10C968000A01891000FB01F150461DF07DFB00F122
:10C978000B020B2A09D943426AE00B9B4FF0000BCC
:10C988004FF001090596049360E7374B134113F004
:10C998000103F0D1CDF828A0002E4DD09946354698
:10C9A8009B469846049C23E00C984FF0FF324FF0CA
:10C9B800FF3319F0E1FE0DF1280C3946234640F209
:10C9C80003120B98CDF800C0FFF710FF07460C982C
:10C9D80019F082FF17F10B0F31D0002F37D1B4F9BE
:10C9E80006300BB109F10109013D04F1080413D027
:10C9F8002068A4F806800028F6DB0CAA0BA9FFF72C
:10CA0800E1FD07460028CFD12023013DE38009F14D
:10CA1800010904F10804EBD1BBF1000F12D0B9F100
:10CA2800000F0FD1DDE9022308A81CF0E3FEDDE9C1
:10CA3800082353EA020190D14FF0000B7DE74FF035
:10CA4800010BD1E7CB4658461DB0BDE8F08F7B42BD
:10CA58001FF080FB054A4FF0FF3B13506DE74FF086
:10CA6800FF3260E7CDCCCCCC7EF7FFFF0C00000096
:10CA7800002A70B504460D4613DB4FF4004340F21C
:10CA8800E7300021C2FB03014FF47A720023F3F769
:10CA9800A7FB02460B4620462946BDE87040FFF733
:10CAA800B5BE4FF0FF3229462046BDE87040134618
:10CAB800FFF7ACBE0122024B0020C3F840257047A7
:10CAC8000090034058B1064B06491B68064AA1FB73
:10CAD80003139B0C03FB00F042F001021047704760
:10CAE800C46B012083DE1B4380CB060008B54FF6DC
:10CAF800FF723F230348C0E9002317F0EDFB002035
:10CB080008BD00BF987B0120F0B5064683B00D46EE
:10CB18001746164C204619F067F800B3AAB2A36866
:10CB28001B68FBB1204631469847002802DB0020ED
:10CB380003B0F0BD002FFBD1002DF8D03C462F1BD1
:10CB4800042F28BF042717F00FF83A46019001A9CF
:10CB580030193C441FF086F8A542F0D8E7E76FF09B
:10CB68001200E5E75D210248F6F7F2FD70C2060003
:10CB7800580207000022FFF7C7BF00BF012208B50F
:10CB8800FFF7C2FF002818BF6FF0040008BD00BF00
:10CB98002DE9F04F81B006460D461746984602F03B
:10CBA8002DF8002845D1442101201DF0D7FC04466A
:10CBB800C8F8000000286CD086B33046F3F73CFB79
:10CBC80004F124090146002F58D0D7E902BA3046AB
:10CBD800BAF1020F4A461ABF06274FF0010A112779
:10CBE8000AF0A4FFC0B1A68CBBF1000F01D0B34579
:10CBF80012D155B128460A2200211DF0D3FD4FF667
:10CC0800FE73421E9A42054606D8012EC4E903A7C0
:10CC1800A6602BD0022E15D0D8F8004020461DF073
:10CC28008BFC00236FF00100C8F8003001B0BDE8AC
:10CC3800F08F43463A462946304601B0BDE8F04FEA
:10CC480001F0E6BF00221821A684C4F81C902B022C
:10CC5800002043EA2523E38404F12C03236284F8AB
:10CC68002C202260A16101B0BDE8F08F08210022CC
:10CC7800A684C4F81C9005FA01F3E9E730464A4651
:10CC88000AF054FF0028C7D006274FF0010AA68CE7
:10CC9800AFE76FF00900C9E710B5044601F0AEFF31
:10CCA80020B92046BDE810401DF046BC2046BDE82E
:10CCB800104001F0C3BF00BF0CB4034600B583B0F9
:10CCC80004AA084652F8041BDB680192984703B08F
:10CCD8005DF804EB02B070472DE9F0471E4CDFF811
:10CCE8007C80444530D825D205460F469146A8EBAE
:10CCF800040323F00F03E6182368AB4200D0A3B95E
:10CD0800A3682BB34A4639462846984768B11FF0AE
:10CD180021FA394603460027114EE4689F514A46D6
:10CD280028462346BDE8F0471847B4420CD01034D3
:10CD38004445E1D31FF00EFA6A210346084A4FF032
:10CD4800FF30D150BDE8F0876D210648F6F700FDA9
:10CD580075210448F6F7FCFCF4C5060014C6060065
:10CD68000C0000008C020700FFF7ECBC30B583B064
:10CD78000D4601AA6946FFF725FCF0B1009B1B6927
:10CD88009BB1044601984FF0FF324FF0FF3319F082
:10CD9800F3FC009B294620461B69984704460198E6
:10CDA80019F09AFD204603B030BD86231FF0D2F952
:10CDB800034A4FF0FF341350F4E70923F6E700BFA6
:10CDC8000C00000070B582B00E461546694601AAEF
:10CDD800FFF7F8FBF8B1009B5B69A3B10446019823
:10CDE8004FF0FF324FF0FF3319F0C6FC009B2A4684
:10CDF800314620465B6998470446019819F06CFD56
:10CE0800204602B070BD5F221FF0A4F9034B4FF01B
:10CE1800FF341A50F4E70922F6E700BF0C000000BF
:10CE280070B582B00E461546694601AAFFF7CAFBDF
:10CE3800F8B1009B9B69A3B1044601984FF0FF32FB
:10CE48004FF0FF3319F098FC009B2A4631462046E4
:10CE58009B6998470446019819F03EFD204602B0A8
:10CE680070BD5F221FF076F9034B4FF0FF341A5064
:10CE7800F4E70922F6E700BF0C00000030B583B0E4
:10CE88000D4601AA6946FFF79DFBF0B1009BDB69DF
:10CE98009BB1044601984FF0FF324FF0FF3319F071
:10CEA8006BFC009B29462046DB699847044601989D
:10CEB80019F012FD204603B030BD5F221FF04AF979
:10CEC800034B4FF0FF341A50F4E70922F6E700BF8E
:10CED8000C00000070B582B00E461546694601AADE
:10CEE800FFF770FBF8B1009B1B6AA3B104460198D9
:10CEF8004FF0FF324FF0FF3319F03EFC009B2A46FB
:10CF0800314620461B6A98470446019819F0E4FC0C
:10CF1800204602B070BD5F221FF01CF9034B4FF092
:10CF2800FF341A50F4E70922F6E700BF0C000000AE
:10CF3800F0B585B00F46164602A903AA1D46FFF7AD
:10CF480041FB20B3029B5B6ACBB1044603984FF0C8
:10CF5800FF324FF0FF3319F00FFC0B9B2046019373
:10CF68000A9B029C009332462B463946646AA047C6
:10CF78000446039819F0B0FC204605B0F0BD5F22C6
:10CF88001FF0E8F8034B4FF0FF341A50F4E709227A
:10CF9800F6E700BF0C000000F0B585B00F46164656
:10CFA80002A903AA1D46FFF70DFB20B3029B9B6A4B
:10CFB800CBB1044603984FF0FF324FF0FF3319F01E
:10CFC800DBFB0B9B204601930A9B029C0093324695
:10CFD8002B463946A46AA0470446039819F07CFCFE
:10CFE800204605B0F0BD5F221FF0B4F8034B4FF0A8
:10CFF800FF341A50F4E70922F6E700BF0C000000DE
:10D0080070B582B00D461646694601AAFFF7DAFAEE
:10D01800A0B1044601984FF0FF324FF0FF3319F0EA
:10D02800ABFB214633462A460098FFF745FE0446E7
:10D03800019819F051FC204602B070BD1FF08AF823
:10D048000922024B4FF0FF341A50F4E70C0000009D
:10D05800F0B585B00F46164602A903AA1D46FFF78C
:10D06800B1FA10B3029BDB6ABBB1044603984FF0D8
:10D07800FF324FF0FF3319F07FFB0A9B2046029CDA
:10D08800009332462B463946E46AA0470446039883
:10D0980019F022FC204605B0F0BD5F221FF05AF8B7
:10D0A800034B4FF0FF341A50F4E70922F6E700BFAC
:10D0B8000C000000F0B585B00F46164602A903AA79
:10D0C8001D46FFF77FFA10B3029B1B6BBBB10446EA
:10D0D80003984FF0FF324FF0FF3319F04DFB0A9BD6
:10D0E8002046029C009332462B463946246BA047C3
:10D0F8000446039819F0F0FB204605B0F0BD5F2206
:10D108001FF028F8034B4FF0FF341A50F4E70922B8
:10D11800F6E700BF0C00000070B582B00E46154659
:10D12800694601AAFFF74EFAF8B1009BDB6BA3B181
:10D13800044601984FF0FF324FF0FF3319F01CFB03
:10D14800009B2A4631462046DB6B984704460198E7
:10D1580019F0C2FB204602B070BD5F221EF0FAFF34
:10D16800034B4FF0FF341A50F4E70922F6E700BFEB
:10D178000C00000070B582B00E461546694601AA3B
:10D18800FFF720FAF8B1009B1B6CA3B10446019885
:10D198004FF0FF324FF0FF3319F0EEFA009B2A46AA
:10D1A800314620461B6C98470446019819F094FBB9
:10D1B800204602B070BD5F221EF0CCFF034B4FF03B
:10D1C800FF341A50F4E70922F6E700BF0C0000000C
:10D1D800013801288CBF0020012070472DE9F04F4D
:10D1E80084468E46154687B003F0020300297FD097
:10D1F800002A55D0D2F800B0D946BBF1000F49D06B
:10D20800012201924FF0000ACDE9045CD1461E4686
:10D2180075460CF16008404619F0CEFD044600281A
:10D2280035D0504533D00CF0A3FFBAF1000F08BF3A
:10D23800A2465845024628BF5A46019903469144DA
:10D24800ABEB020791B17AB32968002E45D0E368A9
:10D258002046D4F810B0039202930CF02FFE2968F0
:10D26800039A029B11442960C4E9033B002200236E
:10D27800404619F031FD0146404619F015FD4FB3FF
:10D28800BB46404619F098FD04460028C9D1049DC4
:10D29800019B0BB1C5F800B0484607B0BDE8F08F58
:10D2A8004FF0FF3B0195ADE7002EDFD15B45E6D897
:10D2B80000234046002219F00FFD90F837309B07F5
:10D2C80004D5059AD36D43F00103D3650CF0FAFA3F
:10D2D800002FD5D1BB46049DDAE703902046029281
:10D2E8000CF0ECFD2968029A039B11442960DDE7E4
:10D2F800002AD5D0D2F800B0BBF1000F01D00191BF
:10D3080080E7D946C8E700BF70B5C36D0D46DB0797
:10D31800049E39D40446D0F8840028B14FF0FF3277
:10D328004FF0FF3319F028FA002E18DB04F16006DD
:10D33800FDB195F8373029466FF34103304685F83B
:10D34800373019F0B1FC04F17C001AF0A9FAD4F8CE
:10D35800840018B1BDE8704019F0BEBA70BDE36D25
:10D36800764243F004036660E36504F16006002D2D
:10D37800DFD1304619F028FD58B190F8373043F026
:10D38800020380F83730DEE70846BDE870400CF04D
:10D3980099BAE36D43F00103E365304619F014FCD4
:10D3A800D1E700BF70B551B30C2A28D11D460B68D0
:10D3B8000C4623B30646886860B108F03FFAB0B15E
:10D3C80085B921460EF088FF0028A8BF002223DB7C
:10D3D800104670BD081D08F045FD08F02FFA00281A
:10D3E800EED104E0002221460EF034FFECE796F976
:10D3F800920000280BDD08F021FA0028E0D116235E
:10D408001EF0A8FE05494FF0FF320B50E0E708F088
:10D41800C9FA0028D4D1F2E74342F1E70C00000032
:10D42800F0B583B006460F461546FFF7F9F8041E17
:10D438003ADBF5B1AAB2B0B2F9B201AB0AF050FFCB
:10D44800061E29DB002301984360C365603019F08C
:10D45800ADFB01987C301AF01DFA062D18D04FF458
:10D4680040432046124A0199FFF722F9204603B0AB
:10D47800F0BD731E012B01D92A46DCE7022F04D028
:10D48800012FF9D106221546D5E711221546D2E714
:10D4980001980BF001F8E2E72046FFF72FF91EF09C
:10D4A80059FE044B76421E504FF0FF34DEE700BFB2
:10D4B800300307000C00000040F2772108B501484E
:10D4C800F6F746F9C002070040F2272108B50148DF
:10D4D800F6F73EF9C0020700F8B508B30546B0F8FC
:10D4E800907000F16006C7F3410700220023304620
:10D4F80019F0F2FB044620B1032F0BD00CF0E2F92F
:10D50800F3E7304619F060FB05F17C00BDE8F84010
:10D518001AF0C6B9FFF7E0FF20460AF0F7FFE4E784
:10D52800FFF7D2FF4FF4137108B50148F6F710F969
:10D53800C0020700002900DB704710B5C36D4942DF
:10D5480043F0040304464160C365603019F03CFBB6
:10D5580004F17C00BDE810401AF0A2B930B5002BE8
:10D5680083B0069D02D01FDB03B030BD00930022BC
:10D578000023164904460BF0E5FC04F1600019F09D
:10D5880015FB04F17C001AF085F9214605F16000CD
:10D5980019F08AFB20460AF07FFF05F17C0003B0F2
:10D5A800BDE830401AF07CB9EA6D5B4242F00402F3
:10D5B8006B60EA6505F1600019F006FB05F17C0077
:10D5C80003B0BDE830401AF06BB900BF11D30400B6
:10D5D800F8B540F203139942044600F08480B1F58F
:10D5E800827F45D2042900F0A080B1F5817F4DD11A
:10D5F800D2E90015B1F904309668DF0756D4580708
:10D608002ED5002C00F0E680B4F89030C3F38113D7
:10D61800012B29D194F9920008F010F92F68BE4225
:10D6280000F0D580B4F890302046C3F34103012BB5
:10D6380000F0B08012F000FA022138612B685A7BA2
:10D6480061F305025A732B689A7B6FF345129A733C
:10D658002B68DA686FF39432DA602B6814332B6026
:10D66800E36D13F0050F0FD06FF077031846F8BD80
:10D6780045F21B43994260D045F2214399420DD1AE
:10D68800C36D43F00203E3650023EFE7032961D18B
:10D69800C36DC3F340039B031846F8BD40F205135E
:10D6A800994257D11368C0F88430EDE72B689E4241
:10D6B80000F08D80042004F160021A612B685A7B07
:10D6C80060F305025A732B689A7B6FF345129A73BD
:10D6D8002B68DA686FF39432DA602B6814332B60A6
:10D6E800B1F904308BE7D2E90056B5F90430D9070F
:10D6F80042D53368DA6812F4EE1F34D1C26DD2070E
:10D7080031D414333360AB885F0738D4E36D5A07DC
:10D7180004D5EB8843F00803EB80E36DDB07B3D552
:10D72800EB8843F01003EB80AEE71268C36D520438
:10D7380023F00203A5D4C365A6E70023146819469D
:10D748001A46FFF74BFD6FF00043984228BF184672
:10D75800206099E71EF0FEFC5F214FF0FF331E4A60
:10D7680011501846F8BDEB8843F00103EB8033688D
:10D7780014333360B5F904305807C7D554B3B4F837
:10D788009030C3F38113012B07D0EB8843F00403D7
:10D79800EB80BBE712F054F94EE794F9920008F0D9
:10D7A8004DF83368DA6812F4FE1F0DD0E26DD10728
:10D7B8000AD4B4F89020C2F34102022A04D1EB88BB
:10D7C80043F00403EB803368143333609EE76FF053
:10D7D8000B034BE7FFF770FE0C0000002DE9F04744
:10D7E80088B00D46DDE9104858EA0401129F00F0A0
:10D7F800A88015F1690FA146C246064666D015F104
:10D808000B0F40F09E8068461BF0F4FFDDE9002313
:10D81800134300F09880B8F1FF3F08BFB4F1FF3F11
:10D828003AD04FEA48126301B3EB090342EAD462E3
:10D8380062EB0A02920042EA93729B0013EB09031F
:10D8480042EB0802D20042EA5372C3F3103343EAB0
:10D8580042433A68934228BF13463B60D6F8840097
:10D8680008B119F039F815F1690F1FD00B3517D029
:10D878003B685B00642B28BF64233B60D6F88400B8
:10D8880028B14FF0FF324FF0FF3318F075FF002337
:10D89800184608B0BDE8F087D6F884000028E0D123
:10D8A800B6F89040C4F38114012C21D04FF4004302
:10D8B80040F2E73000213A68E2FB03014FF47A7244
:10D8C8000023F2F78DFC1BF091F8D1E768461BF0B6
:10D8D80091FFDDE9002313432BD0B8F1FF3F08BFC8
:10D8E800B4F1FF3F9DD1D6F884000028B9D1DDE717
:10D8F80096F9920007F0A2FF304612F09DF8002238
:10D908000346022103A81CF091FB4FF4004340F2A8
:10D91800E73000213A68E2FB03014FF47A720023F2
:10D92800F2F75EFC02460B46214603A81CF09CFB5E
:10D938009EE70C251EF00EFC044A4FF0FF331550ED
:10D94800A6E76D42F6E76925F4E700BF0C00000082
:10D95800F0B51546028C85B0012A25D10024436A0A
:10D96800CDE90244C3B108230E4601AA0DEB030119
:10D9780001930BF005FD0028B8BF43420DDB019F62
:10D988002A683046BA4228BF3A4602A91EF06AF908
:10D9980020462F6005B0F0BD16231EF0DBFB054ABC
:10D9A80013504FF0FF30F5E71EF0D4FB1622014B61
:10D9B8001A50F6E70C00000010B582B004460AF0D1
:10D9C800D5FD031E14DBDCB1B4F89030C3F381132A
:10D9D800023B012B02D9002002B010BD636800226F
:10D9E80000932046002307490BF0ACFA031EF2DA35
:10D9F8001EF0B0FB044A5B4213504FF0FF30EBE7D8
:10DA0800FFF75AFD11D304000C00000010B582B0D6
:10DA180048B30021B0F890300446C3F34103032B08
:10DA28004FF000024FF00003009111D00BF08AFA7A
:10DA38000422E36D20461343E3656260FFF74CFD63
:10DA480020460AF063FD031E05DB184602B010BD30
:10DA58000BF0A4F9ECE71EF07DFB044A5942115083
:10DA68004FF0FF33F1E7FFF72FFD00BF0C00000078
:10DA7800FFF7CCBF10B582B029BB044668B3B0F835
:10DA880090200023C2F34102032A00914FF00002C4
:10DA98000DD00BF057FA031E0DDBE36D204643F063
:10DAA8000103E365FFF718FD002002B010BD0BF07D
:10DAB80075F9031EF1DA1EF04DFB094A5B4213505B
:10DAC8004FF0FF30F1E74B1E1EF044FB012B94BFD3
:10DAD80086221622024B1A50F2E7FFF7F5FC00BF28
:10DAE8000C000000FFF7C6BF2DE9F04385B0002801
:10DAF80070D0B0F890301646C3F38112032A04465A
:10DB080062D0C3F34103022B1BD0012BC76D51D048
:10DB180017F002070D4618D1012A4FF4C0384FF00C
:10DB28000009636819D0029332463B4629462046CD
:10DB3800CDE900890BF03CF8031E35DBE36DDB070C
:10DB480028D5002005B0BDE8F083012A4FF0000871
:10DB58004FF00009204F6368E5D10093204600226A
:10DB680000231E490BF0EEF900280BDBCDE90089F4
:10DB7800204664683B463246294602940BF018F862
:10DB88000028DEDA43421EF0E5FA154A13504FF03A
:10DB9800FF30D7E765680023002220460F4900952B
:10DBA8000BF0D0F9031ECCDA1EF0D4FA0C4A5B4213
:10DBB8001350ECE71EF0CEFA7A0753BF7822084BD1
:10DBC8006268074B1A50E2E71EF0C4FA5F22044B62
:10DBD8001A50DCE7FFF770FC3DD5040011D30400B0
:10DBE8000C000000FFF780BF10B582B010B3B0F88A
:10DBF80090300446C3F38113032B19D00AF09EFD1D
:10DC080000280DDB0022002320460B4900940BF06E
:10DC1800C5F80028A8BF002202DB104602B010BDDC
:10DC280043421EF097FA05494FF0FF320B50F4E7D4
:10DC38005F23F6E7FFF740FC65D504000C00000001
:10DC4800FFF7D2BF2DE9F04F0A244FF0FF3A4FF00B
:10DC5800FF3B91B016465A060D940D460446CDE991
:10DC68000EABDDF8688003D4C36D13F0020359D0FE
:10DC7800002200230DF128094846CDE90E231BF0A8
:10DC880089FDDDE90AABDDE90E2348461BF082FD7C
:10DC9800DDE90A12E36DCDE90812DB0751D5CDE9BC
:10DCA80006AB63680DAFB8F1000F2ED0DDE90EABFF
:10DCB8000493002301931B9B294600933246434655
:10DCC8002046CDE902AB0BF013F9014600290BDA27
:10DCD800DDE90EABDDE906232046CDE900AB02976E
:10DCE800FFF77CFD011E03DA084611B0BDE8F08F8E
:10DCF800DDE9082348461BF07DFDDDE90A23CDE96F
:10DD08000E236368B8F1000FD0D1DDE90EAB2946C8
:10DD18000293324643462046CDE900AB0BF082F829
:10DD28000146D3E705210EAA0DF128090BF078FA70
:10DD380048464FF4A02200231BF02CFDDDE90AAB76
:10DD4800A1E76368204600930022002306490BF0F0
:10DD5800F9F8031EA3DA1EF0FDF9044A5B424FF0FE
:10DD6800FF311350C0E700BF11D304000C000000BE
:10DD7800FFF768BF002300B583B0CDE90033FFF794
:10DD880061FF03B05DF804FB0A232DE9F04F4FF063
:10DD9800FF344FF0FF358DB009935306CDE90A459E
:10DDA8000F461546044603D4C36D13F002033ED054
:10DDB800002200230DF1180A5046CDE90A231BF072
:10DDC800E9FCDDE90689DDE90A234FF0000B50463E
:10DDD8001BF0E0FCDDE90623CDE9042309AEDDE90B
:10DDE8000A012A46CDE90001002339462046CDF82C
:10DDF80008B00BF057F8011E0BDADDE90A232046BC
:10DE0800CDE90023029642464B46FFF7E7FC011E88
:10DE180003DA08460DB0BDE8F08FDDE9042350466B
:10DE28001BF0E8FCDDE90623CDE90A23D7E7052145
:10DE38000AAA0DF1180A0BF0F3F94FF4A0220023F7
:10DE480050461BF0A7FCDDE90689BCE7FFF79CBF3D
:10DE5800D0F88430A3B110B50446036E0BB100208E
:10DE680010BDD1E90023D0F884107C3019F07CFD76
:10DE78000028F5DBE36D5B07F1D56068404210BD13
:10DE88006FF01500704700BFF0B583B0002800F0B0
:10DE9800A580B0F890300446C3F38113032B74D0E7
:10DEA800C36D5E0765D49D070F4616463BD5002215
:10DEB80004F16000002318F00FFF044600285ED02C
:10DEC8000EF0FCFDFEF7ACFB051E4BDB04F1600019
:10DED80018F07AFF18B190F8373099075BD4B4F886
:10DEE80090305A0535D423F40073A4F8903087B1E4
:10DEF8007EB132683846082A28BF082204F1280172
:10DF08001DF0B0FE238D012B20D0022B56D11823F3
:10DF180033604FF4404321462846314AFEF7C8FB98
:10DF2800284603B0F0BD4FF0FF334FF0FF3269468B
:10DF3800CDE90023FFF78CFF031EB8DA1EF00AF9BB
:10DF4800284A5B4213504FF0FF35E9E70823336056
:10DF5800DFE71EF0FFF871210346224A2846D15018
:10DF6800FEF7CCFB2046FFF7B7FA20460AF0CEFAB8
:10DF7800E9E71EF0EFF81B4B62681A50E3E71EF062
:10DF8800E9F80B22174B1A50DDE71EF0E3F85F2281
:10DF9800144B1A50D7E7E36D284643F00103E365B5
:10DFA800FEF7ACFB2046FFF797FA20460AF0AEFAD8
:10DFB8001EF0D0F871220B4B1A50C4E72846FEF722
:10DFC8009DFB1EF0C7F886210346064A2046D1501D
:10DFD800FFF782FA20460AF099FAB4E7FFF76CFADD
:10DFE800300307000C000000FFF74EBF2DE9F04F8B
:10DFF800164699464FF0FF324FF0FF338FB0CDE908
:10E008000423189B04465F068846199D04D4C36DF3
:10E0180013F0020300F0F18000221346CDE9042238
:10E02800189904F1600711F0020A18D000210420A1
:10E038000C91CDE909110D978DF831000B91012153
:10E0480009A81CF011F800F10B020B2A034640F254
:10E0580013811EF07FF89F4A5B421350A9E0DDE967
:10E068000423384618F038FE0746002F00F01F81B9
:10E07800FB6802933B690193002D62D01A9B002B29
:10E088005FD03846B4F88EB01C680BF0F9FE97F8EC
:10E098003730C3F302132B8097F83730C3F30213DA
:10E0A800012B40F0F68000221423072CCDE9092328
:10E0B80040F2ED80384609A90CF036F9044620B143
:10E0C80038460A990BF0E2FE78B16923029AFA60A1
:10E0D800019A3A611EF03EF87E4A1350BAF1000FD9
:10E0E80067D138460BF0EEFB63E0384697F83A10F4
:10E0F8000BF0CCFE0028E8D1E3686B605FFA8BF385
:10E10800112B00F0DA80062B40F0C38009AB07938F
:10E118001423384607A908930CF006F9034600288B
:10E12800D3D01B886B80029BFB60019B3B612B88D3
:10E13800012B00F0B080022B40F0B78018231A9A08
:10E148001360B8F1000F00F08680D8F80C30002B6F
:10E1580000F0A580D8F80830002B00F0A0803846E1
:10E168000CF006F84845834628BFCB460546BBF168
:10E17800000F24D05C46002603900EE05B6838460A
:10E18800A34228BF23461A461D460BF097FE0028D7
:10E1980070D1A54208D8641B10D0D8F80830995916
:10E1A800334408360029E9D11DF0D4FF1622494B23
:10E1B8001A504FF0FF300FB0BDE8F08F039D4D456A
:10E1C80005D9D8F8183043F02003C8F81830D8F823
:10E1D800100000B3D8F8143033BBBAF1000F1FD0C9
:10E1E800029BFB60019B3B61189B13F0200F0CBF47
:10E1F800584628460FB0BDE8F08F042104AA0BF05A
:10E208000FF8204604A9FFF723FE031EFFF621AFEF
:10E21800DDE9042304E7C8F81400BAF1000FDFD1E0
:10E2280038460BF04FFBDFE70F2B4FF000060FD9F6
:10E2380000EB030C0168CA1D22F0070310330344E6
:10E2480022F0070221B163450E4401D81044F1E7DA
:10E25800C8F81460C1E738460BF08AFF0546A9459F
:10E2680028BFA946314638464A46CB460BF026FE1B
:10E278000028B2D069232DE7174941FA02F2D107E5
:10E288003FF5E7AE384618F097FD0746EDE616234A
:10E298001CE786231AE708231A9A136051E71DF032
:10E2A80059FF0C220B4B1A5083E7862312E71DF007
:10E2B80051FF0B22074B1A507BE7082338460A9375
:10E2C80009A907AB09930CF02FF8034600287FF43F
:10E2D80028AFFAE60C0000007EF7FFFF2DE9F04FAB
:10E2E80017461C464FF0FF324FF0FF338FB0CDE991
:10E2F8000A23DDF86090002800F0C480B0F8903060
:10E308000546DE0740F1BA80C3F34103022B18BF6C
:10E3180080237FD119F0400F0E460BD1C36D9A07A9
:10E3280008D413F0050300F0A1804CB920460FB0C3
:10E33800BDE8F08F00220023CDE90A23002CF5D098
:10E34800DDE90A23CDE90C2309F48073CDE90774CC
:10E3580003930EB1002F7AD0DDE90C230024274661
:10E3680004A81BF017FADDE90423CDE90023EB6DBF
:10E3780013F0040173D1DB0776D4DDE90CA85AEA5F
:10E38800080340D1002E4CD04B46284609AA07A9BD
:10E39800FEF724FF074450EA070302D15AEA0803AC
:10E3A80052D0B168089A51F83430121A03440998C7
:10E3B80007930892E30000283BD1F06801348442B7
:10E3C80011D00833C818CB584168079309910BB18D
:10E3D8000029D9D19346DDE900230CA81BF00AFADD
:10E3E800BBF1000FC3D1384627EAE774002810DBD9
:10E3F80019F0020F9AD1214628460AF04FFE20460E
:10E408000FB0BDE8F08F28460CA9FFF721FD0028C2
:10E41800B8DA43421DF09EFE1D4A4FF0FF341350F8
:10E4280084E74B46284608AA07A9FEF7D7FE30B16D
:10E438000744039B002BD6D0DDF820B0CBE7002F94
:10E44800F7D15AEA0808F4D16FF00A00E1E7F36857
:10E45800B3B1B3681A685B68079209937CE7686888
:10E46800404220EAE074C1E70C46C1E704210AAA49
:10E478000AF0D6FE002C3FF459AF61E70923C9E73B
:10E488001623C7E740F2C1110248F5F761F900BF4A
:10E498000C000000C0020700F0B585B0DDE90A678E
:10E4A800F8B11D461446B0F890307AB1C3F3811321
:10E4B8000A46991E01290CD9012B14D123460021A3
:10E4C8000A9505B0BDE8F040FFF708BF104605B053
:10E4D800F0BD23460021029701960095FFF786FDBF
:10E4E800F5E7FEF7E9FF40F227610148F5F730F953
:10E4F800F402070000B585B0F8B113460A46B0F833
:10E5080090107BB1C1F38111A1F1020CBCF1010F94
:10E518000CD9012913D100210091FFF7DFFE05B0C6
:10E528005DF804FB184605B05DF804FB0021CDE951
:10E5380001110091FFF75AFDF1E7FEF7BDFF40F228
:10E5480027610148F5F704F9F402070070B584B0B3
:10E55800002838D0B0F890301646C3F3811215461B
:10E5680039B38C686CB3CB6853B104EBC30EA446C3
:10E578000023DCF804400CF1080CE6452344F8D1EC
:10E58800023D012D09D9012A1FD100220096FFF76B
:10E59800A5FE0346184604B070BD0A1D02920A681B
:10E5A800009601920022FFF721FD0346184604B0A9
:10E5B80070BD16221DF0CEFD06494FF0FF330A50FC
:10E5C800E8E70C22F6E7FEF777FF40F249610248D8
:10E5D800F5F7BEF80C000000F4020700FFF7B6BF1D
:10E5E800F0B50C4683B0062C11461D46089F4CD04A
:10E5F8002EDC002C52D0012C31D1911E25292ED889
:10E60800DFE811F0F300E800FB002D002D002D00DD
:10E618002D002D002D002D002D002D002D001001A6
:10E628002D002D002D002D002D002D002D002D007A
:10E638002D002D002D002D002D002D002D002D006A
:10E648002D002D002D002D002D002D000A010101A7
:10E65800292C04D1132A7DD00BDD432A68D06D23E1
:10E668001DF078FD4FF0FF3280490B50104603B083
:10E67800F0BD102A65D0122AF1D13B462A460E2158
:10E688000AF0CEFD00285ADA62E0012AE7D13B46BB
:10E698002A4603B0BDE8F04011F082B9511E212985
:10E6A800DDD801A353F821F09DE70400ADE704008D
:10E6B80067E6040067E6040067E6040067E604000E
:10E6C80067E6040067E6040067E6040067E60400FE
:10E6D80067E6040067E6040067E60400BDE7040097
:10E6E80067E6040067E6040067E6040067E60400DE
:10E6F80067E6040067E6040067E6040067E60400CE
:10E7080067E6040067E6040067E6040067E60400BD
:10E7180067E6040067E6040067E6040067E60400AD
:10E7280067E604006DE70400CDE704008DE7040008
:10E738003B462A4608210AF073FD002808DB002220
:10E7480094E73B462A460F210AF06AFD0028F6DACC
:10E75800434285E73B462A4616210AF061FD002818
:10E76800EDDAF5E700287CD0B0F89030C3F3C203A7
:10E77800012B70D104233A6801930DB19A4259D004
:10E7880016236DE73B462A4617210AF049FD002863
:10E79800D5DADDE73B462A4608210AF041FD002884
:10E7A800CDDAD5E73B462A4610210AF039FD002884
:10E7B800C5DACDE73B462A4614210AF031FD002888
:10E7C800BDDAC5E73B462A460D210AF029FD002897
:10E7D800B5DABDE7002846D03A68B0F89030042A88
:10E7E800C3F38113CCD12B60A9E73B462A46092104
:10E7F8000AF016FD0028A2DAAAE73B68042BBFD16D
:10E8080043682B609BE73B68042BB9D148B3B0F849
:10E818009030C3F3C203E6E73A68B0F88E30042AB2
:10E82800E1D0ADE73B462A460A210AF0F9FC002868
:10E8380085DA8DE76B4413216A460AF0F1FC031E62
:10E848000BDB009808B9286079E707F069FA30B15E
:10E8580043682B6073E76A2302E75B4200E7022301
:10E86800FEE6FEF75FFEFEF727FE00BF0C00000085
:10E87800FFF7B6BEF0B50C4683B0062C11461E460F
:10E88800089F52D0054614DC002C57D0012C17D114
:10E89800911E172914D8DFE801F03D131313131341
:10E8A80013131313134413C9131313131313131349
:10E8B80013D2292C04D11A2A0CDD432A00F08C80AB
:10E8C8006D231DF047FC4FF0FF34A94A1350204632
:10E8D80003B0F0BD0F2AF3DDA2F110010A29EFD829
:10E8E80001A353F821F000BFF3E9040003EA040090
:10E8F80013EA040023EA0400C9E80400C9E8040094
:10E90800C9E80400C9E80400C9E80400C9E804002B
:10E918002BE904003B46324609210AF0D5FB0028C2
:10E9280061DB0024204603B0F0BD012AC8D13B4674
:10E93800324603B0BDE8F04010F0F2BF511E232963
:10E94800BED801A353F821F071EA040083EA040059
:10E95800C9E80400C9E80400C9E80400C9E80400DB
:10E96800C9E80400C9E80400C9E80400C9E80400CB
:10E97800C9E80400C9E80400C9E80400C9E80400BB
:10E98800C9E80400C9E80400C9E80400C9E80400AB
:10E99800C9E80400C9E80400C9E80400C9E804009B
:10E9A800C9E80400C9E80400C9E80400C9E804008B
:10E9B800C9E80400C9E80400C9E80400C9E804007B
:10E9C800C9E8040095EA0400D5EA0400E7EA04006F
:10E9D800F9EA04005FEA04003B46324608210AF0DF
:10E9E80073FB00289DDA43426BE73B4632460F2112
:10E9F8000AF06AFB002894DAF5E73B463246132111
:10EA08000AF062FB00288CDAEDE73B4632460E211D
:10EA18000AF05AFB002884DAE5E73B46324616211D
:10EA28000AF052FB0028BFF67CAFDCE73B463246D3
:10EA38000A210AF049FB0028BFF673AFD3E7002884
:10EA480000F09480B0F89020C2F3C203013B012B80
:10EA580050D96A2335E700233A463146284603B0A1
:10EA6800BDE8F040FEF79EBC3B46324608210AF05E
:10EA78002BFB0028BFF655AFB5E73B4632461021C1
:10EA88000AF022FB0028BFF64CAFACE70023009346
:10EA9800002E67D00C2F4ED0082F63D17368002B3F
:10EAA80055D10021042301910DEB030228461321BF
:10EAB8000AF00AFB0028B8BF4342BFF608AF1DF0B2
:10EAC80049FB2B4A4FF0FF34135000E73B463246D0
:10EAD8000D210AF0F9FA0028BFF623AF83E73B4679
:10EAE800324617210AF0F0FA0028BFF61AAF7AE783
:10EAF8000123B1E7D7B19EB33378BBB1082F2FD12B
:10EB0800304608F081FA031EB8BF5B42FFF6D9AE63
:10EB180006F094FE40B3B5F8903043F40063A5F8CE
:10EB2800903008F08BF885F89200FAE622F400623B
:10EB3800A5F89020F5E6B0680028AFD006F07EFE74
:10EB480000900028ADD008F079F80146AAE7694698
:10EB5800301D07F085F902230028B0D00098F0E7AF
:10EB68001623AEE61623AAE71323AAE6FEF7DAFC75
:10EB78000C000000FFF77EBE10B5034682B0B0B3AC
:10EB88001446B3F890200846C2F3811103292CD00B
:10EB980048B344B312F4807F1DD0012917D0198DD2
:10EBA800012920D12268B3F82AC0082ADB6A28BFC5
:10EBB8000822ADF8001069460193ADF802C01DF0B7
:10EBC80051F8082200232260184602B010BDC2F393
:10EBD8004102022AE3D080221DF0BCFA05494FF019
:10EBE800FF330A50F0E71622F6E75F22F4E7FEF754
:10EBF80063FC00BF0C000000FFF7BEBF024B1868A3
:10EC080008B1024B1878704798890120A596012011
:10EC180010B5084C24682CB124683CB1A446BDE862
:10EC28001040604739210448F4F792FD3A21024820
:10EC3800F4F78EFD988901207403070010B5084B7E
:10EC48001B6823B15B6833B1BDE810401847412108
:10EC58000448F4F77DFD42210248F4F779FD00BF2E
:10EC6800988901207403070030B5054683B0F1B1D7
:10EC780008460C460A2201A91BF094FD019B1B784B
:10EC88001BB9FF280AD803B030BDBDB122462846BB
:10EC98001149F9F78BFB6FF00100F4E79DB10246CB
:10ECA8000E492846F9F782FB6FF02100EBE778B1AF
:10ECB8000B49F9F77BFB6FF01500E4E7214606489E
:10ECC800F4F716FDE7E701460448F4F711FDEBE712
:10ECD8000348F4F70DFDEEE7D0030700E40307004F
:10ECE800B003070004289ABF024B53F820000248DB
:10ECF800704700BF18050700F80307000130C0B2CD
:10ED080003289ABF024B53F820000248704700BFFF
:10ED180008050700080407002DE9F043058C83B0B7
:10ED2800012D0E461746DDF8288015D065B1032D54
:10ED380034D0042D3AD011462B4630461F4A03B032
:10ED4800BDE8F0431BF002BD114630461C4A03B033
:10ED5800BDE8F0431BF0FABC0446416A28469946D0
:10ED680008F026FC628C034652BA92B239460092E9
:10ED78003046144A1BF0EAFC04F12C01284608F03E
:10ED880017FC414603464846648D0E4A64BAA4B24D
:10ED98000A9403B0BDE8F0431BF0D8BC11463046D6
:10EDA800094A03B0BDE8F0431BF0D0BC1146304619
:10EDB800064A03B0BDE8F0431BF0C8BC4004070096
:10EDC80020040700180407002C0407003804070073
:10EDD80028B103681BB10B4A5868904204D009B1A6
:10EDE800094B0B60094870479B689B7E012B04D038
:10EDF80009B1074B0B600748704709B1064B0B6018
:10EE080006487047287001207C040700600407004A
:10EE18007004070054040700740407004C0407003A
:10EE28000020704708B530B1064B074A0749F9F783
:10EE38007BFA002008BD034A03490448F4F758FC4C
:10EE4800002008BD400507005405070074050700A9
:10EE58002DE9F041D1E900852F68044682B047BB0F
:10EE6800B8F1000F44D040462449F9F76DFA2F68ED
:10EE7800A06807F0E3FE182306460621204A04F19D
:10EE8800100008F01BFA024604F10C010120144698
:10EE980008F08EFB01463346CDE900413A4640462C
:10EEA8001849F9F751FA2B6801332B6002B0BDE815
:10EEB800F081B8F1000FDBD1A06807F0BFFE104A5F
:10EEC80006461823062104F1100008F0F7F9034656
:10EED80004F10C0101201C4608F06AFB8446324606
:10EEE800394623460748CDF800C0F4F701FCDAE7B5
:10EEF8000248F4F7FDFB2F68DEE700BFC0050700F6
:10EF08009C890120EC05070008B538B10749F9F7D5
:10EF18001BFA002005F068FF002008BD0348F4F73D
:10EF2800E7FB002005F060FF002008BD0806070089
:10EF380053680BB10020704710B5044684B001AA8D
:10EF4800094802A9CDE90134039205F0F3FF20B97D
:10EF580034B120460549F9F7F7F9002004B010BD8F
:10EF68000248F4F7C5FBF8E759EE0400200607004D
:10EF780008B530B1064B074A0749F9F7D5F900201B
:10EF880008BD034A03490448F4F7B2FB002008BD52
:10EF9800BC060700D40607007405070008B530B1A1
:10EFA800064B074A0749F9F7BFF9002008BD034A8D
:10EFB80003490448F4F79CFB002008BDBC06070081
:10EFC800D40607007405070008B530B1064B074A98
:10EFD8000749F9F7A9F9002008BD034A034904487D
:10EFE800F4F786FB002008BDBC060700D40607001E
:10EFF8007405070008B530B1064B074A0749F9F709
:10F0080093F9002008BD034A03490448F4F770FB4C
:10F01800002008BDBC060700D406070074050700D9
:10F0280008B530B1064B074A0749F9F77DF90020C2
:10F0380008BD034A03490448F4F75AFB002008BDF9
:10F04800BC060700D406070074050700002330B586
:10F0580085B00446019300283AD0374902ADF9F744
:10F0680073F901AB29463548CDE902430AF0B8F9EE
:10F07800019B1BB920463249F9F766F92046314908
:10F08800F9F762F9002329462F4801930CF066F836
:10F09800019B1BB920462D49F9F756F920462C4902
:10F0A800F9F752F9002329462A4801930DF08CFFFD
:10F0B800019B43B12046284B284A2949F9F734F9DE
:10F0C800002005B030BD20462649F9F73DF9F1E7A3
:10F0D800194802ADF4F70CFB01AB29461748CDE9F6
:10F0E80002430AF07DF9019B13B91548F4F700FBB8
:10F0F8001448F4F7FDFA00232946134801930CF04D
:10F108002DF8019B13B91148F4F7F2FA1048F4F7F7
:10F11800EFFA002329460F4801930DF055FF019B94
:10F1280013B91048F4F7E4FA0B4A0C490C48F4F701
:10F13800DFFA002005B030BD8C09070029F3040070
:10F14800D0090700E009070019F204002C0A07009B
:10F158004C0A070071F10400B00A0700C00A070052
:10F16800740507009C0A07002DE9F04F89B0044692
:10F17800D1E900870DF060FF8146B8F1000F27D074
:10F18800D4F804A0D4F8803294F87002BAF8225067
:10F19800BAF82A60D4F874B2079310F03BFC014621
:10F1A800079B6DBA76BAADB2B6B2CDE902B3059196
:10F1B800534622464046CDE900561449CDF81090F2
:10F1C800F9F7C2F83B6801333B6009B0BDE8F08F3E
:10F1D800D4F8048094F87002B8F82250B8F82A607D
:10F1E800D4F874A2D4F880B210F014FC6DBA76BAD0
:10F1F800ADB2B6B204902B4642462146CDE902B9DB
:10F20800CDE9006A0148F4F773FADBE7E00A070082
:10F2180000232DE9F04F858991B0012D0E93044606
:10F22800D1E90096CDE90A33CDE90C33CDF83B306E
:10F2380040D00DF11008002D34D0032D5ED02B46A0
:10F2480017214046314A1BF081FAA5890DF1280A99
:10F2580037682846D4F814B0218C0137B9F1000F6B
:10F2680013D007F0FDFF0146234601913A46484670
:10F27800CDE9028A2649CDF800B0F9F765F8336878
:10F288000133336011B0BDE8F08F07F0E9FF0546A0
:10F298005B4622463946CDE9018A1D480095F4F7B8
:10F2A80027FAECE743461B4A0DF1280A07CA03C3AD
:10F2B8001A80CDE700F11001284608F079F9E289B3
:10F2C8000DF1100852BA92B2034617210092404637
:10F2D800114A1BF03BFA284604F1080108F068F9C6
:10F2E800E2880DF1280A52BA92B203460092172119
:10F2F8005046094A1BF02AFAA589A9E74346074A56
:10F308000DF1280A07CA03C31A80A1E740040700C1
:10F31800080B070020040700180407002C04070046
:10F328001722F0B58C46002593B000920CAB06A9C5
:10F338001095CDE90C55CDE90E55CDF8435004464E
:10F34800DCE90065FFF7E8FC002E4CD02A68571C62
:10F35800002C00F08D8094F9920006F06FFA07F007
:10F368006DFCB4F890300146C3F3C20CBCF1020F37
:10F378002CD0BCF1010FC3F3811314BF2022342217
:10F38800022B29D0012B6FD0032B14BF2020522031
:10F39800B4F88E30112B24D0062B14BF202354230D
:10F3A8000DF1300CCDF814C00DF1180CCDE9012089
:10F3B800CDE9033C009123463A4630462F49F8F7F9
:10F3C800C3FF2B6801332B6013B0F0BDC3F3811367
:10F3D800022B4FF03602D5D1B4F88E304420112BD1
:10F3E800DAD15523DCE729684F1C002C40D094F96A
:10F3F800920006F023FA07F021FCB4F890200346A7
:10F40800C2F3C206022E22D0012EC2F3811214BF0B
:10F4180020203420022A20D0012A27D0032A14BF12
:10F4280020215221B4F88E20112A1BD0062A14BF9D
:10F43800202254220CAE049606AECDE90226019194
:10F448000090224639460D48F4F752F9B9E7C2F35D
:10F458008112022A4FF03600DED1B4F88E20442102
:10F46800112AE3D15522E5E7532091E75321D9E743
:10F4780040F2F2210248F4F76BF900BF240B0700B1
:10F48800C002070008B530B1064B074A0749F8F72C
:10F498004BFF002008BD034A03490448F4F728F944
:10F4A800002008BD840B07008C0B070074050700BB
:10F4B80008B530B1064B074A0749F8F735FF002071
:10F4C80008BD034A03490448F4F712F9002008BDAF
:10F4D800A00B0700B00B07007405070008B530B192
:10F4E800064B074A0749F8F71FFF002008BD034AE3
:10F4F80003490448F4F7FCF8002008BD840B070012
:10F508008C0B07007405070008B530B1064B074A95
:10F518000749F8F709FF002008BD034A03490448D2
:10F52800F4F7E6F8002008BDA00B0700B00B0700B1
:10F538007405070008B530B1064B074A0749F8F7C4
:10F54800F3FE002008BD034A03490448F4F7D0F845
:10F55800002008BDA00B0700B00B070074050700CA
:10F5680008B530B1064B074A0749F8F7DDFE002019
:10F5780008BD034A03490448F4F7BAF8002008BD57
:10F58800E80F0700F00F07007405070008B530B151
:10F59800064B074A0749F8F7C7FE002008BD034A8B
:10F5A80003490448F4F7A4F8002008BDE80F070051
:10F5B800F00F07007405070008B520B10449F8F7F3
:10F5C800B3FE002008BD0248F4F792F8002008BDF9
:10F5D800A811070008B520B10449F8F7A5FE0020D6
:10F5E80008BD0248F4F784F8002008BDF0110700B0
:10F5F80008B530B1064B074A0749F8F795FE0020D1
:10F6080008BD034A03490448F4F772F8002008BD0E
:10F6180034120700441207007405070008B520B12A
:10F628000449F8F781FE002008BD0248F4F760F8A5
:10F63800002008BDF011070008B520B10449F8F70B
:10F6480073FE002008BD0248F4F752F8002008BDF8
:10F65800F011070008B520B10449F8F765FE00204D
:10F6680008BD0248F4F744F8002008BD1414070048
:10F6780008B520B10449F8F757FE002008BD024834
:10F68800F4F736F8002008BD1414070008B520B1B7
:10F698000449F8F749FE002008BD0248F4F728F8A5
:10F6A800002008BD1414070008B530B1064B074AFE
:10F6B8000749F8F739FE002008BD034A0349044802
:10F6C800F4F716F8002008BD2815070030150700C4
:10F6D8007405070008B530B1064B074A0749F8F723
:10F6E80023FE002008BD034A03490448F4F700F844
:10F6F800002008BD2815070030150700740507000D
:10F7080008B530B1064B074A0749F8F70DFE002047
:10F7180008BD034A03490448F3F7EAFF002008BD7F
:10F72800E0150700F415070074050700F0B5002779
:10F7380087B00C460546CF6006F080F845B306460C
:10F74800002839D0012D2DD1082203A907F0FEFB8E
:10F75800394630468DF81470FFF73AFB01961C4E77
:10F7680003AB00901C2130461A4A1AF0EFFF1A4BDF
:10F77800C4E90163284606F061F8C8B101230421F1
:10F78800164A17481AF0E2FF154E266007B0F0BD7A
:10F79800144E114BC4E90163284606F04FF8266061
:10F7A80007B0F0BD0C4BC4E90173284606F046F8D3
:10F7B8000026266007B0F0BD074BC4E901032846C0
:10F7C80006F03CF80028F3D0012DD7D0F0E700BFB1
:10F7D800248A01202416070010CB0600F4FC06003A
:10F7E800208A012018E5060008B528B10549F8F770
:10F7F800DDFD6FF0070008BD0248F3F779FF6FF0F1
:10F80800070008BD3416070070B55568044682B075
:10F8180045B12946FFF728FA061E25DB06F00EF843
:10F828000546D8B18CB106F0BDF807F007FA1249C1
:10F8380002462046F8F788FD10486946CDE900459C
:10F8480007F012FA002002B070BD06F0ABF807F01E
:10F85800F5F901460848F3F74BFFEDE73CB13246AE
:10F8680020460749F8F7A2FD6FF00700EBE731469D
:10F878000348F3F73DFFF7E7B016070011FE040051
:10F88800901607002DE9F04F0E4685B051681446D2
:10F898008046FFF7E9F9022E40F2CC80054605F0D4
:10F8A800CDFF002800F0A7800368002B00F0A3809C
:10F8B8005A687E4B9A4240F09E8004F0BDFC0028B6
:10F8C80000F0DE804FF0000C022541F28837E34655
:10F8D800CDE900C0083421E063680A2193F800A04C
:10F8E800206803AAF9F708FBAAF16809B9FA89F9A7
:10F8F80080B2B0F57A7F4FEA591975D050D80A28E6
:10F908001DD0642841D1B9F1000F0CBF082304238E
:10F9180043EA0B0BB54204F104041AD00135AE4298
:10F92800DAD80A21206803AAF9F7E6FA80B2B0F516
:10F938007A7F70D04BD80A284FF00009E1D1C9F17D
:10F9480002094BEA0909B5421FFA89FB04F10404CC
:10F95800E4D1DDE900CABBF1000F7DD0DAF8083048
:10F968005FFA8BF15B685FFA8CF2002B00F09A80EB
:10F97800BCF1000F04D0002945D0481E084242D1EE
:10F988005046984705B0BDE8F08FA8B948492068A7
:10F99800F0F740FC0028009B08BF01230093B9E75B
:10F9A80040F6C411884219D0B84205D1B9F1000F08
:10F9B8004AD14BF0800BADE70246B8F1000F25D0D5
:10F9C80040463C49F8F7F2FC6FF08500DAE740F66C
:10F9D800C413984205D04FF00009E5E7BAF1680F63
:10F9E80020D04BF0400B95E7BAF1680F13D11023E4
:10F9F80043EA0B0B8EE7B8F1000F0ED02A464046BB
:10FA08002D49F8F7D3FC6FF01500BBE701462948EC
:10FA1800F3F76EFED8E72023EAE729462648F3F7EE
:10FA280067FEF0E7B8F1000F26D040462349F8F703
:10FA3800BDFCC9E7B8F1000F16D040462049F8F7D9
:10FA4800B5FC6FF007009DE7B8F1000F10D04046F5
:10FA58001C49F8F7ABFCB7E7B8F1000F19D04046DE
:10FA68001949F8F7A3FCECE71548F3F741FEE8E776
:10FA78001448F3F73DFEA7E71048F3F739FEA3E76C
:10FA8800B8F1000F09D02A4640461049F8F78EFC15
:10FA9800D7E70D48F3F72CFED3E729460B48F3F7D1
:10FAA80027FECEE76FF057006CE700BF28700120F3
:10FAB80064170700B8170700181707007017070022
:10FAC800C816070094170700D01707003C1707004F
:10FAD800012938B5044616D95168FFF7C5F8051E3F
:10FAE80029DB05F0ABFE05F057FF05F05BFF07F0DB
:10FAF800A5F8854219D19CB12A4620461749F8F73E
:10FB080023FC002038BD05F04DFFB8B107F096F88A
:10FB18000246002CF1D101461048F3F7E9FDF0E761
:10FB280029460E48F3F7E4FDEBE76CB12A46204678
:10FB38000B49F8F73BFC6FF0070038BD4CB1204685
:10FB48000849F8F733FCF6E729460548F3F7D0FDEE
:10FB5800F1E70448F3F7CCFDEDE700BFFC17070019
:10FB680014180700E417070070B551680646FFF738
:10FB78007BF8041E1BDB05F061FED8B107F00EF917
:10FB8800054668B936B1224630461349F8F7DCFB1A
:10FB9800284670BD21461048F3F7AAFD284670BDD7
:10FBA8007EB10346224630460C49F8F7FFFB6FF05A
:10FBB8000705EDE75EB1224630460949F8F7F6FB3E
:10FBC800F5E7024621460548F3F792FDEFE721469F
:10FBD8000348F3F78DFDEAE7601807003C180700B3
:10FBE8009016070070B5002800F09180046805465B
:10FBF800002C00F082800C34D4E8AF3F98074A4EBE
:10FC0800C3F340046DD44FF0510E30462B68002BDF
:10FC180077D00C33D3E8AF3F590707D5714608347E
:10FC2800424A1AF093FD3019C4F1510E2B68002B8B
:10FC380067D00C33D3E8AF3F1A0762D571463C4A08
:10FC48000E341AF083FD2B68002B44D00C33D3E814
:10FC5800AF3F9B0606D5C4F151013019354A1AF059
:10FC680075FD0E342B68002B35D00C33D3E8AF3F2D
:10FC7800580606D5C4F1510130192F4A1AF066FD0D
:10FC880005342B683BB30C33D3E8AF3F190606D5D0
:10FC9800C4F151013019294A1AF058FD05342B686E
:10FCA800CBB10C33D3E8AF3F1A0506D5C4F15101E7
:10FCB8003019234A1AF04AFD06342B685BB10C331D
:10FCC800D3E8AF3FDB0406D5C4F1510130191D4A12
:10FCD8001AF03CFD07340023344404F8013C124870
:10FCE80070BDB446184B4FF0450E0FCBACE807007B
:10FCF8000C2460468CF8003088E70B4E4FF0510E0C
:10FD080030467146114A0B341AF020FD9BE7512109
:10FD18000E4A0B2404481AF019FD0023024E02482B
:10FD2800344404F8013C70BDB489012088180700E8
:10FD380094180700A4180700B4180700BC18070097
:10FD4800C4180700CC18070078180700D418070053
:10FD580070B551680546FEF787FF061E23DB05F0E0
:10FD68006DFD88B3036823B10C33D3E8AF3FDA07DE
:10FD78000BD406F0A7FF0446F0B9BDB132462846B9
:10FD88001D49F8F7E1FA204670BD0368002BF0D052
:10FD98000C33D3E8AF3FDB05EBD5E5B13246284657
:10FDA8001649F8F703FB6FF00704ECE731461248F1
:10FDB800F3F79EFC204670BD95B1034632462846AF
:10FDC8000F49F8F7F3FAEEE785B1324628460D49B0
:10FDD800F8F7ECFAE7E731460848F3F789FCE2E779
:10FDE800024631460648F3F783FCDCE7314605480E
:10FDF800F3F77EFCD7E700BF24190700E0180700D7
:10FE080000190700901607002DE9F04F0C46D1E9BC
:10FE1800006305468BB023B1834202D00BB0BDE826
:10FE2800F08F00230822284607A9CDE907338DF86B
:10FE3800243007F08BF8002802DD9DF81C3013B938
:10FE48003F23ADF81C30284606A9002E00F0B481E7
:10FE5800FEF7BEFF0746284606F0F0FEB949CDE991
:10FE6800007007AA30462B46F8F76EFA3046069A15
:10FE7800B549F8F769FA002D00F0C2812B68002B0C
:10FE880000F0E6800C33D3E8AF3FDB0740F1E080B9
:10FE98002B68002B00F0D9800C33D3E8AF3FD8058E
:10FEA80040F1D38005F1C8044FF0FF324FF0FF3323
:10FEB800204616F061FC2868002800F03383417C56
:10FEC800002900F0CE801823A04A1230002E00F03E
:10FED800988207F0F3F99E4902463046F8F734FA5B
:10FEE800204616F0F9FC2A6802B1128B994930466F
:10FEF800F8F72AFA2846FFF775FE97490246304672
:10FF0800F8F722FA2B68002B00F087811B68002B7A
:10FF180000F083811A6830469049F8F715FA286886
:10FF280008B190F8200006F0C1FE2B680246002BAD
:10FF380000F084810C33D3E8AF3F894913F0010FF7
:10FF4800884B18BF0B462968002900F078810C31CE
:10FF5800D1E8AF1F890540F172818349009130468D
:10FF68008249F8F7F1F92B68002B00F01981804AD3
:10FF78005968914200F06A81D5F8B8400C33D3E84B
:10FF8800AF3F590640F10C81002C00F00981002E8A
:10FF980000F0F981012230467649F8F7D5F9E37E79
:10FFA8009F0740F14E81211D012007F001FB04F15C
:10FFB8001C010746012007F0FBFA8046207EFEF769
:10FFC80091FE054694F91900FEF798FEE17ECDE909
:10FFD8000050694D11F0010F684818BF2846434684
:10FFE80002903A4630466649F8F7AEF902223046A2
:08FFF8006449F8F7A9F900259E
:020000025000AC
:10000000A846DFF88CB1DFF87CA104F12407C5EB2A
:10001000C50304EB830999F83820D00714D5394675
:100020000120002E00F0FF8007F0C6FA99F8383062
:10003000024613F0020F0CBF5B465346304655494B
:10004000F8F786F908F101081C37002D5BD101256E
:10005000DDE7002E00F0D08030464F49F8F768F910
:100060006368002B7FF422AFDCE6204616F038FCF4
:10007000002E7FF43CAF296801B1098B3748F3F7B4
:100080003BFB2846FFF7B2FD01463548F3F734FB4A
:100090002A68002A00F0DB811268002A00F0D7816C
:1000A00011683048F3F728FB286808B190F8200061
:1000B00006F000FE2B680146002B00F0C5810C33D2
:1000C000D3E8AF3F13F0010F274B284A18BF1A4659
:1000D0002B68002B00F0B9810C33D3E8AF3F9B05B0
:1000E00040F1B381224B2348F3F706FB2B68002B2A
:1000F00000F08581204A596891427FF441AF27483A
:10010000F3F7FAFAAAE0B8F1000F0AD086B904F1C1
:100110005801012007F050FA01462148F3F7ECFAA4
:1001200080E6002E00F0998130461E49F8F710F95C
:1001300004F15801012007F03FFA19490246304600
:10014000F8F706F90BB0BDE8F08F00BF8C19070077
:10015000AC190700088A0120101A0700201A0700AE
:10016000301A0700401A07003C190700A0270700B3
:1001700040190700581A070028700120501B07007B
:100180007019070018E50600741B0700901B070094
:100190007C190700B41B0700CC190700841A07005C
:1001A000BC1B0700841B0700002E00F0288130468E
:1001B000AC4BAD4AAD49F8F7CBF80BB0BDE8F08FCA
:1001C000FEF70AFE0746284606F03CFD07A9009008
:1001D0003B46A7482A46F3F78FFA0699A548F3F756
:1001E0008BFA002D00F01B812B682BB10C33D3E868
:1001F000AF3FDF073FF550AE9F48F3F77DFA6368E6
:10020000002B7FF453AE0DE630469B49F8F790F88B
:100210006368002B3FF406AE40F207319748F3F7CE
:100220009BFA974A7BE607F0C7F999F83830014600
:1002300013F0020F934B944A944818BF1A46F3F7F1
:100240005BFAFFE6924B93498CE630469249F8F709
:100250007FF8CFE630469149F8F77AF82B68002B03
:1002600000F06281186887681FB17F690FB1B847D5
:1002700007468B4CDFF82C9204F1A80806E04946AB
:100280003046F8F765F80834A0450CD023681F42C3
:10029000F9D06268002EF2D1114648460834F3F7CF
:1002A0002BFAA045F2D1284603F0CAFF0446002EDF
:1002B0003AD00346002800F0118102687A4930469E
:1002C000F8F746F8A3681B68002B00F0B0802046C2
:1002D00005A99847021EC0F2AC809DF8143013F0B7
:1002E000300F00F00781714A30467149F8F730F855
:1002F0009DF814106F4B11F0EA0F6F4A304618BF8B
:100300001A466E49F8F724F82B68D5F8B840002B48
:100310003FF44DAF0C33D3E8AF3F5B067FF547AFFB
:10032000002C7FF43BAE42E700285ED00246016815
:100330005D48F3F7E1F9A3681B68002B00F0E88043
:1003400005A920469847011EC0F2E4809DF81430AC
:1003500013F0300F00F0D58054495548F3F7CCF92D
:100360009DF81420534B12F0EA0F5349534818BF1D
:100370001946F3F7C1F92B68D5F8B840002B3ED0E9
:100380000C33D3E8AF3F5A0639D5002C37D00121C2
:100390004B48F3F7B1F9E37E9D075AD5211D0120A3
:1003A00007F00AF904F11C010746012007F004F9DF
:1003B0008046207EFEF79AFC054694F91900FEF768
:1003C000A1FCE37E009013F0010F2B462D4D3D481C
:1003D00008BF28464246019039463B48F3F78CF95E
:1003E00002213A48F3F788F909E6324638492E489F
:1003F000F3F782F92B68D5F8B840002BC0D1194A21
:1004000019491A48F3F778F90CE506F05BFF014645
:100410003048F3F771F9204616F062FA2BE61648D9
:10042000F3F76AF96368002B7FF4F6AEFAE46FF035
:10043000570230462849F7F7CDFF2B68D5F8B8406A
:10044000002B7FF467AFB2E6114A124B4BE60C4922
:1004500027E61148F3F750F9C2E70F48F3F74CF9D4
:1004600055E600BFD81A0700E01A0700E81A07008F
:100470008C190700AC190700CC190700E019070018
:100480003819070018E506007C190700B41B07009F
:10049000A027070044190700841B0700841A0700DF
:1004A000E01F0700A81A0700B01A07004819070044
:1004B000281B070044D1060068190700441B0700E9
:1004C000501B070070190700741B0700901B0700E2
:1004D000D01A0700101A0700081B07003046144AFC
:1004E0001449F7F735FF2B68D5F8B840002B3FF4D7
:1004F0005EAE0FE7104913F00C0F104A18BF0A4602
:10050000F2E60D4A13F00C0F0C4918BF114624E710
:100510006FF057010A48F3F7EFF82B68D5F8B840A9
:10052000002B7FF42DAF6AE79B68FFDE4378FFDE88
:10053000D01A0700B01A0700501907005C1907000D
:10054000081B07002DE9F041002482B001941C46ED
:100550001B6807468B42089E15D252F823800A2159
:10056000404601AAF8F7CCFC019DA5B905F06AF94F
:10057000706000B32A462368013323602846327036
:1005800002B0BDE8F08168B11149F7F723FF0322FB
:100590006FF01505F2E74FB1424638460D49F7F7BF
:1005A00019FFF4E70A48F3F7A7F8F0E741460948CE
:1005B000F3F7A2F8EBE72FB1424638460649F7F7C2
:1005C00009FFE4E741460448F3F796F8DFE700BF88
:1005D00088200700B0200700D4200700F0B587B0BE
:1005E00004AF0E4608223946044606F0B3FC20B19B
:1005F0000C4B93E8030087E80300204606F022FB3B
:10060000002105462046FEF7E7FB844630213046B0
:100610002B46054A01970094CDF808C01AF09AF8C5
:1006200007B0F0BD10210700FC20070030B50546DB
:100630000C468DB06946FFF7D1FF28460FF0CCFD80
:1006400034B16A4620460549F7F782FE0DB030BD49
:1006500069460248F3F750F80DB030BD1821070085
:1006600030B505460C468DB06946FFF7B7FF284602
:100670000FF0DAFD34B16A4620460549F7F768FE07
:100680000DB030BD69460248F3F736F80DB030BD05
:1006900030210700F8B51C6806468C4216D252F885
:1006A0002470104938461D461BF01FFB58B13846D0
:1006B0000D491BF01AFB48B901221444069B2C601B
:1006C0001A700020F8BD02460134F7E736B1304613
:1006D0000649F7F77FFE6FF01500F8BD0348F3F702
:1006E0000BF8F8E76CEA060058EA06004821070014
:1006F0002DE9F0470129DDF820903FD9D2F8048098
:100700000C4607464649404615461E461BF0EDFA84
:1007100060B3404643491BF0E8FA90B34046EFF718
:100720008FFD98B308F1FF3C3F4A604401E060450B
:100730002CD01CF8013F12F803E01EF0040AF6D199
:1007400040463A491BF0D1FA50B3404638491BF0B5
:10075000CCFAB0BB21460224CDF820903460334659
:100760002A463846BDE8F047FFF7ECBE02239A461A
:100770003360002089F800A0BDE8F0874FF0010A3F
:10078000F7E702234FF0010A3360F2E733462A46C7
:1007900021463846CDF82090BDE8F047FFF7D2BE9D
:1007A00002239C42336024D0AC68204606F030FC23
:1007B00005F048F8C9F8040008B333680133336022
:1007C000D7E777B138461B494246F7F703FE38466C
:1007D0001949F7F7BDFD03236FF0150089F80030C4
:1007E000CAE741461348F2F787FF1348F2F784FF40
:1007F000F1E75FB138461149F7F7ECFDEBE74FB190
:10080000224638460E49F7F7E5FDE4E70B48F2F7D4
:1008100073FFE0E721460A48F2F76EFFDBE700BF0F
:10082000C0D3060064210700096407003C220700CA
:10083000BC210700C0210700F42107006C2107003C
:100840009421070030B50023012493B0CDE9034380
:10085000059303238DF8103004AB009303AB0446DB
:100860000D46FFF745FF78B9039BAB420FD19DF8CA
:100870001030012B17D0022B1BD01BB3002C3CD007
:1008800020462449F7F7A6FD002013B030BD34B14F
:1008900020462149F7F79EFD002013B030BD1E48C9
:1008A000F2F72AFFF0E704B320461C49F7F792FD60
:1008B000EAE7F4B120461A49F7F74AFD012010F0A3
:1008C00001FAE1E7059D06A92846FFF787FEC4B1B6
:1008D0002046144906AAF7F73BFD20461249F7F7D0
:1008E00069FD284606F0F2F9CEE70C48F2F704FF5E
:1008F000CAE70B48F2F700FFE0E70648F2F7FCFE14
:10090000C2E7084806A9F2F7F7FE0748F2F7F4FE37
:10091000E7E700BFF022070040220700502207004F
:100920006C22070098220700B4220700F0B593B0AC
:1009300005460E460FF0BCFC06A904462846FFF704
:100940004DFE4FF6FF739C4208D1002E4CD030462E
:100950003B4906AAF7F7FCFC13B0F0BD28460FF0A0
:10096000F7FD04F08007844635B12D6825B10C35BC
:10097000D5E8AF5F05F00105620747BF314A32484D
:10098000324A334804F00201002918BF024604F03D
:10099000010E04F40053002E2CD02E4C2E4903924D
:1009A000BCF1000F18BF21462C4C00912C49304659
:1009B000002D18BF21462B4C01912B492B4DBEF128
:1009C000000F18BF21462A4C0291002B18BF2C465D
:1009D000284D294B2949002F08BF2B4606AA04940D
:1009E000F7F7B6FC13B0F0BD154806A9F2F784FE80
:1009F00013B0F0BD02921948194A1D4C002D18BFC2
:100A0000024618480092184A06A9BEF1000F18BF06
:100A100002460192154A1948002B18BF1446164B7E
:100A2000144A0394002F18BF1A460B4C094BBCF113
:100A3000000F08BF2346F2F75FFE13B0F0BD00BF02
:100A400080230700E01A07000C230700202307007B
:100A5000182307003C23070038230700442307001E
:100A6000502307005C23070064230700742307005A
:100A7000702307003023070028230700982307006E
:100A800030B50023012487B0CDE903430593032348
:100A90008DF8103004AB009303AB04460D46FFF70E
:100AA00027FE68B9039BAB420DD19DF810305A1E4A
:100AB000012A1DD9BBB174B120461049F7F78AFC51
:100AC000002007B030BD54B120460D49F7F782FC35
:100AD000002007B030BD0948F2F70EFEF0E70848E5
:100AE000F2F70AFEECE721460598FFF71FFFE7E75C
:100AF0002146044806F0BCF8E2E700BFF0220700F8
:100B0000402207002D09050030B50023012493B0D1
:100B1000CDE90343059303238DF8103004AB009314
:100B200003AB04460D46FFF7E3FD78B9039BAB42E8
:100B30000FD19DF81030012B17D0022B1FD043B3DB
:100B4000002C40D020462449F7F744FC002013B085
:100B500030BD34B120462149F7F73CFC002013B0EA
:100B600030BD1E48F2F7C8FDF0E70CB320461C4923
:100B7000F7F730FC20461B49F7F7EAFBE6E7F4B14C
:100B800020461949F7F7E4FB2146184806F070F8AB
:100B9000DCE7059D06A92846FFF720FD28460FF053
:100BA0001BFBA4B12046124906AAF7F7D1FBCDE7FB
:100BB0000B48F2F7A1FD0B48F2F79EFDC6E70A4885
:100BC000F2F79AFDE0E70448F2F796FDBEE7084821
:100BD00006A9F2F791FDB9E7F022070040220700CD
:100BE00050220700F4210700C42307002D0605004A
:100BF0001821070030B50023012493B0CDE9034349
:100C0000059303238DF8103004AB009303AB044627
:100C10000D46FFF76DFD78B9039BAB420FD19DF8F0
:100C20001030012B17D0022B1FD043B3002C40D023
:100C300020462449F7F7CEFB002013B030BD34B175
:100C400020462149F7F7C6FB002013B030BD1E48EF
:100C5000F2F752FDF0E70CB320461C49F7F7BAFB58
:100C600020461B49F7F774FBE6E7F4B12046194923
:100C7000F7F76EFB2146184805F0FAFFDCE7059D03
:100C800006A92846FFF7AAFC28460FF0CDFAA4B122
:100C90002046124906AAF7F75BFBCDE70B48F2F7AF
:100CA0002BFD0B48F2F728FDC6E70A48F2F724FDB2
:100CB000E0E70448F2F720FDBEE7084806A9F2F78E
:100CC0001BFDB9E7F0220700402207005022070071
:100CD000F4210700DC23070061060500302107002E
:100CE00030B50023012493B0CDE9034305930323DA
:100CF0008DF8103004AB009303AB04460D46FFF7AC
:100D0000F7FC78B9039BAB420FD19DF81030012B53
:100D100017D0022B1FD03BB3002C43D020462749CD
:100D2000F7F758FB002013B030BD34B120462449FA
:100D3000F7F750FB002013B030BD2148F2F7DCFC80
:100D4000F0E724B320461F49F7F744FB20461E492D
:100D5000F7F7FEFAE6E70CB320461C49F7F7F8FA76
:100D600001200FF0C3FFDDE7059D06A92846FFF728
:100D700035FCDCB12046164906AAF7F7E9FA204609
:100D80001449F7F717FB284606F00CF8CAE70D4898
:100D9000F2F7B2FC0C48F2F7AFFCC3E70B48F2F7EE
:100DA000ABFCDDE70548F2F7A7FCBBE7084806A95E
:100DB000F2F7A2FC0748F2F79FFCE4E7F0220700F5
:100DC0004022070050220700F4210700F423070007
:100DD000202407004024070030B50023012493B0ED
:100DE000CDE90343059303238DF8103004AB009342
:100DF00003AB04460D46FFF77BFC78B9039BAB427F
:100E00000FD19DF81030012B2BD0022B33D083B1A2
:100E1000002C4BD020462C49F7F7DCFA002013B009
:100E200030BDD4B120462949F7F7D4FA002013B0D9
:100E300030BD059D06A92846FFF7D0FB28460FF0D8
:100E400087FB08B3002C35D02046214906AAF7F7C6
:100E50007FFA28460FF018FBE0E71C48F2F74CFC3D
:100E6000DCE7C4B120461B49F7F7B4FA20461A491B
:100E7000F7F76EFAD2E7ACB120461849F7F768FAEF
:100E800001200FF047FFC9E7CCB12046144906AA5C
:100E9000F7F7A0FAC2E70F48F2F72EFC0E48F2F778
:100EA0002BFCBBE70D48F2F727FCE9E70648F2F711
:100EB00023FCB3E7064806A9F2F71EFCC9E7084879
:100EC00006A9F2F719FCA9E7F02207004022070063
:100ED000FC24070050220700F421070080240700AB
:100EE000B024070030B50023012493B0CDE90343BB
:100EF000059303238DF8103004AB009303AB044635
:100F00000D46FFF7F5FB78B9039BAB420FD19DF877
:100F10001030012B2BD0022B33D083B1002C4BD0BF
:100F200020462C49F7F756FA002013B030BDD4B153
:100F300020462949F7F74EFA002013B030BD059D31
:100F400006A92846FFF74AFB28460FF001FB08B325
:100F5000002C35D02046214906AAF7F7F9F9284692
:100F60000FF096FBE0E71C48F2F7C6FBDCE7C4B1E4
:100F700020461B49F7F72EFA20461A49F7F7E8F9F9
:100F8000D2E7ACB120461849F7F7E2F901200FF09B
:100F9000DBFEC9E7CCB12046144906AAF7F71AFAD6
:100FA000C2E70F48F2F7A8FB0E48F2F7A5FBBBE734
:100FB0000D48F2F7A1FBE9E70648F2F79DFBB3E71E
:100FC000064806A9F2F798FBC9E7084806A9F2F710
:100FD00093FBA9E7F022070040220700A0250700A5
:100FE00050220700F42107002025070054250700A0
:100FF0002DE9F0430023012493B0CDE903438DF89C
:101000000B30059303238DF8103004AB009303AB32
:1010100004460D461646FFF76BFB58B99DF8103095
:10102000012B32D0022B25D043B154B320466D4959
:10103000F7F7D0F9002013B0BDE8F0830DF10B02F3
:10104000009229463246204603ABFFF723FB0746B2
:101050000028EFD19DF80B90DDF80C80B9F1010F5D
:1010600047D0A84522D0002C73D020465E49F7F720
:10107000B1F9DFE7002C38D020465C49F7F7AAF930
:10108000D8E75848F2F738FBD4E744B1204658492E
:10109000F7F7A0F920465749F7F75AF9CAE7544835
:1010A000F2F72AFB5348F2F727FBC3E7059D06A991
:1010B0002846FFF793FA28460FF04AFA00284CD04A
:1010C000B9F1010F50D028460FF0D6FB0346002C93
:1010D0005CD04949494D06AA002818BF0D46204654
:1010E00047490095F7F734F9A4E74048F2F704FBC5
:1010F000A0E74545069065D956F828604149304635
:101100001AF0F3FD0746F8B13046EFF799F890B1C1
:10111000731E19183C4801E099420CD013F8012FB6
:10112000825C5207F8D4002C52D032462046374910
:10113000F7F750F97EE70A21304606AAF7F7E0FEF6
:10114000069B0746002BEED108F10108CDF80C8074
:1011500087E72548F2F7D0FA6CE71CB320462C4904
:1011600006AAF7F737F965E7394628460FF0B0FBCE
:10117000ECB1214B214D2046002F18BF1D462549BB
:101180003B4606AA0095F7F7E3F853E71B481A49D0
:101190001A46002B0CBF03460B46194806A9F2F766
:1011A000ABFA47E71A4806A9F2F7A6FA42E713494D
:1011B000114B3A46002F08BF0B46164806A9F2F716
:1011C0009BFA37E74CB120461349F7F703F931E7AB
:1011D00031460E48F2F790FA2CE70F48F2F78CFAF6
:1011E00028E700BFF022070040220700E0250700A3
:1011F00050220700F4210700D4250700C42507006A
:10120000E026070064210700096407003026070074
:101210004C260700AC2607000826070000232DE90E
:10122000F04F0324012695B006ADCDE906330095B5
:101230008DF8133005AB8DF818400F46044615465F
:101240000596FFF755FA60B99DF81830B34245D0BE
:10125000022B38D04BB1002C3CD020469949F7F7EF
:10126000B9F8002015B0BDE8F08F0DF1130200921F
:1012700039462A46204605ABFFF70CFA804600287F
:10128000EFD1DDF814904F4540F2488155F829A080
:101290008D4950461AF029FD4FEA890B50B350464C
:1012A0008A491AF022FD20B3504689491AF01DFDE3
:1012B000002800F0C180002C69D0524620468549A4
:1012C000F7F788F8CDE7002C5DD020468249F7F784
:1012D00081F8C6E77B48F2F70FFAC2E7002C4BD043
:1012E00020467E49F7F776F820467D49F7F730F833
:1012F000B7E73046DFF8ECA19DF813300AEBC000E9
:1013000009F10102012B0679059245D00025BA4268
:1013100006D0002C7FD020467349F7F75BF8A0E792
:10132000079F08A938460393FFF758F938460FF08E
:101330000FF9039B002877D0012B38467ED0314629
:101340000FF066FA0546002C00F09480002E00F0A5
:10135000FF80012E00F0FB80022E00F0F880634A2F
:1013600020466349634C08AB002D08BF0C46624918
:101370000094F6F7EDFF74E75848F2F7BDF95848C6
:10138000F2F7BAF96DE75448F2F7B6F969E7514652
:101390005048F2F7B1F964E79742039340F2EF80C7
:1013A00005EB0B025568554928461AF09EFC039B35
:1013B000002834D028464F491AF097FC039B70B39D
:1013C00028464F491AF091FC039B40B328464D49EB
:1013D0001AF08BFC039B10B328464B4903931AF079
:1013E00084FC039B98B1284641491AF07EFC039B7C
:1013F00068B1284645491AF078FC039B38B1284665
:1014000043491AF072FC039B002840F0B88009F1B0
:10141000020205927AE73448F2F76EF921E709F102
:1014200002020125059272E7002C34D0204639498A
:1014300008AAF6F7CFFF14E702205BE72A463146F9
:101440000FF0A6F8002C2BD0002E00F08E80012E7D
:1014500000F08A80022E00F08780244A08AB2449DD
:101460000093244B2046002D08BF0B462A49F6F76F
:101470006FFFF6E6002E74D0012E71D0022E6FD0D1
:101480001A491B481B4B08AA002D08BF03461A48DF
:10149000F2F732F9E5E61F4808A9F2F72DF9E0E680
:1014A000002E73D0012E70D0022E6ED00F4910483E
:1014B000104A08AB002D08BF02461748F2F71CF986
:1014C000CFE600BFF02207007C270700882707002F
:1014D00098270700A82707001827070050220700B1
:1014E000F42107005C2C07004022070010270700AA
:1014F000803907005C6107008428070080D9060056
:1015000058DA0600C427070084D9060038DA060036
:10151000CC270700F42707005028070044B32046D3
:101520001E49F6F757FF20461D49F6F711FFDFF871
:1015300074A01D4D5AF838206CB129462046F6F7A4
:1015400007FF08F10108B8F1030FF3D189E6B046AF
:101550005AF8382004E711462846F2F7CDF8F0E7AC
:10156000B0465AF838108CE7B0465AF8382075E77C
:101570000A48F2F7C1F80A48F2F7BEF8D7E744B1D3
:1015800020460A49F6F726FF6BE6B0465AF83810AF
:101590008DE70648F2F7B0F863E600BF4027070082
:1015A000582707005C2C070074270700D427070082
:1015B00030B5044683B058B3244A2549F6F7C8FE2F
:1015C0002046244A2449F6F7C3FE2046214A2349EF
:1015D000F6F7BEFE20461F4A2149F6F7B9FE20461F
:1015E00001222049F6F7B4FE204601221E49F6F7F3
:1015F000AFFE022220461D49F6F7AAFE00256946E5
:101600001B48CDE9004505F033FB284603B030BD4B
:101610000E490F48F2F770F80E490F48F2F76CF8D0
:101620000C490E48F2F768F80A490D48F2F764F8D9
:1016300001210C48F2F760F801210B48F2F75CF841
:1016400002210A48F2F758F8D8E700BFD81A070075
:10165000742C0700A42C0700B02C0700E02C070016
:10166000102D0700402D0700842D0700C82D07000E
:10167000751605002DE9F04F0E680546D0F8B84004
:1016800087B0002E6CD005F0DDFA05A90746284684
:10169000FDF7A2FB84463A46304641492B46CDF839
:1016A00000C0F6F755FE3046059A3E49F6F750FE63
:1016B000002C6BD030463C49F6F74AFEE37EDFF85B
:1016C000EC809B0704F1140A04F1040902D5258873
:1016D000012D02D007B0BDE8F08F207E04F11C0779
:1016E0000EB3FDF703FB034694F919001C46FDF702
:1016F00009FB8346DAE8AFAF4946284605F05CFFB0
:101700000346394628461D4605F056FF07465B4608
:10171000224641463046CDE900A50297F6F718FE6D
:1017200007B0BDE8F08FFDF7E1FA064694F919001D
:10173000FDF7E8FA8346DAE8AFAF4946284605F0F8
:101740003BFF39460446284605F036FF054653461A
:101750005A4631464046CDE90045F1F7CDFFB9E79D
:1017600005F070FA05A907462846FDF735FB39460E
:1017700003462A460A48F1F7BFFF05990948F1F7E1
:10178000BBFF44B10848F1F7B7FF97E73046084977
:10179000F6F7DEFD9EE70648F1F7AEFF9AE700BFD9
:1017A0000C2E0700382E0700942E0700B82E0700D5
:1017B000682E0700F0B50329074683B017D151689A
:1017C0001446FDF755FA051E15DB04F03BF80646F6
:1017D00008B3A168012001AA05F00AFF054668B90F
:1017E000304601A904F0A6FB284603B0F0BD70B155
:1017F0001149F6F7EFFD6FF00705F5E7A2688FB125
:1018000038460E49F6F7E6FD6FF01505ECE70A4895
:10181000F1F772FFEFE757B12A4638460849F6F765
:10182000C9FDE8E711460548F1F766FFECE72946F0
:101830000348F1F761FFDEE7D02E0700082F07000D
:10184000901607002DE9F0430229804685B040F24A
:101850008F800F4651681546FDF70AFAB0F100096E
:10186000C0F29C8003F0EEFF0646002800F08E8058
:10187000A968012002AA05F0BBFE044600287CD11D
:10188000029901F0F001E02921D0032F15D0034681
:101890000322304602A904F071FB80B3E9680120FD
:1018A00003AA05F0A5FEE8B1EA68B8F1000F47D039
:1018B00040464349F6F78EFD06E0B8F1000F1AD016
:1018C00040464049F6F786FD6FF0150406E03046C5
:1018D000224602A90AF0C2FC051E20DB204605B004
:1018E000BDE8F083304603AA02A904F0E1FA2046DD
:1018F00005B0BDE8F0833348F1F7FEFEE4E70120D0
:1019000002A9B8F1000F20D005F056FE4B46024662
:101910002D494046F6F75EFD6FF00B04DEE701202F
:1019200002A9B8F1000F18D005F046FECDE90095E8
:101930000346264A40462649F6F74CFD2C46CDE79D
:1019400011461F48F1F7D8FEBEE705F035FE4A46BE
:1019500001461D48F1F7D0FEDEE705F02DFE4B46AF
:1019600002461A491A480095F1F7C6FE2C46B5E71B
:10197000B8B11849F6F72EFDA6E7AA68B8F1000F2E
:1019800013D040461449F6F725FD9DE7B8F1000F46
:1019900010D04A4640461149F6F70CFD6FF0070497
:1019A0009CE70C48F1F7A8FE8EE711460A48F1F7CC
:1019B000A3FE89E749460948F1F79EFEEEE700BF1E
:1019C000D82F0700982F0700B02F07005C2F0700C3
:1019D000642F0700202F0700082F0700901607002C
:1019E0002DE9F0410329804684B038D1516814466E
:1019F000FDF73EF9071E59DB03F024FF06460028D9
:101A00004CD0A168012003AA05F0F2FD054600288C
:101A10003BD1039B03F0F003E02B09D0304603A930
:101A200004F0C8FE002844D0284604B0BDE8F08188
:101A3000304603A90AF054FC041EF5DA012003A97C
:101A4000B8F1000F12D005F0B7FDCDE900740346E0
:101A5000244A40462449F6F7BDFC2546E4E780B118
:101A60002249F6F7B7FC6FF01505DDE705F0A4FD98
:101A70003B4602461B491C480094F1F73DFE2546B3
:101A8000D2E71A48F1F738FEEDE7A268B8F1000F87
:101A900018D040461649F6F79DFCE4E7B8F1000F70
:101AA00015D03A4640461349F6F784FC6FF0070517
:101AB000BAE7A268B8F1000F0ED040460E49F6F71B
:101AC00089FCF3E711460A48F1F716FECBE73946E1
:101AD0000848F1F711FEE9E711460748F1F70CFE57
:101AE000E4E700BF1C300700642F0700EC2F07005D
:101AF000082F0700901607002430070008B530B102
:101B0000064A0749F6F724FC6FF0070008BD0349B1
:101B10000348F1F7F1FD6FF0070008BDA42C0700A2
:101B2000DC31070010B582B048B1094C094B0A4AB4
:101B30000A490094F6F7FCFB002002B010BD044BEC
:101B4000044A05490548F1F7D7FD002002B010BD51
:101B5000182307000C3207001C3207003032070040
:101B600008B530B1064B074A0749F6F7E1FB0020FC
:101B700008BD034A03490448F1F7BEFD002008BD33
:101B8000182307000C3207007405070008B530B1B0
:101B9000064B074A0749F6F7CBFB002008BD034A6E
:101BA00003490448F1F7A8FD002008BD18230700E9
:101BB0000C3207007405070010B5044684B068466F
:101BC00003AB02AA01A907F0CFFE002C2DD0802282
:101BD00020462949F6F7BCFB20462849F6F7B8FB12
:101BE00020462749F6F7B4FB009A20465369254959
:101BF000F6F7AEFB019A204653692349F6F7A8FB96
:101C0000029A2046138C2149F6F7A2FB039A20463C
:101C1000138C1F49F6F79CFB20461E4B1E4A1F499A
:101C2000F6F786FB002004B010BD80211248F1F7C2
:101C300063FD1248F1F760FD1148F1F75DFD009971
:101C400010484A69F1F758FD01990F484A69F1F7C0
:101C500053FD02990D480A8CF1F74EFD03990C488B
:101C60000A8CF1F749FD0B4A0B490C48F1F744FD8A
:101C7000002004B010BD00BFAC340700C83407001A
:101C8000E0340700F834070004350700103507007A
:101C9000203507003035070044350700740507007C
:101CA00008B520B10449F6F743FB002008BD0248FF
:101CB000F1F722FD002008BD9435070008B520B1DA
:101CC0000449F6F735FB002008BD0248F1F714FD82
:101CD000002008BD943507002DE9F04F0C46002385
:101CE00004258DB0204606A9CDE90753CDE9093377
:101CF000166806930B9308F01BFB002800F08C80FD
:101D000029460746204608F0C5F8204608F034FA70
:101D1000032831D80DF12008414D7288D5F8609024
:101D200052BA92B20120141F06F10C0106F1100BF9
:101D3000B9F1000F44D005F03FFC5946824601201E
:101D400005F03AFC0346CDF80C80327A4846029200
:101D50007988224649BA89B2CDE9003153463149E2
:101D6000F6F7F6FA7B886A6E5BBA9BB2934242D072
:101D700000200DB0BDE8F08F204605A908F0ACF8B2
:101D8000002849D111F0F4FE0446059BDFF898C005
:101D9000E41AC4F30E03A3FB0C3EDB0B059443EAE9
:101DA0004E43E40B0CFB0433204D0DF12008A5FB42
:101DB0000353102140461E4A9B0C18F0CBFCABE7A6
:101DC00005F0FAFB59468146012005F0F5FBCDF8F8
:101DD0000880327A214601927C88034664BAA4B214
:101DE0004A4610480094F1F787FC7B886A6E5BBA1C
:101DF0009BB29342BCD10A4815F012FD0D4808F081
:101E00002FFD0022286E1146F6F798FC08210A4A99
:101E1000286EF6F77FFAABE76FF00400A9E700BF82
:101E2000A07B01204036070000CA9A3B83DE1B439B
:101E300034360700D07B012018E5060030B5046871
:101E400083B052F824309D7885B1981C0378302BEC
:101E500017D14378782B14D11021002301AA0193C4
:101E6000F7F72AF8019B73B903B030BD4FEA840C31
:101E700001348C4207D20460624450680378302BEE
:101E8000E7D00A21E9E74FF0FF30EDE701232DE924
:101E9000F04F994287B00746059340F21381002521
:101EA00091464FF0FF364FF47A728B464FF004089C
:101EB0004FF0030A2C460292039659F823100B7830
:101EC0002D2B40F0C5804B78493B2A2B17D8DFE8F3
:101ED00003F0A916161616161616A01616161616BE
:101EE0001616161616161616161616169716161611
:101EF00016168E1616161616167C16162300002FAA
:101F000000F0A8800A4638467349F6F753FA6FF096
:101F1000070007B0BDE8F08F4A46594605A8FFF70D
:101F20008DFFB0F5803F804680F08980059B0133AE
:101F30005B450593C1D3002C00F0C480DFF89CB151
:101F400078220021584619F0B8FE5846644915F029
:101F50005BFB029BCBF864A0CBF86830CBF87460D5
:101F60008BF87250CBF86070ABF87080012021467E
:101F70000BF1480205F03CFB00286FD10121594AC2
:101F8000034600920246ABF844100BF1300008F013
:101F90003BFC0028C0F28180039803F053FC00282A
:101FA00063D0CBF85C00002F6CD0224638464E49F7
:101FB000F6F7CEF9384600224C49F6F7BFFB00226F
:101FC0000023464815F026FC4DE04A46594605A830
:101FD000FFF734FFFF280646A8D9059B002F56D0EF
:101FE000384659F823204249F6F7E4F98FE74A4684
:101FF000594605A8FFF722FF031E029396DAECE785
:102000004A46594605A8FFF719FFB0F1000A8DDAD4
:10201000E3E74A46594605A8FFF710FFFF280546A3
:1020200084D9DAE74A46594605A8FFF707FF031E99
:10203000039304DB03F006FC00287FF477AF059BD5
:1020400059F82320A7B338462949F6F7B3F95EE7D4
:102050000C466BE72048F1F74FFB58E727B33846AB
:102060002449F6F7A7F9002053E7BBF84430012BC9
:1020700097D10BF1480003F0F3FE002891D103F053
:1020800095FC8EE721461848F1F736FB92E7184891
:1020900059F82310F1F730FB39E777B13846164A83
:1020A0001649F6F787F9DEE71248F1F725FBDAE77C
:1020B00011460F48F1F720FB29E70F490F48F1F7C8
:1020C0001BFBD0E727B138460D49F6F773F91EE739
:1020D0000B48F1F711FB1AE784360700A07B0120BB
:1020E00041210500D91C0500F43607000521050033
:1020F00070360700E0360700E01A0700B836070020
:10210000A0360700C2B101390A4401E0914213D060
:1021100011F8013F032BF9D110B5084C204615F0FA
:102120007FFB04F1300008F09BFB0022206E11467B
:10213000BDE81040F6F702BB704700BFA07B01204E
:1021400070B5C36E426E013393420446056E88B08B
:10215000C36637D823D34FF48032002315F05AFBDF
:10216000042103A8FAF70AFD0022E16E0094ADF8FD
:102170000E1094F8721004F130068DF81010616F93
:1021800006920591B4F870103046079103ABE16DEB
:1021900004F1440208F0A2FB68BB08B070BD4FF424
:1021A000004340F2E7300021A26EE2FB03014FF44E
:1021B0007A720023EEF718F802460B46204615F017
:1021C00029FBCDE7A5B328461B49F6F7B1F8204611
:1021D00015F026FB04F1300008F042FB0022206ECF
:1021E0001146F6F7ABFA0821144A206E08B0BDE894
:1021F0007040F6F78FB8B5B1024611492846F6F798
:10220000D9F8204615F00CFB304608F029FB0022D7
:10221000206E1146F6F792FA0821084A206EF6F76A
:1022200079F808B070BD01460548F1F765FAE8E7AE
:102230000148F1F761FACAE70037070018E5060020
:10224000103707002DE9F04F5668144633780546DD
:10225000302B87B003D17378782B08BF0236304615
:10226000EDF7EEFF0423014605AA3046F1F71CFE08
:10227000002800F0EB80411E00F1E88000221646A5
:1022800005AB184410F8013D013993401E434B1C27
:1022900002F10802F6D1002E00F0D880002305A933
:1022A0001A4604A807F060FB0499CB684A699E426D
:1022B000896973D3013A01FB023296426ED8F31A50
:1022C000B3FBF1F201FB1233002B67D1B46806F1C6
:1022D0002008002D00F0AA80324628466449F6F70F
:1022E00037F8D8E8AF3F634932462846F6F730F86A
:1022F0002CB328466049F6F72BF8DFF8809104F1FB
:102300000C00002D6BD0DFF870A105E02846514687
:10231000F6F71EF804F10C00D8E8AFBF278AFAF7E9
:102320003DF98446B4F812E022465B464946284609
:102330008DE88050F6F70CF86468002CE6D128464A
:102340004F49F6F705F828464D49F6F701F8B46805
:10235000002C67D0237A002B64D0324628464949A6
:10236000F5F7F6FF0026DFF820810DE02346414611
:1023700028463A46F5F7ECFF228AE1682846F6F748
:10238000B9F86468002C4DD037460136002DEDD1E8
:10239000224640463946F1F7AFF9EDE70599CB689B
:1023A0004A699E4289690BD3013A01FB0232964287
:1023B00006D8F31AB3FBF1F201FB1233002B85D0E0
:1023C0006268002D49D028463049F6F703F86FF0CF
:1023D000070028E02848F1F78FF904F10C00D8E84D
:1023E000AFBFB4F810A0FAF7D9F80746B4F812C096
:1023F000214653465A464846CDE9007CF1F77CF920
:102400006468002CE6D11E48F1F776F91C48F1F714
:1024100073F9B46834B1237A23B131461948F1F71E
:102420006BF99FE7002007B0BDE8F08F31461048F8
:10243000F1F762F9D8E8AF2F0E483146F1F75CF9B1
:10244000002CE0D00C48F1F757F956E762684DB11F
:1024500028460F49F5F7BEFFB9E711460B48F1F7DB
:102460004BF9B4E711460A48F1F746F9AFE700BF68
:10247000703807008C380700943807009838070038
:10248000CC400700AC380700D038070044380700BC
:102490001438070008B530B1064B074A0749F5F76D
:1024A00047FF002008BD034A03490448F1F724F917
:1024B000002008BD6839070084390700740507004B
:1024C00008B530B1064B074A0749F5F731FF002040
:1024D00008BD034A03490448F1F70EF9002008BD7E
:1024E000FC390700D43907007405070008B530B17E
:1024F000064B074A0749F5F71BFF002008BD034AB2
:1025000003490448F1F7F8F8002008BDFC3907003A
:10251000D43907007405070008B530B1064B074AE7
:102520000749F5F705FF002008BD034A03490448A1
:10253000F1F7E2F8002008BD803A0700843A07006E
:102540007405070008B530B1064B074A0749F5F78F
:10255000EFFE002008BD034A03490448F1F7CCF818
:10256000002008BD803A0700AC3A07007405070058
:1025700008B520B10449F5F7DBFE002008BD02488C
:10258000F1F7BAF8002008BD843B070008B530B168
:10259000064B074A0749F5F7CBFE002008BD034A62
:1025A00003490448F1F7A8F8002008BDD83B07000C
:1025B000E83B07007405070010B582B048B1094C2C
:1025C000094B0A4A0A490094F5F7B2FE002002B00E
:1025D00010BD044B044A05490548F1F78DF8002069
:1025E00002B010BD182307000C3207001C32070090
:1025F000FC3B070010B582B048B1094C094B0A4AB0
:102600000A490094F5F794FE002002B010BD044B77
:10261000044A05490548F1F76FF8002002B010BDE3
:10262000182307000C3207001C320700443C070047
:1026300010B558B104460A4B0A4A0B49F5F778FE23
:1026400020460A49F5F774FE002010BD044A0549EA
:102650000548F1F751F80548F1F74EF8002010BD94
:10266000843D0700983D070074050700C83D07003A
:102670002DE9F84F00244FF0FF3590425D601C704B
:1026800028D9814602F18040284493469A464FF06B
:102690000108254E254F01EB800505E08AF80080F2
:1026A0000BF1010BD94515D955F8044F94B13146BA
:1026B0002046EDF7B3FD0028F0D039462046EDF76F
:1026C000ADFD48B94FF002030BF1010BD9458AF873
:1026D0000030E9D8BDE8F88F20461549EDF79EFD9A
:1026E00020B94FF003038AF80030D9E7204611499A
:1026F000EDF794FD18B90123CAF80430D0E720465D
:102700000D49EDF78BFD18B90223CAF80430C7E76D
:1027100020460A49EDF782FD0028C1D14FF0FF3372
:10272000CAF80430BCE700BF083E0700143E0700AB
:10273000203E0700283E0700303E0700C0D30600B9
:102740008C4630B5054685B002AC6046114623463E
:1027500001220095FFF78CFF69460348019404F0BD
:1027600087FA002005B030BD6D270500F0B50D6873
:1027700087B0002800F03881044605A9002D00F03C
:102780009480FCF729FB0646204604F05BFA0746D6
:1027900033462246284681490097F5F7D9FD284659
:1027A000059A7F49F5F7D4FDD4E90F12A36BCDE963
:1027B00000212846626B7B49F5F7CAFDD4E9083150
:1027C000E269284600917849F5F7C2FDD4E90B315A
:1027D000A26A284600917549F5F7BAFDD4E912318D
:1027E000626C284600917249F5F7B2FDD4E91423D2
:1027F00028467049F5F7ACFDD4E92B31D4F8A82070
:10280000284600916C49F5F7A3FD04F198010EC923
:10281000284600916949F5F79BFD2846D4F8A42085
:102820006749F5F795FDD4E91623A66ECDE9002397
:102830000296D4E9182328466249F5F789FDD4E9C0
:102840001D31226F284600915F49F5F781FDD4E9DB
:102850001F31D4F88C20284600915C49F5F778FDAB
:10286000D4E9212328465A49F5F772FDD4E92423F7
:1028700028465849F5F76CFD2846E26E5649F5F7AB
:1028800067FDD4E9042328465449F5F761FDD4E9EE
:10289000022328465249F5F75BFDA26928465149B3
:1028A00007B0BDE8F040F5F753BDFCF795FA0546D3
:1028B000204604F0C7F92A46034621463748F0F778
:1028C0001BFF05993648F0F717FFD4E90F03D4E949
:1028D0000D1200903348F0F70FFFD4E90823E169A7
:1028E0003148F0F709FFD4E90B23A16A2F48F0F72C
:1028F00003FFD4E91223616C2D48F0F7FDFED4E903
:1029000014122C48F0F7F8FED4E92B23D4F8A810C1
:102910002948F0F7F1FED4E92712D4F89830274877
:10292000F0F7EAFED4F8A4102548F0F7E5FED4E964
:102930001823D4E91667A16E22480291CDE90067F9
:10294000F0F7DAFED4E91D23216F1F48F0F7D4FE1B
:10295000D4E91F23D4F88C101C48F0F7CDFED4E93D
:1029600021121B48F0F7C8FED4E924121948F0F7E9
:10297000C3FEE16E1848F0F7BFFED4E90423174800
:10298000F0F7BAFED4E902231548F0F7B5FEA169C5
:10299000144807B0BDE8F040F0F7AEBE383E07007F
:1029A000AC190700543E0700843E0700B03E070004
:1029B000D83E0700FC3E07001C3F0700403F0700D1
:1029C000643F0700783F0700A43F0700C83F0700A7
:1029D000F03F07000C4007002C4007004040070074
:1029E0005840070098400700784C002D00F0838085
:1029F00028467749F5F7ACFC28467649F5F7A8FC58
:102A0000D4E90D12236BCDE900212846E26A724910
:102A1000F5F79EFCD4E906316269284600916F49BA
:102A2000F5F796FCD4E90931226A284600916C49F1
:102A3000F5F78EFCD4E91031E26B28460091694924
:102A4000F5F786FCD4E9122328466749F5F780FCA0
:102A5000D4E92931D4F8A020284600916349F5F73C
:102A600077FC04F190010EC9284600916049F5F702
:102A70006FFC2846D4F89C205E49F5F769FCD4E940
:102A80001423266ECDE900230296D4E916232846A6
:102A90005949F5F75DFCD4E91B31A26E2846009137
:102AA0005649F5F755FCD4E91D31D4F88420284661
:102AB00000915349F5F74CFCD4E91F2328465149AE
:102AC000F5F746FCD4E9222328464F49F5F740FCA8
:102AD0002846626E4D49F5F73BFCD4E902232846AF
:102AE0004B49F5F735FCD4E9002328464949F5F769
:102AF0002FFC2269D2E63648F0F7FEFD3548F0F7A4
:102B0000FBFDD4E90D03D4E90B1200903248F0F735
:102B1000F3FDD4E9062361693048F0F7EDFDD4E90F
:102B20000923216A2E48F0F7E7FDD4E91023E16B71
:102B30002C48F0F7E1FDD4E912122B48F0F7DCFD48
:102B4000D4E92923D4F8A0102848F0F7D5FDD4E91A
:102B50002512D4F890302648F0F7CEFDD4F89C101A
:102B60002448F0F7C9FDD4E91623D4E91467216E8F
:102B700021480291CDE90067F0F7BEFDD4E91B239F
:102B8000A16E1E48F0F7B8FDD4E91D23D4F88410D7
:102B90001B48F0F7B1FDD4E91F121A48F0F7ACFD5D
:102BA000D4E922121848F0F7A7FD616E1748F0F734
:102BB000A3FDD4E902231648F0F79EFDD4E90023D3
:102BC0001448F0F799FD2169E2E600BFB87E0120C4
:102BD0007040070084400700543E0700843E070011
:102BE000B03E0700D83E0700FC3E07001C3F070030
:102BF000403F0700643F0700783F0700A43F0700FD
:102C0000C83F0700F03F07000C4007002C400700BA
:102C100040400700584007002DE9F043536807463D
:102C200087B043B31846144688460A2201A917F014
:102C3000BDFD019B81461D78A5B902F003FE064645
:102C4000F0B1214604AC4046234602220297FFF72A
:102C50000FFD304602A90394FFF788FD284607B010
:102C6000BDE8F083626897B138461049F5F7A2FBDA
:102C70006FF00700F3E778B10D49F5F79BFBF7E735
:102C800077B14A4638460B49F5F794FBF0E7114611
:102C90000648F0F731FDEBE70548F0F72DFDE7E7D3
:102CA00049460448F0F728FDE2E700BFD0030700DB
:102CB000AC40070090160700F0B5002787B00C461F
:102CC0000546CF6002F0BEFD45B30646002839D068
:102CD000012D2DD1082203A904F03CF939463046D4
:102CE0008DF81470FCF778F801961C4E03AB009039
:102CF0001C2130461A4A17F02DFD1A4BC4E9016316
:102D0000284602F09FFDC8B101230421164A174846
:102D100017F020FD154E266007B0F0BD144E114B84
:102D2000C4E90163284602F08DFD266007B0F0BDBE
:102D30000C4BC4E90173284602F084FD002626608E
:102D400007B0F0BD074BC4E90103284602F07AFD45
:102D50000028F3D0012DD7D0F0E700BF448A01202E
:102D60002416070014CB0600F4FC0600408A01205C
:102D700018E50600F0B50546506814460E4685B0C5
:102D800080B10F49EDF74AFA38B12246314628465C
:102D9000FFF742FF002005B0F0BD09F0FFFA002068
:102DA00005B0F0BD02AF114630463B46012200950A
:102DB000FFF75EFC69460348019703F059FFE9E716
:102DC00088F706006D27050008B520B10449F5F71E
:102DD000AFFA002008BD0248F0F78EFC002008BDC5
:102DE000843B07000020704738B5184D044628681A
:102DF000A0B1B0F89030DB0710D505F08BFB0028B0
:102E000018DB3CB120461249F5F7A2FA00232B60EB
:102E1000184638BD0E48F0F76FFCF7E734B120468E
:102E20000C49F5F7C7FA6FF0070038BD0948F0F70D
:102E300063FCF8E72CB1024607492046F5F7BAFAD9
:102E4000F1E701460448F0F757FCECE7648A0120FB
:102E50006C430700384307004843070010B5174B81
:102E60000446186884B088B1B0F89030DB070DD5FF
:102E700002A90091002200231149029406F066F88D
:102E80000028A8BF00200DDB04B010BD34B12046DF
:102E90000C49F5F78FFA6FF00700F5E70948F0F7EE
:102EA0002BFCF8E72CB1024607492046F5F782FAD9
:102EB000F1E701460448F0F71FFCECE7648A0120C3
:102EC000CD2E0500384307008043070038B5E9B12F
:102ED000054608460C4607F04FF90146284606F01D
:102EE000E1F8264B1868A36828B3002B38D00022DD
:102EF000B3F810C05B686244002BF9D12049F5F7A4
:102F000027FA2046BDE8384006F0E0BC1D4C20689A
:102F100018B1B0F89030DB0700D438BD05F0FAFAEC
:102F2000164B021E186815DBE0B11749F5F710FAC9
:102F30000023236038BDFBB101461A8A5B68114447
:102F4000002BFAD10E48F0F7D7FB2046BDE83840F9
:102F500006F0BCBC50B1BDE838400C49F5F7F8B9F3
:102F60001A46CBE70848F0F7C7FBE1E71146BDE892
:102F700038400648F0F7C0BB1946E3E7608A0120F5
:102F8000BC430700648A01209843070048430700B8
:102F9000F0B5214B04461D6887B0E5B1B5F8903017
:102FA000DB0718D55668F6B130460494EDF748F9BA
:102FB000002731464FF480360246284604ADCDE95D
:102FC0000067164B029505F031FF0028A8BF0020CE
:102FD0000EDB07B0F0BD94B120461149F5F7EAF9D0
:102FE0006FF00700F5E770B10E49F5F7E3F9F7E781
:102FF0006CB102460C492046F5F7DCF9F0E70848C9
:10300000F0F77AFBECE70748F0F776FBE8E70146D4
:103010000548F0F771FBE3E7648A01202D300500D5
:1030200038430700D0430700E4430700044B186807
:1030300010B10449F5F78CB90248F0F75DBB00BF49
:10304000608A0120FC430700084B0A1E186803DB56
:1030500030B10749F5F77CB928B10649F5F778B9D9
:103060000348F0F749BB0348F0F746BB608A0120EC
:10307000284407000C4407002DE9F043784E04462D
:10308000336815468BB023B1B3F89030DB0700F1FD
:10309000CB806F68002F00F0D180A868002800F076
:1030A000BD800A2205A917F081FB059B80461B788D
:1030B000002B40F0AA8002F079FC05460120394639
:1030C00009AA04F095FA00283BDBD5F8B8300125B1
:1030D0005B6898FA98F0ADF82200CDE906532846CF
:1030E000ADF8205007A9002C35D004F065FABDF8E2
:1030F0001A3002465BBA9BB220465A49F5F728F9C6
:1031000009A9284604F058FABDF8223002465BBAF5
:10311000204655499BB2F5F71BF906222946284659
:103120004F4B05F0E1F8021E5ADB0822306806A971
:1031300005F020FA021E33DA20464C49F5F73AF939
:1031400005E0002C51D020464949F5F733F900201D
:103150000BB0BDE8F08304F02FFABDF81A20014649
:1031600052BA92B23F48F0F7C7FA09A9284604F0CC
:1031700023FABDF82220014652BA3B4892B2F0F73A
:10318000BBFA294606222846354B05F0ADF8011E4C
:103190002FDB06A90822306805F0ECF9011E2CDBB4
:1031A00000254FF4C0384FF00009324B30681C60E6
:1031B00005F076F930680822CDE900892E4B08A980
:1031C000029505F0F9FCA842C1DAD4B120462B499A
:1031D000F5F7F0F8306805F09DF900233360B6E7A5
:1031E00020462749F5F7E6F8B1E72148F0F784FAD9
:1031F000ADE72348F0F780FAA9E71C48F0F77CFA1E
:10320000A5E71E48F0F778FAE4E7AA688CB12046F3
:103210001C49F5F7CFF86FF0070099E7A4B12046F5
:103220001949F5F7C7F8F6E790B11849F5F790F89E
:10323000F1E711461348F0F75FFAECE764B1204676
:103240001349F5F7B7F8E6E70F48F0F755FAE2E764
:103250000E48F0F751FADEE70D48F0F74DFADAE7DD
:10326000648A0120A8440700C0440700EC4407001A
:1032700090440700608A012049300500044507009A
:10328000CC4407007C44070068440700384407002A
:103290004C4407000020704708B5094B186838B146
:1032A0000849F5F755F8BDE80840074813F0ACBDEC
:1032B0000448F0F721FABDE80840034813F0A4BD24
:1032C000688A0120FC430700686E0120002938D07D
:1032D0002DE9F041084682B00D4606F04DFF204F23
:1032E00006463B6873B318461E49F5F731F8EEB150
:1032F0000024DFF8748005E041460134F5F728F832
:10330000A64213D0012228460DF1070106F0DAFD8E
:1033100000280BDB38689DF807200028ECD1114607
:1033200040460134F0F7E8F9A642EBD1386868B1BD
:103330000E49F5F70DF8284606F0C8FA02B0BDE8C8
:10334000F08170470748F0F7D7F9D0E70748F0F762
:10335000D3F9284606F0BAFA02B0BDE8F08100BF02
:10336000688A01207C46070040E00600CC40070048
:1033700010B5134B04461B68ABB1B3F89020D207CD
:1033800011D5184605F0C6F8021E01DB002010BD5D
:1033900024B120460B49F5F70DF8F7E71146094827
:1033A000F0F7AAF9F2E734B120460749F5F702F839
:1033B0006FF0150010BD0448F0F79EF9F8E700BF64
:1033C0006C8A0120C0460700944607002DE9F043AF
:1033D0001446002287B002290546039240F29C80E1
:1033E000D4E9019003A917F0E1F9A268039B06460E
:1033F0009A4200F0A7805A4F3B6823B1B3F890304F
:10340000DB0700F190804FF000084846CDE90488C2
:10341000ECF716FF04AA0146484604F08BFB112284
:1034200002214F4BBDF8100004F05EFF041E38DB94
:103430004C4B1D60BDF81030012B10D0002D4ED02C
:103440002846494A4949F4F7B5FF386805F062F85B
:10345000021E3FDB0024204607B0BDE8F08376BAA9
:1034600005A8ADF8126002F0FBFC48B33C6803F01D
:10347000E9FB082284F8920004A9386805F07AF87C
:10348000021E39DBCDF8008000220023384938685D
:1034900005F05CFD021EDDDA002D4CD028463549D2
:1034A000D1E745B1284622463349F4F783FF204649
:1034B00007B0BDE8F08321462F48F0F71DF9CAE7B1
:1034C0000DB328462D49F4F775FF386805F022F84A
:1034D000021EBFDA28462A49F4F76CFFBAE72249F0
:1034E0002248F0F709F9386805F014F8011EB1DA3E
:1034F0002348F0F701F9ADE715B128462149A2E7C5
:1035000011462048EDE71D48F0F7F6F8386805F059
:1035100001F8011E9EDAEBE780B11B49F4F74AFF80
:103520006FF0150497E79DB128461849F4F742FF5C
:103530006FF077048FE711460E48D2E71248F0F794
:10354000DBF8EDE745B128461149F4F733FFE7E72B
:103550000E48F0F7D1F8EBE70D48F0F7CDF8DFE7CC
:103560006C8A0120688A01206847070070470700BD
:10357000CD320500E047070048470700984707009D
:1035800008480700BC470700DC460700284707003B
:10359000104707002DE9F04300248BB003290646AD
:1035A000079440F2BF80154607A92246D5E901706D
:1035B00017F0FCF8D5E90228079B05469A4200F06F
:1035C000BD803846CDE90844ECF73AFE014638465E
:1035D000634F08AA04F0AEFA3B68BBB1B3F8903071
:1035E000DB0713D55F4B1E60BDF82030012B1DD0CB
:1035F000002E63D030465C4A5C49F4F7DBFE002CB9
:1036000051D1002420460BB0BDE8F08311220221E5
:10361000534BBDF8200004F067FE041E53DB514BF2
:1036200001241E60BDF82030012BE1D16DBA09A83C
:10363000ADF8225002F014FC00284ED03D6803F093
:1036400001FB85F8920000250022386800234849D4
:10365000009505F07BFC021E45DB4046ECF7F0FDD3
:103660000246082041464FF0FF394FF0FF380495DD
:10367000404D0090386808ABCDE90289019505F00E
:103680003BFC021E35DB4FF4803200233A4813F036
:103690002BFC0B30B3D1002E56D030463749F4F70F
:1036A00089FE002CADD0386804F034FF021EA8DA81
:1036B00056B330463249F4F77DFEA2E72A492B483B
:1036C000F0F71AF89BE7D6B1304622462D49F4F7B9
:1036D00071FE20460BB0BDE8F083D6B130462A49D2
:1036E000F4F768FE8BE7C6B130462849F4F762FE6E
:1036F00085E7F6B130462649F4F75CFE7FE72146C0
:103700002048EFF7F9FF7DE711461D48EFF7F4FF7A
:1037100077E71D48EFF7F0FF71E711461B48EFF719
:10372000EBFF6CE7A0B11B49F4F744FE6FF0150402
:1037300068E711461648EFF7DFFF60E766B13046ED
:103740001549F4F737FEF1E70C48EFF7D5FF56E7D8
:103750001048EFF7D1FFE9E70F48EFF7CDFFE5E7B6
:103760006C8A0120688A01207845070070470700AD
:10377000CD32050099320500686E01209C48070093
:103780000848070048470700984707005C480700BB
:1037900080480700284807001047070008B530B1E7
:1037A000064B074A0749F4F7C3FD002008BD034A4A
:1037B00003490448EFF7A0FF002008BDDC490700DB
:1037C000F84907007405070008B530B1064B074AF1
:1037D0000749F4F7ADFD002008BD034A034904483A
:1037E000EFF78AFF002008BDDC490700F849070011
:1037F0007405070008B530B1064B074A0749F4F7CE
:1038000097FD002008BD034A03490448EFF774FF01
:10381000002008BDDC490700F849070074050700CF
:1038200008B530B1064B074A0749F4F781FD00207F
:1038300008BD034A03490448EFF75EFF002008BDB6
:10384000B04B0700B84B07007405070008B530B14E
:10385000064B074A0749F4F76BFD002008BD034AF1
:1038600003490448EFF748FF002008BDB04B0700AC
:10387000B84B07007405070008B530B1064B074A7E
:103880000749F4F755FD002008BD034A03490448E1
:10389000EFF732FF002008BDB04B0700B84B070020
:1038A0007405070008B530B1064B074A0749F4F71D
:1038B0003FFD002008BD034A03490448EFF71CFF01
:1038C000002008BDB44C0700C04C07007405070079
:1038D00038B50446064D074B2946074AF4F738FD2C
:1038E00020462946054B064AF4F732FD002038BD34
:1038F000284D0700144D0700184D0700484D0700DC
:10390000704D070038B50446064D074B2946074A57
:10391000F4F71EFD20462946054B064AF4F718FD2C
:10392000002038BD284D0700144D0700184D070032
:10393000484D0700704D070038B50446064D074B4B
:103940002946074AF4F704FD20462946054B064A56
:10395000F4F7FEFC002038BD284D0700144D070089
:10396000184D0700484D0700704D070038B5044654
:10397000064D074B2946074AF4F7EAFC204629463C
:10398000054B064AF4F7E4FC002038BD284D07003B
:10399000144D0700184D0700484D0700704D0700F3
:1039A00038B50446064D074B2946074AF4F7D0FCC4
:1039B00020462946054B064AF4F7CAFC002038BDCC
:1039C000284D0700144D0700184D0700484D07000B
:1039D000704D070048B103683BB11B689B6813B189
:1039E0005B6803B118470020704700239B68FFDE27
:1039F00070B58CB0154604460E463022002168464C
:103A000018F05BF901238DF807508DF800303CB1B8
:103A100023685BB3D3E90042154BA5689A4201D0F5
:103A20000CB070BD002DFBD06B69002BF8D0204688
:103A30009847C304F4D5AB69002BF1D03188012934
:103A4000EED120465E24ADF8011071796A4601F08E
:103A50007F018DF80410B1798DF803408DF80510C1
:103A6000F1798DF8061007219847D9E79B68FFDEAA
:103A70002870012020B1036813B19B68187E70473D
:103A800000231B7EFFDE00BFE8B170B5036804466B
:103A9000E3B11B689D689DB139B1EA681AB1BDE810
:103AA000704018461047002070BD01F0A1F92B6945
:103AB000002BF8D0206800B10068BDE870401847BE
:103AC0006FF0010070BD00239B68FFDE00239B6840
:103AD000FFDE00BF0269034692B1021FD2E8AF2F9A
:103AE000417D02F0010201F00100904208D062F332
:103AF0000001186959750AB103F0BEB903F0E4B9C1
:103B0000704700BF30B5B1F5006F83B00DD048F2FB
:103B1000DD63994232D10223012092F8371063F31A
:103B2000061182F8371003B030BD9368DC68237843
:103B3000FF2B26D16378FF2B23D1A378FF2B20D135
:103B4000E378FF2B1DD12379FF2B1AD16379FF2B4B
:103B500017D1236903F0F003E02B12D0956901928D
:103B600004F00CF821690368019A994209D02846AB
:103B700004F1100102F020F8019A10B9022003B0FC
:103B800030BD0123C8E700BF2DE9F047074682B0EA
:103B9000002800F04F810368002B00F027811B688C
:103BA0008A8ED3F8089054BA8846A4B2B9F1000FAF
:103BB00000F08281D9F82430002B00F0748191F854
:103BC0003730C3F30213012B00F099804646002CD6
:103BD00000F0698196F82D30002B00F085800E21D1
:103BE000304640F6CD42002305F040FE0546002851
:103BF00000F018810E2150F80CAFF8F76FFCB4F507
:103C0000C16F06D096F83730C3F30213012B00F0D2
:103C1000AC80D6F82E30CAF80030738EAAF8043083
:103C2000D6F826302946CAF80630738D3046AAF8F1
:103C30000A30AAF80C4005F08DFE304606F024F953
:103C4000386800B100683146D9F8243098470546F5
:103C5000002840F0A5802C46B368D3F80C801A8A5F
:103C60005B681444002BFAD13A68002A00F0BE8049
:103C7000106881688B68002B00F0AC8001219847A8
:103C800030B103681B190360436843F100034360CC
:103C90003A68002A00F00581106882689368002B5A
:103CA00000F09E800121984710B103690133036140
:103CB00098F80010012900F09B80FF2904D198F8A2
:103CC0000130FF2B00F0B880B36833B100201A8AAE
:103CD0005B681044002BFAD10546304605F0F6FD2E
:103CE000284602B0BDE8F087774B18689A889B7920
:103CF000C6F82D00A6F8312086F833306FE7B2F50C
:103D0000006F7FF463AF8B688D69DC6803F036FF6A
:103D1000226903689A4200F0B380284604F110013A
:103D200001F04AFF002840F0AB80D8F80830D9688D
:103D30000B6903F0F003E02B00F0A2800246103183
:103D4000404601AB00F086FB0546002800F0988055
:103D5000012800F09E80022800F0B1800028BFDB1F
:103D60004FF438715948EFF7F7FCB268D1680A6927
:103D700002F0F002E02A7FF44CAFAAF800305E2394
:103D80008AF802304B7C8AF803308A7C03F07F0388
:103D90008AF80420CA7C8AF803308AF805203FE7B5
:103DA0003B681BB3186882689368002B3DD00121E3
:103DB000984710B1836A01338362B4F5C16F8FD124
:103DC000404605F0A5FDB3683846D968103101F0CA
:103DD0009DF882E74B68002B3FF45EAF98474FE7B2
:103DE0005368002B3FF464AF98475DE79B68FFDEA4
:103DF00098F80130002B7FF467AF98F802305E2B03
:103E00007FF462AF3B68002BF0D01868826893683B
:103E1000002B4BD0984700283FF456AF036A01337C
:103E2000036251E76FF00B05C7E75368002BC4D05E
:103E30009847BEE78368FFDE98F80230FF2B7FF4D7
:103E400043AF98F80330FF2B7FF43EAF98F804306F
:103E5000FF2B7FF439AF98F80530FF2B7FF434AF98
:103E60003B68002BC2D01868826893685BB101215F
:103E7000984700283FF428AF83690133836123E723
:103E800046460824A6E65368002B3FF41DAF98472A
:103E9000EFE7404605F01AFD019EB48E64BAA4B265
:103EA00095E69368FFDE6FF0850519E75368002BF0
:103EB0003FF40AAF9847AEE76FF0010510E74046C0
:103EC00005F004FD00250BE7844F07004C4F070069
:103ED0002DE9F04F8D680646EB6883B0C3B32A8A9C
:103EE0000D2A35D9D3F806200C46C1F826205A8968
:103EF0002E3121F8042C40F20362A2841868C4F821
:103F00002E009888A2856086B3F80C9094F82E70E5
:103F100099FA99FAFF2FA4F834A01FFA8AFA2ED042
:103F200007F00107002E00F048813368002B00F0F5
:103F300040815A7C062A40F0C08037B903F1120054
:103F4000019317F0C2FE019B20B94FF000081EE05C
:103F50007EB13368002B00F0D180186882689368C6
:103F6000002B00F0A4800121984710B1C36A0133EF
:103F7000C3624FF0020A504603B0BDE8F08F94F8D8
:103F80002F30FF2B00F0D2804FF0000801270E21C8
:103F900005F10C00F8F7E6FAA368002B00F0E480C6
:103FA00000251A8A5B681544002BFAD18C4B8D488A
:103FB000834200F20F8180F0A480998900F1FF3CD8
:103FC000ACEB030CC01A51454FF00002DFF818E2C9
:103FD0004FEA1C1C4FEA101002D15968714510D0ED
:103FE000824203F1100300F0F580944502F10101D3
:103FF00000F087800A4699895145F1D15968714589
:10400000EED1D3F808B0BBF1000FE9D051462246FB
:104010003046D847824678B1022899D048F688635E
:10402000994509D094F83730C3F30213012B00F0FF
:10403000B880022B00F09A80002E00F0B880336820
:10404000002B5CD0186881688A68002A3ED0012164
:10405000904738B183680E355B198360C36843F1BC
:104060000003C3603368002B49D0186882689368E6
:104070003BB30121984710B1436901334361B8F163
:10408000000F28D1002F3FF476AF3368002B00F0EB
:104090009E80186882689368002B7CD00121984725
:1040A00000283FF468AF436A0133436263E7536813
:1040B000002B3FF45EAF984757E7002F7FF445AFE2
:1040C0004BE75368002BDAD09847D4E74A68002AB8
:1040D000CBD09047BDE733688BB11868826893688E
:1040E000002B3BD00121984700283FF444AFC3691F
:1040F0000133C361504603B0BDE8F08F00239B68D5
:10410000FFDE002E53D03368002BF8D01868826889
:104110009368002B55D00121984700283FF429AF20
:10412000D0F8B0300133C0F8B03022E794F8303026
:10413000FF2B7FF429AF94F83130FF2B7FF424AFAD
:1041400094F83230FF2B7FF41FAF94F83380A8F13E
:10415000FF08B8FA88F84FEA581817E75368002B99
:104160003FF409AF9847BFE71D461FE7A268D36831
:104170009B885BBA28339BB22D2B3FF65DAF118A2B
:10418000994228BF1382526836BF5B1A00239BB244
:10419000002AF4D150E75368002B3FF4ECAE984767
:1041A0007EE7A268D3685B885BBA9BB2E4E7B3683A
:1041B000FFDE002FA2D09846E9E6002F7FF4C5AEBF
:1041C000D7E65368002B3FF4D4AE9847A5E7D8F85C
:1041D0000830FFDE4FF4BE710448EFF7BDFA00BFB0
:1041E000D4C50600F4C50600287001204C4F070016
:1041F000004870478C4F070010B1006800B180681C
:10420000D0E8EF3F43F00102C0E8E12F0029F7D1E9
:10421000DB0700D57047043013F07AB910B100689D
:1042200000B18068D0E8EF3F23F00102C0E8E12F41
:104230000029F7D1DB0700D47047043013F068B9C8
:1042400058B103685BB11868826832B105495B6890
:104250008B4202D1136A03B11847002070479B6854
:10426000FFDE00BF2870012038B5044600282ED09C
:104270000368002B2DD001229D68184968612A76B9
:10428000281D13F0E3F823682BB318688368BBB1CB
:104290005A695AB19047420503D52B7E43F0040377
:1042A0002B762368BBB1186883684BB15B693BB15F
:1042B0009847C30404D50021094A0A4801F088FB45
:1042C00000F060FE6B7E43F002036B7638BD207613
:1042D000FFDE1B76FFDE9B68FFDE00BFD53A0500E0
:1042E000F1390500708A012038B5044679B1836937
:1042F0006BB100F118054FF0FF324FF0FF33284645
:1043000012F0EEFC05F0E2FAA369002BF3D10023D2
:10431000A360E3602361A38238BD00BF2DE9F047AD
:1043200015F03AFA80460D46354E4FF0FF324FF009
:10433000FF33344812F024FA3468002C54D06B0157
:104340004FEA4817B7EB080743EAD86363EB050366
:104350009B0043EA9773BF0017EB080745EB030583
:10436000ED0045EA5775C7F3103747EA45476368DC
:10437000C7F5FA6803EB0802002A4FF00009256828
:10438000DFF884A019DC20460121FFF7ADFF736838
:1043900022689C42DAF80430326008BF7260C4F8C8
:1043A000009033B31C60CAF80440EDB12C4663683A
:1043B0002D6803EB0802002AE5DDDB1B13F5FA6F1D
:1043C0001AD04FF4004240F2E730002103F5FA63BF
:1043D000E3FB02014FF47A720023EBF705FF02467C
:1043E0000B460A4813F016FABDE8F047054812F0EC
:1043F00077BACAF80040D6E700221346F1E700BFBB
:10440000507C01207C8A0120587C0120187C0120EE
:104410000F49486850B10B6843B1984202D110E08F
:10442000984204D01A461B68002BF9D170470368E4
:1044300013604B6898424FF0000308BF4A60036066
:1044400070470368C1E9003300230360704700BF71
:10445000487C0120002800F02E822DE9F04F9B4679
:104460008368044683B0002B00F019810D46164680
:10447000002A00F002814FF0FF334FF0FF329148E5
:1044800012F07EF9DFF840E2A169DEF80030002B7F
:1044900046D01F46002003E038463F68002F3FD03B
:1044A000BA689142F8D1D7F80CC02A689445F3D184
:1044B000BB4216D03A68002800F0F4800260DEF8B3
:1044C0000420974208BFCEF8040000223A60DEF8CC
:1044D00000203A60DEF80420CEF80070002A00F0D8
:1044E000A580784812F0FCF9BA68002A00F0E48050
:1044F0001268002A00F0E08012320621002084F8C1
:1045000025101568C4F82650928884F82D1062850D
:104510003A69C4F82E20BB8A638603B0BDE8F08FE9
:104520006A4B1F6827B94EE13F68002F00F04B81AE
:10453000BA689142F8D1F8682A689042F4D12046CE
:1045400005F0E6F9044607F11800214612F01EFCBA
:10455000002840F08D80204605F0B8F9D4F818A066
:10456000002E00F0B78040F606030122A046A38685
:1045700094F83730A06862F3061384F837301C21B2
:104580000C30F7F7ABFFA368D3F80C90BAF1000F2B
:1045900000F07281DAF80030002B00F06D811233E8
:1045A000062288F825201A680027C8F826209B884C
:1045B00008F1260AA8F82A30FFF71AFE40B10623B0
:1045C00088F82D300368C8F82E308388A8F8323078
:1045D00040F20642A9F804200122002389F80720AE
:1045E0003B4A89F80630C9F81230C9F80020A9F80A
:1045F00016302A68C9F81820DAF80020C9F808200F
:10460000BAF80420A9F80C20002F57D0BA68D2F8C5
:10461000B8203AB11846D37E9B0702D51388012BE8
:1046200007D0C8B90023C9F80E3018E0CEF80470DE
:1046300057E792F919100129F3D1536816B131687F
:104640009942EED129684B40D1690B4208BF101D39
:1046500002D0002800F0FE800368C9F80E30194827
:1046600012F03EF90120CBF8008003B0BDE8F08FD6
:10467000144812F035F902204FE7806901F068FA1A
:1046800000287FF4F8AEA369D3F8B830002B3FF4CC
:10469000F2AE03F158059B6D002B7FF4ECAE6FF08A
:1046A00015003AE7DEF80410CEF800208F427FF4C0
:1046B0000CAFCEF8042008E702221EE7A368D868F2
:1046C0000C30C9E77C8A0120487C0120507C012005
:1046D000000108004FF0000840F6CD473346CDE911
:1046E000007832461C21504605F092FB8046002897
:1046F00000F0A780374640F606030122A8F83430C0
:1047000098F83730D8F8080062F3061388F8373085
:104710001C210C30F7F7E2FED8F80830D3F80C90E3
:10472000002F3FF433AF204605F0F2F8214607F1A1
:10473000180012F0BDFAD8F81830BB602B68FB6087
:10474000BB68002B00F096801B68002B00F0928065
:104750001233062288F825200022196808F1260A5B
:10476000C8F826109B88A8F82A30544B3A605B683A
:10477000002B7BD01F60514B5F6015F00DF8024697
:104780000B464FEA421C4901BCEB020C41EAD261E4
:1047900061EB03014FEA8C0E89001EEB020241EA35
:1047A0009C7143EB0103DB0043EA5273C2F3103206
:1047B00042EA434242487A6014F07CFE08434ED0FD
:1047C000FFF716FDFAE63F4A176807B33B68136028
:1047D0005268974204BF3B4A536000233B60D4F8C1
:1047E00018A0002E4AD040F606030122A38694F8B2
:1047F0003730A06862F3061384F837301C210C3080
:10480000F7F76CFEA368A046D3F80C908BE7FFF790
:10481000FFFDA0460746D4F818A0002E7FF46BAF2A
:1048200040F6CD484FF000093346CDE900893246C5
:104830001C21504605F0ECFA804600287FF45BAF5F
:1048400067BB214812F04CF800236FF00B00CBF847
:10485000003062E6101D00283FF4E4AEFCE64FF4A1
:1048600080320023194812F0D5FFA9E7134BC3E9A2
:10487000007782E702236CE7022391E640F6CD48F9
:104880004FF000093346CDE9008932461C215046DD
:1048900005F0BEFA804600287FF42DAF0949D1E922
:1048A00000230F603A60002BCBD1064B5F600648B7
:1048B00012F016F8C8E76FF015007047507C012021
:1048C000287C0120587C01207C8A0120187C012052
:1048D0002DE9F0479DF820A0002800F007819946B7
:1048E00003680F4690460646002B71D00C33D3E880
:1048F000AF3F9A046CD54FF0FF324FF0FF337F4843
:1049000011F03EFF7E490D68002D6AD0002403E0BF
:104910002C462D68002D67D0A8688642F8D1EA6839
:104920003B689A42F4D12B68002C7AD023604B6804
:104930009D4208BF4C6000232B600B68002B00F0E9
:104940008E80D8F800206F4B2A611A68B8F80410DE
:104950002A605A68A9821D60002A60D005F11808F3
:1049600006271CE04FF0FF334FF0FF32404612F0B5
:10497000B7F983680446DB6833B180F82D701A6894
:10498000C0F82E209B8843863368002B00F0B3804C
:104990005B68214630465B68984700280EDBAB69B0
:1049A000002BDFD1554811F09BFF336853B10C3316
:1049B000D3E8AF3F9B0405D5BDE8F087204604F05F
:1049C00085FFCDE706F1DC00BDE8F04711F088BFB8
:1049D0004FF0FF324FF0FF3306F1DC0011F0D0FE54
:1049E00089E7494812F01CFFB9F1000F1FD1BAF155
:1049F000000FD7D0434C23681BB937E01B68002B4E
:104A000034D09A68B242F9D1D9683A689142F5D166
:104A1000D8F800201A61B8F804209A82C2E75D60D5
:104A20009CE74A680B60954285D14B6083E7354C23
:104A3000236813B917E01B6863B19A689642FAD1EC
:104A4000D9683A689142F6D1D8F800201A61B8F8CE
:104A500004209A82BAF1000FA4D02368D1E72A4833
:104A600012F0DEFE6DE7BAF1000F9BD0274B1D68F8
:104A7000002D35D059682A688D421A6008BF5A60E7
:104A800000232B6014F088FE4FEA401E4A01BEEB63
:104A9000000E42EAD0624FEA8E0362EB010C1A1854
:104AA0004FEA8C0343EA9E7341EB0303DB0043EAC6
:104AB0005273C2F3103242EA4342AE606A603B680E
:104AC000EB60D8F800302B612368B8F804202B6025
:104AD0006368AA822560002B7FF464AF656061E79C
:104AE000FFF796FC05460028CCD15BE74FF44671F2
:104AF0000748EEF731FE5B68FFDE00BF7C8A0120CD
:104B0000507C0120487C0120187C0120587C012029
:104B1000E01907002DE9F043856885B08DB10E4698
:104B20000446174629460023B1F810C0496863447B
:104B30000029F9D11B2B04D9ED682B88B3F5807FB0
:104B400003D0022005B0BDE8F0836B88082BF8D1B4
:104B50002B79062BF5D16B79042BF2D1AB7B7F2B14
:104B6000EFD0EB88B3F5807F1CD0B3F5007F12D176
:104B700005F11806304601F009F9002800F0168109
:104B8000D5F80E3003930023A06905F1080203A9AC
:104B90000093FFF79DFE204604F098FE002005B02C
:104BA000BDE8F083A16905F1080811B1096801B1F8
:104BB000103106224046023117F087F80028C0D095
:104BC0003B78FF2B00F09F80FFF712FB0622014687
:104BD000384617F07AF828B9D5F80E3003F0F0030C
:104BE000E02BAED0A769D7F8B820002AA9D0D37E91
:104BF0009B07A6D51388012BA3D192F91930012B5D
:104C00009FD15368AA699A429BD1AB7CABB9EB7C2C
:104C10009BB92B7D8BB96B7D7BB9AB7D6BB9EB7D84
:104C20005BB9D5F80E20039201254646A06942469D
:104C300003A90095FFF74CFEA769002340F6CD4875
:104C40004FF000091C2138461A46CDE9008905F0CD
:104C5000DFF8054600289ED080681C210C30F7F74D
:104C60003DFC022240F2064C0020AB68A168DB68E4
:104C7000C968DA71574AA3F804C098711A6032689B
:104C800003F1120CC3F81220B28803F10800DA8293
:104C9000002F00F09C803A6802B11032D2F8026016
:104CA0009E60D2888280D1F80E209A618A69C3F80A
:104CB0000E20002F00F089803A68002A00F08580DD
:104CC00012320620012740F6060695F8371085F8BF
:104CD000250067F306111768C5F82670928885F8D5
:104CE0002D006A85D3F812300022C5F82E30BCF8AA
:104CF0000430A8696B8685F8371000232946AE86F4
:104D000001F0C0FE47E77B78FF2B7FF45DAFBB78F7
:104D1000FF2B7FF459AFFB78FF2B7FF455AF3B7926
:104D2000FF2B7FF451AF7B79FF2B7FF44DAFAB7C32
:104D3000FF2B26D0002B7FF447AFEB7C002B7FF4BA
:104D400043AF2B7D002B7FF43FAF6B7D002B7FF4B7
:104D50003BAFAB7D002B7FF437AFEB7D002B7FF4B7
:104D600033AFAB69D5F80E2093427FF42DAF039398
:104D70000025A0690123424603A90095FFF7A8FD7D
:104D800009E7EB7CFF2B7FF41FAF2B7DFF2B7FF41C
:104D90001BAF6B7DFF2B7FF417AFAB7DFF2B7FF439
:104DA00013AFEB7DFF2B7FF40FAFDAE702F0E6FEE7
:104DB000AA6903689A423FF4E3AE3146002000F04E
:104DC000FBFE00283FF4E7AEDAE6022279E73A4636
:104DD00064E700BF000108000121104692F8373057
:104DE0002E3261F30613537200F12601FFF792BED3
:104DF0002DE9F84305464FF0FF334FF0FF323E48B0
:104E000011F0BEFCDFF8F4C0DCF8003023B300265C
:104E10001A6831463A4C45B19868A84205D01E46FA
:104E2000D2B113461268002DF6D19960D96019618C
:104E30009982002E4ED018683060DCF80400984249
:104E400008BFCCF80460D4E9007023601F6000281C
:104E5000E6D16360002AE4D1DFF8A880D8F80040EA
:104E6000002C41D04FF000092668254F45B1A368BA
:104E70009D4205D0A146E6B134463668002DF6D1F4
:104E800001212046FFF730FA2368B9F1000F18D04E
:104E9000C9F80030D8F804309C4208BFC8F8049024
:104EA000D7E900233C602260002BE4D17C60002E17
:104EB000E2D1D8F80030BBB1BDE8F8430E4811F09C
:104EC0000FBDD8F80420C8F800309442E8D1C8F8E3
:104ED0000430E5E7DCF804001F689842CCF8007065
:104EE000B1D1CCF80470AEE7074812F099FCBDE8E8
:104EF000F843014811F0F4BC7C8A0120487C012071
:104F0000587C0120507C0120187C012008B50A4BF8
:104F10001B686BB19A689042FAD1D3F80CC00A684A
:104F20009445F5D118460121FFF7DEF9002008BDB0
:104F30006FF0010008BD00BF507C0120F8B50646A7
:104F40000F464FF0FF334FF0FF320C4811F018FCC2
:104F50000B4B1C6864B1002520463946B0472468D5
:104F60000135002CF8D1054811F0BAFC2846F8BDEF
:104F70002546024811F0B4FC2846F8BD7C8A012081
:104F8000487C0120F8B5184D2B7843BB0022002344
:104F9000164C17491748C4E90023C0E90023C1E9AA
:104FA0000023154E3046A6F1180711F003FED4E990
:104FB0000023276046F8182CA3B1104811F0FAFD21
:104FC00022680F4B7A63626823604AB10D490E482C
:104FD00012F01AFB0D4811F0CBFB01232B70F8BD2A
:104FE0006360F3E76760E8E7A6960120587C01203C
:104FF000507C0120487C0120A88A0120DC8A012005
:10500000C48A01201D430500187C01207C8A0120F0
:1050100008B505F0E1F904F015FA06F0DDFC06F03C
:105020009DFF06F0BBF80AF019FD02F0B1FF05F094
:1050300007FA02F02BF802F0F7F8F9F7F5FE002076
:1050400008BD00BF38B5836804468069002B6ED068
:105050000022B3F810C05B686244002BF9D100282D
:1050600073D03C4DAB689B18AB60EB6843F1000319
:10507000EB6003699B180361436943F100034361DB
:105080000BF03EFDA368002B44D094F838305B074A
:105090000AD42146A06901F0B9FB0128034603D0D8
:1050A000022837D0E3B938BD94F83830204643F0B1
:1050B000040384F8383004F0E7FE94F83730C3F383
:1050C0000213032B0CD8A368DB681B7803F0F003F2
:1050D000402B0AD1204606F0E1FD0346002BE2D02A
:1050E0002046BDE8384004F0F1BBA3692BB31A6B2E
:1050F000A96A01320131A9621A63A3690BB3696914
:10510000DA69013101326961DA612046BDE838406F
:1051100004F0DCBBA36963B129699A6901310132EA
:1051200029619A612046BDE8384004F0CFBB1A4699
:1051300095E726210848EEF70FFB2B210648EEF7EE
:105140000BFB30210448EEF707FB36210248EEF74F
:1051500003FB00BFB87E0120984F070000293FD015
:1051600038B50546002838D08B680C465BB3DA6842
:105170004AB31B8A3BB3036843B30C33D3E8AF3F56
:10518000DB0723D591F83730084643F0010381F857
:10519000373004F079FEA5612B6823B31A7CA3682D
:1051A00084F8242084F82C2013B15B68002BFCD1F8
:1051B00094F83C0005F03AF92146C0B205F028F910
:1051C00038B9002038BD6FF03C0038BD6FF0720078
:1051D00038BD204604F07AFBF3E76FF0150038BDC8
:1051E0006FF0150070471B78FFDE00BF002800F04D
:1051F0005B812DE9F8431F4683680446002B00F0CD
:1052000050818169002900F03F810D6825B10C357E
:10521000D5E8AF3FDD0703D46FF07200BDE8F88337
:105220000B68002BF8D00C33D3E8AF3FDB05F3D588
:10523000164604F009FC204604F026FE94F83710C8
:10524000C1F30211012909D032463B462146A0692B
:1052500001F02AFC022812D00020DFE7A38EB3F56C
:10526000006F0FD06369002B7ED1A56932463B46A3
:105270002146284601F018FC022840F086806FF095
:105280000400CBE7A368DD682B7A002B00F0888050
:1052900002F070FC2A6903689A4200F0BE80A3689D
:1052A000DD682B7C7F2B1FD0D4F8188002F066FCC1
:1052B0002A6903689A4200F0D680404605F1100141
:1052C00000F07AFC002840F0CE80A3680146D3F8B5
:1052D0000C9009F11008404600F058FD05460028E2
:1052E00000F0B280A368DD68EA68A368DB6819692A
:1052F000D960A368DB681A614FF40063A66904F102
:10530000240004F12C05A386002E00F0D080316823
:10531000002900F0D2800A694B69626243603368F9
:10532000002B00F0C88010331A685B68E2626B6083
:1053300094F83820A36822F0140242F0140284F892
:10534000382013B15B68002BFCD194F83C0005F0C9
:105350006DF82146C0B205F05BF800283FF47CAF41
:10536000204604F0B3FA77E7A268D268126902F027
:10537000F002E02A23D0A56932463B462146284662
:1053800001F092FB02283FF47AAF002D00F09D80DF
:105390005149AB6B0A6B013301320A63AB635BE7C4
:1053A000A169002900F08D804B4D0A6CAB6B013276
:1053B000013320460A64AB6304F088FA4CE793F8A3
:1053C0008C30002BD7D000220023204604F0D0FEE2
:1053D000054678B1A069A86138B10368002B78D080
:1053E0001B7C85F8243085F82C302946FFF7B6FE63
:1053F00000281FDB94F83780C8F30218A5693246ED
:105400003B462146284601F04FFB02283FF437AFC8
:10541000B8F1010F7FF420AFB7E7A369002B50D09C
:105420002D4C1A6CA16B013201316FF07C00A1632D
:105430001A64F3E694F83730C3F30213012B26D035
:10544000284604F043FAD5E702F098FBD9F810207B
:1054500003689A423FF446AF4146284600F0ACFB51
:1054600000287FF43FAFA268D3681B7B7F2BD4D08A
:1054700094F837806369C8F30218002BBED0B8F1E6
:10548000010F3FF472AFDFE66FF01500C6E6A369C7
:10549000DBB19A6B104901329A630B6B01330B63DA
:1054A000CEE76FF03C00B9E66FF03C007047082291
:1054B000314616F0DBFB002336E7082216F0D6FB58
:1054C0002DE7D3210548EEF747F9D8210348EEF739
:1054D00043F91B78FFDE00BFB87E0120984F07001C
:1054E00010B504464FF0FF324FF0FF331C4811F067
:1054F00047F91C4B1A6852B34FF0FF3C4FF47A70D7
:105500001168D369128C1B1B00FB0233002B1BDDBF
:105510009C4528BF9C4611B10A460968F1E74FF443
:10552000004440F2E7304FF47A720023ECFB0401B0
:10553000EAF75AFE02460B460B4812F06BF9BDE83B
:105540001040074811F0CCB900200146F2E70648A8
:1055500012F066F9BDE81040014811F0C1B900BF72
:10556000606D0120607C0120687C012000282BD028
:1055700070B5036804468CB02BB10D4616465968C9
:10558000144A914202D001200CB070BD18688368A3
:10559000002BF8D05B69002BF5D098470542F2D07C
:1055A0002368C5F10D01C9B293B118688368DB693E
:1055B00063B16A46984748B9009B36EA030314BFB3
:1055C000012000200CB070BD012070470020DBE7F7
:1055D0009B68FFDE287001202DE9F04B82B014F0AB
:1055E000DBF842014B01121A43EAD06363EB01037B
:1055F00095009B002D1843EA927341EB0301CB0009
:1056000043EA5573C5F3103545EA4345264F4FF03D
:10561000FF324FF0FF33254811F0B2F83E6856B321
:105620004FF000082B46C14645464FF47A7B98461A
:105630003468F369328CA3EB08030BFB0233002BB5
:1056400015DCB388012B25D03368EDB12B607B6866
:10565000B34208BF7D6096F82230C6F8009069F327
:10566000000386F822302CB126462468E1E735464F
:10567000002CF9D145462846FFF732FF0B4802B00F
:10568000BDE8F04B11F02CB97A683B60B242E2D130
:105690007B60E0E71023B26920200093044906F103
:1056A000080302F011FCCFE7607C0120606D01204F
:1056B000000030E070B538B305460C4600F1C8066E
:1056C0004FF0FF334FF0FF32304611F059F8D5F864
:1056D000B8303BB1DA7EC2F34005920702D51A8892
:1056E000012A05D00025304611F0FAF8284670BD91
:1056F000D8695B68226863EA00039342F2D13046BE
:1057000011F0EEF8284670BD40F207310148EEF77F
:1057100023F800BFE0190700F8B5044648B30D466A
:10572000164600F1C8074FF0FF324FF0FF333846FE
:1057300011F026F8D4F8B840C4B1E37E9B0714D525
:105740006A1C03D094F91930AB420ED12388012B87
:105750000BD16368084A1BBA1B0C1B04934202D18D
:105760001EB1043402E0002EFBD00024384611F0B4
:10577000B7F82046F8BD00BF0000FEA92DE9F043B0
:1057800083B0002853D004460E461746994600F1D0
:10579000C8084FF0FF3240464FF0FF3310F0F0FFE3
:1057A000D4F8B8503DB1A869234C20F07D4000F0FA
:1057B000FF20A04207D00025404611F091F828466E
:1057C00003B0BDE8F0832B88012BF4D16A681B4934
:1057D00013BA1B0C1B045B1AB3FA83F35B094B452A
:1057E000E9D1E969002311400191013E01A903E0DB
:1057F0000833DBB2202B14D016F8012F11F8010B5F
:105800008242F5D0424014060BD403F10801C9B21C
:1058100001E0100605D40133DBB252009942D2B246
:10582000F7D13A789A42C6D83B700435C4E740F2C3
:1058300007310348EDF790FF000100020000FEA9C8
:10584000E019070000280ADD064A431E0649C3EB9B
:10585000431302EBC300884228BF0020704700209A
:10586000704700BF006F0120F86F012038B5144A5F
:10587000144B93421FD809D29842044602D106E045
:105880009C4204D0F833934215D8F9D338BD04F1C3
:10589000C8054FF0FF334FF0FF32284610F070FF7D
:1058A000B022002104F1080016F007FA2846BDE8EE
:1058B000384011F015B84FF4C5710348EDF74CFFAF
:1058C000F86F0120006F0120C84F070070B5104C21
:1058D000104EB44215D819D204F1C8054FF0FF3369
:1058E0004FF0FF32284610F04BFFB022002104F1A8
:1058F000080016F0E2F92846F83410F0F1FFB4423F
:10590000E9D94FF4CD710448EDF726FF70BD00BF13
:10591000006F0120F86F0120C84F07002DE9F0410A
:10592000B0B304460E4615461F4600F1C8084FF0B6
:10593000FF3240464FF0FF3310F022FF2268C2B121
:105940000C32D2E8AF3FDB051FD4062D11D82468F6
:105950007CB104F11200A6B131462A4616F086F950
:10596000002627746574404610F0BAFF3046BDE843
:10597000F0816FF01506404610F0B2FF3046BDE8EA
:10598000F081C4F812608680EAE74FF0FF36EAE75C
:1059900040F207310148EDF7DFFE00BFE0190700D4
:1059A000014B1860704700BF808B0120054B064AF1
:1059B000934205D0054A1068002808BF1846704772
:1059C00000207047006F0120F86F0120808B0120BC
:1059D0002DE9F0410446884617461E4D4FF0FF3230
:1059E0004FF0FF331C4810F0CBFE2E684EB1B4428E
:1059F00027D0334601E09C420ED018461B68002B8E
:105A0000F9D126606B682C609BB1C4E90187BDE8C1
:105A1000F041114810F064BF236803606B689C423A
:105A200016D0002323602E6826606B682C60002B44
:105A3000EBD16C60C4E90187BDE8F041064810F085
:105A40004FBF6A68236894422B60EAD16B60E8E735
:105A50006860E6E70C8B0120606D01202DE9F041C4
:105A600006460F4690464FF0FF334FF0FF320E4888
:105A700010F086FE0D4B1D688DB16B682C68B3422B
:105A800006D02BB15CB125466B682468B342F8D1CF
:105A9000424639463046AB689847002CF3D1BDE802
:105AA000F041014810F01CBF606D01200C8B0120FB
:105AB00070B5002840D004460D4600F1C8064FF0EE
:105AC000FF334FF0FF32304610F05AFE23687BB1AF
:105AD0000C33D3E8AF3F5B060AD5D4F8B83073B1C6
:105AE00005B12B600024304610F0FAFE204670BD50
:105AF0006FF08504304610F0F3FE204670BD4FF085
:105B0000FF324FF0FF330F4810F03AFE0E4B1A6E83
:105B100042B9C4F8B8301C6605B12B60094810F0D2
:105B2000DFFEDFE7074810F0DBFE6FF002043046CF
:105B300010F0D6FE204670BD40F207310348EDF765
:105B40000BFE00BF606D01201C8B0120E0190700D7
:105B500070B550B305460C4600F1C8064FF0FF3350
:105B60004FF0FF32304610F00BFED5F8B830B3B12D
:105B7000DA7E4FF0000CC2F3400592070AD51A886E
:105B8000012A06D122685868D96982EA00030B42CB
:105B900000D06546304610F0A3FE284670BD1D4675
:105BA000304610F09DFE284670BD40F20731014896
:105BB000EDF7D2FDE019070090B970B50D4C0E4E0F
:105BC000B44211D80D4604D30CE0F834B4420BD8DB
:105BD00008D229462046FFF76DFD0028F5D070BD9C
:105BE000FFF768BD002070BD40F679610348EDF70E
:105BF000B3FD00BF006F0120F86F0120C84F070000
:105C0000FFF7DABF0022FFF787BD00BF00232DE9B1
:105C1000F04F83B00E468DF8073000296BD00A682C
:105C20003C4C12BA120C1204A24282460BD000283D
:105C30004AD00DF10702FFF7A1FD07465FB13846D4
:105C400003B0BDE8F08F98B101221146FFF764FD63
:105C50000746002FF3D1002201215046FFF75CFDDB
:105C600007460028EBD103B0BDE8F04F01F082BF3A
:105C7000294DDFF8A880454546D8834628BF0DF159
:105C800007090FD22C460DF10709204601234A4689
:105C90003146FFF773FDF834002818BF83464445AA
:105CA00032D8F2D3454528D01D4B18681A4B00282E
:105CB00008BF18464A4631460123FFF75FFD0746F5
:105CC0000028BCD15F46B9E7134DDFF85080454549
:105CD00015D8C0D207460DF10709284600234A46C9
:105CE0003146FFF74BFDF835002818BF07464545FC
:105CF00005D8F2D3A2E70F46A1E70020DAE740F685
:105D00003F710848EDF728FD40F651710548EDF761
:105D100023FD00BF0000FEA9006F0120F86F0120E5
:105D2000808B0120C84F070038B5002824DD154CB2
:105D30000138C0EB4010144A04EBC00595424FEA0D
:105D4000C00019D2C83004444FF0FF324FF0FF3387
:105D5000204610F015FDD5F8B85045B1EB7EC3F3E1
:105D600040029B070BD52B88012B18BF002520462E
:105D700010F0B6FD284638BD0025284638BD15462A
:105D8000F5E700BF006F0120F86F01202DE9F8430F
:105D90001B4D1C4FBD421AD8814688462CD205F1B6
:105DA000C8064FF0FF324FF0FF33304610F0E8FCEA
:105DB000D5F8B8402CB1E27E930702D52288012A9B
:105DC0000AD03046F83510F08BFDBD42E6D940F6DA
:105DD000A1710D48EDF7C0FCD9F80020636893422B
:105DE000EFD1B8F1000F01D0C8F80050304610F0E4
:105DF00077FD2046BDE8F88300242046BDE8F883FF
:105E0000006F0120F86F0120C84F0700002330B554
:105E10000D4683B0014618460193FFF7F7FE04468E
:105E200001F0A8FE844209D0204601A9FFF7AEFF89
:105E3000019818B105B12C6003B030BD054B064A7E
:105E4000934205D0054A1068002808BF1846F1E7BC
:105E50000020EFE7006F0120F86F0120808B012008
:105E60000021FFF7D3BF00BFFFF790BF002300B5AD
:105E700083B001A90193FFF789FF60B1019B094835
:105E800083420BD308498B4208D20849181AC01024
:105E900001FB00F0013003B05DF804FB4FF0FF3070
:105EA000F9E700BF006F0120F86F0120DF7BEFBD35
:105EB000F8B5B8B304460D46164600F1C8074FF0D2
:105EC000FF324FF0FF33384610F05AFC00212046D5
:105ED000FFF7EEFD002818DBD4F8B830ABB1DA7E5E
:105EE0004FF0000CC2F34004920709D5188801282E
:105EF00005D129685868DA69414011420BD06446DF
:105F0000384610F0EDFC2046F8BD0024384610F06D
:105F1000E7FC2046F8BD3268DA61384610F0E0FC54
:105F20002046F8BD40F207310148EDF715FC00BFEF
:105F3000E019070070B5D0B104460D4600F1C8065F
:105F40004FF0FF324FF0FF33304610F019FC0021C4
:105F50002046FFF7ADFD002804DBD4F8B8300BB1C4
:105F60002A689A653046BDE8704010F0B9BC40F22E
:105F700007310148EDF7F0FBE01907002DE9F04388
:105F800085B000286BD00546884691461F4600F133
:105F9000C8064FF0FF324FF0FF33304610F0F0FBF1
:105FA000284603A9FFF784FD002844DBD5F8B84054
:105FB000E37E990704D5D8F800106268914231D089
:105FC000B9F1020F039C38D0E37E9B0733D45CB356
:105FD0000121B7FA87F72A4604206FF07F45E37E58
:105FE000218023F0120343F01203E3765FFA83FE6D
:105FF0007F0967F3000ED8F800702318616161769D
:1060000084F81890676084F81BE0E56116490090F9
:10601000012001F059FF304610F062FC204605B027
:10602000BDE8F083DA060CD5304610F059FC204666
:1060300005B0BDE8F0830024F6E7237E042BC3D12E
:10604000C5E704F11403D3E8EF1F0131C3E8E21FF1
:10605000002AF8D1E37E43F01003E376E4E740F250
:1060600007310248EDF778FB000030E0E019070047
:1060700070B582B000284ED004460D4600F1C80627
:106080004FF0FF324FF0FF33304610F079FB002124
:106090002046FFF70DFD002836DB2B6803F0F003E8
:1060A000E02B31D1D4F8B80070B390F838C01CF0B0
:1060B000010C20D124232021224644180121CCEBBD
:1060C000CC0C00EB8C0C03440420ACF820109CF8A2
:1060D000381041F001018CF838102968CCF82410F0
:1060E00000900F49042001F0EFFE304610F0F8FB5D
:1060F000204602B070BD90F85430DB0704D4402332
:106100003C214FF0010CD7E70024304610F0E8FBAB
:10611000204602B070BD40F207310248EDF71CFB8B
:10612000000030E0E0190700F0B583B0002852D03D
:1061300005460C4600F1C8074FF0FF334FF0FF3221
:10614000384610F01DFBD5F8B830002B3AD093F844
:106150003820D2072BD5002C3BD02268596A8A42BE
:106160001AD124220024C4EBC40403EB8404134496
:106170002A46042594F8381008206FF3000184F8AB
:10618000381017490095012601F09EFE384610F0A0
:10619000A7FB304603B0F0BD93F8546016F001063B
:1061A000F4D0196C8A420DD140220124DBE793F828
:1061B000546016F00106E9D0002CF5D02268196C65
:1061C0008A42F1D00026384610F08AFB304603B0F0
:1061D000F0BD2422C7E740F207310248EDF7BCFAD0
:1061E000000030E0E01907002DE9F041274CDFF80E
:1061F000A08044453BD807460E4608D25EB13368BE
:106200004BB1A34207D0F834444530D8F8D300242A
:106210002046BDE8F08104F1C8054FF0FF334FF090
:10622000FF32284610F0ACFAD4F8B830CBB193F86E
:106230003820D00720D53FB33A68596A8A4223D024
:1062400093F85410C9070CD5196C8A4209D13C2225
:1062500006B134609C18284610F042FB2046BDE889
:10626000F0812846F83410F03BFB4445C5D941F293
:106270002A310848EDF770FA93F85420D207F0D588
:10628000002FE4D03A68DFE72022E1E7006F012029
:10629000F86F0120C84F0700A8B138B50D4689B185
:1062A00000F1C8044FF0FF324FF0FF33204610F0EA
:1062B00067FA2B7E6FF341032B762046BDE838400A
:1062C00010F00EBB38BD70472DE9F041036804465D
:1062D00093F8207084B00C33D3E8AF3FD90740F176
:1062E0003781006800B100680FF082FC00283ED1C1
:1062F00003252368C3B383F8205004F1C8064FF088
:10630000FF324FF0FF33304610F03AFAD4F80080F5
:1063100013F042FA4FEA401C4A01BCEB000C42EA7F
:10632000D06262EB01024FEA8C0392001B1842EA32
:106330009C7241EB0201C90041EA5371C3F310336F
:1063400043EA4143C90BC8F82830C8F82C1030463E
:1063500010F0C6FA236893F82020AA4204D1062D33
:106360001AD0062F00F0958004B0BDE8F0812368B4
:10637000002BF9D00C33D3E8AF3F9A0540F1E88009
:106380002368002BF0D00C33D3E8AF5FC5F3802532
:10639000C5F10605EDB2ACE7062FE5D0DA69002AB3
:1063A00000F0CD800C33D3E8EF1F41F48071C3E8D7
:1063B000E21F002AF7D100232246009302207349EE
:1063C00001F082FD236853B1DA69002ACCD15B6801
:1063D0002BB1DB681BB1204698470307C4D44FF0AC
:1063E000FF334FF0FF32304610F0CAF92368002B1C
:1063F00000F0B0800C33D3E8AF3F5F0640F1AA80D5
:10640000204603A9FFF754FB0028C0F2A380039B9A
:1064100093F8382093F85410D50701F0010040F1AB
:106420009D809707C2F3400500F198805D6303F1FA
:106430003407002800F09E808A0700F19B8003F15A
:1064400050051F65304610F04BFA2E68002E00F004
:10645000968000222046A5F11001143E05F0FEFEB4
:10646000726952B1A2F11405311D2E460022204658
:1064700005F0F4FE7269002AF4D12046311D05F0C2
:10648000EDFE2368002B3FF46FAF0C33D3E8AF3F32
:106490006AE70C33D3E8EF1F21F48071C3E8E21FF1
:1064A000002AF7D10023224600930120374901F04A
:1064B0000BFD23684BB1DA698ABB5B682BB1DB68E3
:1064C0001BB120469847000729D44FF0FF334FF007
:1064D000FF32304610F054F92368EBB10C33D3E8A7
:1064E000AF3F590618D5204603A9FFF7E1FA002867
:1064F00012DB039D95F83830DA0704D5204605F104
:106500002001FFF7C9FE95F85430DB0704D520467B
:1065100005F13C01FFF7C0FE304610F0E1F93046CE
:1065200010F0DEF9204609F093FA4FF0FF324FF0F9
:10653000FF33304604B0BDE8F04110F021B95A7C79
:10654000002A7FF42FAF41F269611148EDF704F999
:106550000225CEE6304610F0C3F992E70028F9D0C4
:106560008D07F7D4002203F150051A65304610F06C
:10657000B7F96AE7304610F0B3F93D4665E73246B1
:106580002046A5F1100105F069FE7AE7000010D061
:10659000C84F0700A8B138B50D4689B100F1C8044D
:1065A0004FF0FF324FF0FF33204610F0E9F82B7E1A
:1065B00043F002032B762046BDE8384010F090B936
:1065C00038BD704738B5F8B1044600F1C8054FF042
:1065D000FF324FF0FF33284610F0D2F8002120465A
:1065E000FFF766FA002809DBD4F8B8400CB194F83C
:1065F0005C40284610F074F9204638BD0024284637
:1066000010F06EF9204638BD40F207310148EDF731
:10661000A3F800BFE019070038B5F8B1044600F14F
:10662000C8054FF0FF324FF0FF33284610F0A8F8AE
:1066300000212046FFF73CFA002809DBD4F8B840D7
:106640000CB194F85D40284610F04AF9204638BD58
:106650000024284610F044F9204638BD40F20731A6
:106660000148EDF779F800BFE0190700F8B588B3E5
:1066700004460E46154600F1C8074FF0FF324FF0B2
:10668000FF33384610F07CF8012E1FD1D4F8B84003
:106690003CB1E37E9B0719D562682B689A4218BF0C
:1066A0000024384610F01CF994B104F11403D3E827
:1066B000AF2F6AB1511CD3E8EF0F904203D1C3E86A
:1066C000E51F002DF7D1F2D12046F8BD0024E8E700
:1066D0000024F9E740F207310148EDF73DF800BF2B
:1066E000E01907002DE9F04182B0002858D0044697
:1066F0000D461746984600F1C8064FF0FF32304667
:106700004FF0FF3310F03CF8012D09D1D4F8B85008
:1067100035B1EB7E9B0703D56A683B689A4207D088
:10672000304610F0DDF86FF0150002B0BDE8F081E2
:10673000304610F0D5F805F11401D1E8AF2F002A4A
:10674000F1D0501ED1E8EF3F934203D1C1E8E70FEB
:10675000002FF7D1F1D1012A1ADCEB7E6FF3410350
:10676000EB764FF0FF334FF0FF32304610F008F871
:10677000D4F8B8303BB10427224602200B49EB196C
:10678000009701F0A1FB304610F0AAF80020CCE7FA
:10679000B8F1000FC9D0C8F8005002B0BDE8F081D0
:1067A00040F207310248ECF7D7FF00BF000030E0AD
:1067B000E019070070B5054682B018B30C46B9B1B0
:1067C00000F1C8064FF0FF334FF0FF3230460FF0B4
:1067D000D7FFD5F8B8309BB122460121284601AB3E
:1067E000FFF780FF002806DC0124304610F078F81F
:1067F000204602B070BD019BDA7E6FF30412DA7698
:106800000024F2E70446204602B070BD20B10368C0
:1068100013B15B681B68184700231B68FFDE00BFCD
:10682000F8B505460E4617464FF0FF334FF0FF32DE
:106830000D480FF0A5FF0D4B1B687BB11C683A4655
:10684000314628465B68984744B1234624683A4657
:10685000314628465B689847002CF6D1BDE8F840E1
:10686000014810F03DB800BF606D0120148B01207D
:106870000023F0B583B0CDE9003399B37A4B0446D9
:106880001B680D4653B191F82D202E31062A29D8C8
:106890000DF102008DF8012015F0E8F96F6934B1AF
:1068A000236823B10C33D3E8AF3F99051CD46FF0B4
:1068B0007206284603F00AF867B1BB6B1BB131467C
:1068C00038467A689847B7F88E30112B75D0062B6A
:1068D00000F08C809DF8013023B132466946204695
:1068E000FFF79EFF03B0F0BD2368002B57D00C3399
:1068F000D3E8AF3F9A0452D52368002B00F0B18053
:106900005B6829465B682046984723680646002B4B
:106910004ED00C33D3E8AF3F9B0449D5002E12DB99
:106920005249E2680B6820469B190B604B6843EBA9
:10693000E6734B60A3689B1942EBE672A360E260CA
:106940000AF0DEF8B8E712F027FF4FEA401E4B01CD
:10695000BEEB000E43EAD06363EB01034FEA8E0205
:106960009B00121843EA9E7341EB0301CB0043EAFC
:106970005273C2F31032DFF8F8C042EA4342DCE857
:10698000AF3F41F28731D01A884248D8394BD3E81B
:10699000EF1F0131C3E8E21F002A8AD0F7E74FF06A
:1069A000FF324FF0FF3304F1DC000FF0E9FEA3E704
:1069B00004F1DC000FF094FFB0E797F99230002B60
:1069C00029DD2D4A013BC3EB431302EBC3032B4AE2
:1069D000934220D2D3F8A02024490132C3F8A0204A
:1069E000D1F898300133C1F8983073E797F99230B5
:1069F000002B27DD204A013BC3EB431302EBC3030B
:106A00001E4A93421ED25A6F184901325A67CB6E02
:106A10000133CB665EE7FF211948ECF79DFEDCE809
:106A2000EF1F994203D1CCE8E02F0028F7D10ED117
:106A30000022104BD3E8EF1FC3E8E02F00283FF4FB
:106A400038AFF7E74FF498710D48ECF785FE094B26
:106A5000D3E8EF1F0131C3E8E21F002A3FF429AF5A
:106A6000F6E75B68FFDE00BF148B0120B87E0120D3
:106A7000088B0120048B0120006F0120F86F01209A
:106A8000984F070010B58B680C4613B15B68002B5C
:106A9000FCD194F83C0003F0C7FC2146A069BDE896
:106AA0001040FFF7E5BE00BFF8B50C4605464E693D
:106AB000002854D00368002B51D00C33D3E8AF3FEB
:106AC00099054CD50368002B6AD00C33D3E8AF3F4F
:106AD000DA0644D40368002B62D05A68002A5FD0DB
:106AE0005268002A5CD00C33D3E8AF3F9B0715D423
:106AF00094F8253093B9A369002B00F090801B68AF
:106B0000002B00F08C805A7C03F11201062A05D874
:106B100084F8252004F1260015F0A8F856B1B6F83F
:106B20009030C3F38112032A04D1C3F3C203013BA3
:106B3000012B05D994F83730C3F30213012B2AD067
:106B4000A36813B15B68002BFCD194F83C0003F000
:106B50006BFCA0692146FFF78BFE0020F8BD6FF0AB
:106B600072075EB1B36B1BB1394630467268984705
:106B7000B6F88E30112B2DD0062B16D094F82D3070
:106B80000BB90220F8BD28463A4604F12C01FFF764
:106B900047FE0220F6E7204605F0DEF9022832D152
:106BA0006FF00407002EDDD1E8E796F99230002B54
:106BB00030DD1C4A013BC3EB431302EBC3031A4A0B
:106BC000934227D25A6F194901325A67CB6E01336B
:106BD000CB66D3E796F99230002B17DD114A013BC3
:106BE000C3EB431302EBC3030F4A93420ED2D3F815
:106BF000A0200E490132C3F8A020D1F8983001330B
:106C0000C1F89830BAE700289AD0F8BDFF210848AB
:106C1000ECF7A2FD4FF498710548ECF79DFD5B7809
:106C2000FFDE00BF006F0120F86F0120B87E012059
:106C3000984F07000A460121FEF798BC0A46022138
:106C4000FEF794BC074B984209D3074A904206D2FC
:106C5000064AC01AC01002FB00F0013070474FF026
:106C6000FF307047006F0120F86F0120DF7BEFBD20
:106C7000F8B5094C094FBC4208D805460E460AD261
:106C800020463146F834A847BC42F8D941F2416168
:106C90000348ECF761FDF8BD006F0120F86F01209B
:106CA000C84F070028B1006818B1C069003818BF84
:106CB0000120704706289ABF024B53F82000024873
:106CC000704700BF4C500700F44F070070B582B00A
:106CD000002854D0044600F1C8064FF0FF334FF0AF
:106CE000FF3230460FF04CFD2368002B3BD00C33B5
:106CF000D3E8AF3FDB073CD42368002B33D05D687B
:106D0000C5B1AD68B5B1186800283DD00EF070FF70
:106D100090B32368002B3CD05B68012120469B6820
:106D20009847051E19DB00212046FEF7C1FEE0B1A1
:106D3000236843B10C33D3E8EF1F41F00101C3E8EE
:106D4000E21F002AF7D100230820224612490093AF
:106D500001F0BAF82046FFF7B7FA30460FF0C0FD51
:106D6000284602B070BD0025EDE7204605F0F4FA94
:106D7000DEE76FF07705F0E76FF00505EDE740F22D
:106D800007310648ECF7E8FC41F214710448ECF7CF
:106D9000E3FC9B68FFDE00BF000010D0E019070095
:106DA000C84F070070B582B000285CD0044600F1DF
:106DB000C8064FF0FF334FF0FF3230460FF0E0FCD3
:106DC0002368002B45D00C33D3E8AF3FDD0740D517
:106DD000D4F8B8505DB195F83830D80701D5990787
:106DE00031D495F85430DA0701D59B0725D42368B0
:106DF000BBB35D6845B1AD6835B100212046A847F9
:106E0000051E14DB236843B10C33D3E8EF1F21F0D8
:106E10000101C3E8E21F002AF7D100230420224623
:106E20001349009301F050F82046FFF74DFA304621
:106E30000FF056FD284602B070BD204605F1400116
:106E400005F04EFAD3E7204605F1240105F048FA93
:106E5000C7E76FF0770530460FF042FD284602B0D5
:106E600070BD1D46D9E740F207310248ECF774FCCB
:106E7000000010D0E019070020B338B5044600F137
:106E8000C8054FF0FF334FF0FF3228460FF078FC73
:106E900023687BB10C33D3E8EF2F42F40071C3E8D1
:106EA000E01F0028F7D1930504D52846BDE83840F7
:106EB0000FF016BD2046FFF707FA2846BDE8384018
:106EC0000FF00EBD704700BFF8B138B5044600F1B1
:106ED000C8054FF0FF334FF0FF3228460FF050FC4B
:106EE00023686BB10C33D3E8EF2F22F40071C3E8B1
:106EF000E01F0028F7D1930502D52046FFF7E4F9FB
:106F00002846BDE838400FF0EBBC7047E8B108B543
:106F10000368DBB1D86920B90D4A596891420CD099
:106F200008BD1B689B6898680028F9D08047A0F1CD
:106F30000300B0FA80F0400908BD9B68987EA0F17C
:106F40000100B0FA80F0400908BD7047184608BD3E
:106F500028700120F8B5B0B10F46A1B1002A16463D
:106F600011DD00F1BC042046E9F76AF986420546C6
:106F700006DD214638466A1C14F078FE2846F8BD26
:106F80006FF02105FAE76FF01505F7E7B8B32DE9C3
:106F9000F8430E4681B305460846E9F751F908283B
:106FA000814621D8174C184FBC4220D80ED200F190
:106FB0000108A54206D04246314604F1BC0014F057
:106FC00084FE68B1F834BC4211D8F2D3314609F1DD
:106FD000010205F1BC0014F049FE0020BDE8F88371
:106FE0006FF07700BDE8F8836FF05A00F6E741F6DE
:106FF000C5010648ECF7B0FB6FF01500EEE76FF047
:1070000015007047006F0120F86F0120C84F07007E
:1070100080B32DE9F041DFF86480194FB84524D8DA
:107020001CD20546E9F70CF94446064603E0F8345D
:10703000BC421AD812D23246294604F1BC0014F0E0
:1070400079FE0028F3D144450CD30E4BA4EB080085
:10705000C01003FB00F00130BDE8F0816FF00100CB
:10706000BDE8F0814FF0FF30FAE741F6E101064854
:10707000ECF772FB6FF01500704700BF006F012046
:10708000F86F0120DF7BEFBDC84F07002DE9F04FFF
:1070900085B0DFF85481554E4FF0FF324FF0FF338B
:1070A00053480FF06DFB03F0C9F9B04500F28F8033
:1070B0007BD244464FF000094E4FDFF83CA108F167
:1070C000BC0525E00C33D3E8EF1F41F04001C3E8D5
:1070D000E21F002AF7D104F1C8000FF049FB04F1C8
:1070E000DC000FF045FBDBF800302046984794F8B1
:1070F000F03094F8BC2023F0030384F8F030CAB1D8
:10710000F834B44209F1010961D805F1F80536D225
:10711000002255F8BC3CC5E900222A72002B60D041
:107120001A68D2F808B0BBF1000F03D0DBF80020DA
:10713000002AC7D12046FFF7E9FEA0B955F8BC3CAC
:1071400013B15B68534536D03B680DF1040B5A1CF4
:107150003A6009215846294A13F0FCFA594620465C
:10716000FFF714FFCCE7264A0DF1040B1368092141
:10717000581C10605846234A13F0ECFAEEE7224AF6
:10718000A6EB0803DB08A2FB0323B9EB930F23D183
:107190004FF4A0721D4B1E491E48A3F85C2010F04E
:1071A00033FA00221C4BC3E90022114805B0BDE8A8
:1071B000F04F0FF095BB194A0DF1040B136809212C
:1071C000581C10605846164A13F0C4FAC6E741F638
:1071D00033111448ECF7C0FA41F655111148ECF799
:1071E000BBFA9B68FFDE00BF006F0120F86F012033
:1071F000606D0120F88A01202870012010500700DE
:10720000008B012000500700114208211C8B012037
:10721000D9550500687C0120607C0120FC8A012092
:1072200008500700C84F070038B50C4C0C4DAC4255
:107230000AD812D2236863B10C33D3E8AF3F1B07DF
:1072400007D5F834AC42F4D941F66D110548ECF796
:1072500083FA2046FFF73AFDF3E738BD006F0120BF
:10726000F86F0120C84F0700431E012B09D90428DD
:1072700001D00E4870470D4B0D48012918BF184624
:107280007047112910D007DC01290BD0074B0948A2
:10729000062918BF18467047044B07483A2918BFFB
:1072A000184670470548704705487047B8500700B2
:1072B000B0500700A0500700A850070098500700E2
:1072C000A450070000283DD0022970B5DBB28646E5
:1072D00002D0082918BF0621B3B303EBC30403EBA4
:1072E000440303EBC3035D1E0EF101033A2002F1D8
:1072F000030C0EEB010653FA85F501E0AE451AD0FA
:107300001EF8011B0CF8010C01F00F039F294FEA36
:10731000111494BF04F1300104F13701092B94BF1B
:1073200030333733B6450CF8031C0CF8023C614689
:107330000CF1030CE2D18A4206D0002301F8013C93
:10734000104670BD01487047002070BD8C5007008A
:107350002DE9F04F002591B0012884460E461446D1
:10736000CDE90A55CDE90D5509950C950F9542D0FB
:1073700002283CD12D2B3AD90868F3684968B268D5
:107380000CAF0FC703460B4300F0FC802F460025CF
:107390000AA90CAE10A8324605E00B78904203F122
:1073A00001030B7003D032F8023B002BF5D00135FE
:1073B000082D06F1020601F10101ECD14FF0FF3B6F
:1073C000012300250DF1270111F8012F9A4288BFF2
:1073D000AB4605F1010588BF1346082DF4D13A22CA
:1073E000012B08BF4FF0FF3B0CA900920FE028468D
:1073F00011B0BDE8F08F0F2BF9D90B6809932E233C
:107400002F46009304254FF0FF3B034639460026E4
:107410008E462246B2461846B8465946CDE905C4BE
:10742000DFF88C91431E4FF0000C049307903AE074
:10743000B8F1000F03D0BCF1050F00F3AC8061453B
:1074400066D01EB14FF03A0302F8013B3EF81C3003
:107450005BBA13F47F4FC3F30726C3F3031403F09F
:107460000F0042D006F00F03360905D0092E94BF55
:107470003036573602F8016B0126092B94BF3033A2
:107480005733092C94BF30345734092894BF303017
:10749000573013705470907082F803A003320CF1CF
:1074A000010C654514DD042DC2D10CF140036B4481
:1074B00013F81C7C002F3BD113464FF030000CF129
:1074C000010C03F8020B0098654550701A46EADC7F
:1074D0000023DDE905C42046BCF1010F0CBF02F812
:1074E000013C137011B0BDE8F08FFCB11346092CBC
:1074F00094BF3034573403F8014B1A46092894BF1F
:107500003030573002F8010B012683F801A0C6E79E
:1075100006B919B94FF03A0302F8013B049B002663
:107520009C444FF03A0302F8013BB8E71346E4E706
:10753000104609244FF0000BCDE901511D4B039279
:10754000B7FBF3F55C45A9FB03213A4603FB15772E
:1075500001DB9A4205D3B2FBF3F2A346303200F8C6
:10756000012B013C651C4FEAD103E9D1039A80F855
:1075700000A0009B801A52FA80F2DDE9015102F866
:10758000013B8CE74FF6FF73BDF83A20D71AB7FAE4
:1075900087F77F09FBE62E233A240093012302F8A4
:1075A000014B0F9C04250798099405933AE700BF07
:1075B000CDCCCCCC00CA9A3B10B40A4B1A6801322D
:1075C0001A602E23084C84FB024CACEBE27C074C87
:1075D0000CEB4C0CA2EB0C0203FB024210BCFFF7BD
:1075E000B7BE00BF108C012056555555848B012025
:1075F00001282DE9F0470D46164600F08B80022841
:1076000028D128462E2114F088FB95F80080002808
:107610000CBF08270627B8F13A0F04BF95F8018080
:1076200001352846E8F70CFEE8B101386F4C2918FF
:10763000681E10F8013FA3F13002092A11D9A3F105
:107640002E02D2B2462B24FA02F207D82D2B01D9F2
:10765000D30706D46FF01500BDE8F087613B052B1A
:10766000F8D88842E5D10024A14606EB470AB8F1D4
:10767000000FEFD0B8F13A0F28D010220021284691
:1076800013F094F8102280460021284613F08EF85B
:10769000C8F3072848EA002826F814803A2128462B
:1076A00014F03BFB38B1451C0134A74240F39680EF
:1076B00095F80080DBE77B1EA342CBDC631C9F4276
:1076C000C8DC062FC6D00020BDE8F087A742C8BF9F
:1076D00006EB440362DD83F8009083F801900233E7
:1076E0005345F8D13A21284614F052FBA8424AD01B
:1076F000062F00D1013801307C1E01E0A84207D0DE
:1077000010F8013D3A2BF9D1013CA3D3A842F7D19F
:107710000135C9E700234D1E1C4618461946136063
:1077200015F8012F92B12E2A27D0303AD7B2092F5F
:1077300090D80130C0B204288CD003EB830302EB55
:10774000430293B215F8012F002AECD1012811D978
:10775000092B7FF67FAF032812D0FF2B3FF67AAFBD
:1077600073542B78ABB10131C9B2042911D0002375
:107770001846D5E70028F0D16CE70134A4B2E5E75C
:10778000632BEAD866E7062F0ED06B78002BB2D1B8
:1077900099E7032C7FF45EAF002095E74146284629
:1077A00014F0F6FA8542A5D1013500240B362B786A
:1077B000002B3FF44FAF00210A22284612F0F6FFBB
:1077C00003462E21284606F8013F14F0A6FA48B1D8
:1077D0000134042C00F10105E9D174E7062F7FF490
:1077E00072AFE2E7032C7FF435AF6CE70110F801CC
:1077F00010292DE9F04F0D4628BF10250E460746EB
:1078000091469846AA4687B075B14FF0000C00F13A
:10781000FF3E03E00CF1010CAC4505D01EF8014F12
:10782000002CF7D16546E246B8F1000F54D02A4645
:107830003A21384614F00CFA0446002848D0C31BFD
:107840009A45A8BF9A4655464FF0000B394601AFFE
:107850002A46384614F00AFA0AF118030DEB030A17
:107860000AF814BC0120394609F10402FFF7C0FEF2
:1078700058452DDB0123A9F80030B8F1000F03D1E2
:10788000012007B0BDE8F08F013E761B3246E118BB
:10789000384614F0EBF906F118030DEB03060A2243
:1078A0003846694606F814BC12F0F6FF009BBB424E
:1078B0000CD09DF804205AB11B784BB9B0F5803F2D
:1078C00083B205D25BBAA9F80230D9E70028F0D11B
:1078D000002007B0BDE8F08F4446B5E72DE9F0433E
:1078E00011F0010770D140BA8C07BC4680B279D440
:1078F0000F2A40F281808E460024A2F1100601F189
:10790000100526F00F031D444FEA1619DEE9003674
:107910009B19DEF8086044EB04089B19DEF80C6044
:1079200048F100089B1948F100080EF1100E1B18D1
:107930004CEB080C75451846E8D109F10106B50075
:1079400002F00F0201EB0616032A17D9131F05EBED
:1079500093040E1D06EB84064FEA930E01EB85049B
:1079600054F8043B1B184CF1000CB4421846F7D1F4
:107970000135754401EB850602F00302012A06D9A0
:1079800036F8023B023A1B1818464CF1000C012A4B
:107990000CD13378F20748BF1B021B1818464CF174
:1079A000000C03E080B2C01842F1000C030C43EA63
:1079B0000C434FEA1C4253EA1C4CF3D180B20FB97E
:1079C00040BA80B2BDE8F0834FF0000C002AF5D039
:1079D00011F8013B013A1B021B184CF1000C8C07FB
:1079E000184685D5012A0AD931F8023B023A1B18FC
:1079F00018464CF1000C7BE70E460025A4E70E4626
:107A0000C5E700BF4B1E012B2DE9F047064665D99F
:107A1000846834B10022208A64680244002CFAD1C0
:107A200094B2082596F8363096F83A201344C91ACD
:107A30000C44A4B23046D6E903A902F025FA96F820
:107A4000378096F8361048F00103491B86F8373026
:107A5000304602F01FFA2A4631692046FFF73EFF02
:107A600096F83A1004462944304602F013FAF568B5
:107A700008F001080DB33169F9B1EB682F8ACB1A10
:107A8000FF1A20463A46FFF729FF6D680446F56065
:107A90009DB12B8A8BB1E968FB0731610BD50B785F
:107AA00001311C44A4B23161A3422F8A84BF013446
:107AB000A4B2013FE5E72F8AE3E714B164BAE443D7
:107AC000A4B296F83730C6F80CA068F30003C6F8E5
:107AD000109086F837302046BDE8F0870024254610
:107AE000A8E700BF90F83730C3F30213012B01D190
:107AF000FFF788BF0020704708B5034693F836109B
:107B000093F83A209B680A440020D968FFF7E6FE04
:107B100010B140BAC04380B208BD00BF90F8373002
:107B2000C3F30213012B02D10221FFF76BBF002028
:107B3000704700BFE0B1D9B10378CBB15B2B17D050
:107B400010B501F1FF3E002300F1FF3C864404E044
:107B50003A2C08BF0133F44503D01CF8014F002C28
:107B6000F6D1012B18BF0023BDE81040FFF740BE3F
:107B70000020704700487047C85007000048704711
:107B8000C45007002DE9F04FDFF89CA1674B0AF1C4
:107B9000FF36F61AAAEB0307DFF89481DFF8949119
:107BA00091B036093F0900220023634802A90EF074
:107BB0001BFD0546002840F0AF804FF0FF334FF02B
:107BC000FF3240460EF0DCFD584B534500F2A780D3
:107BD00036D25A4C00E01D460D9954F80CCC0C9846
:107BE00081EA0C0381EA0C02C3F30173C2F306526B
:107BF000134354F810EC1BD1C1F3130303430DD00E
:107C0000CCF313035EEA030308D001EA0C0C00EA8C
:107C10000E0ECCF3130C5EEA0C0E09D054F8043CA3
:107C20000E9A01930A9B009354F808CC02ABE047EC
:107C3000BD4274D0B54205F1010304F11004CAD16C
:107C4000D9F80050002D36D04FF0000B2C68DDE93C
:107C50000CC2D5E904E082EA000182EA0003C1F324
:107C60000171C3F306530B4321D1C2F313035CEA42
:107C700003030CD0C0F313035EEA030307D00240F2
:107C80000CEA0E0CC2F313025CEA020C0FD00A9B42
:107C9000BBB102ABAB600A9B6968EB60030115D412
:107CA0000E9B28460093DDE90C238847AB4614B1B0
:107CB00025462468CBE740460EF012FE10F09AFDF0
:107CC00071E7AB60EB6003016968E9D58B6913B1BB
:107CD0000E9A9342EBD1DDE90C23C5E904230E9BF8
:107CE0008B612B68BBF1000F0DD0CBF80030D9F8B9
:107CF00004309D4208BFC9F804B0002368682B60B7
:107D00000FF082F8D3E7D9F80420C9F80030954283
:107D1000F3D1C9F80430F0E711B0BDE8F08FFC21D1
:107D20000748EBF719FD00BF14C6060014C606008D
:107D3000886D0120148C0120EC6D012024C6060002
:107D4000CC50070038B504464FF0FF324FF0FF33F8
:107D50001C480EF015FD1C49086848B1844228D023
:107D6000034601E09C4215D01A461B68002BF9D14E
:107D700020604B680C60D3B1144B25696069D3E96E
:107D8000001229430243C3E90012BDE838400D4800
:107D90000EF0A6BD236813604B689C4210D00023F0
:107DA0002360086820604B680C60002BE4D14C60B5
:107DB000E2E74A68236894420B60F0D14B60EEE73B
:107DC0004A60ECE7886D0120148C0120D07C0120F2
:107DD000F8B50446364E4FF0FF334FF0FF323548CA
:107DE0000EF0CEFC336843B19C4202D150E09C427D
:107DF00046D01A461B68002BF9D1002200232E48DA
:107E00002E492F4D8842C5E900234CD81FD20023AC
:107E10004C1EA1EB000E241A00F110021946184660
:107E20004FEA1E1E240900E0634652F8107C734599
:107E300040EA070052F80C7C41EA070131D0A34226
:107E400003F1010C02F11002EED1C5E90001336823
:107E50008BB1D3E904102A681B6811436A68104388
:107E60003BB11A461B68D2E9044221431043002B60
:107E7000F7D1C5E90010BDE8F8400E480EF030BD5E
:107E80002368136073689C4209D000232360B4E721
:107E90007268236894423360F7D17360F5E77260CB
:107EA000F3E7C5E90001A3210648EBF755FC00BF45
:107EB000148C0120886D012014C6060014C606002B
:107EC000D07C0120CC5007002DE9F0472A4C1D46FC
:107ED000D4E900ECC1F3017333EA1C73DDF82080B0
:107EE00001D0BDE8F087C1F3065333EA1C530C46BA
:107EF000F7D121EA0C0C20EA0E0ECCF3130C5EEA4B
:107F00000C0E0646EDD14FF000091746DFF86CA0C5
:107F10004FF0FF324FF0FF3319480EF031FC494665
:107F20003822504613F0C9FE65B1B8F1000F09D0F0
:107F3000B8F1200F1AD829464246504613F096FE53
:107F4000CAF82080CAE90A64CAF830704FF4A472F3
:107F500000230A490B480EF03FFB09480EF0C0FC15
:107F6000BDE8F047084909480FF0C2BA0448BDE827
:107F7000F0470EF0B5BC00BFD07C0120987C0120FA
:107F80009C6D0120EC6D0120F06A0120D87C01205D
:107F90000020002170B52C4B2C4A2D4C9342C4E993
:107FA000000186B04BD81FD2D51A02F1FF3E002245
:107FB000AEEB030E1046114610332D094FEA1E1E7C
:107FC00000E0624653F8106CAA4240EA060053F8FB
:107FD0000C6C41EA060130D0724502F1010C03F14C
:107FE0001003EED1C4E900011A4B1A688AB1D4E932
:107FF0000010136919431368526910433BB11A46C4
:108000001B68D2E9045229431043002BF7D1C4E97D
:1080100000100023104A114803ACCDE90323059357
:108020000FF08AFA4FF0FF334FF448720C490B48B7
:1080300000940FF08FFA06B070BDC4E90001A321CF
:108040000848EBF789FB00BF14C6060014C60600FB
:10805000D07C0120148C0120F8500700D87C01202E
:10806000B0B80120CC5007004FF4137108B5014897
:10807000EBF772FBC002070040F2023108B501487D
:10808000EBF76AFBC00207002DE9F04F3E4E0024DB
:10809000B4460F469046994685B0BCF890E01EF075
:1080A000010F03D0DCF83030984209D00134062C9F
:1080B0000CF1980CF1D140F6C6313448EBF74CFB8B
:1080C000982504FB05F5BB6906EB050A002B51D08A
:1080D00005F10C0BB3444FF0FF3258464FF0FF331D
:1080E0000EF04EFBB869002842D0FEF7ABFD8AF8CF
:1080F0009200C7F814A0DAF83430002B33D0BAF865
:108100008E30062B18D005F1440030440EF07CFE72
:1081100058460EF0E5FB0E9D50460195982505FB4F
:1081200004660024756B4B46424639460094A847C6
:10813000204605B0BDE8F08FBB693846039302F0D6
:108140001BF8039BDBB112498A6D12188A65CA6D50
:1081500042F10002CA651A6E12181A665A6E42F18E
:1081600000015966CFE758460EF0BAFB0220E0E75F
:10817000FFF782FF40F6C7310448EBF7EDFA4FF402
:1081800090710448EBF7E8FA348C012004510700A1
:10819000B87E0120984F07002DE9F84F0546894623
:1081A00017469846374C9DF82CB09DF830A004F542
:1081B0006476B4F890C01CF0010F19D00DB1A5423F
:1081C00016D0B4F88E00B84212D1638C43450FD15B
:1081D0001CF4006F08D0B9F1000F05D094F992009B
:1081E000FDF730FB814503D10A9B1B88012B05D08D
:1081F0009834B442DDD10020BDE8F88F636A002BCB
:10820000F6D0228C012AF3D11B68D3B10A9A5268A6
:10821000BAB19342ECD1BAF1000F03D094F88A308E
:10822000002BE5D1BBF1000F1DD0B4F89030C3F3A3
:108230008113012B17D1236C93F870320B2B12D1C1
:10824000D6E7BAF1000F11D1BBF1000F0BD0B4F893
:108250009020C2F3811101290DD0002BC8D10A9BB7
:108260005B68002BC4D16FF01000C5E794F88A203A
:10827000002AE9D0BCE7C2F34102032AF3D0002B65
:10828000EDD0B5E7348C01202DE9F041052500271C
:108290000646884686B002210DF11600F4F76EFC02
:1082A000BDF81630013D43F400435BBA9CB210D0D8
:1082B00096F88E20234600213046CDE90177CDF88F
:1082C0000080FFF769FF1130E5D0204606B0BDE819
:1082D000F081284606B0BDE8F08100BF90F88A0022
:1082E000704700BF01207047022807D903380128D2
:1082F0008CBF6FF069006FF05F00704710B96FF0CE
:1083000069007047022800F0BD802DE9F04F022976
:108310000C4616461F4683B00DD0032908D001290C
:1083200004D06FF06A0003B0BDE8F08F062A04D0D5
:108330006FF07A00F7E7112AFAD1002F00F0A5803C
:10834000534D4FF0FF334FF0FF3252480EF0CCFD4B
:108350004FF0000A2B46B3F89010983311F001014A
:108360000CD00AF1010ABAF1060FF4D149480EF017
:108370004BFD6FF0010003B0BDE8F08F982202FBC7
:108380000AF805EB0809484613F097FCFDF70EFBC9
:10839000062E6CD09823FF2000214FF0010C03FB28
:1083A0000A533D4A83F892004244A3F89010D2E861
:1083B000EF1FC2E8E0CF0028F9D1B3F89030621E79
:1083C000022A98BF43EA841343F00800982300244C
:1083D000012203FB0AFA08F1280C08F12003E9182E
:1083E00005EB0A0B05EB0C0EABF890008BF88C201C
:1083F000ABF88E60484645F80C40CEF80440EC508F
:108400004C600191FFF740FF0199012248800190E3
:1084100050B920480EF0F8FCFDF7C8FA062E019B73
:108420002BD06FF06F007EE74FF4A0711B4B0AF169
:10843000900A23F80A1008F14400114628444FF02E
:10844000FF320EF0CDFC08F10C0028440EF090F93C
:10845000BBF8903043F00103ABF89030C7F80090C0
:108460000C480EF0D1FC204603B0BDE8F08F484622
:1084700004F004FC00288DDA78E71946484605F038
:10848000C1F8CEE76FF05F0070476FF015004AE764
:10849000348C01201C8C01203C8C0120378C012065
:1084A00000F10803D3E8EF0F0130C3E8E20F002A20
:1084B000F8D1704738B5044600F10803D3E8EF0F50
:1084C000421EC3E8E12F0029F8D1012801D001386C
:1084D00038BD04F10C054FF0FF324FF0FF33284652
:1084E0000EF04EF9206B18B102F0B2FB00232363AB
:1084F000B4F8903023F00603A4F8903028460EF02C
:10850000EFF9B4F89030002023F00103A4F8903084
:1085100038BD00BF70B518B3144B044698421CD345
:1085200003F56473984218D200F10C0600254FF051
:10853000FF324FF0FF3330460EF022F92046294635
:10854000E5636563A56305F05DF830460EF0C8F994
:108550002046FFF7AFFF284670BD6FF0150070BDD5
:1085600040F2CD210248EBF7F7F800BF348C012030
:1085700004510700F0B587B0002900F0A68004463A
:10858000002800F09A80544B9842C0F0968003F582
:108590006473984280F09180B0F890300D46C3F338
:1085A0008111012958D02988012950D10021072A99
:1085B00005914CD91B053FD46B6803F0F002E02A0B
:1085C0002DD1B4F89030C3F38113022B65D005A9E7
:1085D000281DFDF709FE60B3061D059B002B41D049
:1085E00004F10C074FF0FF324FF0FF3338460EF026
:1085F000C7F8059800286DD0FEF724FB01236662BA
:1086000084F8920023846B88002B35D1638C6B80B7
:10861000002438460EF064F9204607B0F0BD059AF4
:108620002BB3281D002A40D00021FDF71DFC002897
:10863000D2D16FF001040CE094F99200FDF702F939
:108640006B68059003F0F002E02AE8D1B9E76FF01B
:108650001504204607B0F0BD016B0029A3D06FF0D0
:108660007E04F6E76FF07C04204607B0F0BDF2B15F
:10867000FFF780FA0646B0E794F88A202046029277
:1086800094F889200599CDE9005294F88E20FFF7DF
:1086900083FDB8B96B886384BAE794F88B0000282F
:1086A00095D0FDF7CFF8059091E705A9BDE704F156
:1086B0002C00FDF7D5FB0590DAE74FF45D71074814
:1086C000EBF74AF86FF06F04A3E740F27331034809
:1086D000EBF742F8FFF7D0FC348C0120045107007F
:1086E00030B583B058B3B0F890200446C2F3C2014D
:1086F000012921D1436A13B1002003B030BDC2F378
:108700008112032A6D46ADF80010019308D10822AA
:1087100029462046ADF80230FFF72CFF03B030BDEC
:108720002946FFF7B1FD0346082229462046ADF849
:108730000230FFF71FFFF1E76FF01500DDE7FFF7ED
:1087400093FC00BF70B548B3174B0446984225D33D
:1087500003F56473984221D2B0F89030DB071AD544
:108760000D4600F10C064FF0FF324FF0FF3330465C
:108770000EF006F82946204604F042FB002804DBF0
:1087800030460EF0ADF8002070BD30460EF0A8F86F
:108790006FF05E0070BD6FF0080070BD40F2DC410C
:1087A0000248EAF7D9FF00BF348C012004510700CA
:1087B00070B505460C461E463AB311460B681BB110
:1087C00003F0F003E02B06D13146A069FDF71EFA55
:1087D000036801460BB395F8880094F83B30800895
:1087E00060F3050384F83B3095F88800324660F367
:1087F000871384F83B3095F8883020465B0984F86D
:108800003C30BDE8704003F059B9416A0029D5D128
:1088100040F2FB410248EAF79FFF6FF0150070BD80
:10882000045107002DE9F04F83B00C9D9DF844C022
:10883000002800F0B8811F46B44B04469842C0F0AF
:10884000B28103F56473984280F0AD81B0F8903046
:10885000D80740F19E818A461646BCF1000F40F0D1
:108860008E80002F00F09281C3F3C202012A08BF5C
:108870004FF0000B40F08880072D40F285807A6829
:10888000002A00F08381C3F38113022B00F0828061
:10889000E36A23B9B4F89030190540F1918094F956
:1088A0009200BBF1000F0CD05EB9DBF80C1041B1A7
:1088B000DBF8083003EBC1015A68083399421644CB
:1088C000FAD1FCF7BFFFA0B1036823B10C33D3E8A2
:1088D000AF3FDA0705D46FF07205284603B0BDE854
:1088E000F08F0368002BF6D00C33D3E8AF3FDB05E5
:1088F000F1D50D9B94F99200A363109B6360B4F8CB
:108900008E30062B00F0C2804FF400484FF0000973
:10891000FCF798FFCDE900890122314694F88E30AA
:1089200001F076FA8046002844D0446194F88E1015
:1089300001F03CF8B04208D2B4F89030C3F3811390
:10894000023B012B40F2F5800646BBF1000F06D03A
:10895000DBF810301BB1DBF81420002A62D1B4F828
:108960008E30112B38D0062B00F0D2806FF07A05B4
:10897000404600F0ABFF284603B0BDE8F08F002D65
:108980007FF46FAF002F72D06FF01505284603B04B
:10899000BDE8F08F02F0F002E02A7FF479AF94F89E
:1089A0008B0000283FF474AFFCF74CFF00287FF4E5
:1089B00076AF6DE76FF06805284603B0BDE8F08F2D
:1089C000381DFDF74DFA002800F0F280FEF73AF965
:1089D00040B284F8920064E73B1D002241462046E5
:1089E0007F88FFF7E5FE051EC2DB2046FFF778FE15
:1089F0000546002858D0002D7FDB404601F044FAA0
:108A000094F88E10404603F06BF8DDE90E234046E3
:108A1000FCF7ECFB0546002D6FDB3546284603B01E
:108A2000BDE8F08F0F2A9AD998F837001D68C0F377
:108A30000210022801461A4410D0012900F0898052
:108A4000073525F0070110311944914287D825F0E8
:108A500007052B44022801461D68EED1142DEFD1E5
:108A600059682929ECD199683429E9D177E7002997
:108A700000F08C80C3F3C202012A85D10F688B46B7
:108A80000FB14D68F8E604F12807F8E6FCF7DAFEC6
:108A9000B4F88E30112B6BD0062B4DD06FF07A05C9
:108AA000284603B0BDE8F08F3A464046618C06F098
:108AB000FDFF054600289ED13746BBF1000F6BD065
:108AC000DBF80C3043B998E7B7EB090795D0DBF832
:108AD0000C300135AB4290D9DBF80830404603EB4F
:108AE000C502526853F83510BA4228BF3A4691463B
:108AF00001F000FC0028E7DA0546B8F1000F7FF42A
:108B000037AF284603B0BDE8F08F00BF348C01209A
:108B10005B4632465146204605F090FA051EFFF6A8
:108B200027AF2046109A0D9904F088F92E46054685
:108B300071E76FF00B051BE75B4632465146204656
:108B400005F07CFA051EA8BF4FF00008FFF613AF32
:108B5000E7E7142D7FF474AF596800297FF470AFF4
:108B6000996802297FF46CAF1B7C88F83930F6E6EF
:108B700000223B1D204611467F88FFF719FE051E87
:108B8000A8BF4FF00008FFF6F6AE2EE76FF07805AD
:108B9000F1E66FF00805EEE632465146404601F038
:108BA000A9FB054627E740F662110248EAF7D4FD23
:108BB000FFF762FA045107002DE9F04389B000295C
:108BC00000F0E7800446002800F0DE809846734BF2
:108BD0009842C0F0D98003F56473984280F0D48045
:108BE0000D46164600F10C074FF0FF3238464FF0A5
:108BF000FF330DF0C5FDB4F89000C0F34102012A27
:108C000000F0BC80C30740F1B6802B88002B4FD00A
:108C1000C0F3C2018B4240F0A880032A00F0B1806B
:108C2000012B40F0A280072E40F29F80B4F88E30D6
:108C3000062B55D001236A68E262B5F802902385BD
:108C4000A4F82A90002A47D040F48070A4F890003D
:108C50002046FFF745FD064618BB0123668C626A75
:108C6000ADF81A602384ADF81830002A69D0136873
:108C70000793B4F89030C3F38113022B52D0012B29
:108C800076D1129A29462046DDE9104505920096D4
:108C90004B46CDE90245CDF8108006AA04F068FBEA
:108CA000064638460DF01CFE304609B0BDE8F0839C
:108CB000C0F38111022951D010F0380F55D1032A89
:108CC00014BF6FF015066FF05E0638460DF008FE13
:108CD000304609B0BDE8F08320F4807080B2B5E77B
:108CE000E36A03F0F003E02B13D094F99200FCF751
:108CF000A9FD0646FEF742FFE26A03689A4208D0E1
:108D0000304604F12C01FCF77BFF10B9B4F8900059
:108D100090E76FF07C0638460DF0E2FD304609B072
:108D2000BDE8F083B8F1000F03D000212046129A6D
:108D3000C047002638460DF0D3FD304609B0BDE8E7
:108D4000F083B4F89030C3F38113022BEAD0012BE7
:108D50000ED140F203611248EAF7FEFC20F4807065
:108D6000A4F89000A362E362E3E76FF0150698E7CA
:108D70006FF0850695E76FF0080692E76FF07706CB
:108D80008FE76FF05E068CE74FF4AB610448EAF7BB
:108D9000E3FC40F257510248EAF7DEFC348C012034
:108DA0000451070070B5B8B31E4B0446984233D344
:108DB00003F5647398422FD2B0F89030DB0728D5C2
:108DC0000E4600F10C054FF0FF324FF0FF332846FE
:108DD0000DF0D6FCB4F89030C3F34102032A03D05F
:108DE000C3F38113012B0AD1B4F88E30062B18BFC0
:108DF000002407D028460DF073FD204670BD6FF0AB
:108E00001504F7E720463146049A04F021F8044699
:108E1000F0E76FF00804F0E74FF4C3610248EAF7A7
:108E20009BFC00BF348C0120045107002DE9F04168
:108E3000044686B00D4616461F4600F10C084FF05A
:108E4000FF3240464FF0FF330DF09AFC5CB3B4F8AC
:108E50009030C3F3C200A0F10100B0FA80F0DB054E
:108E60004FEA50104FEAC0001AD5638DC3B10E9B74
:108E700000900493204604F128030024324629463A
:108E8000DDE90C560594CDE902560197FFF7CAFCBF
:108E9000044640460DF024FD204606B0BDE8F081B2
:108EA0006FF07804F5E7FFF7DFF800BFF0B54FF09B
:108EB000FF3287B01D4604460F464FF0FF3300F1E6
:108EC0000C0630460DF05CFCDDE90C23CDE90223F5
:108ED0000E9B0122049300230592394620461A4630
:108EE00001950093FFF79EFC044630460DF0F8FC18
:108EF000204607B0F0BD00BF2DE9F041154686B011
:108F00001E46044688464FF0FF324FF0FF3300F113
:108F10000C0738460DF034FCDDE90E232046012411
:108F2000CDE90223109B059404930D9B2A460193DF
:108F30000C9B414600933346FFF774FC04463846C9
:108F40000DF0CEFC204606B0BDE8F0812DE9F043DF
:108F50008BB0002800F09D801F46B0F8903004468A
:108F6000DB0740F193808946904600F10C064FF0F4
:108F7000FF3230464FF0FF330DF002FCB4F88E00A4
:108F800011282DD0062808D06FF06A0530460DF064
:108F9000A7FC28460BB0BDE8F08349462046129A4C
:108FA00003F09CFF0546002DF0DB58EA0703EDD0E7
:108FB000443420460DF0EAFF30460DF091FC424665
:108FC0003B4620460DF090FF0B3008BF6FF0730555
:108FD0004FF0FF324FF0FF3330460DF0D1FBD5E7B5
:108FE0000023ADF82630CDF82230B4F8903020467A
:108FF000C3F3C203ADF82030FFF772FB054600282B
:10900000D1D1B4F89020C2F3C203012B33D0014672
:10901000206BC4F8349002F4807370B10BB104F18A
:109020002803CDE90115628D1C4952BA92B2009213
:10903000129A01F055FE0546B5E7C2F3811EB4F859
:109040008EC0C2F3C2020BB104F128000295129D3A
:10905000009105950394658D03466DBAADB20195F7
:109060000E4D7146049504F130050695604601F0F9
:109070009BFC054697E7616A21B10B680993B4F838
:10908000902008A9658C6DBAADB2C1E76FF00805F4
:109090007FE740F693410248EAF75EFB89800500CE
:1090A0000451070070B54FF0FF324FF0FF33044614
:1090B0000D4600F10C0630460DF062FB29462046B5
:1090C00004F0A2FE044630460DF00AFC204670BDB6
:1090D0002DE9F041002800F09D800D4650490446DE
:1090E0008842C0F08B8001F56471884280F08680F0
:1090F0001646984600F10C074FF0FF3238464FF005
:10910000FF330DF03DFB691E172920D8DFE801F081
:109110000C0C0C0C0C0C0C212A360C0C420C0C46C2
:109120000C0C534A0C0C140C6FF0850438460DF0EF
:10913000D7FB2046BDE8F081002E62D0B8F1040FC5
:109140005FD13368003B18BF012384F88C300024C2
:10915000ECE7002E55D0B8F1010F52D8337884F8DF
:109160008830F4E7002E4CD0B8F1040F49D13368B1
:10917000003B18BF012384F88930E8E7002E40D077
:10918000B8F1040F3DD13368003B18BF012384F8C8
:109190008A30DCE7336884F89430D8E7336884F8A1
:1091A0009330D4E7B4F89030C3F3C203012BCED18F
:1091B0006FF05E04BAE7B4F890303568C3F3C202CA
:1091C000012A21D1B8F1040F1BD1C3F38113022B63
:1091D00017D185B16B1EFE2B13D82846FCF732FB46
:1091E000A8B1036823B10C33D3E8AF3F5B0602D4C8
:1091F0006FF06A049AE784F88B50A8E76FF01504C3
:1092000097E76FF0150491E76FF069048EE76FF050
:1092100001048BE740F65F710248EAF79DFA00BF50
:10922000348C0120045107002DE9F041002800F0A2
:10923000A1800D46524904468842C0F0928001F553
:109240006471884280F08D8017461E4600F10C083C
:109250004FF0FF3240464FF0FF330DF091FA691E98
:1092600017291DD8DFE801F00C0C0C0C0C0C0C1E9F
:10927000272E0C0C330C0C3B0C0C415F0C0C140C0B
:109280006FF0850440460DF02BFB2046BDE8F081D1
:1092900094F88C309FB116B13268042A0FD13B602C
:1092A0000024EFE794F888304FB13B70002EF7D0E0
:1092B00001233360F4E794F88930002FEBD16FF08D
:1092C0001504DFE794F88A30002FE4D1F7E794F82B
:1092D00094303B60002EE3D004233360E0E794F841
:1092E00093303B60002EF7D1DAE7B4F89030C3F347
:1092F000C202012A3BD194F88B0020BB1A0526D567
:1093000094F99200FCF79EFA70B3036863B30C33D0
:10931000D3E8AF3F5B0627D5FDF794FC002812DCAD
:109320006FF00104AEE7B4F89030190512D4C3F31E
:10933000C203012B1BD104F12C00FCF791FD10B1ED
:10934000006800B1008B3860002EC5D1A8E7FCF79B
:109350002DFBD9E794F99200FCF774FA0028EFD1BD
:10936000F1E76FF0150490E76FF06A048AE76FF099
:10937000690487E740F6C5710248EAF7EDF900BFD6
:10938000348C01200451070050B310B40C4621B3B3
:109390001AB3B0F89030C3F38113012B12D0022B13
:1093A00015D1018C012915D113682180418C082B1E
:1093B000618028BF0823416A00200968616013604A
:1093C00010BC7047134610BC002203F0A1BB6FF025
:1093D0006C00F5E76FF06900F2E76FF01500EFE75A
:1093E0006FF01500704700BF2DE9F04180460F4631
:1093F0004FF0FF324FF0FF3310480DF075FD104C69
:1094000004F56476B4F8903004F10C05DB070CD554
:109410004FF0FF324FF0FF3328460DF0B1F93946D7
:109420002046C04728460DF05BFA9834B442E9D193
:10943000BDE8F04101480DF0E7BC00BF1C8C0120E5
:10944000348C01204FF0FF32012101480DF0C8BCDF
:109450001C8C012090F8373091F83720C3F30213A9
:1094600063F3061281F83720426991F83B304A6174
:1094700090F836C091F8382081F836C090F83BC09B
:109480006CF3050381F83B3090F83B3091F83BC01A
:109490009B0963F3871C81F83BC090F83C3091F83E
:1094A00037C081F83C3090F8383063F3000281F81F
:1094B000382090F83730D2B2C3F3400363F3410C45
:1094C00081F837C090F837305FFA8CFCC3F3800323
:1094D00063F3820C81F837C090F837305FFA8CFC68
:1094E000C3F3C00363F3C30C81F837C090F838307E
:1094F000C3F3C00363F3C30281F8382090F8382027
:109500001346C2F3001262F3041380F8383091F866
:109510003820C3F3800363F3820281F83820838EFE
:109520008B8683684BB18B683BB1426A836A4A621F
:109530008B62C26A036BCA620B6390F83730C3F365
:109540000213012B07D190F8393081F8393090F8A7
:109550003A3081F83A30704738B50446C3680D4652
:109560005868E06038B14DB9008AE36860B958685E
:10957000E0600028F7D10023236138BD0C30F3F7F9
:109580000DF8E3680028F2D0002BF4D0DB682361EB
:1095900038BD00BFF8B590F8373004460D46C168B5
:1095A000D80701D41646E2B900260F8A2269CB6893
:1095B000D31A2B44BB4202D02A442261F8BD94F84E
:1095C0003730DB0707D501F10C00F2F7E7FFB842AF
:1095D00001D92269F0E731462046BDE8F840FFF79F
:1095E000BBBF01F10C00F2F7D9FFE1680746DDE7E8
:1095F00070B582B0044616461D460EF0EDF908B16E
:109600000026354601A932462B4620460CF006FEC0
:10961000014698B9019B4022184612F04EFB0122E8
:10962000084903468C424460026202D0184602B0E8
:1096300070BD80F83C20184602B070BD002318466B
:1096400002B070BDD46C01202DE9F04F002485B02C
:10965000DDE90E670192824632463B4602A88B4600
:10966000254610F09BF8DDE9028914E0A842586015
:1096700020D0438A9B453CBF5B46A4F812B0ABEBBD
:10968000030B42464B4602A810F0B8F8DDE902672A
:10969000BBF1000F1FD03B4632465046F2F748FE62
:1096A00023460446D8B1002DE0D113B15860438A57
:1096B000E0E70546019A638A002ADBD002EB0B0142
:1096C000994202D3A1EB030BDBE742464B46618292
:1096D00002A810F093F8284605B0BDE8F08F15B148
:1096E0002846F2F729FE0025284605B0BDE8F08F90
:1096F0002DE9F8439846C36815469DF82060002B75
:109700003CD081460F46002D3AD099F83720D40737
:1097100039D4002E37D003F10C00F2F73FFFD9E91E
:109720000332D968521A904200F09B8099F8372092
:10973000D00735D5D9F81000DA681C8A821AA41A25
:10974000E4B1AC4228BF2C46B8F1000F3ED0002F48
:1097500065D02246002E58D0394612F087FA99F883
:109760003730D90767D5012221464846FFF712FF57
:109770002744D9F80C302D1B002BC4D1002D72D1F9
:109780000020BDE8F883D9F81020D968188A521A49
:10979000904210D0002ECDD099F83720D007C9D4F0
:1097A00003F10C00F2F7FAFE0446D9E90330DA6857
:1097B000821AA41AC4E700214846FFF7CDFED9F863
:1097C0000C30002BDAD0002EB4D0E5E7A7B122464A
:1097D000396812F072FA2EB9324621464846FFF730
:1097E000D9FEC6E799F83730DB0733D50122214689
:1097F0004846FFF7CFFEBCE7002EF3D132462146A4
:109800004846FFF7C7FE0027B3E70146384612F087
:109810002DFA324621464846FFF7BCFEA8E7002E47
:10982000ECD099F83720D20707D5012221464846C7
:10983000FFF7B0FEE7E7D9F80C30214603F10C0042
:10984000F2F74CFE012221464846FFF7A3FE002F07
:109850008ED1D8E7D9F80C0021460C30F2F73EFE45
:10986000C4E73146A8E76FF068008AE72DE9F041C8
:10987000134F40680E46B84215461C4612D00EF0F3
:10988000ABF840B9802E0AD82A462346BDE8F041FD
:109890000C48F2F74DBD0025802E2C46F4D900204F
:1098A000BDE8F0810EF098F808B100252C46802E16
:1098B000F5D82A462346BDE8F0410348F2F738BD03
:1098C000946C0120CC6E0120986E0120F0B110B58F
:1098D000044600F12002D2E8AF3F591EABB1D2E8F6
:1098E000EF0F984204D1C2E8EC1FBCF1000FF6D193
:1098F000F1D1012B09DCA06808B1F2F71DFD21466A
:109900006068BDE810400CF0F3BC10BD704700BFAC
:10991000C8B100F12002D2E8AF3F591C9BB100B59D
:10992000D2E8EFCF9C4504D1C2E8EE1FBEF1000F94
:10993000F6D101D15DF804FBD2E8AF3F591C002BF2
:10994000EED10020F6E70020704700BF08B1F2F723
:10995000F3BC704738B5044608460D46F2F732FDB1
:10996000A3684360A56038BD68B110B40B4C0460B7
:1099700009B10B4808600AB10A4911600BB10A4AE3
:109980001A6010BC704709B1054808600AB1054962
:10999000116013B1044A1A6070477047946C01203B
:1099A000D46C0120986E0120CC6E0120F8B50746DA
:1099B000B8B190F83730846813F0700FC3F3021613
:1099C00010D0012E0CBF1420002006292AD0112906
:1099D00030D001292AD03A2928D02CB908B1142036
:1099E0004042F8BD30464CB325460022298A6D68B6
:1099F0000A44002DFAD1824238BF851A14B30026DA
:109A000004F10C00F2F7CAFD64680644002CF7D19B
:109A1000BB68ABB11A8A5B681444002BFAD1761B81
:109A2000301BF8BD1C30002CDED1D9E70430002CEF
:109A3000DAD1D5E70830002CD6D1D1E72646254625
:109A4000701BF8BD2646FBE7F8B5846894B105465F
:109A5000264600272046038A646863B9AB688342C0
:109A60000DD07368834208BF74604760F2F764FCEE
:109A7000002CEFD1F8BD0646002CEBD1FAE7AC6024
:109A8000F3E700BF8068D8B102460023B2F810C0E7
:109A900052686344002AF9D1994214D810B55B1A70
:109AA00001E09B1A50B1028A04469A424068F8D3FA
:109AB000238218B1F2F740FC00236360002010BD40
:109AC00009B9002070476FF0150070472DE9F04F7D
:109AD00083B00546DDE90C6791469A468846002921
:109AE0005BD1002B59D190F8373013F0700F50D064
:109AF0000DF072FF002840F0A180AC68002C53D01C
:109B00004FF0000B04F10C00F2F748FD6468834449
:109B1000002CF7D1AB6833B11A8A5B681444002B70
:109B2000FAD1ABEB040BBBF1000F3DD095F8373009
:109B3000AA69C3F30213002A53D01268002A50D036
:109B4000012B118B00F0838052684C4B9A426ED0EF
:109B5000A8EB0B0BD84528BFD846CDE90067484C89
:109B60006E68484B48484A46864214BF204618460D
:109B70004146FFF769FD044600287BD0A86800280D
:109B800039D0F2F71FFC2146F2F72CFCB9F1000F97
:109B900038D1002003B0BDE8F08F0DF01DFF08B1F3
:109BA00000260027002DA8D195F83710AA6911F0DA
:109BB000700FC1F3021330D0012B0CBF1421002110
:109BC000BAF1060F49D0BAF1110F3AD0BAF1010F2C
:109BD00049D0BAF13A0F46D04FF0000B8844002A22
:109BE000ABD1012BB4D14FF41071A1EB0B0188451F
:109BF00028BF8846B1E7AC60EC60E3682B61B9F13F
:109C0000000FC6D0A86849460C30F2F755FCAB6887
:109C1000EB605BB3DB682B61BBE7002A9DD0126869
:109C200032B39B46118B154B52689A4290D1CBF1BF
:109C30000E0B8B44D84528BFD8468EE70026002758
:109C40005BE708F108084FF0000B884473E7B1F5B3
:109C5000107F38BF4FF41071C7E708F11C084FF0B0
:109C6000000B884467E708F10408B5E72B6190E72B
:109C700093466DE76FF00B008CE700BF2870012062
:109C8000986E0120CC6E0120D46C01202DE9F043A8
:109C900083B00446DDE90A6790460D4639B932B90A
:109CA00090F8373013F0700FC3F3021027D00DF087
:109CB00093FE80B9A06918B1134B62689A420DD027
:109CC0004346294620460022CDE90A6703B0BDE895
:109CD000F043FFF7FBBE00260027EBE703688BB1DC
:109CE0005B68D3F81090B9F1000FE9D043462A46DB
:109CF0002146CDE90067C84710F1860FE0D003B0D8
:109D0000BDE8F0831B69FFDED46C01202DE9F0472C
:109D1000044684B0DDE90E6702A81546984632462F
:109D20003B468A469DF830900FF038FD32463B4660
:109D3000DDE902672046FFF75BFC48B30446C0F844
:109D400018A0BAF1000F07D0DAF8003013B31B7C6B
:109D500080F8243080F82C3094F83710324668F3BD
:109D600006113B4602A884F837100FF047FDDDE9E5
:109D700002674A4629462046CDE90067FFF786FF7D
:109D800018B9204604B0BDE8F0872046FFF79EFDD5
:109D90000024F6E71B78FFDE09B900207047F0B514
:109DA00083B006460F4615461C460DF015FE08B159
:109DB00000252C46009501947468124A124B1348F2
:109DC0003946844214BF104618460022FFF73CFC77
:109DD000044698B1B06860B1F2F7F4FA2146F2F7A0
:109DE00001FB2046F2F7EEFA80234382002003B005
:109DF000F0BDB460F460E3683361F2E76FF00B002C
:109E0000F5E700BF986E0120CC6E0120D46C0120D4
:109E10002DE9004884B00093DDE906BC1346CDE986
:109E200002BC0A4601460348FFF770FF04B0BDE8D4
:109E3000008800BFD46C01202DE9004884B0009355
:109E4000DDE906BC1346CDE902BC0A4601460348DB
:109E5000FFF75CFF04B0BDE8008800BF946C0120F0
:109E600010B5034680680C4630B1F2F7ABFA2146D4
:109E7000BDE81040F2F7B6BA9960D96011B1CA686E
:109E80001A6110BD196110BD8368C36003B1DB683E
:109E90000361704710B50023012482B00A46009484
:109EA0001946FFF725FC02B010BD00BF10B5012414
:109EB00084B00391002303A90094FFF719FC04B0B8
:109EC00010BD00BF10B5002482B001230094FFF73D
:109ED0000FFC02B010BD00BF30B5002585B00C46A8
:109EE0000123042203A90095FFF702FC039B1BBA80
:109EF000236005B030BD00BF2DE9F0410446C068C5
:109F000017460E46C8B978E0BD423FD93D46002706
:109F10002A46316911F0AAFE94F83730DB073CD5A8
:109F2000012229462046FFF735FB3046002229460C
:109F3000FFF730FBE06800285FD0F368002B5CD0AF
:109F4000002F5CD00C30F2F729FBD4E90323D16851
:109F50005B1A98423BD0F16800294BD03269C8683F
:109F60000B8A121A93421ED0E068002842D00C30AF
:109F7000A3EB0208F2F712FB0546D4E90330DB68D5
:109F8000B845A0EB0303A5EB0305BDD8454528BFA5
:109F90004546002D2ED07F1BBAE7E06829460C30DD
:109FA000F2F79CFABCE74B68F3601BB92AE05B68E8
:109FB000F3603BB31A8A002AF9D0DA683261E068AC
:109FC000C0B1F368B3B1D9681B8A521ACFE75068A1
:109FD000E06018B918E05868E060A8B10C30F2F7FA
:109FE000DDFAE3680028F6D073B1DB682361F1681D
:109FF0000029B3D16FF0680002E0002FFAD10020F1
:10A00000BDE8F0810022D9E700232361A3E700BF68
:10A010002DE9F04706469646D6E90242084684B046
:10A02000002A00F090803169002900F09680944267
:10A0300000F0958025464FF0000C2F8A6D68BC44D7
:10A04000AA421FFA8CFCF8D1D268891A8C441FFAF4
:10A050008CF596F83770B16907F00107002C7AD0BB
:10A060000022B4F810C064686244002CF9D14FF0AB
:10A07000000ACDE902E3CDF800A05346FFF746FE03
:10A080000446002851D0D6E9021996F83730D6F8A0
:10A09000108043F0010386F83730F16081B35246F7
:10A0A000CB6833610B8A49681A440029FAD13146DA
:10A0B0002046FFF721FF58BB94F83730214643F084
:10A0C000010384F837303046FFF7C4F9A368E36032
:10A0D00003B1DB6823616DBB204694F8373067F32A
:10A0E000000384F8373096F83730C6F80C9067F3E1
:10A0F0000003C6F8108086F8373004B0BDE8F0875A
:10A100000A46316120463146FFF7F6FE0028D3D0DB
:10A110002046FFF7DBFB96F83730C6F80C9067F364
:10A120000003C6F8108086F837300024204604B0BB
:10A13000BDE8F0870123009300232A4620461946F4
:10A14000FFF7D6FAC8E796F837701546B16907F0F9
:10A150000107002C84D1224689E70D4679E7E268A1
:10A1600096F83770891A8DB207F00107B16977E761
:10A170004168FFF74DBF00BF80B1C3686BB1006994
:10A1800060B1D9681A8A5B68401A101A33B11A8A0A
:10A190005B681044002BFAD170471846704700BF27
:10A1A00083684BB11A8A8A4228BF19825B682CBF28
:10A1B0000021891A002BF5D1002914BF6FF015007A
:10A1C00000207047F8B504460E4600294ED0002501
:10A1D0000EE0A06800282BD04368A3604260F2F72D
:10A1E000ABF8A368E36023B3DB682361F61B18D0E8
:10A1F000E168002932D02269C8680B8A121A93429A
:10A2000019D09A1A2AD0B242174628BF3746DB1B0C
:10A21000D21B0B82DDD02069C11911F034FDF61B71
:10A22000E6D1A3683046E36003B1DB682361F8BD83
:10A23000E0602561DAE74B68E3601BB90DE05B681D
:10A24000E36053B11A8A002AF9D0DA68E168226122
:10A2500021B1C8680B8A121AD3E72361A3686FF093
:10A260006800E360002BE0D12361F8BD8368C36020
:10A2700013B10846DB68D9E71846D7E738B5C36895
:10A2800090F83710EBB101F0010181F001050446AF
:10A29000CDB9188A2269D968521A82420AD0226935
:10A2A0007AB194F83710C90713D5188ADB68D21A27
:10A2B000801A38BD29462046FFF74EF9E368002B87
:10A2C000EDD1002038BD03F10C00F2F767F9E36827
:10A2D000E0E703F10C00F2F761F9D4E90332E5E7B6
:10A2E00010B50C46FFF7CAFFA04234BF0020012082
:10A2F00010BD00BF70B50369044699420D4616466D
:10A3000082B008D001233246294620460093FFF749
:10A31000EFF902B070BDFFF7B1FFB042F2D30023F6
:10A3200001253246204619460095FFF7E1F9F0E78E
:10A33000F0B583B04D680E460446FFF79FFF854297
:10A3400015D994F837303068DB070ED598B1D4E9C9
:10A350000375002300930146012320467268FFF72E
:10A36000C7F9C4E9037530B9306803B0F0BD20699E
:10A37000306003B0F0BD002003B0F0BD70B50369DC
:10A38000D1E900569D42044682B008D001233246EE
:10A39000294620460093FFF7ABF902B070BDFFF7E6
:10A3A0006DFF8642F2D80023012532462046194629
:10A3B0000095FFF79DF9F0E7402210B50021044613
:10A3C00011F07BFC0123034A2362626084F83C3075
:10A3D00010BD00BFD46C0120704700BF704700BFA4
:10A3E00010B504464FF0FF324FF0FF3320460CF01B
:10A3F00077FC0028F6D0FAF725FE4FF0FF324FF039
:10A40000FF3320460CF06CFC0028F4D1EAE700BFD3
:10A4100008B5044BC0EB001003EB00100CF048FC37
:10A42000002008BDC07D01200020704707289ABF8A
:10A43000014B185C0020704768510700704700BF4F
:10A4400070B500218AB01848FCF712FC174C204662
:10A450000CF0B0FB4FF0FF324FF0FF3300254FF010
:10A46000FF36CDE90623CDE903654FF4BC62CDE9A3
:10A4700001550F490F4B009404F120000DF0A6FB8D
:10A4800080B104462B4608210B4A08A810F062F957
:10A49000204608A90DF0A6FA20460AB0BDE8704093
:10A4A0000EF0F2BA0AB070BDDDA30500C07D012038
:10A4B000D0BB0120E1A305005C51070038B504467C
:10A4C0000D464FF0FF334FF0FF320B480CF058F9B8
:10A4D0000A4B02E0DA68A24207D01B68002BF9D1D0
:10A4E000BDE8384004480CF0FBB95D600248BDE8A7
:10A4F00038400CF0F5B900BF746D0120D88F0120F1
:10A500002DE9F04107460D46164682B04FF0FF3365
:10A510004FF0FF3219480CF033F9194B6FF0010876
:10A520001C6814B922E0246804B3237CB5F804C085
:10A530009C45F8D194F811C033789C45F3D1A37CA5
:10A5400072789A4201D0002BEDD1A36813B1BA6999
:10A550009342E8D1E2683346009220462A463946C3
:10A56000D4F804C0E047B0F10008DCDA03480CF08E
:10A57000B7F9404602B0BDE8F08100BF746D01201C
:10A58000E08F01202DE9F04F89B0DDF848B0DDE91A
:10A590001489002800F0FC801646002A00F0F8809C
:10A5A0000D461F46824600293FD02846FCF77AFB1D
:10A5B000002846D13388012B3AD1002F00F0BE800D
:10A5C00004230022CDE90623D5F8B8300436002B49
:10A5D00000F0E18031462846FBF718FB01230246D4
:10A5E00039692846CDE90089043190461A46FFF7BB
:10A5F0000FFC0446002800F0FC80BB68072B1DDC24
:10A60000002BC0F28D8080F83C3032464146204617
:10A6100001F054FA00284BD06FF068062046FFF78F
:10A6200055F9304609B0BDE8F08F1388012B37D0BB
:10A630006FF00106304609B0BDE8F08F6FF01506E7
:10A64000ECE72846FCF72EFB0028F1D04FF0FF3353
:10A650004FF0FF3268480CF093F8684B1C682CB13F
:10A66000E3689D4206D02468002CF9D162480CF0C2
:10A6700037F9DDE7A46860480CF032F9002CD7D038
:10A680002846DAF80410FFF719FF3B463246294600
:10A690005046A446CDF848B009B0BDE8F04F604739
:10A6A000101DFBF7DDFB054600287FF47EAFBFE7FA
:10A6B00002460821204601F02DF806460028ABD1BD
:10A6C000204606A9FFF734FE0028A5D03B8806A93E
:10A6D0005BBA03807B885BBA43802046FFF74EFE5F
:10A6E000F968002933D03A69002A4DD12046FFF796
:10A6F000CBFB0121204601F0F3F900220023204684
:10A70000CAE9025BFAF772FD00283D4935DAEB6CC5
:10A710004A6C013301326FF004064A64EB647DE752
:10A720003A7990F83B30920862F3050380F83B30A9
:10A730003A7962F3871380F83B3066E7022106A876
:10A74000F2F71CFA2F4FBDF818303B8038E73B6911
:10A75000002BCBD0032B21D80DF114094FF00008AA
:10A760000122494620468DF81480FFF7C3FD3B695E
:10A7700008F101089845F3D3B8E7AB6C0A6C0133D4
:10A7800001320A64AB6455E72046FFF7B3FDADE73D
:10A790006FF015064EE76FF071064BE709F0E8F928
:10A7A000039009F0E5F9029009F0E2F9804609F01A
:10A7B000DFF98446029A039B120A4FEA0C6C02F4FA
:10A7C0007F4E4CEA13634FEA082843EA0E030DF16B
:10A7D000140908F47F0843EA080304224946204686
:10A7E0000593FFF787FD3B69043B3B61002BB5D127
:10A7F0007CE76FF00B061DE7746D0120D88F0120F8
:10A80000B87E0120C48F012038B5049D08B305B37C
:10A810000446481E01281CD8002065602061206085
:10A82000A060E06021746274A3744FF0FF324FF0B7
:10A83000FF3309480BF0A4FF084B1A6822605A68DE
:10A840001C6022B104480CF04BF8002038BD5C605D
:10A85000F8E76FF0150038BD746D0120E08F01201E
:10A86000002834D010B504464FF0FF334FF0FF32CC
:10A8700018480BF085FF18490B6843B19C4202D180
:10A880001CE09C4212D01A461B68002BF9D11148DB
:10A890000CF026F8A0680021FFF710FE00232360CB
:10A8A0006360A360E3602361184610BD23681360F2
:10A8B0004B689C4209D000232360E8E74A6823687C
:10A8C00094420B60F7D14B60F5E74A60F3E76FF015
:10A8D00015007047746D0120E08F012030B585B000
:10A8E000089C002500940024CDE90245FFF74AFEAC
:10A8F00005B030BD10B501230C4682B06946009406
:10A90000ADF80430FFF7FCFD02B010BD11B30B88A9
:10A91000012B24D14B68D1F800C08360C0F804C07B
:10A920004B6863B990F8243043F0020362B143F0FE
:10A93000080352BA80F82430C2800020704790F893
:10A94000243043F02003EFE723F0080380F824309D
:10A950000020704790F8243003F0DD03E6E76FF045
:10A960001500704710B528220021044611F0A5F902
:10A970004FF0FF324FF0FF3309480BF001FF094B56
:10A98000D3E900121C60216022B1BDE810400448E8
:10A990000BF0A6BF5C600248BDE810400BF0A0BF02
:10A9A000246D0120E88F01202DE9F04F87B0BDF81C
:10A9B0004440DDF84C80834615461F46109EBDF886
:10A9C00048A000940191B8F1000F00F0EA8098F9D6
:10A9D0009200FAF737FF034640460293FDF77EFCEC
:10A9E0000390DFF860924FF0FF334FF0FF3296484C
:10A9F0000BF0C6FED9F80030002B53D09AFA9AF229
:10AA00001C6892B2198C594548D193F82310A94279
:10AA100044D193F8241001F00400002E3CD000280B
:10AA20003CD03088012839D19889012836D1D6F810
:10AA300004C01869844531D1D88990422ED101F0E3
:10AA40000201002F00F0B38041B33988012925D1DC
:10AA50009988012922D17868996888421ED1009985
:10AA6000D88849BA89B2884218D19B6973B10492D7
:10AA7000029A5AB1B3F890100A0507D593F99200DB
:10AA8000FAF7E0FE029A8242049A07D16E480BF070
:10AA900027FF6FF06F007CE00028CDD014B1234673
:10AAA0002468AFE768480BF01BFF4FF0FF334FF00F
:10AAB000FF3265480BF064FE644B1C68002C00F00C
:10AAC000BB8058682268844208BF5A601A6000231D
:10AAD00023605D480BF004FF002F00F08F80002EF4
:10AAE0007BD03A8833889A4240F0A080019BA4F83A
:10AAF00020B084F82230149B84F823506361159BA6
:10AB0000C4E906833388012B40F090807368326873
:10AB10002361E2607368002B3ED194F8243043F047
:10AB20000403BAF1000F3FD09AFA9AFAA4F80EA0E3
:10AB300043F0100339462046009A84F82430FFF78A
:10AB4000E5FE002872DB169B03B11C6094F82430EC
:10AB500043F0010384F824304FF0FF334FF0FF320D
:10AB600039480BF00DFED9F800302360D9F80430D5
:10AB7000C9F8004073B334480BF0B2FE4046FDF70D
:10AB8000B1FB0246002094F8253062F3000384F8FC
:10AB9000253007B0BDE8F08F94F8243043F040032F
:10ABA000BDE7CDE902881CE703F0EF03C2E7002907
:10ABB0007FF474AF039900293FF451AF986968B3EB
:10ABC000CDE90432FDF78AFBDDE9043200283FF4C9
:10ABD00046AF63E7C9F80440CDE7019BA4F820B075
:10ABE00084F82230149B84F823506361159BC4E9D8
:10ABF000068394F8243003F0BB0392E7019BA4F88A
:10AC000020B084F82230149B84F823506361159B94
:10AC1000C4E90683002E7FF475AFEAE7D988009B6C
:10AC20005BBA9BB299427FF439AF2FE72046FFF71A
:10AC300099FE6FF01500ACE703480BF051FE6FF082
:10AC40000100A6E7B07E0120246D0120E88F0120DD
:10AC5000204B984237D3A033984210B5044635D8DC
:10AC600090F82430DB072BD54FF0FF334FF0FF3245
:10AC700019480BF085FD19490B6843B19C4202D17C
:10AC800015E09C420BD01A461B68002BF9D11248E4
:10AC90000BF026FE2046FFF765FE002010BD23685E
:10ACA00013604B689C4209D000232360EFE74A6899
:10ACB000236894420B60F7D14B60F5E74A60F3E7F5
:10ACC0006FF0010010BD6FF0150070476FF01500B8
:10ACD00010BD00BFF08F0120246D0120B07E012047
:10ACE000F0B5214CBDF814E0A042069DBDF81C70E3
:10ACF00033D3A034A04230D890F824C01CF0010F08
:10AD00002ED00E46C261194646610DB32B88012B29
:10AD100023D16B682A680361C2606B680BB14CF089
:10AD2000400C4CF0040C47B90CF0EF0C80F824C038
:10AD30007246BDE8F040FFF7E9BD7CBA4CF0100C5C
:10AD4000C48180F824C07246BDE8F040FFF7DEBD44
:10AD50000CF0BB0C002FE7D0EFE76FF01500F0BD53
:10AD60006FF00100F0BD00BFF08F01202DE9F04F22
:10AD700090F83770994683698BB0C7F30217059333
:10AD80007B1E012B00F2DD80112A064688461546FF
:10AD900000F0A880062A00F0E180002306930493C7
:10ADA000012F00F0A8800023099303934FF0FF3395
:10ADB0004FF0FF32A5480BF0E3FCA54B1C68002CBC
:10ADC00000F0B3804FF0000A4FF0FF33CDE9073AAF
:10ADD0000AE093F99200D6F818B0FAF733FD8345EC
:10ADE00008D02468002C5FD0A3691BB1B3F8902071
:10ADF0001105EED494F823300BB1BB42F1D1238C72
:10AE0000AB42EED194F824301A0703D5E2880499B6
:10AE10008A42E6D1D80603D5E28906998A42E0D172
:10AE200099070CD596F83720A188C2F302129142F7
:10AE3000D7D1012903D1A268002A40F019815A070D
:10AE400009D596F83720A189C2F302129142C8D1E0
:10AE5000012900F0B180079A03F078039A42C0DA22
:10AE6000039A002A76D0304640F6CD420023FFF701
:10AE70007FF98346002800F04681E369014600938C
:10AE800042464B462046D4F814C0E047022800F062
:10AE90000181112D00F00681062D00F0DD80039B5D
:10AEA00024680893002C9FD1BAF1000F5FD0DAF824
:10AEB0001440DAF81C7065480BF012FD039B002B60
:10AEC00043D1002C36D04B4642463146504600977F
:10AED000A047022831D0112D5ED0062D00F0CF8082
:10AEE00000202FE0D9F80030012F1A8804925B88E7
:10AEF00006937FF458AFD8F80040002104F10C0A03
:10AF00005046FAF743FF00287BD0049B069A9342F1
:10AF100017D0D8F800100B6903F0F003E02B33D101
:10AF2000002309930123039340E748480BF0D8FC22
:10AF3000039B13B9099B002B49D0112D50D0062D2E
:10AF400077D002200BB0BDE8F08F089BC3B9002C6E
:10AF5000B9D1F2E71BB2A246079342E7D9F8003015
:10AF6000002BEED01A8804925B88069318E73748C6
:10AF70000BF0B6FC039B002BDCD0089B002BDCD035
:10AF80003046FEF7A3FCABE705981031FAF714FE44
:10AF900000230990039309E70598002800F0D18069
:10AFA0002C49D0F89C30D1F8942001330132C1F8FB
:10AFB0009420C0F89C3093E72269002A3FF44BAFFD
:10AFC000D8F8001009698A427FF40BAF43E7062DD9
:10AFD00078D003223046114600F0EAFB112DB0D1A3
:10AFE000059B002B00F0A3801A490598D1F890200A
:10AFF000D0F8983001320133C1F89020C0F8983071
:10B000009FE70390FCF7BAFDE168026891423FF4C4
:10B010007CAF039B51461846FAF7CEFDD8F80010D6
:10B020000B69CA689A423FF470AF00283FF474AFCE
:10B030006BE7059B002B00F08980064A0598516E4E
:10B04000C36E013101335166C3667AE7246D012076
:10B05000B07E0120B87E0120059B002B6CD00599A5
:10B060003D4B0A6F01320A679A6E01329A6616E703
:10B07000D8F80010C9688A427FF4B3AEDFE60598BD
:10B08000002859D03449036F8A6E013301328A6631
:10B09000036725E7112D27D0062D38D05846FEF737
:10B0A00015FCFCE6059B002B4BD005992A4BD1F8EB
:10B0B0009C200132C1F89C20D3F894200132C3F8BF
:10B0C0009420ECE6304601F053FD059B53B3224A31
:10B0D0000598D2F88C10D0F8943001310133C2F8C1
:10B0E0008C10C0F89430A9E7059B03B305991A4B5F
:10B0F000D1F898200132C1F89820D3F8902001327D
:10B10000C3F89020CAE715480BF0EAFB15E7059B4A
:10B11000E3B10599104BCA6E0132CA665A6E01320C
:10B120005A66BBE740F249110D48E8F715FB40F2BB
:10B1300009110B48E8F710FB40F235110848E8F711
:10B140000BFB4FF482710648E8F706FB40F22B1127
:10B150000348E8F701FB00BFB87E0120246D012001
:10B16000984F070070B506460D464FF0FF334FF07D
:10B17000FF3208480BF004FB074B1C682CB120463B
:10B180002946B0472468002CF9D1BDE87040014839
:10B190000BF0A6BB246D0120B07E01200022F0B48C
:10B1A000002600270B4B0C4D03F1A0001C4619464E
:10B1B00043F8282B8342C5E9006705D00A461946A3
:10B1C00043F8282B8342F9D1044B054AC3E90024F4
:10B1D000F0BC7047F08F0120B07E0120E88F012085
:10B1E00068900120F32108B50148E8F7B5FA00BFDF
:10B1F000984F07002DE9F04F072884460D46144666
:10B2000083B005D044284FD0002003B0BDE8F08FB4
:10B21000D3E900790122384601A997F83A808DF8E0
:10B2200004C0FFF767F8002840F0EB80A31C012260
:10B23000384601A98DF80430FFF75CF8002840F08B
:10B24000E0802E78B44240F2E180331DA34200F347
:10B25000D8800122384601A98DF80430FFF74AF85A
:10B26000002840F0CE80321F08F1030812F0FF0AD8
:10B270005FFA88F840F0B08001264946042238463B
:10B28000FFF738F8002840F0BC800436F6B204F12D
:10B290000409B4425FFA89F900F2AB80C144A9EB1A
:10B2A000060987F83A90AFE7D3E9006901223046F2
:10B2B00001A996F83AA08DF804C0FFF71BF8002802
:10B2C00040F09F80A31C0122304601A98DF8043074
:10B2D000FFF710F8002840F0948095F800806F7810
:10B2E000444507F00F0740F2A880002F00F08C8043
:10B2F000012F40F08680082343440122304601A9F3
:10B300008DF80430FEF7F6FF00287AD1012230468E
:10B3100001A98DF80470FEF7EDFF002871D1A8F1A6
:10B3200005020AF1040A12F0FF0B5FFA8AFA40F0F4
:10B33000E4804FF00208002F00F0A180012F42D1DD
:10B34000494604223046FEF7D5FF002859D10EF0B9
:10B3500023FA07460EF020FA7B01DB1B9B00844694
:10B36000DB190F4604224FEA4C194FEA471EB9EB8E
:10B370000C094EEADC6E6EEB070E4FEA890B4FEAC2
:10B380008E0E1BEB0C0C4EEA997E47EB0E07FF006E
:10B3900047EA5C77CCF3103CC3F307534CEA474CC5
:10B3A00043EA0C239BB21BBA30460DEB020101931A
:10B3B000FEF7A0FF28BB0AF1080A08F108085FFAA7
:10B3C0008AFA5FFA88F8444500F2A880A244AAEB02
:10B3D000080A86F83AA017E752463846691CFEF775
:10B3E00089FF70B908EB0A02033EF6B25FFA82F8F1
:10B3F00043E73846A21BA919FEF77CFF00283FF45B
:10B400004DAF6FF0150000E7042375E701223846C1
:10B4100001A98DF80460FEF76DFF0028F1D12246E6
:10B42000E31C3846691CDCB2FEF764FF0028E8D153
:10B4300004EB080387F83A30E6E60122304601A91A
:10B440008DF80480FEF756FF0028DAD147F0100788
:10B450000122304601A98DF80470FEF74BFF002849
:10B46000CFD12246231D3046A91CDCB2FEF742FF95
:10B470000028C6D10AEB040386F83A30C4E60EF081
:10B480008BF907460EF088F97B01DB1B9B00844695
:10B49000DB190F4604224FEA4C194FEA471EB9EB5D
:10B4A0000C094EEADC6E6EEB070E4FEA890B4FEA91
:10B4B0008E0E1BEB0C0C4EEA997E47EB0E07FF003D
:10B4C00047EA5C77CCF3103CC3F307534CEA474C94
:10B4D00043EA0C239BB21BBA30460DEB02010193E9
:10B4E000FEF708FF00288CD10AF1040A08F10408CD
:10B4F0005FFA8AFA5FFA88F865E75A463046A91C6F
:10B50000FEF7F8FE00287FF47CAF0AEB0B02A8F1EF
:10B5100003085FFA82FA5FFA88F80CE7304605EB19
:10B520000801A4EB0802FEF7E5FE00283FF44EAF49
:10B5300067E700BF2DE9F043136887B0DA680D466E
:10B5400002921B690393029B002B00F0B5808B686D
:10B550000022002B00F0B080188A5B680244002BA8
:10B56000FAD195F83A1095F83630D5F818800B4492
:10B57000C3F57F43FC3313449FB21BB2032B40F34C
:10B580009D80404601234FF400484FF000091A46C1
:10B59000CDE900893944FEF73BFC0446002800F061
:10B5A0008B80039BD5F8188003F0F003E02B5ED16D
:10B5B0000DF1080940464946FAF728FB036806469C
:10B5C000002B76D095F83B1094F83B304A4661F357
:10B5D000050384F83B3095F83B3094F83B109B0909
:10B5E00063F3871184F83B102046314600F066FA79
:10B5F00000285ED195F83A300DF11008002B45D1A6
:10B600000026042341462046CDE90463FEF790FE60
:10B6100000284ED006808670C67041462046FEF750
:10B62000ADFE002845D13A4629462046FEF764FC87
:10B63000064600283DD12046FEF726FC0121204683
:10B6400000F04EFA002200232046F9F7CFFD002833
:10B650002FDBA369002B53D02B489A6C016C01326D
:10B660000131016430469A6407B0BDE8F083FCF70D
:10B6700085FA039A03689A4218D0404603A9FAF75C
:10B68000BFFA98B903AE0DF108099BE74246284678
:10B690001E49CDE9044600F089FA50B994F83A60A1
:10B6A00016F003031CD184F83A60A9E7D5F8188096
:10B6B0007EE72046FEF70AF9D5F81880B8F1000FAA
:10B6C0001CD06FF0040630460F49D8F84C304A6C55
:10B6D000013301324A64C8F84C3007B0BDE8F0834A
:10B6E000C3F104035FFA83F94A4601212046FEF7BD
:10B6F000DDFB0028DDD14E44F6B2D4E7FFF772FD42
:10B70000E9210348E8F728F8B87E0120F5B10500E3
:10B71000984F0700F0B50423002783B00E46694612
:10B720000546144601930097FEF702FE50B103460A
:10B730000670694628465C709F70DF70FEF71EFE3B
:10B7400003B0F0BD6FF06800FAE700BF00220423E9
:10B75000F0B50F4683B090F83A100446CDE90023C7
:10B76000FEF798FB00BB064669462046FEF7E0FD63
:10B770000546C8B18670C6700221A069FBF75AFA67
:10B7800030B92FB969462046FEF7F8FD03B0F0BD89
:10B7900001212046FCF7A6F9688094F8383043F080
:10B7A000080384F83830EDE76FF06800EEE700BF7B
:10B7B0002DE9F04714230646002588B08846174631
:10B7C00005930495FEF760FB304604A9FEF7B0FD33
:10B7D000002835D0437A0446012B41D0E368029318
:10B7E00023690393B569FCF7C9F9039A03689A4280
:10B7F00026D0284603A9FAF703FA08BB637A112B6F
:10B8000000F08580062B15BF04212C214FF0000984
:10B810004FF0280901234FF400440025B0691A466F
:10B82000CDE90045FEF7F4FA0446002873D003A9D9
:10B8300002AA00F043F9054600B32046FEF746F899
:10B840006FF00405B369002B68D0374CDA6C616C7B
:10B85000013201316164DA64284608B0BDE8F0873E
:10B860000423304606A906950793FEF761FD10B143
:10B870004378072BB2D86FF01505E3E74FF0040AC1
:10B88000069006A92046CDF81CA0FEF751FD002821
:10B89000D3D080F8008047708570C57006A9204617
:10B8A000FEF76CFD0028C8D1014652462046FEF73F
:10B8B000FDFA0028C1D14A4631462046FEF71CFB5E
:10B8C00005460028B9D12046FEF7DEFA01212046C0
:10B8D00000F006F996F8252006F12601062A05D87B
:10B8E00084F82D2004F12E0010F0C0F9002200236E
:10B8F0002046F9F77BFC00289FDBB36983B10A4837
:10B900009A6C016C0132013101649A64A4E7202130
:10B910004FF01C097EE76FF00B0593E7FFF762FC21
:10B92000E9210248E7F718FFB87E0120984F070089
:10B9300000220423F0B583B00D4669460446CDE9E4
:10B940000023FEF7F5FC002839D006460221A06945
:10B95000FBF774F920B101212046FCF7C3F828BB9E
:10B96000A769FCF70BF92A6903689A421ED038468A
:10B9700005F11001FAF720F90746B8B920460199F8
:10B98000FEF788FAA369EBB1586C2946104D0130D7
:10B990005864EB6B324601332046EB63FEF7AAFF97
:10B9A0002046FDF793FF384603B0F0BDA3696BB1A5
:10B9B0000748DA6C416C013201314164DA640220DB
:10B9C00003B0F0BDEE210348E7F7C6FEFFF70AFC1F
:10B9D000B87E0120984F070010B5054C82B00023B7
:10B9E0000822012100940348FEF70EFF02B010BDAB
:10B9F00035B50500909001202DE9F04F0025142465
:10BA000085B0019102A9064690469A46BDF8389045
:10BA10009DF83C70BDF840B003940295FEF788FC99
:10BA2000002847D045212B4601704FEA19217F019C
:10BA300061F3070347EA1B2769F30F2367F31743F3
:10BA40006BF31F6380F801A08570C570436096F8A2
:10BA500039300446037253B9D8F80030726903F0E4
:10BA6000F003E02B17D1DAB192F89430037200237F
:10BA70006372A372E372D8F800302361019B1B68E4
:10BA8000E3601423304602A986F83630FEF776FCD0
:10BA900005B0BDE8F08F42B192F893300372E6E74B
:10BAA000B069FAF7B9FD2072E1E7B069FAF78AFDEB
:10BAB0002072DCE76FF06800EAE700BF10B50024F1
:10BAC00090F83BC084B00CF03F039B00CDE90044EC
:10BAD000029443EA9C13FFF78FFF04B010BD00BF30
:10BAE0001423002270B582B0CDE9002390F83730DE
:10BAF0000C4643F00103694680F837300546FEF7EF
:10BB000017FC00284FD095F83A20064662BBAA6879
:10BB100092B113464FF0000C198A5B688C44002BDD
:10BB2000FAD1CCF3072C118A52680B44002AFAD1BF
:10BB30004CEA032C1FFA8CF2728074720121A869FE
:10BB4000FBF778F8C8B969462846FEF717FC4FF4AA
:10BB50000063112CAB8615D0062C19D0012C18BF10
:10BB600000201BD002B070BD95F836301344C3F3EB
:10BB7000830343F040030370C9E72846FBF7BCFF8B
:10BB80007081E0E70021284603F0AEFF02B070BDEF
:10BB90000021284601F0A8F902B070BD0021284616
:10BBA000FFF7D4FDDEE76FF06800DBE72DE9F04F2B
:10BBB0008FB0002944D0D0E903B3064689469246A7
:10BBC0000193FEF761F914213046FEF763F98046D0
:10BBD000B0BB96F83A50002D51D007460DE09DF8C5
:10BBE0000E2094422CD39DF80F30012B01D02DD87C
:10BBF00034BBA41A14F0FF0541D0012230460DF1E8
:10BC00000F018DF80E70FEF75DF9C8B99DF80F3081
:10BC10006C1E012BE4B2E2D9012230460DF10E0177
:10BC2000FEF750F960B99DF80E20012A08D93CB101
:10BC3000023A023DD2B2ECB294428DF80E20D2D23A
:10BC40006FF0150840460FB0BDE8F08F072B01D00C
:10BC5000442B1CD1304604A9FEF734F90028EFD15B
:10BC600053469DF80E209DF80F0004A9C8470028F0
:10BC7000E6D19DF80E20A41A14F0FF05BDD1404670
:10BC8000019BC6F80CB033610FB0BDE8F08F1146D0
:10BC90003046FEF7FFF80028EBD0D1E7142300224E
:10BCA00008212DE9F04391B00DEB030407940BAC90
:10BCB000099484680546CDE9032308910A932CB1C1
:10BCC000218A64680A44002CFAD11446AB69002B1F
:10BCD00000F035819E4F2846FA6A03A90132FA62C4
:10BCE0005A6B01325A63FEF723FB0646002800F028
:10BCF0009D80037803F00F039B00132B40F2968086
:10BD0000143B5FFA83F8142385F83630427895F8AF
:10BD10003B30920862F3050385F83B30427862F3CA
:10BD2000871385F83B30037A002B7FD085F83A8063
:10BD3000418849BA89B2A14278DCC0F2858095F881
:10BD4000381011F0100164D006F10C09F368AC69E9
:10BD500003F0F003E02B6AD0FBF710FFF2680368F2
:10BD60009A4263D020464946F9F726FFAC6900287D
:10BD70005DD1F3687BB9FBF701FF326903689A4232
:10BD800008D0204606F11001F9F716FF10B9737AB2
:10BD9000022B4BD1AC6920460121FAF74FFF20B1AD
:10BDA0002846FBF7A9FE002840D10122337A06F18C
:10BDB000100985F8393095F83730002162F3061301
:10BDC000484685F83730F9F7E1FF0446002800F0CF
:10BDD0008680737A062B00F0A280336903F0F003AB
:10BDE000E02B35D028460499FEF754F8B8F1000F3F
:10BDF0006ED10296737A013B102B17D8DFE803F05F
:10BE0000615A161616521616161616161616161607
:10BE10004200337C7F2B09D0337B7F2B06D006F189
:10BE20000C094846F9F7B2FF0446E8B1AC69002CAA
:10BE300000F089800220BA6B236C01320133BA63AF
:10BE4000236411B0BDE8F0832846FEF7A9F976E730
:10BE5000AB69484602A90293FAF7C6F90028E5D073
:10BE6000037E9B07BED4E1E7FBF788FEF268036818
:10BE70009A42DBD020464946F9F79EFE00283FF45F
:10BE800065AFD3E7284607A903F07CFE01900028A0
:10BE9000CCD02846727A01AB02A9FEF767FF0228D0
:10BEA000CFD1C3E7284609A901F056F80190002830
:10BEB000EFD1BBE73146284600F01CF90228C0D17B
:10BEC000B4E731462846FFF733FD0228B9D1ADE784
:10BED00041462846FDF7DEFF00288AD0A6E7FBF79B
:10BEE0004DFE326903689A423FF473AF20464946DB
:10BEF000F9F762FE00287FF46CAF3369727A03F0C1
:10BF0000F003E02B09D0112A90D1FBF737FE3269FC
:10BF100003689A423FF45DAF88E7062A98D1AC697E
:10BF2000FBF72CFE326903689A423FF47FAF20464C
:10BF30004946F9F741FE00283FF44FAF76E7DD218F
:10BF40000448E7F709FCD3210248E7F705FC00BFE6
:10BF5000B87E0120984F070000207047704700BF4F
:10BF60002DE9F041012688B0044680F839608069E7
:10BF70000D4617469846F9F749FE002301462A4622
:10BF80002046CDE901330093FFF736FD00283ED16E
:10BF900040F294430422204606A90693FEF7AAF92C
:10BFA0000646A0BB042384F83A30082320460793B2
:10BFB00006A904AB0693FEF7BBF9054638B380F833
:10BFC000008046703B684360204606A9AE70EE7064
:10BFD000FEF7D4F9D8B92046FBF7A0FD034625F8B3
:10BFE000023F94F83730204643F0010384F837309D
:10BFF000FDF74AFF02212046FDF74CFF02222946A9
:10C000002046FEF777F910B908B0BDE8F0816FF06F
:10C010006800F9E738B50446FDF736FF02212046EF
:10C02000FFF75EFD0BF0D8FC02460025013A45F112
:10C03000FF332046F9F7DAF80028A3690DDBCBB10E
:10C04000114CD3F8AC20D4F8A41001320131C4F85B
:10C05000A410C3F8AC20284638BD83B10A4CD3F8ED
:10C06000B020D4F8A81001320131C4F8A810C3F8E8
:10C07000B02038BD40F2A9110448E7F76DFB4FF43A
:10C08000D7710248E7F768FBB87E0120984F070098
:10C09000F0B540F26766002783B00C4615460223D0
:10C0A00001220C21CDE90067FDF7B2FEE0B12E467A
:10C0B000002E0CBF1723162322460D4918BF214618
:10C0C0000546FFF74DFF041E08DB2846FFF7A2FFD9
:10C0D000041E03DB0024204603B0F0BD2846FDF714
:10C0E000F5FB204603B0F0BD6FF00B04F9E700BF8D
:10C0F00070510700002208232DE9F04784B0CDE9F4
:10C100000223836890F8362090F83AC01B8A624474
:10C110009B1A072B03DD0E694D4B9E4201D0022076
:10C120006AE002A90446FEF703F90028F7D020468A
:10C13000FBF7F4FC002873D120460399FDF7AAFE13
:10C14000A369002B7AD04349D1F8A0200132C1F86D
:10C15000A020D3F8A8200132C3F8A820A769D7F8F7
:10C16000B850002D44D095F8382095F85430D007B9
:10C1700003F0010143D5900749D5686AB04246D023
:10C18000D10705F1240A2AD50026C6EBC60305EB24
:10C19000830393F838309A071ED5DAF800202C4B29
:10C1A0009A4219D040F267684FF000090223CDE9A6
:10C1B000008901220C213846FDF72AFE8046B8B1DD
:10C1C000162352465146FFF7CBFE00280DDB4046B2
:10C1D000FFF720FF002808DB56B995F85430DB073D
:10C1E00006D501260AF11C0ACFE74046FDF76EFB93
:10C1F0002046FDF76BFB002004B0BDE8F087002966
:10C20000F6D09907F4D5296CB142B9D1F0E70029ED
:10C21000EED09807ECD5286C0D498842B0D1E7E7FD
:10C22000A36983B10B48D3F8B020D0F8A81001322D
:10C230000131C0F8A810C3F8B02070E74FF4D271F4
:10C240000548E7F789FA4FF4D7710348E7F784FA0E
:10C25000E0000001B87E0120984F070070B50D4640
:10C2600084B0039003A92846F9F7BEFF48B3037EC4
:10C2700004469B072FD403982146FAF78BF90398BD
:10C28000FAF710FD88B10025042621460122039803
:10C29000F9F7E4FB4FF400701049039AA3190096D4
:10C2A000FBF712FE284604B070BD29460122039810
:10C2B000FFF7EEFE051EE7DA21460398F9F7ECFFDB
:10C2C000F0E729460398F9F7D3FE04460028D2D1B7
:10C2D0006FF00B05E6E76FF07705E3E7000030E06D
:10C2E00070B50D4684B0039003A92846F9F77CFF8A
:10C2F00060B304460398FAF7D5FCD0B1002629466E
:10C300000398F9F711FFF0B1042521460398F9F7D6
:10C31000C3FF214600220398F9F7A0FB4FF4806089
:10C320000C49039A63190095FBF7CEFD304604B023
:10C3300070BD024629460398FFF7AAFE061EDEDA04
:10C34000304604B070BD6FF01506EFE76FF00106E0
:10C35000ECE700BF000030E010B582B0019001A909
:10C360000D48F9F741FF70B1037E04469B0708D4DE
:10C3700021460198FAF70EF9012221460198F9F7B2
:10C380006DFB02B010BD04490198F9F771FE044637
:10C390000028EDD1F5E700BF7451070008B1F9F7A7
:10C3A00065BA10B50446F9F791FA2146BDE8104088
:10C3B000B02201480FF081BCB87E012038B54FF0A3
:10C3C000FF324FF0FF33A0F58075A0F19C042046AA
:10C3D0000AF0D6F9A86CEFF7AFFF0023AB64204654
:10C3E000BDE838400AF07CBA38B50446FDF790FA4B
:10C3F0000F4B1D6845B12046A84700280FDB20469B
:10C40000BDE83840FDF762BA0BF0E6FA0246013AA1
:10C4100065F100032046F8F7E9FE0028EFDA204630
:10C42000FDF754FA2046BDE83840FDF74FBA00BF8B
:10C43000B890012070B50546A0F16C064FF0FF32B0
:10C440004FF0FF3330460AF09BF90FE055F8782C97
:10C450002368944245F87C3C08BF45F8783C304658
:10C460000AF03EFAA4F11C00FFF7BEFF4FF0FF32C6
:10C470004FF0FF3330460AF083F955F87C4C002C1E
:10C48000E4D130460AF02CFA3046BDE870400AF09C
:10C4900027BA00BF4FF0000C40F2E73170B54FF4FF
:10C4A000004E0D4661460446B0F88E024FF47A7293
:10C4B000EEFB00510023284684F896C2E3F794FE71
:10C4C00002460B46034804F59871BDE870400BF036
:10C4D00041B900BF687F01202DE9F8438568064611
:10C4E0008846144655B32846EFF76CFF00F10C0759
:10C4F00005463846F0F748F8844224D84FF0000942
:10C500008DB394B105F10C073846F0F73DF8A04221
:10C510000ED926460024414632463846EFF7F8FF4A
:10C520006D68B044002DECD1C4B94846BDE8F8832D
:10C530003846F0F729F80646241AECE7BAB99146CE
:10C540004846BDE8F8833846F0F71EF8211A0FD1A7
:10C550008946002DD8D1B568002DD2D140F2DF61D7
:10C560000B48E7F7F9F8B568002DCAD1DCE71146AA
:10C57000304640F6CD420023FDF70EFCB0F1000935
:10C58000B8BF6FF06809D0DB002DBAD1EBE700BF70
:10C590007851070040F2272108B50148E7F7DCF899
:10C5A000C00207004FF4137108B50148E7F7D4F84B
:10C5B000C00207002DE9F04F054690F8369090F83C
:10C5C0003A3083B0994409F1140B2846FDF75CFC1E
:10C5D00095F83730494643F00103284685F837304F
:10C5E000FDF758FC002862D114212846FDF778FE9B
:10C5F000002855D1D5E902377C68002B57D01A8A1C
:10C600005B681044002BFAD1584550D340F6CD4218
:10C61000002314212846FDF729F90646002846D0B4
:10C6200000F10C084046EFF7B9FF13283CD940460B
:10C63000D6F80CA0EFF7B2FF4FF0140CAA68014631
:10C640004B46CDF800C05046EFF7FCFE40461421A3
:10C65000EFF744FFD5E90323D268B7F810809B1A9F
:10C66000A8EB0308D8F114083B8210D0218A04F10A
:10C670000C00414528BF4146A8EB0108EFF772FFC7
:10C680002046038A64682BB1B8F1000FEED17460C4
:10C690007E609AE7EFF750FEB8F1000FE6D1F6E7BB
:10C6A000286903B0BDE8F08F3046EFF745FE002063
:10C6B000F7E700BF10B50446FFF77CFF90F80CC009
:10C6C000A3684FEA1C1CACF1050C4FEA8C0C9BB123
:10C6D0000022198A5B680A44002BFAD16FF013001C
:10C6E00094F8363094F83A100B44C01AA0EB0C00C2
:10C6F000104420EAE07010BD1A46EFE791F8373099
:10C70000C3F30213012B1CD170B58B680446084695
:10C710001546DE68FFF74EFFB0B10023012D236000
:10C720006360A360E360236163610BBF0388438898
:10C730000C36103663803368636001232380002049
:10C7400070BD6FF0150070476FF0680070BD00BFDE
:10C7500070B504888EB0012C06D0042107A8F0F72C
:10C760000DFA07980EB070BD43884268ADF83430BA
:10C770004B88184EADF8363000230B92496832785A
:10C7800007AD0C910793C5E90133EB60E2B11024CA
:10C79000114B0FCB85E80F0002AB019300941C22D4
:10C7A000294603AB0D4807F0DBFC039C0CF0F4FFBB
:10C7B0000B4AA0FB020302FB0131C30B43EA4143D6
:10C7C00004EB93100EB070BD10210348F0F7DAF9B6
:10C7D0003470DCE7A7960120A49001200900000234
:10C7E00000CA9A3B70B504460E4682B000F164055B
:10C7F0004FF0FF324FF0FF33284609F0C1FF01230D
:10C8000084F8703228460AF06BF894F8993213F0E5
:10C8100001032BD0236E2BB16068314642689847E4
:10C820000023236694F899326FF3000384F8993259
:10C8300004F178000AF0AAFB04F190000AF0E4FA8F
:10C8400004F51A73D3E8AF2FD3E8EF2F013AC3E80A
:10C85000E12F0029F8D13AB90A4804F5F87102B07D
:10C86000BDE870400AF044BE02B070BD6068456B20
:10C87000002DE1D00096226D194601921A46A84774
:10C88000DAE700BF687F01206FF07301A0F5007048
:10C89000FFF7A8BF6FF07301A0F5B070FFF7A2BF5C
:10C8A0006FF07301A0F50070FFF79CBF2DE9F8430E
:10C8B0008046A0F5F877A0F5A47501E0FDF706F82D
:10C8C0000022002328460AF00BFA04460028F5D17E
:10C8D0007B68002B00F0E780B3F89030C3F341038E
:10C8E000032B00F0AE80A8F5C6764FF0FF334FF073
:10C8F000FF32304609F044FF7B68002B00F0D38004
:10C90000B3F89020C2F34102032A0DD0FA6D5AB158
:10C9100002F51B72D2E8EF3F0133C2E8E13F002984
:10C92000F8D100227B68FA65186B20B1FEF790F908
:10C9300000227B681A63F86C18B197F899321B07CC
:10C940006FD400237A68A8F590791364484687F875
:10C950007032A8F5CE750AF063FF0CE06A682368B0
:10C9600094422B6008BF6B60304609F0B9FFA4F118
:10C970001C00FCF7ABFF4FF0FF324FF0FF333046A7
:10C9800009F0FEFE2C68002CE8D1304609F0A8FF23
:10C99000A8F1C0000AF044FF386908B1FCF7D6FFDF
:10C9A000B86C18B1EFF7C8FC0023BB64A8F1900085
:10C9B0000AF036FF08F110000AF032FFA8F160001B
:10C9C0000AF02EFFA8F130000AF02AFF48460AF0CC
:10C9D00027FFA8F1F0000AF023FF304609F080FF9E
:10C9E0007868FBF767FD00237B604FF0FF334FF063
:10C9F000FF32304809F0C4FE2F490B6843B19F4213
:10CA000002D147E09F4214D01A461B68002BF9D18F
:10CA1000284809F065FF3946BDE8F843274809F082
:10CA200067BC0023B7F8301208F14402F9F75AFE48
:10CA300087E73B6813604B689F4232D000233B601E
:10CA4000E6E74FF0FF334FF0FF321A4809F098FE47
:10CA5000194B1D68D5B105F164064FF0FF334FF057
:10CA6000FF32304609F08CFE6B68F3B1B3F89030BA
:10CA7000C3F34103032B03D0EB6D9F4208BFEC656A
:10CA8000304609F02DFF2D68002DE4D1094809F04A
:10CA900027FF28E74A683B6897420B60CED14B607E
:10CAA000CCE74A60CAE7FFF775FD40F2272104484A
:10CAB000E6F752FEC46D0120BC900120B46C012049
:10CAC000C002070038B5B0F89030C3F34103032B20
:10CAD0001CD0046CD4B104F164054FF0FF334FF067
:10CAE000FF32284609F04CFEE36D53B103F51B738A
:10CAF000D3E8EF1F0131C3E8E21F002AF8D1002379
:10CB0000E3652846BDE8384009F0EABE38BD00BFFD
:10CB100070B51446028C056C012A07D0E1B195F876
:10CB20007032042B22D86FF0150070BD51B103464E
:10CB300095F87002042811D8586A006848605B8C28
:10CB40000A804B8008262CB13246204605F512712A
:10CB50000FF08CF8002070BD1826F4E70826324646
:10CB6000084605F50C710FF081F8ECE71826F6E79A
:10CB70002DE9F04314268DB007AB074605930696C2
:10CB8000FFF718FD20B1437B044613F0040502D0E3
:10CB90000DB0BDE8F08340F6CD484FF0000997F89E
:10CBA00037203146B8690623CDE90089C2F3021265
:10CBB000FDF72EF906460028EAD097F83730C3F380
:10CBC0000213012B05D03046FCF780FE0DB0BDE806
:10CBD000F083BB68DB68DB680393BB68DB681B69B9
:10CBE000049303AA04A9FEF769FF0028EBDB304693
:10CBF00005A9FDF79DFB80460028E4D0056045604F
:10CC00008560C560056163880380238843800522B1
:10CC1000037B62F307130373637BD9061CD50423DC
:10CC20004373A3684360304605A9FDF7A7FB0028BE
:10CC3000C9DB3046FDF728F996F83730C3F3021305
:10CC4000012BC0D106213046FEF74AFF0028BADB8F
:10CC50003046FFF7C9FB9BE7636838461DBAFFF70C
:10CC600029FD627B2B1892074FF0140248BF013355
:10CC700088F80D201BBAC8F80830D4E730B5002476
:10CC800083B0054600220023524801A9019409F00F
:10CC9000C5FA40B1019B002B00F0988000205D6038
:10CCA0002B6403B030BD019B01464FF4287204464B
:10CCB00018460FF002F80830FDF77EFB019B03F5E4
:10CCC0001B73D3E8EF2FC3E8E14F0029F9D1019896
:10CCD000643009F04DFD0198A83009F06BFF019810
:10CCE00078304FF0FF3221460AF07AF80198903000
:10CCF000012211460AF074F84FF006224FF6FF7C2D
:10CD000002204FF4C061019BC3E9A12293F899224C
:10CD100083F8700222F00D02A3F88C1203F1D00008
:10CD2000C3E9154483F89742C3F8744283F8992203
:10CD3000A3F890C228490AF067FC0198274900F53A
:10CD4000B0700AF061FC0198254900F500700AF006
:10CD50005BFC0198234900F598700AF055FC019896
:10CD6000214900F580700AF04FFC01981F4900F539
:10CD7000C8700AF049FC01981D4900F5E0700AF0FE
:10CD800043FC01981B4900F5F8700AF05FFB019B1A
:10CD900003F51A73D3E8EF1F0131C3E8E21F002A3D
:10CDA000F8D14FF0FF324FF0FF33134809F0E8FCA1
:10CDB000019B124A1C60516829B10B6053600E48F8
:10CDC00009F08EFD66E7C2E90033F8E76FF00B006B
:10CDD00067E700BFB46C012035C4050095C80500A5
:10CDE000A1C8050049DA0500BDC305009DD20500B4
:10CDF000CDD50500ADC80500C46D0120BC90012053
:10CE0000026C0346B2B10429A8BF04210129B8BFAE
:10CE1000012102F51B72D2E8EF0FC2E8EC1FBCF152
:10CE2000000FF8D1B3F89020002042F00602A3F8DA
:10CE3000902070476FF00100704700BF29B108B51E
:10CE40000B4600219847002008BD0020704700BF16
:10CE5000002370B58AB0CDE90833036C6BB104468A
:10CE600093F87002022808D1D965B4F89030C3F362
:10CE7000C203012BADF8203003D06FF015000AB0CB
:10CE800070BD636A0BB11B680993638C6260206B91
:10CE9000658D5EBAADF82230FDF7DAFEB4F8903059
:10CEA000B4F88E00C3F3811113F4807318BF04F13A
:10CEB0002803059403946DBA30340694B6B2064C38
:10CEC000ADB2CDE9015608AD9DF82020009504943F
:10CED000FDF76AFD0AB070BD21E20500036C4163F5
:10CEE00003B11A65002070471423F0B589B002938E
:10CEF00090F837300F46164A03A9164E0191C3F336
:10CF0000021301A90446022B18BF1646FDF710FABA
:10CF1000D8B100230374437405463146A069F9F77C
:10CF200089FE30B92FB9204601A9FDF727FA09B0CB
:10CF3000F0BD06212046FAF7D5FD288294F8383056
:10CF400043F0080384F83830EDE76FF06800EEE74F
:10CF5000010020000004200070B590F83730184D13
:10CF6000184AC3F3021304460E468069022B14BF0D
:10CF700029461146F9F762FE20B106212046FAF74C
:10CF8000B1FD60B931462046FDF7D2F9054630B112
:10CF900031462046FDF7F2F908B9284670BDA3696D
:10CFA0004BB100250848DA6F416F0132013141670A
:10CFB000DA67284670BD4FF4A7710448E6F7CCFB4A
:10CFC0000100200000042000B87E0120984F0700D7
:10CFD0002DE9F041074688464FF0FF334FF0FF320E
:10CFE000154809F0CDFB154B1D68FDB12C68124E9C
:10CFF00005F51A73D3E8AF3F002B08DCB4B1254622
:10D00000246805F51A73D3E8AF3F002BF6DD3046F0
:10D0100009F066FC41462846B8474FF0FF324FF012
:10D02000FF33304609F0ACFB002CE8D1BDE8F041FD
:10D03000014809F055BC00BFC46D0120BC9001201F
:10D0400008B54268CAB1B2F89030C3F3C203012BED
:10D0500018BF002000D008BD92F99200F8F7F2FB4B
:10D0600028B1036833B1188B283880B208BD4FF45B
:10D07000067008BD4FF6D87008BDFFF793FA00BFE1
:10D080002DE9F04F984690F8CE300F4613F0010F7F
:10D090004368044614BF18211421C06C8BB0002BC8
:10D0A00000F0EC8040F6CD4A4FF0000B1646B3F886
:10D0B00090200623CDE900ABC2F3C202FCF7A8FE24
:10D0C0000546002800F0D78026B1B168FCF7C8FEFD
:10D0D0000023B36095F83730C3F30213012B78D1E6
:10D0E0002946606804F5137304F50D72FBF760FBC5
:10D0F000061E70DB14230DF11409284603A9CDF890
:10D100000C900493FDF714F9002800F0B18000237F
:10D11000036043608360C3600361B4F8323203800C
:10D12000B4F84A3243800522037B62F3071303738A
:10D1300094F8CE30477303F001031344027B63F38A
:10D1400007120273B4F888325BBAC38198FA88F880
:10D15000C0F8048017F0100744D1284603A9FDF752
:10D160000DF9061E37DB94F8CE30DB071AD503AB7A
:10D1700005930423494628460693FDF7D9F8064649
:10D18000002875D02046FFF75BFF83B21BBA43F43B
:10D19000806343F00203336049462846FDF7EEF80A
:10D1A000061E18DB2846FCF76FFE95F83730C3F3F0
:10D1B0000213012B0DD106212846FEF791FC061E15
:10D1C00009DB2F4B1B6893B128460BB0BDE8F04F2D
:10D1D00018476FF015062846FCF778FB30460BB071
:10D1E000BDE8F08FD4F880321BBA8360B5E71FB179
:10D1F000B4F88832A4F8843295F83730C3F30213B8
:10D20000012B06D02846FFF7EFF830460BB0BDE8FB
:10D21000F08FAB68DF683B7C7F2B13D007F11009E0
:10D2200000214846F8F720FE804658B9FAF7A6FCD8
:10D230003A6903689A4205D049464046F8F7E0FC4F
:10D240000028DFD00022EA61A26D05F11C0362B163
:10D250001360A3650022002304F1D00109480AF0FD
:10D260001FFA30460BB0BDE8F08F6365A365F1E7A8
:10D270006FF06806AFE76FF06806AFE7FFF792F967
:10D28000B8900120687F012010B4D0F87442D0F823
:10D2900064320022234410BCFFF7F2BEF0B504460E
:10D2A00083B0A0F5C876A0F596754FF0FF324FF029
:10D2B000FF33284609F064FAD6F87422D6F86432AF
:10D2C000013A1344102100223046FFF7D9FE012114
:10D2D0000DF10700EFF752FCC8219DF80730B6F8B2
:10D2E0008C2203F5007301FB03F35B0AA6F88E3270
:10D2F00082BB96F898123E2903D80131C9B286F84C
:10D3000098120026A1F1200003FA00F08A4002439F
:10D31000C1F1200023FA00F0134F8B400243581E46
:10D3200042F1FF3187428E411AD3D103D80341EA3B
:10D33000534140F2E733C0184FF47A724FF00003C4
:10D3400041F10001E2F750FF02460B462146074833
:10D350000AF000FA284603B0BDE8F04009F0C0BA70
:10D360004FF470120023F1E7BFD40100687F012061
:10D370002DE9F04F8BB00546DDE916BA046C8846FE
:10D3800091461E46BDF8507090F99200F8F75AFA8F
:10D39000E06401210DF12700EFF7F0FBC8229DF8B2
:10D3A000273003F5007302FB03F35B0AA4F88E3207
:10D3B000B5F89030C3F3C203012B07D0022B1DD167
:10D3C0006FF0150630460BB0BDE8F08FA4F8303290
:10D3D000A4F848320023A4F84A62A4F83272C4F8D0
:10D3E0003432C4F84C32D9F80430002B00F0BE803F
:10D3F000C4F83432D8F80430C4F84C3204F5127151
:10D4000004F50C70FFF7A4F97FBA76BAB6B2BFB2D2
:10D41000C4F87402CDE90167CDF800900595039535
:10D42000B5F89010674A21F0060141F0020189B277
:10D43000A5F89010049205F1300206924346C1F31C
:10D44000C202B5F88E00C1F38111FDF7ADFA061ED8
:10D45000B8DB04F50D72B4F83012E06CF9F706F998
:10D4600094F89932189A43F0080384F89932199B7A
:10D4700022666B6094F89932D4F8742243F0010369
:10D4800084F89932C4F8782204F164054FF0FF3231
:10D490004FF0FF33284609F073F994F8CE3000229C
:10D4A00043F0010384F8CE3002212046D4F87432D0
:10D4B000FFF7E6FD061E65DB00264FF4004240F252
:10D4C000E7303146B4F88E3284F89662E2FB03010D
:10D4D0004FF47A720023E2F787FE0B46024604F50A
:10D4E000987139480AF036F9032384F8703294F8B9
:10D4F000CE3066F3000384F8CE30D4F874320133B2
:10D50000C4F8743204F51A73D3E8EF1F0131C3E88D
:10D51000E21F002AF8D1284609F0E2F994F87032A7
:10D52000012B36D95BEA0A0201D1052B47D15A46B5
:10D53000534604F1780009F0D7FC60B194F87032DA
:10D54000052B08D094F89932DA072CD4DB0627D5BE
:10D550006FF06E0636E70026304694F899326FF386
:10D56000000384F899320BB0BDE8F08F95F9920072
:10D57000F8F768F908F10401F8F748FB0368C4F804
:10D58000343237E7284609F0ABF930460BB0BDE836
:10D59000F08F94F89932D906DAD46FF07F0611E74C
:10D5A0006FF073060EE76FF3000384F899326FF0A3
:10D5B00073012046FFF716F994F89932C6E76FF029
:10D5C0007606FFE621E20500687F012038B54FF0BE
:10D5D000FF324FF0FF33A0F5E075A0F5AE742046A2
:10D5E00009F0CEF8D5F87412D5F8643200220B4455
:10D5F00028461021FFF744FD2046BDE8384009F0D9
:10D600006FB900BF2DE9F843046C002C00F0A28034
:10D610000D4604F164064FF0FF324FF0FF33304601
:10D6200009F0AEF8002D40D194F87032043B012B84
:10D630001BD994F89932DA0700F18380304609F05B
:10D640004FF904F51A73D3E8AF2FD3E8EF2F013A5F
:10D65000C3E8E12F0029F8D122B9404804F5F87158
:10D6600009F046FF0020BDE8F883D4F8607204F5A5
:10D6700098793FB34FF40042294640F2E73094F8DE
:10D68000993243F0020384F89932B4F88E32E2FB07
:10D6900003014FF47A720023E2F7A6FD02460B461F
:10D6A0002E4849460AF056F8C8E704F598700AF083
:10D6B000B7F8304609F014F96FF07D012046FFF706
:10D6C00091F8CFE740F2E7354FF40048AC463946D1
:10D6D000234B4FF47A721868002320EAE070C0FBF5
:10D6E00008C16046E2F780FD02460B461B4804F580
:10D6F00000710AF02FF8D4F87422D4F864321121A2
:10D70000134420463A46FFF7BBFC28463946B4F896
:10D710008E324FF47A72E8FB0301D4F8743284F845
:10D7200096720133C4F874320023E2F75DFD0B46B4
:10D730000246494609480AF00DF8062384F870327B
:10D740007CE765F3000384F8993204F1780009F06E
:10D750001DFC73E76FF0010085E700BF687F0120C3
:10D76000C4900120F0B5456883B0002D3FD0B5F8D6
:10D770009030DB0701D403B0F0BD04460E4695F9A6
:10D780009200F8F75FF88642F5D194F87032012BD9
:10D79000F1D0B5F89030C3F34103032B06D001213B
:10D7A000284603B0BDE8F040FFF72CBF04F1640643
:10D7B0004FF0FF324FF0FF33304608F0E1FF286BA7
:10D7C00018B1FDF745FA00232B63E76D4FB1002236
:10D7D00069686FF07203009160681146B8470023D2
:10D7E000E365304603B0BDE8F04009F079B840F297
:10D7F000C1110148E5F7B0FFC00207002DE9F04F65
:10D80000D0E998128A42044683B000F2F680B0F85C
:10D810008C329A422ADB002594F8C830D80720467B
:10D8200054BF4FF40676B4F8C460FFF709FCB04269
:10D8300040F39D8094F8C830D90725D5B4F8C4606A
:10D84000AE4226DDD4E998138B4200F2DF80B4F8B3
:10D850008C22934204DAB4F890028342C0F29B8097
:10D860006FF03C07384603B0BDE8F08FB0F8900287
:10D870008242D0DA9D1A801A8542A8BF0546891ACD
:10D880008D42A8BF0D46C7E7B5F5067FDADB4FF43A
:10D8900006762046FFF7D4FBB04240F3948094F81C
:10D8A000C830DB0770D44FF4067846466368E06CF6
:10D8B000002B00F0AE8040F6CD4A4FF0000BB3F8DD
:10D8C000902041460623CDE900ABC2F3C202FCF72B
:10D8D0009FFA0546002800F09680D4F8649204F17F
:10D8E0000807FCF7D1FA3846FCF7CEFAB9F1000F79
:10D8F0005ED1394642462846FCF7FEFA00287FDB17
:10D90000D4F87422D4F864321821134420462A46ED
:10D91000FFF7B6FB074618BBD4F8643294F87122BF
:10D920003344012AC4F86432E36C51D0002B77D021
:10D93000434AD86D116D89191165516D41EBE6713E
:10D940005165996D891940EBE670C3E91610E36CD7
:10D95000002B60D0D16E0131D1665A6F01325A6707
:10D960002846FBF7B3FF384603B0BDE8F08F2046EA
:10D97000FFF766FBA8423FF765AF94F8C830DA07B7
:10D9800085D5B4F8C46084E7B4F8C460002E3FF4D1
:10D9900067AFB0468AE7D61AC01A8642A8BF0646C5
:10D9A000C91A8E42A8BF0E46002EEFDA374659E755
:10D9B00094F83F30494643F00103384684F83F303D
:10D9C000FCF768FA95E72046FFF73AFB0646DDE7E5
:10D9D00083B3996E1A4A41449966136E43441366A1
:10D9E000E36C13B3D2F884100131C2F88410D3F879
:10D9F0008C200132C3F88C20B2E76FF021050BE7D1
:10DA00002846FBF763FF6FF068072BE76FF02107ED
:10DA100028E7FEF7C7FD4FF498710A48E5F79CFE2A
:10DA200040F21B110748E5F797FE40F25D110548EB
:10DA3000E5F792FE4FF493710248E5F78DFE00BFC3
:10DA4000B87E0120984F0700F8B50546A0F59874F8
:10DA5000A0F1CC064FF0FF324FF0FF33304608F014
:10DA60008FFE94F89622082A0AD894F87032033B65
:10DA7000072B63D8DFE803F059503D0E623D0E0ED0
:10DA8000304608F02DFF2046BDE8F8406FF07301E6
:10DA9000FEF7A8BED4F87432002211212046013BC3
:10DAA000FFF7EEFA94F89622B4F88E32511CC9B200
:10DAB000072A84F8961205D8002201328A4203EB25
:10DAC0006303FADB4FF4004240F2E7300021C3FB6E
:10DAD00002014FF47A720023E2F786FB02460B46FE
:10DAE0005C48294609F036FE3046BDE8F84008F0AB
:10DAF000F7BE42B301230027204684F87132C4F8F0
:10DB00006472FFF77BFE3D30CCD184F871723046F1
:10DB1000BDE8F84008F0E4BED4F8743200221221C7
:10DB20002046013BFFF7ACFABCE7D4F87432002280
:10DB300002212046013BFFF7A3FAB3E73046BDE8D8
:10DB4000F84008F0CDBE94F8C8302046DF0754BF37
:10DB50004FF40677B4F8C470FFF772FAB8424DDD9F
:10DB6000D4F8642294F8C81002EBD273C8074FEAC5
:10DB7000630339D5B4F8C470B3EB470F21DBA4F8C5
:10DB80009232B4F8C4702046FFF75AFAB84231DD39
:10DB900094F8C830DB0724D5B4F8C400D4F8603258
:10DBA000B4F88C22A4F890029A4201D99842A1D8E4
:10DBB00000220023A5F1A00009F096F99AE74FF49E
:10DBC00006772046FFF73CFAB84239DD94F8C830B2
:10DBD000DA0731D44FF48663A4F892324FF4067713
:10DBE000D1E74FF40670D9E7B2F5066FE7DBA4F88A
:10DBF0009232F3E72046FFF723FACFE72046FFF7FC
:10DC00001FFAD4F86432410003EBD373B1EB630F16
:10DC10004FEA630209DC94F8C81093B201F00102E4
:10DC2000A4F89232002AACD1D8E794F8C830D907CA
:10DC3000C5D5B4F8C470C4E7B4F8C4305B009EE73F
:10DC40002046FFF7FDF994F8C820430002F00102D6
:10DC50009BB2E5E7687F012038B5044690F8C830EC
:10DC6000D807204654BF4FF40675B4F8C450FFF7E8
:10DC7000E7F9A8422CDD94F8C820B4F88632D10721
:10DC80004FEA530315D5B4F8C4509D420AD220463A
:10DC9000FFF7D6F9A84216DD94F8C830DB0728D57F
:10DCA000B4F8C430B4F888029842CCBF00200120F8
:10DCB00038BDB3F5067FF5D920464FF40675FFF75A
:10DCC000BFF9A842E8DC2046FFF7BAF90346E9E7C6
:10DCD0002046FFF7B5F9B4F88622B0EB520F4FEAB1
:10DCE0005203DFDA94F8C830DA07E5D5B4F8C45047
:10DCF000CDE74FF40673D5E738B5B0F8883204465F
:10DD00005B186AD4B0F886529D42A8BF1D46ADB2DA
:10DD10002046FFF7A1FF0346A4F888521D4620467F
:10DD2000FFF79AFF35B128B994F87032052B33D03C
:10DD3000002038BD94F8C8302046DB0754BF4FF4AC
:10DD40000675B4F8C450FFF77BF9A84234DD94F8A7
:10DD5000C820B4F88632D5074FEA53003FD5B4F84F
:10DD6000C45085420CD92046FFF76AF9A84240DD2D
:10DD700094F8C820B4F88632D20740D5B4F8C4006D
:10DD8000B4F888229A42D3D1B4F884328342CFDCEB
:10DD900094F87032052BCBD104F5E07009F040FD0A
:10DDA000D4F87452D4F864320022102120462B4457
:10DDB000FFF766F9002038BD2046FFF741F9B4F8B7
:10DDC0008632B0EB530F4FEA53021BD994F8C83098
:10DDD000D90707D5B4F8C450C5E7002598E7B0F5D2
:10DDE000067FCDD220464FF40675FFF729F9A842E9
:10DDF000BEDC2046FFF724F9B4F88632C0E74FF4C2
:10DE00000670BDE71046BBE770B5046C9CB10546D3
:10DE10000E4664344FF0FF324FF0FF33204608F0D7
:10DE2000AFFC3146286CFFF767FF0546204608F037
:10DE300057FD284670BD6FF06A05FAE72DE9F84FE7
:10DE4000434B1D68002D61D1436806465B6B002B78
:10DE50005DD0836C0F469046D2F8009013B308460D
:10DE6000FEF7A8FBB16C42680C46D1F818A012BAB4
:10DE700009EB020BABEB0A00238A64681D44002CFB
:10DE8000FAD1A84246D2002850D1B868EEF7C4FAB9
:10DE9000002306F58070B36409F0C2FCD8F80030A6
:10DEA00005EB03093846C8F80090FBF7EDFF97F83B
:10DEB0003720BB6842F0010287F83720A3B34FF048
:10DEC000000C1C8A5B68A444002BFAD1D8F800101F
:10DED0003846ACEB0101FBF7DDFFD8F80010304607
:10DEE0004942FFF709FFB6F88432D8F8002006F15E
:10DEF000A8009A428EBF00239B1A9BB23946A6F80F
:10DF0000843208F0D5FE0020BDE8F88FA847022033
:10DF1000BDE8F88FAAEB090AAAEB020ABAF1000FD2
:10DF20000DDDD8F80090BDE79C46CFE70146AAEB8F
:10DF30000B0B3846FBF7A6FD5D44B16CA5E7084620
:10DF4000EEF7FAF9B46406F5807009F069FCE8E7C9
:10DF5000B4900120F8B500260446D4E998138B420A
:10DF600003D8B4F88C2293420BDB04F5987504F5C2
:10DF7000A07000293CD00BF09DFA084343D03046F6
:10DF8000F8BDB4F890028342EFDAD51AC01A854280
:10DF9000A8BF0546CA1A9542A8BF1546002DE4DD64
:10DFA00094F89922510716D4002B14DD94F8C83048
:10DFB0002046DA0754BF4FF40677B4F8C470FFF771
:10DFC0003FF8B8421BDD94F8C830DB0714D5B4F82D
:10DFD000C400A84204DC2046FFF710FC061EBCDA91
:10DFE000D4F8601204F5987504F5A0700029C2D128
:10DFF0000BF060FA3046F8BD4FF40670E9E72046B2
:10E00000FFF71EF8E5E700234FF40047194640F2FA
:10E01000E730B4F88E2284F89632E7FB0201002341
:10E020004FF47A72E2F7E0F802460B4602482946BE
:10E0300009F090FB3046F8BD687F01202DE9F04FD4
:10E04000076C83B0002F00F09180994697F87032EA
:10E05000052B40F08B800C46164607F164084FF004
:10E06000FF3240464FF0FF3308F08AFBD7F86002DA
:10E07000B7F88C52A84208D36FF00A04404608F063
:10E080002FFC204603B0BDE8F08FB7F890329842DD
:10E09000F2D2B9F1000F35D0D9F80C60002E40D083
:10E0A000D9F8083000211A4603EBC6065468083236
:10E0B000B2422144FAD14FF0000B2D1A8D4207F1E4
:10E0C000080228BF0D465E46019209E0B5EB0A053D
:10E0D000564423D0D9F80C305B451FD9D9F8083005
:10E0E00003EBCB02526853F83B10AA4228BF2A46E2
:10E0F00001989246FEF7F0F9041E0BF1010BE5DAE8
:10E1000066B9BBE72D1AAE4228BF2E4621463246DD
:10E1100007F10800FEF7E0F9041EAFDBD7F8600254
:10E12000304497F87132C7F86002012B06D03846A8
:10E13000FFF710FF041E11DBD7F86002B7F88C322E
:10E14000834203D9B7F89032834205D800220023D6
:10E1500007F1900008F0C8FE34468FE714F1690F0C
:10E16000EAD021463846FEF73DFB87E76FF07F0493
:10E1700087E700BF38B5044690F8C830D807204676
:10E1800054BF4FF40675B4F8C450FEF759FFA842C7
:10E190003CDD94F8C830D90719D5B4F8C430A4F8D8
:10E1A00090322046B4F8C450FEF74AFFA84219DD69
:10E1B00094F8C830DB0721D50023B4F8C400A4F8D4
:10E1C000943200EB400080B2A4F8920238BD4FF4C4
:10E1D0000673A4F8903220464FF40675FEF730FF20
:10E1E000A842E5DC2046FEF72BFF002300EB4000B1
:10E1F00080B2A4F89202A4F8943238BD4FF4C960FA
:10E200000023A4F89202A4F8943238BD2046FEF709
:10E2100017FF94F8C830A4F89002DA07C1D4DAE7FF
:10E220002DE9F04F0E469BB04FF0FF334FF0FF3219
:10E23000C14808F0A5FAC14B1F68002F00F0A78065
:10E240003C6810AD002231462846FEF757FA0028F8
:10E25000C0F29880B7F830322946012B14BF18223B
:10E26000082207F50C700DF030FD002840F08A8080
:10E27000012231462846FEF741FA0028C0F282808A
:10E28000B7F848322946012B14BF1822082207F597
:10E2900012700DF01AFD002874D13C460127A648E3
:10E2A00008F01EFB002F75D0002C73D0002E64D018
:10E2B0003046FEF77FF9074600285ED090F80C80C4
:10E2C000437B4FEA181803F03F0B04F164094FF049
:10E2D000FF3348464FF0FF3208F052FA94F870329C
:10E2E000002B47D03B7B4F2B40F2F0813046FEF7AE
:10E2F000E1F90F9094F870325FFA8BFA023B012B30
:10E3000040F22281B4F88832002B00F030827A6823
:10E31000D4F8801212BAA2EB010C002800F08A8215
:10E32000BCF1000F07DB03EB010CA2EB0C0CBCF102
:10E33000000FC0F2258201380244501A002804DB85
:10E340000B44D21A002AC0F21B82BAF1000F00F06F
:10E350005F821AF0040F00F05B82B369002B01F0BA
:10E360007A827748D3F88420C16F01320131C167C6
:10E37000C3F88420484608F0B3FA022738461BB099
:10E38000BDE8F08F2746002C89D024685AE76A48F8
:10E3900008F0A6FA3046FEF70DF9437B9C0740F1E2
:10E3A000C78013F0100740F0C380249BD3F840804F
:10E3B000B8F1000FE1D008F51B73D3E8AF3F002B95
:10E3C000DBDD96F8379010ADC9F3021910970622DD
:10E3D000012148466F600EAB0E97F9F785FF0028C4
:10E3E000C0F297800E9B1C6CB369E36401210FA8F7
:10E3F000EEF7C4FBC8229DF83C3003F5007302FB26
:10E4000003F35B0AA4F88E3296F837306268C3F3E0
:10E410000213002A01F0DE81042B88BF3B46B2F8CC
:10E42000901098BFDB000B4304F51277A2F89030F0
:10E43000314601223846FEF761F9002866DB0022EA
:10E44000314604F50C70FEF759F900280E985EDB92
:10E450007B683A68C362B0F89030826243F480739C
:10E46000A0F89030C3F3C203012BA0F82090ADF8C0
:10E47000403000F0108208222946FAF77BF8002885
:10E4800044DB0E99002901F0DF81B1F89030284675
:10E49000C3F3C203012B08BFB4F8323201F12801E3
:10E4A00008BF21F8063CFEF753F984460E9FDFF8BB
:10E4B00094E0C4E99DCCCDE904E74A4607F1300970
:10E4C000CDF81890039707F12803B4F832720121B0
:10E4D0007FBABFB20297B4F84A7206207FBABFB2C1
:10E4E00000950197FCF760FA00280FDBB4F848129A
:10E4F000E06C04F50D72F8F7B9F894F89932C4F8A5
:10E500005C8043F0080384F89932D1E60E98FAF75C
:10E5100001F8B369002B00F0E5870948D3F8902093
:10E52000D0F8881001320131C0F88810C3F890206B
:10E530003046FEF71DFB20E7C46D0120BC90012092
:10E54000B87E012021E20500BAF1000F26D01AF0B2
:10E55000040F23D0B369002B01F07881D3F8882011
:10E56000C0490132C3F8882094F89932D1F880204C
:10E5700043F010030132D80784F89932C1F88020A3
:10E5800003D57B7B142B00F067853046FBF79EF9A3
:10E590006FF067030126002708939FE0B8F1050F8D
:10E5A0003FD1FB89B4F88A225BBA9BB2934228BF61
:10E5B000134604F5C8784046A4F88C32002B40F08E
:10E5C000368109F03BF8002800F06A81D4F8603207
:10E5D000B4F88C2204F190019342099104D2B4F86A
:10E5E00090229342C0F040810022002304F1900069
:10E5F00008F07AFC94F87032013B0A2B01F28B810F
:10E60000DFE813F044018F013701D6023403990289
:10E61000470244011C0280020102B8F1050F00F01C
:10E620006581F368304609933369A8F105080893BA
:10E63000FBF72AFC96F83A2096F83610304611443B
:10E6400014314FEA8808FBF725FC4246282A28BFE8
:10E65000282229463046FBF735FC099B0028F36049
:10E66000089B336194F8C83023F0030384F8C83062
:10E67000C0F22E81B8F1000F28DD2A4606E00A44D8
:10E68000A8EB0108B8F1000F40F326811378002BA6
:10E6900000F02281012B66D0B8F1010F16D051781D
:10E6A000012913D9414511DC022B4CD0032BE6D1B3
:10E6B00003290BD194F8C830A4F8C61043F0020324
:10E6C0000332A8F1030884F8C830DBE73046FEF7D0
:10E6D0004FFA6FF06703012602270893D4F804A0CD
:10E6E000BAF1000F01D0DAF830A0256D484608F0E5
:10E6F000F7F804F1A809BAF1000F17D004F51A7B56
:10E7000010E000220023484608F0EAFA804668B18B
:10E710000023414650461A460095F9F7B5FC0228F9
:10E7200000F08180DBE8AF3F002BEADC002E3FF4F5
:10E7300025AE94F87032012B7FF620AE2046089962
:10E74000FEF750F81AE60429C0D15388A8F104084E
:10E750005BBAA4F8C43094F8C830043243F0010323
:10E7600084F8C8308EE7013208F1FF388AE70028C4
:10E770007FF4EBAD7B68D4F880221BBA934260D162
:10E78000BAF1000F3FF449AF1AF0040F7FF4E2AE84
:10E79000B8F1050F7FF445AF1AF0020F40F047843F
:10E7A0001AF0100FD4F8742200F0A0800AF0EF0BDA
:10E7B00094F8703203F0FD01042900F03584093B20
:10E7C000012B40F23184BB681BBA9A1A002A08DB7D
:10E7D000D4F87422D4F860120A449B1A002B7FF7F5
:10E7E000E0AEB269002A00F04987D2F880101D4BD4
:10E7F0000131C2F880109A6F01329A67B269002A1B
:10E8000000F03787196F01311967936F01339367F0
:10E81000D4F87412D4F8643200220B44204610213C
:10E82000FEF72EFCA6E54046FBF750F863E708F03C
:10E83000F7FFCBE6BCF1000F03DB0B44D31A002B30
:10E840009EDBBAF1000F3FF495AD1AF0040F7FF490
:10E8500084AD1AF0010F03D11AF0100F3FF48AAD06
:10E86000D6E700BFB87E012004F1900008F0CCFA92
:10E87000C0E61BF0FF0206D0BB68D4F874121BBAC6
:10E880008B4200F0A0843046FEF772F90023022785
:10E890001E46089322E7D4F8343211930E98EAE525
:10E8A0004FF4004C014640F2E733B4F88E2284F86E
:10E8B0009802ECFB02314FF47A7218460023E1F71C
:10E8C00093FC02460B46B748414608F043FF7DE6FD
:10E8D000B8F1000F7FF7FAAE94F87032023B012BCB
:10E8E0007FF65FAEBAF1000F7FF456AFB369002B2D
:10E8F00000F0C486AC4A916F01319167D3F8801063
:10E900000131C3F88010B369002B00F0B286106F9C
:10E91000996F0130013110679967484607F0E0FFB1
:10E920002BE55FFA8BF3022B7FF424ADE36D43B14B
:10E9300003F51B73D3E8EF1F0139C3E8E21F002A78
:10E94000F8D194F8CE3040F2E73543F0010384F873
:10E95000CE307B68D4F874121BBAC4F87C327A6863
:10E960000027D4F8803212BA01331A44D4F8643242
:10E97000C4F880220B443A4612212046FEF780FB61
:10E980004FF400482846394694F8CE30B4F88E2229
:10E990006FF3000384F8CE30D4F87432E8FB020140
:10E9A00001334FF47A72C4F8743284F896720023FB
:10E9B000E1F71AFC02460B467A4804F5987108F014
:10E9C000C9FE28463946794B4FF47A721B6823EA10
:10E9D000E373C3FB08010023E1F706FC02460B4684
:10E9E000704804F5007108F0B5FE002E00F0E583D4
:10E9F0003046FAF76BFF4FF00408002384F870826A
:10EA00001E4608936AE60F9900293FF43FAF7A68E3
:10EA1000D4F8803212BA9B1A9942FFF637AFE36CF2
:10EA2000002B00F026869A6F5F4901329A670B6FC0
:10EA3000304601330B67FEF79BF827E70F9939B192
:10EA40007A68D4F8803212BA9B1A994280F22483F1
:10EA5000BB68D4F874221BBA93427FF417AF04F555
:10EA6000987008F0DDFE04F5007008F0D9FE4FF450
:10EA7000404200234B4804F5B07108F06BFE002EB5
:10EA800000F051843046FAF721FF4FF00B080027C1
:10EA9000B3E70F9B3BB17968D4F8802209BA521AC8
:10EAA000934200F370831BF0FF013FF4EFAE7A68EE
:10EAB00012BA1344D4F8802293427FF4E7AEC90718
:10EAC0007FF5E4AED4F8803204F500700133C4F869
:10EAD000803208F0A5FE04F5B0714FF440420023E7
:10EAE000304808F037FE10212046FEF7CDFB002EFF
:10EAF000C8D14FF00B08002384F870821F461E46D1
:10EB00000893EBE5BB68D4F874221BBA93427FF4F8
:10EB1000BDAE04F5987008F083FE04F5007008F0AF
:10EB20007FFE002E00F0068400273046089701265D
:10EB3000FAF7CCFED2E50F9D3DB17A68D4F8803269
:10EB400012BA9B1A9D4200F3A782BB68D4F87422C4
:10EB50001BBA934200F0F8821BF0FF033FF496AE1D
:10EB60007A68D4F8801212BA2A448A427FF48EAEB0
:10EB7000DB077FF58BAE0022D4F880320133C4F876
:10EB80008032002A40F0B9844FF009081021204655
:10EB9000FEF77AFB002EAED03046FAF797FE00273C
:10EBA0002BE700BF687F0120B87E0120C4900120C0
:10EBB000BB68D4F874221BBA93427FF467AE7B68BB
:10EBC000D4F880221BBA93427FF460AEE56D002D2D
:10EBD00000F05E85EF6D6D6804F5007008F020FEB2
:10EBE00004F5987008F01CFE04F51A73D3E8EF1FC3
:10EBF0000131C3E8E21F002AF8D16268002A00F060
:10EC00004285B2F8903023F0060343F00403A2F8E3
:10EC10009030002F00F00086D4F848126368D4F8D2
:10EC20004C229962DA62606800F12801002D00F040
:10EC30000B86B5F890306A68C3F3C203022B0092CA
:10EC40004FF0000314BF08221822B8472046FFF7F0
:10EC500091FA0F9F002F40F0C685002E00F0BF856F
:10EC60003046FAF733FE4FF00508C6E61BF0FF0307
:10EC700007D07A68D4F8801212BA8A4200F07A82F9
:10EC800000230A93D4F87432BA68194612BA8A4239
:10EC90000893D4F8603200F0D88023B1B4F88C32F5
:10ECA000002B40F07E82D4F874320893BB68089A37
:10ECB0001BBAA3EB0208B8F1000F0B93434640F3D5
:10ECC000C280D4F86022904500F2D681226904F116
:10ECD000080A002A00F0D0810021108A52680144FD
:10ECE000002AFAD18845CDE90C2300F2C5815046AF
:10ECF000FBF7CAF894F83F10504641F0010184F840
:10ED00003F104146FBF75EFA5046FAF79DFE0C9A1B
:10ED10000D9B84F8972294F8C82012F0010F00F0A0
:10ED20004F82B4F8C4202046CDE90C32B4F890A24A
:10ED3000FEF786F90D9A0C9B904240F32B8594F8D0
:10ED4000C820D00740F11E85B4F8C42090450ED3EA
:10ED500020460C92FEF774F90C9A904240F383849B
:10ED600094F8C830DA0740F17A84B4F8C430B4F8C3
:10ED70009422002A40F0AD83B4F89022B4F89212A5
:10ED800091429EBF03FB032303F1FF3393FBF2F396
:10ED90004FF6FF7253449342A8BF13469BB2089AA2
:10EDA0000B99D4F86402511AD4F8602280450A44C1
:10EDB0008CBF00210918C4F86412B4F88C12A4F8AE
:10EDC00090328A42C4F8602204D29A4202D2099850
:10EDD00008F01AF8D4F874324344C4F87432E36C7F
:10EDE000002B00F0E7841A6F01321A67C04A94F8CA
:10EDF0007112936E012903F10103936600F0A2845E
:10EE0000002384F87132D4F86032002B40F08884FB
:10EE100094F899329A0700F14C842046FFF79AF84B
:10EE2000031E0893C0F23784D4F86032B4F88C2201
:10EE3000934203D2B4F89022934204D300220023D9
:10EE4000099808F051F80F9B10E0002B00F0798131
:10EE50000F9B002B00F0738294F87122002A00F0BF
:10EE60009882B4F88C22002A40F09B817D68D4F807
:10EE700080222DBA954200F05F81521B002A089231
:10EE800040F39682B268002B40F08B829A461D4672
:10EE900008937AB10025DDF82080118A52680D446C
:10EEA000002AFAD19D42CDF82080C0F039819845E2
:10EEB00000F23681EB1A0B936368E06C002B00F0D4
:10EEC000C38440F6CD474FF00008B3F890200421EA
:10EED000CDE900780623C2F3C202FAF799FF07468C
:10EEE000002800F01D813046FAF7CEFF3146384643
:10EEF0000B9AFBF701F80028C0F20F81B368A5EB6D
:10EF00000A05002B00F0A1830022DDF82080198A79
:10EF10005B680A44002BFAD1CDF82080954200F2BC
:10EF2000FC803046FAF7B0FF96F83730294643F0B8
:10EF3000010386F837303046FBF744F93046FAF7DC
:10EF400083FDB1683846FAF78BFF0023BA68304674
:10EF5000B260BB60FAF798FF3046FDF72BFB4368C1
:10EF600008991BBA0B441BBA43603846FAF7AEFC4B
:10EF70001BF0FF05CDF83CA000F0A6822F0740F162
:10EF8000A38201250F9B002B00F09C823146204676
:10EF90000FAAFEF753FFE36C0746002B00F00A842C
:10EFA0001A6F534901321A678A6ED4F880320132DF
:10EFB0008A660F9A1344C4F880320A9B73B92046BC
:10EFC000FEF74AFE04F5E07110B9002D40F03F83D2
:10EFD00040F6CD420023474808F062FB002F08BFEF
:10EFE0000026D4F86032002B00F09181B4F88C2216
:10EFF0009A4276D9B4F890229A4272D9099807F0C9
:10F0000003FF0A9B002B40F02C81002E00F055825C
:10F01000002F40F052823046FAF758FC00231F467A
:10F020001E460893FFF75ABB013AFFF7CCBBE36CCF
:10F03000002B00F01E839A6F2D4901329A676FF002
:10F04000670308930B6F304601330B670126FDF70A
:10F050008FFD0227FFF742BBBB68D4F874221BBAAE
:10F06000934249D13046FAF731FC6FF06E03012626
:10F0700000270893FFF732BBE36C002B00F0F98206
:10F080009A6F1B4901329A670B6F304601330B6749
:10F09000FDF76EFDFFF71DBBE36C002B00F0E9826E
:10F0A0009A6F134901329A670B6F04F59870013318
:10F0B0000B6708F0B5FB04F5007008F0B1FB4FF4E6
:10F0C000404200230B4804F5B07108F043FB304682
:10F0D000FDF74EFD002E00F021814FF00B080227B6
:10F0E0008BE400220023099807F0FEFE89E700BFA9
:10F0F000B87E0120687F0120B369002B00F0AB834C
:10F10000C86FD3F8842001300132C867C3F8842067
:10F11000484607F0E5FBFFF730B93846FAF7D6FB6B
:10F12000D4F87422D4F8643210211344204600220B
:10F13000FDF7A6FF002754E7002B40F0AB81002726
:10F140004FE784F89732B1E504F5987008F068FB52
:10F150001BF0FF0207D07B68D4F880121BBA2B4447
:10F160008B4200F0C4813046FAF7B0FB072384F8E5
:10F17000703253E713F0010200F0A88103F0FE0B98
:10F1800001230A937EE5E36C002B00F072829A6FF4
:10F19000C34901329A670B6F04F5007001330B67A6
:10F1A0008BE704F5987008F049FA00287FF47BADEE
:10F1B00040F6DC41BB48E4F7CFFA4FF004089AE48C
:10F1C0004FF40672AFE512F0120F3FF45CAB04F59A
:10F1D000987008F025FB7B681BBAC4F87C327A680B
:10F1E000D4F8803212BA01331344C4F880320F9F2E
:10F1F000002F40F0FD816268002A00F04482B2F8DE
:10F200009030204623F0060343F00403A2F8903028
:10F21000FEF7B0FF10212046FEF736F8002E00F072
:10F22000E381002F40F0E0813046FAF74FFB0523E1
:10F2300084F8703294F89932256E6FF3000384F8E5
:10F2400099322DB1606800214268A84700232366E7
:10F25000002304F178001E46089307F0D5FDFFF760
:10F260003DBA002540F2E73BD4F88032D4F874224E
:10F270000133C4F88032D4F864321121134420469B
:10F280002A46FDF7FDFE4FF4004A58462946D4F8B9
:10F290007432B4F88E220133EAFB0201C4F87432EE
:10F2A0004FF47A72002384F89652E0F79DFF04F53C
:10F2B000007802460B467C4804F5987108F04AFA3B
:10F2C00040467A4908F0A0F958462946784B4FF451
:10F2D0007A721B6823EAE373C3FB0A010023E0F799
:10F2E00083FF02460B467048414608F033FA002E71
:10F2F00000F0E080002F40F0DD803046FAF7E6FABB
:10F300000A233E46089784F87032FFF7E7B904F500
:10F31000987008F085FAD4F8603267E60B2384F819
:10F320007032FFF7B3BA0B233746089684F8703271
:10F33000FFF7D4B9374608960126FFF7CFB994F8FE
:10F34000973294F8C820032B28BF03230133D10739
:10F35000204684F8973254BF4FF4067AB4F8C4A01C
:10F36000B4F89082FDF76CFE504540F3D98094F8D4
:10F37000C830DA0740F1D180B4F8C43098444FF671
:10F38000FF739845A8BF984694F87132A4F890820C
:10F3900023B994F89732032B00F0C780D4F8603279
:10F3A0007BE40899A3EB010A002A7FF473ADB7E66A
:10F3B000002B63D0B068002867D002460021178A6E
:10F3C00052683944002AFAD1CF1A018A40680A44A7
:10F3D0000028FAD19742089357D83046FAF754FDDF
:10F3E00096F83720394642F0010286F83720304639
:10F3F000FAF7E8FE3046FAF727FBB268089B118A55
:10F400009561526829442AB1108A91615268014479
:10F41000002AF9D1A06C002800F0F98007464FF0CF
:10F42000000C8269891A3A8A7F689444002FFAD1C5
:10F430008C4540F24582994227D2002940F03C8217
:10F44000A16CB068ECF7E8FFB368A364A06C002877
:10F4500000F0DF8003460125826903E09A6991424A
:10F4600018BF0025198A5B681144002BF6D1002DC6
:10F4700040F0CF80ECF760FFA564CAE01BF0FF030B
:10F480003FF45DAEDD077FF55AAE10212046FDF753
:10F49000FBFE54E61BF0FF053FF478AD6EE500BFC0
:10F4A000B87E012078510700687F012089C80500D7
:10F4B000C49001200A2384F8703200231E4608936A
:10F4C000FFF70CB902278CE500255BE50A92FFF7F0
:10F4D000D9BB9045C0F073810023A4F89432B4F8EE
:10F4E00092325CE44FF4A271D248E4F735F9D007C8
:10F4F0007FF539AE0122FFF73FBB04F5007008F03D
:10F500008FF94FF440420023CB4804F5B07108F066
:10F5100021F94FF00B08FFF739BB4FF406732DE7C5
:10F520002046FDF78DFD034628E70023D4F86482CA
:10F530002046C4F86432FEF761F9B4F89432C4F896
:10F540006482002B3ED194F8C8302046DB0754BFBC
:10F550004FF40678B4F8C480FDF772FD404540F3DF
:10F560009481D4F8642294F8C81002EBD273C807CF
:10F570004FEA630340F19981B4F8C420B3EB420F22
:10F58000C0F274819BB2CA072046A4F8923254BFDD
:10F590004FF40678B4F8C480FDF752FD40454DDDC8
:10F5A00094F8C830DB0746D5B4F8C43003EB430306
:10F5B0009BB2B4F892221344A4F89032D4F8643287
:10F5C000A4F89432D4F86032B4F88C22934204D276
:10F5D000B4F890229342FFF460AB0022002304F1C0
:10F5E000900007F081FCD9E6052384F8703221E60B
:10F5F00031460FAA2046FEF721FCD4F880320F9A3C
:10F60000071E134408BF0026C4F88032F3E5B36830
:10F61000A364002304F580752846B36008F00EF853
:10F6200000287FF432AF29464FF48032002382480D
:10F6300008F090F829E74FF4C963BAE72046FDF7D0
:10F64000FFFC00EB400083B2B3E71A4666E40846CD
:10F6500008F0E6F810212046FDF716FEBEE44FF450
:10F660000673FFF784BB2046FDF7EAFC0346FFF76D
:10F670007EBB4FF49D716F48E4F76EF840F2531172
:10F680006C48E4F769F840F239216C48E4F764F813
:10F690002F46FFF7A1BA69333FF4C6AB3046FDF7FA
:10F6A00067FA16B13046FAF711F901260027FFF77D
:10F6B00015B80A9B04F50075002B55D0D4F880329C
:10F6C000284601335E49C4F8803207F09DFF4FF4AD
:10F6D000004240F2E73000214FF00A08594B1B6806
:10F6E00023EAE373C3FB02014FF47A720023E0F7CD
:10F6F0007BFD0B46024629464F4808F02BF8204672
:10F700001121FDF7C1FDD4F8743220460133C4F84D
:10F710007432FCF7BFFE002E7FF43EAAFFF7EBB970
:10F720002046FCF7B7FE94F899329B0703D5D4F82E
:10F730006032002BBDD094F87132012B7FF46DAB99
:10F74000FFF772BB0023C4F864322846EDF716FABF
:10F75000C8229DF8403003F5007302FB03F35B0AF7
:10F76000A4F88E32FFF74CBB4FF4004240F2E73072
:10F77000344B0A991B684FF0060823EAE373C3FB76
:10F780000201B1E7B8F5067FFFF4F1AA4FF4067263
:10F79000FFF7DEBA20460C93FDF752FC80450C9B28
:10F7A000FFF4E5AA94F8C830D907EFD5B4F8C4201F
:10F7B000FFF7CEBA40F235111E48E3F7CDFFB4F89B
:10F7C00090321FFA88F1521A5B1AA4F894229BB265
:10F7D000FFF7E5BA40F25F211848E3F7BDFF4FF0AD
:10F7E0000508FFF788B90FAA31462046FEF726FB29
:10F7F000D4F880320F9A0746134498B91021204656
:10F80000C4F88032FDF740FD002205231646089219
:10F8100084F87032FEF762BF39466068FDF7F2FE89
:10F82000FFF734B810212046C4F88032FDF72CFDD4
:10F83000EAE700BF984F0700687F0120C002070079
:10F8400089C80500C4900120FCF7ACFE40F23F11CE
:10F850003348E3F781FF4FF4AC713148E3F77CFFA5
:10F8600094F8C830DB0724D5B4F8C420904620466D
:10F87000FDF7E6FB404539DD94F8C810C80732D5DE
:10F88000B4F8C4305B009BB27DE62046FDF7D8FBA0
:10F89000D4F86422410002EBD272B1EB620F4FEA5E
:10F8A0006203DDDC94F8C8106CE6B2F5066FBFF6B3
:10F8B00069AE4FF40678DAE73046FAF7E3F8BFE5C9
:10F8C0000893ECF77FFD8269089B521B018A9A42DC
:10F8D000114413D299423FF6D8ADA06CECF72CFD41
:10F8E000B368A364B2E54FF486634CE62046FDF7A7
:10F8F000A7FB430094F8C8109BB244E69942BFF4BA
:10F90000C4AD19B1A06C0C30ECF720FEB168A06C4E
:10F91000ECF782FD9AE540F626610248E3F71CFF0A
:10F92000984F0700785107002DE9F041A0B3056C0E
:10F930006DB30C4617461E4605F164084FF0FF32C2
:10F9400040464FF0FF3306F01BFF012C0AD0023C6B
:10F95000032C12D86FF06C04404606F0C1FF20461D
:10F96000BDE8F081042E0FD13B68012B0CD895F82F
:10F97000992263F3820285F899220024404606F01A
:10F98000AFFF2046BDE8F0816FF01504E4E741F2D7
:10F990003A210448E3F7E0FE41F236210148E3F75B
:10F9A000DBFE00BF785107002DE9F04178B3056C0C
:10F9B00045B30C4690461F4605F164064FF0FF32F2
:10F9C00030464FF0FF3306F0DBFE012C0AD0023C3C
:10F9D000032C10D86FF06C04304606F081FF2046EF
:10F9E000BDE8F08195F89932C3F38003C8F8003080
:10F9F0000FB104233B600024304606F071FF20461F
:10FA0000BDE8F08141F25F210348E3F7A5FE41F232
:10FA10005B210148E3F7A0FE785107000B2808B5E9
:10FA200004D8054B53F82000043008BD40F22341B0
:10FA30000248E3F791FE00BF6052070078510700CB
:10FA4000006C9030704700BF006C7830704700BF8A
:10FA500001460148FDF7BCBA65D7050010B5002482
:10FA600082B06FF00D034FF480620C490C48009493
:10FA700007F070FD09212246C82301391A4403EB1F
:10FA80006303FAD1074BC83202EB62021A600649DF
:10FA9000034802B0BDE8104007F0A4BFB0C1012088
:10FAA000687F0120C4900120A0510700F0B508270D
:10FAB00085B00D460DEB070106461446CDF808D07B
:10FAC0000397FAF735FC58B10346002230460DEB98
:10FAD00007011D805C805A60FAF750FC05B0F0BD4C
:10FAE0006FF06800FAE700BF0823F0B585B00D4657
:10FAF00003930DEB030190F83730204F204AC3F3F6
:10FB000002130446022B08BF1746CDF808D0FAF7B7
:10FB10000FFC78B3A36806463BB10022B3F810C0CF
:10FB20005B686244002BF9D193B294F83A0094F8E0
:10FB30003620394602449B1A5BBAB380A069F7F7B6
:10FB400079F830B92DB9204602A9FAF717FC05B0AB
:10FB5000F0BD11212046F7F7C5FF4FF6FF730028CF
:10FB600018BF0346F38094F8383043F0080384F854
:10FB70003830E8E76FF06800E9E700BF01004000B7
:10FB800000044000F8B590F83730284D284AC3F3F8
:10FB9000021304460F46022B08BF1546FAF7C8FBAE
:10FBA00030B3064639462046FAF7E8FB0246F8B974
:10FBB000B188A36849BA89B253B3B3F810C05B687F
:10FBC0006244002BF9D194F83A0094F8363003449B
:10FBD000D21A9142A0690CD12946F7F72FF8A8B1A3
:10FBE000F388BBB994F83730C3F30213012B0DD05F
:10FBF000A069B0B100260F49D0F8A430D1F89C20FC
:10FC000001330132C1F89C20C0F8A4303046F8BD61
:10FC10001A46D8E711212046F7F764FF0028F5D0EF
:10FC2000E6E74FF487710448E3F796FD01004000D2
:10FC300000044000B87E0120984F070007498B421E
:10FC400008BF022A00D0704708B5054807F09EF9A2
:10FC5000BDE80840034807F0D7B800BF000010D047
:10FC6000386E0120806E01200B6803B1704730B1FF
:10FC7000036823B10C33D3E8AF3F1B07F6D4086009
:10FC8000704700BF2DE9F04F1F467C4985B081FBCE
:10FC90000731FB17C3EBA10315460193002800F0C1
:10FCA000CC808046D8F8003023B30C33D3E8AF3F84
:10FCB000190700F1DF80002F19DB40F0C7803C46B8
:10FCC000D8F80030E3B10C33D3E8AF3FDA0717D5EB
:10FCD000D8F80030A3B10C33D3E8AF3FDB050FD524
:10FCE000674807F053F9674807F08EF844E04FF093
:10FCF000FF34E5E7002FC0F2AB8000F0B9800A24A2
:10FD0000661E02226048614B4360614BC0E90423D8
:10FD1000F8F718F84FF0FF320121594807F060F862
:10FD2000002C25DD4FF4004340F2E7300021019A1A
:10FD3000DFF84C9122EAE272C2FB03014FF47A72BF
:10FD40000023E0F751FA82468B460DE04D485246BB
:10FD50005B4607F0C9F810B1D9F8083043B1002E5E
:10FD600006F1FF3405DD2646D9F80830002BEDD129
:10FD700034464548F8F72CF80120464902AAF7F71F
:10FD800037FC00BB03460322404602A9F6F7F6F80B
:10FD90000120414903AAF7F72BFC002862D001207B
:10FDA0003E4902AAF7F724FC002856D0DFF8F0807D
:10FDB000D8E8EF3F43F00403C8E8E23F002AF7D158
:10FDC000304807F021F8002F01DD002C52DB4FF402
:10FDD000004340F2E7300021019ADFF8C48022EAB4
:10FDE000E272C2FB03014FF47A720023E0F7FCF9E0
:10FDF000DFF890B08246894607E0002C12DD5246BB
:10FE00004B46584607F070F83446D8E8AF6F35EAED
:10FE1000060604F1FF36F0D1013406D0002005B00B
:10FE2000BDE8F08F34460134F8D1002FD4BF002054
:10FE30006FF0730005B0BDE8F08FF5F7B7FD8046B1
:10FE400000287FF42FAF6FF00100E8E70A2437E7BE
:10FE50006FF001064FF0FF3453E7404602A9F6F772
:10FE600069F8A3E7404603AA02A9F6F721F896E746
:10FE70003C4645E76FF07200D1E700BF67666666F3
:10FE8000386E0120806E0120508001203DFC05006D
:10FE9000000010D0905207002CDA06004CDA060061
:10FEA000C8900120002300B583B0084801A9019340
:10FEB000F6F7DEFE019828B142F2107304220449DD
:10FEC000FFF7E0FE002003B05DF804FB69FC0500CD
:10FED000A052070070B5002288B0002300244FF024
:10FEE000FF360B4DCDE9062328464FF40072CDE9CD
:10FEF0000364CDE90144074B0749009407F066FE0F
:10FF00000649284607F06EFD204608B070BD00BFC8
:10FF10006880012021FF0500B0C50120B85207000C
:10FF20002DE9F04F85B04FF0FF324FF0FF3380489E
:10FF300006F026FC00F01CFE00F074FA00217D485B
:10FF4000F6F796FE7A4806F0CBFC7B4E4FF0FF3278
:10FF50004FF0FF33794806F0C7FF4FF0FF324FF004
:10FF6000FF33734806F00CFC3488002C00F0A080AE
:10FF700014F00600C4F340314FEAD438C4F380399A
:10FF800004F0040704F0010504F0800275D0002D90
:10FF900061D0002A5ED114F002037AD00125002F2F
:10FFA00040F0A680BB462C46AA460295A14259D0F5
:10FFB0000120F5F747FCD045039057D00120F5F715
:10FFC00041FCB945804655D00120F5F73BFC814600
:10FFD0003188C1F30C010CB141F400510FB141F46F
:10FFE00080413180BAF1000F04D06FEA41416FEADD
:10FFF00051413180524B029A1B8893420AD0002A09
:0200000260009C
:100000005DD0002B00F085804D4B029A1A804D4B3D
:10001000039A1A604C4B1B885B450AD0BBF1000F5A
:1000200055D0002B7CD0484BA3F800B0474BC3F809
:100030000090474B1B88AB4208D0002D50D0002BBE
:1000400060D0434B1D80434BC3F80080384806F016
:1000500047FC7BE700252C462F46AA46AB46029577
:10006000A142A5D10023D0450393A7D1B9454FF0B4
:100070000008A9D14FF00009AAE7002DEBD0002F0E
:10008000E8D072B915461446924602920127BB4643
:100090008CE78FBB01233D461C46BA46BB46029304
:1000A00084E705462C462F46AA46AB460295D7E77D
:1000B000A046A3462546A146029403949AE7134618
:1000C00000920220039A2449F7F7FEFE9CE75B4664
:1000D0004A4608202049CDF800B0F7F7F5FEA2E720
:1000E0002B46424620201C490095F7F7EDFEA8E775
:1000F0002C46AA460295C9E71D460123AA461C467E
:100100000293C3E74246102013490093F7F7DCFE41
:1001100097E70120039A10490093F7F7D5FE73E79C
:100120004A4604200C490093F7F7CEFE7BE700BF58
:10013000386D01205D010600D8900120206E01205D
:100140009C960120D49001209A960120D090012005
:1001500098960120CC900120000050F038B504465C
:10016000F6F770FD451E4FF0FF324FF0FF33164893
:1001700006F006FB34B1236823B10C33D3E8AF3F5C
:10018000DA0710D401212046F5F73CFD30B10F4AC3
:1001900032F8153043F0040322F815300A48BDE860
:1001A000384006F09DBB2368002BEBD00C33D3E81E
:1001B000AF3FDB05E6D5054A32F8153043F00103C1
:1001C00022F81530DEE700BF386D0120D8900120FD
:1001D00000487047D890012010B5F6F733FD441E53
:1001E0004FF0FF324FF0FF330C4806F0C9FA0C4ACB
:1001F00032F81430190604D5BDE81040074806F05F
:100200006FBB43F0800322F81430064806F0FCFD73
:10021000BDE81040014806F063BB00BF386D012007
:10022000D8900120206E012010B5F6F70BFD441E7A
:100230004FF0FF324FF0FF330C4806F0A1FA0C4AA2
:1002400032F81430190604D4BDE81040074806F00F
:1002500047BB23F0800322F81430064806F0D4FD93
:10026000BDE81040014806F03BBB00BF386D0120DF
:10027000D8900120206E012038B5F6F7E3FC4FF04E
:10028000FF324FF0FF330446074D013C284606F08D
:1002900077FA064B33F81440C4F3C014284606F02E
:1002A0001FFB204638BD00BF386D0120D8900120CB
:1002B00010B5F6F7C7FC441E002C03DD4FF6FF74A3
:1002C000204610BD4FF0FF324FF0FF33054806F0D7
:1002D00057FA054B33F81440024806F001FB20465C
:1002E00010BD00BF386D0120D89001202DE9F041EC
:1002F00014461D46069FFFF76BFF24F4C05325F0FC
:10030000604223F0030322F44012134301D0BDE8FE
:10031000F08106463846F6F795FC00F1FF384FF0BD
:10032000FF324FF0FF331F4806F02AFAC5F31303DC
:10033000A4F500621A4321D040F60102944273F101
:10034000000212D2621E1A4318D0023C1C4307D18D
:1003500001213846F5F756FCE8B1134806F054FD84
:10036000BDE8F0410F4806F0BBBAA4F580541C4329
:10037000EED0BDE8F0410B4806F0B2BA0121384694
:10038000F5F740FC0028E8D036F8183043F00403B5
:1003900026F81830E1E736F8183023F0040326F881
:1003A0001830DAE7386D0120206E0120F8B51D46BF
:1003B0001446069FFFF70CFF25F0504324F003027C
:1003C00023F480131A4300D0F8BD06463846F6F7EA
:1003D00039FC471E4FF0FF334FF0FF320F4806F055
:1003E000CFF9C5F31305631E2B4310D0023C2C43F9
:1003F00008D136F8173043F0010326F817300848C3
:1004000006F002FDBDE8F840044806F069BA36F887
:10041000173023F0010326F81730F0E7386D01207C
:10042000206E0120032208B509480A4B0A49C0E999
:1004300004234160F7F786FC41F60302074B0848A6
:100440000849C0E904234160BDE80840F7F77ABCD9
:1004500048810120000010D0AD030600000030E00C
:1004600030810120ED0206000023024600B583B072
:1004700052F8182C042003490093F7F725FD03B028
:100480005DF804FB000020D02DE9F0412D4C2E4FEB
:10049000BC4207D806460AD223689E420CD050348C
:1004A000BC42F8D94FF481712848E3F755F96FF051
:1004B00085052846BDE8F0816368D3F80080B8F16F
:1004C000000FF4D0D8F80030002BF0D0A06C4FF023
:1004D000FF324FF0FF3306F053F95EB333684BB38E
:1004E0000C33D3E8AF3FDB0724D5164D03E050357E
:1004F000BD42D7D813D22B689E42F8D16B681B68D7
:100500006BB1A86C4FF0FF324FF0FF3306F038F9B3
:10051000EB68A86C23F00803EB6006F0E1F92046D5
:10052000D8F8003098470546A06C06F0D9F928465F
:10053000BDE8F0813046F6F7C9FB05460028D4D067
:10054000F2E700BF5070012050700120CC5207002C
:1005500008B50C490C4B8B4206D80AD21A68904257
:1005600009D050338B42F8D94FF481710748E3F733
:10057000F3F8002008BD5B681868003818BF012038
:1005800008BD00BF5070012050700120CC52070000
:1005900003292ED8F8B5184C184DAC4208D80E4691
:1005A00017460AD2236898420AD05034AC42F8D990
:1005B0004FF481711248E3F7CFF86FF08500F8BD72
:1005C00063681B68002BF8D0A06C4FF0FF324FF02F
:1005D000FF3306F0D5F80123E268B3403FB922EAC1
:1005E0000303E360A06C06F07BF90020F8BD134321
:1005F000F7E76FF015007047507001205070012030
:10060000CC520700F8B51F4A1F4C944208D8054643
:100610000E460AD223689D420BD050349442F8D93A
:100620004FF481711948E3F797F86FF08505284674
:10063000F8BD63681F68002FF7D07B68002BF4D0EB
:10064000A06C4FF0FF324FF0FF3306F099F885B100
:100650002B6873B10C33D3E8AF3FDB0709D556B134
:1006600020467B6898470546A06C06F039F9284675
:10067000F8BD0025F8E7012203212846FFF788FF8F
:10068000EEE700BF5070012050700120CC520700EF
:100690000021FFF7B7BF00BF38B50B780D46044601
:1006A000B3B96B78032B12D8DFE803F002273517B4
:1006B00034B1236823B10C33D3E8AF3FDA0706D453
:1006C0002046F6F703FB10B16B6803B9686038BDCC
:1006D000FFF7D2FD0028E4D038BD1D4B1D4A9342E0
:1006E00006D8F4D219688C4221D050339342F8D9FD
:1006F0004FF481711848E3F72FF8002CE7D02368F6
:10070000002BE4D00C33D3E8AF3FDB07DFD5204626
:10071000F6F748FBD7E70E4B0E4A9342E8D8D6D2FD
:1007200019688C420CD050339342F8D9E0E75B68EB
:100730001B68002BCBD000212046FFF763FFC2E7E8
:100740005B681B68002BC2D02046FFF79DFEBAE70E
:100750005070012050700120CC52070023F050410E
:1007600022F0070021F4001170B50843049D1AD14E
:10077000C3F31303032A73F1000111D21A4312D0F9
:100780002048214EB04206D80DD203689D4211D0B8
:100790005030B042F8D94FF481711C48E2F7DCFFC9
:1007A000043A1A4300D070BD2846BDE870400121CC
:1007B000FFF728BF43681B68002BF4D0183007F000
:1007C0002FF8104C03E05034B442E4D814D223681C
:1007D0009D42F8D163681B6873B1A06C4FF0FF3283
:1007E0004FF0FF3305F0CCFFE368A06CC3F3800447
:1007F00006F076F8002CD6D12846BDE87040F6F712
:10080000D1BA00BF5070012050700120CC520700B7
:10081000032938B502D90024204638BD134C144AA8
:10082000944207D80D46F6D22368984207D0503438
:100830009442F8D94FF481710E48E2F78DFF636856
:100840001B6883B1A06C4FF0FF324FF0FF3305F00F
:1008500097FFE368A06C23FA05F404F0010406F0A6
:100860003FF8204638BD1C46D6E700BF5070012037
:1008700050700120CC52070038B5124A124C9442F5
:1008800006D80AD2236898420AD050349442F8D944
:100890004FF481710D48E2F75FFF0025284638BD0F
:1008A00063681D68002DF9D0A06C4FF0FF324FF047
:1008B000FF3305F065FF2569A06C06F011F82846A6
:1008C00038BD00BF5070012050700120CC5207008D
:1008D00038B5124A124C944207D80D460AD2236802
:1008E00098420AD050349442F8D94FF481710D489F
:1008F000E2F732FF6FF0850038BD63681B68002B9C
:10090000F8D0A06C4FF0FF324FF0FF3305F038FF06
:10091000A06C256105F0E4FF002038BD5070012077
:1009200050700120CC52070038B5124A124C944244
:1009300006D80AD2236898420AD050349442F8D993
:100940004FF481710D48E2F707FF0025284638BDB6
:1009500063681D68002DF9D0A06C4FF0FF324FF096
:10096000FF3305F00DFF6569A06C05F0B9FF28465F
:1009700038BD00BF5070012050700120CC520700DC
:1009800023F0504122F00B0021F4801170B5084390
:10099000049D0CD156498B4208BF022A24D08B42B9
:1009A00008BF082A14D08B4208BF012A00D070BDAE
:1009B000504C514EB44206D8F9D223689D421FD004
:1009C0005034B442F8D94FF481714C48E2F7C4FE78
:1009D000484C494EB442F6D8E9D223689D4253D0E0
:1009E0005034B442F8D9EEE7424C434EB442EAD810
:1009F000DDD223689D4256D05034B442F8D9E2E7A4
:100A000063681B68002BD2D000212846FFF700FF47
:100A100028B103212846FFF7FBFE0028C7D000229B
:100A200003212846FFF7B4FD324803E05030B042BE
:100A3000C9D8BCD203689D42F8D143681B68002B1B
:100A4000B5D0183006F0ECFE2A4C03E05034B44226
:100A5000B9D814D223689D42F8D163681B6873B17A
:100A6000A06C4FF0FF324FF0FF3305F089FEE368D2
:100A7000A06CC3F3800405F033FF002C97D1284607
:100A8000BDE87040F6F78EB963681B68002B8ED006
:100A900001212846FFF7BCFE002888D12846BDE882
:100AA0007040FFF7F1BC63681B68002B3FF47FAF19
:100AB0002846FFF739FF034600283FF478AF4FF48C
:100AC0007A754FF4004240F2E730002105FB03F352
:100AD000E3FB02014FF47A720023DFF785FB024645
:100AE0000B4604F11800BDE8704006F093BE00BF4D
:100AF000000010D05070012050700120CC5207002F
:100B000010B5184A184C944206D80AD22368984265
:100B100008D050349442F8D94FF481711348E2F769
:100B20001BFE10BD63681B68002BFAD06369002BA5
:100B3000F7D04FF47A7C4FF4004240F2E7300021C6
:100B40000CFB03F3E3FB02014FF47A720023DFF79F
:100B50004BFB02460B4604F11800BDE8104006F0BE
:100B600059BE00BF5070012050700120CC520700C8
:100B70002DE9F843DFF81C91474DA9457FD823D2D2
:100B80004C4600260027DFF8148163681B68BBB160
:100B90009B68ABB1A06C4FF0FF324FF0FF3305F014
:100BA000EFFD414604F1180006F02EFDC4E904678C
:100BB000636820461B689B689847A06C05F090FE10
:100BC0005034AC425BD8E0D30B223548354B436000
:100BD000354BC0E90423F7F7B5F807223348344B07
:100BE0004360344BC0E90423F7F7ACF8A9453BD286
:100BF000314E56F84C3C1B688BB356F8503C73B3DF
:100C00001B6863B30C33D3E8AF3FDB0727D556F837
:100C1000507C204B03E05033AB422BD81FD21A68D4
:100C20009742F8D15B681B68CBB11A4C03E0503493
:100C3000AC421FD81AD223689F42F8D163681B6860
:100C4000A3B1A06C4FF0FF324FF0FF3305F098FDD9
:100C5000E368A06CC3F3400405F042FE34B1AE4239
:100C600012D806F15006C4D3BDE8F8833846FFF722
:100C70000BFCF4E74FF481711048E2F76DFD40F290
:100C8000D1110F48E2F768FD40F2F3110C48E2F78A
:100C900063FD00BF50700120507001206904060000
:100CA0007881012081090600000010D060810120B8
:100CB0005D070600000020D0A0700120CC52070084
:100CC000105307000246002300B583B0694606486A
:100CD0008DF800208DF801300193F5F7C9FF0198D8
:100CE00003B05DF804FB00BF9906060084460122AC
:100CF000002300B583B0694605488DF800C08DF823
:100D000001200193F5F7B4FF019803B05DF804FBEF
:100D1000990606000246002310B50A4C82B06946C7
:100D200020468DF800208DF801300193F5F7A0FFE3
:100D30000223204669468DF80130F5F799FF0198A6
:100D400002B010BD9906060084460322002300B5B8
:100D500083B0694605488DF800C08DF801200193E5
:100D6000F5F786FF019803B05DF804FB99060600CD
:100D70000B460069DBB2002100EB4310104700BFB7
:100D800010B5EFF31184202383F31288BFF36F8F24
:100D9000094A136823F00201DB07116004D584F3CC
:100DA0001188BFF36F8F10BD012003F045FB84F362
:100DB0001188BFF36F8F10BD48910120104606F0D7
:100DC00023B800BF00B587B004AB0022CDE90433DF
:100DD0000123CDF800D0CDE90223CDF804D003697A
:100DE000C9B2EFF3118C202282F31288BFF36F8F08
:100DF00001EB410103EB81039A6C02F0070EBEF197
:100E0000010F0ED002F0C002802A8CF31188BFF3CC
:100E10006F8F0CBF6FF077004FF0FF3007B05DF8B9
:100E200004FB802289009A648CF31188BFF36F8FD2
:100E3000074AC3F844D01A6443685B5898474FF494
:100E400080420023684606F04FF807B05DF804FBC7
:100E5000BD0D060003F026BC03F0A4BBC9B20129F6
:100E600008B508D8036901EB410103EB8103986CD5
:100E700000F0070008BD7E210148E2F76DFC00BFCD
:100E8000505307001B4A70B5831AC3F34713012B55
:100E90002AD806460D46EFF31181202080F31288F0
:100EA000BFF36F8F03EB430302EB830CDCF84820A6
:100EB0009B0012F0800410D10122CCF8482081F36D
:100EC0001188BFF36F8F0C4A13445B689847214623
:100ED00030462B46BDE87040184781F31188BFF3B8
:100EE0006F8F4FF0FF31F3E74FF4E8710348E2F7FB
:100EF00033FC00BFF0900120DC5307005053070083
:100F0000F8B50022054601210520EAF7FDF9104851
:100F100003F03AFAC8B9044603F058FA2E690D49AD
:100F20003046E3F733FC031E0DDB0127B7642D6960
:100F3000084905F12000E3F729FC031EA8BF6F65EF
:100F400001DB2046F8BD1C46FBE76FF00404F8E720
:100F50005D1106009053070030B40024104B00EBE5
:100F6000400203EB8203D3E9105201461C64EFF305
:100F70001180202484F31288BFF36F8F9C6C04F0DF
:100F8000C00444F002049C6480F31188BFF36F8FA7
:100F90001DB12B4630BC0348184730BC704700BF1A
:100FA000F090012030C2060010B4EFF31180202130
:100FB00081F31288BFF36F8F174A136843F002045E
:100FC0001460DA0707D480F31188BFF36F8F012014
:100FD00010BC03F013BA114BD3F80C24D3F80C3423
:100FE000DB07F0D5EFF3118481F31288BFF36F8F25
:100FF0000B4A936C03F0C00343F00203936484F341
:101000001188BFF36F8F80F31188BFF36F8F0020BB
:1010100010BCFFF7A1BF00BF489101200050004065
:10102000F090012038B5C9B20469EFF3118E202584
:1010300085F31288BFF36F8F01EB410104EB810C44
:10104000DCF8484004F00705012D0CD004F0C00482
:10105000802C8EF31188BFF36F8F0CBF6FF0770079
:101060004FF0FF3038BD80248900CCF848408EF323
:101070001188BFF36F8FCCE9102343685B58984702
:10108000002038BD1A4A10B5831A0C46C3F3471323
:10109000EFF3118C202181F31288BFF36F8F03EBE4
:1010A000430302EB8302916C01F0070EBEF1010FC6
:1010B0000FD001F0C00140298CF31188BFF36F8F6E
:1010C0002346BDE810400CBF6FF077014FF0FF31B1
:1010D000184740219B0091648CF31188BFF36F8FF8
:1010E0000448054910645464CB58BDE810401847C3
:1010F000F0900120710D0600DC53070010B5C9B255
:101100000129026922D8EFF3118C202383F312887E
:10111000BFF36F8F01EB410102EB8102936C8900F9
:1011200013F0400406D08CF31188BFF36F8F4FF09B
:10113000FF3010BD012393648CF31188BFF36F8FD0
:1011400043680B445B689847204610BD4FF4E87134
:101150000148E2F701FB00BF5053070000B301282C
:10116000014610B523D10020134BD3E91342D864B4
:10117000EFF3118C202080F31288BFF36F8F586D2E
:1011800000F0C00040F0020058658CF31188BFF3F6
:101190006F8F24B12346BDE810400848184710BDA2
:1011A000054B9B6C5B0700D07047FFF7D5BE4FF433
:1011B00041710348E2F7D0FAF090012030C20600F6
:1011C000505307002DE9F041012406463D4BD3E87A
:1011D000EF2FC3E8E14F0029F9D1002A4DD0002EAE
:1011E00049D0731E012B67D8012E06D1364BD3F898
:1011F0001C3403F00303022B3DD006F0EDFB054643
:1012000018B9324B1B78002B45D1EFF311872023FF
:1012100083F31288BFF36F8F01252B4CDFF8B0806A
:10122000D4F81824D4F81834D20305D503F00303F6
:10123000022B1BD0012E19D09DB33846EAF714F9C2
:10124000D4F81835DBB2012BEAD1D4F80421002AF6
:10125000E6D0002002212022C4F80401D4F80401C1
:10126000C4F81815C8F88021A360D9E7F5B187F351
:101270001188BFF36F8FBDE8F081164916484A60A8
:10128000CA608C60E3F798FA0028A8DA40F2A3213C
:101290001248E2F761FA02220B4B0746C3F8082313
:1012A000BBE70021212007F0A5FBC9E70222064B7E
:1012B000C3F80423BDE8F08140F2B5210748E2F706
:1012C0004BFA00BFEC90012000500040AA9601208C
:1012D00000E100E0DC900120109101205053070054
:1012E0000A2838B5044607D0074DAB6806485B6846
:1012F000E1B29847204638BD034D0D21AB68284622
:101300005B689847F1E700BF90C2060008B5074840
:1013100004F06EFC38B10648EAF7C6FB0448E2F771
:10132000E5F9002008BD6FF0120008BD90C206006C
:10133000E1120600084608B5114602F03FFF0028FA
:1013400018BF6FF0040008BD08B502F007FF0028C1
:1013500018BF6FF0040008BD182070474368986BF1
:10136000704700BF03461B69002093F834240A70BD
:1013700093F835344B7070472DE9F04112F0FC6F53
:101380000569D0E9017645D1134602F03002302AD2
:101390003BD0284A284C1A40A24231D003F0060222
:1013A000042A28D013F4402207D09C033CD5B2F580
:1013B000402F1BD0214A9A4315D04FF0010C3C68B6
:1013C0000CFA01FC1CEA040F23F4801227D02C68CD
:1013D000DB074CBF4CEA040424EA0C042C6033689D
:1013E000BDE8F041184783F44023E6E740F20541A9
:1013F0001348E2F7B1F940F2FE311148E2F7ACF9D7
:1014000040F2FB310E48E2F7A7F940F2F7310C4801
:10141000E2F7A2F94FF47D710948E2F79DF940F235
:1014200011410748E2F798F940F201410448E2F718
:1014300093F900BF02000300020001000100100048
:101440001054070001F1240005F0DEBC38B5A8B146
:101450000368044693B11A6803231569062205F54B
:101460007C71F4F75BFA2B6803B92C602046F2F725
:10147000FBFE2046BDE83840F5F726BD00231B697A
:10148000FFDE00BF8C4630B503240146022589B03B
:10149000CDE9062301AB04939CFA9CF34FEA1C4C64
:1014A0000CFA04FC04A84CF0040C0290039551F8CB
:1014B000040B0594ADF804308DF806C08268002353
:1014C000146802AAA04709B030BD00BF70B5056915
:1014D000B1B90C46136805F57C76C5F8F0339388EE
:1014E0000921A5F8F433324606234068FFF7CAFF06
:1014F0000323062231462868F4F710FA204670BD0F
:101500006FF0850070BD00BF30B58DB0022500249E
:101510000A920A460B930146032308A8069002A8E4
:1015200004900120CDE9075454BA120C9A408DF86A
:10153000062001AA0590CDE9022351F8040BADF86D
:1015400004400993836804AA1C6806ABA0470DB049
:1015500030BD00BF2DE9F041C1F30D0C0CEB0305CC
:10156000B5F5804F06460CF54031406811D9CCF5F1
:10157000804423461746FFF7C7FF70B9C5F30D0334
:101580005BB170683A194FF44031BDE8F041FFF7A4
:10159000BBBFBDE8F041FFF7B7BFBDE8F08100BFBA
:1015A00070B5064686B0684640F6CD4200238DF8F9
:1015B0000F1008F0F3F8DDE9004501234FF00111A9
:1015C00070680DF10F02FFF75DFF0BE022462B461E
:1015D000684608F013F9DDE90023134310D01A2000
:1015E00004F0B0FA4FF00111012370680DF11702F9
:1015F000FFF78AFF9DF817000028E7D106B070BDFD
:101600006FF0040006B070BD2DE9F04F89B00223E1
:10161000D0F810A081464849406807AAFFF774FF38
:10162000BDF81C3013B909B0BDE8F08F022343495F
:1016300007AAD9F80400FFF767FFBDF81C40022392
:1016400064BAA4B22146484606AAFFF783FF40F6D3
:10165000CD4500230026BDF81870DAF800007FBAE7
:10166000023FBFB239461A46CDE90056F8F7E4FB0F
:101670008346002845D0D0F808800234A4B225461D
:1016800005943E464446CDE903A7A2465AF80C8F7E
:101690005046EAF779FF0746B74228BF3746294642
:1016A0003B4642464846FFF755FF3946BFB2F61B58
:1016B00050462F44B6B2EAF711FFBDB26468002E5F
:1016C000E3D1DDE903A75946DAF80000059CF3F7FA
:1016D00045FD002811DB2744022307AA1749D9F842
:1016E00004007FBAADF81C70FFF7CCFE40214846DD
:1016F000FFF756FF09B0BDE8F08F5846F8F7E6F857
:10170000E9E7DAF80030002B8DD01B688BB1186840
:10171000826893683BB101219847002883D0C36A4F
:101720000133C3627FE75368002B3FF47CAF9847D7
:10173000F3E79B68FFDE00BF2600010028000100E0
:101740002DE9F04FD0F8109085B009F20443002441
:101750004FF0010A8346DFF8DC80374F09F21C4660
:1017600001932CE0002A5CD0990750D513F0040FA8
:101770000CBF0423082395F834249A4201D085F83D
:10178000343401232D49DBF804000DF10E02FFF77C
:10179000BBFE98B99DF80E3083B101230DF10E0206
:1017A0002649DBF80400FFF76DFE9DF80E30DA06DF
:1017B00031D45B0702D55846FFF726FF01340023DA
:1017C0000422304605F090FB99F8353423B108FB2C
:1017D00004F3B7EB331FD4D301232E21DBF804002D
:1017E0000DF10F02DBF81050FFF78EFE0028C8DB6A
:1017F0009DF80F3095F8352413F00101B2D1002A7D
:10180000BFD02868A5F83414F2F708FDB9E7C3F390
:1018100080030133AFE7019805F0F6FA9DF80E302A
:10182000C7E7286885F835A4F2F7E6FC9DF80F3085
:101830009AE700BF917EFB3AB88D060002000100D6
:1018400030B50025044683B001230DF107021821AD
:1018500040688DF80750FFF715FE10212046FFF76E
:101860009FFE284603B030BD30B501254FF0840CF3
:10187000044683B02B460DF106024FF480314068D8
:101880008DF806C08DF80750FFF7FCFD294620466D
:10189000FFF786FE2B46182160680DF10702FFF75F
:1018A000F1FD002003B030BD2DE9F04F8BB08C6806
:1018B0008A460546D0F8108002AF002C46D000239F
:1018C000228A64681344002CFAD107F1180B1FFA1E
:1018D00083F95A46A24902236868C7F80C90FFF7BB
:1018E00013FE3E8B504608F2364A76BA4A465146B7
:1018F000B6B2F8F7E7FA002840F02A81C6F30D03E4
:1019000009EB0302B2F5804F686803F50031BA6055
:1019100039D9C3F5804352467B60FFF7B3FD0446D7
:1019200068B9BA686868C2F30D017B6899B30AEBBD
:1019300003020B464FF40031FFF7A4FD0446002CD0
:1019400028DA20462437BD46BDE8F08F07F1180B92
:1019500002235A4682494068FFF7D6FD504608F2F6
:10196000364A224651463E8BF8F7ACFA76BA8146A3
:10197000B6B2002840F0EC80C6F30D01686801F5AE
:101980000031C7F80C9052464B46FFF77BFD0446EA
:101990000028D4D16868FB685A4633445EBA70495F
:1019A00002233E8308F20448FFF76CFD404605F031
:1019B000EDFA20212846FFF7F3FD041E40DB4FF02F
:1019C000000B684EDA4607E013F0100329D10BF143
:1019D000010BBBF1640F5FD087F817A0042200232E
:1019E000404605F081FA002836D001233146686868
:1019F00007F11702FFF788FD002833DBFB7D59074D
:101A0000E2D504240123314607F11C0268683C77C3
:101A1000FFF738FD2846FFF7F7FDFB7D13F01003B5
:101A2000D5D0102407F11C023C7701234D4968688A
:101A3000FFF728FD044620462437BD46BDE8F08F59
:101A4000494803685E073FF47CAF01214B46474A93
:101A50000094E3F7DDFD74E7044620462437BD46D5
:101A6000BDE8F08F0446404803685D073FF469AF66
:101A70006D468AB002AB05211A463D4EC3E907B454
:101A8000C3F818905E6142F8101F00234FF42151F3
:101A9000E3F7DEFDAD4654E71A4615216C680123D5
:101AA00020467A75BA75FA757A18FFF72DFD01236D
:101AB0002C4907F1160206466868FFF725FD8446A3
:101AC0000123686807F117022A496546FFF71CFDE4
:101AD00003464FF0010A206A94F824201C4643680C
:101AE0000AFA02FA1B681AEA030F34D0D0F8108001
:101AF000836807F11C015B689847034640B9D8F832
:101B00000020FB69534013EA0A0F14BF012300238E
:101B10001548026852071BD0E8468EB097F815E0CA
:101B200097F816C0FA7D02A9C1E90A520A460A25A9
:101B3000C1E90C43104BC1E9069EC1E9086C4B6139
:101B400042F8105F002345F24001E3F781FDC546EE
:101B50006FF00404F5E640F249610848E1F7FCFD46
:101B60002400010002000100486C012044540700D9
:101B70006854070003000100945407001054070044
:101B80002DE9F0438BB044680646D0F8108008AFCA
:101B9000206804F02DF8002800F02981237E002B16
:101BA00040F01F81206A04F023F8002800F05681DD
:101BB000E28C206A94F8241042F48032FFF7DCFBB8
:101BC000051EC0F21B814FF0010994F82430B04A81
:101BD00009FA03F3C8F8FC23C8F80034206A08F5B2
:101BE0007E718368DB69002B00F0EE804A469847DF
:101BF000051EC0F2EB80E38C206A94F8241003F0F9
:101C00004003826895694268002D00F00681D2F891
:101C100000C009FA01F212EA0C0F00F0A1814FF0A6
:101C2000A07243F00073A847051EC0F2F880A06AB6
:101C300000283BD003F0DCFF002800F06A81E28D31
:101C4000A06A94F82C1042F4B012FFF795FB051E21
:101C5000C0F2F9800121A06A94F82C200369914018
:101C600042681268114200F080811B681942836843
:101C700014BF1B69DB6898474FF4FA7006F0E6FE64
:101C80000121A06A94F82C200369914042681268EF
:101C9000114200F06A811B681942836814BFDB6837
:101CA0001B6998472120002106F0A4FE4FF000098F
:101CB000802101233971706849463A1D87F80390E5
:101CC000FFF7E0FB051EC0F2B58010250021A4201F
:101CD00006F090FE494601233A1D3D717068FFF7FA
:101CE000D1FB012318217068FA1CFFF7CBFB0546D6
:101CF000002840F09F8094F8302008F57C735AB19A
:101D000094F83720184604F1310109F0AFFF94F838
:101D10003020012A00F0ED8032690623092102F506
:101D20007C727068FFF7AEFB4FF0100C012359492D
:101D30003A1D87F804C07068FFF7A4FB01235649D9
:101D400070683A1DFFF79EFB0023544CDFF850915A
:101D50003B71214601233A1D7068FFF793FB611C1C
:101D60000123706804F580243A1DFFF78BFB4C4576
:101D7000EFD102233A1D19217068FFF7C5FB4DF220
:101D80000703BA889A4240F0DF800022002308F55A
:101D90004A7900246FF00D0CCDE9062348464FF434
:101DA0004872CDE903C4CDE901443E4B009608F1E9
:101DB000080105F00BFF3C49484605F013FE284694
:101DC0000C37BD46BDE8F0836FF057053748036810
:101DD0005B07F4D094F824300121354AE3F7FCFB8B
:101DE000EDE7E06803F004FF00287FF4DBAE2F4846
:101DF00003685D0768D16FF01505E0E72B480368BD
:101E00005A07DCD094F8243001212A4AE3F7E4FB96
:101E100028460C37BD46BDE8F0836FF057052348D0
:101E200003685E07CBD094F824300121224AE3F7FF
:101E3000D3FBC4E71D4803685A07C0D001211F4ADD
:101E4000E3F7B0FBBBE7194803685907B7D094F82C
:101E50002C300121174AE3F7BFFBB0E7134D2B6885
:101E60005907C8D0236A6C46196888B0144A4FF4E1
:101E7000007662612246A1611249A68342F8101FD2
:101E80004FF4E25103462846E3F7E2FBA546B2E7EA
:101E9000451406001E0001001F0001001E00050081
:101EA0001E00210041170600B8550700486C0120AC
:101EB0004C5507002C5507006C5507008C55070042
:101EC000145507000300000123686C461E6888B0A3
:101ED0004FF4007522462749A583C4E90516264913
:101EE00042F8101F00234FF4E251E3F7B1FBA5467F
:101EF00081E794F837100844C1F10601EAF73EFE85
:101F000098F8F03323F0010343F0020388F8F0332C
:101F100002E71A4B1B6858073FF46DAFA36A6C4683
:101F2000196888B04FF400702246A161144D12491F
:101F30006561A08342F8101F00234FF4E2510F485F
:101F4000E3F786FBA54656E70C4803685B0702D11A
:101F50006FF0120533E701210A4AE3F723FBF7E7A5
:101F600040F2A5310848E1F7F7FB40F2A2610648CC
:101F7000E1F7F2FBF454070003000001486C012074
:101F8000145507009C5507001054070003465B6872
:101F900000205B681B690B60704700BF034610B4EC
:101FA0005B6802EA01045B6821EA02019C60D96077
:101FB000002010BC704700BF03465B6800205B68D0
:101FC0009960704703465B6800205B68D960704782
:101FD000034610B45B6800205A68536821EA030482
:101FE0000B409460D36010BC704700BF02F010BF7C
:101FF00038B50469002931D04B685BB365684DB1D1
:102000008D421DD02B4601E099420CD018461B682A
:10201000002BF9D1DAB10D60A36861600BB100202B
:1020200038BDA160FBE70B680360A368994205D047
:1020300000230B60002AF2D06568ECE7A060F7E7A8
:10204000A0680B6881426360F2D1A360F0E76FF093
:10205000150038BD50210348E1F77EFB4F210148B0
:10206000E1F77AFB50560700430912D10C4B59682F
:1020700079B170B501250C680A4E85408A682A40FE
:1020800003D04B683BB1304698471CB121462468C9
:10209000F4E7704770BD74210348E1F75DFB00BFB2
:1020A0006891012050C206005056070038B54468B8
:1020B000A06810B102F0BEFD08B1002038BD014695
:1020C000A06802F07BFD054658B92A460649A0687B
:1020D00002F04CFD31202A460521E9F715F90020D0
:1020E000ECE76FF0040038BD6920060070B5446865
:1020F00001F01F0594F810C0A06886B045EA4C15A1
:10210000002874D0B2F5001F68D00020B2F5800F0F
:10211000CDE9010052D0B3F1C06F5DD0B3F1007FC3
:1021200014BF012302238DF8043001AB0493002374
:1021300005930393E36803AECB40D90702D4B2F111
:10214000A07F21D0A06829460DF1030202F01AFDFC
:1021500070B132462946A06802F0CEFB002805DBAC
:1021600001222946A06802F0ADFD002006B070BD36
:102170009DF80310A06802F079FD0028E9D040F234
:10218000F1112048E1F7E8FA6B092BD14FF0FF334A
:10219000EB40DA0726D51C4B05F1800253F82230BC
:1021A000A068DB07CFD429460DF1030202F0EAFC58
:1021B00016301FD00DF103030293CAE7B3F1007F7D
:1021C0000CBF042305230390059001AAA068049284
:1021D00003AE8DF80430B6E70323A4E7294602F0E6
:1021E000EBFDC2E74FF474710848E1F7B5FA6FF000
:1021F0008500BBE7A0680DF1030102F04BFD00284C
:10220000D8DAB3E7C0560700002584408C56070093
:102210002DE9F043476801F01F063B7C154646EA6E
:10222000431640F20633D40648BF032205EA0304EE
:1022300058BFC2F3401287B0B4F5837F8DF80320F6
:1022400000F0AD8025D8062C04D05AD9B4F5807F93
:102250005DD101240123280303FA01F32CD469037F
:1022600044BF7968CB60B86858B331460DF10202BB
:1022700002F088FC15F4403F81464DD13146B868E4
:1022800002F0E8FCB9F1000F69D0002007B0BDE80A
:10229000F08340F2022084426CD0B4F5407F08BF46
:1022A0000324D7D0B4F5007F31D1012328034FF0A8
:1022B000020403FA01F3D2D579688B60B86800286C
:1022C000D3D173096DD14FF0FF33F340DB0768D5ED
:1022D0003648C5F3404300EB8600D0F8001285F481
:1022E000803621F4E161C6F3004621F0070143EA9C
:1022F00046030B4343EA820343EA0423C0F8003257
:10230000C3E7002CA6D0022C08BF0424A2D06FF093
:10231000150007B0BDE8F0834FF00008CDE9028852
:1023200001AB0493CDF814803146B86803AACDF808
:10233000048002F0E1FA4045A7DB15F400331BD11D
:10234000CDE904330DF1030303933146B86803AAC2
:1023500002F0D2FA002898DBB9F1000F95D19DF870
:102360000210B86802F082FC00288ED0FC211048D0
:10237000E1F7F2F905246DE79DF8030085F4803557
:10238000C5F300458DF80C408DF80D508DF80E000A
:1023900043463146B86803AA02F060FBDAE7072437
:1023A00058E74FF474710348E1F7D6F900258440EB
:1023B000C05607008C5607004368136090F808C0A9
:1023C00003EBCC0C63451DD293F805C008338C4554
:1023D00016D000B504E093F805C008338C450CD046
:1023E000136090F808C0D0F804E00EEBCC0C634505
:1023F000F1D36FF001005DF804FB00205DF804FBF1
:10240000002070476FF00100704700BF002900F006
:1024100021812DE9F84340F2FF1E8F4D00EB810131
:1024200050F8043BC3F3C72C1CF0080CC3F3C326BD
:10243000C3F3080440F0ED807445AE5D4FEA1363CA
:1024400014D0192B0ED8DFE803F0E1BBD04BA6B8AF
:102450004B0D0D0D0DBEC40D0D0D0D0D0D0D0D0D06
:10246000C9AAB1876FF08500BDE8F883192BF9D8A8
:1024700001A454F823F000BF4525060023260600DA
:102480004F250600192606004F25060045250600A3
:10249000192606006524060065240600652406004A
:1024A000652406004F250600452506006524060024
:1024B00065240600652406006524060065240600E0
:1024C00065240600652406006524060065240600D0
:1024D0004B26060037260600412606002D2606005C
:1024E000C2F8104550F8043C13F4004700D001270F
:1024F0004FEA5418B8F1000F06D04FF474715748E2
:10250000E1F72AF94FF0010CC3F341284FF0FF33F4
:10251000E340DB07F1D5524B03EB8404D4F800927F
:10252000504B09EA030343EA470343EA0C0343EA37
:10253000880343EA0623C4F8003288427FF470AF70
:10254000002091E74FF0FF33C2F80C35F5E74FF06C
:10255000FF33C2F80835F0E7C2F86C4530F8023CAA
:1025600003F00103002B42D101276309C5D14FF0CD
:10257000FF33E340DB07C0D50123DFF8E480A3404D
:10258000C8F80C3050F8043C13F4004FBAD00127BF
:10259000C3F34128BAE70027C2F80845E5E7C2F8C7
:1025A000644530F8023C03F00103DBE7C2F86845FC
:1025B00030F8023C03F00103D4E7C2F80C45D3E73E
:1025C000C2F814458EE7C2F80845002E8AD10626C7
:1025D00088E7C2F80C45002EF9D083E7C2F86045C1
:1025E00030F8023C03F00103BCE7C2F80845630978
:1025F00083D14FF0FF33E340DF077FF57EAF012744
:10260000174B07FA04F8C3F80880BBE7C2F80C457B
:10261000EDE76FF0150027E74FF0FF33C2F81035F4
:102620008BE74FF0FF33C2F8143586E74FF0FF33E6
:10263000C2F86C3581E74FF0FF33C2F864357CE7B0
:102640004FF0FF33C2F8683577E74FF0FF33C2F839
:10265000603572E700207047205707008C5607004E
:1026600000258440F0F8FCFF43681B68D3F8800421
:10267000C3F88004704700BF42681368D3F81001A4
:1026800060B1002010B40124D26912780A70C3F836
:102690001001D3F810211C6010BC70474FF0FF30C0
:1026A000704700BF002A13DD42681368D3F8100199
:1026B00068B1002010B40124C3F81001D269D3F826
:1026C0001001127820460A701C6010BC70477047D9
:1026D0000020704710B4426803691468EFF311805A
:1026E000202282F31288BFF36F8F1A68D17B39B929
:1026F000917301214FF480021B68D973C4F804233D
:1027000080F31188BFF36F8F10BC704703691A689C
:10271000D17B21B10120002190731B68D9737047D0
:1027200002691168CB7B4BB143681B68D3F8580131
:1027300028B100230B6113689889704718467047C9
:1027400043681B68D3F81001003818BF0120704798
:1027500043681B68D3F80423D2065CBF1022C3F879
:102760000423704743681B68D3F80423D20644BF90
:102770001022C3F8082370474FF4007243681B68A7
:10278000C3F80423704700BF4FF4007243681B680E
:10279000C3F80823704700BF012070470369186819
:1027A00001601B685A60704770B505694FF0010CF5
:1027B0002B6806469C8910339442A8BF1446D3E880
:1027C000EF2F002A03D1C3E8E0CF0028F7D10CBFD8
:1027D0006346002333D12B682246986809F046FAF5
:1027E000EFF31181202383F31288BFF36F8F726898
:1027F000D2E90030D3F85821B2B1286800228068AD
:10280000C3F844050120C3F84845C3F82021D3F894
:102810002051C3F85821D3F85821986081F31188CA
:10282000BFF36F8F204670BDC20703D4D3F82021B9
:10283000002AE2D100232A681C461361EEE71C46F9
:10284000F0E700BF30B4436801691A68D2F8043376
:10285000DB0502D5D2F8203113BB0B68D2F8584102
:10286000E3B15CB100241C610B68DC7B24B94FF43C
:102870008003C2F808330B689C7B6CB9D2F8244102
:102880002CB10023C2F82431D2F824310B681A6825
:1028900022B130BC5968104700229A7330BC70478F
:1028A000EFF31183202484F31288BFF36F8FD2F8E3
:1028B000204134B100250124C2F82051D2F8205122
:1028C000D46083F31188BFF36F8FC6E72DE9F0431F
:1028D000054683B0002201210820E8F715FD0820F5
:1028E000E8F7E2FC6C680121E66801AA3046FFF7D0
:1028F00063FD002805DB019B326819791868FFF732
:1029000085FD6A6823691268C2F82435A17D637D5C
:102910000B43217D0B43C2F86C356E68D6E900434A
:1029200013F0010338D10822C4F80025B269C4F8B5
:1029300044250122C4F84835A260D4F82031002B88
:10294000FBD0002101224FF48073C4F82011D4F889
:102950002011E260C4F80433D4F85831002BFBD0C6
:102960000021C4F800156C6801AAE66825683046A5
:10297000FFF722FD002805DB019B326819791868F2
:10298000FFF744FD0823C5F80035237A2BB3002751
:10299000384603B0BDE8F0834FF00008D5F810903A
:1029A00004F10C01C4F8A08109F10C0204F5907047
:1029B000C4F88C8001F0B0FC071E1ADB99F80C00FB
:1029C00001F0CEFC0823C4F80035B369C4F84435DF
:1029D0000123C4F84885A360BEE70122E169C5F878
:1029E0003415C5F83825C5F81031D5F810312A60EE
:1029F000CDE7044803685B07CAD00121024AE2F729
:102A0000D1FDC5E7906C01202857070010B443683A
:102A10001B68D3F80423520210D4D3F8043313F004
:102A2000100302D1184610BC7047436810BC1B68E5
:102A3000D3F81001003818BF0120704702691168EF
:102A4000CC7B002CE9D0D3F85841002CE5D00024F1
:102A50000C6112689289002ADFD00120E3E700BFF1
:102A60002DE9F04105460E46D0F8048004F0B4FF8D
:102A700088BB3B4B1B7873B3202718E0EFF3118220
:102A800087F31288BFF36F8F6B681968D1F858010C
:102A900068BB5B68DB0702D4D1F820313BBB82F313
:102AA0001188BFF36F8F2120002105F0A3FF64245C
:102AB0006B681A68D2F858110029DFD15B68D90712
:102AC00003D4D2F82031002BD8D1012001F0BCFB77
:102AD000013CEDD1E7E7EFF31182202484F3128863
:102AE000BFF36F8F6B681968D1F85801D8B1012115
:102AF0000020D8F818301E706B68D8F818401B6892
:102B0000C3F84445C3F84815C3F82001D3F8204161
:102B1000C3F85801D3F85801996082F31188BFF3C4
:102B20006F8FBDE8F0815B6803F001031BB9D1F83A
:102B30002031002BDBD182F31188BFF36F8FEFF3CD
:102B4000118284F31288BFF36F8F6B68D3E900138F
:102B5000D1F8580103F001030028C8D1E6E700BF0F
:102B6000AA960120002201210B20E8F7CDBB00BF6F
:102B700070B505690446A96605F1500004F044F9F2
:102B8000002385F894302469A36ACBB11A7DBAB1C9
:102B90009A88D20414D4186902F0D4FF0121A36AE0
:102BA00098681A7B436891401B68046919420DD0EC
:102BB0002368194205D0BDE870408368DB68184778
:102BC00070BD8368BDE870401B69184740F2A26180
:102BD0000148E0F7C1FD00BF105407002DE9F041A6
:102BE00005690646D5F880404168D5F8883084B03C
:102BF000002C49D0224613B19C4228BF1A460F8DA3
:102C0000E96F974228BF1746D5F8848051BBB8F1C9
:102C1000000F68D09BB30A4608F06040B0F1005F37
:102C200004D0082F28BF0827D5F89C80C5F89070DD
:102C3000002A71D0D5F88040002C18BF3C46019482
:102C400003B300912846694600220397CDF8088017
:102C500002F0EAFB0146F8B1304604B0BDE8F041AD
:102C6000FFF786BF01F06042B2F1005F17D1B8F103
:102C7000000F27D0002BCED1C5F89070DCE7C5F847
:102C8000907001910027DCE7ABBB1946304604B0D9
:102C9000BDE8F041FFF76CBF04B0BDE8F081082F3C
:102CA00028BF0827D5F898003A4608F0DFFFD5F886
:102CB0008430D5F89810EA6F43B1D5F88830002BEE
:102CC000B4D0A9E7C5F890700197DBE7C5F890701C
:102CD00072B1D5F88030002B18BF3B460193D1E785
:102CE000B8F1000F97D14FF000084146C5F8907039
:102CF00000270197A5E70F8DE96F9F4228BF1F4668
:102D0000D5F884800029EBD0B8F1000F83D1C5F845
:102D10009070CDF80480B5E7019291E738B503785B
:102D20008BBB0C69D4F890201546002A3CD0D4F80F
:102D3000841079B1D4F8883033B3C06800284FD0FC
:102D400088424DD00846D4F89C1008F08FFFD4F884
:102D500090201546D4F88010D1B9D4F8883063B1EA
:102D60009D4229D85B1BC4F88830002B53D0D4F87F
:102D7000843013B12B44C4F88430D4F88C00BDE8FF
:102D80003840FFF72BBF38BDD4F880100029F4D0AD
:102D900091421AD3891AC4F8801031B3E36F0BB192
:102DA0001344E3671546D8E7D4F88C006FF073013D
:102DB000BDE83840FFF7DCBE264803685B07DCD07F
:102DC0000121254AE2F7EEFBD7E7224803685907BD
:102DD000E8D00121204AE2F7E5FBD4F89050BCE7A7
:102DE000D4F880100029D3D1BAE7D4E91B130831F5
:102DF000013BC4E91B1323B926E00831C4E91B13C6
:102E000013B34868013B0028F7D0C4F880000B6872
:102E10001546E367A1E7D4E91D230832013BC4E965
:102E20001D2323B90BE00832C4E91D233BB15168CF
:102E3000013B0029F7D0C4F8881013689BE70022F3
:102E40001346C4F8882096E700210B46C4F880108A
:102E5000DEE700BF846C0120BC57070010B5046991
:102E6000E36A8B4228D1A26A934228D194F8942035
:102E700042BBBBB11A7DAAB1186902F063FE012101
:102E8000A36A986893F80CC0426801FA0CF11268C2
:102E90000369114219D01B68194283680CBF1B6972
:102EA000DB689847236C0BB1002010BDE36204F18E
:102EB000380003F0A9FFF7E76FF0770010BD6FF05F
:102EC000150010BD6FF00F0010BD40F2A261014867
:102ED000E0F742FC105407002DE9F04F83B044683E
:102EE00000AFE56A0669012181463A1D2846FFF7D1
:102EF00063FA002805DB7B682A6819791868FFF7F0
:102F000085FA616B4B1C40F0A580636A9847D6E94F
:102F10000C5305EBC3039D426BD24FF0010805F142
:102F200008043DE054F8080C14F8041C34F8023C82
:102F300003F03002302AD0F810A0D0E901BE00F032
:102F4000AD8003F00602042A00F0A380DA0754BF24
:102F500043F4B01C83F4D01CDBF8003008FA01FB0A
:102F60001BEA030F2CF4801200F08E80DAF8003098
:102F70001CF0010F14BF43EA0B0323EA0B03CAF84A
:102F80000030DEF800309847B0F1000A2CDBD6E9BB
:102F90000C32083503EBC2039D4204F1080428D229
:102FA00054F8080C02F024FE0028BBD1454C2368DD
:102FB000590717D02B686E468AB01A6829796B4674
:102FC0004FF400759A611A46D9613F491D845961D1
:102FD0003E4942F8101F4FF4115103462046E2F7D4
:102FE00037FBB5466FF0120A50460C37BD46BDE8B8
:102FF000F08FB36AABB11A7D9AB1186902F0A2FDE5
:103000000121B36A1A7B986891404268036912688B
:10301000114251D01B681942836814BFDB681B69D9
:103020009847336C53B3D9F804300021DC6A3A1D59
:103030002046FFF7C1F9002805DB7B682268197973
:103040001868FFF7E3F94FF0000A50460C37BD4609
:10305000BDE8F08F206B00F0C3FA10F1130F824629
:1030600021D010F1050F7FF450AF164803685C07BC
:10307000BAD00121164AE2F795FAB5E7F36206F1F4
:10308000380003F0C1FECEE740F211411148E0F7ED
:1030900063FB40F2FE310F48E0F75EFB40F2F73190
:1030A0000C48E0F759FB074803685D079AD00121F7
:1030B000094AE2F777FA95E740F2A2610548E0F79E
:1030C0004BFB00BF846C012028580700040000015E
:1030D0000858070010540700DC5707002DE9F04F8F
:1030E0008DB000AFC7E90232436888467B608B88A9
:1030F00006469B04046902D5236C002B61D04FF077
:10310000FF324FF0FF3304F1380003F0EDFEC4F856
:103110002C80D6F81090726899F895B01168BBF1C0
:10312000000F03D0D9F82830984572D0B8F8045071
:1031300015F4006340F0D981E80700F1DD8128072C
:1031400000F1F481C5F34513082B40F0C781D8F88E
:103150000030A848834240F2F281994228BF1946C4
:103160008A4602F1040C07F1100EBCE80F00AEE82D
:103170000F009CE80F008EE80F009F4B9A4580F0EF
:10318000D8809E4B9A4500F233819D4B9A4500F2C0
:10319000A1819C4B9A4500F25D819B4B9A4500F2C0
:1031A0009B819A499A4B9B4A8A4588BF1346A90737
:1031B0007B6205F0040300F1C380003B18BF0123CC
:1031C000C2E0E36A99429AD1A3E7002A40F0E68080
:1031D0004FF0FF32DA40D20740F1E080012202FADC
:1031E00003F38D4A936099F895B0BBF1000F40F05E
:1031F000CE8033464846894A07F1100102F03CF878
:10320000B0F1000AC0F239810123C9F8288089F899
:103210009530012384F894307B68596B481C40F04A
:103220001B81FB68002B00F0BE80FB681B68E36617
:10323000002B00F0B980FA68526822673AB9B5E00D
:103240000833013AC4E91B32002A00F0AF80596804
:103250000029F5D0C4F880101B68E367BB68002B19
:1032600040F0AD8063670023A36700231946C4F8CC
:1032700088300022A36AC4F88410A2661BB11A7DAC
:10328000002A40F0D1803046FFF7A8FC226F42B1FF
:10329000E36E03EBC20000225968083398420A44E7
:1032A000FAD1A56F5DB10021636F03EBC5055868C6
:1032B00008339D420144FAD18A4238BF0A464FF48E
:1032C000FA5EA36A0EFB02F2D3F800C040F2E730C8
:1032D000B2FBFCF24FF400430021C832E2FB0301D1
:1032E0004FF47A720023DCF77FFF04F150050246A9
:1032F0000B46284603F0F8FD002840F02E81D4F854
:1033000068A01AF1740F00F02C81BAF1000F40F0A0
:10331000BF80A36A13B19B889B0405D40023E3629A
:1033200004F1380003F070FD50463437BD46BDE867
:10333000F08F314BA9077B6205F004037FF53DAFA9
:10334000002B14BF0323022387F82830C5F3001392
:1033500087F82930D9F80030D3F808355A1C3FF4E3
:1033600044AFA8074FEA53123FF52FAFB2B94FF061
:10337000FF32DA40D10711D5012202FA03F3264ABF
:10338000D36099F895B0BBF1000F3FF432AF4846D7
:1033900001F0B8FF002389F895302AE74FF47471E3
:1033A0001F48E0F7D9F9E36600232367002213469C
:1033B000E367BB68C4F88020002B3FF453AFBB68C1
:1033C0001B686367002B3FF44EAFBA685268A26770
:1033D0003AB94AE70833013AC4E91D32002A3FF4FA
:1033E00044AF59680029F5D0C4F88810196840E73F
:1033F0000C4B9FE747E8010000127A00FF083D00F0
:103400007F841E003F420F001FA107008FD00300E2
:1034100048E8010090D00300002584401D2D0600DF
:103420008C56070000093D00012198681D7B426809
:10343000A94012680369114200F0B1801B6819426B
:10344000836814BF1B69DB689847A36A186902F098
:1034500079FB18E7544B6DE7186B00F0EBF874300C
:103460007FF4DFAE5148036813F0060F3FF4D9AE86
:1034700002214F4AE2F796F8D3E64C4803685D070D
:103480003FF447AF012153464A4AE2F7A5F840E727
:103490003569AB6A002B3FF43CAF1A7D002A3FF43C
:1034A00038AF9A88D2043FF534AF186902F04AFB6E
:1034B0000121AB6A98681D7B4268A94012680369C4
:1034C00011426CD01B681942836814BFDB681B690A
:1034D00098471EE7384B2DE7384B2BE733480368F6
:1034E0005E0735D16FF0150A13E7304803685D07B2
:1034F0004BD16FF0850A0CE72C4802685507F1D0D4
:103500006D4688B0694632684FF400768A610A4693
:10351000DFF8ACC08E83C1F814C02A4942F8101FEE
:103520004FF4E251E2F794F8AD46DBE71F48036839
:103530005B07D7D00121244AE2F734F8D2E71B48D1
:1035400003685D07CED00121204AE2F72BF8C9E7D6
:1035500001211F4AE2F726F8C4E714480368590717
:1035600018D14FF000082046C4F8908001F0CAFE40
:103570006FF07301304684F89580FFF7F9FA28461A
:1035800003F004FD6FF0730AC3E60121114AE2F76C
:1035900009F8AEE70121104AE2F704F8E1E740F24A
:1035A000A2610E48E0F7D8F840420F00846C012079
:1035B000385907001059070080841E0020A1070019
:1035C00068580700030000018C580700DC5807000A
:1035D000AC5807004C580700645907001054070006
:1035E0000222F0B50124002787B00DEB02050395F8
:1035F0000E4601AD0DF1030104958DF8024005461C
:1036000002918DF80420059701F044FB041E07DBAE
:103610003146284603AA01F06FF9041E03DB3C463D
:10362000204607B0F0BD28469DF8031001F01EFBB0
:10363000F6E700BF2DE9F0410E46044601F0C8FB55
:10364000002231460546204601F03CFB73092CD18F
:103650004FF0FF33F340DB0727D5184B03EB860809
:10366000D8F80022164B134043F00C03C8F8003280
:1036700000F07EFA074604E000F07AFAC31B062B3E
:1036800018D823685B59002BF6D000252046314618
:1036900001F092FBD8F80022094B2846134043F072
:1036A0000403C8F80032BDE8F0814FF47471054896
:1036B000E0F752F86FF07305E8E700BF002584409B
:1036C000F0F8FCFF8C56070030B40F490B68D01A95
:1036D000C3180B6022F07F424B68A2F5001443F13F
:1036E0000003B4F5400F4B600AD2084B1B68190663
:1036F0008C184FEA1323064A43F10005C2E900453E
:1037000030BC05F031BF00BFA0810120AC91012089
:10371000A88101202DE9F047424B04461B680D4665
:103720001A0A1B06BFF35F8F3F49D1F80415CB1867
:1037300042F10002B1F5801F06D23C49D1E90001F7
:10374000834272EB010167D3A34272EB050150D2B1
:103750003749E31A65EB02028B4272F1000259D23B
:10376000DFF8D0E0DEE902239D4208BF94424BD04F
:103770004FF480364FF000096FF0020C2A4A24F013
:103780007F48C2F84863C2F84091D2F84031C2F88D
:103790004085C2F84463D2F80415274FACEB01030F
:1037A000434423F07F43BB422ED90320D2F840315B
:1037B00063B1D2F80415A1EB080323F07F43B3F5FE
:1037C000000F21D9C2F84091D2F8403101EB000A34
:1037D0002AF07F43C2F84035C2F84463D2F804159A
:1037E0000130ACEB0103534423F07F43BB42DDD8EF
:1037F0000AE0124BD3E8EF1F41F00101C3E8E21FDA
:10380000002AF7D1DFF82CE000230D4ACEE902456B
:10381000CEE90023BDE8F08713F1807342F1000286
:1038200092E700BFAC91012000500140A881012027
:103830000100800090810120FDFF7F00A491012004
:10384000C93606002DE9F047002202204FF0FF386C
:103850004FF0FF394FF480364FF40017284C294BB6
:10386000DFF8A4A0C4F80833C4F84833274BC4F8E1
:1038700008250121C3E90289C4F80463C4F80403DC
:103880001520CAF88071E7F73FFD1520E7F70CFD1A
:1038900001231F4DA36023602B60D5E8EF8F28F034
:1038A0000103C5E8E23F002AF7D1C4F80863BFF37B
:1038B0005F8FBFF36F8F00211648FFF72BFF18F0C3
:1038C000010F05D10220FDF77DFC0020BDE8F08747
:1038D000D5E8EF3F43F00103C5E8E23F002AF7D106
:1038E0000D4BC4F80463D3E8AF3FDB074FF0020091
:1038F00048BFCAF80071FDF765FC0020BDE8F087FD
:103900000050014003000F0000E100E09081012021
:10391000A8910120FFFF7F00A4910120414BD3F823
:103920000423900705D43F4BD3F80423D10312D4CA
:103930007047D3F80421002AF5D000213A4AC3F891
:103940000411D3F80431136801331360354BD3F8F5
:103950000423D103ECD52DE9F043344A83B0D2E8F7
:10396000EF1F21F00100C2E8E40F002CF7D1CA07D5
:1039700005D4D3F8403113B903B0BDE8F08300217A
:10398000284A294BC2F84011D2F840111B68190A85
:103990001B06BFF35F8FD2F80425D31841F1000155
:1039A000B2F5801F0AD2224AD2E90067B34271EB16
:1039B000070203D213F1807341F10001EFF3118C80
:1039C000202282F31288BFF36F8F1A4CD4E902676A
:1039D000B342B9411FD34FF0FF384FF0FF390020F9
:1039E0004FF48032C4E902890E4B2168656820607B
:1039F000C3F84823C3F84001D3F840318CF3118851
:103A0000BFF36F8F0029B7D032463B4600958847F9
:103A100003B0BDE8F0838CF31188BFF36F8F03B060
:103A2000BDE8F08300500140AC910120A491012039
:103A3000A881012090810120411CF8B55BD02F4B5B
:103A40009842A8BF18460128B8BF01202C4B1B681C
:103A5000190A1B06BFF35F8F2A4AD2F80425D31830
:103A600041F10001B2F5801F05D2274AD2E9004595
:103A7000A342A9413CD32549D1E900219B1AB3F5C2
:103A8000000F33D21D4C1844A04228BF2046204CC2
:103A9000D4E8EF7F27F00103C4E8E53F002DF7D11C
:103AA0004FF48036174DC5F80863BFF35F8FBFF33F
:103AB0006F8F101841F10001FFF72CFEFA0700D4B8
:103AC000F8BDD4E8EF3F43F00103C4E8E23F002A29
:103AD000F7D1104BC5F80463D3E8AF3FDB07EFD550
:103AE0004FF400120C4BC3F80021F8BD0348CEE799
:103AF00013F18073BFE70148A8E700BFFFFF7F0015
:103B0000AC91012000500140A8810120A08101203A
:103B1000A8910120A491012000E100E0104B1B6856
:103B2000190A1B06BFF35F8F0E4AD2F80425D3187B
:103B300041F10001B2F5801F0DD230B40A4AD2E93A
:103B40000045A342A94101D213F18073074A30BC5A
:103B50001068181A7047054A1068181A704700BF95
:103B6000AC91012000500140A8810120A0810120DA
:103B70000D4B1868020A0006BFF35F8F0B4BD3F89A
:103B80000435181842F10002B3F5801F0AD230B490
:103B9000074BD3E90045A042AA4101D210F1807041
:103BA00030BC7047704700BFAC910120005001400D
:103BB000A8810120012310B5074C15206360E7F7A9
:103BC00081FB4FF40011054B054AC4F80833C4F8D3
:103BD0004833C2F8801110BD0050014003000F00AF
:103BE00000E100E008B500F0B9FA00B908BD002313
:103BF00083F31188BFF36F8F0423184602DF6FF041
:103C0000040008BD10B50949094800F021FA04462E
:103C100008B9204610BD074803685B07F9D00121A9
:103C20002346054AE1F7D8FC204610BDF93F0600BF
:103C3000B0910120746C0120385A07002DE9F0473B
:103C4000DFF8C492DFF8C482D9F87040D8F80030A9
:103C5000072C0D4600AF03F0070300F0080661D003
:103C6000132C4BD0052C14D0002B78D10024EB69F9
:103C7000002E40F0D180C3F3080240F2FF110AB9D0
:103C80000B43EB6129462046E6F74AFEBD46BDE8F8
:103C9000F087D9F85490002B40F0AB8019F4805F86
:103CA00000F02A81172419F4006F09F4007A00F05B
:103CB000C580D8F800305C0740F0BA80BAF1000F38
:103CC00000F00181924B19F4004F9B6B40F0F080A3
:103CD000192419F4806F09F4807A00F0C480D8F8B0
:103CE00000305A0740F0B980BAF1000F40F0C280AE
:103CF00019F4005F40F0DA801A24B8E7D9F86C9024
:103D0000002B64D119F0010F1FD119F0040FAED0B0
:103D1000D8F800305907AAD001217E4A7B48E1F744
:103D200041FCA4E7D9F85C40002B3BD1630604F0CA
:103D3000010A30D4BAF1000F00F09E80D8F80030AC
:103D40005A0740F0DB80262491E7D8F80030580766
:103D50008DD00121704A6D48E1F724FCD5E76F4B07
:103D60006F4AE9468AB00F2CC8BF1A466B464FF41B
:103D700000719A611A466B48103CDC6158611984E5
:103D8000694B42F8103F002340464FF41151E1F7D0
:103D90005FFCCD466AE7BAF1000FD4D1A2076DD51A
:103DA000272464E701214046604AE1F7FBFB6006F7
:103DB00004F0010ABED5D8F80020D9F868305107C0
:103DC000E9D0012140465A4AE1F706FCB2E7012159
:103DD0004046584AE1F7E6FB19F0020F92D0D8F8B6
:103DE00000305B078ED001214046534AE1F7DAFBF1
:103DF00088E701214046514AE1F7D4FB19F4805F7E
:103E00007AD0D8F800305B073FF44CAF0121404630
:103E10004B4AE1F7C7FB45E723F4FF7323F00103A7
:103E200029462046EB61E6F77BFDBD46BDE8F087FD
:103E30000121444A3548E1F7B5FB1824BAF1000FD7
:103E40003FF447AFD8F8003058073FF43BAF0121AB
:103E50003D4A2E48E1F7A6FB34E701213B4A2B48B7
:103E6000E1F7A0FB1A24BAF1000F12D0D8F8003005
:103E70005B073BD11B24FAE6A3072CD4610771D45E
:103E8000230775D5D8F80030580740F087802924DB
:103E9000EDE619F4005F3FF4EAAED8F800305C07B5
:103EA00004D001212A4A1948E1F77CFB1C24DEE6F4
:103EB000D8F8002051073FF40BAF0121254A1348E1
:103EC000E1F78AFB04E719F4806F09F4807A7FF444
:103ED0000BAF1824C7E7D8F8003058073FF460AF9D
:103EE00001211D4A0948E1F75DFB59E701211B4A01
:103EF0000648E1F757FBBDE71624D4E60121184A2E
:103F00000248E1F74FFB1EE7B0910120746C0120DD
:103F100000ED00E0D85B0700A85B0700BCFF0600CF
:103F2000A4FF0600A800070004000001745A07005F
:103F3000905A07005C5B0700785B0700FCFD0600F9
:103F400014FE060028FE06003CFE060070FE060079
:103F5000A4FE060058FE0600B85A07008CFE0600B4
:103F6000A05A0700D8F800305A0709D128247EE665
:103F7000E1060BD5D8F800305A071DD12A2476E681
:103F80000121174A1748E1F70DFBEFE7A3060BD510
:103F9000D8F80030580717D12B2468E60121124ABF
:103FA0001048E1F7FFFA72E721060BD5D8F8003088
:103FB0005A070FD12C245AE601210C4A0948E1F78F
:103FC000F1FADBE7252452E60121094A0548E1F729
:103FD000E9FAE1E70121074A0248E1F7E3FAE9E7F4
:103FE000D85A0700746C0120F45A0700145B0700CC
:103FF0002C5B0700485B070010B5134B88B01A789C
:10400000E2B1D3E90E019A6A5C6A0192DA6A05901C
:1040100002921A6B009403925A6B04921A6CD3E9C1
:10402000130320F005009B07CDE9061248BF40F0BE
:1040300004006946FFF702FE08B010BD4FF492710C
:104040000248DFF789FB00BFB09101200C5C07003C
:10405000042370B5082506460C4688B006AA0292CD
:104060000DEB0302184604920DEB050104AA05931B
:1040700006960395079400F04DF80228019B0AD09C
:10408000032804D058B14FF0FF3008B070BD6FF076
:10409000850008B070BD6FF0150008B070BD181E27
:1040A00018BF0120404208B070BD00BF002070471B
:1040B0002DE9F041DDF8188004460D4616461F46EE
:1040C00003F08AFCB0B9114B1B789BB14FF0FF3263
:1040D0004FF0FF330E4802F053FB98B943463A467F
:1040E00031462846A0470446094802F0F9FB20461D
:1040F000BDE8F08143463A4631462846A446BDE82D
:10410000F04160476FF08304F1E700BFAA960120F9
:10411000D86D012030B50023042489B003ADCDE96A
:104120000633049503900594A1B1D1E9000102235F
:10413000CDE90601141E18BF0124009240F2F531AA
:1041400004AA0194044800F05DF80028B8BF0120DB
:1041500009B030BD0123EDE70501004000207047A4
:104160002DE9F0434FF040081F46064699B00DF187
:1041700020090D46144600214246484607F09DFDA1
:10418000209B0996CDE9027301274FF4407602ABDC
:10419000009304AA0223002101970748CDE904985F
:1041A00006950794ADF8486000F02CF8039B219A1F
:1041B000136019B0BDE8F0830001004070B54026DF
:1041C00096B006AB05460C4632460021184607F06D
:1041D00074FD4FF48072CDE90206CDE90454ADF8C8
:1041E000402014B9204616B070BD012304AA0092E5
:1041F000002102AA0193024800F004F816B070BD35
:104200000001004010B5B1F5004F8C46039C10D260
:10421000042B9E460DD8042C0BD8240444EA0E64CB
:1042200001461346044844EA0C02BDE81040FFF77B
:104230003FBF6FF0800010BD217C0100704700BFC0
:1042400003460020184700BF01F07CBC016803460C
:10425000D1B100B5B1FA81F00122C0F11F00824056
:1042600021EA0202D3E8EFCF8C4504D1C3E8EE2F58
:10427000BEF1000FF6D101D15DF804FB19680029E9
:10428000E8D16FF00B00F7E76FF00B00704700BF4D
:10429000036823FA01F2D20711D4012200B58A4043
:1042A00043EA0201D0E8EFCF9C4504D1C0E8EE1FFD
:1042B000BEF1000FF6D105D100205DF804FB6FF0D0
:1042C00015007047036842EA0301D0E8EFCF9C4530
:1042D000F1D1C0E8EE1FBEF1000FECD0F5E700BF52
:1042E000014B1860704700BF2492012010B5084BA5
:1042F000186838B11446FFF7A9FF0028A4BF207042
:10430000002010BD40F2F3110248DFF725FA00BF8C
:1043100024920120405C0700D0F88030002B02DAA4
:104320006FF01500704770B5D1F880300E46002B45
:10433000B8BF6FF0150000DA70BD002104460846D2
:104340001546FFF7D3FF0028F6D12B7843F0004342
:10435000C4F880302B7843F00043C6F8803070BD3D
:104360000123024A8340C2F80435704700700140BF
:10437000014B00201B68184728920120014B1B6845
:10438000184700BF2892012010B50D4C22799AB928
:1043900003460122002B0B4808BF184623602271F8
:1043A00000F08EF850B923680748002B08BF184664
:1043B000BDE8104000F0E2B86FF0770010BD00BF1C
:1043C00028920120714306007D43060008B5094B81
:1043D0001A795AB11B681BB10520E6F787FF00B1B7
:1043E00008BD0520BDE80840E6F75EBFB1210248E0
:1043F000DFF7B2F928920120805C070008B50C4B6A
:104400001B797BB128B1012807D1BDE8084000F035
:1044100067B8BDE8084000F0C5B84FF49271054890
:10442000DFF79AF940F205110248DFF795F900BF6E
:1044300028920120805C070008B50C4B1B797BB1EA
:1044400028B1012807D1BDE8084000F06FB8BDE8E9
:10445000084000F027B94FF4A5710548DFF77CF953
:1044600040F22B110248DFF777F900BF28920120B4
:10447000805C070008B500F069F8BDE8084000F06E
:1044800039B900BF38B50022012342F210740B4D38
:10449000C5F808336B60C5F80021D5F80031D5F8B0
:1044A0000C34D5F80C24D90301D5D30700D438BD7A
:1044B0000120FFF7C9FE013CF1D138BD005000409A
:1044C000064902460B7933B94FF0010C18460A60D1
:1044D00081F804C070476FF0770070473092012078
:1044E00008B50F4A1379B3B1002001210D4BC3F871
:1044F0000001D3F800011960126812B1C3F8041367
:1045000008BDD3F80021002AFBD00022C3F8002107
:10451000D3F8003108BD77210348DFF71DF900BF4C
:104520003092012000500040C05C070008B5054BE8
:104530001B791BB1BDE80840FFF7A4BF89210248E1
:10454000DFF70AF930920120C05C0700094BD3F86D
:104550000423D2070DD5D3F8002152B10020012148
:10456000C3F80001044AD3F80001C3F80813136824
:10457000184770470050004030920120074A1379D5
:104580004BB9012110B4064C10601171C4F8181514
:10459000184610BC70476FF07700704738920120C2
:1045A0000050004070B53C4E3379002B70D03B4C2E
:1045B000D4F81834D4F8182413F480333BD1D4F849
:1045C0001424D2071AD4012200200121334BC3F84E
:1045D0001825C3F80401D3F80421996032681AB190
:1045E0000222C3F8042370BDD3F80421002AFBD0B3
:1045F0000022C3F80421D3F8043170BDD4F81C2480
:1046000002F00302013A012A32D902210122C4F840
:104610000813E260C4F8043142F21075D4F8043192
:1046200004E00120FFF710FE013DCCD0D4F818348F
:10463000DB03C8D5F5E702F00302022AC4D0012A41
:10464000C1D0002302210122C4F80813E260C4F89B
:10465000043142F21075D4F8043104E00120FFF770
:10466000F3FD013DAFD0D4F81834D903ABD5F5E74D
:1046700033681BB10223C4F8043370BDD4F804318D
:10468000002BFBD00023C4F80431D4F8043170BDF2
:10469000E5210348DFF760F8389201200050004020
:1046A000045D070038B5104B1B79BBB10023022114
:1046B00001220E4D42F21074C5F80813EA60C5F8E5
:1046C0000431D5F8043104E00120FFF7BDFD013CC1
:1046D00003D0D5F81834DB03F6D438BD4FF491710C
:1046E0000348DFF739F800BF38920120005000403E
:1046F000045D0700F8B51E4DD5F8044314F002041C
:1047000026D001261B4FB4FA84F0C0F11F008300AD
:1047100003F580739BB203F1804303F5A04319684E
:1047200006FA00F224EA020481B10021012819608E
:104730001B68C5F8082315D1D5F81834D5F81834F6
:1047400003F00303012B04D03B689847002CDAD117
:10475000F8BD0222C5F81825C5F80423AB60002C6B
:10476000D1D1F5E74FF4F5710348DEF7F5FF00BF4F
:104770000050004038920120045D070070B5CBB2B4
:10478000083330F813301546DA050E46044609D5CD
:10479000C3F3432300EBC302294650F83330526879
:1047A00030469847A3682BB129463046E268BDE8F9
:1047B0007040184770BD00BF08B5C9B200EB410397
:1047C000998ACA0514D521F4F8529A82C1F343217B
:1047D00000F1120200F1520C01E0944509D032F8C8
:1047E000023F13F4807FF8D0C3F343239942F4D1FE
:1047F00008BD002200EBC1035A605830FFF748FDA6
:104800000028F5D04FF4DB710148DEF7A5FF00BFAB
:10481000485D070008B5CBB200EB43039B8A9A06BC
:1048200011D59A070FD4012201685B0B9A40C1F899
:104830000823026802EB8303D3F8102522F0030259
:10484000C3F8102508BD4B090ED14FF0FF33CB4004
:10485000DB0709D5074B03EB8103D3F8002222F4D1
:104860004032C3F8002208BD4FF474710248DEF7ED
:1048700073FF00BF002584408C56070070B5CDB291
:1048800000EB4505AB8ADC072DD50C460646FFF745
:10489000C1FFAB8A9A0608D532685B0B02EB830333
:1048A0000022C3F81025C3F8102530462146FFF733
:1048B00083FF00236009AB8210D14FF0FF33E34048
:1048C000DB070BD5094A0A4B02EB8402D2F800122F
:1048D0000B4043F00203C2F8003270BD4FF4747114
:1048E0000448DEF739FF6FF0150070BD00258440E5
:1048F000F0F8FCFF8C560700F8B5002800F0A28005
:10490000044610680D4600B3CBB204EB4303998A0A
:1049100001F02201222968D069095FD14FF0FF31EF
:10492000E940C9075AD50678494800EB8500D0F818
:10493000001221F00F0141EA8601C0F80012998AA5
:1049400021F0020141F001019982536803B3E9B2F9
:1049500004EB410118785E688B8A9F0743D441F6C7
:10496000DF773B408B8276B103283ED853685B6883
:104970001E78236803EB8603002839D1C3F810059D
:10498000C3F810058B8A23F01C0343EA80038B8253
:1049900093680BB3D3E9007629462046FFF70CFF56
:1049A000D7B163689F4202D1A3689E4247D004F109
:1049B0005800FFF74BFC00280FDB430203F47E4353
:1049C00004EBC000EDB24760866004EB4504A28AA8
:1049D000134343F48073A3820020F8BD4FF4747135
:1049E0001C48DEF7B9FE002ECDD06FF01500F8BDE3
:1049F000D3F8107527F00307C3F81075276807EB85
:104A00008607D7F8103523F4473323F44073C7F8EB
:104A100010352B02D7F810C503F4F85343EA0043CE
:104A200043EA0C03C7F8103504EB4603A3F85C50C7
:104A30008B8A43EA463343F020039BB2A3E700236B
:104A40001846BDE740F25E410348DEF785FE00BF31
:104A5000002584408C560700485D070070B500288B
:104A600079D092B35FFA81FE00EB4E0EBEF814408F
:104A7000A60701D4A5066BD414F01C0F02D05478FD
:104A8000012C65D04C093CD14FF0FF34CC40E407F9
:104A900037D5334D05EB8105D5F8004224F4E16CA0
:104AA00014782CF0070C4CEA042C547892784CEAD9
:104AB000440C4CEA820242F00102C5F80022BEF822
:104AC000142042F00302AEF81420C3B1CCB200EBC4
:104AD0004404A28A92073BD500261D7802684FEA5B
:104AE000850C02EB8502C2F81065C2F81065A28A37
:104AF00022F4604222F02002A2825A7832B90020C9
:104B000070BD4FF474711748DEF726FE9E781204CC
:104B10000B02006802F4403203F4F85313433205E9
:104B2000604402F480121343D0F8102522F4981246
:104B300022F4F852C0F81025D0F810251343C0F81D
:104B40001035A38A43EA453343F02003A382D6E716
:104B50006FF0150070BD4FF48D610348DEF7FCFD6A
:104B6000002584408C560700485D070010B1C0E95D
:104B70000312704740F2714108B50148DEF7ECFDC1
:104B8000485D070008B560B182B1C9B200EB4100D1
:104B9000838A990645BF5B0B00206FF015001370E8
:104BA00008BD40F27A410448DEF7D6FD40F22331D9
:104BB0000148DEF7D1FD00BF485D070070B568B35E
:104BC00090F86C40054690F86D60FCB94022214693
:104BD000143007F072F8144B214653F836302A6827
:104BE00013B904E0082914D001318B42FAD1002412
:104BF00042F30730C2F87C41D2F87C31E6F754FB2F
:104C0000012385F86C30AB65204670BD6FF07700EE
:104C100070BD40F2A7310548DEF79EFD4FF491616B
:104C20000348DEF799FD00BFC05D0700885D0700FF
:104C3000485D070028B190F86C00003818BF0120CB
:104C4000704740F28F4108B50148DEF785FD00BF8F
:104C5000485D070008B1FFF711BE40F29D4108B55D
:104C60000148DEF779FD00BF485D070008B540B197
:104C7000064B90F86D0003EB8000BDE80840FFF79D
:104C800007BB40F2A4410248DEF766FDC86B012075
:104C9000485D070010B560B1084B90F86D000C46F8
:104CA00003EB8000FFF7D2FA0028A4BF2070002099
:104CB00010BD40F2AB410248DEF74EFDC86B01204B
:104CC000485D070038B5002865D05FFA81FC00EB2D
:104CD0004C0CBCF8143013F01C0F57D09D06046820
:104CE00019D513F0020516D15B0B4FEA830C0CF5B6
:104CF00080716550615801686144D1F8104544F0F5
:104D00000104C1F810452AB10122016802FA03F337
:104D1000C1F8043338BDD4F80433002BA4BF4FF0DE
:104D20000043C4F80433002A3AD0BCF814304A09CE
:104D3000C3F38203042B19D0052B1ED0C2B94FF048
:104D4000FF33CB40D80713D5184B1B69CB4003F07A
:104D500001030233154A02EB8101D1F8002222F44B
:104D6000403242EA0343C1F8003238BD03233AB16E
:104D70004FF474710E48DEF7EFFC0223002AF7D1DE
:104D80004FF0FF32CA40D207F2D5E3E740F2354197
:104D90000848DEF7E1FC4FF4A5610648DEF7DCFCCD
:104DA00040F24F410348DEF7D7FC00BF00258440A6
:104DB0008C560700485D070008B1FFF72BBD40F295
:104DC0002F5108B50148DEF7C7FC00BF485D07005A
:104DD00008B54B0915D14FF0FF33CB40DB0710D599
:104DE00000EB4100838A99070BD413F01C0F08D005
:104DF0009A0645BF580B80004FF4BE7000F58070D6
:104E000008BD40F2E9110148DEF7A6FC485D070045
:104E10002DE9F04F87B0002800F00C8183465BF845
:104E2000046B90F86DA0DFF81892D6F8047359F867
:104E30003AC0FFB2054647F0004709EBCA00BCF193
:104E4000000F3CD000244FF0010E2346A04606F58B
:104E50008071019604E0082B01F1040100F0E58067
:104E600023F040420EFA02F2174205D00E681EB13E
:104E7000C1F8008014430A6801339C45EBD1019EC0
:104E8000D6F87C3103BBBCB1012794FAA4F3B3FA82
:104E900083F303F5A27256F8222007FA03F105EB1B
:104EA000430324EA01045846B3F85C10C2F30142FC
:104EB000FFF764FC002CE8D107B0BDE8F08FD6F80E
:104EC0007C31002BF8D06446002209EBCA09D9F8DE
:104ED0000430C6F87C21DF07059206F5BE79D6F8C6
:104EE0007C2103F0010A03D5564A136A1362059325
:104EF0008046544F98F80420D10750D5059A002ACF
:104F00004DD058461146D346CA46A14605AB019638
:104F100091FAA1F1B1FA81F101264FEAD10C13F80F
:104F20000C2001F0070406FA04F422EA040203F854
:104F30000C2005EB4102B2F814C04FF0FF32CA401A
:104F4000D2073AD53F4CCCF3820E04EB8104D4F85F
:104F500000621CF0100F7246C6F3014632D1022ED9
:104F600058D0D4F800C2BEF1030F2CF4403C4CF4EE
:104F7000003CC4F800C241D1CDE90201FFF7FEFBBD
:104F8000DDE9020105AB01228A402E490A6205993A
:104F90000029BDD14C46D146DA468346019ED6F85B
:104FA0007C218ABBBAF1000F3FF46DAF3A6A3A62D6
:104FB000002A3FF468AF05929CE74FF474712248D1
:104FC000DEF7CAFBCDE90201FFF7D8FBDDE90201FC
:104FD000D4F8002205ABC2F301429642D3D1D4F8F3
:104FE000002222F44032C4F80022D4F8002222F435
:104FF000403242EA0642C4F80022C4E7032EC2D17E
:10500000BEF1020FBFD1B7E70022C9F80020D9F8DE
:105010000020C7E7D4F800C24CF4403CC4F800C2FA
:105020000EF00504012CA7D0ADE740F2A7310748E8
:10503000DEF792FB40F25C610548DEF78DFB00BFB6
:10504000C05D0700002584408C560700885D07007E
:10505000485D07004B7F70B50E4605469BB10123A6
:105060006424436104E00120FFF7EEF8013C08D01E
:10507000D5F80431002BF6D00023C5F80431D5F85B
:10508000043100237377B37F5B0744BF0023C5F867
:10509000003570BDB0F1FF3F39D0012910B54FEA9E
:1050A000501405D094B14FF474711948DEF754FBD5
:1050B0000BBB002CF7D14FF0FF33C340DC07F2D518
:1050C000144B01FA00F4DC60022404E04FF0FF33DB
:1050D000C340DB07E7D50F4B44EA820403EB8003B0
:1050E000D3F800020C4A0C430240144344F44074C9
:1050F000C3F8004210BD002CD5D14FF0FF33C340A0
:10510000DB07D0D5034B01FA00F49C60DCE7704765
:105110008C56070000258440F0F8FCFFF8B54E4A95
:105120004B690C469342054600F0938067D84B4A82
:1051300093427FD04A4A934208BF4FF0006653D152
:10514000E27E95F8223062F3000385F82230227C5B
:10515000DBB262F3410385F82230E77EEFB9237EAC
:105160000121012B94BF002301233A462068FFF759
:1051700091FF3B463A4601216068FFF78BFF3B46B3
:105180003946A27EA068FFF785FF237C3A460121BD
:10519000E06883F00103FFF77DFFE26895F82230B5
:1051A0006A62227C62F3410385F82230277FA07C6B
:1051B000217E627E2B6897B3003A18BF0122022934
:1051C000C3F8C005C3F824653DD0032938D00129B0
:1051D0003CD0C3F854256B685BB32868BDE8F84041
:1051E00040F30730E6F760B81E4A934208BF4FF01D
:1051F0000076A5D04FF4B6711B48DEF7ADFA1B4A16
:1052000093421AD01A4A934208BF4FF0004697D0F3
:10521000184A934208BF4FF0005691D0EAE7D4E90C
:1052200000C7A468C3F808C5C3F80C75C3F81045D7
:10523000C2E7F8BD4FF0806682E74FF080467FE717
:1052400042F00602C5E742F00402C2E742F0020261
:10525000BFE74FF0805673E740420F0090D0030045
:1052600020A1070048E80100D05D070000093D00CB
:1052700000127A0080841E0038B570B369B304460A
:1052800090F8200030BB4869164DA84215D00BD9C4
:10529000154DA84211D0154DA8420ED0144DA8426C
:1052A0000BD06FF0150038BD124DA84205D0124D3D
:1052B000A84202D0114DA842F3D1C4E901232046EF
:1052C000FFF72CFF0023012284F8213084F82020EE
:1052D000184638BD6FF0770038BD40F21A210848F3
:1052E000DEF73AFA40420F0000093D0000127A0052
:1052F00080841E0090D0030020A1070048E8010030
:10530000D05D070038B500287ED090F820300446E4
:10531000002B74D0006840F30730E5F7D3FF6368D3
:1053200043B1214623683B4AC3F8082351F8040BD4
:10533000FFF790FE2368D3F80825D3F80C05D3F8BF
:10534000101594F82230DB0750D4551C11D05309A6
:1053500050D14FF0FF33D340DB074BD52E4B03EB3F
:105360008202D2F800522D4B2B4043F00203C2F8C8
:1053700000324D1C11D04B093CD14FF0FF33CB40D4
:10538000DA0737D5244A254B02EB8102D2F8001206
:105390000B4043F00203C2F80032431C11D0430912
:1053A00028D14FF0FF33C340DD0723D51A4A1B4BEA
:1053B00002EB8002D2F800120B4043F00203C2F865
:1053C0000032636A591C11D05A0913D14FF0FF32D1
:1053D000DA40D2070ED51049104A01EB8303D3F807
:1053E00000120A4042F00202C3F80022002384F8AF
:1053F000203038BD4FF474710948DEF7ADF940F242
:105400007D210848DEF7A8F940F279210548DEF74A
:10541000A3F900BF5201080000258440F0F8FCFF0A
:105420008C560700D05D0700F8B5002800F0198100
:1054300090F820308446002B00F089800B688E465F
:105440001446002B00F0C980DEF80830002B00F075
:10545000CC8014F0080676D19CF82130002B40F067
:10546000FD80DCF804302BB114F0140F04BF0123CD
:105470008CF821300CF110059EE80F0085E80F0034
:10548000DCF824305F1C10D09CF822105A098D07DC
:1054900062D5002A78D14FF0FF32DA40D00773D5B9
:1054A000012202FA03F3714A9360DEF80030DCF85F
:1054B00000002BB103F06043B3F1005F40F0BD800A
:1054C000DEF808302BB103F06043B3F1005F40F029
:1054D000B48014F0010318BF0123C0F8503514F054
:1054E000020318BF0123C0F840350023DEE9015153
:1054F000DEF80C20DEF8007014F01C0FC0F84475C4
:10550000C0F84855C0F83415C0F83825C0F818312F
:10551000D0F8183132D0012207219CF8223062F3F2
:1055200082038CF82230C0F80015DCF8043086B312
:10553000002B6ED0402362074CBFC0F80833C0F880
:1055400004330020F8BDDCF82430013384D04FF45C
:1055500064714748DEF700F9B2B94FF0FF32DA4024
:10556000D10711D5012202FA03F3404AD360DEF8D5
:105570000030DCF80000002B9CD1A1E7D0F800251A
:10558000073A18BF0122C7E74FF474713948DEF7B4
:10559000E3F8002B2FD001230361DCF80430002B4B
:1055A000C8D1DCF824305F1C12D09CF822105A09B4
:1055B0008D0733D5002AE7D14FF0FF32DA40D40708
:1055C000E2D50122294902FA03F3CB60002EB8D1BB
:1055D0000CF10401FFF73EFDB3E74B68002BB6D199
:1055E000DEF80830002B7FF434AFDEF80C30002BEF
:1055F0003FF42FAFABE701230361D0F81831002B44
:10560000FBD0D0F81831F3B9DCF80430002B91D17D
:10561000C7E7DCF824305A1CC7D192E7002AB3D17F
:105620004FF0FF32DA40D107AED501220F4902FA1E
:1056300003F38B60002E84D1CAE700238CF821305D
:105640006FF00C00F8BD0023C0F81831DCF804300E
:10565000D0F81821002B7FF46DAFA2E76FF00F0098
:10566000F8BD4FF463710248DEF776F800258440F8
:10567000D05D07008C56070010B5002841D00446C5
:105680000068D0F8183103B910BD0023C0F81831F4
:105690006368D0F81821002B38D0636A591C0FD0EA
:1056A00094F822205909920716D509BB4FF0FF3212
:1056B000DA40D1071CD50122174902FA03F3CB6067
:1056C00094F82130CBB9D4E901310022227304F1DE
:1056D0000C00BDE81040184751B94FF0FF32DA40D6
:1056E000D20705D501220C4902FA03F38B60E7E7E4
:1056F0004FF474710948DEF72FF8211DFFF7AAFC5B
:10570000E1E74FF472710648DEF726F840F2FF3108
:105710000348DEF721F800BF002584408C560700BF
:10572000D05D070070B54FF0FF334FF0FF321348E4
:1057300001F026F80023124C9D01615D04EB8310FB
:10574000013339B1102BF7D100260C4801F0C8F80D
:10575000304670BD4022064606F0AFFA01234FF0F6
:10576000FF3263557260326133762C35601900F078
:10577000FFFF024801F0B4F8304670BDB06D012063
:1057800040920120B0B110B504464FF0FF334FF006
:10579000FF32094800F0F4FF40220021204606F0C5
:1057A0008CFA4FF0FF33636023610348BDE810407B
:1057B00001F096B8704700BFB06D01200128014686
:1057C00010D0022803D111220120E7F789BA00B5D1
:1057D00006F0C4FC6B210346044A4FF0FF30D15061
:1057E0005DF804FB0622E7F77BBA00BF0C0000005F
:1057F00030B50023042587B004460A46CDE90235BA
:1058000005950490012104A8E7F736F9002815D082
:105810000DDB03AB00932A460121204602ABE7F7DC
:105820001BFC002803DB0298404207B030BD06F0A5
:1058300095FC044B1858404207B030BD6FF0730020
:10584000FAE700BF0C00000000B506F087FC8621D7
:105850000346034A4FF0FF30D1505DF804FB00BF10
:105860000C0000000069E7F789BC00BF0069E7F79A
:1058700057BC00BF10B4019C0069019410BCE7F74D
:105880001DBC00BF10B4019C0069019410BCE7F777
:10589000E3BB00BF00B583B000690023CDE900334E
:1058A000E7F77EFB03B05DF804FB00BF00B583B0F3
:1058B00000690023CDE90033E7F73EFB03B05DF854
:1058C00004FB00BFF8B505460069E7F707FB071EB4
:1058D0001DDBFFF727FF0446E0B1E6F7A5FE061E35
:1058E0000FDB276105276660AB682146A360EB6884
:1058F0000D4AE36027764FF44043E6F7DDFE30467D
:10590000F8BD3846E7F734FA2046FFF73BFF4FF083
:10591000FF36F4E73846E7F72BFA06F01FFC0C22B7
:10592000024B1A50F3E700BF3C5E07000C0000007A
:1059300080B110B504460069002804DA2046FFF75C
:1059400021FF002010BDE7F713FA2046FFF71AFFEA
:10595000002010BD0020704710B504460069E7F72D
:1059600091FA0028A3BF0323237600204FF0FF30D5
:1059700010BD00BF70B540B30D4631B3072A24D91E
:105980000446042300692376E7F74EFA002810DA6C
:1059900006F0E4FB134E3358A3F17702012A01D934
:1059A0000B2B0ED14EF660212069FFF721FF031E5D
:1059B00011DB052329686A686162A26223760020F0
:1059C00070BD63614FF0FF3070BD06F0C7FB16225B
:1059D000044B1A50F6E706F0C1FB5B42636133509B
:1059E000F0E700BF0C00000038B588B10D4679B172
:1059F000072A0DD904460069E7F7E8F900280CDB0F
:105A0000022329686A68E16122622376002038BD9A
:105A100006F0A4FB1622024B1A504FF0FF3038BD9F
:105A20000C0000000069E7F7A5B900BF2DE9F843B5
:105A3000151E00AF08BFFD258846FFF773FE00283E
:105A400035D004464046FFF7B9FE002820613DDB13
:105A5000E6F7EAFD061E32DB4FF440432146C4E977
:105A600001681C4AE560E6F727FE1B48036803F05F
:105A70000703022B03D83046BD46BDE8F883E9464C
:105A80008AB06B46246906211A465C62134CC3E94E
:105A900006681D625C6142F8101F00234FF44351F9
:105AA000DFF7D6FD3046CD46BD46BDE8F88306F0AB
:105AB00055FB0C220A4B1A504FF0FF36DBE72069EA
:105AC000E7F756F92046FFF75DFEF5E72046FFF7BA
:105AD00059FEF1E73C5E0700886C01200C5E070070
:105AE0000C0000002D2805D10139012902D81AB96E
:105AF0000120704700207047A2F1FD00B0FA80F04D
:105B00004009704730B40069DDE9024524B1CDE9B0
:105B1000024530BCE7F744BACDE9024430BCE7F7B0
:105B20003FBA00BF30B40069DDE9024524B1CDE9D8
:105B3000024530BCE7F700BACDE9024430BCE7F7D4
:105B4000FBB900BF00B97047E6F7C0BF10B54369A5
:105B5000044673B1984760B100F1FF03FE2B0FD8E4
:105B6000E36842421A70E268537843F001035370CD
:105B700010BDE2680020537843F00103537010BD5C
:105B800021210148DDF7E8FD905E0700C2685378E7
:105B9000DB0718D410B54369044673B1984730B198
:105BA00000F1FF03FE2B11D8E36842421A70E2684D
:105BB000537843F00103537010BD1846537843F0F7
:105BC0000103537010BD6FF0770070472121014829
:105BD000DDF7C2FD905E07000246034B03481360E9
:105BE000C01A4009704700BF30C2060010C306004B
:105BF00040B1C368587810F0010003D01878B0FAAB
:105C000080F04009704700BFEFF31183202383F336
:105C10001288BFF36F8FFEE710B50446DFF7DCFA9A
:105C2000054803685B0702D12046FFF7EDFF01211D
:105C3000024ADFF7B7FCF7E7746C0120B45E070097
:105C40002DE9F04704460D4600AFEFF311892023FC
:105C500083F31288BFF36F8FDFF8D480354BD8F809
:105C600000209E6852074ED0042898BF324AEA4668
:105C70008AB094BF52F8201030491A7C6B46C3E9B1
:105C8000071240F201311A4699842D4998615961F1
:105C90002C4B42F8103F00234FF431512448DFF7DA
:105CA000D7FCD8F80030D54603F007036DB1EA6998
:105CB000C2F308024AB133B30121234A1C48DFF77B
:105CC00071FCD8F8003003F00703E3B12EB1304681
:105CD00001F09AFE08B1037803B91C48E8468AB07F
:105CE0006B4640F201311A4619841949C3E906602E
:105CF0005961184B42F8103F00234FF411510C48E2
:105D0000DFF7A6FCC54629462046FFF785FF042C91
:105D100009D089F31188BFF36F8F3046E5F760FA39
:105D2000BD46BDE8F08787210B48DDF715FD00BFB4
:105D3000746C012040960120AC5F0700C45E070030
:105D4000D45E070005000001FC5E07004CD1060090
:105D5000205F070004000001385F070038B50D4BD5
:105D6000421C53F8204053F82250AC4206D30DE0B9
:105D7000037EDB070BD50834AC4207D260680028ED
:105D8000F6D1236808349847AC42F7D338BDFFF703
:105D9000DDFEF0E7EC5F0700012270B5334B032016
:105DA00086B0334E334D1A70FFF7D8FF04F016FC5F
:105DB0000420FFF7D3FFAE424FD838BF344623D27A
:105DC000D4E90223D4E90001D4F824C0CDF814C0EA
:105DD000D4F820C0CDF810C0D4F81CC0CDF80CC049
:105DE000D4F818C0CDF808C0D4F814C0CDF804C059
:105DF000D4F810C0CDF800C001F04AFE23685C65FD
:105E00003034AC4229D8DBD302F016FCAE4219D2B2
:105E1000174C194E05E002F037FE3034AC4220D862
:105E200010D2D4E90A23B3F1FF3F08BFB2F1FF3F1C
:105E3000F3D052EA03012068EDD03146183003F068
:105E4000F3F9EAE702F036FCDAF7EEFB0B4A137BD4
:105E500023F00103137306B070BD44210848DDF739
:105E60007BFC68210648DDF777FC00BFAA9601207D
:105E700018C5060018C506000182060078820120B8
:105E8000C05F070080B5002086B0FFF767FF424B78
:105E900003F5006585F3088883F30A880024E0236E
:105EA0003E4E86F82230F47734767476B47686F8EF
:105EB0002040736A43F4E023736286F82340E5F7D9
:105EC000F9F8E5F7BDFA4FF0FF33B362F362E5F797
:105ED000D3FCE5F701FBDEF74FFF314801F0D2FEBE
:105EE000304A31498A4253D80DD2881A0139891A69
:105EF00023464009490900E01346834248D08B42BB
:105F000003F10102F8D14FF0010A00245046FFF7D7
:105F100025FF0220254EFFF721FF02F063FC244BF2
:105F2000244F4FF40052244905933046234BCDE9CA
:105F3000034ACDE9014400947E6101F0A9FD737B21
:105F4000814623F004033046737301F0B7FF0F233B
:105F5000DFF86C8003931B4B4FF4A0721A49059332
:105F600040461A4BCDE90144CDF810A0009701F04E
:105F70008FFD98F80D30494623F0040330460F4A50
:105F80003C74C7F80C807D6088F80D30E5F72EFA78
:105F9000CC210F48DDF7E0FBB0C7012000ED00E0A9
:105FA0004883012030C2060010C306007882012019
:105FB000A4CE060040960120F0D00120995D060095
:105FC000B0810120E45F0700B0CF01200564060026
:105FD000C05F07002DE9F04F804689B09246DDE9A9
:105FE000122306A815461C46894608F1140703F03B
:105FF000D5FBDDE90623CDE90223EFF3118620234B
:1060000083F31288BFF36F8F384603F01BF8002824
:1060100045D0384603F03CF8EFF30583002B37D129
:1060200008F10C034FF0200B05931CE02C4321D00A
:10603000DDE9022306A803F0E1FBDDE90654314661
:106040003846CDE90054059A02F0DEF8EFF31186E8
:106050008BF31288BFF36F8F384602F0F3FFF0B175
:10606000384603F015F8524649464046149B984777
:106070000028DBD00290384602F0F2FF029B90B17C
:1060800086F31188BFF36F8F184609B0BDE8F08F13
:1060900055EA0403C4D058210548DDF75DFB88218B
:1060A0000448DDF759FB4FF49A710248DDF754FBC1
:1060B0000860070080DC060070B50D4C0D4DAC4249
:1060C00012D80FD20026D4E9011204F10C032046A5
:1060D0001B605B60183444F8046CDCF711FCAC42C4
:1060E00002D8F0D3002070BD25210348DDF734FB32
:1060F000F46C0120246D01200860070030B58C4647
:1061000014461D46054B85B000216246CDE9004589
:106110000293FFF75FFF05B030BD00BFF928040010
:10612000F8B504460D4600F11406EFF3118720235D
:1061300083F31288BFF36F8F304602F083FFD0B134
:10614000304602F0A5FF20462946DCF745FB04F166
:106150000C0002F02DFB40B9304602F081FF70B117
:1061600087F31188BFF36F8FF8BD39463046BDE81D
:10617000F84002F0CFB988210348DDF7EDFA4FF47B
:106180009A710148DDF7E8FA80DC060038B5204A4C
:10619000204B9A4237D831D24FF0000E94465D1E04
:1061A000AD1A9B1A6D095C09DCF81820DCF80C307C
:1061B00043EA020010F0030022D1DCF81410CCF8FE
:1061C0001000013901FB0233002901DA0CE013460B
:1061D0001860DCF818200139B1F1FF3F1846A3EB35
:1061E0000202F4D1CCF81030A6450CF1200C0AD0F4
:1061F00075450EF1010301D09E46D5E7002038BD5C
:106200006FF0150038BD95210348DDF7A5FA00BFF2
:10621000946C0120F46C01202C6007002DE9F04300
:10622000044683B00E469146984600F10805EFF308
:106230001187202383F31288BFF36F8F284602F063
:1062400001FF00284AD0284602F022FF2169E9B167
:106250003160E369086801332061E36188B1E36874
:10626000C01A0AD4D4E9053202FB03F3834204D9ED
:10627000B0FBF2F302FB130474B1EA211948DDF715
:106280006BFA62699342EAD1044605E059EA0803D1
:106290000ED16FF00B043160284602F0E1FEC0B170
:1062A00087F31188BFF36F8F204603B0BDE8F083FA
:1062B000224639462846CDF80090CDF8048001F0FA
:1062C000A3FF04460028EFD1074B9B681B6933608E
:1062D000EAE74FF49A710548DDF73EFA8821034852
:1062E000DDF73AFA2C6007004096012080DC0600BA
:1062F0002DE9F04FC36883B0CB1A31D40D46D0E9F5
:10630000052101FB02F29A42044629D9B3FBF1F2BE
:1063100001FB123323BB00F10806EFF311894FF0A4
:10632000200888F31288BFF36F8F304602F08AFE90
:10633000002855D0304602F0ABFE2769AFB12F6080
:10634000E3693046013B2561E36102F089FE0028E4
:1063500041D089F31188BFF36F8F03B0BDE8F08F90
:106360004FF489712448DDF7F7F9EFF3118388F3CF
:106370001288BFF36F8F83F31188BFF36F8F002BE9
:1063800032D023689C4200D00BB92769D7E79A68BE
:1063900072B3D3E900214FF0000A4FF0000B0A60FE
:1063A00051605A7BC3E900AB22F002025A739F602E
:1063B00003F11800019303F015F8019B1846C3F888
:1063C000C0701D6101F07AFD4946304603B0BDE85A
:1063D000F04F02F09FB84FF49A710848DDF7BCF90E
:1063E00088210648DDF7B8F9A6210548DDF7B4F99C
:1063F0008F210348DDF7B0F92C60070080DC060030
:106400005460070008B50A4B9B6893F90E30002BC7
:1064100009DB2024EFF3118384F31288BFF36F8F1D
:10642000E5F714F8F6E71C210248DDF795F900BFFF
:1064300040960120806007002DE9F04F83B00446AC
:10644000894616461D469DF830B0EFF305831BB113
:1064500052EA050340F0A78004F10807EFF3118822
:106460004FF0200A8AF31288BFF36F8F384602F08C
:10647000E9FD002800F09380384602F009FE626AC8
:1064800023699A4231D2EFF311838AF31288BFF362
:106490006F8F83F31188BFF36F8F002B00F08C8018
:1064A0002568AC4201D0002D31D1206A6569A8422F
:1064B00071D3A36998426ED24946E268BBF1000FDE
:1064C0004DD1E069854208BF1846801AE06105F0A9
:1064D000CDFB636A10210133636204F1280003F0ED
:1064E0006FFE002832D1044604E056EA050342D18B
:1064F0006FF02204384602F0B3FD002857D088F32D
:106500001188BFF36F8F204603B0BDE8F08FAB68F2
:10651000002B55D0D5E9003213605A606B7B002206
:1065200023F0020300266B73002305F11800C5E970
:106530000023AE6002F056FF4946E268286905F084
:1065400095FB2846C5F8C06001F0B8FC0024384629
:10655000414601F0DFFF204603B0BDE8F08F05F0B3
:1065600085FB236AE2681344A26923629342B0D197
:1065700063692362ADE7144B22469B684146C3F82A
:1065800010903846CDE9006501F03EFE04462046F5
:1065900003B0BDE8F08F9C210C48DDF7DDF88821C1
:1065A0000B48DDF7D9F881210848DDF7D5F84FF41D
:1065B0009A710748DDF7D0F8A6210648DDF7CCF838
:1065C0008F210448DDF7C8F840960120A460070039
:1065D00080DC06005460070010B5012482B00094EE
:1065E000FFF72AFF02B010BD2DE9F04304468846AC
:1065F00016461D4683B0EFF305831BB152EA05032F
:1066000040F09C8004F10807EFF31189202383F305
:106610001288BFF36F8F384602F014FD002800F097
:106620008480384602F034FD636A8BB956EA05036C
:1066300069D16FF02205384602F012FD002878D0AB
:1066400089F31188BFF36F8F284603B0BDE8F0834C
:10665000E2684046E16905F009FBE369E26813443A
:10666000A269E361934204BF6369E361636A013B2A
:106670006362EFF31183202282F31288BFF36F8FDE
:1066800083F31188BFF36F8F002B5CD02568AC4279
:1066900049D0002DCFD0AB68002B5DD06A682B6845
:1066A000002113605A606B7B002223F002036B739E
:1066B0000023A960C5E9002305F1180002F092FE4D
:1066C000206A6369984242D3A36998423FD22969FC
:1066D000E26805F0CBFA236AE26828461344A2690F
:1066E0002362934204BF63692362636A0133636276
:1066F0000024C5F8C04001F0E1FB4946384601F0EE
:1067000009FF2546A0E7164B22469B684946C3F879
:1067100010803846CDE9006501F076FD0546284633
:1067200003B0BDE8F083002585E788210D48DDF73B
:1067300013F84FF49A710B48DDF70EF84FF48A7195
:106740000948DDF709F8A6210848DDF705F84FF4F8
:1067500097710548DDF700F88F210448DCF7FCFF4E
:106760004096012080DC0600A4600700546007000A
:10677000034600221B601046C3E902225B6070479B
:106780002DE9F04383B0EFF30587002F40F09680AA
:10679000044690461E46EFF31189202383F31288A6
:1067A000BFF36F8F4A4802F04DFC002800F0828052
:1067B000474802F06DFC474BE1689D6891B995F937
:1067C0000E300131C4E902514148236102F048FC16
:1067D000002877D089F31188BFF36F8F002003B0B2
:1067E000BDE8F083A068A84201D12369E9E758EA2F
:1067F000060354D095F90E1090F90E306FF07E021A
:106800009942A8BF19469142B8BF11468B4242DC5B
:10681000494622462E48CDF80080019601F0F4FC4E
:106820000028DBD0EFF31185202383F31288BFF318
:106830006F8F274802F006FC00283BD0244802F066
:1068400027FCA06890B1236821699C420AD04BB113
:1068500093F90E309942A8BF19466FF07E03994212
:10686000B8BF194690F90E3099420BD177B9184844
:1068700002F0F6FB30B385F31188BFF36F8F6FF032
:106880000A00ACE701F084FD0028EFD0294610484B
:1068900001F040FEF3E701F07BFD0746B8E70C4846
:1068A00002F0DEFB70B189F31188BFF36F8F6FF0D8
:1068B0000F0094E788210848DCF74EFF6F21074856
:1068C000DCF74AFF4FF49A710348DCF745FF00BF3D
:1068D000649601204096012080DC0600C860070015
:1068E0002DE9F843EFF30583002B72D1836804464A
:1068F000002B6BD0434A9268934264D1C368002B4B
:106900006BD0012B04D0013BC3600020BDE8F883AD
:10691000EFF31186202383F31288BFF36F8F3A4879
:1069200002F090FB002860D0374802F0B1FBA0686D
:10693000216990F90E3099421DD1EFF31183202285
:1069400082F31288BFF36F8F83F31188BFF36F8FC9
:10695000002B46D02568A54200D07DB900232A48E7
:10696000C4E9023302F07CFB002842D086F3118890
:10697000BFF36F8FC9E701F00BFDDEE7AB68002BBB
:106980003CD0D5E9003200274FF000084FF0000955
:1069900013605A606B7BC5E9008923F002036B73B7
:1069A00005F11800AF6002F01DFDA56095F90E30ED
:1069B00028462361C5F8C07001F080FA31461248BC
:1069C00001F0A8FDA1E74FF0FF309FE76FF0150041
:1069D0009CE7D7210D48DCF7BFFEEF210B48DCF721
:1069E000BBFEA6210A48DCF7B7FE88210948DCF780
:1069F000B3FE4FF49A710748DCF7AEFE8F210448CE
:106A0000DCF7AAFE4096012064960120C8600700CA
:106A10005460070080DC06002DE9F04F83B0044687
:106A2000894690461D469DF830A000F10806EFF318
:106A30001187202383F31288BFF36F8F304602F053
:106A400001FB002800F0A080304602F021FBBAF1E3
:106A5000000F40D1EFF31183202282F31288BFF39D
:106A60006F8F83F31188BFF36F8F002B00F090803E
:106A7000234653F80C2F9A4200D07ABB002D56D1F2
:106A8000C8F80050B9F1000F5DD0D9F80030032BE1
:106A900065D923F003032B43C8F80030D9F8003040
:106AA00003F0030348EA0303C9F80030042104F1AA
:106AB000140003F085FB002830D10446304602F074
:106AC000CFFA002868D087F31188BFF36F8F204674
:106AD00003B0BDE8F08FD4F80490BBE79368002BB7
:106AE0005FD000244FF0000A4FF0000B136851688C
:106AF00002F118000B605960537BC2E900AB23F030
:106B0000020353739460019202F06CFC019A1046E8
:106B1000C2F8C040C2F8108001F0D0F9002430461D
:106B2000394601F0F7FC204603B0BDE8F08F08209D
:106B300003F038FD28B30125C0F8048005608046C5
:106B4000B9F1000FA1D123682B43C8F80030636866
:106B5000C4F80080002BA9D1C4F80480A6E7C8F8C7
:106B60000050626842B1136803F0030348EA03036C
:106B70001360C4F8048099E7C4F80080C4F8048066
:106B800094E76FF00B0499E788210848DCF7E4FDEF
:106B9000A6210748DCF7E0FD4FF49A710348DCF7C3
:106BA000DBFD8F210248DCF7D7FD00BF80DC06004B
:106BB00054600700002300F10C0100F11402C0E949
:106BC0000231C0E90412036043608261704700BF74
:106BD0002DE9F041054600F10806EFF31188202465
:106BE00084F31288BFF36F8F304602F02BFA00282F
:106BF00049D0304602F04CFAEFF3118384F3128847
:106C0000BFF36F8F83F31188BFF36F8F002B3ED0DC
:106C10002B4653F80C4F9C4200D07CB9082105F15B
:106C2000140003F0CDFA40BB304602F019FA90B3DD
:106C300088F31188BFF36F8FBDE8F081A3687BB341
:106C400062682368002713605A60637B002223F088
:106C500002036373002304F11800C4E90023A76052
:106C600002F0C0FB2046C4F8C070276101F026F98D
:106C7000082105F1140003F0A3FA41463046BDE8AF
:106C8000F04101F047BC88210748DCF765FDA621EB
:106C90000648DCF761FD4FF49A710348DCF75CFDB0
:106CA0008F210248DCF758FD80DC060054600700A5
:106CB00010B50023012482B00A4600941946FFF75C
:106CC000ABFE02B010BD00BF002300B583B00A4682
:106CD00000931946FFF7A0FE03B05DF804FB00BF68
:106CE0002DE9F043044683B09046994600F108062A
:106CF000EFF31187202181F31288BFF36F8F3046A5
:106D000002F0A0F9002834D0304602F0C1F925681D
:106D1000E5B12B68626823F00303954208BF636006
:106D200023602B689B070BD1304602F099F920B302
:106D300087F31188BFF36F8F284603B0BDE8F08357
:106D40006C68284603F0FCFB2546EDE758EA09038A
:106D5000EAD039463046CDF80080CDF8049004F1F1
:106D60000C0201F051FA0028E6D1064B9B681D6920
:106D7000E2E788210448DCF7EFFC4FF49A710248FF
:106D8000DCF7EAFC4096012080DC060010B50368C1
:106D90000A4682B02BB909E01C68032C24F00303D7
:106DA00004D99A42F8D1002002B010BD012400237A
:106DB00000941946FFF730FE204602B010BD00BF18
:106DC000006818B103689B0718BF4068704700BF90
:106DD000406818B103689B0718BF4068704700BF40
:106DE00003466AB18A420BD300F1100CC3E90212C8
:106DF00000201B605B60C3F810C0C3F814C070476C
:106E00006FF01500704700BF2DE970430446EFF3A3
:106E10001186202585F31288BFF36F8F2F4802F06B
:106E200011F9002852D02D4802F032F9EFF3118306
:106E300085F31288BFF36F8F83F31188BFF36F8FD1
:106E4000002B3FD02568AC4200D0ADB9D4E9023266
:106E50009A4218BF0133022104F11000A36003F02D
:106E6000AFF920BB1D4802F0FBF830B386F3118860
:106E7000BFF36F8FBDE87083AB685BB3D5E90032B9
:106E800000244FF000084FF0000913605A606B7B3C
:106E9000C5E9008923F002036B7305F11800AC60AB
:106EA00002F0A0FA2846C5F8C04001F007F83146C4
:106EB000BDE87043094801F02DBB4FF49A710848B2
:106EC000DCF74AFCA6210748DCF746FC8821044889
:106ED000DCF742FC8F210348DCF73EFC689601207A
:106EE00080DC060054600700F0B5044616461D46D7
:106EF00083B0EFF3058111B152EA05033BD1EFF303
:106F00001187202383F31288BFF36F8F1C4802F090
:106F100099F838B31A4802F0BBF8A16861B1013999
:106F20001748A16002F09CF800B387F31188BFF303
:106F30006F8F002003B0F0BD56EA05030AD1104858
:106F400002F08EF890B187F31188BFF36F8F6FF066
:106F50000F00EFE722463946CDE90065084801F009
:106F600053F9E7E788210748DCF7F6FB4FF49A71FD
:106F70000448DCF7F1FB88210348DCF7EDFB00BF98
:106F80006896012080DC0600EC6007002DE9F04FD8
:106F9000834683B0EFF311832024019384F3128896
:106FA000BFF36F8F3B4802F04DF8002864D00546D0
:106FB000384802F06DF8EFF3118384F31288BFF3C1
:106FC0006F8F83F31188BFF36F8F002B50D04FF07A
:106FD000000A002600276FF00A09D046DBF80040BF
:106FE000A34500D094B9002202210BF11000CBF888
:106FF000082003F0E5F810B9BAF1000F2CD0019980
:10700000244803B0BDE8F04F01F084BAA368002B18
:1070100036D0D4E9003213605A60637BC4E900675C
:1070200023F00203637304F11800C4F8088002F02F
:10703000D9F92046C4F8C09000F040FFEFF3118367
:10704000202282F31288BFF36F8F83F31188BFF37E
:107050006F8F6BB1AA46C1E70E4802F001F898B1F4
:10706000019B83F31188BFF36F8F03B0BDE8F08FEE
:10707000A6210948DCF770FB88210848DCF76CFB87
:107080008F210548DCF768FB4FF49A710348DCF761
:1070900063FB00BF689601205460070080DC060097
:1070A0002DE9F0470546DFF8C081DFF8C0A184B0C4
:1070B000EFF31189202383F31288BFF36F8F4046CB
:1070C00001F0C0FF002800F0C180404601F0E0FF61
:1070D000D5F8CC40002C7FD0D5F8D020236894423E
:1070E00008BFC5F8D030C5F8CC30D5F8E4304046FC
:1070F00043F00203C5F8E430E368666823F0040354
:1071000043F00103E36001F0ABFF002800F0A28030
:1071100089F31188BFF36F8F002E00F0A080204606
:10712000B047EFF31189202383F31288BFF36F8FE9
:10713000404601F087FF002800F08880404601F0BB
:10714000A7FFE268D10622F001033CD4E3609A076E
:1071500015D4D5F8E430404623F00203C5F8E430F6
:10716000C3F3002401F07CFF002873D089F3118859
:10717000BFF36F8F002C9BD101F03CFB98E7DAF84E
:10718000000023F00203E3600028E2D042680021FF
:107190009442036807D0002BDBD0014618464268B2
:1071A0001B689442F7D10368002946D00B60DAF8D7
:1071B0000430834208BFCAF80410002340F8083B9B
:1071C000FFF722FEC5E722F01102E26004F1100091
:1071D000FFF71AFEE368BAE7D5F8E43023F00402BB
:1071E0005C07C5F8E420C3F380010ED4D00615D5A2
:1071F0001D48C5F8E41001F033FF58B389F3118836
:10720000BFF36F8F04B0BDE8F08705F1DC04002206
:107210000121204601F0A4FD0028F8D100234FF001
:10722000FF364FF0FF3749464046CDE9006705F18C
:10723000D402029301F0EAFD3AE7DAF80420CAF832
:1072400000308242B9D1CAF80430B6E78821084834
:10725000DCF782FA4FF49A710548DCF77DFA4FF4B7
:1072600038710448DCF778FA6C96012040830120DD
:1072700080DC06000C610700C3689A0709D513F08B
:107280001F021DBF43F00203C36042F0020010461C
:10729000704710B4C3F3800223F004038468C36012
:1072A00052B913F01F021BBF43F00203C360104624
:1072B00042F0020010BC7047D4F8CC20002AF0D075
:1072C00090420FD011461268002AEAD09042F9D1BC
:1072D00003680B60D4F8D03098420DD00022C36808
:1072E0000260DEE7D4F8D02003689042C4F8CC30C6
:1072F000F4D1C4F8D030F1E7C4F8D010EEE700BF05
:10730000F8B5C3680D469A07C3F3400611D45F076A
:1073100012D500232B603046F8BD00F05DFBD7F896
:10732000E430E0B9D907C3F3C00248D50AB35A071D
:107330001FD46FF00F06ECE70F680446002F2ED025
:10734000DB0735D5A768002F3CD002262F60204BE5
:107350009A68D7F8C8309A42DFD0D7F8E430D80717
:10736000C3F380022BD5002AE3D1C3F3C003002B63
:10737000DFD100232360D7F8D030DBB11C60C7F821
:10738000D040002207F1D400114601F0E9FCE36887
:10739000304643F00403E3602B68A360F8BD8768C0
:1073A0000F60C368DE07CDD417B96FF01506B0E7DC
:1073B0000126CCE7C7F8CC40C7F8D040E1E76FF032
:1073C0001206A6E740F257110248DCF7C5F900BFE4
:1073D000409601200C61070030B5044683B0EFF3FE
:1073E0001185202383F31288BFF36F8F154801F0B6
:1073F00029FEF0B1134801F04BFE002254F8043C82
:10740000019223F008011B0744F8041C09D40D481D
:1074100001F026FE88B185F31188BFF36F8F03B0AA
:1074200030BDA36901A9A4F110000193FFF768FF23
:10743000EDE788210448DCF78FF94FF49A71024890
:10744000DCF78AF96C96012080DC060008B530B1C3
:1074500049B10023C0E90031C0E9023308BD9C21D5
:107460000348DCF779F99D210148DCF775F900BF85
:107470000C61070030B583B0019001B34B680C4636
:107480005BB3EFF31185202383F31288BFF36F8F73
:10749000144801F0D7FDE0B1124801F0F9FD204693
:1074A00001A9FFF72DFF04460E4801F0D9FD58B1A0
:1074B00085F31188BFF36F8F204603B030BD40F2D3
:1074C0007D110948DCF748F94FF49A710748DCF759
:1074D00043F988210548DCF73FF94FF4BF710248B2
:1074E000DCF73AF96C9601200C61070080DC06009D
:1074F00010B5FFF7BFFF041E08DDEFF31180202356
:1075000083F31288BFF36F8F01F074F8204610BD2B
:10751000014610B50748FFF7ADFF041E08DDEFF385
:107520001180202383F31288BFF36F8F01F062F87C
:10753000204610BD3084012008B520B1E82200218A
:1075400004F0BBFB08BD40F205310148DCF704F94B
:107550000C610700F0B589B00E9D002841D00029CC
:1075600049D00446D0F8E40010F001003ED1C4F840
:10757000CC00C4F8D00004F1D400C4E9350004F113
:10758000DC00C4E9370055B32E7940F20110002E1B
:1075900008BF01204FF0FF364FF0FF37C4F8E4007A
:1075A000CDE90667002603932046CDE90166144B1A
:1075B0000094049600F00AFB55B1296811B12046E9
:1075C00000F010FA6B791BB1237B43F001032373A6
:1075D000204601F059FAC4F8C84009B0F0BD0120B6
:1075E000D8E740F232310748DCF7B6F84FF44D7176
:1075F0000448DCF7B1F840F233310248DCF7ACF86C
:10760000A17006000C61070038B558B10D4671B184
:1076100030220021044604F050FB4FF48073656073
:10762000E36038BD4FF478710348DCF795F840F219
:10763000E1310148DCF790F80C61070038B5D8B1AA
:107640000446EFF31185202383F31288BFF36F8F75
:10765000104801F0F7FCC8B10E4801F019FDE468CC
:107660000C4804F01F0401F0FBFC50B185F31188B5
:10767000BFF36F8F204638BD40F2F1310648DCF78A
:107680006BF84FF49A710548DCF766F888210348D7
:10769000DCF762F86C9601200C61070080DC0600C4
:1076A000F0B583B00190002847D00C4600293FD0A8
:1076B00016461D46EFF31187202383F31288BFF38C
:1076C0006F8F204801F0BEFC70B31E4801F0E0FC53
:1076D000E16811F01E0F0BD000241A4801F0C0FC25
:1076E000E8B187F31188BFF36F8F204603B0F0BD78
:1076F00055EA06030DD041F00801E160019904F15B
:107700001000A16232462B460F4901F08DFD012485
:10771000E3E7204601A9FFF7F3FD0446DDE74FF458
:107720009A710A48DCF718F888210848DCF714F841
:107730004FF48B610648DCF70FF840F257410448DC
:10774000DCF70AF86C960120D973060080DC06008D
:107750000C610700F0B583B00190002848D00C46BA
:10776000002940D017461D46EFF31186202383F3EE
:107770001288BFF36F8F234801F064FC78B321486F
:1077800001F086FCE36823F008021B07E26021D4C5
:1077900055EA070318D0E36804F1100043F008012C
:1077A000E16001993A46A1622B46174901F03CFD80
:1077B0000124144801F054FCF8B186F31188BFF39A
:1077C0006F8F204603B0F0BD204601A9FFF798FD5A
:1077D0000446EEE704F1100001F004FED8E788212A
:1077E0000A48DBF7B9FF40F27B410948DBF7B4FFF9
:1077F00040F27A410648DBF7AFFF4FF49A71034835
:10780000DBF7AAFF6C960120D973060080DC060026
:107810000C61070001460148FFF79CBF308401203E
:1078200038B558B30446EFF31185202383F312884B
:10783000BFF36F8F164801F005FCD8B1144801F072
:1078400027FCE36823F008021B07E2600DD4204602
:10785000FFF712FD04460E4801F002FC98B185F3D3
:107860001188BFF36F8F204638BD04F1100001F07E
:10787000B9FDECE788210748DBF76EFF40F29C4139
:107880000548DBF769FF4FF49A710248DBF764FFA4
:107890006C96012080DC06000C6107000346002086
:1078A0001B605B60704700BF2DE970430446EFF337
:1078B0001186202585F31288BFF36F8F294801F0C8
:1078C000C1FB002845D0274801F0E2FBEFF311830C
:1078D00085F31288BFF36F8F83F31188BFF36F8F27
:1078E0009BB32568AC4200D055B91E4801F0B8FBE7
:1078F00030B386F31188BFF36F8F0020BDE870832B
:10790000AB6853B3D5E9003200244FF000084FF0C4
:10791000000913605A606B7BC5E9008923F00203FC
:107920006B7305F11800AC6001F05CFD2846C5F8EA
:10793000C04000F0C3FA31460A4800F0EBFDDCE736
:107940004FF49A710848DBF707FFA6210748DBF7D9
:1079500003FF88210448DBF7FFFE8F210348DBF794
:10796000FBFE00BF7096012080DC0600546007001B
:107970002DE9F041074682B00C4616461D46EFF34E
:107980001188202383F31288BFF36F8F104801F012
:1079900059FBC0B10E4801F07BFB2046FEF7A0FF6B
:1079A000CDE900653A464146094800F02DFC054600
:1079B0004FF0FF324FF0FF332046FEF7E1FE28463E
:1079C00002B0BDE8F08188210248DBF7C5FE00BFA8
:1079D0007096012080DC0600EFF30580003818BFA8
:1079E0000120704710B548B104461F2204F18800F9
:1079F00004F0B2F9002084F8A70010BD014B9C6888
:107A0000F3E700BF4096012088307047B1B3AAB3B6
:107A10002DE9F04790F80DA00E4602F1FF38BAF1BB
:107A2000000F2DD00024174DDFF85C90AF88A8EB35
:107A300004021AEA070F06EB040011D0EB8829684C
:107A40009A4228BF1A46144404F010F93AEA070A89
:107A500006EB040306D100221A703046BDE8F08719
:107A60000835E3E7A8EB0402012A28BF01221846E3
:107A700049460835144404F0F9F8D7E7034870473D
:107A80000B46E8E7A86107003061070018E506002B
:107A90002DE9F04F85B0119D04460F2D88461F46F5
:107AA000DDF838A076D005F110011E2975D8042123
:107AB00000264FF0000C4FF0000B129B073222F013
:107AC0000709617304F158014A46C4E906BC2373EF
:107AD000C4E91611A573404608EB0905AA21A66062
:107AE000E67304F0EAF829462046E2F76BFF844685
:107AF000109B0CF10702C4E92A8922F007020293C5
:107B00000F9BAD1ACDE900A341463B46C4F8B02017
:107B100020462A46E3F73CFC0F9BC4E91D7AE36745
:107B2000109B666584F87060C4F88030EFF31188AC
:107B3000202383F31288BFF36F8F1F4801F082FA6E
:107B4000002834D01D4F1C4801F0A2FA3B6A1A48A5
:107B5000C4F884303C6201F083FA18B388F31188CA
:107B6000BFF36F8F139B8BB119461F2204F188005E
:107B700004F0F2F884F8A760BB680BB1D3F8B43016
:107B80002846C4F8B43005B0BDE8F08F139B84F8E4
:107B90008830F1E70A498B4289D040F24B210948ED
:107BA000DBF7DAFD4FF49A710748DBF7D5FD882142
:107BB0000548DBF7D1FD00BF8496012040960120E7
:107BC000056406003461070080DC0600F0B587B06C
:107BD000DDE91276EFF305854DBB0595109D044652
:107BE00004950F9D03950E9D02950D9D01950C9D8D
:107BF0000095FFF74DFFB6F1FF3F08BFB7F1FF3F1C
:107C000002D1204607B0F0BD56EA070305D1204651
:107C100000F03AFF204607B0F0BD3A46334604F183
:107C20001800054901F000FB204607B0F0BD40F206
:107C30001A310248DBF790FD01820600346107002B
:107C400059B10023013802E00133994205D010F800
:107C500001CFBCF1AA0FF7D0194600201160704780
:107C600010B4D0E92A0444B1002302E001339C425D
:107C700003D0C25CAA2AF9D01C4600200C6010BCBC
:107C8000704700BF002340F2011210B50446C0E95E
:107C90002A33828102F080FC014B9C6010BD00BF42
:107CA0004096012038B590F90D20437B002A19DB5E
:107CB0001D4D2A4652F8184FAB68944222D00CB39F
:107CC000834208D01BB35A7BD20604D1DA897F2ABB
:107CD00001D9A269C2B1A34202D0204601F00AF93B
:107CE0006C6138BD114A03F07F039042437312D098
:107CF00013F0010313D1D0E900210A605160036041
:107D00004360D5E7EC68DBE71C466C6138BDEA21CF
:107D10000748DBF721FD5A210648DBF71DFD5B21F3
:107D20000448DBF719FD00BF40960120B081012017
:107D30000C620700E861070038B505460C46FFF7FE
:107D4000B1FF6B7B43F002036B73B4B1AC6023688B
:107D50009C4213D093B195F90E1093F90E209142E5
:107D600001D08A420CDC62689A4202D01B68002B68
:107D7000F3D1C5E900421560656038BD6268F8E777
:107D80005A68C5E9003215605D6038BD38B590F9B4
:107D90000D20437B002A31DBDC062FD1264A43F03D
:107DA0008003904243733FD0D90739D4234C2146F6
:107DB00051F8183F8B422BD0E56963B190F90EC0A2
:107DC00093F90E20944501D0624523DC9D4202D0F8
:107DD0001B68002BF4D1C0E900152860E061A5699B
:107DE0008D4213D095B1A36813B35A7BD20606D146
:107DF000DA897F2A03D9AA690AB9636138BDAB421F
:107E000002D0284601F076F8656138BDE568EAE7FA
:107E1000E569E0E75A68C0E9003210605860DEE7C3
:107E200053210748DBF798FC52210548DBF794FC07
:107E3000EA210448DBF790FCB08101204096012044
:107E4000E86107000C62070038B51A4DA968EC69B3
:107E5000D1E90020A14214BF134600230260506004
:107E6000A868EC6963B193F90E1090F90E208A426C
:107E700001D0914217DC9C4202D01B68002BF2D14A
:107E80000D4AC0E900242060E861AC69944208D042
:107E90003CB1AB689C4202D0204601F02BF86C61EB
:107EA00038BDEC68F5E75968034AC0E9003108605D
:107EB0005860EAE7409601205896012038B50446FC
:107EC000EFF31185202383F31288BFF36F8F0E48E1
:107ED00001F0B8F870B10C4801F0DAF82046FFF76D
:107EE00055FF094801F0BCF840B185F31188BFF394
:107EF0006F8F38BD88210548DBF72EFC4FF49A714F
:107F00000248DBF729FC00BF7496012080DC0600E4
:107F1000F8B5734D0446AE68864278D0EFF311870A
:107F2000202383F31288BFF36F8F6E4801F08AF825
:107F3000002800F0C0806B4801F0AAF8637BDA06E5
:107F40005BD4D90943F0100240F09D806273AE69A2
:107F5000654B9E4200F0AB80002E00F0A880AB681D
:107F6000B34200F0A280304600F0C4FFAB68A342E9
:107F70006E6142D1EFF30584002C3ED11B7BDB0701
:107F80001FD5584801F06CF8002800F0988087F35E
:107F90001188BFF36F8F84F31188BFF36F8F0423B1
:107FA000184602DFEFF31187202383F31288BFF313
:107FB0006F8F4C4801F046F800287CD0494801F00A
:107FC00067F8484801F04CF8002857D0AB681FB15B
:107FD0005A7B12F0090F7FD06FF00A00434AC3F8B2
:107FE000BC70C3F8C0005368002143F08053536055
:107FF00081F31188BFF36F8FF8BD3A4801F030F874
:1080000000285CD087F31188BFF36F8FF8BDEFF3C2
:108010000583002B82D1EFF31187202383F312888D
:10802000BFF36F8F2F4801F00DF8002843D02D4883
:1080300001F02EF8737B2E4A03F07F0343F0100308
:108040009642737344D013F001033DD12A46706801
:108050003168016048603360736052F8184F944291
:1080600027D034B3AB689C4202D0204600F042FFD8
:108070001C486C6100F0F4FF0028A7D14FF4B771E1
:108080001C48DBF769FB1A4A03F07F0343F0100337
:10809000944263731CD013F0010315D1D4E900217D
:1080A0000A6051602360636051E733465FE7EE6822
:1080B00055E7EC68D6E788210E48DBF74DFB4FF417
:1080C0009A710C48DBF748FB5B210B48DBF744FB5C
:1080D0005A210948DBF740FBD2210848DBF73CFB7B
:1080E00040960120749601205896012000ED00E092
:1080F000B081012080DC0600E861070038620700DB
:1081000038B50446EFF31185202383F31288BFF3BB
:108110006F8F144800F096FFD8B1124800F0B8FFF6
:10812000A3686BB1D4E900320020002113605A60CB
:108130000022637BC4E9000123F002036373A260A1
:10814000084800F08DFF40B185F31188BFF36F8FB1
:1081500038BD88210448DBF7FFFA4FF49A710248D2
:10816000DBF7FAFA7496012080DC060070B504464D
:108170000D46EFF31186202383F31288BFF36F8F30
:108180001D4800F05FFF98B31B4800F081FF94F892
:108190007020637B62B15DB1002384F870301648B3
:1081A00000F05EFFF8B186F31188BFF36F8F70BDEA
:1081B000002284F8702013F02802F0D1A16859B190
:1081C000D4E9003100200B6059600021637BC4E9D1
:1081D0000001A26003F0FD0323F004032046637353
:1081E000FFF7D4FDDBE74FF49A710448DBF7B4FAEC
:1081F00088210248DBF7B0FA7496012080DC060083
:1082000001211838FFF7B2BF2DE9F047314EDFF8F2
:10821000C8A0324BB46850451C60DDE9089853D0C3
:1082200004460D461746EFF31183202383F312888B
:10823000BFF36F8F504600F005FF002840D0504636
:1082400000F026FF3946B7683846FFF775FDB8F1EC
:10825000FF3F08BFB9F1FF3F06D04A4643462049D9
:1082600007F1180000F0E0FF204600F0F9FE10B31F
:10827000194800F0F5FEF0B1B3681DB15A7B12F059
:10828000090F14D06FF00A00164AC3F8BC50C3F8A7
:10829000C0005368002143F08053536081F311887C
:1082A000BFF36F8FB368D3F8C000BDE8F087D22169
:1082B0000D48DBF751FA4FF4B7710C48DBF74CFA75
:1082C00088210A48DBF748FA40F29E210848DBF78C
:1082D00043FA00BF40960120749601207896012051
:1082E0000182060000ED00E03862070080DC060035
:1082F000E861070070B50546EFF31186202383F38C
:108300001288BFF36F8F1A4800F09CFE38B31848EC
:1083100000F0BEFE2C68A5421AD07CB1A36813B34E
:10832000D4E900320020002113605A600022637BF0
:10833000C4E9000123F002036373A2600C4800F05B
:108340008FFE38B186F31188BFF36F8F204670BD62
:108350000024F3E74FF49A710648DBF7FDF9882112
:108360000448DBF7F9F98F210348DBF7F5F900BF83
:108370007496012080DC06005460070010B50446A6
:10838000FFF7BEFE04F11800BDE8104001F02AB866
:10839000F8B504460D46EFF31187202383F31288C6
:1083A000BFF36F8F554800F04DFE002800F091801C
:1083B000524800F06DFE637B03F01F02002A0CBFE1
:1083C000012600260DD09B074CD4A5734B4800F026
:1083D00047FE002878D087F31188BFF36F8F3046AF
:1083E000F8BD474A03F07F039442637375D013F0DE
:1083F000010376D1D4E900200260506023606360FD
:10840000637B69B243F08003DA07A17363736CD4B2
:108410003C4D284650F8183F834244D0D5F81CC044
:1084200053B193F90E20914201D08A4240DC63455A
:1084300002D01B68002BF4D1C4E9000CCCF800403A
:10844000EC61AC69844208D03CB1AB689C4202D07C
:10845000204600F04FFD6C61B8E7EC68AB689C42C9
:10846000F6D1F8E7A268002A43D0D4E9001000232F
:108470006DB201604860A5732360636013689A421F
:1084800014D09BB193F90E108D4201D0A94215DC96
:108490005168994202D01B68002BF3D1C4E9002136
:1084A0000C60546092E7D5F81CC0C5E75168F5E749
:1084B0005A68C4E9003214605C60C2E75A68C4E9D3
:1084C000003214605C6081E74FF49A710E48DBF76C
:1084D00043F988210C48DBF73FF95A210B48DBF7B9
:1084E0003BF95B210948DBF737F953210748DBF7F4
:1084F00033F98F210648DBF72FF900BF749601206E
:10850000B08101204096012080DC0600E861070070
:108510005460070070B503460C4611B9EFF30585AA
:1085200045B1184600F09CFDE8B184F31188BFF313
:108530006F8F70BD114E7169B2689142F1D000F039
:108540008FFDA8B16FF00A01B3680D4AC3F8BC50A3
:10855000C3F8C010536843F08053536085F311880B
:10856000BFF36F8F70BD4FF49A710648DBF7F4F8D4
:108570004FF4B7710348DBF7EFF800BF40960120D6
:1085800000ED00E080DC060038B50446EFF311850D
:10859000202383F31288BFF36F8F144800F052FD3D
:1085A000D0B1124800F074FD637BDA060BD523F0DE
:1085B000100320466373FFF7E9FB2946BDE8384006
:1085C0000A48FFF7A7BF094800F04AFD40B185F30C
:1085D0001188BFF36F8F38BD88210548DBF7BCF8E1
:1085E0004FF49A710248DBF7B7F800BF7496012088
:1085F00080DC0600B8B9EFF30583A3B90C498A689B
:10860000496991420FD06FF00A000A49C2F8BC30A4
:10861000C2F8C0004A6842F080524A6083F3118871
:10862000BFF36F8F704780F31188BFF36F8F704770
:108630004096012000ED00E010B5EFF311842023F7
:1086400083F31288BFF36F8F164800F0FBFCA8B1CC
:10865000144800F01DFDEFF30583EBB9124B9A6847
:10866000D37B012B13D0013BD3730E4800F0F8FCF1
:1086700040B184F31188BFF36F8F10BD88210B4880
:10868000DBF76AF84FF49A710848DBF765F84FF4A6
:108690004F710748DBF760F840F23B310448DBF7E5
:1086A0005BF800BF749601204096012080DC060034
:1086B000E861070070B5EFF31186202383F3128879
:1086C000BFF36F8F354800F0BDFC002852D0344D09
:1086D000324800F0DDFCAB68DA7B002A58D0EFF3BB
:1086E000058100294FD129460132DA7351F8184F1C
:1086F0008C423DD0002C3BD05A7BD2062DD1DA895A
:108700007F2A2AD9A26942BB1C4624486C6100F02A
:10871000A7FC98B386F31188BFF36F8FEFF3118333
:10872000202282F31288BFF36F8FE3B9EFF3058243
:10873000CAB9A9686869884215D06FF00A03194858
:10874000C1F8BC20C1F8C030436843F08053436097
:1087500082F31188BFF36F8F70BDA342D5D020463E
:1087600000F0C8FBD1E783F31188BFF36F8F70BDB2
:10877000EC68C1E788210C48DAF7EEFF4FF49A71F4
:108780000948DAF7E9FF4FF452710848DAF7E4FFD5
:1087900040F247310548DAF7DFFF00BF7496012049
:1087A0004096012000ED00E080DC0600E861070053
:1087B00038B50468844212D005460CB90FE064B1A4
:1087C0002046FFF79DFC04F1180000F00BFE204648
:1087D000FFF774FB2C68A542F1D1012038BD0020C1
:1087E00038BD00BF024A134643F81829DA617047C2
:1087F0005896012070B5EFF30584002C6BD1EFF390
:108800001186202383F31288BFF36F8F344800F062
:1088100019FC00285BD0334D314800F039FCAA68C0
:10882000EB699A4215BF13682346194611685268CE
:1088300011604A60A868EC6963B190F90E2093F961
:108840000E108A4201D0914231DCA34202D01B6853
:10885000002BF2D1244AC0E900242060E861AC6911
:10886000944222D00CB3AB689C4202D0204600F068
:1088700041FB1B486C6100F0F3FB18B3AB681EB101
:108880005A7B12F0090F19D06FF00A00174AC3F88B
:10889000BC60C3F8C0005368002143F080535360AC
:1088A00081F31188BFF36F8F70BDEC68DBE75A6806
:1088B000C0E9003210600C4A5860D0E7D2210C4861
:1088C000DAF74AFF4FF4B7710A48DAF745FF882113
:1088D0000848DAF741FF4FF48E610748DAF73CFFAA
:1088E00074960120409601205896012000ED00E08A
:1088F0003862070080DC0600E8610700F8B5EFF396
:108900000583002B58D150EA010305460C464BD095
:10891000EFF31187202383F31288BFF36F8F2D4865
:1089200000F090FB00284CD02B4E2A4800F0B0FB02
:10893000B0682A4B1860FFF7B5F9B06823462A469D
:108940002749183000F070FCB2680446537B214878
:1089500043F00403537300F083FBB0B3B3681FB15B
:108960005A7B12F0090F23D06FF00A001D49C3F89B
:10897000BC70C3F8C0004B68002243F080534B60CA
:1089800082F31188BFF36F8FB368D3E90A13B3F191
:10899000004F08BF914201D00020F8BD00F0F8FE62
:1089A000201A20EAE070F8BDFFF724FF0020F4E76A
:1089B000D2210D48DAF7D0FE4FF491610B48DAF777
:1089C000CBFE88210A48DAF7C7FE4FF4B771084892
:1089D000DAF7C2FE749601204096012078960120B5
:1089E0000182060000ED00E038620700E861070040
:1089F00080DC060070B5EFF3058404BB06460D4627
:108A0000FFF77CFFB5F1FF3F08BFB6F1FF3F13D082
:108A10004FF47A7247F6FF73C0FB0234D80B40EA7A
:108A20004440B0F1004F4FEAD43474F1000400D256
:108A300070BD6FF0004070BD4FF0FF3070BD40F270
:108A4000B2410148DAF788FEE861070010B500245A
:108A50000B494FF4004C8E462146C0FB0CE100232D
:108A60007046084AD7F7C0FBC117FFF747FF47F624
:108A7000FF73044AC0FB0234DB0B43EA444010BDE1
:108A80003F420F0040420F0038B50446EFF3118516
:108A9000202383F31288BFF36F8F164800F0D2FAB9
:108AA000F8B1144800F0F4FA637B5B0708D411486E
:108AB00000F0D6FAC8B185F31188BFF36F8F38BDC7
:108AC00004F1180000F08EFC637B204623F00403C1
:108AD0006373FFF75BF92946BDE838400548FFF7A7
:108AE00019BD88210448DAF737FE4FF49A7102481D
:108AF000DAF732FE7496012080DC0600014B98689C
:108B0000704700BF409601202DE9F84F054690F8C8
:108B10000CB0EFF3118A202383F31288BFF36F8F19
:108B2000854800F08FFA002800F0EB80824800F0C2
:108B3000AFFA6B7B1A077DD4D90943F0080267D1DD
:108B40006A73AB686BB1D5E9003213605A600023D9
:108B500000220021C5E900236B7BA96023F00203FA
:108B60006B7305F1180000F03DFCAC6D05F1580782
:108B7000A74222D00CB300264FF000084FF00009A6
:108B800000E0D4B1A368002B00F0B280D4E9003239
:108B900013605A60637BC4E9008923F002036373A6
:108BA00004F11800A66000F01DFC2046C4F8C06067
:108BB000FFF7ECF8AC6DA742E3D1604CA3689D428F
:108BC00071D00027A6695E4A964266D0002E64D016
:108BD000B34202D0304600F08DF928466661E2F7D4
:108BE00001FC284600F0BEFA002F58D1A3689D4230
:108BF0002BD0514800F034FA00287DD08AF3118838
:108C0000BFF36F8F1BF0010F40F09080BDE8F88F2D
:108C10004C4A03F07F0343F0080395426B737DD009
:108C200013F001037ED1D5E900210A6051602B6069
:108C30006B6086E7404800F013FA00285CD08AF3A6
:108C40001188BFF36F8FBDE8F88FEFF30586002E14
:108C5000CFD12B7BDB072CD45546374800F000FAE8
:108C6000002856D0A3681DB15A7B12F0090F4CD0D2
:108C70006FF00A00344AC3F8BC50C3F8C000536810
:108C8000002143F08053536081F31188BFF36F8F4D
:108C90004FF4EE712D48DAF75FFDE66898E72C484F
:108CA000FEF7F0FFA2E7EFF30587003F18BF0127AB
:108CB00088E7214800F0D4F9F0B18AF31188BFF3B6
:108CC0006F8F86F31188BFF36F8F0423184602DF7E
:108CD000EFF3118A202383F31288BFF36F8F1648B6
:108CE000554600F0AFF960B1134800F0D1F9B4E790
:108CF0008F211848DAF730FD4FF49A711648DAF7E9
:108D00002BFD88211448DAF727FDD2211348DAF722
:108D100023FD4FF4B7711048DAF71EFD5A210B48B6
:108D2000DAF71AFD5B210948DAF716FD40F28E5199
:108D30000648DAF711FD00BF749601204096012025
:108D400058960120B081012000ED00E0E8610700A5
:108D5000488301205460070080DC06003862070069
:108D60002DE9F843064688461746EFF3118920237C
:108D700083F31288BFF36F8F214800F063F9002856
:108D800035D005461E4800F083F93468A64227D046
:108D900024B3A368C4F8C080276163B3D4E9003268
:108DA00013605A60002200230021C4E90023637B82
:108DB000A16023F0020304F11800637300F012FBBA
:108DC0002046FEF7E3FF0E4800F04AF950B189F360
:108DD0001188BFF36F8F2846BDE8F8832546F2E778
:108DE0000025F0E74FF49A710648DAF7B5FC8821C0
:108DF0000448DAF7B1FC8F210348DAF7ADFC00BF75
:108E00007496012080DC06005460070010B582B023
:108E1000DDE90434CDE90034069CFFF7F5F91CB117
:108E2000024B9B681B69236002B010BD4096012075
:108E30002DE9F84306460F469046EFF311892023AB
:108E400083F31288BFF36F8F154800F0FBF8E8B189
:108E5000134800F01DF93468A6420BD054B14146C6
:108E60002046B847054630B973689C4202D0246852
:108E7000002CF4D100250A4800F0F2F850B189F333
:108E80001188BFF36F8F2846BDE8F8838821054815
:108E9000DAF762FC4FF49A710248DAF75DFC00BF22
:108EA0007496012080DC060008B5A8B10C4B9842EE
:108EB00012D303F1180290420ED20A4AC01A02FBE2
:108EC00000F1094BB3EBF10F06D30121C01002FBF7
:108ED00000F0064B195408BD3F210548DAF73CFC69
:108EE00010840120ABAAAAAAAAAAAA0A7C960120E9
:108EF000646207002DE9F0411E4B1F4D1F7C07EBFC
:108F0000470305EBC305437B13F01F040FD11B4B35
:108F1000984205D01A4B1E688EB1C3897F2B15D994
:108F2000284600F05FFA174BDC55BDE8F081284673
:108F300000F058FA0022134BDA55BDE8F0812846BC
:108F400000F050FA0F4BDE55BDE8F0810E4B90F962
:108F50000E201B6828469A42E3DB00F043FA094BD7
:108F6000721EDC552846BDE8F0410849D31700F0D1
:108F70005BB900BF4096012010840120B081012020
:108F8000D06B01207C96012080960120A98E0600DE
:108F900038B5EFF31185202383F31288BFF36F8F69
:108FA000204800F04FF8002837D01E4800F070F835
:108FB0001D4A1E4B94681868A04226D00021127CDE
:108FC0001B481960825C8AB1637BDB060ED1194BAA
:108FD0009C420BD0184B1B6843B1E3897F2B05D80B
:108FE000164B94F90E201B689A4208DA0D4800F0DF
:108FF00037F868B185F31188BFF36F8F38BDFEF77E
:1090000023FF2046FFF776FFF0E7FFF773FFEDE75A
:109010004FF49A710A48DAF79FFB88210848DAF77B
:109020009BFB00BF7496012040960120789601209A
:109030007C960120B0810120D06B01208096012018
:1090400080DC0600006838B1044B00F003001B7C94
:10905000C01A18BF012070470120704740960120B8
:10906000002301680360EFF30583084A43B993685E
:10907000127C43EA0200401AB0FA80F040097047BF
:109080009368587BC007F3D50120704740960120B4
:10909000024B1A7C9B681343036070474096012083
:1090A0002DE9F843002851D005460E469046EFF3CF
:1090B00011874FF0200989F31288BFF36F8F25487D
:1090C000FFF7C0FF002838D02248FFF7E1FF224B0E
:1090D0001C6A4CB1B8F1000F10D120463146A847A8
:1090E000D4F88440002CF8D11A48FFF7B9FF40B3F8
:1090F00087F31188BFF36F8FBDE8F883DFF85480E2
:109100004046FFF7ADFFE0B187F31188BFF36F8FE3
:1091100031462046A847EFF3118789F31288BFF341
:109120006F8F4046FFF78EFF38B14046FFF7B0FF24
:10913000D4F88440002CE3D1D6E788210748DAF739
:109140000BFB4FF49A710548DAF706FB2E21044811
:10915000DAF702FB849601204096012080DC0600AD
:109160008C62070038B50446EFF31185202383F3A2
:109170001288BFF36F8F1748FFF764FF00B31548DD
:10918000FFF786FF144A136AA34210D033B1D3F815
:109190008420A2420FD01346002BF8D10D48FFF7D0
:1091A0005FFF88B185F31188BFF36F8F38BDD3F8A7
:1091B00084301362F2E7D4F88420C3F88420EDE70A
:1091C00088210648DAF7C8FA4FF49A710348DAF7AB
:1091D000C3FA00BF849601204096012080DC06007F
:1091E0000022FFF75DBF00BF0122FFF759BF00BF9C
:1091F00010B40C4B5A68036882420AD04BB1D3E9D1
:1092000004210469121944691A6141EB040159618E
:109210000368002241680B60596010BC0260426024
:10922000704700BFD46B0120B3F1FF3F08BFB2F11C
:10923000FF3F2DE9F84F00F0A380D0F800B0814641
:10924000BBF1000F40F0B9801C4615461E468160F8
:10925000EFF31187202383F31288BFF36F8F5B48EE
:10926000FFF7F0FE8246002800F0A3805748FFF782
:109270000FFF002C45DB564B1B68002B00F086804F
:109280005E46D846534B01351A6844F1000415EB8D
:109290000B0546EB04065B68C9E90456AD1846EBBE
:1092A00003064D4AD2E9001E914212D089B1D9E994
:1092B0000430D1E9044CA34270EB0C0B39DB1B1BCF
:1092C00060EB0C008E45C9E9043002D00968002922
:1092D000EFD1C9E9002ECEF80090C2F804901368CF
:1092E000934201D0994531D03848FFF7B9FE0028A4
:1092F00067D087F31188BFF36F8F28463146BDE8EA
:10930000F88F6FF00103334A4FF0000AD2E90012E0
:109310005B1A4FF0FF3161EB02025B1B62EB040250
:10932000012B72F10001BCBF5A460123C9E9043286
:10933000B7E7E41A4B686CEB0000C1E90440C9E9E7
:109340000013C3F80090C1F80490C8E720490968E9
:109350000029C9D1BAF1000F21D0D3E90423B2EB1F
:10936000080263EBE873B2F1004F73F1000113DA06
:10937000002BACBF104600200021FAF75DFBB3E7DD
:1093800000252E4628463146BDE8F88FFAF7C6FB81
:1093900080468346C61775E76FF00040ECE7FAF7A2
:1093A000BDFB0D4A13689342F6D0002BF4D08046E3
:1093B000D3E788210948DAF7CFF970210848DAF7AE
:1093C000CBF94FF49A710548DAF7C6F98C9601206B
:1093D0008896012028840120D46B012080DC0600BF
:1093E000B8620700F8B50446EFF31186202383F333
:1093F0001288BFF36F8F2B48FFF724FE00284DD053
:109400002848FFF745FE236893B3274D20462F6871
:10941000AF4236D0FFF7ECFE00224FF00043BC42D3
:10942000C4E904230AD000241E48FFF719FE80B3C4
:1094300086F31188BFF36F8F2046F8BD1B4B1B6866
:10944000CBB100202A68AA4218D0BAB1D2E90432BE
:109450001B1A62EBE072B3F1004F72F100010DDAFA
:10946000002AACBF184600200021FAF7E5FADAE737
:109470006FF01504D8E7FAF751FBE3E76FF000400F
:10948000F2E7FFF7B5FE00224FF00043C4E90423E2
:10949000C9E74FF49A710648DAF75EF98821044863
:1094A000DAF75AF98C960120D46B012088960120B6
:1094B00080DC06002DE9F0418046EFF31187202380
:1094C00083F31288BFF36F8F2348FFF7BBFD00289B
:1094D00039D02148FFF7DCFDD8F800402CB31F4AF3
:1094E0001368934223D05BB3D3E9044698450DD06B
:1094F000556809E01B684BB1D3E90421A21846EB7B
:1095000001069845144601D0AB42F3D1144B1B68B9
:1095100083B11148FFF7A4FDC8B187F31188BFF3E9
:109520006F8F20463146BDE8F0812646F1E70024E2
:109530002646EBE7FAF7F2FA241A66EBE076E8E75C
:109540001C461E46E2E788210648DAF705F94FF483
:109550009A710448DAF700F98C960120D46B012047
:109560008896012080DC06002DE9F04F83B0019041
:10957000EFF311854FF0200B8BF31288BFF36F8F41
:109580006148FFF75FFD019A002800F0A3805F4F5C
:109590005D480192FFF77CFDD7F80080DFF870A1ED
:1095A000019AB845CAF8002000F09180B8F1000F88
:1095B00000F09980DFF85C91534ECDF804B003E0E1
:1095C000B8F1000F00F09C80D8E90443D017A24204
:1095D00070EB030E54DBD9E900204FF0000C4FF084
:1095E000000B121940EBE473C8E904BC4046C9E91A
:1095F0000023FFF7FDFD3046FFF732FD00286DD058
:1096000085F31188BFF36F8F4046D8F8083098472C
:10961000EFF31185019B83F31288BFF36F8F304600
:10962000FFF710FD002855D03046FFF731FDDAF87E
:109630000020D7F80080121BB845CAF80020BFD11F
:1096400000246FF00040D9F80030CAF800409B18A1
:10965000C9F80030D9F8043043EBE273C9F804309C
:109660000021FAF7E9F92848FFF7FAFCB0B385F3CF
:109670001188BFF36F8F03B0BDE8F04FFFF788BCD0
:10968000A41AC8F8104063EB00043B68C8F8144003
:109690000024CAF80040D9F80040A418D9F80420E2
:1096A000C9F8004042EB0002BB42C9F804200BD0CD
:1096B00053B1D3E90403B0F1004F73F1000203DAB0
:1096C000002BB8BF0020CBE76FF00040C8E7DFF801
:1096D0004490B5E788211048DAF73EF84FF49A71C4
:1096E0000D48DAF739F80B49CAF80080D1E90030A3
:1096F0009B1840EBE272C1E900326FF00040AFE727
:109700004346D017C4E700BF8C960120D46B0120DC
:10971000889601202884012080DC060070B5EFF3D4
:109720001186202383F31288BFF36F8F1448FFF74D
:1097300089FCE0B11248FFF7ABFC124B1B6893B1F8
:1097400000200146104B1A685D6884180C4841EBF4
:109750000505FFF785FC70B186F31188BFF36F8FA5
:109760002046294670BDFAF7D9F9C117EAE78821E2
:109770000648D9F7F1FF4FF49A710448D9F7ECFF86
:109780008C960120889601202884012080DC060028
:1097900008B5FFF7C3FF08BDFFF7C0BFB3F1FF3F38
:1097A00008BFB2F1FF3F70B5054616D016461A4302
:1097B0001C4605D100263146C5E90061284670BD2A
:1097C000002B11DA6FF001039E1B4FF0FF3363EBA8
:1097D0000401C5E90061284670BD4FF0FF363146EF
:1097E000C5E90061284670BDFFF798FF861941EB77
:1097F0000401C5E90061284670BD00BFB3F1FF3F19
:1098000008BFB2F1FF3FF8B5064617D01C4654EA30
:109810000203154605D100200446C6E9000430467F
:10982000F8BDFFF77BFFA84271EB0403F3D2281ABF
:1098300064EB0104C6E900043046F8BD4FF0FF3088
:109840000446C6E900043046F8BD00BF2DE9F041EA
:109850000446EFF31185202383F31288BFF36F8F43
:109860005048FFF7EFFB002800F093804D48FFF7CA
:109870000FFC27685FB14B48FFF7F2FB002800F0B0
:109880008C8085F31188BFF36F8FBDE8F081D4E938
:109890000A61701C41F10002022872F100021CD31F
:1098A000013E41F1FF38B8F1000FBCBF00264FF078
:1098B0000008FFF771FF013041F10001801948EB0A
:1098C0000101012871F1000140DA6FF001024FF04F
:1098D000FF3320463449FFF7A7FC236B226A01338C
:1098E0002363D2B12F48FFF7BBFB002855D085F387
:1098F0001188BFF36F8F2046236A9847EFF31185D5
:10990000202383F31288BFF36F8F2648FFF79AFB5B
:1099100000283ED02348FFF7BBFB54F8186FA6423F
:10992000A9D0002EA7D03046FEF7EAFB00231D4841
:10993000C6F8C030FFF794FB78B385F31188BFF306
:109940006F8F3046BDE8F041FEF7B8BAFFF724FF4D
:109950006FF002026FF00043013041F10001801905
:1099600048EB010182428B4103DA3A464FF0004353
:10997000AFE7FFF711FF6FF00102431C41F1000058
:10998000991948EB0003521A4FF0FF3161EB0303C2
:109990009FE788210548D9F7DFFE4FF49A71034805
:1099A000D9F7DAFE909601204D98060080DC06007B
:1099B00030B4002300240025C0E9081200F1180289
:1099C000C0E9004530BCC0E9062203634363704729
:1099D0002DE9F84314461D46064690461F46EFF310
:1099E0001189202383F31288BFF36F8F1D48FFF77F
:1099F00029FB68B31B48FFF74BFBB5F1FF3F08BFDE
:109A0000B4F1FF3F1AD0002D09DB012C75F10003E2
:109A1000BCBF0124002514F1FF3845F1FF370024B5
:109A20003046FFF7DFFCDDE908014246C6E90A01DE
:109A30003B4630460C493463FFF7F6FB0948FFF715
:109A40000FFB48B189F31188BFF36F8FBDE8F8832E
:109A500088210648D9F780FE4FF49A710348D9F758
:109A60007BFE00BF909601204D98060080DC06002A
:109A700010B50446FFF7B6FCA8B9636A0BB12046DF
:109A8000984704F11800FEF735FC60B1FEF716FAAE
:109A9000EFF31180202383F31288BFF36F8FBDE8AB
:109AA0001040FEF7A7BD10BD002968D02DE9F8438E
:109AB0000E4615464FF000084FF0200901EB8103D8
:109AC00000EB8300354FA0F11404637BC4F80880D9
:109AD00003F03F03102B4ED8DFE803F015463F4D4F
:109AE000384D4D4D314D4D4D4D4D4D4D0900236976
:109AF000002B4ED0236833B1626813605A60C4F8FB
:109B00000080C4F804803846FFF7AAFA00283BD04A
:109B100085F31188BFF36F8FEFF3118589F31288F6
:109B2000BFF36F8F3846FFF78DFA48B33846FFF71B
:109B3000AFFA013EA4F11404C7D1BDE8F88323694C
:109B4000002BD7D1C0211648D9F706FE2369002B78
:109B5000D0D1B8211248D9F7FFFD2369002BC9D114
:109B6000B4210F48D9F7F8FD2369002BC2D1BC21DD
:109B70000B48D9F7F1FDCB210948D9F7EDFD704726
:109B800088210848D9F7E8FD4FF49A710548D9F7BC
:109B9000E3FDC4210248D9F7DFFD00BF9496012000
:109BA000DC62070080DC06002DE9F041866804468F
:109BB0000D4636B17378012B22D0022B0CD0002336
:109BC00033700020E368A060C3F38632154365F369
:109BD0009433E360BDE8F0813378002BEFD056F882
:109BE000047C002FEBD006F11400FFF7FBFB0023F1
:109BF000A6F1140841463846F362FDF73BFCDEE768
:109C000016F8533C9A07DAD5A6F160073846FEF7F6
:109C1000B5FB082D0CBF6FF00302002216F8533C71
:109C20003266DB06CBD13846FEF748F9C7E700BFFE
:109C30002DE9F04FB1F1000883B0009340F3D481D7
:109C400000254FF02009AA4683461446A84E0195E8
:109C5000EFF3118789F31288BFF36F8F3046FFF758
:109C6000F1F9002800F0C8813046FFF711FA9BF89F
:109C70000D2002F03F02102A00F2AE81DFE812F060
:109C8000160051001100AC014A00AC01AC01AC015E
:109C90004300AC01AC01AC01AC01AC01AC01AC01C6
:109CA0002E00DBF810209268002A41D1009B13B9E6
:109CB0002278002A3ED13046FFF7D2F9002800F082
:109CC000968187F31188BFF36F8F0135A8450BF19B
:109CD000140BBDD1019803B0BDE8F08FDBF8102064
:109CE000D18952899142E1D02021DBF80C20CBF8B8
:109CF00008A0C2F38630014361F39432CBF80C2004
:109D000084F800A0D7E7DBF81020526A002ACDD0F3
:109D10001021EAE7DBF810201268002AC6D00421DF
:109D2000E3E7DBF810209268002ABFD00121DCE7CE
:109D30000221DAE79BF80D2002F03F02102A00F220
:109D40004F81DFE812F018004D001E004D01D700D2
:109D50004D014D014D01A9004D014D014D014D0138
:109D60004D014D014D0179004A68CBE90012C2F85E
:109D700000B0C1F804B0019BCBF808400133019357
:109D800099E7DBF81030002B00F03E81196903F1F0
:109D9000100E8E45D3F814C000F0E680BCF1000F21
:109DA00000F0E280DCF80820002A00F03D8112F982
:109DB000522C14F9520C824240F0D380002900F05A
:109DC000D3808A68002A00F02F8112F9522C904229
:109DD00001D08242C8DC614500F0C6800968EDE729
:109DE000DBF81030002B00F01381D3E9001C8B420C
:109DF00000F0E680BCF1000F00F0E280DCF8082003
:109E0000002A00F0118112F9522C14F9520C8242EE
:109E100040F0D380002900F0D3808A68002A00F047
:109E2000038112F9522C904201D082429CDC8C4575
:109E300000F0C6800968EDE7DBF81030002B00F079
:109E4000DF80196B03F1300E8E45D3F834C000F07B
:109E5000A880BCF1000F00F0A480DCF80820002AE4
:109E600000F0E28012F9522C14F9520C824240F0B8
:109E70009580002900F095808A68002A00F0D4803F
:109E800012F9522C904202D082423FF76DAF8C45BE
:109E900000F087800968ECE7DBF81030002B00F059
:109EA000BB80996A03F1280E8E45D3F82CC069D087
:109EB000BCF1000F66D0DCF80820002A00F0B48066
:109EC00012F9522C14F9520C824259D1002959D05E
:109ED0008A68002A00F0A88012F9522C904202D021
:109EE00082423FF741AF8C454CD00968EEE700BF96
:109EF00094960120DBF81030002B00F09180596916
:109F000003F1140E8E45D3F818C01ED0BCF1000F1B
:109F10001BD0DCF80820002A00F0868012F9522CB1
:109F200014F9520C82420ED179B18A68002A7BD092
:109F300012F9522C904202D082423FF715AF614590
:109F400003D00968F0E79042EEDDCBE900ECCCF8F5
:109F500000B0C3F818B0019BCBF80840013301935F
:109F6000A9E690427FF72AAFCBE900ECCCF800B02D
:109F7000C3F814B0019BCBF80840013301939AE673
:109F80009042A3DDCBE900ECCCF800B0C3F82CB0D4
:109F9000019BCBF80840013301938CE690427FF798
:109FA00068AFCBE900ECCCF800B0C3F834B0019B4B
:109FB000CBF80840013301937DE690427FF72AAF4A
:109FC000CBE9003CCCF800B0C3F804B0019BCBF85F
:109FD0000840013301936EE663211448D9F7BCFBB6
:109FE000A4211248D9F7B8FB0023019372E64FF47D
:109FF0009A710F48D9F7B0FB88210D48D9F7ACFB0F
:10A000009D210A48D9F7A8FB8D210848D9F7A4FB60
:10A0100095210648D9F7A0FB99210448D9F79CFB64
:10A0200091210248D9F798FB937BFFDEDC620700A1
:10A0300080DC060008B56AB93F2913D873B190F8DF
:10A040000CC0090201F47C5141EA0C01C0E9022173
:10A05000036108BD2E210548D9F77EFB3121034855
:10A06000D9F77AFB30210148D9F776FBDC6207008B
:10A070004FF0010C2DE9F04F16464C4A85B094681C
:10A0800084F860C084F861C0EFF30589B9F1000F6E
:10A0900040F081800746002878D000291D4670DBFB
:10A0A00056EA05030CBF0123002304F16002FFF709
:10A0B000BFFD8046EFF3118B4FF0200A8AF3128820
:10A0C000BFF36F8F3A48FEF7BDFF002855D03848E0
:10A0D000FEF7DEFF94F86030002B3AD056EA050315
:10A0E00084F8609027D05946324A0096019530484E
:10A0F000FEF78AF80446EFF311858AF31288BFF35E
:10A100006F8F2B48FEF79EFF002836D02848FEF7B9
:10A11000BFFF38462A464146FFF7C6FC2448FEF7F3
:10A120009FFF00283CD085F31188BFF36F8F204636
:10A1300005B0BDE8F08F1E48FEF792FF80B38BF3A9
:10A140001188BFF36F8F6FF00A04204605B0BDE899
:10A15000F08F5A46414638460393FFF7A5FC144852
:10A16000FEF77EFF039BD8B18BF31188BFF36F8F8F
:10A170001C46204605B0BDE8F08F88210E48D9F76F
:10A18000EBFA40F227110D48D9F7E6FA4FF4937134
:10A190000A48D9F7E1FA40F225110848D9F7DCFA64
:10A1A0004FF49A710448D9F7D7FA00BF40960120BE
:10A1B00094960120DC6B012080DC0600DC62070045
:10A1C000F8B505460E46EFF31187202383F3128876
:10A1D000BFF36F8F1548FEF735FF18B31348FEF72E
:10A1E00057FF2C68A54216D0D4E9003213605A609C
:10A1F00000233146204623606360FFF7D5FC0B48FF
:10A20000FEF72EFF48B187F31188BFF36F8F201E32
:10A2100018BF0120F8BD0024F1E74FF49A710448FB
:10A22000D9F79AFA88210248D9F796FA949601202C
:10A2300080DC060070B504460D46EFF3118620233E
:10A2400083F31288BFF36F8F1848FEF7FBFE18B335
:10A250001648FEF71DFF01212068C4E9021584425B
:10A260000FD0D0E9003213605A60002303604360CE
:10A27000FFF79AFC044631460C48FEF74BF920469E
:10A2800070BD0A48FEF7ECFE50B186F31188BFF3AB
:10A290006F8F0024204670BD88210548D9F75CFAED
:10A2A0004FF49A710248D9F757FA00BF94960120EB
:10A2B00080DC06002DE9F043002585B006460C46FB
:10A2C0009146019500F10C07EFF31188202383F3E9
:10A2D0001288BFF36F8F3846FEF7B4FE40B338469E
:10A2E000FEF7D6FEB36830465C4004EA09045C40E1
:10A2F000114901AA0294039503EA0909FEF798FDA2
:10A30000019C44B12046C4F8C050646E0021FDF7A2
:10A310002DFF002CF6D1039A029B384623EA020354
:10A320004146B360FEF7F6F8484605B0BDE8F08355
:10A3300088210248D9F710FA31A4060080DC060013
:10A340002DE9F04F85B00646DDE90E870C4615462F
:10A35000EFF3058313B158EA070356D124B900235C
:10A36000184605B0BDE8F08FFEF7C8FB06F10C09F2
:10A370008246EFF3118B202383F31288BFF36F8F94
:10A380004846FEF75FFE002844D04846FEF780FEB0
:10A39000AB070ED50023B36058EA070323D1484624
:10A3A000FEF75EFE002839D08BF31188BFF36F8F64
:10A3B000D5E7B268E80702EA040323D4002BEBD008
:10A3C000690748BF9A43484648BFB2600393FEF707
:10A3D00047FE039B10B38BF31188BFF36F8F1846B2
:10A3E00005B0BDE8F08FCAE91A45324659464846DD
:10A3F000CDF800800197FDF707FF0028AFD1DAF80C
:10A400006830ADE79C42DBD0C6E74FF48571064863
:10A41000D9F7A2F988210548D9F79EF94FF49A7126
:10A420000248D9F799F900BF0063070080DC0600F5
:10A4300010B50346846EC06E4A6810F0010F02EA40
:10A44000040212D17AB140079A6602D58868104397
:10A45000886001220C6803F118005C660B6083F8C9
:10A460007020FEF7BFFF002010BD9442EAD000200C
:10A4700010BD00BF08B5EFF3058323B9C0E902336F
:10A480000060406008BD38210148D9F765F900BF78
:10A49000006307000A46FFF70DBF00BF0A46002110
:10A4A000FFF708BF5200FFF74BBF00BF2DE9F84F81
:10A4B0004F1E0F4233D1141D2AD20D4606469A462E
:10A4C00041F0040B00F11408EFF31189202383F30A
:10A4D0001288BFF36F8F4046FEF7B4FD40B340468D
:10A4E000FEF7D6FD224659463046D0470446404640
:10A4F000FEF7B6FDB8B189F31188BFF36F8F3CB199
:10A50000204640F8046B0DB1384204D1BDE8F88F05
:10A510000020BDE8F88F34210748D9F71DF917212D
:10A520000548D9F719F94FF49A710448D9F714F985
:10A5300088210248D9F710F92463070080DC06005F
:10A54000014620B150F8040C0439FBF7E9BD70470F
:10A5500002460021014B0248FFF7A8BFF92804007A
:10A56000F46C012070B5A0FB01546CB92A46214659
:10A57000074B0848FFF79AFF064628B12A462146AE
:10A5800001F09BFB304670BD0026304670BD00BF19
:10A59000F9280400F46C0120014BC0F8B430704776
:10A5A000F46C012010B50446FDF716FA60B9084BAB
:10A5B0009B68D3F8B4304BB12246BDE81040184632
:10A5C0000021044BFFF772BF034BF5E710BD00BF3E
:10A5D00040960120F9280400F46C0120704700BF68
:10A5E00010B5074C82B04FF0FF334FF4805205484E
:10A5F00005490094FCF7AEFF002002B010BD00BF7B
:10A600005463070030840120F0700320F8B54D4AF0
:10A610000C4600234C4DD0E90001D5F795FD002AEA
:10A620004FF4616100F52F20B7BF02F5A83200F6A4
:10A630006C2000F66B2002F5C072B2FBF1F301FB57
:10A6400013223C21A360B2FBF1F301FB13226360F0
:10A65000C31C2260072293FBF2F2C2EBC2029B1AD8
:10A6600052D50733A361A0F50E33A3F52C7393FBEA
:10A67000F5F5364B48F6AC6140F2B45740F26D1632
:10A6800003FB05004FF0050CB0FBF1F1B0FBF7F355
:10A690000144C91A2E4BB0FBF3F3C91A48F6946370
:10A6A000B1FBF3F3B1FBF6F2B1FBF7F103445B1A34
:10A6B000992106FB123303EB83005E1C0230B0FBD2
:10A6C000F1F779430231B1FBFCF1761A40F2F9510E
:10A6D00088424FF4C8708CBF6FF00901022100FB63
:10A6E00005253944012998BF0135B3F5997F11D368
:10A6F000A3F59973A5F26C75E36100232046E6602B
:10A700002362C4E90415F8BD0028A361ABDB90FB0C
:10A71000F5F5AEE7970710D14FF0640C92FBFCF70C
:10A720000CFB17275FB992FBF0F700FB1722B2FA78
:10A7300082F252093B331344DCE70022FAE701229C
:10A74000F8E700BF80510100B13A02004FC5FDFF9C
:10A75000B03A02000CB430B589B005460C461C2254
:10A76000002101A801F0A9FA022305958DF8063011
:10A770000D4B029323462CB1B4F1004F28BF4FF08C
:10A780000043013B1D440DAA0C9901A806950092B7
:10A7900000F008FA14B1059B00221A7009B0BDE858
:10A7A000304002B0704700BF4BC10600242A2DE99B
:10A7B000F041044601D8012A4CD1364B162201F053
:10A7C000CDFC1A5001B10C6000273846BDE8F0817D
:10A7D00035462E4616F8010B2028F9D0A0F10907BE
:10A7E0000346042FF4D92B2836D02D2837D14FF02B
:10A7F000010CAE1C6B78302B38D1307840F0200043
:10A8000078282FD132F010002CD1737834461022E2
:10A8100002360CF1004000270138B0FBF2FE02FBCB
:10A820001E08392B82BF03F1FF3343F02003263B80
:10A83000303B9A421ED9774502DC03D1984501D2BC
:10A840004CF0020C354607FB0237344615F8013B45
:10A850002E46E6E70546BCE74FF0000CC9E74FF08F
:10A86000000CC8E7002A08BF0822D2E7002A08BF68
:10A870000A22CEE701B10C601CF0010F18BF7F4225
:10A880001CF0020FA1D0034B2222074601F066FC08
:10A890001A509AE70C000000242AF0B5044601D8AB
:10A8A000012A40D12E4B162201F058FC1A5001B15A
:10A8B0000C600020F0BD2F463D4615F8010B202806
:10A8C000F9D0A0F109060346042EF4D92B282CD088
:10A8D0002D282CD10126BD1C7B78302B2DD128783A
:10A8E00040F02000782824D132F0100021D16B787C
:10A8F0002C46102202350020392B82BF03F1FF3392
:10A9000043F02003263B303B9A421AD9A0FB0204B5
:10A910000CB9C01801D346F002062F462C4617F892
:10A92000013B3D46E8E70746C6E70026D3E7002699
:10A93000D3E7002A08BF0822DDE7002A08BF0A2261
:10A94000D9E701B10C60F20748BF4042B307B1D567
:10A95000034B222201F002FC1A504FF0FF30A9E70E
:10A960000C000000242AF0B505460E4601D8012A45
:10A970000AD13E4B162201F0F1FB1A5006B13560A8
:10A9800000200146F0BD2046044614F8011B202992
:10A99000F9D0A1F109070B46042FF4D92B2939D09E
:10A9A0002D293AD14FF0010C841C4378302B3BD138
:10A9B000217841F02001782932D132F010012FD1D5
:10A9C000637825461022023400200146392B82BFCD
:10A9D00003F1FF3343F02003263B303B9A4232D948
:10A9E000002729BBA0FB02E517F0010770462946A6
:10A9F00008D11EEB030E55F10005704628BF012754
:10AA000029460FB14CF0020C2746254617F8013BAA
:10AA10003C46DBE74FF0000CC6E74FF0000CC5E703
:10AA2000002A08BF0822CFE7002A08BF0A22CBE786
:10AA3000A2FB0151A0FB02E02D1841F10001002909
:10AA400018BF0127D0E706B135601CF0010F02D016
:10AA5000404261EB41011CF0020F93D0034B2222D4
:10AA600001F07CFB1A504FF0FF308AE70C00000029
:10AA70002DE9F04101260746B24201DCBDE8F08134
:10AA80003B461F4613F8014B002CF7D0252CF8D17C
:10AA90001C780237252CF3D00023DFF804819C4674
:10AAA0001D461F2D18D8A4F1200EBEF1100F09D994
:10AAB000A4F1300EBEF1090F1ED80A24202504FB94
:10AAC00003E304E028FA0EFE1EF0010F06D017F88B
:10AAD000014B002CE5D128E07F2D1CD8A4F1300ECD
:10AAE000BEF1090FE9D9242C10D1BCF1000F46D0DA
:10AAF000B34246D00023EAE724F0040EBEF12A0F49
:10AB0000F8D06C2C09D145F08005E0E724F0040E64
:10AB1000BEF12A0FEED06C2C22D06C2C1BD8682CE6
:10AB200023D06A2C28D04C2C26D0BCF1000FA5D005
:10AB3000B445A1D144F020070B68A7F1650CBCF126
:10AB4000020F01D9612F1ED1073323F00703083309
:10AB500001360B608FE7742CB9D07A2CB7D0E4E7BC
:10AB60002C0648BF45F40075CDE7EC0548BF45F419
:10AB7000007545F48075AAE745F42075A7E79C4663
:10AB8000B8E76324D6E7692C02D007D8632C03D03A
:10AB90002F0601D5AC05D7D40433D9E7732CF6E7DB
:10ABA000892801002DE9F04F436895B08046039352
:10ABB00083789807CDE9081216D50B4600250D922B
:10ABC0001F789FB1252F15D0013307934146384692
:10ABD000039B01359847002880F22C8498F80230B6
:10ABE00043F0040388F802304FF0FF35284615B0D3
:10ABF000BDE8F08F5F789A1C252F0792E6D00024DD
:10AC00002646A246A346BBF11F0F32D8A7F1200368
:10AC1000102B0AD8DFE803F02409092A0909091BC7
:10AC200009090922092709091900A7F13003092B8D
:10AC30002DD92A2F39D154B90D9B1BF0400F53F851
:10AC4000042B0D9329D0164601E04BF0010B079B16
:10AC500013F8017B0793002FD5D15BE04BF0020B7B
:10AC60004BF0040BF3E74BF0080BF0E74BF0100B45
:10AC7000EDE7BBF17F0F3FD8A7F13003092BD8D800
:10AC80001BF0400F03D00A2202FB0636DFE70A2240
:10AC900002FB0A3A4BF0200BD9E7B2F1000AF9DACD
:10ACA000CAF1000A4BF0280BD1E72E2F05D11BF07B
:10ACB000400F9BD14BF0400BC9E7242F1CD1002C37
:10ACC00000F03F81099B1BF0400F0D930AD15246C3
:10ACD0000DA90898FFF7CCFE0D9B1A1DD3F800A014
:10ACE0000D92B4E732460DA90898FFF7C1FE0D9BFF
:10ACF0001A1D1E680D92AAE76C2F00F00F8100F25A
:10AD00000681682F00F012816A2F00F017814C2F06
:10AD100000F0148134B1099B22460DA908980D93C7
:10AD2000FFF7A6FE002E47F02009B8BF2BF0400B1E
:10AD3000A9F16503BCBF00261FFA8BFB022B40F272
:10AD40000581B9F1610F40F05B82FF431BF0400FBA
:10AD50004BF4C05407F0200308BF4FF0FF360693B2
:10AD60000D9B073323F0070303F10802D3E9000129
:10AD7000069B0D920EAA0093334601F050F9013064
:10AD8000C3B2B342049301DB049B5E1E01230E9FFA
:10AD9000A3464FF07009059307F10903122B0DD953
:10ADA00007F16303C62B40F20C8107F2E73340F250
:10ADB000CE72934294BF0323042305939DF83C2055
:10ADC00002F00C0312F0010240F016811BF0020F9A
:10ADD00040F00F811BF0040400F0F580002B40F0E0
:10ADE0000E8120231BF4405F20D1049A002E02F133
:10ADF000500208BF01266A44133A049921B112F89F
:10AE0000011D302900F030811BF0100F049A18BF8B
:10AE10003246391DC0F22D81B74280F22A81BA42F2
:10AE20004BF4005B40F327817E1C961B1BF4005201
:10AE30000A9200F0228127EAE774013403B1013459
:10AE4000002E00F02281721C1444A245CCBFAAEB54
:10AE5000040400241BF0090F04D12C44A54240F047
:10AE6000198100243BB118464146039B01359847A0
:10AE70000028FFF6B3AE1BF4006F12D0414630201D
:10AE8000039B98470028FFF6A9AE069B4146023572
:10AE9000C3F17800039B00F0F80098470028FFF604
:10AEA0009DAE1BF0080F05D12C44AC4240F0FE8053
:10AEB000254600240A9B002B00F0178127EAE77A39
:10AEC0007642A7EB0A07049B0AF1FF3A05F1010954
:10AED0004146BB4289BF0EAB3020FB18587956451E
:10AEE000039B00F3EC809847002807F10107FFF669
:10AEF00075AEBAF1FF3F08D141462E20039B98471B
:10AF00000028FFF66BAE05F102094D46DBE7742F12
:10AF10003FF49DAE7A2F3FF49AAEFBE61BF0800F14
:10AF200018BF4BF4007B4BF0800B90E61BF4807F46
:10AF300018BF4BF4007B4BF4807B88E64BF4207BFE
:10AF400085E626465446B346B24680E6FF431BF0EC
:10AF5000400F07F0200308BF0626B9F1650F0693DE
:10AF60000D9B03F1070323F0070303F10802D3E964
:10AF700000010D9213D1731C00224BF4805BDBB2F5
:10AF80001446112BCDE9002428BF11230EAA00F08E
:10AF9000F1FA0E9FC3B2049302230593FCE6B9F1C4
:10AFA000660F05D14BF4005B344601221123E8E71C
:10AFB000F3B200224FF06509012B144638BF01237C
:10AFC000DFE70223F9E6002B3FF40CAFBAF1030FE1
:10AFD00039DC9DF83C30A14E13F0080FA04B08BFA0
:10AFE0001E463746B94617F8010BA0BBAE1BB1444D
:10AFF00078E023BB2B23F5E61BBB2D23F2E62022B2
:10B00000BAF1040F12DD1BF0080FAAF104040ED1EF
:10B010002C4441462020039B013504929847002888
:10B02000FFF6DCADA542049AF3D192B1002441466B
:10B030001046039B013598470028CADACEE52B223B
:10B04000DEE72D22DCE71BF0080FAAF10304C0D1D4
:10B05000DEE71446BDE7069B4146C01A039BC0B21B
:10B0600098470028BEDAB9E504990139C9B20491BC
:10B07000C3E6561EDAE60026D8E61BF4006F059AF2
:10B080000CBF032405241444D8E61BF0100F18BF8E
:10B090000134DAE60B934146039B202098470028B1
:10B0A00005F101050B9BBFF6D9AE97E5414630206F
:10B0B000039B013598470028BFF6F7AE8EE5984709
:10B0C0000028FFF68BAD1BF0100F0BD0BAF1FF3F3D
:10B0D00008D105F1020941462E20039B984700281C
:10B0E000FFF67CAD4D464C442BE241469DF83D00B9
:10B0F000039B98470028FFF671AD002E65DD4146A1
:10B100002E20039B98470028FFF668AD4FF0010AF8
:10B11000049B4146D3469A45B7BF0EAB30205344FB
:10B120005879039B98470028FFF658AD0AF1010AA9
:10B130005645EDDA02355D44069B4146A9EB030016
:10B14000039BC0B298470028FFF648AD002F414648
:10B15000039BB6BF2D202B207F4298470028FFF687
:10B160003DAD059B042B3DD14FF47A794146039BBD
:10B170000335B7FBF9F606F13000C0B29847002856
:10B18000FFF62CAD09FB16774FF064094146039B8F
:10B190000135B7FBF9F606F13000C0B29847002838
:10B1A000FFF61CAD09FB16774FF00A094146039BD9
:10B1B0000135B7FBF9F606F13000C0B29847002818
:10B1C000FFF60CAD09FB167713E01BF0100F01D151
:10B1D0000135B1E741462E20039B023598470028F0
:10B1E000AADAFBE4059B0235032BCDD0059B012B8E
:10B1F000DAD107F1300005F101094146C0B26CE730
:10B20000A7F16303122B00F2FE80DFE813F01300B6
:10B210005600FC00FC00FC00FC005600FC00FC009A
:10B22000FC00FC00FC001601F700FC00FC002B00F9
:10B23000FC00B8000D9B01240EAF1A1D1B680D9277
:10B240008DF838301BF0080F2DD03E19B946B145A6
:10B250002BD1EF1BB944AAEB040443E70D650700AB
:10B26000096507000D9B1A1D0D921F68AB4B002F3F
:10B2700008BF1F461BF0400F384614BF31464FF041
:10B28000FF3100F079FD0446DCE741462020039BB6
:10B2900098470028FFF6A2AC013EB442F5D35544CE
:10B2A000B246AD1BD1E75646F7E7414619F8010B08
:10B2B000039B98470028CADA90E41BF0800F0D9B8F
:10B2C00035D01BF4007F2DD0073323F0070303F1A3
:10B2D0000802D3E900010D922BF0100900291FFA92
:10B2E00089F936DA404249F4806961EB41010DF198
:10B2F000380B0A235A4600F077FD19F0400FA0EBF7
:10B300000B0B65D029F001025E4592B240F3B2808A
:10B31000002F00F0A98019F010033446914626D082
:10B3200002345CE01A1D18680D92C117D4E71A1D8B
:10B330001BF4807F19680D9201D10846F5E71BF4D4
:10B34000007F19BF48B241F3C01108B241F3C031C8
:10B35000C2E750EA0103CAD11BF0400FC7D0002E4C
:10B36000C5D12BF0110B34461FFA8BF9B34640F2CE
:10B37000064319EA03031CBF013400232FE02BF01E
:10B38000100B0A231FFA8BFB1BF080040D9A57D079
:10B390001BF4007115BF0732101D22F007020D903B
:10B3A0000FBF106802F108010D91D2E9000150EAC7
:10B3B000010252D12BF016091BF0400F1FFA89F938
:10B3C0004FD0002E4DD12BF0170B1FFA8BF9B3463F
:10B3D00019F0100352D0002F4ED10BF1010419F0D7
:10B3E000080F5ED119F0010F06D0A2456EDDAAEB61
:10B3F000040404EB0B06544622464DE04BF0100BC0
:10B4000010237827C0E7B9F1780F04D1C7F178038A
:10B4100043F01003B8E741462520039B98470028D6
:10B42000FFF6DCAB41463846039B98470028FFF601
:10B43000D5AB0235079BFFF7C3BB08230027A3E763
:10B44000111D10680D911BF48071B0D01BF40071B8
:10B450001ABFC0B2214680B2A9E72BF0060B1FFA33
:10B460008BF90DF1380B45E729F0110934461FFA25
:10B4700089F97CE79146ABE75C4651E75C4676E7A5
:10B48000CDE9042341462020039B98470028FFF67E
:10B49000A5AB049A059B01329245F1DC2C1BA51843
:10B4A0001446F3B141463020039B98470028FFF62D
:10B4B00095AB6FB90135A9462E44A6EB09035B4550
:10B4C00021DC5D460EAE5DBBD944C4E65E4693E723
:10B4D000023541463846039B98470028EBDAFFF7D0
:10B4E0007DBB40F2064319EA030FE4D019F0020FC6
:10B4F00005F10105414614BF2B20202019F4806F6F
:10B5000018BF2D20E7E741463020039B09F10109D0
:10B5100098470028D1DAFFF761BB00BF116507002B
:10B52000013D4146039B705D98470028CBDAFFF749
:10B5300055BB41462020039B013598470028FFF664
:10B540004DAB631B002BF4DC74E700BF1FB502ABEF
:10B55000074A00934FF0CC3300F027FDDDE90201EC
:10B56000C00840EA4170C90805B05DF804FB00BF9F
:10B57000CDCCCCCC2DE9F04F9BB0044605920A46C9
:10B580000A93C2F30A559DF89030D20F0B93C1F382
:10B5900013030992090D7DB950EA03021CD1059AE3
:10B5A000302301265371099B156043F00203137188
:10B5B00030461BB0BDE8F08F40F2FF7295424BD190
:10B5C0000343099B059A4FF0000614BF43F008039C
:10B5D00043F004031371EBE700F001024FEA830824
:10B5E00087009A460892012248EA9078AA4D1646AA
:10B5F000C5F1000B0692584600F016FAB5F1FF3F70
:10B60000ACBF8146A0F10109ABEB090B09EB0503C7
:10B610005846049300F00EFA16A9A0F17D0558468D
:10B6200000F028FA12AB069AA9EB0505019310ABBE
:10B6300020460292009316AA2B46514600F0FBFBCF
:10B64000B9F1010F04460D4600F2D280089B002B91
:10B6500040F0C58001276BE043F4801A00F001023E
:10B660000343A5F235454FEA8A0808924FEA80075E
:10B6700048EA907849D140F2FE7319420CBF012686
:10B680000026002D3246B3DB284600F0C7F9032D13
:10B69000C8BF0138049000F0CDF9049B7C3016A996
:10B6A0005D1B0544184600F057FA12AB204616AA57
:10B6B000019310AB5146029600932B4600F0BBFB62
:10B6C000049B04460D46152B00F2868014AB734A8A
:10B6D0003846414600934FF0CC3300F066FC149B93
:10B6E000159A9B0843EA827303EB8303BB42DDE9AF
:10B6F000109A0CD13846414600F0A4F9049B8342CD
:10B700008CBF00270127002612E00126B9E7089B1D
:10B71000002B51D1013F48F1FF31B81B61F100010D
:10B7200000F090F9049B089F83428CBF00260126FD
:10B730000B9B002B40F09180DDF828B04FF0000803
:10B740004FF00A0ACDE90688DDE91001FFF7FEFE99
:10B75000129BCDE90C01184613990E93FFF7F6FEE4
:10B760000C9B81460D9A98420B460F91934180F0B5
:10B770008E8020462946FFF7E9FE0AFB09F30E9A60
:10B78000B8F1000F14BF002707F001070AFB1048AB
:10B790000D46934214BF002606F001060C9B5FFA8B
:10B7A00088F8044610930D9BCDE911390F9B139334
:10B7B000079B01330793C7E7B81C48F1000100F06D
:10B7C00041F9049B83428CBF00200120B9EB0000AB
:10B7D0006AF10002CDE9100200273E46A8E7109B5F
:10B7E0000127119A013B42F1FF32CDE910328AE77D
:10B7F000B9F13E0FF0D84FF0FF33A9F12000C9F1A5
:10B80000200103FA09F203FA00F023FA01F103FA26
:10B8100009F3024327EA03070A4328EA020857EA22
:10B8200008070CBF012700276DE700FB02FC01336E
:10B83000A1FB001262448C4275EB020CF5D2049A13
:10B84000DDF828B01344259A1344D20F9342B8BFB1
:10B8500013469B45A8BF9B4670E70A21002201239F
:10B860000846E8E70AFB03F00131A2FB0A23034480
:10B87000944275EB0300F5D2594511DDBBF1000F81
:10B8800002D154EA05030BD00123069371E70A2283
:10B8900000230121ECE700BFCCFBFFFFCDCCCCCCDB
:10B8A000002E2FD04FF00A0A129B139918460D93C1
:10B8B000FFF74CFE0D9B0AFB00F281460C919A4269
:10B8C00020D1B8F1000F14BF002707F00107DDE910
:10B8D0001001FFF73BFE0E900D9120462946FFF721
:10B8E00035FE0D9B0AFB10480E9A04460D465FFA82
:10B8F00088F81092CDE911390C9B1393079B013303
:10B900000793D1E7DDF81090079B9944002F5DD095
:10B91000B8F1050F5AD114F001034DD1069A32B98E
:10B92000DDE912239D4208BF944262D0069B18199C
:10B930004FF00A044FF000024FF0010645F10001FC
:10B940002546A04271EB020756D2F3B1B3451CDA8B
:10B950000B9B6BB106EB0903259ADDF828B0134465
:10B96000012BB8BF01239B45A8BF9B465E450CDD5C
:10B97000053009F1010906F1FF364FF00A024FF0D8
:10B98000000341F10001D4F72FFC5E450FFA89F95D
:10B99000059BA8BF5E4636B2B14406F1050809F121
:10B9A000FF3798444FF00009B1452CDB059B1A4640
:10B9B0001F60099B1371FBE5069B2BB9DDE9122380
:10B9C0009D4208BF944209D00123B0E7069B53B9BA
:10B9D000DDE912239D4208BF944204D1089B002B4D
:10B9E000F2D1002EF0D0B8F1040F94BF0023012350
:10B9F0009DE74FF00408F1E705FB02F70136A4FBD1
:10BA000005423A449DE70A220023D4F7EDFB303289
:10BA100009F1010908F8012DC6E700BF014B5843A1
:10BA2000800C704741340100014B5843000D7047B2
:10BA3000FB2E0B00024B5843C00C0130704700BF77
:10BA40004F93120070B50346094A00204FF0CC36E0
:10BA50004FF0333506FB03F402FB0144A3FB023134
:10BA600021449D4275EB010401D30130F2E770BD22
:10BA7000CDCCCCCC1A232DE9F04FB0FBF3FA334EEA
:10BA800003FB1A0389B004460D4606EB0A1653B9A8
:10BA9000D6E90023C1E90023D6E90201C5E9020184
:10BAA00009B0BDE8F08F2A4A02EBC303D3E900894D
:10BAB00004AB404649460093D6E9022300F075FAEC
:10BAC00006AB83460F46404649460093D6E900231D
:10BAD00000F06BFA00238146DDE9066216EB0B06E7
:10BAE00052EB070828BF012333B1049B059A0133A9
:10BAF00042F10002CDE9043220460391FFF79AFF9C
:10BB000007461A2000FB0AF0FFF794FF3F1A32465F
:10BB1000434648460399009700F062FA0D4A4FEAFF
:10BB2000141C640004F01E0352F82C40DC4004F0A6
:10BB300003042418304641F10001DDE90423C5E97E
:10BB400000414146009700F04BFAA7E758CC0600A9
:10BB500088CB0600606307002DE9F04F1A2700F13B
:10BB60001905DFF8E0A089B004460E46B5FBF7F5ED
:10BB70006F434FEA051B0AEB05153A1A0AD1D5E9BE
:10BB80000023C1E90023D5E90201C6E9020109B099
:10BB9000BDE8F08F2C4B03EBC203D3E9008904AB63
:10BBA000404649460093D5E9022300F0FEF95AF8D1
:10BBB0000B206B68013ACDE9020106A963F100038D
:10BBC00040460091494600F0F0F98A460299002368
:10BBD0008146DDE906526D18039952EB010828BF32
:10BBE000012333B1049B059A013342F10002CDE9F0
:10BBF00004323846FFF71EFF07462046FFF71AFFBC
:10BC00003F1A2A46434648465146009700F0E8F955
:10BC10000E4A4FEA141C640004F01E0352F82C4034
:10BC2000DC4004F0030401342418284641F10001EB
:10BC3000DDE90423C6E900414146009700F0D0F950
:10BC4000A3E700BF28CD060088CB0600B463070039
:10BC5000C9B20346024410B59342184601D10020F0
:10BC600003E0047801338C42F6D110BD0A44431E30
:10BC7000914200D1704710B511F8014B914203F881
:10BC8000014FF9D110BD884210B501EB020402D971
:10BC90008442234607D8431EA14208D011F8012B45
:10BCA00003F8012FF8E7024401468A4200D110BD93
:10BCB00013F8014D02F8014DF7E7024403469342A1
:10BCC00000D1704703F8011BF9E70139024410B5B0
:10BCD000904201D1002005E0037811F8014FA34202
:10BCE00001D0181B10BD0130F2E710B5044614F85E
:10BCF000013BA3F14102192A11F8012BA2F14100E5
:10BD000098BF2033192803D82032981AEFD010BDDD
:10BD1000981AFCD1002AEAD1F9E7C9B203461846BD
:10BD200013F8012B12B18A42F9D17047002918BFCC
:10BD30000020704710B56AB10139841810F8012B42
:10BD400011F8013F9A4203D1A04201D0002AF5D157
:10BD5000D01A10BD1046FCE710B50139044632B1C7
:10BD600011F8013F013A00F8013B002BF7D1002107
:10BD7000FFF7A3FF204610BD0246014410B58A42DA
:10BD8000134603D01C780132002CF8D1181A10BDCC
:10BD900038B511F0FF0403460ED12146BDE8384006
:10BDA000FFF7BBBF431C054621461846FFF7B5FF0A
:10BDB0000028F7D1284638BD0025F5E70A7870B588
:10BDC0006AB970BD9A4209D10C46054614F8013F84
:10BDD000002BF6D015F8016F9E42F7D001300378A2
:10BDE000002BEFD11846ECE72DE9F047C3F13709F6
:10BDF0000746884603F01F055FFA89F916464FF09B
:10BE0000000A384641462A465346D4F7EDF94346E0
:10BE1000D4B23A4688460746092C84BF4C44E4B263
:10BE2000AA4204F1300473EB0A0306F8014BE8D28E
:10BE30003046BDE8F0872DE9F04F061887B09946E7
:10BE4000154641EB010402AB3046DDF844B0214613
:10BE50000093A9F1410AD2E9002300F0A6F804AB4F
:10BE600007468846304621460093D5E9022300F074
:10BE70009CF80022DDE90263841951EB0306049B60
:10BE800028BF0122D5E90001D218059B43F1000328
:10BE9000381848EB0101B84271EB0801D5E902C13D
:10BEA00034BF0120002014EB0C0CCDF800A046EBB1
:10BEB000010110EB0C0041F10001A04271EB060CF6
:10BEC00034BF4FF0010C4FF0000CCDE904231CEB04
:10BED000020243F1000300F083F8109BC3E9000164
:10BEE000129B012BDDE9042329D1D5E90201D5E913
:10BEF00000C5201ACDF800A066EB0101674578EB7C
:10BF0000050534BF01250025401B61F10001844275
:10BF100076EB010534BF01250025521B63F10003B8
:10BF200000F05EF8DDE90423CBE90001204631464C
:10BF3000CDF800A000F054F807B0BDE8F08F17EB83
:10BF4000070E48EB080C201946EB0601BE457CEBBA
:10BF5000080834BF01270027C71941F10008D5E9B7
:10BF6000000186457CEB010C34BF01200020D5E99F
:10BF70000215381A68F1000C401A6CEB0501921892
:10BF80005B41A74278EB060534BF01250025521915
:10BF900043F10003874278EB010834BF01250025F7
:10BFA000521BA9F140050095B8E7F0B50F460446CD
:10BFB000A0FB0201059EA7FB02524919A3FB044501
:10BFC000A7FB037342F10002611845F10004D21986
:10BFD00043F10003121943F10003C6E90023F0BD49
:10BFE000F0B5059CC4F14007C4F12006A4F120057A
:10BFF000E04002FA06F6BB4022FA05F5BA403343A8
:10C00000C4F120062B4301FA06F6A4F120053043C3
:10C0100021FA05F5E140284319431043F0BD2DE90D
:10C02000F0410446CD0FC1F30A50C1F3130140F2B1
:10C03000FF76157154EA010707D0B0420CD145F0E4
:10C04000080500201571BDE8F081002864D0B042D9
:10C050005FD145F00405F4E700285AD10120A0F291
:10C06000FF30002B10605ADB0C2B5ADCC3F10D059E
:10C070000120AD0005F1FF3CA5F12107C5F1210626
:10C0800000FA07F720FA06F600FA0CF03743061814
:10C0900047EB0708D6F1000E68EB480C013E48F16B
:10C0A000FF38264008EA0108B04277EB080810DBA9
:10C0B000C5F12008B5F1200624FA05F501FA08F8C3
:10C0C00058BF41FA06F645EA080558BF3543ED0763
:10C0D00003D52018044641EB070104EA0E0401EAE7
:10C0E0000C019DF81860123218460D25C6F127067E
:10C0F0004FF0300E04F00F03240905F1FF3C571EEA
:10C1000044EA01740911B3B9A8420CDA65463A460B
:10C11000F0E741F48011A2E704460146A1E70023BD
:10C12000DFE70D23DDE782F800E01CF1010365463F
:10C130003A46DFD187E7092BC8BF9B19A84203F114
:10C140003003B8BF28461370EFE7D1E904329342B9
:10C150001EBF5A1C0A611870704700000148006831
:08C16000704700006089012016
:08C16800B440FD7F010000005E
:10C17000F5CA040000000000BDCA04000000000071
:10C18000053C0600000000000000000030C2060070
:10C19000B9600600000000008D610600000000008C
:10C1A0000000000050C206000000000070C206003F
:10C1B0000000000090C206000D1306000000000001
:10C1C0004538060000000000354B04000000000068
:10C1D000C1BA040000000000AD40060000000000ED
:10C1E000E1A506000000000000000000B0C206004B
:10C1F000E53B06000000000000000000D0C2060081
:10C2000000000000F0C20600416D040000000000C4
:10C210001150050000000000FDA704000000000010
:10C22000D5FE050000000000A5FE0500000000008E
:10C230009C530700DC5307004CC50600E46B01204B
:10C24000F0900120010F060000000000D05307000D
:10C25000EC5607000C57070020C50600EC6B0120C8
:10C2600068910120AD200600000000000057070083
:10C27000F45307000000000018C50600E66B01201B
:10C2800000000000491306000000000004540700ED
:10C29000485707007857070068C50600EE6B012075
:10C2A000006B0120CD280600000000006C5707003D
:10C2B0008C590700CC59070044C50600F06B0120DB
:10C2C000246B0120D92E060000000000BC59070095
:10C2D000C4550700EC55070028560700EA6B0120FB
:10C2E00000600120811B060000000000E0550700EF
:10C2F000D0550700EC550700ACC50600E86B0120DF
:10C3000000600120000000000000000000000000AC
:10C310000000000045B304000000000045B3040025
:10C320000000000045B304000000000045B3040015
:10C330000000000045B304007544060041420600B9
:10C340000000000045B304000000000045B30400F5
:10C3500090C20600452806000000000045B3040016
:10C360000000000045B30400246B0120795606004C
:10C370000000000045B304000000000045B30400C5
:10C380000000000045B304000000000045B30400B5
:10C390000000000045B304000000000045B30400A5
:10C3A0000000000045B304000000000045B3040095
:10C3B0000000000045B30400000000001D39060025
:10C3C0000000000045B304000000000045B3040075
:10C3D0000000000045B304000000000045B3040065
:10C3E0000000000045B304000000000045B3040055
:10C3F0000000000045B304000000000045B3040045
:10C400000000000045B304000000000045B3040034
:10C410000000000045B304000000000045B3040024
:10C420000000000045B304000000000045B3040014
:10C430000000000045B304000000000045B3040004
:10C440000000000045B304000000000045B30400F4
:10C450000000000045B304000000000045B30400E4
:10C460000000000045B304000000000045B30400D4
:10C470000000000045B304000000000045B30400C4
:10C480000000000045B304000000000045B30400B4
:10C490000000000045B30400806A0120ED1F060083
:10C4A0000000000045B304000000000045B3040094
:10C4B0000000000045B304000000000045B3040084
:10C4C0000000000045B304000000000045B3040074
:10C4D0000000000045B304000000000045B3040064
:10C4E0000000000045B304000000000045B3040054
:10C4F0000000000045B304000000000045B3040044
:10C500000000000045B304000000000045B3040033
:08C510000000000045B3040027
:08C518003513060000000000CD
:10C52000112206008D1F06009D1F0600B91F060080
:10C53000C51F0600D11F0600ED200600F11F0600F2
:04C5400000000000F7
:08C54400DD3006005D2E06004B
:10C54C00C50D0600FD1006002510060000000000B9
:0CC55C005D0E0600000000000000000062
:10C5680079260600612A060069260600A927060022
:10C57800A5260600D52606000D2706002127060059
:10C5880051270600652706002127060041270600D7
:10C5980079270600892706000D2A06009927060034
:04C5A8009D270600C5
:10C5AC006513060000000000000000000000000001
:10C5BC00000000000000000000000000000000006F
:08C5CC00000000000000000067
:10C5D400944F070028700120D94D0500060800007B
:10C5E400E01A070028700120053B05000008000040
:10C5F4002D00000001000000E55A06002D5A060037
:10C604000000000000000000D9D1040029D4040077
:10C6140048DC060002000000C053070002000000CE
:10C62400B0D2060003000000B85507000200000065
:10C6340040DB06000300000070DE0600020000007C
:10C6440014DF06000200000018E1060002000000EA
:10C65400A4CE060003000000000107000200000051
:10C66400CCD2060003000000100207000200000004
:10C674004402070002000000FC040700040000005C
:10C68400046007000200000040EE06000200000003
:10C694005CEE0600020000005402070002000000E5
:10C6A400AC59070002000000805E07000300000090
:10C6B4008CDD0600020000005C5707000200000049
:10C6C4003CE10600486A012004E106000100000084
:10C6D40094F206003889012068EE0600000000008C
:10C6E40054EE0600686A012030860120586A012051
:10C6F400020000007CEE06002C86012090EE06006D
:10C70400786C01205CEE0600C0760120B0AE0120FA
:10C7140010F9060078EA060028E9060098ED0600FC
:10C7240004F20600E8F8060070E106002C05070094
:10C7340024F90600D4F80600C0F80600FCF8060048
:04C74400A0D7060074
:10C7480000000000000000000000000000000000E1
:10C75800000000009CE10600A4E1060000000000C3
:10C768004D5F040000000000A8E30600B4E30600E3
:10C7780000000000DD5F040003000000D4E30600B1
:10C78800DCE3060014E406006D600400000000000D
:10C79800D4E106003C36070000000000695F040091
:10C7A8000200000054E406005CE406007CCA0600AF
:10C7B800000000000000000064E206006CE20600D1
:10C7C800000000002105040001010000C8E2060085
:10C7D800D0E2060000000000C55F04000000000071
:10C7E8000000000000000000000000000000000041
:10C7F80000000000940507009C05070000000000E9
:10C808002DEE040001000000380607003C06070072
:10C818009006070039EF040001000000E806070051
:10C82800F00607002409070079EF04000100000062
:10C83800C8280700CC280700902B0700000000003C
:10C84800010000004C0B0700540B0700000000001B
:10C8580055F0040001000000CC0B0700D40B0700C2
:10C86800140F07000000000001000000041007007A
:10C878000C1007003C110700000000000100000038
:10C88800581207005C120700AC13070025F60400D5
:10C8980001020000741407007C140700E814070064
:10C8A80079F60400010100009C390700A43907004B
:10C8B8000000000095240500010000004015070055
:10C8C80048150700B4150700DDF604000101000053
:10C8D80008160700101607000000000009F70400FA
:10C8E80001000000D01B0700D81B0700501F0700DD
:10C8F80011F80400010100003C3007004430070033
:10C9080088310700B1150500010000005C320700FE
:10C918006432070058340700FD1A050001000000C2
:10C92800603507006435070000000000B91B0500EA
:10C9380001000000B0350700B435070008360700CD
:10C94800BD1C0500010000006C61070030370700BE
:10C95800E83707008D1E0500020C0000E0380700CC
:10C96800E43807003C3907004522050002000000B2
:10C97800043A07000C3A0700543A0700C12405009E
:10C9880001000000C03A0700C43A0700443B070012
:10C998001925050001000000144D07008C4D070003
:10C9A800E44E0700D13805000100000034E7060016
:10C9B800BC3B0700000000007125050001000000D5
:10C9C800E03B0700903C0700443D07008D2505002B
:10C9D80001000000E83D0700F03D070000000000EE
:10C9E8003126050001000000E8F60600D0400700E7
:10C9F800DC420700752D050001040000CCE60600A6
:10CA08001C43070000000000C92D050002000000BB
:10CA1800A8D206001845070014460700E52D0500B2
:10CA280001000000B8480700BC4807008849070013
:10CA38009532050001000000104A0700184A070057
:10CA48005C4B07009D37050001010000C84B07003B
:10CA5800D04B0700744C0700213805000100000086
:10CA6800D84C0700E44C070000000000A53805007A
:10CA780001000000000000000000000000000000AD
:10CA880000000000000000009CE70600A4E7060084
:10CA980000000000A56304000200000054E5060041
:10CAA8005CE5060000000000AD6004000000000026
:10CAB80034E706003CE70600000000002963040094
:10CAC800020000004CE6060054E6060000000000E4
:10CAD800C561040000000000CCE60600D4E60600AC
:10CAE80000000000AD620400020000000000000029
:10CAF800000000000000000000000000000000002E
:10CB0800216404004164040035F70400B92C0500D1
:10CB2000FFFFFFFFFFFFFF7FFFC99A3B00000000F0
:10CB30001B5B4A00000000001B5B48000000000077
:10CB40001B5B324A000000001B5B4A000000000033
:10CB50001B5B6D00000000001B3700001B3800004D
:10CB60001B5B3F336C0000001B3700001B380000CC
:10CB70001B5B4800000000001B5B324A0000000005
:10CB80000338FDD8704700000100000000000000DD
:10CB90000500000000000000190000000000000077
:10CBA0007D00000000000000710200000000000095
:10CBB000350C000000000000093D000000000000EE
:10CBC0002D31010000000000E1F50500000000002B
:10CBD00065CD1D0000000000F90295000000000076
:10CBE000DD0EE90200000000514A8D0E0000000039
:10CBF0009573C24800000000E941CC6B01000000C1
:10CC00008D49FD1A07000000C16FF2862300000065
:10CC1000C52EBCA2B1000000D9E9AC2D78030000FC
:10CC20003D9160E45811000031D6E275BC56000019
:10CC3000F52E6E4DAEB10100C9EA26836778080073
:10CC4000ED95C28F055A2A00A1EDCCCE1BC2D300B0
:10CC500025A4000A8BCA2204000000000000000086
:10CC600000000000000000100000000000000000B4
:10CC7000B9340332B7F4AD1410DB1AB30892540E72
:10CC80000D307D951447BA1A66088F4D26ADC66DD6
:10CC9000F598BF85E2B74511CA96853D92BD1DEB5B
:10CCA000FCA11860DCEF52163C92AE220BB8C1B466
:10CCB000839D2D5B0562DA1C304C7E8F4E8BB25B00
:10CCC00016F4529F8B56A512FBD4827643ED8AF060
:10CCD0008FE7F9311565191850F19BD94A13EEB455
:10CCE000284CF0A686C1251F035FC270CB9E491653
:10CCF000E642889C44EB2014B0650836AD6EA585ED
:10CD000085F0CA14E2FD031A0B899979D5B13D0962
:10CD1000D8DA973A35EBCF10AC363F5E73BB38CFDD
:10CD20003E6752FA44AFBA1501000000000000004F
:10CD30000000000000000020345065C05FC9A6520A
:10CD4000BB13CBAEC440C21806C8DF7100D5A87CA7
:10CD5000F56F0FDA58FC27136E4756357D24206592
:10CD600002C7E768E48CA41DE9E60268D7CD396103
:10CD70007977FCC2405BEF16798CDE43FFA751F94F
:10CD800091F3B278F5BDBE11E857E9D6E8BEE87B6D
:10CD9000B054AC8F848D751BEA23A499E9F9D38B29
:10CDA000B7A3714061DA3E15CEE33ECB73F9480874
:10CDB0008C97B427D51B7010A2BFEFB9EB85321545
:10CDC0004DB44DB49BBB6F1996B6076CF8E7EEAD4A
:10CDD00036D9B4F59135AE13222218AF4E6A684D9C
:10CDE00091DAAA3D4F40741E9FBD9EE006A1C098F7
:10CDF00057C2A7FDA40E90170E7D497173E3208FD3
:10CE0000B220D87605143B12853D7434811343B0AB
:10CE1000AD297A5F27F4351C535443507632207481
:10CE200072616E73706F72742062656E63686D619B
:10CE3000726B207374617274696E67004574686503
:10CE4000726E6574207472616E73706F727420629A
:10CE500075696C643B204C544520696E6974696146
:10CE60006C697A6174696F6E20736B697070656448
:10CE70000000000042656E63686D61726B2073682C
:10CE8000656C6C2072656164793B20747970653AD9
:10CE9000207374637020636F6E6669672073686FB8
:10CEA000770000006D61696E00000000257320703E
:10CEB000726F67726573733D2575252520747261E5
:10CEC0006E736665727265643D25752F25752062E7
:10CED000797465732072656D61696E696E673D2551
:10CEE0007520726174653D256C6C75206269742FC4
:10CEF000730000004641494C45440000252D313067
:10CF000073207374617475733D257328256429201B
:10CF1000656C61707365643D256C6C64206D732075
:10CF200054583D256C6C75206269742F73205258DB
:10CF30003D256C6C75206269742F73206167677280
:10CF400065676174653D256C6C75206269742F732B
:10CF500000000000257320492F4F20737461747303
:10CF60002063616C6C733D2575206D61785F72651F
:10CF700063763D2575000000257320492F4F2073EF
:10CF8000746174732063616C6C733D2575207061EE
:10CF9000727469616C3D2575206D61785F73656E93
:10CFA000643D25750000000046554C4C2054580047
:10CFB00046554C4C206275666665727320616C6CD8
:10CFC0006F636174696F6E206661696C65643A2095
:10CFD00054583D25752052583D2575206279746559
:10CFE0007300000046554C4C2052580046554C4C9E
:10CFF0002075706C6F61643D257520646F776E6C71
:10D000006F61643D257520656C61707365643D25B5
:10D010006C6C64206D73000046554C4C2054583D98
:10D02000256C6C75206269742F732052583D256CF5
:10D030006C75206269742F73206167677265676120
:10D0400074653D256C6C75206269742F7300000057
:10D05000444F574E4C4F41442062756666657220BE
:10D06000616C6C6F636174696F6E206661696C6579
:10D07000643A20257520627974657300444F574ED9
:10D080004C4F414420525800444F574E4C4F41445E
:10D090002062797465733D257520656C61707365D8
:10D0A000643D256C6C64206D73207468726F7567C5
:10D0B000687075743D256C6C75206269742F7300FF
:10D0C00055504C4F41442062756666657220616C14
:10D0D0006C6F636174696F6E206661696C65643A38
:10D0E00020257520627974657300000055504C4FFF
:10D0F000414420545800000055504C4F4144206298
:10D10000797465733D257520656C61707365643D48
:10D11000256C6C64206D73207468726F756768701D
:10D1200075743D256C6C75206269742F7300000066
:10D1300075706C6F61640000646F776E6C6F616412
:10D140000000000066756C6C00000000756E6B6E70
:10D150006F776E003D3D3D3D3D3D3D3D3D3D3D3D9F
:10D160003D3D3D3D2042454E43484D41524B2053AD
:10D17000554D4D415259203D3D3D3D3D3D3D3D3D8F
:10D180003D3D3D3D3D3D3D005472616E73706F729B
:10D19000743D2573207365727665723D25733A255B
:10D1A00073206368756E6B3D257520746F74616CB8
:10D1B0003D25752062797465730000004E657477B3
:10D1C0006F726B206261636B656E643D4574686568
:10D1D000726E65742F6E6174697665205A65706829
:10D1E000797220737461636B0000000055504C4FDE
:10D1F00041440000444F574E4C4F41440000000052
:10D2000046554C4C000000003D3D3D3D3D3D3D3D03
:10D210003D3D3D3D3D3D3D3D3D3D3D3D3D3D3D3D3E
:10D220003D3D3D3D3D3D3D3D3D3D3D3D3D3D3D3D2E
:10D230003D3D3D3D3D3D3D3D3D3D3D006C6A612EEA
:10D2400066690000313930303000000042656E639D
:10D25000686D61726B207472616E73706F72743D71
:10D26000257320686F73743D257320706F72743D51
:10D27000257320746F74616C3D2575206368756E2D
:10D280006B3D25750000000050726F677265737307
:10D29000207265706F727420696E74657276616C4D
:10D2A0003D2575206D73000074637000746C73000D
:10D2B0006563686F5F62656E63686D61726B0000C5
:10D2C000A8D2060098D70600ACD206006D7174741F
:10D2D0005F70726F78790000496E76616C696420C6
:10D2E00076616C75652027257327202872616E672B
:10D2F000652025752E2E2575290A000025733A20F4
:10D3000025733A2F2F25733A25732C20746F74617F
:10D310006C3D25752C206368756E6B3D25750A0084
:10D32000535443505F524553554C54206469723DE9
:10D330002573207472616E73706F72743D25732053
:10D340007061796C6F61643D257520746F74616CD8
:10D350003D257520656C61707365645F6D733D2557
:10D360006C6C64206F7065726174696F6E733D25BB
:10D3700075207374617475733D2564206572726FD6
:10D3800072733D25752074783D25752072783D2592
:10D39000750A00002573206661696C65643A202572
:10D3A000640A0000257320636F6D706C657465649A
:10D3B000207375636365737366756C6C790A00001E
:10D3C000616C6C004368756E6B203D2025750A000A
:10D3D000546F74616C203D2025750A0054696D6599
:10D3E0006F7574203D202575206D730A00000000C4
:10D3F0005265706F727420696E74657276616C200C
:10D400003D202575206D730A00000000486F73747D
:10D4100020697320746F6F206C6F6E670A000000C4
:10D42000486F7374203D2025730A0000506F72749A
:10D43000203D2025730A00005472616E73706F7274
:10D4400074206D757374206265207463702C207471
:10D450006C73206F7220737463700A005472616E73
:10D4600073706F7274203D2025730A00486F7374C7
:10D470002020202020203A2025730A00506F72744B
:10D480002020202020203A2025730A005472616E4B
:10D4900073706F7274203A2025730A004368756EAA
:10D4A0006B20202020203A20257520627974657336
:10D4B0000A000000546F74616C20202020203A2064
:10D4C00025752062797465730A00000054696D65E2
:10D4D0006F75742020203A202575206D730A000096
:10D4E0005265706F7274202020203A202575206DBF
:10D4F000730A000053544350207472616E73706F4E
:10D50000727420746573742062656E636800000035
:10D5100052756E74696D652062656E63686D6172C7
:10D520006B20636F6E66696775726174696F6E00F8
:10D530005472616E73706F72742062656E63686D91
:10D5400061726B73000000006E657400457468655D
:10D55000726E65742073746174757320616E6420DB
:10D56000646961676E6F73746963730052756E20CE
:10D57000636F6E74696E756F75732075706C6F6113
:10D58000642062656E63686D61726B0052756E2017
:10D59000636F6E74696E756F757320646F776E6CF0
:10D5A0006F61642062656E63686D61726B0000007C
:10D5B00052756E2066756C6C2D6475706C65782084
:10D5C00062656E63686D61726B00000052756E205B
:10D5D00075706C6F61642C20646F776E6C6F616422
:10D5E00020616E642066756C6C2D6475706C657856
:10D5F00000000000737461747573000053686F77E6
:10D600002045746865726E657420696E7465726613
:10D610006163652C204D41432C20495076342061B4
:10D620006E642067617465776179000073686F7755
:10D630000000000053686F772072756E74696D6525
:10D640002062656E63686D61726B20636F6E6669E0
:10D650006775726174696F6E00000000686F7374A3
:10D660000000000053657420686F73743A2073746F
:10D67000637020636F6E66696720686F7374203C07
:10D680006E616D657C69703E00000000536574201A
:10D69000706F72743A207374637020636F6E666982
:10D6A0006720706F7274203C312E2E36353533353D
:10D6B0003E0000006368756E6B00000053657420C7
:10D6C0006368756E6B2062797465733A2073746356
:10D6D0007020636F6E666967206368756E6B203CAF
:10D6E000312E2E36353533363E000000746F7461AE
:10D6F0006C00000053657420746F74616C20627953
:10D700007465733A207374637020636F6E66696723
:10D7100020746F74616C203C62797465733E000004
:10D7200074696D656F75740053657420696E61630B
:10D730007469766974792074696D656F7574206D8C
:10D74000730000007265706F72740000536574207E
:10D7500070726F6772657373207265706F72742078
:10D76000696E74657276616C206D73202830206458
:10D77000697361626C657329000000007472616EE8
:10D7800073706F7274000000536574207463702CA2
:10D7900020746C73206F722073746370000000003B
:10D7A00098D70600F4D40600B4D7060000000000A5
:10D7B00000000000B8D70600D04D070010D50600C5
:10D7C0009CD80600000000000000000008D50600FC
:10D7D00030D5060008D80600000000000000000058
:10D7E00048D506004CD5060070D8060000000000A1
:10D7F0000000000000000000000000000000000029
:10D8000000000000000000000CD8060030D1060027
:10D810006CD5060000000000ED1D040000000000B3
:10D8200038D106008CD5060000000000DD1D040084
:10D830000000000044D10600B0D506000000000042
:10D84000CD1D040000000000C0D30600CCD50600AA
:10D8500000000000BD1D04000000000000000000EA
:10D8600000000000000000000000000000000000B8
:10D8700074D80600F4D50600FCD5060000000000B0
:10D880003D1C04000000000000000000000000003B
:10D89000000000000000000000000000A0D806000A
:10D8A0002CD6060034D6060000000000A520040097
:10D8B000000000005CD6060064D6060000000000F0
:10D8C000611F0400020000001C1F07008CD6060028
:10D8D00000000000BD1F040002000000B4D60600D6
:10D8E000BCD6060000000000FD1D04000200000080
:10D8F000ECD60600F4D6060000000000551E040019
:10D900000200000020D7060028D706000000000013
:10D91000AD1E04000200000044D706004CD70600EC
:10D9200000000000091F0400020000007CD7060070
:10D9300088D7060000000000252004000200000037
:10D9400000000000000000000000000000000000D7
:10D9500000000000756E617661696C61626C650043
:10D96000253032783A253032783A253032783A25E7
:10D970003032783A253032783A253032780000005B
:10D98000796573006E6F000075700000646F776ECC
:10D99000000000004E6F2064656661756C74206E37
:10D9A0006574776F726B20696E746572666163650A
:10D9B0000A0000003D3D3D2045544845524E455427
:10D9C00020535441545553203D3D3D0A0000000072
:10D9D000496E74657266616365203A2025640A00A9
:10D9E00041646D696E20757020203A2025730A000D
:10D9F000436172726965722020203A2025730A0003
:10DA00004D4143202020202020203A2025730A0069
:10DA1000756E61737369676E656400004950763492
:10DA20002020202020203A2025730A003235352E70
:10DA30003235352E3235352E300000004E65746D8E
:10DA400061736B2020203A2025730A003139322E71
:10DA50003136382E312E3131310000004761746586
:10DA60007761792020203A2025730A0044484350EA
:10DA70002020202020203A2064697361626C656454
:10DA80000A000000535049206C696D6974203A20E7
:10DA900038204D487A0A00003D3D3D3D3D3D3D3D2D
:10DAA0003D3D3D3D3D3D3D3D3D3D3D3D3D3D3D0AD9
:10DAB000000000004E6F2064656661756C7420453F
:10DAC000746865726E657420696E746572666163F0
:10DAD0006500000045746865726E65742069666152
:10DAE00063653D25642061646D696E3D2573206327
:10DAF0006172726965723D2573206D61633D2573A6
:10DB00000000000045746865726E657420495076A7
:10DB1000343D2573206E65746D61736B3D257320F4
:10DB2000676174657761793D257320444843503DB2
:10DB30006F6666205350493D384D487A000000001A
:10DB400065746865726E65745F7374617475730073
:10DB5000574553545F544F504449522F7A6570686B
:10DB600079722F6C69622F686561702F68656170CA
:10DB70002E630000574553545F544F504449522F71
:10DB80007A65706879722F6C69622F6F732F636288
:10DB90007072696E74665F7061636B616765642E35
:10DBA0006300000028756E7369676E6564292063E1
:10DBB000686172202A207573656420666F72202563
:10DBC000257020617267756D656E742E204974270B
:10DBD00073207265636F6D6D656E64656420746F2C
:10DBE000206361737420697420746F20766F696498
:10DBF000202A2062656361757365206974206D61F8
:10DC000079206361757365206D69736265686176FB
:10DC1000696F7220696E206365727461696E20633A
:10DC20006F6E66696775726174696F6E732E2053CB
:10DC30007472696E673A2225732220617267756D6E
:10DC4000656E743A2564000063627072696E746672
:10DC50005F7061636B616765000000005745535456
:10DC60005F544F504449522F7A65706879722F6C17
:10DC700069622F6F732F636C6F636B2E63000000FC
:10DC8000574553545F544F504449522F7A6570683A
:10DC900079722F696E636C7564652F7A6570687927
:10DCA000722F7370696E6C6F636B2E6800000000DA
:10DCB000574553545F544F504449522F7A6570680A
:10DCC00079722F696E636C7564652F7A65706879F7
:10DCD000722F7379732F74696D657574696C2E6812
:10DCE00000000000574553545F544F504449522F91
:10DCF0007A65706879722F696E636C7564652F7AC6
:10DD000065706879722F6B65726E656C2E680000A5
:10DD1000574553545F544F504449522F7A657068A9
:10DD200079722F6C69622F6F732F6D7073635F70E0
:10DD30006275662E630000004661696C656420743C
:10DD40006F207265626F6F743A207370696E6E69CE
:10DD50006E6720656E646C6573736C792E2E2E0A67
:10DD600000000000574553545F544F504449522F10
:10DD70007A65706879722F6C69622F7574696C733B
:10DD80002F74696D657574696C2E63007379735FA8
:10DD90006765746F70740000574553545F544F505B
:10DDA0004449522F7A65706879722F6C69622F75B9
:10DDB00074696C732F6F6E6F66662E6300000000CF
:10DDC000574553545F544F504449522F7A657068F9
:10DDD00079722F6C69622F7574696C732F6E6F7412
:10DDE0006966792E63000000574553545F544F50C5
:10DDF0004449522F7A65706879722F6C69622F7569
:10DE000074696C732F72696E675F6275666665729E
:10DE10002E6300006C6F6767696E67005745535447
:10DE20005F544F504449522F7A65706879722F734E
:10DE300075627379732F6C6F6767696E672F6C6F8C
:10DE4000675F636F72652E630000000080720120BF
:10DE500000010000094D0400914B04000200000085
:10DE6000595D0400000000000000000000000000F8
:10DE70006C6F6700574553545F544F504449522FBD
:10DE80007A65706879722F7375627379732F6C6F0E
:10DE90006767696E672F6C6F675F6D676D742E6360
:10DEA00000000000574553545F544F504449522FCF
:10DEB0007A65706879722F696E636C7564652F7A04
:10DEC00065706879722F6C6F6767696E672F6C6F0A
:10DED000675F6C696E6B2E680000000057455354F5
:10DEE0005F544F504449522F7A65706879722F6998
:10DEF0006E636C7564652F7A65706879722F6C6FCC
:10DF00006767696E672F6C6F675F6261636B656ED1
:10DF1000642E68006C6F675F6D676D7400000000B1
:10DF20004D6573736167652028222573222920645B
:10DF3000726F7070656420626563617573652069D6
:10DF40007420657863656564732073697A65206CF5
:10DF5000696D69746174696F6E20282575290000E8
:10DF6000574553545F544F504449522F7A65706857
:10DF700079722F7375627379732F6C6F6767696E2F
:10DF8000672F6C6F675F6D73672E63004D657373EA
:10DF90006167652064726F7070656420626563619B
:10DFA0007573652069742065786365656473207393
:10DFB000697A65206C696D69746174696F6E202877
:10DFC00025752900574553545F544F504449522FEB
:10DFD0007A65706879722F7375627379732F6C6FBD
:10DFE0006767696E672F6C6F675F6F7574707574A4
:10DFF0002E6300001B5B306D0000000025732000C5
:10E000005B2530386C755D20000000005B253032E8
:10E01000753A253032753A253032752E25303375F4
:10E020002C253033755D20002573000025732F00EB
:10E030003C25733E2000000025733A2000000000BC
:10E0400025303278200000000D0A0000202020003A
:10E050007C000000206D65737361676573206472D6
:10E060006F70706564202D2D2D0D0A1B5B306D00C7
:10E070001B5B313B33316D2D2D2D20001B5B313B64
:10E0800033316D001B5B313B33336D0065727200C1
:10E0900077726E00696E66006462670000000000BF
:10E0A0007CE0060084E006000000000000000000A4
:10E0B000000000008CE0060090E0060094E00600FE
:10E0C00098E00600574553545F544F504449522F2F
:10E0D0007A65706879722F7375627379732F6C6FBC
:10E0E0006767696E672F6261636B656E64732F6C1F
:10E0F0006F675F6261636B656E645F756172742EDA
:10E10000630000006C6F675F6261636B656E645FE4
:10E1100075617274000000006C6F675F75617274E6
:10E12000000000002CE10600E8850120715E04007B
:10E13000088601201486012001000000F55E04001D
:10E14000E95E0400AD5E0400155F040000000000FD
:10E150009D5E0400000000006B65726E656C00003F
:10E160004B65726E656C20636F6D6D616E647300DC
:10E1700058E1060060E1060048C706000000000004
:10E18000000000006379636C65733A202575206890
:10E1900077206379636C65730A0000006379636CB0
:10E1A000657300004B65726E656C206379636C6506
:10E1B000732E0000556E61626C6520746F20706173
:10E1C00072736520696E70757420286572722025DF
:10E1D00064290A00736C65657000000055707469ED
:10E1E0006D653A20256C6C75206D730A0000000087
:10E1F0002D2D70726574747900000000556E737572
:10E2000070706F72746564206F7074696F6E3A20FD
:10E2100025730A00757074696D653A20256C6C75FC
:10E2200020646179732C20256C6C7520686F757281
:10E23000732C20256C6C75206D696E757465732C5C
:10E2400020256C6C75207365636F6E64732C2025BC
:10E250006C6C75206D696C6C697365636F6E64734B
:10E260000A000000757074696D6500004B65726E80
:10E27000656C20757074696D652E2043616E206237
:10E28000652063616C6C65642077697468207468CC
:10E2900065202D70206F72202D2D70726574747939
:10E2A000206F7074696F6E7300000000342E332E7F
:10E2B000393900005A657068797220766572736921
:10E2C0006F6E2025730A000076657273696F6E00A9
:10E2D0004B65726E656C2076657273696F6E2E0089
:10E2E0005468697320636F6D6D616E64206973207B
:10E2F000646570726563617465642061732069741C
:10E300002069732061206475706C69636174652E87
:10E310002055736520276C6F6720656E61626C65A0
:10E320002720636F6D6D616E642066726F6D206C67
:10E330006F6767696E6720636F6D6D616E647320D0
:10E340007365742E0A000000556E61626C6520745E
:10E350006F207061727365206C6F672073657665DE
:10E36000726974792028657272202564290A000078
:10E37000496E76616C6964206C6F67206C657665A8
:10E380006C3A2025640A0000556E61626C65207449
:10E390006F2066696E64206C6F6720736F7572639F
:10E3A000653A2025730A00006C6F675F6C657665BF
:10E3B0006C0000003C6D6F64756C65206E616D656E
:10E3C0003E203C73657665726974792028302D345F
:10E3D000293E00007265626F6F7400005265626FC3
:10E3E0006F742E00636F6C6400000000436F6C64F8
:10E3F000207265626F6F742E000000007761726D8D
:10E40000000000005761726D207265626F6F742E9C
:10E410000000000018E40600E4E30600ECE3060058
:10E42000000000006D60040000000000FCE3060036
:10E4300004E4060000000000756004000000000015
:10E4400000000000000000000000000000000000CC
:10E450000000000074687265616400004B65726EB4
:10E46000656C20746872656164732E00536368651F
:10E4700064756C65723A2025752073696E6365203A
:10E480006C6173742063616C6C0A0000546872657F
:10E490006164733A0A0000004E4100002573257044
:10E4A00020252D3130730A00096F7074696F6E7307
:10E4B0003A20307825782C207072696F72697479EF
:10E4C0003A2025642074696D656F75743A20256C57
:10E4D0006C640A000973746174653A2025732C20FA
:10E4E000656E7472793A2025700A0000556E61627B
:10E4F0006C6520746F2064657465726D696E65204B
:10E50000756E7573656420737461636B2073697ACB
:10E510006520282564290A0A000000000973746137
:10E52000636B2073697A6520257A752C20756E756A
:10E5300073656420257A752C2075736167652025C5
:10E540007A75202F20257A752028257520252529E4
:10E550000A0A00006C697374000000004C6973744F
:10E56000206B65726E656C20746872656164732ED1
:10E5700000000000574553545F544F504449522FF8
:10E580007A65706879722F7375627379732F736807
:10E59000656C6C2F6D6F64756C65732F6B65726E37
:10E5A000656C5F736572766963652F746872656107
:10E5B000642F737461636B732E63000025702049B0
:10E5C00052512025303264202573287265616C20F9
:10E5D00073697A652025347A75293A09756E7573E1
:10E5E00065642025347A7509757361676520253463
:10E5F0007A75202F2025347A75202825327A7520C7
:10E600002525290A00000000257020252D333273AE
:10E6100020287265616C2073697A652025347A75CB
:10E62000293A09756E757365642025347A75097504
:10E63000736167652025347A75202F2025347A751B
:10E640002028253275202525290A0000737461636E
:10E650006B7300004C697374207468726561647335
:10E6600020737461636B2075736167652E00000011
:10E6700054687265616420494420257020697320C4
:10E680006E6F742076616C69640A00004572726F67
:10E69000723A5368656C6C207468726561642063BB
:10E6A000616E6E6F742062652073757370656E6441
:10E6B00065640A0054687265616420257020737572
:10E6C0007370656E6465640A000000007375737092
:10E6D000656E64006B65726E656C2074687265614E
:10E6E000642073757370656E64203C746872656134
:10E6F000645F69643E0000004572726F723A53684D
:10E70000656C6C207468726561642063616E6E6F05
:10E710007420626520726573756D65640A0000007F
:10E7200054687265616420257020726573756D652B
:10E73000640A0000726573756D6500006B65726E2A
:10E74000656C2074687265616420726573756D65AF
:10E75000203C7468726561645F69643E000000007B
:10E760004572726F723A5368656C6C20746872659A
:10E7700061642063616E6E6F74206265206B696CEA
:10E780006C65640A000000000A20546872656164C8
:10E79000202570206B696C6C65640A006B696C6C79
:10E7A000000000006B65726E656C207468726561B4
:10E7B00064206B696C6C203C7468726561645F698D
:10E7C000643E0000646576696365000044657669AF
:10E7D000636520756E6B6E6F776E20282573290A2E
:10E7E0000000000044657669636520257320697325
:10E7F00020616C726561647920696E697469616C0D
:10E80000697A65640A0000004465766963652025BD
:10E810007320696E697469616C697A6174696F6E7D
:10E82000206661696C65642077697468206572721E
:10E830003D25640A00000000446576696365202573
:10E840007320696E697469616C697A656420737597
:10E85000636365737366756C6C790A005245414455
:10E860005900000044495341424C45440000000017
:10E87000646576696365733A0A0000005B25705D24
:10E88000000000002D2025730000000020282573C3
:10E89000290A000020204454206E6F6465206C61BA
:10E8A00062656C733A0000004465766963652063B5
:10E8B0006F6D6D616E647300696E697400000000B5
:10E8C0004D616E75616C6C7920696E697469616CFB
:10E8D000697A6520612064657669636500000000DF
:10E8E0004C69737420636F6E666967757265642026
:10E8F000646576696365732C207769746820616E3E
:10E90000206F7074696F6E616C2066696C746572DB
:10E91000000000005B3C6465766963652066696C95
:10E920007465723E5D000000C4E70600A8E80600BA
:10E930003CE90600000000000000000040E906007D
:10E9400054E506007CE9060008CB0600CD6404000F
:10E9500001010000B8E80600C0E806000CCB060084
:10E9600061640400020000000000000000000000DC
:10E97000000000000000000000000000C40BD28670
:10E98000E0E8060014E90600496E76616C696420CF
:10E99000686F75720A000000496E76616C696420C8
:10E9A0006D696E7574650A00496E76616C696420E4
:10E9B0007365636F6E640A00496E76616C696420EA
:10E9C0006D6F6E74680A0000496E76616C69642030
:10E9D0006461790A000000004661696C6564207416
:10E9E0006F2063616C63756C617465207365636F20
:10E9F0006E64732073696E63652045706F63680A87
:10EA000000000000436F756C64206E6F74207365A6
:10EA10007420646174652025640A000025642D2536
:10EA20003032752D2530327520253032753A25303B
:10EA300032753A25303275205554430A00000000E3
:10EA400064617465000000004461746520636F6D4B
:10EA50006D616E6473000000736574005B592D6D09
:10EA60002D645D203C483A4D3A533E006765740082
:10EA70005B6E6F6E655D000040EA060048EA0600C6
:10EA80008CEA0600000000000000000090EA06008A
:10EA900058EA06005CEA0600000000007166040007
:10EAA000000000006CEA060070EA060000000000AA
:10EAB000AD6704000000000000000000000000003E
:10EAC0000000000000000000000000005573696EA7
:10EAD0006720646174612077696474682025640A22
:10EAE00000000000496E636F727265637420646198
:10EAF00074612077696474680A000000526561647B
:10EB00002076616C7565203078256C6C780A000081
:10EB100057726974696E672076616C75652030780C
:10EB2000256C6C780A000000696E76616C6964205F
:10EB30006164647220272573270A0000696E76617C
:10EB40006C69642073697A6520272573270A0000A1
:10EB5000696E76616C696420776964746820272522
:10EB600073270A00613A733A773A0000272D612033
:10EB70003C616464726573733E27206973206D6124
:10EB80006E6461746F72790A00000000272D732093
:10EB90003C73697A653E27206973206D616E6461FC
:10EBA000746F72790A000000556E6B6E6F776E207D
:10EBB0006F7074696F6E20222573220A00000000B6
:10EBC0006465766D656D206C6F616420737570701F
:10EBD0006F7274732073657474696E6720627970E4
:10EBE000617373206F6E20612073696E676C65209E
:10EBF000696E7374616E63652E0A00004C6F616408
:10EC0000696E672E2E2E0A7072657373206374729C
:10EC10006C2D78206374726C2D7120746F20657375
:10EC2000636170650A0000004E756D626572206F49
:10EC30006620627974657320726561643A20256488
:10EC40000A0000006465766D656D000052656164C0
:10EC50002F777269746520706879736963616C20BD
:10EC60006D656D6F72790A55736167653A0A526511
:10EC70006164206D656D6F727920617420616464D8
:10EC8000726573732077697468206F7074696F6E32
:10EC9000616C2077696474683A0A6465766D656DA5
:10ECA000203C616464726573733E205B3C776964E9
:10ECB00074683E5D0A5772697465206D656D6F7288
:10ECC000792061742061646472657373207769745C
:10ECD00068206D616E6461746F7279207769647405
:10ECE0006820616E642076616C75653A0A646576A9
:10ECF0006D656D203C616464726573733E203C7782
:10ED0000696474683E203C76616C75653E00000065
:10ED100064756D700000000055736167653A0A64A0
:10ED200065766D656D2064756D70202D61203C6188
:10ED30006464726573733E202D73203C73697A6539
:10ED40003E205B2D77203C77696474683E5D0A0045
:10ED500055736167653A0A6465766D656D206C6F01
:10ED60006164205B6F7074696F6E735D205B6164BA
:10ED700064726573735D0A4F7074696F6E733A0ADB
:10ED80002D65096C6974746C652D656E6469616EBE
:10ED9000207061727365000044EC06004CEC0600C4
:10EDA000ACED0600F167040002020000B0ED0600C1
:10EDB00010ED060018ED060000000000BD6804001C
:10EDC00005020000885E070050ED0600000000000C
:10EDD000456A04000201000000000000000000007D
:10EDE00000000000000000000000000057455354E0
:10EDF0005F544F504449522F7A65706879722F736F
:10EE000075627379732F7368656C6C2F6261636BC5
:10EE1000656E64732F7368656C6C5F756172742EB8
:10EE20006300000052582072696E67206275666642
:10EE300065722066756C6C2E000000003A000000C0
:10EE40007368656C6C2E7368656C6C5F7561727449
:10EE500000000000737463703E2000007368656CEE
:10EE60006C5F7561727400007368656C6C5F7561CE
:10EE700072745F6261636B656E640000408901209B
:10EE80001E000000B5940400E4C60600506A01208C
:10EE9000D4C60600BCEE06002489012064000000F0
:10EEA000A8EE0600E088012088770120800000009D
:10EEB00000000000796D040002000000ED9C0400D9
:10EEC0002C890120408901201E000000996D04005A
:10EED000396F04005D6F0400D16C0400BD6C040048
:10EEE000000000006E6F74207465726D696E61744D
:10EEF00065643A2025630A00537562636F6D6D6126
:10EF00006E64733A0A000000506C6561736520738B
:10EF1000706563696679206120737562636F6D6DDA
:10EF2000616E642E0A0000004572726F723A2072A0
:10EF30006571756573746564206D756C7469706C4A
:10EF4000652066756E6374696F6E2065786563759C
:10EF500074696F6E730A0000257325730A00000040
:10EF60003A20636F6D6D616E64206E6F7420666F02
:10EF7000756E6400546F6F206D616E7920617267E9
:10EF8000756D656E747320696E2074686520636F9B
:10EF90006D6D616E642E0A0025733A2077726F6E74
:10EFA0006720706172616D6574657220636F756E44
:10EFB000740A0000574553545F544F504449522F30
:10EFC0007A65706879722F7375627379732F7368BD
:10EFD000656C6C2F7368656C6C2E63005741524EE4
:10EFE000494E473A2041207072696E7420726571F3
:10EFF00075657374207761732064657465637465E7
:10F0000064206F6E206E6F74206163746976652072
:10F010007368656C6C206261636B656E642E0A00B8
:10F02000202000000A25732573000000506C6561E4
:10F03000736520707265737320746865203C546139
:10F04000623E20627574746F6E20746F2073656504
:10F0500020616C6C20617661696C61626C65206313
:10F060006F6D6D616E64732E0A000000596F75201C
:10F0700063616E20616C736F2075736520746865C1
:10F08000203C5461623E20627574746F6E20746F10
:10F090002070726F6D7074206F72206175746F2DA7
:10F0A000636F6D706C65746520616C6C20636F6D4F
:10F0B0006D616E6473206F72206974732073756262
:10F0C000636F6D6D616E64732E0A0000596F752059
:10F0D00063616E2074727920746F2063616C6C20A0
:10F0E000636F6D6D616E64732077697468203C2D69
:10F0F000683E206F72203C2D2D68656C703E20703C
:10F100006172616D6574657220666F72206D6F72D9
:10F110006520696E666F726D6174696F6E2E0A008C
:10F120000A5368656C6C20737570706F727473200D
:10F13000666F6C6C6F77696E67206D6574612D6B9F
:10F140006579733A0A20204374726C202B20286161
:10F15000206B65792066726F6D3A20616263646529
:10F16000666B6C6E70747577290A2020416C742070
:10F17000202B202861206B65792066726F6D3A2004
:10F180006266290A506C65617365207265666572F6
:10F1900020746F207368656C6C20646F63756D6597
:10F1A0006E746174696F6E20666F72206D6F726528
:10F1B0002064657461696C732E0A00000A417661EF
:10F1C000696C61626C6520636F6D6D616E64733A2A
:10F1D0000A000000253038583A2000007C0A000060
:10F1E00068656C70000000005072696E7473207462
:10F1F00068652068656C70206D6573736167652E46
:10F2000000000000E0F10600E8F106000000000048
:10F210007183040001000000574553545F544F5060
:10F220004449522F7A65706879722F7375627379C9
:10F23000732F7368656C6C2F7368656C6C5F757485
:10F24000696C732E630000001B5B2564256300005E
:10F25000574553545F544F504449522F7A65706854
:10F2600079722F7375627379732F7368656C6C2F65
:10F270007368656C6C5F6F70732E63001B5B313B52
:10F280003325646D000000001B5B34303325646D52
:10F2900000000000819B0400B59A04000D9B04004F
:10F2A000000000000000000000000000000000005E
:10F2B00055736167653A2025732000002573252D5D
:10F2C0002A73000025732573000000002D2D68654A
:10F2D0006C700000202D2000202000004C6F737403
:10F2E000206C6F67733A20256C750A005B253364C8
:10F2F0005D2025730A0000006F66660020756E6B46
:10F300006E6F776E20706172616D657465723A2000
:10F310000000000025733A257325730A00000000E1
:10F320004563686F207374617475733A2025730A9E
:10F3300000000000416374697665207368656C6C39
:10F34000206261636B656E64733A0A0057455354DB
:10F350005F544F504449522F7A65706879722F7309
:10F3600075627379732F7368656C6C2F7368656C45
:10F370006C5F636D64732E630000000020202532F3
:10F38000642E203A257320282573290A00000000E6
:10F390004E6F20726573706F6E73652066726F6D4D
:10F3A00020746865207465726D696E616C2C2061D3
:10F3B0007373756D656420383078323420736372EE
:10F3C00065656E2073697A650A0000001B5B366E06
:10F3D0000000000072657476616C00005072696E06
:10F3E000742072657475726E2076616C7565206F1D
:10F3F00066206D6F737420726563656E7420636F31
:10F400006D6D616E64000000726573697A6500005D
:10F41000436F6E736F6C65206765747320746572DB
:10F420006D696E616C2073637265656E2073697AB5
:10F4300065206F7220617373756D657320646566F6
:10F4400061756C7420696E206361736520746865F2
:10F4500020726561646F7574206661696C732E201B
:10F460004974206D757374206265206578656375D5
:10F4700074656420616674657220656163682074D8
:10F4800065726D696E616C20776964746820636869
:10F49000616E676520746F20656E73757265206399
:10F4A0006F72726563742074657874206469737018
:10F4B0006C61792E00000000686973746F727900C6
:10F4C000436F6D6D616E6420686973746F72792E1D
:10F4D0000000000055736566756C2C206E6F7420FB
:10F4E000556E69782D6C696B65207368656C6C204E
:10F4F000636F6D6D616E64732E000000636C6561F7
:10F5000072000000436C6561722073637265656E02
:10F510002E00000072656D0049676E6F7265206C89
:10F52000696E657320626567696E6E696E672077C4
:10F53000697468202772656D202700006465666124
:10F54000756C7400417373756D6520383020636885
:10F550006172732073637265656E20776964746885
:10F5600020616E642073656E642074686973207313
:10F57000657474696E6720746F20746865207465A3
:10F58000726D696E616C2E006261636B656E64738F
:10F59000000000004C697374206163746976652013
:10F5A0007368656C6C206261636B656E64732E0AB0
:10F5B000000000006261636B73706163655F6D6F73
:10F5C00064650000546F67676C65206261636B73EC
:10F5D00070616365206B6579206D6F64652E0A53D9
:10F5E0006F6D65207465726D696E616C73206172F8
:10F5F00065206E6F742073656E64696E6720736535
:10F600007061726174652065736361706520636FFA
:10F61000646520666F72206261636B7370616365FD
:10F6200020616E642064656C657465206275747415
:10F630006F6E2E205468697320636F6D6D616E6408
:10F6400020666F72636573207368656C6C20746FDD
:10F6500020696E746572707265742064656C65747F
:10F6600065206B6579206173206261636B737061E3
:10F6700063652E00636F6C6F72730000546F676771
:10F680006C6520636F6C6F7265642073796E746152
:10F69000782E00007674313030000000546F6767B8
:10F6A0006C6520767431303020636F6D6D616E64EF
:10F6B000732E000070726F6D70740000546F676776
:10F6C0006C652070726F6D70742E00006563686FDA
:10F6D00000000000546F67676C65207368656C6C90
:10F6E000206563686F2E00007374617473000000FE
:10F6F0005368656C6C2073746174697374696373A7
:10F700002E0000006261636B73706163650000002E
:10F7100053657420646966666572656E74206573EE
:10F720006361706520636F646520666F722062613B
:10F73000636B737061636520616E642064656C65E2
:10F740007465206B65792E0064656C6574650000D6
:10F75000536574207468652073616D6520657363FB
:10F7600061706520636F646520666F7220626163FB
:10F770006B737061636520616E642064656C657491
:10F7800065206B65792E000072657365740000005A
:10F790005265736574207368656C6C207374617452
:10F7A00069737469637320666F7220746865204C96
:10F7B0006F67676572206D6F64756C652E00000061
:10F7C000476574207368656C6C2073746174697329
:10F7D0007469637320666F7220746865204C6F676C
:10F7E000676572206D6F64756C652E004469736186
:10F7F000626C65207368656C6C206563686F2E2091
:10F8000045646974696E67206B65797320616E6405
:10F81000206D6574612D6B65797320617265206E52
:10F820006F742068616E646C65640000456E61628F
:10F830006C65207368656C6C206563686F2E0000D2
:10F8400044697361626C652070726F6D70742E0014
:10F85000456E61626C652070726F6D70742E000071
:10F8600044697361626C6520767431303020636F57
:10F870006D6D616E64732E00456E61626C652076FD
:10F880007431303020636F6D6D616E64732E0000D3
:10F8900044697361626C6520636F6C6F726564208C
:10F8A00073796E7461782E00456E61626C652063B9
:10F8B0006F6C6F7265642073796E7461782E0000CE
:10F8C000D4F30600DCF306000000000075A104007C
:10F8D0000100000008F4060010F4060038F90600E4
:10F8E00041A2040001010000B8F40600C0F40600C3
:10F8F0000000000031A10400010000000005070025
:10F90000D4F4060064F906000000000000000000C6
:10F91000FCF4060004F506000000000001A4040049
:10F920000100000014F5060018F5060000000000B4
:10F93000A9A00400000000003CF906003CF5060008
:10F9400044F5060000000000D5A0040001000000FE
:10F9500000000000000000000000000000000000A7
:10F960000000000068F9060088F5060094F506001E
:10F9700000000000E1A1040001000000B4F5060051
:10F98000C4F5060008FA06000000000000000000B0
:10F9900074F606007CF6060048FB06000000000036
:10F9A0000000000094F606009CF6060008FB060026
:10F9B0000000000000000000B4F60600BCF60600DF
:10F9C000C8FA06000000000000000000CCF60600A7
:10F9D000D4F6060088FA060091A104000101000097
:10F9E000E8F60600F0F6060048FA060000000000FF
:10F9F0000000000000000000000000000000000007
:10FA000000000000000000000CFA060004F70600E9
:10FA100010F7060000000000CDA404000100000063
:10FA200048F7060050F706000000000041A404005B
:10FA300001000000000000000000000000000000C5
:10FA400000000000000000004CFA060088F70600E5
:10FA500090F7060000000000ADA0040001000000C7
:10FA60002CD60600C0F706000000000001A104002B
:10FA70000100000000000000000000000000000085
:10FA800000000000000000008CFA0600F8F20600FA
:10FA9000ECF70600000000005DA404000100000077
:10FAA000403507002CF8060000000000B1A4040057
:10FAB0000100000000000000000000000000000045
:10FAC0000000000000000000CCFA0600F8F206007A
:10FAD00040F806000000000021A104000100000021
:10FAE0004035070050F806000000000015A1040092
:10FAF0000100000000000000000000000000000005
:10FB000000000000000000000CFB0600F8F20600F8
:10FB100060F806000000000005A5040001000000D8
:10FB20004035070078F806000000000079A40400C2
:10FB300001000000000000000000000000000000C4
:10FB400000000000000000004CFB0600F8F2060078
:10FB500090F8060000000000E9A404000100000085
:10FB600040350700A8F806000000000095A4040036
:10FB70000100000000000000000000000000000084
:10FB80000000000000000000436F6D6D616E642096
:10FB900062756666657220697320746F6F20736882
:10FBA0006F727420746F20657870616E6420616C70
:10FBB0006C20636F6D6D616E6473206D617463683A
:10FBC000696E672077696C64636172642070617428
:10FBD0007465726E3A2025730A0000002A2A2A20D2
:10FBE000426F6F74696E67206E524620436F6E6E6F
:10FBF0006563742053444B2076332E332E302D62B0
:10FC00006131363764396633646234202A2A2A0A1D
:10FC1000000000002A2A2A205573696E67205A6561
:10FC200070687972204F532076342E332E39392D57
:10FC3000666439323034613032643532202A2A2AFF
:10FC40000A00000072302F61313A202030782530D0
:10FC50003878202072312F61323A202030782530D8
:10FC60003878202072322F61333A202030782530C6
:10FC70003878000072332F61343A202030782530F4
:10FC80003878207231322F69703A20203078253050
:10FC90003878207231342F6C723A20203078253039
:10FCA0003878000020787073723A20203078253040
:10FCB000387800004661756C74696E6720696E73F0
:10FCC0007472756374696F6E2061646472657373B6
:10FCD00020287231352F7063293A2030782530384A
:10FCE00078000000556E68616E646C65642049524E
:10FCF000516E3A20256400002A2A2A2A2A205553C8
:10FD0000414745204641554C54202A2A2A2A2A0098
:10FD100020204469766973696F6E206279207A6564
:10FD2000726F00002020556E616C69676E656420FB
:10FD30006D656D6F72792061636365737300000098
:10FD40002020537461636B206F766572666C6F77E9
:10FD50002028636F6E746578742061726561206E0F
:10FD60006F742076616C69642900000020204E6F5A
:10FD700020636F70726F636573736F7220696E7347
:10FD80007472756374696F6E730000002020496C93
:10FD90006C6567616C206C6F6164206F66204558EC
:10FDA000435F52455455524E20696E746F20504344
:10FDB000000000002020496C6C6567616C20757341
:10FDC00065206F662074686520455053520000001E
:10FDD0002020417474656D707420746F206578659F
:10FDE0006375746520756E646566696E6564206907
:10FDF0006E737472756374696F6E00002A2A2A2A02
:10FE00002A20425553204641554C54202A2A2A2A5A
:10FE10002A0000002020537461636B696E672065BF
:10FE200072726F72000000002020556E737461635F
:10FE30006B696E67206572726F72000020205072CD
:10FE40006563697365206461746120627573206500
:10FE500072726F7200000000202042464152204121
:10FE60006464726573733A2030782578000000006E
:10FE70002020496D707265636973652064617461E7
:10FE800020627573206572726F7200002020496EC7
:10FE9000737472756374696F6E2062757320657216
:10FEA000726F72002020466C6F6174696E672D70EE
:10FEB0006F696E74206C617A792073746174652047
:10FEC000707265736572766174696F6E20657272A7
:10FED0006F7200002A2A2A2A2A204D5055204641B6
:10FEE000554C54202A2A2A2A2A0000002020537424
:10FEF00061636B696E67206572726F722028636F31
:10FF00006E746578742061726561206D69676874CC
:10FF1000206265206E6F742076616C696429000030
:10FF200020204461746120416363657373205669C6
:10FF30006F6C6174696F6E0020204D4D46415220F8
:10FF4000416464726573733A20307825780000004C
:10FF50002020496E737472756374696F6E204163FB
:10FF6000636573732056696F6C6174696F6E00000E
:10FF7000574553545F544F504449522F7A65706827
:10FF800079722F617263682F61726D2F636F726572
:10FF90002F636F727465785F6D2F6661756C742E58
:10FFA000630000005265736572766564204578636E
:10FFB000657074696F6E20280000000053707572C0
:10FFC000696F757320696E7465727275707420281C
:10FFD0004952512000000000457863657074696FD4
:10FFE0006E206F6363757272656420696E2053655D
:10FFF0006375726520537461746500002A2A2A2A89
:0200000270008C
:100000002A2048415244204641554C54202A2A2A4D
:100010002A2A00002020427573206661756C7420C6
:100020006F6E20766563746F72207461626C6520F8
:1000300072656164000000002020446562756720DD
:100040006576656E7400000020204661756C742032
:10005000657363616C6174696F6E202873656520D8
:1000600062656C6F77290000415243485F455843F1
:10007000455054207769746820726561736F6E20F3
:1000800025780A002A2A2A2A2A20446562756720D0
:100090006D6F6E69746F7220657863657074696FD7
:1000A0006E202A2A2A2A2A002A2A2A2A2A20257366
:1000B00020256429202A2A2A2A2A00005745535439
:1000C0005F544F504449522F7A65706879722F619E
:1000D0007263682F61726D2F636F72652F636F7229
:1000E0007465785F6D2F6972715F6D616E616765B0
:1000F0002E630000006001200000000006000100E7
:100100006D7075004661696C656420746F20616C68
:100110006C6F63617465206E6577204D5055207259
:100120006567696F6E2025750A0000005061727462
:100130006974696F6E2025753A2073616E697479F0
:1001400020636865636B206661696C65642E0000DE
:10015000496E76616C696420756E6465726C79694C
:100160006E6720726567696F6E20696E64657820BE
:1001700025750000574553545F544F504449522F42
:100180007A65706879722F617263682F61726D2F62
:10019000636F72652F6D70752F61726D5F6D707515
:1001A0002E63000002000000BC010700464C4153D2
:1001B000485F30005352414D5F30000000000000A6
:1001C000AC01070006000000E0FF0F000060012006
:1001D000B401070021000000E0FF032057455354FD
:1001E0005F544F504449522F7A65706879722F6C72
:1001F00069622F6E65745F6275662F6275662E6325
:100200000000000069C1040000000000A5C1040056
:100210006E65745F62756600574553545F544F5066
:100220004449522F7A65706879722F6C69622F6E1B
:1002300065745F6275662F6275665F73696D706C59
:10024000652E63006E65745F6275665F73696D70BD
:100250006C650000736F6300574553545F544F50F3
:100260004449522F7A65706879722F696E636C7594
:1002700064652F7A65706879722F64726976657229
:10028000732F656E74726F70792E680057455354E2
:100290005F544F504449522F7A65706879722F73BA
:1002A00075627379732F6E65742F6C69622F736F2B
:1002B000636B6574732F736F636B6574732E630068
:1002C000574553545F544F504449522F7A657068D4
:1002D00079722F696E636C7564652F7A65706879C1
:1002E000722F6E65742F6E65745F636F6E746578C0
:1002F000742E6800574553545F544F504449522F51
:100300007A65706879722F7375627379732F6E6571
:10031000742F6C69622F736F636B6574732F736FC7
:10032000636B6574735F696E65742E630000000013
:10033000FDE404007DDD040079DA0400D9D5040071
:10034000EDDA0400C1D90400EDDB040049DC04004F
:10035000F1DF040079DD0400A1E4040079E8040081
:100360007DEB040055DE0400E5E5040001EC04002B
:1003700059D90400574553545F544F504449522FA4
:100380007A65706879722F7375627379732F6E65F1
:10039000742F6C69622F736F636B6574732F736F47
:1003A000636B65745F6F66666C6F61642E630000DB
:1003B000496E7465726661636520696E6465782054
:1003C0006973206D697373696E672E0A00000000FF
:1003D000496E76616C696420696E64657820257366
:1003E0000A000000496E76616C696420696E64657C
:1003F000782025640A0000003C696E76616C6964AF
:1004000020747970653E00003C696E76616C6964A9
:100410002073746174653E0025733A256400000002
:1004200041465F554E5350454300000041465F50E2
:1004300041434B455400000041465F43414E00009C
:1004400041465F554E4B282564290000576946698F
:100450000000000045746865726E6574000000005D
:100460003C756E6B6E6F776E20747970653E000020
:100470003D3D3D3D3D3D3D3D000000003D3D3D3DA0
:100480003D3D3D3D3D3D3D3D3D3D00003C756E6B80
:100490006E6F776E2073746174653E0074656E7460
:1004A00061746976650000007072656665727265D8
:1004B00064000000646570726563617465640000C7
:1004C0006175746F636F6E660000000044484350AE
:1004D000000000006D616E75616C00006F766572E2
:1004E00072696461626C65004E6574776F726B69E6
:1004F0006E6720636F6D6D616E6473006E65745F0F
:100500007368656C6C0000008C0407009C04070095
:10051000A8040700B404070060040700C004070033
:10052000CC040700D4040700DC04070048D506000B
:10053000E8040700E8C70600000000000000000013
:100540006E65745F706B7420616C6C6F636174694D
:100550006F6E0000434F4E4649475F4E45545F441F
:10056000454255475F4E45545F504B545F414C4C9C
:100570004F43000053657420257320746F20656E0F
:1005800061626C6520257320737570706F72742EB4
:100590000A000000616C6C6F637300005072696E3A
:1005A00074206E6574776F726B206D656D6F7279F4
:1005B00020616C6C6F636174696F6E732E00000054
:1005C0002020202020496E746572666163652020BA
:1005D0004C696E6B2020202020202020202020200D
:1005E0002020416464726573730A00005B253264E5
:1005F0005D2025642020202020202020202025731D
:100600002025730A00000000466C757368696E67E8
:10061000204152502063616368652E0A000000008B
:1006200041525020636163686520697320656D7075
:1006300074792E0A00000000617270005072696EB9
:100640007420696E666F726D6174696F6E2061628D
:100650006F75742049507634204152502063616395
:1006600068652E00666C75736800000052656D6FDA
:10067000766520616C6C20656E74726965732066A6
:10068000726F6D204152502063616368652E0000D7
:1006900094060700640607006C06070000000000CF
:1006A00011EF040000000000000000000000000046
:1006B0000000000000000000000000006E6574777C
:1006C0006F726B207061636B657420636170747509
:1006D00072650000434F4E4649475F4E45545F43A5
:1006E0004150545552450000636170747572650045
:1006F000436F6E666967757265206E6574776F7299
:100700006B207061636B65742063617074757265D2
:100710002E000000736574757000000053657475D9
:1007200070206E6574776F726B207061636B657497
:1007300020636170747572652E0A276E657420637C
:10074000617074757265207365747570203C726594
:100750006D6F74652D69702D616464723E203C6C10
:100760006F63616C2D616464723E203C70656572DC
:100770002D616464723E270A3C72656D6F74653E3C
:100780002069732074686520286F7574657229204C
:10079000656E64706F696E74204950206164647284
:1007A0006573732C0A3C6C6F63616C3E2069732027
:1007B0007468652028696E6E657229206C6F6361AC
:1007C0006C20495020616464726573732C0A3C701C
:1007D0006565723E206973207468652028696E6EB5
:1007E00065722920706565722049502061646472C9
:1007F0006573730A4C6F63616C20616E6420506591
:100800006572206164647265737365732063616EE1
:1008100020686176652055445020706F7274206E98
:10082000756D62657220696E207468656D20286F31
:100830007074696F6E616C290A6C696B652031395F
:10084000382E302E35312E323A39303030206F721A
:10085000205B323030313A6462383A3130303A3AE3
:10086000325D3A3432343200636C65616E7570000B
:10087000436C65616E7570206E6574776F726B2066
:100880007061636B657420636170747572652E00AE
:10089000656E61626C650000456E61626C65206E1C
:1008A0006574776F726B207061636B657420636130
:1008B000707475726520666F722061206769766555
:1008C0006E206E6574776F726B20696E74657266E8
:1008D0006163652E0A276E6574206361707475729A
:1008E0006520656E61626C65203C696E7465726638
:1008F00061636520696E6465783E27006469736191
:10090000626C650044697361626C65206E65747722
:100910006F726B207061636B6574206361707475B6
:1009200072652E0028090700140707001C0707003E
:1009300000000000D1EF040000000000680807007C
:100940007008070000000000FDEF04000000000038
:1009500090080700980807000000000029F0040034
:1009600000000000FC080700040907000000000068
:10097000A5EF0400000000000000000000000000DF
:1009800000000000000000000000000020202020E7
:1009900020436F6E74657874202020094966616376
:1009A000652020466C6167732020202020202020B5
:1009B000202020204C6F63616C20202020202020EC
:1009C00020202020202052656D6F74650A000000F1
:1009D0004E6F20636F6E6E656374696F6E730A008D
:1009E0000A202020202048616E646C65722020203F
:1009F0002043616C6C6261636B202050726F746F76
:100A00002020202020202020202020204C6F6361E7
:100A10006C2020202020202020202020202020208A
:100A200020202052656D6F74650A00004E6F2063B0
:100A30006F6E6E656374696F6E2068616E646C655D
:100A4000727320666F756E642E0A00000A5443505C
:100A50002020202020202020436F6E746578742091
:100A6000202053726320706F72742044737420705E
:100A70006F727420202053656E642D5365712020A1
:100A80002053656E642D41636B20204D535320200D
:100A9000202053746174650A000000004E6F2054DA
:100AA000435020636F6E6E656374696F6E730A00E6
:100AB00054435020646562756767696E6700000083
:100AC000434F4E4649475F4E45545F5443505F4C39
:100AD0004F475F4C4556454C5F444247000000007D
:100AE00025702025702020202535752020202025E8
:100AF0003575202531307520253130752025357527
:100B000020202025730A00005B2532645D202570BB
:100B100020257020202573092531367309253136AB
:100B2000730A00005B2532645D202570092564206E
:100B300020202020202563256325632020202531C7
:100B4000367309253136730A00000000636F6E6E3C
:100B5000000000005072696E7420696E666F726DDD
:100B60006174696F6E2061626F7574206E65747751
:100B70006F726B20636F6E6E656374696F6E732E38
:100B8000000000004448435076340000434F4E4676
:100B900049475F4E45545F44484350563400000077
:100BA00044484350763420736572766572000000C5
:100BB000434F4E4649475F4E45545F444843505665
:100BC000345F53455256455200000000646863701C
:100BD000763400004D616E6167652044485043766D
:100BE000342073657276696365732E00736572765F
:100BF0006572000044484350763420736572766510
:100C0000722073657276696365206D616E616765D8
:100C10006D656E742E000000636C69656E74000073
:100C200044484350763420636C69656E74206D616E
:100C30006E6167656D656E742E000000737461727D
:100C40007400000053746172742074686520444815
:100C50004350763420636C69656E74206F706572E2
:100C60006174696F6E206F6E2074686520696E74A0
:100C70006572666163652E0A276E65742064686319
:100C800070763420636C69656E742073746172745D
:100C9000203C696E6465783E270A3C696E6465781D
:100CA0003E20697320746865206E6574776F726B7F
:100CB00020696E7465726661636520696E6465782B
:100CC0002E00000073746F700000000053746F708A
:100CD000207468652044484350763420636C69650D
:100CE0006E74206F7065726174696F6E206F6E2014
:100CF00074686520696E746572666163652E0A2783
:100D00006E65742064686370763420636C69656E08
:100D1000742073746F70203C696E6465783E270A96
:100D20003C696E6465783E20697320746865206E46
:100D30006574776F726B20696E7465726661636546
:100D400020696E6465782E00537461727420746833
:100D5000652044484350763420736572766572206E
:100D60006F7065726174696F6E206F6E2074686554
:100D700020696E746572666163652E0A276E6574FC
:100D800020646863707634207365727665722073B0
:100D900074617274203C696E6465783E203C6261C7
:100DA000736520616464726573733E270A3C696EE3
:100DB0006465783E20697320746865206E65747779
:100DC0006F726B20696E7465726661636520696E0F
:100DD0006465782E0A3C62617365206164647265A3
:100DE00073733E206973207468652066697273743A
:100DF000206164647265737320666F722074686525
:100E0000206164647265737320706F6F6C2E0000D4
:100E100053746F70207468652044484350763420C2
:100E2000736572766572206F7065726174696F6E3A
:100E3000206F6E2074686520696E746572666163E8
:100E4000652E0A276E65742064686370763420739B
:100E500065727665722073746F70203C696E64658C
:100E6000783E270A3C696E6465783E206973207479
:100E70006865206E6574776F726B20696E74657239
:100E80006661636520696E6465782E005072696ED4
:100E9000742074686520444843507634207365722A
:100EA00076657220737461747573206F6E20746838
:100EB0006520696E746572666163652E0A276E65CA
:100EC000742064686370763420736572766572206E
:100ED000737461747573203C696E6465783E270A8B
:100EE0003C696E6465783E20697320746865206E85
:100EF0006574776F726B20696E7465726661636585
:100F000020696E6465782E204F7074696F6E616C15
:100F10002E000000180F0700EC0B0700F40B070071
:100F2000940F07000000000000000000180C0700EC
:100F3000200C0700540F0700000000000000000014
:100F400000000000000000000000000000000000A1
:100F500000000000580F07003C0C0700440C07007D
:100F6000000000008DF4040002000000C40C070023
:100F7000CC0C070000000000E5F4040002000000B3
:100F80000000000000000000000000000000000061
:100F900000000000980F07003C0C0700480D0700F8
:100FA00000000000B9F4040003000000C40C0700B6
:100FB000100E07000000000011F504000200000000
:100FC000F4D506008C0E0700000000003DF504007B
:100FD000010100000000000000000000000000000F
:100FE00000000000000000004468637076360000D6
:100FF000434F4E4649475F4E45545F444843505621
:101000003600000064686370763600004D616E61E2
:10101000676520444850437636207365727669636D
:1010200065732E0044686370763620636C69656E64
:1010300074206D616E6167656D656E742E000000D1
:1010400053746172742074686520446863707636E6
:1010500020636C69656E74206F7065726174696F6E
:101060006E206F6E2074686520696E7465726661AB
:1010700063652E0A276E6574206468637076362077
:10108000636C69656E74207374617274203C696E60
:101090006465783E270A3C696E6465783E20697312
:1010A00020746865206E6574776F726B20696E744A
:1010B00065726661636520696E6465782E00000064
:1010C00053746F70207468652044686370763620AE
:1010D000636C69656E74206F7065726174696F6EA0
:1010E000206F6E2074686520696E74657266616336
:1010F000652E0A276E6574206468637076362063F7
:101100006C69656E742073746F70203C696E6465E1
:10111000783E270A3C696E6465783E2069732074C6
:101120006865206E6574776F726B20696E74657286
:101130006661636520696E6465782E004011070062
:10114000180C0700241007006811070000000000B9
:10115000000000000000000000000000000000008F
:1011600000000000000000006C1107003C0C0700AC
:10117000401007000000000069F5040002000000B4
:10118000C40C0700C01007000000000095F5040023
:10119000020000000000000000000000000000004D
:1011A0000000000000000000444E5320736572767A
:1011B00069636520646973636F76657279206E6F09
:1011C0007420737570706F727465642E205365742B
:1011D00020434F4E4649475F444E535F534420746B
:1011E0006F20656E61626C652069742E0A000000D4
:1011F000444E53207265736F6C766572206E6F7407
:1012000020737570706F727465642E20536574203E
:10121000434F4E4649475F444E535F5245534F4CF0
:1012200056455220746F20656E61626C652069744A
:101230002E0A0000444E53207265736F6C766572FF
:1012400000000000434F4E4649475F444E535F52F3
:1012500045534F4C56455200646E730053686F7788
:1012600020686F7720444E5320697320636F6E6649
:101270006967757265642E204F7074696F6E616C5A
:101280006C7920646F2061207175657279207573A7
:10129000696E67206120676976656E206E616D6595
:1012A0002E00000063616E63656C000043616E6335
:1012B000656C20616C6C2070656E64696E6720726D
:1012C000657175657374732E000000007175657229
:1012D00079000000276E657420646E73203C686F8F
:1012E00073746E616D653E205B41206F72204141D9
:1012F00041415D272071756572696573204950769B
:101300003420616464726573732028646566617556
:101310006C7429206F7220495076362061646472A3
:1013200065737320666F72206120686F7374206E1E
:10133000616D652E000000004C697374206C6F6352
:10134000616C20444E532073657276696365207228
:1013500065636F7264732E007365727669636500EE
:10136000276E657420646E73207365727669636599
:10137000203C736572766963652D64657363726979
:101380007074696F6E3E0A457865637574652044B4
:101390004E53207365727669636520646973636F69
:1013A000766572792071756572792E00B013070029
:1013B000A4120700AC12070000000000F9F50400B9
:1013C00000000000CC120700D4120700000000004B
:1013D000DDF504000000000054E5060038130700A6
:1013E00000000000C1F504000000000058130700D1
:1013F000601307000000000041F604000000000038
:1014000000000000000000000000000000000000DC
:10141000000000004E6574776F726B206D616E6125
:1014200067656D656E74206576656E747320617294
:1014300065206E6F7420737570706F727465642EA2
:101440002053657420434F4E4649475F4E45545FD5
:101450004D474D545F4556454E545F4D4F4E495490
:101460004F5220746F20656E61626C652069742E26
:101470000A0000006576656E747300004D6F6E693A
:10148000746F72206E6574776F726B206D616E6120
:1014900067656D656E74206576656E74732E0000E9
:1014A0005475726E206F6E206E6574776F726B204C
:1014B0006576656E74206D6F6E69746F72696E67A4
:1014C0002E0000005475726E206F6666206E657483
:1014D000776F726B206576656E74206D6F6E6974C0
:1014E0006F72696E672E0000EC140700403507002C
:1014F000A0140700000000005DF6040000000000DA
:10150000F8F20600C41407000000000095F604007D
:1015100000000000000000000000000000000000CB
:101520000000000000000000675054500000000060
:10153000434F4E4649475F4E45545F475054500015
:1015400067707470000000005072696E7420696EDC
:10155000666F726D6174696F6E2061626F75742061
:101560006750545020737570706F72742E000000B5
:10157000276E65742067707470205B3C706F7274A6
:101580003E5D27207072696E7473206465746169B2
:101590006C656420696E666F726D6174696F6E2030
:1015A00061626F7574206750545020706F72742E92
:1015B00000000000B81507001C1F07007015070089
:1015C00000000000B1F60400000000000000000070
:1015D000000000000000000000000000000000000B
:1015E0004854545020696E666F726D6174696F6EF5
:1015F00000000000434F4E4649475F485454505F37
:101600005345525645520000687474700000000043
:1016100053686F772048545450207365727669631D
:1016200065732E002573205B25735D2028257029A6
:1016300000000000556E737570706F7274656420E1
:10164000636F6D6D616E642C20706C6561736520D5
:10165000656E61626C6520434F4E4649475F4E455B
:10166000545F4C325F45544845524E455420616E9C
:101670006420434F4E4649475F4E45545F4C325FAE
:1016800045544845524E45545F4D474D540A00005D
:101690004E6F207375636820696E7465726661634E
:1016A0006520696E20696E6465782025640A0000F3
:1016B00044656661756C7420696E746572666163F9
:1016C000653A2025640A0A0055736167653A206E01
:1016D0006574206966616365207365745F6C696E0B
:1016E0006B203C696E6465783E203C537065656490
:1016F0003A31302F3130302F313030302F323530D9
:10170000302F353030303E205B4475706C65785D2D
:101710003A682F663E0A0000496E7465726661631E
:1017200065202564206973206E6F74204574686598
:10173000726E657420747970650A00004E6F2050D7
:1017400048592064657669636520666F756E64200C
:10175000666F7220696E74657266616365202564C8
:101760000A0000006E6F2D6175746F6E6567000072
:1017700032353030424153452068616C662D6475C6
:10178000706C6578206E6F7420737570706F7274F2
:1017900065640A0035303030424153452068616C41
:1017A000662D6475706C6578206E6F74207375702B
:1017B000706F727465640A00556E737570706F7225
:1017C0007465642073706565642025640A000000F8
:1017D0004E6F207370656564207370656369666918
:1017E00065640A004E6F2064656661756C742069DB
:1017F0006E746572666163650A0000004465666127
:10180000756C7420696E746572666163653A202533
:10181000640A00004661696C656420746F2073651A
:10182000742064656661756C7420696E7465726697
:1018300061636520746F2025640A000043616E6E49
:101840006F742074616B6520696E74657266616384
:101850006520256420646F776E20282564290A009E
:10186000496E746572666163652025642069732022
:10187000646F776E0A000000504F494E544F504F2E
:10188000494E542C0000000050524F4D4953432CF8
:10189000000000004E4F5F4155544F5F535441527A
:1018A000542C00004D434153545F464F5257415210
:1018B000442C0000495076342C0000004950763604
:1018C0002C0000004E4F5F4E442C00004E4F5F4DE9
:1018D0004C442C004155544F5F53544152542C00FA
:1018E000496E7465726661636520256420697320A2
:1018F000616C72656164792075702E0A00000000C9
:1019000043616E6E6F742074616B6520696E7465DF
:10191000726661636520256420757020282564291E
:101920000A000000496E7465726661636520256473
:101930002069732075700A003C3F3E00555000003E
:101940004F4E00004F4646003120476269747300D5
:10195000313030204D626974730000003130204D09
:10196000626974730000000068616C66000000002A
:1019700020696E66696E69746500000020203C6E07
:101980006F74206A6F696E65643E00000A496E7468
:1019900065726661636520257320282570292028DB
:1019A000257329205B25645D0A0000003D3D3D3D17
:1019B0003D3D3D3D3D3D3D3D3D3D3D3D3D3D3D3D57
:1019C0003D3D3D3D3D3D3D25730A0000496E74653A
:1019D000726661636520697320646F776E2E0A00FA
:1019E000574553545F544F504449522F7A6570689D
:1019F00079722F696E636C7564652F7A657068798A
:101A0000722F6E65742F6E65745F69662E680000B4
:101A10004C696E6B2061646472203A2025730A0061
:101A20004D5455202020202020203A2025640A00F3
:101A3000466C61677320202020203A2025730A001D
:101A4000446576696365202020203A20257320288C
:101A50002570290A000000005374617475732020FA
:101A600020203A206F7065723D25732C2061646DD3
:101A7000696E3D25732C20636172726965723D2524
:101A8000730A000045746865726E65742063617046
:101A90006162696C697469657320737570706F72C7
:101AA0007465643A0A0000000925730A000000000A
:101AB00045746865726E6574205048592064657677
:101AC0006963653A20257320282570290A000000E3
:101AD0003C6E6F6E653E0000656E61626C65640011
:101AE00049507634000000002573206E6F74202565
:101AF0007320666F72207468697320696E746572F2
:101B0000666163652E0A00004661696C6564207435
:101B10006F20676574206C696E6B207374617465E7
:101B200020282564290A000045746865726E657472
:101B3000206C696E6B2073706565643A2025732094
:101B40000000000025732D6475706C65780A000034
:101B50004950763420756E696361737420616464E2
:101B600072657373657320286D6178202564293A46
:101B70000A0000000925732F257320257320257383
:101B800025730A00093C6E6F6E653E0A0000000076
:101B900049507634206D756C74696361737420618B
:101BA000646472657373657320286D6178202564A1
:101BB000293A0A0009257325730A00004950763432
:101BC0002067617465776179203A2025730A0000E7
:101BD00069666163650000005072696E7420696E09
:101BE000666F726D6174696F6E2061626F757420CB
:101BF0006E6574776F726B20696E7465726661636F
:101C000065732E00276E65742069666163652075B3
:101C100070203C696E6465783E272074616B657343
:101C2000206E6574776F726B20696E746572666181
:101C300063652075702E0000276E657420696661EB
:101C4000636520646F776E203C696E6465783E271B
:101C50002074616B6573206E6574776F726B206999
:101C60006E7465726661636520646F776E2E000026
:101C7000276E6574206966616365203C696E6465E2
:101C8000783E272073686F7773206E6574776F7264
:101C90006B20696E7465726661636520696E666F3C
:101CA000726D6174696F6E2E000000007365745F61
:101CB0006D616300276E65742069666163652073DA
:101CC00065745F6D6163203C696E6465783E203C9D
:101CD0004D41433E272073657473204D414320617D
:101CE00064647265737320666F7220746865206E19
:101CF0006574776F726B20696E7465726661636577
:101D00002E000000276E657420696661636520649B
:101D1000656661756C74205B3C696E6465783E5DD8
:101D20002720646973706C617973206F722073650A
:101D30007473207468652064656661756C74206EC8
:101D40006574776F726B20696E7465726661636526
:101D50002E0000007365745F6C696E6B00000000FC
:101D6000276E6574206966616365207365745F6CB6
:101D7000696E6B203C696E6465783E203C537065EB
:101D800065642031302F3130302F313030302F32F8
:101D90003530302F353030303E203C4475706C6526
:101DA000785B6F7074696F6E616C5D3A682F663E28
:101DB000272073657473206C696E6B207370656582
:101DC0006420666F7220746865206E6574776F7228
:101DD0006B20696E746572666163652E0000000099
:101DE000545820636865636B73756D206F66666C0D
:101DF0006F616400525820636865636B73756D2072
:101E00006F66666C6F6164005669727475616C20F0
:101E10004C414E00564C414E205461672073747201
:101E2000697070696E670000322E352047626974F0
:101E300073000000352047626974730049454545C9
:101E4000203830322E314153206750545020636C7B
:101E50006F636B0049454545203830322E31516162
:101E60007620286372656469742073686170696E96
:101E70006729000049454545203830322E315162EE
:101E80007620287363686564756C6564207472617C
:101E900066666963290000004945454520383032AF
:101EA0002E3151627520286672616D6520707265F1
:101EB000656D7074696F6E290000000054585449B4
:101EC0004D45000050726F6D697363756F757320B7
:101ED0006D6F6465000000005072696F72697479FB
:101EE00020717565756573004D41432061646472AE
:101EF0006573732066696C746572696E67000000B3
:101F0000445341207573657220706F727400000035
:101F100044534120636F6E6475697420706F7274EE
:101F200000000000545854494D4520737570706F7F
:101F3000727465640000000054582D496E6A656330
:101F400074696F6E20737570706F727465640000D1
:101F5000541F070088D90600041C070010CB060098
:101F600059FD0400000000008CD90600381C070051
:101F700010CB060071FB0400000000002CD6060008
:101F8000701C070010CB060011F8040000000000D0
:101F9000AC1C0700B41C070010CB0600F1F70400CE
:101FA000000000003CF50600041D070010CB0600F1
:101FB000D9FA040000000000541D0700601D07004E
:101FC00010CB06008DF804000000000000000000A7
:101FD0000000000000000000000000000000000001
:101FE00001000000E01D070002000000F41D0700D2
:101FF00004000000081E070000400000141E070037
:10200000080000005C1907001000000050190700CC
:10201000200000004819070040000000281E0700AB
:1020200080000000341E0700000100003C1E070075
:1020300000020000541E070000000200741E07008A
:1020400000000400981E070000000800BC1E0700E6
:1020500000040000C41E070000080000D81E07008E
:1020600000100000E81E070000800000001F0700AD
:1020700000000100101F070000000800241F0700D7
:1020800000001000381F0700506C656173652073F5
:10209000706563696679207468652074617267652C
:1020A0007420696661636520696E6465782E0A0034
:1020B00022257322206973206E6F7420612076615F
:1020C0006C696420696661636520696E6465782E59
:1020D0000A00000069666163652077697468206999
:1020E0006E646578202225732220646F6573206EEC
:1020F0006F742065786973742E0A000025642028A7
:102100002570202D202573202D2025732900000007
:10211000756E6E616D656400696661636520257327
:10212000206E6F772069676E6F7265642E0A0000FB
:102130006966616365202573206E6F77207761740F
:10214000636865642E0A0000506C656173652073D6
:1021500070656369667920676574206F72207365A6
:10216000740A00006E6F6E6500000000506C6561BF
:10217000736520737065636966792074686520747F
:102180006172676574206966616365206E616D6563
:102190002E0A000069666163652077697468206EA5
:1021A000616D65202225732220646F6573206E6F38
:1021B000742065786973742E0A00000069666900EE
:1021C0002573206973206E6F7420612076616C69BD
:1021D00064207461726765742074797065206F7211
:1021E00020746172676574207370656369666965E0
:1021F000722E0A0056616C6964207461726765749E
:102200002073706563696669657273206172652009
:1022100027696669205B696E6465785D272C2027D5
:102220006966205B6E616D655D272C206F722027CB
:102230005B696E6465785D272E0A000069660000A0
:10224000546F6F206D616E7920617267732E0A0082
:10225000506C656173652073706563696679206190
:10226000207461726765742E0A00000054616B6906
:102270006E6720616C6C206E6F6E2D69676E6F7279
:102280006564206966616365732061646D696E2DA4
:1022900075702E0A0000000054616B696E6720693A
:1022A000666163652025732061646D696E2D7570AC
:1022B0002E0A00005468697320636F6D6D616E644F
:1022C000206475706C69636174657320276E657432
:1022D00020696661636520757027206966205B74DC
:1022E00061726765745D20213D20616C6C2E0A006F
:1022F000496E76616C6964207461726765742073DD
:10230000656C65637465642E0A000000495076347C
:10231000202B2049507636004950763600000000C8
:102320006E6F20495000000069676E6F726564002F
:1023300077617463686564006E6F7420626F756E98
:102340006400000061646D696E2D7570000000000E
:1023500061646D696E2D646F776E00006F706572D9
:102360002D7570006F7065722D646F776E000000C0
:102370006E6F7420636F6E6E656374656400000039
:102380006966616365202573206E6F7420747261C5
:10239000636B65642E0A00006966616365202573BE
:1023A000207374617475733A2025732C2025732C67
:1023B0002025732C2025732C2025732C2025732E8B
:1023C0000A00000049676E6F72696E6720616C6C6D
:1023D000206966616365732E0A00000057617463AB
:1023E00068696E6720616C6C206966616365732E35
:1023F0000A00000054616B696E6720616C6C206E8E
:102400006F6E2D69676E6F726564206966616365C2
:10241000732061646D696E2D646F776E2E0A000003
:1024200054616B696E67206966616365202573205E
:1024300061646D696E2D646F776E2E0A0000000076
:102440005468697320636F6D6D616E64206475708C
:102450006C69636174657320276E657420696661B9
:10246000636520646F776E27206966205B746172F4
:102470006765745D20213D20616C6C2E0A000000B0
:10248000496E737472756374696E6720616C6C2039
:102490006E6F6E2D69676E6F726564206966616329
:1024A000657320746F20636F6E6E6563742E0A000F
:1024B0006966616365202573206973206E6F7420DF
:1024C000626F756E6420746F206120636F6E6E653D
:1024D0006374697669747920696D706C656D656E79
:1024E000746174696F6E2C2063616E6E6F7420630B
:1024F0006F6E6E6563742E0A00000000496E73747F
:1025000072756374696E67206966616365202573FF
:1025100020746F20636F6E6E6563742E0A00000076
:10252000496E737472756374696E6720616C6C2098
:102530006E6F6E2D69676E6F726564206966616388
:10254000657320746F20646973636F6E6E65637466
:102550002E0A000069666163652025732069732077
:102560006E6F7420626F756E6420746F20612063DB
:102570006F6E6E656374697669747920696D706CCD
:10258000656D656E746174696F6E2C2063616E6E2B
:102590006F7420646973636F6E6E6563742E0A00D6
:1025A000496E737472756374696E672069666163DE
:1025B0006520257320746F206469736F6E6E656388
:1025C000742E0A0020286E6F2074696D656F757413
:1025D00029000000207365636F6E647300000000C3
:1025E00043616E6E6F74206765742F736574207419
:1025F000696D656F757420666F7220616C6C2069FF
:1026000066616365732E0A00506C656173652073A3
:1026100070656369667920612074696D656F757492
:102620002028696E207365636F6E6473292E0A001B
:102630002573206973206E6F7420612076616C6948
:10264000642074696D656F75742E0A006966616334
:1026500065202573206973206E6F7420626F756E1C
:102660006420746F206120636F6E6E656374697699
:1026700069747920696D706C656D656E74617469DB
:102680006F6E2C2063616E6E6F74206765742F739C
:10269000657420636F6E6E65637469766974792002
:1026A00074696D656F75742E0A000000536574209F
:1026B00074686520636F6E6E65637469766974799A
:1026C0002074696D656F757420666F72206966612C
:1026D000636520257320746F20256425732E0A00FE
:1026E00054686520636F6E6E65637469766974798A
:1026F0002074696D656F757420666F7220696661FC
:10270000636520257320697320256425732E0A00D4
:10271000494E56414C49440043616E6E6F742067C8
:1027200065742F73657420666C61677320666F72C1
:1027300020616C6C206966616365732E0A0000007D
:10274000506C65617365207370656369667920619B
:1027500020666C61672E0A0056616C696420666CA5
:102760006167206B6579776F726473206172653A77
:102770000A0000000925732C0A000000504552533E
:10278000495354454E5400004E4F5F4155544F5FDE
:10279000434F4E4E454354004E4F5F4155544F5F9B
:1027A000444F574E000000002573206973206E6F60
:1027B0007420612076616C696420666C61672E0A02
:1027C00000000000747275650000000066616C73A3
:1027D00065000000506C6561736520737065636906
:1027E00066792074727565206F722066616C7365FE
:1027F0002E0A0000696661636520257320697320D5
:102800006E6F7420626F756E6420746F2061206338
:102810006F6E6E656374697669747920696D706C2A
:10282000656D656E746174696F6E2C2063616E6E88
:102830006F74206765742F73657420636F6E6E65A7
:102840006374697669747920666C61672E0A00008A
:102850005365742074686520636F6E6E6563746978
:102860007669747920257320666C616720746F2007
:102870002573206F6E2069666163652025732E0ABB
:10288000000000005468652063757272656E7420E4
:1028900076616C7565206F662074686520257320ED
:1028A000636F6E6E656374697669747920666C61B6
:1028B00067206F6E206966616365202573206973E8
:1028C0002025732E0A000000636D0000436F6E74B4
:1028D000726F6C20636F6E6E5F6D67722E0000000A
:1028E000276E657420636D20737461747573205B4B
:1028F0007461726765745D272073686F77732074E5
:10290000686520636F6E6E6563746976697479209B
:10291000737461747573206F6620746865207370BA
:102920006563696669656420696661636528732902
:102930002E00000069676E6F72650000276E657477
:1029400020636D2069676E6F7265205B74617267CA
:1029500065745D272069676E6F72657320746865A2
:102960002073706563696669656420696661636583
:102970002873292E0000000077617463680000004E
:10298000276E657420636D207761746368205B74C3
:1029900061726765745D2720776174636865732071
:1029A000746865207370656369666965642069662B
:1029B0006163652873292E00636F6E6E6563740012
:1029C000276E657420636D20636F6E6E656374207F
:1029D0005B7461726765745D2720636F6E6E6563FB
:1029E00074732074686520737065636966696564D3
:1029F0002069666163652873292E0000646973632A
:102A00006F6E6E6563740000276E657420636D20C1
:102A1000646973636F6E6E656374205B7461726763
:102A200065745D2720646973636F6E6E656374738C
:102A300020746865207370656369666965642069E0
:102A4000666163652873292E00000000276E657497
:102A500020636D207570205B7461726765745D27FB
:102A60002074616B65732074686520737065636999
:102A700066696564206966616365287329206164FD
:102A80006D696E2D75702E00276E657420636D2044
:102A9000646F776E205B7461726765745D27207464
:102AA000616B65732074686520737065636966691E
:102AB00065642069666163652873292061646D69B6
:102AC0006E2D646F776E2E00666C616700000000EB
:102AD000276E657420636D20666C6167205B74618E
:102AE000726765745D205B6765742F7365745D2024
:102AF0005B666C61675D205B76616C75655D272048
:102B000067657473206F722073657473206120662B
:102B10006C616720666F72207468652073706563EE
:102B200069666965642069666163652E000000005E
:102B3000276E657420636D2074696D656F757420F0
:102B40005B7461726765745D205B6765742F736584
:102B5000745D205B76616C75655D272067657473B5
:102B6000206F722073657473207468652074696DBA
:102B7000656F757420666F72207468652073706568
:102B80006369666965642069666163652E0000009B
:102B9000942B0700F4D50600E02807000000000091
:102BA000810A050001020000342907003C290700C2
:102BB00000000000090B0500010200007829070051
:102BC0008029070000000000F50B0500010200004D
:102BD000B8290700C029070000000000D90D050032
:102BE00001020000FC290700082A0700000000007D
:102BF000E50E05000102000088D906004C2A0700F6
:102C00000000000045080500010200008CD9060004
:102C1000882A070000000000E10C05000102000006
:102C2000C82A0700D02A0700000000001D12050076
:102C30000105000020D70600302B0700000000002F
:102C4000F10F05000104000000000000000000007A
:102C50000000000000000000000000007C270700CA
:102C600000000000882707000100000098270700E7
:102C7000020000004950763420737570706F7274D2
:102C80002020202020202020202020202020202044
:102C900020202020202020202020202020203A201A
:102CA00025730A0064697361626C6564000000004A
:102CB0004950763420667261676D656E746174691F
:102CC0006F6E20737570706F72742020202020202A
:102CD000202020202020202020203A2025730A00B8
:102CE0004950763420636F6E666C69637420646546
:102CF00074656374696F6E20737570706F72742081
:102D0000202020202020202020203A2025730A0087
:102D100050617468204D545520446973636F766523
:102D200072792028504D5455292020202020202021
:102D3000202020202020202020203A2025730A0057
:102D40004D6178206E756D626572206F6620495006
:102D50007634206E6574776F726B20696E7465725D
:102D6000666163657320696E20746865207379738A
:102D700074656D202020202020202020203A20254E
:102D8000640A00004D6178206E756D626572206F77
:102D90006620756E696361737420495076342061D2
:102DA000646472657373657320706572206E6574F8
:102DB000776F726B20696E7465726661636520203F
:102DC000203A2025640A00004D6178206E756D62FE
:102DD0006572206F66206D756C7469636173742011
:102DE0004950763420616464726573736573207032
:102DF0006572206E6574776F726B20696E74657290
:102E000066616365203A2025640A00000A4950760D
:102E1000342061646472657373657320666F722019
:102E2000696E74657266616365202564202825706B
:102E30002920282573290A003D3D3D3D3D3D3D3D6E
:102E40003D3D3D3D3D3D3D3D3D3D3D3D3D3D3D3DB2
:102E50003D3D3D3D3D3D3D3D3D3D3D3D3D3D3D3DA2
:102E60003D3D3D3D25730A004E6F2049507634208C
:102E7000636F6E66696720666F756E6420666F7239
:102E8000207468697320696E746572666163652E6B
:102E90000A0000005479706520202020202009536A
:102EA00074617465202020200952656609416464BC
:102EB000726573730A0000002573202009257320B2
:102EC00020202009256C640925732F25730A000032
:102ED000436F72726563742075736167653A206E23
:102EE0006574206970763420676174657761792034
:102EF0003C696E6465783E203C67617465776179F2
:102F00005F69703E0A000000496E76616C6964205A
:102F1000616464726573733A2025730A00000000CF
:102F2000436F72726563742075736167653A206ED2
:102F30006574206970763420616464203C696E6435
:102F400065783E203C616464726573733E205B3C2F
:102F50006E65746D61736B3E5D0A00006A6F696E29
:102F60000000000043616E6E6F74202573206D7544
:102F70006C7469636173742067726F757020257358
:102F800020666F7220696E746572666163652025C4
:102F90006420282564290A004E65746D61736B20D6
:102FA0006973206D697373696E672E0A00000000F3
:102FB00043616E6E6F742061646420616464726545
:102FC000737320257320746F20696E746572666157
:102FD00063652025640A0000496E76616C6964208F
:102FE0006E65746D61736B3A20257300436F727266
:102FF0006563742075736167653A206E6574206936
:103000007076342064656C203C696E6465783E207F
:103010003C616464726573733E0000006C656176A8
:10302000650000004661696C656420746F2064650A
:103030006C6574652025730A0000000069707634A1
:10304000000000005072696E7420696E666F726DC8
:103050006174696F6E2061626F75742049507634B7
:1030600020737065636966696320696E666F726D4F
:103070006174696F6E20616E6420636F6E6669674C
:1030800075726174696F6E2E0000000061646400E7
:10309000276E6574206970763420616464203C6911
:1030A0006E6465783E203C616464726573733E2093
:1030B0005B3C6E65746D61736B3E5D27206164647B
:1030C0007320746865206164647265737320746F23
:1030D0002074686520696E746572666163652E0090
:1030E00064656C00276E65742069707634206465B1
:1030F0006C203C696E6465783E203C616464726556
:1031000073733E272064656C65746573207468650D
:1031100020616464726573732066726F6D207468D9
:103120006520696E746572666163652E000000003B
:103130006761746577617900276E657420697076C0
:10314000342067617465776179203C696E646578C5
:103150003E203C676174657761795F69703E272026
:1031600073657473204950763420676174657761A4
:103170007920666F722074686520696E7465726666
:103180006163652E000000008C3107008C30070061
:103190009030070000000000451805000000000006
:1031A000E0300700E430070000000000E1190500EE
:1031B0000000000030310700383107000000000037
:1031C000B51705000000000000000000000000002E
:1031D00000000000000000000000000049507636AA
:1031E00020737570706F72742020202020202020A2
:1031F00020202020202020202020202020202020CF
:103200002020202020203A2025730A00434F4E46DC
:1032100049475F4E45545F4950563600434F4E462E
:1032200049475F4E45545F4E4154495645000000A2
:1032300053657420257320616E6420257320746F9C
:1032400020656E61626C65206E617469766520250B
:103250007320737570706F72742E0A006970763601
:10326000000000005072696E7420696E666F726DA6
:103270006174696F6E2061626F7574204950763693
:1032800020737065636966696320696E666F726D2D
:103290006174696F6E20616E6420636F6E6669672A
:1032A00075726174696F6E2E00000000276E657480
:1032B000206970763620616464203C696E646578AC
:1032C0003E203C616464726573733E2720616464D0
:1032D0007320746865206164647265737320746F11
:1032E0002074686520696E746572666163652E007E
:1032F000276E657420697076362064656C203C69A1
:103300006E6465783E203C616464726573733E2729
:103310002064656C657465732074686520616464FD
:10332000726573732066726F6D2074686520696EB4
:10333000746572666163652E0000000070650000B0
:103340006E65742069707636207065206164642033
:103350005B616C6C6F777C64656E795D203C495075
:103360007636207072656669783E0A416464204949
:10337000507636206164647265737320746F2066C2
:10338000696C746572206C6973742E2054686520B2
:10339000616C6C6F772F64656E7920706172616DFE
:1033A000657465722074656C6C732069662074683E
:1033B000697320697320616C6C6F77206C6973741A
:1033C00065642028616363657074656429206F7289
:1033D0002064656E79206C69737465642028646567
:1033E000636C696E656429207072656669782E2049
:1033F00044656661756C7420697320746F20616C1C
:103400006C6F77206C6973742074686520707265C6
:103410006669782E0A697076362070652064656C5E
:10342000203C49507636207072656669783E0A44C1
:10343000656C6574652049507636206164647265F8
:1034400073732066726F6D2066696C746572206C90
:103450006973742E000000005C3407008C30070094
:10346000AC32070000000000611B050000000000F6
:10347000E0300700F0320700000000008D1B05005F
:10348000000000003C33070040330700000000004C
:10349000251B0500000000000000000000000000E7
:1034A000000000000000000000000000467261679C
:1034B0006D656E74206C656E67746820256420628B
:1034C000797465730A0000004E6574776F726B2023
:1034D00062756666657220706F6F6C733A0A0000E1
:1034E000416464726573730909546F74616C094EA9
:1034F000616D650A000000002570092564095258B5
:103500000A00000025700925640954580A000000CB
:10351000257009256409525820444154410A00008D
:10352000257009256409545820444154410A00007B
:103530006E65745F62756620616C6C6F636174693F
:103540006F6E0000434F4E4649475F4E45545F4201
:1035500055465F504F4F4C5F555341474500000063
:103560006D656D005072696E7420696E666F726D64
:103570006174696F6E2061626F7574206E65747717
:103580006F726B206D656D6F727920757361676501
:103590002E0000004E617469766520495076362011
:1035A0006E6F7420656E61626C65642E0A000000A7
:1035B0006E6272005072696E74206E65696768622F
:1035C0006F7220696E666F726D6174696F6E2E0026
:1035D000726D0000276E6574206E627220726D201D
:1035E0003C616464726573733E272072656D6F760B
:1035F0006573206E65696768626F722066726F6DB1
:103600002063616368652E000C360700D035070023
:10361000D435070000000000A11C050000000000D8
:10362000000000000000000000000000000000009A
:103630000000000074696D653D2564206D73000015
:1036400025642062797465732066726F6D2025731E
:1036500020746F2025733A2069636D705F73657104
:103660003D25642074746C3D25642025730A000098
:103670005061727365206572726F723A2025730A09
:1036800000000000556E7265636F676E697A65644D
:1036900020617267756D656E743A2025730A0000AB
:1036A00054617267657420686F7374206D697373F9
:1036B000696E670A0000000043616E6E6F742069D6
:1036C0006E697469616C697A652049434D50206365
:1036D0006F6E7465787420666F722025730A00001F
:1036E000496E76616C69642049502061646472653A
:1036F00073730A0050494E472025730A00000000EA
:1037000050696E672074696D656F75740A000000FA
:103710004661696C656420746F2073656E64207007
:10372000696E672C206572723A20256400000000E3
:1037300050696E672061206E6574776F726B2068C8
:103740006F73742E00000000276E65742070696E20
:1037500067205B2D6320636F756E745D205B2D6940
:1037600020696E74657276616C206D735D205B2DCF
:1037700049203C696661636520696E6465783E5DD9
:10378000205B2D5120746F735D205B2D7320706161
:10379000796C6F61642073697A655D205B2D7020A0
:1037A0007072696F726974795D203C686F73743EE2
:1037B000272053656E642049434D507634206F7244
:1037C0002049434D507636204563686F2D52657110
:1037D0007565737420746F2061206E6574776F72E5
:1037E0006B20686F73742E00EC370700CCF2060074
:1037F00048370700000000008D1E05000000000093
:1038000000000000000000000000000000000000B8
:1038100000000000496E76616C696420707472204B
:1038200076616C756520282573292E204578616D99
:10383000706C653A20307830313032303330340AB1
:1038400000000000506F696E746572206973206E0D
:103850006F74207265636F676E697A656420617347
:10386000206E65745F706B7420282573292E0A0002
:103870006E65745F706B7420257020627566666576
:103880007220636861696E3A0A00000025705B254A
:103890006C645D002D3E000025705B256C642F2557
:1038A00075202825752F2575295D00006E65745FCC
:1038B000706B74202570206275666665722063687F
:1038C00061696E2068657864756D703A0A00000061
:1038D0006E65745F6275665B25645D2025700A0005
:1038E000706B74006E65745F706B7420696E666FC8
:1038F000726D6174696F6E2E00000000276E657432
:1039000020706B74203C70747220696E206865783A
:103910003E27205072696E7420696E666F726D6109
:1039200074696F6E2061626F757420676976656E69
:10393000206E65745F706B740000000040390700F2
:10394000CCF20600FC38070000000000452205000C
:103950000000000000000000000000000000000067
:1039600000000000000000007061636B6574206659
:10397000696C74657220696E666F726D6174696FCF
:103980006E000000434F4E4649475F4E45545F501E
:103990004B545F46494C54455200000066696C74B4
:1039A000657200005072696E7420696E666F726D88
:1039B0006174696F6E2061626F7574206E657477D3
:1039C0006F726B207061636B65742066696C7465DF
:1039D00072732E00434F4E4649475F4E45545F4930
:1039E0005056365F504D5455206F7220434F4E460F
:1039F00049475F4E45545F495056345F504D5455CA
:103A000000000000706D74750000000053686F774F
:103A100020504D545520696E666F726D6174696FE8
:103A20006E2E000052656D6F766520616C6C2065AE
:103A30006E74726965732066726F6D20504D5455B7
:103A40002064657374696E6174696F6E206361636D
:103A500068652E00583A070064060700243A0700FC
:103A600000000000ED240500000000000000000040
:103A70000000000000000000000000000000000046
:103A800050505000434F4E4649475F4E45545F4C9F
:103A9000325F50505020616E6420434F4E4649477C
:103AA0005F4E45545F50505000000000434F4E465B
:103AB00049475F4E45545F4C325F50505000000004
:103AC0007070700050505020696E666F726D617436
:103AD000696F6E2E00000000276E65742070707094
:103AE0002070696E67203C696E6465783E2720739C
:103AF000656E6473204563686F2D726571756573BB
:103B00007420746F2050505020696E746572666125
:103B100063652E00276E6574207070702073746169
:103B200074757327207072696E747320696E666F86
:103B3000726D6174696F6E2061626F757420505090
:103B4000502E0000483B07006C610700D83A070080
:103B5000000000004525050000000000F4D5060027
:103B6000143B0700000000001925050000000000BC
:103B70000000000000000000000000000000000045
:103B800000000000596F75206E6565642061206E2D
:103B90006574776F726B20647269766572207375D5
:103BA00070706F7274696E6720506F776572204D08
:103BB000616E6167656D656E742E0A00526573757E
:103BC0006D652061206E6574776F726B20696E740D
:103BD00065726661636500006E6574776F726B2055
:103BE000726F757465000000434F4E4649475F4E43
:103BF00045545F524F5554450000000053657420F2
:103C0000257320616E6420257320746F20656E61BA
:103C1000626C65206E61746976652025732073750A
:103C200070706F72742E20416E6420656E61626CDC
:103C30006520434F4E4649475F4E45545F524F55AE
:103C400054450A0053657420257320616E64202555
:103C50007320746F20656E61626C65206E6174699B
:103C6000766520257320737570706F72742E2041F5
:103C70006E6420656E61626C6520434F4E46494715
:103C80005F4E45545F524F5554452E0A00000000C8
:103C900053686F77206E6574776F726B20726F75E3
:103CA00074652E00276E657420726F7574652061CF
:103CB0006464203C696E6465783E203C646573747E
:103CC000696E6174696F6E3E203C676174657761EF
:103CD000793E2720616464732074686520726F7573
:103CE000746520746F207468652064657374696EF0
:103CF0006174696F6E2E0000276E657420726F7597
:103D000074652064656C203C696E6465783E203C77
:103D100064657374696E6174696F6E3E27206465B3
:103D20006C657465732074686520726F75746520A6
:103D3000746F207468652064657374696E6174695A
:103D40006F6E2E00483D07008C300700A43C070032
:103D500000000000F525050000000000E03007002D
:103D6000F83C070000000000B92505000000000035
:103D70000000000000000000000000000000000043
:103D800000000000736F636B657420696E666F726C
:103D90006D6174696F6E0000434F4E4649475F4F37
:103DA000424A5F434F524520616E6420434F4E4666
:103DB00049475F4E45545F534F434B4554535F4F04
:103DC000424A5F434F524500536F636B65742073E3
:103DD000657276696365206E6F7420737570706F9D
:103DE000727465642E0A0000736F636B65747300F0
:103DF00053686F77206E6574776F726B20736F6393
:103E00006B6574732E0000006B65792D76616C759F
:103E1000650000006865782D626C6F62000000002C
:103E2000626F746800000000636F6D6D6F6E00005C
:103E300076656E646F7200000A496E746572666121
:103E400063652025702028257329205B25645D0A81
:103E500000000000495076342072656376202020EF
:103E600020202025750973656E7409257509647213
:103E70006F7009257509666F7277617264656409F0
:103E800025750A0049502076686C657272202020E2
:103E900020202025750968626C656E65720925759C
:103EA000096C626C656E65720925750A0000000078
:103EB000495020667261676572722020202020259B
:103EC000750963686B6572720925750970726F7484
:103ED0006F65720925750A0049434D50207265636C
:103EE0007620202020202025750973656E74092511
:103EF000750964726F700925750A000049434D50B9
:103F0000207479706565722020202025750963680A
:103F10006B6572720925750A0000000049474D5013
:103F20002072656376202020202020257509736586
:103F30006E740925750964726F700925750A000091
:103F400055445020726563762020202020202025B3
:103F5000750973656E740925750964726F7009259A
:103F6000750A00005544502063686B65727220200A
:103F700020202025750A0000544350206279746582
:103F800073207265637620256C6C750973656E7499
:103F900009256C6C7509726573656E740925750A5F
:103FA00000000000544350207365672072656376FB
:103FB00020202025750973656E74092575096472C2
:103FC0006F700925750A00005443502073656720FF
:103FD000726573656E742025750963686B6572720E
:103FE0000925750961636B6572720925750A000000
:103FF0005443502073656720727374657272202574
:1040000075097273740925750A0000005443502025
:10401000636F6E6E2064726F702020257509636F68
:104020006E6E7273740925750A00000054435020A7
:10403000706B742064726F7020202025750A000058
:1040400042797465732072656365697665642025BD
:104050006C6C750A0000000042797465732073650A
:104060006E742020202020256C6C750A0000000052
:104070000A476C6F62616C20737461746973746950
:1040800063730A003D3D3D3D3D3D3D3D3D3D3D3D74
:104090003D3D3D3D3D0A000050726F63657373699D
:1040A0006E67206572722025750A00004E65747770
:1040B0006F726B20696E7465726661636520696EEC
:1040C000646578206D697373696E67210A0000006A
:1040D00053686F77206E6574776F726B20737461AD
:1040E000746973746963732E0000000053686F77FE
:1040F000206E6574776F726B20737461746973746A
:1041000069637320666F7220616C6C206E657477D2
:104110006F726B20696E74657266616365732E0AD7
:1041200055736167653A206E6574207374617473AA
:1041300020616C6C205B636F6D6D6F6E7C76656E5D
:10414000646F727C616C6C5D205B6B65792D766150
:104150006C75657C6865782D626C6F627C626F74CB
:10416000685D0000276E6574207374617473203C71
:10417000696E6465783E205B6F7074696F6E735D05
:10418000272073686F7773206E6574776F726B206A
:104190007374617469737469637320666F72206FDE
:1041A0006E65207370656369666963206E657477F8
:1041B0006F726B20696E746572666163652E0A5456
:1041C0007970652066696C7465723A0A2020636FA5
:1041D0006D6D6F6E3A204F6E6C7920636F6D6D6FF1
:1041E0006E2073746174732028736B69707320463A
:1041F00057207175657279290A202076656E646F83
:10420000723A204F6E6C792076656E646F722D73F2
:10421000706563696669632073746174730A202032
:10422000616C6C3A20202020416C6C2073746174A6
:1042300073202864656661756C74290A56656E641E
:104240006F7220737461747320666F726D61742075
:10425000286F6E6C79206170706C69657320776867
:10426000656E2076656E646F72207374617473205E
:1042700073686F776E293A0A20206B65792D766115
:104280006C75653A204B65792D76616C756520708B
:1042900061697273202864656661756C74290A20EF
:1042A000206865782D626C6F623A2020486578201E
:1042B000626C6F6220666F722070617273696E67E4
:1042C0000A2020626F74683A202020202020426F4C
:1042D000746820666F726D6174730000E0420700BD
:1042E000C0D30600EC400700000000004127050095
:1042F00000000000D01B07006441070014CB06003B
:10430000192C050000000000000000000000000063
:1043100000000000000000000000000053757370F2
:10432000656E642061206E6574776F726B20696EB4
:1043300074657266616365004E6F7420636F6E6EA4
:1043400065637465640A000043616E6E6F74206378
:104350006C6F73652074686520636F6E6E6563743F
:10436000696F6E20282564290A000000436F6E6E75
:10437000656374696F6E20636C6F7365642E0A00E9
:1043800043616E6E6F742072656376206461746140
:1043900020282564290A0000436F6E6E65637469E6
:1043A0006F6E20636C6F7365642062792072656D37
:1043B0006F746520706565722E0A0000257A75207D
:1043C00062797465732072656365697665640A0055
:1043D0004E6F206461746120746F2073656E642E6B
:1043E0000A00000043616E6E6F742073656E642076
:1043F0006D736720282564290A0000004D657373DA
:104400006167652073656E740A0000005443502094
:10441000636F6E6E656374696F6E206661696C654B
:104420006420282564290A0054435020636F6E6E6F
:1044300065637465640A0000416C7265616479208B
:10444000636F6E6E65637465640A00005065657223
:104450002049502061646472657373206D697373C1
:10446000696E672E0A0000005065657220706F72D9
:1044700074206D697373696E672E0A00496E7661E8
:104480006C696420706F72742025730A000000004C
:10449000496E76616C6964204950763420616464A9
:1044A000726573730A000000436F6E6E6563746912
:1044B0006E672066726F6D2025733A2575200000A7
:1044C000746F2025733A25750A00000043616E6EF3
:1044D0006F74206765742054435020636F6E746559
:1044E000787420282564290A0000000043616E6E5C
:1044F0006F742062696E642054435020282564291B
:104500000A000000436F6E6E656374206661696C1B
:104510006564210A00000000436F6E6E6563742FAE
:1045200073656E642F636C6F736520544350206312
:104530006F6E6E656374696F6E2E0000276E657412
:104540002074637020636F6E6E656374203C6164D9
:1045500064726573733E203C706F72743E272063F3
:104560006F6E6E6563747320746F205443502070B7
:104570006565722E0000000073656E640000000027
:10458000276E6574207463702073656E64203C64CC
:104590006174613E272073656E6473206461746189
:1045A00020746F2070656572207573696E67205482
:1045B00043502E007265637600000000276E65741C
:1045C0002074637020726563762720726563656965
:1045D0007665732064617461207573696E67205419
:1045E00043502E00636C6F7365000000276E657486
:1045F0002074637020636C6F73652720636C6F7326
:1046000065732054435020636F6E6E656374696FE9
:104610006E2E000018460700B82907003C45070029
:104620000000000079300500000000007845070018
:104630008045070000000000912F050000000000E9
:10464000B4450700BC450700000000005D2E0500D2
:1046500000000000E4450700EC45070000000000F2
:10466000E92D05000000000000000000000000002F
:1046700000000000000000000000000052656365BB
:104680006976656420554450207061636B65743AA7
:10469000200000004E6574776F726B20636F6E743C
:1046A000657874206973206E6F7420757365642E4D
:1046B0002043616E6E6F7420636C6F73652E0A0009
:1046C00043616E6E6F7420636C6F73652055445048
:1046D00020706F727420282564290A004E6F7420A0
:1046E000656E6F75676820617267756D656E74734E
:1046F00020676976656E20666F722075647020622F
:10470000696E6420636F6D6D616E640A0000000065
:10471000496E76616C696420706F7274206E756D7D
:104720006265720A000000004E6574776F726B203C
:10473000636F6E7465787420616C72656164792052
:10474000696E207573650A0043616E6E6F74206731
:1047500065742055445020636F6E7465787420280A
:104760002564290A0000000062696E6400000000F0
:104770004950763620616E6420495076342061724B
:10478000652064697361626C65642C2063616E6E80
:104790006F742025732E0A004E6F20696E74657247
:1047A0006661636520746F2073656E6420746F208A
:1047B000676976656E20686F73740A0042696E647B
:1047C000696E6720746F2055445020706F7274209A
:1047D0006661696C656420282564290A0000000070
:1047E000526563656976696E672066726F6D2055E4
:1047F000445020706F7274206661696C6564202873
:104800002564290A0000000043616E6E6F742070F9
:1048100075742055445020636F6E74657874202839
:104820002564290A000000004E6F7420656E6F75C4
:10483000676820617267756D656E7473206769764D
:10484000656E20666F72207564702073656E6420DB
:10485000636F6D6D616E640A0000000053657474CF
:10486000696E67207263762063616C6C6261636B52
:10487000206661696C656420282564290A000000AF
:1048800053656E64696E67207061636B6574206642
:1048900061696C656420282564290A00554450200C
:1048A0007061636B65742073656E64696E67206602
:1048B00061696C65640A00007564700053656E641C
:1048C0002F7265637620554450207061636B657468
:1048D00000000000276E6574207564702062696EA8
:1048E00064203C616464723E203C706F72743E27A9
:1048F0002062696E647320746F20554450206C6F81
:1049000063616C20706F72742E000000276E6574F6
:104910002075647020636C6F73652720636C6F7300
:1049200065732070726576696F75736C7920626F3C
:10493000756E6420706F72742E000000276E6574AF
:10494000207564702073656E64203C686F73743EDC
:10495000203C706F72743E203C7061796C6F6164B2
:104960003E272073656E6473205544502070616348
:104970006B657420746F2061206E6574776F726B45
:1049800020686F73742E00008C4907006847070089
:10499000D448070000000000CD33050000000000EF
:1049A000E44507000C4907000000000071330500D2
:1049B00000000000784507003C49070000000000A7
:1049C0009535050000000000000000000000000018
:1049D0000000000000000000000000007669727412
:1049E00075616C206E6574776F726B20696E74658B
:1049F0007266616365000000434F4E4649475F4E53
:104A000045545F4C325F5649525455414C000000AA
:104A10007669727475616C0053686F772F6D616E83
:104A20006970756C617465207669727475616C204B
:104A30006E6574776F726B20696E74657266616300
:104A400065732E0061747461636800004174746161
:104A500063682061206E6574776F726B20696E7475
:104A600065726661636520746F20616E6F7468653E
:104A70007220696E746572666163652E0A277669B5
:104A8000727475616C20617474616368203C757028
:104A9000706572207669727475616C2069666163F5
:104AA0006520696E6465783E203C6C6F7765722086
:104AB000696661636520696E6465783E2700000061
:104AC00064657461636800004465746163682061B3
:104AD000206E6574776F726B20696E7465726661A3
:104AE00063652066726F6D20616E6F7468657220F9
:104AF000696E746572666163652E0A2776697274E1
:104B000075616C20646574616368203C75707065C4
:104B100072207669727475616C20696661636520C4
:104B2000696E6465783E270053686F7720766972F6
:104B30007475616C20696E74657266616365206965
:104B40006E666F726D6174696F6E2E0A2776697278
:104B50007475616C2073686F77270000604B0700E5
:104B6000444A07004C4A070000000000F5370500E2
:104B700003000000C04A0700C84A07000000000008
:104B8000C9370500020000002CD60600284B07009C
:104B9000000000009D37050001010000000000003A
:104BA0000000000000000000000000000000000005
:104BB000564C414E00000000434F4E4649475F4E61
:104BC00045545F564C414E00766C616E000000000B
:104BD00053686F7720564C414E20696E666F726D38
:104BE0006174696F6E2E0000276E657420766C61AB
:104BF0006E20616464203C7461673E203C696E6491
:104C000065783E27206164647320564C414E2074C1
:104C1000616720746F20746865206E6574776F72A9
:104C20006B20696E746572666163652E000000001A
:104C3000276E657420766C616E2064656C203C7410
:104C400061673E272064656C6574657320564C412E
:104C50004E207461672066726F6D20746865206EE7
:104C60006574776F726B20696E74657266616365D7
:104C70002E000000784C07008C300700E84B07003E
:104C8000000000007938050003000000E030070054
:104C9000304C0700000000004D3805000200000005
:104CA0000000000000000000000000000000000004
:104CB00000000000576562736F636B65740000004D
:104CC000434F4E4649475F574542534F434B455428
:104CD0005F434C49454E5400776562736F636B6563
:104CE000740000005072696E7420696E666F726D98
:104CF0006174696F6E2061626F75742057656253CD
:104D00006F636B657420636F6E6E656374696F6E3D
:104D1000732E000071627600434F4E4649475F4E46
:104D200045545F514256000053657420257320742A
:104D30006F20656E61626C652025732073757070DD
:104D40006F72742E0A0A000045746865726E65748D
:104D5000206E6574776F726B206D616E6167656D33
:104D6000656E7420696E746572666163650000002B
:104D7000434F4E4649475F4E45545F4C325F455462
:104D80004845524E45545F4D474D54005162762080
:104D9000636F6D6D616E647300000000456E61624B
:104DA0006C653A20656E61626C65203C6966616382
:104DB000655F696E6465783E203C76616C75652838
:104DC0006F66662C206F6E293E0000007365745F6D
:104DD000636F6E666967000053657420636F6E666B
:104DE00069673A207365745F636F6E666967203C1C
:104DF00069666163655F696E6465783E203C6261E7
:104E000073655F74696D652873293E203C62617328
:104E1000655F74696D6528322A282D3136296E73D5
:104E2000293E203C6379636C655F74696D65287306
:104E3000293E203C6379636C655F74696D65286EFB
:104E400073293E203C6379636C655F74696D655FAF
:104E5000657874286E73293E203C6C6973745F6CAE
:104E6000656E3E007365745F676300005365742070
:104E70006761746520636F6E74726F6C3A2073653E
:104E8000745F6763203C69666163655F696E646532
:104E9000783E203C726F773E203C676174655F63AB
:104EA0006F6E74726F6C3E203C696E7465727661D1
:104EB0006C3E00006765745F696E666F00000000FD
:104EC00047657420696E666F3A206765745F696E26
:104ED000666F203C69666163655F696E6465783EF4
:104EE00000000000E84E0700900807009C4D0700F6
:104EF000000000003939050003000000CC4D070018
:104F0000D84D0700000000006D39050008000000C2
:104F1000644E07006C4E070000000000A139050038
:104F200005000000B44E0700C04E0700000000005E
:104F3000053905000200000000000000000000002C
:104F4000000000000000000000000000574553541E
:104F50005F544F504449522F7A65706879722F73AD
:104F600075627379732F6E65742F6C322F65746858
:104F700065726E65742F65746865726E65742E63F4
:104F80000000000006FFFFFFFFFFFF00FFFFFFFF25
:104F9000FFFF000041525000574553545F544F509B
:104FA0004449522F7A65706879722F7375627379EC
:104FB000732F6E65742F69702F6E65745F737461E3
:104FC00074732E6800000000574553545F544F50CF
:104FD0004449522F7A65706879722F7375627379BC
:104FE000732F6E65742F69702F6E65745F69662EFE
:104FF000630000003C696E76616C69643E000000ED
:10500000776C616E2564000065746825640000009B
:105010006E65742564000000554E4B4E4F574E0090
:105020004E4F5450524553454E5400004C4F574537
:10503000524C41594552444F574E00005445535429
:10504000494E4700444F524D414E540018500700FE
:1050500020500700A02707002C5007003C500700F5
:10506000445007003C1907004E45545F4F4B000069
:105070004E45545F434F4E54494E55450000000085
:105080004E45545F44524F50000000003C756E6B1B
:105090006E6F776E3E00000049434D50763400003D
:1050A000544350005544500049434D50763600005B
:1050B00043414E5F52415700554E4B5F50524F5443
:1050C0004F000000FFFFFFFF000000005745535452
:1050D0005F544F504449522F7A65706879722F732C
:1050E00075627379732F6E65742F69702F6E657496
:1050F0005F6D676D742E63006E65745F6D676D74B0
:1051000000000000574553545F544F504449522FFC
:105110007A65706879722F7375627379732F6E6513
:10512000742F69702F6E65745F636F6E7465787429
:105130002E630000040207004451070080000000B5
:1051400000000000088203200402070058510700F5
:105150008000000000000000F897032072785F7163
:105160005B25645D000000000000000000000000FE
:10517000E0000002E0000001574553545F544F50D7
:105180004449522F7A65706879722F73756273790A
:10519000732F6E65742F69702F7463702E63000017
:1051A0007463705F776F726B000000005443505F50
:1051B000554E5553454400005443505F434C4F53A4
:1051C000454400005443505F4C495354454E000041
:1051D0005443505F53594E5F53454E5400000000F6
:1051E0005443505F53594E5F5245434549564544D9
:1051F000000000005443505F45535441424C495312
:10520000484544005443505F46494E5F5741495416
:105210005F3100005443505F46494E5F5741495447
:105220005F3200005443505F434C4F53455F57413A
:10523000495400005443505F434C4F53494E47007C
:105240005443505F4C4153545F41434B00000000B6
:105250005443505F54494D455F5741495400000045
:10526000AC510700B8510700C4510700D0510700E6
:10527000E0510700F45107000452070014520700E0
:1052800024520700345207004052070050520700D2
:105290003139322E3136382E312E353000000000B3
:1052A000496E697469616C697A696E67206E6574AC
:1052B000776F726B00000000636F6E6E5F6D6772D8
:1052C0005F6D6F6E69746F72000000005745535434
:1052D0005F544F504449522F7A65706879722F6934
:1052E0006E636C7564652F7A65706879722F6E6570
:1052F000742F636F6E6E5F6D67725F636F6E6E6546
:10530000637469766974795F696D706C2E680000EA
:10531000574553545F544F504449522F7A65706833
:1053200079722F7375627379732F6E65742F636F43
:105330006E6E5F6D67722F636F6E6E5F6D67725F0B
:10534000636F6E6E65637469766974792E630000AD
:10535000574553545F544F504449522F7A657068F3
:1053600079722F647269766572732F636C6F636BE9
:105370005F636F6E74726F6C2F636C6F636B5F63D0
:105380006F6E74726F6C5F6E72662E630000000049
:1053900085100600850E060000000000636C6F6338
:1053A0006B40353030300000636C6F636B00000081
:1053B0006866636C6B0000006C66636C6B000000D9
:1053C000636C6F636B5F636F6E74726F6C00000071
:1053D000D453070001000000A8530700A90F0600DE
:1053E000810D0600B0530700590E0600550E060049
:1053F000B85307007073612D726E67007073615F40
:10540000726E67000854070001000000FC5307009B
:10541000574553545F544F504449522F7A65706832
:1054200079722F696E636C7564652F7A657068791F
:10543000722F647269766572732F6770696F2E6858
:105440000000000053454E4420636F6D6D616E6433
:10545000206661696C65643A206C656E3D25752037
:105460007265743D25640000545820706F6C6C2088
:1054700072656164206661696C65643A206C656E72
:105480003D257520706F6C6C3D25642072633D2551
:105490006400000054582074696D656F7574206154
:1054A00066746572203130206D733A206C656E3DF4
:1054B00025752049523D3078253032782872633D79
:1054C0002564292053305F49523D307825303278A9
:1054D0002872633D2564292053305F53523D307854
:1054E000253032782872633D25642920494E543D89
:1054F00025640000535049206D61737465722070FB
:105500006F7274202573206E6F74207265616479E8
:10551000000000004750494F20706F7274202573BF
:10552000206E6F742072656164790000556E61624F
:105530006C6520746F20636F6E6669677572652095
:105540004750494F2070696E20257500556E616285
:105550006C6520746F20616464204750494F20635C
:10556000616C6C6261636B2025750000556E616231
:105570006C6520746F20656E61626C6520475049D0
:105580004F20494E54202575000000005265736578
:1055900074206661696C656400000000556E61628C
:1055A0006C6520746F2072656164205254522072C1
:1055B00065676973746572006574685F7735353047
:1055C000300000006574682D77353530304030008C
:1055D0006574682D773535303040305F70687900FC
:1055E000E455070001000000B8550700B0C20600EE
:1055F00000127A000001000050C206000A000100FB
:1056000000000000010000000000000050C2060081
:105610000200010000000000000000000302000082
:1056200000915106F0C206004D1406000000000073
:105630000000000069180600411806005913060012
:10564000CD140600000000005D130600A918060036
:10565000574553545F544F504449522F7A657068F0
:1056600079722F696E636C7564652F7A65706879DD
:10567000722F647269766572732F6770696F2F6716
:1056800070696F5F7574696C732E68005745535469
:105690005F544F504449522F6D6F64756C65732F82
:1056A00068616C2F6E6F726469632F6E7266782FFB
:1056B00068616C2F6E72665F6770696F2E6800009C
:1056C000574553545F544F504449522F7A65706880
:1056D00079722F647269766572732F6770696F2FA4
:1056E0006770696F5F6E7266782E63006770696FAE
:1056F00040383432353030006770696F3000000058
:105700000457070001000000F8560700FFFFFFFFE5
:1057100000258440806A0120000000000000000095
:1057200000010203040506074661696C6564207484
:105730006F20616C6C6F6361746520505049204329
:1057400068616E6E656C000075617274403830304F
:105750003000000075617274300000007561727471
:105760005F6E7266785F75617274650070570700CE
:1057700001000000545707000080004001000000B5
:1057800000000000985707000000D601000000004C
:10579000A9960120A896012000800040A457070088
:1057A00001000000AC570700040000001B000000CF
:1057B0000E0000021A0600010F0600035570646116
:1057C00074652065786365656473206375727265BE
:1057D0006E74206275666665720000004661696CD1
:1057E000656420746F20616C6C6F63617465204721
:1057F00050494F5445206368616E6E656C20666F3A
:10580000722057414B4500004661696C6564207405
:105810006F20636F6E6669677572652057414B45EF
:105820002070696E000000004353204750494F200C
:10583000706F72742025732070696E202564206952
:1058400073206E6F742072656164790048616C66C4
:105850002D6475706C6578206E6F74207375707030
:105860006F72746564000000536C617665206D6F23
:105870006465206973206E6F7420737570706F7229
:10588000746564206F6E2025730000004C6F6F708C
:105890006261636B206D6F6465206973206E6F7445
:1058A00020737570706F727465640000576F726456
:1058B0002073697A6573206F7468657220746861FB
:1058C0006E2038206269747320617265206E6F7477
:1058D00020737570706F7274656400004672657134
:1058E00075656E63696573206C6F77657220746887
:1058F000616E20313235206B487A20617265206EEE
:105900006F7420737570706F7274656400000000AE
:105910004661696C656420746F20696E69746961A1
:105920006C697A65206E7266782064726976657239
:105930003A2025640000000057616974696E672091
:10594000666F722057414B452061636B6E6F776CB9
:105950006564676D656E742074696D6564206F752C
:105960007400000054696D656F7574207761697407
:10597000696E6720666F72207472616E73666572FD
:1059800020636F6D706C6574650000007370694012
:105990006230303000000000737069330000000096
:1059A00061726475696E6F5F737069007370695FAF
:1059B0006E7266785F7370696D000000C0590700F1
:1059C0000200000098590700A059070000127A0051
:1059D000000000000000000000000000FFFFFFFFCB
:1059E0000000FF00000000000000000101000000B6
:1059F000652B0600FF1F0000085A0700000000008A
:105A0000FFFFFFFF0000000000B00040145A070035
:105A1000010000001C5A0700030000000D180004DC
:105A20000C1800060B18000550C206000A00010001
:105A300050C206001400010054462D4D206E6F6EBA
:105A40002D7365637572652063616C6C6261636B55
:105A500020696E697469616C697A6174696F6E201E
:105A60006661696C65642C206572726F723A2025DC
:105A7000640000002A2A2A2A2A2053454355524509
:105A8000204641554C54202A2A2A2A2A0000000088
:105A90002020416464726573733A20307825780061
:105AA0002020496E76616C696420656E747279207D
:105AB000706F696E740000002020496E76616C6919
:105AC0006420696E74656772697479207369676EA2
:105AD00061747572650000002020496E76616C6902
:105AE0006420657863657074696F6E207265747583
:105AF000726E000020204174747269627574696F5F
:105B00006E20756E69742076696F6C6174696F6E52
:105B1000000000002020496E76616C696420747278
:105B2000616E736974696F6E0000000020204C6123
:105B30007A7920737461746520707265736572760A
:105B40006174696F6E00000020204C617A792073C7
:105B500074617465206572726F7200002A2A2A2AA5
:105B60002A2053505520494E5445525255505420E6
:105B70002A2A2A2A2A0000002020536563757269A8
:105B800074792076696F6C6174696F6E20666F72CC
:105B90002074686520666C617368206D656D6F7236
:105BA00079207370616365002020536563757269A5
:105BB00074792076696F6C6174696F6E20666F729C
:105BC000207468652052414D206D656D6F7279209B
:105BD000737061636500000020205365637572690E
:105BE00074792076696F6C6174696F6E206F6E20B6
:105BF0006F6E65206F72207365766572616C2070C0
:105C000065726970686572616C732E0057455354F4
:105C10005F544F504449522F6E72662F6D6F6475FA
:105C20006C65732F747275737465642D6669726D1B
:105C3000776172652D6D2F6661756C742E6300003F
:105C4000574553545F544F504449522F6D6F6475FC
:105C50006C65732F68616C2F6E6F726469632F6E51
:105C60007266782F68656C706572732F6E726678D5
:105C70005F677070695F647070692E630000000078
:105C8000574553545F544F504449522F6D6F6475BC
:105C90006C65732F68616C2F6E6F726469632F6E11
:105CA0007266782F647269766572732F7372632FD0
:105CB0006E7266785F636C6F636B2E63000000002A
:105CC000574553545F544F504449522F6D6F64757C
:105CD0006C65732F68616C2F6E6F726469632F6ED1
:105CE0007266782F647269766572732F7372632F90
:105CF0006E7266785F636C6F636B5F6866636C6B14
:105D00002E630000574553545F544F504449522F5F
:105D10006D6F64756C65732F68616C2F6E6F726444
:105D200069632F6E7266782F647269766572732F5D
:105D30007372632F6E7266785F636C6F636B5F6CF8
:105D400066636C6B2E630000574553545F544F508D
:105D50004449522F6D6F64756C65732F68616C2FA9
:105D60006E6F726469632F6E7266782F64726976E3
:105D70006572732F7372632F6E7266785F677069D6
:105D80006F74652E63000000574553545F544F50A5
:105D90004449522F6D6F64756C65732F68616C2F69
:105DA0006E6F726469632F6E7266782F68616C2FF4
:105DB0006E72665F6770696F74652E680000000020
:105DC00008000000010000000800000001000000C1
:105DD000574553545F544F504449522F6D6F64756B
:105DE0006C65732F68616C2F6E6F726469632F6EC0
:105DF0007266782F647269766572732F7372632F7F
:105E00006E7266785F7370696D2E630053544350F1
:105E10002066643D256420747970653D256420709A
:105E2000726F746F636F6C3D256420636172726979
:105E300065725F66643D25640000000095580600A9
:105E4000AD5806003159060049580600255A06008B
:105E5000E95906007559060059590600C55806004B
:105E6000255B0600055B0600855806007558060090
:105E700000000000000000006D5806006558060094
:105E8000737463705F6F66666C6F6164000000001E
:105E9000574553545F544F504449522F7A657068A8
:105EA00079722F6B65726E656C2F646576696365B8
:105EB0002E63000048616C74696E67207379737497
:105EC000656D0000556E6B6E6F776E206572726F38
:105ED000720000003E3E3E205A455048595220462E
:105EE0004154414C204552524F522025643A2025BE
:105EF00073206F6E20435055202564004661756CF9
:105F00007420647572696E6720696E74657272754B
:105F100070742068616E646C696E670A000000002E
:105F200043757272656E74207468726561643A209C
:105F30002570202825732900574553545F544F502E
:105F40004449522F7A65706879722F6B65726E655D
:105F50006C2F666174616C2E630000004350552005
:105F6000657863657074696F6E000000556E6861D6
:105F70006E646C656420696E74657272757074000D
:105F8000537461636B206F766572666C6F77000087
:105F90004B65726E656C206F6F7073004B65726E2F
:105FA000656C2070616E6963000000005C5F070033
:105FB0006C5F0700805F0700905F07009C5F070031
:105FC000574553545F544F504449522F7A65706877
:105FD00079722F6B65726E656C2F696E69742E63B2
:105FE0000000000069646C650000000070C10600DC
:105FF00078C10600C0C10600C8C1060018C206006C
:1060000030C206006F730000574553545F544F5021
:106010004449522F7A65706879722F6B65726E658C
:106020006C2F6B686561702E6300000057455354F8
:106030005F544F504449522F7A65706879722F6BC4
:1060400065726E656C2F6D656D5F736C61622E633A
:1060500000000000574553545F544F504449522F9D
:106060007A65706879722F6B65726E656C2F696ED8
:10607000636C7564652F6B73636865642E680000DC
:10608000574553545F544F504449522F7A657068B6
:1060900079722F6B65726E656C2F69646C652E6307
:1060A00000000000574553545F544F504449522F4D
:1060B0007A65706879722F6B65726E656C2F6D737F
:1060C000675F712E63000000574553545F544F5073
:1060D0004449522F7A65706879722F6B65726E65CC
:1060E0006C2F6D757465782E63000000574553540E
:1060F0005F544F504449522F7A65706879722F6B04
:1061000065726E656C2F73656D2E63005745535431
:106110005F544F504449522F7A65706879722F6BE3
:1061200065726E656C2F776F726B2E6300000000D6
:106130002B000000574553545F544F504449522F91
:106140007A65706879722F6B65726E656C2F7468F2
:10615000726561642E63000064756D6D79000000E6
:1061600070656E64696E6700736C656570696E67F3
:1061700000000000646561640000000073757370C6
:10618000656E64656400000061626F7274696E67B9
:106190000000000073757370656E64696E670000BF
:1061A00071756575656400005861070001000500A0
:1061B0006061070002000700686107000400080032
:1061C00074610700080004007C61070010000900EA
:1061D00088610700200008009461070040000A0061
:1061E000A061070080000600574553545F544F508C
:1061F0004449522F7A65706879722F6B65726E65AB
:106200006C2F73636865642E630000005745535418
:106210005F544F504449522F7A65706879722F6BE2
:1062200065726E656C2F696E636C7564652F6B7437
:1062300068726561642E6800574553545F544F502F
:106240004449522F7A65706879722F6B65726E655A
:106250006C2F696E636C7564652F6B737761702E3C
:1062600068000000574553545F544F504449522F23
:106270007A65706879722F6B65726E656C2F7469C0
:106280006D65736C6963696E672E6300574553547F
:106290005F544F504449522F7A65706879722F6B62
:1062A00065726E656C2F7468726561645F6D6F6E88
:1062B00069746F722E630000574553545F544F50FA
:1062C0004449522F7A65706879722F6B65726E65DA
:1062D0006C2F74696D656F75742E63005745535448
:1062E0005F544F504449522F7A65706879722F6B12
:1062F00065726E656C2F706F6C6C2E630000000011
:10630000574553545F544F504449522F7A65706833
:1063100079722F6B65726E656C2F6576656E74731E
:106320002E630000574553545F544F504449522F39
:106330007A65706879722F6B65726E656C2F6D650A
:106340006D706F6F6C2E6300737973776F726B7102
:1063500000000000486307000001000088130000EF
:10636000000000000000000000000000000000002D
:1063700000000040955969595555545515555556C5
:10638000040515411054554045515544404550446D
:1063900050555545004000404004449665555655BB
:1063A000454045545141154055915555555540511D
:1063B00005010000544554544555050400100410CF
:1063C00014044000000001405555154154040000DC
:1063D000440001000000004041000044504445508A
:1063E00054005555545565510040004001000001CE
:1063F000000501001154515154555505000000008D
:1064000000000000000000000020202020202020AC
:106410002020282828282820202020202020202054
:106420002020202020202020208810101010101064
:1064300010101010101010101004040404040404B0
:10644000040404101010101010104141414141414A
:10645000010101010101010101010101010101012C
:10646000010101011010101010104242424242423C
:1064700002020202020202020202020202020202FC
:1064800002020202101010102000000000000000A4
:1064900000000000000000000000000000000000FC
:1064A00000000000000000000000000000000000EC
:1064B00000000000000000000000000000000000DC
:1064C00000000000000000000000000000000000CC
:1064D00000000000000000000000000000000000BC
:1064E00000000000000000000000000000000000AC
:1064F000000000000000000000000000000000009C
:10650000000000000000000000696E66006E616E11
:0865100000286E756C6C290077
:106518000000000000000000000000000000000073
:106528000000000000000000000000000000000063
:106538000000000000000000000000000000000053
:106548000000000000000000000000000000000043
:106558000000000000000000000000000000000033
:106568000000000000000000000000000000000023
:106578000000000000000000000000000000000013
:106588000000000000000000000000000000000003
:1065980000000000000000000000000000000000F3
:1065A80000000000000000000000000000000000E3
:1065B80000000000000000000000000000000000D3
:1065C80000000000000000000000000000000000C3
:1065D80000000000000000000000000000000000B3
:1065E80000000000000000000000000000000000A3
:1065F8000000000000000000000000000000000093
:106608000000000000000000000000000000000082
:106618000000000000000000000000000000000072
:106628000000000000000000000000000000000062
:106638000000000000000000000000000000000052
:106648000000000000000000000000000000000042
:106658000000000000000000000000000000000032
:106668000000000000000000000000000000000022
:106678000000000000000000000000000000000012
:106688000000000000000000000000000000000002
:1066980000000000000000000000000000000000F2
:1066A80000000000000000000000000000000000E2
:1066B80000000000000000000000000000000000D2
:1066C80000000000000000000000000000000000C2
:1066D80000000000000000000000000000000000B2
:1066E80000000000000000000000000000000000A2
:1066F8000000000000000000000000000000000092
:106708000000000000000000000000000000000081
:106718000000000000000000000000000000000071
:106728000000000000000000000000000000000061
:106738000000000000000000000000000000000051
:106748000000000000000000000000000000000041
:106758000000000000000000000000000000000031
:106768000000000000000000000000000000000021
:106778000000000000000000000000000000000011
:106788000000000000000000000000000000000001
:1067980000000000000000000000000000000000F1
:1067A80000000000000000000000000000000000E1
:1067B80000000000000000000000000000000000D1
:1067C80000000000000000000000000000000000C1
:1067D80000000000000000000000000000000000B1
:1067E80000000000000000000000000000000000A1
:1067F8000000000000000000000000000000000091
:106808000000000000000000000000000000000080
:106818000000000000000000000000000000000070
:106828000000000000000000000000000000000060
:106838000000000000000000000000000000000050
:106848000000000000000000000000000000000040
:106858000000000000000000000000000000000030
:106868000000000000000000000000000000000020
:106878000000000000000000000000000000000010
:106888000000000000000000000000000000000000
:1068980000000000000000000000000000000000F0
:1068A80000000000000000000000000000000000E0
:1068B80000000000000000000000000000000000D0
:1068C80000000000000000000000000000000000C0
:1068D80000000000000000000000000000000000B0
:1068E80000000000000000000000000000000000A0
:1068F8000000000000000000000000000000000090
:10690800000000000000000000000000000000007F
:10691800000000000464012004640120010000005C
:10692800FFFFFFFF14640120146401201C64012090
:106938001C64012000000000FFFFFFFF2C64012001
:106948002C6401200000000000000000000000008E
:10695800000000000000000000000000000000002F
:10696800000000000000000000000000000000001F
:10697800000000000000000000000000000000000F
:1069880000000000000000000000000000000000FF
:1069980000000000000000000000000000000000EF
:1069A80000000000000000000000000000000000DF
:1069B80000000000000000000000000000000000CF
:1069C80000000000000000000000000000000000BF
:1069D80000000000000000000000000000000000AF
:1069E800000000000000000000000000000000009F
:1069F800000000000000000000000000000000008F
:106A0800000000000000000000000000000000007E
:106A1800000000000000000000000000000000006E
:106A2800000000000000000000000000000000005E
:106A3800000000000000000000000000000000004E
:106A4800000000000000000000000000000000003E
:106A5800000000000000000000000000000000002E
:106A6800000000000000000000000000000000001E
:106A7800000000000000000000000000000000000E
:106A880000000000000000000000000000000000FE
:106A980000000000000000000000000000000000EE
:106AA80000000000000000000000000000000000DE
:106AB80000000000000000000000000000000000CE
:106AC80000000000000000000000000000000000BE
:106AD80000000000000000000000000000000000AE
:106AE800000000000000000000000000000000009E
:106AF800000000000000000000000000000000008E
:106B0800000000000000000000000000000000007D
:106B1800000000000000000000000000000000006D
:106B2800000000000000000000000000000000005D
:106B3800000000000000000000000000000000004D
:106B4800000000000000000000000000000000003D
:106B5800000000000000000000000000000000002D
:106B6800000000000000000000000000000000001D
:106B7800000000000000000000000000000000000D
:106B880000000000000000000000000000000000FD
:106B980000000000000000000000000000000000ED
:106BA80000000000000000000000000000000000DD
:106BB80000000000000000000000000000000000CD
:106BC80000000000000000000000000000000000BD
:106BD80000000000000000000000000000000000AD
:106BE800000000000000000000000000000000009D
:106BF800000000000000000000000000000000008D
:106C0800000000000000000000000000000000007C
:106C1800000000000000000000000000000000006C
:106C2800000000000000000000000000000000005C
:106C3800000000000000000000000000000000004C
:106C4800000000000000000000000000000000003C
:106C5800000000000000000000000000000000002C
:106C6800000000000000000000000000000000001C
:106C7800000000000000000000000000000000000C
:106C880000000000000000000000000000000000FC
:106C980000000000000000000000000000000000EC
:106CA80000000000000000000000000000000000DC
:106CB80000000000000000000000000000000000CC
:106CC80000000000000000000000000000000000BC
:106CD80000000000000000000000000000000000AC
:106CE800000000000000000000000000000000009C
:106CF800000000000000000000000000000000008C
:106D0800000000000000000000000000000000007B
:106D1800000000000000000000000000000000006B
:106D2800000000000000000000000000000000005B
:106D3800000000000000000000000000000000004B
:106D4800000000000000000000000000000000003B
:106D5800000000000000000000000000000000002B
:106D6800000000000000000000000000000000001B
:106D7800000000000000000000000000000000000B
:106D880000000000000000000000000000000000FB
:106D980000000000000000000000000000000000EB
:106DA80000000000000000000000000000000000DB
:106DB80000000000000000000000000000000000CB
:106DC80000000000000000000000000000000000BB
:106DD80000000000000000000000000000000000AB
:106DE800000000000000000000000000000000009B
:106DF800000000000000000000000000000000008B
:106E0800000000000000000000000000000000007A
:106E1800000000000000000000000000000000006A
:106E2800000000000000000000000000000000005A
:106E3800000000000000000000000000000000004A
:106E4800000000000000000000000000000000003A
:106E5800000000000000000000000000000000002A
:106E6800000000000000000000000000000000001A
:106E7800000000000000000000000000000000000A
:106E880000000000000000000000000000000000FA
:106E980000000000000000000000000000000000EA
:106EA80000000000000000000000000000000000DA
:106EB80000000000000000000000000000000000CA
:106EC80000000000000000000000000000000000BA
:106ED80000000000000000000000000000000000AA
:106EE800000000000000000000000000000000009A
:106EF800000000000000000000000000000000008A
:106F08000000000000000000000000000000000079
:106F18000000000000000000000000000000000069
:106F28000000000000000000000000000000000059
:106F3800E936040001000000010000000000000024
:106F4800000000000000000018E506000100000035
:106F580001000000214B040024E1060000000000AD
:106F680000000000010000000C6D01205C6A012097
:106F78005C6A012000000000CCEE06008879012040
:106F88000000000099BA04000000000000000000A2
:106F98000010034000000000000000000000000096
:106FA80000000000000000000000000000000000D9
:106FB80000000000000000000000000000000000C9
:106FC80000000000000000000000000000000000B9
:106FD80000000000000000000000000000000000A9
:106FE8000000000000000000000000000000000099
:106FF8000000000000000000000000000001000088
:1070080000000000857B0500000000000000000073
:10701800106B0120000000000000000000000000CC
:107028000000000000000000749101202000000012
:107038000000000000B00040000000000000000058
:107048000000000000000000000000000000000038
:107058000000000000000000000000000000000028
:1070680000000000285A0700020000005C6B0120A5
:107078005C6B012000000000010000006C6B012027
:107088006C6B0120746B0120746B01200000000000
:1070980001000000846B0120846B012000000000C7
:1070A80000000000000000000000000000000000D8
:1070B80000000000000000000000000000000000C8
:1070C800B0C2060000000000000000009C910120F2
:1070D800949101200090D003FF000000FF00000001
:1070E80090020000D46B0120D46B0120DC6B0120DE
:0470F800DC6B01202C
:1070FC000000000000000000000000000000000084
:10710C000000000000000000000000000000000073
:10711C000000000000000000000000000000000063
:10712C000000000000000000000000000000000053
:10713C000000000000000000000000000000000043
:04714C00000000003F
:04715000000000003B
:10715400000000000000000000000000000000002B
:10716400000000000000000000000000000000001B
:10717400000000000000000000000000000000000B
:1071840000000000000000000000000000000000FB
:1071940000000000000000000000000000000000EB
:0871A4000000000000000000E3
:1071AC00946C0120946C01200000000068B1032055
:1071BC00000000000E000000400000000000000075
:1071CC00B46C0120B46C012000000000E8B4032072
:1071DC000000000006000000A002000000000000FB
:1071EC00D46C0120D46C012000000000E8AD032019
:1071FC00000000000E000000400000000000000035
:10720C0000000000F0F001200080010000000000F0
:10721C00000000000000000000000000B0B60120DB
:10722C000002000000000000000000000000000050
:10723C00246D0120246D01200000000000000000DE
:10724C000E000000386D0120386D01200000000098
:10725C00000000000E0000004C6D01204C6D012060
:10726C0000000000000000000E000000606D012016
:10727C00606D012000000000000000000E00000006
:10728C00746D0120746D01200000000000000000EE
:10729C000E000000886D0120886D012000000000A8
:1072AC00000000000E0000009C6D01209C6D012070
:1072BC0000000000000000000E000000B06D012076
:1072CC00B06D012000000000000000000E00000066
:1072DC00C46D0120C46D01200000000000000000FE
:1072EC000E000000D86D0120D86D012000000000B8
:0872FC00000000000E0000007C
:10730400EC6D0120EC6D012000000000380000004D
:1073140005000000F080032008820320F080032091
:10732400F080032000000000146E0120146E012080
:047334000000000055
:10733800206E0120206E01200100000001000000E5
:10734800306E0120306E0120386E0120386E012029
:1073580000000000FFFFFFFF486E0120486E01207B
:10736800506E0120506E0120000000000100000056
:10737800606E0120606E0120686E0120686E012039
:107388000000000001000000786E0120786E0120E6
:10739800806E0120806E01200000000001000000C6
:0873A800906E0120906E01209F
:1073B000000000000000000000000000A46E01209A
:1073C000A46E0120AC6E0120AC6E01200000000014
:1073D00024002400040000000000000048510700C1
:1073E000F8A90320000000000000000000000000D9
:1073F000D86E0120D86E0120E06E0120E06E0120E1
:107400000000000024002400040000000000000030
:08741000345107000894032029
:10741800F86F0120000000000000000000000000DC
:107428000000000000000000000000000000000054
:107438000000000000000000000000000000000044
:107448000000000000000000000000000000000034
:107458000000000000000000000000000000000024
:107468000000000000000000000000000000000014
:107478000000000000000000000000000000000004
:1074880000000000000000000000000000000000F4
:1074980000000000000000000000000000000000E4
:1074A80000000000000000000000000000000000D4
:1074B80000000000000000000000000000000000C4
:1074C80000000000000000000000000000000000B4
:1074D80000000000000000000000000000000000A4
:1074E8000000000000000000000000000000000094
:1074F8000000000000000000000000000000000084
:0875080000000000000000007B
:10751000D0C20600287001204C910120000200001A
:107520000000000000000000DC050000000000007A
:10753000000000000000000000000000000000004B
:10754000D13E0500893B0500893A0500753A0500E2
:10755000000000000000000000000000D539050018
:08756000000000000000000023
:0475680015E015E035
:040000034000B0E920
:00000001FF
