{
  "bytes_received": 8234991616,
  "bytes_sent": 8236302336,
  "clients": 16,
  "connections_failed": 0,
  "connections_ok": 256,
  "duration_seconds": 60.07916004599974,
  "host": "127.0.0.1",
  "latency_ms": {
    "average": 22.05988012048768,
    "maximum": 84.926627,
    "p50": 21.79789,
    "p95": 29.279413,
    "p99": 35.358645,
    "samples": 31414
  },
  "mode": "mixed",
  "operations_per_second": 522.8768174513059,
  "payload_bytes": 262144,
  "port": 7781,
  "protocol": 253,
  "recvs_failed": 0,
  "recvs_ok": 31414,
  "report_interval_seconds": 5.0,
  "rx_mib_per_second": 130.71920436282647,
  "sends_failed": 0,
  "sends_ok": 31419,
  "server_accepts": 256,
  "server_errors": 0,
  "transport": "tcp",
  "tx_mib_per_second": 130.74001024624835,
  "verify_failures": 0,
  "verify_payload": false
}
