{
  "mode": "tcp",
  "clients": 1,
  "payload_bytes": 64,
  "pipeline": 1,
  "elapsed_s": 30.00025554599415,
  "operations": 123613,
  "errors": 0,
  "tx_mib_s": 0.25148915008287914,
  "rx_mib_s": 0.25148915008287914,
  "combined_mib_s": 0.5029783001657583,
  "operations_s": 4120.398234957892,
  "connect_mean_ms": 0.5275069997878745,
  "rtt_p50_ms": 0.2072869974654168,
  "rtt_p95_ms": 0.37692999467253685,
  "rtt_p99_ms": 0.41653000516816974,
  "client_cpu_percent": 32.68907154795711,
  "max_rss_kib": 20436,
  "error_details": []
}
