{
  "mode": "stcp",
  "transport": "tcp",
  "clients": 2,
  "payload_bytes": 64,
  "pipeline": 8,
  "elapsed_s": 30.005074693995994,
  "operations": 195488,
  "errors": 0,
  "tx_mib_s": 0.39765408840616945,
  "rx_mib_s": 0.39765408840616945,
  "combined_mib_s": 0.7953081768123389,
  "operations_s": 6515.16458444668,
  "connect_mean_ms": 6.043612491339445,
  "rtt_p50_ms": 0.2600880106911063,
  "rtt_p95_ms": 0.4399979952722788,
  "rtt_p99_ms": 0.9176399908028543,
  "client_cpu_percent": 49.738679714022894,
  "max_rss_kib": 21196,
  "error_details": [],
  "server_irq_total": 960730,
  "server_network_irq": 356865,
  "server_net_rx_softirq": 702510,
  "server_net_tx_softirq": 0,
  "server_timer_softirq": 3434,
  "server_sched_softirq": 22032,
  "server_cpu_busy_jiffies": 3560,
  "server_cpu_total_jiffies": 11926,
  "server_cpu_busy_percent": 29.850746268656714,
  "server_network_irq_per_1k_ops": 1825.508471108201,
  "server_net_rx_softirq_per_1k_ops": 3593.6221149124244,
  "server_net_tx_softirq_per_1k_ops": 0.0,
  "server_kernel_network_events_per_1k_ops": 5419.130586020625,
  "server_network_irq_per_mib": 14954.565395318383,
  "server_net_rx_softirq_per_mib": 29438.95236536258,
  "server_net_tx_softirq_per_mib": 0.0,
  "server_irq_measurement": {
    "source": "/proc/interrupts, /proc/softirqs and /proc/stat",
    "scope": "Raspberry Pi server",
    "network_irq_lines_before": {
      "28 GICv2 189 Level eth0": 49241,
      "29 GICv2 190 Level eth0": 75981606,
      "30 BRCM-PCI-MSI-0000:01:00.0 0 Edge xhci_hcd": 38
    },
    "network_irq_lines_after": {
      "28 GICv2 189 Level eth0": 49303,
      "29 GICv2 190 Level eth0": 76338409,
      "30 BRCM-PCI-MSI-0000:01:00.0 0 Edge xhci_hcd": 38
    },
    "softirq_delta": {
      "hi": 0,
      "timer": 3434,
      "net_tx": 0,
      "net_rx": 702510,
      "block": 0,
      "irq_poll": 0,
      "tasklet": 0,
      "sched": 22032,
      "hrtimer": 0,
      "rcu": 1680
    },
    "cpu_jiffies_delta": {
      "user": 764,
      "nice": 0,
      "system": 2119,
      "idle": 8365,
      "iowait": 1,
      "irq": 0,
      "softirq": 677,
      "steal": 0
    },
    "warning": "Kernel activity proxy only; not a direct electrical power measurement."
  },
  "server_perf_task_clock_ms": 128024364698.0,
  "server_perf_context_switches": 854208.0,
  "server_perf_cpu_migrations": 4432.0,
  "server_perf_page_faults": 16669.0,
  "server_perf_cycles": 28524899875.0,
  "server_perf_instructions": 15755054437.0,
  "server_perf_branches": null,
  "server_perf_branch_misses": 130541481.0,
  "server_perf_cache_references": 6210769102.0,
  "server_perf_cache_misses": 248375832.0,
  "server_perf_cycles_per_op": 145916.37274410707,
  "server_perf_instructions_per_op": 80593.46065743166,
  "server_perf_context_switches_per_1k_ops": 4369.618595514814,
  "server_perf_cpu_migrations_per_1k_ops": 22.67146832542151,
  "server_perf_page_faults_per_1k_ops": 85.26866099197905,
  "server_perf_cycles_per_mib": 1195346925.519725,
  "server_perf_instructions_per_mib": 660221629.7056801,
  "server_perf_task_clock_ms_per_1k_ops": 654896283.6491243,
  "server_perf_ipc": 0.5523263712069384,
  "server_perf_branch_miss_percent": null,
  "server_perf_cache_miss_percent": 3.999115534982901,
  "server_perf_measurement": {
    "source": "perf stat -a",
    "scope": "Raspberry Pi server, system-wide",
    "warnings": [
      "branches: <not supported>"
    ],
    "warning": "Processing-efficiency proxy only; not direct electrical power."
  }
}
