{
  "mode": "stcp",
  "transport": "tcp",
  "clients": 1,
  "payload_bytes": 64,
  "pipeline": 4,
  "elapsed_s": 30.002600320003694,
  "operations": 87512,
  "errors": 0,
  "tx_mib_s": 0.17802818878298288,
  "rx_mib_s": 0.17802818878298288,
  "combined_mib_s": 0.35605637756596575,
  "operations_s": 2916.8138450203915,
  "connect_mean_ms": 3.2242040033452213,
  "rtt_p50_ms": 0.3319540119264275,
  "rtt_p95_ms": 0.4737299750559032,
  "rtt_p99_ms": 0.5749299889430404,
  "client_cpu_percent": 33.189456559739874,
  "max_rss_kib": 20780,
  "error_details": [],
  "server_irq_total": 441019,
  "server_network_irq": 175237,
  "server_net_rx_softirq": 350331,
  "server_net_tx_softirq": 0,
  "server_timer_softirq": 2714,
  "server_sched_softirq": 13284,
  "server_cpu_busy_jiffies": 1436,
  "server_cpu_total_jiffies": 12340,
  "server_cpu_busy_percent": 11.636952998379254,
  "server_network_irq_per_1k_ops": 2002.433951915166,
  "server_net_rx_softirq_per_1k_ops": 4003.233842215925,
  "server_net_tx_softirq_per_1k_ops": 0.0,
  "server_kernel_network_events_per_1k_ops": 6005.667794131091,
  "server_network_irq_per_mib": 16403.93893408904,
  "server_net_rx_softirq_per_mib": 32794.49163543286,
  "server_net_tx_softirq_per_mib": 0.0,
  "server_irq_measurement": {
    "source": "/proc/interrupts, /proc/softirqs and /proc/stat",
    "scope": "Raspberry Pi server",
    "network_irq_lines_before": {
      "28 GICv2 189 Level eth0": 48400,
      "29 GICv2 190 Level eth0": 72071937,
      "30 BRCM-PCI-MSI-0000:01:00.0 0 Edge xhci_hcd": 38
    },
    "network_irq_lines_after": {
      "28 GICv2 189 Level eth0": 48464,
      "29 GICv2 190 Level eth0": 72247110,
      "30 BRCM-PCI-MSI-0000:01:00.0 0 Edge xhci_hcd": 38
    },
    "softirq_delta": {
      "hi": 0,
      "timer": 2714,
      "net_tx": 0,
      "net_rx": 350331,
      "block": 0,
      "irq_poll": 0,
      "tasklet": 0,
      "sched": 13284,
      "hrtimer": 0,
      "rcu": 1510
    },
    "cpu_jiffies_delta": {
      "user": 382,
      "nice": 0,
      "system": 866,
      "idle": 10904,
      "iowait": 0,
      "irq": 0,
      "softirq": 188,
      "steal": 0
    },
    "warning": "Kernel activity proxy only; not a direct electrical power measurement."
  },
  "server_perf_task_clock_ms": 128038339753.0,
  "server_perf_context_switches": 358729.0,
  "server_perf_cpu_migrations": 581.0,
  "server_perf_page_faults": 15068.0,
  "server_perf_cycles": 12625171570.0,
  "server_perf_instructions": 7393010308.0,
  "server_perf_branches": null,
  "server_perf_branch_misses": 52854609.0,
  "server_perf_cache_references": 2888044100.0,
  "server_perf_cache_misses": 103213064.0,
  "server_perf_cycles_per_op": 144267.88977511655,
  "server_perf_instructions_per_op": 84479.96055398117,
  "server_perf_context_switches_per_1k_ops": 4099.197824298382,
  "server_perf_cpu_migrations_per_1k_ops": 6.63908949629765,
  "server_perf_page_faults_per_1k_ops": 172.18210074046988,
  "server_perf_cycles_per_mib": 1181842553.0377548,
  "server_perf_instructions_per_mib": 692059836.8582138,
  "server_perf_task_clock_ms_per_1k_ops": 1463094658.4811225,
  "server_perf_ipc": 0.5855770170733609,
  "server_perf_branch_miss_percent": null,
  "server_perf_cache_miss_percent": 3.573804984487598,
  "server_perf_measurement": {
    "source": "perf stat -a",
    "scope": "Raspberry Pi server, system-wide",
    "warnings": [
      "branches: <not supported>"
    ],
    "warning": "Processing-efficiency proxy only; not direct electrical power."
  }
}
