{
  "mode": "stcp",
  "transport": "tcp",
  "clients": 2,
  "payload_bytes": 64,
  "pipeline": 4,
  "elapsed_s": 30.003975879983045,
  "operations": 196032,
  "errors": 0,
  "tx_mib_s": 0.3987752755788031,
  "rx_mib_s": 0.3987752755788031,
  "combined_mib_s": 0.7975505511576062,
  "operations_s": 6533.53411508311,
  "connect_mean_ms": 6.0749010008294135,
  "rtt_p50_ms": 0.2669320092536509,
  "rtt_p95_ms": 0.4874199803452939,
  "rtt_p99_ms": 0.867772992933169,
  "client_cpu_percent": 56.042846012344896,
  "max_rss_kib": 21008,
  "error_details": [],
  "server_irq_total": 961503,
  "server_network_irq": 358751,
  "server_net_rx_softirq": 707701,
  "server_net_tx_softirq": 0,
  "server_timer_softirq": 3256,
  "server_sched_softirq": 21860,
  "server_cpu_busy_jiffies": 3501,
  "server_cpu_total_jiffies": 11915,
  "server_cpu_busy_percent": 29.383130507763322,
  "server_network_irq_per_1k_ops": 1830.0634590270977,
  "server_net_rx_softirq_per_1k_ops": 3610.129978778975,
  "server_net_tx_softirq_per_1k_ops": 0.0,
  "server_kernel_network_events_per_1k_ops": 5440.193437806072,
  "server_network_irq_per_mib": 14991.879856349984,
  "server_net_rx_softirq_per_mib": 29574.184786157362,
  "server_net_tx_softirq_per_mib": 0.0,
  "server_irq_measurement": {
    "source": "/proc/interrupts, /proc/softirqs and /proc/stat",
    "scope": "Raspberry Pi server",
    "network_irq_lines_before": {
      "28 GICv2 189 Level eth0": 49041,
      "29 GICv2 190 Level eth0": 74764141,
      "30 BRCM-PCI-MSI-0000:01:00.0 0 Edge xhci_hcd": 38
    },
    "network_irq_lines_after": {
      "28 GICv2 189 Level eth0": 49103,
      "29 GICv2 190 Level eth0": 75122830,
      "30 BRCM-PCI-MSI-0000:01:00.0 0 Edge xhci_hcd": 38
    },
    "softirq_delta": {
      "hi": 0,
      "timer": 3256,
      "net_tx": 0,
      "net_rx": 707701,
      "block": 0,
      "irq_poll": 0,
      "tasklet": 0,
      "sched": 21860,
      "hrtimer": 0,
      "rcu": 1730
    },
    "cpu_jiffies_delta": {
      "user": 750,
      "nice": 0,
      "system": 2098,
      "idle": 8413,
      "iowait": 1,
      "irq": 0,
      "softirq": 653,
      "steal": 0
    },
    "warning": "Kernel activity proxy only; not a direct electrical power measurement."
  },
  "server_perf_task_clock_ms": 128022882381.0,
  "server_perf_context_switches": 848918.0,
  "server_perf_cpu_migrations": 4210.0,
  "server_perf_page_faults": 16643.0,
  "server_perf_cycles": 28286810737.0,
  "server_perf_instructions": 15737951094.0,
  "server_perf_branches": null,
  "server_perf_branch_misses": 128680757.0,
  "server_perf_cache_references": 6196646594.0,
  "server_perf_cache_misses": 240716780.0,
  "server_perf_cycles_per_op": 144296.9042656301,
  "server_perf_instructions_per_op": 80282.56148996082,
  "server_perf_context_switches_per_1k_ops": 4330.507264120143,
  "server_perf_cpu_migrations_per_1k_ops": 21.476085537055173,
  "server_perf_page_faults_per_1k_ops": 84.89940417890956,
  "server_perf_cycles_per_mib": 1182080239.7440417,
  "server_perf_instructions_per_mib": 657674743.725759,
  "server_perf_task_clock_ms_per_1k_ops": 653071347.4381733,
  "server_perf_ipc": 0.5563706435598371,
  "server_perf_branch_miss_percent": null,
  "server_perf_cache_miss_percent": 3.884629796914315,
  "server_perf_measurement": {
    "source": "perf stat -a",
    "scope": "Raspberry Pi server, system-wide",
    "warnings": [
      "branches: <not supported>"
    ],
    "warning": "Processing-efficiency proxy only; not direct electrical power."
  }
}
