{
  "mode": "stcp",
  "transport": "tcp",
  "clients": 1,
  "payload_bytes": 64,
  "pipeline": 1,
  "elapsed_s": 30.00245315398206,
  "operations": 92359,
  "errors": 0,
  "tx_mib_s": 0.1878895024737523,
  "rx_mib_s": 0.1878895024737523,
  "combined_mib_s": 0.3757790049475046,
  "operations_s": 3078.3816085299577,
  "connect_mean_ms": 3.756110992981121,
  "rtt_p50_ms": 0.326086999848485,
  "rtt_p95_ms": 0.48057499225251377,
  "rtt_p99_ms": 0.6189289852045476,
  "client_cpu_percent": 31.170357810420512,
  "max_rss_kib": 20920,
  "error_details": [],
  "server_irq_total": 464058,
  "server_network_irq": 184931,
  "server_net_rx_softirq": 369728,
  "server_net_tx_softirq": 0,
  "server_timer_softirq": 2647,
  "server_sched_softirq": 13458,
  "server_cpu_busy_jiffies": 1486,
  "server_cpu_total_jiffies": 12277,
  "server_cpu_busy_percent": 12.103934185876028,
  "server_network_irq_per_1k_ops": 2002.3062181270911,
  "server_net_rx_softirq_per_1k_ops": 4003.161576023994,
  "server_net_tx_softirq_per_1k_ops": 0.0,
  "server_kernel_network_events_per_1k_ops": 6005.4677941510845,
  "server_network_irq_per_mib": 16402.89253889713,
  "server_net_rx_softirq_per_mib": 32793.89963078855,
  "server_net_tx_softirq_per_mib": 0.0,
  "server_irq_measurement": {
    "source": "/proc/interrupts, /proc/softirqs and /proc/stat",
    "scope": "Raspberry Pi server",
    "network_irq_lines_before": {
      "28 GICv2 189 Level eth0": 48200,
      "29 GICv2 190 Level eth0": 71434645,
      "30 BRCM-PCI-MSI-0000:01:00.0 0 Edge xhci_hcd": 38
    },
    "network_irq_lines_after": {
      "28 GICv2 189 Level eth0": 48262,
      "29 GICv2 190 Level eth0": 71619514,
      "30 BRCM-PCI-MSI-0000:01:00.0 0 Edge xhci_hcd": 38
    },
    "softirq_delta": {
      "hi": 0,
      "timer": 2647,
      "net_tx": 0,
      "net_rx": 369728,
      "block": 0,
      "irq_poll": 0,
      "tasklet": 0,
      "sched": 13458,
      "hrtimer": 0,
      "rcu": 1545
    },
    "cpu_jiffies_delta": {
      "user": 393,
      "nice": 0,
      "system": 941,
      "idle": 10791,
      "iowait": 0,
      "irq": 0,
      "softirq": 152,
      "steal": 0
    },
    "warning": "Kernel activity proxy only; not a direct electrical power measurement."
  },
  "server_perf_task_clock_ms": 128026025992.0,
  "server_perf_context_switches": 378195.0,
  "server_perf_cpu_migrations": 546.0,
  "server_perf_page_faults": 16664.0,
  "server_perf_cycles": 13212131589.0,
  "server_perf_instructions": 7798038634.0,
  "server_perf_branches": null,
  "server_perf_branch_misses": 55257519.0,
  "server_perf_cache_references": 3050523538.0,
  "server_perf_cache_misses": 100645540.0,
  "server_perf_cycles_per_op": 143051.9125261209,
  "server_perf_instructions_per_op": 84431.8218473565,
  "server_perf_context_switches_per_1k_ops": 4094.8364534046495,
  "server_perf_cpu_migrations_per_1k_ops": 5.911714072261502,
  "server_perf_page_faults_per_1k_ops": 180.42637967063308,
  "server_perf_cycles_per_mib": 1171881267.4139824,
  "server_perf_instructions_per_mib": 691665484.5735445,
  "server_perf_task_clock_ms_per_1k_ops": 1386178130.9022403,
  "server_perf_ipc": 0.5902180569025212,
  "server_perf_branch_miss_percent": null,
  "server_perf_cache_miss_percent": 3.2992874418528744,
  "server_perf_measurement": {
    "source": "perf stat -a",
    "scope": "Raspberry Pi server, system-wide",
    "warnings": [
      "branches: <not supported>"
    ],
    "warning": "Processing-efficiency proxy only; not direct electrical power."
  }
}
