{
  "mode": "stcp",
  "transport": "tcp",
  "clients": 1,
  "payload_bytes": 64,
  "pipeline": 8,
  "elapsed_s": 30.003939188987715,
  "operations": 88568,
  "errors": 0,
  "tx_mib_s": 0.18016840004575352,
  "rx_mib_s": 0.18016840004575352,
  "combined_mib_s": 0.36033680009150704,
  "operations_s": 2951.8790663496256,
  "connect_mean_ms": 3.8758899900130928,
  "rtt_p50_ms": 0.3358650137670338,
  "rtt_p95_ms": 0.47030902351252735,
  "rtt_p99_ms": 0.5543959850911051,
  "client_cpu_percent": 32.2371870542587,
  "max_rss_kib": 20884,
  "error_details": [],
  "server_irq_total": 440766,
  "server_network_irq": 177355,
  "server_net_rx_softirq": 354566,
  "server_net_tx_softirq": 0,
  "server_timer_softirq": 2666,
  "server_sched_softirq": 13188,
  "server_cpu_busy_jiffies": 1456,
  "server_cpu_total_jiffies": 12285,
  "server_cpu_busy_percent": 11.851851851851853,
  "server_network_irq_per_1k_ops": 2002.4726763616657,
  "server_net_rx_softirq_per_1k_ops": 4003.319483334839,
  "server_net_tx_softirq_per_1k_ops": 0.0,
  "server_kernel_network_events_per_1k_ops": 6005.792159696504,
  "server_network_irq_per_mib": 16404.256164754766,
  "server_net_rx_softirq_per_mib": 32795.193207479,
  "server_net_tx_softirq_per_mib": 0.0,
  "server_irq_measurement": {
    "source": "/proc/interrupts, /proc/softirqs and /proc/stat",
    "scope": "Raspberry Pi server",
    "network_irq_lines_before": {
      "28 GICv2 189 Level eth0": 48599,
      "29 GICv2 190 Level eth0": 72707879,
      "30 BRCM-PCI-MSI-0000:01:00.0 0 Edge xhci_hcd": 38
    },
    "network_irq_lines_after": {
      "28 GICv2 189 Level eth0": 48663,
      "29 GICv2 190 Level eth0": 72885170,
      "30 BRCM-PCI-MSI-0000:01:00.0 0 Edge xhci_hcd": 38
    },
    "softirq_delta": {
      "hi": 0,
      "timer": 2666,
      "net_tx": 0,
      "net_rx": 354566,
      "block": 0,
      "irq_poll": 0,
      "tasklet": 0,
      "sched": 13188,
      "hrtimer": 0,
      "rcu": 1517
    },
    "cpu_jiffies_delta": {
      "user": 395,
      "nice": 0,
      "system": 880,
      "idle": 10829,
      "iowait": 0,
      "irq": 0,
      "softirq": 181,
      "steal": 0
    },
    "warning": "Kernel activity proxy only; not a direct electrical power measurement."
  },
  "server_perf_task_clock_ms": 128025109456.0,
  "server_perf_context_switches": 363039.0,
  "server_perf_cpu_migrations": 598.0,
  "server_perf_page_faults": 16656.0,
  "server_perf_cycles": 12753347353.0,
  "server_perf_instructions": 7504625602.0,
  "server_perf_branches": null,
  "server_perf_branch_misses": 53428251.0,
  "server_perf_cache_references": 2934713799.0,
  "server_perf_cache_misses": 102264599.0,
  "server_perf_cycles_per_op": 143994.97959759732,
  "server_perf_instructions_per_op": 84732.92387769849,
  "server_perf_context_switches_per_1k_ops": 4098.986089784121,
  "server_perf_cpu_migrations_per_1k_ops": 6.751874266100623,
  "server_perf_page_faults_per_1k_ops": 188.0588926022943,
  "server_perf_cycles_per_mib": 1179606872.8635173,
  "server_perf_instructions_per_mib": 694132112.406106,
  "server_perf_task_clock_ms_per_1k_ops": 1445500739.0479631,
  "server_perf_ipc": 0.588443597926051,
  "server_perf_branch_miss_percent": null,
  "server_perf_cache_miss_percent": 3.4846532235902026,
  "server_perf_measurement": {
    "source": "perf stat -a",
    "scope": "Raspberry Pi server, system-wide",
    "warnings": [
      "branches: <not supported>"
    ],
    "warning": "Processing-efficiency proxy only; not direct electrical power."
  }
}
