{
  "mode": "tcp",
  "transport": "tcp",
  "clients": 1,
  "payload_bytes": 64,
  "pipeline": 8,
  "elapsed_s": 30.0015931109956,
  "operations": 140280,
  "errors": 0,
  "tx_mib_s": 0.2853852356131054,
  "rx_mib_s": 0.2853852356131054,
  "combined_mib_s": 0.5707704712262108,
  "operations_s": 4675.751700285119,
  "connect_mean_ms": 0.5006190040148795,
  "rtt_p50_ms": 0.19995399634353817,
  "rtt_p95_ms": 0.37350901402533054,
  "rtt_p99_ms": 0.41702002636156976,
  "client_cpu_percent": 32.57261360703691,
  "max_rss_kib": 20624,
  "error_details": [],
  "server_irq_total": 537287,
  "server_network_irq": 280755,
  "server_net_rx_softirq": 561351,
  "server_net_tx_softirq": 0,
  "server_timer_softirq": 1197,
  "server_sched_softirq": 8344,
  "server_cpu_busy_jiffies": 1331,
  "server_cpu_total_jiffies": 12200,
  "server_cpu_busy_percent": 10.90983606557377,
  "server_network_irq_per_1k_ops": 2001.3900769888794,
  "server_net_rx_softirq_per_1k_ops": 4001.6467065868264,
  "server_net_tx_softirq_per_1k_ops": 0.0,
  "server_kernel_network_events_per_1k_ops": 6003.036783575706,
  "server_network_irq_per_mib": 16395.3875106929,
  "server_net_rx_softirq_per_mib": 32781.48982035928,
  "server_net_tx_softirq_per_mib": 0.0,
  "server_irq_measurement": {
    "source": "/proc/interrupts, /proc/softirqs and /proc/stat",
    "scope": "Raspberry Pi server",
    "network_irq_lines_before": {
      "28 GICv2 189 Level eth0": 48468,
      "29 GICv2 190 Level eth0": 72247244,
      "30 BRCM-PCI-MSI-0000:01:00.0 0 Edge xhci_hcd": 38
    },
    "network_irq_lines_after": {
      "28 GICv2 189 Level eth0": 48530,
      "29 GICv2 190 Level eth0": 72527937,
      "30 BRCM-PCI-MSI-0000:01:00.0 0 Edge xhci_hcd": 38
    },
    "softirq_delta": {
      "hi": 0,
      "timer": 1197,
      "net_tx": 0,
      "net_rx": 561351,
      "block": 0,
      "irq_poll": 0,
      "tasklet": 0,
      "sched": 8344,
      "hrtimer": 0,
      "rcu": 1445
    },
    "cpu_jiffies_delta": {
      "user": 457,
      "nice": 0,
      "system": 659,
      "idle": 10868,
      "iowait": 1,
      "irq": 0,
      "softirq": 215,
      "steal": 0
    },
    "warning": "Kernel activity proxy only; not a direct electrical power measurement."
  },
  "server_perf_task_clock_ms": 128025841826.0,
  "server_perf_context_switches": 286415.0,
  "server_perf_cpu_migrations": 286.0,
  "server_perf_page_faults": 16620.0,
  "server_perf_cycles": 12898991537.0,
  "server_perf_instructions": 7005814250.0,
  "server_perf_branches": null,
  "server_perf_branch_misses": 52009206.0,
  "server_perf_cache_references": 3036995545.0,
  "server_perf_cache_misses": 113114692.0,
  "server_perf_cycles_per_op": 91951.7503350442,
  "server_perf_instructions_per_op": 49941.647063016826,
  "server_perf_context_switches_per_1k_ops": 2041.7379526660964,
  "server_perf_cpu_migrations_per_1k_ops": 2.0387795836897635,
  "server_perf_page_faults_per_1k_ops": 118.47733105218136,
  "server_perf_cycles_per_mib": 753268738.7446821,
  "server_perf_instructions_per_mib": 409121972.74023384,
  "server_perf_task_clock_ms_per_1k_ops": 912645008.7396635,
  "server_perf_ipc": 0.5431288352972582,
  "server_perf_branch_miss_percent": null,
  "server_perf_cache_miss_percent": 3.7245590361904863,
  "server_perf_measurement": {
    "source": "perf stat -a",
    "scope": "Raspberry Pi server, system-wide",
    "warnings": [
      "branches: <not supported>"
    ],
    "warning": "Processing-efficiency proxy only; not direct electrical power."
  }
}
