{
  "mode": "tcp",
  "transport": "tcp",
  "clients": 2,
  "payload_bytes": 64,
  "pipeline": 4,
  "elapsed_s": 30.000921124010347,
  "operations": 295908,
  "errors": 0,
  "tx_mib_s": 0.6020078830569833,
  "rx_mib_s": 0.6020078830569833,
  "combined_mib_s": 1.2040157661139665,
  "operations_s": 9863.297156005614,
  "connect_mean_ms": 0.5433970072772354,
  "rtt_p50_ms": 0.1901760115288198,
  "rtt_p95_ms": 0.3969749959651381,
  "rtt_p99_ms": 0.5304410005919635,
  "client_cpu_percent": 56.6426608361698,
  "max_rss_kib": 21080,
  "error_details": [],
  "server_irq_total": 1130229,
  "server_network_irq": 507200,
  "server_net_rx_softirq": 930199,
  "server_net_tx_softirq": 0,
  "server_timer_softirq": 1484,
  "server_sched_softirq": 16095,
  "server_cpu_busy_jiffies": 2810,
  "server_cpu_total_jiffies": 11454,
  "server_cpu_busy_percent": 24.532914265758688,
  "server_network_irq_per_1k_ops": 1714.0462576206119,
  "server_net_rx_softirq_per_1k_ops": 3143.541235789502,
  "server_net_tx_softirq_per_1k_ops": 0.0,
  "server_kernel_network_events_per_1k_ops": 4857.587493410114,
  "server_network_irq_per_mib": 14041.466942428053,
  "server_net_rx_softirq_per_mib": 25751.8898035876,
  "server_net_tx_softirq_per_mib": 0.0,
  "server_irq_measurement": {
    "source": "/proc/interrupts, /proc/softirqs and /proc/stat",
    "scope": "Raspberry Pi server",
    "network_irq_lines_before": {
      "28 GICv2 189 Level eth0": 48907,
      "29 GICv2 190 Level eth0": 73884488,
      "30 BRCM-PCI-MSI-0000:01:00.0 0 Edge xhci_hcd": 38
    },
    "network_irq_lines_after": {
      "28 GICv2 189 Level eth0": 48969,
      "29 GICv2 190 Level eth0": 74391626,
      "30 BRCM-PCI-MSI-0000:01:00.0 0 Edge xhci_hcd": 38
    },
    "softirq_delta": {
      "hi": 0,
      "timer": 1484,
      "net_tx": 0,
      "net_rx": 930199,
      "block": 0,
      "irq_poll": 0,
      "tasklet": 0,
      "sched": 16095,
      "hrtimer": 0,
      "rcu": 1591
    },
    "cpu_jiffies_delta": {
      "user": 940,
      "nice": 0,
      "system": 1425,
      "idle": 8644,
      "iowait": 0,
      "irq": 0,
      "softirq": 445,
      "steal": 0
    },
    "warning": "Kernel activity proxy only; not a direct electrical power measurement."
  },
  "server_perf_task_clock_ms": 128024707696.0,
  "server_perf_context_switches": 655165.0,
  "server_perf_cpu_migrations": 589.0,
  "server_perf_page_faults": 16607.0,
  "server_perf_cycles": 27131870661.0,
  "server_perf_instructions": 14143305246.0,
  "server_perf_branches": null,
  "server_perf_branch_misses": 105390984.0,
  "server_perf_cache_references": 6172763169.0,
  "server_perf_cache_misses": 256296158.0,
  "server_perf_cycles_per_op": 91690.22351879638,
  "server_perf_instructions_per_op": 47796.29224623869,
  "server_perf_context_switches_per_1k_ops": 2214.083431336767,
  "server_perf_cpu_migrations_per_1k_ops": 1.9904835286643145,
  "server_perf_page_faults_per_1k_ops": 56.12217310785785,
  "server_perf_cycles_per_mib": 751126311.06598,
  "server_perf_instructions_per_mib": 391547226.08118737,
  "server_perf_task_clock_ms_per_1k_ops": 432650376.7927869,
  "server_perf_ipc": 0.5212801366597226,
  "server_perf_branch_miss_percent": null,
  "server_perf_cache_miss_percent": 4.152049106421825,
  "server_perf_measurement": {
    "source": "perf stat -a",
    "scope": "Raspberry Pi server, system-wide",
    "warnings": [
      "branches: <not supported>"
    ],
    "warning": "Processing-efficiency proxy only; not direct electrical power."
  }
}
