{
  "mode": "tcp",
  "transport": "tcp",
  "clients": 2,
  "payload_bytes": 64,
  "pipeline": 1,
  "elapsed_s": 30.00043734200881,
  "operations": 250110,
  "errors": 0,
  "tx_mib_s": 0.5088426797135929,
  "rx_mib_s": 0.5088426797135929,
  "combined_mib_s": 1.0176853594271857,
  "operations_s": 8336.878464427506,
  "connect_mean_ms": 0.5199305014684796,
  "rtt_p50_ms": 0.18333198386244476,
  "rtt_p95_ms": 0.3754640056286007,
  "rtt_p99_ms": 0.49572999705560505,
  "client_cpu_percent": 63.10311674520535,
  "max_rss_kib": 20948,
  "error_details": [],
  "server_irq_total": 957227,
  "server_network_irq": 433142,
  "server_net_rx_softirq": 815135,
  "server_net_tx_softirq": 0,
  "server_timer_softirq": 1432,
  "server_sched_softirq": 15050,
  "server_cpu_busy_jiffies": 2461,
  "server_cpu_total_jiffies": 11683,
  "server_cpu_busy_percent": 21.06479500128392,
  "server_network_irq_per_1k_ops": 1731.8060053576426,
  "server_net_rx_softirq_per_1k_ops": 3259.1059933629203,
  "server_net_tx_softirq_per_1k_ops": 0.0,
  "server_kernel_network_events_per_1k_ops": 4990.911998720563,
  "server_network_irq_per_mib": 14186.95479588981,
  "server_net_rx_softirq_per_mib": 26698.596297629047,
  "server_net_tx_softirq_per_mib": 0.0,
  "server_irq_measurement": {
    "source": "/proc/interrupts, /proc/softirqs and /proc/stat",
    "scope": "Raspberry Pi server",
    "network_irq_lines_before": {
      "28 GICv2 189 Level eth0": 48667,
      "29 GICv2 190 Level eth0": 72885303,
      "30 BRCM-PCI-MSI-0000:01:00.0 0 Edge xhci_hcd": 38
    },
    "network_irq_lines_after": {
      "28 GICv2 189 Level eth0": 48729,
      "29 GICv2 190 Level eth0": 73318383,
      "30 BRCM-PCI-MSI-0000:01:00.0 0 Edge xhci_hcd": 38
    },
    "softirq_delta": {
      "hi": 0,
      "timer": 1432,
      "net_tx": 0,
      "net_rx": 815135,
      "block": 0,
      "irq_poll": 0,
      "tasklet": 0,
      "sched": 15050,
      "hrtimer": 0,
      "rcu": 1605
    },
    "cpu_jiffies_delta": {
      "user": 809,
      "nice": 0,
      "system": 1244,
      "idle": 9222,
      "iowait": 0,
      "irq": 0,
      "softirq": 408,
      "steal": 0
    },
    "warning": "Kernel activity proxy only; not a direct electrical power measurement."
  },
  "server_perf_task_clock_ms": 128023712587.0,
  "server_perf_context_switches": 564055.0,
  "server_perf_cpu_migrations": 676.0,
  "server_perf_page_faults": 16609.0,
  "server_perf_cycles": 23363296790.0,
  "server_perf_instructions": 12191229485.0,
  "server_perf_branches": null,
  "server_perf_branch_misses": 94074636.0,
  "server_perf_cache_references": 5313358637.0,
  "server_perf_cache_misses": 213803975.0,
  "server_perf_cycles_per_op": 93412.08584222943,
  "server_perf_instructions_per_op": 48743.47081284235,
  "server_perf_context_switches_per_1k_ops": 2255.2276998120824,
  "server_perf_cpu_migrations_per_1k_ops": 2.702810763264164,
  "server_perf_page_faults_per_1k_ops": 66.4067810163528,
  "server_perf_cycles_per_mib": 765231807.2195435,
  "server_perf_instructions_per_mib": 399306512.89880455,
  "server_perf_task_clock_ms_per_1k_ops": 511869627.7118068,
  "server_perf_ipc": 0.5218111807841311,
  "server_perf_branch_miss_percent": null,
  "server_perf_cache_miss_percent": 4.02389504655603,
  "server_perf_measurement": {
    "source": "perf stat -a",
    "scope": "Raspberry Pi server, system-wide",
    "warnings": [
      "branches: <not supported>"
    ],
    "warning": "Processing-efficiency proxy only; not direct electrical power."
  }
}
