{
  "mode": "tcp",
  "transport": "tcp",
  "clients": 4,
  "payload_bytes": 64,
  "pipeline": 1,
  "elapsed_s": 30.000818266998976,
  "operations": 328133,
  "errors": 0,
  "tx_mib_s": 0.6675700891735925,
  "rx_mib_s": 0.6675700891735925,
  "combined_mib_s": 1.335140178347185,
  "operations_s": 10937.46834102014,
  "connect_mean_ms": 0.7501962536480278,
  "rtt_p50_ms": 0.31386499176733196,
  "rtt_p95_ms": 0.6917739810887724,
  "rtt_p99_ms": 1.066261000232771,
  "client_cpu_percent": 64.1503302633924,
  "max_rss_kib": 21972,
  "error_details": [],
  "server_irq_total": 1838374,
  "server_network_irq": 483342,
  "server_net_rx_softirq": 930293,
  "server_net_tx_softirq": 0,
  "server_timer_softirq": 1962,
  "server_sched_softirq": 24621,
  "server_cpu_busy_jiffies": 6050,
  "server_cpu_total_jiffies": 10925,
  "server_cpu_busy_percent": 55.37757437070938,
  "server_network_irq_per_1k_ops": 1473.006372416063,
  "server_net_rx_softirq_per_1k_ops": 2835.1095439958794,
  "server_net_tx_softirq_per_1k_ops": 0.0,
  "server_kernel_network_events_per_1k_ops": 4308.115916411943,
  "server_network_irq_per_mib": 12066.86820283239,
  "server_net_rx_softirq_per_mib": 23225.21738441425,
  "server_net_tx_softirq_per_mib": 0.0,
  "server_irq_measurement": {
    "source": "/proc/interrupts, /proc/softirqs and /proc/stat",
    "scope": "Raspberry Pi server",
    "network_irq_lines_before": {
      "28 GICv2 189 Level eth0": 49307,
      "29 GICv2 190 Level eth0": 76338541,
      "30 BRCM-PCI-MSI-0000:01:00.0 0 Edge xhci_hcd": 38
    },
    "network_irq_lines_after": {
      "28 GICv2 189 Level eth0": 49371,
      "29 GICv2 190 Level eth0": 76821819,
      "30 BRCM-PCI-MSI-0000:01:00.0 0 Edge xhci_hcd": 38
    },
    "softirq_delta": {
      "hi": 0,
      "timer": 1962,
      "net_tx": 0,
      "net_rx": 930293,
      "block": 0,
      "irq_poll": 0,
      "tasklet": 0,
      "sched": 24621,
      "hrtimer": 0,
      "rcu": 1757
    },
    "cpu_jiffies_delta": {
      "user": 1667,
      "nice": 0,
      "system": 3221,
      "idle": 4875,
      "iowait": 0,
      "irq": 0,
      "softirq": 1162,
      "steal": 0
    },
    "warning": "Kernel activity proxy only; not a direct electrical power measurement."
  },
  "server_perf_task_clock_ms": 128024536013.0,
  "server_perf_context_switches": 2137631.0,
  "server_perf_cpu_migrations": 3005.0,
  "server_perf_page_faults": 16622.0,
  "server_perf_cycles": 49264803799.0,
  "server_perf_instructions": 25517921967.0,
  "server_perf_branches": null,
  "server_perf_branch_misses": 223850943.0,
  "server_perf_cache_references": 11096631100.0,
  "server_perf_cache_misses": 473653988.0,
  "server_perf_cycles_per_op": 150136.69395946155,
  "server_perf_instructions_per_op": 77767.00900854227,
  "server_perf_context_switches_per_1k_ops": 6514.526122029787,
  "server_perf_cpu_migrations_per_1k_ops": 9.15787196045506,
  "server_perf_page_faults_per_1k_ops": 50.65628876095973,
  "server_perf_cycles_per_mib": 1229919796.915909,
  "server_perf_instructions_per_mib": 637067337.7979783,
  "server_perf_task_clock_ms_per_1k_ops": 390160502.0311886,
  "server_perf_ipc": 0.5179746999726806,
  "server_perf_branch_miss_percent": null,
  "server_perf_cache_miss_percent": 4.268448538403696,
  "server_perf_measurement": {
    "source": "perf stat -a",
    "scope": "Raspberry Pi server, system-wide",
    "warnings": [
      "branches: <not supported>"
    ],
    "warning": "Processing-efficiency proxy only; not direct electrical power."
  }
}
