{
  "mode": "tcp",
  "transport": "tcp",
  "clients": 2,
  "payload_bytes": 64,
  "pipeline": 8,
  "elapsed_s": 30.001048913021805,
  "operations": 279416,
  "errors": 0,
  "tx_mib_s": 0.5684534320180955,
  "rx_mib_s": 0.5684534320180955,
  "combined_mib_s": 1.136906864036191,
  "operations_s": 9313.541030184477,
  "connect_mean_ms": 0.5133309896336868,
  "rtt_p50_ms": 0.15546500799246132,
  "rtt_p95_ms": 0.3911090025212616,
  "rtt_p99_ms": 0.5162629822734743,
  "client_cpu_percent": 58.64508621351353,
  "max_rss_kib": 20948,
  "error_details": [],
  "server_irq_total": 1067552,
  "server_network_irq": 480204,
  "server_net_rx_softirq": 888359,
  "server_net_tx_softirq": 0,
  "server_timer_softirq": 1485,
  "server_sched_softirq": 15590,
  "server_cpu_busy_jiffies": 2713,
  "server_cpu_total_jiffies": 11553,
  "server_cpu_busy_percent": 23.48307798840128,
  "server_network_irq_per_1k_ops": 1718.5987917656828,
  "server_net_rx_softirq_per_1k_ops": 3179.3419131331066,
  "server_net_tx_softirq_per_1k_ops": 0.0,
  "server_kernel_network_events_per_1k_ops": 4897.94070489879,
  "server_network_irq_per_mib": 14078.761302144472,
  "server_net_rx_softirq_per_mib": 26045.168952386404,
  "server_net_tx_softirq_per_mib": 0.0,
  "server_irq_measurement": {
    "source": "/proc/interrupts, /proc/softirqs and /proc/stat",
    "scope": "Raspberry Pi server",
    "network_irq_lines_before": {
      "28 GICv2 189 Level eth0": 49107,
      "29 GICv2 190 Level eth0": 75122962,
      "30 BRCM-PCI-MSI-0000:01:00.0 0 Edge xhci_hcd": 38
    },
    "network_irq_lines_after": {
      "28 GICv2 189 Level eth0": 49169,
      "29 GICv2 190 Level eth0": 75603104,
      "30 BRCM-PCI-MSI-0000:01:00.0 0 Edge xhci_hcd": 38
    },
    "softirq_delta": {
      "hi": 0,
      "timer": 1485,
      "net_tx": 0,
      "net_rx": 888359,
      "block": 0,
      "irq_poll": 0,
      "tasklet": 0,
      "sched": 15590,
      "hrtimer": 0,
      "rcu": 1654
    },
    "cpu_jiffies_delta": {
      "user": 903,
      "nice": 0,
      "system": 1350,
      "idle": 8840,
      "iowait": 0,
      "irq": 0,
      "softirq": 460,
      "steal": 0
    },
    "warning": "Kernel activity proxy only; not a direct electrical power measurement."
  },
  "server_perf_task_clock_ms": 128024801494.0,
  "server_perf_context_switches": 628345.0,
  "server_perf_cpu_migrations": 666.0,
  "server_perf_page_faults": 16624.0,
  "server_perf_cycles": 25991197419.0,
  "server_perf_instructions": 13487423876.0,
  "server_perf_branches": null,
  "server_perf_branch_misses": 102824843.0,
  "server_perf_cache_references": 5885677488.0,
  "server_perf_cache_misses": 243736033.0,
  "server_perf_cycles_per_op": 93019.71762175394,
  "server_perf_instructions_per_op": 48270.04851547514,
  "server_perf_context_switches_per_1k_ops": 2248.779597446102,
  "server_perf_cpu_migrations_per_1k_ops": 2.383542817877287,
  "server_perf_page_faults_per_1k_ops": 59.495519225813844,
  "server_perf_cycles_per_mib": 762017526.7574083,
  "server_perf_instructions_per_mib": 395428237.4387723,
  "server_perf_task_clock_ms_per_1k_ops": 458187081.2480316,
  "server_perf_ipc": 0.5189227590622842,
  "server_perf_branch_miss_percent": null,
  "server_perf_cache_miss_percent": 4.141172082516255,
  "server_perf_measurement": {
    "source": "perf stat -a",
    "scope": "Raspberry Pi server, system-wide",
    "warnings": [
      "branches: <not supported>"
    ],
    "warning": "Processing-efficiency proxy only; not direct electrical power."
  }
}
