{
  "mode": "tcp",
  "transport": "tcp",
  "clients": 1,
  "payload_bytes": 64,
  "pipeline": 1,
  "elapsed_s": 30.000436876987806,
  "operations": 122760,
  "errors": 0,
  "tx_mib_s": 0.24975222234171351,
  "rx_mib_s": 0.24975222234171351,
  "combined_mib_s": 0.49950444468342703,
  "operations_s": 4091.940410846634,
  "connect_mean_ms": 0.6658620259258896,
  "rtt_p50_ms": 0.2263540227431804,
  "rtt_p95_ms": 0.384265003958717,
  "rtt_p99_ms": 0.45368599239736795,
  "client_cpu_percent": 32.347292273746255,
  "max_rss_kib": 20696,
  "error_details": [],
  "server_irq_total": 474037,
  "server_network_irq": 245720,
  "server_net_rx_softirq": 491283,
  "server_net_tx_softirq": 0,
  "server_timer_softirq": 1177,
  "server_sched_softirq": 7723,
  "server_cpu_busy_jiffies": 1164,
  "server_cpu_total_jiffies": 12267,
  "server_cpu_busy_percent": 9.488872584984104,
  "server_network_irq_per_1k_ops": 2001.6291951775825,
  "server_net_rx_softirq_per_1k_ops": 4001.979472140763,
  "server_net_tx_softirq_per_1k_ops": 0.0,
  "server_kernel_network_events_per_1k_ops": 6003.608667318345,
  "server_network_irq_per_mib": 16397.346366894755,
  "server_net_rx_softirq_per_mib": 32784.215835777126,
  "server_net_tx_softirq_per_mib": 0.0,
  "server_irq_measurement": {
    "source": "/proc/interrupts, /proc/softirqs and /proc/stat",
    "scope": "Raspberry Pi server",
    "network_irq_lines_before": {
      "28 GICv2 189 Level eth0": 48066,
      "29 GICv2 190 Level eth0": 71013899,
      "30 BRCM-PCI-MSI-0000:01:00.0 0 Edge xhci_hcd": 38
    },
    "network_irq_lines_after": {
      "28 GICv2 189 Level eth0": 48128,
      "29 GICv2 190 Level eth0": 71259557,
      "30 BRCM-PCI-MSI-0000:01:00.0 0 Edge xhci_hcd": 38
    },
    "softirq_delta": {
      "hi": 0,
      "timer": 1177,
      "net_tx": 0,
      "net_rx": 491283,
      "block": 0,
      "irq_poll": 0,
      "tasklet": 0,
      "sched": 7723,
      "hrtimer": 0,
      "rcu": 1400
    },
    "cpu_jiffies_delta": {
      "user": 408,
      "nice": 0,
      "system": 588,
      "idle": 11102,
      "iowait": 1,
      "irq": 0,
      "softirq": 168,
      "steal": 0
    },
    "warning": "Kernel activity proxy only; not a direct electrical power measurement."
  },
  "server_perf_task_clock_ms": 128027565975.0,
  "server_perf_context_switches": 251056.0,
  "server_perf_cpu_migrations": 291.0,
  "server_perf_page_faults": 15071.0,
  "server_perf_cycles": 11420592317.0,
  "server_perf_instructions": 6255715875.0,
  "server_perf_branches": null,
  "server_perf_branch_misses": 46251088.0,
  "server_perf_cache_references": 2704031033.0,
  "server_perf_cache_misses": 104103234.0,
  "server_perf_cycles_per_op": 93031.86963994786,
  "server_perf_instructions_per_op": 50958.91067937439,
  "server_perf_context_switches_per_1k_ops": 2045.0961225154772,
  "server_perf_cpu_migrations_per_1k_ops": 2.3704789833822093,
  "server_perf_page_faults_per_1k_ops": 122.76800260671227,
  "server_perf_cycles_per_mib": 762117076.0904529,
  "server_perf_instructions_per_mib": 417455396.285435,
  "server_perf_task_clock_ms_per_1k_ops": 1042909465.4203323,
  "server_perf_ipc": 0.5477575682031939,
  "server_perf_branch_miss_percent": null,
  "server_perf_cache_miss_percent": 3.8499274871302855,
  "server_perf_measurement": {
    "source": "perf stat -a",
    "scope": "Raspberry Pi server, system-wide",
    "warnings": [
      "branches: <not supported>"
    ],
    "warning": "Processing-efficiency proxy only; not direct electrical power."
  }
}
