{
  "mode": "tcp",
  "transport": "tcp",
  "clients": 1,
  "payload_bytes": 64,
  "pipeline": 4,
  "elapsed_s": 30.001044978998834,
  "operations": 135964,
  "errors": 0,
  "tx_mib_s": 0.2766098310970211,
  "rx_mib_s": 0.2766098310970211,
  "combined_mib_s": 0.5532196621940422,
  "operations_s": 4531.9754726935935,
  "connect_mean_ms": 0.4756860143970698,
  "rtt_p50_ms": 0.2175539848394692,
  "rtt_p95_ms": 0.38377498276531696,
  "rtt_p99_ms": 0.42924200533889234,
  "client_cpu_percent": 31.386546723927584,
  "max_rss_kib": 20612,
  "error_details": [],
  "server_irq_total": 492523,
  "server_network_irq": 272138,
  "server_net_rx_softirq": 544108,
  "server_net_tx_softirq": 0,
  "server_timer_softirq": 1060,
  "server_sched_softirq": 7998,
  "server_cpu_busy_jiffies": 1401,
  "server_cpu_total_jiffies": 12269,
  "server_cpu_busy_percent": 11.419023555301981,
  "server_network_irq_per_1k_ops": 2001.5445264923069,
  "server_net_rx_softirq_per_1k_ops": 4001.8534317907684,
  "server_net_tx_softirq_per_1k_ops": 0.0,
  "server_kernel_network_events_per_1k_ops": 6003.397958283075,
  "server_network_irq_per_mib": 16396.65276102498,
  "server_net_rx_softirq_per_mib": 32783.18331322997,
  "server_net_tx_softirq_per_mib": 0.0,
  "server_irq_measurement": {
    "source": "/proc/interrupts, /proc/softirqs and /proc/stat",
    "scope": "Raspberry Pi server",
    "network_irq_lines_before": {
      "28 GICv2 189 Level eth0": 48266,
      "29 GICv2 190 Level eth0": 71619647,
      "30 BRCM-PCI-MSI-0000:01:00.0 0 Edge xhci_hcd": 38
    },
    "network_irq_lines_after": {
      "28 GICv2 189 Level eth0": 48330,
      "29 GICv2 190 Level eth0": 71891721,
      "30 BRCM-PCI-MSI-0000:01:00.0 0 Edge xhci_hcd": 38
    },
    "softirq_delta": {
      "hi": 0,
      "timer": 1060,
      "net_tx": 0,
      "net_rx": 544108,
      "block": 0,
      "irq_poll": 0,
      "tasklet": 0,
      "sched": 7998,
      "hrtimer": 0,
      "rcu": 1390
    },
    "cpu_jiffies_delta": {
      "user": 487,
      "nice": 0,
      "system": 628,
      "idle": 10867,
      "iowait": 1,
      "irq": 0,
      "softirq": 286,
      "steal": 0
    },
    "warning": "Kernel activity proxy only; not a direct electrical power measurement."
  },
  "server_perf_task_clock_ms": 128028421253.0,
  "server_perf_context_switches": 277647.0,
  "server_perf_cpu_migrations": 274.0,
  "server_perf_page_faults": 16320.0,
  "server_perf_cycles": 12532689892.0,
  "server_perf_instructions": 6702694500.0,
  "server_perf_branches": null,
  "server_perf_branch_misses": 55363449.0,
  "server_perf_cache_references": 2895945703.0,
  "server_perf_cache_misses": 114637797.0,
  "server_perf_cycles_per_op": 92176.5312288547,
  "server_perf_instructions_per_op": 49297.56773851902,
  "server_perf_context_switches_per_1k_ops": 2042.062604807155,
  "server_perf_cpu_migrations_per_1k_ops": 2.015239328057427,
  "server_perf_page_faults_per_1k_ops": 120.03177311641316,
  "server_perf_cycles_per_mib": 755110143.8267777,
  "server_perf_instructions_per_mib": 403845674.9139478,
  "server_perf_task_clock_ms_per_1k_ops": 941634706.6355801,
  "server_perf_ipc": 0.5348169114340359,
  "server_perf_branch_miss_percent": null,
  "server_perf_cache_miss_percent": 3.958561684400476,
  "server_perf_measurement": {
    "source": "perf stat -a",
    "scope": "Raspberry Pi server, system-wide",
    "warnings": [
      "branches: <not supported>"
    ],
    "warning": "Processing-efficiency proxy only; not direct electrical power."
  }
}
