{
  "mode": "tls",
  "transport": "tls",
  "clients": 2,
  "payload_bytes": 64,
  "pipeline": 1,
  "elapsed_s": 30.007244059001096,
  "operations": 166042,
  "errors": 0,
  "tx_mib_s": 0.3377317621750253,
  "rx_mib_s": 0.3377317621750253,
  "combined_mib_s": 0.6754635243500506,
  "operations_s": 5533.397191475615,
  "connect_mean_ms": 52.67944200022612,
  "rtt_p50_ms": 0.33879801048897207,
  "rtt_p95_ms": 0.564664020203054,
  "rtt_p99_ms": 0.6947079964447767,
  "client_cpu_percent": 70.98199340839115,
  "max_rss_kib": 25964,
  "error_details": [],
  "server_irq_total": 696255,
  "server_network_irq": 306449,
  "server_net_rx_softirq": 602344,
  "server_net_tx_softirq": 0,
  "server_timer_softirq": 1401,
  "server_sched_softirq": 15766,
  "server_cpu_busy_jiffies": 3425,
  "server_cpu_total_jiffies": 11926,
  "server_cpu_busy_percent": 28.71876572195204,
  "server_network_irq_per_1k_ops": 1845.6113513448404,
  "server_net_rx_softirq_per_1k_ops": 3627.660471446983,
  "server_net_tx_softirq_per_1k_ops": 0.0,
  "server_kernel_network_events_per_1k_ops": 5473.271822791824,
  "server_network_irq_per_mib": 15119.248190216933,
  "server_net_rx_softirq_per_mib": 29717.794582093684,
  "server_net_tx_softirq_per_mib": 0.0,
  "server_irq_measurement": {
    "source": "/proc/interrupts, /proc/softirqs and /proc/stat",
    "scope": "Raspberry Pi server",
    "network_irq_lines_before": {
      "28 GICv2 189 Level eth0": 48733,
      "29 GICv2 190 Level eth0": 73318518,
      "30 BRCM-PCI-MSI-0000:01:00.0 0 Edge xhci_hcd": 38
    },
    "network_irq_lines_after": {
      "28 GICv2 189 Level eth0": 48797,
      "29 GICv2 190 Level eth0": 73624903,
      "30 BRCM-PCI-MSI-0000:01:00.0 0 Edge xhci_hcd": 38
    },
    "softirq_delta": {
      "hi": 0,
      "timer": 1401,
      "net_tx": 0,
      "net_rx": 602344,
      "block": 0,
      "irq_poll": 0,
      "tasklet": 0,
      "sched": 15766,
      "hrtimer": 0,
      "rcu": 1639
    },
    "cpu_jiffies_delta": {
      "user": 2223,
      "nice": 0,
      "system": 1005,
      "idle": 8500,
      "iowait": 1,
      "irq": 0,
      "softirq": 197,
      "steal": 0
    },
    "warning": "Kernel activity proxy only; not a direct electrical power measurement."
  },
  "server_perf_task_clock_ms": 128024488901.0,
  "server_perf_context_switches": 420643.0,
  "server_perf_cpu_migrations": 525.0,
  "server_perf_page_faults": 15016.0,
  "server_perf_cycles": 27790576383.0,
  "server_perf_instructions": 16275901042.0,
  "server_perf_branches": null,
  "server_perf_branch_misses": 139132602.0,
  "server_perf_cache_references": 6775022894.0,
  "server_perf_cache_misses": 324912182.0,
  "server_perf_cycles_per_op": 167370.76392117658,
  "server_perf_instructions_per_op": 98022.79569024705,
  "server_perf_context_switches_per_1k_ops": 2533.3530070705,
  "server_perf_cpu_migrations_per_1k_ops": 3.1618506161091773,
  "server_perf_page_faults_per_1k_ops": 90.43495019332458,
  "server_perf_cycles_per_mib": 1371101298.0422785,
  "server_perf_instructions_per_mib": 803002742.2945038,
  "server_perf_task_clock_ms_per_1k_ops": 771036779.2546464,
  "server_perf_ipc": 0.585662593596161,
  "server_perf_branch_miss_percent": null,
  "server_perf_cache_miss_percent": 4.795735558144669,
  "server_perf_measurement": {
    "source": "perf stat -a",
    "scope": "Raspberry Pi server, system-wide",
    "warnings": [
      "branches: <not supported>"
    ],
    "warning": "Processing-efficiency proxy only; not direct electrical power."
  }
}
