{
  "mode": "tls",
  "transport": "tls",
  "clients": 2,
  "payload_bytes": 64,
  "pipeline": 4,
  "elapsed_s": 30.005590607004706,
  "operations": 196616,
  "errors": 0,
  "tx_mib_s": 0.3999417454708765,
  "rx_mib_s": 0.3999417454708765,
  "combined_mib_s": 0.799883490941753,
  "operations_s": 6552.645557794841,
  "connect_mean_ms": 63.80503450054675,
  "rtt_p50_ms": 0.2698649768717587,
  "rtt_p95_ms": 0.43559801997616887,
  "rtt_p99_ms": 0.9391499916091561,
  "client_cpu_percent": 55.98608346032135,
  "max_rss_kib": 26012,
  "error_details": [],
  "server_irq_total": 862213,
  "server_network_irq": 372315,
  "server_net_rx_softirq": 712621,
  "server_net_tx_softirq": 0,
  "server_timer_softirq": 1468,
  "server_sched_softirq": 18168,
  "server_cpu_busy_jiffies": 4077,
  "server_cpu_total_jiffies": 11514,
  "server_cpu_busy_percent": 35.40906722251172,
  "server_network_irq_per_1k_ops": 1893.6149652113766,
  "server_net_rx_softirq_per_1k_ops": 3624.4303617203077,
  "server_net_tx_softirq_per_1k_ops": 0.0,
  "server_kernel_network_events_per_1k_ops": 5518.045326931684,
  "server_network_irq_per_mib": 15512.493795011596,
  "server_net_rx_softirq_per_mib": 29691.333523212757,
  "server_net_tx_softirq_per_mib": 0.0,
  "server_irq_measurement": {
    "source": "/proc/interrupts, /proc/softirqs and /proc/stat",
    "scope": "Raspberry Pi server",
    "network_irq_lines_before": {
      "28 GICv2 189 Level eth0": 48973,
      "29 GICv2 190 Level eth0": 74391757,
      "30 BRCM-PCI-MSI-0000:01:00.0 0 Edge xhci_hcd": 38
    },
    "network_irq_lines_after": {
      "28 GICv2 189 Level eth0": 49037,
      "29 GICv2 190 Level eth0": 74764008,
      "30 BRCM-PCI-MSI-0000:01:00.0 0 Edge xhci_hcd": 38
    },
    "softirq_delta": {
      "hi": 0,
      "timer": 1468,
      "net_tx": 0,
      "net_rx": 712621,
      "block": 0,
      "irq_poll": 0,
      "tasklet": 0,
      "sched": 18168,
      "hrtimer": 0,
      "rcu": 1656
    },
    "cpu_jiffies_delta": {
      "user": 2633,
      "nice": 0,
      "system": 1232,
      "idle": 7437,
      "iowait": 0,
      "irq": 0,
      "softirq": 212,
      "steal": 0
    },
    "warning": "Kernel activity proxy only; not a direct electrical power measurement."
  },
  "server_perf_task_clock_ms": 128024495252.0,
  "server_perf_context_switches": 555870.0,
  "server_perf_cpu_migrations": 558.0,
  "server_perf_page_faults": 16604.0,
  "server_perf_cycles": 33913459547.0,
  "server_perf_instructions": 19608833652.0,
  "server_perf_branches": null,
  "server_perf_branch_misses": 173690242.0,
  "server_perf_cache_references": 8186116409.0,
  "server_perf_cache_misses": 389353214.0,
  "server_perf_cycles_per_op": 172485.75673902428,
  "server_perf_instructions_per_op": 99731.62739553241,
  "server_perf_context_switches_per_1k_ops": 2827.1859868983192,
  "server_perf_cpu_migrations_per_1k_ops": 2.838019286324612,
  "server_perf_page_faults_per_1k_ops": 84.4488749643976,
  "server_perf_cycles_per_mib": 1413003319.2060869,
  "server_perf_instructions_per_mib": 817001491.6242015,
  "server_perf_task_clock_ms_per_1k_ops": 651139761.0163974,
  "server_perf_ipc": 0.5782021036463266,
  "server_perf_branch_miss_percent": null,
  "server_perf_cache_miss_percent": 4.756262854653964,
  "server_perf_measurement": {
    "source": "perf stat -a",
    "scope": "Raspberry Pi server, system-wide",
    "warnings": [
      "branches: <not supported>"
    ],
    "warning": "Processing-efficiency proxy only; not direct electrical power."
  }
}
