{
  "mode": "tls",
  "transport": "tls",
  "clients": 1,
  "payload_bytes": 64,
  "pipeline": 8,
  "elapsed_s": 30.0020832339942,
  "operations": 89760,
  "errors": 0,
  "tx_mib_s": 0.18260450723610105,
  "rx_mib_s": 0.18260450723610105,
  "combined_mib_s": 0.3652090144722021,
  "operations_s": 2991.7922465562797,
  "connect_mean_ms": 44.13761501200497,
  "rtt_p50_ms": 0.33048700424842536,
  "rtt_p95_ms": 0.478130008559674,
  "rtt_p99_ms": 0.5675969878211617,
  "client_cpu_percent": 36.304195662182146,
  "max_rss_kib": 24276,
  "error_details": [],
  "server_irq_total": 362800,
  "server_network_irq": 179735,
  "server_net_rx_softirq": 359325,
  "server_net_tx_softirq": 0,
  "server_timer_softirq": 1054,
  "server_sched_softirq": 8885,
  "server_cpu_busy_jiffies": 1761,
  "server_cpu_total_jiffies": 12315,
  "server_cpu_busy_percent": 14.299634591961022,
  "server_network_irq_per_1k_ops": 2002.3952762923352,
  "server_net_rx_softirq_per_1k_ops": 4003.1751336898396,
  "server_net_tx_softirq_per_1k_ops": 0.0,
  "server_kernel_network_events_per_1k_ops": 6005.570409982175,
  "server_network_irq_per_mib": 16403.62210338681,
  "server_net_rx_softirq_per_mib": 32794.010695187164,
  "server_net_tx_softirq_per_mib": 0.0,
  "server_irq_measurement": {
    "source": "/proc/interrupts, /proc/softirqs and /proc/stat",
    "scope": "Raspberry Pi server",
    "network_irq_lines_before": {
      "28 GICv2 189 Level eth0": 48534,
      "29 GICv2 190 Level eth0": 72528072,
      "30 BRCM-PCI-MSI-0000:01:00.0 0 Edge xhci_hcd": 38
    },
    "network_irq_lines_after": {
      "28 GICv2 189 Level eth0": 48595,
      "29 GICv2 190 Level eth0": 72707746,
      "30 BRCM-PCI-MSI-0000:01:00.0 0 Edge xhci_hcd": 38
    },
    "softirq_delta": {
      "hi": 0,
      "timer": 1054,
      "net_tx": 0,
      "net_rx": 359325,
      "block": 0,
      "irq_poll": 0,
      "tasklet": 0,
      "sched": 8885,
      "hrtimer": 0,
      "rcu": 1463
    },
    "cpu_jiffies_delta": {
      "user": 1201,
      "nice": 0,
      "system": 479,
      "idle": 10554,
      "iowait": 0,
      "irq": 0,
      "softirq": 81,
      "steal": 0
    },
    "warning": "Kernel activity proxy only; not a direct electrical power measurement."
  },
  "server_perf_task_clock_ms": 128026165178.0,
  "server_perf_context_switches": 184736.0,
  "server_perf_cpu_migrations": 226.0,
  "server_perf_page_faults": 15318.0,
  "server_perf_cycles": 14246200925.0,
  "server_perf_instructions": 8899971332.0,
  "server_perf_branches": null,
  "server_perf_branch_misses": 68211601.0,
  "server_perf_cache_references": 3667740369.0,
  "server_perf_cache_misses": 165108164.0,
  "server_perf_cycles_per_op": 158714.35968137256,
  "server_perf_instructions_per_op": 99152.97829768271,
  "server_perf_context_switches_per_1k_ops": 2058.1105169340462,
  "server_perf_cpu_migrations_per_1k_ops": 2.5178253119429588,
  "server_perf_page_faults_per_1k_ops": 170.65508021390374,
  "server_perf_cycles_per_mib": 1300188034.509804,
  "server_perf_instructions_per_mib": 812261198.2146168,
  "server_perf_task_clock_ms_per_1k_ops": 1426316456.9741533,
  "server_perf_ipc": 0.6247259447521796,
  "server_perf_branch_miss_percent": null,
  "server_perf_cache_miss_percent": 4.501631723867529,
  "server_perf_measurement": {
    "source": "perf stat -a",
    "scope": "Raspberry Pi server, system-wide",
    "warnings": [
      "branches: <not supported>"
    ],
    "warning": "Processing-efficiency proxy only; not direct electrical power."
  }
}
