{
  "mode": "tls",
  "transport": "tls",
  "clients": 1,
  "payload_bytes": 64,
  "pipeline": 4,
  "elapsed_s": 30.004876057995716,
  "operations": 89900,
  "errors": 0,
  "tx_mib_s": 0.18287229503195382,
  "rx_mib_s": 0.18287229503195382,
  "combined_mib_s": 0.36574459006390764,
  "operations_s": 2996.1796818035314,
  "connect_mean_ms": 43.44681100337766,
  "rtt_p50_ms": 0.33048700424842536,
  "rtt_p95_ms": 0.4776419955305755,
  "rtt_p99_ms": 0.5509739858098328,
  "client_cpu_percent": 36.14027593061937,
  "max_rss_kib": 24624,
  "error_details": [],
  "server_irq_total": 359768,
  "server_network_irq": 180010,
  "server_net_rx_softirq": 359871,
  "server_net_tx_softirq": 0,
  "server_timer_softirq": 1008,
  "server_sched_softirq": 8722,
  "server_cpu_busy_jiffies": 1767,
  "server_cpu_total_jiffies": 12337,
  "server_cpu_busy_percent": 14.322768906541297,
  "server_network_irq_per_1k_ops": 2002.3359288097888,
  "server_net_rx_softirq_per_1k_ops": 4003.0144605116798,
  "server_net_tx_softirq_per_1k_ops": 0.0,
  "server_kernel_network_events_per_1k_ops": 6005.350389321468,
  "server_network_irq_per_mib": 16403.13592880979,
  "server_net_rx_softirq_per_mib": 32792.69446051168,
  "server_net_tx_softirq_per_mib": 0.0,
  "server_irq_measurement": {
    "source": "/proc/interrupts, /proc/softirqs and /proc/stat",
    "scope": "Raspberry Pi server",
    "network_irq_lines_before": {
      "28 GICv2 189 Level eth0": 48334,
      "29 GICv2 190 Level eth0": 71891855,
      "30 BRCM-PCI-MSI-0000:01:00.0 0 Edge xhci_hcd": 38
    },
    "network_irq_lines_after": {
      "28 GICv2 189 Level eth0": 48396,
      "29 GICv2 190 Level eth0": 72071803,
      "30 BRCM-PCI-MSI-0000:01:00.0 0 Edge xhci_hcd": 38
    },
    "softirq_delta": {
      "hi": 0,
      "timer": 1008,
      "net_tx": 0,
      "net_rx": 359871,
      "block": 0,
      "irq_poll": 0,
      "tasklet": 0,
      "sched": 8722,
      "hrtimer": 0,
      "rcu": 1426
    },
    "cpu_jiffies_delta": {
      "user": 1184,
      "nice": 0,
      "system": 485,
      "idle": 10570,
      "iowait": 0,
      "irq": 0,
      "softirq": 98,
      "steal": 0
    },
    "warning": "Kernel activity proxy only; not a direct electrical power measurement."
  },
  "server_perf_task_clock_ms": 128025045309.0,
  "server_perf_context_switches": 185065.0,
  "server_perf_cpu_migrations": 255.0,
  "server_perf_page_faults": 16748.0,
  "server_perf_cycles": 14263922149.0,
  "server_perf_instructions": 8915890003.0,
  "server_perf_branches": null,
  "server_perf_branch_misses": 69962354.0,
  "server_perf_cache_references": 3675334942.0,
  "server_perf_cache_misses": 162646374.0,
  "server_perf_cycles_per_op": 158664.31756395995,
  "server_perf_instructions_per_op": 99175.63963292548,
  "server_perf_context_switches_per_1k_ops": 2058.5650723025583,
  "server_perf_cpu_migrations_per_1k_ops": 2.836484983314794,
  "server_perf_page_faults_per_1k_ops": 186.29588431590656,
  "server_perf_cycles_per_mib": 1299778089.48396,
  "server_perf_instructions_per_mib": 812446839.8729255,
  "server_perf_task_clock_ms_per_1k_ops": 1424082817.6751945,
  "server_perf_ipc": 0.6250658065758629,
  "server_perf_branch_miss_percent": null,
  "server_perf_cache_miss_percent": 4.425348344210855,
  "server_perf_measurement": {
    "source": "perf stat -a",
    "scope": "Raspberry Pi server, system-wide",
    "warnings": [
      "branches: <not supported>"
    ],
    "warning": "Processing-efficiency proxy only; not direct electrical power."
  }
}
