{
  "mode": "tls",
  "transport": "tls",
  "clients": 2,
  "payload_bytes": 64,
  "pipeline": 8,
  "elapsed_s": 30.003400387999136,
  "operations": 197560,
  "errors": 0,
  "tx_mib_s": 0.40189129608032836,
  "rx_mib_s": 0.40189129608032836,
  "combined_mib_s": 0.8037825921606567,
  "operations_s": 6584.5869949801,
  "connect_mean_ms": 56.171814489061944,
  "rtt_p50_ms": 0.2649769885465503,
  "rtt_p95_ms": 0.4556420026347041,
  "rtt_p99_ms": 1.1625720071606338,
  "client_cpu_percent": 49.23552600360821,
  "max_rss_kib": 26064,
  "error_details": [],
  "server_irq_total": 876442,
  "server_network_irq": 378297,
  "server_net_rx_softirq": 719006,
  "server_net_tx_softirq": 0,
  "server_timer_softirq": 1423,
  "server_sched_softirq": 18242,
  "server_cpu_busy_jiffies": 4192,
  "server_cpu_total_jiffies": 11585,
  "server_cpu_busy_percent": 36.18472162278809,
  "server_network_irq_per_1k_ops": 1914.8461226969023,
  "server_net_rx_softirq_per_1k_ops": 3639.4310589188094,
  "server_net_tx_softirq_per_1k_ops": 0.0,
  "server_kernel_network_events_per_1k_ops": 5554.277181615712,
  "server_network_irq_per_mib": 15686.419437133021,
  "server_net_rx_softirq_per_mib": 29814.219234662884,
  "server_net_tx_softirq_per_mib": 0.0,
  "server_irq_measurement": {
    "source": "/proc/interrupts, /proc/softirqs and /proc/stat",
    "scope": "Raspberry Pi server",
    "network_irq_lines_before": {
      "28 GICv2 189 Level eth0": 49175,
      "29 GICv2 190 Level eth0": 75603239,
      "30 BRCM-PCI-MSI-0000:01:00.0 0 Edge xhci_hcd": 38
    },
    "network_irq_lines_after": {
      "28 GICv2 189 Level eth0": 49237,
      "29 GICv2 190 Level eth0": 75981474,
      "30 BRCM-PCI-MSI-0000:01:00.0 0 Edge xhci_hcd": 38
    },
    "softirq_delta": {
      "hi": 0,
      "timer": 1423,
      "net_tx": 0,
      "net_rx": 719006,
      "block": 0,
      "irq_poll": 0,
      "tasklet": 0,
      "sched": 18242,
      "hrtimer": 0,
      "rcu": 1613
    },
    "cpu_jiffies_delta": {
      "user": 2673,
      "nice": 0,
      "system": 1304,
      "idle": 7393,
      "iowait": 0,
      "irq": 0,
      "softirq": 215,
      "steal": 0
    },
    "warning": "Kernel activity proxy only; not a direct electrical power measurement."
  },
  "server_perf_task_clock_ms": 128025161513.0,
  "server_perf_context_switches": 569410.0,
  "server_perf_cpu_migrations": 572.0,
  "server_perf_page_faults": 16611.0,
  "server_perf_cycles": 34284835171.0,
  "server_perf_instructions": 19795446269.0,
  "server_perf_branches": null,
  "server_perf_branch_misses": 176963518.0,
  "server_perf_cache_references": 8270266980.0,
  "server_perf_cache_misses": 387390250.0,
  "server_perf_cycles_per_op": 173541.38069953432,
  "server_perf_instructions_per_op": 100199.66728588783,
  "server_perf_context_switches_per_1k_ops": 2882.212998582709,
  "server_perf_cpu_migrations_per_1k_ops": 2.89532293986637,
  "server_perf_page_faults_per_1k_ops": 84.08078558412635,
  "server_perf_cycles_per_mib": 1421650990.6905851,
  "server_perf_instructions_per_mib": 820835674.4059931,
  "server_perf_task_clock_ms_per_1k_ops": 648031795.4697307,
  "server_perf_ipc": 0.5773819874083594,
  "server_perf_branch_miss_percent": null,
  "server_perf_cache_miss_percent": 4.684132337406114,
  "server_perf_measurement": {
    "source": "perf stat -a",
    "scope": "Raspberry Pi server, system-wide",
    "warnings": [
      "branches: <not supported>"
    ],
    "warning": "Processing-efficiency proxy only; not direct electrical power."
  }
}
