{
  "mode": "tls",
  "transport": "tls",
  "clients": 4,
  "payload_bytes": 64,
  "pipeline": 1,
  "elapsed_s": 30.005107033008244,
  "operations": 208226,
  "errors": 0,
  "tx_mib_s": 0.4235647762006438,
  "rx_mib_s": 0.4235647762006438,
  "combined_mib_s": 0.8471295524012876,
  "operations_s": 6939.685293271348,
  "connect_mean_ms": 75.63695099815959,
  "rtt_p50_ms": 0.5050190084148198,
  "rtt_p95_ms": 1.0437730234116316,
  "rtt_p99_ms": 1.5512359968852252,
  "client_cpu_percent": 61.47504816332822,
  "max_rss_kib": 28776,
  "error_details": [],
  "server_irq_total": 1340035,
  "server_network_irq": 369957,
  "server_net_rx_softirq": 707930,
  "server_net_tx_softirq": 0,
  "server_timer_softirq": 1914,
  "server_sched_softirq": 25043,
  "server_cpu_busy_jiffies": 6735,
  "server_cpu_total_jiffies": 11266,
  "server_cpu_busy_percent": 59.78164388425351,
  "server_network_irq_per_1k_ops": 1776.7089604564271,
  "server_net_rx_softirq_per_1k_ops": 3399.8155849893865,
  "server_net_tx_softirq_per_1k_ops": 0.0,
  "server_kernel_network_events_per_1k_ops": 5176.524545445814,
  "server_network_irq_per_mib": 14554.799804059052,
  "server_net_rx_softirq_per_mib": 27851.289272233054,
  "server_net_tx_softirq_per_mib": 0.0,
  "server_irq_measurement": {
    "source": "/proc/interrupts, /proc/softirqs and /proc/stat",
    "scope": "Raspberry Pi server",
    "network_irq_lines_before": {
      "28 GICv2 189 Level eth0": 49375,
      "29 GICv2 190 Level eth0": 76821951,
      "30 BRCM-PCI-MSI-0000:01:00.0 0 Edge xhci_hcd": 38
    },
    "network_irq_lines_after": {
      "28 GICv2 189 Level eth0": 49437,
      "29 GICv2 190 Level eth0": 77191846,
      "30 BRCM-PCI-MSI-0000:01:00.0 0 Edge xhci_hcd": 38
    },
    "softirq_delta": {
      "hi": 0,
      "timer": 1914,
      "net_tx": 0,
      "net_rx": 707930,
      "block": 0,
      "irq_poll": 0,
      "tasklet": 0,
      "sched": 25043,
      "hrtimer": 0,
      "rcu": 1804
    },
    "cpu_jiffies_delta": {
      "user": 3479,
      "nice": 0,
      "system": 2460,
      "idle": 4530,
      "iowait": 1,
      "irq": 0,
      "softirq": 796,
      "steal": 0
    },
    "warning": "Kernel activity proxy only; not a direct electrical power measurement."
  },
  "server_perf_task_clock_ms": 128025036883.0,
  "server_perf_context_switches": 1522886.0,
  "server_perf_cpu_migrations": 2395.0,
  "server_perf_page_faults": 16748.0,
  "server_perf_cycles": 50964185677.0,
  "server_perf_instructions": 27361869117.0,
  "server_perf_branches": null,
  "server_perf_branch_misses": 281207002.0,
  "server_perf_cache_references": 11547869003.0,
  "server_perf_cache_misses": 548805583.0,
  "server_perf_cycles_per_op": 244754.18860757063,
  "server_perf_instructions_per_op": 131404.6714483302,
  "server_perf_context_switches_per_1k_ops": 7313.6207774245295,
  "server_perf_cpu_migrations_per_1k_ops": 11.501925792168125,
  "server_perf_page_faults_per_1k_ops": 80.43183848318654,
  "server_perf_cycles_per_mib": 2005026313.0732186,
  "server_perf_instructions_per_mib": 1076467068.504721,
  "server_perf_task_clock_ms_per_1k_ops": 614836941.0304189,
  "server_perf_ipc": 0.536884260064776,
  "server_perf_branch_miss_percent": null,
  "server_perf_cache_miss_percent": 4.752440323469437,
  "server_perf_measurement": {
    "source": "perf stat -a",
    "scope": "Raspberry Pi server, system-wide",
    "warnings": [
      "branches: <not supported>"
    ],
    "warning": "Processing-efficiency proxy only; not direct electrical power."
  }
}
