{
  "mode": "tls",
  "transport": "tls",
  "clients": 1,
  "payload_bytes": 64,
  "pipeline": 1,
  "elapsed_s": 30.001319454982877,
  "operations": 86441,
  "errors": 0,
  "tx_mib_s": 0.1758569302034473,
  "rx_mib_s": 0.1758569302034473,
  "combined_mib_s": 0.3517138604068946,
  "operations_s": 2881.2399444532807,
  "connect_mean_ms": 40.513974003260955,
  "rtt_p50_ms": 0.337820005370304,
  "rtt_p95_ms": 0.4879079933743924,
  "rtt_p99_ms": 0.5900849937461317,
  "client_cpu_percent": 35.92248339667617,
  "max_rss_kib": 24368,
  "error_details": [],
  "server_irq_total": 350508,
  "server_network_irq": 174884,
  "server_net_rx_softirq": 349539,
  "server_net_tx_softirq": 0,
  "server_timer_softirq": 1158,
  "server_sched_softirq": 9859,
  "server_cpu_busy_jiffies": 1781,
  "server_cpu_total_jiffies": 12340,
  "server_cpu_busy_percent": 14.432739059967586,
  "server_network_irq_per_1k_ops": 2023.1603058733704,
  "server_net_rx_softirq_per_1k_ops": 4043.671405930056,
  "server_net_tx_softirq_per_1k_ops": 0.0,
  "server_kernel_network_events_per_1k_ops": 6066.8317118034265,
  "server_network_irq_per_mib": 16573.729225714647,
  "server_net_rx_softirq_per_mib": 33125.75615737902,
  "server_net_tx_softirq_per_mib": 0.0,
  "server_irq_measurement": {
    "source": "/proc/interrupts, /proc/softirqs and /proc/stat",
    "scope": "Raspberry Pi server",
    "network_irq_lines_before": {
      "28 GICv2 189 Level eth0": 48132,
      "29 GICv2 190 Level eth0": 71259691,
      "30 BRCM-PCI-MSI-0000:01:00.0 0 Edge xhci_hcd": 38
    },
    "network_irq_lines_after": {
      "28 GICv2 189 Level eth0": 48196,
      "29 GICv2 190 Level eth0": 71434511,
      "30 BRCM-PCI-MSI-0000:01:00.0 0 Edge xhci_hcd": 38
    },
    "softirq_delta": {
      "hi": 0,
      "timer": 1158,
      "net_tx": 0,
      "net_rx": 349539,
      "block": 0,
      "irq_poll": 0,
      "tasklet": 0,
      "sched": 9859,
      "hrtimer": 0,
      "rcu": 1713
    },
    "cpu_jiffies_delta": {
      "user": 1164,
      "nice": 0,
      "system": 489,
      "idle": 10559,
      "iowait": 0,
      "irq": 0,
      "softirq": 128,
      "steal": 0
    },
    "warning": "Kernel activity proxy only; not a direct electrical power measurement."
  },
  "server_perf_task_clock_ms": 128024059882.0,
  "server_perf_context_switches": 185082.0,
  "server_perf_cpu_migrations": 346.0,
  "server_perf_page_faults": 18379.0,
  "server_perf_cycles": 14184283758.0,
  "server_perf_instructions": 8864766772.0,
  "server_perf_branches": null,
  "server_perf_branch_misses": 70484265.0,
  "server_perf_cache_references": 3636967355.0,
  "server_perf_cache_misses": 163240317.0,
  "server_perf_cycles_per_op": 164092.08313184715,
  "server_perf_instructions_per_op": 102552.80216563899,
  "server_perf_context_switches_per_1k_ops": 2141.1367290984604,
  "server_perf_cpu_migrations_per_1k_ops": 4.002730185907151,
  "server_perf_page_faults_per_1k_ops": 212.61901181152462,
  "server_perf_cycles_per_mib": 1344242345.0160918,
  "server_perf_instructions_per_mib": 840112555.3409146,
  "server_perf_task_clock_ms_per_1k_ops": 1481057135.8730233,
  "server_perf_ipc": 0.6249710541077008,
  "server_perf_branch_miss_percent": null,
  "server_perf_cache_miss_percent": 4.488363547601873,
  "server_perf_measurement": {
    "source": "perf stat -a",
    "scope": "Raspberry Pi server, system-wide",
    "warnings": [
      "branches: <not supported>"
    ],
    "warning": "Processing-efficiency proxy only; not direct electrical power."
  }
}
