{
  "mode": "tls",
  "clients": 1,
  "payload_bytes": 1024,
  "pipeline": 1,
  "elapsed_s": 2.0018071880040225,
  "operations": 3667,
  "errors": 0,
  "tx_mib_s": 1.788910894595511,
  "rx_mib_s": 1.788910894595511,
  "combined_mib_s": 3.577821789191022,
  "operations_s": 1831.8447560658033,
  "connect_mean_ms": 50.779936005710624,
  "rtt_p50_ms": 0.4507510020630434,
  "rtt_p95_ms": 0.739682000130415,
  "rtt_p99_ms": 1.8059390131384134,
  "client_cpu_percent": 25.91583260909729,
  "max_rss_kib": 24392,
  "error_details": []
}
