mode,transport,clients,payload_bytes,pipeline,elapsed_s,operations,errors,combined_mib_s,operations_s,connect_mean_ms,rtt_p50_ms,rtt_p95_ms,rtt_p99_ms,client_cpu_percent,max_rss_kib,server_cpu_busy_percent,server_network_irq,server_net_rx_softirq,server_net_tx_softirq,server_network_irq_per_1k_ops,server_net_rx_softirq_per_1k_ops,server_net_tx_softirq_per_1k_ops,server_kernel_network_events_per_1k_ops,server_network_irq_per_mib,server_perf_task_clock_ms,server_perf_context_switches,server_perf_cpu_migrations,server_perf_page_faults,server_perf_cycles,server_perf_instructions,server_perf_branches,server_perf_branch_misses,server_perf_cache_references,server_perf_cache_misses,server_perf_cycles_per_op,server_perf_instructions_per_op,server_perf_context_switches_per_1k_ops,server_perf_cpu_migrations_per_1k_ops,server_perf_page_faults_per_1k_ops,server_perf_cycles_per_mib,server_perf_instructions_per_mib,server_perf_task_clock_ms_per_1k_ops,server_perf_ipc,server_perf_branch_miss_percent,server_perf_cache_miss_percent
stcp,tcp,1,64,1,15.00405905599473,41369,0,0.3365707065645579,2757.1872281768583,4.329577961470932,0.3035989939235151,0.529952987562865,0.728440994862467,30.275227410445847,21152,40.491452991452995,125606,299783,23376,3036.2348618530787,7246.561434890861,565.0607943145834,10847.857091058522,24872.83598830042,68035368574.0,173511.0,558.0,14089.0,17930345316.0,19037791179.0,,38095053.0,4845498328.0,80598512.0,433424.67345113494,460194.61865164735,4194.227561700791,13.48836084991177,340.5690251154246,3550614924.9116974,3769914315.994295,1644597852.8366652,1.06176377774564,,1.6633688950888026
tcp,tcp,1,64,1,15.000203810981475,66152,0,0.5383390395394657,4410.073411907303,0.4732419620268047,0.19408803200349212,0.40528603130951524,0.5284860380925238,26.120218427509734,20752,39.123630672926446,167910,389410,23576,2538.2452533559076,5886.594509614222,356.3913411537066,8781.231104123835,20793.305115491596,68034064073.0,137887.0,298.0,14646.0,18135185143.0,19062488190.0,,37506261.0,4946581372.0,87002883.0,274144.17013846897,288161.93297254806,2084.396541298827,4.504776877494256,221.39920183819083,2245789041.774338,2360622554.9111137,1028450599.724876,1.0511328139022573,,1.7588487170650349
tls,tls,1,64,1,15.003886285994668,40703,0,0.3311560641675518,2712.830477660584,42.73111396469176,0.3138650208711624,0.5514639778994024,0.9621279896236956,34.30387902102651,24980,41.56288916562889,124341,297505,23228,3054.8362528560547,7309.166400511019,570.6704665503771,10934.67311991745,25025.2185833968,68029298204.0,89764.0,243.0,15037.0,18795714589.0,19759258753.0,,48003163.0,5185298557.0,107981332.0,461777.1316364887,485449.6905142127,2205.3411296464633,5.970075915780163,369.4322285826597,3782878262.3661156,3976803864.6924305,1671358332.4079306,1.0512640346520215,,2.0824515852462997
stcp,tcp,1,64,4,15.005550101981498,45076,0,0.3666937479035438,3003.955182825831,4.975396965164691,0.2512880018912256,0.4390200483612716,0.7069300045259297,30.510164365086773,20900,25.89272147090108,102729,218246,6282,2279.0176590646906,4841.733960422397,139.36462862720737,7260.116248114296,18669.712663057948,68048647647.0,189419.0,1217.0,51777.0,12675419918.0,10372542784.0,,44574476.0,3273089960.0,85587596.0,281201.0807968764,230112.31662081816,4202.214038512734,26.998846392758896,1148.6600408199486,2303599253.8880115,1885080097.7577424,1509642551.4020765,0.8183194601127376,,2.614886759788295
tcp,tcp,1,64,4,15.00107990403194,75896,0,0.6175987660068312,5059.369091127961,0.3251089947298169,0.14617701526731253,0.30310999136418104,0.4399979952722788,27.96806647814965,21028,16.263399693721286,151932,303662,0,2001.8446294929904,4001.027722146094,0.0,6002.872351639085,16399.111204806577,68027192981.0,159293.0,358.0,37583.0,8257808594.0,4418589700.0,,39662850.0,1872455709.0,70179723.0,108804.26628544324,58219.006271740276,2098.832613049436,4.716981132075472,495.190787393275,891324549.410351,476930099.37809634,896321189.2721618,0.5350801789242827,,3.748004434106484
tls,tls,1,64,4,15.00172391498927,45908,0,0.37355732834482097,3060.1816338007734,47.83802496967837,0.2503099967725575,0.6463080062530935,2.2874989663250744,24.103923125708224,25212,17.568185281121437,91972,183813,0,2003.398100548924,4003.942667944585,0.0,6007.340768493509,16411.837239696782,68027643520.0,99028.0,354.0,35861.0,8573940542.0,5213746644.0,,43532759.0,2149859155.0,94198959.0,186763.53886032937,113569.45726235078,2157.0968023002524,7.71107432255816,781.1492550318027,1529966910.3438182,930360993.8931776,1481825466.5853446,0.6080922323242302,,4.381633968016849
stcp,tcp,1,64,8,15.005063705029897,52712,0,0.42882659074236695,3512.94743136147,3.3855389920063317,0.23613200755789876,0.46835397370159626,1.7849249998107553,24.394538216941925,20844,16.28085236854208,105577,211049,0,2002.902564880862,4003.813173470936,0.0,6006.715738351798,16407.777811504024,68029731352.0,219647.0,831.0,37500.0,8726988938.0,5063081129.0,,37639668.0,1979026676.0,73264231.0,165559.81442555774,96051.77433980878,4166.925937168007,15.764911215662467,711.4129609955987,1356265999.774169,786856135.3917135,1290592869.7829716,0.5801635781791569,,3.7020335242818123
tcp,tcp,1,64,8,15.000221056980081,65024,0,0.5291588683825715,4334.869449790026,0.5495080258697271,0.18235499737784266,0.3813309594988823,0.4199529648758471,32.838769384054025,21284,13.592677345537757,130201,260241,0,2002.3529773622047,4002.229945866142,0.0,6004.582923228347,16403.27559055118,68034731389.0,137733.0,367.0,36923.0,7282466566.0,4017995399.0,,33128964.0,1691874615.0,61413974.0,111996.5945804626,61792.49813914862,2118.187130905512,5.644069881889764,567.8364911417323,917476102.8031495,506204144.75590545,1046301848.37906,0.5517355091967064,,3.629936489117428
tls,tls,1,64,8,15.002675375028048,45944,0,0.37382655408482535,3062.3871310628892,41.58076999010518,0.34613197203725576,0.5157749983482063,0.6081750034354627,33.14108234505944,24896,17.647058823529413,92043,183968,0,2003.373672296709,4004.179000522375,0.0,6007.552672819084,16411.637123454642,68028371037.0,99253.0,324.0,36814.0,8621840128.0,5280278638.0,,44192268.0,2148383275.0,91041966.0,187659.7624934703,114928.57909629114,2160.303848162981,7.052063381507923,801.2798189099773,1537308774.3465087,941494919.956817,1480680198.437228,0.6124305901766774,,4.237696646563216
stcp,tcp,2,64,1,15.005076584988274,84415,0,0.6867386095181035,5625.762689172304,6.268013006774709,0.39550900692120194,0.6599960033781826,0.7577739888802171,68.56942676516196,21480,27.479371010431265,155925,307223,0,1847.1243262453354,3639.4361191731327,0.0,5486.560445418468,15131.64248060179,68026347444.0,370728.0,4265.0,37372.0,13618223247.0,7574947216.0,,64777383.0,2973747204.0,116121712.0,161324.68455843156,89734.61133684772,4391.731327370728,50.524195936741094,442.7175265059527,1321571815.9026713,735105936.0714566,805856156.4176983,0.5562360873815685,,3.9048952057459423
tcp,tcp,2,64,1,15.000414918002207,132218,0,1.0759630761116674,8814.28951950678,0.2867319853976369,0.15937699936330318,0.2874659840017557,1.055016997270286,44.46169013629026,21388,27.010309278350515,217949,419819,0,1648.4064197007972,3175.2030737115974,0.0,4823.609493412395,13503.745390188931,68027285481.0,308891.0,823.0,36799.0,13876752077.0,7162541038.0,,63607200.0,3055268167.0,125003426.0,104953.57725120634,54172.20830749217,2336.225022311637,6.224568515633273,278.3206522561225,859779704.8418823,443778730.45497584,514508504.74973154,0.516153996140894,,4.091406029433488
tls,tls,2,64,1,15.00322461099131,82165,0,0.6685167680029681,5476.489363480315,54.43091050256044,0.3700869856402278,0.6223520031198859,0.7406629738397896,75.58322490014855,26472,32.76853722990828,151587,298138,0,1844.909633055437,3628.5279620276274,0.0,5473.4375950830645,15113.49971399014,68030401796.0,223966.0,658.0,34653.0,15628703499.0,8779105653.0,,90851164.0,3659441688.0,170732767.0,190211.2030548287,106847.26651250533,2725.8078257165457,8.008276029939754,421.7489198563865,1558210175.4251566,875292807.2704437,827973003.0548286,0.5617296184268726,,4.665541401024778
stcp,tcp,2,64,4,15.005644981982186,77264,0,0.6285395020557202,5148.99560084046,5.427373485872522,0.34173199674114585,0.628707988653332,0.8135070092976093,62.50089890345464,21328,25.17166042446941,140628,280600,0,1820.0973286394699,3631.704286601781,0.0,5451.801615241251,14910.237316214538,68029780686.0,343602.0,4053.0,36188.0,12709786133.0,7128363193.0,,60976253.0,2789429809.0,104841679.0,164498.1638667426,92259.82596034376,4447.1163802029405,52.45651273555602,468.3681921722924,1347568958.3963554,755792494.2671361,880484840.1066474,0.560856266061924,,3.7585344023259486
tcp,tcp,2,64,4,15.000828440010082,116392,0,0.9471482104684646,7759.038140157662,0.5778634804300964,0.21462095901370049,0.46444201143458486,0.5548860062845051,67.6002664823036,21492,24.016919943600186,205130,385736,0,1762.4063509519556,3314.110935459482,0.0,5076.517286411437,14437.632826998419,68026613871.0,270134.0,774.0,37325.0,12409498988.0,6438716626.0,,56978319.0,2759049174.0,113439178.0,106618.14375558458,55319.23694068321,2320.898343528765,6.6499415767406695,320.6835521341673,873415833.6457489,453175189.01807684,584461250.524091,0.5188538741351482,,4.11153157649375
tls,tls,2,64,4,15.003542255959474,84240,0,0.6853850210549756,5614.67409248236,72.1853184804786,0.30457600951194763,0.5817749770358205,0.827195995952934,64.10000275888169,26360,33.623774700482336,157985,308088,0,1875.4154795821464,3657.2649572649575,0.0,5532.680436847104,15363.40360873694,68035048963.0,229891.0,575.0,34024.0,15939981879.0,8971208263.0,,89579975.0,3730075052.0,176730711.0,189221.05744301993,106495.82458452042,2729.0004748338083,6.8257359924026595,403.8936372269706,1550098902.5732193,872413794.9963913,807633534.6984806,0.5628116977233861,,4.7379934327391116
stcp,tcp,2,64,8,15.007906061946414,82528,0,0.6712607813786814,5498.968321054158,5.01744300709106,0.3109319950453937,0.6081750034354627,0.8790180436335504,58.01889993220488,21472,26.905619032712476,149222,298046,0,1808.13784412563,3611.453082590151,0.0,5419.590926715781,14812.26521907716,68036992351.0,368024.0,4550.0,35915.0,13549164670.0,7457456298.0,,64588994.0,2929997261.0,118567362.0,164176.57849457153,90362.74110604885,4459.383481969756,55.13280341217526,435.1856339666537,1344934531.02753,740251575.1407522,824411016.2732648,0.5503997094752263,,4.046671427929366
tcp,tcp,2,64,8,15.001154125959147,107800,0,0.8772111516892122,7186.113754638026,0.6106200162321329,0.23466598941013217,0.500619993545115,0.5905749858357012,72.03519748724052,21528,22.308649657747356,193871,364877,0,1798.4322820037107,3384.758812615956,0.0,5183.191094619666,14732.757254174396,68025853962.0,252798.0,845.0,37327.0,11701892195.0,6074939067.0,,54415080.0,2602181650.0,107791120.0,108551.87564935065,56353.79468460111,2345.064935064935,7.838589981447124,346.26159554730987,889256965.3194805,461650286.0562523,631037606.3265306,0.5191416025517401,,4.142336489076387
tls,tls,2,64,8,15.007082805968821,85328,0,0.6940733092281733,5685.848549197196,52.534285496221855,0.2806209959089756,0.5861750105395913,1.7326140077784657,47.027320974020505,26272,34.99375390381012,162230,314338,0,1901.2516407275455,3683.8786799174945,0.0,5585.13032064504,15575.053440840053,68036196259.0,252825.0,583.0,35733.0,16504669779.0,9244748236.0,,96465820.0,3873864632.0,178339580.0,193426.18810941308,108343.66486967936,2962.9781548846804,6.832458278642415,418.77226701668855,1584547332.992312,887551302.6124133,797349009.2232326,0.5601292458309414,,4.6036606061768035
stcp,tcp,4,64,1,15.007028662017547,129916,0,1.0567639388127836,8657.010186754324,9.387111727846786,0.40333200013265014,0.7929739658720791,1.2608389952220023,83.96862752646928,22436,52.58886544392144,212191,396030,0,1633.293820622556,3048.354321253733,0.0,4681.648141876289,13379.942978539979,68029246592.0,778143.0,64871.0,33500.0,24134933036.0,12579001375.0,,127075955.0,5055140891.0,230265158.0,185773.36922319036,96824.11231103174,5989.585578373719,499.33033652513933,257.8589242279627,1521855440.6763754,793183128.051972,523640249.02244526,0.5211947908136719,,4.555069046838164
tcp,tcp,4,64,1,15.000597570964601,155220,0,1.2631332729654436,10347.587772132914,0.7272189977811649,0.3710649907588959,0.6555969594046474,0.8579959976486862,97.36518115965173,22604,48.63735161344257,214850,437237,0,1384.164411802603,2816.8857106043038,0.0,4201.050122406907,11339.074861486923,68027246294.0,877083.0,6003.0,36884.0,23136222168.0,11814621708.0,,115768692.0,5106138417.0,215104188.0,149054.38840355625,76115.3311944337,5650.579822187862,38.67413993042134,237.62401752351502,1221053549.8019328,623536793.1448009,438263408.67156297,0.510654748308086,,4.2126587732884015
tls,tls,4,64,1,15.00612578500295,93468,0,0.7603340217334954,6228.656306040794,76.3409929786576,0.5680859903804958,1.000261981971562,1.3116830377839506,99.19586982854997,29024,60.48827497590749,159979,310075,0,1711.5911327941112,3317.445542859588,0.0,5029.0366756537,14021.35455984936,68036719776.0,630896.0,5286.0,66572.0,27478069555.0,14650813817.0,,169743525.0,6074536867.0,279548835.0,293983.7115911328,156746.84188171354,6749.8609149655495,56.554114777249964,712.2437625711473,2408314565.35456,1284070128.6949973,727914577.9946078,0.5331820631604046,,4.601977749425683
stcp,tcp,4,64,4,15.006697550008539,122644,0,0.9976339801851661,8172.617565676881,8.759626987739466,0.46981999184936285,0.7797739817760885,1.006618025712669,106.44802393575867,22692,48.433187205715214,193998,378177,0,1581.7977234923846,3083.534457454095,0.0,4665.33218094648,12958.086950849613,68029132629.0,696301.0,65302.0,35092.0,22490880184.0,11881701878.0,,117915531.0,4763866204.0,209442315.0,183383.4527901895,96879.60175793353,5677.415935553308,532.4516486742115,286.1289586119174,1502277245.2572324,793637697.6009915,554687817.0069469,0.5282897681546779,,4.396477693352112
tcp,tcp,4,64,4,15.001711750985123,154344,0,1.2559113669986874,10288.425918453248,0.47446449752897024,0.3793759969994426,0.63408596906811,0.844308000523597,105.88618994733645,22532,46.50618522233367,214427,434902,0,1389.279790597626,2817.74477789872,0.0,4207.024568496346,11380.980044575754,68032235684.0,838009.0,5991.0,34334.0,22496376401.0,11403682458.0,,112859645.0,4941566633.0,212863297.0,145754.78412507128,73884.84461981029,5429.488674648836,38.81589177421863,222.4511480847976,1194023191.552584,605264647.1254859,440783157.6478516,0.5069119690535178,,4.307607542484392
tls,tls,4,64,4,15.00767891004216,96640,0,0.786055929815123,6439.370177045487,89.54619900032412,0.5602639866992831,1.0462169884704053,1.473504991736263,97.20065366163288,29228,56.577017114914426,165047,319048,0,1707.853890728477,3301.4072847682123,0.0,5009.261175496689,13990.739072847682,68034347370.0,674078.0,4363.0,35327.0,25547039979.0,13191558710.0,,161243116.0,5553597891.0,269151707.0,264352.6487893212,136502.0561879139,6975.144867549669,45.14693708609271,365.55256622516555,2165576898.882119,1118224844.2913907,703997799.772351,0.5163634895018614,,4.846438512161269
stcp,tcp,4,64,8,15.009837265999522,123296,0,1.0027278099872026,8214.346219415163,7.74335500318557,0.4624869907274842,0.768530007917434,0.9919510339386761,106.07401478006476,22856,48.16849816849817,195408,376490,0,1584.868933298728,3053.5459382299505,0.0,4638.414871528678,12983.24630158318,68033985574.0,689983.0,75066.0,35059.0,22713407546.0,11950701453.0,,118515366.0,4764904975.0,212602133.0,184218.52733259797,96926.91938911239,5596.150726706463,608.8275369841682,284.3482351414482,1509118175.9086425,794025323.6356087,551793939.5763042,0.5261518523276182,,4.461833638140916
tcp,tcp,4,64,8,15.003175713995006,154960,0,1.2608007788214521,10328.479980105336,0.5184642359381542,0.3735100035555661,0.652663002256304,0.8721739868633449,96.24131100811559,22312,48.262098785963744,218035,435318,0,1407.0405265875065,2809.2281879194634,0.0,4216.268714506969,11526.475993804854,68039706259.0,883620.0,6002.0,35400.0,23005315507.0,11725049331.0,,115051830.0,5083733790.0,216324278.0,148459.70254904492,75665.00600800206,5702.245740836344,38.73257614868353,228.44605059370159,1216181883.281776,619847729.2175529,439079157.58260196,0.5096669648991482,,4.255224347614788
tls,tls,4,64,8,15.01194558700081,96704,0,0.7863529368386435,6441.8032585821675,77.09072175202891,0.5617309943772852,1.0462179780006409,1.4123930013738573,90.14617007217421,29060,57.90762200097927,170601,323705,0,1764.1566015883523,3347.379632693581,0.0,5111.536234281933,14451.97088021178,68027124370.0,696557.0,3860.0,35301.0,25852602097.0,13320858158.0,,163184502.0,5631788307.0,271769398.0,267337.4637760589,137748.78141545336,7202.980228325613,39.915618795499675,365.0417769688948,2190028503.2534747,1128438017.355394,703457192.7738253,0.5152617948483331,,4.825632342433854
stcp,tcp,8,64,1,15.012420867977198,131540,0,1.069589578353832,8762.077825874592,17.437981739931274,0.7807519868947566,1.8616809975355864,2.6937659713439643,127.29140202005844,24296,64.7775251705099,198592,370675,0,1509.746084841113,2817.964117378744,0.0,4327.710202219857,12367.839927018398,68033268517.0,908572.0,99983.0,34117.0,28146140803.0,14421577961.0,,156054948.0,5840047561.0,272732217.0,213974.00640869697,109636.44489128781,6907.191728751711,760.0957883533526,259.36597232780906,1752875060.5000455,898141756.5494298,517205933.68557096,0.512382072623713,,4.670034176113793
tcp,tcp,8,64,1,15.001392277015839,128872,0,1.0486656852912712,8590.669293906094,0.3275542476330884,0.7924860110506415,2.0010140142403543,2.8159890207462013,108.84633038372988,24168,57.66993518364634,194758,375231,0,1511.2514743311192,2911.6565274070394,0.0,4422.908001738158,12380.172077720532,68027658964.0,1124422.0,120524.0,34499.0,25911092376.0,13226461607.0,,139496248.0,5774734131.0,264678047.0,201060.68328263704,102632.54707772053,8725.107082997081,935.222546402632,267.699733068471,1647089117.4513628,840765825.6606866,527869971.4755726,0.5104555769038489,,4.583380654343063
tls,tls,8,64,1,15.010669519018847,84897,0,0.6904024705348313,5655.777038621338,136.69154075614642,1.1884839623235166,2.9548319871537387,4.1350050014443696,105.51607295019092,34796,58.49147635895786,146941,279517,0,1730.814987573177,3292.4249384548334,0.0,5023.239926028011,14178.836378199465,68031226629.0,673217.0,94615.0,32557.0,25941559123.0,12821736809.0,,171281856.0,5449959955.0,275511861.0,305565.08619857003,151026.97161266004,7929.809062746622,1114.468120192704,383.48822691025595,2503189186.1386857,1237212951.450911,801338405.7033817,0.4942546725201317,,5.055300649452203
stcp,tcp,8,64,4,15.0127764060162,123660,0,1.0054912186463234,8236.984063150681,13.664939389855135,0.8144850144162774,1.9022590131498873,2.695234026759863,125.72665101730306,24436,64.43148688046647,189448,356515,0,1532.0071162865922,2883.0260391395764,0.0,4415.033155426168,12550.202296619764,68031265389.0,960983.0,99150.0,31566.0,27870856181.0,14301889363.0,,156793048.0,5834834954.0,270697582.0,225382.95472262654,115654.93581594696,7771.170952612001,801.7952450266861,255.26443474041727,1846337165.0877566,947445234.2042373,550147706.5259583,0.5131485473614485,,4.639335716161544
tcp,tcp,8,64,4,15.003734356025234,127456,0,1.0369814194792075,8494.951788373668,0.46853699313942343,0.7978639914654195,2.0122589776292443,2.8409219812601805,98.04905666096597,23844,56.58901830282862,199964,379957,0,1568.8865177002258,2981.0836680893794,0.0,4549.970185789605,12852.318353000252,68026812240.0,1112681.0,120787.0,35925.0,25774815568.0,13253887064.0,,138320301.0,5731659200.0,257281644.0,202225.2037408988,103987.94143861411,8729.922483052975,947.6760607582224,281.86197589756466,1656628869.045443,851869216.2651268,533727813.8337936,0.5142185025158819,,4.488781259011352
tls,tls,8,64,4,15.02764926396776,84900,0,0.6896467537407542,5649.586206644259,124.85402337188134,1.1919069802388549,2.9861219809390604,4.131094960030168,102.13932818357085,34704,58.51923698674426,146889,280088,0,1730.1413427561838,3299.0341578327443,0.0,5029.175500588928,14173.317879858656,68030722649.0,673530.0,94909.0,34066.0,25901769035.0,12848957848.0,,171154141.0,5471392857.0,275636587.0,305085.618786808,151342.25969375737,7933.215547703179,1117.891637220259,401.24852767962307,2499261389.101531,1239795791.4112604,801304153.6984687,0.4960648761340482,,5.037777293717003
stcp,tcp,8,64,8,15.021591459983028,123048,0,0.9999278606740227,8191.409034641594,13.148249374353327,0.8487080340273678,1.9056819728575647,2.6341229677200317,127.7411388208642,24360,66.24697336561744,188164,353215,0,1529.1918600871206,2870.546453416553,0.0,4399.738313503673,12527.13971783369,68032547889.0,985942.0,104360.0,33617.0,28677860812.0,15054133109.0,,157258149.0,6127943183.0,281683707.0,233062.38875885835,122343.58225245433,8012.661725505493,848.1243092126649,273.20232754697355,1909247088.7125676,1002238625.8121059,552894381.7778428,0.5249391929087238,,4.596708856267475
tcp,tcp,8,64,8,15.015675603994168,74776,0,0.6078933727811735,4979.862509823373,0.3573764843167737,0.7719530258327723,5.981533031444997,10.516937996726483,41.287732656870254,23604,99.11034581719042,165868,383469,31529,2218.198352412539,5128.236332513106,421.64598266823583,7768.080667593881,18171.480902963518,68031651353.0,233408.0,9141.0,10942.0,39757632501.0,41029576246.0,,105925136.0,10061277508.0,186231135.0,531689.7467235477,548699.8000160479,3121.429335615706,122.2451053814058,146.33037338183374,4355602405.159303,4494948761.731464,909805971.876003,1.0319924418278177,,1.8509690727834756
tls,tls,8,64,8,15.017637397977524,87184,0,0.7086719330720604,5805.440475726319,146.92570963234175,1.160617044661194,2.8790549840778112,4.003496025688946,107.72601289586825,34584,60.64069542820347,150313,286310,0,1724.0892824371444,3283.9741236924206,0.0,5008.063406129565,14123.739401725086,68031282091.0,690308.0,98965.0,31887.0,26266749409.0,13519239666.0,,168280016.0,5704071550.0,280267146.0,301279.4711070839,155065.6045375298,7917.828959442099,1135.1280051385575,365.7437144430171,2468081427.3092313,1270297432.3714442,780318431.0309231,0.5146902441368626,,4.91345775632846
stcp,tcp,16,64,1,15.024995148007292,95597,0,0.7766761685517208,6362.531172775697,66.12794625834795,1.798615965526551,6.8761970032937825,11.88384200213477,85.04342846123758,25348,98.33165540054652,175332,364854,23015,1834.0742910342376,3816.584202433131,240.75023274788958,5891.408726215258,15024.736592152474,68052143944.0,331707.0,23772.0,11132.0,39551380133.0,34643000394.0,,116541551.0,9086036906.0,212350950.0,413730.34857788426,362385.8530497819,3469.8473801479126,248.6688912831993,116.4471688442106,3389279015.550028,2968664908.183813,711864848.7295626,0.875898648226825,,2.33711300313752
tcp,tcp,16,64,1,15.017616714001633,78956,0,0.6417918220514888,5257.558606245796,0.5481023072206881,1.6084350063465536,10.465583996847272,16.563947952818125,45.062056975329355,23924,99.10932337307858,162360,364915,27388,2056.3351740209737,4621.751355185166,346.8767414762653,7024.963270682406,16845.497745579814,68089041796.0,357783.0,26685.0,11257.0,39759558910.0,38343041564.0,,118899487.0,9748249202.0,216417191.0,503566.02297482145,485625.4314301636,4531.422564466285,337.9730482800547,142.57307867673134,4125212860.2097373,3978243534.2759004,862366910.6337707,0.9643729109468634,,2.2200621518333645
tls,tls,16,64,1,15.032014859025367,31254,0,0.2538040031662373,2079.162393937816,549.2763481779548,5.890587985049933,18.29704799456522,25.423539977055043,30.87907405315696,40756,92.06209724663151,116564,294384,25491,3729.570614961285,9419.082357458246,815.607602226915,13964.260574646445,30552.642477762845,68031535185.0,305456.0,51845.0,10982.0,36984330205.0,35452857335.0,,112045656.0,9028966389.0,196784865.0,1183347.0981314392,1134346.2384014847,9773.341012350418,1658.8276700582326,351.3790234849939,9693979427.892748,9292564384.98496,2176730504.415435,0.9585913044386307,,2.1794838580830604
stcp,tcp,16,64,4,15.095203456003219,95004,0,0.7682684107273768,6293.654820678671,103.70586588396691,1.7331009730696678,7.112313993275166,12.514993024524301,81.64345737982593,25384,98.61032331253546,176293,367722,23654,1855.6376573617952,3870.59492231906,248.97899035830068,5975.211570039156,15201.383689107826,68039583723.0,348872.0,27406.0,10644.0,39625354142.0,34717217483.0,,119993355.0,9065032754.0,215610540.0,417091.4292240327,365429.0080733443,3672.1822239063617,288.4720643341333,112.03738789945686,3416812988.2032757,2993594434.1368365,716175989.674119,0.8761364594645292,,2.378486055716242
tcp,tcp,16,64,4,15.00977999495808,79668,0,0.6479174018217954,5307.739355724148,0.4406391308293678,1.6314120148308575,10.372695047408342,16.372304991818964,53.21115301278808,24100,98.96193771626297,161159,362084,27067,2022.8824622182055,4544.911382236281,339.7474519254908,6907.541296379976,16571.45313049154,68049247592.0,363683.0,25139.0,10932.0,39665325887.0,38123980265.0,,118653163.0,9728993929.0,217017377.0,497882.7871541899,478535.6763694332,4564.982176030527,315.5470201335542,137.21946076216295,4078655792.3671236,3920164260.8183966,854160360.3956418,0.9611412338728531,,2.230625063431469
tls,tls,16,64,4,15.055310397001449,31304,0,0.25381669070476837,2079.2663302534625,547.8925913121202,5.902321019675583,18.346914963331074,25.525717006530613,30.89992751611783,41052,92.62825118551517,118377,299493,26364,3781.5295169946335,9567.24380270892,842.1926910299004,14190.966010733453,30978.289803220036,68044415573.0,306430.0,53695.0,10349.0,37229709541.0,35975402182.0,,112916676.0,9090234178.0,195637802.0,1189295.6025108611,1149227.005558395,9788.84487605418,1715.276003066701,330.5967288525428,9742709575.768974,9414467629.534372,2173665204.8619986,0.9663089673686907,,2.152175600420489
stcp,tcp,16,64,8,15.09222333598882,96744,0,0.7824937419484758,6410.188734041913,74.8372994348756,1.7619450227357447,6.777427042834461,11.685354984365404,82.48846921257369,25696,98.44129844129844,175584,366386,22855,1814.9342594889606,3787.170263788969,236.24204085007858,5838.346564128008,14867.941453733565,68097800758.0,343302.0,24109.0,10644.0,39604627152.0,34709417859.0,,118225820.0,9062109192.0,214782707.0,409375.5390721905,358775.9226308608,3548.561151079137,249.20408500785578,110.0223269660134,3353604416.079385,2939092358.192012,703896890.329116,0.8763980462633191,,2.3701182853723446
tcp,tcp,16,64,8,15.025928039976861,82104,0,0.6670111097853649,5464.1550113617095,0.29592894861707464,1.5737240319140255,10.150741029065102,16.171860974282026,54.27677397563632,24100,98.78848346636259,162761,365571,27281,1982.3760109129885,4452.535808243204,332.273701646692,6767.185520802885,16239.624281399201,68053833592.0,371362.0,25042.0,10526.0,39578621511.0,37820654116.0,,119487185.0,9701112508.0,219706792.0,482054.7295016077,460643.25874500634,4523.068303614928,305.00341030887654,128.2032544090422,3948992344.0771704,3773589575.639092,828873545.6494203,0.9555829049146795,,2.264758725546367
tls,tls,16,64,8,15.059026066039223,31200,0,0.25291102713402264,2071.8471342819134,472.44586950546363,5.962943017948419,18.235937983263284,25.313052989076823,30.946775572092044,40696,91.97251060096505,116698,295006,25761,3740.3205128205127,9455.320512820512,825.6730769230769,14021.314102564102,30640.70564102564,68050909610.0,304805.0,52226.0,11528.0,36919104571.0,35543043914.0,,112852063.0,9052776957.0,196964915.0,1183304.6336858973,1139200.125448718,9769.391025641025,1673.9102564102564,369.4871794871795,9693631559.154871,9332327427.675898,2181118897.75641,0.9627276806144184,,2.175740283181264
stcp,tcp,1,1024,1,15.0037747080205,11449,0,1.4903801583375151,763.0746410688078,7.755687984172255,0.6609740084968507,4.831172002013773,7.984486990608275,7.515462088331826,20800,98.01765301692953,115196,320508,37812,10061.664774216088,27994.40999213905,3302.6465193466674,41358.72128570181,5151.572364398638,68034405055.0,80682.0,5798.0,12303.0,39446537112.0,45959059516.0,,72335016.0,10444098399.0,126791208.0,3445413.320988733,4014242.2496287883,7047.078347453927,506.4197746528081,1074.5916673945324,1764051620.3462312,2055292031.8099396,5942388423.006376,1.1650974427871599,,1.2139985966825053
tcp,tcp,1,1024,1,15.000892830023076,16392,0,2.1342479652893265,1092.7349582281352,0.28110999846830964,0.4003980429843068,4.012776014860719,7.084447017405182,7.057366598081158,20772,98.22792104884023,122179,332959,39111,7453.574914592485,20312.286481210347,2385.9809663250367,30151.842362127867,3816.230356271352,68079726482.0,73446.0,4854.0,11422.0,39589643617.0,46834213340.0,,73783120.0,10648936862.0,127224933.0,2415180.796547096,2857138.441922889,4480.6002928257685,296.1200585651537,696.803318692045,1236572567.8321133,1462854882.2645192,4153228799.5363593,1.1829915367030266,,1.1947195729368387
tls,tls,1,1024,1,15.005045374040492,6276,0,0.8169127246497137,418.2593150206534,50.47454999294132,1.0892380378209054,7.615866954438388,11.07082498492673,7.260797770627655,25076,98.5179856115108,111736,323484,39938,17803.696622052263,51543.02103250478,6363.607393244105,75710.32504780115,9115.492670490758,68085120518.0,62343.0,6418.0,10990.0,39681006940.0,47711458396.0,,61623965.0,10772181987.0,127036248.0,6322658.849585723,7602208.157425111,9933.55640535373,1022.6258763543659,1751.1153601019757,3237201330.9878902,3892330576.601657,10848489566.284258,1.2023751934557132,,1.1792991257788707
stcp,tcp,1,1024,4,15.004953573981766,11768,0,1.5317858123769448,784.2743359369957,12.78534799348563,0.6780850235372782,4.7646830207668245,7.605110993608832,8.300852074342536,21016,98.14734404400059,113748,317476,37646,9665.873555404485,26977.906186267843,3199.014276002719,39842.79401767505,4948.927260367097,68059449408.0,81669.0,6063.0,14136.0,39582395610.0,46211629702.0,,72608411.0,10502112513.0,127323691.0,3363561.8295377293,3926888.9957511895,6939.92182188987,515.2107409925221,1201.2236573759346,1722143656.7233174,2010567165.824609,5783433838.205302,1.1674793551486107,,1.2123626636297493
tcp,tcp,1,1024,4,15.001051892002579,44268,0,5.763658316927389,2950.993058266823,0.6678180070593953,0.3754650242626667,0.4307079943828285,0.4918189952149987,28.78418814284612,21008,15.443379269023366,88795,177460,0,2005.8507273877292,4008.764796241077,0.0,6014.615523628806,1026.9955724225174,68053178963.0,97908.0,715.0,59881.0,8313473747.0,5425855862.0,,39828604.0,2063476354.0,73481887.0,187798.7202268004,122568.353257432,2211.710490647872,16.15162193909822,1352.6926899792174,96152944.7561218,62754996.86780518,1537299606.1037319,0.6526580857921124,,3.5610724037402757
tls,tls,1,1024,4,15.007242107007187,6136,0,0.7985727766998743,408.8692616703356,71.02878700243309,1.1151490034535527,7.918488001450896,11.676553986035287,7.015846032818959,24944,98.19121447028424,112502,326202,40704,18334.745762711864,53161.994784876144,6633.6375488917865,78130.37809647979,9387.389830508475,68057693980.0,62278.0,6256.0,11033.0,39602999811.0,47976495203.0,,61720826.0,10792947459.0,126536202.0,6454204.662809648,7818855.150423729,10149.608865710561,1019.5567144719687,1798.076923076923,3304552787.3585396,4003253837.016949,11091540739.895697,1.211435886977284,,1.1723970906064614
stcp,tcp,1,1024,8,15.008687374996953,28840,0,3.7530347319937722,1921.5537827808114,5.232547991909087,0.5495080258697271,0.6243080133572221,0.7201289990916848,30.584666635452066,21088,10.527124635008454,57845,115599,0,2005.7212205270457,4008.287101248266,0.0,6014.008321775312,1026.9292649098475,68034705296.0,124069.0,748.0,35994.0,6352248606.0,4137362024.0,,28399499.0,1430525317.0,50566657.0,220258.27343966713,143459.1547850208,4301.976421636616,25.93619972260749,1248.0582524271845,112772236.00110957,73451087.24993065,2359039712.066574,0.6513224340892555,,3.5348313237856526
tcp,tcp,1,1024,8,15.001807899971027,48232,0,6.279451491988638,3215.0791638981827,0.7088839774951339,0.3691089805215597,0.419464020524174,0.4869310068897903,27.379560032947314,21112,12.048920428808698,96617,193121,0,2003.1721678553656,4004.001492784873,0.0,6007.173660640238,1025.6241499419473,68026234166.0,103869.0,356.0,35924.0,6242149876.0,3430224555.0,,29673258.0,1437580449.0,56355158.0,129419.26264720518,71119.26843174656,2153.528777575054,7.380991872615691,744.8167191905789,66262662.47536905,36413065.43705424,1410396296.3592637,0.5495261445401411,,3.9201394286630284
tls,tls,1,1024,8,15.00749651202932,25232,0,3.2837755424762824,1681.2930777478566,53.456756984815,0.6238179630599916,0.8047070004977286,0.9298610384576023,40.154585377845514,24984,15.5014283566381,50625,101159,0,2006.3807863031072,4009.155041217502,0.0,6015.535827520609,1027.2669625871908,68034445259.0,57750.0,334.0,35307.0,7357533975.0,5769090318.0,,31621679.0,1827162541.0,63405659.0,291595.35411382373,228641.81666138239,2288.7603043753966,13.23715916296766,1399.2945466074825,149296821.30627775,117064610.13062778,2696355630.1125555,0.7841065141666573,,3.470170692383957
stcp,tcp,2,1024,1,15.007216513971798,54963,0,7.153199214195181,3662.4379976679324,5.507545487489551,0.5201750318519771,0.750929000787437,0.8770619751885533,59.753919000577504,21484,22.318840579710145,101601,204208,0,1848.5344686425415,3715.372159452723,0.0,5563.906628095265,946.4496479449812,68036209740.0,247716.0,3571.0,35457.0,10952471498.0,6807914131.0,,51181211.0,2366113154.0,98695445.0,199269.8997143533,123863.58333788185,4506.959227116424,64.97098047777595,645.1067081491185,102026188.65374888,63418154.66899551,1237854733.9119043,0.6215870209973314,,4.171205626119435
tcp,tcp,2,1024,1,15.000674387032632,87229,0,11.357432088005057,5815.005229058589,0.3248650173190981,0.3456420381553471,0.5289749824441969,0.6189299747347832,59.31779312330089,21608,19.618781961878195,157732,300981,0,1808.2518428504281,3450.4694539659977,0.0,5258.721296816426,925.8249435394192,68031884964.0,216392.0,782.0,35277.0,10471701622.0,5329439125.0,,49222599.0,2292368624.0,103281242.0,120048.39700099737,61097.10216785702,2480.7346180742643,8.96490845934265,404.4182553967144,61464779.264510654,31281716.309942793,779922789.0265852,0.5089372594233759,,4.505437778143311
tls,tls,2,1024,1,15.007050364976749,45736,0,5.952410555539466,3047.634204436207,58.99070351733826,0.6321300170384347,0.8643509936518967,0.9973279666155577,74.03895988735303,26300,26.343101343101345,87426,173594,0,1911.5357705090082,3795.565856218296,0.0,5707.101626727304,978.7063145006122,68032412610.0,112270.0,621.0,34014.0,12330121376.0,9544327726.0,,55909296.0,3017708307.0,109106028.0,269593.3482595767,208683.04456008397,2454.7402483820188,13.577925485394438,743.7029910792374,138031794.30890328,106845718.814763,1487502462.1742172,0.774065999429461,,3.6155259852953043
stcp,tcp,2,1024,4,15.006438918993808,56880,0,7.403072147875634,3790.3729397123248,6.455007533077151,0.47813099808990955,0.7318630232475698,0.8648390066809952,58.55067313057862,21516,23.10623380582228,105296,211535,0,1851.195499296765,3718.9697609001405,0.0,5570.165260196905,947.8120956399438,68036120760.0,256368.0,3645.0,34667.0,11201151829.0,6976441910.0,,51843597.0,2409527328.0,96827717.0,196926.01668424753,122651.93231364276,4507.17299578059,64.08227848101265,609.4760900140647,100826120.54233474,62797789.34458509,1196134331.2236285,0.6228325458403177,,4.018535746609304
tcp,tcp,2,1024,4,15.000889247050509,105964,0,13.796577928917973,7063.847899606002,0.8198614814318717,0.3353760112076998,0.5211529787629843,0.6052409880794585,56.31590808298937,21356,23.17663595189755,189635,357941,0,1789.6172284926956,3377.9491147937033,0.0,5167.566343286399,916.2840209882602,68027333593.0,256954.0,822.0,36396.0,12223599122.0,6197687336.0,,55418327.0,2703725821.0,120083156.0,115356.15040957306,58488.61250990903,2424.917896644143,7.757351553357744,343.47514250122686,59062349.00970141,29946169.605073422,641985330.8010268,0.5070263900298743,,4.441395465002662
tls,tls,2,1024,4,15.005635269975755,47312,0,6.158103161743002,3152.948818812417,53.105494007468224,0.553418998606503,0.8315949817188084,1.0002609924413264,70.6950476213803,26484,27.14109673444239,89813,178962,0,1898.3133243151844,3782.5921542103483,0.0,5680.905478525533,971.9364220493743,68026336980.0,116177.0,696.0,37003.0,12808012436.0,9950991784.0,,57209700.0,3148024107.0,113154913.0,270713.8238924586,210327.01606357796,2455.5503889076767,14.71085559688874,782.1060196144741,138605477.8329388,107687432.22455192,1437824166.8075752,0.7769348939754575,,3.5944741575640036
stcp,tcp,2,1024,8,15.00493437499972,56704,0,7.380905323019919,3779.0235253861983,5.543479492189363,0.518219021614641,0.7553289760835469,0.8707059896551073,58.73253277723958,21620,22.899480598838988,104810,210404,0,1848.3704853273139,3710.5671557562077,0.0,5558.937641083522,946.3656884875845,68026967981.0,253445.0,3513.0,35821.0,11176074846.0,6969723669.0,,50947748.0,2413536170.0,96722796.0,197094.99940039503,122914.1448398702,4469.614136568849,61.9533013544018,631.7191027088036,100912639.69300225,62932042.158013545,1199685524.4956264,0.623628936369777,,4.007513838087622
tcp,tcp,2,1024,8,15.003238610981498,90144,0,11.734966333944225,6008.302762979443,0.7883289945311844,0.29919802909716964,0.5103970179334283,0.6086630164645612,56.72926506527916,21704,20.15576323987539,162494,307877,0,1802.604721334753,3415.3909300674472,0.0,5217.995651402201,922.9336173233937,68031959036.0,222031.0,838.0,35354.0,10782017091.0,5486593287.0,,49110069.0,2348574725.0,101471028.0,119608.81579472843,60864.76401091587,2463.070198793042,9.29623713170039,392.194710685126,61239713.68690096,31162759.173588924,754703130.9460418,0.5088652003324857,,4.320536490487864
tls,tls,2,1024,8,15.005693704995792,47280,0,6.153914095238151,3150.8040167619333,60.83038350334391,0.6287069991230965,0.8594620157964528,0.9992829873226583,71.70754789175552,26336,27.234107115763923,89097,178641,0,1884.4543147208121,3778.3629441624366,0.0,5662.8172588832485,964.8406091370558,68027108296.0,114496.0,635.0,36588.0,12689095124.0,9972179139.0,,55700049.0,3136489779.0,112324356.0,268381.8765651438,210917.49447969542,2421.65820642978,13.43062605752961,773.8578680203045,137411520.80135363,107989757.17360406,1438813627.2419627,0.7858857579323164,,3.5812122440842806
stcp,tcp,4,1024,1,15.00629571202444,102688,0,13.365223760004321,6842.994565122212,9.06969275092706,0.5416860221885145,0.9029729990288615,1.1796819744631648,97.05829659433729,22588,48.37568349951753,171952,332789,0,1674.5091928949828,3240.7778903085073,0.0,4915.28708320349,857.3487067622312,68034941258.0,577314.0,69828.0,35112.0,22207422695.0,12901271814.0,,110910252.0,4546997380.0,210309484.0,216261.12783382673,125635.63234263011,5622.020099719539,680.0015581177937,341.928949828607,110725697.45091929,64325443.759426616,662540328.5486133,0.5809441280597014,,4.625238732818447
tcp,tcp,4,1024,1,15.001145010988694,131810,0,17.16145041337965,8786.662611650381,0.5606297490885481,0.4008859978057444,0.8433290058746934,1.3791469973511994,78.29704993449619,22496,51.167025326932624,198901,390768,0,1508.9977998634397,2964.6309081253316,0.0,4473.628707988772,772.6068735300812,68025262055.0,802014.0,6859.0,63162.0,23848466261.0,12850047226.0,,116837696.0,5438223251.0,228069265.0,180930.62939837645,97489.16793869964,6084.621804111979,52.03702298763371,479.1897428116228,92636482.25196874,49914453.984614216,516085745.04969275,0.5388206975395314,,4.193819460391992
tls,tls,4,1024,1,15.00610856799176,82911,0,10.791308495555656,5525.149949724496,84.78592500614468,0.6536410073749721,1.088260964024812,1.5478130080737174,98.08841468331353,29208,60.84756483238457,143785,281478,0,1734.2089710653593,3394.9415638455694,0.0,5129.150534910928,887.9149931854639,68027435425.0,471630.0,3456.0,35784.0,26444185382.0,18456607232.0,,138871801.0,6016786064.0,242244836.0,318946.64618687506,222607.46139836693,5688.388754206318,41.6832507146217,431.5953251076455,163300682.84768003,113975020.23596387,820487455.5245986,0.6979457663522138,,4.0261500645571235
stcp,tcp,4,1024,4,15.007420948997606,106988,0,13.923840625924282,7129.006400473232,10.686927736969665,0.5543970037251711,0.8995500393211842,1.1195490369573236,93.41723036653016,22412,49.488553336580615,179742,342410,0,1680.0201891800948,3200.452387183609,0.0,4880.472576363704,860.1703368602086,68028363833.0,597824.0,70506.0,35445.0,22803187761.0,13332300328.0,,114059426.0,4702025231.0,214122622.0,213137.807613938,124614.91314913821,5587.766852357274,659.008486933114,331.298837252776,109126557.49833626,63802835.532358766,635850411.5695218,0.5846682695303708,,4.55383821822797
tcp,tcp,4,1024,4,15.002099653007463,135356,0,17.622012492564828,9022.470396193192,0.8665502537041903,0.4096869961358607,0.7499509956687689,1.0383939952589571,85.66798846335864,22292,46.248749583194396,202420,396884,0,1495.4638139424924,2932.149295191938,0.0,4427.6131091344305,765.677472738556,68033112888.0,819618.0,5879.0,35250.0,22100579675.0,11070768195.0,,110252845.0,4816866255.0,215553162.0,163277.42896509945,81790.00705546854,6055.2764561600525,43.43361210437661,260.4243624220574,83598043.63013092,41876483.61239989,502623547.4452555,0.5009265982069767,,4.474966722944647
tls,tls,4,1024,4,15.007339417003095,81804,0,10.646353298238797,5450.932888698264,87.16386873857118,0.6692850147373974,1.119061023928225,1.6025680233724415,102.86814052135873,29064,59.75801382778126,140724,276351,0,1720.2581780842013,3378.2088895408538,0.0,5098.467067625055,880.772187179111,68027626779.0,457149.0,3950.0,34129.0,25981986307.0,18099932824.0,,138028694.0,5907481301.0,237377335.0,317612.6632805242,221259.75287272016,5588.3453131876195,48.286147376656395,417.20453767541926,162617683.5996284,113284993.47083272,831592914.5151826,0.6966339143641055,,4.018249451924926
stcp,tcp,4,1024,8,15.009688752994407,98376,0,12.801106549372536,6554.166553278738,8.631650489405729,0.588129973039031,1.0691940551623702,1.5942580066621304,92.53752844960925,22312,54.6994884910486,163100,315215,0,1657.9246970805889,3204.1859803204034,0.0,4862.110677400992,848.8574449052614,68041613388.0,519165.0,58084.0,50055.0,23941098673.0,13797188474.0,,112163364.0,4876218427.0,207885929.0,243363.20518215824,140249.5372245263,5277.354232739693,590.4285598113361,508.8131251524762,124601961.05326502,71807763.05895747,691648505.6111246,0.5762972143613453,,4.263261215882362
tcp,tcp,4,1024,8,15.002610425988678,134576,0,17.519867712133735,8970.172268612472,0.4239867557771504,0.4214199725538492,0.7299070130102336,0.9474610560573637,95.62276558983966,22288,44.771187840740126,200524,395379,0,1490.0428010938058,2937.9607062180476,0.0,4428.003507311853,762.9019141600285,68029649648.0,777397.0,6210.0,36050.0,21595122307.0,10810930824.0,,107931324.0,4689303905.0,211902637.0,160467.85687641185,80333.27505647366,5776.639222446796,46.1449292593033,267.8783735584354,82159542.72072287,41130636.828914516,505511009.74913806,0.5006191060328316,,4.518850586204436
tls,tls,4,1024,8,15.015055869997013,72192,0,9.390574448793446,4807.974117782244,84.54967501165811,0.6741740508005023,1.0858160094358027,1.4651920064352453,98.38161194935958,29048,66.8798751950078,123804,244703,0,1714.9268617021276,3389.613807624113,0.0,5104.540669326241,878.0425531914893,68031387814.0,361714.0,4784.0,60400.0,28702763335.0,19909133418.0,,149409344.0,6559051749.0,238104728.0,397589.2527565381,275780.3277094415,5010.444370567377,66.26773049645391,836.6578014184398,203565697.4113475,141199527.78723404,942367406.554743,0.6936312432929727,,3.6301699866341455
stcp,tcp,8,1024,1,15.012339884007815,113934,0,14.822962007878035,7589.356548033554,14.222491874534171,0.9088390506803989,2.116877003572881,3.0570050003007054,106.05585886688222,24280,66.55002385875616,178319,332945,0,1565.1078694682888,2922.2620113398984,0.0,4487.369880808187,801.3352291677638,68035847239.0,786625.0,82704.0,33698.0,28378522870.0,15757816675.0,,146041466.0,5693658568.0,269682350.0,249078.61454877385,138306.53426545192,6904.216476205523,725.8939385960293,295.7677251742237,127528250.64897221,70812945.54391138,597151396.7647936,0.5552726175067476,,4.736538848951928
tcp,tcp,8,1024,1,15.001713743957225,120230,0,15.653159549494038,8014.417689340948,0.5406468626460992,0.8496840018779039,2.1124769700691104,2.9352729907259345,110.63412676225322,24188,54.56518110499082,183742,353436,0,1528.2541794893123,2939.665640855028,0.0,4467.91982034434,782.4661398985278,68036621148.0,1037325.0,135964.0,32176.0,25302780764.0,12611304736.0,,134819824.0,5502670537.0,259144486.0,210453.13785244946,104893.16090825917,8627.838309906014,1130.8658404724279,267.62039424436495,107752006.58045413,53705298.3850287,565887225.717375,0.4984157612408739,,4.709431252652879
tls,tls,8,1024,1,15.020260469987988,72378,0,9.411506646802714,4818.691403162989,140.33824486250523,1.4255919959396124,3.236914984881878,4.411708971019834,107.14714989235384,34212,65.22277227722772,124478,241425,0,1719.831993147089,3335.6130315841833,0.0,5055.4450247312725,880.5539804913095,68035273186.0,551052.0,44457.0,31033.0,27761816417.0,17757090956.0,,157449245.0,6011834028.0,257850652.0,383567.0565227003,245338.23753074137,7613.528972892315,614.2336068971234,428.76288374920557,196386332.93962255,125613177.61573958,939999353.201249,0.6396228074300792,,4.28905140759152
stcp,tcp,8,1024,4,15.033977448008955,115560,0,15.012868402958214,7686.588622314605,15.240231005009264,0.9029719512909651,2.0342550124041736,2.8682950069196522,111.78222169160988,24420,67.24904701397712,177556,332689,0,1536.4832121841469,2878.9286950501905,0.0,4415.411907234337,786.6794046382831,68031063314.0,788261.0,79249.0,32638.0,28622475416.0,15885298442.0,,145897833.0,5733251871.0,270537865.0,247684.97244721357,137463.6417618553,6821.227068189685,685.7822776047075,282.4333679473866,126814705.89297335,70381384.58206992,588707712.997577,0.5549938714636854,,4.718750738449809
tcp,tcp,8,1024,4,15.003890739986673,120848,0,15.731336230738885,8054.444150138309,0.6665962428087369,0.850173004437238,2.089987974613905,2.937717013992369,113.00567495344916,24036,54.559193954659946,185609,354723,0,1535.888057725407,2935.282338143784,0.0,4471.1703958691905,786.3746855554084,68030003037.0,1036535.0,135295.0,34967.0,25238578987.0,12610849516.0,,133778348.0,5515514562.0,257007742.0,208845.6489722627,104352.98487356017,8577.179597510923,1119.5468687938567,289.3469482324904,106928972.2737985,53428728.25526281,562938592.5873826,0.4996655922069009,,4.65972375035858
tls,tls,8,1024,4,15.013510388962459,72600,0,9.444618302209014,4835.644570731015,134.99710711766966,1.4275480061769485,3.2202930306084454,4.411708971019834,108.80745126742421,34304,64.86780715396579,124149,240975,0,1710.0413223140497,3319.214876033058,0.0,5029.256198347108,875.5411570247934,68027910779.0,554175.0,45038.0,31012.0,27742970613.0,17663629422.0,,156667825.0,6002215745.0,263134172.0,382134.581446281,243300.68074380164,7633.264462809918,620.3581267217631,427.16253443526176,195652905.70049587,124569948.54082644,937023564.4490359,0.6366884667254432,,4.383950580570143
stcp,tcp,8,1024,8,15.054485736996867,117448,0,15.237360412535741,7801.5285312183,12.841511124861427,0.8834169711917639,1.944789953995496,2.8301620041020215,115.0749902896109,24168,67.52569169960474,179571,337513,0,1528.9404672706219,2873.7228390436617,0.0,4402.663306314284,782.8175192425584,68029099221.0,791772.0,80842.0,32823.0,28785806055.0,15964051619.0,,147033099.0,5779344372.0,274112551.0,245094.05060111708,135924.42288502146,6741.468564811662,688.3216402152442,279.46836046590835,125488153.90777194,69593304.51713099,579227396.1327567,0.5545806703657373,,4.7429696753844865
tcp,tcp,8,1024,8,15.004388467990793,124576,0,16.216089080808867,8302.63760937414,0.45613063412019983,0.8237730362452567,2.028389018960297,2.80376203591004,96.02474656489171,23948,54.46652195692102,191289,365651,0,1535.5204854867713,2935.16407654765,0.0,4470.684562034421,786.1864885692268,68028397316.0,1109136.0,162083.0,15026.0,25477875029.0,12923448523.0,,129556756.0,5648269131.0,266794287.0,204516.72094946058,103739.47247463396,8903.28795273568,1301.077254045723,120.61713331620858,104712561.12612382,53114609.90701259,546079480.1245826,0.5072420093233828,,4.723469806630217
tls,tls,8,1024,8,15.01556128897937,70128,0,9.121786882554156,4670.354883867728,154.3617088755127,1.4529700274579227,3.469136019703001,4.931883013341576,86.42942311803601,34588,66.33001864512119,123608,239147,0,1762.6055213324207,3410.1500114077116,0.0,5172.755532740132,902.4540269221994,68035677815.0,525044.0,43147.0,46635.0,27965737393.0,17920605740.0,,154522324.0,6086870545.0,257913338.0,398781.3340320557,255541.37776637007,7486.938170203057,615.2606662103582,664.998288843258,204176043.0244125,130837185.41638148,970164239.8899156,0.6408057648601693,,4.23720754521156
stcp,tcp,16,1024,1,15.025526141980663,87157,0,11.329288173769102,5800.59554496978,73.00457675228245,2.232255006674677,6.381919956766069,9.688257006928325,80.79307097328548,25124,83.15837517115472,151710,299152,10053,1740.6519269823423,3432.3347522287368,115.34357538694539,5288.330254598024,891.2137866149593,68031735075.0,660586.0,92853.0,57135.0,33115491488.0,21249411794.0,,141071068.0,6966740941.0,266119394.0,379952.1723785812,243806.14057390686,7579.2650045320515,1065.3533279025207,655.5411498789541,194535512.25783357,124828743.97384031,780565359.9251925,0.6416758694854373,,3.8198548827021757
tcp,tcp,16,1024,1,15.016378031985369,68625,0,8.925801071303944,4570.010148507619,0.7413959356199484,1.9452780252322555,11.614957998972386,18.54198594810441,48.48022595391126,23788,99.09404659188957,149625,340298,38690,2180.3278688524592,4958.8051001821495,563.7887067395264,7702.921675774135,1116.327868852459,68097548704.0,335462.0,26351.0,10947.0,39764442327.0,38035475603.0,,116427748.0,9651924367.0,216709956.0,579445.4255300546,554251.0106083789,4888.335154826958,383.9854280510018,159.5191256830601,296676057.87138796,283776517.43149,992314006.6156648,0.9565197794104098,,2.2452512862712943
tls,tls,16,1024,1,15.027559137030039,28462,0,3.6991931452805753,1893.9868903836546,525.3900516217982,6.632717966567725,19.258205022197217,26.75429597729817,36.09076464477572,40636,93.55025307302964,109547,280374,35552,3848.8862342772823,9850.81863537348,1249.1040685826717,14948.808938233435,1970.6297519499683,68062137555.0,273537.0,48003.0,10474.0,37606124916.0,36990072527.0,,106769093.0,9190481915.0,197747953.0,1321274.8547537066,1299630.1218115382,9610.603611833321,1686.564542196613,367.9994378469538,676492725.6338978,665410622.3675076,2391333622.1980186,0.9836182964776067,,2.151660324550021
stcp,tcp,16,1024,4,15.064611275971401,77968,0,10.10854161520212,5175.573306983485,90.5546471294656,2.24007701035589,8.287597971502692,13.593479990959167,67.41919067105228,24968,98.56011519078474,155966,331262,30593,2000.3847732403037,4248.691770982967,392.3789246870511,6641.4554689103215,1024.1970038990355,68130554871.0,298802.0,24096.0,11113.0,39625198799.0,34940898746.0,,111573961.0,8878233367.0,210108420.0,508223.87131900265,448144.09432074695,3832.3671249743484,309.04986661194334,142.53283398317257,260210622.11532936,229449776.29222244,873827145.3801559,0.8817848188784806,,2.366556625791835
tcp,tcp,16,1024,4,15.010491063003428,67876,0,8.831843804680577,4521.904027996456,1.4797971198277082,2.084609994199127,11.399849026929587,17.726036021485925,29.412129033416367,23524,98.83486766398158,151264,342400,38261,2228.5343862337204,5044.492898815487,563.689669397136,7836.716954446343,1141.0096057516648,68059578610.0,327404.0,27315.0,11182.0,39628689376.0,38064713646.0,,115350336.0,9617871246.0,212481241.0,583839.4922505745,560797.8320172079,4823.5606105250745,402.4250103129235,164.7415876009193,298925820.03229415,287128489.9928104,1002704617.3905356,0.9605342554945262,,2.209233577423584
tls,tls,16,1024,4,15.042914246965665,28264,0,3.6697094787424667,1878.891253116143,492.25566055974923,6.702139973640442,19.66398098738864,27.197716990485787,35.7970796854486,41516,93.41045541074828,107497,275787,35214,3803.3187093121987,9757.536088310217,1245.8958392301158,14806.750636852532,1947.299179167846,68034957279.0,273674.0,48909.0,12582.0,37517909176.0,36731523408.0,,106933600.0,9166552434.0,192530934.0,1327409.7500707614,1299586.8740447212,9682.776677045005,1730.4344749504671,445.15992074724034,679633792.0362298,665388479.5108973,2407124160.7345033,0.9790397230210514,,2.100363636015176
stcp,tcp,16,1024,8,322.68002113199327,91738,1,0.5552738611502309,284.30021690891823,24.968405698018614,2.1207889658398926,5.758104030974209,8.019204018637538,3.7834031239901775,25600,62.214897824653924,1386633,4045776,707940,15115.143124986373,44101.41925919466,7716.976607294687,66933.53899147573,7738.953279993023,68026409278.0,865097.0,127389.0,20294.0,28273381908.0,14485386329.0,,148075073.0,5449075309.0,267003796.0,308197.0601931588,157899.52177941528,9430.083498659225,1388.6175848612352,221.21694390546992,157796894.8188973,80844555.15106063,741529238.4617062,0.5123329913674507,,4.899983590959029
tcp,tcp,16,1024,8,15.012745477957651,115648,0,15.045549152327883,7703.321165991876,0.5794831231469288,1.6837240546010435,5.077084992080927,7.192985969595611,59.94365263311091,25368,57.62910798122066,191479,351588,0,1655.7052434975099,3040.1563364692865,0.0,4695.861579966796,847.7210846707248,68038795001.0,1015551.0,161716.0,34676.0,26057136158.0,12853715055.0,,140026858.0,5615769433.0,266752989.0,225314.19616422246,111145.15646617321,8781.396997786387,1398.346707249585,299.8408965135584,115360868.4360819,56906320.110680684,588326603.1492114,0.49328963002918813,,4.7500701761806114
tls,tls,16,1024,8,15.03167126502376,65768,0,8.545498550044092,4375.295257622575,286.14588431446464,3.0095839756540954,8.145825006067753,11.398875038139522,74.67792371244526,42340,64.57680250783699,119462,228225,0,1816.4152779467217,3470.1526578275148,0.0,5286.5679357742365,930.0046223087215,68031438277.0,503066.0,84322.0,35193.0,27371812449.0,16859609204.0,,153015773.0,5772493844.0,249170886.0,416187.3927898066,256349.73245347283,7649.099866196327,1282.1128816445687,535.1082593358473,213087945.10838097,131251063.01617809,1034415495.0279771,0.6159478564093387,,4.31652060155926
stcp,tcp,1,4096,1,15.002886104979552,21109,0,10.992155865614682,1406.9959507986794,4.716287017799914,0.6810189806856215,0.9391509811393917,1.6167479916475713,24.71314501794022,21096,14.96577946768061,84587,167516,0,4007.153346913639,7935.761997252357,0.0,11942.915344165996,512.9156284049458,68026103037.0,96080.0,681.0,37002.0,7440754978.0,5627979284.0,,28692323.0,1734654876.0,56999395.0,352492.0639537638,266615.15391539154,4551.613056042446,32.26112084892699,1752.9016059500686,45118984.18608177,34126739.70117012,3222611352.361552,0.7563720752316379,,3.2859213546522206
tcp,tcp,1,4096,1,15.002184608019888,38437,0,20.016355640595908,2562.093521996276,0.41310902452096343,0.34613098250702024,0.495242013130337,1.0623499983921647,24.69766968484893,21228,12.902222913104305,153531,309249,0,3994.3543981059915,8045.607097328095,0.0,12039.961495434087,511.27736295756694,68025256351.0,84866.0,403.0,36268.0,7697326052.0,4347220132.0,,32173946.0,1876604392.0,69672452.0,200258.24211046647,113099.88115617764,2207.924655930484,10.484689231729844,943.5699976585062,25633054.990139708,14476784.787990738,1769785788.459037,0.5647701685795757,,3.712687250281145
tls,tls,1,4096,1,15.002695455041248,12139,0,6.3212599218717695,809.1212699995865,56.863849982619286,1.0740829748101532,1.782479987014085,2.812563965562731,30.269240708169225,25040,17.25472681256513,48716,99432,0,4013.1806573852873,8191.119532086663,0.0,12204.30018947195,513.6871241453167,68036127463.0,32592.0,348.0,37078.0,7656386752.0,7561360054.0,,25323663.0,2060451046.0,45845568.0,630726.316171019,622898.1014910619,2684.8999093829807,28.667929812999425,3054.4525908229675,80732968.46989043,79730956.99085592,5604755536.94703,0.9875885713355353,,2.2250258305821453
stcp,tcp,1,4096,4,15.006316738028545,21248,0,11.062008279441944,1415.9370597685688,3.4593610325828195,0.6526639917865396,0.9279060177505016,1.44954799907282,24.843004883087445,21028,14.756838905775076,85141,168448,0,4007.0124246987953,7927.710843373495,0.0,11934.72326807229,512.8975903614459,68038283851.0,97297.0,686.0,35385.0,7498525060.0,5588396888.0,,30083585.0,1725836693.0,62831025.0,352904.9821159639,263008.1366716867,4579.113328313253,32.285391566265055,1665.3332078313251,45171837.71084338,33665041.4939759,3202102967.3851657,0.7452661481136665,,3.6406124203317076
tcp,tcp,1,4096,4,15.000770010985434,39480,0,20.56144449745737,2631.8648956745433,0.4913309821859002,0.3744870191439986,0.4805749631486833,0.8276849985122681,24.558952622445997,21096,13.934426229508196,157721,315224,0,3994.9594731509624,7984.397163120567,0.0,11979.35663627153,511.35481256332315,68026470667.0,91200.0,384.0,35602.0,7876370666.0,4433652297.0,,33072881.0,1906654957.0,66931813.0,199502.80309017224,112301.22332826747,2310.030395136778,9.726443768996962,901.7730496453902,25536358.795542046,14374556.586018236,1723061567.046606,0.5629054909945753,,3.5104313318080864
tls,tls,1,4096,4,15.003965765994508,12192,0,6.34832160280436,812.585165158958,43.66685403510928,1.0667499736882746,1.7458139918744564,2.6233650278300047,31.332802762419483,24888,16.6967780788919,48926,101337,0,4012.959317585302,8311.761811023622,0.0,12324.721128608924,513.6587926509186,68028014296.0,32439.0,298.0,35553.0,7588235838.0,7534408812.0,,24737298.0,2069647730.0,45092629.0,622394.6717519684,617979.7253937008,2660.6791338582675,24.442257217847768,2916.0925196850394,79666517.98425196,79101404.8503937,5579725582.020997,0.9929065164619096,,2.1787586528070646
stcp,tcp,1,4096,8,15.010260889015626,21352,0,11.113231224520014,1422.4935967385618,4.153579997364432,0.6824859883636236,0.9054180118255317,1.3488379772752523,25.855246812132606,21024,17.715406669684626,85630,169533,0,4010.39715249157,7939.911952041964,0.0,11950.309104533533,513.3308355189209,68028425500.0,96782.0,753.0,42454.0,8320648656.0,6384702947.0,,33708797.0,1993089546.0,68459426.0,389689.42750093667,299021.3069970026,4532.690146122143,35.266017234919445,1988.2914949419257,49880246.72011989,38274727.295616336,3186044656.2382913,0.7673323572430866,,3.434839450008334
tcp,tcp,1,4096,8,15.001293566951063,38736,0,20.173260302478504,2582.1773187172485,0.35688700154423714,0.336842960678041,0.4703089944086969,1.2950600357726216,21.394275004860784,21032,14.21990171990172,154426,311185,1,3986.6274266831883,8033.483064849235,0.02581577860388269,12020.136307311028,510.2883106154482,68026689798.0,86370.0,406.0,36944.0,7702791715.0,4332731433.0,,32532609.0,1873505152.0,66049380.0,198853.56554626187,111852.8354244114,2229.7087980173483,10.481206113176373,953.7381247418423,25453256.38992152,14317162.93432466,1756161962.9801736,0.5624884578616702,,3.5254442684340157
tls,tls,1,4096,8,15.006520081020426,11816,0,6.151492784576533,787.3910764257962,48.969323048368096,1.1029280140064657,1.6925249947234988,2.1227460238151252,37.03214982551847,24964,16.44411102775694,47416,98123,0,4012.863913337847,8304.248476641842,0.0,12317.112389979688,513.6465809072444,68037487241.0,31679.0,392.0,37660.0,7824943981.0,7616052803.0,,26129667.0,2112162776.0,46134897.0,662232.9029282329,644554.2318043332,2681.0257278266754,33.175355450236964,3187.203791469194,84765811.57481381,82502941.67095464,5758081181.533513,0.9733044506762968,,2.1842491272083664
stcp,tcp,2,4096,1,15.005552457005251,43073,0,22.4255530387289,2870.470788957299,5.471130018122494,0.6443519960157573,0.9479519794695079,1.520926016382873,42.196180501465314,21708,29.574205492132062,150248,291989,0,3488.217676967009,6778.933438581013,0.0,10267.151115548022,446.4918626517772,68030510869.0,198864.0,4013.0,36879.0,13829913897.0,10130792110.0,,56679206.0,3034885219.0,112394108.0,321080.81389733707,235200.52260116546,4616.9061825273375,93.16741346086876,856.1976179973533,41098344.178859144,30105666.89294918,1579423556.9614375,0.732527489719049,,3.7034055619748956
tcp,tcp,2,4096,1,15.001838370983023,73355,0,38.201047320205696,4889.734056986329,0.9479509899392724,0.33635401632636786,0.5881309625692666,1.228082983288914,31.653967217677963,21440,25.666929755327544,226967,444888,11,3094.090382387022,6064.8626542158,0.14995569490832256,9159.10299229773,396.0435689455388,68030795204.0,181813.0,784.0,35015.0,13174965330.0,7037244445.0,,57011669.0,3069288518.0,122410259.0,179605.55285938244,95934.08008997342,2478.535887124259,10.687751346193169,477.3362415649921,22989510.766000953,12279562.251516597,927418651.8165087,0.5341376063416176,,3.9882291378643213
tls,tls,2,4096,1,15.002928828005679,25362,0,13.206796304341237,1690.4699269556784,54.55412599258125,1.0691949864849448,1.6856809961609542,2.3192789521999657,57.663187629411624,26500,31.881613249501612,96383,201303,0,3800.2917750966008,7937.189496096522,0.0,11737.481271193123,486.43734721236495,68026720390.0,63985.0,513.0,36731.0,14388081311.0,14423756606.0,,45849721.0,3808764493.0,83762879.0,567308.6235706963,568715.2671713587,2522.868858922798,20.22711142654365,1448.269063953947,72615503.81704913,72795554.19793391,2682230123.41298,1.0024795032936549,,2.1992139223610434
stcp,tcp,2,4096,4,15.006558851979207,42680,0,22.21945106062894,2844.0897357605045,6.816302513470873,0.6267519784159958,0.9797289967536926,1.9496799795888364,37.95521715658875,21484,29.12784481441882,150170,309765,0,3518.5098406747893,7257.849109653233,0.0,10776.358950328024,450.369259606373,68029208556.0,192611.0,3523.0,35218.0,13845172106.0,10089872724.0,,55011125.0,3002536246.0,108771912.0,324394.8478444236,236407.51462043112,4512.910028116214,82.54451733833177,825.1640112464855,41522540.52408622,30260161.871415183,1593936470.384255,0.7287647020023256,,3.622667741144065
tcp,tcp,2,4096,4,15.001283447025344,75932,0,39.54453311244055,5061.70023839239,0.28233250486664474,0.326086999848485,0.5587979685515165,1.7384810489602387,35.6020737749545,21732,25.759722878286883,232869,455146,11,3066.809777169046,5994.126323552652,0.14486645946373072,9061.080967181162,392.5516514776379,68036601777.0,183633.0,736.0,34664.0,13502817899.0,7126693215.0,,56537822.0,3116640353.0,124116316.0,177827.76561923826,93856.25579465838,2418.387504609387,9.692883105936891,456.51372280461464,22761953.999262497,12013600.741716273,896020146.6707053,0.5277930331510872,,3.9823753125871177
tls,tls,2,4096,4,15.007229921000544,25148,0,13.09160658124316,1675.7256423991246,56.9235245056916,1.0760390432551503,1.7115919617936015,2.4757219944149256,55.76105679762975,26360,32.100256681262266,93211,195219,14,3706.497534595196,7762.804199141085,0.5567043104819469,11469.858438046764,474.4316844281852,68026919519.0,65048.0,547.0,35642.0,14254425455.0,14319465364.0,,45928127.0,3777840403.0,85106252.0,566821.4353030062,569407.7208525529,2586.6072848735485,21.751232702401783,1417.289645299825,72553143.7187848,72884188.26912677,2705062808.9311275,1.004562787129185,,2.252775208090229
stcp,tcp,2,4096,8,15.012427508016117,43016,0,22.3856201683941,2865.359381554445,4.084649524884298,0.6419079727493227,0.931328977458179,1.333682972472161,37.962508041799914,21484,29.457244471934434,150910,308009,0,3508.229496001488,7160.335689045936,0.0,10668.565185047424,449.05337548819045,68027821352.0,196699.0,3891.0,36643.0,13909149836.0,10189560654.0,,56069914.0,3036535392.0,111611312.0,323348.28519620607,236878.38604240282,4572.693881346476,90.45471452482798,851.8458248093733,41388580.50511438,30320433.41342756,1581453909.057095,0.7325796884887336,,3.675613737091591
tcp,tcp,2,4096,8,15.003429905045778,77400,0,40.30328423746883,5158.82038239601,0.8785290119703859,0.3578650066629052,0.5460859974846244,0.7905300008133054,42.87758226428273,21480,26.888784608165178,242928,473679,7,3138.6046511627906,6119.883720930232,0.0904392764857881,9258.578811369509,401.7413953488372,68031870037.0,186398.0,837.0,34547.0,13633176322.0,7237903729.0,,58137282.0,3177407390.0,128147465.0,176139.22896640826,93512.9680749354,2408.2428940568475,10.813953488372093,446.343669250646,22545821.307700258,11969659.913591731,878964729.1602067,0.5309036983054433,,4.033082613306316
tls,tls,2,4096,8,15.009694057051092,25008,0,13.016587763707205,1666.1232337545223,54.34905647416599,1.0955960024148226,1.706703973468393,2.1154130226932466,59.61298722006019,26612,31.890243902439025,92136,192872,12,3684.26103646833,7712.412028150991,0.4798464491362764,11397.152911068459,471.58541266794623,68027997981.0,64970.0,579.0,36094.0,14196866152.0,14219722099.0,,45844443.0,3763080704.0,83529990.0,567692.984325016,568606.9297424824,2597.96865003199,23.152591170825335,1443.29814459373,72664701.99360205,72781687.00703774,2720249439.419386,1.0016099290333016,,2.219723587411002
stcp,tcp,4,4096,1,15.00847275997512,71663,0,37.30340831167475,4774.836263894368,8.458231735858135,0.738707953132689,1.3957720366306603,2.3539900430478156,59.452764732970685,22376,54.48808960403849,203661,377221,0,2841.926796254692,5263.818148835521,0.0,8105.744945090213,363.7666299206006,68027410240.0,358825.0,48101.0,35045.0,23719633633.0,16249985325.0,,97317156.0,4826870273.0,194740983.0,330988.5663871175,226755.5827274884,5007.1166431770935,671.2110852183135,489.0250198847383,42366536.49755104,29024714.589118514,949268244.9799758,0.6850858481385719,,4.034518683655537
tcp,tcp,4,4096,1,15.000790480989963,100557,0,52.370677631660044,6703.446736852486,0.44342050387058407,0.5020870012231171,1.1004849802702665,1.7536369850859046,60.88866457787647,22732,46.696745085401226,234360,435555,31,2330.618455204511,4331.42396849548,0.30828286444504116,6662.350706564436,298.3191622661774,68027484686.0,530436.0,4491.0,36512.0,21406479186.0,10841471846.0,,106487327.0,4749998338.0,204288503.0,212879.05552074942,107814.1934027467,5274.978370476446,44.66123691040902,363.0975466650755,27248519.106655926,13800216.755551578,676506704.5158467,0.5064574959664738,,4.3008120943052
tls,tls,4,4096,1,15.008281140995678,44574,0,23.202815281010754,2969.9603559693765,85.31980722909793,1.1615949915722013,2.159413998015225,3.2046540291048586,83.0001376105191,28932,60.7218045112782,147229,305447,33,3303.0241845021765,6852.582222820479,0.7403419033517298,10156.346749226006,422.7870956162786,68031547963.0,154999.0,3108.0,35236.0,25235823348.0,24517701481.0,,91514745.0,6403765914.0,152934136.0,566155.6815183739,550044.902431911,3477.341050836811,69.72674653385381,790.5056759545924,72467927.23435186,70405747.5112846,1526260778.9967246,0.9715435531031757,,2.388190606181486
stcp,tcp,4,4096,4,15.00971961201867,70552,0,36.72203840227967,4700.420915491798,10.363547728047706,0.7299080025404692,1.270617009140551,1.8739040242508054,50.69604360834968,22508,51.07677902621723,203552,391624,0,2885.1343689760743,5550.856106134483,0.0,8435.990475110557,369.29719922893753,68032070612.0,358116.0,51576.0,20810.0,22721939013.0,16096534233.0,,91624240.0,4790954448.0,188394856.0,322059.45987356844,228151.35266186643,5075.915636693502,731.0352647692481,294.9597460029482,41223610.86381676,29203373.140718903,964282665.4382582,0.7084137592214564,,3.932303219427312
tcp,tcp,4,4096,4,15.010953936958686,32456,0,16.891831196397195,2162.154393138841,0.6400752608897164,1.1547519825398922,5.808466987218708,9.107965975999832,15.360043137052934,21928,98.94964028776978,157483,375792,41709,4852.199901404979,11578.506285432584,1285.0936652699038,17715.799852107466,621.0815873798373,68042532036.0,97803.0,5253.0,10749.0,39904572421.0,43941821376.0,,85059364.0,10337679793.0,152278894.0,1229497.5480958836,1353888.9997535124,3013.4027606605864,161.8498890806014,331.18683756470296,157375686.1562731,173297791.96844956,2096454647.3995562,1.1011725902587388,,1.4730471154960063
tls,tls,4,4096,4,15.008354298013728,44408,0,23.116291973858537,2958.885372653893,87.94600475812331,1.1523060384206474,2.246924035716802,3.3249210100620985,83.38326608971522,29208,68.2482840943002,149024,301987,1439,3355.791749234372,6800.283732660781,32.404071338497566,10188.479553233652,429.54134390199965,68032634204.0,153817.0,3662.0,57094.0,27756270152.0,26469776043.0,,100389729.0,7122974936.0,177896624.0,625028.6018735362,596058.7291253828,3463.7227526571787,82.46261934786524,1285.6692487840028,80003661.03981264,76295517.328049,1531990501.8014772,0.9536503247030365,,2.4975045623268777
stcp,tcp,4,4096,8,15.027480545046274,26432,0,13.741491754455911,1758.9109445703566,34.70511625346262,1.5223940135911107,6.402953993529081,10.093562013935298,20.21730116963292,22148,98.13637676971973,138188,318759,37219,5228.056900726392,12059.58686440678,1408.103813559322,18695.747578692495,669.1912832929783,68056391406.0,125098.0,8028.0,13933.0,39544019769.0,42027247116.0,,84507638.0,9749142541.0,152476614.0,1496066.1232218524,1590013.88907385,4732.823849878935,303.7227602905569,527.1262106537531,191496463.7723971,203521777.8014528,2574772677.285109,1.0627965331169162,,1.5640002529326031
tcp,tcp,4,4096,8,15.010977900004946,32224,0,16.771059265893467,2146.6955860343637,2.6364462537458166,1.223684987053275,5.7346459943801165,8.922679000534117,15.411354379512062,22084,98.85512367491167,161747,391102,42372,5019.457547169812,12136.978649453824,1314.9205561072492,18471.356752730884,642.4905660377358,68044531759.0,95353.0,4871.0,10164.0,39807936165.0,43951869773.0,,83638405.0,10375427764.0,152035210.0,1235350.5512971699,1363948.2923597319,2959.0677755710035,151.16062562065542,315.41708043694143,158124870.56603774,174585381.42204568,2111610345.0533767,1.1040981775800633,,1.4653391981342891
tls,tls,4,4096,8,15.030286600987893,13032,0,6.773822928520085,867.0493348505709,209.2102009919472,3.5170530318282545,11.487381008919328,15.933319984469563,23.732301949355712,27956,98.35497835497836,119564,320124,40202,9174.647022713321,24564.456721915285,3084.868017188459,36823.97176181706,1174.354818907305,68068997111.0,86385.0,7989.0,11870.0,39644531591.0,46003769123.0,,72671174.0,10533437359.0,139872580.0,3042091.1288367095,3530062.0874002455,6628.683241252302,613.0294659300184,910.8348680171885,389387664.4910988,451847947.1872314,5223219545.042972,1.1604064237057012,,1.327891126446865
stcp,tcp,8,4096,1,15.017101152974647,38593,0,20.077630790965017,2569.936741243522,40.63942200446036,2.330525021534413,7.955171982757747,12.1170689817518,29.065716182749412,22924,98.1681811625559,152317,330173,30567,3946.7520016583317,8555.256134532168,792.0348249682585,13294.042961158759,505.18425621226646,68032799759.0,155005.0,10575.0,12486.0,39510058471.0,38617123273.0,,93644181.0,9154591731.0,171627275.0,1023762.3007021999,1000625.0686134791,4016.4019381753164,274.0134221231829,323.5301738657269,131041574.48988159,128080008.78252533,1762827449.5115693,0.9773998006442991,,1.8747671118835612
tcp,tcp,8,4096,1,15.013067463005427,46776,0,24.341294735436033,3115.6857261358123,0.9984302523662336,1.2794180074706674,8.771127031650394,13.924976985435933,26.291728920332325,23036,98.6907641952469,165032,354770,37268,3528.1340858559943,7584.445014537369,796.7333675389089,11909.312467932272,451.60116298956734,68038558426.0,172068.0,9570.0,9160.0,39674990386.0,40434011980.0,,102362456.0,9901694760.0,183110152.0,848191.17466222,864417.9061912092,3678.553104155977,204.59209851205745,195.82691978792542,108568470.35676415,110645491.99247478,1454561279.8443646,1.0191309836906182,,1.8492809204714367
tls,tls,8,4096,1,15.018723280983977,19376,0,10.079085763013166,1290.1229776656853,286.35520362877287,4.8385169939137995,14.786884014029056,20.281488017644733,36.4637918785944,32556,97.82515381313492,126561,316364,33836,6531.843517753922,16327.621800165152,1746.284062758051,24605.749380677124,836.075970272502,68041252740.0,125511.0,13800.0,12864.0,39357433937.0,43507708209.0,,82985450.0,10193969951.0,156515007.0,2031246.59047275,2245443.239523121,6477.652766308835,712.2213047068537,663.9141205615193,259999563.580512,287416734.6589595,3511625347.853014,1.1054508349971037,,1.535368534067989
stcp,tcp,8,4096,4,15.024120354966726,38972,0,20.265329537202998,2593.9621807619837,42.181263510428835,2.3393260198645294,7.757665007375181,12.094584002625197,29.701745556935688,22900,98.07005003573981,151744,339292,32444,3893.667248280817,8706.045365903725,832.4951247049163,13432.20773888946,498.3894077799446,68100457980.0,149726.0,10462.0,10614.0,39525599362.0,39088979466.0,,90909235.0,9224731646.0,170062355.0,1014205.0539361592,1003001.6285025147,3841.8864826028944,268.4491429744432,272.349379041363,129818246.90382838,128384208.44832188,1747420147.2852304,0.9889534908249926,,1.843547991704907
tcp,tcp,8,4096,4,15.01266177801881,47328,0,24.62921002732369,3152.5388834974324,0.8744361330172978,1.2212409637868404,8.732507994864136,14.02080396655947,23.26664685881544,22612,99.06461361346956,159344,331167,36631,3366.8018931710617,6997.274340770791,773.9815753887762,11138.057809330629,430.95064232589584,68039598481.0,174312.0,10319.0,11335.0,39856522173.0,40575586529.0,,102449084.0,9954009543.0,179543621.0,842134.0891861055,857327.3015762339,3683.0628803245436,218.0316091954023,239.49881676808653,107793163.41582151,109737894.60175794,1437618291.0961797,1.01804132214243,,1.8037316543087025
tls,tls,8,4096,4,15.036797906039283,19408,0,10.08359631801012,1290.7003287052953,292.0144139934564,4.894740995950997,14.66613297816366,19.946606014855206,37.27992512121587,32540,97.58018327605956,125937,314786,34108,6488.922093981863,16219.39406430338,1757.4196207749383,24465.73577906018,830.5820280296786,68060707796.0,125173.0,13863.0,10531.0,39260941745.0,43512390255.0,,82891982.0,10168735619.0,154617303.0,2022925.6876030504,2241982.1854389943,6449.556883759274,714.29307502061,542.6112943116241,258934488.01319045,286973719.7361913,3506837788.3347073,1.108286972269111,,1.5205165007053765
stcp,tcp,8,4096,8,15.061212055035867,40232,0,20.869004357116562,2671.23255771092,35.37895773479249,2.227370976470411,7.692156010307372,11.977254995144904,29.748435807342005,22892,98.38802533103052,155664,338566,30662,3869.158878504673,8415.341022071982,762.12964804136,13046.629548618015,495.2523364485981,68046943351.0,155935.0,10074.0,10996.0,39611230108.0,38701890011.0,,93279222.0,9154224564.0,171859921.0,984570.2452773912,961967.8368214357,3875.894810101412,250.39769337840525,273.31477430900776,126024991.39550607,123131883.11314377,1691363674.463114,0.9770433764737756,,1.877383712825422
tcp,tcp,8,4096,8,15.016636107990053,47536,0,24.73090493298954,3165.555831422661,3.488261136226356,1.1831040028482676,8.87034396873787,14.150363975204527,23.42338173945934,22944,98.95084794481173,158561,335125,37842,3335.5982834062606,7049.920060585661,796.070346684618,11181.58869067654,426.9565802760014,68159240945.0,173787.0,10201.0,10991.0,39902001327.0,40707029054.0,,102805122.0,9999307366.0,178791420.0,839405.9518470212,856341.0689582633,3655.9028946482663,214.59525412319084,231.21423763042745,107443961.83641872,109611656.8266577,1433844684.9755974,1.0201751215534964,,1.7880380455943672
tls,tls,8,4096,8,15.058321202988736,19752,0,10.247656290488242,1311.700005182495,259.8393612570362,4.786699020769447,14.576671994291246,20.11674694949761,36.618504318433374,32624,97.66156462585033,128761,320122,33672,6518.884163629,16207.06763872013,1704.7387606318348,24430.690562980963,834.417172944512,68065144000.0,123639.0,13853.0,9606.0,39338662616.0,43552828305.0,,83145484.0,10120357133.0,155205561.0,1991629.3345484002,2204983.207017011,6259.56865127582,701.3466990684489,486.33049817739976,254928554.82219523,282237850.4981774,3445987444.3094373,1.1071252912214151,,1.5335976681486145
stcp,tcp,16,4096,1,15.03070091700647,52701,0,27.392372769133637,3506.2237144491055,73.89679669358884,3.5038450150750577,11.488326999824494,18.067263008560985,43.43814726971716,24040,98.42826243691421,163623,326944,23911,3104.741845505778,6203.753249463957,453.7105557769303,9762.205650746666,397.4069562247396,68097516334.0,204639.0,17752.0,11121.0,39552404985.0,34694042948.0,,102796225.0,8535773053.0,192833159.0,750505.7775943531,658318.4939185214,3883.019297546536,336.84370315553787,211.020663744521,96064739.5320772,84264767.22157075,1292148466.518662,0.8771664570373786,,2.259117689782374
tcp,tcp,16,4096,1,15.006586597010028,90634,0,47.18448931891549,6039.614632821183,0.7938283160910942,2.2566969855688512,5.994717008434236,8.226970036048442,54.42097673049228,24860,62.45371115762357,205927,350057,87,2272.072290751815,3862.3143632632346,0.9599046715360682,6135.346558686586,290.8252532162323,68031644999.0,825446.0,107711.0,34134.0,27103050052.0,12968199531.0,,139073187.0,5711303180.0,263911304.0,299038.4408941457,143083.16449676722,9107.465189663923,1188.4171502967981,376.6136328530132,38276920.43445065,18314645.055586204,750619469.5037183,0.4784774963009392,,4.620859647657507
tls,tls,16,4096,1,15.037148327974137,24961,0,12.968403865327318,1659.9556947618967,243.99082330273814,7.869105029385537,22.093237028457224,30.381318007130176,53.042543878893625,40580,89.60650128314799,119362,277871,22731,4781.939826128761,11132.206241737109,910.6606305837106,16824.80669844958,612.0882977444813,68034587314.0,198482.0,28461.0,16634.0,36729594384.0,37708486098.0,,94885470.0,9141631987.0,173573767.0,1471479.2830415447,1510696.129882617,7951.684628019711,1140.2187412363287,666.3995833500261,188349348.22931772,193369104.62497497,2725635483.9149075,1.0266513074924242,,1.8987175074082314
stcp,tcp,16,4096,4,15.053652103990316,76276,0,39.58549366515793,5066.943189140215,24.51279404340312,2.654161013197154,6.853201019112021,9.4819400110282,73.23167776062677,25000,78.47316704459561,173499,294356,117,2274.621112800881,3859.0906707221143,1.5339031936651109,6135.24568671666,291.15150243851275,68029303833.0,485923.0,64941.0,33413.0,31953002947.0,18680084953.0,,128665231.0,5750023600.0,249784472.0,418912.9339110598,244901.2133960879,6370.58838953275,851.3949341863758,438.0539094866013,53620855.540615655,31347355.31469925,891883473.6089989,0.5846112487137561,,4.344059944380054
tcp,tcp,16,4096,4,15.009239244041964,89660,0,46.66917080944369,5973.653863608793,0.7082733136485331,2.29140801820904,6.010362005326897,8.269502955954522,57.10694499991031,24740,62.844401974836764,205607,367288,104,2293.18536694178,4096.453267900959,1.159937541824671,6390.798572384563,293.5277269685478,68030899278.0,823202.0,115100.0,34425.0,27307142092.0,13044348878.0,,142756493.0,5776824373.0,266332300.0,304563.2622351104,145486.82665625698,9181.374079857238,1283.7385679232657,383.9504795895606,38984097.56609413,18622313.812000893,758765327.6600491,0.4776900063013742,,4.610358266122764
tls,tls,16,4096,4,15.027679054008331,45220,0,23.508703421887983,3009.114038001662,240.31681537235272,4.501660005189478,10.928064002655447,14.973593992181122,81.98586059577666,41384,79.25175137874497,140452,273655,78,3105.970809376382,6051.636444051304,1.7249004865103936,9159.332153914198,397.56426360017696,68028512814.0,326314.0,49447.0,36156.0,32155731075.0,26925406852.0,,128046684.0,7385099033.0,210164192.0,711095.335581601,595431.3766475011,7216.143299425034,1093.4763379035826,799.5577178239718,91020202.95444493,76215216.21088015,1504389933.967271,0.8373439493320555,,2.8457870512079833
stcp,tcp,16,4096,8,15.114955888013355,76752,0,39.67097254154224,5077.884485317407,25.83413005413604,2.688871987629682,6.759334006346762,9.206207992974669,75.13667975046071,25124,78.37636173705417,175372,297329,111,2284.9176568688763,3873.892537002293,1.4462163852407754,6160.25641025641,292.46946007921616,68030121276.0,483425.0,70366.0,30253.0,32098748706.0,18694567527.0,,130645283.0,5726824508.0,248305635.0,418213.84075984993,243571.0799327705,6298.53293725245,916.7969564311028,394.1656243485512,53531371.61726079,31177098.231394622,886362847.5609757,0.5824079841313425,,4.335834538899057
tcp,tcp,16,4096,8,15.01766904903343,88992,0,46.295466875050614,5925.819760006479,0.4823775052500423,2.3300290340557694,5.85929601220414,8.035325969103724,109.53377615588566,24768,62.10155374018901,202595,353037,133,2276.552948579648,3967.0644552319313,1.4945163610212155,6245.1119201726,291.39877741819487,68037332833.0,800382.0,118859.0,32439.0,27137668492.0,12951982957.0,,144442302.0,5723819737.0,267073235.0,304945.03429521754,145540.98072860483,8993.864617044228,1335.6144372527867,364.5159115426106,39032964.389787845,18629245.53326142,764533135.933567,0.4772695547083625,,4.66599661190553
tls,tls,16,4096,8,15.038145559024997,45144,0,23.452858506768344,3001.965888866348,249.5417225654819,4.501660005189478,10.95593097852543,14.837194001302123,109.20618460262305,41972,78.01501987925195,136777,266037,59,3029.793549530392,5893.075491759702,1.306928938507886,8924.175970228602,387.8135743398901,68042154462.0,323698.0,52868.0,33495.0,32012106642.0,26660133077.0,,127628251.0,7307889087.0,208287770.0,709110.9924242424,590557.6173356371,7170.3437887648415,1171.096934254829,741.9590643274854,90766207.03030303,75591375.01896155,1507224757.7086656,0.8328140779720448,,2.850176946042093
stcp,tcp,1,65536,1,15.009531037008855,2428,0,20.22048518715628,161.76388149725025,4.6913480036892,6.225960038136691,6.672802031971514,7.256041979417205,23.219313057861683,21276,14.572412760221656,27515,120648,5548,11332.372322899506,49690.28006589786,2285.00823723229,63307.660626029654,90.65897858319605,68028438129.0,19487.0,519.0,34400.0,6716366748.0,6299378109.0,,17746994.0,1515841262.0,36111198.0,2766213.652388797,2594472.0383031303,8025.947281713345,213.75617792421747,14168.039538714993,22129709.219110377,20755776.306425042,28018302359.55519,0.9379145519228576,,2.3822545872880454
tcp,tcp,1,65536,1,15.000671407964546,7704,0,64.19712650253102,513.5770120202482,0.36030897172167897,1.9389210501685739,2.1701640216633677,2.3466520360670984,19.880656797912366,21624,15.849796410797767,90404,469509,175426,11734.683281412254,60943.53582554517,22770.768431983386,95448.98753894081,93.87746625129803,68026745037.0,27004.0,342.0,36834.0,7652735414.0,4814113760.0,,28048774.0,2120208475.0,60308368.0,993345.7183281413,624884.963655244,3505.1921079958465,44.39252336448598,4781.152647975078,7946765.746625129,4999079.709241952,8830055170.950155,0.6290709791420472,,2.844454623736942
tls,tls,1,65536,1,15.003732342971489,1373,0,11.438820426598577,91.51056341278861,45.296733966097236,9.100119990762323,12.288632045965642,34.4581360113807,40.45888623735452,25072,20.93819806403574,31847,96881,14885,23195.193008011654,70561.54406409322,10841.22359796067,104597.96067006554,185.56154406409323,68028493425.0,11430.0,284.0,35374.0,9164317934.0,11049854237.0,,17422511.0,2643821687.0,31499773.0,6674667.104151493,8047963.75600874,8324.836125273125,206.8463219227968,25764.020393299346,53397336.83321194,64383710.04806992,49547336798.98033,1.2057475871722632,,1.1914484685139055
stcp,tcp,1,65536,4,15.015122362005059,2596,0,21.611545492371704,172.89236393897363,3.1836240086704493,6.034317018929869,6.477735994849354,7.043865974992514,21.45506991106407,21184,15.464071856287426,27436,147839,55342,10568.567026194145,56948.76733436056,21318.18181818182,88835.51617873652,84.54853620955316,68045312498.0,20576.0,540.0,35263.0,7155911264.0,6691823249.0,,18298757.0,1609808257.0,38733723.0,2756514.3543913714,2577743.9325885978,7926.040061633282,208.01232665639444,13583.590138674885,22052114.83513097,20621951.460708782,26211599575.50077,0.9351462032047915,,2.4061078598381176
tcp,tcp,1,65536,4,15.004812204046175,7448,0,62.04676122163981,496.3740897731185,0.4228859907016158,2.002476016059518,2.260608016513288,2.4419850087724626,19.999670500313083,21496,13.140927233650599,93143,382796,19579,12505.77336197637,51395.81095596134,2628.7593984962405,66530.34371643394,100.04618689581095,68029008685.0,25037.0,348.0,35109.0,7349726776.0,4510690489.0,,26426185.0,1975654851.0,58736704.0,986805.4210526316,605624.3943340494,3361.5735767991405,46.72395273899033,4713.8829215896885,7894443.368421053,4844995.154672395,9133862605.39742,0.6137222003584314,,2.9730245629832437
tls,tls,1,65536,4,15.032180542009883,1368,0,11.375595145502183,91.00476116401747,40.57360801380128,9.792871016543359,12.399609957356006,12.891429010778666,41.53984169195654,25040,21.208513171602917,31187,95853,14776,22797.51461988304,70067.98245614035,10801.169590643274,103666.66666666667,182.3801169590643,68032379073.0,11686.0,330.0,36176.0,9171729252.0,11000023705.0,,18513401.0,2634315187.0,33519875.0,6704480.447368421,8040953.000730994,8542.397660818713,241.22807017543857,26444.44444444444,53635843.578947365,64327624.00584795,49731271252.19298,1.199340211945454,,1.2724322118103477
stcp,tcp,1,65536,8,15.010193836002145,2584,0,21.518709453656776,172.1496756292542,4.778369970154017,6.046050053555518,6.5354249672964215,7.285376021172851,21.51394602416471,21028,15.206536541080345,27288,147003,55168,10560.371517027865,56889.705882352944,21349.845201238393,88799.9226006192,84.48297213622291,68037673870.0,20654.0,611.0,35729.0,7361708733.0,6781771315.0,,18660722.0,1654977409.0,39417555.0,2848958.488003096,2624524.5027089785,7993.034055727554,236.4551083591331,13827.012383900928,22791667.90402477,20996196.021671828,26330369144.736843,0.9212224445392222,,2.3817578889984716
tcp,tcp,1,65536,8,15.003212006995454,7248,0,60.38706908744374,483.09655269954993,0.5524410516954958,2.0362090435810387,2.403363003395498,2.683983009774238,19.57300209202389,21480,19.705480491877942,88994,363435,12881,12278.421633554084,50142.79801324504,1777.1799116997795,64198.3995584989,98.22737306843267,68031476592.0,24862.0,885.0,65095.0,9931770126.0,6720750347.0,,38193292.0,2780528734.0,87802696.0,1370277.3352649007,927255.8425772627,3430.187637969095,122.10264900662251,8981.098233995584,10962218.682119206,7418046.740618101,9386241251.655628,0.6766920963470555,,3.1577697768902104
tls,tls,1,65536,8,15.181556584022474,1512,0,12.449316310483557,99.59453048386845,40.71440699044615,9.159274981357157,12.233878020197153,12.685608002357185,45.01098396716212,25208,22.360064983015803,34877,106102,16378,23066.79894179894,70173.28042328042,10832.010582010582,104072.08994708995,184.53439153439152,68026703445.0,12149.0,292.0,31245.0,9802788532.0,11819789021.0,,17938985.0,2802194914.0,34435659.0,6483325.748677249,7817320.781084656,8035.05291005291,193.1216931216931,20664.68253968254,51866605.98941799,62538566.248677246,44991205982.14286,1.205757829256007,,1.2288816465962653
stcp,tcp,2,65536,1,15.0075405749958,4900,0,40.812816526412846,326.50253221130276,7.223042513942346,5.999118031468242,7.891594024840742,8.304212999064475,36.898224411440914,21284,29.358353510895885,40221,228615,92723,8208.367346938776,46656.12244897959,18923.061224489797,73787.55102040817,65.6669387755102,68027254648.0,36773.0,1864.0,35284.0,12944603800.0,11614446108.0,,28188626.0,2629349610.0,65017455.0,2641755.8775510206,2370295.1240816326,7504.69387755102,380.4081632653061,7200.816326530612,21134047.020408165,18962360.99265306,13883113193.469387,0.8972423016917676,,2.4727580825586752
tcp,tcp,2,65536,1,15.001262735982891,13316,0,110.95732601279188,887.658608102335,10.063714027637616,2.1349649759940803,2.9802470235154033,3.4212219761684537,38.70732819092611,22852,26.685817961899,111831,497879,124794,8398.24271553019,37389.53139080805,9371.733253229198,55159.50735956744,67.18594172424152,68036695130.0,51485.0,694.0,33487.0,12259498179.0,6880871431.0,,43687694.0,3054556511.0,101370571.0,920659.220411535,516737.1155752478,3866.4013217182337,52.1177530790027,2514.7942325022527,7365273.76329228,4133896.9246019823,5109394347.401622,0.5612686041902303,,3.318667395248593
tls,tls,2,65536,1,15.008774984045886,3031,0,25.243565874146206,201.94852699316965,58.051762549439445,9.269762958865613,12.324320967309177,13.463913986925036,87.90128450872153,26424,42.9686327480114,66389,197642,16184,21903.332233586276,65206.862421643025,5339.491916859122,92449.68657208842,175.2266578686902,68032235166.0,17814.0,401.0,35285.0,18397472855.0,22838351756.0,,26933051.0,5254191899.0,56204917.0,6069769.995051138,7534923.0471791485,5877.268228307489,132.2995710986473,11641.372484328604,48558159.960409105,60279384.37743319,22445475145.496536,1.2413852672049506,,1.0697157256608225
stcp,tcp,2,65536,4,15.017522068985272,4924,0,40.98545666672618,327.88365333380943,7.716328516835347,6.031872006133199,7.482885965146124,8.442079997621477,36.98554245158038,21528,29.106979579396526,45883,221304,55270,9318.237205523963,44943.94800974817,11224.614134849715,65486.79935012185,74.54589764419171,68037359779.0,34821.0,1653.0,35528.0,12873041638.0,11544333922.0,,27473719.0,2627616272.0,64400586.0,2614346.3927701055,2344503.2335499595,7071.689683184402,335.70268074735986,7215.27213647441,20914771.142160844,18756025.868399676,13817497924.248577,0.8967837009026848,,2.4509128934180993
tcp,tcp,2,65536,4,15.00701487401966,13980,0,116.4455432789165,931.564346231332,8.048281510127708,2.047943009529263,2.8135370230302215,3.3322449889965355,41.33548245320326,22692,27.52251564646619,90460,485109,238024,6470.672389127325,34700.21459227468,17026.03719599428,58196.924177396286,51.765379113018604,68028365816.0,62417.0,855.0,35345.0,12757990601.0,7189546021.0,,44554942.0,3225644056.0,107167817.0,912588.741130186,514273.67818311875,4464.735336194563,61.1587982832618,2528.254649499285,7300709.929041488,4114189.42546495,4866120587.69671,0.5635327886537608,,3.322369583855907
tls,tls,2,65536,4,15.02615918405354,2964,0,24.656999534065356,197.25599627252285,53.12574948766269,9.31865198072046,12.481254001613706,13.779245025943965,88.20186740777429,26468,42.32954545454545,65329,197849,282,22040.823211875846,66750.67476383266,95.1417004048583,88886.63967611337,176.32658569500674,68034429167.0,17961.0,398.0,35238.0,18005216872.0,22303387237.0,,26612065.0,5134644349.0,58621014.0,6074634.57219973,7524759.5266531715,6059.716599190284,134.27800269905532,11888.663967611335,48597076.57759784,60198076.21322537,22953586088.731445,1.2387180557477264,,1.141676229463035
stcp,tcp,2,65536,8,15.02452868403634,5216,0,43.39570403248351,347.16563225986806,7.001822523307055,5.623164004646242,7.203242974355817,8.423013030551374,34.0082215386161,21296,30.628588697491686,43776,235643,94131,8392.638036809816,45176.955521472395,18046.587423312885,71616.1809815951,67.14110429447852,68030038445.0,37913.0,1743.0,35144.0,13543600605.0,12209034472.0,,28812159.0,2751202170.0,67488740.0,2596549.195743865,2340689.124233129,7268.596625766871,334.1641104294478,6737.730061349693,20772393.56595092,18725512.99386503,13042568720.283741,0.9014614966933308,,2.4530636365411125
tcp,tcp,2,65536,8,15.006243308016565,14112,0,117.55107282964313,940.4085826371451,1.4473460032604635,2.0146979950368404,2.9264699551276863,3.4402890014462173,39.38156858247761,22912,28.153869453278812,89637,465702,234173,6351.828231292517,33000.425170068025,16593.89172335601,55946.14512471655,50.814625850340136,68038796295.0,63831.0,834.0,34318.0,12877652352.0,7226636749.0,,45082434.0,3231252955.0,108573175.0,912532.0544217688,512091.6063633787,4523.171768707483,59.09863945578231,2431.831065759637,7300256.43537415,4096732.8509070296,4821343274.872449,0.5611765678608063,,3.3600951863578254
tls,tls,2,65536,8,15.048432228970341,3104,0,25.783416777001236,206.26733421600989,55.83246547030285,9.251184994354844,12.00116699328646,13.39106896193698,81.32684397806793,26420,44.29712219376224,65087,194410,32556,20968.75,62632.087628865986,10488.402061855671,94089.23969072166,167.75,68035628940.0,16812.0,425.0,35012.0,18754984091.0,23369742937.0,,27511432.0,5353669963.0,56545102.0,6042198.482925258,7528912.02867268,5416.237113402061,136.9201030927835,11279.639175257731,48337587.86340206,60231296.22938144,21918694890.463917,1.2460550658752356,,1.0561932728537902
stcp,tcp,4,65536,1,15.00877178797964,9113,0,75.897283008348,607.178264066784,9.444050476304255,6.10813801176846,9.822204010561109,12.269566010218114,37.744007837716374,22336,57.64218917675916,59877,273736,70571,6570.503676067156,30037.9677383957,7743.992099198947,44352.4635136618,52.56402940853726,68041292685.0,59869.0,8398.0,34806.0,24155348729.0,20088938235.0,,42392147.0,4358858054.0,112281253.0,2650647.287281905,2204426.4495775267,6569.625809283441,921.5406562054209,3819.3789092505212,21205178.29825524,17635411.596620213,7466398846.153847,0.8316558978460111,,2.57593276975291
tcp,tcp,4,65536,1,15.00333578698337,17284,0,144.00130948708164,1152.0104758966531,3.7398534768726677,3.092690953053534,6.2108050333336,9.432072984054685,38.569629328835425,23780,39.22459488111464,82811,305736,156882,4791.194168016663,17688.960888683174,9076.71835223328,31556.873408933116,38.3295533441333,68046466149.0,85315.0,3060.0,35001.0,17167354685.0,8538355332.0,,56449251.0,3840320907.0,136714808.0,993251.2546285582,494003.4327701921,4936.068039805601,177.0423513075677,2025.0520712797966,7946010.037028465,3952027.462161537,3936962864.441102,0.4973599886918163,,3.5599839521431953
tls,tls,4,65536,1,15.012876923021395,5194,0,43.24620812713198,345.96966501705583,99.6323507570196,9.70144901657477,16.33905101334676,22.372878971509635,104.66939868069953,29284,75.11862396204033,91437,274963,53323,17604.35117443204,52938.582980361956,10266.268771659607,80809.2029264536,140.8348093954563,68036116333.0,26843.0,937.0,34441.0,30790458650.0,38064417542.0,,44317464.0,8578744209.0,93809891.0,5928082.142857143,7328536.299961494,5168.078552175587,180.4004620716211,6630.92029264536,47424657.14285714,58628290.399691954,13098982736.426647,1.2362406800978263,,1.0935154227070158
stcp,tcp,4,65536,4,15.029951663047541,8828,0,73.42006313387233,587.3605050709787,10.455922005348839,6.31200399948284,10.360467014834285,12.747696018777788,33.727986048440336,22392,56.83617539585871,54526,271898,126247,6176.483914816493,30799.501585863163,14300.747621205257,51276.733121884914,49.411871318531944,68032052517.0,65772.0,8887.0,34653.0,23923559455.0,19797913018.0,,43403249.0,4333884970.0,112688109.0,2709963.6899637515,2242627.2109198007,7450.385138196648,1006.6832804712279,3925.3511554145903,21679709.51971001,17941017.687358405,7706394711.939284,0.827548804150139,,2.6001638202224826
tcp,tcp,4,65536,4,15.012065688963048,16844,0,140.2538493785019,1122.0307950280153,8.360924271983095,3.261846024543047,5.980538961011916,8.577011991292238,58.14949242073948,23988,35.99575628978479,63059,333249,217302,3743.706957967229,19784.43362621705,12900.85490382332,36428.9954880076,29.94965566373783,68033601091.0,83862.0,2059.0,15616.0,15743354330.0,8205773018.0,,51550389.0,3721131295.0,128775025.0,934656.5144858704,487162.96710995014,4978.74614105913,122.23937307052955,927.095701733555,7477252.115886963,3897303.736879601,4039040672.7024455,0.5212213894191124,,3.460641799256911
tls,tls,4,65536,4,15.050464287982322,5124,0,42.55682666955558,340.45461335644467,82.18401724298019,9.666737983934581,17.93330704094842,27.55311195505783,106.24756614829809,29224,76.0047107316355,93345,275735,37979,18217.213114754097,53812.45120999219,7411.982825917252,79441.64715066354,145.7377049180328,68034386777.0,26080.0,1024.0,40970.0,31166038952.0,38214634012.0,,46648443.0,8703611498.0,101941222.0,6082365.135050742,7457969.167056987,5089.7736143637785,199.84387197501954,7995.706479313038,48658921.080405936,59663753.3364559,13277593047.814209,1.22616268531448,,1.1712519799789438
stcp,tcp,4,65536,8,15.03831147402525,7512,0,62.440520774016214,499.5241661921297,11.290572001598775,7.087377016432583,14.164976018946618,18.730680050794035,27.873993747504173,22052,79.71620612397311,67501,290293,116351,8985.756123535677,38643.903088391904,15488.684771033013,63118.3439829606,71.88604898828541,68030272351.0,59576.0,8411.0,59581.0,31506680553.0,28037192212.0,,60490689.0,6570299623.0,142271805.0,4194180.052316294,3732320.58200213,7930.777422790203,1119.6751863684772,7931.443024494143,33553440.418530352,29858564.65601704,9056213039.2705,0.8898808671651814,,2.1653777325765042
tcp,tcp,4,65536,8,15.017008175957017,10896,0,90.69716044908535,725.5772835926828,3.335667497594841,4.620458988938481,11.328460997901857,15.266923990566283,21.39749783944712,24084,90.3672398717575,90690,324929,152835,8323.237885462555,29820.943465491924,14026.70704845815,52170.88839941263,66.58590308370044,68048557369.0,65997.0,9010.0,13639.0,36404596329.0,35515209333.0,,73819973.0,9011635775.0,153934461.0,3341097.3136013215,3259472.22219163,6056.993392070484,826.9089574155653,1251.7437591776797,26728778.508810572,26075777.77753304,6245278760.003671,0.9755693762413316,,1.7081744629209674
tls,tls,4,65536,8,15.145068915968295,3056,0,25.222731049921865,201.78184839937492,118.00626425247174,17.99441804178059,31.070155964698642,55.42008799966425,57.565106163418214,29152,96.14221966316396,110308,325580,47214,36095.549738219896,106537.95811518324,15449.607329842931,158083.11518324606,288.76439790575915,68036003277.0,39486.0,5474.0,10513.0,38738997793.0,47946723606.0,,51447836.0,10690121495.0,111498222.0,12676373.623363875,15689372.907722512,12920.811518324606,1791.2303664921465,3440.1178010471203,101410988.986911,125514983.2617801,22263090077.552357,1.2376862164117164,,1.0430023835758098
stcp,tcp,8,65536,1,15.019641260965727,8407,0,69.96671769592128,559.7337415673702,19.973121634393465,12.806361948605627,26.538185018580407,34.560800006147474,36.226297988492384,23652,97.05839522353284,72738,271068,90902,8652.075651243013,32243.13072439634,10812.656119900083,51707.86249553943,69.21660520994409,68061641648.0,60301.0,7824.0,14228.0,39121640704.0,36354641535.0,,58263503.0,7880863522.0,141962755.0,4653460.295468062,4324329.907814916,7172.713215177828,930.6530272392055,1692.399191150232,37227682.3637445,34594639.26251933,8095829861.781849,0.9292719037543564,,1.8013604042716982
tcp,tcp,8,65536,1,15.00618016498629,13700,0,114.11964811643087,912.9571849314469,13.344075239729136,8.022125985007733,16.365449992008507,21.70897100586444,31.983402486387412,26192,89.88532784475154,54867,169450,97726,4004.8905109489046,12368.61313868613,7133.284671532846,23506.78832116788,32.03912408759124,68044434518.0,71853.0,8724.0,11759.0,36288914226.0,32287439742.0,,76220760.0,8572084551.0,164373174.0,2648825.855912409,2356747.426423358,5244.744525547446,636.7883211678833,858.3211678832117,21190606.84729927,18853979.411386862,4966747045.109489,0.8897328683057413,,1.9175402788207987
tls,tls,8,65536,1,15.021089771995321,3948,0,32.85380804527647,262.8304643622118,134.99131475691684,27.669954986777157,50.00225600088015,64.95482701575384,78.84307450235568,34212,97.61560693641619,103961,316257,53121,26332.573454913883,80105.62310030396,13455.167173252281,119893.36372847013,210.66058763931105,68042340258.0,48081.0,4437.0,13399.0,39327358185.0,48282835818.0,,53057540.0,10807620652.0,115200761.0,9961336.926291794,12229694.989361702,12178.57142857143,1123.8601823708207,3393.8703140830803,79690695.41033435,97837559.91489361,17234635323.708206,1.2277162272348043,,1.0659215817191137
stcp,tcp,8,65536,4,15.081390286970418,8476,0,70.25214385674748,562.0171508539798,17.943451115570497,12.705162982456386,26.36218600673601,34.50995602179319,33.65725508997271,23440,96.73723897911833,68023,253258,108975,8025.365738555923,29879.42425672487,12856.890042472864,50761.68003775366,64.20292590844738,68042185388.0,59433.0,6956.0,12003.0,38994524321.0,36445572156.0,,57282342.0,7873479819.0,140726782.0,4600580.972274658,4299855.13874469,7011.915998112317,820.6701274185936,1416.1160924964604,36804647.778197266,34398841.10995752,8027629234.072675,0.9346330745307414,,1.787351783901232
tcp,tcp,8,65536,4,15.020996146951802,14788,0,123.06107943281208,984.4886354624966,6.573129874595907,7.374352018814534,14.54141701105982,19.694762013386935,34.281774321904585,26084,89.88616462346761,35096,111278,64888,2373.275628888288,7524.885041925887,4387.882066540438,14286.042737354614,18.9862050311063,68077460889.0,66991.0,6850.0,11430.0,36230030435.0,31858604684.0,,74882471.0,8545520801.0,171791522.0,2449961.484649716,2154355.1990803354,4530.091966459291,463.21341628347307,772.9239924262915,19599691.877197728,17234841.592642684,4603561055.517987,0.8793424764342184,,2.010310734717267
tls,tls,8,65536,4,15.106248107971624,3992,0,33.032689284156255,264.26151427325004,172.24397837708239,27.503245044499636,49.70452398993075,63.7902999878861,78.38419517121203,34260,97.58670520231215,105802,319345,47598,26503.507014028055,79996.24248496993,11923.346693386773,118423.09619238475,212.02805611222448,68054041723.0,47962.0,4576.0,10922.0,39317582151.0,48311237251.0,,53053117.0,10799993878.0,114188651.0,9849093.725200402,12102013.339428857,12014.529058116232,1146.2925851703408,2735.9719438877755,78792749.80160321,96816106.71543087,17047605642.03407,1.2287438496461882,,1.0573029234081943
stcp,tcp,8,65536,8,15.11660110700177,8320,0,68.79853431591103,550.3882745272882,16.69642550405115,13.036626973189414,26.661873038392514,34.55786599079147,33.24523789724295,23440,96.42547033285094,72669,267904,74824,8734.254807692309,32200.0,8993.26923076923,49927.52403846154,69.87403846153846,68057344202.0,55134.0,6949.0,10854.0,38891135840.0,36511098881.0,,55674984.0,7884337931.0,138777521.0,4674415.365384615,4388353.230889423,6626.682692307692,835.2163461538461,1304.5673076923076,37395322.92307692,35106825.84711538,8179969255.048077,0.9388025855353882,,1.760167083330462
tcp,tcp,8,65536,8,15.051673023961484,14272,0,118.52503021823317,948.2002417458654,8.337090745044407,6.90306699834764,16.579092014580965,21.53932797955349,34.50228417620248,25900,90.63094715268628,42950,116874,72403,3009.3890134529147,8189.0414798206275,5073.080156950672,16271.510650224214,24.07511210762332,68056128795.0,65879.0,6771.0,11638.0,36572040382.0,32459767243.0,,75847509.0,8669419914.0,166195899.0,2562502.829456278,2274367.0994254486,4615.961322869955,474.42544843049325,815.4428251121076,20500022.635650225,18194936.79540359,4768506782.160874,0.8875569124378421,,1.9170359799000503
tls,tls,8,65536,8,15.15301128802821,4016,0,33.128728703357474,265.0298296268598,161.55968424573075,27.287646022159606,48.6710190307349,63.401634979527444,82.62755014174638,34036,97.41576242147345,107726,327510,38767,26824.203187250998,81551.29482071713,9653.137450199203,118028.63545816734,214.59362549800795,68049207907.0,47747.0,4549.0,10495.0,39270785110.0,48292380817.0,,52377614.0,10781324342.0,113410183.0,9778581.949701196,12024995.223356573,11889.193227091633,1132.719123505976,2613.296812749004,78228655.59760956,96199961.78685258,16944523881.2251,1.2297279181388894,,1.0519132845136328
stcp,tcp,16,65536,1,15.067813507979736,8848,0,73.401492486901,587.211939895208,16.22425350069534,24.445753020700067,52.82116896705702,70.11256902478635,38.05188454823628,26332,96.91286785920369,65688,236502,99412,7424.050632911392,26729.430379746835,11235.533453887885,45389.01446654611,59.392405063291136,68043724129.0,64123.0,8692.0,10940.0,39002270143.0,35040722662.0,,56076985.0,7668226802.0,142002664.0,4408032.339850814,3960298.6733725136,7247.174502712477,982.3688969258588,1236.4376130198914,35264258.71880651,31682389.38698011,7690294318.377033,0.8984277718585311,,1.8518318206624165
tcp,tcp,16,65536,1,15.009741544025019,15371,0,128.0085332824967,1024.0682662599736,8.914036701753503,12.219698983244598,36.15945501951501,44.61766598979011,40.653824598525865,30488,86.27913838890528,24598,80947,36992,1600.2862533342006,5266.215600806713,2406.609849716999,9273.111703857914,12.802290026673605,68069336295.0,87592.0,8314.0,13556.0,34772910738.0,28587899742.0,,74064185.0,7948776994.0,168925091.0,2262241.2815041314,1859859.4588510832,5698.523193025828,540.8886864875415,881.9204996421834,18097930.25203305,14878875.670808665,4428426016.199336,0.8221313411867764,,2.125170842351097
tls,tls,16,65536,1,15.042325371003244,4584,0,38.09251467891789,304.7401174313431,209.7255279441015,47.88929002825171,82.87053002277389,101.04583500651643,95.30139553844722,44496,97.04004643064422,101078,304415,48802,22050.17452006981,66408.15881326352,10646.160558464224,99104.49389179755,176.40139616055848,68058484612.0,64890.0,7307.0,11733.0,39073434357.0,47307472266.0,,55087134.0,10617713810.0,116859835.0,8523873.114528796,10320129.202879582,14155.759162303666,1594.022687609075,2559.5549738219897,68190984.91623037,82561033.62303665,14846964356.893543,1.2107323823590355,,1.100612025254804
stcp,tcp,16,65536,4,15.12981423601741,9632,0,79.57797638610839,636.6238110888671,12.508538442489225,22.435943013988435,48.55124099412933,65.21882099332288,41.486120728817504,26188,91.8918918918919,50885,193849,95078,5282.911129568106,20125.519102990034,9871.054817275748,35279.485049833886,42.263289036544855,68040974499.0,65446.0,8834.0,36429.0,37856446142.0,31645689112.0,,60072064.0,7091242533.0,151048596.0,3930278.876868771,3285474.3679401996,6794.642857142858,917.1511627906978,3782.0805647840534,31442231.014950167,26283794.943521596,7064054661.4410305,0.835939247791423,,2.1300723434162085
tcp,tcp,16,65536,4,15.025073713972233,19292,0,160.498380634065,1283.98704507252,8.661129624670139,10.520819982048124,24.44037504028529,29.87776102963835,62.27916866256843,30408,48.80825869136177,6120,31890,33256,317.2299398714493,1653.0167945262283,1723.8233464648558,3694.0700808625334,2.5378395189715945,68043297777.0,112146.0,8596.0,35050.0,20707299079.0,9232769379.0,,55500810.0,4222947495.0,166333534.0,1073361.9676031515,478580.2083246942,5813.083143271822,445.5732946298984,1816.8152602114865,8586895.740825212,3828641.6665975535,3527021448.1132073,0.4458702867899984,,3.9388018486362926
tls,tls,16,65536,4,15.095781834970694,5612,0,46.46993495725502,371.75947965804016,253.6083029481233,40.117472992278636,69.6882150368765,84.87349399365485,116.77907241055607,45092,84.44705536789543,85196,257300,44134,15181.04062722737,45848.182466143975,7864.219529579473,68893.44262295082,121.44832501781896,68030920351.0,54703.0,6755.0,32735.0,34335038472.0,41251772585.0,,51659302.0,9287603188.0,103953291.0,6118146.555951532,7350636.597469708,9747.505345687812,1203.6707056307912,5833.03635067712,48945172.447612256,58805092.77975766,12122402058.267998,1.2014482703620837,,1.1192692979638958
stcp,tcp,16,65536,8,15.190224100020714,11712,0,96.37777496633532,771.0221997306826,12.569190257636365,19.051876035518944,38.42299402458593,49.32856798404828,50.22156322229372,26660,83.44827586206897,36313,143057,92006,3100.495218579235,12214.566256830602,7855.703551912568,23170.765027322403,24.80396174863388,68027653480.0,70017.0,17528.0,30049.0,34159989600.0,25650684122.0,,50598610.0,5460981022.0,141701405.0,2916665.7786885244,2190119.887465847,5978.227459016393,1496.584699453552,2565.6591530054648,23333326.229508195,17520959.099726778,5808372052.595629,0.7508984757419247,,2.594797609241719
tcp,tcp,16,65536,8,15.061589758028276,18192,0,150.98007823429728,1207.8406258743782,6.489346433227183,11.636946990620345,28.517680999357253,34.48844200465828,50.32666618714426,30108,45.859386914747596,21903,84320,68578,1203.9907651715039,4635.004397537379,3769.6789797713277,9608.674142480211,9.631926121372032,68038044000.0,105622.0,8468.0,36209.0,19559969374.0,9000240065.0,,54695271.0,4084722110.0,150391465.0,1075196.205694811,494736.15133025503,5805.958663148636,465.4793315743184,1990.3803869832893,8601569.645558488,3957889.2106420402,3739998021.1081796,0.46013569310407654,,3.6818040725908765
tls,tls,16,65536,8,15.13617426296696,5624,0,46.445025525373374,371.560204202987,222.4764234306349,39.94440595852211,72.8029030142352,88.08498200960457,117.5147146892942,44824,84.71037930020582,84838,258717,44787,15084.992887624467,46002.31152204836,7963.54907539118,69050.85348506401,120.67994310099574,68032197332.0,54164.0,6614.0,33947.0,34477490983.0,41389825914.0,,52113027.0,9331448846.0,104424908.0,6130421.583036984,7359499.629089616,9630.867709815078,1176.031294452347,6036.095305832148,49043372.664295875,58875997.03271693,12096763394.736843,1.2004883398971318,,1.1190642495432268
stcp,tcp,1,131072,1,15.004161716031376,1412,0,23.526805874321717,94.10722349728687,3.0403800192289054,11.296682001557201,12.276897963602096,14.273018052335829,21.484552492897556,21288,17.205594826289666,22571,133312,56406,15985.12747875354,94413.59773371104,39947.59206798867,150346.31728045325,63.94050991501417,68028008777.0,22878.0,578.0,36212.0,7894869157.0,7262039209.0,,18088813.0,1743211209.0,41627085.0,5591267.108356941,5143087.258498584,16202.549575070823,409.34844192634563,25645.89235127479,22365068.433427762,20572349.033994336,48178476470.96317,0.9198428833441907,,2.387954183927003
tcp,tcp,1,131072,1,15.001280490017962,4621,0,77.0100926230076,308.0403704920304,0.3524859785102308,3.210511989891529,3.50677699316293,3.9389519952237606,24.514260648929426,22208,19.137017411052234,80368,473224,202181,17391.906513741615,102407.27115342999,43752.65094135469,163551.8286085263,69.56762605496645,68027041574.0,36270.0,344.0,36318.0,8844119007.0,5322219799.0,,32081953.0,2433958406.0,69075478.0,1913897.2099112747,1151746.3317463752,7848.95044362692,74.44276130707638,7859.3378056697675,7655588.839645099,4606985.326985501,14721281448.604197,0.6017806629227327,,2.8379892536257256
tls,tls,1,131072,1,15.018253248999827,845,0,14.066216389983213,56.26486555993285,41.78750503342599,16.744335007388145,19.779337977524847,22.39683095831424,42.387978777917816,25272,24.46345490019511,38997,121533,18979,46150.29585798817,143826.03550295858,22460.3550295858,212436.68639053256,184.60118343195268,68027433852.0,9858.0,294.0,35355.0,10722613763.0,13239559619.0,,17584975.0,3121685914.0,35011170.0,12689483.743195266,15668117.892307693,11666.272189349113,347.92899408284023,41840.23668639053,50757934.97278106,62672471.56923077,80505838878.1065,1.2347324926208851,,1.121546848867256
stcp,tcp,1,131072,4,15.00437110697385,1500,0,24.992716944044698,99.97086777617879,3.0868250178173184,9.962512995116413,11.695612978655845,12.422585976310074,18.85723819963987,21392,17.97228080747213,24097,142652,60481,16064.666666666666,95101.33333333333,40320.666666666664,151486.66666666666,64.25866666666667,68038412740.0,23648.0,587.0,35644.0,8292254173.0,7565050653.0,,18424277.0,1801043756.0,43290143.0,5528169.448666667,5043367.102,15765.333333333334,391.3333333333333,23762.666666666668,22112677.794666667,20173468.408,45358941826.666664,0.9123032766689892,,2.4036141740467523
tcp,tcp,1,131072,4,15.003303133009467,4652,0,77.51626356473659,310.06505425894636,0.3686199779622257,3.19682399276644,3.5361109767109156,4.067528992891312,24.747290427206337,22208,19.242997728993185,82653,481029,206056,17767.196904557182,103402.62252794497,44294.067067927775,165463.88650042994,71.06878761822873,68026764204.0,37393.0,355.0,36702.0,9054893324.0,5357345815.0,,31952635.0,2454238737.0,69751645.0,1946451.7033533964,1151622.0582545141,8038.0481513327595,76.31126397248495,7889.50988822012,7785806.813413586,4606488.2330180565,14623122141.874462,0.5916520077382195,,2.8420888297632634
tls,tls,1,131072,4,15.036063977982849,820,0,13.633887186179798,54.53554874471919,41.21599701466039,16.694469028152525,20.68133099237457,24.046331003773957,38.45953973372084,25336,24.33363282419886,37353,117270,18326,45552.439024390245,143012.19512195123,22348.780487804877,210913.41463414635,182.20975609756098,68034693334.0,9999.0,285.0,35381.0,10519272065.0,12869591159.0,,17177868.0,3031445183.0,37219745.0,12828380.56707317,15694623.364634147,12193.90243902439,347.5609756097561,43147.56097560976,51313522.26829268,62778493.45853659,82969138212.19513,1.2234298228505796,,1.2277888186375296
stcp,tcp,1,131072,8,15.0179915719782,1400,0,23.305379971917063,93.22151988766825,3.2085569691844285,11.329925968311727,11.970854015089571,13.573910982813686,21.33827272868743,21352,17.278972520908003,21802,133249,57158,15572.857142857143,95177.85714285714,40827.142857142855,151577.85714285716,62.29142857142857,68026501926.0,22682.0,557.0,35384.0,7762366152.0,7098441171.0,,18021378.0,1707079420.0,41923578.0,5544547.2514285715,5070315.122142857,16201.428571428572,397.8571428571429,25274.285714285717,22178189.005714286,20281260.488571428,48590358518.571434,0.9144687369805484,,2.455865703073147
tcp,tcp,1,131072,8,15.022675795014948,4648,0,77.34973555014696,309.39894220058784,0.3519980236887932,3.1997570185922086,3.5429539857432246,4.119351040571928,24.031211544869848,22352,19.108761329305135,80988,476847,204406,17424.268502581755,102591.86746987952,43977.19449225473,163993.330464716,69.69707401032703,68032105647.0,37026.0,395.0,35125.0,8936512781.0,5288899454.0,,32191411.0,2426492421.0,73703016.0,1922657.655120482,1137887.145869191,7966.006884681584,84.98278829604132,7557.013769363168,7690630.620481928,4551548.583476764,14636855776.032703,0.5918303463119056,,3.037430299066242
tls,tls,1,131072,8,15.015367095998954,864,0,14.385262685822452,57.54105074328981,45.84280902054161,16.734556993469596,19.480139017105103,23.08958099456504,37.15492244932583,25324,25.31095459313652,40974,123452,1042,47423.61111111111,142884.25925925927,1206.0185185185185,191513.8888888889,189.69444444444443,68029473463.0,9566.0,268.0,35670.0,10984058330.0,13527877425.0,,17105068.0,3162186733.0,34737791.0,12713030.474537037,15657265.538194444,11071.75925925926,310.18518518518516,41284.722222222226,50852121.89814815,62629062.152777776,78737816508.10185,1.2315919142610745,,1.0985369914269385
stcp,tcp,2,131072,1,15.011519276013132,2650,0,44.13277482570382,176.53109930281528,6.501690484583378,11.14757003961131,14.305771968793124,16.398201987612993,33.24129895348798,22052,32.28524146231383,37379,228535,104538,14105.283018867925,86239.62264150944,39448.301886792455,139793.20754716982,56.4211320754717,68027421648.0,39130.0,1870.0,36751.0,14066635063.0,12552207672.0,,26817980.0,2841689283.0,67684065.0,5308164.174716981,4736682.1403773585,14766.037735849057,705.6603773584906,13868.301886792453,21232656.698867925,18946728.561509434,25670725150.18868,0.8923390431174648,,2.3818249730859122
tcp,tcp,2,131072,1,15.00551886705216,7811,0,130.13545331562523,520.5418132625009,7.654726970940828,3.6133539979346097,5.154321959707886,6.287558004260063,36.50195003937254,23576,34.61825788136859,89184,469466,174775,11417.744206887723,60103.18781205992,22375.49609525029,93896.42811419793,45.67097682755089,68030491666.0,71703.0,828.0,35355.0,14925702585.0,7700194088.0,,45977579.0,3581758265.0,117308739.0,1910856.8153885547,985814.1195749583,9179.746511330175,106.00435283574447,4526.3090513378565,7643427.261554219,3943256.4782998334,8709575171.680964,0.5159016162990226,,3.2751718659048032
tls,tls,2,131072,1,15.013233642966952,1616,0,26.90959253733165,107.6383701493266,55.914341006428,17.26206298917532,22.710694989655167,26.208181981928647,74.9057083066722,26940,51.57374100719424,68332,206949,17159,42284.653465346535,128062.5,10618.19306930693,180965.34653465345,169.13861386138615,68029665463.0,14296.0,684.0,70264.0,21967776422.0,26477822347.0,,38074390.0,6378612627.0,80215665.0,13593921.053217823,16384791.056311881,8846.534653465345,423.26732673267327,43480.19801980198,54375684.21287129,65539164.225247525,42097565261.75742,1.2053027961666316,,1.2575722918249572
stcp,tcp,2,131072,4,15.048554816050455,2828,0,46.981255585149576,187.9250223405983,7.293195492820814,10.379043000284582,13.71421996736899,15.384742990136147,28.455370315246377,22008,34.190347316193055,44929,241121,75546,15887.199434229136,85262.02263083452,26713.57850070721,127862.80056577086,63.54879773691655,68028712926.0,38102.0,1827.0,35583.0,14617994257.0,13066523105.0,,26834664.0,2928912144.0,72618403.0,5169022.014497878,4620411.281824611,13473.125884016974,646.0396039603961,12582.390381895333,20676088.057991512,18481645.127298445,24055414754.59689,0.8938656614085712,,2.4793643315236293
tcp,tcp,2,131072,4,15.010221428994555,7704,0,128.31256414909606,513.2502565963842,0.6438620039261878,3.614331013523042,5.458408035337925,6.5716010285541415,35.81676676411374,23224,33.353401565322095,68980,424114,247746,8953.790238836968,55051.14226375909,32158.099688473518,96163.03219106958,35.81516095534787,68026708760.0,72199.0,1002.0,36898.0,14415248366.0,7700068239.0,,45617939.0,3545149785.0,112668669.0,1871138.1575804777,999489.6468068536,9371.6251298027,130.06230529595015,4789.4600207684325,7484552.63032191,3997958.587227414,8830050462.097612,0.5341613299678891,,3.1781074378497665
tls,tls,2,131072,4,15.065791285014711,1708,0,28.342354671056565,113.36941868422626,57.21746452036314,16.99219801230356,20.58061899151653,22.40025100763887,76.32300078016627,26836,47.318753744757345,73254,224309,36199,42888.7587822014,131328.45433255268,21193.793911007026,195411.00702576112,171.55503512880563,68036095259.0,13032.0,386.0,35558.0,20124416158.0,25453849793.0,,25969270.0,5813815047.0,57760675.0,11782445.05737705,14902722.361241218,7629.976580796253,225.9953161592506,20818.50117096019,47129780.2295082,59610889.44496487,39833779425.64403,1.2648242608957083,,0.9935072673115947
stcp,tcp,2,131072,8,15.068349747045431,2776,0,46.056801949137,184.227207796548,4.947034001816064,10.637174011208117,13.940085016656667,16.288202023133636,28.420046467528337,22108,34.367971210076476,41793,245920,110257,15055.115273775216,88587.8962536023,39717.93948126801,143360.95100864553,60.22046109510086,68028302445.0,39694.0,1972.0,36561.0,14766449163.0,12959474926.0,,27379692.0,2952912040.0,71700605.0,5319326.067363112,4668398.748559078,14298.99135446686,710.3746397694525,13170.389048991356,21277304.26945245,18673594.994236313,24505872638.688763,0.8776297390758165,,2.428132095665132
tcp,tcp,2,131072,8,15.026824873988517,7792,0,129.63483745471703,518.5393498188681,6.707022024784237,3.6813089973293245,4.999343946110457,5.747827992308885,40.262996679178734,23508,34.16121356335515,98510,490909,179005,12642.453798767965,63001.6683778234,22972.92094455852,98617.0431211499,50.56981519507187,68037362387.0,68391.0,953.0,34769.0,14744429861.0,7740941127.0,,45035161.0,3575130921.0,118540579.0,1892252.2922227925,993447.2698921971,8777.079055441478,122.30492813141684,4462.140657084189,7569009.16889117,3973789.0795687884,8731694351.514374,0.5250078300738712,,3.31569896653863
tls,tls,2,131072,8,15.12417100201128,1696,0,28.03459442131503,112.13837768526012,60.84108247887343,17.0757970190607,21.36381302261725,23.079801991116256,86.84188375186558,26796,47.09058188362327,71642,218772,36028,42241.74528301887,128992.9245283019,21242.924528301886,192477.59433962265,168.96698113207546,68030115946.0,14019.0,387.0,34869.0,19948963781.0,25198155415.0,,25524371.0,5756181961.0,56485231.0,11762360.719929244,14857402.956957547,8265.919811320755,228.18396226415095,20559.551886792455,47049442.87971698,59429611.82783019,40112096666.27358,1.263131042375218,,0.9812968280486226
stcp,tcp,4,131072,1,15.017373528971802,4382,0,72.94884141268382,291.7953656507353,16.2108354998054,13.144179014489055,18.97462800843641,22.606559039559215,51.78699181315811,23516,57.27507206797148,54531,275764,67994,12444.317663167503,62931.081697854854,15516.659059790049,90892.0584208124,49.77727065267001,68032618759.0,54834.0,7161.0,35101.0,24008361253.0,19608339587.0,,36404907.0,4280564684.0,110138507.0,5478859.254450023,4474746.59675947,12513.464171611138,1634.1853035143772,8010.269283432223,21915437.017800093,17898986.38703788,15525472103.833866,0.8167296126698281,,2.5729901340278403
tcp,tcp,4,131072,1,15.003516111988574,8583,0,143.0164758703086,572.0659034812344,14.315181237179786,6.806753983255476,10.115043027326465,13.860884006135166,61.45848700513612,25856,39.58333333333333,57836,302049,180585,6738.436444133753,35191.541419084235,21039.846207619714,62969.824070837705,26.953745776535012,68031751573.0,84015.0,3766.0,34685.0,17384407438.0,8212494125.0,,49776424.0,3745836781.0,128488404.0,2025446.514971455,956832.5905860421,9788.535477105906,438.77432133286726,4041.1278107887683,8101786.05988582,3827330.3623441686,7926337128.393335,0.4724057552314715,,3.4301655814725156
tls,tls,4,131072,1,15.02880443498725,2906,0,48.34050527057885,193.3620210823154,87.97569698072039,17.804235976655036,30.227796989493072,34.51287903590128,137.32086999518873,30352,81.93567337347628,102321,304998,44610,35210.25464556091,104954.57673778391,15350.997935306264,155515.8293186511,140.84101858224363,68037059778.0,21717.0,760.0,35188.0,33346139392.0,42233912390.0,,41238389.0,9452427236.0,93388569.0,11474927.526496902,14533349.067446662,7473.158981417756,261.5278733654508,12108.74053682037,45899710.10598761,58133396.26978665,23412615202.339985,1.2665307936705934,,0.9879850610679697
stcp,tcp,4,131072,4,15.046407765999902,4404,0,73.17361174325676,292.694446973027,13.54934174742084,13.14319996163249,19.073870964348316,23.10424402821809,45.4021857325759,23456,58.32446404135624,47539,274102,118354,10794.504995458674,62239.32788374205,26874.205267938236,99908.03814713896,43.178019981834694,68024765648.0,56032.0,6670.0,36561.0,24286974283.0,19717849080.0,,37062350.0,4294868871.0,108159015.0,5514753.470254314,4477259.100817439,12722.97910990009,1514.5322434150771,8301.771117166212,22059013.881017257,17909036.403269757,15446132072.661217,0.8118693111064798,,2.5183310189122654
tcp,tcp,4,131072,4,15.017805507988669,8388,0,139.6342494171008,558.5369976684032,13.053977731033228,6.7749759764410555,10.430862021166831,13.32017604727298,50.07077096583793,25236,38.18126613025656,49639,304579,210693,5917.858845970434,36311.27801621364,25118.383404864093,67347.52026704817,23.671435383881736,68031659297.0,82900.0,3199.0,34398.0,16770348294.0,8079777514.0,,49039391.0,3730480589.0,124373213.0,1999326.2153075822,963254.3531235098,9883.166428230807,381.378159275155,4100.8583690987125,7997304.861230329,3853017.412494039,8110593621.483071,0.48178948775266267,,3.333972930102814
tls,tls,4,131072,4,15.059888052986935,2896,0,48.074726548608304,192.29890619443321,89.37011650414206,17.773923987988383,30.69028101162985,35.898867005016655,121.60896505713146,29980,81.76054261279859,99581,300975,58708,34385.7044198895,103927.83149171271,20272.099447513814,158585.63535911602,137.542817679558,68032161777.0,21676.0,802.0,33509.0,33289215057.0,42097029912.0,,41585097.0,9385856043.0,93001376.0,11494894.702002762,14536267.23480663,7484.806629834255,276.9337016574586,11570.78729281768,45979578.80801105,58145068.93922652,23491768569.40608,1.2645846361927933,,0.9908672749073401
stcp,tcp,4,131072,8,15.098388253012672,4384,0,72.59052964022888,290.3621185609155,12.614102990482934,13.18671100307256,19.577422994188964,23.650328046642244,42.976209720300886,23868,60.51991486774095,48339,268222,115375,11026.231751824818,61182.02554744526,26317.2901459854,98525.54744525548,44.10492700729927,68030503445.0,55560.0,6778.0,40282.0,25286789978.0,20339416463.0,,39902383.0,4558403628.0,113332208.0,5767972.166514599,4639465.434078467,12673.357664233576,1546.0766423357663,9188.412408759123,23071888.666058395,18557861.73631387,15517906807.709852,0.8043494836907211,,2.486225820457337
tcp,tcp,4,131072,8,15.025169263011776,7168,0,119.26654326693395,477.0661730677358,5.997403248329647,7.461860019247979,15.006340981926769,20.214439020492136,47.37846126981379,25252,69.85703536493604,63659,279926,176793,8880.998883928572,39052.17633928572,24664.202008928572,72597.37723214286,35.523995535714285,68049318277.0,64235.0,5875.0,57898.0,27567300177.0,20806290728.0,,68180829.0,6656213729.0,162300021.0,3845884.5113002234,2902663.3270089286,8961.356026785714,819.6149553571429,8077.287946428572,15383538.045200894,11610653.308035715,9493487482.8404,0.7547453176194288,,2.438323461473092
tls,tls,4,131072,8,15.127703514008317,2960,0,48.91687620098826,195.66750480395305,85.86358024331275,17.5509910332039,30.09628300787881,33.662214991636574,123.26435392346724,30068,81.1151870873074,101532,311486,61957,34301.35135135135,105231.75675675676,20931.41891891892,160464.527027027,137.2054054054054,68039177721.0,17616.0,248.0,13503.0,33114722578.0,42629500799.0,,36974569.0,9476328054.0,90459518.0,11187406.276351351,14401858.378040541,5951.351351351352,83.78378378378379,4561.824324324324,44749625.105405405,57607433.512162164,22986208689.527027,1.2873277346228233,,0.9545840697422526
stcp,tcp,8,131072,1,15.04391576902708,4332,0,71.98923582314366,287.95694329257464,19.817891625280026,25.005028990563005,49.43023802479729,64.78222302393988,37.23379661253085,25956,95.98657326328079,59457,251447,104933,13725.069252077561,58044.09048938134,24222.76084949215,95991.92059095106,54.90027700831025,68078246982.0,43741.0,7502.0,11209.0,38677057211.0,35776078191.0,,49780527.0,7741909138.0,132506426.0,8928221.886195753,8258559.139196676,10097.183748845799,1731.763619575254,2587.488457987073,35712887.54478301,33034236.556786705,15715200134.349031,0.9249948359779827,,1.7115471602425825
tcp,tcp,8,131072,1,15.006507566955406,7094,0,118.18206148812921,472.72824595251683,21.9031710003037,15.865802008192986,30.124148004688323,37.34303102828562,30.29832210934913,28864,83.27670261486188,46605,175788,110324,6569.636312376657,24779.813927262476,15551.733859599663,46901.184099238795,26.278545249506625,68039014555.0,61455.0,6390.0,14620.0,33669136153.0,29493264688.0,,65656071.0,8040439236.0,153485936.0,4746142.677332957,4157494.317451367,8662.954609529179,900.7612066535099,2060.896532280801,18984570.70933183,16629977.269805469,9591064921.764872,0.8759733114023504,,1.9089247676020868
tls,tls,8,131072,1,15.042918619001284,2084,0,34.63423642682644,138.53694570730576,206.22321827249834,52.2344849887304,89.98280204832554,105.70585000095889,79.8271153633167,36800,97.27508650519032,106011,324000,50600,50869.001919385795,155470.24952015356,24280.230326295587,230619.48176583493,203.47600767754318,68044341666.0,41505.0,3154.0,11488.0,39191353143.0,48708123766.0,,48465543.0,10828478050.0,110067671.0,18805831.642514396,23372420.233205374,19916.02687140115,1513.4357005758156,5512.476007677543,75223326.57005759,93489680.9328215,32650835732.24568,1.2428283246122058,,1.0164648299767298
stcp,tcp,8,131072,4,15.142898949969094,4408,0,72.77338398948037,291.09353595792146,26.17822962201899,24.994271981995553,47.68002504715696,59.9085190333426,29.340168052888366,26040,95.77485168571842,56989,249545,116576,12928.539019963702,56611.84210526315,26446.460980036296,95986.84210526316,51.71415607985481,68044358202.0,47840.0,6622.0,10949.0,38523123972.0,35295259586.0,,49915576.0,7660432942.0,132184234.0,8739365.692377495,8007091.557622504,10852.994555353902,1502.2686025408348,2483.8929219600723,34957462.76950998,32028366.230490018,15436560390.653357,0.9162096929536107,,1.725545213969187
tcp,tcp,8,131072,4,15.025422468024772,7248,0,120.59561079604066,482.38244318416264,24.920998250308912,14.365899958647788,34.29922700161114,41.69655399164185,28.88507134648671,28712,83.87957882248257,43522,159874,101191,6004.6909492273735,22057.671081677705,13961.230684326712,42023.59271523179,24.018763796909493,68043503537.0,60032.0,5876.0,12825.0,33948903362.0,29609145375.0,,65867094.0,8050957336.0,153139501.0,4683899.470474614,4085146.9888245035,8282.560706401766,810.7064017660044,1769.453642384106,18735597.881898455,16340587.955298014,9387900598.371964,0.8721679477912793,,1.9021278415578478
tls,tls,8,131072,4,15.165786745026708,2100,0,34.617393006146706,138.46957202458682,175.5760728774476,52.57523502223194,87.93778996914625,101.6363599919714,81.16990702138692,36572,97.81074463488405,105136,325386,63402,50064.7619047619,154945.7142857143,30191.42857142857,235201.90476190476,200.2590476190476,68040295889.0,41344.0,3015.0,10555.0,39449884424.0,49059187495.0,,48469924.0,10896967428.0,110605613.0,18785659.24952381,23361517.854761906,19687.619047619046,1435.7142857142856,5026.190476190476,75142636.99809524,93446071.41904762,32400140899.523808,1.2435825405144665,,1.0150127889324183
stcp,tcp,8,131072,8,15.192310474987607,4480,0,73.72150548423502,294.8860219369401,15.308837231714278,24.624183017294854,47.01171501073986,58.236526034306735,30.282918503900262,25804,96.23188405797102,54054,235904,122485,12065.625,52657.14285714286,27340.401785714286,92063.16964285714,48.262499999999996,68048456722.0,47541.0,5645.0,10783.0,38801479771.0,35364823079.0,,49745084.0,7597431240.0,132890129.0,8661044.591741072,7893933.722991072,10611.830357142857,1260.0446428571427,2406.9196428571427,34644178.36696429,31575734.891964287,15189387661.160713,0.9114297518475433,,1.749145530930794
tcp,tcp,8,131072,8,15.079292539972812,7536,0,124.93954839100142,499.7581935640057,13.797141233226284,13.546038011554629,31.796619994565845,39.86078599700704,29.69269936325589,28840,85.2326266195524,34408,125697,77648,4565.817409766454,16679.538216560508,10303.609341825902,31548.964968152864,18.26326963906582,68042359462.0,59639.0,5834.0,12654.0,34454098615.0,29836360721.0,,65391021.0,8084660563.0,156563232.0,4571934.529591295,3959177.378052017,7913.880042462845,774.1507430997877,1679.1401273885351,18287738.11836518,15836709.512208069,9028975512.473461,0.8659742068541705,,1.9365467576526625
tls,tls,8,131072,8,15.327252722985577,2120,0,34.57893006521536,138.31572026086144,183.10031190048903,52.49162996187806,87.97885000240058,104.62686396203935,78.93899329953251,36676,97.63701067615659,109640,335077,40986,51716.981132075474,158055.18867924527,19333.01886792453,229105.1886792453,206.8679245283019,68068921259.0,41308.0,3110.0,10193.0,39367097017.0,49101603813.0,,47960414.0,10914333771.0,110201203.0,18569385.38537736,23161133.874056604,19484.905660377357,1466.9811320754716,4808.018867924528,74277541.54150943,92644535.49622642,32107981725.943394,1.2472752001956435,,1.0096924403467558
stcp,tcp,16,131072,1,15.09407111798646,4767,0,78.954841982948,315.819367931792,20.663506318669533,45.21994601236656,95.49936896655709,118.22031898191199,34.22372241140671,31096,96.1087805583683,51083,214564,94021,10715.96391860709,45010.27900146843,19723.30606251311,75449.54898258863,42.86385567442836,68111036241.0,51536.0,6753.0,10960.0,38774807125.0,33732030104.0,,48048379.0,7272232026.0,135034968.0,8134006.109712607,7076154.836165303,10810.992238305013,1416.6142227816235,2299.1399202852945,32536024.43885043,28304619.344661213,14288029419.131529,0.8699470765968381,,1.8568572553408242
tcp,tcp,16,131072,1,15.020354599982966,7291,0,121.3519952453098,485.4079809812392,11.087645747466013,29.23779102275148,64.26545197609812,75.7694150088355,33.46250560559801,35736,80.65467413742259,33627,118464,72075,4612.124537100535,16247.976957893294,9885.47524345083,30745.57673844466,18.448498148402138,68052663740.0,66953.0,5718.0,12102.0,32489129848.0,27361452692.0,,63653300.0,7605251985.0,152963029.0,4456059.504594706,3752770.908243039,9182.965299684542,784.2545604169524,1659.8546152791112,17824238.018378824,15011083.632972157,9333790116.582087,0.8421725303204556,,2.011281536781322
tls,tls,16,131072,1,15.11812383000506,2400,0,39.68746431413501,158.74985725654005,267.18485837773187,91.92854701541364,143.34755699383095,171.4433140004985,93.34453903593457,49764,97.6855200347172,109118,321064,46937,45465.833333333336,133776.6666666667,19557.083333333336,198799.58333333334,181.86333333333334,68075140500.0,52839.0,5298.0,10956.0,39329766387.0,48467343471.0,,50772192.0,10809436571.0,111487957.0,16387402.66125,20194726.44625,22016.25,2207.5,4565.0,65549610.645,80778905.785,28364641875.0,1.2323323508735693,,1.031394710239611
stcp,tcp,16,131072,4,15.229323286970612,4820,0,79.12367327778333,316.4946931111333,22.97675713271019,45.07767700124532,97.38596697570756,119.92260802071542,33.71064428313955,31340,96.2589928057554,52253,215763,88206,10840.871369294606,44764.10788381743,18300.0,73904.97925311203,43.36348547717842,68055831573.0,49513.0,6530.0,10567.0,38855159958.0,33657195717.0,,47562854.0,7261991083.0,133591111.0,8061236.505809128,6982820.688174274,10272.406639004148,1354.771784232365,2192.323651452282,32244946.023236513,27931282.752697095,14119467131.3278,0.8662220346893779,,1.8395934320648077
tcp,tcp,16,131072,4,15.083344498998486,8432,0,139.75680262026557,559.0272104810623,12.294946805923246,24.36409000074491,63.59420600347221,82.8406439977698,43.71233449211337,36144,64.9284862932062,17361,68825,47528,2058.9421252371917,8162.357685009488,5636.62239089184,15857.922201138519,8.235768500948767,68042119556.0,79737.0,5859.0,40448.0,27777046346.0,18306396849.0,,63688056.0,6056003915.0,162122050.0,3294241.7393263755,2171062.2449003793,9456.47533206831,694.8529411764706,4796.96394686907,13176966.957305502,8684248.979601517,8069511332.542694,0.6590476403059388,,2.6770466511496633
tls,tls,16,131072,4,15.217164683970623,2404,0,39.49487387969707,157.97949551878827,290.59260219946736,91.17174200946465,145.76312602730468,169.05509296339005,92.17049490680978,49940,96.55074116305587,108030,319341,49863,44937.603993344426,132837.3544093178,20741.680532445924,198516.63893510817,179.7504159733777,68043938927.0,53108.0,5268.0,10283.0,39010418347.0,48052241982.0,,49746959.0,10668777792.0,110998965.0,16227295.485440932,19988453.403494176,22091.514143094842,2191.3477537437607,4277.454242928453,64909181.94176373,79953813.6139767,28304467107.737106,1.2317797147052472,,1.0404093811311053
stcp,tcp,16,131072,8,15.292837688000873,5696,0,93.1154851082546,372.4619404330184,15.003310127212899,37.9130570217967,81.08358702156693,103.00471598748118,42.4727714536352,30948,83.57685563997663,28518,151569,85271,5006.671348314607,26609.72612359551,14970.330056179777,46586.72752808989,20.026685393258425,68031934147.0,55618.0,9212.0,28873.0,34310362912.0,24741995354.0,,41660166.0,5360563099.0,127542606.0,6023588.994382023,4343749.184339887,9764.396067415732,1617.2752808988764,5068.995786516854,24094355.97752809,17374996.73735955,11943808663.448034,0.7211231025873679,,2.379276274609896
tcp,tcp,16,131072,8,15.105463435989805,9248,0,153.05720409024335,612.2288163609734,14.588092497433536,19.16185999289155,58.54890402406454,69.35766799142584,43.69287329692263,36084,45.36082474226804,17359,78901,58545,1877.0544982698964,8531.682525951557,6330.557958477509,16739.294982698964,7.508217993079585,68032125111.0,93096.0,7975.0,35035.0,19362904460.0,8630260064.0,,49486874.0,3960282533.0,140814127.0,2093739.669117647,933202.8615916955,10066.608996539793,862.348615916955,3788.386678200692,8374958.676470588,3732811.446366782,7356414912.521626,0.44571102862323375,,3.555658613410348
tls,tls,16,131072,8,15.398986838990822,2952,0,47.925230907487745,191.70092362995098,221.35913924284978,78.72764597414061,125.36192598054186,151.06751903658733,116.16086945868362,49900,85.26604973973394,92003,276563,50613,31166.327913279132,93686.65311653118,17145.325203252032,141998.30623306232,124.66531165311653,68028391593.0,43948.0,4739.0,30374.0,35090646041.0,43066544093.0,,46422217.0,9578372037.0,99514142.0,11887075.217140922,14588937.700880758,14887.533875338753,1605.3523035230353,10289.295392953929,47548300.86856369,58355750.803523034,23044848100.609756,1.2272941353852802,,1.038946301266957
stcp,tcp,1,262144,1,15.016745806031395,828,0,27.5692220769775,55.138444153955,3.10490996344015,17.01320696156472,22.387522971257567,23.2582280295901,14.944522794669911,21864,20.19534184823441,25128,159713,72830,30347.826086956524,192890.0966183575,87958.93719806764,311196.8599033817,60.69565217391304,68026805816.0,24230.0,552.0,36381.0,8954655729.0,8488702599.0,,18417471.0,2001754133.0,46722383.0,10814801.605072463,10252056.278985508,29263.28502415459,666.6666666666667,43938.40579710145,21629603.210144926,20504112.557971016,82157978038.64735,0.9479652658794026,,2.3340720136282593
tcp,tcp,1,262144,1,15.001652676961385,2590,0,86.32382230717695,172.6476446143539,0.3456419799476862,5.709691031370312,6.187332037370652,6.880571017973125,18.969543298188206,22460,21.266626360338574,81879,515653,235319,31613.513513513513,199093.8223938224,90856.75675675676,321564.09266409266,63.22702702702703,68026050428.0,44665.0,412.0,36584.0,9836030950.0,5760287646.0,,33135623.0,2637978733.0,75038777.0,3797695.3474903475,2224049.2841698844,17245.173745173746,159.0733590733591,14125.096525096526,7595390.694980695,4448098.568339769,26264884335.135136,0.585631305480998,,2.8445557980167386
tls,tls,1,262144,1,15.027453739021439,439,0,14.606599615078466,29.21319923015693,40.52956501254812,32.59300300851464,36.749994033016264,38.366737018805,44.49456385706635,26140,25.232383808095953,39874,127281,19970,90829.15717539864,289933.94077448745,45489.749430523916,426252.84738041,181.65831435079727,68027338147.0,9870.0,284.0,36422.0,11021349197.0,13681089636.0,,16870226.0,3232906927.0,34689905.0,25105579.03644647,31164213.29384966,22482.915717539865,646.9248291571754,82965.83143507973,50211158.07289294,62328426.58769932,154959767988.61047,1.2413262107441418,,1.073025168472473
stcp,tcp,1,262144,4,15.060940105002373,836,0,27.753911580935412,55.507823161870824,3.099042980466038,16.984851041343063,22.16214401414618,22.957071952987462,15.158993954445716,22008,19.952210274790918,25006,161221,73627,29911.483253588518,192848.08612440192,88070.57416267943,310830.1435406699,59.82296650717703,68033914609.0,23406.0,474.0,35239.0,8879114425.0,8428984783.0,,17887632.0,1998534349.0,47829952.0,10620950.269138755,10082517.683014354,27997.607655502394,566.9856459330143,42151.91387559809,21241900.53827751,20165035.366028707,81380280632.77512,0.9493046693110951,,2.393251435679978
tcp,tcp,1,262144,4,15.01613568799803,2572,0,85.6412080125157,171.2824160250314,0.3427090123295784,5.7541869464330375,6.232796993572265,6.910890981089324,18.97251103209646,22268,20.699619771863116,89158,451922,125941,34664.85225505443,175708.39813374807,48966.17418351478,259339.42457231725,69.32970451010887,68026840500.0,38207.0,389.0,36733.0,9564333421.0,5593171703.0,,31734414.0,2566454460.0,75113521.0,3718636.6333592534,2174639.075816485,14854.9766718507,151.24416796267496,14281.881804043545,7437273.266718507,4349278.15163297,26449004860.031105,0.5847947218903212,,2.9267427951945812
tls,tls,1,262144,4,15.083177833002992,444,0,14.718383782113163,29.436767564226326,47.318218974396586,32.21313399262726,36.990521010011435,41.63786303251982,35.22929358011863,25772,25.803093396787624,39782,126476,20042,89599.0990990991,284855.85585585586,45139.639639639645,419594.5945945946,179.19819819819818,68029415277.0,8569.0,315.0,35622.0,11126990607.0,13782111850.0,,16555420.0,3231873781.0,34335118.0,25060789.655405406,31040792.454954956,19299.54954954955,709.4594594594595,80229.72972972973,50121579.31081081,62081584.90990991,153219403777.02704,1.2386198871534646,,1.0623904374562578
stcp,tcp,1,262144,8,15.068464091978967,824,0,27.34187090901388,54.68374181802776,5.051657964941114,17.287492053583264,22.304437996353954,23.3936759759672,15.452324707993537,21928,19.563592885966223,24821,159754,73005,30122.57281553398,193876.213592233,88598.30097087378,312597.0873786408,60.245145631067956,68034168112.0,23774.0,546.0,35375.0,8742514340.0,8389181768.0,,18720205.0,2026348234.0,45971519.0,10609847.5,10181045.834951457,28851.94174757282,662.621359223301,42930.82524271845,21219695.0,20362091.669902913,82565738000.0,0.9595845590571831,,2.268687988996466
tcp,tcp,1,262144,8,15.044442109996453,2600,0,86.41064856344524,172.82129712689047,0.38084201514720917,5.691608996130526,6.239159964025021,7.041422999463975,17.83601532300776,22512,21.959257040143797,82690,519762,236946,31803.846153846156,199908.46153846156,91133.07692307692,322845.3846153846,63.60769230769231,68035807425.0,44814.0,347.0,35117.0,9791208123.0,5730818713.0,,33014112.0,2642588816.0,75368534.0,3765849.278076923,2204161.0434615384,17236.153846153844,133.46153846153845,13506.538461538461,7531698.556153846,4408322.086923077,26167618240.384613,0.5853025123159258,,2.8520719358103874
tls,tls,1,262144,8,15.103132410964463,448,0,14.831360402917616,29.66272080583523,40.77112296363339,32.33393101254478,36.950969020836055,38.248471973929554,43.84954603981445,25880,25.57098074339454,40833,129912,20395,91145.08928571429,289982.14285714284,45524.55357142857,426651.78571428574,182.29017857142856,68030173222.0,9824.0,287.0,34544.0,11153065865.0,13925544825.0,,17065841.0,3252260672.0,34400944.0,24895236.30580357,31083805.41294643,21928.571428571428,640.625,77107.14285714286,49790472.61160714,62167610.82589286,151853065227.67856,1.2485844693789945,,1.0577548194759219
stcp,tcp,2,262144,1,15.020441680971999,1515,0,50.4312733333006,100.8625466666012,7.979105983395129,19.197079993318766,24.9307329650037,27.96231396496296,24.76724106397424,23200,37.30734360834089,40574,235798,90980,26781.51815181518,155642.24422442244,60052.80528052805,242476.56765676566,53.56303630363036,68035540276.0,36673.0,1874.0,36608.0,15871188492.0,14213970716.0,,26029492.0,3228867598.0,75177593.0,10476032.007920792,9382158.888448846,24206.600660066008,1236.963696369637,24163.696369636964,20952064.015841585,18764317.77689769,44907947376.89769,0.8955832591342902,,2.328295934047154
tcp,tcp,2,262144,1,15.005704120034352,4133,0,137.71429740780928,275.42859481561857,2.9008039855398238,6.7920900182798505,9.809983021114022,13.25956202344969,23.326462870387363,24180,34.37930506658503,64653,372209,198943,15643.116380353254,90057.8272441326,48135.252842971204,153836.19646745705,31.286232760706508,68026314685.0,66052.0,897.0,36470.0,15259751809.0,7856715349.0,,43084014.0,3602516359.0,115264959.0,3692173.1935639973,1900971.533752722,15981.611420275829,217.03363174449552,8824.098717638519,7384346.387127995,3801943.067505444,16459306722.719574,0.5148652119208265,,3.199567955105572
tls,tls,2,262144,1,15.01777671603486,850,0,28.299794838886957,56.59958967777391,61.035195481963456,32.82232797937468,42.49640001216903,44.443143997341394,76.07647400830805,28432,47.59253686427927,69503,218777,36361,81768.23529411765,257384.70588235295,42777.64705882353,381930.58823529416,163.5364705882353,68026664371.0,11932.0,330.0,36712.0,19865377198.0,25298373313.0,,24409715.0,5727887624.0,56096021.0,23371031.99764706,29762792.132941175,14037.64705882353,388.2352941176471,43190.58823529412,46742063.99529412,59525584.26588235,80031369848.23529,1.2734907100352961,,0.9793491891313684
stcp,tcp,2,262144,4,15.029495697002858,1488,0,49.50265897134303,99.00531794268606,8.28025900409557,19.642453989945352,25.360464002005756,28.53382204193622,23.584044810677494,23120,42.854996243425994,36214,237205,118479,24337.365591397847,159411.96236559137,79622.98387096774,263372.311827957,48.6747311827957,68030845166.0,38292.0,2049.0,68729.0,18851085830.0,16538698440.0,,37878524.0,4024939829.0,99082752.0,12668740.477150537,11114716.693548387,25733.870967741936,1377.016129032258,46188.844086021505,25337480.954301074,22229433.387096774,45719654009.4086,0.8773339949298825,,2.461720080536389
tcp,tcp,2,262144,4,15.032718811999075,3160,0,105.10407463610963,210.20814927221926,5.9238289832137525,9.480962995439768,10.965708992443979,12.203079008031636,24.16578162228598,24100,28.189550425273392,71352,525280,267589,22579.74683544304,166227.84810126584,84680.06329113925,273487.6582278481,45.15949367088608,68027140723.0,64594.0,712.0,34940.0,12817768381.0,6701375551.0,,38602457.0,3100891253.0,91816790.0,4056255.8167721517,2120688.465506329,20441.139240506327,225.31645569620252,11056.962025316456,8112511.6335443035,4241376.931012658,21527576178.164555,0.5228192109426447,,2.960980650681335
tls,tls,2,262144,4,15.08408658998087,888,0,29.434994114586495,58.86998822917299,58.382255519973114,32.58961800020188,37.16363396961242,41.889204003382474,79.33126695220845,28068,48.81759301099563,74440,231534,37904,83828.82882882883,260736.4864864865,42684.68468468469,387250.0,167.65765765765767,68027911796.0,12525.0,377.0,35250.0,20637789939.0,26323999769.0,,24111429.0,5987529306.0,57447867.0,23240754.43581081,29644143.884009007,14104.72972972973,424.54954954954957,39695.94594594595,46481508.87162162,59288287.768018015,76608008779.27928,1.2755241644966333,,0.9594586358422076
stcp,tcp,2,262144,8,15.172766452014912,1496,0,49.29885412562105,98.5977082512421,8.194460009690374,19.674720999319106,25.565306015778333,27.94226899277419,26.892861054077137,23396,36.51030773827308,39532,233070,91809,26425.13368983957,155795.45454545456,61369.65240641711,243590.24064171122,52.85026737967914,68038454573.0,37759.0,1735.0,32822.0,15556923973.0,13811974208.0,,25533335.0,3148495765.0,73920456.0,10399013.35093583,9232603.080213904,25239.973262032086,1159.75935828877,21939.83957219251,20798026.70187166,18465206.16042781,45480250383.02139,0.8878345251266595,,2.347802300442351
tcp,tcp,2,262144,8,15.03269076201832,3176,0,105.63644427598084,211.27288855196167,1.6275009838864207,9.331362962257117,11.387618025764823,13.433603977318853,20.330006439842947,24432,27.817166993513347,70541,526009,269361,22210.642317380352,165619.96221662467,84811.39798488664,272642.00251889165,44.4212846347607,68027731056.0,64671.0,775.0,32793.0,12740724175.0,6670157516.0,,38340510.0,3067875079.0,95207457.0,4011563.027392947,2100175.540302267,20362.40554156171,244.0176322418136,10325.251889168765,8023126.054785894,4200351.080604534,21419310785.894207,0.523530485738657,,3.103368114683264
tls,tls,2,262144,8,15.250242081005126,832,0,27.278255505081262,54.556511010162524,60.955750523135066,34.02889700373635,43.33532799500972,44.985806045588106,87.07751607786123,28368,46.04725787631272,68735,213972,35441,82614.18269230769,257177.8846153846,42597.355769230766,382389.42307692306,165.2283653846154,68036523074.0,11841.0,311.0,31108.0,19298957196.0,24581990901.0,,24818077.0,5555934114.0,54113579.0,23195862.014423076,29545662.140625,14231.971153846154,373.79807692307696,37389.42307692308,46391724.02884615,59091324.28125,81774667156.25,1.2737471072320419,,0.9739780546288891
stcp,tcp,4,262144,1,15.02218307502335,2242,0,74.62297552902494,149.24595105804988,12.0275687368121,25.174197042360902,38.83611102355644,46.41090799123049,33.37444348109309,25932,61.446512331668934,38144,264175,149988,17013.380909901873,117830.06244424621,66899.1971454059,201742.64049955396,34.026761819803745,68035758889.0,46558.0,4984.0,35289.0,25422481923.0,20244732026.0,,33457366.0,4484046246.0,103860659.0,11339198.003122212,9029764.507582515,20766.280107047278,2223.0151650312223,15739.964317573595,22678396.006244425,18059529.01516503,30346011993.309544,0.7963318486101221,,2.3162263121761746
tcp,tcp,4,262144,1,15.008126980043016,4363,0,145.35458041505373,290.70916083010746,20.825801984756254,13.382759992964566,18.012019980233163,22.86616701167077,56.470184529153734,27504,38.96163215590743,48044,260277,179160,11011.689204675682,59655.5122622049,41063.48842539537,111730.68989227596,22.023378409351363,68026616149.0,70158.0,2679.0,36716.0,16983402152.0,8062543631.0,,44978729.0,3725067034.0,123566292.0,3892597.330277332,1847935.7393994958,16080.220032088011,614.0270456108182,8415.310566124226,7785194.660554664,3695871.4787989915,15591706658.033463,0.47473077295355326,,3.317156198054073
tls,tls,4,262144,1,15.037485621054657,1502,0,49.94185989102402,99.88371978204805,94.5541822584346,34.643916005734354,58.52696503279731,64.54172701342031,139.5293503763859,32776,83.6825022130422,101645,312133,47751,67673.10252996006,207811.5845539281,31791.611185086553,307276.2982689747,135.34620505992012,68030551277.0,18518.0,672.0,33667.0,34053099316.0,43662100959.0,,38391600.0,9684541893.0,94017749.0,22671837.09454061,29069308.228362184,12328.894806924101,447.4034620505992,22414.78029294274,45343674.18908122,58138616.45672437,45293309771.63782,1.282177006968795,,0.9708022334846437
stcp,tcp,4,262144,4,15.099936239013914,2292,0,75.89436020524802,151.78872041049604,17.65635551419109,24.67651100596413,38.37118000956252,45.07771600037813,31.147409668182412,26004,62.590361445783124,36856,265436,153823,16080.279232111692,115809.77312390925,67113.0017452007,199003.05410122164,32.160558464223385,68031746425.0,45750.0,5001.0,32481.0,25801144510.0,20555044650.0,,33594730.0,4492939007.0,104498817.0,11257043.85253054,8968169.568062827,19960.732984293194,2181.9371727748694,14171.465968586388,22514087.70506108,17936339.136125654,29682262838.132637,0.7966718159356567,,2.3258454396374137
tcp,tcp,4,262144,4,15.03618879901478,4516,0,150.17103271195634,300.3420654239127,27.20026148017496,12.771164008881897,19.46156600024551,22.723411966580898,57.045133674844664,27492,39.69025204980261,43964,196625,137456,9735.163861824623,43539.63684676705,30437.555358724534,83712.35606731621,19.47032772364925,68036093684.0,66273.0,2542.0,34335.0,17194954752.0,8171072181.0,,44486965.0,3763133477.0,126780838.0,3807563.0540301153,1809360.5360938883,14675.155004428698,562.8875110717449,7602.967227635076,7615126.1080602305,3618721.0721877767,15065565474.756422,0.4752017262534289,,3.3690231498530503
tls,tls,4,262144,4,15.112641818006523,1436,0,47.50989328315265,95.0197865663053,102.01958926336374,36.45523602608591,61.20703602209687,80.41731402045116,107.96115064779706,32800,80.39014373716633,104898,308872,27515,73048.74651810585,215091.92200557105,19160.863509749306,307301.5320334262,146.0974930362117,68026455946.0,17790.0,644.0,35073.0,32787162028.0,41720416009.0,,38129036.0,9282001292.0,90058854.0,22832285.53481894,29053214.490947075,12388.57938718663,448.46796657381617,24424.094707520893,45664571.06963788,58106428.98189415,47372183806.406685,1.2724619463365285,,0.970252547558038
stcp,tcp,4,262144,8,15.17133386299247,2216,0,73.03247097493197,146.06494194986394,14.825584265054204,26.320634002331644,38.009892974514514,43.94056700402871,48.275827729727126,26112,59.85841241150776,37790,258462,147546,17053.249097472923,116634.47653429602,66582.12996389891,200269.85559566785,34.10649819494585,68031697980.0,45729.0,4694.0,32942.0,24838175618.0,19814850034.0,,33293423.0,4398219510.0,103502297.0,11208563.004512636,8941719.329422383,20635.830324909744,2118.231046931408,14865.52346570397,22417126.009025272,17883438.658844765,30700224720.216602,0.7977578683210678,,2.353277201482834
tcp,tcp,4,262144,8,15.060361501004081,4064,0,134.9237201155182,269.8474402310364,12.624619776033796,15.572967997286469,23.00109900534153,26.318188989534974,41.25266182744544,27724,37.754947877322856,49341,338968,232210,12140.99409448819,83407.48031496063,57138.2874015748,152686.76181102364,24.281988188976378,68031384684.0,68947.0,2433.0,36677.0,16393267369.0,8310717676.0,,45663356.0,3782019104.0,123130176.0,4033776.4195374018,2044960.0580708662,16965.305118110235,598.6712598425197,9024.852362204725,8067552.839074803,4089920.116141732,16740006073.818897,0.5069591978787423,,3.255673031100585
tls,tls,4,262144,8,15.267950810026377,1520,0,49.77747239668288,99.55494479336576,94.2664702743059,34.63707002811134,58.72740602353588,65.14354300452396,114.91489079515635,32812,83.4754951568599,105839,314876,44704,69630.92105263159,207155.26315789475,29410.526315789477,306196.7105263158,139.26184210526316,68030502501.0,17430.0,654.0,30483.0,34262190265.0,43680613608.0,,38410304.0,9746880866.0,91657094.0,22540914.648026317,28737245.794736844,11467.105263157895,430.2631578947368,20054.605263157893,45081829.296052635,57474491.58947369,44756909540.13158,1.2748926227469246,,0.940373595000294
stcp,tcp,8,262144,1,15.047941755037755,2864,0,95.16251613085853,190.32503226171707,24.40633963124128,38.95930800354108,65.96535997232422,78.44856899464503,43.17654271771002,30768,79.6067332042306,23352,136523,72799,8153.631284916201,47668.64525139665,25418.645251396647,81240.92178770949,16.307262569832403,68033540426.0,35686.0,6426.0,15317.0,32721700610.0,24593838573.0,,30874109.0,5097752398.0,117192334.0,11425174.793994414,8587234.138617318,12460.195530726258,2243.715083798883,5348.114525139665,22850349.587988827,17174468.277234636,23754727802.374302,0.751606368694784,,2.298902042515404
tcp,tcp,8,262144,1,15.016501801030245,3538,0,117.80373508020578,235.60747016041157,29.9028821173124,26.75183000974357,70.87817200226709,82.43494300404564,29.870532161440288,33448,84.8301329394387,34335,113326,68618,9704.635387224422,32031.091011871114,19394.57320520068,61130.29960429622,19.40927077444884,68033810054.0,49612.0,4376.0,11954.0,34247179750.0,30917805802.0,,60075369.0,8218287633.0,149077449.0,9679813.383267382,8738780.611079706,14022.611644997174,1236.856981345393,3378.745053702657,19359626.766534764,17477561.22215941,19229454509.327305,0.9027839964544818,,1.8139721515877492
tls,tls,8,262144,1,15.059094609983731,1106,0,36.72199520105129,73.44399040210259,151.63623737316811,101.94197500823066,160.12671700445935,191.77327101351693,104.38725837858975,41720,94.5985401459854,111236,325353,41518,100575.0452079566,294170.88607594935,37538.87884267631,432284.8101265823,201.15009041591318,68032088222.0,34954.0,2341.0,59535.0,37328120439.0,44925578761.0,,55668398.0,10441834969.0,122241598.0,33750560.9755877,40619872.29746836,31603.97830018083,2116.636528028933,53829.11392405063,67501121.9511754,81239744.59493671,61511833835.44303,1.2035317672749004,,1.170690768077777
stcp,tcp,8,262144,4,15.169567922013812,2176,0,71.72254381887261,143.44508763774522,27.20741012308281,50.151370000094175,95.10392800439149,118.31182497553527,29.783129112356576,31212,95.7582800697269,51305,226329,121239,23577.66544117647,104011.48897058822,55716.45220588235,183305.60661764705,47.15533088235294,68045012943.0,37089.0,5967.0,11005.0,38641035160.0,35588878677.0,,45384149.0,7697535492.0,127545361.0,17757828.658088237,16355183.215533089,17044.577205882353,2742.1875,5057.444852941176,35515657.316176474,32710366.431066178,31270686095.128674,0.9210125590486381,,1.6569635974079895
tcp,tcp,8,262144,4,15.088316345994826,3336,0,110.5491137480537,221.0982274961074,31.354383245343342,31.28624497912824,68.7309839995578,82.1425870526582,35.536397017704985,33448,83.50970017636683,43264,157034,102248,12968.824940047964,47072.54196642686,30649.880095923265,90691.24700239809,25.937649880095922,68051845740.0,51617.0,4780.0,12031.0,33712234070.0,30747716551.0,,60612069.0,8186220715.0,146791900.0,10105585.752398081,9216941.412170263,15472.721822541967,1432.853717026379,3606.414868105516,20211171.504796162,18433882.824340526,20399234334.532375,0.9120640443809068,,1.7931583463297813
tls,tls,8,262144,4,15.297221752989572,1064,0,34.77755690480397,69.55511380960795,175.50571537867654,104.22067000763491,162.3897660174407,182.95621301513165,96.26242096622654,41784,97.45413170246053,124401,361404,47700,116918.23308270676,339665.41353383457,44830.827067669175,501414.4736842105,233.83646616541353,68044238813.0,39590.0,2711.0,10313.0,39417481488.0,48934089829.0,,48302722.0,10883001809.0,110725755.0,37046505.15789474,45990685.92951128,37208.64661654135,2547.9323308270677,9692.66917293233,74093010.31578948,91981371.85902256,63951352267.85714,1.2414311615494047,,1.017419246484295
stcp,tcp,8,262144,8,15.313242302043363,2248,0,73.4005234051587,146.8010468103174,34.800661116605625,50.452522991690785,85.76914097648114,104.69684295821935,29.382817245695918,31168,95.34883720930233,50289,214836,107992,22370.55160142349,95567.61565836299,48039.145907473314,165977.3131672598,44.74110320284697,68040105888.0,40697.0,4861.0,10166.0,38443360873.0,34538442935.0,,44023188.0,7437733054.0,127689247.0,17101139.178380784,15364076.038701067,18103.647686832737,2162.3665480427044,4522.241992882562,34202278.35676157,30728152.077402133,30266951017.79359,0.8984241270970003,,1.7167764165901187
tcp,tcp,8,262144,8,15.151469253993127,3448,0,113.78434467968475,227.5686893593695,28.941792508703656,25.737391028087586,78.53851898107678,89.77946999948472,28.879608483162784,33980,86.94509345794393,42030,140651,91102,12189.67517401392,40792.053364269144,26421.69373549884,79403.42227378191,24.37935034802784,68034592834.0,51284.0,4947.0,10725.0,35052051870.0,31794142454.0,,62152011.0,8444750580.0,149315556.0,10165908.314965198,9221038.994779583,14873.54988399072,1434.7447795823666,3110.4988399071926,20331816.629930396,18442077.989559166,19731610450.696056,0.9070551011369367,,1.7681464311524995
tls,tls,8,262144,8,15.615056289010681,1080,0,34.58200790348945,69.1640158069789,191.41814811882796,104.9109740415588,165.15881096711382,193.47996299620718,87.5909618694468,42032,97.84765897973445,128220,370324,53799,118722.22222222222,342892.5925925926,49813.88888888889,511428.7037037037,237.44444444444446,68049208815.0,39331.0,2626.0,8617.0,39466328456.0,49114745414.0,,47507251.0,10921321110.0,114635949.0,36542896.71851852,45476616.12407407,36417.59259259259,2431.4814814814813,7978.7037037037035,73085793.43703704,90953232.24814814,63008526680.55555,1.2444721192840822,,1.0496527649483243
stcp,tcp,16,262144,1,15.131046894995961,2355,0,77.82012759404076,155.6402551880815,33.67506193171721,94.55295000225306,174.75270200520754,218.14326796447858,33.01691571422054,40836,96.24038321962549,42008,176620,93323,17837.79193205945,74997.87685774948,39627.6008492569,132463.2696390658,35.6755838641189,68039444926.0,42177.0,5212.0,11280.0,38726619290.0,32845393937.0,,43391506.0,7186737878.0,127849574.0,16444424.326963907,13947088.72059448,17909.554140127388,2213.163481953291,4789.8089171974525,32888848.653927814,27894177.44118896,28891484045.010616,0.8481348111241238,,1.778965313196859
tcp,tcp,16,262144,1,15.027544118987862,3652,0,121.51020722626134,243.0204144525227,43.79585175047396,52.31175199151039,128.67717299377546,191.09223899431527,34.26351610902337,46120,78.86636081101081,27092,96566,51741,7418.400876232202,26441.949616648413,14167.853231106244,48028.20372398686,14.836801752464403,68032897795.0,58825.0,3657.0,11562.0,32018711588.0,26968052047.0,,58313876.0,7434653715.0,146159288.0,8767445.670317635,7384461.130065718,16107.61226725082,1001.3691128148959,3165.9364731653886,17534891.34063527,14768922.260131435,18628942441.128147,0.8422591262887389,,1.965919242548071
tls,tls,16,262144,1,15.123569245974068,1217,0,40.235211020836516,80.47042204167303,203.86554080687347,180.66919600823894,267.55494996905327,310.9670259873383,97.82256925849876,59920,97.52624766287933,119068,344790,51113,97837.30484798684,283311.4215283484,41999.178307313065,423147.9046836483,195.6746096959737,68036835185.0,47892.0,3946.0,10732.0,39303982539.0,48449150048.0,,49032442.0,10792488645.0,115140596.0,32295795.019720625,39810312.28266229,39352.50616269515,3242.39934264585,8818.405916187345,64591590.03944125,79620624.56532457,55905369913.72227,1.2326778844847481,,1.066858625358322
stcp,tcp,16,262144,4,15.29084169503767,2380,0,77.82436204190056,155.6487240838011,32.72320043106447,91.98287402978167,175.39509298512712,215.07306001149118,33.194575558566044,41116,95.92948258563852,43141,177468,83599,18126.470588235294,74566.38655462184,35125.63025210084,127818.48739495798,36.25294117647059,68100159352.0,40642.0,5097.0,10459.0,38735999467.0,32543575633.0,,41698893.0,7105896097.0,127046504.0,16275630.02815126,13673771.274369748,17076.470588235294,2141.5966386554624,4394.53781512605,32551260.05630252,27347542.548739497,28613512332.77311,0.8401377550803755,,1.7879026412113892
tcp,tcp,16,262144,4,15.132968919991981,3920,0,129.51853733147286,259.0370746629457,37.65990669489838,56.738122017122805,119.8322480195202,152.81687898095697,35.87177789566805,45476,75.65025716385011,21737,79244,37574,5545.15306122449,20215.30612244898,9585.204081632653,35345.663265306124,11.09030612244898,68047889518.0,62043.0,3137.0,11207.0,30459431662.0,24987831528.0,,55409098.0,7102654917.0,147977958.0,7770263.179081633,6374446.818367347,15827.295918367347,800.2551020408164,2858.9285714285716,15540526.358163266,12748893.636734694,17359155489.285713,0.8203643392064286,,2.08341753512224
tls,tls,16,262144,4,15.369140985014383,1216,0,39.55979066057289,79.11958132114577,351.8153135009925,181.82980600977316,266.52877003652975,311.23345997184515,94.83390785608283,60340,97.05382436260624,120887,348915,53775,99413.65131578947,286936.67763157893,44222.86184210526,430573.19078947365,198.82730263157893,68032158000.0,47490.0,3760.0,9209.0,39199404592.0,48276962530.0,,48346689.0,10755722937.0,114953762.0,32236352.460526317,39701449.44901316,39054.27631578947,3092.105263157895,7573.190789473684,64472704.921052635,79402898.89802632,55947498355.26316,1.2315738729320544,,1.068768344753059
stcp,tcp,16,262144,8,15.527299084002152,2440,0,78.57129520078425,157.1425904015685,28.259305941901403,90.50496999407187,177.24845296470448,224.35797000071034,31.66627997180736,40444,96.07981885083498,42326,171004,81200,17346.72131147541,70083.60655737705,33278.688524590165,120709.01639344262,34.69344262295082,68041116777.0,37022.0,6575.0,9079.0,38763405765.0,33303880436.0,,41209408.0,7135881693.0,126565842.0,15886641.706967212,13649131.326229509,15172.95081967213,2694.672131147541,3720.9016393442625,31773283.413934425,27298262.652459018,27885703597.13115,0.8591577488805311,,1.7736538727114237
tcp,tcp,16,262144,8,15.185767062997911,4168,0,137.2337657593824,274.4675315187648,57.234736312238965,55.95199199160561,102.5667559588328,112.58793500019237,43.649306436098016,46556,40.28464419475655,31304,191601,136758,7510.556621880998,45969.529750479844,32811.420345489445,86291.5067178503,15.021113243761995,68029350593.0,79283.0,5782.0,33882.0,17303018060.0,7884573926.0,,44988744.0,3635655551.0,122174607.0,4151395.887715931,1891692.400671785,19021.8330134357,1387.236084452975,8129.078694817658,8302791.775431862,3783384.80134357,16321821159.548944,0.45567622357321863,,3.360456052180065
tls,tls,16,262144,8,15.836334805004299,1360,0,42.9392285761172,85.8784571522344,362.8106464384473,168.86503802379593,262.7741190372035,304.84615702880546,105.98628537896364,60228,88.36754643206255,107012,309382,51724,78685.29411764706,227486.76470588238,38032.352941176476,344204.4117647059,157.37058823529412,68052354352.0,41849.0,3552.0,43877.0,36929143304.0,44575719820.0,,51649816.0,10086417132.0,112043335.0,27153781.84117647,32776264.57352941,30771.323529411762,2611.7647058823527,32262.499999999996,54307563.68235294,65552529.14705882,50038495847.05882,1.2070607610107154,,1.1108338425200874
stcp,tcp,1,1048576,1,15.049335985037033,210,0,27.90820807094676,13.95410403547338,4.849746008403599,67.59724899893627,86.11086203018203,88.27026997460052,15.313566009100757,25000,21.125074805505687,18156,155466,80890,86457.14285714286,740314.2857142857,385190.4761904762,1211961.9047619049,43.228571428571435,68026980185.0,23022.0,506.0,37090.0,9137267806.0,8777931953.0,,17243394.0,2143445363.0,49067751.0,43510799.07619048,41799675.96666667,109628.57142857143,2409.5238095238096,176619.04761904763,21755399.53809524,20899837.983333334,323938000880.9524,0.9606735995234766,,2.289199988346052
tcp,tcp,1,1048576,1,15.000908531947061,680,0,90.66117542838434,45.33058771419217,0.3632419975474477,21.746612968854606,22.8065179544501,26.462403999175876,20.719518377041783,27264,21.964880411746897,75252,544645,260511,110664.70588235295,800948.5294117648,383104.4117647059,1294717.6470588236,55.33235294117647,68025757555.0,48204.0,362.0,36347.0,10083169415.0,5945242913.0,,32905572.0,2719624396.0,86809345.0,14828190.31617647,8743004.28382353,70888.23529411764,532.3529411764705,53451.470588235294,7414095.158088235,4371502.141911765,100037878757.35294,0.5896204524894418,,3.191960813694657
tls,tls,1,1048576,1,15.063740320969373,114,0,15.135683113350952,7.567841556675476,40.85959994699806,126.55197404092178,142.49893801752478,144.04772798297927,46.44458050210055,29932,26.298653248483056,44621,135615,977,391412.28070175444,1189605.2631578948,8570.175438596492,1589587.7192982456,195.70614035087718,68033291425.0,7674.0,316.0,34707.0,11126681089.0,14030616943.0,,16274454.0,3261896138.0,35383882.0,97602465.69298245,123075587.21929824,67315.78947368421,2771.9298245614036,304447.36842105264,48801232.846491225,61537793.60964912,596783258114.035,1.2609885041884479,,1.0847642139119513
stcp,tcp,1,1048576,4,15.079387190984562,208,0,27.58732796838799,13.793663984193994,4.337881982792169,68.9944819896482,86.7390760104172,90.51082900259644,15.627385716369673,24952,20.269469943737047,15924,156814,81256,76557.6923076923,753913.4615384615,390653.8461538461,1221125.0,38.27884615384615,68028352610.0,23136.0,487.0,35764.0,8738223965.0,8462434895.0,,17533581.0,2077269710.0,45848771.0,42010692.13942308,40684783.149038464,111230.76923076923,2341.346153846154,171942.3076923077,21005346.06971154,20342391.574519232,327059387548.07697,0.9684387730155872,,2.2071650483942213
tcp,tcp,1,1048576,4,15.076442193007097,680,0,90.20695881623905,45.103479408119526,0.4615079960785806,21.904034016188234,23.015758953988552,26.708312972914428,22.707817641405715,27368,22.247224722472247,72342,539279,261120,106385.29411764706,793057.3529411765,384000.0,1283442.6470588236,53.19264705882353,68029570574.0,51283.0,404.0,33699.0,9983309739.0,5788256394.0,,32703255.0,2694058469.0,83765745.0,14681337.851470588,8512141.755882353,75416.17647058822,594.1176470588235,49557.35294117647,7340668.925735294,4256070.877941176,100043486138.23529,0.5797933295997079,,3.109277172855598
tls,tls,1,1048576,4,15.074658962024841,104,0,13.797990423795381,6.898995211897691,41.14852997008711,143.29777099192142,146.83387998957187,150.91607597423717,44.04314563085941,30192,25.451343020695727,43251,130149,18417,415875.0,1251432.6923076923,177086.53846153847,1844394.2307692308,207.9375,68027106314.0,7733.0,264.0,35833.0,10449662654.0,12970717861.0,,17823668.0,3051447282.0,35597479.0,100477525.51923077,124718440.97115384,74355.76923076923,2538.4615384615386,344548.07692307694,50238762.759615384,62359220.48557692,654106791480.7693,1.2412570903458755,,1.166576896477414
stcp,tcp,1,1048576,8,15.271390496054664,208,0,27.240479516745566,13.620239758372783,3.0956240370869637,71.66868296917528,87.94808702077717,92.96845400240272,16.102967183213053,25016,20.298551148836527,16884,155071,80536,81173.07692307692,745533.6538461538,387192.3076923077,1213899.0384615385,40.58653846153847,68027155278.0,22691.0,436.0,30990.0,8792299625.0,8382922267.0,,16491081.0,2006397417.0,45980897.0,42270671.274038464,40302510.899038464,109091.34615384616,2096.153846153846,148990.38461538462,21135335.637019232,20151255.449519232,327053631144.2308,0.9534391029127377,,2.2917143239125295
tcp,tcp,1,1048576,8,15.057875539001543,680,0,90.31818575452104,45.15909287726052,0.37790898932144046,21.8243440031074,23.269000987056643,25.952982949092984,19.58062405525437,27072,21.810761789600967,69455,532838,260089,102139.70588235295,783585.2941176471,382483.8235294118,1268208.8235294118,51.06985294117647,68033038556.0,54012.0,386.0,35844.0,10191814664.0,5965882512.0,,32368993.0,2735650586.0,82451850.0,14987962.741176471,8773356.635294117,79429.41176470587,567.6470588235294,52711.76470588235,7493981.370588236,4386678.3176470585,100048586111.7647,0.5853601844893203,,3.0139759230201633
tls,tls,1,1048576,8,15.311527273035608,120,0,15.674465108562515,7.8372325542812575,41.45017097471282,125.13614998897538,130.66202501067892,133.2335639744997,40.94882821416255,30068,27.208894090111173,52886,157585,21218,440716.6666666667,1313208.3333333335,176816.6666666667,1930741.6666666667,220.35833333333332,68027116148.0,7593.0,234.0,31162.0,11785928881.0,14689921949.0,,16363750.0,3402716120.0,40214006.0,98216074.00833334,122416016.24166666,63275.0,1950.0,259683.33333333334,49108037.00416667,61208008.12083333,566892634566.6667,1.2463949254505942,,1.1818207743994817
stcp,tcp,2,1048576,1,15.05961815599585,368,0,48.872421091697355,24.436210545848677,8.312277990626171,79.20289604226127,99.37871800502762,106.46707098931074,27.244336194317587,29940,36.935459830079,25503,231854,128464,69301.63043478261,630038.0434782609,349086.95652173914,1048426.6304347826,34.650815217391305,68028581888.0,31356.0,1059.0,36048.0,15354651064.0,14130662512.0,,22688630.0,3251967060.0,72823618.0,41724595.282608695,38398539.43478261,85206.52173913043,2877.717391304348,97956.52173913043,20862297.641304348,19199269.717391305,184860276869.56522,0.9202854856878042,,2.2393713299174682
tcp,tcp,2,1048576,1,15.021129100001417,1069,0,142.33284234271034,71.16642117135517,3.320755989989266,26.31475799717009,33.81866298150271,41.04439198272303,49.72902469761274,33536,34.618847539015604,42095,288598,183295,39377.92329279701,269970.0654817587,171463.9850327409,480811.97380729654,19.688961646398504,68043174298.0,58134.0,803.0,54102.0,14983669004.0,7784065008.0,,38642775.0,3556049456.0,116291844.0,14016528.535079513,7281632.374181478,54381.66510757718,751.1693171188026,50609.91580916745,7008264.267539756,3640816.187090739,63651238819.45744,0.5195032675856619,,3.270253843173772
tls,tls,2,1048576,1,15.115504845045507,209,0,27.65372405917426,13.82686202958713,55.37851949338801,128.10025800717995,172.05645400099456,175.46105303335935,87.9475752631402,35728,47.12492702860479,83520,249973,38846,399617.22488038277,1196043.062200957,185866.02870813396,1781526.3157894737,199.80861244019138,68032616352.0,8802.0,312.0,32239.0,19487024403.0,24796186280.0,,24753297.0,5632775387.0,59479313.0,93239351.21052632,118642039.61722489,42114.83253588517,1492.8229665071772,154253.58851674641,46619675.60526316,59321019.80861244,325514910775.1196,1.2724460013598926,,1.0559503781612445
stcp,tcp,2,1048576,4,15.20911607996095,328,0,43.13202664448888,21.56601332224444,9.170026984065771,89.3575350055471,103.7273490219377,110.95698998542503,42.77065784625599,30164,32.02952029520295,22178,192616,98616,67615.85365853658,587243.9024390244,300658.53658536583,955518.2926829269,33.8079268292683,68033527668.0,27187.0,950.0,31676.0,13716943864.0,12603919731.0,,21256382.0,2896709773.0,62867218.0,41819950.80487805,38426584.54573171,82887.19512195121,2896.341463414634,96573.17073170732,20909975.402439024,19213292.272865854,207419291670.7317,0.9188577175764988,,2.170297438355071
tcp,tcp,2,1048576,4,15.06896758597577,1044,0,138.56291003925432,69.28145501962716,6.44400148303248,26.524487999267876,40.15021800296381,47.938654955942184,50.53219443571404,33260,36.95393759286776,43453,330429,240294,41621.64750957854,316502.8735632184,230166.66666666666,588291.1877394636,20.810823754789272,68030284482.0,60375.0,1073.0,62115.0,16579324556.0,9263565689.0,,48434028.0,4113745088.0,129153860.0,15880579.076628352,8873147.211685823,57830.45977011494,1027.7777777777778,59497.126436781604,7940289.538314176,4436573.605842912,65163107741.37931,0.5587420439059774,,3.1395688657702268
tls,tls,2,1048576,4,15.344960455026012,232,0,30.237940420890673,15.118970210445337,60.549947986146435,127.28087702998891,132.13649002136663,137.97476096078753,91.34292682656665,35928,50.00730246823426,88114,263506,40688,379801.7241379311,1135801.7241379311,175379.3103448276,1690982.7586206899,189.90086206896552,68039014259.0,9243.0,222.0,31233.0,21288786691.0,27261863328.0,,23329424.0,6172045586.0,59203162.0,91762011.59913793,117508031.5862069,39840.51724137931,956.8965517241379,134625.0,45881005.799568966,58754015.79310345,293271613185.3448,1.2805738402896,,0.9592145938502146
stcp,tcp,2,1048576,8,15.174358760996256,320,0,42.17641154267671,21.088205771338355,9.236270998371765,91.32822696119547,108.83033100981265,111.20778101030737,40.71156545922082,28820,32.195409064155385,23609,196094,99143,73778.125,612793.75,309821.875,996393.75,36.8890625,68026359740.0,27148.0,958.0,31037.0,13694918617.0,12301254651.0,,20790792.0,2835198037.0,63549838.0,42796620.678125,38441420.784375,84837.5,2993.75,96990.625,21398310.3390625,19220710.3921875,212582374187.5,0.8982349581639723,,2.2414602849839658
tcp,tcp,2,1048576,8,15.167198798037134,792,0,104.43589624505968,52.21794812252984,7.976656983373687,37.718009960372,42.388333997223526,48.96384500898421,34.79427592577586,33316,27.73722627737226,54859,526164,284405,69266.41414141413,664348.4848484847,359097.2222222222,1092712.121212121,34.63320707070707,68026474814.0,72464.0,740.0,34241.0,12640434274.0,6502838646.0,,36432064.0,3022650994.0,93065266.0,15960144.285353536,8210654.856060606,91494.94949494948,934.3434343434343,43233.58585858586,7980072.142676768,4105327.428030303,85892013654.0404,0.5144474078217101,,3.0789286022347837
tls,tls,2,1048576,8,15.963987804017961,240,0,30.067675188225166,15.033837594112583,78.74479849124327,127.54095502896234,133.26189504005015,135.6134339584969,91.65795651834074,35688,49.517593643586835,89241,263867,964,371837.5,1099445.8333333335,4016.666666666667,1475300.0,185.91875,68031469611.0,9027.0,228.0,26765.0,21359797622.0,27829560812.0,,20567718.0,6224169866.0,55593837.0,88999156.75833334,115956503.38333334,37612.5,950.0,111520.83333333334,44499578.37916667,57978251.69166667,283464456712.5,1.3028944049234026,,0.8931927983470623
stcp,tcp,4,1048576,1,15.112598707957659,526,0,69.61079430012663,34.805397150063314,16.92436150915455,106.5780270146206,148.2217880547978,159.8201059969142,44.502108009118736,40572,60.95209847248999,25964,235966,148985,49361.216730038024,448604.5627376426,283241.4448669202,781207.2243346007,24.680608365019012,68027552778.0,33448.0,1793.0,33427.0,25270904739.0,18960755437.0,,27273934.0,4260793874.0,92623734.0,48043545.13117871,36047063.56844106,63589.353612167295,3408.745247148289,63549.42965779467,24021772.565589353,18023531.78422053,129329948247.14828,0.7502998263349989,,2.1738609456140052
tcp,tcp,4,1048576,1,15.026485619018786,1012,0,134.69550041948966,67.34775020974483,28.68474648857955,54.97957696206868,79.49034200282767,91.04075096547604,60.65893403886407,46348,36.03455980932519,40734,273703,197705,40250.98814229249,270457.5098814229,195360.67193675888,506069.1699604743,20.125494071146242,68036290445.0,63936.0,1421.0,42948.0,15505659009.0,7481508904.0,,39091555.0,3443435283.0,113417155.0,15321797.43972332,7392795.359683795,63177.865612648224,1404.1501976284585,42438.735177865616,7660898.719861659,3696397.679841897,67229536012.84585,0.4825018336632763,,3.2937211150717016
tls,tls,4,1048576,1,15.164208496978972,375,0,49.458565552525585,24.729282776262792,103.07320300489664,135.32058201963082,249.431356030982,262.7725510392338,152.5953959589117,48256,83.13549507817024,119270,348741,66451,318053.3333333333,929976.0,177202.66666666666,1425232.0,159.02666666666667,68026492870.0,13143.0,544.0,32231.0,33997407571.0,43430792049.0,,36633468.0,9640455567.0,94245622.0,90659753.52266666,115815445.464,35048.0,1450.6666666666667,85949.33333333333,45329876.76133333,57907722.732,181403980986.66666,1.2774736414327879,,0.9776054808302816
stcp,tcp,4,1048576,4,15.369121097959578,532,0,69.22972323650035,34.614861618250174,20.063372488948517,103.11133199138567,140.52182901650667,156.09723201487213,51.22443859880311,40412,59.46853555263543,25881,216369,126216,48648.496240601504,406708.6466165414,237248.12030075188,692605.2631578947,24.32424812030075,68026906055.0,31232.0,1687.0,30748.0,24750159265.0,19447242073.0,,25916488.0,4227172487.0,92763039.0,46522855.7612782,36554966.30263158,58706.76691729323,3171.052631578947,57796.99248120301,23261427.8806391,18277483.15131579,127870124163.53383,0.7857420982539282,,2.194446507335058
tcp,tcp,4,1048576,4,15.124129890988115,1052,0,139.11544103133446,69.55772051566723,6.691619986668229,52.2980359965004,80.49939497141168,85.12571902247146,57.13580260342126,45376,36.06386153387049,31134,208506,128203,29595.057034220532,198199.61977186313,121865.96958174906,349660.6463878327,14.797528517110266,68033896963.0,60395.0,1509.0,40522.0,15547043046.0,7449139934.0,,37932477.0,3463597814.0,116209681.0,14778558.02851711,7080931.496197718,57409.695817490494,1434.4106463878327,38519.0114068441,7389279.014258555,3540465.748098859,64671004717.6806,0.47913548010124934,,3.355172489434999
tls,tls,4,1048576,4,15.514000886003487,388,0,50.01933451609483,25.009667258047415,115.55040723760612,135.55279100546613,237.46146098710597,251.10723497346044,155.20385861085728,47964,83.53589598643302,125647,362667,32895,323832.47422680416,934708.762886598,84780.92783505155,1343322.1649484537,161.91623711340205,68030025870.0,13195.0,481.0,30590.0,34815368778.0,44650160454.0,,35529954.0,9869603791.0,94300850.0,89730331.90206185,115077733.12886597,34007.73195876289,1239.6907216494844,78840.206185567,44865165.951030925,57538866.564432986,175335118221.64948,1.2824842022703105,,0.9554674331100512
stcp,tcp,4,1048576,8,15.73557748296298,576,0,73.20989657019442,36.60494828509721,9.330745509942062,99.76441197795793,140.7823910121806,163.32783200778067,41.09676945127476,40464,63.96964055563511,26847,230015,136473,46609.375,399331.59722222225,236932.2916666667,682873.2638888889,23.3046875,68037603778.0,32138.0,1902.0,28820.0,27097142876.0,20318721848.0,,26316650.0,4501005585.0,96898840.0,47043650.82638889,35275558.76388889,55795.13888888889,3302.0833333333335,50034.722222222226,23521825.413194444,17637779.381944444,118120839892.36111,0.7498473894823922,,2.152826477774744
tcp,tcp,4,1048576,8,15.258921427011956,1064,0,139.45939823983423,69.72969911991711,11.911570749362,50.26377801550552,84.67055798973888,96.66144900256768,62.31068195402505,44840,36.32061520260278,34569,201617,136211,32489.66165413534,189489.66165413533,128017.85714285714,349997.1804511278,16.24483082706767,68026024851.0,59644.0,1482.0,36879.0,15695942237.0,7510755085.0,,37818214.0,3461350782.0,117594914.0,14751825.410714285,7058980.343045113,56056.3909774436,1392.857142857143,34660.71428571428,7375912.705357143,3529490.1715225563,63934233882.51879,0.4785157190050635,,3.3973706048958316
tls,tls,4,1048576,8,15.933535962016322,384,0,48.200223844275484,24.100111922137742,135.72559802560136,134.8492720280774,253.19914903957397,261.6123789921403,153.06857848842262,48416,81.54613466334165,123654,365065,59011,322015.625,950690.1041666666,153674.47916666666,1426380.2083333333,161.0078125,68029787425.0,13392.0,505.0,28052.0,34438787935.0,44133734200.0,,34934911.0,9762668077.0,95017760.0,89684343.58072917,114931599.47916667,34875.0,1315.1041666666667,73052.08333333333,44842171.790364586,57465799.739583336,177160904752.60416,1.2815124122050494,,0.9732765597537173
stcp,tcp,8,1048576,1,15.125851663004141,603,0,79.73104767050695,39.86552383525348,34.54134298226563,171.6897110454738,272.9765059775673,330.50169300986454,46.33163907815378,58324,76.21502209131074,15627,113791,72840,25915.422885572138,188708.12603648423,120796.01990049751,335419.5688225539,12.95771144278607,68029530778.0,25872.0,2473.0,45854.0,31221959743.0,22320378417.0,,31228630.0,5041414210.0,108451737.0,51777711.01658375,37015552.93034826,42905.472636815924,4101.160862354893,76043.11774461028,25888855.508291874,18507776.46517413,112818459001.65837,0.7148935749301981,,2.1512165531822074
tcp,tcp,8,1048576,1,15.072704787016846,995,0,132.02673495696163,66.01336747848082,18.523378115787636,101.46229405654594,204.19373200275004,231.5453999908641,70.04838314815592,67044,47.54851133165457,29505,153506,106133,29653.266331658288,154277.38693467336,106666.33165829144,290596.9849246231,14.826633165829147,68029282056.0,61681.0,2046.0,91119.0,20210424314.0,11395803624.0,,50146844.0,4653289923.0,141033800.0,20311984.235175878,11453068.968844222,61990.95477386934,2056.281407035176,91576.88442211055,10155992.117587939,5726534.484422111,68371137744.72362,0.563857712581818,,3.030840595229338
tls,tls,8,1048576,1,15.24009971698979,349,0,45.80022525849118,22.90011262924559,254.49552274221787,277.4908649735153,444.93606296600774,521.6045459965244,154.83647376462773,72672,77.0314971954552,111708,313082,42697,320080.229226361,897083.0945558739,122340.97421203439,1339504.2979942693,160.04011461318052,68026458445.0,19979.0,523.0,14597.0,31599466693.0,40093440911.0,,32618415.0,8926793616.0,86757706.0,90542884.50716333,114880919.51575932,57246.41833810889,1498.567335243553,41825.21489971347,45271442.253581665,57440459.75787966,194918219040.11462,1.2688011889732813,,0.9718798230587433
stcp,tcp,8,1048576,4,15.398958409030456,600,0,77.9273485988689,38.96367429943445,26.613574009388685,183.03916900185868,293.88413898414,345.7969230366871,37.27067667534116,61244,82.50939577912692,26876,146982,89270,44793.333333333336,244970.0,148783.33333333334,438546.6666666667,22.39666666666667,68053441128.0,24637.0,2314.0,11808.0,33838148562.0,25765922953.0,,28101996.0,5703080089.0,108496246.0,56396914.27,42943204.92166667,41061.66666666667,3856.666666666667,19680.0,28198457.135,21471602.460833333,113422401880.0,0.7614460024546068,,1.9024149110103792
tcp,tcp,8,1048576,4,15.230632411024999,992,0,130.2637964372275,65.13189821861376,27.988867259409744,101.61285800859332,219.8619919945486,237.59728198638186,56.37816453231651,70020,47.156848413974565,38301,223039,150650,38609.87903225806,224837.7016129032,151864.9193548387,415312.5,19.304939516129032,68034673223.0,65378.0,2263.0,27972.0,19723852760.0,12713332101.0,,40305942.0,4490858960.0,120624605.0,19882916.08870968,12815858.972782258,65905.24193548388,2281.25,28197.58064516129,9941458.044354837,6407929.486391128,68583339942.54032,0.644566366201164,,2.686002969017758
tls,tls,8,1048576,4,15.971240095037501,352,0,44.079232157980215,22.039616078990107,209.44421964668436,318.020400009118,435.5943860136904,496.5764880180359,115.06216105103802,72480,86.81729969503743,132058,364002,57600,375164.7727272727,1034096.5909090908,163636.36363636362,1572897.7272727273,187.58238636363637,68046476963.0,24915.0,864.0,10143.0,36067066753.0,45757798148.0,,37314824.0,10122555073.0,97781307.0,102463257.82102273,129993744.73863636,70781.25,2454.5454545454545,28815.34090909091,51231628.91051137,64996872.36931818,193313855008.52274,1.2686864296829445,,0.9659745617073809
stcp,tcp,8,1048576,8,16.069191729009617,624,0,77.66414273015319,38.832071365076594,19.501511873386335,178.73255000449717,278.61963800387457,327.0867450046353,41.301647972863194,60364,81.95897865215571,28095,158921,97965,45024.03846153846,254681.08974358975,156995.1923076923,456700.32051282056,22.51201923076923,68032769131.0,23961.0,2346.0,7503.0,34112035797.0,26082661719.0,,26363430.0,5680463377.0,107247987.0,54666724.03365385,41799137.370192304,38399.03846153846,3759.6153846153848,12024.038461538461,27333362.016826924,20899568.685096152,109026873607.3718,0.764617564141213,,1.8880147601029063
tcp,tcp,8,1048576,8,15.546816722024232,944,0,121.43965120045347,60.719825600226734,50.12583111965796,103.01789897494018,218.8827259815298,230.36614595912397,53.62850896794025,70684,47.102076124567475,43136,255243,168996,45694.91525423729,270384.5338983051,179021.18644067796,495100.63559322036,22.847457627118644,68033012999.0,64283.0,2150.0,22879.0,19596811579.0,13172600102.0,,39441239.0,4513649354.0,118128198.0,20759334.299788136,13954025.531779662,68096.39830508475,2277.542372881356,24236.228813559323,10379667.149894068,6977012.765889831,72068869702.3305,0.6721807804753196,,2.617132806191839
tls,tls,8,1048576,8,17.04494433000218,376,0,44.118653921112795,22.059326960556398,178.7155510028242,308.10576799558476,454.66232899343595,527.8200879693031,127.37437905141707,72500,86.63359874689989,135594,388613,49850,360622.3404255319,1033545.2127659575,132579.78723404254,1526747.3404255318,180.31117021276594,68039260888.0,25513.0,945.0,4273.0,36576124571.0,46698303165.0,,35929331.0,10248855808.0,97485962.0,97276927.05053191,124197614.80053191,67853.72340425532,2513.2978723404253,11364.361702127659,48638463.525265954,62098807.400265954,180955481085.10638,1.276742785429639,,0.9511887358577618
stcp,tcp,16,1048576,1,15.23876007302897,510,0,66.93457965817669,33.467289829088344,70.15774743558723,379.99923998722807,645.5040000146255,777.3416870040819,45.82928641524207,87428,77.19298245614034,25446,111914,54760,49894.11764705882,219439.2156862745,107372.54901960783,376705.88235294115,24.94705882352941,68034666779.0,24586.0,2432.0,18821.0,31684265400.0,23165306141.0,,27507104.0,5370316718.0,99212538.0,62126010.5882353,45422168.90392157,48207.8431372549,4768.6274509803925,36903.92156862745,31063005.29411765,22711084.451960783,133401307409.80392,0.7311296584771064,,1.8474243365845373
tcp,tcp,16,1048576,1,15.10743850498693,915,0,121.13238120386333,60.566190601931666,71.6071926872246,99.02467101346701,788.8030179892667,849.555301014334,62.554588568276785,117744,45.82338902147971,21740,96334,55091,23759.562841530056,105283.06010928962,60208.74316939891,189251.3661202186,11.879781420765028,68033092574.0,63156.0,2507.0,32083.0,19264843174.0,13083276364.0,,39476196.0,4479700043.0,120592968.0,21054473.41420765,14298662.692896174,69022.95081967213,2739.8907103825136,35063.38797814208,10527236.707103824,7149331.346448087,74353106638.25136,0.6791270630044528,,2.69198756261458
tls,tls,16,1048576,1,15.396181766001973,326,0,42.34816202545451,21.174081012727257,427.08160387337557,613.4282010025345,891.1042420077138,1021.8433850095607,138.4728130910875,121672,82.40147958457817,120554,337488,50933,369797.54601227,1035239.263803681,156236.1963190184,1561273.0061349694,184.89877300613497,68034582074.0,31466.0,1441.0,17585.0,33840719546.0,42134456846.0,,38672395.0,9403559559.0,98096298.0,103805888.17791411,129246800.1411043,96521.47239263804,4420.245398773006,53941.71779141104,51902944.08895706,64623400.07055215,208695037036.8098,1.2450815884315416,,1.0431826095695174
stcp,tcp,16,1048576,4,15.871748444042169,520,0,65.5252320603902,32.7626160301951,61.51546876208158,395.54425596725196,725.2151479478925,800.7958210073411,37.691417685274565,87464,79.72556706804816,26378,119841,60220,50726.92307692308,230463.46153846153,115807.69230769231,396998.07692307694,25.36346153846154,68029885129.0,28949.0,2209.0,15688.0,33124523460.0,23211001651.0,,25198498.0,5492996828.0,98974970.0,63701006.65384615,44636541.63653846,55671.153846153844,4248.076923076923,30169.23076923077,31850503.326923076,22318270.81826923,130826702171.15384,0.7007195644347542,,1.8018391981492694
tcp,tcp,16,1048576,4,15.396979921031743,976,0,126.77810908447282,63.38905454223641,80.98118405541754,130.17934298841283,593.257148982957,650.4664760432206,63.871623204279715,119068,47.728932379144155,19012,80127,44099,19479.50819672131,82097.33606557376,45183.40163934426,146760.24590163934,9.739754098360656,68046552352.0,72262.0,3878.0,28342.0,20010079127.0,12881871805.0,,40366468.0,4525002737.0,126175180.0,20502130.25307377,13198639.144467212,74038.9344262295,3973.360655737705,29038.93442622951,10251065.126536885,6599319.572233606,69719828229.5082,0.6437691586945418,,2.78840008135889
tls,tls,16,1048576,4,16.012621678994037,324,0,40.46807655801117,20.234038279005585,384.4893097448221,619.2947149975225,837.0901169837452,989.732260000892,138.44698541202732,121496,81.14174864902314,123562,344544,54650,381364.1975308642,1063407.4074074074,168672.83950617284,1613444.4444444445,190.6820987654321,68028088166.0,30480.0,1425.0,15349.0,33700839691.0,42140113979.0,,36524867.0,9337288655.0,92438224.0,104014937.31790124,130062080.18209876,94074.07407407407,4398.148148148148,47373.456790123455,52007468.65895062,65031040.09104938,209963235080.24692,1.2504173298166739,,0.9899900004751433
stcp,tcp,16,1048576,8,16.302358822955284,560,0,68.70171440607311,34.350857203036554,56.410733250231715,371.7789849615656,660.0525099784136,761.5381790092215,40.35587163457717,87480,80.66914498141264,24752,114148,62608,44200.0,203835.7142857143,111800.0,359835.7142857143,22.099999999999998,68033367630.0,28477.0,2125.0,13659.0,33796608397.0,23954606910.0,,25561025.0,5431051906.0,102177170.0,60351086.42321429,42776083.76785714,50851.78571428571,3794.642857142857,24391.071428571428,30175543.211607143,21388041.88392857,121488156482.14285,0.7087873028148695,,1.8813513803305564
tcp,tcp,16,1048576,8,15.669772001972888,984,0,125.59212729784586,62.79606364892293,70.29136056735297,209.24374501919374,455.0937300082296,525.617826031521,51.56811470506795,119560,45.185398102903136,10318,50359,38399,10485.772357723577,51177.84552845529,39023.37398373984,100686.99186991871,5.242886178861789,68026859759.0,68879.0,3528.0,70340.0,19960405600.0,10824310349.0,,47705347.0,4342339323.0,137847230.0,20284965.040650405,11000315.395325202,69998.9837398374,3585.3658536585367,71483.73983739837,10142482.520325202,5500157.697662601,69132987559.95935,0.5422890980231384,,3.1744923587584863
tls,tls,16,1048576,8,18.35185942501994,384,0,41.84862047019334,20.92431023509667,359.3326746195089,619.7639360325411,906.2334490008652,1005.5729409796186,114.01562923631248,121420,83.97152675503192,142555,394398,66880,371236.9791666666,1027078.1249999999,174166.66666666666,1572481.7708333333,185.61848958333331,68072075296.0,35026.0,1746.0,23455.0,34934968668.0,43561068354.0,,38789715.0,9647305715.0,96178350.0,90976480.90625,113440282.171875,91213.54166666667,4546.875,61080.729166666664,45488240.453125,56720141.0859375,177271029416.66666,1.2469187755104931,,0.9969451869909982
stcp,udp,1,64,1,15.000889979011845,36521,0,0.2971910259357939,2434.5888844660235,2.905444009229541,0.30359800439327955,0.5226180073805153,0.9528369992040098,26.093958461642213,20968,43.58697329834851,356150,661058,0,9751.923550833768,18100.763944032202,0.0,27852.687494865968,79887.75772843021,68044390667.0,384095.0,845.0,10904.0,19922040873.0,11054397597.0,,73886574.0,4514272802.0,169962083.0,545495.4922647245,302686.0599928808,10517.09975082829,23.137373018263464,298.5679472084554,4468699072.632623,2479604203.4616795,1863157927.411626,0.5548827887398743,,3.764993620339031
tls,tls,1,64,1,15.00448361900635,40101,0,0.32624525614208866,2672.6011383159903,55.9924750123173,0.3207089612260461,0.6296839565038681,1.0882579954341054,32.951217286392826,25000,41.973192019950126,313501,618341,8,7817.785092641081,15419.590533901897,0.19949627191341862,23237.57512281489,64043.29547891574,68042082387.0,97905.0,320.0,13054.0,19385347752.0,11032657535.0,,72600160.0,4545781501.0,186560965.0,483413.0757836463,275121.7559412483,2441.4603127104065,7.979850876536745,325.52804169472086,3960119916.8196306,2253797424.6707063,1696767721.179023,0.5691235295926922,,4.104046025066527
udp,udp,1,64,1,15.000935075979214,16019,0,0.13035482961783665,1067.8667642293178,0.17551000928506255,0.6624390371143818,2.3114480427466333,2.6184680173173547,16.84794972579416,21288,29.900383141762454,316318,635648,4,19746.42611898371,39680.87895623947,0.24970347712091892,59427.554778700294,161762.72276671452,68036447852.0,22510.0,141.0,10325.0,14443405160.0,8535524994.0,,43093792.0,3525053453.0,125177893.0,901642.1224795555,532837.5675135776,1405.2063174979712,8.802047568512393,644.547100318372,7386252267.352519,4365005353.071228,4247234399.900119,0.590963481218303,,3.5510920520500826
stcp,udp,1,64,4,15.002100326993968,35412,0,0.28814324741395514,2360.4694828151205,3.2413070439361036,0.45808497816324234,0.9411029750481248,1.2349230237305164,24.722504977029217,21192,44.321417273014866,367937,669827,0,10390.178470574947,18915.25471591551,0.0,29305.433186490456,85116.34203094996,68050115926.0,369944.0,879.0,12466.0,20781879498.0,11672334682.0,,73915334.0,4771383683.0,181226952.0,586859.8073534395,329615.2344403027,10446.85417372642,24.82209420535412,352.02756127866263,4807555541.839376,2700208000.53496,1921668245.9618208,0.561659241798766,,3.798205385278382
tls,tls,1,64,4,15.005068038997706,38836,0,0.31594143018405574,2588.1921960677846,40.773966000415385,0.2991969813592732,0.5490179755724967,0.9983030031435192,33.11654427081108,24800,41.857923497267755,336562,635417,0,8666.237511587187,16361.545988258316,0.0,25027.783499845504,70993.81769492224,68047453575.0,94866.0,272.0,10463.0,19404483492.0,11072854016.0,,71007518.0,4591749552.0,186809842.0,499651.9593160985,285118.29271809664,2442.733546194253,7.003810897105779,269.4149757956535,4093148850.7174788,2335689053.9466476,1752174620.8414874,0.5706337929873305,,4.068380469893711
udp,udp,1,64,4,15.003824965038802,11780,0,0.0958414460713006,785.1331262160945,0.09973300620913506,1.1317679891362786,3.2711270032450557,3.676901978906244,12.324910509879555,21244,27.42899850523169,247121,517692,0,20978.013582342952,43946.689303904925,0.0,64924.70288624788,171851.8872665535,68055391981.0,17528.0,192.0,14584.0,11907550166.0,6745720040.0,,41825812.0,2777557670.0,108909354.0,1010827.68811545,572641.7691001698,1487.9456706281835,16.298811544991512,1238.030560271647,8280700421.041766,4691081372.468591,5777197961.035654,0.5665077993340112,,3.921047443094134
stcp,udp,1,64,8,15.001417308987584,33080,0,0.26918029505656904,2205.1249771034136,2.916684956289828,0.4047970287501812,0.7303929887712002,1.1425240081734955,26.44116831296719,21144,43.61904761904762,368205,675802,0,11130.743651753326,20429.32285368803,0.0,31560.066505441355,91183.05199516325,68042122481.0,350947.0,965.0,14314.0,20428904565.0,11558186602.0,,72836678.0,4738986833.0,174587769.0,617560.597490931,349401.0460096735,10609.03869407497,29.171704957678358,432.70858524788395,5059056414.645707,2862293368.9112453,2056896084.673519,0.5657761318148289,,3.6840737303648043
tls,tls,1,64,8,15.002731944026891,39992,0,0.3253964648381009,2665.6478399537227,60.93408999731764,0.37008500657975674,0.769014994148165,1.189457019791007,31.234271314603184,24772,42.66729205753596,346169,646811,0,8655.956191238247,16173.509701940387,0.0,24829.465893178636,70909.59311862373,68046244890.0,98724.0,279.0,10343.0,20020735385.0,11473290413.0,,72373865.0,4732328991.0,190248561.0,500618.5083266653,286889.6382526505,2468.593718743749,6.9763952790558115,258.626725345069,4101066820.2120423,2350199916.565713,1701496421.534307,0.5730703789030674,,4.020188819539322
udp,udp,1,64,8,15.00249383598566,12024,0,0.09783529682107465,801.4667515582436,0.09679899085313082,0.8433260372839868,3.6377899814397097,4.785690980497748,7.976827140095109,20756,27.842192440897456,263589,540860,0,21921.90618762475,44981.70326014638,0.0,66903.60944777113,179584.25548902195,68040120722.0,20526.0,207.0,12527.0,12538883407.0,7217204050.0,,42671336.0,2965052807.0,109138451.0,1042821.3079673985,600233.2044244844,1707.0858283433136,17.21556886227545,1041.8330006653362,8542792154.868929,4917110410.645376,5658692674.817033,0.575585864844305,,3.6808265519704113
stcp,udp,2,64,1,15.001200169033837,55728,0,0.45347934154245306,3714.9027659157755,4.275295010302216,0.43852999806404114,1.0325240436941385,1.4436759520322084,42.397967684805806,21508,55.21491782553729,373767,661686,10,6706.987510766581,11873.492678725237,0.17944300890037324,18580.65963250072,54943.64168819983,68033738017.0,506355.0,19307.0,15012.0,24512761661.0,13449606409.0,,97412218.0,5525180946.0,213304000.0,439864.3708907551,241343.7842556704,9086.18647717485,346.45061728395063,269.3798449612403,3603368926.3370657,1977088280.622452,1220817865.651019,0.5486777293803836,,3.8605794468038765
tls,tls,2,64,1,15.006841260998044,67418,0,0.5483989725082008,4492.484382787181,56.08287049108185,0.373508024495095,0.6766159785911441,1.0872790007852018,61.33631215199404,26212,54.30350194552529,344898,622531,3,5115.814767569492,9233.898958735055,0.044498501883769914,14349.75822480643,41908.75457592928,68043574370.0,189964.0,474.0,10466.0,24143467475.0,13096453467.0,,105858450.0,5423996813.0,236980052.0,358116.044305675,194257.51975733484,2817.7044706161555,7.030763297635645,155.24044023851195,2933686634.95209,1591357601.852087,1009279040.7606276,0.5424429395057306,,4.369103820858015
udp,udp,2,64,1,15.000912335002795,21070,0,0.17145767050271352,1404.5812367582291,0.18968700896948576,1.2505670310929418,3.348369966261089,3.8035199977457523,22.480865994604,21396,28.12778603268945,264785,546315,0,12566.919791172282,25928.571428571428,0.0,38495.49121974371,102948.20692928333,68033724314.0,17383.0,153.0,10508.0,12357821079.0,6982629387.0,,42352496.0,2879888228.0,109781028.0,586512.6283341243,331401.4896535358,825.0118652112008,7.261509254864737,498.718557190318,4804711451.313147,2714841003.2417655,3228938031.0393925,0.5650372620190935,,3.8119891922416653
stcp,udp,2,64,4,15.002571831981186,57016,0,0.4639178545816629,3800.4150647329825,3.700121509609744,0.40430796798318624,1.0320350411348045,2.0205589826218784,38.588310489932134,21492,56.58324265505985,391899,684980,0,6873.4916514662555,12013.820681913849,0.0,18887.312333380105,56307.64360881156,68029093723.0,514965.0,20884.0,15668.0,25011241257.0,13773592172.0,,99579742.0,5637088106.0,216236814.0,438670.5706643749,241574.1576399607,9031.938403255226,366.28314858986954,274.8000561245966,3593589314.8825593,1978975499.386558,1193157950.8032832,0.5506960662396204,,3.8359665475131033
tls,tls,2,64,4,15.004560277971905,67416,0,0.5484660686512528,4493.034034391063,66.72708346741274,0.4008850082755089,0.7445709779858589,1.2168329558335245,58.16828243086446,26560,55.48905339423531,332059,621662,0,4925.522131244808,9221.282781535541,0.0,14146.80491278035,40349.87729915747,68031839167.0,194582.0,495.0,13050.0,24656199398.0,13349316813.0,,107697295.0,5528672601.0,241049972.0,365732.16147502075,198014.07400320398,2886.2881215141806,7.34247063011748,193.5742257030972,2996077866.80337,1622131294.234247,1009134911.1041889,0.5414182696009036,,4.359997225308658
udp,udp,2,64,4,15.00508837000234,51544,0,0.4193239008227859,3435.1013955402623,0.45270699774846435,0.2483529970049858,0.5211509997025132,0.6883490132167935,42.617049912109266,21708,34.263998759112766,287596,570322,0,5579.621294428062,11064.760204873508,0.0,16644.38149930157,45708.25764395468,68041825388.0,54577.0,729.0,57502.0,16005747825.0,10160721029.0,,56705624.0,4091552987.0,138472772.0,310525.916207512,197127.1346616483,1058.8429303119665,14.143256247089866,1115.590563402142,2543828305.5719385,1614865487.148223,1320072663.898805,0.6348170132438032,,3.384357295138703
stcp,udp,2,64,8,15.002792095008772,51504,0,0.41906262082320245,3432.9609897836744,4.057982994709164,0.4688400076702237,1.1488780146464705,2.294822013936937,31.3590961616085,21824,59.68293441094187,318670,577970,0,6187.2864243553895,11221.846846846845,0.0,17409.133271202234,50686.25038831935,68032608668.0,522062.0,23403.0,13431.0,25943907562.0,18684519903.0,,86629763.0,5981093856.0,189522149.0,503726.07102360984,362778.03477399814,10136.33892513203,454.39189189189193,260.7758620689655,4126523973.825412,2971877660.8685927,1320918931.8887854,0.7201891179402438,,3.1686870924100075
tls,tls,2,64,8,15.005325406964403,53744,0,0.437214568632751,3581.661746239496,62.12323601357639,0.4478179616853595,1.1997210094705224,1.9721580320037901,37.309967282692746,26188,64.18590522478736,256722,487735,0,4776.756475141411,9075.152575171182,0.0,13851.909050312594,39131.18904435844,68046519814.0,304370.0,13212.0,12144.0,27166712865.0,17957782419.0,,115568419.0,5835909711.0,218600893.0,505483.6421740101,334135.5764178327,5663.329860077404,245.83209288478713,225.9601071747544,4140921996.689491,2737238642.0148854,1266123098.6528728,0.6610215416284594,,3.745789496845079
udp,udp,2,64,8,15.001028931001201,102456,0,0.8337318723286581,6829.931498116367,0.20582054276019335,0.25324197486042976,0.5201729945838451,0.8648360380902886,48.349396787117094,21708,52.308856926570776,343492,616148,0,3352.580619973452,6013.781525728117,0.0,9366.362145701569,27464.340438822517,68042654813.0,284203.0,1495.0,13295.0,22640749532.0,16937291820.0,,65621704.0,5257874958.0,161236716.0,220980.22109002888,165312.8349730616,2773.9029437026625,14.591629577574764,129.76302022331538,1810269971.1695166,1354242744.0993207,664115862.5458733,0.7480888296591576,,3.0665757038339976
stcp,udp,4,64,1,15.001532730006147,69411,0,0.5648104506008053,4626.927211321797,7.7280642435653135,0.7142590475268662,1.835271017625928,2.9083709814585745,48.819264883189035,22436,66.19249394673123,305753,588695,0,4404.964630966273,8481.29259051159,0.0,12886.257221477863,36085.47025687571,68033017777.0,506867.0,20038.0,10364.0,28032555049.0,19661154482.0,,98547779.0,6359107161.0,210594709.0,403863.29326763767,283257.04113180906,7302.4016366282,288.6862312889888,149.31350938612036,3308448098.4484878,2320441680.95178,980147495.0224028,0.7013686211489797,,3.3117024712457117
tls,tls,4,64,1,15.006293213984463,51440,0,0.41844423439282674,3427.8951681460367,127.75587850774173,0.8252399857155979,3.028161998372525,4.793529980815947,35.39291098917413,29424,66.88014638609332,240265,458713,0,4670.781493001555,8917.437791601866,0.0,13588.219284603421,38263.04199066874,68058308498.0,340192.0,23546.0,12424.0,28264128664.0,17779564763.0,,128985896.0,5847783780.0,222964710.0,549458.1777604977,345636.9510692068,6613.374805598756,457.7371695178849,241.52410575427683,4501161392.213997,2831457903.158942,1323061984.7978227,0.629050517507933,,3.812807011821494
udp,udp,4,64,1,15.000998611038085,152901,0,1.2442286900705795,10192.721429058187,0.10682150605134666,0.37888699444010854,0.9142170310951769,1.2784380232915282,86.63792549408565,22464,54.99560503955464,403756,697235,0,2640.6367518852066,4560.042118756581,0.0,7200.678870641788,21632.096271443614,68061648407.0,253320.0,1120.0,9146.0,23314110909.0,16860123832.0,,67099384.0,5367680736.0,165836752.0,152478.4724037122,110268.23782709074,1656.7582945827692,7.325001144531428,59.816482560611114,1249103645.9312103,903317404.2795273,445135403.99997383,0.7231724983126613,,3.0895420230149844
stcp,udp,4,64,4,15.004539160989225,70048,0,0.5698796316405003,4668.453942398978,8.354577497811988,0.7250179769471288,1.7257679719477892,2.552963967900723,53.24768001387429,22432,66.72780070304142,331580,583661,0,4733.611238008223,8332.300708085884,0.0,13065.911946094107,38777.74326176336,68041453835.0,500971.0,20413.0,12163.0,28391074561.0,19812353596.0,,100335827.0,6408799242.0,211190195.0,405308.8533719735,282839.6755938785,7151.824463225217,291.41445865692094,173.63807674737322,3320290126.823207,2317022622.4650526,971354697.2790086,0.6978373979270112,,3.2953161274887064
tls,tls,4,64,4,15.007092161977198,60344,0,0.4908486506242323,4021.032145913711,85.28523023414891,0.7587510044686496,2.3803869844414294,3.5488249850459397,50.55514364883079,29244,73.42001814333233,249707,469606,0,4138.058464801803,7782.149012329312,0.0,11920.207477131116,33898.974943656365,68049272667.0,387591.0,22152.0,10471.0,30606375161.0,18846114748.0,,143643329.0,6306890079.0,248279586.0,507198.31567347207,312311.327522206,6423.02465862389,367.09532016439084,173.52180829908525,4154968601.997083,2558454395.0619116,1127689126.789739,0.6157578167575544,,3.9366404502069012
udp,udp,4,64,4,15.000923434039578,151376,0,1.2318252077114926,10091.112101572548,0.21168772946111858,0.35053101601079106,0.9093279950320721,1.2593710562214255,89.51077618015773,22632,56.608851674641144,399557,691357,0,2639.5003170912164,4567.150671176409,0.0,7206.650988267625,21622.786597611248,68040507037.0,253158.0,1321.0,11489.0,23877604452.0,17384132334.0,,69319918.0,5493307617.0,169072417.0,157737.05509459888,114840.74314290244,1672.3787126096606,8.72661452277772,75.89710390022196,1292181955.334954,940775367.8266568,449480149.0130536,0.7280517762552975,,3.077788989583905
stcp,udp,4,64,8,15.005900825024582,69704,0,0.5670295413595112,4645.106002817116,7.645692516234703,0.7152410107664764,1.7091470072045922,2.4669200065545738,52.441023646356854,22440,66.82342233009709,320555,593900,0,4598.803511993573,8520.31447262711,0.0,13119.117984620681,37673.39837025135,68045291778.0,528195.0,22160.0,10756.0,28332824225.0,19821250088.0,,102180564.0,6460240574.0,213992282.0,406473.4337340755,284363.1654998278,7577.685642143923,317.915758062665,154.30965224377368,3329830369.1495466,2329503051.7745895,976203543.2399863,0.6995861030511158,,3.312450667259005
tls,tls,4,64,8,15.013295270968229,61624,0,0.5010532865523843,4104.628523437133,83.15661999222357,0.7245299639180303,2.30118801118806,3.454471006989479,52.928013847605726,29128,73.73257773012712,233826,465400,0,3794.398286381929,7552.2523692068025,0.0,11346.650655588732,31083.71076204076,68048505111.0,393526.0,21963.0,10991.0,30669027527.0,18860155762.0,,145381616.0,6323947123.0,251042492.0,497679.9222218616,306052.11868752434,6385.921069713098,356.40334934441125,178.35583538880954,4076993922.84149,2507178956.288199,1104253295.9723485,0.6149577369349628,,3.9697120661709238
udp,udp,4,64,8,15.00262536999071,142968,0,1.1632729610384724,9529.532096827166,0.4918194899801165,0.28697599191218615,0.8003069669939578,1.1547489557415247,75.22034125155913,22344,56.39740566037735,406304,697300,0,2841.9226680096244,4877.31520340216,0.0,7719.237871411784,23281.030496334843,68032935389.0,249506.0,1209.0,10351.0,23849072928.0,17506394412.0,,68112044.0,5492639080.0,169165781.0,166814.06278328018,122449.73988584858,1745.1877343181693,8.456437804263892,72.40081696603437,1366540802.3206313,1003108269.1448716,475861279.37020874,0.7340492632502549,,3.0798634051156335
stcp,udp,8,64,1,15.003777230973355,66017,0,0.537112468164105,4400.025339200348,13.659482487128116,1.6539019998162985,3.478915023151785,4.841440997552127,58.55728770661058,24092,62.90571870170015,301658,564189,0,4569.398791220443,8546.116909280943,0.0,13115.515700501386,37432.51489767787,68043622499.0,517860.0,32079.0,13130.0,26638521495.0,17994580410.0,,98485186.0,5969721578.0,205050079.0,403510.0276443946,272574.9490282806,7844.343123740855,485.92029325779725,198.88816516957755,3305554146.4628806,2232933982.439675,1030698494.3120712,0.6755097280221632,,3.4348348799994906
tls,tls,8,64,1,15.016479521000292,57384,0,0.46647969670279843,3821.4016753893247,165.0102987405262,1.6490130219608545,4.833129001781344,7.074673019815236,54.317285143919456,34064,77.69219151185621,227815,434784,0,3970.009061759375,7576.7461313258045,0.0,11546.755193085179,32522.314233932804,68061228795.0,482846.0,28815.0,10927.0,31901427269.0,18482826286.0,,152784359.0,6399888750.0,262992057.0,555928.9570089224,322090.23919559456,8414.296668060784,502.14345462149726,190.4189321065105,4554170015.817092,2638563239.4903107,1186066304.1091592,0.5793730208416275,,4.109322322204429
udp,udp,8,64,1,15.001385694020428,116876,0,0.9510514651614405,7791.01360260252,0.14801035285927355,0.9763060370460153,1.6289689810946584,2.5529650156386197,64.34796222756763,24356,53.97252090800478,369673,644819,2,3162.95047742907,5517.120709127622,0.01711215305109689,8680.088298709743,25910.890311098945,68036505628.0,214446.0,1072.0,11062.0,23050114321.0,17147796943.0,,64901177.0,5292431999.0,158464785.0,197218.54205311614,146717.86288887367,1834.8163865977617,9.172114035387931,94.6473185256169,1615614296.4991274,1201912732.785653,582125548.6840754,0.743935440154297,,2.9941770632091593
stcp,udp,8,64,4,15.006446695013437,91496,0,0.7442764792688319,6097.112918170271,18.414695870887954,1.2134159915149212,2.3231880040839314,3.7678470253013074,73.1586778877381,24356,70.23390918819752,251655,496282,16482,2750.448107021072,5424.084112966687,180.1390224709277,8354.671242458686,22531.670892716622,68030085444.0,541668.0,15273.0,29357.0,29399907436.0,22654217473.0,,108959688.0,7079958134.0,204190454.0,321324.5107545685,247597.9001595698,5920.127655853808,166.92533006907408,320.8555565270613,2632290392.101425,2028321998.1071959,743530705.6483344,0.7705540407674908,,2.8840630147149966
tls,tls,8,64,4,15.017435931018554,73452,0,0.5970598865835722,4891.114590892624,136.00700000824872,1.3649709871970117,3.507270012050867,4.862463043536991,83.6441590808108,34340,70.30010884776861,145775,297189,12049,1984.6294178511137,4046.0300604476397,164.03910036486414,6194.698578663618,16258.084191036321,68055669649.0,595972.0,53060.0,14371.0,29655355391.0,20167465281.0,,161027404.0,6721915183.0,261561816.0,403737.888566683,274566.5915291619,8113.761367968197,722.3765179981484,195.65158198551435,3307420783.138267,2249249517.8068943,926532560.7063116,0.680061493618807,,3.8911799521288306
udp,udp,8,64,4,15.001615134999156,178468,0,1.4522199333339467,11896.585693871692,0.1972042373381555,0.7670630002394319,1.4172810479067266,2.4224320077337325,139.94742440112054,24544,47.95822942643391,307302,591010,18854,1721.8885178295268,3311.5740636976934,105.64358876661362,5139.106170293834,14105.710738059484,68049541519.0,115735.0,275.0,12563.0,21447270023.0,19254979308.0,,55240451.0,5462714841.0,111393516.0,120174.31709326041,107890.37422955375,648.4916063383912,1.54089248492727,70.39357195687742,984468005.6279893,883837945.6885043,381298280.4704485,0.8977822952455491,,2.0391603670018474
stcp,udp,8,64,8,15.005789791001007,91840,0,0.7471074602633189,6120.304314477108,17.420240248611663,1.2139040045440197,2.3295439896173775,3.8553570047952235,86.04359503785037,24356,69.96628869138829,257751,507405,16695,2806.5222125435544,5524.880226480836,181.78353658536588,8513.185975609756,22991.029965156795,68046701296.0,545639.0,14112.0,12698.0,29198717786.0,22881655833.0,,103075047.0,6971626551.0,194668872.0,317930.2894817073,249146.9494011324,5941.191202090592,153.65853658536585,138.2621951219512,2604484931.4341464,2041011809.4940767,740926625.6097561,0.7836527617651464,,2.792302062881968
tls,tls,8,64,8,15.028775814978871,73568,0,0.5975515810841593,4895.142552241433,150.02795436885208,1.3654599897563457,3.4759819973260164,4.821396025363356,87.38500834453005,34524,70.65727699530517,145138,297501,12319,1972.8414528055675,4043.8913658112224,167.4505219660722,6184.183340582862,16161.51718138321,68039941240.0,595886.0,52595.0,12914.0,29680488065.0,20104534241.0,,161881311.0,6735187626.0,261458376.0,403442.9108443889,273278.2492523923,8099.798825576338,714.9168116572423,175.53827751196172,3305004325.6372337,2238695417.875598,924857835.4719443,0.677365351842303,,3.881976130712175
udp,udp,8,64,8,15.002710903005209,154000,0,1.2530287523726387,10264.811539436656,0.12662162043852732,0.7250180351547897,1.3136370107531548,2.002477995119989,114.12540114047182,24572,46.52725914861837,279211,549557,18874,1813.0584415584417,3568.5519480519483,122.55844155844157,5504.168831168831,14852.574753246754,68038330277.0,49018.0,208.0,12112.0,19611613025.0,18103696664.0,,52553601.0,4977246805.0,97402234.0,127348.13652597403,117556.47184415585,318.2987012987013,1.3506493506493507,78.64935064935065,1043235934.4207792,963022617.3473247,441807339.46103895,0.9231110485874988,,1.9569500532332955
stcp,udp,16,64,1,15.00727227400057,87594,0,0.7124963656219858,5836.770227175308,28.61396418666118,2.617496997117996,4.211266990751028,7.155339000746608,81.40361404093717,25240,69.36267071320182,253669,499178,16347,2895.963193826061,5698.769322099687,186.62237139530103,8781.35488732105,23723.730483823096,68028854481.0,521550.0,19268.0,11500.0,29046160824.0,22047118473.0,,100900915.0,6759285996.0,195555161.0,331599.89067744365,251696.67412151519,5954.174943489281,219.96940429709798,131.28753110943674,2716466304.4296184,2061899154.4034524,776638291.2185767,0.7590372650826579,,2.8931334036720053
tls,tls,16,64,1,15.034809836011846,71001,0,0.576469829172881,4722.440840584241,254.73462632362498,2.7279849746264517,7.84320302773267,10.93052001670003,96.35430150437313,42540,68.20528868721641,138648,280195,9792,1952.7612287150885,3946.352868269461,137.91355051337305,6037.027647497922,15997.019985634004,68028499667.0,572541.0,99181.0,10984.0,29029165577.0,18074709336.0,,159022799.0,6265008514.0,256102068.0,408855.7284686131,254569.7854396417,8063.844171208856,1396.8958183687553,154.70204645004998,3349346127.6148787,2085435682.321545,958134387.7832706,0.6226396445346232,,4.08781675919044
udp,udp,16,64,1,15.001709369011223,160326,0,1.304587660010437,10687.1821108055,0.1264383718080353,1.536568976007402,2.3818539921194315,3.57864802936092,136.31730556147866,28264,46.67647058823529,287393,564815,18893,1792.5539213851778,3522.915809039083,117.84114865960605,5433.310879083867,14684.601723987376,68035691464.0,52029.0,212.0,10488.0,19657508873.0,17922467228.0,,53116250.0,4951574194.0,99433888.0,122609.61336901064,111787.65283235408,324.52004041764906,1.3223058019285705,65.41671344635306,1004417952.7189351,915764452.0026447,424358441.3257987,0.9117364435031178,,2.0081267916875327
stcp,udp,16,64,4,15.015122523996979,79716,0,0.648077097985588,5309.047586697937,33.50548581511248,2.6634520036168396,6.362854968756437,9.693149011582136,59.27416833113409,24868,72.52094440213253,240762,471312,16062,3020.24687641126,5912.388980882131,201.49029053138642,9134.126147824778,24741.862411561044,68044988165.0,628794.0,29259.0,11208.0,30117123023.0,22547962383.0,,114535440.0,6959957944.0,208905200.0,377805.24641226354,282853.6602814993,7887.927141351799,367.04049375282256,140.59912690049677,3094980578.609263,2317137185.0260425,853592605.8131367,0.7486758401783747,,3.00152963108192
tls,tls,16,64,4,15.05329679400893,71128,0,0.5767917358113606,4725.077899766666,273.07189913335606,2.723584999330342,7.786002999637276,10.819053975865245,94.36516262439922,42540,68.33698715941121,138477,280732,9865,1946.8704307726914,3946.8563716117424,138.6936227645934,6032.420425149027,15948.762568889888,68040261001.0,574112.0,97639.0,12054.0,29019016959.0,18176318555.0,,158809096.0,6293521005.0,253838118.0,407983.03001630865,255543.78803003038,8071.533010909909,1372.7224159262175,169.4691260825554,3342196981.8936005,2093414711.5420089,956588980.4437071,0.6263588660043417,,4.033324395014075
udp,udp,16,64,4,15.00285749300383,163244,0,1.32823004571246,10880.860534476473,0.1805824358598329,1.497947028838098,2.8467850061133504,4.3564660008996725,139.68589656852146,28200,46.84466019417476,289970,567464,19258,1776.298056896425,3476.170640268555,117.97064516919457,5370.439342334174,14551.433682095514,68035259555.0,83893.0,181.0,10744.0,20450444037.0,18655907217.0,,52663746.0,5181513858.0,101855921.0,125275.31815564432,114282.34555021931,513.9116904756071,1.108769694445125,65.81558893435593,1026255406.3310382,936200974.7473966,416770353.3054814,0.9122494936171933,,1.9657560278978994
stcp,udp,16,64,8,15.023279817949515,82912,0,0.6736940183932086,5518.901398677165,28.328638629318448,2.5866979849524796,5.857834999915212,9.217950981110334,80.19066506107518,24868,72.06644315757391,238028,477749,16378,2870.851022771131,5762.121285218062,197.53473562331146,8830.507043612506,23518.011578541104,68030160351.0,596016.0,27250.0,15084.0,29789826697.0,22523266005.0,,110357329.0,6972700744.0,205151309.0,359294.5134238711,271652.6679491509,7188.5372443072165,328.66171362408335,181.92782709378616,2943340653.968352,2225378655.839444,820510424.9203975,0.7560724080099539,,2.942207281397132
tls,tls,16,64,8,15.039816966978833,70904,0,0.5754906097928832,4714.4190754233,224.2589287525334,2.7470519999042153,7.831958995666355,10.982342006172985,82.49538559705174,42168,68.10615577889448,138328,279850,9400,1950.9195531986913,3946.885930271917,132.57362067020196,6030.37910414081,15981.932979803678,68038736536.0,570576.0,95994.0,12992.0,28979819726.0,18165934927.0,,159713114.0,6278909644.0,254552657.0,408719.1093027192,256204.65597145437,8047.162360374591,1353.858738576103,183.23366805821956,3348226943.4078755,2098828541.7181542,959589537.0641996,0.6268477547050425,,4.054090143552956
udp,udp,16,64,8,15.009424946969375,184112,0,1.4973664517065963,12266.425972380437,0.3222371160518378,1.1391050065867603,2.8286969754844904,4.1931780287995934,161.46097592428603,27936,48.119950279676814,308094,599901,19147,1673.4053185017815,3258.34817936908,103.99648040323282,5035.749978274094,13708.536369166593,68038059444.0,116870.0,256.0,10907.0,21600416677.0,19284699234.0,,54508409.0,5475402716.0,115680727.0,117322.15541083689,104744.39055574867,634.7766576866255,1.3904579820978535,59.241114104458156,961103097.1255758,858066047.4326931,369547120.4701486,0.8927929272093272,,2.1127345877584944
stcp,udp,1,1024,1,15.000379659992177,27575,0,3.5904039161518186,1838.2868050697311,2.9875849722884595,0.48888701712712646,0.9968390222638845,2.09976703627035,22.978885055778637,21024,39.61171128855488,189502,391480,7572,6872.239347234814,14196.917497733453,274.596554850408,21343.753399818677,3518.586545784225,68036229333.0,291351.0,1675.0,59527.0,18343861236.0,14368129180.0,,62901868.0,4622760066.0,133717760.0,665235.2216137806,521056.3619220308,10565.766092475069,60.74342701722575,2158.730734360834,340600433.46625566,266780857.30407977,2467315660.3082504,0.7832663469892812,,2.8925957240022586
tls,tls,1,1024,1,15.002790939994156,25046,0,3.260591242366472,1669.4227160916337,41.52062500361353,0.5177309503778815,0.9479500004090369,1.422171015292406,26.842125682526962,24740,42.391477182381934,320617,613088,0,12801.125928291942,24478.479597540525,0.0,37279.60552583246,6554.176475285475,68038297555.0,68510.0,284.0,12391.0,19824068677.0,12763972796.0,,63764246.0,4744611224.0,174251914.0,791506.3753493571,509621.20881577895,2735.366924858261,11.339135989778807,494.72969735686337,405251264.17887086,260926058.91367882,2716533480.595704,0.6438624181527799,,3.672627867138393
udp,udp,1,1024,1,15.000463447009679,10019,0,1.3045169867002293,667.9126971905174,0.30897598480805755,1.2847930192947388,3.518515033647418,4.005445982329547,9.504279684666733,21088,26.887204896531625,236546,498717,0,23609.741491166784,49777.12346541571,0.0,73386.86495658249,12088.187643477393,68039349186.0,15428.0,172.0,10951.0,11257838606.0,6285404672.0,,40986783.0,2547265288.0,98738898.0,1123648.9276374888,627348.5050404232,1539.8742389460026,17.167381974248926,1093.0232558139535,575308250.9503943,321202434.5806967,6791031957.880028,0.5583136241312003,,3.876270699606849
stcp,udp,1,1024,4,15.002620514016598,25272,0,3.2900502251513117,1684.5057152774716,2.7338520158082247,0.5377749912440777,0.9675060282461345,1.2725709821097553,27.124767944360322,21028,42.19469588693028,350791,649177,0,13880.618866729978,25687.598923710033,0.0,39568.21779044001,7106.876859765749,68053291407.0,275376.0,864.0,13959.0,19717066349.0,11463063954.0,,66774208.0,4561080001.0,172907879.0,780194.1416983223,453587.52587844257,10896.486229819564,34.18803418803419,552.3504273504274,399459400.549541,232236813.2497626,2692833626.4245014,0.5813777643742309,,3.7909415963344335
tls,tls,1,1024,4,15.006360598024912,22532,0,2.9326106228443,1501.4966388962816,52.49612400075421,0.6404410232789814,1.0271499631926417,1.4427030109800398,35.84388742936078,24976,41.62094372158646,318971,613792,7,14156.355405645305,27240.901828510563,0.3106692703710279,41397.567903426236,7248.053967690395,68031327019.0,62709.0,298.0,15004.0,19228456900.0,12286161354.0,,60998982.0,4616487615.0,170546997.0,853384.3822119652,545276.1119297,2783.108467956684,13.225634652938044,665.8973903781289,436932803.69252616,279181369.3080064,3019320389.6236463,0.6389572193908082,,3.6943020586875335
udp,udp,1,1024,4,15.00180966197513,11696,0,1.5227329578711908,779.6392744300497,0.09435502579435706,1.0931500000879169,3.3048709738068283,3.683270013425499,13.019962551256889,21184,27.595546193198917,257640,535476,0,22028.043775649796,45782.8317373461,0.0,67810.8755129959,11278.358413132695,68032095110.0,17034.0,161.0,13368.0,12277413737.0,7066783543.0,,41822379.0,2904242687.0,109661010.0,1049710.4768296853,604205.1592852257,1456.3953488372094,13.765389876880985,1142.954856361149,537451764.1367989,309353041.55403554,5816697598.324214,0.5755921967265051,,3.7758900277468443
stcp,udp,1,1024,8,15.001820039993618,27128,0,3.5318631245240923,1808.3139197563353,3.919890965335071,0.5015970091335475,0.884394976310432,1.2999490136280656,21.31483374334199,21144,41.671826625387,341070,633792,0,12572.61869654969,23363.01975818343,0.0,35935.63845473312,6437.180772633442,68032970946.0,291377.0,772.0,13962.0,19173514118.0,11148118394.0,,68392666.0,4397909321.0,165857427.0,706779.4941757594,410945.08972279564,10740.82129165438,28.457682099675612,514.6711884399882,361871101.0179888,210403885.93807137,2507850595.1784134,0.581433237819154,,3.7712789167350818
tls,tls,1,1024,8,15.006340891006403,22912,0,2.9820727334549333,1526.8212395289258,48.79476601490751,0.6311520119197667,0.9851059876382351,1.361548958811909,35.88209836834435,24960,41.099107562235794,310707,599772,0,13560.885125698323,26177.19972067039,0.0,39738.084846368714,6943.173184357542,68047838425.0,62881.0,304.0,13809.0,19024199549.0,12158049166.0,,60795957.0,4561118130.0,167700036.0,830315.9719361033,530641.1123428771,2744.457053072626,13.268156424581006,602.6972765363129,425121777.6312849,271688249.51955307,2969965015.057612,0.639083349324891,,3.6767308195106976
udp,udp,1,1024,8,15.009594550007023,9320,0,1.2127659371046424,620.9361597975769,0.2615540288388729,1.4123920118436217,3.4393160021863878,3.7737140082754195,10.784868269471295,20972,26.717334112832503,224557,479769,0,24094.098712446354,51477.36051502146,0.0,75571.45922746781,12336.178540772531,68059877703.0,14879.0,133.0,15072.0,10885434322.0,6061554360.0,,40425978.0,2476781554.0,98147127.0,1167965.0560085836,650381.3690987125,1596.4592274678112,14.27038626609442,1617.1673819742489,597998108.6763948,332995260.9785408,7302561985.300429,0.5568500236825001,,3.96268806352714
stcp,udp,2,1024,1,15.000650990987197,43718,0,5.692200878568716,2914.4068498271827,5.255772499367595,0.6032859673723578,1.21879403013736,1.484258973505348,47.27077514342825,21596,53.21619556913675,374334,668418,0,8562.46854842399,15289.308751543986,0.0,23851.777299967976,4383.983896793083,68051794091.0,418530.0,13367.0,10310.0,23456008607.0,13323251730.0,,89774781.0,5194352392.0,207970834.0,536529.7727938149,304754.3741708221,9573.402259938697,305.75506656297176,235.829635390457,274703243.6704332,156034239.5754609,1556608126.881376,0.5680101825177506,,4.003787542799426
tls,tls,2,1024,1,15.00528771901736,45248,0,5.889590500020572,3015.4703360105327,56.03493002126925,0.5739530315622687,1.0369279771111906,1.4774139854125679,62.72561497152264,26440,54.586796299200245,314579,600803,0,6952.329384724187,13278.001237623763,0.0,20230.33062234795,3559.592644978784,68042796406.0,124712.0,483.0,13950.0,24057417611.0,15664742847.0,,86564949.0,5583813968.0,213159653.0,531679.1374425389,346197.4639100071,2756.1881188118814,10.67450495049505,308.30091937765206,272219718.3705799,177253101.52192363,1503774673.0463226,0.651139831393934,,3.8174562086342054
udp,udp,2,1024,1,15.00212622701656,16926,0,2.2035938939419446,1128.2400736982756,0.19433247507549822,1.6284809680655599,3.7595360190607607,4.350111004896462,15.959144482389357,21224,27.278089059274553,239484,501471,0,14148.883374689827,29627.259836937257,0.0,43776.14321162709,7244.228287841191,68035171704.0,14727.0,177.0,11623.0,11502097966.0,6395502602.0,,41834485.0,2606913227.0,101478611.0,679552.0480916932,377850.7977076687,870.081531371854,10.457284650833039,686.6950254047028,347930648.6229469,193459608.42632636,4019565857.4973416,0.5560292236168561,,3.8926731411302167
stcp,udp,2,1024,4,15.000954504997935,43328,0,5.641307689574361,2888.3495370620726,4.596998012857512,0.6218630005605519,1.2383490102365613,1.4984370209276676,46.79541556946389,21512,53.32611386138614,348975,647596,0,8054.260524372231,14946.362629246678,0.0,23000.623153618908,4123.781388478582,68053168073.0,410192.0,13153.0,15017.0,23387571848.0,13356815549.0,,89790803.0,5198268354.0,207154212.0,539779.6309084195,308272.1461641433,9467.134416543575,303.5681314623338,346.5888109305761,276367171.0251108,157835338.83604136,1570651035.6582348,0.5711074084906431,,3.985061907021355
tls,tls,2,1024,4,15.004693654016592,44740,0,5.823698538264297,2981.7336515913203,69.14148648502305,0.5895970389246941,1.0823949705809355,1.5409690095111728,61.34254528772816,26404,54.37490146618319,321088,596917,0,7176.754582029504,13341.908806437192,0.0,20518.663388466695,3674.498345999106,68034585166.0,125934.0,539.0,12781.0,24226290647.0,15734854323.0,,88403097.0,5606924202.0,213132690.0,541490.6268886902,351695.44754135003,2814.796602592758,12.047384890478318,285.6727760393384,277243200.96700937,180068069.14117122,1520665739.0701833,0.649494986759291,,3.8012407930175907
udp,udp,2,1024,4,15.006342819018755,15752,0,2.0501747408441333,1049.6894673121963,0.5165085021872073,1.920834998600185,3.489670983981341,3.9756239857524633,22.91199822279432,21284,26.709810266215623,225593,481343,0,14321.546470289486,30557.579989842558,0.0,44879.12646013204,7332.631792788218,68041265405.0,14331.0,152.0,14843.0,10931965286.0,6065726081.0,,41664028.0,2470278047.0,94460520.0,694004.906424581,385076.5668486541,909.7892331132555,9.649568308786186,942.2930421533773,355330512.0893855,197159202.22651094,4319531831.196038,0.5548614473527519,,3.823882097592879
stcp,udp,2,1024,8,15.004405518993735,47808,0,6.223172246431138,3186.2641901727425,4.898396990029141,0.5695529980584979,1.119550026487559,1.454925979487598,43.68375669201171,21856,54.127032832157106,338151,597102,18,7073.104919678714,12489.583333333334,0.37650602409638556,19563.064759036144,3621.4297188755017,68037647519.0,452538.0,15767.0,24774.0,23561884763.0,13592761270.0,,92140624.0,5264816010.0,207955122.0,492843.9751296854,284319.80568105757,9465.737951807228,329.79836010709505,518.1977911646586,252336115.26639894,145571740.50870147,1423143564.2361112,0.5768961781591071,,3.9499029330751485
tls,tls,2,1024,8,15.007239755999763,36760,0,4.784149261778552,2449.4844220306186,55.79635701724328,0.6893289973959327,1.5370590263046324,2.4155870196409523,40.344214515393766,26432,63.10119860415718,229893,444551,0,6253.890097932535,12093.335146898802,0.0,18347.225244831337,3201.9917301414584,68057942721.0,246043.0,13672.0,22302.0,26429779493.0,19778960586.0,,97577973.0,5844422900.0,191938788.0,718982.0319096844,538056.5991838955,6693.22633297062,371.9260065288357,606.6920565832427,368118800.3377584,275484978.7821545,1851413022.8781285,0.7483588953603836,,3.284135855398144
udp,udp,2,1024,8,15.001626534969546,90928,0,11.838299639443765,6061.2094153952075,0.18015451496466994,0.3094649873673916,0.558796979021281,0.8819510112516582,47.96021273578923,21388,51.66006701187938,312841,590767,4,3440.5353686433223,6497.085606193911,0.04399084990322013,9937.664965687138,1761.554108745381,68034161925.0,302357.0,1591.0,11699.0,22375488774.0,16637533124.0,,64046000.0,5147932308.0,167051580.0,246079.19204205525,182974.80560443428,3325.2353510469825,17.49736054900581,128.66223825444308,125992546.32553229,93683100.46947035,748220151.3835123,0.7435606565758053,,3.2450228558832865
stcp,udp,4,1024,1,15.001494712021668,59300,0,7.720584829936026,3952.9394329272454,7.767916264128871,0.8594630053266883,1.9076350145041943,2.7494970127008855,47.70584623320877,22440,66.81552202032645,295057,560209,7,4975.666104553119,9447.032040472175,0.11804384485666104,14422.81618887015,2547.541045531197,68038004333.0,478161.0,22408.0,12185.0,28287286453.0,20224793140.0,,98437706.0,6292000053.0,216581731.0,477020.0076391231,341058.9062394604,8063.423271500844,377.8752107925801,205.4806070826307,244234243.91123104,174622159.99460372,1147352518.2630692,0.7149781996093537,,3.4421762424610076
tls,tls,4,1024,1,15.007997574983165,47850,0,6.227148610803586,3188.300088731436,94.33026202896144,0.9855949901975691,2.739230985753238,3.885179990902543,53.3300525937017,28976,75.0458435207824,232800,439388,0,4865.203761755486,9182.612330198537,0.0,14047.816091954022,2490.984326018809,68064821203.0,303259.0,20538.0,13130.0,31132223725.0,21807161109.0,,126351123.0,6559917770.0,229451275.0,650621.1854754441,455740.0440752351,6337.701149425287,429.2163009404389,274.39916405433644,333118046.96342736,233338902.56652036,1422462303.092999,0.700469112056659,,3.4977766954539127
udp,udp,4,1024,1,15.000630739028566,150071,0,19.53967316270206,10004.312659303454,0.32743198971729726,0.35688700154423714,0.9362180135212839,1.3190160389058292,85.61925977275095,22436,56.635318704284224,388178,681495,0,2586.6289956087453,4541.150522086213,0.0,7127.7795176949585,1324.3540457516776,68048906629.0,253739.0,1338.0,10294.0,24080865419.0,17118469643.0,,67824974.0,5464385886.0,179073582.0,160463.15023555516,114069.13822790545,1690.793024635006,8.915779864197614,68.59419874592693,82157132.92060424,58403398.77268759,453444747.0130805,0.7108743537719117,,3.2771035160381787
stcp,udp,4,1024,4,15.003346212033648,55696,0,7.250465893585155,3712.2385375155995,7.043019504635595,0.9093289845623076,2.1398559911176562,3.2804280053824186,39.74088790417781,22552,66.30669546436285,316510,560007,0,5682.813846595805,10054.707698937087,0.0,15737.521545532893,2909.600689457053,68040778371.0,483093.0,25151.0,13148.0,27986948060.0,20031913556.0,,98121674.0,6236456561.0,214702049.0,502494.7583309394,359665.2103562195,8673.746768170067,451.5764148233267,236.0672220626257,257277316.26544097,184148587.70238438,1221645690.3727376,0.7157591286143259,,3.442692928267155
tls,tls,4,1024,4,15.007550350972451,47708,0,6.208853898262096,3178.9331959101933,78.58836800733116,0.9816839592531323,2.794474014081061,3.988824028056115,50.194540906616936,29436,74.25003806913355,226255,442993,1,4742.496017439424,9285.507671669322,0.020960845141276097,14028.024649953886,2428.1579609289847,68047472945.0,298207.0,19763.0,14165.0,30840117456.0,21768596822.0,,124610915.0,6528180294.0,228055924.0,646434.9261339817,456288.18692881695,6250.670747044521,414.2491825270395,296.9103714261759,330974682.1805986,233619551.70755428,1426332542.65532,0.7058532397957804,,3.4934072548456485
udp,udp,4,1024,4,15.001328999991529,156440,0,20.367987063024387,10428.409376268486,0.26522050029598176,0.3935539862141013,0.9327950538136065,1.1914169881492853,90.94508893183867,22548,58.6586284853052,401903,681534,0,2569.0552288417284,4356.520071592943,0.0,6925.575300434672,1315.3562771669651,68036356297.0,261756.0,1280.0,11385.0,24904018544.0,17804959960.0,,69989678.0,5657142995.0,186546895.0,159192.14103809767,113813.3467143953,1673.2037841984147,8.18205062643825,72.7755049859371,81506376.21150601,58272433.517770395,434903837.23472255,0.7149432501643258,,3.297546043380507
stcp,udp,4,1024,8,15.008147722983267,57024,0,7.420969066651835,3799.5361621257393,9.430496720597148,0.9137289598584175,2.0254559931345284,2.84043001011014,43.83518953458355,22656,65.67809700339821,310829,559277,0,5450.845258136925,9807.747615039281,0.0,15258.592873176207,2790.8327721661058,68040014017.0,483046.0,25060.0,13381.0,27821016099.0,19901811242.0,,98518429.0,6215905630.0,211759873.0,487882.57749368687,349007.63261083054,8470.924523007856,439.46408529741865,234.65558361391695,249795879.67676768,178691907.89674523,1193182063.9906003,0.7153517028702396,,3.406742084017128
tls,tls,4,1024,8,15.013729086029343,47456,0,6.173516217649623,3160.840303436607,97.90500749659259,0.984127982519567,2.769053040537983,3.857314004562795,58.53960697997653,29224,74.21316709746085,227909,439748,0,4802.53287255563,9266.436277815239,0.0,14068.96915037087,2458.896830748483,68055516037.0,311837.0,20376.0,11144.0,30808401659.0,21601126065.0,,125987653.0,6469309828.0,227375485.0,649199.2932189818,455182.19118762645,6571.076365475387,429.366149696561,234.82805124747134,332390038.1281187,233053281.88806474,1434076113.3892448,0.7011440029927585,,3.514679170502699
udp,udp,4,1024,8,15.002966988948174,171272,0,22.296631409401787,11415.875281613715,0.17868824943434447,0.27182104531675577,0.6692850147373974,1.0227510356344283,99.78214983094844,22504,57.711663706335116,409636,693826,0,2391.727778037274,4051.018263347191,0.0,6442.746041384465,1224.5646223550843,68037344093.0,264933.0,1315.0,10293.0,24547372679.0,17150049208.0,,69552482.0,5555024357.0,187232540.0,143323.90979844925,100133.40889345603,1546.8552945023123,7.677845765799431,60.097388948573034,73381841.81680602,51268305.353449486,397247326.4339764,0.698651111557518,,3.370507993615986
stcp,udp,8,1024,1,15.003703996015247,57543,0,7.490728416452944,3835.2529492239073,13.897086137149017,1.9418569863773882,3.7067370139993727,5.405617004726082,51.820203878088414,23616,62.53464736680012,299423,541293,0,5203.465234694055,9406.756686304154,0.0,14610.221920998209,2664.174200163356,68041503759.0,468846.0,28166.0,13213.0,26375866717.0,18343011106.0,,92173847.0,5809690024.0,202185831.0,458367.9460055958,318770.50390143023,8147.750377978207,489.4774342665485,229.61958882922337,234684388.35486504,163210497.99753228,1182446236.0148063,0.6954467621030783,,3.4801483412155276
tls,tls,8,1024,1,15.012257329013664,51311,0,6.675664737062194,3417.940345375843,165.34445513389073,1.8827010062523186,5.225218017585576,7.466274022590369,55.71226776026433,33776,79.54409118176365,213857,406067,1,4167.858743739159,7913.839137806708,0.01948899846036912,12081.717370544327,2133.94367679445,68054044851.0,389535.0,30349.0,11480.0,32571879807.0,21521305501.0,,140576976.0,6674986686.0,246933033.0,634793.315409951,419428.6897741225,7591.647015259886,591.4716142737425,223.7337023250375,325014177.4898949,214747489.16435072,1326305175.3230302,0.6607326819490127,,3.699378659704491
udp,udp,8,1024,1,15.001416056009475,113569,0,14.786234332601055,7570.55197829174,0.336598270223476,0.9665279649198055,1.9017690210603178,3.2950949971564114,76.61146092535748,24472,54.823247453565,368526,649439,0,3244.952407787336,5718.453098997085,0.0,8963.405506784422,1661.415632787116,68045770482.0,215708.0,1215.0,14296.0,23069015247.0,17048905866.0,,63753847.0,5255035287.0,165615460.0,203127.7483027939,150119.36237881816,1899.3563384374256,10.69834197712404,125.87942132095907,104001407.13103047,76861113.5379549,599157961.0809288,0.7390391693558361,,3.1515575244509297
stcp,udp,8,1024,4,15.007656486006454,60168,0,7.830378121299269,4009.1535981052257,14.393673503946047,1.8631460261531174,3.5996719961985946,5.187573959119618,52.259891524789445,23656,63.69676834793114,301034,547681,0,5003.2243052785525,9102.529583831936,0.0,14105.753889110489,2561.650844302619,68038122666.0,467452.0,25850.0,10553.0,26857316051.0,18652581418.0,,93474036.0,5903418723.0,207719713.0,446372.09232482384,310008.33363249566,7769.113149847095,429.6303683020875,175.39223507512298,228542511.2703098,158724266.81983778,1130802464.2002394,0.6945065315752388,,3.5186342481639348
tls,tls,8,1024,4,15.015109863015823,61356,0,7.9810230223604,4086.283787448525,153.47258960537147,1.6392369871027768,4.0235359920188785,5.7952600182034075,89.25752873118272,34160,77.27949940405244,134866,277399,7995,2198.0898363648216,4521.138926918313,130.3051046352435,6849.533867918378,1125.4219962187888,68035287537.0,464577.0,20492.0,52655.0,32496216567.0,23296533412.0,,152233021.0,7300964802.0,265311787.0,529633.8836788578,379694.46202490386,7571.8267162135735,333.98526631462283,858.1882782449964,271172548.4435752,194403564.55675077,1108861195.9221592,0.7168998693730302,,3.6339277642774204
udp,udp,8,1024,4,15.002393738017417,137308,0,17.875793168953333,9152.406102504106,0.17764898802852258,0.8364850073121488,1.356170978397131,2.3593660444021225,94.15076851506909,24636,46.27306273062731,253317,512332,19509,1844.8815800972995,3731.2611064176886,142.08203455006264,5718.224721065051,944.5793690098174,68040989612.0,20625.0,209.0,14791.0,19157432138.0,17670428751.0,,51386848.0,4801432895.0,105065959.0,139521.60207708218,128691.90980132257,150.20974742913742,1.5221254406152591,107.72132723512105,71435060.26346608,65890257.81827716,495535508.5792525,0.9223798170710764,,2.188220918580598
stcp,udp,8,1024,8,15.009270730020944,79600,0,10.358181473070347,5303.388914212018,13.6514831247041,1.386481977533549,2.776385983452201,4.36233397340402,66.6264149663056,24100,71.53073645769933,240469,460896,16701,3020.967336683417,5790.150753768845,209.81155778894473,9020.929648241206,1546.7352763819097,68028098869.0,481017.0,16292.0,10946.0,29852386165.0,23369237521.0,,103846298.0,6822832501.0,207872203.0,375029.97694723617,293583.3859422111,6042.927135678392,204.67336683417088,137.51256281407035,192015348.19698492,150314693.60241207,854624357.6507539,0.7828264511866366,,3.046714146500487
tls,tls,8,1024,8,15.026612350018695,62448,0,8.116849437448106,4155.8269119734305,133.1883311358979,1.6314139938913286,3.949225996620953,5.595794995315373,79.46844386376377,34052,74.93150684931507,127737,269508,12875,2045.4938508839357,4315.718677940046,206.17153471688448,6567.384063540867,1047.2928516525747,68049995073.0,470640.0,21527.0,13150.0,30988118940.0,24487321699.0,,142802595.0,7182398638.0,241881050.0,496222.7603766334,392123.3938476813,7536.510376633359,344.7188060466308,210.57519856520625,254066053.31283626,200767177.6500128,1089706557.0234435,0.7902164615546038,,3.367691800344764
udp,udp,8,1024,8,15.00525861600181,166264,0,21.64137142252909,11080.382168334894,0.3230932488804683,0.5143089802004397,1.2437279801815748,1.9311009673401713,126.46241884670835,24476,45.25547445255474,291671,564826,15949,1754.264302554973,3397.163547129866,95.92575662801329,5247.353606312852,898.183322908146,68040762093.0,92321.0,246.0,11663.0,19282081996.0,16374370215.0,,51576318.0,4742744307.0,118768678.0,115972.68197565318,98484.15901818794,555.2675263436462,1.4795746523601019,70.14747630274744,59378013.17153443,50423889.41731223,409233280.1628735,0.8492013579444795,,2.504218450585766
stcp,udp,16,1024,1,15.010506679012906,72001,0,9.36856803918678,4796.706836063631,30.25336818609503,2.9895409825257957,7.1396990097127855,10.779947973787785,63.07654499923,24460,73.35052328226908,225781,436184,15197,3135.8036693934805,6058.026971847613,211.0665129650977,9404.897154206192,1605.5314787294622,68037758350.0,543374.0,33641.0,13136.0,30355924449.0,22698955940.0,,111410143.0,6768247626.0,211925686.0,421604.206177692,315258.8983486341,7546.7562950514575,467.22962181080817,182.44191052902042,215861353.5629783,161412555.95450065,944955741.5869223,0.7477603252747508,,3.1311751240586183
tls,tls,16,1024,1,15.019943532999605,58151,0,7.561691002730282,3871.5857933979046,255.68204392766347,3.394828992895782,9.213556011673063,12.71007303148508,103.33865081382399,41920,72.06626783248964,115509,239760,9235,1986.3630891988098,4123.0589327784555,158.81068253340442,6268.23270451067,1017.0179016697907,68032909666.0,462139.0,67246.0,12925.0,29928149152.0,21719905418.0,,143836553.0,6597100435.0,236884106.0,514662.67393509997,373508.7172705542,7947.223607504599,1156.4031572973809,222.2661691114512,263507289.05477118,191236463.24252376,1169935335.0071366,0.7257350031132322,,3.590730629827072
udp,udp,16,1024,1,15.00208146701334,154002,0,20.049561583262168,10265.37553063023,0.2095798117807135,1.5991479740478098,2.6996320229955018,4.218602960463613,135.61748777818386,28104,47.059703725871614,274822,546155,19707,1784.5352657757692,3546.4149816236154,127.96587057310944,5458.916117972493,913.6820560771938,68036144500.0,59320.0,266.0,10897.0,20183612269.0,18128620229.0,,51894316.0,5044836359.0,112625715.0,131060.71524395786,117716.78438591707,385.18980272983464,1.7272502954507083,70.7588213140089,67103086.20490643,60270993.60558954,441787408.60508305,0.8981851210471249,,2.232494911337916
stcp,udp,16,1024,4,15.012925859016832,75824,0,9.864416263073345,5050.5811266935525,29.453399507474387,2.976830000989139,6.362857995554805,9.596354037057608,82.35090292259424,24936,73.57426044525769,229808,441564,14381,3030.808187381304,5823.538721249209,189.66290356615318,9044.009812196666,1551.7737919392277,68049116833.0,548592.0,29608.0,12439.0,30525874168.0,22430690111.0,,111244734.0,6741307758.0,214897442.0,402588.5493775058,295825.7294656046,7235.070690018992,390.48322430892597,164.0509601181684,206125337.28128296,151462773.48638955,897461447.9979954,0.7348090995708123,,3.187770825994086
tls,tls,16,1024,4,15.028881082951557,57964,0,7.532891961493,3856.840684284416,292.7610261285736,3.3752729650586843,9.255112032406032,12.778518022969365,96.07771809692309,42012,71.96748964882687,115792,240665,9312,1997.6537160996481,4151.9736388102965,160.65143882409774,6310.278793734043,1022.7987026430199,68045533685.0,461400.0,66631.0,13066.0,29752302602.0,21666434219.0,,143853932.0,6621043143.0,238982583.0,513289.32789317507,373791.21901525086,7960.113173694017,1149.5238423849287,225.41577530881239,262804135.88130563,191381104.13580844,1173927501.2939067,0.7282271395540171,,3.6094400510387974
udp,udp,16,1024,4,15.004889892996289,149764,0,19.49416587432151,9981.012927652613,0.4247814467817079,1.5751930186524987,3.414384031202644,5.5957959848456085,118.51445846530608,27928,45.4601226993865,266955,529754,19584,1782.5044737052963,3537.2586202291604,130.76573809460217,5450.528832029059,912.6422905371118,68031132036.0,76642.0,224.0,10483.0,20108590822.0,18219693496.0,,50493018.0,5061412756.0,112158260.0,134268.5212868246,121656.02879196603,511.75182286797894,1.4956865468336848,69.99679495739964,68745482.8988542,62287886.74148661,454255575.6790684,0.9060651567919203,,2.2159477088100186
stcp,udp,16,1024,8,15.02430304599693,75472,0,9.811187217717555,5023.327855471388,32.643693120917305,3.0257199541665614,5.017443036194891,8.62200401024893,65.90741660151963,24828,70.177031320926,237736,464596,16459,3149.9894000423997,6155.872376510493,218.08087767648928,9523.942654229382,1612.7945728217087,68034349666.0,431148.0,18829.0,13784.0,29314273720.0,22794795120.0,,94778101.0,6590505630.0,193613425.0,388412.57313970744,302029.82722069114,5712.688149247403,249.48325206699175,182.63726945092222,198867237.4475302,154639271.53699386,901451527.268391,0.777600541556245,,2.937762834442795
tls,tls,16,1024,8,15.039681928989012,58440,0,7.5892978015707735,3885.720474404236,282.60754943767097,3.3420289983041584,9.182757989037782,12.849406979512423,78.02456897297442,42024,72.24095646842427,117708,245418,9544,2014.1683778234085,4199.486652977413,163.31279945242983,6376.967830253251,1031.2542094455853,68036245445.0,463670.0,65449.0,12876.0,29900855118.0,21836234268.0,,144135889.0,6635804724.0,237256393.0,511650.4982546201,373652.1948665298,7934.120465434634,1119.9349760438056,220.32854209445586,261965055.1063655,191309923.77166325,1164206800.906913,0.7302879526965373,,3.5753974516746196
udp,udp,16,1024,8,15.006731448986102,148568,0,19.336114328853725,9900.090536373107,0.15913250535959378,1.6499919584020972,2.498210989870131,3.75856104074046,130.28030165303525,27832,47.29609929078014,269140,537772,19686,1811.5610360239084,3619.7027623714393,132.50498088417424,5563.768779279522,927.519250444241,68028769278.0,40496.0,212.0,10887.0,19838798735.0,18021111664.0,,51610563.0,4960735703.0,108778463.0,133533.45764229173,121298.7430940714,272.5755209735609,1.426956006677077,73.27957568251574,68369130.31285337,62104956.464164555,457896513.9060901,0.9083771605690418,,2.192788923107037
stcp,udp,1,4096,1,15.00060815201141,17571,0,9.151191478966352,1171.352509307693,3.567405976355076,0.8252410334534943,1.123950001783669,1.274527981877327,33.24037232004757,21156,40.968890264664914,130635,321396,18984,7434.693529110466,18291.275396960904,1080.4165955267201,26806.385521598088,951.6407717261397,68034981777.0,264270.0,731.0,14683.0,18385970648.0,18436008433.0,,43012141.0,4756835459.0,93722457.0,1046381.5746400319,1049229.322918445,15040.122929827556,41.60264071481418,835.6382676000227,133936841.55392408,134301353.33356097,3872003971.1456375,1.0027215199000354,,1.9702690540341434
tls,tls,1,4096,1,15.002382351958659,9805,0,5.105959887097476,653.5628655484769,67.52649502595887,1.596704008989036,1.8807469750754535,2.151101012714207,42.5195468982777,24736,36.19705617302493,66613,171885,15562,6793.778684344722,17530.341662417133,1587.149413564508,25911.269760326366,869.6036715961244,68054956685.0,31054.0,613.0,47937.0,15796481684.0,17619451424.0,,37534040.0,4526141213.0,78744167.0,1611063.914737379,1796986.376746558,3167.1596124426314,62.51912289648139,4889.036206017338,206216181.0863845,230014256.2235594,6940842089.240184,1.115403529499006,,1.739763814125611
udp,udp,1,4096,1,15.00066641398007,7634,0,3.9758650285308077,508.9107236519434,0.1759990118443966,1.82794698048383,3.860249009449035,4.272869962733239,20.673714849826936,20928,28.604752879428485,260239,544948,0,34089.46816871889,71384.33324600472,0.0,105473.80141472361,4363.451925596019,68058623167.0,12667.0,128.0,10345.0,12183061826.0,6862850412.0,,41479556.0,2828038566.0,110687393.0,1595894.9208802725,898984.8587896253,1659.287398480482,16.76709457689285,1355.1218234215353,204274549.87267488,115070061.92507204,8915198214.173433,0.5633108088932061,,3.913927989905637
stcp,udp,1,4096,4,15.000963248021435,18744,0,9.761873126335038,1249.5197601708849,4.0548259858042,0.705953047145158,1.3889270485378802,2.5089660193771124,17.02799985418876,21644,46.75925925925926,348987,694567,0,18618.59795134443,37055.43107127614,0.0,55674.029022620576,2383.180537772087,68053858019.0,259488.0,705.0,10433.0,21303320827.0,13467223370.0,,67488338.0,5000864089.0,177621952.0,1136540.8038305591,718481.8272513871,13843.790012804098,37.61203585147247,556.6047801963294,145477222.89031157,91965673.88817754,3630700918.6406317,0.6321654487281407,,3.5518252213792567
tls,tls,1,4096,4,15.003778848040383,11748,0,6.117208933134028,783.0027434411555,43.93820697441697,1.111240009777248,1.915458997245878,2.5436769938096404,25.997783888353283,24932,43.28078663961292,315164,608414,0,26827.03438883214,51788.72999659516,0.0,78615.7643854273,3433.860401770514,68039477555.0,41280.0,313.0,14949.0,19777318865.0,14103680043.0,,56031022.0,4828651050.0,153469475.0,1683462.6204460333,1200517.5385597548,3513.7895812053116,26.642832822608106,1272.4719101123596,215483215.41709226,153666244.93564862,5791579635.257066,0.7131239648443621,,3.178309499088778
udp,udp,1,4096,4,15.010306089010555,6136,0,3.1936390714308165,408.7858011431445,0.09728799341246486,2.386256994213909,4.252826038282365,5.027222039643675,8.281423394224335,20844,27.45387453874539,232672,488620,2,37919.16558018253,79631.68187744459,0.3259452411994785,117551.17340286831,4853.653194263364,68036922852.0,8781.0,144.0,16664.0,11240203929.0,6341879932.0,,41379372.0,2576598262.0,95658879.0,1831845.4903846155,1033552.7920469361,1431.0625814863104,23.46805736636245,2715.7757496740546,234476222.76923078,132294757.38200782,11088155614.732725,0.5642139566202883,,3.7126035676880385
stcp,udp,1,4096,8,15.00092008599313,19376,0,10.09104769122422,1291.6541044767002,2.7886099996976554,0.6296859937720001,1.3591049937531352,2.4424779694527388,15.380936547714748,21324,45.120425398811385,339514,637929,0,17522.398843930634,32923.66845582164,0.0,50446.06729975227,2242.8670520231212,68040980444.0,267002.0,660.0,16500.0,20324251173.0,12867734859.0,,66838156.0,4719778490.0,169838144.0,1048939.4701176714,664106.8775289017,13780.03715937242,34.062758051197356,851.5689512799339,134264252.17506194,85005680.32369941,3511611294.5912466,0.6331222119560449,,3.598434637554357
tls,tls,1,4096,8,15.009156050975434,11464,0,5.967190939705061,763.8004402822478,47.40441998001188,1.1376389884389937,2.037680009379983,2.718210977036506,29.131124929011882,25000,42.40098249923242,294570,587021,21,25695.219818562455,51205.60013956734,1.83182135380321,76902.6517794836,3288.988136775994,68035301647.0,40189.0,288.0,10458.0,19247690301.0,13679148174.0,,55243562.0,4666044387.0,145458318.0,1678968.100226797,1193226.4631891137,3505.6699232379624,25.12212142358688,912.2470341939986,214907916.82903,152732987.28820655,5934691350.924633,0.7106903716800405,,3.1173796461358005
udp,udp,1,4096,8,15.012567196041346,6000,0,3.1223840258553808,399.66515530948874,0.12075499398633838,2.4581230245530605,4.2909589828923345,4.925045999698341,8.006039102472302,20900,27.37430167597765,231914,487909,0,38652.33333333333,81318.16666666666,0.0,119970.5,4947.498666666666,68031482223.0,8527.0,128.0,16658.0,11162242659.0,6274349684.0,,41347032.0,2537276176.0,95226863.0,1860373.7765,1045724.9473333333,1421.1666666666667,21.333333333333332,2776.3333333333335,238127843.392,133852793.25866666,11338580370.5,0.5621047557984289,,3.753113827369181
stcp,udp,2,4096,1,15.000698696996551,32218,0,16.779426750995015,2147.766624127362,5.816775985294953,0.7758629508316517,1.5409719781018794,2.0381700014695525,32.026981522946755,21628,58.34741207187836,356776,668534,0,11073.809671612142,20750.32590477373,0.0,31824.13557638587,1417.4476379663543,68032790334.0,361676.0,14556.0,15011.0,25121901185.0,16352332786.0,,87430591.0,5746828951.0,213233663.0,779747.382984667,507552.6968154448,11225.898566018994,451.79713203799116,465.91967223291323,99807665.02203737,64966745.192376934,2111639156.1859827,0.6509193976037049,,3.7104577988682856
tls,tls,2,4096,1,15.009109270002227,23430,0,12.195718727016292,1561.0519970580854,69.24129149410874,1.1743059731088579,1.6871489933691919,2.341279003303498,57.59653584025587,26276,59.10849713666615,337848,627596,0,14419.46222791293,26786.000853606485,0.0,41205.46308151942,1845.6911651728556,68046729371.0,70353.0,388.0,12857.0,25589046405.0,19766546523.0,,73183565.0,6215915906.0,180727092.0,1092148.8008962867,843642.6172855314,3002.6888604353394,16.559965855740504,548.7409304310713,139795046.5147247,107986255.01254801,2904256481.9035425,0.7724612402569911,,2.907489334364235
udp,udp,2,4096,1,15.00212677300442,9891,0,5.150832189943209,659.3065203127308,0.43633198947645724,3.020342963282019,4.6766920131631196,5.078557005617768,28.86548731072188,21576,28.136937995885987,246976,520106,0,24969.77049843292,52583.76301688404,0.0,77553.53351531696,3196.1306237994136,68032020852.0,6995.0,161.0,12604.0,11652364371.0,6500099869.0,,41783811.0,2669584109.0,101809162.0,1178077.4816499848,657173.1745020726,707.2085734506117,16.277423920736023,1274.2897583661916,150793917.65119806,84118166.3362653,6878174183.803457,0.5578352737730399,,3.813671262754734
stcp,udp,2,4096,4,15.003507205983624,30020,0,15.631761746111296,2000.865503502246,5.071713501820341,0.879018974956125,1.6265269950963557,2.0293690031394362,35.39113173406766,21624,58.530986993114,362578,678655,0,12077.88141239174,22606.76215856096,0.0,34684.6435709527,1545.9688207861425,68047470149.0,341694.0,12236.0,10911.0,25189981934.0,16101467004.0,,86594138.0,5738287541.0,212657187.0,839106.6600266489,536357.9948034644,11382.211858760826,407.59493670886076,363.45769487008664,107405652.48341106,68653823.33484344,2266737846.4023986,0.639201212854669,,3.705934662223996
tls,tls,2,4096,4,15.007465080998372,23068,0,12.008606985078584,1537.1016940900588,53.77340901759453,1.1850619921460748,1.9672809867188334,2.6287449873052537,56.94331423646061,26240,57.632640397145515,322057,590516,0,13961.201664643662,25598.924917634817,0.0,39560.12658227848,1787.0338130743887,68044609795.0,68819.0,398.0,13609.0,25021574520.0,19401261574.0,,70950008.0,6081167913.0,176221145.0,1084687.6417548119,841046.539535287,2983.3102132824692,17.253337957343504,589.9514478931853,138840018.14461592,107653957.06051673,2949740324.0419626,0.7753813237649123,,2.8978174508762327
udp,udp,2,4096,4,15.010694538999815,14760,0,7.682022953728259,983.2989380772171,0.5343539814930409,2.02594802249223,3.829939989373088,4.514381987974048,31.948508362089058,21388,31.113838600797788,307005,616217,0,20799.796747967477,41749.119241192406,0.0,62548.91598915988,2662.3739837398375,68042356593.0,9138.0,173.0,16232.0,14403297903.0,8477436066.0,,44539151.0,3484795933.0,122901558.0,975833.1912601626,574352.0369918699,619.1056910569106,11.720867208672088,1099.728997289973,124906648.48130082,73517060.73495935,4609915758.333333,0.5885760416185152,,3.5267935443839953
stcp,udp,2,4096,8,15.002167769009247,32328,0,16.835067030894788,2154.888579954533,3.5857414768543094,0.7963969837874174,1.6284830053336918,2.300214022397995,31.321780107717874,21656,57.29943674836353,368493,655256,2,11398.5708982925,20268.992823558525,0.061865874783469436,31667.625587725808,1459.0170749814401,68029551390.0,369628.0,16208.0,12572.0,24755748942.0,15984244799.0,,86643448.0,5603776412.0,207302778.0,765768.032108389,494439.6436216283,11433.67978223212,501.3610492452363,388.88888888888886,98018308.10987379,63288274.38356842,2104353853.9346695,0.6456780942660765,,3.69934063671918
tls,tls,2,4096,8,15.008095959958155,21176,0,11.023217098384096,1410.9717885931643,59.38413098920137,1.26230699243024,2.2361690062098205,2.795944979880005,64.15911136023179,26516,55.701280666563804,302568,586140,18,14288.25085001889,27679.448432187382,0.8500188893086513,41968.54930109558,1828.8961088024178,68055313371.0,65507.0,424.0,15008.0,23943311537.0,18372281131.0,,71060837.0,5800513769.0,171169014.0,1130681.5043917643,867599.2222799396,3093.4548545523235,20.022667170381567,708.7268605969022,144727232.56214583,111052700.45183226,3213794549.0649796,0.7673241482327541,,2.950928500761223
udp,udp,2,4096,8,15.010410819959361,41880,0,21.797371432695126,2790.063543384976,0.11171100777573884,0.5499979597516358,1.9335480174049735,2.999811025802046,47.295947360481506,21544,58.12651331719129,343559,632505,2,8203.414517669531,15102.793696275072,0.04775549188156638,23306.255969436486,1050.0370582617002,68056709110.0,175341.0,5396.0,58831.0,23753384918.0,15289392742.0,,85720610.0,5605243897.0,200974232.0,567177.2903056352,365076.2354823305,4186.747851002865,128.84431709646609,1404.7516714422159,72598693.1591213,46729758.1417383,1625040809.6943648,0.6436721669261505,,3.5854681026023516
stcp,udp,4,4096,1,15.003695497987792,17877,0,9.308644161615446,1191.506452686777,8.729201246751472,3.5190089838579297,4.272383986972272,6.5501100034452975,19.00417800656114,21928,62.14458560193587,309310,580105,2,17302.120042512724,32449.795827040332,0.11187559433909493,49752.027745147396,2214.671365441629,68049241353.0,457437.0,23227.0,12278.0,25857803093.0,18382448997.0,,83947157.0,5694256426.0,198535690.0,1446428.544666331,1028273.7034737372,25588.018123846283,1299.267214857079,686.8042736477038,185142853.71729037,131619034.04463837,3806524660.345696,0.7109052896290458,,3.4865955297250957
tls,tls,4,4096,1,15.009003926999867,19253,0,10.021588589860945,1282.763339502201,95.49004699510988,2.2532810107804835,8.119436970446259,12.467599008232355,39.90734514517029,28384,90.74561403508771,277238,497886,38,14399.729912221472,25860.17763465434,1.9737183815509272,40261.88126525736,1843.1654287643485,68051615795.0,327459.0,15278.0,10898.0,36753052848.0,26033395836.0,,139632859.0,7489658507.0,242689025.0,1908951.9995844804,1352173.4709395939,17008.20651327066,793.5386692982912,566.0416558458422,244345855.9468135,173078204.280268,3534598026.021919,0.7083328817245903,,3.240321635134332
udp,udp,4,4096,1,15.001301137031987,51455,0,26.79715471530987,3430.0358035596632,0.15399976109620184,0.9044409962370992,2.8643899713642895,4.953893949277699,97.18714974669541,22564,81.7951771360524,415161,691289,5,8068.428724127878,13434.826547468661,0.09717228646390048,21503.352443883003,1032.7588766883684,68072810314.0,368299.0,12507.0,12623.0,33311450585.0,21219415172.0,,116812226.0,7128414794.0,267165532.0,647389.9637547372,412387.8179380041,7157.691186473618,243.06675736080072,245.3211544067632,82865915.36060636,52785640.696064524,1322958124.8469536,0.6370006348974491,,3.747895425850832
stcp,udp,4,4096,4,15.011825093999505,17204,0,8.95335837970325,1146.029872602016,6.133701259386726,3.5654540406540036,4.048964008688927,5.29611500678584,18.671533823827886,21668,59.43268797838811,310140,582737,0,18027.20297605208,33872.180888165545,0.0,51899.38386421762,2307.4819809346664,68062118590.0,441522.0,21740.0,11981.0,24749986261.0,17636631449.0,,78301293.0,5466120281.0,189780917.0,1438618.1272378517,1025147.1430481283,25663.91536851895,1263.6596140432457,696.4078121367123,184143120.28644502,131218834.31016043,3956179876.191583,0.7125915652240612,,3.471949156692917
tls,tls,4,4096,4,15.020320221025031,18720,0,9.736809724954018,1246.3116447941143,85.96397897053976,2.339325030334294,8.239704999141395,12.665602029301226,37.16243008046252,28236,90.29154950421785,279115,499680,38,14909.989316239316,26692.30769230769,2.02991452991453,41604.32692307692,1908.4786324786326,68042795443.0,325303.0,15717.0,11742.0,36566324005.0,25897875415.0,,139567016.0,7413099518.0,239481320.0,1953329.2737713675,1383433.515758547,17377.297008547008,839.5833333333334,627.2435897435898,250026147.04273504,177079490.01709402,3634764713.83547,0.7082438861357456,,3.230515379140766
udp,udp,4,4096,4,15.002422338991892,58220,0,30.318020631764448,3880.7066408658493,0.4731207445729524,0.8638629806227982,1.5820400440134108,2.872701035812497,99.13860351300725,22624,80.60561299852289,428395,700728,0,7358.210237031948,12035.863964273445,0.0,19394.074201305393,941.8509103400893,68039875019.0,379052.0,14799.0,11250.0,32951382337.0,20581049596.0,,116447552.0,7029576535.0,265992312.0,565980.4592408107,353504.8024046719,6510.683613878393,254.19099965647544,193.2325661284782,72445498.78282377,45248614.707798004,1168668413.242872,0.6245883521824283,,3.7839023542262353
stcp,udp,4,4096,8,15.023916573030874,16696,0,8.681990436112091,1111.2947758223477,6.099969265051186,3.5923440009355545,3.906209021806717,4.600918968208134,18.320888475518984,21824,56.33631810593413,307436,581667,0,18413.751796837565,34838.703881169145,0.0,53252.45567800671,2356.9602299952085,68046594832.0,432379.0,19457.0,13597.0,23855666657.0,17039950527.0,,73010385.0,5286144809.0,181413778.0,1428825.2669501677,1020600.7742573072,25897.1609966459,1165.3689506468613,814.3866794441782,182889634.16962147,130636899.10493532,4075622594.1542883,0.7142936213857576,,3.431873029492712
tls,tls,4,4096,8,15.054343838011846,19728,0,10.237908849327473,1310.4523327139166,102.40406225784682,2.2083049989305437,8.017264015506953,12.467605993151665,44.24309735228966,28356,89.78337236533957,276146,500027,39,13997.668288726683,25346.056366585566,1.9768856447688565,39345.701540957016,1791.7015409570154,68066100722.0,325009.0,14279.0,10987.0,36484041273.0,25777329458.0,,138390680.0,7428743565.0,240055624.0,1849353.268096107,1306636.732461476,16474.50324412003,723.7935928629358,556.9241686942416,236717218.3163017,167249501.75506893,3450228138.78751,0.7065371203018702,,3.2314431357007005
udp,udp,4,4096,8,15.00469776999671,51176,0,26.64582160391543,3410.665165301175,0.13444398064166307,0.9000420104712248,3.53514397284016,5.39633899461478,84.2851565147038,22760,74.01953637556495,422606,720142,0,8257.894325465062,14071.869626387368,0.0,22329.76395185243,1057.0104736595279,68066892444.0,331427.0,8411.0,9864.0,30229072150.0,19254611761.0,,101829678.0,6483495322.0,243033777.0,590688.4506409254,376242.9998632171,6476.21932155698,164.35438486790682,192.74659996873532,75608121.68203846,48159103.98249179,1330054956.3076441,0.6369567569079357,,3.748499303690868
stcp,udp,8,4096,1,15.005884775018785,26800,0,13.95285937078228,1785.9659994601318,13.43969988374738,4.733896988909692,5.377272958867252,7.403712021186948,40.42590017816797,22440,61.94319880418535,303484,571142,0,11324.029850746268,21311.268656716416,0.0,32635.298507462685,1449.4758208955225,68052936648.0,431773.0,24317.0,11239.0,25680947205.0,17993745257.0,,81308007.0,5572272436.0,194435851.0,958244.2986940298,671408.4051119403,16110.932835820895,907.3507462686567,419.36567164179104,122655270.23283581,85940275.85432836,2539288680.895522,0.7006651706949764,,3.4893457423911207
tls,tls,8,4096,1,15.014479005010799,22745,0,11.834930298993228,1514.8710782711332,162.48806400835747,4.20198799110949,12.11707602487877,17.952437978237867,58.430578890364174,32500,93.38150289017341,262408,474365,56,11536.953176522311,20855.792481864144,2.462079577929215,32395.207737964385,1476.7300065948561,68052827981.0,331246.0,20924.0,10340.0,37781547423.0,26456619351.0,,147441160.0,7591367832.0,242843762.0,1661092.4345130797,1163183.9679489997,14563.464497691799,919.9384480105517,454.60540778193007,212619831.6176742,148887547.89747196,2991990678.4348207,0.700252402443797,,3.198946057867691
udp,udp,8,4096,1,15.00137300096685,45882,0,23.894687838033054,3058.520043268231,0.247254989517387,2.2210159804672003,5.296119023114443,9.312818991020322,148.15659205705737,23504,73.56304544086669,407410,696894,0,8879.517021925809,15188.83222178632,0.0,24068.34924371213,1136.5781788065035,68039636370.0,362943.0,9648.0,13725.0,30093781212.0,19111396443.0,,104037606.0,6445889812.0,242260619.0,655895.1486857592,416533.6394010723,7910.357002746176,210.2785406041585,299.13691643781874,83954579.03177717,53316305.84333725,1482926558.7812214,0.635061320754843,,3.758373569293648
stcp,udp,8,4096,4,15.014372689998709,25072,0,13.045833085685636,1669.8666349677615,15.426971498527564,4.83020901447162,5.537630000617355,7.058560033328831,25.177528745627036,22112,58.51322590453025,307458,577008,0,12263.002552648373,23014.039566049778,0.0,35277.04211869815,1569.6643267389918,68081890888.0,447765.0,21719.0,12355.0,24584155875.0,17323506934.0,,77071486.0,5379904101.0,189166307.0,980542.2732530313,690950.3403797065,17859.16560306318,866.2651563497128,492.78079132099555,125509410.976388,88441643.56860243,2715455124.7606893,0.7046614503293374,,3.516165036563353
tls,tls,8,4096,4,15.021122999023646,23024,0,11.97480374880704,1532.774879847301,150.32196436368395,4.209810984320939,11.769481003284454,16.684759000781924,57.206608324547624,32832,93.08495216004638,260663,473369,53,11321.360319666435,20559.807157748437,2.301945795691452,31883.46942321056,1449.1341209173036,68058014500.0,330427.0,18518.0,10497.0,37725773609.0,26572225933.0,,146130689.0,7594043571.0,242967389.0,1638541.244310285,1154109.8824270326,14351.415913829047,804.2911744266852,455.9155663655316,209733279.27171648,147726064.95066017,2955959629.0826964,0.7043520487717932,,3.199446865538665
udp,udp,8,4096,4,15.004528492980171,44356,0,23.09511093015177,2956.1741990594264,0.2798262648866512,2.510430000256747,4.9162390059791505,8.85617098538205,140.48246840853167,23284,74.58079833803235,325907,589749,26,7347.529082874921,13295.811164216791,0.5861664712778429,20643.92641356299,940.48372260799,68100437462.0,243747.0,8354.0,54374.0,29762962700.0,20565893811.0,,109514440.0,6740359022.0,228144951.0,671001.9546397331,463655.2847641807,5495.243033636937,188.3397961944269,1225.8544503562089,85888250.19388583,59347876.44981513,1535315119.9837677,0.6909894696403998,,3.384759628609587
stcp,udp,8,4096,8,15.020941415044945,46768,0,24.32437421226083,3113.5198991693865,22.939817870792467,2.139854012057185,5.280947952996939,7.827555004041642,62.862744345320024,23332,94.68627165526277,255209,463394,58,5456.914984604859,9908.356140951078,1.2401642148477592,15366.511289770784,698.4851180294218,68038984333.0,312095.0,21338.0,11512.0,38128217085.0,27180563729.0,,148190955.0,7746648162.0,243157074.0,815262.9380131714,581178.6633809443,6673.259493670886,456.25213821416355,246.15121450564487,104353656.06568594,74390868.91276087,1454819199.730585,0.7128726651027459,,3.138868177759381
tls,tls,8,4096,8,15.029525313002523,23680,0,12.3091046554844,1575.5653959020033,171.68077761743916,4.366729990579188,10.279318958055228,13.528943993151188,72.28723312106762,32404,90.60676779463243,165402,338114,87,6984.881756756757,14278.462837837837,3.6739864864864864,21267.01858108108,894.064864864865,68046515815.0,373853.0,48191.0,10490.0,36621544341.0,31212304804.0,,143826958.0,8405532525.0,235205815.0,1546517.9198057433,1318087.196114865,15787.711148648648,2035.0929054054054,442.98986486486484,197954293.73513514,168715161.1027027,2873585971.9172297,0.8522935164439793,,2.79822621946252
udp,udp,8,4096,8,15.008710536989383,49040,0,25.52684316589209,3267.4359252341874,0.468230624392163,2.077765006106347,4.9846829497255385,6.977871002163738,120.70203469747159,23532,93.45395704619006,300852,539888,83,6134.8287112561175,11009.135399673736,1.6924959216965743,17145.65660685155,785.2580750407831,68045793148.0,205360.0,16041.0,13253.0,37729130572.0,29084803848.0,,135627768.0,8399182016.0,246673064.0,769354.2123164764,593083.2758564437,4187.601957585644,327.1003262642741,270.2487765089723,98477339.17650898,75914659.30962479,1387556956.5252855,0.7708845501355064,,2.9368700848499385
stcp,udp,16,4096,1,15.009494259953499,53438,0,27.814686342489292,3560.2798518386294,42.295948063838296,3.8612220087088645,10.1292310282588,14.859203016385436,62.50385814151386,24348,93.51906158357771,269531,479434,62,5043.807777237172,8971.780381002283,1.1602230622403533,14016.748381301695,645.6073954863581,68047950723.0,329730.0,26868.0,12348.0,37669593709.0,26257597224.0,,139250323.0,7574207137.0,246162104.0,704921.4736517086,491365.64287585614,6170.3282308469625,502.7882780044163,231.07152213780455,90229948.6274187,62894802.288109586,1273400028.500318,0.697050183945216,,3.2500049120322867
tls,tls,16,4096,1,15.032881631981581,29046,0,15.095035040869138,1932.1644852312497,355.27299212117214,6.82778301415965,17.806698044296354,24.154394981451333,82.14629970695914,40896,89.28257686676427,159870,319303,83,5504.028093369138,10993.011085863802,2.857536321696619,16499.896715554638,704.5155959512497,68039234092.0,372687.0,58067.0,10945.0,36010261645.0,29834807652.0,,140548821.0,8137638111.0,231424279.0,1239766.633787785,1027157.1869448461,12830.923362941541,1999.1392962886457,376.8160848309578,158690129.12483647,131476119.9289403,2342464852.027818,0.8285084942209117,,2.843875284736166
udp,udp,16,4096,1,15.00307428999804,46865,0,24.40385253201648,3123.6931240981094,0.4673443145293277,4.686461994424462,8.929993025958538,13.006813998799771,160.6606121791266,24812,93.66588648332358,306250,541922,72,6534.727408513817,11563.46954016857,1.536327749919983,18099.733276432307,836.4451082897685,68038202739.0,215534.0,14684.0,12628.0,37828055233.0,28910358138.0,,135911566.0,8349618295.0,245366000.0,807170.7080550517,616885.9092713112,4599.0397951563,313.32550944201427,269.45481702763254,103317850.63104662,78961396.38672784,1451791373.925104,0.7642570563019458,,2.938649305045866
stcp,udp,16,4096,4,15.039052926993463,37524,0,19.492999421114906,2495.103925902708,37.94406811721274,6.502185016870499,11.432601022534072,16.673459962476045,51.588979955475445,23368,94.94169096209913,236953,440921,77,6314.705255303273,11750.37309455282,2.0520200405074087,18067.1303698966,808.2822726788189,68046260110.0,302332.0,20041.0,10980.0,38249787146.0,27526496279.0,,146192331.0,7738334008.0,237512407.0,1019341.9450485023,733570.4157072806,8057.030167359557,534.0848523611555,292.61272785417333,130475768.9662083,93897013.21053192,1813406356.1986995,0.7196509662637065,,3.0692963983521038
tls,tls,16,4096,4,15.033702114014886,29168,0,15.157610432334415,1940.1741353388052,323.75933748699026,6.839026988018304,17.63656601542607,24.347992963157594,95.30397696681283,41468,89.16212634369018,156454,311720,84,5363.891936368623,10687.054306088865,2.8798683488754797,16053.826110806362,686.5781678551838,68051562184.0,373717.0,58293.0,11533.0,35993032161.0,29903262529.0,,141562392.0,8145397515.0,232177970.0,1233990.4059585847,1025207.848635491,12812.568568294022,1998.525781678552,395.3990674712013,157950771.96269885,131226604.62534285,2333089762.2051563,0.8308069849530897,,2.850419142496571
udp,udp,16,4096,4,15.018172206007876,47300,0,24.605607455491327,3149.51775430289,0.3292035653430503,4.651750961784273,8.876215957570821,12.354639999102801,158.78404291076413,24744,93.88262842089858,304024,541763,82,6427.568710359408,11453.763213530656,1.733615221987315,17883.06553911205,822.7287949260042,68049005370.0,214459.0,15398.0,11274.0,37886467314.0,29040608232.0,,136930172.0,8374444920.0,247124762.0,800982.3956448203,613966.3473995771,4534.016913319239,325.53911205073996,238.3509513742072,102525746.642537,78587692.46714588,1438668189.640592,0.766516655968839,,2.9509390098179784
stcp,udp,16,4096,8,15.029619523033034,41856,0,21.757037794527626,2784.900837699536,30.155379565258045,5.199304025154561,10.662605985999107,15.129557985346764,55.47407894938815,23588,95.66419321984577,245557,449181,56,5866.709671253822,10731.579701834862,1.337920489296636,16599.62729357798,750.9388379204893,68070129073.0,314289.0,20968.0,10960.0,38486823460.0,27501502102.0,,144860670.0,7726770411.0,239748428.0,919505.5299120796,657050.4133696483,7508.815940366972,500.9556574923547,261.85015290519874,117696707.82874618,84102452.91131498,1626293221.3541665,0.7145692896838517,,3.102828416626549
tls,tls,16,4096,8,15.054607519996352,28952,0,15.024470063371988,1923.1321681116144,321.18083319437574,6.94316002773121,17.732876003719866,24.08350701443851,59.28620847899835,41184,88.94117647058823,158951,316388,77,5490.156120475269,10928.018789720916,2.6595744680851063,16420.83448466427,702.7399834208345,68041141442.0,371727.0,58926.0,10979.0,35928887366.0,29886925257.0,,140856989.0,8146528308.0,231366732.0,1240981.188380768,1032292.2512088974,12839.423873998341,2035.2998065764023,379.2138712351478,158845592.1127383,132133408.15473887,2350136137.1235147,0.8318355353603966,,2.8400654027408803
udp,udp,16,4096,8,15.035262351040728,44312,0,23.025038866450988,2947.2049749057264,0.25718449978739955,4.76223899750039,10.891404992435127,15.944042010232806,124.512479815187,24716,92.70818142044625,297140,529708,72,6705.63278570139,11954.053078172956,1.6248420292471564,18661.310705903594,858.3209965697779,68065655556.0,204209.0,17562.0,11115.0,37459265078.0,29004815979.0,,136432947.0,8315404650.0,243182364.0,845352.6150478426,654558.9451841487,4608.435638201841,396.32605163386893,250.8349882650298,108205134.72612385,83783544.98357104,1536054692.9951255,0.7743028572131454,,2.9244802175682456
stcp,udp,1,65536,1,15.003507298999466,2034,0,16.94603767860033,135.56830142880264,4.187309008557349,6.506584992166609,11.675088026095182,17.290922987740487,16.729001759257844,21240,92.1577315019938,218389,414341,68,107369.22320550638,203707.47295968534,33.43166175024582,311110.12782694196,858.953785644051,68063539000.0,231361.0,24320.0,13506.0,37251322820.0,30777523064.0,,125579034.0,8207130781.0,216992577.0,18314318.003933135,15131525.59685349,113746.80432645035,11956.735496558507,6640.117994100296,146514544.03146508,121052204.77482791,33462900196.656837,0.8262128894782695,,2.6439517389238008
tls,tls,1,65536,1,15.006538450019434,1042,0,8.679549946432271,69.43639957145817,57.786824996583164,13.628677988890558,20.31028299825266,28.015616990160197,23.56001693378809,25128,92.64619883040936,170011,355005,10514,163158.34932821497,340695.7773512476,10090.21113243762,513944.3378119002,1305.2667946257197,68046574648.0,240878.0,18943.0,14077.0,37390563904.0,36169034098.0,,124634230.0,9160173079.0,212536340.0,35883458.64107486,34711165.1612284,231168.90595009597,18179.46257197697,13509.596928982724,287067669.12859887,277689321.2898272,65303814441.45873,0.9673305326676466,,2.3202218797289604
udp,udp,1,65536,1,15.001161249994766,3257,0,27.139565611971676,217.1165248957734,0.07088796701282263,3.984422015491873,8.11159802833572,12.661172018852085,35.759211641044594,21140,77.76780371035308,239558,437405,91,73551.73472520725,134296.89898679766,27.939821922014122,207876.57353392692,588.413877801658,68031270647.0,152416.0,15456.0,47222.0,31506384176.0,24450404232.0,,113628064.0,7227910619.0,228791600.0,9673436.959164876,7507032.309487258,46796.438440282465,4745.471292600552,14498.618360454406,77387495.67331901,60056258.475898065,20887709747.313477,0.7760460259551175,,3.165390554202148
stcp,udp,1,65536,4,15.018753876036499,3084,0,25.66790848174781,205.34326785398247,2.3290530079975724,4.543707997072488,6.123787956312299,9.012615017127246,19.109008801184153,21540,52.6671675432006,337551,637777,0,109452.3346303502,206801.88067444877,0.0,316254.21530479897,875.6186770428016,68032755129.0,170801.0,720.0,16719.0,21989265496.0,16153401063.0,,62927506.0,5029338437.0,159188342.0,7130112.028534371,5237808.38618677,55382.944228274966,233.46303501945525,5421.206225680934,57040896.22827497,41902467.08949416,22059907629.37743,0.7346039396331094,,3.1651944682998074
tls,tls,1,65536,4,15.011317491997033,1456,0,12.124185641735274,96.99348513388219,41.31478600902483,9.425234980881214,13.389612024184316,18.7732259510085,29.38082551615698,25120,45.2,246844,523105,15700,169535.7142857143,359275.4120879121,10782.967032967033,539594.0934065934,1356.2857142857144,68028365556.0,10864.0,159.0,17083.0,18459736248.0,15871272439.0,,52576595.0,4556067014.0,109588679.0,12678390.28021978,10900599.20260989,7461.538461538462,109.2032967032967,11732.829670329671,101427122.24175824,87204793.62087911,46722778541.20879,0.8597778552074142,,2.405335098523641
udp,udp,1,65536,4,15.031474821036682,2016,0,16.764822015157407,134.11857612125925,0.08311000419780612,7.107426004949957,9.464345988817513,12.308685982134193,24.750279292577215,21440,27.86503781268179,245831,512196,0,121939.98015873016,254065.47619047618,0.0,376005.45634920633,975.5198412698412,68030978944.0,4631.0,103.0,10871.0,11094591294.0,5982393179.0,,43261360.0,2447708386.0,101386794.0,5503269.491071428,2967456.934027778,2297.123015873016,51.09126984126984,5392.361111111111,44026155.928571425,23739655.472222224,33745525269.84127,0.5392170851967573,,4.142110824144556
stcp,udp,1,65536,8,15.027510020998307,2968,0,24.68805540515978,197.50444324127824,2.3886970011517406,4.600418033078313,6.87031599227339,9.676033048890531,17.503691538548445,21328,53.17388688327317,349143,645021,0,117635.78167115903,217325.13477088948,0.0,334960.9164420485,941.0862533692723,68048580519.0,170119.0,834.0,15877.0,22362076580.0,16103507694.0,,63851151.0,5127636998.0,164384297.0,7534392.378706199,5425710.139487871,57317.722371967655,280.99730458221023,5349.393530997305,60275139.02964959,43405681.11590297,22927419312.331535,0.7201257734893242,,3.205848952726509
tls,tls,1,65536,8,15.005033065972384,1552,0,12.928995167624315,103.43196134099452,48.449102032464,9.178348002023995,12.027575983665884,15.07724798284471,32.249952257512106,24892,47.00652045050385,268785,561681,1068,173186.2113402062,361907.8608247423,688.1443298969073,535782.2164948453,1385.4896907216494,68032166185.0,20206.0,199.0,11658.0,19661108517.0,16822919539.0,,53068086.0,4814339214.0,116431585.0,12668240.023840206,10839510.012242269,13019.329896907217,128.22164948453607,7511.597938144329,101345920.19072165,86716080.09793815,43835158624.35567,0.8556445087749779,,2.4184333472269537
udp,udp,1,65536,8,15.029078511986881,1952,0,16.235193648458928,129.88154918767142,0.08457800140604377,7.122581999283284,10.646472976077348,14.614760992117226,23.2046961310268,21124,27.732200410196306,244388,510425,0,125198.77049180327,261488.21721311472,0.0,386686.987704918,1001.5901639344263,68031811314.0,4696.0,127.0,15416.0,11187231049.0,6132778418.0,,43490981.0,2515672898.0,97119294.0,5731163.447233606,3141792.2223360655,2405.7377049180327,65.06147540983606,7897.540983606557,45849307.57786886,25134337.778688528,34852362353.483604,0.548194489873184,,3.8605692368515547
stcp,udp,2,65536,1,15.013765697018243,3642,0,30.322172943621556,242.57738354897245,5.054837994975969,6.631740019656718,13.968942977953702,18.65344896214083,24.499443205847513,21796,67.33333333333333,426698,721190,1,117160.35145524437,198020.3185063152,0.2745744096650192,315180.94453596923,937.2828116419549,68055146000.0,149508.0,3878.0,14954.0,27980164091.0,19656824439.0,,75087292.0,6255527235.0,204332660.0,7682637.037616694,5397260.966227348,41051.070840197695,1064.7995606809445,4105.9857221306975,61461096.300933555,43178087.72981878,18686201537.616695,0.7025271322594833,,3.266433864387132
tls,tls,2,65536,1,15.007421988993883,3091,0,25.745594432098933,205.96475545679147,50.00204948009923,9.306435997132212,12.057397980242968,12.929082033224404,74.29264005621175,26420,65.12790355777712,241921,528783,31980,78266.2568747978,171071.82141701714,10346.166289226787,259684.2445810417,626.1300549983824,68050111909.0,16405.0,205.0,15754.0,26504382188.0,26734571958.0,,58930642.0,6828207480.0,124396863.0,8574694.981559366,8649165.952119056,5307.3439016499515,66.32157877709479,5096.732449045616,68597559.85247493,69193327.61695245,22015565159.81883,1.008684970219914,,1.8218084814259337
udp,udp,2,65536,1,15.00481484096963,2622,0,21.84298863222896,174.74390905783167,3.8328670198097825,11.282025021500885,12.501307006459683,13.045925996266305,45.47816199216111,21984,27.775333626631472,239731,508029,0,91430.58733791,193756.29290617848,0.0,285186.8802440885,731.44469870328,68043333481.0,4692.0,142.0,16141.0,11267295112.0,6194649518.0,,42947521.0,2523764183.0,96203207.0,4297214.001525553,2362566.5591151793,1789.4736842105265,54.157131960335626,6155.987795575897,34377712.01220442,18900532.472921435,25950928101.067886,0.5497902962888153,,3.8118936645516217
stcp,udp,2,65536,4,15.01960128598148,3492,0,29.06202313155986,232.4961850524789,5.212748015765101,7.616356015205383,14.25054098945111,18.346919037867337,23.308641376968687,21732,65.99878567091682,422246,714009,2,120918.098510882,204469.93127147766,0.572737686139748,325388.6025200458,967.3447880870561,68054461204.0,153720.0,3354.0,15529.0,27249923317.0,19113639527.0,,73681680.0,6079128280.0,199064944.0,7803529.014032073,5473550.838201604,44020.61855670103,960.4810996563574,4447.021764032073,62428232.11225659,43788406.70561283,19488677320.733105,0.7014199381278942,,3.274563964292591
tls,tls,2,65536,4,15.037510249996558,3092,0,25.702393120569177,205.6191449645534,59.43095198017545,9.302526013925672,12.179618992377073,13.067436986602843,76.43701522998218,26000,64.97200117889773,243005,532664,16476,78591.52652005175,172271.66882276844,5328.589909443725,256191.7852522639,628.7322121604141,68054290371.0,17239.0,183.0,13801.0,26553259645.0,26825265201.0,,59512315.0,6818844330.0,123083580.0,8587729.510025874,8675700.259055628,5575.3557567917205,59.184993531694694,4463.454075032341,68701836.08020699,69405602.07244502,22009796368.369987,1.0102437726906806,,1.8050504461362298
udp,udp,2,65536,4,15.026932801993098,2608,0,21.694380636130944,173.55504508904755,4.366731009213254,11.397890979424119,12.524774007033557,13.102148019243032,49.80370976974997,21988,27.78675282714055,239761,510911,0,91932.89877300613,195901.45705521473,0.0,287834.35582822084,735.4631901840492,68043220703.0,4625.0,136.0,16480.0,11314686395.0,6154549033.0,,42957202.0,2509576368.0,95314115.0,4338453.372315951,2359873.09547546,1773.3895705521472,52.14723926380368,6319.018404907975,34707626.978527606,18878984.76380368,26090191987.346626,0.543943404009829,,3.7980161199860327
stcp,udp,2,65536,8,15.050911783007905,3960,0,32.88837295284943,263.10698362279544,5.589434993453324,6.05534395435825,13.080149015877396,19.016203994397074,26.380667545222263,21800,67.71354877863753,411916,700136,2,104019.19191919193,176802.0202020202,0.5050505050505051,280821.7171717172,832.1535353535355,68054666852.0,155936.0,3463.0,15526.0,28005086778.0,20121850786.0,,74320352.0,6249587442.0,200129247.0,7071991.61060606,5081275.4510101015,39377.77777777778,874.4949494949495,3920.7070707070707,56575932.88484849,40650203.60808081,17185521932.32323,0.7185069964434874,,3.202279332153074
tls,tls,2,65536,8,15.043149348988663,3072,0,25.52656967577178,204.21255740617423,58.74969047727063,9.314258000813425,11.41549099702388,13.943520956672728,66.3080965866406,26336,65.51875732708089,260725,561051,16837,84871.41927083333,182633.7890625,5480.794270833333,272986.0026041666,678.9713541666666,68062261296.0,18346.0,180.0,11523.0,26932376373.0,26878895482.0,,59391038.0,6916998330.0,127542822.0,8767049.600585938,8749640.456380209,5972.005208333333,58.59375,3750.9765625,70136396.8046875,69997123.65104167,22155684015.625,0.9980142527989615,,1.8439041895792967
udp,udp,2,65536,8,15.05595386796631,2592,0,21.51972587332087,172.15780698656695,2.637540514115244,11.529890005476773,12.592729006428272,13.212147983722389,53.70662045667005,21928,27.762410831270927,242107,517171,0,93405.47839506173,199525.8487654321,0.0,292931.3271604938,747.2438271604938,68051965648.0,5708.0,153.0,11226.0,11248441139.0,6016968342.0,,43471347.0,2485906151.0,97500967.0,4339676.365354938,2321361.2430555555,2202.1604938271603,59.02777777777778,4331.018518518518,34717410.92283951,18570889.944444444,26254616376.54321,0.534915751226922,,3.9221499556923543
stcp,udp,4,65536,1,15.020888619998004,4101,0,34.12747494296167,273.01979954369335,14.850038234726526,14.09067603526637,23.05782597977668,26.46585099864751,27.388206544071604,22876,73.19494584837545,349087,622503,2,85122.40916849549,151792.97732260425,0.48768593026091195,236915.87417702997,680.979273347964,68056592445.0,170280.0,5262.0,55179.0,30028726753.0,22525778820.0,,78564273.0,6859765072.0,207469217.0,7322293.77054377,5492752.699341624,41521.580102414046,1283.1016825164595,13455.01097293343,58578350.16435016,43942021.59473299,16595121298.463789,0.750140990168675,,3.024436184365003
tls,tls,4,65536,1,15.018778699974064,2954,0,24.585887266628255,196.68709813302604,173.86746674310416,17.997364979237318,38.212318962905556,49.15994597831741,62.01375748359674,28828,93.27190288138073,234482,464838,22263,79377.79282329045,157358.83547731888,7536.560595802302,244273.18889641165,635.0223425863236,68067183833.0,251872.0,7400.0,11045.0,37741634518.0,34379746561.0,,99325201.0,8706625487.0,195380881.0,12776450.412322275,11638370.5352065,85264.72579553147,2505.0778605280975,3738.9979688557887,102211603.2985782,93106964.281652,23042377736.289776,0.9109236258594835,,2.2440482973768225
udp,udp,4,65536,1,15.009328163054306,4695,0,39.100684162839606,312.80547330271685,4.244509516865946,12.016332999337465,16.342486022040248,34.74562696646899,67.66803210419786,23076,85.1001608422284,412434,678450,7,87845.36741214058,144504.79233226838,1.4909478168264112,232351.65069222578,702.7629392971246,68049004981.0,320982.0,12709.0,10479.0,34607794319.0,22040820022.0,,114507309.0,7407238475.0,280424872.0,7371202.197870075,4694530.356123536,68366.7731629393,2706.92225772098,2231.9488817891374,58969617.5829606,37556242.84898829,14493930773.37593,0.6368744514266657,,3.7858221109858357
stcp,udp,4,65536,4,15.036979689029977,4184,0,34.780920824249534,278.2473665939963,8.360686493688263,15.656089992262423,18.936027016025037,23.382934974506497,38.594831675099364,22964,69.98804899910368,318982,589636,4,76238.52772466539,140926.3862332696,0.9560229445506692,217165.86998087954,609.9082217973231,68055587315.0,271438.0,10303.0,10906.0,28727138004.0,22173693382.0,,71845475.0,6279343088.0,189758597.0,6865950.765774379,5299639.909655832,64875.23900573613,2462.476099426386,2606.5965583173997,54927606.12619503,42397119.277246654,16265675744.502867,0.7718726933018009,,3.0219498176908663
tls,tls,4,65536,4,15.06972296803724,2844,0,23.590347397494472,188.72277917995578,110.12343897891697,18.54980702046305,40.86794896284118,56.224352039862424,57.14382419812721,28948,93.82267441860465,246209,475968,14042,86571.37834036569,167358.64978902953,4937.412095639944,258867.44022503516,692.5710267229255,68038089111.0,263534.0,8206.0,10484.0,37999951577.0,34142806531.0,,101788892.0,8738642240.0,202162573.0,13361445.702180028,12005206.234528832,92663.15049226442,2885.372714486639,3686.357243319269,106891565.61744022,96041649.87623066,23923378731.01266,0.8984960536545896,,2.3134323095941274
udp,udp,4,65536,4,15.035457560967188,4720,0,39.240574994649315,313.9245999571945,5.572324487729929,11.924910999368876,17.269902979023755,31.60111204488203,64.0518917428975,23268,83.20610687022901,416561,686830,5,88254.44915254237,145514.83050847458,1.059322033898305,233770.33898305084,706.0355932203389,68046877185.0,301264.0,10316.0,10495.0,33865445739.0,21637977308.0,,111097029.0,7299737760.0,269332198.0,7174882.571822034,4584317.226271186,63827.1186440678,2185.593220338983,2223.5169491525426,57399060.57457627,36674537.81016949,14416711268.008476,0.6389396872187438,,3.689614707474094
stcp,udp,4,65536,8,15.086370305973105,4824,0,39.96985277242306,319.7588221793845,9.130437989369966,11.788511008489877,18.33860803162679,23.564312956295907,34.03172463536342,22692,81.25,351276,613576,7,72818.40796019901,127192.37147595357,1.451077943615257,200012.23051409618,582.5472636815921,68053347146.0,244611.0,11522.0,10907.0,33042997153.0,25534577019.0,,82455564.0,7225838042.0,212192550.0,6849709.194237147,5293237.358830846,50707.08955223881,2388.4742951907133,2260.9867330016586,54797673.55389718,42345898.87064677,14107244433.250416,0.7727681874851263,,2.936580487503819
tls,tls,4,65536,8,15.151648975966964,3048,0,25.145777902083754,201.16622321667003,95.58861225377768,17.56176899652928,37.75912296259776,51.309091970324516,59.16005587390494,28840,94.12964311726148,235497,464632,22231,77262.79527559056,152438.32020997375,7293.635170603675,236994.75065616798,618.1023622047244,68064547501.0,249027.0,7747.0,10895.0,38099383307.0,34677643307.0,,100237121.0,8774670061.0,194103509.0,12499797.672900263,11377179.562664041,81701.7716535433,2541.6666666666665,3574.475065616798,99998381.3832021,91017436.50131233,22330888287.72966,0.9101890974867479,,2.2120889748631654
udp,udp,4,65536,8,15.06302726600552,4944,0,41.02760946298705,328.2208757038964,6.385097760357894,11.88971201190725,15.857021964620799,19.784734991844743,67.06422833608046,23076,81.23167155425219,419534,693727,2,84857.20064724919,140316.94983818772,0.4045307443365696,225174.55501618126,678.8576051779936,68045662592.0,304001.0,10144.0,11645.0,33113535064.0,20924908623.0,,108853276.0,7140591329.0,265104629.0,6697721.493527508,4232384.430218447,61488.87540453074,2051.779935275081,2355.3802588996764,53581771.94822007,33859075.441747576,13763281268.608414,0.6319140672404049,,3.7126425079577605
stcp,udp,8,65536,1,15.028418197005522,5895,0,49.03210639605608,392.25685116844863,8.584902374423109,18.548341002315283,29.781967983581126,35.611446015536785,39.5014559894458,24776,81.96673475342865,357456,625392,3,60637.15012722646,106088.5496183206,0.5089058524173028,166726.20865139947,485.0972010178117,68054302351.0,204574.0,9495.0,10417.0,33348286020.0,26367092493.0,,74511176.0,7295805098.0,204497473.0,5657045.974554707,4472789.22697201,34702.968617472434,1610.6870229007634,1767.0907548770147,45256367.79643766,35782313.81577608,11544410916.20017,0.7906581009047013,,2.802945942950956
tls,tls,8,65536,1,15.043874985014554,3266,0,27.13729012017611,217.0983209614089,152.0364526368212,34.393632027786225,62.85560701508075,87.04667299753055,65.74237694644358,34028,94.29773650609403,223654,447271,26953,68479.48560930802,136947.6423759951,8252.60257195346,213679.73055725658,547.8358848744642,68069194481.0,239101.0,8673.0,11846.0,38307777384.0,35470421498.0,,96521900.0,8919497963.0,189991525.0,11729264.355174525,10860508.725658298,73209.1243110839,2655.5419473361912,3627.0667483159827,93834114.8413962,86884069.80526638,20841761935.394978,0.9259326413652733,,2.130069716794889
udp,udp,8,65536,1,15.021833234000951,4745,0,39.484195488038026,315.8735639043042,1.4920807589078322,23.900179017800838,36.03384498273954,57.27643897989765,68.49941574846902,25824,80.03232441962975,415513,692268,2,87568.59852476291,145894.20442571127,0.4214963119072708,233463.2244467861,700.5487881981034,68037201926.0,299949.0,10122.0,10305.0,32651983451.0,20722810061.0,,106502163.0,7036227924.0,259702846.0,6881345.30052687,4367294.0065331925,63213.69863013698,2133.1928345626975,2171.7597471022127,55050762.40421496,34938352.05226554,14338714842.149632,0.6346570061233245,,3.6909385086030935
stcp,udp,8,65536,4,15.057967480970547,5444,0,45.19202215438302,361.53617723506414,11.998611866147257,20.87788499193266,30.400899006053805,35.682825022377074,33.25363138370424,24564,74.92581602373886,340619,607163,2,62567.78104335048,111528.83908890522,0.36737692872887584,174096.98750918443,500.5422483468038,68064899074.0,208209.0,8469.0,11249.0,30593056685.0,24354314232.0,,69162911.0,6777029190.0,189282641.0,5619591.602681852,4473606.581925055,38245.591476855254,1555.6576047024248,2066.311535635562,44956732.821454816,35788852.65540044,12502736788.023512,0.7960732555351717,,2.793003183154358
tls,tls,8,65536,4,15.119220705004409,3320,0,27.448504661529046,219.58803729223237,169.91539311857196,34.239633998367935,63.34791798144579,79.03871999587864,63.817310351229416,33904,94.97190606540843,226011,449273,28062,68075.60240963857,135323.19277108434,8452.409638554218,211851.20481927713,544.6048192771085,68069798444.0,244211.0,6527.0,10915.0,38435039733.0,35856369158.0,,93997293.0,8986919528.0,191078348.0,11576819.196686747,10800111.192168675,73557.53012048193,1965.9638554216867,3287.650602409639,92614553.57349397,86400889.5373494,20502951338.55422,0.9329083411149443,,2.126182919571815
udp,udp,8,65536,4,15.060627397964709,4808,0,39.90537605898271,319.2430084718617,2.2777818885515444,23.765247024130076,35.788913955911994,49.3305730051361,67.60433500516682,25892,79.27888153053716,421025,694725,7,87567.59567387687,144493.5524126456,1.4559068219633944,232062.60399334444,700.540765391015,68048639759.0,302660.0,9086.0,10781.0,32348181736.0,20514225596.0,,106521074.0,6990961788.0,258031432.0,6727991.209650583,4266685.856073211,62949.25124792013,1889.767054908486,2242.304492512479,53823929.67720466,34133486.84858569,14153211264.351082,0.6341693565165644,,3.6909289426086045
stcp,udp,8,65536,8,15.079832028015517,5416,0,44.894399270645735,359.1551941651659,12.404815497575328,21.07735100435093,32.88688597967848,45.02055299235508,33.58920040083876,24656,82.02975401384592,309122,565191,14,57075.70162481537,104355.79763663221,2.58493353028065,161434.08419497786,456.60561299852293,68071113685.0,179065.0,8809.0,53660.0,33537034101.0,26553446890.0,,82379797.0,7623358844.0,205808875.0,6192214.568131463,4902778.229320532,33062.22304283604,1626.477104874446,9907.68094534712,49537716.5450517,39222225.83456425,12568521729.135893,0.7917649130818111,,2.699713855946619
tls,tls,8,65536,8,15.239226252015214,3656,0,29.98839917739045,239.9071934191236,216.51083988399478,29.86508095636964,55.6469849543646,73.99683998664841,69.02096488402147,34524,96.4859437751004,139374,330296,30074,38121.99124726477,90343.54485776805,8225.929978118162,136691.46608315097,304.97592997811813,68063688036.0,148004.0,15820.0,10342.0,38888545180.0,41498368463.0,,94457685.0,9845251760.0,169179653.0,10636910.607221007,11350757.238238512,40482.49452954048,4327.133479212253,2828.774617067834,85095284.85776806,90806057.9059081,18616982504.376366,1.0671103346993347,,1.7183882862940623
udp,udp,8,65536,8,15.1220130630536,4992,0,41.26434737214777,330.11477897718214,1.7923791310749948,23.678225988987833,28.890243032947183,34.94314302224666,61.37374674457456,25920,93.17881766172803,313248,546547,130,62750.0,109484.57532051283,26.041666666666668,172260.6169871795,502.0,68033946092.0,159854.0,15907.0,10922.0,37540912454.0,28530540832.0,,123602625.0,8409421981.0,252097623.0,7520214.834535256,5715252.570512821,32022.035256410258,3186.4983974358975,2187.900641025641,60161718.67628205,45722020.56410257,13628594970.352564,0.7599852791793307,,2.9977996534075935
stcp,udp,16,65536,1,15.039020936994348,6481,0,53.86820082198177,430.9456065758542,13.227978120994521,33.861726988106966,66.26412901096046,84.55678401514888,42.02415853051602,28328,97.07338380896913,324277,557633,69,50035.0254590341,86041.19734608856,10.646505168955409,136086.86931029163,400.28020367227276,68045609704.0,115175.0,11764.0,12268.0,39034837270.0,31393122538.0,,90571746.0,8383495548.0,206105476.0,6022965.1704983795,4843870.164789384,17771.17728745564,1815.1519827187162,1892.9177596049992,48183721.363987036,38750961.318315074,10499245441.135628,0.8042334676805993,,2.4584670537478766
tls,tls,16,65536,1,15.059348078037146,4452,0,36.95379090225099,295.6303272180079,231.3044250695384,49.081244971603155,86.60717605380341,106.97955300565809,85.39312547503147,44660,97.27536231884058,124933,313112,40148,28062.219227313566,70330.63791554357,9017.969451931716,107410.82659478886,224.49775381850856,68041396295.0,127492.0,15778.0,11092.0,39189053314.0,43018226051.0,,83730119.0,10030014042.0,155866233.0,8802572.622192273,9662674.315139264,28637.017070979335,3544.0251572327043,2491.464510332435,70420580.97753818,77301394.52111411,15283332501.12309,1.0977102637902216,,1.5539981534155463
udp,udp,16,65536,1,15.046120521961711,4884,0,40.57524324020256,324.6019459216205,4.206377310765674,47.69623203901574,58.17844101693481,79.07637301832438,62.35678483570155,30872,93.468731735827,308404,540596,143,63145.78214578215,110687.14168714169,29.27927927927928,173862.2031122031,505.1662571662572,68039856834.0,163563.0,16705.0,10924.0,37696188653.0,28743322321.0,,125444853.0,8475353708.0,253461619.0,7718302.345004095,5885201.130425881,33489.557739557735,3420.35217035217,2236.6912366912366,61746418.76003276,47081609.043407045,13931174617.936117,0.7624994289366307,,2.9905727564001743
stcp,udp,16,65536,4,15.070180332986638,6788,0,56.30324131840316,450.4259305472253,15.804073060280643,32.82431204570457,56.75627203891054,77.17656198656186,45.32778539516138,28268,97.01986754966887,335529,574580,68,49429.7289334119,84646.43488509134,10.017678255745432,134086.18149675897,395.4378314672952,68033784723.0,115678.0,10392.0,10405.0,39010155310.0,31480916420.0,,87955663.0,8381366452.0,207896572.0,5746929.1853270475,4637730.763111373,17041.54390100177,1530.936947554508,1532.85209192693,45975433.48261638,37101846.10489099,10022655380.524454,0.8069928501907315,,2.480461547536688
tls,tls,16,65536,4,15.151034560985863,4480,0,36.961172370499916,295.68937896399933,270.6706281242077,48.991293006110936,85.81371704349294,107.23377898102626,88.79682074413131,44708,97.21069947074811,126370,317825,38332,28207.589285714286,70943.08035714286,8556.25,107706.91964285714,225.66071428571428,68036335424.0,129140.0,14969.0,10381.0,39171147594.0,43193075227.0,,83633643.0,10089749061.0,155404242.0,8743559.730803572,9641311.434598215,28825.892857142855,3341.2946428571427,2317.1875,69948477.84642857,77130491.47678572,15186682014.285713,1.10267576724293,,1.5402190982200483
udp,udp,16,65536,4,15.110926114022732,4828,0,39.93798893900754,319.5039115120603,5.5291204298555385,47.5319679826498,58.25324298348278,85.40354296565056,66.56102957625029,30520,94.81962481962482,311789,544385,98,64579.32891466446,112755.79950289975,20.298260149130076,177355.42667771335,516.6346313173157,68038212463.0,174693.0,13638.0,10920.0,38253141703.0,29187189614.0,,126894870.0,8567481735.0,256118234.0,7923185.936826844,6045399.671499586,36183.30571665286,2824.772162386081,2261.8061309030654,63385487.49461475,48363197.371996686,14092421802.609776,0.763001110878979,,2.989422585562127
stcp,udp,16,65536,8,15.165408861998003,6608,0,54.46605545003266,435.7284436002613,13.626146868773503,33.56350999092683,64.238679013215,80.8818350196816,44.65485936861048,28372,97.25889781859931,330191,566838,70,49968.37167070218,85780.56900726393,10.59322033898305,135759.5338983051,399.74697336561746,68072061777.0,117902.0,10595.0,10832.0,39191827354.0,31753610627.0,,90061666.0,8389703676.0,206903534.0,5930966.609261502,4805328.484715496,17842.31234866828,1603.359564164649,1639.225181598063,47447732.87409201,38442627.87772397,10301462133.323246,0.8102100047590447,,2.4661602124503927
tls,tls,16,65536,8,15.332601424946915,4424,0,36.066938980116,288.535511840928,330.89025193839916,49.60484697949141,87.96384296147153,110.60319002717733,85.14908617371303,44760,96.83173968888255,127540,315852,39230,28829.113924050635,71395.11754068716,8867.540687160941,109091.77215189874,230.63291139240505,68059053870.0,125702.0,13331.0,10254.0,39035960629.0,42922926062.0,,83276649.0,10001085059.0,154495679.0,8823680.069846293,9702288.892857144,28413.652802893306,3013.3363471971065,2317.8119349005424,70589440.55877034,77618311.14285715,15384053768.083181,1.0995739664239839,,1.544789171260662
udp,udp,16,65536,8,15.336650698038284,4336,0,35.340180243482195,282.72144194785756,3.9355958106170874,51.17270699702203,77.08563597407192,100.31457897275686,133.1539552023057,30816,94.12943871706759,316961,556899,99,73099.86162361623,128436.11623616237,22.832103321033212,201558.80996309963,584.7988929889299,68049465110.0,186581.0,13731.0,9928.0,37962955595.0,28917191116.0,,129242495.0,8445632686.0,252318651.0,8755294.187038746,6669093.892066421,43030.673431734314,3166.743542435424,2289.667896678967,70042353.49630997,53352751.13653137,15694064831.642065,0.7617212796731929,,2.987563636508357
stcp,udp,1,131072,1,15.006181474018376,1099,0,18.309121509406022,73.23648603762409,3.9057130343280733,12.661178014241159,19.727541017346084,25.689998001325876,17.305754995008666,21480,92.3721340388007,213358,411887,80,194138.30755232027,374783.43949044583,72.79344858962693,568994.5404913557,776.5532302092812,68054697944.0,226453.0,21320.0,14900.0,37249595215.0,30451420393.0,,119916726.0,8252121895.0,217790697.0,33894081.17834395,27708298.810737032,206053.68516833487,19399.454049135576,13557.779799818016,135576324.7133758,110833195.24294813,61924201950.864426,0.8174966792857269,,2.639208433554047
tls,tls,1,131072,1,15.015941439021844,572,0,9.523212419328347,38.09284967731339,41.51036002440378,25.618132029194385,33.95364404423162,40.94276297837496,24.975330486133654,25412,93.47189695550351,174133,369419,10918,304428.3216783217,645837.4125874126,19087.41258741259,969353.146853147,1217.7132867132866,68063385260.0,236163.0,16381.0,12527.0,37720826787.0,36597896740.0,,123969351.0,9249734100.0,213336645.0,65945501.375874124,63982336.95804196,412872.37762237765,28638.11188811189,21900.349650349654,263782005.5034965,255929347.83216783,118991932272.72728,0.9702305028110624,,2.306408407999534
udp,udp,1,131072,1,15.001973809034098,1536,0,25.596631809126176,102.3865272365047,0.07773295510560274,8.785775979049504,16.97071100352332,23.517387977335602,38.418038008633744,21780,93.76646180860403,269957,486439,79,175753.2552083333,316692.0572916666,51.432291666666664,492496.7447916666,703.0130208333333,68034818482.0,205624.0,17078.0,12054.0,37739376341.0,29963359706.0,,137093856.0,8499220851.0,245639257.0,24569906.472005207,19507395.641927082,133869.79166666666,11118.489583333334,7847.65625,98279625.88802083,78029582.56770833,44293501615.885414,0.7939548188412391,,2.890138535123471
stcp,udp,1,131072,4,15.023509604972787,1064,0,17.705583248800526,70.8223329952021,6.436188996303827,12.457313016057014,21.94610796868801,32.77102898573503,17.486113891327047,21668,86.85404772361294,200694,372702,53,188622.18045112782,350283.83458646614,49.81203007518797,538955.8270676691,754.4887218045112,68032667630.0,216864.0,18565.0,10988.0,35875085115.0,29347050446.0,,113722268.0,7965882111.0,209013706.0,33717185.258458644,27581814.32894737,203819.54887218043,17448.30827067669,10327.067669172931,134868741.03383458,110327257.31578948,63940477095.864655,0.818034308543828,,2.623861401505996
tls,tls,1,131072,4,15.030426242039539,744,0,12.37489855608785,49.4995942243514,42.0114709995687,17.058712022844702,41.346095968037844,42.83915500855073,28.61113803926604,25492,48.946100572116826,293654,587944,717,394696.23655913974,790247.3118279569,963.7096774193548,1185907.2580645161,1578.7849462365593,68046447535.0,29252.0,334.0,29443.0,20622396780.0,17628504648.0,,54506231.0,5241251755.0,128326568.0,27718275.241935484,23694226.677419353,39317.20430107527,448.9247311827957,39573.92473118279,110873100.96774194,94776906.70967741,91460278944.89247,0.8548232698682466,,2.448395421524643
udp,udp,1,131072,4,15.003011340973899,1332,0,22.19554410990559,88.78217643962236,0.33733202144503593,9.988926001824439,17.94799603521824,22.149486001580954,32.06821544459146,21548,32.456273764258555,358126,688535,0,268863.3633633634,516918.16816816817,0.0,785781.5315315315,1075.4534534534534,68046983185.0,7806.0,124.0,9901.0,15211359176.0,8719451600.0,,46368701.0,3626254807.0,129321203.0,11419939.321321322,6546134.834834835,5860.36036036036,93.09309309309309,7433.183183183182,45679757.28528529,26184539.33933934,51086323712.46246,0.573219756309303,,3.566246992637216
stcp,udp,1,131072,8,15.048170170979574,1464,0,24.32189401378725,97.287576055149,5.862725025508553,9.70732799032703,12.819578987546265,17.56519899936393,16.43280858671356,21804,55.66120538326507,347094,642440,0,237086.0655737705,438825.13661202183,0.0,675911.2021857924,948.344262295082,68030397815.0,135965.0,701.0,11417.0,23253439673.0,16531552667.0,,59224090.0,5397059761.0,165448950.0,15883497.044398908,11292044.171448087,92872.26775956285,478.8251366120219,7798.497267759563,63533988.17759563,45168176.68579235,46468850966.53005,0.7109293463450524,,3.065538595580506
tls,tls,1,131072,8,15.240995698026381,712,0,11.679026982669509,46.716107930678035,45.981232018675655,18.325418001040816,34.511468023993075,50.201299018226564,27.828778933053794,25572,45.975503062117234,303704,609288,14299,426550.56179775286,855741.5730337079,20082.865168539327,1302375.0,1706.202247191011,68044205705.0,21988.0,183.0,9382.0,19629257694.0,16423199992.0,,50545459.0,4845022607.0,118256803.0,27569182.154494382,23066292.123595506,30882.022471910113,257.02247191011236,13176.966292134832,110276728.61797753,92265168.49438202,95567704641.85394,0.836669437429619,,2.440789498673231
udp,udp,1,131072,8,15.049717856978532,1072,0,17.807642810773945,71.23057124309578,0.09679899085313082,12.86455598892644,24.571920046582818,31.840194016695023,26.574883582587983,22100,32.27073576068892,351587,673535,0,327972.947761194,628297.5746268657,0.0,956270.5223880598,1311.891791044776,68038625444.0,7195.0,129.0,10414.0,14866852107.0,8444476109.0,,46550535.0,3507581983.0,125376521.0,13868332.189365672,7877309.803171642,6711.753731343283,120.33582089552237,9714.552238805969,55473328.75746269,31509239.21268657,63468867018.656715,0.5680070029770425,,3.5744430666953853
stcp,udp,2,131072,1,15.009089885046706,1940,0,32.313751447594235,129.25500579037694,8.718311495613307,12.999979022424668,26.687821024097502,34.29831500397995,22.280438225182856,22916,70.62265566391598,390338,677456,4,201205.15463917525,349204.1237113402,2.0618556701030926,550411.3402061855,804.8206185567011,68028563647.0,123417.0,3195.0,11237.0,28973673501.0,20602596297.0,,70691348.0,6504450322.0,204772799.0,14934883.247938145,10619894.998453608,63617.010309278354,1646.9072164948454,5792.268041237114,59739532.99175258,42479579.99381443,35066269921.13402,0.7110798807161585,,3.1481952949567007
tls,tls,2,131072,1,15.00985153298825,1629,0,27.132180428630946,108.52872171452378,56.98998150182888,17.274801968596876,22.225266962777823,32.63708099257201,60.09818271802796,27152,66.16430260047281,239047,528335,33259,146744.62860650706,324330.8778391651,20416.820135052178,491492.3265807244,586.9785144260281,68043031332.0,10756.0,150.0,17296.0,26831038553.0,27753054663.0,,56591444.0,7002374068.0,120923372.0,16470864.673419276,17036865.968692448,6602.823818293432,92.08103130755065,10617.55678330264,65883458.693677105,68147463.87476979,41769816655.61694,1.0343637876028808,,1.7268910633124432
udp,udp,2,131072,1,15.01048608700512,1421,0,23.666788533087352,94.66715413234941,2.727986517129466,21.909446048084646,23.271972953807563,24.432100995909423,34.07731748559633,22952,28.52724594992636,257567,531173,0,181257.56509500352,373802.2519352569,0.0,555059.8170302603,725.030260380014,68039185981.0,7231.0,180.0,12262.0,11887545042.0,6579036865.0,,43344819.0,2692384609.0,101267394.0,8365619.311752287,4629864.085151302,5088.669950738916,126.67135819845178,8629.134412385643,33462477.247009147,18519456.340605207,47881200549.612946,0.553439489966645,,3.761252893122596
stcp,udp,2,131072,4,15.042053484998178,1876,0,31.17925358181618,124.71701432726472,7.795782992616296,13.476644991897047,25.563384988345206,32.91965898824856,21.993160729679463,22848,69.9001210653753,389835,685387,15,207801.1727078891,365344.88272921107,7.995735607675906,573154.0511727079,831.2046908315565,68043031740.0,138780.0,2728.0,17084.0,28737563457.0,20269203850.0,,71583269.0,6470311815.0,207994866.0,15318530.62739872,10804479.664179105,73976.54584221749,1454.1577825159916,9106.609808102347,61274122.50959488,43217918.65671642,36270272782.51599,0.7053208905594519,,3.214603437160625
tls,tls,2,131072,4,15.055188416969031,1572,0,26.10395759358555,104.4158303743422,93.67651850334369,17.610667971894145,24.558235018048435,34.26800901070237,59.48528674610225,26696,64.95176848874597,255218,551241,31986,162352.41730279897,350662.213740458,20347.32824427481,533361.9592875318,649.4096692111959,68062131165.0,15037.0,216.0,13408.0,26468449359.0,27064254706.0,,56142248.0,6864657122.0,121099586.0,16837435.979007635,17216447.01399491,9565.521628498727,137.40458015267174,8529.262086513994,67349743.91603054,68865788.05597964,43296521097.32824,1.0225100208523326,,1.7641024722399818
udp,udp,2,131072,4,15.049402002012357,1696,0,28.173876938319815,112.69550775327926,0.09362198761664331,15.266458969563246,22.991842997726053,24.091349041555077,39.95350778187726,23144,30.364919657606247,294837,594011,0,173842.570754717,350242.3349056604,0.0,524084.9056603774,695.3702830188679,68038946019.0,6309.0,153.0,15376.0,13534309588.0,7763177716.0,,44627128.0,3179025683.0,117318640.0,7980135.370283019,4577345.351415094,3719.929245283019,90.2122641509434,9066.037735849057,31920541.481132075,18309381.405660376,40117303077.24057,0.573592444115739,,3.6903961055542065
stcp,udp,2,131072,8,15.091057641955558,1968,0,32.60208871193767,130.40835484775067,6.133814487839118,12.670961034018546,25.58880898868665,33.37481600465253,22.871418835510696,23032,70.88248469463939,402626,679481,2,204586.38211382116,345264.73577235773,1.016260162601626,549852.1341463415,818.3455284552847,68039552055.0,130077.0,2809.0,12661.0,29152192578.0,20694936824.0,,70789606.0,6568632780.0,208787203.0,14813105.984756097,10515719.93089431,66096.03658536586,1427.3373983739837,6433.434959349594,59252423.93902439,42062879.72357724,34572943117.37805,0.7098929786714446,,3.1785488699522033
tls,tls,2,131072,8,15.144844538008329,1640,0,27.071918696229705,108.28767478491882,55.333157506538555,17.247917014174163,21.588251984212548,43.743612011894584,60.425750670686526,26760,67.09780555151868,255097,553251,17431,155546.95121951218,337348.1707317073,10628.658536585366,503523.78048780485,622.1878048780487,68038126240.0,15367.0,213.0,12651.0,27436628360.0,28125858312.0,,56837559.0,7105975295.0,125463649.0,16729651.43902439,17149913.60487805,9370.121951219513,129.8780487804878,7714.024390243903,66918605.75609756,68599654.4195122,41486662341.46342,1.0251207962930617,,1.7656077285869594
udp,udp,2,131072,8,15.043140109977685,1344,0,22.335762184195893,89.34304873678357,0.06697745993733406,22.15633902233094,23.67677603615448,24.54503800254315,35.296806126788624,23368,27.755876770331433,241012,506109,0,179324.40476190476,376569.1964285714,0.0,555893.6011904762,717.297619047619,68045840390.0,4392.0,130.0,15278.0,11236068176.0,6178388001.0,,42328643.0,2527607528.0,97739935.0,8360169.773809524,4597014.881696428,3267.8571428571427,96.72619047619047,11367.559523809523,33440679.095238097,18388059.526785713,50629345528.2738,0.5498709961725672,,3.8668952326367654
stcp,udp,4,131072,1,15.02156714501325,2156,0,35.88174221748449,143.52696886993797,12.5660967460135,22.538649034686387,47.946084989234805,53.955478011630476,25.741708322914064,24688,72.79653420974006,409860,686616,14,190102.0408163265,318467.53246753244,6.4935064935064934,508576.06679035246,760.4081632653061,68050851315.0,122049.0,3425.0,12420.0,29761045285.0,21210760994.0,,72351931.0,6570348153.0,202547107.0,13803824.343692021,9838015.303339517,56608.99814471243,1588.5899814471243,5760.667903525046,55215297.374768086,39352061.21335807,31563474635.89981,0.7127021511133056,,3.0827454235818177
tls,tls,4,131072,1,15.031676977989264,2106,0,35.02603207685668,140.10412830742672,116.8437769956654,23.838109977077693,54.01365802390501,80.22091398015618,79.6462631383759,30368,91.42185663924795,201997,438404,30208,95915.00474833808,208169.0408357075,14343.77967711301,318427.8252611586,383.66001899335237,68046353668.0,89886.0,4587.0,59864.0,36635904114.0,38597880567.0,,76130286.0,9641646011.0,161311866.0,17395965.866096865,18327578.61680912,42680.91168091168,2178.062678062678,28425.45109211776,69583863.46438746,73310314.46723647,32310709244.06458,1.0535533788628477,,1.6730739317328376
udp,udp,4,131072,1,15.015086315979715,2462,0,40.992105343074705,163.96842137229882,0.6441082659875974,23.608823015820235,29.366441012825817,37.19987301155925,68.4941783455139,25428,77.91976225854384,413378,703370,0,167903.33062550772,285690.4955320877,0.0,453593.82615759544,671.6133225020309,68043661445.0,300079.0,10955.0,11235.0,31747564601.0,20037143743.0,,104151959.0,6874429382.0,254977764.0,12895030.300974818,8138563.66490658,121884.24045491469,4449.634443541836,4563.363119415109,51580121.20389927,32554254.65962632,27637555420.389923,0.6311395533743984,,3.709075325839168
stcp,udp,4,131072,4,15.062287559965625,2208,0,36.647819781848575,146.5912791273943,13.478727254550904,28.71524600777775,32.647849002387375,42.5438919919543,27.957685598784376,24728,64.8991784914115,311680,582699,6,141159.42028985507,263903.5326086957,2.717391304347826,405065.6702898551,564.6376811594203,68037842981.0,236278.0,8405.0,11687.0,26712322924.0,21081047792.0,,61379655.0,5937888837.0,173739317.0,12097972.338768115,9547575.992753623,107009.96376811594,3806.6123188405795,5293.02536231884,48391889.35507246,38190303.97101449,30814240480.52536,0.7891881156115961,,2.92594425004053
tls,tls,4,131072,4,15.1845847730292,1564,0,25.74979861777272,102.99919447109087,146.111117239343,34.16975599247962,70.08483697427437,89.56843602936715,59.866246827811885,30068,91.95352839931154,235876,477615,21885,150815.8567774936,305380.4347826087,13992.966751918158,470189.25831202045,603.2634271099745,68045139222.0,247380.0,9955.0,10179.0,37318729884.0,34601677781.0,,98164538.0,8742428521.0,188527953.0,23861080.488491047,22123834.898337595,158171.3554987212,6365.089514066496,6508.312020460357,95444321.95396419,88495339.59335038,43507122264.70588,0.9271933393380328,,2.156471197301082
udp,udp,4,131072,4,15.065163752005901,2392,0,39.694225024296685,158.77690009718674,5.892429006053135,23.973536968696862,32.11154404561967,49.96910999761894,66.79401675046631,25236,82.87235616033132,412367,681878,12,172394.23076923078,285066.05351170566,5.016722408026756,457465.3010033445,689.5769230769231,68070076091.0,341356.0,15668.0,10731.0,33792193309.0,21205568521.0,,114559824.0,7244254854.0,270823153.0,14127171.115802675,8865204.231187291,142707.35785953177,6550.167224080268,4486.2040133779265,56508684.4632107,35460816.924749166,28457389670.1505,0.6275286225754468,,3.7384542435094184
stcp,udp,4,131072,8,15.123938515025657,2224,0,36.76291062990061,147.05164251960244,12.045557494275272,28.844805026892573,33.2501630182378,42.40701301023364,28.709492541815145,24552,65.6268568033274,313452,587687,0,140940.64748201438,264247.75179856113,0.0,405188.3992805755,563.7625899280575,68089924055.0,238846.0,8245.0,10915.0,27142480744.0,21371698675.0,,62448068.0,5993205542.0,174434554.0,12204352.852517985,9609576.742356116,107394.78417266186,3707.2841726618703,4907.823741007194,48817411.41007194,38438306.969424464,30615973046.312946,0.787389291221081,,2.9105384885863472
tls,tls,4,131072,8,15.237428075983189,1616,0,26.513660834716166,106.05464333886466,111.42633626877796,33.25212100753561,71.44542003516108,91.8324880185537,60.27895228904857,30208,93.61579478310996,229681,465208,31684,142129.3316831683,287876.2376237624,19606.435643564357,449612.00495049503,568.5173267326733,68041228538.0,258577.0,10452.0,10179.0,37907208677.0,35215447509.0,,98387166.0,8900204678.0,191602109.0,23457431.11200495,21791737.319925744,160010.51980198018,6467.821782178217,6298.886138613861,93829724.4480198,87166949.27970298,42104720629.95049,0.9289907840237993,,2.1527831767016807
udp,udp,4,131072,8,15.084065183007624,2400,0,39.777075524435354,159.10830209774142,8.163676000549458,23.535498010460287,33.131367003079504,50.403248984366655,65.41344710652204,25432,79.97045790251109,423507,699426,1,176461.25,291427.5,0.4166666666666667,467889.1666666667,705.845,68049924666.0,302877.0,9757.0,10947.0,32627448724.0,20715251753.0,,105781253.0,7038668944.0,259185307.0,13594770.301666666,8631354.897083333,126198.75,4065.416666666667,4561.25,54379081.20666666,34525419.58833333,28354135277.5,0.6349025916256313,,3.6823056896423347
stcp,udp,8,131072,1,15.048886303964537,2708,0,44.98671770957885,179.9468708383154,13.806835631839931,48.35237201768905,56.334914988838136,66.65873702149838,38.52142864866222,28188,73.01729278473465,325325,605141,15,120134.78581979321,223464.1802067947,5.539143279172822,343604.5051698671,480.53914327917283,68117790295.0,202891.0,6106.0,10779.0,29577299899.0,23627754588.0,,62372248.0,6597656869.0,184310282.0,10922193.463441655,8725167.868537666,74922.82127031019,2254.8005908419495,3980.428360413589,43688773.85376662,34900671.474150665,25154280020.310192,0.7988475847587037,,2.793571803741526
tls,tls,8,131072,1,15.035232628055383,1732,0,28.799022317222576,115.1960892688903,261.09784362779465,63.61199903767556,124.78347803698853,164.55539700109512,71.83517719470709,36976,94.57364341085271,218410,450535,21109,126102.7713625866,260124.13394919166,12187.644341801384,398414.54965357966,504.41108545034643,68054720721.0,237677.0,7288.0,12803.0,38285384073.0,36282829183.0,,91567798.0,9029290649.0,184976866.0,22104725.215357967,20948515.694572747,137226.9053117783,4207.852193995381,7392.032332563511,88418900.86143187,83794062.77829099,39292563926.67436,0.9476940106913473,,2.0486312069319235
udp,udp,8,131072,1,15.030941666977014,2422,0,40.28357061156613,161.1342824462645,2.822893984557595,47.85909102065489,63.34458198398352,76.091329974588,74.51984212412106,29896,80.05016969160395,423300,697547,1,174772.91494632533,288004.54170107347,0.41288191577208916,462777.8695293146,699.0916597853013,68062385945.0,319142.0,12901.0,15043.0,32779813477.0,20737024460.0,,108717268.0,7088644701.0,262878754.0,13534192.187035508,8561942.386457473,131767.96036333608,5326.589595375723,6210.982658959537,54136768.748142034,34247769.54582989,28101728300.990913,0.6326156942457943,,3.708448724520154
stcp,udp,8,131072,4,15.07268727500923,3212,0,53.27517153038713,213.1006861215485,15.137650123506319,35.40958900703117,53.49742702674121,57.98980797408149,50.123941817106235,27808,85.28674627745835,361547,628407,9,112561.33250311333,195643.52428393526,2.8019925280199254,308207.6587795766,450.2453300124533,68050732833.0,175323.0,6390.0,14027.0,34622461956.0,27487366590.0,,68781259.0,7654247873.0,208364597.0,10779097.744707348,8557710.64445828,54583.748443337485,1989.4146948941468,4367.06102117061,43116390.97882939,34230842.57783312,21186404991.59402,0.7939171577380129,,2.722208640969106
tls,tls,8,131072,4,15.211295632994734,1780,0,29.254575726919214,117.01830290767685,176.23586237459676,61.247754958458245,125.46354095684364,171.15100502269343,72.16714647362872,36736,95.08781950592603,223106,455982,29746,125340.44943820225,256169.66292134832,16711.23595505618,398221.34831460676,501.361797752809,68057994907.0,236967.0,7992.0,9723.0,38477853927.0,36642318986.0,,90262186.0,9118532895.0,184426544.0,21616771.869101122,20585572.464044943,133127.52808988764,4489.887640449439,5462.359550561798,86467087.47640449,82342289.85617977,38234828599.4382,0.952296327532134,,2.0225462376861887
udp,udp,8,131072,4,15.155745012976695,2460,0,40.578671617490464,162.31468646996186,14.999052618804853,47.97741200309247,57.45301896240562,70.69599203532562,75.23942234602397,29748,81.79284037558685,419467,693845,0,170515.0406504065,282050.81300813006,0.0,452565.85365853657,682.060162601626,68159915574.0,329261.0,14629.0,10781.0,33309539710.0,20870385737.0,,110784090.0,7163767243.0,266666295.0,13540463.296747968,8483896.64105691,133845.9349593496,5946.747967479675,4382.5203252032525,54161853.18699187,33935586.56422764,27707282753.65854,0.6265588152433824,,3.722431033204913
stcp,udp,8,131072,8,15.189548794005532,3120,0,51.35109742745107,205.4043897098043,9.077348629944026,36.34043800411746,53.830371994990855,62.83224897924811,42.507549681450065,27984,83.18261376896149,357722,631967,40,114654.48717948719,202553.52564102566,12.820512820512821,317220.8333333334,458.6179487179487,68046780332.0,177555.0,6616.0,10312.0,33817892664.0,26766015466.0,,68782434.0,7485904757.0,205635195.0,10839068.161538461,8578851.110897437,56908.653846153844,2120.5128205128203,3305.128205128205,43356272.646153845,34315404.44358975,21809865491.02564,0.7914749665786567,,2.7469651521776632
tls,tls,8,131072,8,15.310149160970468,2032,0,33.180604229188276,132.7224169167531,197.07019213819876,53.04326699115336,108.21368201868609,143.1040819734335,77.45091099588191,36712,96.6392512762337,166706,376602,33723,82040.35433070867,185335.62992125985,16595.964566929135,283971.94881889765,328.16141732283467,68042412852.0,170344.0,8250.0,51960.0,39158933420.0,40267422163.0,,88392685.0,9901784226.0,179523011.0,19271128.6515748,19816644.765255906,83830.70866141732,4060.03937007874,25570.866141732284,77084514.6062992,79266579.06102361,33485439395.669292,1.0283074293957621,,1.8130369931573582
udp,udp,8,131072,8,15.191167037002742,2304,0,37.91677088382844,151.66708353531376,11.052393121644855,48.95128501811996,64.35514002805576,96.00031503941864,113.10362105918892,29964,94.57465277777779,315129,548232,84,136774.73958333334,237947.9166666667,36.458333333333336,374759.1145833334,547.0989583333333,68040663000.0,184025.0,13202.0,10314.0,38151328924.0,29085241773.0,,128319494.0,8554753931.0,255577001.0,16558736.512152778,12623802.852864584,79871.96180555556,5730.034722222223,4476.5625,66234946.04861111,50495211.411458336,29531537760.416668,0.762365102168256,,2.9875435700594672
stcp,udp,16,131072,1,15.083166802010965,3273,0,54.24921773661661,216.99687094646643,23.129739871365018,70.39877102943137,101.85669997008517,123.5745309968479,45.08514086772119,34408,96.83571738188122,318097,550958,59,97188.20653834402,168334.24992361746,18.02627558814543,265540.48273754964,388.7528261533761,68047972759.0,117271.0,10495.0,11868.0,38943189883.0,31101681316.0,,86214519.0,8325895673.0,207480289.0,11898316.493431102,9502499.638252368,35829.819737244114,3206.5383440268865,3626.031164069661,47593265.97372441,38009998.55300947,20790703562.175373,0.79864236621194,,2.491987614892133
tls,tls,16,131072,1,15.078674286953174,2301,0,38.149905558855075,152.5996222354203,287.14263617803226,95.71970900287852,148.45645398600027,178.9635070017539,107.80952417060779,49652,97.35587342869528,130854,331232,37088,56868.31812255541,143951.32551064753,16118.209474141677,216937.85310734462,227.47327249022166,68109539240.0,115383.0,10873.0,10966.0,39280134470.0,43764009565.0,,79752054.0,10176008835.0,150511038.0,17070897.2055628,19019560.87136028,50144.71968709256,4725.336810082573,4765.754019991307,68283588.8222512,76078243.48544112,29599973594.089523,1.114151215506264,,1.4790773125345857
udp,udp,16,131072,1,15.061877993983217,2013,0,33.41216813740184,133.64867254960737,6.487197497335728,118.19581896997988,148.33326899679378,167.92884498136118,149.90685762439168,39460,93.69016536118365,303723,545634,90,150880.77496274217,271055.1415797318,44.70938897168406,421980.6259314456,603.5230998509687,68046986797.0,189946.0,14509.0,11508.0,37786602373.0,28938382832.0,,131071419.0,8408019159.0,249259738.0,18771287.815697964,14375749.047193244,94359.66219572777,7207.650273224044,5716.840536512668,75085151.26279186,57502996.18877298,33803768900.645805,0.7658371225426079,,2.964547692938957
stcp,udp,16,131072,4,15.208134954969864,3236,0,53.195214429342435,212.78085771736974,15.31353868995211,71.09496300108731,108.00155100878328,143.72796699171886,46.753227933951415,34188,96.992916004048,317389,552763,62,98080.65512978987,170816.74907292955,19.15945611866502,268916.5636588381,392.32262051915944,68054926241.0,117242.0,10909.0,10623.0,39113670509.0,30981339657.0,,86434262.0,8332838115.0,205739990.0,12087042.802533993,9573961.575092707,36230.53152039555,3371.1372064276884,3282.756489493201,48348171.210135974,38295846.30037083,21030570531.82942,0.792084691971602,,2.4690266048688265
tls,tls,16,131072,4,15.240969659003895,2328,0,38.18654672382819,152.74618689531275,267.7592233631003,94.96880701044574,152.46684401063249,188.6312979622744,102.76626323934077,50180,97.53969389214706,136371,341760,34438,58578.60824742268,146804.1237113402,14792.95532646048,220175.68728522336,234.31443298969072,68041532110.0,114676.0,10735.0,9778.0,39330434261.0,43947342414.0,,78709779.0,10176185488.0,150248018.0,16894516.43513746,18877724.404639177,49259.45017182131,4611.254295532646,4200.171821305842,67578065.74054983,75510897.61855671,29227462246.563576,1.1173876729242758,,1.476466974557176
udp,udp,16,131072,4,15.18341502698604,2240,0,36.882348207217646,147.52939282887058,9.190471813781187,97.26169501664117,148.89406703878194,174.03217597166076,100.12547883977419,39084,94.1390343222804,308925,544628,103,137912.94642857145,243137.5,45.98214285714286,381096.4285714286,551.6517857142857,68039904760.0,182972.0,13531.0,10913.0,38028713430.0,28976855063.0,,128378985.0,8490255787.0,252862887.0,16977104.20982143,12936096.010267857,81683.92857142857,6040.624999999999,4871.874999999999,67908416.83928572,51744384.04107143,30374957482.142853,0.7619730579720535,,2.9782717192946686
stcp,udp,16,131072,8,15.359958818007726,2952,0,48.0470038197487,192.1880152789948,18.6569224424602,78.47962802043185,131.18902500718832,163.4815110010095,41.77412892850617,34088,96.78016811511611,309011,529905,87,104678.52303523036,179507.11382113822,29.471544715447155,284215.108401084,418.7140921409214,68048691926.0,120587.0,8626.0,9525.0,39057299404.0,30889135468.0,,89406739.0,8314987114.0,201949407.0,13230792.48102981,10463799.277777778,40849.254742547426,2922.086720867209,3226.6260162601625,52923169.92411924,41855197.11111111,23051724907.181572,0.7908671602839118,,2.4287398673171294
tls,tls,16,131072,8,15.55855497700395,2344,0,37.66416616878155,150.6566646751262,283.0594744955306,96.25851799501106,150.86187701672316,184.8542250227183,98.06300792426171,50176,97.52496132752074,135567,341705,46932,57835.75085324232,145778.58361774744,20022.184300341298,223636.51877133106,231.3430034129693,68047523722.0,115345.0,10892.0,9373.0,39337706728.0,44009683684.0,,78298838.0,10185522047.0,153929588.0,16782298.09215017,18775462.322525598,49208.61774744028,4646.757679180888,3998.7201365187716,67129192.36860068,75101849.29010239,29030513533.27645,1.1187658698130096,,1.5112586992567334
udp,udp,16,131072,8,15.438043603964616,2432,0,39.3832285746272,157.5329142985088,8.74124855545233,95.28564900392666,131.74835202516988,159.37245299573988,74.81205064762216,39104,93.76167888457668,313057,553910,105,128724.09539473684,227759.04605263157,43.17434210526316,356526.31578947365,514.8963815789473,68036661555.0,171631.0,14261.0,9260.0,37832382097.0,28808576253.0,,126200171.0,8499945604.0,254175516.0,15556078.164884869,11845631.682976974,70571.9572368421,5863.89802631579,3807.565789473684,62224312.659539476,47382526.7319079,27975600968.338818,0.7614793110076047,,2.990319324871764
stcp,udp,1,262144,1,15.008045102003962,553,0,18.42345209657453,36.84690419314906,3.2290900126099586,25.274509971495718,39.462371030822396,50.26888696011156,13.85828058127494,22768,92.24303200117977,210912,410914,46,381396.0216998192,743063.2911392405,83.18264014466547,1124542.4954792045,762.7920433996383,68049786573.0,212164.0,19837.0,11895.0,37193544691.0,30591673401.0,,114557922.0,8383869938.0,219850154.0,67257766.1681736,55319481.737793855,383660.03616636526,35871.609403254966,21509.945750452076,134515532.3363472,110638963.47558771,123055671922.24231,0.8224995400452514,,2.6222991962640823
tls,tls,1,262144,1,15.027532667969353,314,0,10.447490181448075,20.89498036289615,59.96966204838827,46.35957098798826,60.32263801898807,76.24222501181066,25.13634196285151,26180,93.26599326599326,173632,369307,11965,552968.1528662421,1176136.9426751593,38105.09554140128,1767210.1910828026,1105.9363057324842,68114172591.0,226148.0,15237.0,10900.0,37711419957.0,36842468018.0,,121883121.0,9274652339.0,208302326.0,120100063.55732484,117332700.69426751,720216.5605095541,48525.47770700637,34713.37579617834,240200127.11464968,234665401.38853502,216924116531.84714,0.9769578567979988,,2.2459313663336657
udp,udp,1,262144,1,15.00737972400384,815,0,27.153307738873053,54.30661547774611,0.09142199996858835,17.284556000959128,28.131954022683203,36.88936401158571,36.43825304995394,22956,92.81305114638448,274040,501504,74,336245.39877300616,615342.3312883435,90.79754601226995,951678.527607362,672.4907975460123,68053870425.0,202420.0,17068.0,11798.0,37468289053.0,29973622278.0,,136434595.0,8498115202.0,246371851.0,45973360.801226996,36777450.64785276,248368.09815950922,20942.33128834356,14476.073619631903,91946721.60245399,73554901.29570553,83501681503.06749,0.7999730715112565,,2.8991352216785353
stcp,udp,1,262144,4,15.068857500038575,528,0,17.519576384561613,35.03915276912323,3.3478899858891964,26.18520997930318,44.015852035954595,50.877853005658835,13.400219625109806,22392,92.7529827662395,218778,408214,43,414352.27272727276,773132.5757575758,81.43939393939394,1187566.2878787878,828.7045454545455,68039118073.0,213470.0,20028.0,10902.0,37368320887.0,30962934113.0,,116042831.0,8464905449.0,219488274.0,70773335.01325758,58641920.66856061,404299.24242424243,37931.81818181818,20647.727272727272,141546670.02651516,117283841.33712122,128861966047.34848,0.8285877817906354,,2.5929205626972385
tls,tls,1,262144,4,15.153466411982663,348,0,11.482521244275093,22.965042488550186,41.30937997251749,42.76234901044518,54.980093031190336,60.54850196233019,25.132744524965112,25856,83.86343740881237,143908,303890,13503,413528.7356321839,873247.1264367816,38801.72413793103,1325577.5862068965,827.0574712643678,68039540019.0,192960.0,15160.0,30601.0,34059765987.0,33801674312.0,,106895935.0,8573949232.0,186941767.0,97872890.76724137,97131248.02298851,554482.7586206897,43563.2183908046,87933.90804597702,195745781.53448275,194262496.04597703,195515919594.8276,0.9924223884832765,,2.180346091883647
udp,udp,1,262144,4,15.036790298996493,540,0,17.955959658359998,35.911919316719995,0.09582203347235918,27.84253202844411,30.30602802755311,32.66636800253764,26.83346591771833,23068,28.654630168899242,265320,543944,0,491333.3333333333,1007303.7037037037,0.0,1498637.037037037,982.6666666666667,68046557184.0,9175.0,201.0,10900.0,11737850040.0,6415399227.0,,43921455.0,2635458975.0,101703673.0,21736759.333333332,11880368.938888889,16990.74074074074,372.2222222222222,20185.185185185182,43473518.666666664,23760737.877777778,126012142933.33333,0.5465565844799292,,3.8590497505277996
stcp,udp,1,262144,8,15.108575240999926,656,0,21.709525535532368,43.419051071064736,2.9753579874522984,19.875649944879115,42.24315198371187,47.83453798154369,14.433432439627419,22508,58.52466301288698,363433,669631,0,554013.7195121951,1020778.9634146341,0.0,1574792.6829268292,1108.0274390243903,68030578647.0,142820.0,620.0,10326.0,24525161048.0,17495019035.0,,59928845.0,5947355821.0,184327744.0,37385916.23170732,26669236.33384146,217713.41463414632,945.1219512195122,15740.853658536585,74771832.46341464,53338472.66768292,103705150376.52438,0.7133498124949805,,3.0993226157604736
tls,tls,1,262144,8,15.250963593018241,464,0,15.21215355246193,30.42430710492386,40.99551500985399,32.13348297867924,35.97563598304987,37.703357986174524,35.60509450357525,25936,48.67410520214462,255261,551229,20024,550131.4655172414,1187993.5344827587,43155.17241379311,1781280.1724137932,1100.2629310344828,68029480055.0,8157.0,145.0,10665.0,19805030936.0,18321210572.0,,51046809.0,5022662358.0,107436711.0,42683256.327586204,39485367.612068966,17579.741379310344,312.5,22984.913793103446,85366512.65517241,78970735.22413793,146615258739.22412,0.9250786141766216,,2.1390390860910027
udp,udp,1,262144,8,15.003945147967897,656,0,21.860917029840223,43.72183405968045,0.07968902355059981,19.28849797695875,30.324605002533644,31.933039019349962,33.33177341478975,22816,30.602302922940655,310953,620439,0,474013.71951219515,945791.1585365854,0.0,1419804.8780487806,948.0274390243903,68028352741.0,9597.0,144.0,9137.0,13456140161.0,7513369691.0,,44799338.0,3118373765.0,116203522.0,20512408.782012194,11453307.455792682,14629.573170731706,219.5121951219512,13928.353658536585,41024817.56402439,22906614.911585364,103701757227.13414,0.5583599458019944,,3.726414174729308
stcp,udp,2,262144,1,15.038629510963801,1034,0,34.37813263656007,68.75626527312014,7.556706492323428,24.085933982860297,49.94554497534409,56.851055996958166,26.66103315516176,24224,73.09096218426048,406210,697011,2,392852.998065764,674091.8762088976,1.9342359767891684,1066946.8085106383,785.7059961315281,68047311519.0,146392.0,1868.0,8970.0,30203975898.0,21879533411.0,,68629514.0,6972169565.0,217815115.0,29210808.411992263,21160090.339458413,141578.33655705996,1806.5764023210832,8675.04835589942,58421616.823984526,42320180.67891683,65809779031.914894,0.7243924933885537,,3.124065084323577
tls,tls,2,262144,1,15.014634874998592,894,0,29.770953720913706,59.54190744182741,59.727903542807326,32.70938899368048,36.30465501919389,37.944867042824626,72.28753206694957,28236,69.03784100909358,244034,546388,19094,272968.6800894855,611172.25950783,21357.941834451904,905498.8814317674,545.937360178971,68031354001.0,8786.0,192.0,15121.0,28036565396.0,29920464836.0,,55127742.0,7441798046.0,121537647.0,31360811.4049217,33468081.472035795,9827.740492170022,214.76510067114094,16913.87024608501,62721622.8098434,66936162.94407159,76097711410.51454,1.0671943732547489,,1.6331758299370545
udp,udp,2,262144,1,15.022602115990594,669,0,22.266448742854358,44.532897485708716,5.156522005563602,44.385935994796455,47.22049500560388,49.69865799648687,39.97652306591756,24920,27.74363476733977,242176,510434,0,361997.01046337816,762980.5680119582,0.0,1124977.5784753363,723.9940209267563,68032585258.0,4310.0,128.0,15005.0,11200768604.0,6246510817.0,,42489169.0,2543908347.0,98374048.0,16742553.967115097,9337086.423019432,6442.451420029895,191.3303437967115,22428.998505231688,33485107.934230193,18674172.846038863,101692952553.06427,0.557685908694628,,3.8670437209741193
stcp,udp,2,262144,4,15.093509969010483,1004,0,33.25932808410307,66.51865616820614,7.429108023643494,24.167087976820767,51.06069298926741,60.07525703171268,26.167226894930977,23976,72.72184936614467,405950,678688,1,404332.66932270915,675984.06374502,0.9960159362549801,1080317.7290836654,808.6653386454183,68032263925.0,141240.0,1876.0,15010.0,29746084368.0,21506105026.0,,68812460.0,6879469793.0,215479510.0,29627574.071713146,21420423.33266932,140677.29083665338,1868.5258964143427,14950.19920318725,59255148.14342629,42840846.66533864,67761219048.80478,0.7229894449279403,,3.1322110058431356
tls,tls,2,262144,4,15.11104664800223,888,0,29.38247828509612,58.76495657019224,56.56212300527841,32.936231000348926,36.65860800538212,38.79894898273051,72.63662971652009,28056,69.28162185985015,251679,556044,18948,283422.29729729734,626175.6756756757,21337.83783783784,930935.8108108109,566.8445945945946,68040443074.0,11441.0,159.0,14996.0,28208461373.0,29871621713.0,,55883783.0,7465530413.0,125613036.0,31766285.329954956,33639213.640765764,12884.009009009009,179.05405405405406,16887.387387387385,63532570.65990991,67278427.28153153,76622120578.82883,1.0589596262627747,,1.6825734951299032
udp,udp,2,262144,4,15.114358212973457,664,0,21.965868171301295,43.93173634260259,5.179010971914977,45.05961900576949,48.492086003534496,50.78984901774675,46.05797945178174,25100,27.73158278628738,242694,516230,0,365503.0120481928,777454.8192771085,0.0,1142957.8313253012,731.0060240963855,68054450185.0,4280.0,145.0,13304.0,11225874217.0,6152897240.0,,42565215.0,2492068055.0,94930004.0,16906437.07379518,9266411.506024096,6445.78313253012,218.3734939759036,20036.14457831325,33812874.14759036,18532823.012048192,102491641844.87952,0.5480996064148221,,3.809286179385659
stcp,udp,2,262144,8,15.114296949992422,1040,0,34.404511286266654,68.80902257253331,5.830206529935822,24.244820000603795,49.827231967356056,60.67169498419389,26.84867191260282,23816,73.90134529147983,369804,677122,23,355580.76923076925,651078.8461538461,22.115384615384617,1006681.7307692308,711.1615384615385,68046730389.0,141565.0,1979.0,14101.0,30122161366.0,21954048443.0,,69450869.0,6996300912.0,214264640.0,28963616.698076922,21109661.964423075,136120.1923076923,1902.8846153846152,13558.653846153846,57927233.396153845,42219323.92884615,65429548450.96153,0.7288337704670936,,3.062541801661146
tls,tls,2,262144,8,15.044660401006695,896,0,29.77800681828768,59.55601363657536,59.92809947929345,32.789075979962945,36.30807501031086,37.85735397832468,72.95418911061344,28048,69.7411003236246,248465,549120,36649,277304.6875,612857.1428571428,40902.90178571429,931064.7321428572,554.609375,68039333814.0,11300.0,166.0,16089.0,28352113858.0,30075675367.0,,55557663.0,7508729264.0,126026656.0,31642984.21651786,33566601.97209822,12611.607142857143,185.26785714285714,17956.473214285714,63285968.43303572,67133203.94419643,75936756488.83928,1.0607912876490395,,1.6784019182077146
udp,udp,2,262144,8,15.169482044002507,976,0,32.16985250942951,64.33970501885902,0.09851102367974818,29.241721029393375,44.86308601917699,48.09706402011216,55.228780888483556,25204,32.408384858995625,345210,679885,0,353698.77049180324,696603.4836065574,0.0,1050302.2540983607,707.3975409836066,68039164445.0,8942.0,151.0,9640.0,15089491305.0,8677738823.0,,45715500.0,3610719933.0,130164249.0,15460544.36987705,8891125.843237706,9161.88524590164,154.71311475409837,9877.04918032787,30921088.739754103,17782251.68647541,69712258652.66394,0.5750849148986603,,3.6049389433495005
stcp,udp,4,262144,1,15.040637023979798,1290,0,42.88382193996535,85.7676438799307,12.61924026766792,42.47096803737804,85.43277601711452,94.11587502108887,32.567902491033344,27092,81.75096125406685,385380,660440,25,298744.18604651163,511968.99224806204,19.379844961240313,810732.5581395349,597.4883720930233,68035932667.0,116141.0,2821.0,12406.0,33332405321.0,24396251640.0,,73140816.0,7486142601.0,220147640.0,25839073.89224806,18911822.976744186,90031.78294573643,2186.8217054263564,9617.054263565891,51678147.78449612,37823645.95348837,52741033075.193794,0.7319079257874599,,2.940735325701552
tls,tls,4,262144,1,15.079223129956517,1271,0,42.14408093328827,84.28816186657654,104.29422950255685,40.36435898160562,82.58599403779954,108.2114260061644,94.10334257744297,32564,90.17137835066647,250819,538208,39381,197339.8898505114,423452.39968528715,30984.26435877262,651776.5538945711,394.6797797010228,68033265315.0,19116.0,1900.0,14997.0,36559717607.0,40479070736.0,,61443185.0,9746318928.0,142317518.0,28764529.98190401,31848206.715971675,15040.12588512982,1494.8859166011016,11799.370574350905,57529059.96380802,63696413.43194335,53527352726.199844,1.1072041412116809,,1.4602181505792808
udp,udp,4,262144,1,15.04544583504321,1255,0,41.706972786306785,83.41394557261357,3.540143501595594,46.75409395713359,53.05045301793143,56.0693220468238,90.27873383694242,29536,56.51908396946565,369765,686552,0,294633.46613545815,547053.3864541833,0.0,841686.8525896413,589.2669322709163,68032230148.0,120734.0,2927.0,59505.0,23755891316.0,15355765365.0,,79971576.0,5861645519.0,206286182.0,18928997.06454183,12235669.613545816,96202.39043824702,2332.2709163346617,47414.342629482075,37857994.12908366,24471339.227091633,54208948325.09961,0.6463981991135659,,3.5192537885708335
stcp,udp,4,262144,4,15.1795582260238,1212,0,39.92211044462908,79.84422088925815,11.8140444974415,53.61315899062902,59.60836401209235,78.26961996033788,37.3753367227349,27140,65.54284865587405,315068,585069,10,259957.09570957095,482730.198019802,8.25082508250825,742695.5445544554,519.914191419142,68057194463.0,235246.0,6004.0,10920.0,27099331881.0,21624715557.0,,58277818.0,6053428758.0,170140302.0,22359184.72029703,17842174.551980197,194097.35973597362,4953.7953795379535,9009.90099009901,44718369.44059406,35684349.103960395,56152800712.0462,0.7979796569140368,,2.8106435014230327
tls,tls,4,262144,4,15.202484314038884,916,0,30.12665499526649,60.25330999053298,98.94447126134764,61.959903978277,110.36105296807364,125.46761898556724,70.10935041819074,32372,93.59684947491247,225580,465539,36078,246266.37554585154,508230.3493449782,39386.46288209607,793883.1877729258,492.532751091703,68053322647.0,247875.0,4636.0,10690.0,38057671818.0,37380763226.0,,90977837.0,9199601463.0,185537093.0,41547676.65720524,40808693.47816594,270605.8951965065,5061.135371179039,11670.305676855894,83095353.31441048,81617386.95633188,74294020356.9869,0.9822136100380201,,2.0167948986291866
udp,udp,4,262144,4,15.122653961996548,1296,0,42.84962160930439,85.69924321860879,8.545966018573381,46.03396396851167,49.46691798977554,53.03725000703707,80.00700161760908,29584,79.54952267303102,436398,708156,0,336726.85185185185,546416.6666666666,0.0,883143.5185185185,673.4537037037037,68044619388.0,336853.0,7815.0,11490.0,32826744403.0,21363439022.0,,108310163.0,7293026256.0,272398411.0,25329278.088734567,16484135.047839506,259917.43827160494,6030.092592592592,8865.74074074074,50658556.177469134,32968270.09567901,52503564342.59259,0.6507937174558077,,3.735053206148775
stcp,udp,4,262144,8,15.230397295963485,1312,0,43.07175888142194,86.14351776284389,18.14279123209417,47.530442010611296,61.42017198726535,72.46263301931322,38.593687910937426,27196,72.44463997653615,332872,586906,5,253713.41463414635,447336.89024390245,3.8109756097560976,701054.1158536585,507.4268292682927,68070826686.0,214186.0,5733.0,10533.0,29760330122.0,23519495313.0,,62149415.0,6664211605.0,186616834.0,22683178.44664634,17926444.59832317,163251.5243902439,4369.664634146341,8028.201219512195,45366356.89329268,35852889.19664634,51883252047.256096,0.7902968554644315,,2.8002837403900234
tls,tls,4,262144,8,15.377307199989446,944,0,30.69458090817903,61.38916181635806,105.91952074901201,61.31897302111611,110.7981110108085,131.7013949737884,75.2567523656414,32424,93.3589306029579,232231,483367,27855,246007.4152542373,512041.31355932204,29507.41525423729,787556.1440677966,492.0148305084746,68032321796.0,244061.0,4336.0,9167.0,38083203302.0,37904400545.0,,89260841.0,9290803402.0,182402147.0,40342376.37923729,40152966.67902543,258539.19491525425,4593.220338983051,9710.805084745763,80684752.75847457,80305933.35805085,72068137495.76271,0.9953049443981354,,1.9632548349988215
udp,udp,4,262144,8,15.196157710975967,1280,0,42.1159093089523,84.2318186179046,7.147263764636591,46.292093000374734,49.94749103207141,80.60795499477535,80.09408846295995,29420,78.66666666666666,426418,713833,2,333139.0625,557682.03125,1.5625,890822.65625,666.278125,68041736037.0,323746.0,6983.0,10343.0,32448311797.0,21180238420.0,,107192068.0,7214504206.0,269571029.0,25350243.59140625,16547061.265625,252926.5625,5455.46875,8080.46875,50700487.1828125,33094122.53125,53157606278.90625,0.6527377619059433,,3.7365149607343646
stcp,udp,8,262144,1,15.062454085040372,1200,0,39.83414632253744,79.66829264507489,21.39161898958264,103.58215699670836,112.19241004437208,131.0047300066799,38.687872288935715,33324,62.721369539551354,304678,567604,3,253898.33333333334,473003.3333333334,2.5,726904.1666666667,507.7966666666667,68039894852.0,230431.0,5926.0,10774.0,25768912282.0,20690852325.0,,54790053.0,5784658109.0,164746276.0,21474093.56833333,17242376.9375,192025.83333333334,4938.333333333334,8978.333333333334,42948187.13666666,34484753.875,56699912376.66667,0.8029385213691341,,2.8479863960098393
tls,tls,8,262144,1,15.073187308036722,1035,0,34.33248651558117,68.66497303116233,186.87090873572743,110.72184098884463,174.25301601178944,213.5765320272185,79.930659347517,41560,93.23972206137812,205696,439521,39348,198740.0966183575,424657.97101449274,38017.391304347824,661415.458937198,397.48019323671497,68049592444.0,212842.0,4723.0,10920.0,37873038872.0,38719137973.0,,81161975.0,9338854603.0,167821509.0,36592308.08888889,37409795.14299517,205644.44444444447,4563.285024154589,10550.72463768116,73184616.17777778,74819590.28599034,65748398496.61836,1.0223404069543924,,1.7970245403123555
udp,udp,8,262144,1,15.049309865979012,1159,0,38.506749157317685,77.01349831463537,2.386311985901557,92.74551400449127,140.64163900911808,238.62898297375068,79.39615242431387,38288,76.05570530098832,422826,698112,0,364819.6721311476,602339.9482312339,0.0,967159.6203623815,729.6393442622951,68035146850.0,338725.0,7423.0,10798.0,31525986939.0,20857172558.0,,104346270.0,7057600200.0,261297140.0,27201024.10612597,17995834.821397755,292256.2553925798,6404.659188955997,9316.65228645384,54402048.21225194,35991669.64279551,58701593485.76359,0.6615866649426959,,3.7023511192940624
stcp,udp,8,262144,4,15.177842991019133,1580,0,52.049556743171614,104.09911348634323,18.719735489867162,70.00059704296291,108.76629396807402,129.6363309957087,43.78103663301772,33580,81.0826800769117,351412,611907,5,222412.65822784812,387282.9113924051,3.1645569620253164,609698.7341772153,444.8253164556962,68035924851.0,171076.0,5560.0,10370.0,32898116969.0,26203826357.0,,63211446.0,7321319369.0,194684830.0,20821593.01835443,16584700.225949368,108275.9493670886,3518.987341772152,6563.291139240506,41643186.03670886,33169400.451898735,43060711931.01266,0.7965144747248588,,2.659149535592401
tls,tls,8,262144,4,15.297223184024915,1068,0,34.908296334308766,69.81659266861753,170.47996951441746,111.53044999809936,169.37539604259655,209.70210002269596,83.60897168158338,41696,94.08973252804141,205374,448058,30409,192297.75280898876,419529.96254681644,28472.846441947564,640300.5617977527,384.59550561797755,68037106055.0,204303.0,4162.0,10316.0,38253705419.0,39369531365.0,,81159271.0,9449021837.0,166456330.0,35818076.23501873,36862857.083333336,191294.9438202247,3897.003745318352,9659.176029962546,71636152.47003746,73725714.16666667,63705155482.20973,1.029169094438778,,1.7616249900936705
udp,udp,8,262144,4,15.286800319037866,1180,0,38.59538868086255,77.1907773617251,16.355789623048622,93.05741696152836,134.40442801220343,345.67633603001013,81.02160518558756,38480,75.98587404355503,422286,715210,8,357869.4915254237,606110.1694915254,6.779661016949152,963986.4406779661,715.7389830508474,68035865371.0,339847.0,7455.0,9167.0,31349911713.0,20606413518.0,,104087750.0,6978390274.0,264950306.0,26567721.790677965,17463062.30338983,288005.9322033898,6317.796610169492,7768.64406779661,53135443.58135593,34926124.60677966,57657513026.27119,0.6573037176833596,,3.796725256068704
stcp,udp,8,262144,8,15.439805052999873,1544,0,50.00063131302325,100.0012626260465,20.520055390079506,73.30008200369775,109.93179102661088,117.58920596912503,44.589649780988445,33628,77.80829839525806,348864,614471,41,225948.1865284974,397973.4455958549,26.55440414507772,623948.1865284974,451.89637305699483,68051633091.0,182273.0,5240.0,9273.0,31800303125.0,25596150587.0,,62018028.0,7101503051.0,190915507.0,20596051.246761657,16577817.7376943,118052.46113989638,3393.782383419689,6005.829015544041,41192102.493523315,33155635.4753886,44074891898.31606,0.8049027232975472,,2.6883816796095887
tls,tls,8,262144,8,15.470505748991854,1056,0,34.129459538477434,68.25891907695487,157.18282112356974,112.6470590243116,182.66084900824353,217.5174120347947,80.18767583476324,41696,94.28896150021309,216139,459512,35946,204677.08333333334,435143.9393939394,34039.77272727273,673860.7954545455,409.3541666666667,68042522889.0,207841.0,4211.0,8986.0,38334225245.0,39226484109.0,,81611103.0,9441720670.0,169250253.0,36301349.66382576,37146291.76988637,196819.12878787878,3987.6893939393935,8509.469696969696,72602699.32765152,74292583.53977273,64434207281.25,1.0232757766277376,,1.7925784813542889
udp,udp,8,262144,8,15.659786727046594,1024,0,32.69520900407321,65.39041800814643,8.480269752908498,94.79100001044571,241.76857597194612,353.4412829903886,78.38668695786943,38448,71.17350611951045,358705,633712,7,350297.8515625,618859.375,6.8359375,969164.0625,700.595703125,68041668351.0,248478.0,5721.0,51507.0,28719669598.0,20041714895.0,,100605240.0,6726016385.0,231720898.0,28046552.341796875,19571987.202148438,242654.296875,5586.9140625,50299.8046875,56093104.68359375,39143974.404296875,66446941749.02344,0.6978393266890396,,3.445143227970296
stcp,udp,16,262144,1,15.116821266012266,1552,0,51.33354336501357,102.66708673002714,26.098727008502465,147.62338995933533,219.65090197045356,249.36047301162034,46.997843494872185,46284,93.8710610002891,311172,544264,50,200497.4226804124,350685.5670103093,32.21649484536083,551215.2061855671,400.99484536082474,68040664537.0,109160.0,7327.0,10780.0,37985347478.0,29842235675.0,,79602415.0,8120572742.0,202597797.0,24475095.024484538,19228244.63595361,70335.05154639175,4721.005154639175,6945.876288659793,48950190.048969075,38456489.27190722,43840634366.62371,0.7856249226700834,,2.4948707860488
tls,tls,16,262144,1,15.09917897800915,1286,0,42.58509690735387,85.17019381470774,290.451570188452,169.41155097447336,265.32062399201095,315.1331730186939,114.15546517531688,60000,95.11519393409156,143326,366716,39580,111451.01088646967,285160.1866251944,30777.60497667185,427388.80248833593,222.90202177293935,68041506277.0,78990.0,4784.0,11574.0,38466476516.0,44729692436.0,,66990325.0,10201043563.0,133747612.0,29911723.573872473,34782031.44323484,61423.01710730948,3720.062208398134,9000.0,59823447.147744946,69564062.88646968,52909413901.24416,1.1628227092074532,,1.3111169575347494
udp,udp,16,262144,1,15.14104773197323,908,0,29.984714931007833,59.969429862015666,32.09505962149706,258.4229320054874,298.9187859930098,314.84081200324,170.59837903723258,55936,78.6210018105009,314844,563907,45,346744.49339207046,621042.9515418501,49.559471365638764,967837.0044052863,693.488986784141,68036651851.0,140299.0,13269.0,11200.0,32303465105.0,25820900183.0,,112778334.0,7499387967.0,216772941.0,35576503.41960353,28437114.738986783,154514.31718061672,14613.436123348018,12334.801762114537,71153006.83920705,56874229.477973565,74930233316.0793,0.7993229239981251,,2.8905417609260753
stcp,udp,16,262144,4,15.326851211022586,1640,0,53.50087821106282,107.00175642212564,29.780002310872078,140.16054302919656,196.8487739795819,231.29564500413835,49.257429957763,46172,94.37844103158504,321912,555051,39,196287.80487804877,338445.73170731706,23.78048780487805,534757.3170731707,392.57560975609755,68038354519.0,105694.0,6717.0,10514.0,38153449178.0,30265213748.0,,78046661.0,8181454379.0,203174716.0,23264298.27926829,18454398.626829267,64447.56097560976,4095.7317073170734,6410.975609756098,46528596.55853658,36908797.25365853,41486801535.97561,0.7932497428162142,,2.483356950831443
tls,tls,16,262144,4,15.426833252015058,1312,0,42.523309177164606,85.04661835432921,346.7055229411926,164.81845697853714,266.89872902352363,307.5945309828967,106.83395438819065,60304,94.54132993052602,142231,366145,42909,108407.77439024391,279073.93292682926,32705.030487804877,420186.73780487804,216.8155487804878,68045661388.0,76686.0,4458.0,8955.0,38368420388.0,44884991438.0,,65347033.0,10231301889.0,132590897.0,29244222.856707316,34211121.522865854,58449.69512195122,3397.8658536585363,6825.45731707317,58488445.71341463,68422243.04573171,51864071179.878044,1.1698420467692254,,1.295933776937544
udp,udp,16,262144,4,15.646911450021435,952,0,30.421339158236748,60.842678316473496,13.95716100523714,256.27523800358176,299.44578401045874,317.8313010139391,167.5175837974343,56112,78.74208405296488,324404,584750,53,340760.5042016807,614233.1932773109,55.67226890756303,955049.3697478992,681.5210084033613,68044688370.0,137657.0,12970.0,8469.0,32135292580.0,25725735089.0,,111027410.0,7471398976.0,217520455.0,33755559.432773106,27022830.975840338,144597.68907563025,13623.949579831933,8896.008403361346,67511118.86554621,54045661.951680675,71475512993.69748,0.8005446045016218,,2.911375174833121
stcp,udp,16,262144,8,15.506979739002418,1664,0,53.65325898423619,107.30651796847238,32.5348694314016,141.7938980157487,183.15751798218116,214.1748580033891,49.035525472925976,45552,93.9060939060939,329057,566758,39,197750.60096153844,340599.7596153846,23.4375,538373.798076923,395.50120192307696,68035416019.0,106659.0,6845.0,9642.0,38043346993.0,30241345276.0,,77030982.0,8143222427.0,200636424.0,22862588.337139424,18173885.38221154,64097.956730769234,4113.581730769231,5794.471153846154,45725176.67427885,36347770.76442308,40886668280.64904,0.794918104381416,,2.463845557438806
tls,tls,16,262144,8,15.87445831898367,1368,0,43.088084409282175,86.17616881856435,196.3101187538996,166.8121159891598,254.30061598308384,302.41916596423835,114.59187856662962,60300,95.2712100139082,145720,377959,45590,106520.46783625732,276285.8187134503,33326.023391812865,416132.30994152045,213.04093567251462,68033825722.0,74840.0,4249.0,8753.0,38760627026.0,45742860909.0,,62777285.0,10355188026.0,128928614.0,28333791.685672514,33437763.82236842,54707.602339181285,3105.9941520467833,6398.391812865497,56667583.37134503,66875527.64473684,49732328744.15205,1.1801372789536255,,1.2450629933158492
udp,udp,16,262144,8,15.538613057986367,936,0,30.11851818779041,60.23703637558082,17.089540240704082,260.2610940230079,300.85520702414215,319.35903802514076,167.29997653580034,55968,78.48751835535977,319088,577242,51,340905.9829059829,616711.5384615385,54.48717948717949,957672.0085470085,681.8119658119659,68065798556.0,139988.0,13076.0,9024.0,32133803675.0,25675064215.0,,111858249.0,7469278544.0,217262092.0,34330986.83226496,27430624.161324788,149559.82905982906,13970.085470085469,9641.02564102564,68661973.66452992,54861248.322649576,72719870252.13675,0.7990048260292049,,2.9087426679853112
stcp,udp,1,1048576,1,15.067437967984006,165,0,21.901533671563765,10.950766835781883,3.6285080132074654,87.24551397608593,111.46881099557504,134.77055699331686,19.234822842199314,25984,87.47774480712167,221263,421542,19,1340987.8787878787,2554800.0,115.15151515151516,3895903.0303030303,670.4939393939394,68035879944.0,171365.0,9448.0,20437.0,35519402194.0,29503365485.0,,90849602.0,8415277720.0,210814172.0,215269104.20606062,178808275.66666666,1038575.7575757576,57260.60606060606,123860.60606060605,107634552.10303031,89404137.83333333,412338666327.2727,0.8306267465836956,,2.5051362416592946
tls,tls,1,1048576,1,15.111377984983847,113,0,14.95561822519269,7.477809112596345,53.65566100226715,130.789068993181,136.7906240047887,156.1837299959734,35.06653069803193,30076,82.51194743130227,169581,375160,18499,1500716.814159292,3320000.0,163707.9646017699,4984424.778761062,750.358407079646,68042924628.0,134752.0,11842.0,12654.0,33661802918.0,35806552709.0,,93995127.0,8749669704.0,168916300.0,297892061.2212389,316872147.86725664,1192495.575221239,104796.46017699115,111982.30088495575,148946030.61061946,158436073.93362832,602149775469.0265,1.0637146440499519,,1.9305448744285536
udp,udp,1,1048576,1,15.036341366008855,225,0,29.9274929350347,14.96374646751735,0.10706600733101368,60.80902996473014,94.8823870276101,146.23099600430578,40.000222484949255,29300,72.98928625320657,280804,509901,0,1248017.7777777778,2266226.666666667,0.0,3514244.4444444445,624.0088888888889,68035789166.0,119472.0,11668.0,13627.0,29963180474.0,24439001867.0,,101542721.0,7068642396.0,198760937.0,133169690.99555555,108617786.07555556,530986.6666666666,51857.777777777774,60564.444444444445,66584845.497777775,54308893.03777778,302381285182.2222,0.8156344380132308,,2.8118686144382514
stcp,udp,1,1048576,4,15.032649719971232,164,0,21.819174005248335,10.909587002624168,3.598684968892485,87.84096804447472,115.94454396981746,130.50990499323234,15.814597188688765,26376,85.83134684147795,220006,420366,27,1341500.0,2563207.3170731706,164.6341463414634,3904871.951219512,670.75,68048460703.0,162152.0,9160.0,20686.0,34751749816.0,28826432776.0,,88224683.0,8300335423.0,203221080.0,211900913.5121951,175770931.5609756,988731.7073170731,55853.65853658536,126134.1463414634,105950456.75609756,87885465.7804878,414929638432.9268,0.8294958650608167,,2.448347803353585
tls,tls,1,1048576,4,15.504648390982766,116,0,14.963254512429135,7.481627256214567,41.75276402384043,131.07162795495242,138.2758440449834,152.321033005137,32.82136989936244,30060,82.09042011920337,173275,382924,18574,1493750.0000000002,3301068.9655172415,160120.68965517243,4954939.655172414,746.875,68052160908.0,134718.0,11497.0,9622.0,33547319206.0,35729490374.0,,92772724.0,8715140525.0,167809491.0,289201027.63793105,308012848.05172414,1161362.0689655172,99112.06896551723,82948.27586206896,144600513.81896552,154006424.02586207,586656559551.7241,1.0650475572906497,,1.9254938060795066
udp,udp,1,1048576,4,15.19939704996068,260,0,34.21188342476685,17.105941712383427,0.09973300620913506,55.32421899260953,72.81849096762016,84.3219649977982,45.03486537985866,29412,74.58530805687204,289823,515814,4,1114703.8461538462,1983900.0,15.384615384615385,3098619.230769231,557.3519230769231,68035161925.0,117496.0,11883.0,23059.0,30703037508.0,24388640840.0,,105379700.0,7234955883.0,209309806.0,118088605.8,93802464.76923077,451907.6923076923,45703.84615384615,88688.46153846153,59044302.9,46901232.384615384,261673699711.53845,0.7943396751427374,,2.8930350009709933
stcp,udp,1,1048576,8,15.598107301979326,192,0,24.6183714835243,12.30918574176215,3.2857980113476515,77.38663302734494,86.62167802685872,207.92488101869822,20.906536523095923,27160,63.23529411764706,371528,688656,0,1935041.6666666665,3586750.0,0.0,5521791.666666666,967.5208333333333,68047182128.0,152821.0,427.0,20845.0,26503686282.0,19912570875.0,,56262279.0,6758219640.0,193361626.0,138040032.71875,103711306.640625,795942.7083333334,2223.9583333333335,108567.70833333333,69020016.359375,51855653.3203125,354412406916.6667,0.7513132574514225,,2.861132610363045
tls,tls,1,1048576,8,15.658270797983278,120,0,15.327362969793002,7.663681484896501,95.89191398117691,126.98306696256623,130.5269930162467,136.39215001603588,32.81901345493315,29772,57.1945701357466,378220,717677,18715,3151833.3333333335,5980641.666666667,155958.33333333334,9288433.333333334,1575.9166666666667,68043020944.0,16138.0,169.0,9210.0,25021610638.0,21677183041.0,,54006623.0,6360768567.0,145486974.0,208513421.98333332,180643192.00833333,134483.33333333334,1408.3333333333335,76750.0,104256710.99166666,90321596.00416666,567025174533.3334,0.8663384365864578,,2.287254637038581
udp,udp,1,1048576,8,15.698196851008106,176,0,22.422957447969274,11.211478723984637,0.10266597382724285,87.63268403708935,94.95325299212709,97.51305700046942,33.685862460441825,29300,28.743593295470287,273449,560631,0,1553687.5,3185403.409090909,0.0,4739090.909090909,776.84375,68050444072.0,4642.0,98.0,8327.0,11029728403.0,6035540027.0,,39891222.0,2474856974.0,94841478.0,62668911.38068182,34292841.0625,26375.0,556.8181818181819,47312.5,31334455.69034091,17146420.53125,386650250409.09094,0.5472065862798925,,3.832200365369478
stcp,udp,2,1048576,1,15.134967989986762,233,0,30.78962574009432,15.39481287004716,7.472855475498363,99.37912499299273,218.67005998501554,299.4837639853358,25.777940214879912,32724,74.06133562625395,432376,728602,1,1855690.9871244633,3127047.210300429,4.291845493562231,4982742.489270386,927.8454935622318,68038230815.0,136530.0,1250.0,23085.0,30600201011.0,21791701685.0,,68005787.0,7162079529.0,223202682.0,131331334.81115879,93526616.67381974,585965.6652360514,5364.806866952789,99077.25321888411,65665667.405579396,46763308.33690987,292009574313.3047,0.712142435834537,,3.1164507612101944
tls,tls,2,1048576,1,15.113209425006062,193,0,25.540571108697197,12.770285554348598,58.35162699804641,128.05419199867174,391.4587000035681,407.2932070121169,60.04923735777823,36068,70.28596312962694,317298,650808,33486,1644031.0880829014,3372062.176165803,173502.59067357512,5189595.85492228,822.0155440414508,68048004314.0,13825.0,138.0,14497.0,28574449315.0,28318643056.0,,57325279.0,7440131203.0,142949845.0,148054141.5284974,146728720.4974093,71632.12435233161,715.0259067357513,75113.9896373057,74027070.7642487,73364360.24870466,352580333233.1606,0.9910477274231942,,1.9213350020273827
udp,udp,2,1048576,1,15.061078806000296,257,0,34.12770138319864,17.06385069159932,5.200515995966271,102.7416680008173,155.44642298482358,164.85355200711638,57.86227608428748,36868,31.90775069332944,327233,654682,0,1273280.1556420233,2547400.7782101166,0.0,3820680.93385214,636.6400778210117,68032698850.0,5558.0,83.0,8753.0,14153607285.0,8061675701.0,,43857505.0,3340786724.0,120891239.0,55072401.887159534,31368387.94163424,21626.45914396887,322.9571984435798,34058.365758754866,27536200.943579767,15684193.97081712,264718672568.09338,0.5695845263096827,,3.6186458157153525
stcp,udp,2,1048576,4,15.20370000996627,216,0,28.414136014050335,14.207068007025168,7.850028981920332,108.25384402414784,221.48649097653106,345.4604350263253,22.80862551699146,33116,73.8193624557261,419550,721649,1,1942361.1111111112,3340967.592592593,4.62962962962963,5283333.333333333,971.1805555555555,68069972666.0,136423.0,1257.0,25787.0,30280662098.0,21322625681.0,,69163360.0,7049566323.0,222353632.0,140188250.4537037,98715859.63425925,631587.9629629629,5819.444444444444,119384.25925925926,70094125.22685185,49357929.81712963,315138762342.5926,0.7041664284615604,,3.154146252579345
tls,tls,2,1048576,4,15.467466835048981,228,0,29.48123340835054,14.74061670417527,54.639757494442165,129.66162600787356,132.64529302250594,137.6143239904195,62.16661139502969,35784,82.64019707288799,409677,748764,34909,1796828.9473684211,3284052.6315789474,153109.64912280702,5233991.228070176,898.4144736842105,68031005501.0,22367.0,132.0,9572.0,35316599713.0,34156719196.0,,61312207.0,9129311421.0,173993940.0,154897367.1622807,149810171.9122807,98100.87719298246,578.9473684210526,41982.45614035088,77448683.58114035,74905085.95614035,298381603074.5614,0.9671576390018927,,1.9058824042278228
udp,udp,2,1048576,4,15.197147157043219,288,0,37.90185052811369,18.950925264056846,0.09288801811635494,102.35347499838099,114.38396200537682,121.74754799343646,62.94539956182905,36648,34.2453260373917,368532,721443,0,1279625.0,2505010.4166666665,0.0,3784635.416666667,639.8125,68049363186.0,6888.0,161.0,13090.0,16129385770.0,9437972640.0,,46405325.0,3915280554.0,135124809.0,56004811.70138889,32770738.333333332,23916.666666666668,559.0277777777778,45451.38888888889,28002405.850694444,16385369.166666666,236282511062.50003,0.5851414787012066,,3.4512165127464836
stcp,udp,2,1048576,8,15.772766841982957,256,0,32.46101366547755,16.230506832738776,7.44229753036052,95.35996796330437,208.85170897236094,255.49672200577334,24.254736269968465,32440,74.40603215251103,412173,707096,0,1610050.78125,2762093.75,0.0,4372144.53125,805.025390625,68046638889.0,138620.0,1383.0,25518.0,30773847718.0,22485844275.0,,64748616.0,7261005767.0,219524355.0,120210342.6484375,87835329.19921875,541484.375,5402.34375,99679.6875,60105171.32421875,43917664.599609375,265807183160.15625,0.7306802997484046,,3.0233326076905183
tls,tls,2,1048576,8,15.80445244803559,240,0,30.37118821915665,15.185594109578325,58.620249008527026,128.18370398599654,133.47882201196626,138.1589110242203,68.85747567517052,35584,70.18502943650125,257927,572863,39014,1074695.8333333335,2386929.166666667,162558.33333333334,3624183.3333333335,537.3479166666666,68029537722.0,6708.0,68.0,9434.0,28795298468.0,31285124051.0,,52450843.0,7664053249.0,121583490.0,119980410.28333333,130354683.54583333,27950.0,283.33333333333337,39308.333333333336,59990205.141666666,65177341.77291667,283456407175.0,1.0864663926219387,,1.5864123858464074
udp,udp,2,1048576,8,15.416399430017918,288,0,37.3628098191622,18.6814049095811,5.711888516088948,101.45537497010082,149.2414369713515,158.2080770167522,65.67839686538422,37064,32.122313048743564,340548,678030,0,1182458.3333333333,2354270.8333333335,0.0,3536729.166666667,591.2291666666666,68050310870.0,5382.0,139.0,10288.0,15076915719.0,8759386449.0,,44894489.0,3615298640.0,130025385.0,52350401.802083336,30414536.28125,18687.5,482.6388888888889,35722.222222222226,26175200.901041668,15207268.140625,236285801631.94446,0.5809799969871411,,3.5965323462185688
stcp,udp,4,1048576,1,15.173917257983703,346,0,45.60457186069778,22.80228593034889,10.750947258202359,155.73137701721862,271.33605896960944,395.0063649681397,38.4965193936757,42564,84.79377660355203,398725,669136,7,1152384.3930635839,1933919.0751445089,20.23121387283237,3086323.6994219655,576.1921965317919,68038800519.0,99716.0,1854.0,19976.0,34620160130.0,25599921537.0,,70554698.0,7799622433.0,222085374.0,100058266.2716763,73988212.53468208,288196.53179190756,5358.381502890174,57734.10404624278,50029133.13583815,36994106.26734104,196643932135.83817,0.7394512746582146,,2.847386215265531
tls,tls,4,1048576,1,15.137390160001814,334,0,44.12913936545584,22.06456968272792,90.14182700775564,160.51119397161528,266.4882559911348,326.1507900315337,103.63954310601,48256,89.27847000869313,232312,521103,41268,695544.9101796407,1560188.6227544912,123556.8862275449,2379290.419161677,347.77245508982037,68031816221.0,12757.0,762.0,15564.0,36349400833.0,41530733425.0,,57390085.0,9772752107.0,133245184.0,108830541.41616766,124343513.248503,38194.610778443115,2281.4371257485027,46598.802395209575,54415270.70808383,62171756.6242515,203688072517.96405,1.142542448383251,,1.3634356273557733
udp,udp,4,1048576,1,15.095419780001976,201,0,26.630594303350165,13.315297151675082,2.5389017537236214,284.9289780133404,296.7184309964068,300.66911701578647,53.6946313393541,52060,27.405247813411076,238166,502106,0,1184905.4726368159,2498039.800995025,0.0,3682945.2736318405,592.4527363184079,68039656850.0,4936.0,141.0,13096.0,11430905147.0,6322387085.0,,41884217.0,2584733026.0,96922449.0,56870174.86069652,31454662.11442786,24557.213930348258,701.4925373134328,65154.22885572139,28435087.43034826,15727331.05721393,338505755472.6368,0.5530959275485973,,3.7498050291867937
stcp,udp,4,1048576,4,15.379220725037158,344,0,44.73568669704737,22.367843348523685,18.196661505498923,161.54418600490317,246.53437500819564,270.45013703173026,39.24382846118114,41756,77.4127609870054,323283,573450,2,939776.1627906977,1667005.8139534884,5.813953488372093,2606787.7906976743,469.8880813953488,68052962111.0,193697.0,4285.0,35709.0,31278266227.0,25126489398.0,,65032986.0,7300305306.0,192930813.0,90925192.52034883,73042120.34302326,563072.6744186047,12456.39534883721,103805.23255813954,45462596.260174416,36521060.17151163,197828378229.65118,0.8033210413788963,,2.642777321127013
tls,tls,4,1048576,4,15.496787002019119,240,0,30.97416257560096,15.48708128780048,84.42197600379586,235.72707001585513,392.8639540099539,469.39447900513187,73.0751284025813,48348,93.01929625425652,236120,491187,36991,983833.3333333334,2046612.5000000002,154129.1666666667,3184575.0,491.9166666666667,68054341185.0,237774.0,3194.0,10849.0,37906047085.0,38070365512.0,,84043766.0,9313839489.0,182397498.0,157941862.85416666,158626522.96666667,990725.0,13308.333333333334,45204.16666666667,78970931.42708333,79313261.48333333,283559754937.5,1.0043348869015947,,1.9583491664787482
udp,udp,4,1048576,4,15.490567082015332,320,0,41.315466155079946,20.657733077539973,6.752843473805115,185.46186800813302,197.48305500252172,234.20807998627424,78.25276463941402,53136,77.44854765727631,451790,725020,0,1411843.75,2265687.5,0.0,3677531.25,705.921875,68046840184.0,328866.0,7190.0,8868.0,31947131508.0,21123607123.0,,104240725.0,7149800721.0,260386955.0,99834785.9625,66011272.259375,1027706.25,22468.75,27712.5,49917392.98125,33005636.1296875,212646375575.0,0.6612051262790326,,3.6418770978498163
stcp,udp,4,1048576,8,16.150984491978306,312,0,38.63541571165036,19.31770785582518,14.569254257366993,215.35178396152332,232.3419969761744,289.5605770172551,34.063490078468405,43292,64.25972572068291,327697,609367,9,1050310.8974358975,1953099.358974359,28.846153846153847,3003439.1025641025,525.1554487179487,68063953202.0,247758.0,4504.0,7238.0,26010103010.0,20989036107.0,,52125094.0,5867200091.0,163032338.0,83365714.77564102,67272551.625,794096.1538461539,14435.897435897436,23198.71794871795,41682857.38782051,33636275.8125,218153696160.2564,0.8069570543004166,,2.7787076539299163
tls,tls,4,1048576,8,16.3167598680011,240,0,29.417605203673496,14.708802601836748,101.58449475420639,251.93109700921923,381.5178050426766,503.1586880213581,70.0233385330791,48048,93.72779447936594,254975,517256,36664,1062395.8333333335,2155233.3333333335,152766.6666666667,3370395.8333333335,531.1979166666666,68038707388.0,257567.0,3321.0,3643.0,38450715197.0,38371597743.0,,86582678.0,9372001435.0,186522444.0,160211313.32083333,159881657.2625,1073195.8333333335,13837.5,15179.166666666668,80105656.66041666,79940828.63125,283494614116.6667,0.9979423671680839,,1.9902092983407658
udp,udp,4,1048576,8,15.631951123999897,320,0,40.941786148333165,20.470893074166582,9.880236495519057,184.96217404026538,204.95853503234684,316.939526994247,80.55893279160745,52148,78.35734870317003,443018,728519,2,1384431.25,2276621.875,6.25,3661059.375,692.215625,68042754963.0,324011.0,7456.0,8607.0,32458779869.0,21404515168.0,,106036631.0,7257983865.0,266145867.0,101433687.090625,66889109.9,1012534.375,23300.0,26896.875,50716843.5453125,33444554.95,212633609259.375,0.6594368381801851,,3.6669393587856924
stcp,udp,8,1048576,1,15.192178305995185,353,0,46.47128185175368,23.23564092587684,20.364121490274556,292.43953397963196,437.35617701895535,513.2393619860522,43.356718617505194,66008,75.25289546987246,340890,605174,13,965694.0509915013,1714373.9376770537,36.827195467422094,2680104.8158640224,482.84702549575076,68034707870.0,231396.0,5428.0,16865.0,30660532827.0,24490058910.0,,63562526.0,6804690808.0,193136295.0,86857033.50424929,69376937.42209631,655512.7478753541,15376.770538243627,47776.20396600567,43428516.752124645,34688468.711048156,192732883484.41928,0.7987486404161178,,2.838281715503333
tls,tls,8,1048576,1,15.348007245047484,238,0,31.013798234529524,15.506899117264762,262.8926533870981,475.38547799922526,619.6553040063009,668.9896440366283,83.41476385562126,72608,93.43065693430657,238280,486590,37899,1001176.4705882353,2044495.7983193279,159239.49579831935,3204911.7647058824,500.5882352941176,68033396815.0,245359.0,4085.0,13473.0,38003630462.0,37947958985.0,,80297268.0,9312965402.0,184487794.0,159679119.5882353,159445205.81932774,1030920.1680672269,17163.865546218487,56609.243697478996,79839559.79411764,79722602.90966387,285854608466.3866,0.9985351010857854,,1.9809779810883916
udp,udp,8,1048576,1,15.048102836008184,200,0,26.581423875098142,13.290711937549071,16.839992742461618,519.3028969806619,804.0942429797724,1005.4555549868383,94.2059949648811,81648,74.07910628019324,401305,676716,7,2006525.0,3383580.0,35.0,5390140.0,1003.2625,68049325650.0,387835.0,7904.0,10556.0,30717857415.0,20956775044.0,,104917827.0,6871402435.0,252921447.0,153589287.075,104783875.22,1939175.0,39520.0,52780.0,76794643.5375,52391937.61,340246628250.0,0.682234270472474,,3.68078349932942
stcp,udp,8,1048576,4,15.696728131035343,352,0,44.850111062831076,22.425055531415538,23.74413950019516,311.930775991641,451.3689419836737,477.6992700062692,46.14239311235537,66848,72.70638908829864,338475,615527,3,961576.7045454545,1748656.25,8.522727272727273,2710241.477272727,480.7883522727273,68059086464.0,234504.0,5682.0,14648.0,29720169218.0,23787526315.0,,60130727.0,6597903729.0,185599657.0,84432298.91477273,67578199.75852273,666204.5454545455,16142.045454545456,41613.63636363637,42216149.45738637,33789099.87926137,193349677454.54547,0.8003832730734622,,2.813009474270248
tls,tls,8,1048576,4,16.124288915016223,256,0,31.753338252528135,15.876669126264067,208.91373912309064,456.97542204288766,599.6201329980977,633.0089920083992,76.1182900200325,72400,92.64806925931015,243258,503313,29411,950226.5625,1966066.40625,114886.71875,3031179.6875,475.11328125,68042344834.0,232645.0,4797.0,6037.0,38037265513.0,38990344237.0,,78414328.0,9358188066.0,174591169.0,148583068.41015625,152306032.17578125,908769.53125,18738.28125,23582.03125,74291534.20507812,76153016.08789062,265790409507.8125,1.0250564469118912,,1.8656514249197607
udp,udp,8,1048576,4,15.804170846007764,288,0,36.44607525522298,18.22303762761149,39.84951063466724,374.8266570037231,583.9718579663895,888.7961630243808,88.49335492682846,82744,73.59200810771681,429231,723346,0,1490385.4166666667,2511618.0555555555,0.0,4002003.4722222225,745.1927083333333,68044763813.0,336522.0,9161.0,7860.0,30523194979.0,20157679699.0,,100924367.0,6811206198.0,251547890.0,105983315.89930555,69991943.39930555,1168479.1666666667,31809.02777777778,27291.666666666668,52991657.949652776,34995971.699652776,236266541017.3611,0.660405298752916,,3.6931474791331813
stcp,udp,8,1048576,8,15.943942796962801,400,0,50.17579466933323,25.087897334666614,43.245112130534835,271.0530769545585,428.5950719495304,451.3135260203853,42.2899033561788,64844,80.37120359955006,366003,652650,8,915007.5,1631625.0,20.0,2546652.5,457.50375,68032670296.0,199004.0,5297.0,16166.0,32821888085.0,26422515519.0,,62362418.0,7301509429.0,199216145.0,82054720.2125,66056288.7975,497510.0,13242.5,40415.0,41027360.10625,33028144.39875,170081675740.0,0.8050272869913114,,2.7284241284241446
tls,tls,8,1048576,8,16.081552304967772,256,0,31.837722521465633,15.918861260732816,177.71869099669857,461.2666760222055,625.3215079777874,724.1710110101849,86.93227951434392,72724,93.4507429829389,236224,499606,36417,922750.0,1951585.9375,142253.90625,3016589.84375,461.375,68049781185.0,232578.0,3420.0,8630.0,38219506401.0,38783842970.0,,82435733.0,9404595608.0,175405774.0,149294946.87890625,151499386.6015625,908507.8125,13359.375,33710.9375,74647473.43945312,75749693.30078125,265819457753.90625,1.0147656686896729,,1.8651070318301772
udp,udp,8,1048576,8,15.412152322998736,256,0,33.22053852504232,16.61026926252116,16.99874538462609,388.86089000152424,780.019084981177,811.987700057216,86.81263148453439,82712,67.6218611521418,357843,598595,0,1397824.21875,2338261.71875,0.0,3736085.9375,698.912109375,68033319351.0,288992.0,7114.0,36757.0,28178918862.0,18884008259.0,,99086303.0,6453890455.0,233624916.0,110073901.8046875,73765657.26171875,1128875.0,27789.0625,143582.03125,55036950.90234375,36882828.630859375,265755153714.84375,0.6701466564945319,,3.6199082960728686
stcp,udp,16,1048576,1,15.535575860994868,310,0,39.90840156473585,19.954200782367923,68.62520512731862,653.0284069594927,863.6675329762511,964.4440739648417,42.899285225293276,109888,55.89009061677872,250062,451201,2,806651.6129032257,1455487.0967741935,6.451612903225806,2262145.1612903224,403.3258064516129,68030518204.0,153645.0,2492.0,42564.0,23392065833.0,18737842971.0,,46950150.0,5200574278.0,144198805.0,75458276.88064516,60444654.74516129,495629.03225806454,8038.709677419355,137303.2258064516,37729138.44032258,30222327.372580644,219453284529.03226,0.8010341243382564,,2.7727477253811084
tls,tls,16,1048576,1,15.404349382035434,326,0,42.3257083976791,21.16285419883955,584.5273261911643,625.6062799948268,816.8430849909782,922.5085219950415,106.08096839881458,121740,75.19045565617364,105785,284899,43923,324493.86503067485,873923.3128834356,134733.12883435583,1333150.3067484663,162.24693251533742,68025975241.0,30168.0,2562.0,38184.0,30930600958.0,38095838141.0,,40516968.0,8578484970.0,90132293.0,94879144.04294479,116858399.20552148,92539.87730061349,7858.895705521472,117128.83435582822,47439572.021472394,58429199.60276074,208668635708.58896,1.2316552850922464,,1.050678450975942
udp,udp,16,1048576,1,15.345201926014852,226,0,29.455461204047147,14.727730602023573,40.702946949750185,902.1732439869083,1070.2696589869447,1094.036263995804,173.13273639599214,142600,24.32998951938913,247041,483017,0,1093101.7699115044,2137243.3628318585,0.0,3230345.132743363,546.5508849557522,68055845352.0,42629.0,250.0,30591.0,11586954060.0,6423839511.0,,39196247.0,2673965691.0,99835229.0,51269708.230088495,28424068.632743362,188623.89380530972,1106.1946902654868,135358.40707964601,25634854.115044247,14212034.316371681,301132059079.646,0.5544027772731154,,3.733601718826242
stcp,udp,16,1048576,4,16.34471721202135,384,0,46.98765907281313,23.493829536406565,62.06377237322158,553.7210829788819,746.2431039894,867.8045030101202,47.85898035755983,111720,65.69727184600471,293706,508015,69,764859.375,1322955.7291666665,179.6875,2087994.7916666665,382.4296875,68025589519.0,127694.0,2570.0,33251.0,28070639386.0,22448355773.0,,51075336.0,6123537473.0,163308438.0,73100623.40104167,58459259.825520836,332536.4583333333,6692.708333333333,86591.14583333333,36550311.700520836,29229629.912760418,177149972705.72916,0.7997094567142611,,2.6668970136961225
tls,tls,16,1048576,4,16.594709597004112,364,0,43.86940282048852,21.93470141024426,385.79225455760024,613.64447302185,825.7408289937302,937.6634530490264,111.2610792739227,121476,78.3842204809511,117164,320241,53583,321879.1208791209,879782.967032967,147206.04395604396,1348868.131868132,160.93956043956044,68054477332.0,31071.0,2519.0,31389.0,33603698086.0,41788943826.0,,38982348.0,9236441137.0,92814022.0,92317851.88461539,114804790.73076923,85359.89010989011,6920.32967032967,86233.51648351649,46158925.942307696,57402395.365384616,186962849813.18683,1.2435816950578467,,1.0048677907792745
udp,udp,16,1048576,4,17.973128316982184,256,0,28.486971826503293,14.243485913251646,50.34884456472355,1041.7059949832037,1103.3122619846836,1150.3026810241863,76.98437220261968,142564,23.742660199131986,238434,491440,0,931382.8125,1919687.5,0.0,2851070.3125,465.69140625,68035213500.0,11922.0,182.0,20708.0,10005097318.0,5321266175.0,,34783414.0,2185864186.0,83374642.0,39082411.3984375,20786195.99609375,46570.3125,710.9375,80890.625,19541205.69921875,10393097.998046875,265762552734.375,0.5318555138315947,,3.8142645153343486
stcp,udp,16,1048576,8,20.015625518048182,376,0,37.5706469588931,18.78532347944655,81.9497776319622,798.9629370276816,867.2188839991577,883.7293969700113,39.70876150152435,110752,53.47400326416414,319916,592038,2,850840.4255319149,1574569.1489361702,5.319148936170213,2425414.8936170214,425.4202127659574,68027951128.0,193099.0,3137.0,45296.0,21791045608.0,17486728317.0,,44169701.0,4827964216.0,134689213.0,57954908.5319149,46507256.162234046,513561.170212766,8343.08510638298,120468.08510638298,28977454.26595744,23253628.08111702,180925401936.17023,0.8024731181591495,,2.7897723962749437
tls,tls,16,1048576,8,17.645792305993382,384,0,43.52312362529334,21.76156181264667,451.19225055532297,611.9271439965814,848.2857429771684,918.172022968065,107.33746987131236,121852,78.39592616168046,125158,337386,47865,325932.2916666666,878609.375,124648.4375,1329190.1041666665,162.96614583333331,68053012666.0,32968.0,2649.0,39567.0,33292074534.0,41139756687.0,,39935447.0,9127843394.0,93151454.0,86698110.765625,107134783.0390625,85854.16666666667,6898.4375,103039.0625,43349055.3828125,53567391.51953125,177221387151.04166,1.2357222330793909,,1.020519853147691
udp,udp,16,1048576,8,19.39549275499303,256,0,26.397885656614452,13.198942828307226,36.84334831996239,1061.575565021485,1171.0824110195972,1231.4580390229821,63.54909955472502,142624,27.771240291833372,284660,602772,0,1111953.125,2354578.125,0.0,3466531.25,555.9765625,68027386870.0,8502.0,208.0,21041.0,11171893583.0,5866181429.0,,40509648.0,2421136563.0,91482791.0,43640209.30859375,22914771.20703125,33210.9375,812.5,82191.40625,21820104.654296875,11457385.603515625,265731979960.9375,0.5250838978565304,,3.778506028864593
