mode,transport,clients,payload_bytes,pipeline,elapsed_s,operations,errors,combined_mib_s,operations_s,connect_mean_ms,rtt_p50_ms,rtt_p95_ms,rtt_p99_ms,client_cpu_percent,max_rss_kib,server_cpu_busy_percent,server_network_irq,server_net_rx_softirq,server_net_tx_softirq,server_network_irq_per_1k_ops,server_net_rx_softirq_per_1k_ops,server_net_tx_softirq_per_1k_ops,server_kernel_network_events_per_1k_ops,server_network_irq_per_mib,server_perf_task_clock_ms,server_perf_context_switches,server_perf_cpu_migrations,server_perf_page_faults,server_perf_cycles,server_perf_instructions,server_perf_branches,server_perf_branch_misses,server_perf_cache_references,server_perf_cache_misses,server_perf_cycles_per_op,server_perf_instructions_per_op,server_perf_context_switches_per_1k_ops,server_perf_cpu_migrations_per_1k_ops,server_perf_page_faults_per_1k_ops,server_perf_cycles_per_mib,server_perf_instructions_per_mib,server_perf_task_clock_ms_per_1k_ops,server_perf_ipc,server_perf_branch_miss_percent,server_perf_cache_miss_percent
stcp,udp,1,64,1,20.000625778047834,54290,0,0.3313494957192209,2714.4150689318576,2.6096670189872384,0.3407520125620067,0.61746098799631,0.850170967169106,23.102747140399746,21324,46.60892900707489,486295,905227,0,8957.358629581875,16673.9178485909,0.0,25631.276478172775,73378.68189353473,88076639662.0,554380.0,911.0,16201.0,27020561670.0,14645484539.0,,103519963.0,6023781311.0,237081447.0,497707.89592926874,269763.94435439305,10211.456990237613,16.78025419045865,298.4159145330632,4077223083.4525695,2209906232.151188,1622336335.641923,0.5420125872239132,,3.9357578696800735
tls,tls,1,64,1,20.00165361299878,57298,0,0.34969032565784725,2864.6631477890846,41.33423900930211,0.3153309808112681,0.722082972060889,1.2901669833809137,23.843593596184586,25200,48.54095144678764,522927,940421,0,9126.444203986177,16412.806729728785,0.0,25539.25093371496,74763.83091905476,88050956313.0,132288.0,347.0,12144.0,28657432528.0,15878715232.0,,106115627.0,6612620838.0,274935682.0,500147.1696743342,277125.1218541659,2308.7716848755626,6.056057803064679,211.94457049111662,4097205613.9721456,2270208998.229327,1536719541.9211838,0.5540871540563015,,4.1577415178571595
udp,udp,1,64,1,20.000166076002643,32603,0,0.19899126753816132,1630.1364636726175,0.1002220087684691,0.5558620323427022,1.2745230342261493,1.504298998042941,11.088267925239336,20972,33.06777791396004,513689,964984,0,15755.881360610987,29598.012452841762,0.0,45353.89381345275,129072.1801061252,88050213073.0,14564.0,179.0,15310.0,20733930110.0,11927657008.0,,63620082.0,4975756897.0,180981011.0,635951.6029199767,365845.3825721559,446.7073582185688,5.4902923043891665,469.5886881575315,5209715531.120449,2997005374.031101,2700678252.706806,0.5752723648975394,,3.6372558938544137
stcp,udp,1,64,4,20.000476020970382,30248,0,0.18461474660045882,1512.3640041509586,2.732378023210913,0.5177290295250714,1.3537220074795187,1.887096033897251,14.144853337659416,21256,76.11302386323163,251990,502288,26,8330.798730494578,16605.659878339065,0.8595609627082783,24937.318169796352,68245.90320021159,88041413813.0,414336.0,30985.0,15030.0,40613311171.0,33139512987.0,,186372857.0,9166337616.0,254365172.0,1342677.5711121396,1095593.5264149695,13697.963501719121,1024.365247289077,496.89235651943926,10999214662.550648,8975102168.39143,2910652400.5884686,0.8159766350364293,,2.7749923977925626
tls,tls,1,64,4,20.00386542000342,47124,0,0.287566492048966,2355.7447028651295,42.357974976766855,0.2840420347638428,0.39990799268707633,0.5045290454290807,25.89616502228555,25216,53.67258197202962,263765,523908,13,5597.254053136406,11117.64705882353,0.27586792292674645,16715.17697988286,45852.70520329344,88037440202.0,223669.0,10927.0,57129.0,29558942676.0,22352445438.0,,130636937.0,7034089827.0,245993548.0,627258.7784568373,474332.51502419147,4746.3924963924965,231.87759952465834,1212.3121976063153,5138503913.118411,3885731963.0781765,1868208136.0241065,0.7561990861110461,,3.4971624481644534
udp,udp,1,64,4,20.000397653027903,16588,0,0.1012431042061529,829.3835096568046,0.17551000928506255,1.219279016368091,1.4935429790057242,2.0733620040118694,7.168822464802018,21160,27.104396228558446,334371,690473,0,20157.4029418857,41624.84928864239,0.0,61782.252230528095,165129.44489992765,88044926406.0,7222.0,138.0,14242.0,14281488368.0,7509451509.0,,57134390.0,3093646205.0,140521468.0,860953.0002411382,452703.85272486135,435.37496985772844,8.319266939956595,858.5724620207378,7052926977.975404,3708549961.522064,5307748155.65469,0.525817149830556,,4.542260448944904
stcp,udp,1,64,8,20.004084697982762,29624,0,0.18077362659160623,1480.8975490384382,2.9279330046847463,0.5040399846620858,1.3375899870879948,1.8900299910455942,14.48822099964545,21012,75.77558540354214,249916,501860,39,8436.267890899271,16940.993788819876,1.3165001350256549,25378.578179854172,69109.90656224682,88060981998.0,407820.0,29959.0,15013.0,40540137933.0,33031902447.0,,186301876.0,9163636176.0,253524471.0,1368489.6682757223,1115038.5649135837,13766.540642722117,1011.3083985957333,506.78503915743994,11210667362.514717,9134395923.772078,2972622940.79125,0.814795018743924,,2.7666361489120734
tls,tls,1,64,8,20.006949717004318,34200,0,0.20866772529306393,1709.4060056007797,42.67282597720623,0.42875303188338876,1.3395450077950954,1.8274529720656574,17.53943029615124,24808,74.36999187086285,238220,483384,34,6965.497076023392,14134.035087719298,0.9941520467836257,21100.526315789473,57061.35204678363,88043913350.0,365109.0,21223.0,10921.0,39752084415.0,34934160211.0,,168802595.0,9660444286.0,285559283.0,1162341.6495614036,1021466.6728362573,10675.701754385964,620.5555555555555,319.3274853801169,9521902793.207018,8367854983.8746195,2574383431.2865496,0.8788007151096205,,2.9559642863820974
udp,udp,1,64,8,20.00331396999536,53736,0,0.3279241790804887,2686.3548750273635,0.10266498429700732,0.2424870035611093,1.0061250068247318,1.50967703666538,17.40483604477867,20972,73.21555608252312,263418,522264,30,4902.076820008932,9719.071013845467,0.5582849486377848,14621.706118803037,40157.81330951317,88038602071.0,296081.0,13745.0,15029.0,39311887453.0,34151457944.0,,168265311.0,9195940529.0,247839228.0,731574.5022517493,635541.4981390502,5509.918862587465,255.78755396754505,279.68214976924224,5993058322.44633,5206355952.755099,1638354214.5116868,0.8687310672841735,,2.695093853841516
stcp,udp,2,64,1,20.00166332401568,38090,0,0.2324635770437266,1904.3416231422084,4.107362008653581,1.009056984912604,1.656829030252993,2.495755034033209,16.550163585772218,21568,63.39541547277937,420346,780243,0,11035.599894985562,20484.195326857443,0.0,31519.795221843004,90403.63433972171,88041037554.0,687777.0,38277.0,11198.0,34732145485.0,24052982777.0,,131992170.0,7740392548.0,281732340.0,911844.1975584143,631477.6260698346,18056.629036492515,1004.9094250459437,293.98792333945914,7469827666.39853,5173064712.764085,2311395052.612234,0.69252798642652,,3.639768115801767
tls,tls,2,64,1,20.00370316405315,51435,0,0.3138762094170824,2571.273907544739,54.31847649742849,0.5201729945838451,2.0166480098851025,3.2857920159585774,27.131046464200477,26584,74.476688867745,343929,633928,2,6686.672499270924,12324.837173131136,0.03888402838534072,19011.548556430444,54777.22111402741,88033481905.0,515056.0,19024.0,22144.0,40120379122.0,24411529778.0,,195265717.0,8081295604.0,329501900.0,780020.9803052397,474609.3084086711,10013.726062020025,369.8648780013609,430.52396228249245,6389931870.660523,3887999454.483834,1711548204.6271994,0.6084571061446911,,4.077340022519488
udp,udp,2,64,1,20.000370049034245,87708,0,0.5353172437560466,4385.318860849534,0.19848649390041828,0.3001749864779413,1.230032998137176,1.8724270048551261,30.26491502487117,21484,74.36232055997152,292600,571139,4,3336.069685775528,6511.823322843983,0.045605874036575914,9847.938614493547,27329.08286587313,88056291386.0,243825.0,21723.0,22195.0,39325738094.0,34040625171.0,,163562856.0,9262609810.0,249542012.0,448371.1644775847,388113.1159187303,2779.9630592420303,247.67410042413462,253.0555935604506,3673056579.4003744,3179422645.6062393,1003971033.2694851,0.8656067710574933,,2.694078851627671
stcp,udp,2,64,4,20.005058291950263,35424,0,0.2161562684243715,1770.7521509324513,4.708447988377884,1.164524001069367,1.5008749905973673,1.7937179654836655,17.907925824147892,21524,58.189603901510644,403663,780414,0,11395.184056007227,22030.657181571816,0.0,33425.84123757904,93349.3477868112,88055033554.0,643247.0,37449.0,11896.0,32044691307.0,22542489061.0,,116421330.0,7247828840.0,261192121.0,904603.9777269647,636362.0444049232,18158.508355916892,1057.1646341463415,335.8175248419151,7410515785.539295,5213077867.765131,2485745075.4855466,0.7034703141632608,,3.6037291548402517
tls,tls,2,64,4,20.003083277028054,56140,0,0.3425985508754121,2806.5673287713757,64.78845002129674,0.4556410131044686,2.2288250038400292,3.714055987074971,27.45011818405928,26276,78.43484419263456,386645,698670,0,6887.157107231921,12445.137157107232,0.0,19332.294264339154,56419.59102244389,88043476775.0,550017.0,17165.0,11980.0,41885629704.0,25353724473.0,,198577025.0,8386867206.0,344563203.0,746092.4421802636,451616.0397755611,9797.239045244032,305.7534734592091,213.39508371927323,6111989286.340719,3699638597.8413963,1568284231.8311365,0.6053084232509167,,4.108366026750705
udp,udp,2,64,4,20.00033958099084,158624,0,0.9681476242735235,7931.065338048705,0.3446635091677308,0.18088700016960502,0.43999601621180773,0.8648360380902886,49.839308775907156,21472,65.29286726499764,496043,901515,0,3127.1623461771233,5683.345521484769,0.0,8810.507867661892,25617.713939882997,88045416664.0,640456.0,21347.0,9031.0,35785542661.0,23643603039.0,,140670843.0,7821558276.0,298045840.0,225599.79991048013,149054.38671953802,4037.5731289086143,134.57610449868872,56.93337704256607,1848113560.8666532,1221053536.0064554,555057347.3370991,0.6607026547837545,,3.8105685527465343
stcp,udp,2,64,8,20.003221142978873,99968,0,0.6100579957985064,4997.595101581364,3.7759020051453263,0.3309749881736934,0.5822620005346835,1.0975460172630847,46.41744413878576,21628,54.074619538537064,444220,849923,0,4443.621959026888,8501.950624199744,0.0,12945.572583226633,36402.15108834827,88028799090.0,866142.0,28651.0,16633.0,30916552220.0,16675007993.0,,127609282.0,6793507575.0,276271330.0,309264.4868357875,166803.4570362516,8664.192541613316,286.60171254801537,166.38324263764403,2533494676.158771,1366453920.0409732,880569773.2274327,0.539355354838464,,4.066696429642238
tls,tls,2,64,8,20.004399307013955,107216,0,0.6542506187831951,5359.6210690719345,56.79471796611324,0.3955070278607309,0.73332799365744,1.5248309937305748,55.48214085143015,26332,57.77150252970937,350640,668433,0,3270.4074018803162,6234.451947470527,0.0,9504.859349350843,26791.177436203554,88077662720.0,314348.0,2038.0,57995.0,31311514070.0,17381768518.0,,159689521.0,7076479564.0,325044513.0,292041.4310364125,162119.16615057454,2931.913147291449,19.008356961647518,540.9174003880019,2392403403.050291,1328080209.1055067,821497376.5109686,0.5551238588827525,,4.59330815641143
udp,udp,2,64,8,20.001121098990552,156296,0,0.9539016072185531,7814.361966334387,0.11439950321801007,0.2175539848394692,0.5157729610800743,0.9518589940853417,49.81740748773768,21484,65.07366151634926,493939,879476,0,3160.2792137994575,5626.9898141987,0.0,8787.269027998156,25889.007319445154,88039676091.0,643753.0,23878.0,10300.0,35685979681.0,23529036776.0,,140677625.0,7823870202.0,296375515.0,228323.05165199365,150541.51594410607,4118.8066233300915,152.77422326866972,65.90059886369453,1870422439.133132,1233236098.614117,563288094.9672416,0.6593355986392431,,3.7880934543653106
stcp,udp,4,64,1,20.00082255800953,109294,0,0.6670502023444151,5464.475257605449,7.295000497833826,0.6203940138220787,2.100732992403209,3.84360394673422,45.28108768393228,22444,66.70716889428918,524900,888170,0,4802.642414039196,8126.42963017183,0.0,12929.072044211025,39343.246655809104,88030749312.0,699596.0,16530.0,15840.0,36724530157.0,19726220696.0,,154228100.0,7994737073.0,329210699.0,336015.9766958845,180487.6818123593,6401.046718026607,151.24343513825096,144.93018829944918,2752642881.0926857,1478555089.4068475,805449057.6975863,0.5371401788305797,,4.1178427257078605
tls,tls,4,64,1,20.007920400006697,99750,0,0.6085846718917837,4985.525632137492,83.10837874887511,0.5558609846048057,1.9203349947929382,3.0501449946314096,49.53072984035204,29292,74.34573829531813,467921,813104,0,4690.937343358396,8151.418546365914,0.0,12842.35588972431,38428.15871679198,88039041070.0,535751.0,17021.0,10628.0,40435218686.0,19829024908.0,,206593003.0,8348278636.0,396818311.0,405365.6008621554,198787.21712280702,5370.937343358396,170.63659147869674,106.54636591478696,3320755002.262777,1628464882.6700351,882596902.9573935,0.49038995094801996,,4.7532950001071335
udp,udp,4,64,1,20.001101979985833,72448,0,0.44216313725361367,3622.200420381603,0.18345349235460162,1.5077160205692053,1.7800249624997377,2.2053540451452136,30.697778583119593,22496,30.92974727567818,450571,869397,0,6219.233105123674,12000.289863074204,0.0,18219.522968197878,50947.95759717315,88081451052.0,9889.0,189.0,12529.0,17728132528.0,9839498121.0,,61481409.0,4096022393.0,158015713.0,244701.47592756184,135814.6273327076,136.49790194346292,2.608767667844523,172.93783127208482,2004594490.7985866,1112593427.1095407,1215788580.1126325,0.555021692525109,,3.857784402498505
stcp,udp,4,64,4,20.00428736198228,84668,0,0.5166617051498821,4232.492688587834,8.562191753298976,0.7118150242604315,2.0787339890375733,3.683251969050616,35.62748760320629,22728,80.88338396821688,321296,590979,10,3794.7748854348747,6979.957008551046,0.11810837624604337,10774.850002362167,31086.795861482497,88041221108.0,571672.0,27898.0,10492.0,42740129725.0,29864464973.0,,215046408.0,9085544660.0,293862581.0,504796.7322365002,352724.34654178674,6751.92516653281,329.49874805121175,123.9193083573487,4135294830.4814095,2889517846.870317,1039840566.7784759,0.6987453048260489,,3.2343969678973545
tls,tls,4,64,4,20.009693244006485,60420,0,0.36859576962576296,3019.53654477425,122.64532475091983,1.1038999655283988,2.861927030608058,3.956538042984903,29.190682379648912,29228,80.17118402282453,228045,455339,6,3774.329692154916,7536.229725256539,0.09930486593843099,11310.658722277392,30919.30883813307,88040460720.0,704631.0,29769.0,10943.0,42643351832.0,31382205081.0,,217821219.0,9721945245.0,350508971.0,705782.0561403509,519400.9447368421,11662.214498510426,492.7010923535253,181.11552466070836,5781766603.901754,4254932539.2842107,1457141024.8262165,0.7359225701730716,,3.6053378430645546
udp,udp,4,64,4,20.000663671991788,89980,0,0.5491761122972855,4498.850711939363,0.20667548233177513,1.580072974320501,1.847003004513681,2.770503982901573,31.75617121592988,22500,35.457758522403374,347824,686370,1,3865.570126694821,7628.028450766837,0.011113580795732384,11493.609691042453,31666.750477883976,88034226035.0,36427.0,2184.0,57416.0,19756345760.0,12623513665.0,,79844213.0,4584237346.0,170991945.0,219563.74483218492,140292.43904200933,404.8344076461436,24.272060457879526,638.0973549677706,1798666197.665259,1149275660.6321404,978375483.8297399,0.6389599482794232,,3.729997643974518
stcp,udp,4,64,8,20.006719642027747,88888,0,0.5423470779640643,4442.907262681615,10.429367495817132,0.7245259475894272,1.8440709682181478,2.819884044583887,46.24626208368381,22436,83.20601715830297,322552,586004,11,3628.7462874628745,6592.610926109261,0.12375123751237511,10221.480964809647,29726.689586895867,88040451923.0,568329.0,25474.0,14716.0,43969097849.0,30645756285.0,,219874560.0,9371888264.0,300845059.0,494657.29737422377,344768.2058883089,6393.765187651876,286.5853658536585,165.55665556655566,4052232580.089641,2824341142.6370263,990464988.7836378,0.696983967927761,,3.2100794474431433
tls,tls,4,64,8,20.011888921028003,62608,0,0.381901886181737,3128.5402516007894,97.42495576210786,1.065767020918429,2.784684009384364,3.9452960481867194,39.522201183563794,28968,79.54437022900763,225846,450966,6,3607.3025811397906,7203.009200102224,0.09583439815997956,10810.407615640173,29551.022744697162,88051748997.0,709804.0,28719.0,13561.0,42482092470.0,31137098726.0,,217489114.0,9680061050.0,351927757.0,678540.9607398416,497334.186142346,11337.273191924356,458.7113467927422,216.60171224124713,5558607550.380782,4074161652.8780985,1406397728.6768465,0.732946446740786,,3.635594395347331
udp,udp,4,64,8,20.002934174030088,138864,0,0.8474342677689652,6942.181521563363,0.21156475122552365,0.4869280382990837,1.3571419985964894,2.160866977646947,47.87128186639803,22380,74.15085500117124,338651,649018,5,2438.724219380113,4673.767139071321,0.03600645235626224,7112.527364903791,19978.028805161885,88035895055.0,210675.0,21247.0,12204.0,39441370587.0,33288947886.0,,153912014.0,9233264442.0,258462724.0,284028.7661812997,239723.38320947113,1517.1318700311094,153.00581864270077,87.88454891116488,2326763652.557207,1963813955.2519875,633972052.187752,0.8440109304155912,,2.799256163663118
stcp,udp,8,64,1,20.00515898305457,76547,0,0.46708532628270844,3826.3629929079475,14.970732743677218,2.0645660115405917,2.5006529758684337,2.966072002891451,49.50688973973741,24356,56.99469368065605,394869,775795,0,5158.516989561968,10134.884450076424,0.0,15293.401439638394,42258.57117849165,88043489571.0,691020.0,49248.0,12567.0,31796777970.0,20489225402.0,,120916976.0,7024803920.0,255355446.0,415388.9501874665,267668.5618247613,9027.394933831503,643.3694331587129,164.17364495016133,3402866279.9357257,2192740858.4684443,1150188636.6676683,0.6443805539457934,,3.6350544286793416
tls,tls,8,64,1,20.01999663200695,64184,0,0.3913567560233184,3205.994545343024,164.16112261504168,1.9619000377133489,5.902811011765152,8.811195031739771,39.63139028362872,34060,87.80686445607911,333277,611944,2,5192.524616726911,9534.214134363705,0.0311604138102954,14726.769911504425,42537.161660226855,88045285795.0,633702.0,39651.0,10626.0,46129413671.0,24426725234.0,,249323244.0,8487931277.0,377023246.0,718705.809407329,380573.43316091236,9873.208276205909,617.7707839960115,165.55527857409948,5887637990.664839,3117657564.454194,1371763769.7089617,0.5295260288416858,,4.441874394313619
udp,udp,8,64,1,20.00223584001651,170377,0,1.0397824422809792,8517.897767165781,0.14819363423157483,0.7240399718284607,1.556124014314264,2.4977190187200904,90.70503490266329,24360,63.637456425051084,442669,802266,9,2598.1734623804855,4708.769376148189,0.05282403141269068,7306.995662560087,21284.237003820937,88039053682.0,364101.0,17541.0,53445.0,34411141379.0,24494823448.0,,134232994.0,7901397051.0,277366978.0,201970.5792389818,143768.36925171825,2137.0314068213434,102.95403722333413,313.68670653902814,1654542985.1257389,1177750480.910076,516730859.6935032,0.7118282761451323,,3.510353627462582
stcp,udp,8,64,4,20.007850369031075,76064,0,0.4640756542427928,3801.7077595569585,17.032866249792278,2.078241028357297,2.5490359985269606,3.386003023479134,42.94725241098515,24064,56.7759826380516,396244,775483,0,5209.3500210349175,10195.138304585613,0.0,15404.48832562053,42674.99537231805,88051914718.0,686494.0,50245.0,12035.0,31611581504.0,20276426275.0,,119945480.0,6977084438.0,253857216.0,415591.88977702986,266570.6020587926,9025.21560790913,660.5621581825832,158.22202355910812,3404528761.0534286,2183746372.065629,1157603001.6564999,0.6414239753374662,,3.6384426511651737
tls,tls,8,64,4,20.013545977009926,63892,0,0.38970187568006565,3192.4377655710978,217.74487874790793,1.9824199844151735,5.882766970898956,8.614606049377471,37.83324558625388,33956,87.33955659276546,329537,608073,0,5157.719276278721,9517.200901521319,0.0,14674.920177800039,42252.036311275275,88045652663.0,632833.0,41832.0,10923.0,45920572986.0,24373555156.0,,253174984.0,8510556153.0,374331742.0,718721.7959368936,381480.54773680586,9904.729856633068,654.7298566330683,170.96037062543041,5887768952.315032,3125088647.0599136,1378038763.272397,0.5307763725733751,,4.398440422345922
udp,udp,8,64,4,20.00969980005175,153588,0,0.9369723355970344,7675.677373210906,0.24138763546943665,0.791017955634743,1.9902550266124308,2.5862070033326745,83.57850526051745,24356,67.73575873623744,494166,897751,0,3217.477927963122,5845.189728364195,0.0,9062.667656327318,26357.579185873896,88046324645.0,580401.0,13494.0,10255.0,36863440559.0,25166832332.0,,136805691.0,8168193407.0,308367299.0,240015.10898637914,163859.3661744407,3778.947574029221,87.85842643956559,66.76953928692346,1966203772.816418,1342335927.7010183,573263045.5829883,0.6827043800135921,,3.7752203410822105
stcp,udp,8,64,8,20.006100396974944,118992,0,0.7260480721768414,5947.785807272685,12.197823634778615,0.9992779814638197,2.8839230071753263,4.6981690102256835,71.97727050383769,24568,73.30518414262256,539919,902454,0,4537.439491730537,7584.156918112142,0.0,12121.59640984268,37170.70431625655,88055165146.0,786725.0,21495.0,8978.0,39794203855.0,21023266476.0,,174988344.0,8533725474.0,361120517.0,334427.55693660077,176677.98235175473,6611.578929675944,180.64239612747076,75.45045045045045,2739630546.4246335,1447346031.4255748,740009119.4870243,0.5282997130085442,,4.23168659573405
tls,tls,8,64,8,20.015602436033078,82384,0,0.502440066799865,4115.989027224494,145.89755114138825,1.6006040386855602,4.341283987741917,6.192195985931903,43.95502972302073,34720,81.69559099437149,461617,803664,0,5603.23606525539,9755.098077296563,0.0,15358.334142551952,45901.70984657215,88043831368.0,643733.0,19524.0,16680.0,43326477576.0,20745113240.0,,213375905.0,8734610739.0,421005183.0,525908.8849291124,251809.9781510973,7813.810934161973,236.98776461448824,202.466498349194,4308245585.339289,2062827341.0137892,1068700613.8085065,0.4788091347516194,,4.819965028552602
udp,udp,8,64,8,20.01305114699062,155920,0,0.951039548402995,7790.915980517335,0.23845276882639155,0.7269689813256264,1.836734008975327,2.435616042930633,80.47746883623927,24512,45.42857142857143,428639,797890,0,2749.095690097486,5117.303745510519,0.0,7866.399435608005,22520.591893278604,88057305276.0,229676.0,8926.0,58170.0,25013383265.0,16108115134.0,,98792157.0,5922986017.0,216952269.0,160424.46937532068,103310.12784761416,1473.0374551051823,57.247306310928685,373.0759363776296,1314197253.122627,846316567.3276552,564759525.8850694,0.6439798632334274,,3.662886732761301
stcp,udp,16,64,1,20.01237102696905,95596,0,0.5831109955948773,4776.845275913235,24.830587823089445,3.494069038424641,6.13014301052317,9.693633997812867,51.07753592128026,25380,70.69711538461539,507579,899498,0,5309.6259257709535,9409.368592828152,0.0,14718.994518599106,43496.455583915646,88054456739.0,689794.0,37527.0,13044.0,38231291086.0,19969297970.0,,160775154.0,8144484594.0,346160097.0,399925.63586342527,208892.61025565924,7215.7203230260675,392.5582660362358,136.4492238168961,3276190808.99318,1711248263.2143605,921110263.3896816,0.5223286319334531,,4.250239447380309
tls,tls,16,64,1,20.022181926004123,71446,0,0.4355886675641429,3568.3423646854585,270.5732956965221,3.618735005147755,10.53989602951333,14.960403961595148,39.14819588078887,42624,78.89747191011236,418095,748479,0,5851.902135878846,10476.149819444056,0.0,16328.0519553229,47938.782297119506,88029811719.0,589518.0,45383.0,13403.0,41818550195.0,19261863011.0,,205309946.0,8108109559.0,392476350.0,585316.8854099599,269600.2996808779,8251.238697757748,635.2070094896845,187.59622652072895,4794915925.278392,2208565654.9857516,1232116727.5844693,0.4606057101736403,,4.840540783817497
udp,udp,16,64,1,20.002446010010317,118563,0,0.7235626309749522,5927.4250729468085,0.1832406887842808,2.674207033123821,3.045271965675056,3.8675779942423105,65.37466964518134,26544,27.213262659298522,368496,730795,0,3108.018521798537,6163.769472769751,0.0,9271.787994568289,25460.88773057362,88035910813.0,5757.0,131.0,14377.0,14174535178.0,7413486787.0,,59209684.0,3079108944.0,129609966.0,119552.77091504095,62527.82729013267,48.55646365223552,1.1048978180376676,121.26042694601182,979376299.3360155,512227961.16076684,742524318.826278,0.523014454717804,,4.209333555818478
stcp,udp,16,64,4,20.014310626022052,118940,0,0.725433078363076,5942.747777950319,38.30780374846654,2.2659870446659625,5.855878000147641,8.881594985723495,85.54428538617574,26392,89.27375591733056,352688,622896,28,2965.2597948545485,5237.060702875399,0.23541281318311752,8202.555910543131,24291.40823944846,88034806942.0,755104.0,47895.0,10895.0,46704389150.0,29083248014.0,,215978638.0,9529100806.0,342732119.0,392671.84420716326,244520.32969564488,6348.6127459223135,402.6820245501934,91.6008071296452,3216767747.7450814,2003110540.8667228,740161484.2946024,0.6227090974382222,,3.5966889843813874
tls,tls,16,64,4,20.026404632022604,78792,0,0.48027413004131414,3934.4056732984454,288.4543090585794,3.297537041362375,9.574346011504531,13.529434974770993,64.83411894733429,42416,72.95460063122117,202823,400823,22,2574.1572748502385,5087.10275154838,0.2792161640775713,7661.539242562697,21087.496395573155,88038451756.0,757821.0,125668.0,11101.0,39497441338.0,23943528275.0,,216276425.0,8267052514.0,348022658.0,501287.4573306935,303882.73270128947,9617.994212610418,1594.9334957863741,140.88993806477814,4106546850.453041,2489407346.2889633,1117352672.3017564,0.6062045404435914,,4.209755017409582
udp,udp,16,64,4,20.005472909018863,153436,0,0.9362428248475023,7669.701221150739,0.129432744870428,2.1716320188716054,3.3107359777204692,5.231082031968981,70.70042315082502,27884,69.432566739859,350828,672654,30,2286.4777496806487,4383.93858025496,0.19552125967830233,6670.611851195286,18730.825725383875,88033543424.0,156573.0,5415.0,43540.0,36885204492.0,31070977889.0,,130925744.0,8832371193.0,254211707.0,240394.72152558723,202501.224543132,1020.4450063870278,35.29158737193357,283.7665215464428,1969313558.7376106,1658890031.4573374,573747643.4735004,0.8423696795754232,,2.8781818771551713
stcp,udp,16,64,8,20.02548917196691,107728,0,0.6566826164430901,5379.543993901794,37.93392855732236,2.66980699962005,6.364808999933302,9.896523028146476,74.98185872542746,25824,89.6377808344796,341058,612103,32,3165.9178672211497,5681.930417347394,0.2970444081390168,8848.145328976681,25935.199168275652,88044361609.0,646924.0,35537.0,11261.0,47026733099.0,31024649907.0,,210159217.0,9706720492.0,326385868.0,436532.1281282489,287990.5865420318,6005.161146591416,329.8770978761325,104.53178375167089,3576071193.6266146,2359218884.952324,817283915.1288431,0.65972369038877,,3.3624731264179064
tls,tls,16,64,8,20.04625113599468,78208,0,0.47624241237094983,3901.377842142821,276.47501218962134,3.302426019217819,9.755234001204371,13.597879034932703,66.4702238318977,42480,73.35285505124452,200200,396122,19,2559.8404255319147,5064.980564648117,0.2429418985270049,7625.063932078559,20970.212765957447,88041661979.0,750275.0,132825.0,11464.0,39734757492.0,23904228469.0,,219838261.0,8281663777.0,348515928.0,508065.1275061375,305649.40247800737,9593.328048281506,1698.3556669394436,146.58346972176759,4162069524.530278,2503879905.0998363,1125737290.0342677,0.601594925395298,,4.208283955790446
udp,udp,16,64,8,20.007866676023696,190800,0,1.1640929041630732,9536.249070903896,0.20600418793037534,1.4612809754908085,3.659313020762056,4.854150989558548,124.0672801450979,28052,78.44676115731521,381285,721820,34,1998.3490566037738,3783.1236897274634,0.17819706498951782,5781.6509433962265,16370.475471698115,88046718350.0,242027.0,21282.0,10856.0,41719902993.0,34521206119.0,,155718575.0,9726212145.0,270353537.0,218657.7725,180928.7532442348,1268.485324947589,111.54088050314465,56.897274633123686,1791244472.3200002,1482168346.5767717,461460787.9979035,0.8274517350817465,,2.7796384961537357
stcp,udp,1,1024,1,20.000974335998762,38117,0,3.722181948456684,1905.7571576098221,2.712829038500786,0.49328600289300084,0.7206180016510189,0.8482169941999018,21.12403590456895,20968,35.81321240348082,285084,573823,0,7479.182516987171,15054.254007398275,0.0,22533.436524385444,3829.3414486974316,88031987943.0,713678.0,4178.0,13934.0,22555644169.0,15496860974.0,,87639911.0,5213502667.0,191740949.0,591747.6236062649,406560.35296586825,18723.351785292652,109.60988535299211,365.5586746071307,302974783.28640765,208158900.71852455,2309520369.992392,0.687050250389149,,3.6777759837674213
tls,tls,1,1024,1,20.001467027002946,33478,0,3.2690961448840117,1673.777226180614,41.22336604632437,0.5812849849462509,0.8311070268973708,0.9777719969861209,28.716143632093566,24912,35.50468769024717,226364,476193,0,6761.574765517654,14224.057590059143,0.0,20985.632355576796,3461.9262799450385,88029833424.0,465599.0,1237.0,16340.0,21897777118.0,16131557043.0,,82113848.0,5104053999.0,178833245.0,654094.5432224147,481855.4585996774,13907.610968397155,36.94963856861222,488.0817253121453,334896406.1298763,246709994.80303484,2629483046.299062,0.7366755518641132,,3.5037490793600043
udp,udp,1,1024,1,20.000334166979883,69991,0,6.834944393113724,3499.4915292742267,0.10217801900580525,0.261553970631212,0.4390199901536107,0.5397300119511783,28.960436118926303,21324,29.141294892506526,281985,569990,0,4028.875141089569,8143.76134074381,0.0,12172.636481833379,2062.784072237859,88037909924.0,555055.0,1503.0,13987.0,19566582241.0,12961841915.0,,75022319.0,4453920996.0,168367156.0,279558.54668457375,185192.9807403809,7930.376762726636,21.47418953865497,199.8399794259262,143133975.90250176,94818806.13907503,1257846150.562215,0.6624479306273343,,3.7802007748051216
stcp,udp,1,1024,4,20.000732624030206,37656,0,3.6772090494143153,1882.7310333001294,3.0232719727791846,0.5050199688412249,0.716707028914243,0.8291510166600347,21.98749457165564,20968,37.754607177497576,260124,522751,0,6907.903123008286,13882.276396855746,0.0,20790.179519864032,3536.846398980242,88047188608.0,644330.0,4353.0,54983.0,23157010533.0,16015468345.0,,93393603.0,5520278051.0,208554564.0,614962.0387985979,425309.8668206926,17110.951773953686,115.59910771191842,1460.139154450818,314860563.8648821,217758651.81219462,2338198125.3452306,0.6916034486479629,,3.7779720889642556
tls,tls,1,1024,4,20.004870464967098,33588,0,3.2792795441931344,1678.9911266268848,55.1028439658694,0.5822639795951545,0.8369730203412473,0.9948830120265484,27.81320183874108,24816,35.46617915904936,222540,467143,0,6625.580564487317,13908.032630701442,0.0,20533.61319518876,3392.297249017506,88046854183.0,457373.0,1315.0,15030.0,21770828491.0,16093010322.0,,82342644.0,5056083643.0,177679481.0,648172.8144277718,479129.75830653805,13617.154936286768,39.15088722162677,447.481243301179,331864480.9870192,245314436.25294748,2621378295.3138022,0.739200638535773,,3.514172105241812
udp,udp,1,1024,4,20.00128732295707,70736,0,6.9073678993365135,3536.572364460295,0.08457800140604377,0.2669320092536509,0.46150898560881615,0.5495080258697271,28.88783060162433,20876,29.88364972443356,279943,564806,0,3957.5746437457587,7984.703686948654,0.0,11942.278330694413,2026.2782175978286,88037902627.0,544461.0,1611.0,15035.0,19426993192.0,12848912882.0,,73742786.0,4423223542.0,166391110.0,274640.8220990726,181646.0201594662,7697.084935534946,22.77482470029405,212.55089346301742,140616100.91472518,93002762.32164669,1244598261.5217144,0.6613948311512848,,3.76176126799969
stcp,udp,1,1024,8,20.002164825971704,44248,0,4.320626079822419,2212.1605528690784,2.3451870074495673,0.41750899981707335,0.6067079957574606,0.7675520027987659,21.880806593080273,21320,41.63095238095238,398064,802997,0,8996.203218224551,18147.64509130356,0.0,27143.84830952811,4606.056047730971,88029350664.0,452701.0,721.0,15459.0,23888336687.0,13387266910.0,,93299651.0,5192740777.0,215852146.0,539873.8177318749,302550.77992225636,10230.993491231242,16.294521786295427,349.3717230157296,276415394.67871994,154905999.32019526,1989453775.628277,0.5604101736093385,,4.156805726872894
tls,tls,1,1024,8,20.001438256993424,37328,0,3.6450503740404074,1866.2657915086886,53.02898900117725,0.4747079801745713,0.6937299622222781,0.9538169833831489,23.75342182374721,24856,45.59427431655521,467751,884743,0,12530.834762108872,23701.859194170593,0.0,36232.693956279465,6415.787398199743,88051014275.0,93618.0,253.0,8939.0,26154277948.0,16301147274.0,,90659163.0,6039407850.0,236358392.0,700661.1109087012,436700.25916202314,2507.9832833261894,6.7777539648521214,239.4717102443206,358738488.785255,223590532.69095585,2358846288.9787827,0.6232688704467384,,3.9136020926289983
udp,udp,1,1024,8,20.011261851992458,24848,0,2.42519688957885,1241.700807464371,0.07773301331326365,0.5416850326582789,0.8653289987705648,1.4055480132810771,8.751901868825037,21036,30.018917001655236,424818,826678,0,17096.66773985834,33269.39793947199,0.0,50366.065679330335,8753.49388280747,88029237497.0,12169.0,142.0,15793.0,17722451546.0,9906877226.0,,60504860.0,4133649363.0,160527724.0,713234.5277688345,398699.1800547328,489.73760463618805,5.714745653573728,635.5843528654218,365176078.21764326,204133980.18802318,3542709171.6435933,0.5590015128711697,,3.883438335067124
stcp,udp,2,1024,1,20.000947267049924,72462,0,7.076032042900078,3622.92840596484,3.668601013487205,0.46199699863791466,0.7988400175236166,1.6504789819009602,45.30864903048485,21624,50.28760249663444,287988,564467,0,3974.3313736855175,7789.834671965996,0.0,11764.166045651513,2034.8576633269852,88033811850.0,683251.0,27395.0,57997.0,29751602070.0,20390703591.0,,123060251.0,6816241151.0,237093704.0,410582.12676989316,281398.57568104664,9429.093869890425,378.0602246694819,800.378129226353,210218048.9061853,144076070.74869588,1214896246.9984267,0.6853648937299059,,3.4783643763134227
tls,tls,2,1024,1,20.00329766899813,67614,0,6.6018411531549335,3380.142670415326,67.1096364967525,0.5309300031512976,0.8716839947737753,1.0946159600280225,55.56517822172013,26400,47.37888198757764,328416,634612,0,4857.218919158754,9385.807672967137,0.0,14243.02659212589,2486.896086609282,88031008424.0,269635.0,729.0,16617.0,28102390469.0,18851915948.0,,113555607.0,6490424546.0,255812459.0,415629.75817138463,278816.7531576301,3987.85754429556,10.781790753394267,245.76271186440675,212802436.18374893,142754177.6167066,1301964214.8667436,0.6708296210173195,,3.9413825272440044
udp,udp,2,1024,1,20.000543604954146,91891,0,8.973486567162306,4594.425122387101,0.32510896562598646,0.35150902112945914,0.6130629917606711,0.8076389785856009,41.5630003073562,21832,25.379277901916968,342070,701751,0,3722.562601342895,7636.776180474692,0.0,11359.338781817587,1905.9520518875624,88031773756.0,70290.0,222.0,16144.0,15100913414.0,8211636081.0,,58091810.0,3432611036.0,141427823.0,164335.06452209683,89362.78940266185,764.9280125365922,2.4159058014386607,175.68641107398983,84139553.03531358,45753748.174162865,958002130.3065588,0.5437840649683497,,4.120123763419608
stcp,udp,2,1024,4,20.00058984401403,70156,0,6.8509698248229265,3507.6965503093384,3.7035564891994,0.5319080082699656,0.786128977779299,0.9552840492688119,46.39160180956857,21540,48.03168799512492,274126,543477,0,3907.377843662695,7746.6930839842635,0.0,11654.070927646959,2000.5774559552997,88041031739.0,655774.0,24315.0,14149.0,28075223170.0,19835838193.0,,111805092.0,6236782915.0,209681666.0,400182.7808027824,282739.01295683905,9347.368721135754,346.5847539768516,201.6791151148868,204893583.77102458,144762374.6339016,1254932318.5329835,0.7065246845195425,,3.3620164250979063
tls,tls,2,1024,4,20.002527648000978,66692,0,6.512067614265629,3334.178618504002,54.84690846060403,0.5622190074063838,0.8462619734928012,1.0139489895664155,61.06829704205292,26324,45.523114355231144,182066,368066,0,2729.952618005158,5518.892820728123,0.0,8248.84543873328,1397.735740418641,88038215665.0,262090.0,714.0,15025.0,26641090606.0,22887543506.0,,109225259.0,6673434884.0,214764728.0,399464.56255622866,343182.74314760393,3929.856654471301,10.705931745936546,225.28939003178795,204525856.02878907,175709564.4915732,1320071607.7640498,0.859106852812,,3.2182036946957044
udp,udp,2,1024,4,20.001221196958795,138144,0,13.489801314782982,6906.778273168887,0.3072650288231671,0.2801320515573025,0.49573101568967104,0.5974189843982458,64.08356206744473,21708,31.084248180584677,293403,571598,0,2123.892460041696,4137.696895992587,0.0,6261.589356034283,1087.432939541348,88038494627.0,224545.0,454.0,13732.0,20117989085.0,15259780256.0,,65348512.0,4829498809.0,151559818.0,145630.56727038452,110462.85221218439,1625.4415682186702,3.286425758628677,99.40352096363215,74562850.44243687,56556980.332638405,637295102.4076326,0.7585141930203011,,3.1382100709407177
stcp,udp,2,1024,8,20.003968431032263,68888,0,6.726009164825351,3443.7166923905797,4.183887504041195,0.5319080082699656,0.7900400087237358,0.9777719969861209,42.4836003381028,21708,49.669603524229075,281901,564487,0,4092.1640924399026,8194.271861572408,0.0,12286.43595401231,2095.18801532923,88029462424.0,707236.0,28406.0,59040.0,29436334160.0,19926214278.0,,122501550.0,6759067918.0,244473262.0,427307.13854372315,289255.2299094182,10266.461502729067,412.35048194170247,857.0433166879571,218781254.93438625,148098677.71362212,1277863523.7486935,0.6769258077344777,,3.616967087265774
tls,tls,2,1024,8,20.005547898996156,67304,0,6.570833533961651,3364.2667693883654,53.00772000919096,0.5563519662246108,0.8130169590003788,0.9587060194462538,60.40252964332132,26344,45.41468761417611,180867,370107,3,2687.314275525972,5499.034232735054,0.04457387376678949,8186.393082134792,1375.9049090692974,88032071943.0,260293.0,668.0,15017.0,26664103726.0,22958434631.0,,108948219.0,6684544323.0,214640855.0,396174.1311957685,341115.4557084274,3867.4224414596456,9.925115892071794,223.12195411862592,202841155.17223346,174651113.32271484,1307976820.7387376,0.8610240519209117,,3.2110020463394866
udp,udp,2,1024,8,20.001820503966883,143536,0,14.015911698857638,7176.14678981511,0.2158435236196965,0.26106496807187796,0.4976870259270072,0.6013290258124471,62.53798246774183,21552,31.750557897346887,302845,587247,0,2109.888808382566,4091.2872032103446,0.0,6201.17601159291,1080.2630698918738,88036208366.0,235228.0,498.0,16584.0,20751500813.0,15689517319.0,,66013656.0,4998706660.0,154512760.0,144573.49245485454,109307.1934497269,1638.808382566046,3.469512874818861,115.53895886746182,74021628.13688552,55965283.04626017,613338872.2411102,0.7560666315359289,,3.091054756951871
stcp,udp,4,1024,1,20.00079588301014,101905,0,9.951264154146514,5095.047246923015,7.590933513711207,0.7773290271870792,1.1615930125117302,1.6793239628896117,57.9482189998515,22652,60.43820777941901,383749,718229,0,3765.752416466317,7048.025121436632,0.0,10813.777537902948,1928.0652372307543,88032601553.0,855915.0,53840.0,13790.0,34220298654.0,22019498054.0,,147822666.0,7545211958.0,297790262.0,335805.8844413915,216078.68165448212,8399.146263676954,528.3352141700603,135.32211373337913,171932612.83399245,110632285.00709485,863869305.2647073,0.6434630590643938,,3.9467448185370118
tls,tls,4,1024,1,20.00555640400853,83149,0,8.117764252358395,4156.295297207498,84.85985999868717,0.8232840336859226,1.8387010204605758,2.4615410366095603,61.01402907021488,29068,71.7213614737099,250512,493986,0,3012.8083320304513,5940.973433234314,0.0,8953.781765264765,1542.557865999591,88033886108.0,601580.0,40114.0,13260.0,39119005195.0,24775913686.0,,219972845.0,7999840253.0,326761780.0,470468.7391910907,297970.0740357671,7234.963739792421,482.43514654415566,159.47275373125353,240879994.46583843,152560677.90631276,1058748585.166388,0.6333472326941161,,4.084603812900663
udp,udp,4,1024,1,20.00048443803098,230113,0,22.471428355524708,11505.37131802865,0.11965451994910836,0.3363530267961323,0.8315950399264693,1.8543450278230011,94.99655400282144,22504,44.91142333536958,455929,841248,0,1981.326565643836,3655.8038876551955,0.0,5637.130453299032,1014.4392016096439,88036740017.0,492815.0,1278.0,13977.0,26742415449.0,16506205113.0,,96243085.0,5985689867.0,235694602.0,116214.2749388344,71730.86749988049,2141.6217249785973,5.553793136415587,60.73972352713667,59501708.76868321,36726204.15993881,382580471.4075259,0.6172294026498354,,3.9376347127407896
stcp,udp,4,1024,4,20.00228131102631,104824,0,10.235551226206365,5240.602227817659,6.542762246681377,0.7108409772627056,1.1982599971815944,1.6798119759187102,61.2015840075788,22436,63.72201150128471,435901,774634,0,4158.408379760361,7389.8534686712965,0.0,11548.261848431657,2129.105090437304,88038439609.0,760778.0,48829.0,14232.0,35484062942.0,19726566157.0,,178181743.0,7422381539.0,321832741.0,338510.86527894373,188187.49672784857,7257.669999236816,465.8188964359307,135.77043425169808,173317563.0228192,96351998.32465847,839869110.21331,0.5559274931183555,,4.335976792744607
tls,tls,4,1024,4,20.007781063963193,82808,0,8.083573809756754,4138.789790595458,91.74301224993542,0.8164389873854816,1.8562999903224409,2.510430000256747,70.06235201787688,29360,71.98120028922632,232116,454377,0,2803.062506038064,5487.11477151966,0.0,8290.177277557725,1435.168003091489,88040209517.0,554075.0,34315.0,57582.0,38788811095.0,25460911906.0,,212351956.0,8344026638.0,325494208.0,468418.64427350013,307469.22889092844,6691.080571925418,414.39232924355133,695.3675973335909,239830345.86803213,157424245.19215536,1063184831.3810259,0.6563983578574284,,3.9009248426610785
udp,udp,4,1024,4,20.001672204991337,236164,0,23.060962492170777,11807.212795991438,0.18394325161352754,0.27133204275742173,0.594486016780138,0.7528839632868767,102.29495709310802,22628,46.09470344154259,469499,858497,0,1988.021036229061,3635.173015362206,0.0,5623.194051591267,1017.8667705492792,88029805941.0,496847.0,1229.0,14847.0,27238947788.0,16989279972.0,,97654219.0,6125047864.0,237926283.0,115339.11937467183,71938.48330820954,2103.8219203604276,5.204010772175268,62.86732948290172,59053629.11983198,36832503.453803286,372748623.58784574,0.6237127845108816,,3.884480387466242
stcp,udp,4,1024,8,20.002564969996456,101784,0,9.938569143416972,5088.54740142949,7.076381501974538,0.7817290024831891,1.247638021595776,1.986832998227328,48.50103481504512,22632,63.77513932638721,474740,808151,0,4664.190835494773,7939.862846812858,0.0,12604.05368230763,2388.065707773324,88045536625.0,742774.0,42413.0,13806.0,35466735162.0,19768481351.0,,170743881.0,7439189947.0,317585252.0,348450.9860292384,194219.92995952212,7297.55167806335,416.6961408472844,135.64017920301814,178406904.84697005,99440604.13927533,865023349.6915035,0.5573809165321897,,4.269083788189499
tls,tls,4,1024,8,20.00839425699087,95512,0,9.32343058638107,4773.596460227108,114.05601950536948,0.6536410073749721,1.7619449645280838,2.4825629661791027,69.5719847440347,29196,70.65034797216224,316720,597692,0,3316.0231175140298,6257.768657341486,0.0,9573.791774855516,1697.8038361671831,88034665274.0,504976.0,22517.0,10353.0,38698287259.0,23886771334.0,,210591095.0,8159001567.0,346643066.0,405166.75662743946,250091.83488985678,5287.042465868163,235.7504816148756,108.39475667978893,207445379.393249,128047019.46360667,921713138.3909875,0.6172565512817286,,4.248596634691638
udp,udp,4,1024,8,20.004207729012705,127144,0,12.413794555824484,6355.862812582136,0.4574750055326149,0.418974959757179,0.7528839632868767,1.1703940108418465,49.316804412562966,22440,26.47362978283351,364245,723475,0,2864.8225633926886,5690.201661108664,0.0,8555.024224501352,1466.7891524570566,88036218128.0,23065.0,234.0,15118.0,14816287939.0,7826444172.0,,58001412.0,3276831820.0,138670131.0,116531.55429277041,61555.749166299625,181.4084817215126,1.8404328949852136,118.9045491725917,59664155.79789845,31516543.57314541,692413469.2002769,0.5282324563495377,,4.231835462339963
stcp,udp,8,1024,1,20.0031124149682,115324,0,11.260357029811656,5765.302799263568,13.183788127207663,1.3727920013479888,2.3603420122526586,3.7077110027894378,76.11315521382178,24616,69.13521261347348,351969,642855,8,3052.001318025736,5574.338385765322,0.06936977558877597,8626.409073566647,1562.6246748291771,88043125127.0,690861.0,27624.0,14295.0,37273146434.0,23785683237.0,,157078642.0,7785518785.0,292926380.0,323203.72545177065,206250.93854705006,5990.6090666296695,239.53383510804343,123.95511775519407,165480307.43130657,105600480.53608963,763441479.0243142,0.6381453006420478,,3.7624516501632206
tls,tls,8,1024,1,20.01252846198622,69514,0,6.784226766142724,3473.5241042650746,131.81434976286255,1.950654957909137,4.82041499344632,6.899159052409232,59.18465536475475,34276,85.45853545853545,164128,324825,3,2361.078343930719,4672.799723796645,0.04315677417498633,7033.921224501539,1208.8721120925281,88037309830.0,508243.0,29608.0,96681.0,45671466629.0,28902058603.0,,215141719.0,9750327644.0,352019659.0,657011.0571827258,415773.20544063067,7311.3761256725265,425.9285899243318,1390.8133613372847,336389661.2775556,212875881.1856029,1266468766.4355383,0.6328252788065287,,3.610336717419134
udp,udp,8,1024,1,20.000857371021993,228169,0,22.28117374461477,11407.960957242762,0.18149887910112739,0.565153022762388,1.0276380344294012,1.4089689939282835,138.83401338700276,24356,32.20590050611036,552665,1015238,0,2422.1739149490068,4449.500151203712,0.0,6871.674066152719,1240.1530444538917,88035032350.0,41670.0,250.0,11670.0,21555349950.0,12171961282.0,,64640758.0,5106351893.0,182561859.0,94470.98400746814,53346.25335606502,182.6277890510981,1.09567907998019,51.14629945347527,48369143.81182369,27313281.71830529,385832573.0050971,0.5646840023583102,,3.5751915031602777
stcp,udp,8,1024,4,20.00637433002703,111896,0,10.923862134879126,5593.017413058113,12.742997001623735,1.3781689922325313,2.515319036319852,3.762955020647496,65.8742297959502,24396,69.34655357782822,345368,632739,2,3086.508901122471,5654.706155716022,0.017873739901336956,8741.232930578395,1580.2925573747052,88035178774.0,690566.0,28667.0,12832.0,37487813905.0,24045777707.0,,159818324.0,7827242471.0,292378196.0,335023.71760384645,214893.98823014228,6171.498534353328,256.19325087581325,114.6779152069779,171532143.41316938,110025721.97383285,786758943.787088,0.641429179304394,,3.7353920883793204
tls,tls,8,1024,4,20.018917345965747,86152,0,8.405330922349266,4303.529432242824,167.2840746177826,1.5830130432732403,3.8543769624084234,5.330812011379749,61.448757629637754,34848,70.96344710723795,186217,364810,1,2161.4936391494102,4234.492524839818,0.011607391586962577,6395.997771380815,1106.6847432444981,88038510794.0,715292.0,58995.0,14124.0,38523687091.0,26444953317.0,,204124200.0,8512662072.0,343284439.0,447159.52143885224,306956.9286493639,8302.674343021636,684.7780666728572,163.94279877425944,228945674.97669235,157161947.46847433,1021897469.5189897,0.6864595606991662,,4.032633224442648
udp,udp,8,1024,4,20.003052158048376,189368,0,18.490147007449778,9466.955267814286,0.24224300432251766,0.8208390208892524,1.171860028989613,1.671012956649065,103.04545444934267,24500,40.159114493254926,361840,695752,2,1910.7769000042247,3674.0737611423265,0.010561446495712053,5584.8612225930465,978.317772802163,88036479349.0,67512.0,331.0,13752.0,22100994145.0,16275858935.0,,76877884.0,5111357408.0,173049158.0,116709.23358223142,85948.30665687972,356.51218790925606,1.7479193950403449,72.62050610451608,59755127.59410249,44005533.00832242,464896283.15766126,0.7364310776346753,,3.385581249496533
stcp,udp,8,1024,8,20.00795483001275,111480,0,10.882390371723028,5571.7838703221905,12.931340868817642,1.4187470078468323,2.228831988759339,3.4407800412736833,66.77410616680949,24512,58.984233963172464,383222,718330,0,3437.585217079297,6443.577323286689,0.0,9881.162540365985,1760.0436311446,88031060350.0,802658.0,59018.0,12184.0,33096526787.0,20645445950.0,,136855056.0,7198491494.0,285404109.0,296883.08922676713,185194.1689092214,7200.017940437747,529.4043774668102,109.29314675278076,152004141.68410477,94819414.48152135,789657878.9917474,0.6237949402627146,,3.964776637409193
tls,tls,8,1024,8,20.018098437052686,81056,0,7.908468454075039,4049.13584848642,150.96549549343763,1.6768790083006024,4.095887008588761,5.726322007831186,62.71774034621287,34596,75.01195600191296,187319,370156,1,2310.982530596131,4566.669956573233,0.01233714962495065,6877.664824318989,1183.2230556652191,88034998090.0,695143.0,48255.0,55625.0,40896022345.0,26430821328.0,,215488634.0,8821616459.0,359527392.0,504540.3467355902,326080.9974338729,8576.08320173707,595.3291551519937,686.25394788788,258324657.52862218,166953470.68614292,1086100943.6685748,0.6462932043862076,,4.075527355683238
udp,udp,8,1024,8,20.003835373965558,209160,0,20.421864975537236,10455.994867475065,0.29980951512698084,0.7010630215518177,1.4935460058040917,2.706472994759679,112.2987496149681,24460,39.4388436778817,384948,730287,1,1840.4475043029258,3491.523235800344,0.004781028877414419,5331.975521132147,942.3091222030979,88035814609.0,148752.0,425.0,14398.0,23487294248.0,17274877272.0,,77490126.0,5591143942.0,181143359.0,112293.4320520176,82591.68709122203,711.1876075731498,2.0319372729011285,68.83725377701282,57494237.210633,42286943.79070567,420901771.89233124,0.7354988228782886,,3.239826426919058
stcp,udp,16,1024,1,20.00622675399063,113537,0,11.084146743501607,5675.083132672823,24.70878050371539,2.768560021650046,3.2550019677728415,4.045529989525676,93.01263665967502,26268,53.72682099139499,378557,713836,0,3334.2170393792335,6287.254375225698,0.0,9621.471414604932,1707.1191241621675,88035537664.0,716675.0,56391.0,12539.0,30565573134.0,18484513991.0,,114994873.0,6469959933.0,248557689.0,269212.44293930614,162806.08075781463,6312.2594396540335,496.6750927010578,110.43976853360577,137836770.78492475,83356713.3480011,775390733.1002228,0.6047494646988484,,3.841719138510158
tls,tls,16,1024,1,20.03350354800932,66790,0,6.511552931187736,3333.9151007681207,275.0544521222764,3.975131025072187,10.743754974100739,14.829863968770951,80.68421462708234,42176,76.23507375321938,201639,408046,1,3018.9998502769877,6109.387632879174,0.014972301242701004,9128.402455457404,1545.7279233418176,88033593479.0,694733.0,90674.0,12081.0,40759957345.0,22898599924.0,,226442357.0,7706936120.0,332089790.0,610270.3600089834,342844.7360982183,10401.751759245395,1357.5984428806707,180.8803713130708,312458424.3245995,175536504.88228777,1318065481.0450666,0.5617915575863319,,4.308972915166708
udp,udp,16,1024,1,20.00205582298804,174004,0,16.990831617888702,8699.305788359015,0.35636724351206794,1.8875880050472915,2.2474079742096364,2.991981978993863,101.34076306648312,28172,43.56228172293364,413212,795039,0,2374.7270177697064,4569.084618744397,0.0,6943.811636514103,1215.8602330980898,88033137572.0,445198.0,917.0,10813.0,24600264137.0,15494358336.0,,91563348.0,5399304686.0,215711684.0,141377.57831429163,89045.98937955449,2558.5503781522266,5.269993793246132,62.142249603457394,72385320.09691732,45591546.5623319,505925941.77145356,0.6298452020560108,,3.995175240977316
stcp,udp,16,1024,4,20.011921462020837,104788,0,10.227107021602947,5236.278795060709,26.45450243653613,3.205135988537222,4.122285987250507,6.875202001538128,71.88191812215608,25832,65.12258368694013,437937,780680,0,4179.266709928617,7450.089704928045,0.0,11629.356414856662,2139.784555483452,88029822794.0,664848.0,24978.0,10432.0,35605421156.0,19387724196.0,,154911087.0,7248876939.0,316396730.0,339785.2917891362,185018.55361300914,6344.6959575523915,238.36698858647938,99.55338397526435,173970069.3960377,94729499.44986066,840075416.9752262,0.5445160755452236,,4.364768951970203
tls,tls,16,1024,4,20.043006266001612,76248,0,7.430116671300552,3804.2197357058826,252.79718188539846,3.480868006590754,9.38807602506131,13.105564983561635,86.76306722259548,42576,75.28476506881823,226098,437950,0,2965.297450424929,5743.757213303956,0.0,8709.054663728884,1518.2322946175636,88030447386.0,634038.0,75557.0,11260.0,40371682045.0,21915266991.0,,227298805.0,7744204730.0,346271334.0,529478.5705198825,287420.87649512116,8315.47056971986,990.9374672122547,147.67600461651452,271093028.10617983,147159488.76550204,1154527953.3364809,0.5428376000428298,,4.4713607926530115
udp,udp,16,1024,4,20.005170352989808,177668,0,17.345906402048662,8881.104077848915,0.16750442591728643,1.8743889522738755,2.290919015649706,3.2843349617905915,103.6549183741438,28316,43.48335677449601,411276,782415,0,2314.856924150663,4403.803723799446,0.0,6718.66064795011,1185.2067451651394,88048609793.0,429098.0,857.0,26237.0,24826437206.0,15871286743.0,,93911837.0,5602972571.0,218356817.0,139734.9956435599,89331.14991444717,2415.167616002882,4.823603575207691,147.67431388882633,71544317.76950267,45737548.75619695,495579450.39624465,0.6392897463017473,,3.897160199037498
stcp,udp,16,1024,8,20.017840354994405,100120,0,9.768629958686402,5001.538538847438,28.31807669281261,3.196337027475238,5.198812985327095,8.375593984965235,63.35545081333298,26136,66.06232965991231,429143,770289,0,4286.2864562524965,7693.65761086696,0.0,11979.944067119455,2194.5786656012783,88040338053.0,701433.0,37122.0,12349.0,36158133203.0,19473516026.0,,168633315.0,7365089917.0,321892653.0,361147.95448461844,194501.75815021974,7005.922892528965,370.7750699161007,123.34198961246504,184907752.69612464,99584900.17291251,879348162.7347183,0.5385653047039581,,4.3705189838485445
tls,tls,16,1024,8,20.041984025971033,75760,0,7.382939224393026,3780.0648828892295,271.56406499125296,3.4989569685421884,9.496120037510991,13.196009036619216,84.84278790944775,42528,75.48569410102436,234916,461120,0,3100.791974656811,6086.589229144667,0.0,9187.381203801478,1587.6054910242872,88040112110.0,631591.0,78137.0,11484.0,40425210311.0,21849469462.0,,226826686.0,7731809046.0,348360135.0,533595.7010427667,288403.7679778247,8336.734424498416,1031.3753959873284,151.58394931362196,273200998.93389654,147662729.20464626,1162092292.8986273,0.5404911760237546,,4.505544988597744
udp,udp,16,1024,8,20.006715323019307,246784,0,24.091910751857448,12335.058304951013,0.2574901227490045,1.100481953471899,2.8370050131343305,3.9707310497760773,181.46563998053128,28256,33.25581395348837,574477,1039680,0,2327.853507520747,4212.914937759337,0.0,6540.768445280083,1191.8609958506224,88027977571.0,19631.0,217.0,11376.0,21685016456.0,12255330577.0,,64735410.0,5162318473.0,184126016.0,87870.43104901453,49660.15048382391,79.54729642116183,0.8793114626556017,46.09699170124482,44989660.69709544,25425997.047717843,356700505.5878825,0.5651520072335056,,3.5667310523947213
stcp,udp,1,4096,1,20.001074694970157,26388,0,10.307258642049064,1319.3291061822802,2.450294967275113,0.7264839950948954,0.9978159796446562,1.1527930037118495,26.273933176808427,21148,35.53305684313247,210699,448041,0,7984.652114597545,16978.967712596637,0.0,24963.61982719418,1022.0354706684857,88034181922.0,396045.0,1009.0,15221.0,21786127123.0,18179210560.0,,69027245.0,5242742412.0,148444071.0,825607.3640670001,688919.6058814613,15008.526603001363,38.237077459451264,576.815219038957,105677742.60057601,88181709.55282705,3336144532.4389873,0.8344397541317881,,2.8314202631857244
tls,tls,1,4096,1,20.00494673801586,16372,0,6.393731094366616,818.3975800789268,46.2070299545303,1.0931480210274458,1.6734559903852642,1.8098549917340279,31.098323237110677,24824,30.165535310229846,128505,273389,0,7849.071585634009,16698.570730515516,0.0,24547.642316149522,1004.6811629611532,88045200831.0,79081.0,395.0,15024.0,18021294283.0,18892839824.0,,50227942.0,4873169752.0,106799324.0,1100738.7175054972,1153972.6254580992,4830.2589787441975,24.126557537258734,917.6643049108234,140894555.84070364,147708496.0586367,5377791401.844613,1.0483619837351057,,2.1915781603168747
udp,udp,1,4096,1,20.000103375001345,44140,0,17.24209837990284,2206.9885926275633,0.09288801811635494,0.40919805178418756,0.6907950155436993,1.0760379955172539,37.322087091459835,21028,33.05125725338491,310114,634612,8,7025.690983235161,14377.254191209788,0.18124150430448574,21403.126415949253,899.2884458541007,88030382164.0,112204.0,912.0,57980.0,20919701137.0,14875760163.0,,71101368.0,5248296479.0,173685691.0,473939.76295876753,337013.1437018577,2542.0027186225643,20.661531490711372,1313.5478024467602,60664289.658722244,43137682.39383779,1994344860.9877663,0.7110885602801335,,3.309372702075202
stcp,udp,1,4096,4,20.003735750040505,25332,0,9.893464524475098,1266.3634591328125,3.030602994840592,0.7812399999238551,1.0300829890184104,1.1439929949119687,29.50704845212749,21028,34.39443834613977,203979,436167,0,8052.226432970157,17218.024632875415,0.0,25270.251065845572,1030.68498342018,88041645756.0,392362.0,1149.0,15036.0,21207776001.0,17730037176.0,,67124319.0,5102390980.0,144085891.0,837193.1154666035,699906.7257224064,15488.788883625453,45.35765040265277,593.5575556608243,107160718.77972525,89588060.89246802,3475511043.581241,0.8360158639531078,,2.8238896541793435
tls,tls,1,4096,4,20.005080856964923,14656,0,5.723545974078677,732.6138846820706,52.394863043446094,1.2588800163939595,1.7365219537168741,1.8303890246897936,37.8285399299712,24748,26.555136663524976,112161,236385,0,7652.906659388647,16128.889192139739,0.0,23781.795851528386,979.5720524017466,88034629886.0,71026.0,384.0,12211.0,15920827855.0,16640223150.0,,45337192.0,4310757757.0,93860066.0,1086301.027224345,1135386.4048853712,4846.206331877729,26.200873362445414,833.1741266375545,139046531.48471615,145329459.82532752,6006729659.252183,1.0451857969668374,,2.1773449423732023
udp,udp,1,4096,4,20.001623115036637,44040,0,17.20172898075176,2201.8213095362253,0.2889320021495223,0.4047970287501812,0.6404400337487459,0.7504399982281029,46.98103221900843,21320,31.44479342836434,263978,555109,8,5994.050862851953,12604.654859218892,0.18165304268846502,18598.887375113532,767.23851044505,88038884590.0,130383.0,383.0,14439.0,19478198102.0,14935041128.0,,62561080.0,4735967135.0,147392232.0,442284.24391462305,339124.4579473206,2960.558583106267,8.696639418710264,327.8610354223433,56612383.22107175,43407930.617257036,1999066407.5840147,0.7667568144543353,,3.1121886575338324
stcp,udp,1,4096,8,20.004535283951554,26648,0,10.407015061580381,1332.0979278822888,3.194869030267,0.7421289919875562,0.9816819801926613,1.129326003137976,23.024333905397178,20972,38.98120072771377,297869,617697,0,11177.912038426897,23179.863404383068,0.0,34357.775442809965,1430.772740918643,88038785980.0,631072.0,4638.0,15033.0,23554108641.0,17756463746.0,,83636097.0,5591649465.0,190113405.0,883897.8024992495,666333.8241519063,23681.77724407085,174.04683278294806,564.1323926748724,113138918.71990393,85290729.491444,3303767111.2278595,0.753858446381274,,3.399952128436935
tls,tls,1,4096,8,20.008693548035808,15616,0,6.09734961990941,780.4607513484045,55.75302499346435,1.1772370198741555,1.7761230119504035,2.001986955292523,30.502781130350883,24912,34.66457528957529,208529,446885,0,13353.547643442622,28617.123463114753,0.0,41970.671106557376,1709.254098360656,88045482034.0,416600.0,1346.0,13337.0,21139904484.0,17372672785.0,,68782957.0,5042771235.0,145270601.0,1353733.6375512294,1112491.8535476434,26677.766393442624,86.1936475409836,854.0599385245902,173277905.60655737,142398957.25409836,5638158429.431353,0.821795235553156,,2.880769208639305
udp,udp,1,4096,8,20.000726434984244,39584,0,15.46193839535127,1979.1281146049625,0.1843100180849433,0.4219090333208442,0.6502179894596338,0.7255059899762273,48.69289138901055,20968,31.750813351006148,251979,521047,0,6365.678051738076,13163.070937752627,0.0,19528.7489894907,814.8067906224737,88030154552.0,179192.0,1175.0,57527.0,19847011105.0,14480853181.0,,70703204.0,4947776692.0,164888826.0,501389.73082558607,365825.9190834681,4526.879547291835,29.683710590137427,1453.2892077607112,64177885.54567502,46825717.642683916,2223882239.086499,0.7296238765821963,,3.332584234583722
stcp,udp,2,4096,1,20.002315682999324,22405,0,8.75093990486171,1120.1203078222989,3.401420486625284,1.7663430189713836,2.3231839877553284,3.5678870044648647,15.97529031459046,21420,57.48663101604278,407630,790105,0,18193.706761883506,35264.6730640482,0.0,53458.37982593171,2328.794465521089,88041680904.0,797431.0,62704.0,13951.0,32199071127.0,19338016943.0,,134235238.0,7093727472.0,263062319.0,1437137.7427806293,863111.6689578219,35591.65364873912,2798.661013166704,622.673510377148,183953631.07592055,110478293.6266012,3929555050.3905377,0.6005768572244441,,3.7083792694087307
tls,tls,2,4096,1,20.00440570298815,24914,0,9.729887900190187,1245.425651224344,79.0596159931738,1.320968964137137,3.064823045860976,7.241860032081604,36.87412217848664,26324,79.73244939031609,380196,708967,3,15260.335554306816,28456.570602873886,0.12041422493377217,43717.02657140564,1953.3229509512723,88043645904.0,696212.0,16483.0,13898.0,42480279752.0,27245671267.0,,197853312.0,9038121894.0,315112230.0,1705076.6537689653,1093588.796138717,27944.609456530463,661.5958898611223,557.8389660431885,218249811.68242756,139979365.9057558,3533902460.6245484,0.6413722184990379,,3.4864790904091345
udp,udp,2,4096,1,20.00073902501026,51847,0,20.251986038790495,2592.2542129651833,0.1354214909952134,0.6179509800858796,2.320249972399324,3.005178994499147,53.9675558313249,21756,77.12066905615292,503113,867394,0,9703.80157000405,16729.878295754817,0.0,26433.679865758866,1242.0866009605184,88046064331.0,890029.0,20621.0,15394.0,41322975822.0,21957899042.0,,186415529.0,8851250236.0,373469818.0,797017.6832217872,423513.39599205356,17166.45128937065,397.7279302563311,296.91206820066736,102018263.45238875,54209714.68698285,1698190142.7469285,0.5313726469406349,,4.219401870269302
stcp,udp,2,4096,4,20.002036480000243,48216,0,18.83245740385708,2410.5545476937064,5.418562999693677,0.7685280288569629,1.1063480051234365,1.3180349487811327,42.08096014831334,21784,50.90155945419104,403786,761609,0,8374.522979923677,15795.77318732371,0.0,24170.296167247387,1071.9389414302307,88031099368.0,586174.0,21461.0,14466.0,29388539592.0,19598781199.0,,113777387.0,6620296591.0,255801010.0,609518.4086610253,406478.78710386594,12157.250705160113,445.1012112161938,300.0248880039821,78018356.30861124,52029284.74929484,1825765293.014767,0.6668851692220555,,3.863890484117436
tls,tls,2,4096,4,20.006830731988885,32724,0,12.778448192258242,1635.641368609055,62.49105799361132,1.1371469590812922,1.694965991191566,2.0098090171813965,54.87272395645767,26576,47.781987046315535,317760,639749,16,9710.30436376971,19549.841095220632,0.4889377826671556,29260.63439677301,1242.918958562523,88034200163.0,176004.0,710.0,14254.0,28149927818.0,23077634080.0,,87413377.0,6862271311.0,199572094.0,860222.7055983376,705220.452267449,5378.437843784379,21.696614105855033,435.5824471336023,110108506.31658721,90268217.89023347,2690202914.160861,0.8198114833261986,,2.908251291086267
udp,udp,2,4096,4,20.00146050803596,63196,0,24.684134931128618,3159.569271184463,0.4329084767960012,0.5837290082126856,0.9831479983404279,1.3121680240146816,72.98617015559869,21736,34.199029126213595,453555,868960,0,7176.957402367239,13750.237356794734,0.0,20927.194759161976,918.6505475030065,88051034035.0,36956.0,605.0,45276.0,21406742067.0,12899247899.0,,69128335.0,5298961507.0,197591550.0,338735.7121811507,204114.942385594,584.783847078929,9.573390720931705,716.4377492246344,43358171.15918729,26126712.625356033,1393300747.4365466,0.6025787510601671,,3.728873095963783
stcp,udp,2,4096,8,20.003472256008536,48288,0,18.859225796995503,2413.9809020154244,3.2229784701485187,0.7915059686638415,1.134703983552754,1.3439460308291018,42.11340357407,21480,50.82906608144355,394845,765347,0,8176.876242544732,15849.631378396289,0.0,24026.50762094102,1046.6401590457256,88038986924.0,587964.0,20816.0,15354.0,29418548891.0,19694967954.0,,113949800.0,6655910836.0,256333672.0,609231.0489355533,407864.64450795227,12176.192842942346,431.0801855533466,317.96719681908553,77981574.26375082,52206674.49701789,1823206322.978794,0.6694744879148431,,3.8512185381685304
tls,tls,2,4096,8,20.01047350297449,31576,0,12.32791917509252,1577.9736544118425,76.92932750796899,1.1718589812517166,1.7287000082433224,2.0591859938576818,61.22523286707264,26312,45.95739530380053,316495,628401,0,10023.277172536102,19901.222447428423,0.0,29924.49961996453,1282.979478084621,88044850277.0,167393.0,722.0,11017.0,27041132957.0,22303865338.0,,84798852.0,6557425978.0,189205107.0,856382.4726691158,706354.9955029136,5301.273118824423,22.86546744362807,348.9042310615657,109616956.5016468,90413439.42437293,2788347171.1743097,0.8248125318368479,,2.8853563522452013
udp,udp,2,4096,8,20.00514646997908,39520,0,15.433528590421904,1975.4916595740037,0.7184180140029639,0.9865709580481052,1.3268360053189099,1.5302120009437203,61.03396952540666,21708,25.947291030426424,312995,661502,0,7919.9139676113355,16738.41093117409,0.0,24658.324898785424,1013.7489878542509,88040189681.0,13635.0,194.0,15029.0,13806667331.0,7345943263.0,,55106137.0,3042729128.0,132320275.0,349358.99116902833,185879.1311487854,345.01518218623477,4.908906882591093,380.2884615384615,44717950.86963563,23792528.787044533,2227737593.1427126,0.5320576708983357,,4.3487365925002575
stcp,udp,4,4096,1,20.00209949800046,49927,0,19.50068729230111,2496.087973414542,10.906197261647321,1.415322010871023,2.9367399984039366,4.222509975079447,48.80985119075111,22716,88.60833139399581,304037,560158,2,6089.630861057144,11219.540529172593,0.04005848538866746,17309.211448715127,779.4727502153144,88097228702.0,656377.0,44611.0,14522.0,46500730323.0,23558789297.0,,261824606.0,8427961709.0,381976071.0,931374.4131031305,471864.70841428486,13146.73423197869,893.5245458369219,290.8646624071144,119215924.87720071,60398682.67702846,1764520774.3705812,0.5066326729356215,,4.532247347446984
tls,tls,4,4096,1,20.008402420964558,24261,0,9.47297332951497,1212.540586177916,100.70849598560017,2.927939989604056,6.293922022450715,8.18737898953259,51.453428331754345,28340,76.0930119898268,205703,399241,6,8478.751906351757,16456.081777338113,0.24731049833065413,24935.080994188203,1085.2802440130251,88044894091.0,796431.0,88603.0,12675.0,40881078210.0,25538265018.0,,230116613.0,8750813823.0,365475097.0,1685053.3040682578,1052646.8413503154,32827.624582663535,3652.075347265158,522.4434277235068,215686822.920737,134738795.69284037,3629071105.519146,0.6246964643841765,,4.176469804893025
udp,udp,4,4096,1,20.0017046330031,79388,0,31.008294611881738,3969.0617103208624,0.2822092646965757,0.857018050737679,1.3962590019218624,2.323187014553696,107.7071849388941,22824,84.9146996961907,426532,748756,0,5372.751549352547,9431.601753413614,0.0,14804.353302766162,687.712198317126,88050692163.0,721335.0,24427.0,10383.0,44957392156.0,21062629406.0,,228357930.0,8921616946.0,435358006.0,566299.5938428981,265312.50826321356,9086.19690633345,307.69133874137145,130.78802841739304,72486348.01189096,33960001.057691336,1109118407.8576107,0.46850202816288106,,4.879810561640314
stcp,udp,4,4096,4,20.164359232992865,50344,0,19.505330938384756,2496.6823601132487,10.830885250470601,1.4490560279227793,2.958733995910734,4.1799689643085,50.31192850105871,22320,84.48769318832284,296096,550786,3,5881.45558557127,10940.449706022564,0.05959002065787383,16821.96488161449,752.8263149531224,88035163331.0,577309.0,37804.0,53445.0,43447010404.0,24025135209.0,,233788749.0,8445836997.0,349711203.0,863002.7491657397,477219.4344708406,11467.285078658828,750.9137136500874,1061.5962180200222,110464351.89321467,61084087.61226759,1748672400.5045288,0.5529755669169839,,4.140634055857566
tls,tls,4,4096,4,20.014096956991125,24128,0,9.418361488158729,1205.5502704843173,112.12459001399111,2.9543329728767276,6.2455079751089215,8.239671005867422,56.11772554182984,28492,76.15679693119156,206493,403383,5,8558.231100795756,16718.459880636605,0.20722811671087532,25276.898209549072,1095.4535809018566,88080893646.0,804987.0,83230.0,10994.0,40766243221.0,25453547414.0,,230622486.0,8752880611.0,367785442.0,1689582.3616130636,1054938.1388428381,33363.18799734748,3449.519230769231,455.65318302387266,216266542.28647214,135032081.77188328,3650567541.694297,0.6243780491622064,,4.201878882453776
udp,udp,4,4096,4,20.00303001201246,84708,0,33.08405024651661,4234.758431554126,0.13896526070311666,0.856038008350879,1.2481239973567426,1.574210007674992,119.12008823508613,22628,85.63198118753674,445220,757572,0,5255.9380459932945,8943.334749964584,0.0,14199.272795957879,672.7600698871416,88055816367.0,701717.0,25623.0,11268.0,45362251170.0,21272208472.0,,227067375.0,9009344394.0,438313059.0,535513.1884827879,251123.96080653538,8283.951928979553,302.48618784530385,133.02167445813856,68545688.12579685,32143866.98323653,1039521844.0643151,0.46894075852364714,,4.865093838480696
stcp,udp,4,4096,8,20.010585575015284,34336,0,13.405404804091802,1715.8918149237506,6.375676006427966,2.3114500218071043,2.6805580127984285,3.0164229683578014,29.903287825176143,22304,56.64038811400849,396102,778745,0,11536.055452003728,22680.131640260952,0.0,34216.18709226468,1476.6150978564772,88048887071.0,729434.0,51297.0,15065.0,31778397644.0,19985990551.0,,122523820.0,7014579247.0,254051690.0,925512.5129310344,582071.0202411463,21244.000465983227,1493.9713420316868,438.752329916123,118465601.65517241,74505090.59086673,2564331520.008155,0.6289175047431476,,3.6217666242583686
tls,tls,4,4096,8,20.014917898981366,28536,0,11.138566799284554,1425.736550308423,86.37759900011588,2.1066070185042918,6.997904973104596,11.23800699133426,42.06745709623176,28484,87.66248839368616,375339,671246,26,13153.174936921783,23522.77824502383,0.911129800953182,36676.86431174657,1683.6063919259882,88043340664.0,673571.0,26116.0,13948.0,46077315555.0,29464408789.0,,220125236.0,9593801985.0,332715414.0,1614708.2826955426,1032534.6505817213,23604.254275301373,915.1948416035884,488.78609475749926,206682660.18502945,132164435.27446033,3085342748.247827,0.6394558457692686,,3.4680246113084645
udp,udp,4,4096,8,20.01652656099759,62360,0,24.339262784447822,3115.425636409321,0.829516226076521,0.9049269719980657,3.0638439930044115,4.948496993165463,98.2980885321963,23076,73.18570225057167,537635,907834,0,8621.472097498397,14557.95381654907,0.0,23179.425914047468,1103.548428479795,88035272331.0,830203.0,18223.0,13795.0,39369843036.0,21011236467.0,,169220205.0,8518971139.0,355671761.0,631331.6715202052,336934.51678960875,13313.069275176395,292.2225785760103,221.21552277100704,80810453.95458627,43127618.14906992,1411726624.9358563,0.5336886013944026,,4.175055358172637
stcp,udp,8,4096,1,20.00401229300769,77244,0,30.167385480508813,3861.425341505128,14.300473383627832,1.7619460122659802,3.810380003415048,5.290727014653385,62.66313385730923,24508,80.10892730286527,446050,779000,0,5774.558541763762,10084.925690021231,0.0,15859.484231784994,739.1434933457615,88060759479.0,571694.0,19160.0,59178.0,42239074531.0,28479741473.0,,157161158.0,9203696379.0,337132034.0,546826.6082932007,368698.42930195224,7401.144425456993,248.04515561079177,766.1177567189685,69993805.8615297,47193398.95064989,1140033652.827404,0.6742510765025927,,3.6630069063255006
tls,tls,8,4096,1,20.012904092029203,32513,0,12.692201558152021,1624.6017994434587,153.3480395009974,4.086601024027914,10.840565024409443,15.324628970120102,47.40802212597819,32780,91.17410765522781,350211,619387,57,10771.41451111863,19050.44136191677,1.7531448958877986,29823.60901793129,1378.7410574231847,88045635090.0,668748.0,38292.0,11169.0,47706711119.0,30434332355.0,,232618379.0,9727146938.0,336584251.0,1467311.8789099744,936066.5689108971,20568.63408482761,1177.7442869006245,343.5241288100145,187815920.50047672,119816520.82059483,2708013259.004091,0.6379465622579674,,3.460256672849286
udp,udp,8,4096,1,20.002216481021605,48014,0,18.7533904233018,2400.43397418263,0.2275156366522424,2.7411850169301033,7.6696479809470475,10.043190035503358,97.18660938623705,23528,68.41068570725102,491963,866598,1,10246.240679801724,18048.860748948224,0.02082725871620777,28295.12225600866,1311.5188070146207,88039566609.0,832901.0,32141.0,11033.0,37500090643.0,19634723523.0,,171069814.0,7960810600.0,336451300.0,781024.0897030033,408937.46663473157,17347.04461198817,669.408922397634,229.78714541592035,99971083.48198442,52343995.72924564,1833622831.02845,0.5235913616828854,,4.226344739315868
stcp,udp,8,4096,4,20.011458205000963,85948,0,33.55421394689751,4294.939385202882,10.4036832562997,1.571769011206925,3.8054909673519433,4.789619008079171,63.945674867422206,24732,81.04097974564296,505791,851845,2,5884.848978452088,9911.167217387258,0.023269884115977104,15796.039465723461,753.2606692418672,88047508887.0,595188.0,15583.0,14148.0,42930059442.0,28844685397.0,,158782099.0,9242135672.0,355675215.0,499488.7541536743,335606.2432750035,6924.97789361009,181.3073020896356,164.61116023642202,63934560.53167031,42957599.13920045,1024427664.2504771,0.6718994982052184,,3.848409367951118
tls,tls,8,4096,4,20.015953948022798,56684,0,22.12453881288754,2831.940968049605,143.86798588384409,2.295321028213948,6.145299994386733,8.665508998092264,74.17991687309356,33840,87.00571428571429,390907,697817,88,6896.2493825418105,12310.652035847857,1.552466304424529,19208.453884694092,882.7199209653518,88046720275.0,306527.0,22112.0,10346.0,45975395897.0,36339764138.0,,179931242.0,10373686292.0,300876980.0,811082.4200303437,641093.8560793169,5407.645896549291,390.0924423117635,182.52064074518384,103818549.763884,82060013.57815257,1553290527.7503352,0.7904176446770141,,2.9003863383841764
udp,udp,8,4096,4,20.007081581978127,46864,0,18.299770433774615,2342.3706155231507,0.20478238729992881,3.35669401101768,3.843623970169574,4.488953971303999,69.57035659082771,23528,27.12384851586489,348375,712082,0,7433.74445203141,15194.64834414476,0.0,22628.39279617617,951.5192898600205,88043236330.0,8817.0,168.0,16017.0,14336086813.0,7561310119.0,,58784116.0,3112979876.0,132469482.0,305908.3051596108,161345.81168914304,188.14015022191876,3.5848412427449645,341.7762034824172,39156263.060430184,20652263.89621031,1878696575.836463,0.5274319427351253,,4.255391530838152
stcp,udp,8,4096,8,20.01961737999227,58920,0,22.993071808657003,2943.1131915080964,12.822081749618519,2.533898048568517,4.5119320275262,6.427877000533044,44.118345682405895,23920,73.54021082553595,444966,790530,0,7552.036659877801,13417.006109979635,0.0,20969.042769857435,966.6606924643585,88031440258.0,540598.0,20153.0,53932.0,40155348913.0,25307640363.0,,160430440.0,8524952362.0,318298181.0,681523.2334181941,429525.46440936864,9175.118805159538,342.0400543109301,915.3428377460964,87234973.87752885,54979259.444399185,1494084186.3204343,0.6302433187128113,,3.7337238671129125
tls,tls,8,4096,8,20.02699267095886,56912,0,22.201286399068326,2841.764659080746,137.6613926331629,2.29434302309528,6.1154779978096485,8.620042994152755,73.71204075690713,33880,87.70200573065902,388238,687876,62,6821.724768062975,12086.660106831601,1.0894011807703121,18909.474276075347,873.1807703120605,88033512220.0,301751.0,21112.0,12525.0,46147090773.0,36555408751.0,,180552311.0,10404520801.0,299313842.0,810849.9222132415,642314.6041432386,5302.062833848749,370.9586730390779,220.07660950238966,103788790.04329489,82216269.33033454,1546835679.9971886,0.7921498005327791,,2.8767672026878195
udp,udp,8,4096,8,20.01588072400773,46712,0,18.232397816114158,2333.7469204626123,0.4099921279703267,3.368425997905433,3.8827339885756373,4.663486033678055,70.1481548256781,23872,27.163297751533044,349000,712668,0,7471.313581092653,15256.636410344237,0.0,22727.94999143689,956.3281383798595,88044902757.0,5950.0,138.0,15533.0,14267476842.0,7486989133.0,,58660247.0,3115250453.0,132867286.0,305434.93838842266,160279.78106268196,127.37626305874292,2.9542729919506763,332.526973796883,39095672.1137181,20515811.97602329,1884845494.8835416,0.5247591579024061,,4.265059519437617
stcp,udp,16,4096,1,20.014609162986744,62548,0,24.41497838007638,3125.1172326497767,40.82569924503332,4.407798987813294,10.0285240332596,14.31361201684922,54.92139721782926,24420,92.26020349834229,330887,589413,1,5290.129180789154,9423.370851186288,0.015987721429941804,14713.516019696872,677.1365351410117,88035051681.0,599468.0,43168.0,11017.0,48212833331.0,25324375643.0,,237282028.0,8686979131.0,375752880.0,770813.3486442412,404879.0631674874,9584.127390164353,690.1579586877278,176.13672699366884,98664108.62646288,51824520.085438386,1407479882.346358,0.5252621323691606,,4.325472345836582
tls,tls,16,4096,1,20.02144711400615,42526,0,16.593924160835655,2124.022292586964,393.1097058048181,6.233300024177879,16.321956005413085,22.445256006903946,87.20959029872168,41380,81.83838147585078,196734,386370,56,4626.205145087711,9085.500634905704,1.3168414616940225,13713.02262145511,592.154258571227,88073079571.0,636280.0,86236.0,11046.0,43210205418.0,30904422802.0,,205717820.0,9359161947.0,329999317.0,1016089.1082631801,726718.3088463529,14962.140807976295,2027.8417909043878,259.7469783191459,130059405.85768709,93019943.53233318,2071040764.967314,0.7152111984435556,,3.5259494265485865
udp,udp,16,4096,1,20.01054191100411,45971,0,17.94796158431365,2297.339082792147,0.2886874972318765,6.5647640149109066,11.558737023733556,13.30601703375578,100.36745676015626,24704,81.93378119001919,354723,653029,0,7716.2341476148,14205.238084879598,0.0,21921.472232494398,987.6779708946945,88045273425.0,862142.0,35288.0,13178.0,43577658383.0,20208243373.0,,246351235.0,8593067095.0,433496410.0,947938.0127254139,439586.7693328403,18754.04059080725,767.6143655782994,286.65898066172156,121336065.62885298,56267106.474603556,1915235113.9849036,0.4637294458410689,,5.044722742270174
stcp,udp,16,4096,4,20.018187597044744,54124,0,21.122978688761204,2703.741272161434,27.715542371879565,5.891080014407635,6.553520972374827,7.9913350054994226,47.19059582294355,24168,56.468049394557006,354748,686592,0,6554.356662478753,12685.53691523169,0.0,19239.89357771044,838.9576527972803,88039210201.0,590545.0,37892.0,32552.0,31914138800.0,21083201089.0,,112332952.0,6888276318.0,241637959.0,589648.5625600473,389535.16164732835,10910.963712955436,700.0960756780726,601.4337447343138,75475016.00768605,49860500.69085803,1626620541.7374916,0.6606225917962104,,3.5079597252590933
tls,tls,16,4096,4,20.040678232966457,42940,0,16.739391057542235,2142.642055365406,303.9069136866601,6.230366008821875,16.29115699324757,22.078102978412062,85.8585612721204,41348,81.8721620677611,197175,387044,68,4591.872380065208,9013.60037261295,1.5836050302748022,13607.056357708432,587.7596646483464,88037831664.0,629351.0,86931.0,11423.0,43122563814.0,30857058258.0,,205528493.0,9365934023.0,328068084.0,1004251.602561714,718608.7158360503,14656.52072659525,2024.4760130414534,266.022356776898,128544205.12789938,91981915.62701443,2050252251.1411273,0.7155664118463678,,3.5027802159865806
udp,udp,16,4096,4,20.021491312014405,43348,0,16.914636613346616,2165.073486508367,0.37913118285359815,7.550847949460149,11.979668983258307,13.633081980515271,90.30378765616992,24700,81.83556405353728,349869,645774,0,8071.168219987081,14897.434714404355,0.0,22968.602934391434,1033.1095321583464,88062349664.0,870139.0,36385.0,11067.0,43521764218.0,20055977546.0,,248677050.0,8548057124.0,440756425.0,1004008.5867398727,462673.6538248593,20073.336716803544,839.3697517763219,255.30589646581157,128513099.1027037,59222227.68958199,2031520477.6229584,0.4608263912634572,,5.156217589638092
stcp,udp,16,4096,8,20.033086155017372,53384,0,20.818684488887147,2664.791614577555,41.09648225130513,5.931167979724705,6.6811200231313705,10.621542984154075,49.113226608551315,24168,58.32435667265111,381095,735555,0,7138.749438033868,13778.566611718867,0.0,20917.31604975273,913.7599280683351,88048961034.0,654158.0,44416.0,11390.0,32101563595.0,20808190467.0,,113792152.0,6839020512.0,246308925.0,601333.0510077926,389783.2771429642,12253.821369698786,832.0095908886558,213.35980818222689,76970630.52899745,49892259.474299416,1649351135.808482,0.6481986587793809,,3.6015234135914223
tls,tls,16,4096,8,20.081576263008174,35624,0,13.859096335613518,1773.9643309585304,301.4772445640119,7.435959996655583,20.318602037150413,28.06011599022895,55.972379123969496,41080,91.49862511457378,324132,575967,58,9098.69750729845,16167.94857399506,1.6281158769368964,25268.274197170445,1164.6332809342016,88043927924.0,651011.0,51583.0,10851.0,47861862030.0,30540859475.0,,236150749.0,9603346512.0,328763582.0,1343528.5770828654,857311.3483887267,18274.505951044237,1447.9845048282057,304.59802380417693,171971657.86660677,109735852.59375702,2471477877.947451,0.6381042897131096,,3.423427256208955
udp,udp,16,4096,8,20.02244294603588,44048,0,17.186963695063554,2199.931352968135,0.2323127628187649,6.757385970558971,14.568321988917887,19.223497016355395,81.11012748928972,24392,63.48945840171696,467944,831041,0,10623.501634580458,18866.713585179805,0.0,29490.215219760263,1359.8082092262987,88040459998.0,754372.0,43270.0,11934.0,35580512288.0,18431766895.0,,167266970.0,7483841262.0,317775366.0,807766.8063930258,418447.30509898294,17126.135125317833,982.337450054486,270.93171086087904,103394151.2183073,53561255.052669816,1998739102.7515438,0.5180298345849381,,4.2461532102977415
stcp,udp,1,65536,1,20.00872285402147,4167,0,26.032396160423176,208.2591692833854,2.226388023700565,4.549575038254261,5.705791001673788,10.183500009588897,21.842793425076596,21004,55.15427769985975,522389,907946,0,125363.33093352533,217889.6088312935,0.0,343252.9397648188,1002.9066474682026,88031713294.0,267315.0,1032.0,14465.0,29817778760.0,21725833516.0,,88053397.0,6817982079.0,227332742.0,7155694.446844253,5213782.941204703,64150.467962562994,247.66018718502522,3471.322294216463,57245555.57475402,41710263.52963763,21125921116.87065,0.7286201192539803,,3.33431122824751
tls,tls,1,65536,1,20.013867250992917,1755,0,10.961149949124225,87.6891995929938,47.1369429724291,9.551370050758123,21.38730598380789,22.17196801211685,28.914256937088982,24964,59.286139202855445,353509,682088,17435,201429.62962962964,388654.1310541311,9934.472934472935,600018.2336182336,1611.437037037037,88039433552.0,393087.0,9663.0,59617.0,31596435085.0,25305959326.0,,104592315.0,7920420107.0,217915594.0,18003666.715099715,14419350.043304844,223981.1965811966,5505.982905982906,33969.80056980057,144029333.72079772,115354800.34643875,50164919402.84901,0.8009118515402922,,2.751313580038615
udp,udp,1,65536,1,20.001710931013804,5276,0,32.9721793437884,263.7774347503072,0.15693297609686852,3.2960709650069475,5.774235003627837,12.110689014662057,42.715265856344175,21268,80.8241439349971,568011,876638,2,107659.40106141016,166155.79984837,0.37907505686125853,273815.579984837,861.2752084912814,88039919980.0,727531.0,21320.0,10780.0,42968709328.0,22915026729.0,,185681066.0,9240657673.0,386540971.0,8144182.965883245,4343257.530136467,137894.42759666414,4040.9401061410163,2043.2145564821835,65153463.72706597,34746060.24109174,16686868836.239576,0.5332956723014187,,4.183046106441346
stcp,udp,1,65536,4,20.006461680983193,4168,0,26.04158637882619,208.3326910306095,2.610163006465882,4.541753965895623,5.408548982813954,7.719025015830994,21.1176022395599,21580,54.8680831193089,501950,898449,0,120429.46257197697,215558.7811900192,0.0,335988.24376199616,963.4357005758158,88029874923.0,254088.0,913.0,15424.0,29716887981.0,21682295203.0,,86811331.0,6776358619.0,218717317.0,7129771.58853167,5202086.181142035,60961.612284069095,219.04990403071017,3700.5758157389632,57038172.70825336,41616689.44913628,21120411449.856045,0.7296287288515185,,3.227652627278993
tls,tls,1,65536,4,20.00900424597785,2188,0,13.668846117366293,109.35076893893034,45.594019000418484,8.94612999400124,9.834924014285207,10.956429003272206,30.33067475719061,25112,47.018719667205914,398720,784838,22494,182230.34734917735,358701.09689213894,10280.621572212065,551212.0658135284,1457.8427787934186,88043243628.0,38538.0,183.0,16636.0,25278082082.0,22470372535.0,,69174678.0,6306910873.0,146977837.0,11553053.968007313,10269822.913619744,17613.345521023766,83.63802559414991,7603.290676416818,92424431.7440585,82158583.30895795,40239142425.95978,0.8889271133034531,,2.3304251472652764
udp,udp,1,65536,4,20.006591944023967,3776,0,23.592224068976822,188.73779255181458,0.08506700396537781,5.175349011551589,6.038233987055719,6.691385991871357,46.35516146851889,21320,27.187678265830005,331329,681653,0,87746.02754237289,180522.51059322036,0.0,268268.53813559323,701.9682203389831,88033314533.0,7004.0,150.0,16613.0,14365948969.0,7884980588.0,,54764114.0,3215337753.0,135315417.0,3804541.5701800846,2088183.4184322034,1854.8728813559323,39.72457627118644,4399.629237288136,30436332.561440676,16705467.347457627,23313907450.476696,0.5488659750229411,,4.208435548450453
stcp,udp,1,65536,8,20.011107439990155,3048,0,19.039426035892966,152.31540828714373,3.1963380170054734,5.792325013317168,10.491497989278287,12.945219001267105,20.427110354878046,21340,81.21624794552712,287501,545296,0,94324.4750656168,178902.88713910762,0.0,273227.3622047244,754.5958005249344,88035347812.0,701506.0,44229.0,10758.0,42938777463.0,23694168262.0,,219404800.0,8450285842.0,369549434.0,14087525.414370079,7773677.251312336,230152.8871391076,14510.826771653543,3529.527559055118,112700203.31496063,62189418.01049869,28882988127.29659,0.5518128289147747,,4.373218147997413
tls,tls,1,65536,8,20.030560108018108,2120,0,13.229784817346278,105.83827853877023,42.14003897504881,9.009195026010275,11.068873049225658,12.744285981170833,31.826024662426466,25372,47.247119078104994,352851,698104,1497,166439.15094339623,329294.3396226415,706.1320754716982,496439.62264150946,1331.5132075471697,88033624868.0,62581.0,642.0,55185.0,25737279810.0,23389468722.0,,72850102.0,6715306409.0,151294755.0,12140226.325471697,11032768.26509434,29519.339622641506,302.8301886792453,26030.66037735849,97121810.60377358,88262146.12075472,41525294749.0566,0.9087778077041468,,2.2529836434154586
udp,udp,1,65536,8,20.017061348014977,3768,0,23.52992738600501,188.23941908804008,0.09093200787901878,5.151394056156278,6.124766019638628,6.92556198919192,38.12910830068906,21216,27.106102003642984,334691,678859,0,88824.57537154989,180164.2781316348,0.0,268988.8535031847,710.5966029723993,88029030553.0,5926.0,139.0,16611.0,14276693649.0,7775083296.0,,53985387.0,3204781290.0,138163941.0,3788931.435509554,2063450.9808917197,1572.7176220806796,36.889596602972404,4408.43949044586,30311451.484076437,16507607.84713376,23362269255.042465,0.5445997152530201,,4.311181590803658
stcp,udp,2,65536,1,20.005370791011956,4135,0,25.836811794171915,206.69449435337532,6.231587496586144,8.693374984432012,16.385020047891885,21.196149988099933,26.10841885693334,21864,88.19868618186008,312167,591647,9,75493.8331318017,143082.7085852479,2.176541717049577,218578.71825876663,603.9506650544135,88036986536.0,549022.0,36824.0,10428.0,46198431580.0,26333669365.0,,211969539.0,8963919024.0,369651411.0,11172534.84401451,6368481.103990327,132774.36517533252,8905.441354292625,2521.8863361547765,89380278.75211608,50947848.83192261,21290685982.103992,0.5700121944486151,,4.123770083267098
tls,tls,2,65536,1,20.01425507501699,2575,0,16.082287289412232,128.65829831529786,59.26131550222635,14.660229964647442,22.465785965323448,25.931501004379243,52.97210393423049,26264,81.93837799551412,199476,422558,12189,77466.40776699029,164100.1941747573,4733.592233009708,246300.1941747573,619.7312621359224,88048051461.0,744054.0,35506.0,11952.0,43364420448.0,32110498271.0,,212675447.0,9958297169.0,353000650.0,16840551.63029126,12470096.41592233,288953.00970873784,13788.73786407767,4641.553398058252,134724413.0423301,99760771.32737865,34193418043.106792,0.7404802817439927,,3.544789274805784
udp,udp,2,65536,1,20.004587584000546,6230,0,38.92857059561857,311.42856476494853,2.6209185016341507,5.942899966612458,10.357054008636624,15.899555990472436,72.59046425737903,21864,85.02114661654136,403603,728185,0,64783.78812199037,116883.62760834671,0.0,181667.4157303371,518.2703049759231,88034119200.0,722016.0,20435.0,14261.0,44967910006.0,21558268592.0,,223626683.0,9076370613.0,443893168.0,7217963.08282504,3460396.2426966294,115893.41894060995,3280.0963081861955,2289.0850722311393,57743704.66260033,27683169.94157304,14130677239.165329,0.47941451112856953,,4.890646128577165
stcp,udp,2,65536,4,20.025767790037207,4788,0,29.886494554169,239.091956433352,4.57353048841469,8.306175994221121,12.27006601402536,16.198265948332846,25.319798237761244,21636,70.79925216172003,431222,774028,0,90063.07435254804,161659.98329156224,0.0,251723.05764411026,720.5045948203842,88041777998.0,568635.0,28680.0,10785.0,37798383550.0,26272647723.0,,129509360.0,8276601338.0,275372683.0,7894399.237677528,5487186.24122807,118762.5313283208,5989.974937343358,2252.5062656641603,63155193.90142022,43897489.92982456,18388007100.668335,0.6950733141338262,,3.327122713228839
tls,tls,2,65536,4,20.077182760986034,3284,0,20.446095694147054,163.56876555317643,57.309194991830736,10.228477010969073,20.208600035402924,37.91068104328588,54.128769605652934,26328,79.88813796317875,250117,517642,32944,76162.30207064556,157625.45676004872,10031.66869671133,243819.4275274056,609.2984165651644,88036922478.0,512765.0,16184.0,53778.0,41875335050.0,36348177168.0,,145878523.0,10285532546.0,259721337.0,12751320.051766139,11068263.449451888,156140.37758830696,4928.136419001218,16375.76126674787,102010560.41412911,88546107.5956151,26807832666.86967,0.8680092260658819,,2.5251131707419905
udp,udp,2,65536,4,20.00461471703602,6672,0,41.69038053453546,333.52304427628366,4.413664486492053,5.93116699019447,6.760807998944074,8.110622002277523,65.8794542480079,22044,85.29100529100529,416431,739130,1,62414.71822541967,110780.8752997602,0.1498800959232614,173195.7434052758,499.3177458033573,88060702683.0,690381.0,23808.0,10763.0,45109621636.0,21567055961.0,,222436376.0,9099092844.0,443715322.0,6761034.417865708,3232472.4162170263,103474.37050359712,3568.345323741007,1613.1594724220624,54088275.34292566,25859779.32973621,13198546565.197842,0.47810323338620697,,4.876478673284323
stcp,udp,2,65536,8,20.063290377962403,4464,0,27.811988436996824,222.4959074959746,5.864679493242875,9.307416039519012,11.422827024944127,14.816674985922873,28.208618294317777,21964,63.72456223379081,418050,759730,0,93649.1935483871,170190.41218637992,0.0,263839.60573476704,749.1935483870968,88034085720.0,549191.0,26598.0,10938.0,34369760835.0,24118164323.0,,114145812.0,7530421055.0,246355112.0,7699319.183467742,5402814.588485663,123026.65770609317,5958.333333333333,2450.268817204301,61594553.46774194,43222516.7078853,19720897338.709675,0.701726277316413,,3.271465303210724
tls,tls,2,65536,8,20.051009374961723,3128,0,19.500265183071186,156.00212146456948,83.53109750896692,9.834435011725873,26.21407900005579,46.016904001589864,45.23649074408412,26396,85.84235650250321,358991,694483,15153,114766.94373401535,222021.41943734017,4844.309462915601,341632.6726342711,918.1355498721229,88055944646.0,675367.0,14144.0,11444.0,45262423766.0,36487693952.0,,157202321.0,10575984327.0,281449325.0,14470084.324168798,11664863.79539642,215910.1662404092,4521.739130434782,3658.567774936061,115760674.59335038,93318910.36317135,28150877444.3734,0.8061365458605565,,2.6612116309729474
udp,udp,2,65536,8,20.048541775962804,6528,0,40.70121453812382,325.60971630499057,0.06966598448343575,5.77472394797951,8.089111011940986,19.06705100554973,65.03073962033271,22164,81.42990872923005,556023,901539,8,85175.09191176471,138103.40073529413,1.2254901960784315,223279.7181372549,681.4007352941177,88050202441.0,652684.0,16476.0,10927.0,43188885682.0,23307634514.0,,172223217.0,9380414987.0,386730434.0,6615944.497855392,3570409.698835784,99982.23039215687,2523.8970588235297,1673.8664215686276,52927555.98284314,28563277.590686273,13488082481.770834,0.5396674201231826,,4.122743338497887
stcp,udp,4,65536,1,20.00623151002219,5833,0,36.444894663682284,291.55915730945827,9.284069717978127,10.895804967731237,23.530089005362242,26.6604270436801,29.786169359355725,22624,71.23995407577497,571602,964975,3,97994.51397222698,165433.73907080403,0.5143151037202126,263428.76735813473,783.956111777816,88043889757.0,278944.0,4485.0,8915.0,38194352098.0,27551265970.0,,103086909.0,8387605092.0,263204041.0,6547977.386936396,4723344.071661238,47821.70409737699,768.9010800617178,1528.373049888565,52383819.09549117,37786752.5732899,15094100764.100805,0.7213439803693564,,3.1380118414378018
tls,tls,4,65536,1,20.01463607297046,6636,0,41.44467063881468,331.5573651105174,84.23544323886745,9.786033013369888,21.527611010242254,29.561965027824044,95.5248595592499,29072,87.69832145320764,285299,626874,66992,42992.61603375527,94465.64195298373,10095.238095238095,147553.4960819771,343.9409282700422,88046607849.0,47037.0,5815.0,13700.0,45991193405.0,51517875005.0,,86173224.0,12142819567.0,171362328.0,6930559.584840265,7763392.857896323,7088.155515370705,876.2808921036769,2064.4966847498495,55444476.67872212,62107142.86317059,13268024088.155516,1.1201682581126315,,1.4112235387710428
udp,udp,4,65536,1,20.010500199976377,6870,0,42.91496921206466,343.3197536965173,5.82189999113325,11.368556995876133,12.867970974184573,16.69888204196468,66.33369414731408,23448,72.02598936798582,537996,883254,4,78310.91703056768,128566.81222707423,0.5822416302765647,206878.31149927218,626.4873362445416,88038283018.0,539798.0,7735.0,56988.0,38039400075.0,21939681552.0,,145908460.0,8779445023.0,344362901.0,5537030.57860262,3193548.9886462884,78573.21688500728,1125.909752547307,8295.196506550219,44296244.62882096,25548391.909170307,12814888357.787481,0.5767620285478438,,3.922376643373851
stcp,udp,4,65536,4,20.029465366969816,5824,0,36.346451922802196,290.77161538241756,11.2357035104651,11.184248956851661,23.238226014655083,26.819316030014306,28.485697922865572,22764,71.01415370218739,540336,937580,7,92777.47252747252,160985.57692307694,1.2019230769230769,253764.25137362638,742.2197802197802,88035167534.0,268617.0,4979.0,14279.0,37950575625.0,27413076329.0,,102380252.0,8349190215.0,260284236.0,6516238.946600275,4706915.578468407,46122.42445054945,854.9107142857143,2451.7513736263736,52129911.572802186,37655324.627747245,15115928491.414835,0.7223362459604327,,3.117478812883891
tls,tls,4,65536,4,20.02143411198631,6800,0,42.454501273269294,339.63601018615435,79.68355125922244,9.747900010552257,20.773260039277375,26.825670967809856,98.94754236480911,29252,88.76107212699873,280636,619601,50129,41270.0,91117.79411764706,7371.911764705883,139759.70588235295,330.15999999999997,88035898423.0,40421.0,6706.0,16058.0,46443501168.0,52302113778.0,,85819010.0,12361721310.0,170852355.0,6829926.642352941,7691487.320294118,5944.264705882353,986.1764705882354,2361.470588235294,54639413.13882353,61531898.56235294,12946455650.441177,1.126144938746277,,1.3821081281114886
udp,udp,4,65536,4,20.032395097019617,4480,0,27.95472020633797,223.63776165070377,3.915000255801715,17.658077995292842,19.67522199265659,20.84268204635009,65.42567644320243,23324,27.147413989519254,318632,671767,0,71123.21428571429,149947.99107142858,0.0,221071.20535714287,568.9857142857143,88042763275.0,7049.0,152.0,16636.0,14324044616.0,7840046687.0,,53390235.0,3216968889.0,135014728.0,3197331.3875,1750010.4212053572,1573.4374999999998,33.92857142857142,3713.392857142857,25578651.1,14000083.369642857,19652402516.74107,0.5473347016974971,,4.196954731569367
stcp,udp,4,65536,8,20.0599717629957,6736,0,41.97413685064221,335.7930948051377,10.029254990513436,10.501763026695698,22.55623001838103,29.82303296448663,41.27365231526909,22800,92.01456034580822,377454,656953,4,56035.332541567695,97528.65201900237,0.5938242280285035,153564.5783847981,448.2826603325415,88042984201.0,352841.0,33164.0,11545.0,48190153265.0,31232841373.0,,175045756.0,9516058224.0,327725032.0,7154120.140290974,4636704.479364608,52381.38361045131,4923.396674584324,1713.9251781472685,57232961.12232778,37093635.83491686,13070514281.621141,0.6481166640257209,,3.4439157925017754
tls,tls,4,65536,8,20.126292795001063,4592,0,28.5199070612035,228.159256489628,84.58524900197517,16.48035302059725,28.103620978072286,34.5754959853366,85.7942651231269,29304,86.47058823529412,176777,412299,44749,38496.73344947735,89786.36759581881,9744.991289198606,138028.09233449475,307.97386759581883,88042221666.0,399978.0,29110.0,53939.0,45986707213.0,43234873062.0,,154020352.0,11539225424.0,265479532.0,10014526.832099304,9415259.81315331,87103.22299651569,6339.285714285715,11746.297909407667,80116214.65679443,75322078.50522648,19172957679.87805,0.9401602263398828,,2.300670298439955
udp,udp,4,65536,8,20.099601766036358,4472,0,27.811496292656887,222.4919703412551,3.7150459829717875,17.831633042078465,19.60433495696634,20.65788401523605,68.13589224012105,23148,27.14834916327454,321978,679032,0,71998.65831842576,151840.7871198569,0.0,223839.44543828265,575.989266547406,88039319072.0,5478.0,129.0,14517.0,14278549238.0,7747542764.0,,53135731.0,3162461726.0,137832419.0,3192877.7365831845,1732455.8953488371,1224.9552772808586,28.846153846153843,3246.1985688729874,25543021.892665476,13859647.162790697,19686788701.252235,0.5426001363906912,,4.358390106884728
stcp,udp,8,65536,1,20.019236191001255,8959,0,55.939946425298146,447.51957140238517,11.573765499633737,16.472526011057198,29.010985046625137,40.36242997972295,43.205519518711476,24864,95.05006827492033,435026,747268,20,48557.42828440674,83409.75555307513,2.2323920080366113,131969.4162294899,388.4594262752539,88039255738.0,232703.0,13959.0,10956.0,49698444551.0,36087512312.0,,140546553.0,10205817932.0,298474350.0,5547320.521375153,4028073.7037615804,25974.215872307177,1558.0980020091529,1222.9043420024557,44378564.171001226,32224589.630092643,9826906545.15013,0.7261296130700305,,2.9245509961934917
tls,tls,8,65536,1,20.05772414302919,6335,0,39.47980310992592,315.83842487940734,151.99099074379774,23.32132897572592,40.315006976015866,58.007301995530725,89.27202245037846,34272,95.0479233226837,174287,430601,45432,27511.76006314128,67971.74427782162,7171.5864246250985,102655.090765588,220.09408050513022,88033668255.0,294406.0,14600.0,10944.0,49718642916.0,51503663169.0,,133508324.0,12615138740.0,245441021.0,7848246.711286504,8130017.8640883975,46472.92817679558,2304.6566692975534,1727.5453827940016,62785973.69029203,65040142.91270718,13896395936.069456,1.0359024331379239,,1.945606989019924
udp,udp,8,65536,1,20.02417324401904,6861,0,42.829483622059726,342.6358689764778,4.881770881183911,23.21279502939433,24.854963994584978,26.512286975048482,65.21102190274071,26116,79.29594272076372,447768,782536,2,65262.78968080455,114055.67701501239,0.2915026963999417,179318.75819851333,522.1023174464364,88036930924.0,556506.0,14759.0,12250.0,42477476131.0,20978699678.0,,205999295.0,8827066473.0,416222360.0,6191149.4142253315,3057673.7615507944,81111.49978137299,2151.14414808337,1785.454015449643,49529195.31380265,24461390.092406355,12831501373.560705,0.49387820531761245,,4.7152965401714155
stcp,udp,8,65536,4,20.02826992800692,8940,0,55.79613236774496,446.3690589419597,10.232140622974839,16.546838043723255,26.74353402107954,31.852393003646284,41.334953192454,24752,84.03810408921933,479298,824405,24,53612.75167785235,92215.32438478747,2.6845637583892614,145830.7606263982,428.9020134228188,88044059533.0,268965.0,10943.0,14633.0,44300633107.0,35089221108.0,,103284242.0,9737828399.0,264780090.0,4955328.08803132,3924968.804026846,30085.57046979866,1224.0492170022371,1636.8008948545862,39642624.70425056,31399750.432214767,9848328806.823267,0.7920704208278122,,2.7190876564141435
tls,tls,8,65536,4,20.08581963001052,5620,0,34.974923251346155,279.79938601076924,222.91040138952667,25.931493961252272,49.33300195261836,70.64794399775565,81.03024571465535,34008,94.13773477518498,250989,554330,42155,44659.96441281139,98635.23131672599,7500.889679715303,150796.08540925267,357.2797153024912,88035798127.0,403114.0,11892.0,11803.0,49234765206.0,48102120788.0,,132800640.0,12067633788.0,227122205.0,8760634.378291816,8559096.225622775,71728.46975088968,2116.014234875445,2100.1779359430607,70085075.02633452,68472769.80498222,15664732762.811388,0.9769950275326595,,1.882077373161997
udp,udp,8,65536,4,20.070873859978747,6556,0,40.83030991660409,326.6424793328327,4.101937127416022,23.151686997152865,34.45277700666338,49.025002983398736,78.40033827015773,26112,69.73919256877457,455094,807678,8,69416.41244661379,123196.7663209274,1.2202562538133008,192614.399023795,555.3312995729103,88042029979.0,453533.0,12144.0,53823.0,37303539044.0,20165205578.0,,164366099.0,8285683555.0,355939880.0,5689984.600976205,3075839.7769981697,69178.30994508846,1852.3489932885907,8209.73154362416,45519876.80780964,24606718.215985358,13429229710.036608,0.5405708438069343,,4.295842070690811
stcp,udp,8,65536,8,20.096660586015787,8992,0,55.929690168630934,447.4375213490475,13.265924011648167,16.508216969668865,26.620826043654233,31.87781700398773,44.95598640048058,24704,84.79478678404024,485065,839061,13,53944.06138790036,93311.94395017794,1.4457295373665482,147257.45106761565,431.55249110320284,88055780184.0,277364.0,10554.0,11027.0,44623512746.0,35146606741.0,,104314166.0,9798852484.0,266836663.0,4962579.264457296,3908652.884897687,30845.640569395015,1173.7099644128114,1226.3122775800712,39700634.115658365,31269223.079181496,9792680180.60498,0.787625280444792,,2.723141953975761
tls,tls,8,65536,8,20.16030236298684,5616,0,34.82090632176389,278.56725057411114,143.79367799847387,26.771889999508858,50.23060098756105,63.57816798845306,82.01258444593297,34328,94.6000903750565,264737,561624,40560,47139.7792022792,100004.2735042735,7222.222222222222,154366.27492877492,377.11823361823366,88048952626.0,414484.0,9930.0,10495.0,49520894945.0,48332319757.0,,131327436.0,12173262387.0,232905517.0,8817823.173967237,8606182.292913105,73804.13105413105,1768.1623931623933,1868.7678062678065,70542585.3917379,68849458.34330484,15678232305.19943,0.9759985115511325,,1.9132547183795454
udp,udp,8,65536,8,20.114197018032428,6728,0,41.81126391702544,334.49011133620354,6.558406363183167,22.77426904765889,29.376186954323202,47.35399398487061,73.17161101089634,25756,73.89718856605106,552670,919499,3,82144.76813317479,136667.5089179548,0.44589774078478006,218812.7229488704,657.1581450653982,88042522239.0,672681.0,11354.0,13216.0,39841240721.0,21691669484.0,,155413123.0,8783121214.0,355277545.0,5921706.409185493,3224088.805588585,99982.31272294887,1687.5743162901308,1964.3281807372177,47373651.27348395,25792710.44470868,13085987253.121284,0.5444526598933576,,4.045003323348191
stcp,udp,16,65536,1,20.03460188501049,8477,0,52.88974575495765,423.1179660396612,12.41207855855464,32.088513020426035,91.10045904526487,101.03119700215757,46.46128759346258,28164,84.32314910172789,545097,906785,4,64303.05532617671,106970.0365695411,0.47186504659667333,171273.5637607644,514.4244426094137,88034338293.0,154590.0,6351.0,15447.0,44401230053.0,34295191059.0,,104057576.0,9702751422.0,270624577.0,5237847.121977114,4045675.481774213,18236.404388344934,749.203727733868,1822.2248436947032,41902776.97581691,32365403.854193702,10385081785.183437,0.7723928147500234,,2.789152944662545
tls,tls,16,65536,1,20.041495762998238,7384,0,46.054446779570995,368.43557423656796,247.03193438472226,40.46654800185934,67.79135600663722,83.48312601447105,118.58096461980172,44700,92.00960219478738,209946,511282,49782,28432.55687973998,69241.87432286024,6741.874322860238,104416.30552546046,227.46045503791981,88036292016.0,79076.0,5474.0,15486.0,48175147013.0,55565944360.0,,80701493.0,12814487484.0,162727152.0,6524261.513136512,7525182.063921994,10709.100758396533,741.3326110509208,2097.237269772481,52194092.10509209,60201456.51137595,11922574758.396532,1.1534151487904252,,1.2698685936771095
udp,udp,16,65536,1,20.056425416027196,4535,0,28.26400957505654,226.11207660045233,4.571968253003433,70.56724501308054,76.1381009942852,78.79421499092132,81.5559286398506,30628,30.089905542278366,291108,625239,0,64191.40022050717,137869.68026460859,0.0,202061.08048511576,513.5312017640573,88050539662.0,12503.0,493.0,50498.0,16602427406.0,9747484913.0,,63585285.0,4007507000.0,162115652.0,3660954.224035281,2149390.2785005514,2757.001102535832,108.71003307607496,11135.170893054024,29287633.79228225,17195122.22800441,19415775008.158764,0.5871120333570817,,4.045299284567688
stcp,udp,16,65536,4,20.077314351976383,7044,0,43.8554671488383,350.8437371907064,15.723640623036772,33.44761999323964,95.40315403137356,104.32141099590808,32.33151549156775,28180,77.29742226332216,548467,922763,6,77863.0039750142,130999.85803520727,0.8517887563884157,208863.71379897784,622.9040318001136,88035700405.0,194309.0,5157.0,12833.0,40658566166.0,30404126366.0,,101249944.0,8894634838.0,257555343.0,5772084.918512209,4316315.497728563,27585.036910846113,732.1124361158434,1821.8341851220898,46176679.348097675,34530523.9818285,12497969960.959682,0.7477914061668242,,2.8956258204065017
tls,tls,16,65536,4,20.111949693993665,7452,0,46.31574830749442,370.52598645995533,195.73747737376834,39.664780953899026,68.91042395727709,86.66138199623674,106.88392387148724,44948,91.78097721346786,202127,488577,58131,27123.859366612993,65563.2045088567,7800.72463768116,100487.78851315084,216.99087493290392,88033302960.0,72015.0,5734.0,13299.0,48023143098.0,55530458569.0,,79392410.0,12731813352.0,159739794.0,6444329.454911433,7451752.357622115,9663.848631239936,769.4578636607622,1784.6215780998389,51554635.639291465,59614018.86097692,11813379355.877617,1.156327032899116,,1.2546507679906176
udp,udp,16,65536,4,20.060246257984545,4800,0,29.90990201634155,239.2792161307324,10.523085118620656,65.83435198990628,69.24677302595228,72.38297798903659,51.19319507811354,30908,27.687727423089648,337159,692863,0,70241.45833333334,144346.45833333334,0.0,214587.9166666667,561.9316666666667,88033946609.0,14218.0,111.0,8776.0,14220527703.0,7729499784.0,,50925295.0,3202983194.0,136369415.0,2962609.938125,1610312.455,2962.0833333333335,23.125,1828.3333333333335,23700879.505,12882499.64,18340405543.541668,0.5435452147369584,,4.257575102343793
stcp,udp,16,65536,8,20.16588647395838,9304,0,57.671652644770326,461.3732211581626,12.709201939287595,32.57447195937857,53.373637958429754,67.6109740161337,46.15297230805589,28384,94.94458267360326,452162,769501,12,48598.66723989682,82706.47033533965,1.2897678417884781,131306.42734307825,388.78933791917456,88044193035.0,211724.0,13053.0,10766.0,49570920388.0,36794727992.0,,133145191.0,10295611874.0,291565285.0,5327914.917024936,3954721.4092863286,22756.233877901977,1402.9449699054169,1157.1367153912295,42623319.336199485,31637771.27429063,9463047402.73001,0.7422643699975999,,2.8319374173020617
tls,tls,16,65536,8,20.215856788039673,6928,0,42.83766001510025,342.701280120802,242.53891806438332,42.36001300159842,75.93963301042095,92.79397601494566,99.71012958464198,45032,95.25780114081199,163335,421255,53884,23576.06812933025,60804.70554272517,7777.71362586605,92158.48729792147,188.60854503464202,88036578719.0,228126.0,10415.0,10191.0,49891729151.0,54086158295.0,,112311426.0,12855639122.0,219643548.0,7201462.0599018475,7806893.5183314085,32928.11778290993,1503.3198614318708,1470.987297921478,57611696.47921478,62455148.14665127,12707358360.132795,1.0840706308515653,,1.7085385325115536
udp,udp,16,65536,8,20.180748685030267,5416,0,33.54682279464622,268.37458235716974,5.665149132255465,57.375653996132314,75.85700898198411,124.52511599985883,77.8158444223074,30816,55.73241061130334,384024,725298,2,70905.46528803546,133917.65140324965,0.36927621861152143,204823.48596750372,567.2437223042837,88035301146.0,297618.0,7785.0,53161.0,30257197557.0,16287534633.0,,139649486.0,6703286881.0,290170646.0,5586631.749815362,3007299.599889217,54951.62481536189,1437.407680945347,9815.546528803545,44693053.99852289,24058396.799113736,16254671555.760708,0.5383028154645433,,4.328781553754897
stcp,udp,1,262144,1,20.00938566896366,907,0,22.664363989116314,45.32872797823263,2.507493947632611,21.37114602373913,26.68533200630918,34.19412701623514,20.90234587505264,22360,78.50788755782231,292510,547738,0,322502.75633958104,603900.7717750827,0.0,926403.5281146638,645.005512679162,88044300775.0,435849.0,17401.0,58385.0,40904847544.0,26594902443.0,,166826848.0,9232390941.0,331462124.0,45099060.13671444,29321832.90297685,480539.1400220507,19185.226019845646,64371.5545755237,90198120.27342889,58643665.8059537,97071996444.32193,0.6501650547503627,,3.590208929823523
tls,tls,1,262144,1,20.02688102098182,522,0,13.03248367664215,26.0649673532843,41.7425170307979,36.130110966041684,55.62882300000638,62.49913398642093,34.75817823407999,25740,77.82608695652173,238015,488817,19835,455967.43295019155,936431.0344827586,37998.08429118774,1430396.551724138,911.9348659003831,88052261479.0,773096.0,16270.0,14599.0,41933513521.0,30086240544.0,,212227913.0,9756597898.0,361027335.0,80332401.38122605,57636476.137931034,1481026.8199233715,31168.582375478927,27967.43295019157,160664802.7624521,115272952.27586207,168682493254.78928,0.7174748314121837,,3.7003404134755495
udp,udp,1,262144,1,20.00444070599042,1243,0,31.068101784714685,62.13620356942937,0.09533297270536423,13.484440976753831,31.9452480180189,35.82895698491484,42.14617706095261,22916,75.47971824143794,415561,721841,0,334320.9975864843,580724.8592115849,0.0,915045.8567980692,668.6419951729686,88047413646.0,655344.0,17202.0,14702.0,40722248538.0,20110919238.0,,216742307.0,8487307973.0,408689869.0,32761261.89702333,16179339.692679003,527227.6749798873,13839.0989541432,11827.835880933226,65522523.79404666,32358679.385358006,70834604703.13756,0.49385581494188563,,4.8153062231290855
stcp,udp,1,262144,4,20.029286089004017,1020,0,25.46271483335532,50.92542966671064,2.3094959906302392,18.430503027047962,23.664513020776212,46.36885499348864,19.988450822507982,22192,72.59696458684655,449382,771495,0,440570.5882352941,756367.6470588235,0.0,1196938.2352941176,881.1411764705882,88038471331.0,660500.0,18099.0,13397.0,39402213412.0,27169534365.0,,130726924.0,8921990076.0,295147826.0,38629620.99215686,26636798.397058822,647549.0196078431,17744.11764705882,13134.313725490196,77259241.98431373,53273596.794117644,86312226795.09804,0.6895433533367311,,3.308094085353699
tls,tls,1,262144,4,20.016392009041738,580,0,14.488125525769188,28.976251051538377,46.56880599213764,33.094139012973756,37.354777043219656,72.93685700278729,31.54574509306031,25912,72.66594386218527,353435,734682,24513,609370.6896551724,1266693.1034482757,42263.793103448275,1918327.5862068965,1218.7413793103449,88048180905.0,798461.0,16732.0,14914.0,39439354204.0,31000452858.0,,138498213.0,9420960270.0,260512020.0,67998886.55862069,53449056.65172414,1376656.8965517243,28848.275862068967,25713.79310344828,135997773.11724138,106898113.30344827,151807208456.89658,0.7860284095335386,,2.7652384951624467
udp,udp,1,262144,4,20.036425784986932,1372,0,34.23764334824688,68.47528669649375,0.07577799260616302,13.010713970288634,23.572111036628485,41.72248102258891,43.88497776179464,22720,69.73763752871479,529815,883115,0,386162.5364431487,643669.8250728863,0.0,1029832.3615160349,772.3250728862973,88053019832.0,759750.0,27984.0,12133.0,38083593709.0,20480531556.0,,164076137.0,8303563939.0,336244972.0,27757721.362244897,14927501.134110788,553753.6443148687,20396.501457725946,8843.294460641398,55515442.72448979,29855002.268221576,64178585883.38192,0.5377783334339058,,4.049405465775146
stcp,udp,1,262144,8,20.105301774048712,1024,0,25.46591967402715,50.9318393480543,2.5940279592759907,18.40752799762413,23.609273019246757,47.40334500093013,18.91956182876036,22548,72.30897604005246,404672,770725,0,395187.5,752661.1328125,0.0,1147848.6328125,790.375,88038827423.0,668914.0,17744.0,11527.0,39255669314.0,27047376335.0,,129549272.0,8890318338.0,290287284.0,38335614.564453125,26413453.452148438,653236.328125,17328.125,11256.8359375,76671229.12890625,52826906.904296875,85975417405.27344,0.6890056088116149,,3.2652068572080415
tls,tls,1,262144,8,20.009121274983045,584,0,14.593344504592565,29.18668900918513,41.182758985087276,33.36449898779392,37.049231003038585,47.049387998413295,33.7059229504106,25888,72.33939393939394,353717,728376,289,605679.794520548,1247219.1780821919,494.86301369863014,1853393.8356164384,1211.359589041096,88048448257.0,788474.0,16047.0,15330.0,39355687459.0,30972776038.0,,139132667.0,9412695616.0,258833792.0,67389875.7859589,53035575.40753425,1350126.7123287672,27477.739726027397,26250.0,134779751.5719178,106071150.8150685,150767890851.0274,0.7869961888041428,,2.7498370558166787
udp,udp,1,262144,8,20.131061014020815,1368,0,33.97734473725006,67.95468947450011,0.09728898294270039,12.950583011843264,26.20672096963972,42.36439400119707,42.9260881678388,22920,69.97116077865898,531339,888932,0,388405.70175438595,649804.0935672515,0.0,1038209.7953216374,776.8114035087718,88048509552.0,774444.0,28851.0,10755.0,38167049559.0,20480072707.0,,166059489.0,8332294886.0,341223881.0,27899890.02850877,14970813.382309942,566114.0350877192,21089.912280701752,7861.8421052631575,55799780.05701754,29941626.764619883,64362945578.947365,0.5365904083138825,,4.095196889554733
stcp,udp,2,262144,1,20.01376128400443,1539,0,38.44854493268121,76.89708986536242,7.6735420152544975,21.69624000089243,52.807428990490735,57.18588799936697,30.703484031815638,23888,78.03286330264538,468163,885454,11,304199.4801819363,575343.7296946069,7.147498375568551,879550.3573749188,608.3989603638727,88043113072.0,211083.0,3094.0,16009.0,40969624831.0,30708728968.0,,94568222.0,9545989648.0,291072760.0,26620938.81156595,19953690.03768681,137155.94541910331,2010.3963612735542,10402.20922677063,53241877.62313191,39907380.07537363,57208000696.556206,0.7495486984485147,,3.0491627451218037
tls,tls,2,262144,1,20.043352844018955,959,0,23.923143185252332,47.846286370504664,74.0604834863916,32.760196016170084,92.31130598345771,94.48440198320895,54.63057046998742,28044,68.64191837675813,446215,895679,39869,465291.9708029197,933971.8456725756,41573.514077163716,1440837.330552659,930.5839416058394,88030568571.0,142346.0,213.0,15938.0,36609574655.0,35723700341.0,,77036672.0,9504909880.0,186409031.0,38174738.95203337,37250990.97080292,148431.69968717414,222.10636079249218,16619.39520333681,76349477.90406674,74501981.94160584,91794127811.26173,0.975802114000278,,1.961186727211768
udp,udp,2,262144,1,20.01675403799163,1062,0,26.52777763028743,53.05555526057486,5.147242016391829,37.47999604092911,41.59006499685347,43.87121001491323,82.42403822660638,25100,27.256276860438817,326682,694587,0,307610.1694915254,654036.7231638418,0.0,961646.8926553671,615.2203389830509,88031019757.0,10283.0,136.0,16238.0,14327306931.0,7723312885.0,,54622852.0,3182976188.0,134632110.0,13490872.816384181,7272422.678907721,9682.674199623352,128.060263653484,15290.018832391714,26981745.632768363,14544845.357815443,82891732351.2241,0.5390624296802817,,4.229755488199085
stcp,udp,2,262144,4,20.047257594997063,1528,0,38.109950769059886,76.21990153811977,7.307124993531033,23.448411957360804,43.94591000163928,54.67840901110321,29.5842809017433,24088,81.38830654553925,426617,752697,1,279199.6073298429,492602.74869109946,0.6544502617801047,771803.0104712042,558.3992146596859,88034916386.0,244714.0,6229.0,56434.0,43626753710.0,32018241894.0,,115372004.0,10047130184.0,304529881.0,28551540.386125654,20954346.789267015,160153.14136125654,4076.5706806282724,36933.246073298425,57103080.77225131,41908693.57853403,57614474074.60733,0.7339130045484193,,3.0310135871929096
tls,tls,2,262144,4,20.031243328005075,1192,0,29.753520050687538,59.507040101375075,60.956424014875665,32.864829001482576,35.84262996446341,39.35918095521629,66.31226420892806,28184,69.45630843818539,367137,753408,46918,308000.8389261745,632053.6912751677,39360.73825503356,979415.2684563758,616.001677852349,88033997350.0,38954.0,234.0,16635.0,36780173960.0,39454575330.0,,72093914.0,9746354513.0,157404446.0,30855850.637583893,33099475.947986577,32679.530201342284,196.30872483221478,13955.536912751679,61711701.275167786,66198951.89597315,73854024622.48323,1.0727131245466246,,1.6150084197127133
udp,udp,2,262144,4,20.070819609973114,1692,0,42.15074503383139,84.30149006766278,2.494292479241267,22.7229010197334,28.114815009757876,37.64563403092325,76.06067563087649,25564,32.02240350663582,463625,910479,0,274010.0472813239,538108.1560283687,0.0,812118.2033096927,548.0200945626478,88028659757.0,20106.0,194.0,11414.0,20088065796.0,11632379834.0,,58447170.0,4838686597.0,177672884.0,11872379.312056737,6874928.979905438,11882.978723404256,114.65721040189126,6745.862884160757,23744758.624113478,13749857.959810877,52026394655.437355,0.5790691822761889,,3.6719237842384276
stcp,udp,2,262144,8,20.258715887961444,1336,0,32.973462074017874,65.94692414803575,7.28439399972558,27.610788005404174,47.972379019483924,59.322346991393715,27.58793810480944,24012,87.04561241028016,355131,622195,0,265816.61676646705,465714.82035928144,0.0,731531.4371257485,531.6332335329341,88036023017.0,376756.0,17970.0,10501.0,45824315680.0,29291201516.0,,167433422.0,9487365019.0,334818646.0,34299637.48502994,21924552.032934133,282002.99401197606,13450.598802395209,7860.02994011976,68599274.97005989,43849104.065868266,65895226809.13173,0.639206523465535,,3.52910049660228
tls,tls,2,262144,8,20.308758047001902,1072,0,26.392554323582946,52.78510864716589,65.7756284927018,36.58867802005261,41.29810997983441,54.91846101358533,70.05084194254898,28100,87.85887236250433,224549,500220,19917,209467.35074626867,466623.1343283582,18579.29104477612,694669.776119403,418.93470149253733,88032512147.0,500915.0,7797.0,9359.0,46312525684.0,41394440968.0,,182229537.0,11439024664.0,314787682.0,43201982.9141791,38614217.32089552,467271.4552238806,7273.320895522387,8730.410447761193,86403965.8283582,77228434.64179105,82119880734.14178,0.8938065967389229,,2.7518751925649316
udp,udp,2,262144,8,20.09382128698053,1512,0,37.62350571366125,75.2470114273225,2.45664847898297,23.265080992132425,54.05753100058064,64.12074901163578,59.72251782579333,25204,75.85503420136806,441266,766255,0,291842.5925925926,506782.4074074074,0.0,798625.0,583.6851851851851,88057393442.0,571545.0,16072.0,10900.0,40917481036.0,20268060191.0,,206795122.0,8540023976.0,405063673.0,27061826.082010582,13404801.71362434,378005.95238095237,10629.62962962963,7208.994708994709,54123652.164021164,26809603.42724868,58239016826.719574,0.4953398810930654,,4.74312102797778
stcp,udp,4,262144,1,20.033545712998603,1594,0,39.783272088618496,79.56654417723699,15.381347722723149,52.74596594972536,59.31073403917253,69.94254904566333,42.82876392885789,27396,63.241796602280665,378346,702990,2,237356.3362609787,441022.5846925973,1.2547051442910917,678380.1756587203,474.7126725219573,88043532886.0,321773.0,7601.0,37008.0,34697808356.0,27345539342.0,,83684535.0,7880203728.0,226111660.0,21767759.319949813,17155294.442910917,201865.1191969887,4768.506900878293,23217.063989962357,43535518.63989963,34310588.885821834,55234336816.81305,0.788105665390574,,2.8693631256839
tls,tls,4,262144,1,20.039107290038373,1448,0,36.129353943820995,72.25870788764199,82.58014376042411,51.26121797366068,83.0564420321025,108.0434310133569,105.27818776881055,32724,93.49965667200732,194006,467191,56232,133982.04419889502,322645.7182320442,38834.25414364641,495462.01657458564,267.96408839779,88033805868.0,341399.0,10463.0,13175.0,48933058302.0,48959132622.0,,147587903.0,12411454905.0,269155743.0,33793548.55110497,33811555.6781768,235772.79005524862,7225.828729281769,9098.756906077348,67587097.10220994,67623111.3563536,60796827256.90608,1.000532856945893,,2.1686075086295453
udp,udp,4,262144,1,20.017198332992848,1712,0,42.76322718894778,85.52645437789556,9.10416676197201,46.252575994003564,49.69727003481239,52.21307999454439,94.96787054693561,29608,80.24251069900143,456248,790281,0,266500.0,461612.7336448598,0.0,728112.7336448599,533.0,88034871646.0,562430.0,14841.0,12339.0,42894966409.0,21135631393.0,,208684091.0,8915293916.0,416515856.0,25055471.03329439,12345579.084696261,328522.19626168226,8668.808411214954,7207.359813084112,50110942.06658878,24691158.169392522,51422238110.98131,0.4927298739780673,,4.671925120185796
stcp,udp,4,262144,4,20.11755596200237,1640,0,40.76041848964155,81.5208369792831,12.062663256074302,51.97890300769359,61.059480998665094,72.46324903098866,45.21078016225741,27308,65.43596888424474,400794,754469,6,244386.58536585365,460042.0731707317,3.6585365853658534,704432.3170731707,488.77317073170724,88054534239.0,357415.0,9330.0,10924.0,35088251716.0,27347260868.0,,84335615.0,7827241782.0,224112951.0,21395275.436585367,16675159.065853659,217935.9756097561,5689.024390243902,6660.975609756098,42790550.873170726,33350318.13170731,53691789170.121956,0.779385108421627,,2.863242981906905
tls,tls,4,262144,4,20.169100248953328,1348,0,33.417455001988856,66.83491000397771,106.21132898086216,55.78830698505044,104.50584895443171,124.23681898508221,84.8014824106375,32748,94.06289022590532,293743,611693,52217,217910.23738872402,453778.1899109792,38736.646884272996,710425.0741839763,435.8204747774481,88035155238.0,485245.0,6965.0,10679.0,49362479999.0,47612704036.0,,136107380.0,12188843978.0,240682700.0,36619050.444362015,35320997.05934718,359974.03560830856,5166.913946587537,7922.106824925815,73238100.88872403,70641994.11869437,65307978663.20474,0.9645525110765212,,1.9746146593919427
udp,udp,4,262144,4,20.123178164009005,1744,0,43.33311532070028,86.66623064140056,6.942555264686234,45.36035796627402,48.73856296762824,59.20220195548609,92.7091925934789,29576,74.92044784914556,585280,921982,2,335596.33027522935,528659.4036697248,1.146788990825688,864256.8807339449,671.1926605504588,88044701275.0,634616.0,10282.0,12407.0,40507677812.0,22234487107.0,,152936501.0,8914623369.0,355447310.0,23226879.479357798,12749132.51548165,363885.3211009174,5895.642201834862,7114.105504587156,46453758.9587156,25498265.030963305,50484347061.35321,0.5488956244342709,,3.9872386671549576
stcp,udp,4,262144,8,20.39061862899689,1416,0,34.7218499292206,69.4436998584412,17.72335848363582,49.71047001890838,101.72603995306417,109.86013297224417,33.0941406083861,27360,73.61516034985422,502821,889672,10,355099.57627118647,628299.4350282486,7.062146892655368,983406.0734463277,710.1991525423729,88052196127.0,270987.0,6069.0,49887.0,39830016638.0,29050335497.0,,102401444.0,9044766601.0,267306681.0,28128542.823446326,20515773.656073447,191375.0,4286.016949152543,35230.932203389835,56257085.64689265,41031547.312146895,62183754326.9774,0.7293578549320615,,2.9553740056757936
tls,tls,4,262144,8,20.249311362043954,1336,0,32.98877616411803,65.97755232823606,92.87010476691648,56.47372599923983,109.82102301204577,129.1955960332416,84.42487595921085,32664,94.06874859582116,308155,643677,26088,230654.9401197605,481794.16167664673,19526.94610778443,731976.0479041917,461.30988023952096,88055048292.0,487958.0,6597.0,10361.0,49441052140.0,47614107904.0,,137050868.0,12172937736.0,244654980.0,37006775.55389222,35639302.32335329,365238.02395209577,4937.874251497005,7755.239520958084,74013551.10778444,71278604.64670658,65909467284.43114,0.9630480307978333,,2.009826923508056
udp,udp,4,262144,8,20.09243110398529,1760,0,43.79758703392811,87.59517406785622,6.471513246651739,45.325647050049156,47.9866549721919,50.42033299105242,88.8966044355738,29472,75.0236518448439,583463,924650,0,331513.06818181823,525369.3181818182,0.0,856882.3863636365,663.0261363636363,88055075313.0,648790.0,10761.0,13577.0,40540425772.0,22216994660.0,,154277230.0,8958870542.0,356193679.0,23034332.825,12623292.420454545,368630.6818181818,6114.204545454545,7714.204545454545,46068665.65,25246584.84090909,50031292791.47727,0.548020753036703,,3.9758770631870575
stcp,udp,8,262144,1,20.036831556994002,2226,0,55.54770457764812,111.09540915529624,20.51985049911309,67.24194000707939,100.84995505167171,187.42980196839198,50.899235096080375,33036,87.51433157532676,512619,876462,8,230287.06199460916,393738.54447439354,3.5938903863432166,624029.2003593891,460.5741239892184,88035848497.0,147349.0,5037.0,14011.0,46036688737.0,35365353946.0,,99838740.0,9988120456.0,271007951.0,20681351.633872416,15887400.694519317,66194.51931716083,2262.8032345013476,6294.249775381851,41362703.26774483,31774801.389038634,39548898695.86703,0.768199340922116,,2.7133027899878983
tls,tls,8,262144,1,20.052133710007183,1901,0,47.401439355336294,94.80287871067259,195.78963913954794,75.03870298387483,130.43638999806717,158.90962904086336,114.56818178174699,42008,92.63205622307866,259218,603911,66817,136358.75854813255,317680.69437138346,35148.34297738033,489187.7958968964,272.7175170962651,88036337849.0,43884.0,1441.0,16119.0,48485255530.0,56910611062.0,,74804566.0,13061969577.0,158352733.0,25505131.78853235,29937196.771173067,23084.692267227776,758.022093634929,8479.221462388217,51010263.57706469,59874393.54234613,46310540688.58495,1.1737714989825485,,1.2123189544005166
udp,udp,8,262144,1,20.060985494987108,1170,0,29.161079855532588,58.322159711065176,15.193859624559991,138.3524399716407,148.41225801501423,152.22117298981175,100.64498578619295,38480,28.566545123062898,367337,756165,0,313963.2478632479,646294.8717948718,0.0,960258.1196581196,627.9264957264958,88060143017.0,17317.0,159.0,14338.0,15548044142.0,8441144189.0,,55319826.0,3505757127.0,148303070.0,13288926.617094018,7214653.152991453,14800.854700854701,135.8974358974359,12254.700854700855,26577853.234188035,14429306.305982906,75265079501.70941,0.5429071407250446,,4.230272224445513
stcp,udp,8,262144,4,20.214104727027006,1928,0,47.68947292091033,95.37894584182067,31.079432628757786,81.17520698579028,121.98500899830833,144.56374297151342,47.82213276591523,33088,94.78764478764478,398913,673382,32,206905.0829875519,349264.5228215768,16.597510373443985,556186.2033195022,413.81016597510376,88064068793.0,259943.0,10100.0,11085.0,49629586069.0,33641197663.0,,145258732.0,10014398461.0,309570540.0,25741486.550311204,17448753.974585064,134825.20746887967,5238.589211618258,5749.4813278008305,51482973.10062241,34897507.94917013,45676384228.73444,0.6778456224927738,,3.0912544693082586
tls,tls,8,262144,4,20.246619106968865,1860,0,45.93359489238848,91.86718978477695,179.94226049631834,77.62833399465308,135.88845200138167,166.1876830039546,123.41408147199967,42108,92.19826628139587,235990,562210,55094,126876.34408602149,302263.44086021505,29620.43010752688,458760.2150537634,253.752688172043,88035061923.0,42136.0,1931.0,53611.0,48209796926.0,56299480614.0,,80554245.0,13165926333.0,166148046.0,25919245.659139786,30268537.96451613,22653.763440860213,1038.1720430107525,28823.11827956989,51838491.31827957,60537075.92903226,47330678453.22581,1.1678016545146896,,1.2619548507084906
udp,udp,8,262144,4,20.188345307018608,1160,0,28.72944717259018,57.45889434518036,14.070092875044793,139.34781297575682,150.9373570443131,155.74408904649317,100.78998397618028,38256,28.31985823457747,363690,751192,0,313525.8620689655,647579.3103448276,0.0,961105.172413793,627.051724137931,88042464498.0,17951.0,111.0,8758.0,14893352155.0,7955921540.0,,53430728.0,3319723612.0,138865696.0,12839096.685344828,6858553.051724138,15475.000000000002,95.6896551724138,7550.000000000001,25678193.370689657,13717106.103448275,75898676291.37932,0.5341928034199498,,4.183049923133179
stcp,udp,8,262144,8,20.49622792401351,1992,0,48.594307386340105,97.18861477268021,23.872084108006675,78.87890603160486,122.60736100142822,146.29782299743965,46.86633089567543,33580,94.30784776018861,410914,696509,25,206282.12851405624,349653.1124497992,12.550200803212853,555947.7911646586,412.5642570281124,88054633424.0,252534.0,11490.0,9189.0,49534820750.0,33964470743.0,,139520344.0,10033286342.0,301391765.0,24866877.886546183,17050437.119979918,126774.09638554217,5768.0722891566265,4612.951807228916,49733755.77309237,34100874.239959836,44204133244.97992,0.6856685908770549,,3.003918703469611
tls,tls,8,262144,8,20.56622034299653,1664,0,40.45468667184261,80.90937334368522,187.54138999793213,92.14337501907721,143.29703798284754,181.46685202373192,118.65762689015511,41968,95.3919609149456,199170,486677,65548,119693.50961538461,292474.1586538461,39391.82692307692,451559.4951923077,239.3870192307692,88045447757.0,254975.0,7169.0,8924.0,50072260347.0,52966703105.0,,124700586.0,12906609831.0,237749212.0,30091502.612379808,31830951.385216348,153230.16826923078,4308.2932692307695,5362.9807692307695,60183005.22475961,63661902.77043268,52911927738.58173,1.0578053145182893,,1.842073287355114
udp,udp,8,262144,8,20.195952854992356,1344,0,33.273993300785726,66.54798660157145,10.584087503957562,96.4480210095644,213.56518601533026,251.64455699268728,100.52029307932193,38584,78.01299013711811,429424,761967,0,319511.9047619048,566939.7321428572,0.0,886451.6369047619,639.0238095238095,88051296366.0,622678.0,14551.0,10906.0,42042333578.0,20650177165.0,,214585495.0,8694282707.0,416309723.0,31281498.197916668,15364715.152529761,463302.0833333333,10826.636904761905,8114.583333333333,62562996.395833336,30729430.305059522,65514357415.178566,0.4911758079909691,,4.788315920125508
stcp,udp,16,262144,1,20.1070503880037,2124,0,52.81729440702114,105.63458881404227,26.97794969571987,138.1246199598536,207.4433490051888,215.6849990133196,56.04866344157453,46464,77.19888605244837,436562,768790,37,205537.6647834275,361953.8606403013,17.41996233521657,567508.945386064,411.075329566855,88057639923.0,231113.0,4861.0,13006.0,41030919642.0,32575743046.0,,81922813.0,9076544414.0,238336672.0,19317758.776836157,15336978.835216573,108810.26365348398,2288.6064030131824,6123.352165725047,38635517.55367231,30673957.670433145,41458399210.45197,0.7939315845276564,,2.6258525395675987
tls,tls,16,262144,1,20.12034273101017,1773,0,44.05988565163433,88.11977130326866,287.0732166193193,170.73237197473645,255.3737839916721,305.8650069870055,130.89351087151067,60076,90.54878048780488,172243,454230,58502,97147.77213761985,256192.89340101523,32996.0518894529,386336.71742808796,194.29554427523968,88035030552.0,134235.0,4295.0,54651.0,48232449813.0,55293993669.0,,84748187.0,12947816625.0,172276818.0,27203863.402707275,31186685.656514384,75710.65989847716,2422.4478285391992,30824.02707275804,54407726.80541454,62373371.31302876,49653147519.45855,1.14640649362365,,1.330547249698943
udp,udp,16,262144,1,20.2826931529562,992,0,24.45434618862279,48.90869237724558,23.961703263921663,331.08666195767,337.7374740084633,341.51901095174253,79.03073265033197,55916,38.60213817680193,335420,673259,0,338125.0,678688.5080645161,0.0,1016813.5080645161,676.25,88028329332.0,138498.0,344.0,10369.0,21370677090.0,11604476208.0,,94700207.0,4823022119.0,223794163.0,21543021.260080647,11698060.693548387,139614.9193548387,346.7741935483871,10452.620967741936,43086042.52016129,23396121.387096774,88738235213.70967,0.5430092906803637,,4.6401230904245
stcp,udp,16,262144,4,20.261914947011974,2304,0,56.85543558013432,113.71087116026864,31.583841300744098,132.83535599475726,180.38103595608845,200.66004997352138,52.45680888403602,46592,82.79112541671456,453604,784716,78,196876.73611111112,340588.5416666667,33.854166666666664,537499.1319444445,393.75347222222223,88032867128.0,197996.0,4806.0,11300.0,43893190264.0,35188082999.0,,85283941.0,9697761105.0,248967222.0,19050863.829861112,15272605.468315972,85935.76388888889,2085.9375,4904.51388888889,38101727.659722224,30545210.936631944,38208709690.97222,0.8016752208567602,,2.5672649522335287
tls,tls,16,262144,4,20.437040949997026,1828,0,44.72271706242938,89.44543412485876,396.49717200154555,173.27702703187242,238.1576459738426,278.50984898395836,130.79348945574182,60404,90.48894842598794,191987,495274,49896,105025.7111597374,270937.6367614879,27295.404814004374,403258.75273522973,210.05142231947482,88029934738.0,205560.0,4882.0,9305.0,47985484892.0,54615126108.0,,84764567.0,12595361371.0,156491560.0,26250265.25820569,29876983.647702407,112450.7658643326,2670.678336980306,5090.262582056893,52500530.51641138,59753967.295404814,48156419440.91904,1.1381593044421914,,1.242453911328909
udp,udp,16,262144,4,20.927632224047557,1000,0,23.891857169845483,47.78371433969097,21.886838319915114,361.1654050182551,372.0318850246258,378.0984780169092,90.39069397570569,56040,41.05190470710093,419344,815619,0,419344.0,815619.0,0.0,1234963.0,838.688,88032521200.0,614061.0,1045.0,6958.0,24219148786.0,12871987633.0,,95364686.0,5264448681.0,212959543.0,24219148.786,12871987.633,614061.0,1045.0,6958.0,48438297.572,25743975.266,88032521200.0,0.5314797702733762,,4.0452392245477755
stcp,udp,16,262144,8,20.671063565008808,1352,0,32.70271981284539,65.40543962569078,30.26042531200801,160.63295397907495,406.95402602432296,414.2746130237356,30.3215651206737,46304,69.17808219178082,570197,966746,6,421743.34319526626,715048.8165680474,4.437869822485207,1136796.5976331362,843.4866863905326,88038489109.0,252920.0,3845.0,9005.0,37180522651.0,26222740069.0,,96318674.0,8078343640.0,248396415.0,27500386.57618343,19395517.80251479,187071.00591715975,2843.9349112426034,6660.502958579881,55000773.15236686,38791035.60502958,65117225672.33727,0.70528164208834,,3.0748433846025396
tls,tls,16,262144,8,20.887219368014485,1808,0,43.280054854229896,86.56010970845979,285.48803212106577,174.368221021723,261.86912995763123,302.3068890324794,113.76981579649548,59940,91.08099245819216,209947,525042,53577,116121.12831858406,290399.3362831858,29633.29646017699,436153.76106194686,232.24225663716814,88057438442.0,142207.0,4257.0,48974.0,49043580357.0,55932773552.0,,84430968.0,13090644261.0,169755502.0,27125874.091261063,30936268.557522126,78654.31415929203,2354.5353982300885,27087.389380530974,54251748.182522126,61872537.11504425,48704335421.460175,1.1404708454165031,,1.2967696517866591
udp,udp,16,262144,8,20.797423632990103,1080,0,25.96475455466609,51.92950910933218,32.20585768940509,278.538693964947,372.0494849840179,375.7606219733134,115.03566221562953,56140,41.960093896713616,440712,836625,0,408066.6666666667,774652.7777777778,0.0,1182719.4444444445,816.1333333333333,88028496218.0,626961.0,1134.0,8158.0,25257532162.0,13504853032.0,,97815397.0,5558065434.0,220475236.0,23386603.853703704,12504493.548148148,580519.4444444444,1050.0,7553.7037037037035,46773207.70740741,25008987.096296296,81507866868.51851,0.5346861659080879,,3.966762151652639
stcp,udp,1,1048576,1,20.058909823012073,225,0,22.433921083973814,11.216960541986907,2.5959869963116944,81.29205100703984,147.697017993778,157.9993239720352,26.21463502451898,27000,51.18213140073661,335248,664392,0,1489991.1111111112,2952853.3333333335,0.0,4442844.444444445,744.9955555555556,88030096942.0,382103.0,1202.0,26190.0,28882921764.0,22164332121.0,,68966860.0,7421632653.0,216785333.0,128368541.17333333,98508142.76,1698235.5555555555,5342.222222222222,116400.0,64184270.586666666,49254071.38,391244875297.7778,0.7673853878808713,,2.9209924976867483
tls,tls,1,1048576,1,20.08584846102167,156,0,15.533324400284263,7.7666622001421315,40.6807359540835,125.74601400410756,131.72851799754426,172.1398769877851,44.784276937348025,29944,35.0601970083911,227790,517812,27272,1460192.3076923077,3319307.6923076925,174820.51282051284,4954320.512820513,730.0961538461538,88041476868.0,191059.0,415.0,13512.0,21754274651.0,22195517512.0,,43966772.0,5804328676.0,110328233.0,139450478.5320513,142278958.41025642,1224737.1794871795,2660.25641025641,86615.38461538461,69725239.26602565,71139479.20512821,564368441461.5385,1.0202830417505884,,1.9007923079233977
udp,udp,1,1048576,1,20.065719550009817,327,0,32.5929004624048,16.2964502312024,0.12075499398633838,52.86916595650837,76.3772749924101,77.96322298236191,52.30041202282659,29372,26.33601117708697,334474,690554,0,1022856.2691131498,2111785.9327217126,0.0,3134642.2018348626,511.42813455657495,88029084163.0,46790.0,274.0,15022.0,15417355402.0,8800436014.0,,52322976.0,3649318828.0,145967065.0,47147875.847094804,26912648.36085627,143088.6850152905,837.9204892966361,45938.83792048929,23573937.923547402,13456324.180428134,269202092241.5902,0.570813591860143,,3.9998441320074214
stcp,udp,1,1048576,4,20.21154456003569,224,0,22.165549924661914,11.082774962330957,2.4102110182866454,82.44044502498582,143.92379100900143,150.79802501713857,27.78527382367497,27120,57.640186915887845,290395,564359,0,1296406.25,2519459.8214285714,0.0,3815866.0714285714,648.203125,88041720665.0,290488.0,1043.0,21568.0,31745436387.0,23191325117.0,,81386120.0,7849246801.0,236782124.0,141720698.15625,103532701.41517857,1296821.4285714286,4656.25,96285.71428571429,70860349.078125,51766350.70758928,393043395825.8928,0.7305404416017739,,3.016622231445618
tls,tls,1,1048576,4,20.115665125020314,124,0,12.328699968838318,6.164349984419159,40.11460597394034,167.09945804905146,172.24498803261667,174.65813201852143,40.060171761245016,29912,39.3448275862069,148676,341250,21403,1199000.0,2752016.129032258,172604.83870967742,4123620.9677419355,599.5,88031502831.0,111095.0,691.0,54662.0,21963163299.0,21547752803.0,,66407407.0,6107098457.0,150358391.0,177122284.66935483,173772200.02419356,895927.4193548387,5572.580645161291,440822.5806451613,88561142.33467741,86886100.01209678,709931474443.5483,0.9810860352698414,,2.462026640943673
udp,udp,1,1048576,4,20.049676212016493,300,0,29.92567030286496,14.96283515143248,0.09631004650145769,72.48084899038076,76.41198497731239,78.18517595296726,51.80694136982932,29352,25.428999193827018,307696,644255,0,1025653.3333333334,2147516.666666667,0.0,3173170.0,512.8266666666667,88039190348.0,43968.0,261.0,15026.0,14398287751.0,8118713313.0,,52044100.0,3346298225.0,137540534.0,47994292.50333333,27062377.71,146560.0,870.0,50086.66666666667,23997146.251666665,13531188.855,293463967826.6667,0.5638665828467092,,4.110229416267882
stcp,udp,1,1048576,8,20.6433163920301,248,0,24.02714712019305,12.013573560096525,2.466921985615045,80.9512969572097,93.15488202264532,98.69396599242464,29.081921169981197,27036,59.151223976206815,314593,601892,0,1268520.1612903227,2426983.870967742,0.0,3695504.0322580645,634.2600806451612,88046112497.0,298815.0,1006.0,14202.0,32650802803.0,23780240657.0,,83588248.0,7903534487.0,252041791.0,131656462.91532259,95888067.16532259,1204899.1935483871,4056.451612903226,57266.12903225807,65828231.45766129,47944033.58266129,355024647165.3226,0.7283202437771312,,3.1889756591126015
tls,tls,1,1048576,8,20.449760851974133,160,0,15.648104753709555,7.824052376854778,40.7022470026277,126.00952305365354,131.02794298902154,133.57357500353828,40.491950296820384,30028,41.412236237180245,180497,422621,28195,1128106.25,2641381.25,176218.75,3945706.25,564.053125,88036927348.0,135617.0,274.0,9486.0,24415302340.0,24387257769.0,,65778628.0,6587114234.0,155355582.0,152595639.625,152420361.05625,847606.25,1712.5,59287.5,76297819.8125,76210180.528125,550230795925.0,0.9988513527045678,,2.3584771188287244
udp,udp,1,1048576,8,20.217390653968323,392,0,38.77849587113332,19.38924793556666,0.09337702067568898,49.58727100165561,53.903649968560785,84.87803296884522,53.99731937146504,29240,40.758637352017395,409770,766670,0,1045331.6326530612,1955790.8163265307,0.0,3001122.448979592,522.6658163265306,88049877276.0,133477.0,365.0,10892.0,24657686919.0,13993146953.0,,92707563.0,5814662837.0,244634155.0,62902262.54846939,35696803.45153061,340502.55102040817,931.1224489795918,27785.714285714286,31451131.274234693,17848401.725765307,224617033867.34692,0.5674963348738754,,4.207194154807019
stcp,udp,2,1048576,1,20.071050973027013,424,0,42.24990515641688,21.12495257820844,7.713652012171224,88.83899304782972,144.3882349994965,167.3062579939142,39.44519901144962,32516,72.27479845776375,379396,743959,2,894801.8867924529,1754620.283018868,4.716981132075472,2649426.886792453,447.4009433962264,88043733164.0,331319.0,2975.0,39480.0,38971700284.0,30921869255.0,,82491403.0,9187824112.0,262476281.0,91914387.46226415,72928936.9221698,781412.7358490566,7016.509433962265,93113.20754716982,45957193.731132075,36464468.4610849,207650314066.03775,0.7934441923154969,,2.85678391097176
tls,tls,2,1048576,1,20.055776222026907,269,0,26.825189613410426,13.412594806705213,69.78048500604928,129.79790498502553,226.51481599314138,231.51074803899974,64.90770467264608,35720,66.445261534812,261146,599659,18795,970802.9739776952,2229215.6133828997,69869.88847583643,3269888.475836431,485.4014869888476,88037998758.0,501471.0,2224.0,14089.0,36327763508.0,37322785377.0,,77455205.0,9417919544.0,163755796.0,135047447.9851301,138746414.04089218,1864204.4609665426,8267.657992565055,52375.46468401486,67523723.99256505,69373207.02044609,327278805791.82153,1.0273901218493915,,1.7387682622997784
udp,udp,2,1048576,1,20.04576286894735,439,0,43.79977982080688,21.89988991040344,1.3263490109238774,89.0066809952259,98.26521400827914,106.25166399404407,86.57485431439373,36896,48.752120184153135,443188,843545,20,1009539.8633257403,1921514.806378132,45.558086560364465,2931100.2277904325,504.76993166287014,88029465664.0,189843.0,1066.0,58384.0,28549162687.0,16947451460.0,,102061581.0,6874234702.0,272775340.0,65032261.24601366,38604673.02961276,432444.19134396355,2428.246013667426,132993.16628701595,32516130.62300683,19302336.51480638,200522700829.15717,0.5936234153626195,,3.968083020509008
stcp,udp,2,1048576,4,20.007334338035434,432,0,43.184163637305325,21.592081818652662,7.346008525928482,87.88175199879333,120.28417299734429,163.41765300603583,42.83299741589404,33344,73.75233208955224,424019,741731,35,981525.462962963,1716969.9074074074,81.01851851851852,2698576.388888889,490.76273148148147,88041409018.0,321183.0,2601.0,37902.0,39686841518.0,31270933030.0,,82128563.0,9329253553.0,264319437.0,91867688.69907407,72386419.05092593,743479.1666666666,6020.833333333333,87736.11111111111,45933844.34953704,36193209.52546296,203799557912.03705,0.7879420945054809,,2.8332324284937354
tls,tls,2,1048576,4,20.663105226994958,256,0,24.77846356466822,12.38923178233411,62.861029495252296,129.7827500384301,228.68351603392512,232.88060701452196,73.94623330881674,35704,63.39652809502056,274993,627266,24476,1074191.40625,2450257.8125,95609.375,3620058.59375,537.095703125,88034478812.0,514654.0,1486.0,9796.0,35015469127.0,35803878332.0,,72338906.0,9096760369.0,159208855.0,136779176.27734375,139858899.734375,2010367.1875,5804.6875,38265.625,68389588.13867188,69929449.8671875,343884682859.375,1.0225160257639407,,1.7501709239539056
udp,udp,2,1048576,4,20.41198086098302,348,0,34.09762162428763,17.048810812143817,5.2235084876883775,89.65543302474543,184.79519500397146,190.12063596164808,67.06651889022358,36740,45.31005418422637,467827,863004,0,1344330.4597701149,2479896.5517241377,0.0,3824227.011494253,672.1652298850574,88037717645.0,567053.0,1137.0,10297.0,26827739755.0,14714388033.0,,99153792.0,6033432546.0,238921912.0,77091206.19252874,42282724.23275862,1629462.643678161,3267.241379310345,29589.080459770117,38545603.09626437,21141362.11637931,252981947255.74713,0.5484766203704364,,3.959966572567363
stcp,udp,2,1048576,8,20.384022823011037,408,0,40.03135235302214,20.01567617651107,3.8612260250374675,90.67720599705353,149.99527402687818,191.5980500052683,34.41812767242407,32296,74.87547781767636,405370,773238,3,993553.9215686275,1895191.1764705884,7.352941176470589,2888752.4509803923,496.7769607843138,88028558201.0,301405.0,3296.0,35597.0,40333752570.0,31130484250.0,,87397162.0,9615080773.0,275671769.0,98857236.69117647,76300206.49509804,738737.7450980393,8078.43137254902,87247.54901960785,49428618.345588244,38150103.24754903,215756270100.4902,0.771822165467308,,2.867076996109183
tls,tls,2,1048576,8,21.009768254007213,320,0,30.46202091629127,15.231010458145635,58.14987400663085,128.12688999110833,133.7270860094577,142.5079769687727,70.56311531267075,36016,64.68197297594199,276319,617762,49579,863496.875,1930506.25,154934.375,2948937.5,431.7484375,88043156571.0,202436.0,213.0,5142.0,35535664302.0,39828240529.0,,68412083.0,9496965193.0,149921054.0,111048950.94375,124463251.653125,632612.5,665.625,16068.75,55524475.471875,62231625.8265625,275134864284.375,1.1207962848399153,,1.5786206535799823
udp,udp,2,1048576,8,20.33009524800582,416,0,40.92455002549046,20.46227501274523,2.691075496841222,88.76712602796033,181.03223503567278,190.02041302155703,79.02451908864467,36828,49.08959363318461,487374,884806,6,1171572.1153846153,2126937.5,14.423076923076923,3298524.0384615385,585.7860576923077,88040419591.0,469533.0,1340.0,40703.0,28758702769.0,16848650141.0,,102282093.0,6809919398.0,253340874.0,69131497.04086539,40501562.838942304,1128685.0961538462,3221.153846153846,97843.75,34565748.520432696,20250781.419471152,211635624016.82693,0.5858626613423518,,3.720174339719843
stcp,udp,4,1048576,1,20.156148248992395,357,0,35.423434635419135,17.711717317709567,14.394042009371333,248.41204500989988,265.30307601206005,274.2687659920193,35.39522984187539,42708,62.3368990243329,427569,773079,0,1197672.268907563,2165487.394957983,0.0,3363159.663865546,598.8361344537816,88037755406.0,383714.0,6368.0,15558.0,34025954848.0,25093583524.0,,91791938.0,7464294549.0,231996280.0,95310797.89355743,70290149.92717087,1074829.1316526611,17837.535014005603,43579.83193277311,47655398.94677872,35145074.96358544,246604356879.55182,0.737483595569838,,3.1080804552532135
tls,tls,4,1048576,1,20.1570126300212,464,0,46.03856816648847,23.019284083244234,101.8051200080663,138.46439897315577,328.3185940235853,363.9897109824233,120.50091670739036,48280,89.67274374363039,238477,586011,18690,513959.051724138,1262954.7413793104,40280.17241379311,1817193.9655172415,256.97952586206895,88031680145.0,132600.0,778.0,14116.0,47285877926.0,55469939618.0,,86620457.0,12747592423.0,167716277.0,101909219.66810344,119547283.65948276,285775.8620689655,1676.7241379310344,30422.413793103446,50954609.83405172,59773641.82974138,189723448588.36206,1.1730762344057066,,1.315670217831846
udp,udp,4,1048576,1,20.100542845961172,336,0,33.43193291593246,16.71596645796623,9.936374000972137,266.1395610193722,290.30717798741534,295.67857400979847,83.75144457047622,52016,27.06278287106882,343113,716333,0,1021169.6428571428,2131943.4523809524,0.0,3153113.095238095,510.5848214285714,88036769813.0,31840.0,231.0,13891.0,15568808630.0,8706087301.0,,52995291.0,3611135412.0,143476695.0,46335739.9702381,25910974.11011905,94761.90476190476,687.5,41342.2619047619,23167869.98511905,12955487.055059524,262014195872.0238,0.5592006111645551,,3.9731740472323223
stcp,udp,4,1048576,4,20.425416597048752,364,0,35.64186789243691,17.820933946218457,17.057373246643692,250.52061205497012,279.67144903959706,294.2622679984197,33.77018024198655,42280,68.93538744538974,381008,688778,1,1046725.2747252748,1892247.2527472528,2.7472527472527473,2938975.2747252746,523.3626373626374,88039710349.0,302127.0,2924.0,15812.0,37067531699.0,26559810257.0,,102696749.0,7939934954.0,259126467.0,101833878.29395604,72966511.69505495,830019.2307692308,8032.967032967033,43439.56043956044,50916939.14697802,36483255.847527474,241867336123.62637,0.7165249219363728,,3.2635842547986695
tls,tls,4,1048576,4,20.521863668982405,484,0,47.16920527364555,23.584602636822776,95.96830300870351,134.48437297483906,307.67095898045227,392.07770698703825,106.83720228167353,47948,90.25146781876593,202160,517156,78086,417685.9504132231,1068504.1322314048,161334.71074380164,1647524.7933884296,208.84297520661158,88055356312.0,73185.0,1365.0,11085.0,47996879370.0,57563359308.0,,78262801.0,13182686695.0,171023087.0,99167106.13636364,118932560.55371901,151208.67768595042,2820.2479338842977,22902.89256198347,49583553.06818183,59466280.276859514,181932554363.63638,1.1993146234415282,,1.29733104455002
udp,udp,4,1048576,4,20.276854791969527,448,0,44.188312694079805,22.094156347039902,10.667137263226323,174.946088984143,187.07878602435812,192.37440399592742,86.63541846222242,51908,44.09090909090909,442955,859230,6,988738.8392857143,1917924.1071428573,13.392857142857142,2906676.3392857146,494.3694196428571,88030514886.0,83843.0,646.0,53359.0,26311727356.0,15724590380.0,,91644901.0,6386082098.0,245236340.0,58731534.27678572,35099532.09821428,187149.55357142858,1441.9642857142858,119104.91071428571,29365767.13839286,17549766.04910714,196496685013.39285,0.5976266843770802,,3.840168921047905
stcp,udp,4,1048576,8,20.9256769939675,504,0,48.170484533933525,24.085242266966763,15.608924513799138,152.19330898253247,240.5644379905425,272.102018003352,44.75939298260271,41936,81.32282765508822,427023,730819,2,847267.8571428572,1450037.6984126985,3.9682539682539684,2297309.523809524,423.63392857142856,88033020646.0,195041.0,4291.0,15861.0,43606533045.0,32886131523.0,,97948718.0,9533013418.0,268788744.0,86520898.89880952,65250260.958333336,386986.1111111111,8513.888888888889,31470.238095238095,43260449.44940476,32625130.479166668,174668691757.9365,0.754156068519893,,2.8195569670811516
tls,tls,4,1048576,8,20.46144943899708,480,0,46.91749735824455,23.458748679122277,93.79336901474744,137.65626802342013,262.3526429524645,320.75160602107644,121.48727329464508,48348,89.68015156580854,190782,501513,80199,397462.5,1044818.7500000001,167081.25,1609362.5,198.73125000000005,88034806534.0,75067.0,1579.0,11694.0,47580890194.0,57311519979.0,,77376974.0,13121021742.0,171405374.0,99126854.57083334,119398999.95625,156389.58333333334,3289.5833333333335,24362.5,49563427.28541667,59699499.978125006,183405846945.83334,1.2045070982347246,,1.3063416658425044
udp,udp,4,1048576,8,20.292470723972656,448,0,44.1543078803856,22.0771539401928,9.173833503155038,175.81141798291355,184.2711100471206,188.8974430039525,102.17364500374153,51896,47.49151720794959,477390,877261,0,1065602.6785714286,1958171.875,0.0,3023774.5535714286,532.8013392857142,88031472702.0,133626.0,309.0,10307.0,28168678516.0,15801802079.0,,100214564.0,6573464890.0,275541994.0,62876514.54464286,35271879.640625,298272.3214285714,689.7321428571429,23006.696428571428,31438257.27232143,17635939.8203125,196498822995.5357,0.5609706564695418,,4.1917314325231
stcp,udp,8,1048576,1,20.160363783012144,488,0,48.41182483137597,24.205912415687983,34.1639415055397,276.3538710423745,437.7568290219642,453.37088796077296,52.33242372784045,66892,70.22283800946772,428006,765127,43,877061.475409836,1567883.1967213114,88.11475409836065,2445032.7868852457,438.53073770491807,88040594887.0,300275.0,3515.0,17491.0,37629587986.0,30165235644.0,,79408199.0,8346678706.0,227076084.0,77109811.44672132,61814007.46721312,615317.6229508197,7202.868852459016,35842.2131147541,38554905.72336066,30907003.73360656,180411055096.3115,0.801636086348405,,2.720556187657812
tls,tls,8,1048576,1,20.235384938016068,432,0,42.69748278308309,21.348741391541544,171.07539474091027,353.5304790129885,474.38665403751656,556.4188819844276,101.73863785177109,72356,89.57437174552864,217722,530359,67462,503986.1111111111,1227682.8703703703,156162.03703703705,1887831.0185185187,251.9930555555556,88030273703.0,258138.0,2009.0,14637.0,47253066500.0,52858452718.0,,89633772.0,12333305044.0,171990957.0,109382098.37962963,122357529.43981482,597541.6666666666,4650.462962962963,33881.944444444445,54691049.18981482,61178764.71990742,203773781719.9074,1.1186248138626094,,1.3945244716352123
udp,udp,8,1048576,1,20.14638074900722,258,0,25.61254085428856,12.80627042714428,29.904945389716886,594.4361679721624,746.1410829564556,758.0224919947796,86.3473753262468,82700,42.37689393939394,380641,745714,0,1475352.7131782945,2890364.341085271,0.0,4365717.054263566,737.6763565891473,88030162405.0,448502.0,1285.0,54395.0,24733031944.0,14312060208.0,,98118142.0,5800710726.0,221743763.0,95864464.8992248,55473101.58139535,1738379.8449612402,4980.62015503876,210833.3333333333,47932232.4496124,27736550.790697675,341202179864.34106,0.5786617767043305,,3.822699897895236
stcp,udp,8,1048576,4,20.52516735799145,448,0,43.65372444337919,21.826862221689595,30.268431990407407,365.55855098413303,447.13122502435,462.3399960109964,53.621638294290705,67072,63.67263193890346,404685,748287,5,903314.7321428572,1670283.4821428573,11.160714285714286,2573609.375,451.65736607142856,88034680034.0,328300.0,3467.0,15404.0,34554101298.0,27693873667.0,,74158790.0,7677118170.0,215729913.0,77129690.39732143,61816682.29241072,732812.5,7738.839285714285,34383.92857142857,38564845.19866072,30908341.14620536,196505982218.75,0.8014641569799105,,2.8100376758952508
tls,tls,8,1048576,4,20.752759728988167,448,0,43.17498066285789,21.587490331428945,170.9544552504667,355.15553498407826,480.64635397167876,531.4939759555273,118.45640927293954,72684,88.90723010894685,225127,550799,52917,502515.625,1229462.0535714286,118118.30357142858,1850095.9821428573,251.2578125,88028625905.0,239529.0,1861.0,12210.0,47679388726.0,54286127967.0,,86116117.0,12529965833.0,162417899.0,106427206.97767857,121174392.78348215,534662.9464285714,4154.017857142857,27254.464285714286,53213603.488839276,60587196.39174107,196492468537.9464,1.1385659383967162,,1.2962357692328432
udp,udp,8,1048576,4,20.9309237190173,244,0,23.314785651653573,11.657392825826786,15.758035493490752,726.1778849642724,735.064376029186,738.4567600092851,75.39563571989794,82728,40.317350011582114,415691,808685,0,1703651.6393442622,3314282.7868852457,0.0,5017934.426229508,851.8258196721312,88037269072.0,611145.0,907.0,6232.0,23828429541.0,12729479249.0,,92915886.0,5185866761.0,212405845.0,97657498.11885247,52169996.92213115,2504692.62295082,3717.2131147540986,25540.983606557376,48828749.05942623,26084998.461065575,360808479803.2787,0.5342139408347172,,4.095860051734947
stcp,udp,8,1048576,8,21.454627063008957,512,0,47.72863200990018,23.86431600495009,44.12702075205743,277.4470190051943,514.3721870263107,553.6698639625683,43.799875767600874,67708,75.18248175182481,480710,817483,22,938886.71875,1596646.484375,42.96875,2535576.171875,469.443359375,88027602444.0,266291.0,4514.0,5861.0,41486045358.0,31591091409.0,,95828302.0,8863790042.0,253734922.0,81027432.33984375,61701350.408203125,520099.609375,8816.40625,11447.265625,40513716.169921875,30850675.204101562,171928911023.4375,0.7614871732503687,,2.8626007700736102
tls,tls,8,1048576,8,22.02103637601249,496,0,45.047834400772594,22.523917200386297,172.21297025389504,319.84179199207574,457.9258380108513,533.2070310250856,101.35172849681024,72620,85.98838415266542,216810,536812,66952,437116.93548387097,1082282.2580645161,134983.87096774194,1654383.064516129,218.5584677419355,88050493294.0,104491.0,2194.0,4287.0,47325446521.0,56870391073.0,,77814404.0,12747875914.0,146330792.0,95414206.69556452,114658046.51814516,210667.33870967742,4423.387096774193,8643.145161290322,47707103.347782254,57329023.25907257,177521155834.67743,1.2016873638532828,,1.1478837179399923
udp,udp,8,1048576,8,23.748937921016477,320,0,26.948573537414315,13.474286768707158,20.430996002687607,556.097675987985,725.6733489921317,738.2083999691531,84.17154934036063,82616,32.964623816641755,373794,781918,0,1168106.25,2443493.75,0.0,3611600.0,584.053125,88039611275.0,193570.0,671.0,43447.0,19074986367.0,10960451243.0,,72645417.0,4541671857.0,176809606.0,59609332.396875,34251410.134375,604906.25,2096.875,135771.875,29804666.1984375,17125705.0671875,275123785234.375,0.5745981167232569,,3.8930510958753315
stcp,udp,16,1048576,1,20.533248903986532,326,0,31.75337731738177,15.876688658690885,61.86071013144101,1002.0790779963136,1077.1388090215623,1095.0447659706697,41.53257499520346,111640,57.710982658959544,421718,767916,0,1293613.4969325154,2355570.5521472394,0.0,3649184.049079755,646.8067484662577,88035573350.0,388724.0,6346.0,33038.0,31817693349.0,23069194214.0,,90810436.0,6858104069.0,223000426.0,97600286.34662576,70764399.42944786,1192404.9079754602,19466.257668711656,101343.55828220859,48800143.17331288,35382199.71472393,270047771012.26993,0.7250429489328473,,3.2516337424508683
tls,tls,16,1048576,1,20.418250154994894,441,0,43.196649727804285,21.598324863902143,386.2012511926878,632.8000900102779,849.0703019779176,977.066180028487,112.83796517873432,121468,85.58285650173903,226485,537442,46299,513571.4285714286,1218689.3424036282,104986.39455782314,1837247.1655328798,256.7857142857143,88028498109.0,124694.0,2224.0,32482.0,45456913944.0,52684896974.0,,81705044.0,12066200729.0,154697127.0,103076902.36734694,119466886.56235828,282752.8344671202,5043.083900226758,73655.32879818595,51538451.18367347,59733443.28117914,199611106823.12924,1.1590073413013564,,1.2820698948609377
udp,udp,16,1048576,1,20.82765215303516,272,0,26.119122597345868,13.059561298672934,43.0742973148881,1088.8823610148393,1131.1593140126206,1142.4995260313153,78.56924957148998,142728,25.31422271223815,309563,662139,0,1138099.2647058824,2434334.558823529,0.0,3572433.8235294116,569.0496323529412,88026159998.0,47115.0,152.0,7762.0,13304582087.0,7099582148.0,,49142550.0,2957791342.0,127995352.0,48913904.731617644,26101404.95588235,173216.91176470587,558.8235294117646,28536.76470588235,24456952.365808822,13050702.477941176,323625588227.94116,0.5336193276553235,,4.327396262964651
stcp,udp,16,1048576,4,22.914618954993784,440,0,38.40343152676434,19.20171576338217,78.72127587688738,623.1543479952961,1039.9154640035704,1052.7027799980715,47.8329882837145,113656,69.31829936898728,411311,744173,3,934797.7272727274,1691302.272727273,6.818181818181818,2626106.8181818184,467.3988636363636,88034383404.0,258845.0,3669.0,12049.0,37712131488.0,27235055419.0,,99838590.0,7863305904.0,246047642.0,85709389.74545455,61897853.225,588284.0909090909,8338.636363636364,27384.090909090908,42854694.872727275,30948926.6125,200078144100.0,0.7221828717813575,,3.129061046383018
tls,tls,16,1048576,4,20.975208541029133,460,0,43.86130408193124,21.93065204096562,479.9998753769614,605.053814011626,840.6829529558308,930.0915040075779,112.8402320944873,121976,84.55842317325492,191854,490871,69792,417073.9130434782,1067110.8695652173,151721.73913043478,1635906.5217391304,208.53695652173909,88039687961.0,80712.0,2145.0,16987.0,45352872718.0,54532901861.0,,66529980.0,12424142657.0,154760191.0,98593201.56086956,118549786.65434782,175460.86956521738,4663.043478260869,36928.260869565216,49296600.78043478,59274893.3271739,191390626002.17392,1.2024133994792474,,1.2456408081631705
udp,udp,16,1048576,4,23.885737011034507,316,0,26.45930496965761,13.229652484828804,29.091744243487483,1065.2065509930253,1271.5127620031126,1290.3920929529704,92.28056471448754,142492,32.02118093715656,398160,806263,0,1260000.0,2551465.189873418,0.0,3811465.189873418,630.0,88028964053.0,80278.0,423.0,43306.0,17985065795.0,10522647021.0,,67500285.0,4288592901.0,168891320.0,56914765.17405064,33299515.889240507,254044.30379746834,1338.607594936709,137044.30379746834,28457382.58702532,16649757.944620254,278572671053.7975,0.585076926653523,,3.9381523007375794
stcp,udp,16,1048576,8,23.587110512016807,512,0,43.41354145427469,21.706770727137346,67.47737343175686,570.578993007075,1036.4340919768438,1052.4871699744835,53.630307932611544,115520,74.71471471471472,442986,792067,24,865207.03125,1547005.859375,46.875,2412259.765625,432.603515625,88052284886.0,240610.0,4219.0,11095.0,39737995680.0,28802832675.0,,99638776.0,8230231786.0,253202372.0,77613272.8125,56255532.568359375,469941.40625,8240.234375,21669.921875,38806636.40625,28127766.284179688,171977118917.96875,0.7248184560424714,,3.0764913866789123
tls,tls,16,1048576,8,22.923977544007357,512,0,44.66938593157398,22.33469296578699,543.0529734439915,599.680945975706,866.5044649969786,988.5447240085341,122.67932537454318,121900,86.25439919557567,203870,533331,84939,398183.59375,1041662.109375,165896.484375,1605742.1875,199.091796875,88057934295.0,75165.0,1792.0,8225.0,46475401620.0,56009899831.0,,65613841.0,12667819534.0,152576538.0,90772268.7890625,109394335.60742188,146806.640625,3500.0,16064.453125,45386134.39453125,54697167.80371094,171988152919.92188,1.2051514968920025,,1.2044419924872605
udp,udp,16,1048576,8,26.855295224988367,376,0,28.00192638732482,14.00096319366241,56.89863300358411,950.4643760155886,1333.5460969829,1354.7789289732464,106.85157530236174,142760,38.9315093816434,496786,948979,0,1321239.3617021276,2523880.3191489363,0.0,3845119.6808510637,660.6196808510638,88030450867.0,157468.0,182.0,354.0,22559875589.0,12306890535.0,,91125161.0,5141190795.0,235222940.0,59999669.11968085,32731091.848404255,418797.87234042556,484.04255319148933,941.4893617021277,29999834.559840426,16365545.924202127,234123539539.89362,0.5455212058439158,,4.575261829005901
