{
  "bytes_received": 463273984,
  "bytes_sent": 466157568,
  "clients": 16,
  "connections_failed": 0,
  "connections_ok": 7116,
  "duration_seconds": 60.97974534900004,
  "host": "127.0.0.1",
  "latency_ms": {
    "average": 9.100602842834913,
    "maximum": 67.607426,
    "p50": 7.227638,
    "p95": 22.866053,
    "p99": 34.652512,
    "samples": 7069
  },
  "mode": "churn",
  "operations_per_second": 115.92373762046087,
  "payload_bytes": 65536,
  "port": 7777,
  "recvs_failed": 28,
  "recvs_ok": 7069,
  "report_interval_seconds": 5.0,
  "rx_mib_per_second": 7.245233601278804,
  "sends_failed": 3,
  "sends_ok": 7113,
  "server_accepts": 7116,
  "server_errors": 9,
  "tx_mib_per_second": 7.290330542636319,
  "verify_failures": 0,
  "verify_payload": false
}
