{
  "mode": "tcp",
  "transport": "tcp",
  "clients": 2,
  "payload_bytes": 1024,
  "pipeline": 8,
  "elapsed_s": 30.00151871397975,
  "operations": 202104,
  "errors": 0,
  "tx_mib_s": 6.578573217629586,
  "rx_mib_s": 6.578573217629586,
  "combined_mib_s": 13.157146435259172,
  "operations_s": 6736.458974852696,
  "connect_mean_ms": 0.5226195062277839,
  "rtt_p50_ms": 0.2815990010276437,
  "rtt_p95_ms": 0.48302000504918396,
  "rtt_p99_ms": 0.5744410154875368,
  "client_cpu_percent": 55.950884220331844,
  "max_rss_kib": 21336,
  "error_details": [],
  "server_irq_total": 805223,
  "server_network_irq": 362077,
  "server_net_rx_softirq": 686596,
  "server_net_tx_softirq": 0,
  "server_timer_softirq": 1368,
  "server_sched_softirq": 14472,
  "server_cpu_busy_jiffies": 2154,
  "server_cpu_total_jiffies": 11830,
  "server_cpu_busy_percent": 18.20794590025359,
  "server_network_irq_per_1k_ops": 1791.5380200292918,
  "server_net_rx_softirq_per_1k_ops": 3397.241024423069,
  "server_net_tx_softirq_per_1k_ops": 0.0,
  "server_kernel_network_events_per_1k_ops": 5188.779044452361,
  "server_network_irq_per_mib": 917.2674662549973,
  "server_net_rx_softirq_per_mib": 1739.3874045046114,
  "server_net_tx_softirq_per_mib": 0.0,
  "server_irq_measurement": {
    "source": "/proc/interrupts, /proc/softirqs and /proc/stat",
    "scope": "Raspberry Pi server",
    "network_irq_lines_before": {
      "28 GICv2 189 Level eth0": 44454,
      "29 GICv2 190 Level eth0": 69329690,
      "30 BRCM-PCI-MSI-0000:01:00.0 0 Edge xhci_hcd": 38
    },
    "network_irq_lines_after": {
      "28 GICv2 189 Level eth0": 44516,
      "29 GICv2 190 Level eth0": 69691705,
      "30 BRCM-PCI-MSI-0000:01:00.0 0 Edge xhci_hcd": 38
    },
    "softirq_delta": {
      "hi": 0,
      "timer": 1368,
      "net_tx": 0,
      "net_rx": 686596,
      "block": 0,
      "irq_poll": 0,
      "tasklet": 0,
      "sched": 14472,
      "hrtimer": 0,
      "rcu": 1610
    },
    "cpu_jiffies_delta": {
      "user": 846,
      "nice": 0,
      "system": 980,
      "idle": 9676,
      "iowait": 0,
      "irq": 0,
      "softirq": 328,
      "steal": 0
    },
    "warning": "Kernel activity proxy only; not a direct electrical power measurement."
  },
  "server_perf_task_clock_ms": 128030222455.0,
  "server_perf_context_switches": 480507.0,
  "server_perf_cpu_migrations": 536.0,
  "server_perf_page_faults": 15020.0,
  "server_perf_cycles": 20697584993.0,
  "server_perf_instructions": 10604438681.0,
  "server_perf_branches": null,
  "server_perf_branch_misses": 82157088.0,
  "server_perf_cache_references": 4673697777.0,
  "server_perf_cache_misses": 206186185.0,
  "server_perf_cycles_per_op": 102410.56581265091,
  "server_perf_instructions_per_op": 52470.206829157265,
  "server_perf_context_switches_per_1k_ops": 2377.5234532715826,
  "server_perf_cpu_migrations_per_1k_ops": 2.652099908957764,
  "server_perf_page_faults_per_1k_ops": 74.31817282191346,
  "server_perf_cycles_per_mib": 52434209.696077265,
  "server_perf_instructions_per_mib": 26864745.89652852,
  "server_perf_task_clock_ms_per_1k_ops": 633486830.8148279,
  "server_perf_ipc": 0.5123514982345264,
  "server_perf_branch_miss_percent": null,
  "server_perf_cache_miss_percent": 4.4116285399255935,
  "server_perf_measurement": {
    "source": "perf stat -a",
    "scope": "Raspberry Pi server, system-wide",
    "warnings": [
      "branches: <not supported>"
    ],
    "warning": "Processing-efficiency proxy only; not direct electrical power."
  }
}
