id,protocol,transport,clients,payload_bytes,pipeline,elapsed_s,operations,errors,status,operations_s,combined_mib_s,rtt_p50_ms,rtt_p95_ms,rtt_p99_ms,connect_mean_ms,client_cpu_percent,max_rss_kib,server_cpu_busy_percent,server_kernel_network_events_per_1k_ops,server_perf_cycles_per_op,server_perf_instructions_per_op,server_perf_context_switches_per_1k_ops,server_perf_ipc,server_perf_cache_miss_percent,operations_per_cpu_percent,mib_per_cpu_percent,error_details
udp-c1-p64-q1,udp,udp,1,64,1,15.000935075979214,16019,0,pass,1067.8667642293178,0.13035482961783665,0.6624390371143818,2.3114480427466333,2.6184680173173547,0.17551000928506255,16.84794972579416,21288,29.900383141762454,59427.554778700294,901642.1224795555,532837.5675135776,1405.2063174979712,0.590963481218303,3.5510920520500826,63.38259441707718,0.007737133107553367,
stcp-udp-c1-p64-q1,stcp,udp,1,64,1,15.000889979011845,36521,0,pass,2434.5888844660235,0.2971910259357939,0.30359800439327955,0.5226180073805153,0.9528369992040098,2.905444009229541,26.093958461642213,20968,43.58697329834851,27852.687494865968,545495.4922647245,302686.0599928808,10517.09975082829,0.5548827887398743,3.764993620339031,93.30086456774423,0.011389265694304715,
tls-c1-p64-q1,tls,tls,1,64,1,15.00448361900635,40101,0,pass,2672.6011383159903,0.32624525614208866,0.3207089612260461,0.6296839565038681,1.0882579954341054,55.9924750123173,32.951217286392826,25000,41.973192019950126,23237.57512281489,483413.0757836463,275121.7559412483,2441.4603127104065,0.5691235295926922,4.104046025066527,81.10781204491764,0.00990085596251436,
udp-c1-p64-q4,udp,udp,1,64,4,15.003824965038802,11780,0,pass,785.1331262160945,0.0958414460713006,1.1317679891362786,3.2711270032450557,3.676901978906244,0.09973300620913506,12.324910509879555,21244,27.42899850523169,64924.70288624788,1010827.68811545,572641.7691001698,1487.9456706281835,0.5665077993340112,3.921047443094134,63.70294742397827,0.007776238699216098,
stcp-udp-c1-p64-q4,stcp,udp,1,64,4,15.002100326993968,35412,0,pass,2360.4694828151205,0.28814324741395514,0.45808497816324234,0.9411029750481248,1.2349230237305164,3.2413070439361036,24.722504977029217,21192,44.321417273014866,29305.433186490456,586859.8073534395,329615.2344403027,10446.85417372642,0.561659241798766,3.798205385278382,95.47857245891296,0.011655099177113399,
tls-c1-p64-q4,tls,tls,1,64,4,15.005068038997706,38836,0,pass,2588.1921960677846,0.31594143018405574,0.2991969813592732,0.5490179755724967,0.9983030031435192,40.773966000415385,33.11654427081108,24800,41.857923497267755,25027.783499845504,499651.9593160985,285118.29271809664,2442.733546194253,0.5706337929873305,4.068380469893711,78.15405420634474,0.009540289820110442,
udp-c1-p64-q8,udp,udp,1,64,8,15.00249383598566,12024,0,pass,801.4667515582436,0.09783529682107465,0.8433260372839868,3.6377899814397097,4.785690980497748,0.09679899085313082,7.976827140095109,20756,27.842192440897456,66903.60944777113,1042821.3079673985,600233.2044244844,1707.0858283433136,0.575585864844305,3.6808265519704113,100.47437878272584,0.012264938816250712,
stcp-udp-c1-p64-q8,stcp,udp,1,64,8,15.001417308987584,33080,0,pass,2205.1249771034136,0.26918029505656904,0.4047970287501812,0.7303929887712002,1.1425240081734955,2.916684956289828,26.44116831296719,21144,43.61904761904762,31560.066505441355,617560.597490931,349401.0460096735,10609.03869407497,0.5657761318148289,3.6840737303648043,83.39741084821821,0.010180348003932888,
tls-c1-p64-q8,tls,tls,1,64,8,15.002731944026891,39992,0,pass,2665.6478399537227,0.3253964648381009,0.37008500657975674,0.769014994148165,1.189457019791007,60.93408999731764,31.234271314603184,24772,42.66729205753596,24829.465893178636,500618.5083266653,286889.6382526505,2468.593718743749,0.5730703789030674,4.020188819539322,85.34368588606814,0.010417930406014178,
udp-c2-p64-q1,udp,udp,2,64,1,15.000912335002795,21070,0,pass,1404.5812367582291,0.17145767050271352,1.2505670310929418,3.348369966261089,3.8035199977457523,0.18968700896948576,22.480865994604,21396,28.12778603268945,38495.49121974371,586512.6283341243,331401.4896535358,825.0118652112008,0.5650372620190935,3.8119891922416653,62.47896487152077,0.007626826766543063,
stcp-udp-c2-p64-q1,stcp,udp,2,64,1,15.001200169033837,55728,0,pass,3714.9027659157755,0.45347934154245306,0.43852999806404114,1.0325240436941385,1.4436759520322084,4.275295010302216,42.397967684805806,21508,55.21491782553729,18580.65963250072,439864.3708907551,241343.7842556704,9086.18647717485,0.5486777293803836,3.8605794468038765,87.61983106202254,0.010695780158938299,
tls-c2-p64-q1,tls,tls,2,64,1,15.006841260998044,67418,0,pass,4492.484382787181,0.5483989725082008,0.373508024495095,0.6766159785911441,1.0872790007852018,56.08287049108185,61.33631215199404,26212,54.30350194552529,14349.75822480643,358116.044305675,194257.51975733484,2817.7044706161555,0.5424429395057306,4.369103820858015,73.24347071363876,0.008940853358598481,
udp-c2-p64-q4,udp,udp,2,64,4,15.00508837000234,51544,0,pass,3435.1013955402623,0.4193239008227859,0.2483529970049858,0.5211509997025132,0.6883490132167935,0.45270699774846435,42.617049912109266,21708,34.263998759112766,16644.38149930157,310525.916207512,197127.1346616483,1058.8429303119665,0.6348170132438032,3.384357295138703,80.60392267002527,0.009839346029055819,
stcp-udp-c2-p64-q4,stcp,udp,2,64,4,15.002571831981186,57016,0,pass,3800.4150647329825,0.4639178545816629,0.40430796798318624,1.0320350411348045,2.0205589826218784,3.700121509609744,38.588310489932134,21492,56.58324265505985,18887.312333380105,438670.5706643749,241574.1576399607,9031.938403255226,0.5506960662396204,3.8359665475131033,98.48617408954787,0.012022238048040512,
tls-c2-p64-q4,tls,tls,2,64,4,15.004560277971905,67416,0,pass,4493.034034391063,0.5484660686512528,0.4008850082755089,0.7445709779858589,1.2168329558335245,66.72708346741274,58.16828243086446,26560,55.48905339423531,14146.80491278035,365732.16147502075,198014.07400320398,2886.2881215141806,0.5414182696009036,4.359997225308658,77.241992485015,0.009428954160768433,
udp-c2-p64-q8,udp,udp,2,64,8,15.001028931001201,102456,0,pass,6829.931498116367,0.8337318723286581,0.25324197486042976,0.5201729945838451,0.8648360380902886,0.20582054276019335,48.349396787117094,21708,52.308856926570776,9366.362145701569,220980.22109002888,165312.8349730616,2773.9029437026625,0.7480888296591576,3.0665757038339976,141.2619795069756,0.017243893982785106,
stcp-udp-c2-p64-q8,stcp,udp,2,64,8,15.002792095008772,51504,0,pass,3432.9609897836744,0.41906262082320245,0.4688400076702237,1.1488780146464705,2.294822013936937,4.057982994709164,31.3590961616085,21824,59.68293441094187,17409.133271202234,503726.07102360984,362778.03477399814,10136.33892513203,0.7201891179402438,3.1686870924100075,109.47257446745199,0.013363351375421386,
tls-c2-p64-q8,tls,tls,2,64,8,15.005325406964403,53744,0,pass,3581.661746239496,0.437214568632751,0.4478179616853595,1.1997210094705224,1.9721580320037901,62.12323601357639,37.309967282692746,26188,64.18590522478736,13851.909050312594,505483.6421740101,334135.5764178327,5663.329860077404,0.6610215416284594,3.745789496845079,95.9974507375392,0.011718438810734765,
udp-c4-p64-q1,udp,udp,4,64,1,15.000998611038085,152901,0,pass,10192.721429058187,1.2442286900705795,0.37888699444010854,0.9142170310951769,1.2784380232915282,0.10682150605134666,86.63792549408565,22464,54.99560503955464,7200.678870641788,152478.4724037122,110268.23782709074,1656.7582945827692,0.7231724983126613,3.0895420230149844,117.64733944090102,0.014361247490344363,
stcp-udp-c4-p64-q1,stcp,udp,4,64,1,15.001532730006147,69411,0,pass,4626.927211321797,0.5648104506008053,0.7142590475268662,1.835271017625928,2.9083709814585745,7.7280642435653135,48.819264883189035,22436,66.19249394673123,12886.257221477863,403863.29326763767,283257.04113180906,7302.4016366282,0.7013686211489797,3.3117024712457117,94.77666700620648,0.011569417359156065,
tls-c4-p64-q1,tls,tls,4,64,1,15.006293213984463,51440,0,pass,3427.8951681460367,0.41844423439282674,0.8252399857155979,3.028161998372525,4.793529980815947,127.75587850774173,35.39291098917413,29424,66.88014638609332,13588.219284603421,549458.1777604977,345636.9510692068,6613.374805598756,0.629050517507933,3.812807011821494,96.85259201184525,0.011822826173320953,
udp-c4-p64-q4,udp,udp,4,64,4,15.000923434039578,151376,0,pass,10091.112101572548,1.2318252077114926,0.35053101601079106,0.9093279950320721,1.2593710562214255,0.21168772946111858,89.51077618015773,22632,56.608851674641144,7206.650988267625,157737.05509459888,114840.74314290244,1672.3787126096606,0.7280517762552975,3.077788989583905,112.73628195628909,0.01376175316849232,
stcp-udp-c4-p64-q4,stcp,udp,4,64,4,15.004539160989225,70048,0,pass,4668.453942398978,0.5698796316405003,0.7250179769471288,1.7257679719477892,2.552963967900723,8.354577497811988,53.24768001387429,22432,66.72780070304142,13065.911946094107,405308.8533719735,282839.6755938785,7151.824463225217,0.6978373979270112,3.2953161274887064,87.67431634922985,0.010702431194974348,
tls-c4-p64-q4,tls,tls,4,64,4,15.007092161977198,60344,0,pass,4021.032145913711,0.4908486506242323,0.7587510044686496,2.3803869844414294,3.5488249850459397,85.28523023414891,50.55514364883079,29244,73.42001814333233,11920.207477131116,507198.31567347207,312311.327522206,6423.02465862389,0.6157578167575544,3.9366404502069012,79.53754763006606,0.009709173294685798,
udp-c4-p64-q8,udp,udp,4,64,8,15.00262536999071,142968,0,pass,9529.532096827166,1.1632729610384724,0.28697599191218615,0.8003069669939578,1.1547489557415247,0.4918194899801165,75.22034125155913,22344,56.39740566037735,7719.237871411784,166814.06278328018,122449.73988584858,1745.1877343181693,0.7340492632502549,3.0798634051156335,126.6882327076606,0.015464872156696851,
stcp-udp-c4-p64-q8,stcp,udp,4,64,8,15.005900825024582,69704,0,pass,4645.106002817116,0.5670295413595112,0.7152410107664764,1.7091470072045922,2.4669200065545738,7.645692516234703,52.441023646356854,22440,66.82342233009709,13119.117984620681,406473.4337340755,284363.1654998278,7577.685642143923,0.6995861030511158,3.312450667259005,88.57771416023489,0.010812709248075548,
tls-c4-p64-q8,tls,tls,4,64,8,15.013295270968229,61624,0,pass,4104.628523437133,0.5010532865523843,0.7245299639180303,2.30118801118806,3.454471006989479,83.15661999222357,52.928013847605726,29128,73.73257773012712,11346.650655588732,497679.9222218616,306052.11868752434,6385.921069713098,0.6149577369349628,3.9697120661709238,77.55115344504489,0.009466693535772081,
udp-c8-p64-q1,udp,udp,8,64,1,15.001385694020428,116876,0,pass,7791.01360260252,0.9510514651614405,0.9763060370460153,1.6289689810946584,2.5529650156386197,0.14801035285927355,64.34796222756763,24356,53.97252090800478,8680.088298709743,197218.54205311614,146717.86288887367,1834.8163865977617,0.743935440154297,2.9941770632091593,121.0763065821645,0.014779822580830628,
stcp-udp-c8-p64-q1,stcp,udp,8,64,1,15.003777230973355,66017,0,pass,4400.025339200348,0.537112468164105,1.6539019998162985,3.478915023151785,4.841440997552127,13.659482487128116,58.55728770661058,24092,62.90571870170015,13115.515700501386,403510.0276443946,272574.9490282806,7844.343123740855,0.6755097280221632,3.4348348799994906,75.14052497181534,0.009172427364723552,
tls-c8-p64-q1,tls,tls,8,64,1,15.016479521000292,57384,0,pass,3821.4016753893247,0.46647969670279843,1.6490130219608545,4.833129001781344,7.074673019815236,165.0102987405262,54.317285143919456,34064,77.69219151185621,11546.755193085179,555928.9570089224,322090.23919559456,8414.296668060784,0.5793730208416275,4.109322322204429,70.35332611458972,0.008588052504222378,
udp-c8-p64-q4,udp,udp,8,64,4,15.001615134999156,178468,0,pass,11896.585693871692,1.4522199333339467,0.7670630002394319,1.4172810479067266,2.4224320077337325,0.1972042373381555,139.94742440112054,24544,47.95822942643391,5139.106170293834,120174.31709326041,107890.37422955375,648.4916063383912,0.8977822952455491,2.0391603670018474,85.00753582840812,0.010376896463428726,
stcp-udp-c8-p64-q4,stcp,udp,8,64,4,15.006446695013437,91496,0,pass,6097.112918170271,0.7442764792688319,1.2134159915149212,2.3231880040839314,3.7678470253013074,18.414695870887954,73.1586778877381,24356,70.23390918819752,8354.671242458686,321324.5107545685,247597.9001595698,5920.127655853808,0.7705540407674908,2.8840630147149966,83.34093909578688,0.010173454479466172,
tls-c8-p64-q4,tls,tls,8,64,4,15.017435931018554,73452,0,pass,4891.114590892624,0.5970598865835722,1.3649709871970117,3.507270012050867,4.862463043536991,136.00700000824872,83.6441590808108,34340,70.30010884776861,6194.698578663618,403737.888566683,274566.5915291619,8113.761367968197,0.680061493618807,3.8911799521288306,58.4752676653392,0.007138094197429102,
udp-c8-p64-q8,udp,udp,8,64,8,15.002710903005209,154000,0,pass,10264.811539436656,1.2530287523726387,0.7250180351547897,1.3136370107531548,2.002477995119989,0.12662162043852732,114.12540114047182,24572,46.52725914861837,5504.168831168831,127348.13652597403,117556.47184415585,318.2987012987013,0.9231110485874988,1.9569500532332955,89.94326799169066,0.010979402831016926,
stcp-udp-c8-p64-q8,stcp,udp,8,64,8,15.005789791001007,91840,0,pass,6120.304314477108,0.7471074602633189,1.2139040045440197,2.3295439896173775,3.8553570047952235,17.420240248611663,86.04359503785037,24356,69.96628869138829,8513.185975609756,317930.2894817073,249146.9494011324,5941.191202090592,0.7836527617651464,2.792302062881968,71.13027194859538,0.008682894524975022,
tls-c8-p64-q8,tls,tls,8,64,8,15.028775814978871,73568,0,pass,4895.142552241433,0.5975515810841593,1.3654599897563457,3.4759819973260164,4.821396025363356,150.02795436885208,87.38500834453005,34524,70.65727699530517,6184.183340582862,403442.9108443889,273278.2492523923,8099.798825576338,0.677365351842303,3.881976130712175,56.01810476393745,0.006838147554191583,
udp-c16-p64-q1,udp,udp,16,64,1,15.001709369011223,160326,0,pass,10687.1821108055,1.304587660010437,1.536568976007402,2.3818539921194315,3.57864802936092,0.1264383718080353,136.31730556147866,28264,46.67647058823529,5433.310879083867,122609.61336901064,111787.65283235408,324.52004041764906,0.9117364435031178,2.0081267916875327,78.3993056991991,0.009570227746484266,
stcp-udp-c16-p64-q1,stcp,udp,16,64,1,15.00727227400057,87594,0,pass,5836.770227175308,0.7124963656219858,2.617496997117996,4.211266990751028,7.155339000746608,28.61396418666118,81.40361404093717,25240,69.36267071320182,8781.35488732105,331599.89067744365,251696.67412151519,5954.174943489281,0.7590372650826579,2.8931334036720053,71.70161049901355,0.008752638000367866,
tls-c16-p64-q1,tls,tls,16,64,1,15.034809836011846,71001,0,pass,4722.440840584241,0.576469829172881,2.7279849746264517,7.84320302773267,10.93052001670003,254.73462632362498,96.35430150437313,42540,68.20528868721641,6037.027647497922,408855.7284686131,254569.7854396417,8063.844171208856,0.6226396445346232,4.08781675919044,49.011209326964085,0.0059828136385454206,
udp-c16-p64-q4,udp,udp,16,64,4,15.00285749300383,163244,0,pass,10880.860534476473,1.32823004571246,1.497947028838098,2.8467850061133504,4.3564660008996725,0.1805824358598329,139.68589656852146,28200,46.84466019417476,5370.439342334174,125275.31815564432,114282.34555021931,513.9116904756071,0.9122494936171933,1.9657560278978994,77.89519773844155,0.009508691130180854,
stcp-udp-c16-p64-q4,stcp,udp,16,64,4,15.015122523996979,79716,0,pass,5309.047586697937,0.648077097985588,2.6634520036168396,6.362854968756437,9.693149011582136,33.50548581511248,59.27416833113409,24868,72.52094440213253,9134.126147824778,377805.24641226354,282853.6602814993,7887.927141351799,0.7486758401783747,3.00152963108192,89.56764364940621,0.010933550250171656,
tls-c16-p64-q4,tls,tls,16,64,4,15.05329679400893,71128,0,pass,4725.077899766666,0.5767917358113606,2.723584999330342,7.786002999637276,10.819053975865245,273.07189913335606,94.36516262439922,42540,68.33698715941121,6032.420425149027,407983.03001630865,255543.78803003038,8071.533010909909,0.6263588660043417,4.033324395014075,50.07226998138974,0.0061123376442126145,
udp-c16-p64-q8,udp,udp,16,64,8,15.009424946969375,184112,0,pass,12266.425972380437,1.4973664517065963,1.1391050065867603,2.8286969754844904,4.1931780287995934,0.3222371160518378,161.46097592428603,27936,48.119950279676814,5035.749978274094,117322.15541083689,104744.39055574867,634.7766576866255,0.8927929272093272,2.1127345877584944,75.97145937066885,0.0092738597864586,
stcp-udp-c16-p64-q8,stcp,udp,16,64,8,15.023279817949515,82912,0,pass,5518.901398677165,0.6736940183932086,2.5866979849524796,5.857834999915212,9.217950981110334,28.328638629318448,80.19066506107518,24868,72.06644315757391,8830.507043612506,359294.5134238711,271652.6679491509,7188.5372443072165,0.7560724080099539,2.942207281397132,68.82224252004687,0.008401152651372909,
tls-c16-p64-q8,tls,tls,16,64,8,15.039816966978833,70904,0,pass,4714.4190754233,0.5754906097928832,2.7470519999042153,7.831958995666355,10.982342006172985,224.2589287525334,82.49538559705174,42168,68.10615577889448,6030.37910414081,408719.1093027192,256204.65597145437,8047.162360374591,0.6268477547050425,4.054090143552956,57.14767003394413,0.006976033939690446,
udp-c1-p1024-q1,udp,udp,1,1024,1,15.000463447009679,10019,0,pass,667.9126971905174,1.3045169867002293,1.2847930192947388,3.518515033647418,4.005445982329547,0.30897598480805755,9.504279684666733,21088,26.887204896531625,73386.86495658249,1123648.9276374888,627348.5050404232,1539.8742389460026,0.5583136241312003,3.876270699606849,70.27494132649124,0.1372557447783032,
stcp-udp-c1-p1024-q1,stcp,udp,1,1024,1,15.000379659992177,27575,0,pass,1838.2868050697311,3.5904039161518186,0.48888701712712646,0.9968390222638845,2.09976703627035,2.9875849722884595,22.978885055778637,21024,39.61171128855488,21343.753399818677,665235.2216137806,521056.3619220308,10565.766092475069,0.7832663469892812,2.8925957240022586,79.99895558933771,0.15624796013542522,
tls-c1-p1024-q1,tls,tls,1,1024,1,15.002790939994156,25046,0,pass,1669.4227160916337,3.260591242366472,0.5177309503778815,0.9479500004090369,1.422171015292406,41.52062500361353,26.842125682526962,24740,42.391477182381934,37279.60552583246,791506.3753493571,509621.20881577895,2735.366924858261,0.6438624181527799,3.672627867138393,62.19413230668069,0.12147291466148573,
udp-c1-p1024-q4,udp,udp,1,1024,4,15.00180966197513,11696,0,pass,779.6392744300497,1.5227329578711908,1.0931500000879169,3.3048709738068283,3.683270013425499,0.09435502579435706,13.019962551256889,21184,27.595546193198917,67810.8755129959,1049710.4768296853,604205.1592852257,1456.3953488372094,0.5755921967265051,3.7758900277468443,59.88030083502712,0.11695371256841235,
stcp-udp-c1-p1024-q4,stcp,udp,1,1024,4,15.002620514016598,25272,0,pass,1684.5057152774716,3.2900502251513117,0.5377749912440777,0.9675060282461345,1.2725709821097553,2.7338520158082247,27.124767944360322,21028,42.19469588693028,39568.21779044001,780194.1416983223,453587.52587844257,10896.486229819564,0.5813777643742309,3.7909415963344335,62.10212447652322,0.12129321186820942,
tls-c1-p1024-q4,tls,tls,1,1024,4,15.006360598024912,22532,0,pass,1501.4966388962816,2.9326106228443,0.6404410232789814,1.0271499631926417,1.4427030109800398,52.49612400075421,35.84388742936078,24976,41.62094372158646,41397.567903426236,853384.3822119652,545276.1119297,2783.108467956684,0.6389572193908082,3.6943020586875335,41.889893830722215,0.08181619888812933,
udp-c1-p1024-q8,udp,udp,1,1024,8,15.009594550007023,9320,0,pass,620.9361597975769,1.2127659371046424,1.4123920118436217,3.4393160021863878,3.7737140082754195,0.2615540288388729,10.784868269471295,20972,26.717334112832503,75571.45922746781,1167965.0560085836,650381.3690987125,1596.4592274678112,0.5568500236825001,3.96268806352714,57.57475606403647,0.11245069543757123,
stcp-udp-c1-p1024-q8,stcp,udp,1,1024,8,15.001820039993618,27128,0,pass,1808.3139197563353,3.5318631245240923,0.5015970091335475,0.884394976310432,1.2999490136280656,3.919890965335071,21.31483374334199,21144,41.671826625387,35935.63845473312,706779.4941757594,410945.08972279564,10740.82129165438,0.581433237819154,3.7712789167350818,84.83828405751414,0.1656997735498323,
tls-c1-p1024-q8,tls,tls,1,1024,8,15.006340891006403,22912,0,pass,1526.8212395289258,2.9820727334549333,0.6311520119197667,0.9851059876382351,1.361548958811909,48.79476601490751,35.88209836834435,24960,41.099107562235794,39738.084846368714,830315.9719361033,530641.1123428771,2744.457053072626,0.639083349324891,3.6767308195106976,42.551057740700784,0.08310753464980622,
udp-c2-p1024-q1,udp,udp,2,1024,1,15.00212622701656,16926,0,pass,1128.2400736982756,2.2035938939419446,1.6284809680655599,3.7595360190607607,4.350111004896462,0.19433247507549822,15.959144482389357,21224,27.278089059274553,43776.14321162709,679552.0480916932,377850.7977076687,870.081531371854,0.5560292236168561,3.8926731411302167,70.69552349396105,0.13807719432414267,
stcp-udp-c2-p1024-q1,stcp,udp,2,1024,1,15.000650990987197,43718,0,pass,2914.4068498271827,5.692200878568716,0.6032859673723578,1.21879403013736,1.484258973505348,5.255772499367595,47.27077514342825,21596,53.21619556913675,23851.777299967976,536529.7727938149,304754.3741708221,9573.402259938697,0.5680101825177506,4.003787542799426,61.65346011323771,0.12041691428366741,
tls-c2-p1024-q1,tls,tls,2,1024,1,15.00528771901736,45248,0,pass,3015.4703360105327,5.889590500020572,0.5739530315622687,1.0369279771111906,1.4774139854125679,56.03493002126925,62.72561497152264,26440,54.586796299200245,20230.33062234795,531679.1374425389,346197.4639100071,2756.1881188118814,0.651139831393934,3.8174562086342054,48.07398600044899,0.09389450390712693,
udp-c2-p1024-q4,udp,udp,2,1024,4,15.006342819018755,15752,0,pass,1049.6894673121963,2.0501747408441333,1.920834998600185,3.489670983981341,3.9756239857524633,0.5165085021872073,22.91199822279432,21284,26.709810266215623,44879.12646013204,694004.906424581,385076.5668486541,909.7892331132555,0.5548614473527519,3.823882097592879,45.813964242887295,0.08948039891188925,
stcp-udp-c2-p1024-q4,stcp,udp,2,1024,4,15.000954504997935,43328,0,pass,2888.3495370620726,5.641307689574361,0.6218630005605519,1.2383490102365613,1.4984370209276676,4.596998012857512,46.79541556946389,21512,53.32611386138614,23000.623153618908,539779.6309084195,308272.1461641433,9467.134416543575,0.5711074084906431,3.985061907021355,61.722916698422274,0.120552571676606,
tls-c2-p1024-q4,tls,tls,2,1024,4,15.004693654016592,44740,0,pass,2981.7336515913203,5.823698538264297,0.5895970389246941,1.0823949705809355,1.5409690095111728,69.14148648502305,61.34254528772816,26404,54.37490146618319,20518.663388466695,541490.6268886902,351695.44754135003,2814.796602592758,0.649494986759291,3.8012407930175907,48.60792191790302,0.09493734749590434,
udp-c2-p1024-q8,udp,udp,2,1024,8,15.001626534969546,90928,0,pass,6061.2094153952075,11.838299639443765,0.3094649873673916,0.558796979021281,0.8819510112516582,0.18015451496466994,47.96021273578923,21388,51.66006701187938,9937.664965687138,246079.19204205525,182974.80560443428,3325.2353510469825,0.7435606565758053,3.2450228558832865,126.37995266589313,0.24683584505057252,
stcp-udp-c2-p1024-q8,stcp,udp,2,1024,8,15.004405518993735,47808,0,pass,3186.2641901727425,6.223172246431138,0.5695529980584979,1.119550026487559,1.454925979487598,4.898396990029141,43.68375669201171,21856,54.127032832157106,19563.064759036144,492843.9751296854,284319.80568105757,9465.737951807228,0.5768961781591071,3.9499029330751485,72.93933561248414,0.1424596398681331,
tls-c2-p1024-q8,tls,tls,2,1024,8,15.007239755999763,36760,0,pass,2449.4844220306186,4.784149261778552,0.6893289973959327,1.5370590263046324,2.4155870196409523,55.79635701724328,40.344214515393766,26432,63.10119860415718,18347.225244831337,718982.0319096844,538056.5991838955,6693.22633297062,0.7483588953603836,3.284135855398144,60.71463904932371,0.11858327939321037,
udp-c4-p1024-q1,udp,udp,4,1024,1,15.000630739028566,150071,0,pass,10004.312659303454,19.53967316270206,0.35688700154423714,0.9362180135212839,1.3190160389058292,0.32743198971729726,85.61925977275095,22436,56.635318704284224,7127.7795176949585,160463.15023555516,114069.13822790545,1690.793024635006,0.7108743537719117,3.2771035160381787,116.8465212833738,0.22821586188158946,
stcp-udp-c4-p1024-q1,stcp,udp,4,1024,1,15.001494712021668,59300,0,pass,3952.9394329272454,7.720584829936026,0.8594630053266883,1.9076350145041943,2.7494970127008855,7.767916264128871,47.70584623320877,22440,66.81552202032645,14422.81618887015,477020.0076391231,341058.9062394604,8063.423271500844,0.7149781996093537,3.4421762424610076,82.86069203349639,0.16183728912792264,
tls-c4-p1024-q1,tls,tls,4,1024,1,15.007997574983165,47850,0,pass,3188.300088731436,6.227148610803586,0.9855949901975691,2.739230985753238,3.885179990902543,94.33026202896144,53.3300525937017,28976,75.0458435207824,14047.816091954022,650621.1854754441,455740.0440752351,6337.701149425287,0.700469112056659,3.4977766954539127,59.78430422751872,0.1167662191943725,
udp-c4-p1024-q4,udp,udp,4,1024,4,15.001328999991529,156440,0,pass,10428.409376268486,20.367987063024387,0.3935539862141013,0.9327950538136065,1.1914169881492853,0.26522050029598176,90.94508893183867,22548,58.6586284853052,6925.575300434672,159192.14103809767,113813.3467143953,1673.2037841984147,0.7149432501643258,3.297546043380507,114.66709746234179,0.2239591747311363,
stcp-udp-c4-p1024-q4,stcp,udp,4,1024,4,15.003346212033648,55696,0,pass,3712.2385375155995,7.250465893585155,0.9093289845623076,2.1398559911176562,3.2804280053824186,7.043019504635595,39.74088790417781,22552,66.30669546436285,15737.521545532893,502494.7583309394,359665.2103562195,8673.746768170067,0.7157591286143259,3.442692928267155,93.41106183803572,0.18244348015241352,
tls-c4-p1024-q4,tls,tls,4,1024,4,15.007550350972451,47708,0,pass,3178.9331959101933,6.208853898262096,0.9816839592531323,2.794474014081061,3.988824028056115,78.58836800733116,50.194540906616936,29436,74.25003806913355,14028.024649953886,646434.9261339817,456288.18692881695,6250.670747044521,0.7058532397957804,3.4934072548456485,63.332249652892585,0.12369580010330583,
udp-c4-p1024-q8,udp,udp,4,1024,8,15.002966988948174,171272,0,pass,11415.875281613715,22.296631409401787,0.27182104531675577,0.6692850147373974,1.0227510356344283,0.17868824943434447,99.78214983094844,22504,57.711663706335116,6442.746041384465,143323.90979844925,100133.40889345603,1546.8552945023123,0.698651111557518,3.370507993615986,114.40799081754166,0.22345310706551105,
stcp-udp-c4-p1024-q8,stcp,udp,4,1024,8,15.008147722983267,57024,0,pass,3799.5361621257393,7.420969066651835,0.9137289598584175,2.0254559931345284,2.84043001011014,9.430496720597148,43.83518953458355,22656,65.67809700339821,15258.592873176207,487882.57749368687,349007.63261083054,8470.924523007856,0.7153517028702396,3.406742084017128,86.67776283088989,0.16929250552908182,
tls-c4-p1024-q8,tls,tls,4,1024,8,15.013729086029343,47456,0,pass,3160.840303436607,6.173516217649623,0.984127982519567,2.769053040537983,3.857314004562795,97.90500749659259,58.53960697997653,29224,74.21316709746085,14068.96915037087,649199.2932189818,455182.19118762645,6571.076365475387,0.7011440029927585,3.514679170502699,53.994901341202585,0.1054587916820363,
udp-c8-p1024-q1,udp,udp,8,1024,1,15.001416056009475,113569,0,pass,7570.55197829174,14.786234332601055,0.9665279649198055,1.9017690210603178,3.2950949971564114,0.336598270223476,76.61146092535748,24472,54.823247453565,8963.405506784422,203127.7483027939,150119.36237881816,1899.3563384374256,0.7390391693558361,3.1515575244509297,98.81748614176313,0.1930029026206311,
stcp-udp-c8-p1024-q1,stcp,udp,8,1024,1,15.003703996015247,57543,0,pass,3835.2529492239073,7.490728416452944,1.9418569863773882,3.7067370139993727,5.405617004726082,13.897086137149017,51.820203878088414,23616,62.53464736680012,14610.221920998209,458367.9460055958,318770.50390143023,8147.750377978207,0.6954467621030783,3.4801483412155276,74.0107653425424,0.14455227605965312,
tls-c8-p1024-q1,tls,tls,8,1024,1,15.012257329013664,51311,0,pass,3417.940345375843,6.675664737062194,1.8827010062523186,5.225218017585576,7.466274022590369,165.34445513389073,55.71226776026433,33776,79.54409118176365,12081.717370544327,634793.315409951,419428.6897741225,7591.647015259886,0.6607326819490127,3.699378659704491,61.34986929779264,0.11982396347225124,
udp-c8-p1024-q4,udp,udp,8,1024,4,15.002393738017417,137308,0,pass,9152.406102504106,17.875793168953333,0.8364850073121488,1.356170978397131,2.3593660444021225,0.17764898802852258,94.15076851506909,24636,46.27306273062731,5718.224721065051,139521.60207708218,128691.90980132257,150.20974742913742,0.9223798170710764,2.188220918580598,97.21010509902783,0.18986348652153873,
stcp-udp-c8-p1024-q4,stcp,udp,8,1024,4,15.007656486006454,60168,0,pass,4009.1535981052257,7.830378121299269,1.8631460261531174,3.5996719961985946,5.187573959119618,14.393673503946047,52.259891524789445,23656,63.69676834793114,14105.753889110489,446372.09232482384,310008.33363249566,7769.113149847095,0.6945065315752388,3.5186342481639348,76.71568924331744,0.14983533055335438,
tls-c8-p1024-q4,tls,tls,8,1024,4,15.015109863015823,61356,0,pass,4086.283787448525,7.9810230223604,1.6392369871027768,4.0235359920188785,5.7952600182034075,153.47258960537147,89.25752873118272,34160,77.27949940405244,6849.533867918378,529633.8836788578,379694.46202490386,7571.8267162135735,0.7168998693730302,3.6339277642774204,45.780830430060455,0.08941568443371183,
udp-c8-p1024-q8,udp,udp,8,1024,8,15.00525861600181,166264,0,pass,11080.382168334894,21.64137142252909,0.5143089802004397,1.2437279801815748,1.9311009673401713,0.3230932488804683,126.46241884670835,24476,45.25547445255474,5247.353606312852,115972.68197565318,98484.15901818794,555.2675263436462,0.8492013579444795,2.504218450585766,87.61798381988882,0.17112887464822035,
stcp-udp-c8-p1024-q8,stcp,udp,8,1024,8,15.009270730020944,79600,0,pass,5303.388914212018,10.358181473070347,1.386481977533549,2.776385983452201,4.36233397340402,13.6514831247041,66.6264149663056,24100,71.53073645769933,9020.929648241206,375029.97694723617,293583.3859422111,6042.927135678392,0.7828264511866366,3.046714146500487,79.5988935753793,0.15546658901441268,
tls-c8-p1024-q8,tls,tls,8,1024,8,15.026612350018695,62448,0,pass,4155.8269119734305,8.116849437448106,1.6314139938913286,3.949225996620953,5.595794995315373,133.1883311358979,79.46844386376377,34052,74.93150684931507,6567.384063540867,496222.7603766334,392123.3938476813,7536.510376633359,0.7902164615546038,3.367691800344764,52.29531006166355,0.10213927746418662,
udp-c16-p1024-q1,udp,udp,16,1024,1,15.00208146701334,154002,0,pass,10265.37553063023,20.049561583262168,1.5991479740478098,2.6996320229955018,4.218602960463613,0.2095798117807135,135.61748777818386,28104,47.059703725871614,5458.916117972493,131060.71524395786,117716.78438591707,385.18980272983464,0.8981851210471249,2.232494911337916,75.69359747630993,0.14783905757091784,
stcp-udp-c16-p1024-q1,stcp,udp,16,1024,1,15.010506679012906,72001,0,pass,4796.706836063631,9.36856803918678,2.9895409825257957,7.1396990097127855,10.779947973787785,30.25336818609503,63.07654499923,24460,73.35052328226908,9404.897154206192,421604.206177692,315258.8983486341,7546.7562950514575,0.7477603252747508,3.1311751240586183,76.04580809114047,0.14852696892800873,
tls-c16-p1024-q1,tls,tls,16,1024,1,15.019943532999605,58151,0,pass,3871.5857933979046,7.561691002730282,3.394828992895782,9.213556011673063,12.71007303148508,255.68204392766347,103.33865081382399,41920,72.06626783248964,6268.23270451067,514662.67393509997,373508.7172705542,7947.223607504599,0.7257350031132322,3.590730629827072,37.465031359592594,0.07317388937420428,
udp-c16-p1024-q4,udp,udp,16,1024,4,15.004889892996289,149764,0,pass,9981.012927652613,19.49416587432151,1.5751930186524987,3.414384031202644,5.5957959848456085,0.4247814467817079,118.51445846530608,27928,45.4601226993865,5450.528832029059,134268.5212868246,121656.02879196603,511.75182286797894,0.9060651567919203,2.2159477088100186,84.21768159683617,0.16448765936882065,
stcp-udp-c16-p1024-q4,stcp,udp,16,1024,4,15.012925859016832,75824,0,pass,5050.5811266935525,9.864416263073345,2.976830000989139,6.362857995554805,9.596354037057608,29.453399507474387,82.35090292259424,24936,73.57426044525769,9044.009812196666,402588.5493775058,295825.7294656046,7235.070690018992,0.7348090995708123,3.187770825994086,61.330003041264135,0.11978516218996901,
tls-c16-p1024-q4,tls,tls,16,1024,4,15.028881082951557,57964,0,pass,3856.840684284416,7.532891961493,3.3752729650586843,9.255112032406032,12.778518022969365,292.7610261285736,96.07771809692309,42012,71.96748964882687,6310.278793734043,513289.32789317507,373791.21901525086,7960.113173694017,0.7282271395540171,3.6094400510387974,40.14292554693732,0.07840415145886195,
udp-c16-p1024-q8,udp,udp,16,1024,8,15.006731448986102,148568,0,pass,9900.090536373107,19.336114328853725,1.6499919584020972,2.498210989870131,3.75856104074046,0.15913250535959378,130.28030165303525,27832,47.29609929078014,5563.768779279522,133533.45764229173,121298.7430940714,272.5755209735609,0.9083771605690418,2.192788923107037,75.99069399408668,0.14841932420720055,
stcp-udp-c16-p1024-q8,stcp,udp,16,1024,8,15.02430304599693,75472,0,pass,5023.327855471388,9.811187217717555,3.0257199541665614,5.017443036194891,8.62200401024893,32.643693120917305,65.90741660151963,24828,70.177031320926,9523.942654229382,388412.57313970744,302029.82722069114,5712.688149247403,0.777600541556245,2.937762834442795,76.21794502798893,0.14886317388279088,
tls-c16-p1024-q8,tls,tls,16,1024,8,15.039681928989012,58440,0,pass,3885.720474404236,7.5892978015707735,3.3420289983041584,9.182757989037782,12.849406979512423,282.60754943767097,78.02456897297442,42024,72.24095646842427,6376.967830253251,511650.4982546201,373652.1948665298,7934.120465434634,0.7302879526965373,3.5753974516746196,49.80124242339799,0.0972680516081992,
udp-c1-p4096-q1,udp,udp,1,4096,1,15.00066641398007,7634,0,pass,508.9107236519434,3.9758650285308077,1.82794698048383,3.860249009449035,4.272869962733239,0.1759990118443966,20.673714849826936,20928,28.604752879428485,105473.80141472361,1595894.9208802725,898984.8587896253,1659.287398480482,0.5633108088932061,3.913927989905637,24.616317258347188,0.1923149785808374,
stcp-udp-c1-p4096-q1,stcp,udp,1,4096,1,15.00060815201141,17571,0,pass,1171.352509307693,9.151191478966352,0.8252410334534943,1.123950001783669,1.274527981877327,3.567405976355076,33.24037232004757,21156,40.968890264664914,26806.385521598088,1046381.5746400319,1049229.322918445,15040.122929827556,1.0027215199000354,1.9702690540341434,35.23885045659491,0.27530351919214774,
tls-c1-p4096-q1,tls,tls,1,4096,1,15.002382351958659,9805,0,pass,653.5628655484769,5.105959887097476,1.596704008989036,1.8807469750754535,2.151101012714207,67.52649502595887,42.5195468982777,24736,36.19705617302493,25911.269760326366,1611063.914737379,1796986.376746558,3167.1596124426314,1.115403529499006,1.739763814125611,15.370880294468757,0.12008500230053716,
udp-c1-p4096-q4,udp,udp,1,4096,4,15.010306089010555,6136,0,pass,408.7858011431445,3.1936390714308165,2.386256994213909,4.252826038282365,5.027222039643675,0.09728799341246486,8.281423394224335,20844,27.45387453874539,117551.17340286831,1831845.4903846155,1033552.7920469361,1431.0625814863104,0.5642139566202883,3.7126035676880385,49.36178017757691,0.3856389076373196,
stcp-udp-c1-p4096-q4,stcp,udp,1,4096,4,15.000963248021435,18744,0,pass,1249.5197601708849,9.761873126335038,0.705953047145158,1.3889270485378802,2.5089660193771124,4.0548259858042,17.02799985418876,21644,46.75925925925926,55674.029022620576,1136540.8038305591,718481.8272513871,13843.790012804098,0.6321654487281407,3.5518252213792567,73.38030131962401,0.5732836040595626,
tls-c1-p4096-q4,tls,tls,1,4096,4,15.003778848040383,11748,0,pass,783.0027434411555,6.117208933134028,1.111240009777248,1.915458997245878,2.5436769938096404,43.93820697441697,25.997783888353283,24932,43.28078663961292,78615.7643854273,1683462.6204460333,1200517.5385597548,3513.7895812053116,0.7131239648443621,3.178309499088778,30.118057246869107,0.2352973222411649,
udp-c1-p4096-q8,udp,udp,1,4096,8,15.012567196041346,6000,0,pass,399.66515530948874,3.1223840258553808,2.4581230245530605,4.2909589828923345,4.925045999698341,0.12075499398633838,8.006039102472302,20900,27.37430167597765,119970.5,1860373.7765,1045724.9473333333,1421.1666666666667,0.5621047557984289,3.753113827369181,49.92046006695999,0.3900035942731249,
stcp-udp-c1-p4096-q8,stcp,udp,1,4096,8,15.00092008599313,19376,0,pass,1291.6541044767002,10.09104769122422,0.6296859937720001,1.3591049937531352,2.4424779694527388,2.7886099996976554,15.380936547714748,21324,45.120425398811385,50446.06729975227,1048939.4701176714,664106.8775289017,13780.03715937242,0.6331222119560449,3.598434637554357,83.97759788357037,0.6560749834653935,
tls-c1-p4096-q8,tls,tls,1,4096,8,15.009156050975434,11464,0,pass,763.8004402822478,5.967190939705061,1.1376389884389937,2.037680009379983,2.718210977036506,47.40441998001188,29.131124929011882,25000,42.40098249923242,76902.6517794836,1678968.100226797,1193226.4631891137,3505.6699232379624,0.7106903716800405,3.1173796461358005,26.219393934958337,0.204839015116862,
udp-c2-p4096-q1,udp,udp,2,4096,1,15.00212677300442,9891,0,pass,659.3065203127308,5.150832189943209,3.020342963282019,4.6766920131631196,5.078557005617768,0.43633198947645724,28.86548731072188,21576,28.136937995885987,77553.53351531696,1178077.4816499848,657173.1745020726,707.2085734506117,0.5578352737730399,3.813671262754734,22.840650955088364,0.17844258558662784,
stcp-udp-c2-p4096-q1,stcp,udp,2,4096,1,15.000698696996551,32218,0,pass,2147.766624127362,16.779426750995015,0.7758629508316517,1.5409719781018794,2.0381700014695525,5.816775985294953,32.026981522946755,21628,58.34741207187836,31824.13557638587,779747.382984667,507552.6968154448,11225.898566018994,0.6509193976037049,3.7104577988682856,67.06116286945512,0.5239153349176181,
tls-c2-p4096-q1,tls,tls,2,4096,1,15.009109270002227,23430,0,pass,1561.0519970580854,12.195718727016292,1.1743059731088579,1.6871489933691919,2.341279003303498,69.24129149410874,57.59653584025587,26276,59.10849713666615,41205.46308151942,1092148.8008962867,843642.6172855314,3002.6888604353394,0.7724612402569911,2.907489334364235,27.10322720428303,0.21174396253346117,
udp-c2-p4096-q4,udp,udp,2,4096,4,15.010694538999815,14760,0,pass,983.2989380772171,7.682022953728259,2.02594802249223,3.829939989373088,4.514381987974048,0.5343539814930409,31.948508362089058,21388,31.113838600797788,62548.91598915988,975833.1912601626,574352.0369918699,619.1056910569106,0.5885760416185152,3.5267935443839953,30.777616498804232,0.24045012889690806,
stcp-udp-c2-p4096-q4,stcp,udp,2,4096,4,15.003507205983624,30020,0,pass,2000.865503502246,15.631761746111296,0.879018974956125,1.6265269950963557,2.0293690031394362,5.071713501820341,35.39113173406766,21624,58.530986993114,34684.6435709527,839106.6600266489,536357.9948034644,11382.211858760826,0.639201212854669,3.705934662223996,56.53578751131611,0.4416858399321571,
tls-c2-p4096-q4,tls,tls,2,4096,4,15.007465080998372,23068,0,pass,1537.1016940900588,12.008606985078584,1.1850619921460748,1.9672809867188334,2.6287449873052537,53.77340901759453,56.94331423646061,26240,57.632640397145515,39560.12658227848,1084687.6417548119,841046.539535287,2983.3102132824692,0.7753813237649123,2.8978174508762327,26.993541115417862,0.21088703996420205,
udp-c2-p4096-q8,udp,udp,2,4096,8,15.010410819959361,41880,0,pass,2790.063543384976,21.797371432695126,0.5499979597516358,1.9335480174049735,2.999811025802046,0.11171100777573884,47.295947360481506,21544,58.12651331719129,23306.255969436486,567177.2903056352,365076.2354823305,4186.747851002865,0.6436721669261505,3.5854681026023516,58.99159862724804,0.4608718642753753,
stcp-udp-c2-p4096-q8,stcp,udp,2,4096,8,15.002167769009247,32328,0,pass,2154.888579954533,16.835067030894788,0.7963969837874174,1.6284830053336918,2.300214022397995,3.5857414768543094,31.321780107717874,21656,57.29943674836353,31667.625587725808,765768.032108389,494439.6436216283,11433.67978223212,0.6456780942660765,3.69934063671918,68.7984071321526,0.5374875557199422,
tls-c2-p4096-q8,tls,tls,2,4096,8,15.008095959958155,21176,0,pass,1410.9717885931643,11.023217098384096,1.26230699243024,2.2361690062098205,2.795944979880005,59.38413098920137,64.15911136023179,26516,55.701280666563804,41968.54930109558,1130681.5043917643,867599.2222799396,3093.4548545523235,0.7673241482327541,2.950928500761223,21.991760151898507,0.1718106261867071,
udp-c4-p4096-q1,udp,udp,4,4096,1,15.001301137031987,51455,0,pass,3430.0358035596632,26.79715471530987,0.9044409962370992,2.8643899713642895,4.953893949277699,0.15399976109620184,97.18714974669541,22564,81.7951771360524,21503.352443883003,647389.9637547372,412387.8179380041,7157.691186473618,0.6370006348974491,3.747895425850832,35.29310009090263,0.27572734446017677,
stcp-udp-c4-p4096-q1,stcp,udp,4,4096,1,15.003695497987792,17877,0,pass,1191.506452686777,9.308644161615446,3.5190089838579297,4.272383986972272,6.5501100034452975,8.729201246751472,19.00417800656114,21928,62.14458560193587,49752.027745147396,1446428.544666331,1028273.7034737372,25588.018123846283,0.7109052896290458,3.4865955297250957,62.69707915151146,0.4898209308711833,
tls-c4-p4096-q1,tls,tls,4,4096,1,15.009003926999867,19253,0,pass,1282.763339502201,10.021588589860945,2.2532810107804835,8.119436970446259,12.467599008232355,95.49004699510988,39.90734514517029,28384,90.74561403508771,40261.88126525736,1908951.9995844804,1352173.4709395939,17008.20651327066,0.7083328817245903,3.240321635134332,32.14353986304812,0.25112140518006343,
udp-c4-p4096-q4,udp,udp,4,4096,4,15.002422338991892,58220,0,pass,3880.7066408658493,30.318020631764448,0.8638629806227982,1.5820400440134108,2.872701035812497,0.4731207445729524,99.13860351300725,22624,80.60561299852289,19394.074201305393,565980.4592408107,353504.8024046719,6510.683613878393,0.6245883521824283,3.7839023542262353,39.14425363432409,0.30581448151815693,
stcp-udp-c4-p4096-q4,stcp,udp,4,4096,4,15.011825093999505,17204,0,pass,1146.029872602016,8.95335837970325,3.5654540406540036,4.048964008688927,5.29611500678584,6.133701259386726,18.671533823827886,21668,59.43268797838811,51899.38386421762,1438618.1272378517,1025147.1430481283,25663.91536851895,0.7125915652240612,3.471949156692917,61.37845360832098,0.47951916881500767,
tls-c4-p4096-q4,tls,tls,4,4096,4,15.020320221025031,18720,0,pass,1246.3116447941143,9.736809724954018,2.339325030334294,8.239704999141395,12.665602029301226,85.96397897053976,37.16243008046252,28236,90.29154950421785,41604.32692307692,1953329.2737713675,1383433.515758547,17377.297008547008,0.7082438861357456,3.230515379140766,33.536871568830485,0.26200680913148816,
udp-c4-p4096-q8,udp,udp,4,4096,8,15.00469776999671,51176,0,pass,3410.665165301175,26.64582160391543,0.9000420104712248,3.53514397284016,5.39633899461478,0.13444398064166307,84.2851565147038,22760,74.01953637556495,22329.76395185243,590688.4506409254,376242.9998632171,6476.21932155698,0.6369567569079357,3.748499303690868,40.46578669763963,0.3161389585753096,
stcp-udp-c4-p4096-q8,stcp,udp,4,4096,8,15.023916573030874,16696,0,pass,1111.2947758223477,8.681990436112091,3.5923440009355545,3.906209021806717,4.600918968208134,6.099969265051186,18.320888475518984,21824,56.33631810593413,53252.45567800671,1428825.2669501677,1020600.7742573072,25897.1609966459,0.7142936213857576,3.431873029492712,60.65725345729269,0.47388479263509914,
tls-c4-p4096-q8,tls,tls,4,4096,8,15.054343838011846,19728,0,pass,1310.4523327139166,10.237908849327473,2.2083049989305437,8.017264015506953,12.467605993151665,102.40406225784682,44.24309735228966,28356,89.78337236533957,39345.701540957016,1849353.268096107,1306636.732461476,16474.50324412003,0.7065371203018702,3.2314431357007005,29.61936236695459,0.23140126849183273,
udp-c8-p4096-q1,udp,udp,8,4096,1,15.00137300096685,45882,0,pass,3058.520043268231,23.894687838033054,2.2210159804672003,5.296119023114443,9.312818991020322,0.247254989517387,148.15659205705737,23504,73.56304544086669,24068.34924371213,655895.1486857592,416533.6394010723,7910.357002746176,0.635061320754843,3.758373569293648,20.6438336681661,0.16127995053254765,
stcp-udp-c8-p4096-q1,stcp,udp,8,4096,1,15.005884775018785,26800,0,pass,1785.9659994601318,13.95285937078228,4.733896988909692,5.377272958867252,7.403712021186948,13.43969988374738,40.42590017816797,22440,61.94319880418535,32635.298507462685,958244.2986940298,671408.4051119403,16110.932835820895,0.7006651706949764,3.4893457423911207,44.17875648010044,0.3451465350007847,
tls-c8-p4096-q1,tls,tls,8,4096,1,15.014479005010799,22745,0,pass,1514.8710782711332,11.834930298993228,4.20198799110949,12.11707602487877,17.952437978237867,162.48806400835747,58.430578890364174,32500,93.38150289017341,32395.207737964385,1661092.4345130797,1163183.9679489997,14563.464497691799,0.700252402443797,3.198946057867691,25.925998116731847,0.20254686028696756,
udp-c8-p4096-q4,udp,udp,8,4096,4,15.004528492980171,44356,0,pass,2956.1741990594264,23.09511093015177,2.510430000256747,4.9162390059791505,8.85617098538205,0.2798262648866512,140.48246840853167,23284,74.58079833803235,20643.92641356299,671001.9546397331,463655.2847641807,5495.243033636937,0.6909894696403998,3.384759628609587,21.043011505625667,0.16439852738770053,
stcp-udp-c8-p4096-q4,stcp,udp,8,4096,4,15.014372689998709,25072,0,pass,1669.8666349677615,13.045833085685636,4.83020901447162,5.537630000617355,7.058560033328831,15.426971498527564,25.177528745627036,22112,58.51322590453025,35277.04211869815,980542.2732530313,690950.3403797065,17859.16560306318,0.7046614503293374,3.516165036563353,66.32369093244675,0.5181538354097402,
tls-c8-p4096-q4,tls,tls,8,4096,4,15.021122999023646,23024,0,pass,1532.774879847301,11.97480374880704,4.209810984320939,11.769481003284454,16.684759000781924,150.32196436368395,57.206608324547624,32832,93.08495216004638,31883.46942321056,1638541.244310285,1154109.8824270326,14351.415913829047,0.7043520487717932,3.199446865538665,26.793668157207986,0.2093255324781874,
udp-c8-p4096-q8,udp,udp,8,4096,8,15.008710536989383,49040,0,pass,3267.4359252341874,25.52684316589209,2.077765006106347,4.9846829497255385,6.977871002163738,0.468230624392163,120.70203469747159,23532,93.45395704619006,17145.65660685155,769354.2123164764,593083.2758564437,4187.601957585644,0.7708845501355064,2.9368700848499385,27.07026383957579,0.21148643624668587,
stcp-udp-c8-p4096-q8,stcp,udp,8,4096,8,15.020941415044945,46768,0,pass,3113.5198991693865,24.32437421226083,2.139854012057185,5.280947952996939,7.827555004041642,22.939817870792467,62.862744345320024,23332,94.68627165526277,15366.511289770784,815262.9380131714,581178.6633809443,6673.259493670886,0.7128726651027459,3.138868177759381,49.52885737959642,0.386944198278097,
tls-c8-p4096-q8,tls,tls,8,4096,8,15.029525313002523,23680,0,pass,1575.5653959020033,12.3091046554844,4.366729990579188,10.279318958055228,13.528943993151188,171.68077761743916,72.28723312106762,32404,90.60676779463243,21267.01858108108,1546517.9198057433,1318087.196114865,15787.711148648648,0.8522935164439793,2.79822621946252,21.79590126603996,0.17028047864093718,
udp-c16-p4096-q1,udp,udp,16,4096,1,15.00307428999804,46865,0,pass,3123.6931240981094,24.40385253201648,4.686461994424462,8.929993025958538,13.006813998799771,0.4673443145293277,160.6606121791266,24812,93.66588648332358,18099.733276432307,807170.7080550517,616885.9092713112,4599.0397951563,0.7642570563019458,2.938649305045866,19.442806060115007,0.1518969223446485,
stcp-udp-c16-p4096-q1,stcp,udp,16,4096,1,15.009494259953499,53438,0,pass,3560.2798518386294,27.814686342489292,3.8612220087088645,10.1292310282588,14.859203016385436,42.295948063838296,62.50385814151386,24348,93.51906158357771,14016.748381301695,704921.4736517086,491365.64287585614,6170.3282308469625,0.697050183945216,3.2500049120322867,56.960961414219646,0.445007511048591,
tls-c16-p4096-q1,tls,tls,16,4096,1,15.032881631981581,29046,0,pass,1932.1644852312497,15.095035040869138,6.82778301415965,17.806698044296354,24.154394981451333,355.27299212117214,82.14629970695914,40896,89.28257686676427,16499.896715554638,1239766.633787785,1027157.1869448461,12830.923362941541,0.8285084942209117,2.843875284736166,23.521016675417744,0.18375794277670113,
udp-c16-p4096-q4,udp,udp,16,4096,4,15.018172206007876,47300,0,pass,3149.51775430289,24.605607455491327,4.651750961784273,8.876215957570821,12.354639999102801,0.3292035653430503,158.78404291076413,24744,93.88262842089858,17883.06553911205,800982.3956448203,613966.3473995771,4534.016913319239,0.766516655968839,2.9509390098179784,19.835228380429285,0.1549627217221038,
stcp-udp-c16-p4096-q4,stcp,udp,16,4096,4,15.039052926993463,37524,0,pass,2495.103925902708,19.492999421114906,6.502185016870499,11.432601022534072,16.673459962476045,37.94406811721274,51.588979955475445,23368,94.94169096209913,18067.1303698966,1019341.9450485023,733570.4157072806,8057.030167359557,0.7196509662637065,3.0692963983521038,48.365056414298955,0.3778520032367106,
tls-c16-p4096-q4,tls,tls,16,4096,4,15.033702114014886,29168,0,pass,1940.1741353388052,15.157610432334415,6.839026988018304,17.63656601542607,24.347992963157594,323.75933748699026,95.30397696681283,41468,89.16212634369018,16053.826110806362,1233990.4059585847,1025207.848635491,12812.568568294022,0.8308069849530897,2.850419142496571,20.357745784464182,0.15904488894112642,
udp-c16-p4096-q8,udp,udp,16,4096,8,15.035262351040728,44312,0,pass,2947.2049749057264,23.025038866450988,4.76223899750039,10.891404992435127,15.944042010232806,0.25718449978739955,124.512479815187,24716,92.70818142044625,18661.310705903594,845352.6150478426,654558.9451841487,4608.435638201841,0.7743028572131454,2.9244802175682456,23.669956451596192,0.18492153477809525,
stcp-udp-c16-p4096-q8,stcp,udp,16,4096,8,15.029619523033034,41856,0,pass,2784.900837699536,21.757037794527626,5.199304025154561,10.662605985999107,15.129557985346764,30.155379565258045,55.47407894938815,23588,95.66419321984577,16599.62729357798,919505.5299120796,657050.4133696483,7508.815940366972,0.7145692896838517,3.102828416626549,50.20184003848616,0.39220187530067313,
tls-c16-p4096-q8,tls,tls,16,4096,8,15.054607519996352,28952,0,pass,1923.1321681116144,15.024470063371988,6.94316002773121,17.732876003719866,24.08350701443851,321.18083319437574,59.28620847899835,41184,88.94117647058823,16420.83448466427,1240981.188380768,1032292.2512088974,12839.423873998341,0.8318355353603966,2.8400654027408803,32.43810352272516,0.2534226837712903,
udp-c1-p65536-q1,udp,udp,1,65536,1,15.001161249994766,3257,0,pass,217.1165248957734,27.139565611971676,3.984422015491873,8.11159802833572,12.661172018852085,0.07088796701282263,35.759211641044594,21140,77.76780371035308,207876.57353392692,9673436.959164876,7507032.309487258,46796.438440282465,0.7760460259551175,3.165390554202148,6.07162504238673,0.7589531302983412,
stcp-udp-c1-p65536-q1,stcp,udp,1,65536,1,15.003507298999466,2034,0,pass,135.56830142880264,16.94603767860033,6.506584992166609,11.675088026095182,17.290922987740487,4.187309008557349,16.729001759257844,21240,92.1577315019938,311110.12782694196,18314318.003933135,15131525.59685349,113746.80432645035,0.8262128894782695,2.6439517389238008,8.103789059247305,1.012973632405913,
tls-c1-p65536-q1,tls,tls,1,65536,1,15.006538450019434,1042,0,pass,69.43639957145817,8.679549946432271,13.628677988890558,20.31028299825266,28.015616990160197,57.786824996583164,23.56001693378809,25128,92.64619883040936,513944.3378119002,35883458.64107486,34711165.1612284,231168.90595009597,0.9673305326676466,2.3202218797289604,2.9472134831905596,0.36840168539881996,
udp-c1-p65536-q4,udp,udp,1,65536,4,15.031474821036682,2016,0,pass,134.11857612125925,16.764822015157407,7.107426004949957,9.464345988817513,12.308685982134193,0.08311000419780612,24.750279292577215,21440,27.86503781268179,376005.45634920633,5503269.491071428,2967456.934027778,2297.123015873016,0.5392170851967573,4.142110824144556,5.418871219020239,0.6773589023775298,
stcp-udp-c1-p65536-q4,stcp,udp,1,65536,4,15.018753876036499,3084,0,pass,205.34326785398247,25.66790848174781,4.543707997072488,6.123787956312299,9.012615017127246,2.3290530079975724,19.109008801184153,21540,52.6671675432006,316254.21530479897,7130112.028534371,5237808.38618677,55382.944228274966,0.7346039396331094,3.1651944682998074,10.74588797307256,1.34323599663407,
tls-c1-p65536-q4,tls,tls,1,65536,4,15.011317491997033,1456,0,pass,96.99348513388219,12.124185641735274,9.425234980881214,13.389612024184316,18.7732259510085,41.31478600902483,29.38082551615698,25120,45.2,539594.0934065934,12678390.28021978,10900599.20260989,7461.538461538462,0.8597778552074142,2.405335098523641,3.3012511878042345,0.4126563984755293,
udp-c1-p65536-q8,udp,udp,1,65536,8,15.029078511986881,1952,0,pass,129.88154918767142,16.235193648458928,7.122581999283284,10.646472976077348,14.614760992117226,0.08457800140604377,23.2046961310268,21124,27.732200410196306,386686.987704918,5731163.447233606,3141792.2223360655,2405.7377049180327,0.548194489873184,3.8605692368515547,5.5972096533515,0.6996512066689375,
stcp-udp-c1-p65536-q8,stcp,udp,1,65536,8,15.027510020998307,2968,0,pass,197.50444324127824,24.68805540515978,4.600418033078313,6.87031599227339,9.676033048890531,2.3886970011517406,17.503691538548445,21328,53.17388688327317,334960.9164420485,7534392.378706199,5425710.139487871,57317.722371967655,0.7201257734893242,3.205848952726509,11.283587968075961,1.4104484960094952,
tls-c1-p65536-q8,tls,tls,1,65536,8,15.005033065972384,1552,0,pass,103.43196134099452,12.928995167624315,9.178348002023995,12.027575983665884,15.07724798284471,48.449102032464,32.249952257512106,24892,47.00652045050385,535782.2164948453,12668240.023840206,10839510.012242269,13019.329896907217,0.8556445087749779,2.4184333472269537,3.2071973476147306,0.40089966845184133,
udp-c2-p65536-q1,udp,udp,2,65536,1,15.00481484096963,2622,0,pass,174.74390905783167,21.84298863222896,11.282025021500885,12.501307006459683,13.045925996266305,3.8328670198097825,45.47816199216111,21984,27.775333626631472,285186.8802440885,4297214.001525553,2362566.5591151793,1789.4736842105265,0.5497902962888153,3.8118936645516217,3.8423696429937424,0.4802962053742178,
stcp-udp-c2-p65536-q1,stcp,udp,2,65536,1,15.013765697018243,3642,0,pass,242.57738354897245,30.322172943621556,6.631740019656718,13.968942977953702,18.65344896214083,5.054837994975969,24.499443205847513,21796,67.33333333333333,315180.94453596923,7682637.037616694,5397260.966227348,41051.070840197695,0.7025271322594833,3.266433864387132,9.901342716681587,1.2376678395851983,
tls-c2-p65536-q1,tls,tls,2,65536,1,15.007421988993883,3091,0,pass,205.96475545679147,25.745594432098933,9.306435997132212,12.057397980242968,12.929082033224404,50.00204948009923,74.29264005621175,26420,65.12790355777712,259684.2445810417,8574694.981559366,8649165.952119056,5307.3439016499515,1.008684970219914,1.8218084814259337,2.7723440074407524,0.34654300093009405,
udp-c2-p65536-q4,udp,udp,2,65536,4,15.026932801993098,2608,0,pass,173.55504508904755,21.694380636130944,11.397890979424119,12.524774007033557,13.102148019243032,4.366731009213254,49.80370976974997,21988,27.78675282714055,287834.35582822084,4338453.372315951,2359873.09547546,1773.3895705521472,0.543943404009829,3.7980161199860327,3.484781472934819,0.4355976841168524,
stcp-udp-c2-p65536-q4,stcp,udp,2,65536,4,15.01960128598148,3492,0,pass,232.4961850524789,29.06202313155986,7.616356015205383,14.25054098945111,18.346919037867337,5.212748015765101,23.308641376968687,21732,65.99878567091682,325388.6025200458,7803529.014032073,5473550.838201604,44020.61855670103,0.7014199381278942,3.274563964292591,9.974677686800263,1.2468347108500328,
tls-c2-p65536-q4,tls,tls,2,65536,4,15.037510249996558,3092,0,pass,205.6191449645534,25.702393120569177,9.302526013925672,12.179618992377073,13.067436986602843,59.43095198017545,76.43701522998218,26000,64.97200117889773,256191.7852522639,8587729.510025874,8675700.259055628,5575.3557567917205,1.0102437726906806,1.8050504461362298,2.6900467573974547,0.33625584467468184,
udp-c2-p65536-q8,udp,udp,2,65536,8,15.05595386796631,2592,0,pass,172.15780698656695,21.51972587332087,11.529890005476773,12.592729006428272,13.212147983722389,2.637540514115244,53.70662045667005,21928,27.762410831270927,292931.3271604938,4339676.365354938,2321361.2430555555,2202.1604938271603,0.534915751226922,3.9221499556923543,3.2055229974014487,0.4006903746751811,
stcp-udp-c2-p65536-q8,stcp,udp,2,65536,8,15.050911783007905,3960,0,pass,263.10698362279544,32.88837295284943,6.05534395435825,13.080149015877396,19.016203994397074,5.589434993453324,26.380667545222263,21800,67.71354877863753,280821.7171717172,7071991.61060606,5081275.4510101015,39377.77777777778,0.7185069964434874,3.202279332153074,9.973477099158778,1.2466846373948473,
tls-c2-p65536-q8,tls,tls,2,65536,8,15.043149348988663,3072,0,pass,204.21255740617423,25.52656967577178,9.314258000813425,11.41549099702388,13.943520956672728,58.74969047727063,66.3080965866406,26336,65.51875732708089,272986.0026041666,8767049.600585938,8749640.456380209,5972.005208333333,0.9980142527989615,1.8439041895792967,3.0797529701269974,0.3849691212658747,
udp-c4-p65536-q1,udp,udp,4,65536,1,15.009328163054306,4695,0,pass,312.80547330271685,39.100684162839606,12.016332999337465,16.342486022040248,34.74562696646899,4.244509516865946,67.66803210419786,23076,85.1001608422284,232351.65069222578,7371202.197870075,4694530.356123536,68366.7731629393,0.6368744514266657,3.7858221109858357,4.622647704916951,0.5778309631146189,
stcp-udp-c4-p65536-q1,stcp,udp,4,65536,1,15.020888619998004,4101,0,pass,273.01979954369335,34.12747494296167,14.09067603526637,23.05782597977668,26.46585099864751,14.850038234726526,27.388206544071604,22876,73.19494584837545,236915.87417702997,7322293.77054377,5492752.699341624,41521.580102414046,0.750140990168675,3.024436184365003,9.968516890814476,1.2460646113518095,
tls-c4-p65536-q1,tls,tls,4,65536,1,15.018778699974064,2954,0,pass,196.68709813302604,24.585887266628255,17.997364979237318,38.212318962905556,49.15994597831741,173.86746674310416,62.01375748359674,28828,93.27190288138073,244273.18889641165,12776450.412322275,11638370.5352065,85264.72579553147,0.9109236258594835,2.2440482973768225,3.1716687734177653,0.39645859667722066,
udp-c4-p65536-q4,udp,udp,4,65536,4,15.035457560967188,4720,0,pass,313.9245999571945,39.240574994649315,11.924910999368876,17.269902979023755,31.60111204488203,5.572324487729929,64.0518917428975,23268,83.20610687022901,233770.33898305084,7174882.571822034,4584317.226271186,63827.1186440678,0.6389396872187438,3.689614707474094,4.901098022479634,0.6126372528099543,
stcp-udp-c4-p65536-q4,stcp,udp,4,65536,4,15.036979689029977,4184,0,pass,278.2473665939963,34.780920824249534,15.656089992262423,18.936027016025037,23.382934974506497,8.360686493688263,38.594831675099364,22964,69.98804899910368,217165.86998087954,6865950.765774379,5299639.909655832,64875.23900573613,0.7718726933018009,3.0219498176908663,7.2094463045298385,0.9011807880662298,
tls-c4-p65536-q4,tls,tls,4,65536,4,15.06972296803724,2844,0,pass,188.72277917995578,23.590347397494472,18.54980702046305,40.86794896284118,56.224352039862424,110.12343897891697,57.14382419812721,28948,93.82267441860465,258867.44022503516,13361445.702180028,12005206.234528832,92663.15049226442,0.8984960536545896,2.3134323095941274,3.302592744329156,0.4128240930411445,
udp-c4-p65536-q8,udp,udp,4,65536,8,15.06302726600552,4944,0,pass,328.2208757038964,41.02760946298705,11.88971201190725,15.857021964620799,19.784734991844743,6.385097760357894,67.06422833608046,23076,81.23167155425219,225174.55501618126,6697721.493527508,4232384.430218447,61488.87540453074,0.6319140672404049,3.7126425079577605,4.894127373822537,0.6117659217278171,
stcp-udp-c4-p65536-q8,stcp,udp,4,65536,8,15.086370305973105,4824,0,pass,319.7588221793845,39.96985277242306,11.788511008489877,18.33860803162679,23.564312956295907,9.130437989369966,34.03172463536342,22692,81.25,200012.23051409618,6849709.194237147,5293237.358830846,50707.08955223881,0.7727681874851263,2.936580487503819,9.39590413373036,1.174488016716295,
tls-c4-p65536-q8,tls,tls,4,65536,8,15.151648975966964,3048,0,pass,201.16622321667003,25.145777902083754,17.56176899652928,37.75912296259776,51.309091970324516,95.58861225377768,59.16005587390494,28840,94.12964311726148,236994.75065616798,12499797.672900263,11377179.562664041,81701.7716535433,0.9101890974867479,2.2120889748631654,3.400372434492628,0.4250465543115785,
udp-c8-p65536-q1,udp,udp,8,65536,1,15.021833234000951,4745,0,pass,315.8735639043042,39.484195488038026,23.900179017800838,36.03384498273954,57.27643897989765,1.4920807589078322,68.49941574846902,25824,80.03232441962975,233463.2244467861,6881345.30052687,4367294.0065331925,63213.69863013698,0.6346570061233245,3.6909385086030935,4.611332234776967,0.5764165293471208,
stcp-udp-c8-p65536-q1,stcp,udp,8,65536,1,15.028418197005522,5895,0,pass,392.25685116844863,49.03210639605608,18.548341002315283,29.781967983581126,35.611446015536785,8.584902374423109,39.5014559894458,24776,81.96673475342865,166726.20865139947,5657045.974554707,4472789.22697201,34702.968617472434,0.7906581009047013,2.802945942950956,9.93018716255051,1.2412733953188138,
tls-c8-p65536-q1,tls,tls,8,65536,1,15.043874985014554,3266,0,pass,217.0983209614089,27.13729012017611,34.393632027786225,62.85560701508075,87.04667299753055,152.0364526368212,65.74237694644358,34028,94.29773650609403,213679.73055725658,11729264.355174525,10860508.725658298,73209.1243110839,0.9259326413652733,2.130069716794889,3.302258467750048,0.412782308468756,
udp-c8-p65536-q4,udp,udp,8,65536,4,15.060627397964709,4808,0,pass,319.2430084718617,39.90537605898271,23.765247024130076,35.788913955911994,49.3305730051361,2.2777818885515444,67.60433500516682,25892,79.27888153053716,232062.60399334444,6727991.209650583,4266685.856073211,62949.25124792013,0.6341693565165644,3.6909289426086045,4.72222688748381,0.5902783609354763,
stcp-udp-c8-p65536-q4,stcp,udp,8,65536,4,15.057967480970547,5444,0,pass,361.53617723506414,45.19202215438302,20.87788499193266,30.400899006053805,35.682825022377074,11.998611866147257,33.25363138370424,24564,74.92581602373886,174096.98750918443,5619591.602681852,4473606.581925055,38245.591476855254,0.7960732555351717,2.793003183154358,10.872081098855055,1.359010137356882,
tls-c8-p65536-q4,tls,tls,8,65536,4,15.119220705004409,3320,0,pass,219.58803729223237,27.448504661529046,34.239633998367935,63.34791798144579,79.03871999587864,169.91539311857196,63.817310351229416,33904,94.97190606540843,211851.20481927713,11576819.196686747,10800111.192168675,73557.53012048193,0.9329083411149443,2.126182919571815,3.4408851780761722,0.43011064725952153,
udp-c8-p65536-q8,udp,udp,8,65536,8,15.1220130630536,4992,0,pass,330.11477897718214,41.26434737214777,23.678225988987833,28.890243032947183,34.94314302224666,1.7923791310749948,61.37374674457456,25920,93.17881766172803,172260.6169871795,7520214.834535256,5715252.570512821,32022.035256410258,0.7599852791793307,2.9977996534075935,5.378762035680415,0.6723452544600519,
stcp-udp-c8-p65536-q8,stcp,udp,8,65536,8,15.079832028015517,5416,0,pass,359.1551941651659,44.894399270645735,21.07735100435093,32.88688597967848,45.02055299235508,12.404815497575328,33.58920040083876,24656,82.02975401384592,161434.08419497786,6192214.568131463,4902778.229320532,33062.22304283604,0.7917649130818111,2.699713855946619,10.692579456467126,1.3365724320583907,
tls-c8-p65536-q8,tls,tls,8,65536,8,15.239226252015214,3656,0,pass,239.9071934191236,29.98839917739045,29.86508095636964,55.6469849543646,73.99683998664841,216.51083988399478,69.02096488402147,34524,96.4859437751004,136691.46608315097,10636910.607221007,11350757.238238512,40482.49452954048,1.0671103346993347,1.7183882862940623,3.475859745256368,0.434482468157046,
udp-c16-p65536-q1,udp,udp,16,65536,1,15.046120521961711,4884,0,pass,324.6019459216205,40.57524324020256,47.69623203901574,58.17844101693481,79.07637301832438,4.206377310765674,62.35678483570155,30872,93.468731735827,173862.2031122031,7718302.345004095,5885201.130425881,33489.557739557735,0.7624994289366307,2.9905727564001743,5.205559375405351,0.6506949219256689,
stcp-udp-c16-p65536-q1,stcp,udp,16,65536,1,15.039020936994348,6481,0,pass,430.9456065758542,53.86820082198177,33.861726988106966,66.26412901096046,84.55678401514888,13.227978120994521,42.02415853051602,28328,97.07338380896913,136086.86931029163,6022965.1704983795,4843870.164789384,17771.17728745564,0.8042334676805993,2.4584670537478766,10.254711138663758,1.2818388923329698,
tls-c16-p65536-q1,tls,tls,16,65536,1,15.059348078037146,4452,0,pass,295.6303272180079,36.95379090225099,49.081244971603155,86.60717605380341,106.97955300565809,231.3044250695384,85.39312547503147,44660,97.27536231884058,107410.82659478886,8802572.622192273,9662674.315139264,28637.017070979335,1.0977102637902216,1.5539981534155463,3.46199211673601,0.43274901459200127,
udp-c16-p65536-q4,udp,udp,16,65536,4,15.110926114022732,4828,0,pass,319.5039115120603,39.93798893900754,47.5319679826498,58.25324298348278,85.40354296565056,5.5291204298555385,66.56102957625029,30520,94.81962481962482,177355.42667771335,7923185.936826844,6045399.671499586,36183.30571665286,0.763001110878979,2.989422585562127,4.800164804332637,0.6000206005415796,
stcp-udp-c16-p65536-q4,stcp,udp,16,65536,4,15.070180332986638,6788,0,pass,450.4259305472253,56.30324131840316,32.82431204570457,56.75627203891054,77.17656198656186,15.804073060280643,45.32778539516138,28268,97.01986754966887,134086.18149675897,5746929.1853270475,4637730.763111373,17041.54390100177,0.8069928501907315,2.480461547536688,9.937082224963655,1.2421352781204569,
tls-c16-p65536-q4,tls,tls,16,65536,4,15.151034560985863,4480,0,pass,295.68937896399933,36.961172370499916,48.991293006110936,85.81371704349294,107.23377898102626,270.6706281242077,88.79682074413131,44708,97.21069947074811,107706.91964285714,8743559.730803572,9641311.434598215,28825.892857142855,1.10267576724293,1.5402190982200483,3.3299545691622274,0.41624432114527843,
udp-c16-p65536-q8,udp,udp,16,65536,8,15.336650698038284,4336,0,pass,282.72144194785756,35.340180243482195,51.17270699702203,77.08563597407192,100.31457897275686,3.9355958106170874,133.1539552023057,30816,94.12943871706759,201558.80996309963,8755294.187038746,6669093.892066421,43030.673431734314,0.7617212796731929,2.987563636508357,2.1232673225388496,0.2654084153173562,
stcp-udp-c16-p65536-q8,stcp,udp,16,65536,8,15.165408861998003,6608,0,pass,435.7284436002613,54.46605545003266,33.56350999092683,64.238679013215,80.8818350196816,13.626146868773503,44.65485936861048,28372,97.25889781859931,135759.5338983051,5930966.609261502,4805328.484715496,17842.31234866828,0.8102100047590447,2.4661602124503927,9.757693782069117,1.2197117227586396,
tls-c16-p65536-q8,tls,tls,16,65536,8,15.332601424946915,4424,0,pass,288.535511840928,36.066938980116,49.60484697949141,87.96384296147153,110.60319002717733,330.89025193839916,85.14908617371303,44760,96.83173968888255,109091.77215189874,8823680.069846293,9702288.892857144,28413.652802893306,1.0995739664239839,1.544789171260662,3.388591995600345,0.42357399945004315,
udp-c1-p131072-q1,udp,udp,1,131072,1,15.001973809034098,1536,0,pass,102.3865272365047,25.596631809126176,8.785775979049504,16.97071100352332,23.517387977335602,0.07773295510560274,38.418038008633744,21780,93.76646180860403,492496.7447916666,24569906.472005207,19507395.641927082,133869.79166666666,0.7939548188412391,2.890138535123471,2.665063926832891,0.6662659817082227,
stcp-udp-c1-p131072-q1,stcp,udp,1,131072,1,15.006181474018376,1099,0,pass,73.23648603762409,18.309121509406022,12.661178014241159,19.727541017346084,25.689998001325876,3.9057130343280733,17.305754995008666,21480,92.3721340388007,568994.5404913557,33894081.17834395,27708298.810737032,206053.68516833487,0.8174966792857269,2.639208433554047,4.2319151090921485,1.0579787772730371,
tls-c1-p131072-q1,tls,tls,1,131072,1,15.015941439021844,572,0,pass,38.09284967731339,9.523212419328347,25.618132029194385,33.95364404423162,40.94276297837496,41.51036002440378,24.975330486133654,25412,93.47189695550351,969353.146853147,65945501.375874124,63982336.95804196,412872.37762237765,0.9702305028110624,2.306408407999534,1.5252190435863342,0.38130476089658355,
udp-c1-p131072-q4,udp,udp,1,131072,4,15.003011340973899,1332,0,pass,88.78217643962236,22.19554410990559,9.988926001824439,17.94799603521824,22.149486001580954,0.33733202144503593,32.06821544459146,21548,32.456273764258555,785781.5315315315,11419939.321321322,6546134.834834835,5860.36036036036,0.573219756309303,3.566246992637216,2.7685412240360923,0.6921353060090231,
stcp-udp-c1-p131072-q4,stcp,udp,1,131072,4,15.023509604972787,1064,0,pass,70.8223329952021,17.705583248800526,12.457313016057014,21.94610796868801,32.77102898573503,6.436188996303827,17.486113891327047,21668,86.85404772361294,538955.8270676691,33717185.258458644,27581814.32894737,203819.54887218043,0.818034308543828,2.623861401505996,4.050204261241221,1.0125510653103051,
tls-c1-p131072-q4,tls,tls,1,131072,4,15.030426242039539,744,0,pass,49.4995942243514,12.37489855608785,17.058712022844702,41.346095968037844,42.83915500855073,42.0114709995687,28.61113803926604,25492,48.946100572116826,1185907.2580645161,27718275.241935484,23694226.677419353,39317.20430107527,0.8548232698682466,2.448395421524643,1.730081276613952,0.432520319153488,
udp-c1-p131072-q8,udp,udp,1,131072,8,15.049717856978532,1072,0,pass,71.23057124309578,17.807642810773945,12.86455598892644,24.571920046582818,31.840194016695023,0.09679899085313082,26.574883582587983,22100,32.27073576068892,956270.5223880598,13868332.189365672,7877309.803171642,6711.753731343283,0.5680070029770425,3.5744430666953853,2.6803719016013474,0.6700929754003369,
stcp-udp-c1-p131072-q8,stcp,udp,1,131072,8,15.048170170979574,1464,0,pass,97.287576055149,24.32189401378725,9.70732799032703,12.819578987546265,17.56519899936393,5.862725025508553,16.43280858671356,21804,55.66120538326507,675911.2021857924,15883497.044398908,11292044.171448087,92872.26775956285,0.7109293463450524,3.065538595580506,5.92032552084913,1.4800813802122825,
tls-c1-p131072-q8,tls,tls,1,131072,8,15.240995698026381,712,0,pass,46.716107930678035,11.679026982669509,18.325418001040816,34.511468023993075,50.201299018226564,45.981232018675655,27.828778933053794,25572,45.975503062117234,1302375.0,27569182.154494382,23066292.123595506,30882.022471910113,0.836669437429619,2.440789498673231,1.678697726661327,0.41967443166533175,
udp-c2-p131072-q1,udp,udp,2,131072,1,15.01048608700512,1421,0,pass,94.66715413234941,23.666788533087352,21.909446048084646,23.271972953807563,24.432100995909423,2.727986517129466,34.07731748559633,22952,28.52724594992636,555059.8170302603,8365619.311752287,4629864.085151302,5088.669950738916,0.553439489966645,3.761252893122596,2.778010744899828,0.694502686224957,
stcp-udp-c2-p131072-q1,stcp,udp,2,131072,1,15.009089885046706,1940,0,pass,129.25500579037694,32.313751447594235,12.999979022424668,26.687821024097502,34.29831500397995,8.718311495613307,22.280438225182856,22916,70.62265566391598,550411.3402061855,14934883.247938145,10619894.998453608,63617.010309278354,0.7110798807161585,3.1481952949567007,5.801277537004824,1.450319384251206,
tls-c2-p131072-q1,tls,tls,2,131072,1,15.00985153298825,1629,0,pass,108.52872171452378,27.132180428630946,17.274801968596876,22.225266962777823,32.63708099257201,56.98998150182888,60.09818271802796,27152,66.16430260047281,491492.3265807244,16470864.673419276,17036865.968692448,6602.823818293432,1.0343637876028808,1.7268910633124432,1.8058569628257306,0.45146424070643265,
udp-c2-p131072-q4,udp,udp,2,131072,4,15.049402002012357,1696,0,pass,112.69550775327926,28.173876938319815,15.266458969563246,22.991842997726053,24.091349041555077,0.09362198761664331,39.95350778187726,23144,30.364919657606247,524084.9056603774,7980135.370283019,4577345.351415094,3719.929245283019,0.573592444115739,3.6903961055542065,2.820666169502079,0.7051665423755198,
stcp-udp-c2-p131072-q4,stcp,udp,2,131072,4,15.042053484998178,1876,0,pass,124.71701432726472,31.17925358181618,13.476644991897047,25.563384988345206,32.91965898824856,7.795782992616296,21.993160729679463,22848,69.9001210653753,573154.0511727079,15318530.62739872,10804479.664179105,73976.54584221749,0.7053208905594519,3.214603437160625,5.670718086416786,1.4176795216041964,
tls-c2-p131072-q4,tls,tls,2,131072,4,15.055188416969031,1572,0,pass,104.4158303743422,26.10395759358555,17.610667971894145,24.558235018048435,34.26800901070237,93.67651850334369,59.48528674610225,26696,64.95176848874597,533361.9592875318,16837435.979007635,17216447.01399491,9565.521628498727,1.0225100208523326,1.7641024722399818,1.7553219642365432,0.4388304910591358,
udp-c2-p131072-q8,udp,udp,2,131072,8,15.043140109977685,1344,0,pass,89.34304873678357,22.335762184195893,22.15633902233094,23.67677603615448,24.54503800254315,0.06697745993733406,35.296806126788624,23368,27.755876770331433,555893.6011904762,8360169.773809524,4597014.881696428,3267.8571428571427,0.5498709961725672,3.8668952326367654,2.5311935707683304,0.6327983926920826,
stcp-udp-c2-p131072-q8,stcp,udp,2,131072,8,15.091057641955558,1968,0,pass,130.40835484775067,32.60208871193767,12.670961034018546,25.58880898868665,33.37481600465253,6.133814487839118,22.871418835510696,23032,70.88248469463939,549852.1341463415,14813105.984756097,10515719.93089431,66096.03658536586,0.7098929786714446,3.1785488699522033,5.70180432554869,1.4254510813871726,
tls-c2-p131072-q8,tls,tls,2,131072,8,15.144844538008329,1640,0,pass,108.28767478491882,27.071918696229705,17.247917014174163,21.588251984212548,43.743612011894584,55.333157506538555,60.425750670686526,26760,67.09780555151868,503523.78048780485,16729651.43902439,17149913.60487805,9370.121951219513,1.0251207962930617,1.7656077285869594,1.7920782709854006,0.44801956774635016,
udp-c4-p131072-q1,udp,udp,4,131072,1,15.015086315979715,2462,0,pass,163.96842137229882,40.992105343074705,23.608823015820235,29.366441012825817,37.19987301155925,0.6441082659875974,68.4941783455139,25428,77.91976225854384,453593.82615759544,12895030.300974818,8138563.66490658,121884.24045491469,0.6311395533743984,3.709075325839168,2.3939030342866814,0.5984757585716703,
stcp-udp-c4-p131072-q1,stcp,udp,4,131072,1,15.02156714501325,2156,0,pass,143.52696886993797,35.88174221748449,22.538649034686387,47.946084989234805,53.955478011630476,12.5660967460135,25.741708322914064,24688,72.79653420974006,508576.06679035246,13803824.343692021,9838015.303339517,56608.99814471243,0.7127021511133056,3.0827454235818177,5.575658269042579,1.3939145672606448,
tls-c4-p131072-q1,tls,tls,4,131072,1,15.031676977989264,2106,0,pass,140.10412830742672,35.02603207685668,23.838109977077693,54.01365802390501,80.22091398015618,116.8437769956654,79.6462631383759,30368,91.42185663924795,318427.8252611586,17395965.866096865,18327578.61680912,42680.91168091168,1.0535533788628477,1.6730739317328376,1.7590797457002154,0.43976993642505385,
udp-c4-p131072-q4,udp,udp,4,131072,4,15.065163752005901,2392,0,pass,158.77690009718674,39.694225024296685,23.973536968696862,32.11154404561967,49.96910999761894,5.892429006053135,66.79401675046631,25236,82.87235616033132,457465.3010033445,14127171.115802675,8865204.231187291,142707.35785953177,0.6275286225754468,3.7384542435094184,2.3771126190891683,0.5942781547722921,
stcp-udp-c4-p131072-q4,stcp,udp,4,131072,4,15.062287559965625,2208,0,pass,146.5912791273943,36.647819781848575,28.71524600777775,32.647849002387375,42.5438919919543,13.478727254550904,27.957685598784376,24728,64.8991784914115,405065.6702898551,12097972.338768115,9547575.992753623,107009.96376811594,0.7891881156115961,2.92594425004053,5.2433266913112515,1.3108316728278129,
tls-c4-p131072-q4,tls,tls,4,131072,4,15.1845847730292,1564,0,pass,102.99919447109087,25.74979861777272,34.16975599247962,70.08483697427437,89.56843602936715,146.111117239343,59.866246827811885,30068,91.95352839931154,470189.25831202045,23861080.488491047,22123834.898337595,158171.3554987212,0.9271933393380328,2.156471197301082,1.7204885879573937,0.4301221469893484,
udp-c4-p131072-q8,udp,udp,4,131072,8,15.084065183007624,2400,0,pass,159.10830209774142,39.777075524435354,23.535498010460287,33.131367003079504,50.403248984366655,8.163676000549458,65.41344710652204,25432,79.97045790251109,467889.1666666667,13594770.301666666,8631354.897083333,126198.75,0.6349025916256313,3.6823056896423347,2.432348532842837,0.6080871332107093,
stcp-udp-c4-p131072-q8,stcp,udp,4,131072,8,15.123938515025657,2224,0,pass,147.05164251960244,36.76291062990061,28.844805026892573,33.2501630182378,42.40701301023364,12.045557494275272,28.709492541815145,24552,65.6268568033274,405188.3992805755,12204352.852517985,9609576.742356116,107394.78417266186,0.787389291221081,2.9105384885863472,5.12205648725497,1.2805141218137426,
tls-c4-p131072-q8,tls,tls,4,131072,8,15.237428075983189,1616,0,pass,106.05464333886466,26.513660834716166,33.25212100753561,71.44542003516108,91.8324880185537,111.42633626877796,60.27895228904857,30208,93.61579478310996,449612.00495049503,23457431.11200495,21791737.319925744,160010.51980198018,0.9289907840237993,2.1527831767016807,1.7593975892333582,0.43984939730833955,
udp-c8-p131072-q1,udp,udp,8,131072,1,15.030941666977014,2422,0,pass,161.1342824462645,40.28357061156613,47.85909102065489,63.34458198398352,76.091329974588,2.822893984557595,74.51984212412106,29896,80.05016969160395,462777.8695293146,13534192.187035508,8561942.386457473,131767.96036333608,0.6326156942457943,3.708448724520154,2.162300373340533,0.5405750933351332,
stcp-udp-c8-p131072-q1,stcp,udp,8,131072,1,15.048886303964537,2708,0,pass,179.9468708383154,44.98671770957885,48.35237201768905,56.334914988838136,66.65873702149838,13.806835631839931,38.52142864866222,28188,73.01729278473465,343604.5051698671,10922193.463441655,8725167.868537666,74922.82127031019,0.7988475847587037,2.793571803741526,4.6713446814118775,1.1678361703529694,
tls-c8-p131072-q1,tls,tls,8,131072,1,15.035232628055383,1732,0,pass,115.1960892688903,28.799022317222576,63.61199903767556,124.78347803698853,164.55539700109512,261.09784362779465,71.83517719470709,36976,94.57364341085271,398414.54965357966,22104725.215357967,20948515.694572747,137226.9053117783,0.9476940106913473,2.0486312069319235,1.603616692649825,0.40090417316245625,
udp-c8-p131072-q4,udp,udp,8,131072,4,15.155745012976695,2460,0,pass,162.31468646996186,40.578671617490464,47.97741200309247,57.45301896240562,70.69599203532562,14.999052618804853,75.23942234602397,29748,81.79284037558685,452565.85365853657,13540463.296747968,8483896.64105691,133845.9349593496,0.6265588152433824,3.722431033204913,2.157309046359782,0.5393272615899455,
stcp-udp-c8-p131072-q4,stcp,udp,8,131072,4,15.07268727500923,3212,0,pass,213.1006861215485,53.27517153038713,35.40958900703117,53.49742702674121,57.98980797408149,15.137650123506319,50.123941817106235,27808,85.28674627745835,308207.6587795766,10779097.744707348,8557710.64445828,54583.748443337485,0.7939171577380129,2.722208640969106,4.2514750116644215,1.0628687529161054,
tls-c8-p131072-q4,tls,tls,8,131072,4,15.211295632994734,1780,0,pass,117.01830290767685,29.254575726919214,61.247754958458245,125.46354095684364,171.15100502269343,176.23586237459676,72.16714647362872,36736,95.08781950592603,398221.34831460676,21616771.869101122,20585572.464044943,133127.52808988764,0.952296327532134,2.0225462376861887,1.621489952501276,0.405372488125319,
udp-c8-p131072-q8,udp,udp,8,131072,8,15.191167037002742,2304,0,pass,151.66708353531376,37.91677088382844,48.95128501811996,64.35514002805576,96.00031503941864,11.052393121644855,113.10362105918892,29964,94.57465277777779,374759.1145833334,16558736.512152778,12623802.852864584,79871.96180555556,0.762365102168256,2.9875435700594672,1.3409569217588884,0.3352392304397221,
stcp-udp-c8-p131072-q8,stcp,udp,8,131072,8,15.189548794005532,3120,0,pass,205.4043897098043,51.35109742745107,36.34043800411746,53.830371994990855,62.83224897924811,9.077348629944026,42.507549681450065,27984,83.18261376896149,317220.8333333334,10839068.161538461,8578851.110897437,56908.653846153844,0.7914749665786567,2.7469651521776632,4.832186076334601,1.2080465190836502,
tls-c8-p131072-q8,tls,tls,8,131072,8,15.310149160970468,2032,0,pass,132.7224169167531,33.180604229188276,53.04326699115336,108.21368201868609,143.1040819734335,197.07019213819876,77.45091099588191,36712,96.6392512762337,283971.94881889765,19271128.6515748,19816644.765255906,83830.70866141732,1.0283074293957621,1.8130369931573582,1.713632741179894,0.4284081852949735,
udp-c16-p131072-q1,udp,udp,16,131072,1,15.061877993983217,2013,0,pass,133.64867254960737,33.41216813740184,118.19581896997988,148.33326899679378,167.92884498136118,6.487197497335728,149.90685762439168,39460,93.69016536118365,421980.6259314456,18771287.815697964,14375749.047193244,94359.66219572777,0.7658371225426079,2.964547692938957,0.8915447543065641,0.22288618857664103,
stcp-udp-c16-p131072-q1,stcp,udp,16,131072,1,15.083166802010965,3273,0,pass,216.99687094646643,54.24921773661661,70.39877102943137,101.85669997008517,123.5745309968479,23.129739871365018,45.08514086772119,34408,96.83571738188122,265540.48273754964,11898316.493431102,9502499.638252368,35829.819737244114,0.79864236621194,2.491987614892133,4.8130463112698365,1.2032615778174591,
tls-c16-p131072-q1,tls,tls,16,131072,1,15.078674286953174,2301,0,pass,152.5996222354203,38.149905558855075,95.71970900287852,148.45645398600027,178.9635070017539,287.14263617803226,107.80952417060779,49652,97.35587342869528,216937.85310734462,17070897.2055628,19019560.87136028,50144.71968709256,1.114151215506264,1.4790773125345857,1.4154558552167664,0.3538639638041916,
udp-c16-p131072-q4,udp,udp,16,131072,4,15.18341502698604,2240,0,pass,147.52939282887058,36.882348207217646,97.26169501664117,148.89406703878194,174.03217597166076,9.190471813781187,100.12547883977419,39084,94.1390343222804,381096.4285714286,16977104.20982143,12936096.010267857,81683.92857142857,0.7619730579720535,2.9782717192946686,1.4734450665145333,0.36836126662863333,
stcp-udp-c16-p131072-q4,stcp,udp,16,131072,4,15.208134954969864,3236,0,pass,212.78085771736974,53.195214429342435,71.09496300108731,108.00155100878328,143.72796699171886,15.31353868995211,46.753227933951415,34188,96.992916004048,268916.5636588381,12087042.802533993,9573961.575092707,36230.53152039555,0.792084691971602,2.4690266048688265,4.551147955344744,1.137786988836186,
tls-c16-p131072-q4,tls,tls,16,131072,4,15.240969659003895,2328,0,pass,152.74618689531275,38.18654672382819,94.96880701044574,152.46684401063249,188.6312979622744,267.7592233631003,102.76626323934077,50180,97.53969389214706,220175.68728522336,16894516.43513746,18877724.404639177,49259.45017182131,1.1173876729242758,1.476466974557176,1.4863456360145122,0.37158640900362805,
udp-c16-p131072-q8,udp,udp,16,131072,8,15.438043603964616,2432,0,pass,157.5329142985088,39.3832285746272,95.28564900392666,131.74835202516988,159.37245299573988,8.74124855545233,74.81205064762216,39104,93.76167888457668,356526.31578947365,15556078.164884869,11845631.682976974,70571.9572368421,0.7614793110076047,2.990319324871764,2.105715762832333,0.5264289407080832,
stcp-udp-c16-p131072-q8,stcp,udp,16,131072,8,15.359958818007726,2952,0,pass,192.1880152789948,48.0470038197487,78.47962802043185,131.18902500718832,163.4815110010095,18.6569224424602,41.77412892850617,34088,96.78016811511611,284215.108401084,13230792.48102981,10463799.277777778,40849.254742547426,0.7908671602839118,2.4287398673171294,4.600646864663837,1.1501617161659592,
tls-c16-p131072-q8,tls,tls,16,131072,8,15.55855497700395,2344,0,pass,150.6566646751262,37.66416616878155,96.25851799501106,150.86187701672316,184.8542250227183,283.0594744955306,98.06300792426171,50176,97.52496132752074,223636.51877133106,16782298.09215017,18775462.322525598,49208.61774744028,1.1187658698130096,1.5112586992567334,1.5363251430293148,0.3840812857573287,
udp-c1-p262144-q1,udp,udp,1,262144,1,15.00737972400384,815,0,pass,54.30661547774611,27.153307738873053,17.284556000959128,28.131954022683203,36.88936401158571,0.09142199996858835,36.43825304995394,22956,92.81305114638448,951678.527607362,45973360.801226996,36777450.64785276,248368.09815950922,0.7999730715112565,2.8991352216785353,1.4903737400170107,0.7451868700085054,
stcp-udp-c1-p262144-q1,stcp,udp,1,262144,1,15.008045102003962,553,0,pass,36.84690419314906,18.42345209657453,25.274509971495718,39.462371030822396,50.26888696011156,3.2290900126099586,13.85828058127494,22768,92.24303200117977,1124542.4954792045,67257766.1681736,55319481.737793855,383660.03616636526,0.8224995400452514,2.6222991962640823,2.6588366411729267,1.3294183205864634,
tls-c1-p262144-q1,tls,tls,1,262144,1,15.027532667969353,314,0,pass,20.89498036289615,10.447490181448075,46.35957098798826,60.32263801898807,76.24222501181066,59.96966204838827,25.13634196285151,26180,93.26599326599326,1767210.1910828026,120100063.55732484,117332700.69426751,720216.5605095541,0.9769578567979988,2.2459313663336657,0.831265758310275,0.4156328791551375,
udp-c1-p262144-q4,udp,udp,1,262144,4,15.036790298996493,540,0,pass,35.911919316719995,17.955959658359998,27.84253202844411,30.30602802755311,32.66636800253764,0.09582203347235918,26.83346591771833,23068,28.654630168899242,1498637.037037037,21736759.333333332,11880368.938888889,16990.74074074074,0.5465565844799292,3.8590497505277996,1.3383257841845582,0.6691628920922791,
stcp-udp-c1-p262144-q4,stcp,udp,1,262144,4,15.068857500038575,528,0,pass,35.03915276912323,17.519576384561613,26.18520997930318,44.015852035954595,50.877853005658835,3.3478899858891964,13.400219625109806,22392,92.7529827662395,1187566.2878787878,70773335.01325758,58641920.66856061,404299.24242424243,0.8285877817906354,2.5929205626972385,2.6148192902350362,1.3074096451175181,
tls-c1-p262144-q4,tls,tls,1,262144,4,15.153466411982663,348,0,pass,22.965042488550186,11.482521244275093,42.76234901044518,54.980093031190336,60.54850196233019,41.30937997251749,25.132744524965112,25856,83.86343740881237,1325577.5862068965,97872890.76724137,97131248.02298851,554482.7586206897,0.9924223884832765,2.180346091883647,0.9137498877505525,0.4568749438752763,
udp-c1-p262144-q8,udp,udp,1,262144,8,15.003945147967897,656,0,pass,43.72183405968045,21.860917029840223,19.28849797695875,30.324605002533644,31.933039019349962,0.07968902355059981,33.33177341478975,22816,30.602302922940655,1419804.8780487806,20512408.782012194,11453307.455792682,14629.573170731706,0.5583599458019944,3.726414174729308,1.3117164069128253,0.6558582034564127,
stcp-udp-c1-p262144-q8,stcp,udp,1,262144,8,15.108575240999926,656,0,pass,43.419051071064736,21.709525535532368,19.875649944879115,42.24315198371187,47.83453798154369,2.9753579874522984,14.433432439627419,22508,58.52466301288698,1574792.6829268292,37385916.23170732,26669236.33384146,217713.41463414632,0.7133498124949805,3.0993226157604736,3.0082276861501382,1.5041138430750691,
tls-c1-p262144-q8,tls,tls,1,262144,8,15.250963593018241,464,0,pass,30.42430710492386,15.21215355246193,32.13348297867924,35.97563598304987,37.703357986174524,40.99551500985399,35.60509450357525,25936,48.67410520214462,1781280.1724137932,42683256.327586204,39485367.612068966,17579.741379310344,0.9250786141766216,2.1390390860910027,0.8544930867089492,0.4272465433544746,
udp-c2-p262144-q1,udp,udp,2,262144,1,15.022602115990594,669,0,pass,44.532897485708716,22.266448742854358,44.385935994796455,47.22049500560388,49.69865799648687,5.156522005563602,39.97652306591756,24920,27.74363476733977,1124977.5784753363,16742553.967115097,9337086.423019432,6442.451420029895,0.557685908694628,3.8670437209741193,1.1139762558209005,0.5569881279104503,
stcp-udp-c2-p262144-q1,stcp,udp,2,262144,1,15.038629510963801,1034,0,pass,68.75626527312014,34.37813263656007,24.085933982860297,49.94554497534409,56.851055996958166,7.556706492323428,26.66103315516176,24224,73.09096218426048,1066946.8085106383,29210808.411992263,21160090.339458413,141578.33655705996,0.7243924933885537,3.124065084323577,2.578904758603042,1.289452379301521,
tls-c2-p262144-q1,tls,tls,2,262144,1,15.014634874998592,894,0,pass,59.54190744182741,29.770953720913706,32.70938899368048,36.30465501919389,37.944867042824626,59.727903542807326,72.28753206694957,28236,69.03784100909358,905498.8814317674,31360811.4049217,33468081.472035795,9827.740492170022,1.0671943732547489,1.6331758299370545,0.8236815636018987,0.41184078180094935,
udp-c2-p262144-q4,udp,udp,2,262144,4,15.114358212973457,664,0,pass,43.93173634260259,21.965868171301295,45.05961900576949,48.492086003534496,50.78984901774675,5.179010971914977,46.05797945178174,25100,27.73158278628738,1142957.8313253012,16906437.07379518,9266411.506024096,6445.78313253012,0.5480996064148221,3.809286179385659,0.9538355104916159,0.47691775524580793,
stcp-udp-c2-p262144-q4,stcp,udp,2,262144,4,15.093509969010483,1004,0,pass,66.51865616820614,33.25932808410307,24.167087976820767,51.06069298926741,60.07525703171268,7.429108023643494,26.167226894930977,23976,72.72184936614467,1080317.7290836654,29627574.071713146,21420423.33266932,140677.29083665338,0.7229894449279403,3.1322110058431356,2.542059822972372,1.271029911486186,
tls-c2-p262144-q4,tls,tls,2,262144,4,15.11104664800223,888,0,pass,58.76495657019224,29.38247828509612,32.936231000348926,36.65860800538212,38.79894898273051,56.56212300527841,72.63662971652009,28056,69.28162185985015,930935.8108108109,31766285.329954956,33639213.640765764,12884.009009009009,1.0589596262627747,1.6825734951299032,0.8090264760291741,0.40451323801458705,
udp-c2-p262144-q8,udp,udp,2,262144,8,15.169482044002507,976,0,pass,64.33970501885902,32.16985250942951,29.241721029393375,44.86308601917699,48.09706402011216,0.09851102367974818,55.228780888483556,25204,32.408384858995625,1050302.2540983607,15460544.36987705,8891125.843237706,9161.88524590164,0.5750849148986603,3.6049389433495005,1.1649669607730795,0.5824834803865397,
stcp-udp-c2-p262144-q8,stcp,udp,2,262144,8,15.114296949992422,1040,0,pass,68.80902257253331,34.404511286266654,24.244820000603795,49.827231967356056,60.67169498419389,5.830206529935822,26.84867191260282,23816,73.90134529147983,1006681.7307692308,28963616.698076922,21109661.964423075,136120.1923076923,0.7288337704670936,3.062541801661146,2.5628464155142887,1.2814232077571444,
tls-c2-p262144-q8,tls,tls,2,262144,8,15.044660401006695,896,0,pass,59.55601363657536,29.77800681828768,32.789075979962945,36.30807501031086,37.85735397832468,59.92809947929345,72.95418911061344,28048,69.7411003236246,931064.7321428572,31642984.21651786,33566601.97209822,12611.607142857143,1.0607912876490395,1.6784019182077146,0.8163480995762462,0.4081740497881231,
udp-c4-p262144-q1,udp,udp,4,262144,1,15.04544583504321,1255,0,pass,83.41394557261357,41.706972786306785,46.75409395713359,53.05045301793143,56.0693220468238,3.540143501595594,90.27873383694242,29536,56.51908396946565,841686.8525896413,18928997.06454183,12235669.613545816,96202.39043824702,0.6463981991135659,3.5192537885708335,0.9239600737342225,0.46198003686711125,
stcp-udp-c4-p262144-q1,stcp,udp,4,262144,1,15.040637023979798,1290,0,pass,85.7676438799307,42.88382193996535,42.47096803737804,85.43277601711452,94.11587502108887,12.61924026766792,32.567902491033344,27092,81.75096125406685,810732.5581395349,25839073.89224806,18911822.976744186,90031.78294573643,0.7319079257874599,2.940735325701552,2.6335022313317356,1.3167511156658678,
tls-c4-p262144-q1,tls,tls,4,262144,1,15.079223129956517,1271,0,pass,84.28816186657654,42.14408093328827,40.36435898160562,82.58599403779954,108.2114260061644,104.29422950255685,94.10334257744297,32564,90.17137835066647,651776.5538945711,28764529.98190401,31848206.715971675,15040.12588512982,1.1072041412116809,1.4602181505792808,0.8956978525732073,0.44784892628660367,
udp-c4-p262144-q4,udp,udp,4,262144,4,15.122653961996548,1296,0,pass,85.69924321860879,42.84962160930439,46.03396396851167,49.46691798977554,53.03725000703707,8.545966018573381,80.00700161760908,29584,79.54952267303102,883143.5185185185,25329278.088734567,16484135.047839506,259917.43827160494,0.6507937174558077,3.735053206148775,1.0711467932294925,0.5355733966147462,
stcp-udp-c4-p262144-q4,stcp,udp,4,262144,4,15.1795582260238,1212,0,pass,79.84422088925815,39.92211044462908,53.61315899062902,59.60836401209235,78.26961996033788,11.8140444974415,37.3753367227349,27140,65.54284865587405,742695.5445544554,22359184.72029703,17842174.551980197,194097.35973597362,0.7979796569140368,2.8106435014230327,2.136280978057116,1.068140489028558,
tls-c4-p262144-q4,tls,tls,4,262144,4,15.202484314038884,916,0,pass,60.25330999053298,30.12665499526649,61.959903978277,110.36105296807364,125.46761898556724,98.94447126134764,70.10935041819074,32372,93.59684947491247,793883.1877729258,41547676.65720524,40808693.47816594,270605.8951965065,0.9822136100380201,2.0167948986291866,0.8594190308586787,0.42970951542933933,
udp-c4-p262144-q8,udp,udp,4,262144,8,15.196157710975967,1280,0,pass,84.2318186179046,42.1159093089523,46.292093000374734,49.94749103207141,80.60795499477535,7.147263764636591,80.09408846295995,29420,78.66666666666666,890822.65625,25350243.59140625,16547061.265625,252926.5625,0.6527377619059433,3.7365149607343646,1.05166086829065,0.525830434145325,
stcp-udp-c4-p262144-q8,stcp,udp,4,262144,8,15.230397295963485,1312,0,pass,86.14351776284389,43.07175888142194,47.530442010611296,61.42017198726535,72.46263301931322,18.14279123209417,38.593687910937426,27196,72.44463997653615,701054.1158536585,22683178.44664634,17926444.59832317,163251.5243902439,0.7902968554644315,2.8002837403900234,2.2320623507563493,1.1160311753781746,
tls-c4-p262144-q8,tls,tls,4,262144,8,15.377307199989446,944,0,pass,61.38916181635806,30.69458090817903,61.31897302111611,110.7981110108085,131.7013949737884,105.91952074901201,75.2567523656414,32424,93.3589306029579,787556.1440677966,40342376.37923729,40152966.67902543,258539.19491525425,0.9953049443981354,1.9632548349988215,0.8157296174314503,0.40786480871572517,
udp-c8-p262144-q1,udp,udp,8,262144,1,15.049309865979012,1159,0,pass,77.01349831463537,38.506749157317685,92.74551400449127,140.64163900911808,238.62898297375068,2.386311985901557,79.39615242431387,38288,76.05570530098832,967159.6203623815,27201024.10612597,17995834.821397755,292256.2553925798,0.6615866649426959,3.7023511192940624,0.9699903076292039,0.48499515381460195,
stcp-udp-c8-p262144-q1,stcp,udp,8,262144,1,15.062454085040372,1200,0,pass,79.66829264507489,39.83414632253744,103.58215699670836,112.19241004437208,131.0047300066799,21.39161898958264,38.687872288935715,33324,62.721369539551354,726904.1666666667,21474093.56833333,17242376.9375,192025.83333333334,0.8029385213691341,2.8479863960098393,2.0592575381267246,1.0296287690633623,
tls-c8-p262144-q1,tls,tls,8,262144,1,15.073187308036722,1035,0,pass,68.66497303116233,34.33248651558117,110.72184098884463,174.25301601178944,213.5765320272185,186.87090873572743,79.930659347517,41560,93.23972206137812,661415.458937198,36592308.08888889,37409795.14299517,205644.44444444447,1.0223404069543924,1.7970245403123555,0.8590567573404532,0.4295283786702266,
udp-c8-p262144-q4,udp,udp,8,262144,4,15.286800319037866,1180,0,pass,77.1907773617251,38.59538868086255,93.05741696152836,134.40442801220343,345.67633603001013,16.355789623048622,81.02160518558756,38480,75.98587404355503,963986.4406779661,26567721.790677965,17463062.30338983,288005.9322033898,0.6573037176833596,3.796725256068704,0.9527184407777703,0.4763592203888852,
stcp-udp-c8-p262144-q4,stcp,udp,8,262144,4,15.177842991019133,1580,0,pass,104.09911348634323,52.049556743171614,70.00059704296291,108.76629396807402,129.6363309957087,18.719735489867162,43.78103663301772,33580,81.0826800769117,609698.7341772153,20821593.01835443,16584700.225949368,108275.9493670886,0.7965144747248588,2.659149535592401,2.3777215317884064,1.1888607658942032,
tls-c8-p262144-q4,tls,tls,8,262144,4,15.297223184024915,1068,0,pass,69.81659266861753,34.908296334308766,111.53044999809936,169.37539604259655,209.70210002269596,170.47996951441746,83.60897168158338,41696,94.08973252804141,640300.5617977527,35818076.23501873,36862857.083333336,191294.9438202247,1.029169094438778,1.7616249900936705,0.8350370930826325,0.41751854654131626,
udp-c8-p262144-q8,udp,udp,8,262144,8,15.659786727046594,1024,0,pass,65.39041800814643,32.69520900407321,94.79100001044571,241.76857597194612,353.4412829903886,8.480269752908498,78.38668695786943,38448,71.17350611951045,969164.0625,28046552.341796875,19571987.202148438,242654.296875,0.6978393266890396,3.445143227970296,0.834203109557263,0.4171015547786315,
stcp-udp-c8-p262144-q8,stcp,udp,8,262144,8,15.439805052999873,1544,0,pass,100.0012626260465,50.00063131302325,73.30008200369775,109.93179102661088,117.58920596912503,20.520055390079506,44.589649780988445,33628,77.80829839525806,623948.1865284974,20596051.246761657,16577817.7376943,118052.46113989638,0.8049027232975472,2.6883816796095887,2.2427012348655793,1.1213506174327896,
tls-c8-p262144-q8,tls,tls,8,262144,8,15.470505748991854,1056,0,pass,68.25891907695487,34.129459538477434,112.6470590243116,182.66084900824353,217.5174120347947,157.18282112356974,80.18767583476324,41696,94.28896150021309,673860.7954545455,36301349.66382576,37146291.76988637,196819.12878787878,1.0232757766277376,1.7925784813542889,0.8512395248567988,0.4256197624283994,
udp-c16-p262144-q1,udp,udp,16,262144,1,15.14104773197323,908,0,pass,59.969429862015666,29.984714931007833,258.4229320054874,298.9187859930098,314.84081200324,32.09505962149706,170.59837903723258,55936,78.6210018105009,967837.0044052863,35576503.41960353,28437114.738986783,154514.31718061672,0.7993229239981251,2.8905417609260753,0.3515240308873481,0.17576201544367406,
stcp-udp-c16-p262144-q1,stcp,udp,16,262144,1,15.116821266012266,1552,0,pass,102.66708673002714,51.33354336501357,147.62338995933533,219.65090197045356,249.36047301162034,26.098727008502465,46.997843494872185,46284,93.8710610002891,551215.2061855671,24475095.024484538,19228244.63595361,70335.05154639175,0.7856249226700834,2.4948707860488,2.184506332534787,1.0922531662673935,
tls-c16-p262144-q1,tls,tls,16,262144,1,15.09917897800915,1286,0,pass,85.17019381470774,42.58509690735387,169.41155097447336,265.32062399201095,315.1331730186939,290.451570188452,114.15546517531688,60000,95.11519393409156,427388.80248833593,29911723.573872473,34782031.44323484,61423.01710730948,1.1628227092074532,1.3111169575347494,0.7460894989469463,0.37304474947347316,
udp-c16-p262144-q4,udp,udp,16,262144,4,15.646911450021435,952,0,pass,60.842678316473496,30.421339158236748,256.27523800358176,299.44578401045874,317.8313010139391,13.95716100523714,167.5175837974343,56112,78.74208405296488,955049.3697478992,33755559.432773106,27022830.975840338,144597.68907563025,0.8005446045016218,2.911375174833121,0.36320174239168657,0.18160087119584328,
stcp-udp-c16-p262144-q4,stcp,udp,16,262144,4,15.326851211022586,1640,0,pass,107.00175642212564,53.50087821106282,140.16054302919656,196.8487739795819,231.29564500413835,29.780002310872078,49.257429957763,46172,94.37844103158504,534757.3170731707,23264298.27926829,18454398.626829267,64447.56097560976,0.7932497428162142,2.483356950831443,2.1722967786560714,1.0861483893280357,
tls-c16-p262144-q4,tls,tls,16,262144,4,15.426833252015058,1312,0,pass,85.04661835432921,42.523309177164606,164.81845697853714,266.89872902352363,307.5945309828967,346.7055229411926,106.83395438819065,60304,94.54132993052602,420186.73780487804,29244222.856707316,34211121.522865854,58449.69512195122,1.1698420467692254,1.295933776937544,0.7960635627630592,0.3980317813815296,
udp-c16-p262144-q8,udp,udp,16,262144,8,15.538613057986367,936,0,pass,60.23703637558082,30.11851818779041,260.2610940230079,300.85520702414215,319.35903802514076,17.089540240704082,167.29997653580034,55968,78.48751835535977,957672.0085470085,34330986.83226496,27430624.161324788,149559.82905982906,0.7990048260292049,2.9087426679853112,0.36005406350245817,0.18002703175122908,
stcp-udp-c16-p262144-q8,stcp,udp,16,262144,8,15.506979739002418,1664,0,pass,107.30651796847238,53.65325898423619,141.7938980157487,183.15751798218116,214.1748580033891,32.5348694314016,49.035525472925976,45552,93.9060939060939,538373.798076923,22862588.337139424,18173885.38221154,64097.956730769234,0.794918104381416,2.463845557438806,2.188342368793817,1.0941711843969084,
tls-c16-p262144-q8,tls,tls,16,262144,8,15.87445831898367,1368,0,pass,86.17616881856435,43.088084409282175,166.8121159891598,254.30061598308384,302.41916596423835,196.3101187538996,114.59187856662962,60300,95.2712100139082,416132.30994152045,28333791.685672514,33437763.82236842,54707.602339181285,1.1801372789536255,1.2450629933158492,0.7520268442798683,0.37601342213993416,
udp-c1-p1048576-q1,udp,udp,1,1048576,1,15.036341366008855,225,0,pass,14.96374646751735,29.9274929350347,60.80902996473014,94.8823870276101,146.23099600430578,0.10706600733101368,40.000222484949255,29300,72.98928625320657,3514244.4444444445,133169690.99555555,108617786.07555556,530986.6666666666,0.8156344380132308,2.8118686144382514,0.37409158094427364,0.7481831618885473,
stcp-udp-c1-p1048576-q1,stcp,udp,1,1048576,1,15.067437967984006,165,0,pass,10.950766835781883,21.901533671563765,87.24551397608593,111.46881099557504,134.77055699331686,3.6285080132074654,19.234822842199314,25984,87.47774480712167,3895903.0303030303,215269104.20606062,178808275.66666666,1038575.7575757576,0.8306267465836956,2.5051362416592946,0.569319869781019,1.138639739562038,
tls-c1-p1048576-q1,tls,tls,1,1048576,1,15.111377984983847,113,0,pass,7.477809112596345,14.95561822519269,130.789068993181,136.7906240047887,156.1837299959734,53.65566100226715,35.06653069803193,30076,82.51194743130227,4984424.778761062,297892061.2212389,316872147.86725664,1192495.575221239,1.0637146440499519,1.9305448744285536,0.21324633386147973,0.42649266772295946,
udp-c1-p1048576-q4,udp,udp,1,1048576,4,15.19939704996068,260,0,pass,17.105941712383427,34.21188342476685,55.32421899260953,72.81849096762016,84.3219649977982,0.09973300620913506,45.03486537985866,29412,74.58530805687204,3098619.230769231,118088605.8,93802464.76923077,451907.6923076923,0.7943396751427374,2.8930350009709933,0.37983774500265005,0.7596754900053001,
stcp-udp-c1-p1048576-q4,stcp,udp,1,1048576,4,15.032649719971232,164,0,pass,10.909587002624168,21.819174005248335,87.84096804447472,115.94454396981746,130.50990499323234,3.598684968892485,15.814597188688765,26376,85.83134684147795,3904871.951219512,211900913.5121951,175770931.5609756,988731.7073170731,0.8294958650608167,2.448347803353585,0.6898428630497868,1.3796857260995736,
tls-c1-p1048576-q4,tls,tls,1,1048576,4,15.504648390982766,116,0,pass,7.481627256214567,14.963254512429135,131.07162795495242,138.2758440449834,152.321033005137,41.75276402384043,32.82136989936244,30060,82.09042011920337,4954939.655172414,289201027.63793105,308012848.05172414,1161362.0689655172,1.0650475572906497,1.9254938060795066,0.2279498777520526,0.4558997555041052,
udp-c1-p1048576-q8,udp,udp,1,1048576,8,15.698196851008106,176,0,pass,11.211478723984637,22.422957447969274,87.63268403708935,94.95325299212709,97.51305700046942,0.10266597382724285,33.685862460441825,29300,28.743593295470287,4739090.909090909,62668911.38068182,34292841.0625,26375.0,0.5472065862798925,3.832200365369478,0.3328244523099435,0.665648904619887,
stcp-udp-c1-p1048576-q8,stcp,udp,1,1048576,8,15.598107301979326,192,0,pass,12.30918574176215,24.6183714835243,77.38663302734494,86.62167802685872,207.92488101869822,3.2857980113476515,20.906536523095923,27160,63.23529411764706,5521791.666666666,138040032.71875,103711306.640625,795942.7083333334,0.7513132574514225,2.861132610363045,0.5887721157525979,1.1775442315051958,
tls-c1-p1048576-q8,tls,tls,1,1048576,8,15.658270797983278,120,0,pass,7.663681484896501,15.327362969793002,126.98306696256623,130.5269930162467,136.39215001603588,95.89191398117691,32.81901345493315,29772,57.1945701357466,9288433.333333334,208513421.98333332,180643192.00833333,134483.33333333334,0.8663384365864578,2.287254637038581,0.2335134630241161,0.4670269260482322,
udp-c2-p1048576-q1,udp,udp,2,1048576,1,15.061078806000296,257,0,pass,17.06385069159932,34.12770138319864,102.7416680008173,155.44642298482358,164.85355200711638,5.200515995966271,57.86227608428748,36868,31.90775069332944,3820680.93385214,55072401.887159534,31368387.94163424,21626.45914396887,0.5695845263096827,3.6186458157153525,0.2949045880383716,0.5898091760767432,
stcp-udp-c2-p1048576-q1,stcp,udp,2,1048576,1,15.134967989986762,233,0,pass,15.39481287004716,30.78962574009432,99.37912499299273,218.67005998501554,299.4837639853358,7.472855475498363,25.777940214879912,32724,74.06133562625395,4982742.489270386,131331334.81115879,93526616.67381974,585965.6652360514,0.712142435834537,3.1164507612101944,0.5972088049595501,1.1944176099191002,
tls-c2-p1048576-q1,tls,tls,2,1048576,1,15.113209425006062,193,0,pass,12.770285554348598,25.540571108697197,128.05419199867174,391.4587000035681,407.2932070121169,58.35162699804641,60.04923735777823,36068,70.28596312962694,5189595.85492228,148054141.5284974,146728720.4974093,71632.12435233161,0.9910477274231942,1.9213350020273827,0.21266357602948727,0.42532715205897453,
udp-c2-p1048576-q4,udp,udp,2,1048576,4,15.197147157043219,288,0,pass,18.950925264056846,37.90185052811369,102.35347499838099,114.38396200537682,121.74754799343646,0.09288801811635494,62.94539956182905,36648,34.2453260373917,3784635.416666667,56004811.70138889,32770738.333333332,23916.666666666668,0.5851414787012066,3.4512165127464836,0.301069266316151,0.602138532632302,
stcp-udp-c2-p1048576-q4,stcp,udp,2,1048576,4,15.20370000996627,216,0,pass,14.207068007025168,28.414136014050335,108.25384402414784,221.48649097653106,345.4604350263253,7.850028981920332,22.80862551699146,33116,73.8193624557261,5283333.333333333,140188250.4537037,98715859.63425925,631587.9629629629,0.7041664284615604,3.154146252579345,0.6228813742608692,1.2457627485217384,
tls-c2-p1048576-q4,tls,tls,2,1048576,4,15.467466835048981,228,0,pass,14.74061670417527,29.48123340835054,129.66162600787356,132.64529302250594,137.6143239904195,54.639757494442165,62.16661139502969,35784,82.64019707288799,5233991.228070176,154897367.1622807,149810171.9122807,98100.87719298246,0.9671576390018927,1.9058824042278228,0.23711468863097473,0.47422937726194947,
udp-c2-p1048576-q8,udp,udp,2,1048576,8,15.416399430017918,288,0,pass,18.6814049095811,37.3628098191622,101.45537497010082,149.2414369713515,158.2080770167522,5.711888516088948,65.67839686538422,37064,32.122313048743564,3536729.166666667,52350401.802083336,30414536.28125,18687.5,0.5809799969871411,3.5965323462185688,0.28443758984968665,0.5688751796993733,
stcp-udp-c2-p1048576-q8,stcp,udp,2,1048576,8,15.772766841982957,256,0,pass,16.230506832738776,32.46101366547755,95.35996796330437,208.85170897236094,255.49672200577334,7.44229753036052,24.254736269968465,32440,74.40603215251103,4372144.53125,120210342.6484375,87835329.19921875,541484.375,0.7306802997484046,3.0233326076905183,0.6691685554559064,1.3383371109118127,
tls-c2-p1048576-q8,tls,tls,2,1048576,8,15.80445244803559,240,0,pass,15.185594109578325,30.37118821915665,128.18370398599654,133.47882201196626,138.1589110242203,58.620249008527026,68.85747567517052,35584,70.18502943650125,3624183.3333333335,119980410.28333333,130354683.54583333,27950.0,1.0864663926219387,1.5864123858464074,0.22053660783638246,0.4410732156727649,
udp-c4-p1048576-q1,udp,udp,4,1048576,1,15.095419780001976,201,0,pass,13.315297151675082,26.630594303350165,284.9289780133404,296.7184309964068,300.66911701578647,2.5389017537236214,53.6946313393541,52060,27.405247813411076,3682945.2736318405,56870174.86069652,31454662.11442786,24557.213930348258,0.5530959275485973,3.7498050291867937,0.2479819084243526,0.4959638168487052,
stcp-udp-c4-p1048576-q1,stcp,udp,4,1048576,1,15.173917257983703,346,0,pass,22.80228593034889,45.60457186069778,155.73137701721862,271.33605896960944,395.0063649681397,10.750947258202359,38.4965193936757,42564,84.79377660355203,3086323.6994219655,100058266.2716763,73988212.53468208,288196.53179190756,0.7394512746582146,2.847386215265531,0.5923207159890643,1.1846414319781287,
tls-c4-p1048576-q1,tls,tls,4,1048576,1,15.137390160001814,334,0,pass,22.06456968272792,44.12913936545584,160.51119397161528,266.4882559911348,326.1507900315337,90.14182700775564,103.63954310601,48256,89.27847000869313,2379290.419161677,108830541.41616766,124343513.248503,38194.610778443115,1.142542448383251,1.3634356273557733,0.2128972110592835,0.425794422118567,
udp-c4-p1048576-q4,udp,udp,4,1048576,4,15.490567082015332,320,0,pass,20.657733077539973,41.315466155079946,185.46186800813302,197.48305500252172,234.20807998627424,6.752843473805115,78.25276463941402,53136,77.44854765727631,3677531.25,99834785.9625,66011272.259375,1027706.25,0.6612051262790326,3.6418770978498163,0.26398726195464245,0.5279745239092849,
stcp-udp-c4-p1048576-q4,stcp,udp,4,1048576,4,15.379220725037158,344,0,pass,22.367843348523685,44.73568669704737,161.54418600490317,246.53437500819564,270.45013703173026,18.196661505498923,39.24382846118114,41756,77.4127609870054,2606787.7906976743,90925192.52034883,73042120.34302326,563072.6744186047,0.8033210413788963,2.642777321127013,0.569970979529923,1.139941959059846,
tls-c4-p1048576-q4,tls,tls,4,1048576,4,15.496787002019119,240,0,pass,15.48708128780048,30.97416257560096,235.72707001585513,392.8639540099539,469.39447900513187,84.42197600379586,73.0751284025813,48348,93.01929625425652,3184575.0,157941862.85416666,158626522.96666667,990725.0,1.0043348869015947,1.9583491664787482,0.211933685596554,0.423867371193108,
udp-c4-p1048576-q8,udp,udp,4,1048576,8,15.631951123999897,320,0,pass,20.470893074166582,40.941786148333165,184.96217404026538,204.95853503234684,316.939526994247,9.880236495519057,80.55893279160745,52148,78.35734870317003,3661059.375,101433687.090625,66889109.9,1012534.375,0.6594368381801851,3.6669393587856924,0.2541107778465906,0.5082215556931812,
stcp-udp-c4-p1048576-q8,stcp,udp,4,1048576,8,16.150984491978306,312,0,pass,19.31770785582518,38.63541571165036,215.35178396152332,232.3419969761744,289.5605770172551,14.569254257366993,34.063490078468405,43292,64.25972572068291,3003439.1025641025,83365714.77564102,67272551.625,794096.1538461539,0.8069570543004166,2.7787076539299163,0.5671088843605001,1.1342177687210002,
tls-c4-p1048576-q8,tls,tls,4,1048576,8,16.3167598680011,240,0,pass,14.708802601836748,29.417605203673496,251.93109700921923,381.5178050426766,503.1586880213581,101.58449475420639,70.0233385330791,48048,93.72779447936594,3370395.8333333335,160211313.32083333,159881657.2625,1073195.8333333335,0.9979423671680839,1.9902092983407658,0.21005571727900826,0.4201114345580165,
udp-c8-p1048576-q1,udp,udp,8,1048576,1,15.048102836008184,200,0,pass,13.290711937549071,26.581423875098142,519.3028969806619,804.0942429797724,1005.4555549868383,16.839992742461618,94.2059949648811,81648,74.07910628019324,5390140.0,153589287.075,104783875.22,1939175.0,0.682234270472474,3.68078349932942,0.1410813817369446,0.2821627634738892,
stcp-udp-c8-p1048576-q1,stcp,udp,8,1048576,1,15.192178305995185,353,0,pass,23.23564092587684,46.47128185175368,292.43953397963196,437.35617701895535,513.2393619860522,20.364121490274556,43.356718617505194,66008,75.25289546987246,2680104.8158640224,86857033.50424929,69376937.42209631,655512.7478753541,0.7987486404161178,2.838281715503333,0.5359178846273549,1.0718357692547098,
tls-c8-p1048576-q1,tls,tls,8,1048576,1,15.348007245047484,238,0,pass,15.506899117264762,31.013798234529524,475.38547799922526,619.6553040063009,668.9896440366283,262.8926533870981,83.41476385562126,72608,93.43065693430657,3204911.7647058824,159679119.5882353,159445205.81932774,1030920.1680672269,0.9985351010857854,1.9809779810883916,0.18590113309083908,0.37180226618167816,
udp-c8-p1048576-q4,udp,udp,8,1048576,4,15.804170846007764,288,0,pass,18.22303762761149,36.44607525522298,374.8266570037231,583.9718579663895,888.7961630243808,39.84951063466724,88.49335492682846,82744,73.59200810771681,4002003.4722222225,105983315.89930555,69991943.39930555,1168479.1666666667,0.660405298752916,3.6931474791331813,0.20592549172397606,0.4118509834479521,
stcp-udp-c8-p1048576-q4,stcp,udp,8,1048576,4,15.696728131035343,352,0,pass,22.425055531415538,44.850111062831076,311.930775991641,451.3689419836737,477.6992700062692,23.74413950019516,46.14239311235537,66848,72.70638908829864,2710241.477272727,84432298.91477273,67578199.75852273,666204.5454545455,0.8003832730734622,2.813009474270248,0.48599680291421354,0.9719936058284271,
tls-c8-p1048576-q4,tls,tls,8,1048576,4,16.124288915016223,256,0,pass,15.876669126264067,31.753338252528135,456.97542204288766,599.6201329980977,633.0089920083992,208.91373912309064,76.1182900200325,72400,92.64806925931015,3031179.6875,148583068.41015625,152306032.17578125,908769.53125,1.0250564469118912,1.8656514249197607,0.20857889900161591,0.41715779800323183,
udp-c8-p1048576-q8,udp,udp,8,1048576,8,15.412152322998736,256,0,pass,16.61026926252116,33.22053852504232,388.86089000152424,780.019084981177,811.987700057216,16.99874538462609,86.81263148453439,82712,67.6218611521418,3736085.9375,110073901.8046875,73765657.26171875,1128875.0,0.6701466564945319,3.6199082960728686,0.1913347053127893,0.3826694106255786,
stcp-udp-c8-p1048576-q8,stcp,udp,8,1048576,8,15.943942796962801,400,0,pass,25.087897334666614,50.17579466933323,271.0530769545585,428.5950719495304,451.3135260203853,43.245112130534835,42.2899033561788,64844,80.37120359955006,2546652.5,82054720.2125,66056288.7975,497510.0,0.8050272869913114,2.7284241284241446,0.5932360999590964,1.1864721999181929,
tls-c8-p1048576-q8,tls,tls,8,1048576,8,16.081552304967772,256,0,pass,15.918861260732816,31.837722521465633,461.2666760222055,625.3215079777874,724.1710110101849,177.71869099669857,86.93227951434392,72724,93.4507429829389,3016589.84375,149294946.87890625,151499386.6015625,908507.8125,1.0147656686896729,1.8651070318301772,0.18311795514468462,0.36623591028936925,
udp-c16-p1048576-q1,udp,udp,16,1048576,1,15.345201926014852,226,0,pass,14.727730602023573,29.455461204047147,902.1732439869083,1070.2696589869447,1094.036263995804,40.702946949750185,173.13273639599214,142600,24.32998951938913,3230345.132743363,51269708.230088495,28424068.632743362,188623.89380530972,0.5544027772731154,3.733601718826242,0.08506612272527166,0.1701322454505433,
stcp-udp-c16-p1048576-q1,stcp,udp,16,1048576,1,15.535575860994868,310,0,pass,19.954200782367923,39.90840156473585,653.0284069594927,863.6675329762511,964.4440739648417,68.62520512731862,42.899285225293276,109888,55.89009061677872,2262145.1612903224,75458276.88064516,60444654.74516129,495629.03225806454,0.8010341243382564,2.7727477253811084,0.46514063527107424,0.9302812705421485,
tls-c16-p1048576-q1,tls,tls,16,1048576,1,15.404349382035434,326,0,pass,21.16285419883955,42.3257083976791,625.6062799948268,816.8430849909782,922.5085219950415,584.5273261911643,106.08096839881458,121740,75.19045565617364,1333150.3067484663,94879144.04294479,116858399.20552148,92539.87730061349,1.2316552850922464,1.050678450975942,0.19949718142916237,0.39899436285832474,
udp-c16-p1048576-q4,udp,udp,16,1048576,4,17.973128316982184,256,0,pass,14.243485913251646,28.486971826503293,1041.7059949832037,1103.3122619846836,1150.3026810241863,50.34884456472355,76.98437220261968,142564,23.742660199131986,2851070.3125,39082411.3984375,20786195.99609375,46570.3125,0.5318555138315947,3.8142645153343486,0.18501788747154269,0.37003577494308537,
stcp-udp-c16-p1048576-q4,stcp,udp,16,1048576,4,16.34471721202135,384,0,pass,23.493829536406565,46.98765907281313,553.7210829788819,746.2431039894,867.8045030101202,62.06377237322158,47.85898035755983,111720,65.69727184600471,2087994.7916666665,73100623.40104167,58459259.825520836,332536.4583333333,0.7997094567142611,2.6668970136961225,0.4908969928084869,0.9817939856169738,
tls-c16-p1048576-q4,tls,tls,16,1048576,4,16.594709597004112,364,0,pass,21.93470141024426,43.86940282048852,613.64447302185,825.7408289937302,937.6634530490264,385.79225455760024,111.2610792739227,121476,78.3842204809511,1348868.131868132,92317851.88461539,114804790.73076923,85359.89010989011,1.2435816950578467,1.0048677907792745,0.19714622178202526,0.3942924435640505,
udp-c16-p1048576-q8,udp,udp,16,1048576,8,19.39549275499303,256,0,pass,13.198942828307226,26.397885656614452,1061.575565021485,1171.0824110195972,1231.4580390229821,36.84334831996239,63.54909955472502,142624,27.771240291833372,3466531.25,43640209.30859375,22914771.20703125,33210.9375,0.5250838978565304,3.778506028864593,0.20769677179990595,0.4153935435998119,
stcp-udp-c16-p1048576-q8,stcp,udp,16,1048576,8,20.015625518048182,376,0,pass,18.78532347944655,37.5706469588931,798.9629370276816,867.2188839991577,883.7293969700113,81.9497776319622,39.70876150152435,110752,53.47400326416414,2425414.8936170214,57954908.5319149,46507256.162234046,513561.170212766,0.8024731181591495,2.7897723962749437,0.47307754684631537,0.9461550936926307,
tls-c16-p1048576-q8,tls,tls,16,1048576,8,17.645792305993382,384,0,pass,21.76156181264667,43.52312362529334,611.9271439965814,848.2857429771684,918.172022968065,451.19225055532297,107.33746987131236,121852,78.39592616168046,1329190.1041666665,86698110.765625,107134783.0390625,85854.16666666667,1.2357222330793909,1.020519853147691,0.20273965688530535,0.4054793137706107,
