{
  "mode": "tls",
  "clients": 1,
  "payload_bytes": 1024,
  "pipeline": 1,
  "elapsed_s": 2.0041240389982704,
  "operations": 2964,
  "errors": 0,
  "tx_mib_s": 1.4442874760620035,
  "rx_mib_s": 1.4442874760620035,
  "combined_mib_s": 2.888574952124007,
  "operations_s": 1478.9503754874916,
  "connect_mean_ms": 65.64153399085626,
  "rtt_p50_ms": 0.6306610011961311,
  "rtt_p95_ms": 0.7871039997553453,
  "rtt_p99_ms": 0.8848810102790594,
  "client_cpu_percent": 37.65480505773481,
  "max_rss_kib": 24428,
  "error_details": []
}
