mode,transport,clients,payload_bytes,pipeline,elapsed_s,operations,errors,combined_mib_s,operations_s,connect_mean_ms,rtt_p50_ms,rtt_p95_ms,rtt_p99_ms,client_cpu_percent,max_rss_kib,server_cpu_busy_percent,server_network_irq,server_net_rx_softirq,server_net_tx_softirq,server_network_irq_per_1k_ops,server_net_rx_softirq_per_1k_ops,server_net_tx_softirq_per_1k_ops,server_kernel_network_events_per_1k_ops,server_network_irq_per_mib,server_perf_task_clock_ms,server_perf_context_switches,server_perf_cpu_migrations,server_perf_page_faults,server_perf_cycles,server_perf_instructions,server_perf_branches,server_perf_branch_misses,server_perf_cache_references,server_perf_cache_misses,server_perf_cycles_per_op,server_perf_instructions_per_op,server_perf_context_switches_per_1k_ops,server_perf_cpu_migrations_per_1k_ops,server_perf_page_faults_per_1k_ops,server_perf_cycles_per_mib,server_perf_instructions_per_mib,server_perf_task_clock_ms_per_1k_ops,server_perf_ipc,server_perf_branch_miss_percent,server_perf_cache_miss_percent
stcp,udp,1,64,1,15.000683732971083,43875,0,0.35703938942233177,2924.866678147742,3.5204580053687096,0.30359800439327955,0.5182180320844054,0.7822160259820521,23.83804007640225,21092,42.06745783885072,351265,658808,0,8006.039886039886,15015.566951566952,0.0,23021.60683760684,65585.47874643875,68039379778.0,497708.0,804.0,14364.0,19244392289.0,10284190299.0,,80207061.0,4194464165.0,158305913.0,438618.62766951567,234397.4996923077,11343.77207977208,18.324786324786324,327.38461538461536,3593163797.8686724,1920184317.4793847,1550755094.6552706,0.5343993275837758,,3.7741629627201743
tls,tls,1,64,1,15.001477496000007,47999,0,0.3905783901118947,3199.6181717966415,50.0177780049853,0.2767090336419642,0.5504839937202632,1.3023890205658972,28.513971381422643,25148,40.128953024255445,330856,616859,0,6892.976937019522,12851.496906185546,0.0,19744.47384320507,56467.26706806391,68039064038.0,144056.0,254.0,16476.0,17597319861.0,9562612549.0,,81229408.0,3940650444.0,167893973.0,366618.4683222567,199225.24529677702,3001.229192274839,5.291776912019,343.2571511906498,3003338492.495927,1632053209.4711974,1417510032.2506719,0.5434130097386652,,4.26056498504286
udp,udp,1,64,1,15.000447672966402,22993,0,0.18711192869068893,1532.8209198341237,0.6678160279989243,0.804704031907022,0.896613986697048,1.1909230379387736,10.522399293752965,21160,27.48408114911891,335115,603270,0,14574.653155308139,26237.115643891622,0.0,40811.76879919976,119395.55864828426,68028552463.0,15857.0,144.0,16611.0,11356614454.0,5883357450.0,,49155174.0,2441518522.0,91302661.0,493916.168138129,255876.0253120515,689.644674466142,6.26277562736485,722.4372635149829,4046161249.3875527,2096136399.3563259,2958663613.40408,0.518055576671248,,3.739585023717465
stcp,udp,1,64,4,15.00121738598682,43528,0,0.35420302404680243,2901.6311729914055,2.253756974823773,0.3251080051995814,0.5866620340384543,0.897591991815716,22.866010882585137,21004,41.72501591343094,350344,656978,0,8048.704282301048,15093.227347913988,0.0,23141.931630215036,65934.98548061018,68034686945.0,503957.0,830.0,16464.0,19509373348.0,10498880444.0,,80749647.0,4280317439.0,159412805.0,448202.8429516633,241198.31933468112,11577.766035655211,19.068185995221466,378.239294247381,3671677689.460026,1975896631.9897077,1563009716.6191876,0.5381454471512429,,3.724322022182617
tls,tls,1,64,4,15.001861899043433,50756,0,0.41300212086641486,3383.3133741376705,48.669422045350075,0.2703529899008572,0.42679597390815616,0.6775929941795766,29.18796366389163,24952,40.63577747788274,327109,610224,0,6444.735597761841,12022.696824020806,0.0,18467.432421782647,52795.274016865,68043818519.0,116032.0,212.0,16201.0,17269208513.0,9367552023.0,,82530549.0,3848719770.0,167331178.0,340239.7453108992,184560.4859129955,2286.074552762235,4.176846087162109,319.19378989676096,2787243993.5868864,1511919500.5992591,1340606401.5879896,0.5424424643404038,,4.347710095817135
udp,udp,1,64,4,15.000894022989087,22280,0,0.18130429815262875,1485.2448104663347,0.5011059693060815,0.7968820282258093,0.8980800048448145,1.1640340089797974,9.96055300244212,21412,27.497044917257686,334341,602103,0,15006.328545780969,27024.371633752246,0.0,42030.70017953321,122931.84344703771,68043126258.0,13695.0,146.0,16591.0,11391519674.0,5920289118.0,,48986861.0,2421742259.0,90454326.0,511289.0338420108,265722.1327648115,614.6768402154398,6.552962298025134,744.6588868940754,4188479765.2337523,2176795711.609336,3054000280.8797126,0.5197102131608011,,3.735093016766818
stcp,udp,1,64,8,15.001069085963536,44200,0,0.35967488594186686,2946.4566656357733,2.4434439837932587,0.2977310214191675,0.42239599861204624,0.7836809963919222,23.12170539395402,20972,41.606526513962976,342818,652092,0,7756.063348416289,14753.212669683258,0.0,22509.276018099546,63537.670950226246,68042910241.0,487504.0,748.0,16594.0,19087060868.0,10235211065.0,,79546514.0,4166572539.0,155597398.0,431833.9562895928,231565.86119909503,11029.502262443439,16.923076923076923,375.42986425339365,3537583769.924344,1896987534.9429865,1539432358.393665,0.5362381948579429,,3.7344219149810898
tls,tls,1,64,8,15.002243881986942,45128,0,0.3671976742835352,3008.0833477307206,47.74932703003287,0.27377496007829905,0.5377730121836066,1.3106989790685475,27.783357161688542,24824,40.5484068627451,271413,509478,0,6014.292678603085,11289.620634639248,0.0,17303.913313242334,49269.085623116465,68037494908.0,158786.0,839.0,57402.0,18044352920.0,10855189558.0,,83251416.0,4357423458.0,169577061.0,399848.27424215566,240542.2256248892,3518.5694025881935,18.59156177982627,1271.9819180996278,3275557062.591739,1970521912.3190923,1507655887.8744903,0.6015837534394667,,3.891681922459601
udp,udp,1,64,8,15.000904215034097,51064,0,0.4155348469762782,3404.061466429671,0.12124399654567242,0.19750901265069842,0.7421269547194242,1.6666059964336455,22.992327332797117,21108,68.89476138660035,354413,629897,0,6940.564781450728,12335.441798527338,0.0,19276.006579978068,56857.106689644366,68061795425.0,786017.0,48437.0,10498.0,29327792432.0,15288796946.0,,157975356.0,6215871292.0,257005218.0,574334.020679931,299404.6088438039,15392.781607394641,948.554754817484,205.5851480495065,4704944297.409995,2452722555.6484413,1332872384.1649694,0.5213074588361503,,4.134661191115281
stcp,udp,2,64,1,15.00171607802622,24619,0,0.20032701644310158,1641.0789187018881,4.519489506492391,1.3322100276127458,1.7785599920898676,3.0393929919227958,15.307548736798498,21624,60.306881587104776,358915,644508,0,14578.780616596938,26179.29241642634,0.0,40758.07303302328,119429.37081116211,68052720609.0,774878.0,47707.0,13295.0,26104372158.0,14455601996.0,,112550423.0,5811352847.0,222331746.0,1060334.3823063488,587172.5901133271,31474.79588935375,1937.812258824485,540.0300580852187,8686259259.85361,4810117858.208376,2764235777.6107883,0.5537617188609497,,3.8258173587717104
tls,tls,2,64,1,15.003539803961758,31197,0,0.25382193727755625,2079.309310177741,62.54563349648379,0.61746098799631,3.361566981766373,6.247451005037874,21.71930119543878,26340,79.2923076923077,317624,566597,0,10181.235375196333,18161.906593582717,0.0,28343.141968779048,83404.68019360835,68038645055.0,682760.0,21153.0,10522.0,32756519224.0,16367652314.0,,182017348.0,6635485760.0,289488315.0,1049989.397185627,524654.6883995256,21885.437702343173,678.0459659582652,337.27602013014075,8601513141.744656,4297971207.368914,2180935508.3822165,0.4996761774983641,,4.3627298056321955
udp,udp,2,64,1,15.000377390999347,101658,0,0.8272741081548393,6777.029494004443,0.2432200126349926,0.17306499648839235,0.5103950388729572,0.90932403691113,47.617201979770584,21568,71.0764430577223,382133,665274,0,3759.005685730587,6544.236557870508,0.0,10303.242243601095,30793.77457750497,68045630685.0,759606.0,28879.0,10902.0,30050072058.0,15865794750.0,,148464237.0,6435343490.0,265292343.0,295599.67792008497,156070.30189458773,7472.171398217552,284.07995435676486,107.24192882016172,2421552561.521336,1278527913.1204627,669358345.4819099,0.5279785925097698,,4.122427084307819
stcp,udp,2,64,4,15.00538464501733,25324,0,0.20601328568918068,1687.660836365768,5.098082008771598,1.340520044323057,1.6524280072189867,2.8511720011010766,15.644750571452537,21708,61.2457284871078,353395,641777,0,13954.943926709839,25342.639393460748,0.0,39297.58332017058,114318.900647607,68097486666.0,774529.0,44615.0,10905.0,26290463404.0,14589470814.0,,114332250.0,5845837313.0,225582444.0,1038163.9316063813,576112.4156531354,30584.78123519191,1761.7674932870004,430.6191754857052,8504638927.719476,4719512909.030485,2689049386.589796,0.5549339541797602,,3.8588560016603393
tls,tls,2,64,4,15.007616855029482,31932,0,0.2597313921592878,2127.7195645688857,60.067212994908914,0.571504991967231,2.7489939820952713,5.457901046611369,22.12389903122615,26088,79.58216032004741,328623,588700,0,10291.337842916198,18436.05160967055,0.0,28727.38945258675,84306.63960916949,68045577981.0,684955.0,21598.0,8598.0,32879346108.0,16289890973.0,,180604723.0,6631355580.0,290622456.0,1029667.6095452837,510143.1470938244,21450.42590504823,676.3747964424402,269.2596768132281,8435037057.394964,4179092660.9926095,2130952586.1518228,0.49544449331479995,,4.382549728995229
udp,udp,2,64,4,15.000445857003797,89056,0,0.7247180419590143,5936.8901997282455,0.31337447580881417,0.22244203137233853,0.787592027336359,1.672472048085183,40.92063035002391,21524,70.47970479704797,355072,646095,0,3987.0643190801297,7254.929482572764,0.0,11241.993801652892,32662.03090190442,68045501666.0,746513.0,34592.0,11386.0,29668722832.0,15496959094.0,,153096142.0,6320118907.0,262863067.0,333146.8158462091,174013.6441564858,8382.512127200862,388.4297520661157,127.85213798059648,2729138715.412145,1425519772.9299316,764075431.9304707,0.5223332053001397,,4.159147491811581
stcp,udp,2,64,8,15.00779706495814,26824,0,0.21818085947773527,1787.3376008416074,4.2312890000175685,1.153766002971679,1.776602992322296,3.1322789727710187,15.339826291863714,21412,62.38102668122952,346473,637650,0,12916.529973158365,23771.622427676706,0.0,36688.152400835075,105812.21354011334,68046597147.0,771765.0,48571.0,10750.0,26813807523.0,14872205498.0,,117396174.0,5956549240.0,231481042.0,999620.0239710707,554436.5306441992,28771.436027438114,1810.729197733373,400.76051297345657,8188887236.371011,4541944059.03728,2536780388.7190576,0.5546472833163703,,3.886160135226214
tls,tls,2,64,8,15.013492840051185,31320,0,0.25465374568273785,2086.1234846329885,73.22793747880496,0.6150149856694043,3.0027240281924605,5.63682900974527,21.883748405536245,26120,77.61948529411765,313401,562359,0,10006.417624521073,17955.268199233717,0.0,27961.68582375479,81972.57318007664,68044731278.0,673746.0,23739.0,10792.0,32246521289.0,15994745259.0,,182226632.0,6497020368.0,283801443.0,1029582.4166347382,510687.90737547894,21511.68582375479,757.9501915708812,344.5721583652618,8434339157.071775,4183555337.2199235,2172564855.6194124,0.49601459691269584,,4.368178440655921
udp,udp,2,64,8,15.005188281997107,94768,0,0.7709572954095792,6315.682163995273,0.4448844993021339,0.23613101802766323,0.7387030054815114,1.4133630320429802,43.4853723750246,21836,69.55710955710956,358387,645229,0,3781.730119871687,6808.511311835218,0.0,10590.241431706905,30979.93314198886,68044461981.0,743440.0,34929.0,10751.0,29427774495.0,15383413009.0,,151568128.0,6265131676.0,257678877.0,310524.3805398447,162327.08307656593,7844.8421408070235,368.5737801789634,113.44546682424448,2543815725.3824077,1329783464.5632281,718010952.8638359,0.5227514915072411,,4.112904410087613
stcp,udp,4,64,1,15.006539149966557,43787,0,0.3561842420841858,2917.86131115365,9.550829228828661,1.383052032906562,2.4977059802040458,4.05822298489511,26.40171701420463,22288,66.37046116132986,351892,632547,0,8036.449174412497,14445.999954324343,0.0,22482.44912873684,65834.59163678717,68066769500.0,793157.0,49626.0,10170.0,28117659426.0,15417706322.0,,124395488.0,6172907407.0,246132053.0,642146.2860209651,352106.9340671889,18113.98360243908,1133.3500810742914,232.26071665106082,5260462375.083746,2884460003.8784113,1554497213.7849133,0.548328226343885,,3.9872953986137762
tls,tls,4,64,1,15.006387517030817,42013,0,0.34175713730183876,2799.674468776663,108.24332572519779,0.9660339565016329,3.8778239977546036,6.514373002573848,30.79282735272383,28848,82.33785822021116,302844,537848,0,7208.340275628972,12801.942255968392,0.0,20010.282531597364,59050.72353795254,68032382389.0,650126.0,22871.0,10337.0,33876038625.0,16310029450.0,,194633973.0,6626760424.0,296784035.0,806322.7721181539,388213.8730869017,15474.400780710734,544.3791207483398,246.04289148596865,6605396149.191916,3180248048.3278985,1619317411.015638,0.48146212225544716,,4.478568953921187
udp,udp,4,64,1,15.000553980993573,106887,0,0.869816508691586,7125.5368392014725,0.19359799625817686,0.3598179901018739,1.3654520153068006,2.268908021505922,54.32915351210382,22376,68.03763848838975,378794,671007,0,3543.8734364328684,6277.723203008785,0.0,9821.596639441654,29031.411191258056,68071618018.0,707795.0,36056.0,8532.0,28693087169.0,15047319817.0,,143087767.0,6127476520.0,251112478.0,268443.1892465875,140777.8290811792,6621.8997633014305,337.3282064236062,79.82261640798227,2199086606.308045,1153251975.83302,636855913.4225864,0.5244231730232611,,4.098138559656203
stcp,udp,4,64,4,15.006672646966763,42808,0,0.34821749367313787,2852.5977081703454,9.738922250107862,1.428027986548841,2.6140600093640387,4.228840989526361,25.245583009140667,22612,66.3350948088281,336715,625722,0,7865.702672397682,14616.940758736684,0.0,22482.643431134366,64435.83629228182,68048330333.0,794424.0,50947.0,11601.0,28099764645.0,15448330979.0,,125651587.0,6193243785.0,246344328.0,656413.8629461783,360874.8593487199,18557.83965613904,1190.1280134554288,271.00074752382733,5377342365.255093,2956286847.7847133,1589617135.4186134,0.5497672729351075,,3.9776300845228234
tls,tls,4,64,4,15.008694830001332,56052,0,0.4558880857896284,3734.635198788636,91.17708701523952,0.6966590299271047,2.8154790052212775,5.754644982516766,36.73414019305176,29284,80.15347577490219,257381,456179,0,4591.825447798473,8138.496396203525,0.0,12730.321844002,37616.23406836509,68045497185.0,595626.0,15052.0,45504.0,33409291844.0,17030216193.0,,184061944.0,6894251188.0,306555469.0,596041.0305430671,303828.8766324128,10626.311282380646,268.53635909512593,811.8175979447656,4882768122.208806,2488966157.3727255,1213970905.32006,0.5097449018829913,,4.446537566452243
udp,udp,4,64,4,15.002867880044505,100016,0,0.8137767040686479,6666.458759730363,0.10596548963803798,0.5319049814715981,1.427049981430173,2.282594970893115,49.36747466697034,22500,78.4572404159553,268715,501236,0,2686.7201247800353,5011.558150695889,0.0,7698.278275475924,22009.611262198046,68034024667.0,692996.0,40814.0,10337.0,32417948898.0,15248663174.0,,191091544.0,6493004597.0,321427460.0,324127.6285594305,152462.2377819549,6928.851383778595,408.0747080467125,103.35346344584866,2655253533.1588545,1248970651.9097745,680231409.6444569,0.47037717352132524,,4.9503655079577635
stcp,udp,4,64,8,15.008382438973058,60224,0,0.4898304350847171,4012.6909242140023,9.241111009032466,0.8320789784193039,2.063085965346545,3.3552040113136172,36.228661030655665,22548,86.04546138792715,246991,451219,0,4101.20549946865,7492.345244420828,0.0,11593.550743889478,33597.07545164718,68051716313.0,710305.0,32730.0,10742.0,35088247843.0,15510690499.0,,233014988.0,6535977487.0,320873089.0,582628.9825152763,257549.98836012222,11794.384298618492,543.471041445271,178.36742826780022,4772896624.765143,2109849504.6461213,1129976692.2323327,0.4420480204198722,,4.909335897166318
tls,tls,4,64,8,15.01043313095579,29448,0,0.23948186778745575,1961.8354609148375,118.52538677339908,1.6866470105014741,4.641944018658251,6.5930759883485734,18.78346197875817,28472,67.27448765531709,180379,342465,0,6125.339581635425,11629.482477587613,0.0,17754.82205922304,50178.7818527574,68051981667.0,768986.0,115962.0,15014.0,28958924904.0,14316347514.0,,171868471.0,6096786363.0,306754522.0,983391.9079054605,486156.87021189893,26113.352349904915,3937.8565607171963,509.8478674273295,8055946509.561532,3982597080.775876,2310920322.840261,0.494367369004867,,5.031413333778971
udp,udp,4,64,8,15.002632227959111,105368,0,0.8573365321539798,7023.300871405402,0.2098532422678545,0.4981710226275027,1.3087390107102692,2.021530002821237,51.30054435152268,22576,79.04791249422277,272927,510521,0,2590.226634272265,4845.123756738289,0.0,7435.350391010554,21219.136587958394,68053554369.0,701686.0,37439.0,13662.0,32603751107.0,15466263043.0,,188832256.0,6565667935.0,323177795.0,309427.44578050263,146783.30273897198,6659.38425328373,355.3166046617569,129.65985878065447,2534829635.8338776,1202448816.0376585,645865484.482955,0.47437066343201856,,4.922237892617395
stcp,udp,8,64,1,15.005142644047737,76173,0,0.6196850063102218,5076.459571693337,22.79678361810511,1.3498049811460078,3.2848030095919967,4.9382050056010485,52.4518639156161,24284,85.44181195052897,259193,473973,0,3402.688616701456,6222.322870308377,0.0,9625.011487009833,27874.825148018328,68036324000.0,654292.0,30676.0,9859.0,34781193780.0,15631391314.0,,213436071.0,6486514874.0,310717361.0,456607.9028002048,205209.08082916518,8589.552728657136,402.714872723931,129.42906279127774,3740531939.739278,1681072790.1525211,893181626.0354719,0.44942078218684994,,4.790205018190173
tls,tls,8,64,1,15.017985573038459,42459,0,0.34511841639683183,2827.2100671228463,177.78661501506576,2.3241470335051417,6.632670992985368,9.255526005290449,29.00137291261763,33260,67.44186046511628,175187,332105,0,4126.027461786665,7821.781012270661,0.0,11947.808474057327,33800.416966956356,68037453555.0,748229.0,120400.0,12535.0,29050248801.0,14000924779.0,,170973874.0,5975830738.0,300982253.0,684195.3131491557,329751.6375562307,17622.388657292915,2835.6767705315715,295.2259827127346,5604928005.3178835,2701325414.860642,1602427130.9969616,0.48195541714321033,,5.036659607610192
udp,udp,8,64,1,15.002107955981046,98824,0,0.8041187677022767,6587.340945017051,0.47501063818344846,1.170873991213739,2.372057002503425,3.4764439915306866,59.12580436047094,24484,79.56689868522815,274913,507006,0,2781.844491216709,5130.393426697969,0.0,7912.2379179146765,22788.870072047277,68049144463.0,701854.0,40272.0,10909.0,32855278809.0,15497608658.0,,190607014.0,6581834587.0,324848452.0,332462.54765036836,156820.29322836557,7102.060228284628,407.5123451793087,110.38816481826277,2723533190.3518176,1284671842.1267707,688589254.2600988,0.47169311050724555,,4.935530477195811
stcp,udp,8,64,4,15.008566145028453,82664,0,0.6723373981892705,5507.787965966504,20.014231631648727,1.1821179650723934,3.130313998553902,4.78029198711738,55.30569622568208,24484,86.91270194160367,267025,471633,0,3230.2453304945325,5705.421949095133,0.0,8935.667279589665,26462.169747411208,68056246852.0,659663.0,30883.0,10078.0,35322381284.0,15912763424.0,,212374430.0,6617593312.0,314896004.0,427300.65426304075,192499.3155908255,7980.051775863737,373.59672892673956,121.91522307171199,3500446959.72283,1576954393.3200426,823287608.293816,0.45050086787914306,,4.75846715193247
tls,tls,8,64,4,15.019008742005099,42424,0,0.34481043499336966,2824.6870834656843,173.73791387944948,2.3041029926389456,6.704532017465681,9.296585049014539,28.08659394545925,33096,67.7341873498799,175456,333354,0,4135.772204412597,7857.674900999435,0.0,11993.447105412031,33880.24589854799,68057394333.0,748357.0,119292.0,12279.0,29061367165.0,13996396375.0,,170134432.0,5968745667.0,300980037.0,685021.8547284555,329916.9426503866,17639.94437111069,2811.898925136715,289.43522534414484,5611699033.935508,2702679594.191967,1604219176.2445786,0.4816152074172385,,5.042601139198448
udp,udp,8,64,4,15.00368707801681,96324,0,0.7836940826683926,6420.021925219472,0.2547095064073801,1.1498599778860807,2.755850029643625,4.3447299976833165,52.9071951362588,24364,78.01484230055658,269771,499877,0,2800.66234790914,5189.537394626469,0.0,7990.199742535609,22943.025954071672,68059112518.0,687060.0,42684.0,10902.0,32375412136.0,15292060859.0,,189685937.0,6481640431.0,319888713.0,336109.5068311117,158756.49743573772,7132.801793945434,443.1294381462564,113.18051575931233,2753409079.960467,1300533226.9935634,706564433.7652091,0.4723356352889765,,4.93530482607544
stcp,udp,8,64,8,15.009850417962298,84408,0,0.6864632658277222,5623.5070736607,16.599145506916102,1.1547489557415247,3.1425589695572853,4.824816016480327,56.803770607845216,24312,86.97618329816099,265798,472089,0,3148.966922566581,5592.941427352857,0.0,8741.908349919438,25796.337029665436,68048198240.0,655117.0,33396.0,11307.0,35267760182.0,16017573905.0,,209658327.0,6656058445.0,316410809.0,417824.8528812435,189763.69425883802,7761.314093450857,395.6497014500995,133.956497014501,3422821194.803147,1554544183.368401,806181857.6438252,0.4541704327788604,,4.753726422544958
tls,tls,8,64,8,15.033285123005044,42408,0,0.344353065224456,2820.9403103187437,200.67259586357977,2.3016759660094976,6.6806270042434335,9.434033010620624,26.734708795282998,33164,67.92634107285829,175828,333587,0,4146.104508583287,7866.133748349368,0.0,12012.238256932655,33964.88813431428,68036327500.0,745821.0,122970.0,11226.0,29059612948.0,14027880534.0,,172275007.0,5985586907.0,302027782.0,685238.9395397095,330783.8269666101,17586.799660441426,2899.688737973967,264.71420486700623,5613477392.7093,2709781110.51047,1604327662.2335408,0.48272771420258903,,5.045917579891552
udp,udp,8,64,8,15.006177815957926,98960,0,0.8050069959955931,6594.617311195899,0.13707149628316984,1.1508379830047488,2.468873979523778,3.7869109655730426,55.254063371037745,24188,78.55380820228184,274763,507154,0,2776.5056588520615,5124.83831851253,0.0,7901.343977364591,22745.13435731609,68039263593.0,684627.0,42536.0,10378.0,32515071079.0,15272336851.0,,189573238.0,6496961621.0,326063781.0,328567.8160772029,154328.38370048505,6918.219482619241,429.8302344381569,104.87065481002426,2691627549.304446,1264258119.2743735,687543084.0036379,0.4697002449692846,,5.018711822863022
stcp,udp,16,64,1,15.003719157946762,79668,0,0.6481791317120912,5309.883446985451,26.010261008195812,2.6150509947910905,6.67231495026499,10.450915026012808,59.527033970570756,25064,87.71564544913741,263015,469592,0,3301.38826128433,5894.361600642667,0.0,9195.749861926997,27044.97263644123,68035280111.0,689740.0,50845.0,10358.0,35566194209.0,15715248762.0,,219889304.0,6566252038.0,314170908.0,446430.1125797058,197259.2353517096,8657.679369382939,638.2110759652558,130.01456042576692,3657155482.2529497,1615947656.001205,853985039.3005974,0.44185916181111295,,4.784630656603499
tls,tls,16,64,1,15.023941875027958,54729,0,0.44467598373213674,3642.785658733664,303.9420540590072,3.3273579902015626,10.554070002399385,14.814222988206893,45.050260819032914,41740,64.04458084315942,152907,289305,0,2793.8935482102725,5286.137148495313,0.0,8080.030696705586,22887.575946938552,68087120462.0,682337.0,121049.0,19983.0,27983895844.0,13453841797.0,,160301385.0,5670677760.0,280459676.0,511317.5070620695,245826.55990425553,12467.558332876537,2211.7889966927955,365.1263498328126,4188713017.8524733,2013811178.7356613,1244077554.1668952,0.4807708645000773,,4.945787573723815
udp,udp,16,64,1,15.002479240996763,106508,0,0.866621085415092,7099.359931720433,0.28315662348177284,2.1921650040894747,3.0076269758865237,4.701616009697318,54.6568128392571,26332,27.416570771001155,328732,599816,0,3086.453599729598,5631.652082472679,0.0,8718.105682202277,25284.227888984864,68034850092.0,8786.0,198.0,18954.0,11152830193.0,5868619185.0,,48225003.0,2367391210.0,88669708.0,104713.54445675442,55100.26650580238,82.49145604086078,1.8590152852367898,177.95846321403087,857813356.1897322,451381383.2155331,638776900.2516243,0.5261999943909663,,3.745460725943981
stcp,udp,16,64,4,15.010248563019559,93060,0,0.7568071397056716,6199.764088468862,32.16151568631176,2.2742970031686127,5.438857013359666,8.281727961730212,79.95457869743447,25252,62.83512602343876,370460,655298,0,3980.8725553406407,7041.67203954438,0.0,11022.544594885021,32611.307973350526,68042367259.0,583943.0,36327.0,10980.0,27227204832.0,14191449908.0,,130380386.0,5773708381.0,237338341.0,292576.88407479046,152497.84986030517,6274.908661078874,390.36105738233397,117.98839458413926,2396789834.3406835,1249262386.05562,731166637.212551,0.5212231661518504,,4.110674203446577
tls,tls,16,64,4,15.039697528991383,69632,0,0.5651709406798184,4629.880346049073,297.8043319344579,2.771006023976952,7.961997005622834,11.404242017306387,48.75544861101842,42452,74.1313912911546,289058,532381,0,4151.223575367647,7645.637063419117,0.0,11796.860638786764,34006.82352941176,68043040259.0,569273.0,51462.0,10388.0,30745989817.0,14092103500.0,,174543195.0,5972836622.0,288678422.0,441549.7158921186,202379.70329733455,8175.450942095587,739.0567555147059,149.18428308823528,3617175272.5882354,1657894529.4117646,977180610.3372012,0.4583395618054953,,4.833187985365256
udp,udp,16,64,4,15.00651531497715,106752,0,0.8683728185046564,7113.710129190145,0.31313136787503026,2.1887419861741364,2.983670972753316,4.6541939955204725,51.88040552112584,26264,27.521069456553327,331751,604651,0,3107.6794814148684,5664.071867505995,0.0,8771.751348920863,25458.1103117506,68032447779.0,5381.0,149.0,12389.0,11046004741.0,5620506586.0,,47898511.0,2326860465.0,88324757.0,103473.5156343675,52650.12914043765,50.40654976019185,1.3957583932853717,116.05403177458034,847655040.0767386,431309857.91846526,637294362.4381745,0.5088271024489143,,3.795876818939377
stcp,udp,16,64,8,15.019080113968812,89096,0,0.724143987512562,5932.187545702908,25.06631344658672,2.439052041154355,5.776187987066805,8.585814968682826,67.68270708234341,25364,64.04120443740095,366299,654930,0,4111.28445721469,7350.835054323426,0.0,11462.119511538116,33679.64227350274,68032862814.0,607585.0,38346.0,11296.0,27520793116.0,14320578698.0,,131407941.0,5787275394.0,239952970.0,308889.2106940828,160732.00478135943,6819.441950255903,430.389692017599,126.78459190087096,2530420414.005926,1316716583.1688964,763590540.6976744,0.5203548690489709,,4.146216546887901
tls,tls,16,64,8,15.029815987043548,69384,0,0.5635282940124701,4616.423784550155,283.69660730822943,2.789093996398151,7.999152003321797,11.43210899317637,50.765172418460516,42340,74.50708564386937,283176,521260,0,4081.286751988931,7512.683039317421,0.0,11593.969791306352,33433.90107229332,68047118907.0,563928.0,52568.0,15079.0,30856837381.0,14218943500.0,,174893470.0,6024514025.0,290503681.0,444725.54740285943,204931.15848034128,8127.6374956762365,757.6386486798109,217.32676121295975,3643191684.3242245,1678796050.2709558,980732141.5167762,0.46080365672067447,,4.822026802402539
udp,udp,16,64,8,15.013876285986044,114088,0,0.9275924183216588,7598.837090891029,0.17379912605974823,2.1696750191040337,3.5977120278403163,5.798186990432441,67.7502918383209,26560,28.460155781905332,351644,646005,0,3082.217235817965,5662.339597503681,0.0,8744.556833321645,25249.52359582077,68042835944.0,23665.0,155.0,14322.0,12518624608.0,6656948886.0,,49746326.0,2748327417.0,98150763.0,109727.79440431947,58349.24694972302,207.4275997475633,1.3586003786550733,125.53467498772878,898890091.7601851,477997031.012131,596406597.9244093,0.5317635997924158,,3.57129075643901
stcp,udp,1,1024,1,15.000784831005149,30756,0,4.004477977434925,2050.2927244466814,6.840492016635835,0.38426497485488653,0.9303499828092754,2.174075983930379,17.42733483248576,21012,38.736809909772134,340362,635361,0,11066.523605150214,20658.11548966055,0.0,31724.639094810766,5666.060085836911,68029110796.0,367347.0,705.0,15000.0,17617120532.0,9827282933.0,,72396212.0,3836082193.0,147521303.0,572802.722460658,319524.09068149305,11943.913382754585,22.922356613343737,487.70971517752633,293274993.899857,163596334.42892447,2211897216.6731696,0.5578257193137537,,3.845624144060148
tls,tls,1,1024,1,15.00136555696372,21584,0,2.810160837686595,1438.8023488955366,67.10644095437601,0.4971969756297767,1.0525719844736159,1.816210977267474,21.45429352933795,24872,35.5036855036855,318190,596021,0,14741.93847294292,27614.019644180877,0.0,42355.958117123795,7547.872498146775,68055002166.0,123834.0,276.0,12977.0,16148949461.0,9872788728.0,,64110008.0,3653726342.0,135319831.0,748190.7645014826,457412.376204596,5737.305411415864,12.787249814677539,601.2323943661972,383073671.4247591,234195136.61675316,3153030122.590808,0.6113579556269564,,3.703611555262997
udp,udp,1,1024,1,15.000381845980883,18151,0,2.363351295920416,1210.035863511253,0.1114659826271236,0.7998170331120491,1.2334590428508818,2.3134079528972507,8.901080077223131,20960,26.619862512798008,310842,579758,0,17125.33744697262,31940.82970635227,0.0,49066.16715332489,8768.17277284998,68054365276.0,20520.0,161.0,13591.0,10929463587.0,5615946029.0,,47375996.0,2317921945.0,90251247.0,602141.126494408,309401.4670817035,1130.5162250013773,8.870034708831469,748.7741722219162,308296256.7651369,158413551.14583218,3749345230.3454356,0.5138354672483525,,3.8936275311030806
stcp,udp,1,1024,4,15.001194790005684,30304,0,3.9455190622171483,2020.10575985518,5.0844139768742025,0.3876870032399893,0.9005279862321913,2.1251869620755315,17.076519809653306,21060,38.23346786712201,337760,634329,0,11145.72333685322,20932.18717001056,0.0,32077.91050686378,5706.610348468848,68050665535.0,369124.0,694.0,13687.0,17615132870.0,9795129061.0,,72236760.0,3849057815.0,147760588.0,581280.7837249208,323228.915687698,12180.70221752904,22.9012671594509,451.65654699049634,297615761.26715946,165493204.83210137,2245600103.4516897,0.556063308366064,,3.8388768135456024
tls,tls,1,1024,4,15.005254909978248,24292,0,3.161913128743294,1618.8995219165665,43.03174000233412,0.46590802958235145,0.8051950135268271,1.1870149755850434,22.135092138896656,24736,36.99466056445461,316657,591592,0,13035.443767495472,24353.36736374115,0.0,37388.81113123662,6674.147208957682,68050654630.0,104221.0,229.0,14235.0,16260484114.0,10006323266.0,,66767490.0,3635341584.0,137816295.0,669376.0955870246,411918.4614687963,4290.3424995883415,9.426971842581919,585.9953894286184,342720560.9405566,210902252.2720237,2801360720.8134365,0.6153767130084845,,3.7910136314717215
udp,udp,1,1024,4,15.002024760004133,23396,0,3.045943013094148,1559.5228227042037,0.18382101552560925,0.7773279794491827,0.9005279862321913,1.0750599903985858,11.19780847501772,21156,27.707994680065024,334905,610407,0,14314.626431868697,26090.229098991284,0.0,40404.855530859975,7329.088733116772,68042683018.0,21694.0,162.0,16627.0,11588388272.0,6023958721.0,,49380360.0,2486983643.0,93756713.0,495314.9372542315,257478.14673448453,927.252521798598,6.924260557360232,710.677038810053,253601247.87416652,131828811.12805608,2908304112.5833473,0.5198271389952613,,3.7698966482506937
stcp,udp,1,1024,8,15.000699305033777,35976,0,4.6841566230463005,2398.288190999706,2.259141008835286,0.38621900603175163,0.6497290451079607,0.9367050370201468,20.488778139620734,21096,41.22264150943396,359400,659308,0,9989.993328885925,18326.32866355348,0.0,28316.321992439403,5114.876584389593,68029094110.0,406316.0,660.0,9529.0,18284297847.0,10067834551.0,,76210651.0,3926790639.0,157065896.0,508235.98640760506,279848.63661885704,11294.084945519235,18.345563709139427,264.87102512786305,260216825.0406938,143282501.9488548,1890957697.0758283,0.5506273544243254,,3.999854090514959
tls,tls,1,1024,8,15.004288620024454,29280,0,3.811410287301365,1951.4420670982988,57.175697991624475,0.4561300156638026,0.6502179894596338,1.175771001726389,25.373785431713426,24824,39.54742994155552,327751,608361,0,11193.681693989072,20777.35655737705,0.0,31971.038251366124,5731.165027322404,68028595074.0,100119.0,287.0,14440.0,17079811066.0,10760958170.0,,71199451.0,3863894422.0,145203902.0,583326.8806693989,367519.0631830601,3419.3647540983607,9.80191256830601,493.1693989071038,298663362.90273225,188169760.34972677,2323380979.3032784,0.6300396490580243,,3.757967639417038
udp,udp,1,1024,8,15.004520750022493,44912,0,5.8461547330572685,2993.2312233253215,0.15448796330019832,0.2302649663761258,0.5015969509258866,0.9117720182985067,22.88925489336173,21100,40.49165120593692,292722,535167,0,6517.679016743854,11915.902208763804,0.0,18433.58122550766,3337.0516565728535,68048007648.0,271567.0,13874.0,57824.0,17455243147.0,10161219992.0,,82045620.0,4087332546.0,153884396.0,388654.3272844674,226247.32793017456,6046.646775917349,308.91521197007484,1287.4955468471678,198991015.5696473,115838631.90024938,1515140889.918062,0.5821299598308025,,3.7649101037936443
stcp,udp,2,1024,1,15.002207246026956,34765,0,4.526026704702543,2317.325672807702,4.699171026004478,0.8472399786114693,1.2197699979878962,1.858745003119111,22.71783041060568,21480,58.106396453451545,347247,629950,0,9988.407881490004,18120.235869408887,0.0,28108.643750898893,5114.064835322883,68037959629.0,737937.0,44964.0,15019.0,25390474347.0,14568348219.0,,109102974.0,5650641656.0,217879705.0,730345.875075507,419052.15645045304,21226.43463253272,1293.3697684452754,432.01495757227093,373937088.0386596,214554704.10263196,1957082112.1530275,0.5737721958204107,,3.8558400667409085
tls,tls,2,1024,1,15.005374149011914,27712,0,3.6070410149395755,1846.8049996490627,65.93873296515085,0.7343069883063436,2.8687830199487507,4.679616016801447,26.973382734788526,26512,73.79406307977736,312213,551602,0,11266.346709006928,19904.80658198614,0.0,31171.15329099307,5768.369515011547,68074517888.0,669367.0,27111.0,10473.0,30932852559.0,17120785961.0,,166146923.0,6435039286.0,264741757.0,1116225.9150909353,617811.2716873557,24154.409642032333,978.3126443418014,377.92292147806006,571507668.5265589,316319371.1039261,2456499635.103926,0.5534822864572397,,4.1140659012909095
udp,udp,2,1024,1,15.00029011798324,91362,0,11.895863669734881,6090.682198904259,0.3796204982791096,0.24444301379844546,0.6883510504849255,1.100971014238894,43.51865829697477,21832,67.59537755263575,368515,642431,0,4033.5697554782078,7031.709025634291,0.0,11065.278781112498,2065.187714804842,68052156351.0,795961.0,28020.0,13122.0,29013306294.0,15277252055.0,,140339705.0,6207684453.0,255896548.0,317564.26407040126,167216.69901052956,8712.166984085288,306.69206015630135,143.6264530110987,162592903.20404544,85614949.89339113,744862813.3250148,0.5265601893211103,,4.122254440241922
stcp,udp,2,1024,4,15.002439153962769,35360,0,4.603418103632683,2356.950069059934,5.585766019066796,0.8335509919561446,1.2447030167095363,1.9716760143637657,22.470319428754713,21568,60.24952621604548,343170,625247,0,9705.033936651584,17682.324660633483,0.0,27387.358597285067,4968.9773755656115,68038593075.0,761472.0,45133.0,14866.0,26079125983.0,14918373799.0,,114387647.0,5784990107.0,225144653.0,737531.8434106335,421899.711510181,21534.841628959275,1276.3857466063348,420.4185520361991,377616303.82624435,216012652.29321268,1924168356.193439,0.5720427060601926,,3.8918761974643425
tls,tls,2,1024,4,15.006625859008636,28228,0,3.6738979846627675,1881.035768147337,59.9738345190417,0.7220840197987854,2.85558303585276,4.692326998338103,27.017212517270284,26344,74.46648632401563,316449,559987,0,11210.464786736573,19837.997732747626,0.0,31048.462519484197,5739.757970809126,68044532889.0,667957.0,28696.0,8887.0,31122929639.0,17011747338.0,,172106287.0,6393773639.0,263311553.0,1102555.2514878844,602655.070780785,23662.92333852912,1016.5792829814368,314.8292475556185,564508288.7617968,308559396.23976195,2410533260.911152,0.5465985219040131,,4.11824953254339
udp,udp,2,1024,4,15.001028974016663,94084,0,12.24968052646839,6271.836429551816,0.2512879727873951,0.25275402003899217,0.7132850005291402,1.0623490088619292,42.4968981197364,21624,67.21337328497083,371745,647432,0,3951.203180136899,6881.425109476638,0.0,10832.628289613538,2023.0160282300924,68036146333.0,775580.0,27965.0,10906.0,28850820865.0,15046876476.0,,141465109.0,6119012009.0,253147756.0,306649.5989222397,159930.23761744823,8243.484545725096,297.23438629309976,115.91769057438033,157004594.6481867,81884281.6601335,723142578.2598529,0.521540671109775,,4.1370691155314585
stcp,udp,2,1024,8,15.004131323017646,35936,0,4.67787827825302,2395.0736784655464,3.920376009773463,0.8247499936260283,1.1767480173148215,1.8421220011077821,21.978979848976373,21796,60.25782109731175,346134,626696,0,9631.956812110418,17439.225289403385,0.0,27071.182101513805,4931.561887800534,68044243184.0,752052.0,47020.0,13785.0,26203888903.0,14993124799.0,,114739676.0,5820003336.0,226689945.0,729182.1266418076,417217.40869879787,20927.53784505788,1308.4372217275156,383.5986197684773,373341248.8406055,213615313.2537845,1893484060.1068566,0.572171743457647,,3.895014004507437
tls,tls,2,1024,8,15.003779681981541,30264,0,3.9396322961864136,2017.0917356474438,55.16197351971641,0.7127959979698062,2.3559409892186522,3.8059770013205707,27.791370497179297,26484,73.69361322018759,302834,546957,0,10006.410256410256,18072.85884218874,0.0,28079.269098598998,5123.282051282051,68036492000.0,642309.0,31110.0,8612.0,30818000370.0,16791394477.0,,173927982.0,6279753602.0,259640407.0,1018305.5898096749,554830.639604811,21223.53291038858,1027.9540047581286,284.5625165212794,521372461.98255354,284073287.4776632,2248099788.5276237,0.5448567160556498,,4.134563606401829
udp,udp,2,1024,8,15.000678543001413,90152,0,11.738010683666673,6009.861470037336,0.3214419702999294,0.24542101891711354,0.6487520295195282,0.902482948731631,41.82348806432528,21692,68.28064764841943,379169,664112,0,4205.885615405094,7366.580885615404,0.0,11572.466501020497,2153.413435087408,68048921036.0,790262.0,31117.0,8890.0,29212259301.0,15155959001.0,,146728273.0,6198853435.0,258680260.0,324033.402486911,168115.6158598811,8765.884284319814,345.16150501375455,98.61123435974798,165905102.07329842,86075195.32025912,754824308.234981,0.5188218701208495,,4.173033976564732
stcp,udp,4,1024,1,15.002029687981121,51499,0,6.704691729518632,3432.8021655135394,8.56283622852061,1.1493709753267467,1.5228799893520772,2.4170519900508225,34.37352883077756,22416,58.239207798236116,346756,632529,0,6733.256956445756,12282.354997184411,0.0,19015.611953630167,3447.427561700227,68051992666.0,693838.0,43884.0,14593.0,25285976051.0,14721042256.0,,106519598.0,5600962159.0,217070957.0,490999.360201169,285851.0312044894,13472.844132895783,852.1330511272063,283.36472552865104,251391672.42299852,146355727.97669858,1321423574.5548456,0.5821820848959405,,3.875601206324808
tls,tls,4,1024,1,15.007246444001794,37629,0,4.897243534930732,2507.388689884535,99.8554305115249,1.1332379654049873,4.146241990383714,6.534448999445885,37.393308765465946,29156,81.16075541225241,296488,514140,0,7879.24207393234,13663.397911185522,0.0,21542.63998511786,4034.171941853358,68037633445.0,643716.0,20118.0,10772.0,33331774276.0,18139401343.0,,188335817.0,6714111650.0,279547982.0,885800.1614712058,482059.0858912009,17106.91222195647,534.6408355257913,286.26856945441017,453529682.67325735,246814251.97629488,1808116969.4916155,0.5442074938105224,,4.163588521796476
udp,udp,4,1024,1,15.000678112031892,107448,0,13.989992547848482,7162.876184498423,0.08677702862769365,0.3466199850663543,1.294080982916057,1.6622120165266097,59.563560615525624,22436,70.52032019704434,392100,674891,0,3649.2070582979677,6281.094110639566,0.0,9930.301168937533,1868.394013848559,68051432593.0,774275.0,16449.0,9770.0,29876246957.0,15825092335.0,,135260486.0,6417829677.0,264548045.0,278053.07643697417,147281.4043537339,7206.043853771127,153.08800536073264,90.92770456406821,142363175.13573077,75408079.02911176,633342943.4982504,0.5296880949530437,,4.122079555150526
stcp,udp,4,1024,4,15.005935438035522,52832,0,6.876445685515266,3520.7401909838163,8.144838502630591,1.1430159793235362,1.5439020353369415,2.492339990567416,34.81290467743003,22360,60.99345998131424,349506,629475,0,6615.422471229558,11914.653997577227,0.0,18530.076468806783,3387.0963052695333,68053294592.0,721579.0,42545.0,13463.0,26300848090.0,15217755581.0,,111032441.0,5758920791.0,225615139.0,497820.413575106,288040.4978232889,13657.991368867353,805.2884615384615,254.82662023016354,254884051.75045428,147476734.88552392,1288107483.9491217,0.5786032271250611,,3.9176635204392762
tls,tls,4,1024,4,15.014349491975736,37632,0,4.895316979219201,2506.402293360231,93.92609749920666,1.1273709824308753,4.139397002290934,6.741737015545368,37.87700561412501,29140,80.77569094518246,299720,521472,0,7964.498299319727,13857.142857142857,0.0,21821.641156462585,4077.8231292517007,68041697167.0,643174.0,18256.0,12646.0,33274201942.0,18242216399.0,,183977525.0,6757613469.0,279519654.0,884199.6689519557,484752.77420812077,17091.145833333336,485.11904761904765,336.0437925170068,452710230.50340134,248193420.39455783,1808080813.3237672,0.548239036079599,,4.136366415188935
udp,udp,4,1024,4,15.000999798998237,115844,0,15.082848845522246,7722.41860890739,0.3444202448008582,0.40284200804308057,0.8340390049852431,1.4651910169050097,60.18882821798951,22692,63.725490196078425,357502,628215,0,3086.0640171264804,5422.939470322158,0.0,8509.003487448637,1580.064776768758,68056640019.0,551227.0,13527.0,51518.0,26421313440.0,14660091745.0,,121750607.0,5881378254.0,238774449.0,228076.66724215323,126550.28957045682,4758.356065053003,116.76910327682056,444.71875971133596,116775253.62798245,64793748.26007389,587485238.9333932,0.554858553050041,,4.059838335301873
stcp,udp,4,1024,8,15.00960548396688,68856,0,8.959887396351286,4587.4623469318585,8.203504752600566,0.7323509780690074,1.723811961710453,2.7074500103481114,47.390999101197266,22604,82.56331542594015,271826,477027,0,3947.7460206808414,6927.89299407459,0.0,10875.639014755432,2021.2459625885906,68037900074.0,644969.0,16720.0,11696.0,33907143075.0,16625284719.0,,197133118.0,6499110257.0,308502943.0,492435.5622603695,241450.05110665737,9366.925177181365,242.82560706401767,169.8617404438248,252127007.87730917,123622426.16660857,988118683.5424656,0.4903180631357276,,4.74684888854933
tls,tls,4,1024,8,15.013243593974039,39136,0,5.091338158975867,2606.7651373956437,80.20404625858646,1.3170589809305966,3.0946480110287666,4.219573980662972,43.91234951150823,29072,70.68497525147693,171452,326500,0,4380.928045789043,8342.702371218315,0.0,12723.630417007358,2243.0351594439903,68059116519.0,735726.0,71078.0,13654.0,30033208575.0,17373745393.0,,172020338.0,6535969842.0,302251379.0,767406.1880365903,443932.57852105476,18799.21300081766,1816.1794766966475,348.8859362224039,392911968.27473426,227293480.20278004,1739041202.9589124,0.5784844915791686,,4.624430441183177
udp,udp,4,1024,8,15.002066499961074,106248,0,13.832469346842213,7082.224305583213,0.7398070156341419,0.5856849602423608,1.194347976706922,1.6739449929445982,56.67785168144711,22380,79.03758452586884,303944,552085,0,2860.703260296664,5196.191928318651,0.0,8056.8951886153145,1464.680069271892,68034802723.0,646260.0,13063.0,11500.0,33045402598.0,16144145748.0,,179498656.0,6824141576.0,332097774.0,311021.4083841578,151947.76135080188,6082.5615540998415,122.94819667193735,108.2373315262405,159242961.0926888,77797253.81161056,640339608.4914539,0.4885443807235409,,4.866513543153372
stcp,udp,8,1024,1,15.00216603698209,81708,0,10.637526414959149,5446.413524459084,15.186260876362212,1.2451919610612094,2.841893001459539,4.328106006141752,61.02893393814083,24232,84.65242250978032,290646,503813,0,3557.130268761933,6166.018015371812,0.0,9723.148284133746,1821.2506976061095,68051561981.0,624003.0,21254.0,10944.0,34524077999.0,17091118582.0,,188135067.0,6548425711.0,307018638.0,422529.96033436136,209173.1358251334,7636.987810251138,260.12140794047093,133.94037303568805,216335339.691193,107096645.5424683,832862901.8088804,0.49504924019969626,,4.688434313063554
tls,tls,8,1024,1,15.012461768987123,50028,0,6.508655209490833,3332.4314672593064,170.6305664993124,2.005899033974856,5.200768006034195,7.227199035696685,58.24577031106044,33752,72.70573369135998,161871,309269,0,3235.608059486687,6181.918125849524,0.0,9417.526185336212,1656.6313264571838,68036607464.0,679188.0,88606.0,12395.0,30545798148.0,17804825136.0,,170328297.0,6514154370.0,294280735.0,610574.0414967618,355897.2002878388,13576.157351882946,1771.1281682257936,247.76125369792916,312613909.24634206,182219366.54737347,1359970565.7631726,0.5828895041384204,,4.517558508519042
udp,udp,8,1024,1,15.00158433697652,90515,0,11.78456257711713,6033.696039483971,0.22843187616672367,1.362035982310772,2.2068300168029964,2.9039810178801417,58.25500029659754,24368,78.9083451648525,298895,543252,0,3302.1598630061317,6001.789758603546,0.0,9303.949621609678,1690.7058498591393,68040100278.0,660090.0,12926.0,10906.0,33040045798.0,16276313485.0,,179216397.0,6847431035.0,329342514.0,365022.8779539303,179818.96354195438,7292.603435894603,142.80505993481742,120.48831685356018,186891713.5124123,92067309.33348064,751699721.3500525,0.4926238173067317,,4.809723709762051
stcp,udp,8,1024,4,15.006949639995582,75784,0,9.86313864914413,5049.926988361794,13.08979550958611,1.345412980299443,3.0892699724063277,4.660548991523683,56.42882933005225,24228,86.49263924723023,279620,485849,0,3689.6970336746544,6410.970653436082,0.0,10100.667687110736,1889.124881241423,68035590351.0,609498.0,19793.0,14807.0,35208860621.0,17177968519.0,,194785688.0,6644270047.0,311982148.0,464594.90949276893,226670.12191227698,8042.568352158766,261.17650163622926,195.3842499736092,237872593.6602977,116055102.41908582,897756655.1118969,0.4878876571414628,,4.69550674179574
tls,tls,8,1024,4,15.021908831957262,49928,0,6.491560166611284,3323.6788053049772,191.28292875393527,2.0176320103928447,5.171922966837883,7.091289036907256,56.49242779284192,33632,72.57604562737643,162231,310040,0,3249.2989905463864,6209.74202852107,0.0,9459.041019067457,1663.64108315975,68049959092.0,674762.0,90438.0,11143.0,30646145282.0,17828949862.0,,172001099.0,6513288510.0,294621835.0,613806.787413876,357093.2114645089,13514.701169684346,1811.368370453453,223.18138118891204,314269075.15590453,182831724.26982856,1362961846.8995354,0.5817681048608689,,4.523396047137485
udp,udp,8,1024,4,15.005219009995926,90536,0,11.784441458815335,6033.634026913452,0.3864030077238567,1.3649690081365407,2.2107409895397723,2.887359994929284,58.04227178689053,24356,79.74124329441464,298582,543679,0,3297.9367323495626,6005.113987805956,0.0,9303.050720155517,1688.5436069629761,68039178742.0,667285.0,13740.0,10898.0,33380277803.0,16336856654.0,,182626552.0,6891140115.0,336714202.0,368696.1849761421,180445.97346911725,7370.383052045595,151.76283467350004,120.37200671556066,188772446.70778474,92388338.41618803,751515184.4791023,0.4894164377664871,,4.8861900408478345
stcp,udp,8,1024,8,15.009935531998053,81136,0,10.557590314906927,5405.486241232346,14.343420487421099,1.223681028932333,2.9822029755450785,4.565705021377653,60.24483570047868,24440,86.41072516758075,279461,486205,0,3444.35269177677,5992.46943403668,0.0,9436.822125813449,1763.5085781897062,68064145425.0,630964.0,21528.0,10940.0,35274365811.0,17248171102.0,,197502302.0,6634538607.0,311564881.0,434756.0369133307,212583.45373200552,7776.621968053639,265.3322816012621,134.83533819759418,222595090.89962533,108842728.31078683,838889585.6956222,0.4889718271454028,,4.696104724920474
tls,tls,8,1024,8,15.027748320018873,50272,0,6.533746633832147,3345.278276522059,167.9847618797794,2.0005200058221817,5.175344995222986,7.140666013583541,58.44437778013686,33612,72.58883248730965,161363,307529,0,3209.7986950986633,6117.30187778485,0.0,9327.100572883513,1643.4169318905156,68034474444.0,676078.0,88915.0,12152.0,30544492086.0,17899793414.0,,171469707.0,6511634054.0,295481467.0,607584.5815961171,356058.9078214513,13448.400700190961,1768.6783895607894,241.72501591343095,311083305.77721196,182302160.80458307,1353327387.889879,0.5860236065999058,,4.537746816691735
udp,udp,8,1024,8,15.005128290038556,97080,0,12.636304824256374,6469.788070019264,0.16414326091762632,1.2872369843535125,2.1403420250862837,2.7666049427352846,63.245690517022666,24512,78.27940015785319,294838,543387,0,3037.0622167284714,5597.311495673671,0.0,8634.373712402143,1554.9758549649773,68035920166.0,639257.0,13525.0,14485.0,32788151397.0,16175956938.0,,178217139.0,6800002727.0,325925237.0,337743.6279048208,166625.01996291717,6584.84754841368,139.31808817470127,149.2068397198187,172924737.48726824,85312010.22101359,700823240.2760609,0.49334763470318865,,4.793016269035975
stcp,udp,16,1024,1,15.00561347301118,83418,0,10.857655472935866,5559.119602143163,43.672990756022045,2.393584989476949,5.955117987468839,8.656700956635177,78.17711032673925,25320,89.39802336028751,271870,472489,0,3259.1287252151815,5664.113260926899,0.0,8923.24198614208,1668.673907310173,68037681962.0,622549.0,26103.0,10981.0,36244118198.0,17211733164.0,,194532857.0,6572482882.0,314937964.0,434487.9785897528,206331.16550384808,7463.005586324294,312.91807523556065,131.6382555323791,222457845.03795344,105641556.73797022,815623510.0577812,0.4748834850933073,,4.791765450808823
tls,tls,16,1024,1,15.026721802947577,56335,0,7.322242224076919,3748.9880187273825,308.3080729993526,3.484778048004955,9.684338001534343,13.583202031441033,66.09393672312368,42040,73.45669165736162,154671,293986,0,2745.557823733026,5218.531996094791,0.0,7964.089819827816,1405.7256057513093,68048416926.0,635688.0,100675.0,10978.0,30904234144.0,17874495373.0,,164744419.0,6380374824.0,283482070.0,548579.6422117689,317289.3471731606,11284.06851868288,1787.0773054051656,194.86997426111654,280872776.8124257,162452145.75265822,1207924326.3690424,0.5783833791095677,,4.4430316058183985
udp,udp,16,1024,1,15.002685924991965,86205,0,11.222599837574762,5745.971116838278,0.1614545690244995,2.9147369787096977,4.0137519827112556,5.2652989979833364,55.13545402040688,25324,77.33164717040783,289612,526251,0,3359.5731106084336,6104.645902209849,0.0,9464.219012818283,1720.101432631518,68035010999.0,669807.0,13373.0,10782.0,33372593626.0,16390182210.0,,181591536.0,6911572088.0,332324952.0,387130.6029348646,190130.29650252307,7769.932138507047,155.13021286468302,125.0739516269358,198210868.70265067,97346711.80929181,789223490.5051911,0.49112701259247343,,4.80823968510708
stcp,udp,16,1024,4,15.010157259006519,74052,0,9.63566270521358,4933.459305069353,26.39894382082275,2.9567809542641044,6.481157965026796,9.525450004730374,62.5198046767241,24808,70.72563064465899,343586,608249,0,4639.793658510236,8213.809215146113,0.0,12853.60287365635,2375.5743531572407,68029436333.0,640976.0,31402.0,32598.0,29388765716.0,16550904486.0,,133038278.0,6246261817.0,261742828.0,396866.6034138173,223503.81469777995,8655.755415113703,424.05336790363526,440.20418084589204,203195700.94787446,114433953.12526333,918671154.4995408,0.5631711330084632,,4.1903915600789166
tls,tls,16,1024,4,15.032021872000769,54388,0,7.0666849346368865,3618.142686534086,284.1970961271727,3.6035770317539573,10.048558004200459,13.910754001699388,55.31585219076891,41572,78.40461025174402,281947,512756,0,5183.992792527763,9427.741413547106,0.0,14611.734206074869,2654.204309774215,68027914926.0,459888.0,43363.0,15185.0,32107390925.0,17830521549.0,,163062686.0,6373095162.0,271800330.0,590339.613977348,327839.2577222917,8455.688754872399,797.2898433477974,279.19761712142383,302253882.35640216,167853699.95381334,1250789051.3716261,0.5553400957010337,,4.264808905108265
udp,udp,16,1024,4,15.005947313038632,122268,0,15.914002796244871,8147.969431677374,0.32101467877510004,1.9154539913870394,2.5637169601395726,4.314904974307865,71.84064941127016,26704,27.990008815750805,326050,605685,0,2666.6830241763996,4953.749141230739,0.0,7620.432165407139,1365.3417083783165,68044577795.0,9080.0,166.0,16521.0,11468012944.0,5888974339.0,,48902222.0,2442728196.0,98726722.0,93794.06667320967,48164.47753296038,74.26309418654104,1.3576733078156182,135.12120914711943,48022562.13668335,24660212.496875715,556519921.7702097,0.513513053024681,,4.0416581002203325
stcp,udp,16,1024,8,15.029103044013027,73736,0,9.582449769507027,4906.214281987598,26.490088806895074,3.2022009836509824,5.9355609701015055,8.643009990919381,62.44109826459891,24736,68.0289217227287,372634,660265,0,5053.623738743626,8954.445589671259,0.0,14008.069328414886,2587.4553542367366,68046242851.0,570583.0,31314.0,14134.0,28598463357.0,15581939260.0,,126491039.0,5942750783.0,251804007.0,387849.3999810133,211320.6474449387,7738.1875881523265,424.67722686340454,191.6838450688944,198578892.79027882,108196171.49180861,922836102.460128,0.544852325297612,,4.237162489134116
tls,tls,16,1024,8,15.03491358901374,54088,0,7.026353984315104,3597.4932399693334,292.9756302473834,3.6324210232123733,9.949313011020422,13.8369319611229,54.82598853127647,41596,78.68752848245481,283679,515183,0,5244.767785830499,9524.903860375685,0.0,14769.671646206183,2685.3211063452154,68027923073.0,462308.0,44955.0,15445.0,32273421936.0,17822314901.0,,161692984.0,6397265020.0,270932667.0,596683.5885224079,329505.89596583345,8547.330276586305,831.1455406005028,285.55317260760245,305501997.32347286,168707018.73450673,1257726724.4675343,0.5522288568080151,,4.235132766158248
udp,udp,16,1024,8,15.011368489009328,122104,0,15.88691765008686,8134.101836844472,0.21150412430870347,1.914965978357941,2.4546950007788837,4.174595000222325,70.80890065274444,26764,27.64394829612221,320076,595010,0,2621.3391862674443,4872.977134246216,0.0,7494.316320513661,1342.1256633689313,68037614092.0,7071.0,136.0,15070.0,11268437425.0,5753651671.0,,48617567.0,2379799464.0,97767819.0,92285.57152099849,47120.91062536854,57.909650789490925,1.113804625565092,123.41938020048484,47250212.61875123,24125906.24018869,557210362.4123697,0.5105988926410531,,4.108237709898064
stcp,udp,1,4096,1,15.003102030023001,23171,0,12.0657339487361,1544.4139454382207,3.7746860180050135,0.5969289923086762,0.797371962107718,1.2593690189532936,19.625881328459414,21112,43.847328244274806,349088,647206,0,15065.728712614906,27931.725001078932,0.0,42997.45371369384,1928.4132752147082,68027884001.0,330054.0,551.0,16586.0,19038075136.0,12045334099.0,,73883683.0,4241555750.0,154383357.0,821633.7290578741,519845.2418540417,14244.270855811144,23.779724655819777,715.8085537956929,105169117.31940788,66540190.95731734,2935906262.1811748,0.63269705644889,,3.639781393890673
tls,tls,1,4096,1,15.002511552011129,13543,0,7.052464991157869,902.7155188682073,42.782382981386036,1.0432819835841656,1.3781680027022958,1.9961200305260718,24.52434038957153,25028,40.520673813169985,336936,617288,0,24878.978069851586,45579.8567525659,0.0,70458.83482241748,3184.5091929410028,68029018221.0,73455.0,264.0,15977.0,17783645173.0,12909920957.0,,64194138.0,4179989397.0,126664579.0,1313124.5051318025,953254.150262128,5423.835191611903,19.493465258805287,1179.7238425755004,168079936.65687072,122016531.23355238,5023186754.854907,0.7259434627384758,,3.030260772692577
udp,udp,1,4096,1,15.000199203961529,23731,0,12.359731692832224,1582.0456566825246,0.19995402544736862,0.681017991155386,0.9107939549721777,1.38550199335441,27.85349009829533,21320,28.751311647429173,322480,614504,0,13588.976444313346,25894.568286207916,0.0,39483.544730521266,1739.3889848721083,68043392036.0,12272.0,124.0,16866.0,12593736039.0,6835582461.0,,49263680.0,2801901899.0,102126536.0,530687.1197589651,288044.4339050187,517.1294930681387,5.225232817833214,710.7159411739917,67927951.32914753,36869687.5398424,2867278750.8322444,0.5427763802442517,,3.6449004883593177
stcp,udp,1,4096,4,15.001328594982624,23312,0,12.140591338084143,1553.9956912747703,2.6394939632155,0.594484037719667,0.7846620283089578,1.3444360229186714,19.481007842048307,21448,43.5189446234085,349770,646671,0,15003.860672614963,27739.833562113934,0.0,42743.69423472889,1920.4941660947152,68028829258.0,332046.0,529.0,15649.0,19099135399.0,12097746539.0,,73828440.0,4272383955.0,157468849.0,819283.4333819492,518949.31962079613,14243.565545641728,22.692175703500343,671.2851750171585,104868279.4728895,66425512.911461905,2918189312.714482,0.6334185441521829,,3.6857372993294093
tls,tls,1,4096,4,15.002109883993398,13200,0,6.87403310583866,879.8762375473485,48.815718037076294,1.0550160077400506,1.473501033615321,2.28456303011626,23.567105076148604,24880,41.12338571650848,346589,638195,1,26256.742424242424,48348.106060606064,0.07575757575757576,74604.92424242424,3360.8630303030304,68043382277.0,104341.0,242.0,15589.0,18449547816.0,13272032149.0,,64554186.0,4377935584.0,132929074.0,1397693.0163636364,1005456.9809848485,7904.621212121213,18.333333333333336,1180.9848484848485,178904706.09454545,128698493.5660606,5154801687.651515,0.7193689667282847,,3.0363414776090956
udp,udp,1,4096,4,15.001654273015447,25044,0,13.042311630387387,1669.4158886895855,0.09973300620913506,0.4282639711163938,0.599861959926784,0.9689719881862402,27.389472688961558,21228,29.1970802919708,325151,628598,0,12983.189586328062,25099.74444976841,0.0,38082.93403609647,1661.848267049992,68027955223.0,23998.0,201.0,16892.0,13046901552.0,7174034363.0,,49996084.0,2958624683.0,107150825.0,520959.1739338764,286457.209830698,958.2335090241176,8.02587446094873,674.4928925091838,66682774.26353618,36666522.85832934,2716337454.9992013,0.5498649878215928,,3.6216430429881594
stcp,udp,1,4096,8,15.005174745980185,22384,0,11.654312792781583,1491.7520374760427,3.878818009980023,0.5993740051053464,1.0853259591385722,1.4759449986740947,17.86377729934862,20876,46.3944939777882,385023,702847,0,17200.81308077198,31399.52644746247,0.0,48600.33952823445,2201.7040743388134,68029688314.0,377028.0,806.0,10902.0,21120659858.0,13184265088.0,,77498477.0,4762471846.0,171961145.0,943560.5726411722,589003.9799857041,16843.638313080774,36.00786275911365,487.0443173695497,120775753.29807004,75392509.43817012,3039210521.533238,0.6242354725960949,,3.610754048749499
tls,tls,1,4096,8,15.011433447012678,13112,0,6.823965237003091,873.4675503363957,40.39612598717213,1.0335050174035132,2.2009629756212234,2.597938000690192,20.72935946446375,24896,44.34768585711982,389402,728188,0,29698.139109212934,55535.99755948749,0.0,85234.13666870043,3801.3618059792557,68034774889.0,146995.0,279.0,10456.0,20874359150.0,14582807106.0,,67675876.0,4959444580.0,150779161.0,1592004.206070775,1112172.5980780963,11210.723001830384,21.278218425869433,797.4374618669921,203776538.3770592,142358092.55399632,5188741220.942648,0.6985990324881423,,3.0402428854240773
udp,udp,1,4096,8,15.004235555010382,25320,0,13.183777292402226,1687.523493427485,0.11391099542379379,0.5353300366550684,0.8443050319328904,1.0589260491542518,27.171714180657425,21096,28.78926501982312,320258,627137,0,12648.420221169037,24768.443917851502,0.0,37416.86413902054,1618.9977883096365,68042023573.0,24503.0,146.0,16253.0,13080997127.0,7210524023.0,,49492016.0,2969638393.0,107409537.0,516627.05872827803,284775.8302922591,967.7330173775671,5.766192733017378,641.9036334913112,66128263.51721959,36451306.277409166,2687283711.413902,0.5512212832855857,,3.616923099229341
stcp,udp,2,4096,1,15.000641226011794,37305,0,19.42885694743639,2486.893689271858,4.188771534245461,0.7098609930835664,1.2632800498977304,2.1256739855743945,33.12392400522101,21416,61.984756571784104,330274,611646,0,8853.344055756601,16395.818254925613,0.0,25249.16231068221,1133.228039136845,68040904852.0,468247.0,18431.0,59514.0,26297160296.0,17867233434.0,,101357814.0,6149340856.0,217929884.0,704923.2085779386,478950.0987535183,12551.856319528213,494.0624581155341,1595.3357458785686,90230170.69797614,61305612.64045034,1823908453.3440557,0.6794358490759834,,3.543955183218746
tls,tls,2,4096,1,15.007267496024724,18908,0,9.843147664231962,1259.9229010216911,53.93433853168972,1.277458039112389,3.104912000708282,5.440806970000267,35.77654627281227,26252,72.12027756360833,283319,520044,2,14984.080812354558,27503.913687328113,0.10577533319229955,42488.100275015866,1917.9623439813836,68037323591.0,552158.0,25803.0,10775.0,30157584655.0,20023079261.0,,147794670.0,6613261764.0,224010218.0,1594964.2825788027,1058973.940184049,29202.348212396868,1364.6604611804526,569.8646075735138,204155428.17008674,135548664.34355828,3598335286.1751637,0.6639483728575146,,3.3872879373900435
udp,udp,2,4096,1,15.00069579097908,36457,0,18.987140094613576,2430.3539321105377,0.10364400804974139,0.5348399863578379,2.0674970000982285,2.742647018749267,45.473857313353164,21924,68.04156171284635,369825,656994,0,10144.142414351152,18021.065913267685,0.0,28165.20832761884,1298.4502290369476,68048446203.0,671690.0,21593.0,11815.0,28925918178.0,15378306915.0,,130541824.0,6239692147.0,254555677.0,793425.6295910251,421820.4162437941,18424.170941108703,592.2868036316756,324.0804235126313,101558480.58765121,53993013.27920564,1866539929.3139863,0.5316445555977608,,4.079619170352636
stcp,udp,2,4096,4,15.003868050000165,25640,0,13.350723915490432,1708.8926611827753,3.763196029467508,1.153280958533287,1.770255039446056,2.636560006067157,20.807774299241228,21484,61.61838790931989,313731,602705,0,12235.998439937597,23506.435257410296,0.0,35742.43369734789,1566.2078003120125,68039301556.0,666425.0,42698.0,15102.0,26638390414.0,16728565599.0,,113446853.0,6029484505.0,226226904.0,1038938.7836973479,652440.1559672387,25991.614664586585,1665.2886115444617,589.0015600624025,132984164.31326053,83512339.96380655,2653638906.2402496,0.627987102036322,,3.752010703608235
tls,tls,2,4096,4,15.008107518951874,18140,0,9.442812814409878,1208.6800402444644,55.459410476032645,1.2926130439154804,3.4559310297481716,5.799159000162035,31.90029784870808,26308,72.35457920792079,276809,510299,1,15259.592061742007,28131.14663726571,0.05512679162072767,43390.79382579934,1953.2277839029769,68051254982.0,563518.0,28541.0,11265.0,30283313305.0,19878551596.0,,151621280.0,6616316007.0,225898386.0,1669421.9021499448,1095840.7715545755,31064.939360529217,1573.3737596471885,621.0033076074973,213686003.47519293,140267618.75898567,3751447352.92172,0.6564193090693912,,3.4142623441957975
udp,udp,2,4096,4,15.007352990971413,32924,0,17.139514886785538,2193.857905508549,0.15204300871118903,0.7274620002135634,2.1711410372518003,2.742646960541606,41.05933940320507,21628,69.26447574334898,368178,657768,0,11182.663102903656,19978.374438099865,0.0,31161.037541003523,1431.380877171668,68032405501.0,714090.0,18301.0,10685.0,29368698357.0,15723865946.0,,131269901.0,6362528188.0,260286402.0,892014.8936034504,477580.66899526183,21689.04142874499,555.8559105819463,324.5352934029887,114177906.38124165,61130325.631393515,2066346905.023691,0.5353953980140299,,4.0909272903640925
stcp,udp,2,4096,8,15.009251627023332,26968,0,14.03717555248849,1796.7584707185267,4.4009464618284255,1.0985260014422238,1.5942560276016593,2.4370939936488867,23.75820652896338,21572,63.19066147859922,322388,605444,0,11954.464550578463,22450.459804212398,0.0,34404.92435479086,1530.1714624740434,68042310055.0,658725.0,41923.0,14602.0,27275385639.0,17183254146.0,,115993183.0,6119921485.0,232655136.0,1011398.1622293089,637171.9870216553,24426.171759121924,1554.5461287451794,541.4565410857313,129458964.76535153,81558014.33877188,2523075869.7345,0.6299912446125177,,3.801603281516609
tls,tls,2,4096,8,15.008613394980785,18760,0,9.765225883492594,1249.948913087052,56.82045899447985,1.2794130016118288,3.2295770361088216,5.153340985998511,33.029067173239326,26136,71.89623224212477,265397,498238,3,14146.961620469083,26558.528784648188,0.1599147121535181,40705.65031982942,1810.8110874200427,68062785870.0,543598.0,29310.0,12981.0,30095952108.0,19819763998.0,,150047009.0,6538301175.0,224171239.0,1604261.839445629,1056490.6182302772,28976.43923240938,1562.366737739872,691.9509594882728,205345515.4490405,135230799.13347548,3628080270.255863,0.6585524832999579,,3.428585392443321
udp,udp,2,4096,8,15.008285099000204,33424,0,17.398723323652426,2227.0365854275105,0.4690854693762958,0.6350629846565425,2.0220300066284835,2.545626019127667,42.32451581309019,21788,67.69399249061327,370944,659232,0,11098.133078027766,19723.312589755864,0.0,30821.44566778363,1420.5610339875539,68036297760.0,687103.0,21896.0,11365.0,28846885113.0,15378792398.0,,131586029.0,6216410967.0,255476668.0,863059.0328207277,460112.26657491626,20557.17448539971,655.0981330780278,340.02513164193397,110471556.20105314,58894370.12158928,2035552230.7324078,0.5331179549458346,,4.109713295279308
stcp,udp,4,4096,1,15.002483700984158,35648,0,18.56359290573537,2376.1398919341273,4.618744249455631,1.6930099809542298,2.049408038146794,2.6580700068734586,32.99762958366188,22564,57.73544323244738,306308,605774,0,8592.571813285458,16993.211400359065,0.0,25585.783213644525,1099.8491921005386,68036316315.0,534016.0,34791.0,11500.0,24731383870.0,16465662379.0,,93008883.0,5607206488.0,205760756.0,693766.3787589767,461895.8252636894,14980.2513464991,975.9593806104128,322.59874326750446,88802096.48114902,59122665.63375224,1908559142.5886443,0.6657800657476917,,3.6695769353304404
tls,tls,4,4096,1,15.005265634972602,26602,0,13.850346275484611,1772.8443232620302,89.83438626455609,1.81034195702523,4.995919007342309,7.323501980863512,48.38716072495079,28636,82.9928884853987,264416,479146,28,9939.70378167055,18011.653259153445,1.0525524396661905,27952.409593263663,1272.2820840538307,68041660073.0,501955.0,20432.0,12698.0,33935321820.0,23088438775.0,,169462655.0,7285493853.0,241570227.0,1275668.0633035111,867921.1628824901,18869.069994737238,768.062551687843,477.3325313886174,163285512.10284942,111093908.84895873,2557764832.4562063,0.6803659884961716,,3.3157701025377557
udp,udp,4,4096,1,15.002675171010196,38517,0,20.057360375398844,2567.342128051052,0.11928848107345402,1.1684360215440392,3.6671290290541947,4.565700015518814,71.27362205816522,22636,64.19538412899146,370160,661694,0,9610.301944595893,17179.271490510684,0.0,26789.573435106577,1230.1186489082743,68046035629.0,612809.0,20678.0,10648.0,27658216144.0,14739550005.0,,121538313.0,5968747175.0,243354979.0,718078.1510501857,382676.48064491,15910.091647843808,536.853856738583,276.44936002284703,91914003.33442377,48982589.52254848,1766649417.8933976,0.5329175941159714,,4.077153410338577
stcp,udp,4,4096,4,15.00811071402859,35964,0,18.721127219388713,2396.304284081755,5.803068008390255,1.678342989180237,2.0762959611602128,2.9680230072699487,33.818507183957145,22376,59.2666769372978,306190,598240,0,8513.791569347124,16634.412189967745,0.0,25148.20375931487,1089.765320876432,68041334406.0,555410.0,35061.0,14541.0,25213318712.0,16756378150.0,,96449601.0,5733649467.0,209056284.0,701071.0352574798,465920.8694805917,15443.499054610167,974.8915582248916,404.320987654321,89737092.51295741,59637871.293515734,1891928995.8291626,0.6645843945178461,,3.6461294887875995
tls,tls,4,4096,4,15.016328921949025,25728,0,13.385428691975633,1713.334872572881,83.45808499143459,1.8738969811238348,5.115206993650645,7.196390011813492,45.56946664905526,28548,80.46313938150374,272502,503752,25,10591.651119402984,19579.91293532338,0.9717039800995024,30172.535758706465,1355.731343283582,68056709962.0,513802.0,23446.0,8596.0,33158498764.0,22453266678.0,,167067391.0,7097239991.0,237453602.0,1288809.8089241295,872717.1438899253,19970.53793532338,911.3028606965173,334.1106965174129,164967655.54228857,111707794.41791044,2645239037.702114,0.6771496754966901,,3.3457175226019493
udp,udp,4,4096,4,15.003908326034434,32188,0,16.760216374000183,2145.3076958720235,0.4918185150017962,1.2613240396603942,4.098813980817795,4.935296019539237,55.825647677852764,22276,68.78712097530479,378078,660703,0,11745.93016030819,20526.37628930036,0.0,32272.30644960855,1503.4790605194482,68049135019.0,697941.0,14228.0,10982.0,29162482040.0,15640301098.0,,127054923.0,6334050746.0,257876367.0,906004.7856343979,485904.7190878588,21683.26705604573,442.02808500062133,341.1830495836958,115968612.56120293,62195804.04324593,2114115043.4634023,0.5363158415853413,,4.071270934525601
stcp,udp,4,4096,8,15.007256709970534,41288,0,21.49376839710456,2751.2023548293837,5.256615739199333,1.4270549872890115,2.146205981262028,3.171888005454093,37.23194790349508,22648,69.73221117061973,332829,604017,0,8061.155783762836,14629.359620228637,0.0,22690.515403991474,1031.827940321643,68036581723.0,589988.0,26525.0,12904.0,29184344709.0,19186723553.0,,115501458.0,6538780149.0,243709157.0,706848.1086272041,464704.60068300716,14289.57566363108,642.4384809145515,312.536330168572,90476557.90428212,59482188.887424916,1647853655.372021,0.6574320494193968,,3.7271349004947254
tls,tls,4,4096,8,15.01432596304221,27448,0,14.282192922135717,1828.1206940333718,87.20818374422379,1.9545630202628672,3.87441401835531,5.080982984509319,57.733700609252125,28548,78.64302235929067,163636,320305,4,5961.672981638007,11669.520547945207,0.14573010784027982,17631.339259691053,763.0941416496648,68049043445.0,499413.0,21120.0,53842.0,31647202866.0,23754049262.0,,153274341.0,7543609690.0,257757408.0,1152987.571626348,865420.0401486447,18194.877586709415,769.4549693966774,1961.6001165840862,147582409.16817254,110773765.13902652,2479198609.916934,0.750589218345108,,3.416897461459197
udp,udp,4,4096,8,15.003868149011396,54328,0,28.288538381215126,3620.932912795536,0.15375451766885817,0.8736379677429795,2.587669005151838,3.2105089630931616,93.4930636598821,22760,78.41348384103912,345311,590816,0,6356.041083787365,10874.981593285229,0.0,17231.022677072597,813.5732587247828,68035177795.0,469497.0,13056.0,12055.0,32562096957.0,16099178015.0,,162894961.0,6750152191.0,315688753.0,599361.2309858636,296332.97774628183,8641.897364158445,240.31806803121776,221.8929465469003,76718237.56619054,37930621.151524074,1252304111.968046,0.4944146575160632,,4.676764968661134
stcp,udp,8,4096,1,15.00402153597679,58360,0,30.387686321747047,3889.623849183622,14.668018244265113,1.7272310215048492,4.044545989017934,5.572311987634748,63.19673013840886,23556,89.53836930455635,290567,506766,3,4978.872515421521,8683.447566826593,0.05140507196710075,13662.37148732008,637.2956819739547,68038343352.0,420785.0,17831.0,13811.0,36328555136.0,21307772246.0,,165255970.0,7077035293.0,288430651.0,622490.6637422893,365109.188588074,7210.161069225497,305.53461274845785,236.65181631254285,79678804.95901303,46733976.13927347,1165838645.5106237,0.58652958165366,,4.075585878246093
tls,tls,8,4096,1,15.017902279971167,34432,0,17.911955676975975,2292.7303266529248,164.12096124258824,3.0687310500070453,6.592613994143903,8.75544099835679,77.02208194167453,32808,83.36603773584905,171048,338142,53,4967.704460966543,9820.573884758363,1.5392657992565055,14789.817611524164,635.8661710037175,68041723013.0,529602.0,39368.0,10976.0,34112579759.0,25370482243.0,,158613148.0,7677204619.0,267978633.0,990723.1574988383,736828.5967414033,15381.098977695166,1143.3550185873605,318.7732342007435,126812564.1598513,94314060.38289963,1976118814.2716076,0.7437280446755554,,3.4905756235386853
udp,udp,8,4096,1,15.003779657010455,31364,0,16.33130155210658,2090.4065986696423,0.24951473460532725,4.408765002153814,6.21812796453014,7.367007958237082,56.363111118128764,23176,76.12669398046013,295545,542058,0,9423.064660119882,17282.80831526591,0.0,26705.87297538579,1206.1522764953452,68048270296.0,563569.0,15415.0,14288.0,31918192698.0,15747395438.0,,172165372.0,6639435133.0,317729190.0,1017669.707243974,502085.0477617651,17968.65833439612,491.4870552225481,455.554138502742,130261722.52722868,64266886.11350594,2169629839.81635,0.4933673904095057,,4.785485265467688
stcp,udp,8,4096,4,15.011870443006046,48456,0,25.217543772259926,3227.8456028492706,8.518697752151638,2.1178500028327107,4.561786015983671,6.412215007003397,44.17063166894885,23164,87.20755848830234,271426,486622,2,5601.494139012712,10042.554069671454,0.04127455836222552,15644.08948324253,716.9912497936273,68048559369.0,438301.0,16445.0,10940.0,35516692960.0,19818612252.0,,170117797.0,6791054746.0,289018551.0,732967.9082053822,409002.2340267459,9045.340102360904,339.38005613339936,225.7718342413736,93819892.25028892,52352285.955423474,1404337117.5705793,0.5580083786044026,,4.255871316163883
tls,tls,8,4096,4,15.016861159994733,34616,0,18.008923244256383,2305.142175264817,145.10623024398228,3.0623750062659383,6.569635996129364,8.770595013629645,84.01177093925016,33036,83.31815421979356,169353,336329,61,4892.333025190664,9715.998382250982,1.7621908943840998,14610.09359833603,626.2186272244049,68038528185.0,529336.0,40256.0,12428.0,34048719621.0,25449332059.0,,159026171.0,7718380785.0,267222468.0,983612.19150104,735189.8561070026,15291.657037208228,1162.9304367922348,359.024728449272,125902360.51213312,94104301.58169633,1965522538.2770972,0.7474387390268792,,3.462157095427626
udp,udp,8,4096,4,15.016939519962762,34112,0,17.746625379008044,2271.5680485130297,0.7528216228820384,3.3278389601036906,6.196614995133132,7.6857589883729815,67.18006013534918,22808,74.81120201384519,299440,540403,0,8778.142589118199,15842.020403377112,0.0,24620.16299249531,1123.6022514071294,68040497555.0,533398.0,16868.0,11633.0,31449072399.0,15466621107.0,,170720232.0,6501705544.0,310442518.0,921935.7527849437,453407.044647045,15636.667448405253,494.4887429643527,341.0236866791745,118007776.35647279,58036101.71482176,1994620589.6751876,0.4917989602609646,,4.7747858757843495
stcp,udp,8,4096,8,15.014299136993941,55608,0,28.934917043818807,3703.6693816088073,20.215875629219227,1.8318520160391927,4.186320991721004,5.850485002156347,56.136393201551016,23484,88.37244283995187,288551,503836,0,5189.0195655301395,9060.494892821176,0.0,14249.514458351316,664.1945043878578,68037983388.0,429397.0,18881.0,13802.0,35912896092.0,20824463812.0,,166449452.0,6977368079.0,288919204.0,645822.4732412603,374486.83304560493,7721.856567400375,339.53747662206877,248.201697597468,82665276.57488132,47934314.62983743,1223528689.9007337,0.579860330914356,,4.140804967270811
tls,tls,8,4096,8,15.036100494035054,34856,0,18.11057994112427,2318.1542324639067,175.6680871185381,3.025708021596074,6.552521954290569,8.635660982690752,80.65232075836994,33060,83.3383640205252,168434,328363,39,4832.28138627496,9420.558870782648,1.1188891439063577,14253.959146201516,618.5320174431948,68048790610.0,526783.0,37734.0,15035.0,34024111190.0,25627188968.0,,157225031.0,7746647250.0,265851137.0,976133.5549116364,735230.3467982557,15113.122561395456,1082.5682809272434,431.34610970851503,124945095.02868946,94109484.39017673,1952283412.0380995,0.7532067134653636,,3.4318219020493026
udp,udp,8,4096,8,15.021352779003792,32008,0,16.64713582584431,2130.8333857080715,0.26503662957111374,4.402894992381334,5.894972011446953,6.671809998806566,71.14784638397116,22948,76.21397866581755,287876,536061,0,8993.876530867283,16747.71932016996,0.0,25741.59585103724,1151.2161959510124,68054246075.0,561512.0,14515.0,14439.0,32112005328.0,15939999543.0,,171386092.0,6684385808.0,319987523.0,1003249.3541614596,498000.48559735063,17542.864283929015,453.4803799050237,451.1059735066233,128415917.33266683,63744062.15646088,2126163648.931517,0.49638754665692425,,4.787089378010361
stcp,udp,16,4096,1,15.013105685007758,55173,0,28.710852474078035,3674.9891166819884,48.342748061259044,3.543436003383249,8.474326983559877,11.763054004404694,56.623673864423395,24224,90.25663980901224,284571,503214,2,5157.794573432657,9120.656843021043,0.03624961484784224,14278.487666068548,660.1977053993801,68054994703.0,446010.0,20848.0,13234.0,36553651527.0,21058848780.0,,161167810.0,7057103389.0,290875342.0,662527.8945679952,381687.57870697626,8083.845359143059,377.8659851739075,239.8637014481721,84803570.50470339,48856010.07449296,1233483673.2278469,0.5761079372452048,,4.121738423917541
tls,tls,16,4096,1,15.025181478005834,37632,0,19.5671513472475,2504.59537244768,370.779432625568,5.28973201289773,13.160286005586386,18.02810898516327,86.69937211120414,41144,84.49635470912067,163368,318632,61,4341.198979591836,8467.04931972789,1.6209608843537413,12809.869260204081,555.6734693877551,68037217704.0,479624.0,53821.0,14077.0,34299065075.0,26014464862.0,,148597934.0,7679695124.0,253164512.0,911433.4894504676,691285.7371917517,12745.110544217689,1430.1923894557824,374.0699404761905,116663486.64965986,88484574.36054422,1807961779.97449,0.7584598823645924,,3.2965437808700178
udp,udp,16,4096,1,15.007950025959872,29224,0,15.21277053861976,1947.2346289433292,0.29715013079112396,9.577737015206367,11.756695981603116,13.116772985085845,66.10503088589194,24040,77.0527974783294,289899,533995,0,9919.894607172188,18272.481522036684,0.0,28192.37612920887,1269.74650971804,68043033612.0,590450.0,14195.0,11059.0,32299721408.0,15931058095.0,,173998886.0,6722925147.0,323054584.0,1105246.421023816,545136.124247194,20204.284150013686,485.7309061045716,378.42184505885575,141471541.89104846,69777423.90364084,2328327183.547769,0.49322586699011567,,4.805268197046014
stcp,udp,16,4096,4,15.021678100980353,60072,0,31.242348347843475,3999.0205885239648,51.73989831018844,3.238372039049864,8.296369982417673,11.805093963630497,61.87406585016234,24632,89.8741672834937,298172,525193,3,4963.577040884273,8742.725396191237,0.04994007191370356,13706.352377147423,635.3378612331868,68033109222.0,417364.0,20313.0,11714.0,36430533985.0,21625654656.0,,152604565.0,7109223492.0,287686375.0,606447.8290218405,359995.58290051937,6947.72939139699,338.14422692768676,194.99933413237449,77625322.11479558,46079434.61126648,1132526122.353176,0.5936134415406648,,4.046663820932526
tls,tls,16,4096,4,15.03539144800743,38644,0,20.079706673683592,2570.2024542315,259.5027571223909,5.147952993866056,13.233122997917235,18.670496996492147,87.05791961096357,41200,84.74747474747475,213232,398178,54,5517.855294482973,10303.747024117585,1.397370872580478,15822.99968947314,706.2854776938206,68028983110.0,354931.0,37053.0,59624.0,35834629841.0,27708421494.0,,143565132.0,8130228823.0,244515155.0,927301.2586947521,717017.4281647863,9184.634095849291,958.8293137356382,1542.9044612358969,118694561.11292827,91778230.80509265,1760402212.762654,0.7732302975346367,,3.00748183505339
udp,udp,16,4096,4,15.013856529956684,41368,0,21.525948336801672,2755.321387110614,0.6137942473287694,5.706258991267532,6.7026050528511405,8.967116998974234,85.3346372028837,24680,28.355826440284424,280926,572075,0,6790.9011796557725,13828.925739702187,0.0,20619.826919357958,869.2353509959388,68028663889.0,11921.0,137.0,10544.0,11422285935.0,5952739981.0,,46302262.0,2480869766.0,99715484.0,276114.0479356024,143897.21477953973,288.16959969058206,3.3117385418681105,254.88300135370332,35342598.1357571,18418843.491781086,1644475533.96345,0.521151371527104,,4.0193760013761235
stcp,udp,16,4096,8,15.032794899016153,37040,0,19.249580796112546,2463.946341902406,16.543752935831435,7.605574035551399,9.608043998014182,11.529357987456024,33.39222036700925,23544,65.1221317542561,425058,751652,0,11475.647948164147,20292.980561555076,0.0,31768.628509719223,1468.8829373650108,68030811351.0,383093.0,14980.0,8976.0,27333873286.0,16853980749.0,,97584601.0,5853412684.0,219063955.0,737955.5422786177,455021.07853671705,10342.683585313176,404.4276457883369,242.33261339092874,94458309.41166307,58242698.05269978,1836684971.6792657,0.6165968713125028,,3.7424997488866616
tls,tls,16,4096,8,15.036781177972443,40704,0,21.148143092342256,2706.9623158198087,295.86317093708203,4.925996996462345,12.276861991267651,16.602509014774114,74.65277220662213,41632,85.86129753914989,255508,469031,56,6277.220911949686,11522.970715408806,1.3757861635220126,17801.567413522014,803.4842767295598,68034604297.0,294103.0,32493.0,16811.0,34645915940.0,26499911370.0,,140190066.0,7609276817.0,223938122.0,851167.3530856918,651039.4892393867,7225.4078223270435,798.2753537735849,413.00609276729557,108949421.19496855,83333054.6226415,1671447629.151926,0.7648783601476348,,2.9429619579576403
udp,udp,16,4096,8,15.026924607984256,41400,0,21.523865224435074,2755.0547487276895,0.4795036220457405,5.701855989173055,6.618513958528638,8.753960020840168,81.74740554346748,24672,27.955575040187053,269244,550045,0,6503.478260869565,13286.111111111111,0.0,19789.589371980677,832.4452173913044,68035162962.0,6562.0,158.0,16101.0,11242861700.0,5952446791.0,,46316877.0,2442487994.0,98751413.0,271566.7077294686,143778.90799516908,158.5024154589372,3.816425120772947,388.9130434782609,34760538.58937198,18403700.223381642,1643361424.2028985,0.529442320810546,,4.043066465120155
stcp,udp,1,65536,1,15.003464451001491,2855,0,23.7861729312911,190.2893834503288,2.2601219825446606,4.592598008457571,9.20035201124847,12.235356960445642,17.681556207659234,21640,54.5201668984701,402425,701891,0,140954.46584938705,245846.234676007,0.0,386800.70052539406,1127.6357267950964,68029956759.0,232194.0,935.0,16142.0,23511705376.0,16648458000.0,,70015281.0,5410150076.0,177392206.0,8235273.336602452,5831333.800350263,81328.89667250437,327.4956217162872,5653.940455341506,65882186.69281962,46650670.4028021,23828356132.74956,0.7080923197087275,,3.2788777299714966
tls,tls,1,65536,1,15.009782893001102,1589,0,13.233036174868104,105.86428939894483,49.0069420193322,8.983775041997433,11.019497993402183,14.144458982627839,28.802588490576124,25312,47.8586403114705,349874,664206,15841,220185.02202643172,418002.51730648207,9969.162995594714,648156.7023285085,1761.480176211454,68043039536.0,80977.0,254.0,10761.0,20829658051.0,17778869866.0,,56826024.0,5181268645.0,118673202.0,13108658.307740718,11188716.08936438,50960.98174952801,159.84896161107616,6772.183763373191,104869266.46192575,89509728.71491504,42821296120.83071,0.85353632894355,,2.290427502046654
udp,udp,1,65536,1,15.000504507974256,3051,0,25.424144887744365,203.39315910195492,0.07919903146103024,4.79939702199772,5.798191006761044,6.873253034427762,36.89219250631285,21320,27.54045779268115,258365,520714,0,84682.07145198296,170669.94428056377,0.0,255352.01573254672,677.4565716158637,68044216926.0,8216.0,137.0,15312.0,11133867963.0,6139787368.0,,42688723.0,2536321616.0,97437402.0,3649252.0363815143,2012385.2402490987,2692.88757784333,44.903310390036054,5018.682399213372,29194016.291052114,16099081.92199279,22302267101.278267,0.5514514262611792,,3.841681645786991
stcp,udp,1,65536,4,15.003792467992753,2944,0,24.52713210910148,196.21705687281184,3.295094007626176,4.562776011880487,8.270001970231533,11.935671034734696,17.518504108925733,21596,54.67560158391714,400796,693630,0,136139.94565217392,235608.01630434784,0.0,371747.9619565217,1089.1195652173913,68048844168.0,223046.0,915.0,16088.0,23086029726.0,16549580370.0,,68647199.0,5309267880.0,169043254.0,7841722.0536684785,5621460.723505435,75762.90760869565,310.8016304347826,5464.673913043478,62733776.42934783,44971685.78804348,23114417176.630436,0.7168655921534006,,3.183927762183286
tls,tls,1,65536,4,15.013848584960215,1616,0,13.454245182833997,107.63396146267198,44.06234802445397,8.971552946604788,10.395191027782857,12.71495595574379,29.007465842986193,25056,48.44361019865478,342359,649799,16699,211855.81683168316,402103.3415841584,10333.539603960397,624292.698019802,1694.8465346534654,68030613259.0,90921.0,253.0,15378.0,21491865500.0,18325290102.0,,57222927.0,5384270584.0,127306491.0,13299421.72029703,11339907.241336634,56262.99504950495,156.55940594059405,9516.08910891089,106395373.76237623,90719257.93069308,42098151769.18317,0.8526616780660571,,2.3644148081693066
udp,udp,1,65536,4,15.015799475018866,3180,0,26.472116963289466,211.77693570631573,0.0659999786876142,4.769086022861302,5.387527053244412,6.114013027399778,35.97157120395825,21576,27.898763978811065,262839,528617,0,82653.77358490566,166231.7610062893,0.0,248885.53459119497,661.2301886792452,68044789815.0,7918.0,183.0,15848.0,11468039167.0,6435194691.0,,43330530.0,2612726376.0,101030869.0,3606301.624842767,2023646.129245283,2489.937106918239,57.54716981132075,4983.647798742139,28850412.998742137,16189169.033962265,21397732646.226414,0.5611416735929604,,3.8668752276568283
stcp,udp,1,65536,8,15.005419209017418,3024,0,25.190899016859397,201.52719213487518,2.380876976530999,4.511442966759205,7.530315953772515,11.7186059942469,18.90487670144709,21452,54.25,412175,724358,0,136301.25661375662,239536.37566137567,0.0,375837.6322751323,1090.4100529100529,68028661648.0,220902.0,824.0,9153.0,23094868336.0,16511262973.0,,67793295.0,5273753249.0,173175944.0,7637191.91005291,5460073.734457672,73049.60317460318,272.4867724867725,3026.785714285714,61097535.28042328,43680589.87566137,22496250544.973545,0.7149321110119707,,3.2837323974692465
tls,tls,1,65536,8,15.012476556992624,1528,0,12.722750924865531,101.78200739892425,46.45251599140465,9.077152993995696,12.198693002574146,15.719162998721004,28.238425445036867,25072,46.150242074027794,334206,634003,15137,218721.20418848167,414923.4293193717,9906.413612565444,643551.0471204189,1749.7696335078535,68028488907.0,95603.0,244.0,15004.0,20769430660.0,17636193141.0,,54658542.0,5169912976.0,121948585.0,13592559.332460733,11542011.217931937,62567.40837696335,159.68586387434556,9819.37172774869,108740474.65968587,92336089.7434555,44521262373.6911,0.8491418676663908,,2.3588131089655695
udp,udp,1,65536,8,15.00364707497647,3064,0,25.527126710330236,204.2170136826419,0.09337702067568898,4.807709017768502,6.089080008678138,7.742493005935103,35.336974893541445,21156,27.525665823538166,259381,522170,0,84654.37336814622,170421.01827676242,0.0,255075.39164490864,677.2349869451697,68031546277.0,17177.0,192.0,15768.0,11598945572.0,6460164178.0,,43276105.0,2647774700.0,100922866.0,3785556.648825065,2108408.674281984,5606.070496083551,62.66318537859008,5146.21409921671,30284453.19060052,16867269.394255873,22203507270.561356,0.5569613322089308,,3.811610783953786
stcp,udp,2,65536,1,15.006716135016177,4501,0,37.49154678065705,299.9323742452564,4.933107469696552,5.711660021916032,12.401090993080288,15.414099034387618,26.339759907744398,22216,66.77267908526427,405250,691694,0,90035.54765607642,153675.6276383026,0.0,243711.17529437903,720.2843812486115,68037530703.0,202551.0,6881.0,13768.0,27937291146.0,21033195095.0,,77616563.0,6301394466.0,195337013.0,6206907.608531438,4673004.908909131,45001.333037102864,1528.7713841368584,3058.875805376583,49655260.8682515,37384039.27127305,15116092135.74761,0.7528716719556214,,3.0999013639594613
tls,tls,2,65536,1,15.018824737984687,2694,0,22.42186095615808,179.37488764926465,61.579153494676575,9.61492897477001,19.745144003536552,25.406447995919734,50.676821474256684,26424,60.484867201976535,263776,528658,14434,97912.3979213066,196235.3377876763,5357.832219747587,299505.5679287305,783.2991833704529,68031079481.0,91449.0,494.0,27730.0,25679203900.0,25110964282.0,,59241759.0,6684191868.0,130600530.0,9531998.47809948,9321070.631774314,33945.43429844098,183.3704528582034,10293.244246473645,76255987.82479584,74568565.05419451,25252813467.33482,0.9778716030211513,,1.953871650890797
udp,udp,2,65536,1,15.004983271006495,4983,0,41.51120922630787,332.08967381046295,0.18455449026077986,5.668637983035296,8.807289006654173,13.588597998023033,64.34690946078177,21984,68.92846177463923,430466,685455,5,86386.91551274332,137558.69957856712,1.0034115994380894,223946.6185029099,691.0953241019466,68047008574.0,489066.0,12735.0,12122.0,28934395974.0,15848099431.0,,114408074.0,6416075703.0,253881457.0,5806621.708609272,3180433.3596227174,98146.89945815774,2555.689343768814,2432.6710816777045,46452973.668874174,25443466.87698174,13655831542.042948,0.5477252556175998,,3.956958563959762
stcp,udp,2,65536,4,15.016138599952683,4320,0,35.961308988031156,287.69047190424925,4.683531995397061,6.328146031592041,10.158570017665625,14.02712898561731,25.61456112300482,21916,70.14970512626645,346947,603366,2,80311.80555555556,139668.05555555556,0.46296296296296297,219980.32407407407,642.4944444444445,68043907944.0,389454.0,16744.0,13894.0,29155738633.0,21516714016.0,,91325257.0,6552135172.0,207683372.0,6749013.572453704,4980720.837037037,90151.38888888888,3875.9259259259256,3216.2037037037035,53992108.57962963,39845766.6962963,15750904616.666666,0.7379924167534637,,3.169705241850282
tls,tls,2,65536,4,15.043162238027435,2604,0,21.637737787416288,173.1019022993303,78.59656249638647,9.954217006452382,20.3630980104208,28.661944961640984,50.35193983916791,26400,77.04868460840642,246115,499492,25099,94514.2089093702,191817.20430107525,9638.63287250384,295970.0460829493,756.1136712749616,68067345426.0,474927.0,7816.0,13467.0,31931866906.0,27605594367.0,,103541014.0,7729723152.0,188430116.0,12262621.69969278,10601226.715437789,182383.64055299538,3001.536098310292,5171.658986175115,98100973.59754224,84809813.72350231,26139533573.73272,0.8645155151205052,,2.4377343443567616
udp,udp,2,65536,4,15.020111719961278,4916,0,40.91181287176099,327.29450297408795,2.5070100091397762,5.682327959220856,8.966666006017476,17.223959031980485,63.66752244120229,22112,69.31888544891642,399173,682730,9,81198.73881204231,138879.17005695688,1.8307567127746136,220079.73962571198,649.5899104963385,68045792573.0,511004.0,13482.0,14729.0,29381723463.0,15988430754.0,,118230489.0,6477959974.0,257636112.0,5976754.162530513,3252325.214401953,103947.11147274206,2742.473555736371,2996.13506916192,47814033.3002441,26018601.715215623,13841699058.787632,0.5441624543956385,,3.977117997549393
stcp,udp,2,65536,8,15.028453126025852,4216,0,35.066815964402636,280.5345277152211,7.427652511978522,6.628810951951891,10.234838002361357,13.454155996441841,25.040115362792037,21908,67.76657500763825,333698,597899,8,79150.37950664136,141816.65085388994,1.8975332068311195,220968.92789373815,633.203036053131,68040990444.0,381195.0,17745.0,13929.0,28281617753.0,20838222381.0,,88249599.0,6313900642.0,200484601.0,6708163.603652751,4942652.367409867,90416.27134724858,4208.965844402277,3303.8425047438327,53665308.82922201,39541218.93927894,16138754849.146109,0.7368115417934169,,3.1752891337310336
tls,tls,2,65536,8,15.039064963988494,2480,0,20.612983635771545,164.90386908617236,63.08200201601721,10.116038960404694,22.209623944945633,35.797734977677464,48.11962723300021,26212,75.02674614091396,244357,495430,23827,98531.04838709677,199770.16129032258,9607.66129032258,307908.87096774194,788.2483870967742,68044268501.0,483885.0,10138.0,12457.0,31227843165.0,26739164896.0,,104964056.0,7572868002.0,185235187.0,12591872.243951613,10781921.329032257,195114.9193548387,4087.9032258064517,5022.983870967742,100734977.9516129,86255370.63225806,27437205040.725807,0.8562603813115442,,2.446037445140721
udp,udp,2,65536,8,15.020762144995388,5104,0,42.47454249267695,339.7963399414156,1.5622370119672269,5.681350012309849,6.425435014534742,10.036839987151325,68.02533653995984,22092,74.15815937833308,436176,697225,4,85457.6802507837,136603.64420062696,0.7836990595611285,222062.10815047022,683.6614420062696,68059895944.0,508521.0,8882.0,14966.0,30963086997.0,17033732420.0,,119225709.0,6894379584.0,274138029.0,6066435.540164577,3337330.0195924765,99631.85736677116,1740.2037617554859,2932.2100313479623,48531484.321316615,26698640.156739812,13334619111.285267,0.5501303026293984,,3.976253782663789
stcp,udp,4,65536,1,15.00931600201875,5060,0,42.14049460447957,337.12395683583657,9.798508486710489,12.897315958980471,15.959212032612413,19.61119403131306,36.449549061823845,22612,68.50678733031674,325929,598878,10,64412.84584980237,118355.33596837944,1.976284584980237,182770.15810276679,515.3027667984189,68043502278.0,291759.0,10154.0,15020.0,28255533064.0,21897621713.0,,72487545.0,6327403111.0,186724980.0,5584097.443478261,4327593.223913044,57659.881422924904,2006.719367588933,2968.3794466403165,44672779.54782609,34620745.79130435,13447332466.007906,0.7749852626528384,,2.951052378429695
tls,tls,4,65536,1,15.0214655349846,3774,0,31.405058241574807,251.24046593259845,91.61893025157042,13.787579024210572,27.373246964998543,53.391300956718624,72.11104652054247,28848,86.23264148126026,203397,433115,36416,53894.27662957075,114762.8510863805,9649.17859035506,178306.3063063063,431.154213036566,68033265760.0,340197.0,10053.0,11640.0,35190298672.0,33540049406.0,,106662427.0,8614668216.0,170570644.0,9324403.463698993,8887135.507684154,90142.2893481717,2663.751987281399,3084.260731319555,74595227.70959194,71097084.06147324,18026832474.82777,0.9531049940387957,,1.9800024762787682
udp,udp,4,65536,1,15.005190274037886,5132,0,42.75187373731135,342.0149898984908,0.597175006987527,11.343634978402406,16.42561104381457,23.358022968750447,70.0801776448933,22996,69.0190651906519,416284,683824,0,81115.3546375682,133247.07716289946,0.0,214362.43180046766,648.9228371005456,68061843018.0,491672.0,12878.0,13161.0,29093329982.0,15821680544.0,,115020764.0,6449798733.0,256128676.0,5669004.283320343,3082946.3257989087,95805.14419329696,2509.353078721746,2564.497272018706,45352034.266562745,24663570.60639127,13262245326.968044,0.5438250125987245,,3.9711111400970287
stcp,udp,4,65536,4,15.033636956010014,5056,0,42.039062260802076,336.3124980864166,8.99429147830233,12.819583993405104,15.81401500152424,18.904755997937173,31.215566889979613,22824,67.19841993315102,321113,594113,3,63511.273734177215,117506.52689873417,0.5933544303797469,181018.39398734178,508.0901898734177,68047831981.0,287816.0,11109.0,12808.0,27829680627.0,21657644006.0,,72274623.0,6235839283.0,183632125.0,5504288.098694621,4283553.007515823,56925.63291139241,2197.1914556962024,2533.227848101266,44034304.789556965,34268424.06012658,13458827527.887657,0.7782210761336597,,2.94478604508961
tls,tls,4,65536,4,15.054253699956462,3836,0,31.85146268668149,254.81170149345192,96.33890124678146,13.536292011849582,27.958936989307404,52.13926895521581,71.78951687277103,28920,87.08955223880596,201340,435455,28659,52486.96558915537,113517.98748696559,7471.0636079249225,173476.0166840459,419.895724713243,68055459500.0,339779.0,10206.0,11128.0,35444375653.0,33848552099.0,,107261553.0,8714919333.0,171051138.0,9239931.087851929,8823918.691084463,88576.38164754954,2660.5839416058393,2900.9384775808135,73919448.70281543,70591349.5286757,17741256386.861313,0.9549766775518042,,1.9627392000324781
udp,udp,4,65536,4,15.024452117970213,5148,0,42.830180757828266,342.64144606262613,3.4853952383855358,11.312837013974786,16.59476902568713,23.617136001121253,70.43708427372407,23236,68.62170087976538,413627,686588,0,80347.1250971251,133369.85236985236,0.0,213716.97746697746,642.7770007770008,68040704648.0,481569.0,11907.0,15003.0,29125414664.0,15874652289.0,,113485389.0,6429245008.0,255113070.0,5657617.456099456,3083654.2907925406,93544.8717948718,2312.9370629370633,2914.3356643356647,45260939.64879565,24669234.326340325,13216920094.794096,0.5450446790933283,,3.9680097691495537
stcp,udp,4,65536,8,15.062760352040641,4768,0,39.56778080979403,316.54224647835224,15.134221015614457,13.523094996344298,16.10930502647534,21.02897100849077,27.912287666652087,22884,63.28241988619347,319890,587294,0,67091.0234899329,123174.07718120805,0.0,190265.10067114094,536.728187919463,68069003648.0,294154.0,10113.0,10924.0,26167703825.0,20351113646.0,,67423867.0,5863522592.0,176795281.0,5488192.916317114,4268270.479446309,61693.37248322148,2121.015100671141,2291.107382550336,43905543.33053691,34146163.83557047,14276217208.053692,0.7777187399437405,,3.0151718225016095
tls,tls,4,65536,8,15.108922159008216,3496,0,28.923307394197714,231.3864591535817,81.53983125521336,14.943311980459839,30.397511029150337,55.3742460324429,66.96201021836569,28896,83.52093651508329,207848,440179,34331,59453.08924485126,125909.32494279178,9820.080091533182,195182.49427917623,475.62471395881005,68030635815.0,365882.0,10404.0,10909.0,34147992292.0,31863053285.0,,106727963.0,8350458716.0,171595226.0,9767732.348970251,9114145.676487414,104657.32265446224,2975.9725400457664,3120.4233409610983,78141858.79176201,72913165.41189931,19459564020.308926,0.933087164028226,,2.0549197575363474
udp,udp,4,65536,8,15.129497205954976,4632,0,38.26961280458847,306.15690243670775,3.6500287533272058,11.505950009450316,25.68366698687896,33.86909799883142,54.9136424489368,23328,65.32135242156563,325892,603115,10,70356.64939550949,130206.17443868739,2.158894645941278,200564.98272884282,562.8531951640759,68034551666.0,328395.0,11919.0,53232.0,27302227098.0,15253527069.0,,118625682.0,6203591571.0,250079494.0,5894263.190414508,3293075.792098446,70897.0207253886,2573.1865284974097,11492.227979274612,47154105.52331606,26344606.336787567,14687942933.074266,0.5586916779443748,,4.031205006613418
stcp,udp,8,65536,1,15.015494527004194,6696,0,55.74241983803603,445.9393587042882,11.366313250618987,16.355708008632064,29.86364997923374,44.11910299677402,44.84581568652134,24572,93.25743013455568,336763,569111,10,50293.16009557946,84992.68219832737,1.4934289127837517,135287.3357228196,402.34528076463556,68035327648.0,188329.0,11546.0,11716.0,37660661582.0,27339025168.0,,102185213.0,7847202703.0,231729485.0,5624352.088112306,4082889.063321386,28125.597371565116,1724.3130227001195,1749.7013142174433,44994816.70489845,32663112.506571088,10160592540.023895,0.7259305604197551,,2.953020251552944
tls,tls,8,65536,1,15.023456476978026,4737,0,39.413366751344704,315.30693401075763,195.27089075563708,22.99430302809924,40.37227702792734,58.48895898088813,93.0574533325514,34244,93.72360565021116,141377,342109,39621,29845.26071353177,72220.60375765253,8364.154528182393,110430.01899936669,238.76208570825418,68041085981.0,235759.0,10215.0,10870.0,37981987835.0,39162948229.0,,101261570.0,9677627263.0,189848107.0,8018152.382309479,8267457.933080008,49769.68545492928,2156.428119062698,2294.7012877348534,64145219.05847583,66139663.464640066,14363750470.97319,1.0310926431531253,,1.961721627013235
udp,udp,8,65536,1,15.020378015004098,4903,0,40.8029011911544,326.4232095292352,1.8524536208133213,23.245595977641642,30.726540950126946,64.95693902252242,69.56644492942976,25636,77.52756639229695,342212,596947,1,69796.4511523557,121751.37670813788,0.20395676116663267,191548.03181725473,558.3716092188456,68041617112.0,435638.0,11718.0,12815.0,32105471422.0,16122772155.0,,152866590.0,6770720296.0,309539663.0,6548127.966959004,3288348.3897613706,88851.31552110953,2389.965327350602,2613.705894350398,52385023.735672034,26306787.118090965,13877547850.703651,0.5021814488589633,,4.571739039092629
stcp,udp,8,65536,4,15.041739618987776,6900,0,57.34044211955594,458.7235369564475,10.888796372455545,16.016426030546427,27.589357981923968,41.52214794885367,42.85196502047785,24796,93.92640756612974,340791,580491,8,49390.0,84129.13043478261,1.1594202898550725,133520.28985507248,395.12,68049070869.0,188283.0,10167.0,13222.0,37989444816.0,27949129656.0,,99109138.0,7952927864.0,231137273.0,5505716.64,4050598.500869565,27287.391304347824,1473.4782608695652,1916.231884057971,44045733.12,32404788.00695652,9862184183.913042,0.7357077680753228,,2.9063167295440215
tls,tls,8,65536,4,15.052750162023585,4780,0,39.69374324084818,317.5499459267854,147.55698650697013,22.929779021069407,40.761444019153714,60.59656903380528,90.31659234137163,34212,94.61922963834166,138652,338669,45983,29006.694560669453,70851.25523012552,9619.874476987447,109477.82426778242,232.05355648535564,68045378295.0,233712.0,9636.0,11001.0,38289852513.0,39534575433.0,,100950245.0,9742411821.0,190928501.0,8010429.396025104,8270831.680543933,48893.723849372385,2015.899581589958,2301.4644351464435,64083435.168200836,66166653.444351465,14235434789.748953,1.0325079058368636,,1.959766272540944
udp,udp,8,65536,4,15.046373077027965,5076,0,42.16963096367205,337.3570477093764,5.944378237472847,23.294979997444898,25.668039044830948,30.428331054281443,63.90103416137786,25704,78.77714461728014,346897,603077,2,68340.62253743105,118809.49566587865,0.39401103230890466,187150.51221434202,546.7249802994485,68065115723.0,440291.0,10983.0,15010.0,32742132216.0,16498981005.0,,153478203.0,6878771598.0,313393069.0,6450380.657210402,3250390.2689125296,86739.75571315998,2163.71158392435,2957.0527974783295,51603045.25768322,26003122.151300237,13409203255.122145,0.5039067369270928,,4.555945266319337
stcp,udp,8,65536,8,15.083179554960225,6728,0,55.75747453881038,446.059796310483,10.435541007609572,16.457407036796212,29.069717973470688,45.436683984007686,42.60070614810728,24944,94.24597364568082,339491,570577,10,50459.423305588585,84806.33174791915,1.4863258026159334,135267.24137931035,403.67538644470864,68037950499.0,190672.0,10825.0,12620.0,38134369827.0,27722467056.0,,103475584.0,7927426726.0,233983881.0,5668009.784036861,4120461.809750297,28340.071343638527,1608.947681331748,1875.743162901308,45344078.27229489,32963694.478002377,10112656138.376932,0.7269680128914012,,2.9515741877826596
tls,tls,8,65536,8,15.137137862970121,4760,0,39.30729873680708,314.4583898944566,148.1096152419923,23.213832988403738,40.88661598507315,55.464745964854956,93.85650133209758,34340,94.13309982486865,137182,336364,46473,28819.747899159665,70664.70588235294,9763.235294117647,109247.68907563026,230.55798319327732,68051264259.0,238585.0,10610.0,10662.0,38147262365.0,39336679679.0,,100184057.0,9725134404.0,189759814.0,8014130.74894958,8264008.335924369,50122.899159663866,2228.9915966386557,2239.915966386555,64113045.99159664,66112066.687394954,14296484088.025211,1.0311796244411837,,1.9512307605944321
udp,udp,8,65536,8,15.087951896013692,5136,0,42.550506816609044,340.40405453287235,4.595846367010381,23.223123978823423,26.02836099686101,33.10696000698954,68.53587598414899,25600,78.62816987473266,348057,608289,1,67768.10747663552,118436.33177570094,0.19470404984423675,186204.6339563863,542.144859813084,68032411851.0,439244.0,10950.0,10335.0,32516071819.0,16327191375.0,,152797652.0,6828797836.0,313857241.0,6331010.868185358,3178970.2832943927,85522.58566978193,2132.0093457943926,2012.2663551401868,50648086.945482865,25431762.266355142,13246186108.060747,0.5021268087327692,,4.596083359583586
stcp,udp,16,65536,1,15.032071776979137,6541,0,54.39203671526846,435.1362937221477,9.954114251740975,34.213314997032285,57.367022964172065,75.94768202397972,41.11858359714496,28008,94.20204978038068,329839,563882,11,50426.38740253783,86207.30775110838,1.6817000458645466,136635.37685369208,403.41109922030273,68054059870.0,198797.0,8226.0,12903.0,38105527848.0,27394718614.0,,105239532.0,7873985554.0,236346911.0,5825642.539061306,4188154.504510014,30392.44763797584,1257.6058706619783,1972.6341537991132,46605140.31249045,33505236.03608011,10404228691.3316,0.7189171797665528,,3.0016172798276894
tls,tls,16,65536,1,15.088747961970512,5139,0,42.573114854793374,340.584918838347,270.2725406343234,42.84414299763739,74.18231997871771,87.88681199075654,103.99398306306382,44732,94.12447410416365,126424,322752,50075,24600.89511578128,62804.43666082896,9744.113640786145,97149.44541739637,196.80716092625025,68036579333.0,198952.0,7294.0,10332.0,38138998771.0,40880554527.0,,86662139.0,9865794695.0,176116860.0,7421482.539599144,7954962.9357851725,38714.14672115197,1419.342284491146,2010.5078809106828,59371860.31679315,63639703.48628138,13239264318.544464,1.0718832650133598,,1.7851259370849901
udp,udp,16,65536,1,15.041807551984675,4724,0,39.25725003190106,314.05800025520847,7.15648981713457,46.669698029290885,77.21930998377502,129.11814398830757,75.14824904476691,30572,78.68928296067848,336223,589814,0,71173.3700254022,124854.78408128704,0.0,196028.15410668924,569.3869602032175,68037434908.0,452934.0,12077.0,14277.0,32573228019.0,16337252244.0,,154822362.0,6853298109.0,314201099.0,6895264.186917867,3458351.448772227,95879.33954276037,2556.5198983911937,3022.2269263336157,55162113.49534293,27666811.590177815,14402505272.650295,0.5015545967525988,,4.58466995018617
stcp,udp,16,65536,4,15.106678434996866,6992,0,57.855206474458946,462.84165179567157,12.396023565088399,32.736895023845136,48.620370973367244,63.39113402646035,57.31690812945936,28204,93.75548405966657,344945,584903,5,49334.239130434784,83653.17505720824,0.7151029748283754,132988.12929061786,394.67391304347825,68032769222.0,180105.0,10238.0,10810.0,38025064442.0,28171286212.0,,97791272.0,7938230857.0,228646777.0,5438367.340102975,4029074.1149885585,25758.724256292906,1464.2448512585813,1546.0526315789473,43506938.7208238,32232592.919908468,9730087131.292906,0.7408609722402952,,2.8803241064522243
tls,tls,16,65536,4,15.128650186001323,5196,0,42.931787833985894,343.45430267188715,223.31043381200288,42.38070297287777,74.75387799786404,89.35059804935008,138.92821065720793,44688,94.09874379199532,123344,317805,50735,23738.260200153964,61163.39491916859,9764.241724403388,94665.89684372595,189.9060816012317,68037024110.0,186349.0,6864.0,11314.0,38219739323.0,41243461156.0,,86229377.0,9881865928.0,167947502.0,7355608.029830639,7937540.6381832175,35863.9337952271,1321.0161662817552,2177.4441878367975,58844864.238645114,63500325.10546574,13094115494.61124,1.0791141406655376,,1.6995525260479938
udp,udp,16,65536,4,15.104975294030737,3780,0,31.281083934425567,250.24867147540454,4.194964432826964,62.56933801341802,85.75681003276259,115.2435970143415,122.31791605313964,30632,63.915956151035324,307479,570845,0,81343.65079365078,151017.19576719575,0.0,232360.84656084655,650.7492063492064,68039258538.0,300013.0,8696.0,53829.0,26804315081.0,14496248780.0,,126519462.0,5835487916.0,247129909.0,7091088.645767196,3834986.4497354496,79368.51851851853,2300.5291005291006,14240.47619047619,56728709.16613757,30679891.597883597,17999803846.031746,0.5408177278991746,,4.2349485177136295
stcp,udp,16,65536,8,15.38731577101862,4808,0,39.058144314680206,312.46515451744165,11.230463132960722,34.98531598597765,100.2890290110372,108.33711101440713,36.210292184256346,28224,73.50116414435391,443223,745339,5,92184.48419301165,155020.59068219634,1.0399334442595674,247206.11480865226,737.4758735440932,68031748222.0,184249.0,4047.0,9032.0,30442864119.0,22155172225.0,,76194662.0,6687982402.0,199461373.0,6331710.507279534,4607980.91202163,38321.33943427621,841.7221297836938,1878.5357737104825,50653684.05823627,36863847.29617304,14149698049.500832,0.72776241218291,,2.9823848361256498
tls,tls,16,65536,8,15.230937747983262,5552,0,45.56515242089365,364.5212193671492,229.25593406762346,40.025274036452174,69.66266495874152,86.09809295739979,126.77743366495453,44824,89.56020187454938,176291,414957,40986,31752.701729106626,74740.09365994236,7382.204610951008,113875.0,254.021613832853,68041771997.0,65232.0,3789.0,10649.0,36678129428.0,42061964309.0,,62096608.0,9725110259.0,123301795.0,6606291.323487031,7576002.217038905,11749.2795389049,682.456772334294,1918.0475504322767,52850330.58789625,60608017.73631124,12255362391.390491,1.1467859720482363,,1.267870406773966
udp,udp,16,65536,8,15.317230272048619,3792,0,30.94554247610749,247.56433980885993,4.817201253899839,64.1837069997564,80.36004996392876,93.2148810243234,160.27541248628475,30792,32.81709772340096,389749,743086,0,102781.90928270042,195961.49789029534,0.0,298743.4071729958,822.2552742616033,68078125332.0,29624.0,175.0,10329.0,15674199918.0,8750345623.0,,50381973.0,3662687963.0,130228725.0,4133491.539556962,2307580.5967827006,7812.236286919831,46.14978902953587,2723.8924050632913,33067932.316455696,18460644.774261605,17953092123.41772,0.5582642602989415,,3.555550631545841
stcp,udp,1,131072,1,15.006509250029922,1376,0,22.92338573005005,91.6935429202002,2.435644040815532,9.525506000500172,16.45403099246323,23.34491501096636,17.561492523617677,21544,57.57847533632287,416507,728320,0,302694.0406976744,529302.3255813953,0.0,831996.3662790697,1210.7761627906978,68033227186.0,218091.0,909.0,15635.0,24494470753.0,17086557829.0,,68197413.0,5669570861.0,180223538.0,17801214.21002907,12417556.561773255,158496.36627906977,660.6104651162791,11362.64534883721,71204856.84011628,49670226.24709302,49442752315.40698,0.6975679532454195,,3.1787862330062167
tls,tls,1,131072,1,15.01311249495484,878,0,14.6205525385734,58.4822101542936,54.91785699268803,16.708748997189105,17.406394996214658,18.564080994110554,30.737163939527782,25252,52.06677265500795,367254,705793,17751,418284.73804100225,803864.4646924828,20217.53986332574,1242366.742596811,1673.138952164009,68034495777.0,130067.0,291.0,15010.0,23791630982.0,20369365252.0,,59219974.0,6021824529.0,136346654.0,27097529.592255127,23199732.633257404,148140.09111617313,331.43507972665145,17095.671981776766,108390118.3690205,92798930.53302962,77488036192.48291,0.8561567413100355,,2.264208353188964
udp,udp,1,131072,1,15.004079164995346,1892,0,31.524760353405313,126.09904141362125,0.09191100252792239,6.70119997812435,10.730134032201022,11.378399038221687,46.31266553306109,21692,29.107767137862893,292122,580387,0,154398.52008456658,306758.45665961946,0.0,461156.976744186,617.5940803382664,68042863722.0,16561.0,173.0,16603.0,13048471030.0,7503796711.0,,44655351.0,3071400123.0,115051082.0,6896654.878435518,3966065.9149048626,8753.171247357295,91.43763213530656,8775.36997885835,27586619.51374207,15864263.65961945,35963458626.8499,0.5750709561103268,,3.745883876817179
stcp,udp,1,131072,4,15.008992315037176,1304,0,21.720312273955116,86.88124909582046,3.49507003556937,9.575870994012803,20.999741973355412,26.43765602260828,16.3318026190483,21608,56.72541045338153,419858,735661,0,321976.9938650307,564157.2085889571,0.0,886134.2024539878,1287.9079754601228,68077058425.0,213429.0,902.0,12385.0,23996073042.0,16645471545.0,,67616802.0,5579837721.0,181457888.0,18401896.504601225,12764932.166411042,163672.54601226994,691.7177914110429,9497.699386503067,73607586.0184049,51059728.66564417,52206333148.006134,0.6936748157027884,,3.25202805302158
tls,tls,1,131072,4,15.02949239400914,868,0,14.438278706371861,57.753114825487444,54.09562203567475,16.736641991883516,18.84326001163572,22.266462969128042,31.280597353201205,25276,47.76119402985074,325605,625899,17246,375120.96774193546,721081.797235023,19868.663594470043,1116071.4285714284,1500.483870967742,68040371630.0,79647.0,234.0,10898.0,20989360297.0,18509431154.0,,54633042.0,5225189773.0,113808691.0,24181290.664746545,21324229.440092165,91759.21658986175,269.5852534562212,12555.299539170506,96725162.65898618,85296917.76036866,78387524919.35484,0.8818482741775386,,2.1780776573528673
udp,udp,1,131072,4,15.017577997990884,1580,0,26.302510301784004,105.21004120713602,0.07871096022427082,9.594460017979145,10.74872596655041,11.602328973822296,37.57524016692258,21732,28.087591240875913,266531,537480,0,168690.50632911394,340177.2151898734,0.0,508867.7215189874,674.7620253164557,68039147557.0,13532.0,151.0,13592.0,11485760112.0,6413868929.0,,43376803.0,2607323213.0,100978278.0,7269468.425316456,4059410.7145569623,8564.556962025315,95.56962025316456,8602.53164556962,29077873.701265823,16237642.858227849,43062751618.35443,0.5584191961574202,,3.8728715142229664
stcp,udp,1,131072,8,15.006824928044807,1384,0,23.056176217088666,92.22470486835466,2.297294035088271,9.571485978085548,16.970832948572934,25.74836602434516,16.15271725779916,21876,56.58181818181818,422237,738424,0,305084.53757225437,533543.3526011561,0.0,838627.8901734104,1220.3381502890172,68047887166.0,214602.0,888.0,8854.0,23933380749.0,16701766689.0,,66189171.0,5520801997.0,177059306.0,17292905.165462427,12067750.497832369,155059.2485549133,641.6184971098266,6397.398843930637,69171620.6618497,48271001.991329476,49167548530.346825,0.697844022295005,,3.2071301614550554
tls,tls,1,131072,8,15.050888098019641,864,0,14.351312599847232,57.405250399388926,48.9580089924857,16.77709602518007,19.764676981139928,23.65571999689564,31.40548231583717,25400,47.64534437797208,319905,613094,17179,370260.4166666667,709599.5370370371,19883.101851851854,1099743.0555555555,1481.0416666666665,68040447667.0,75757.0,229.0,14838.0,20775350104.0,18320427189.0,,54292147.0,5211435197.0,114865496.0,24045544.10185185,21204198.135416668,87681.71296296296,265.0462962962963,17173.61111111111,96182176.4074074,84816792.54166667,78750518133.10185,0.8818348233502289,,2.2041048513108854
udp,udp,1,131072,8,15.055381965998095,1520,0,25.240143415704296,100.96057366281718,0.09240000508725643,9.664785000495613,11.179354041814804,13.395472953561693,34.99956369025056,21880,27.54324245089417,256438,518167,0,168709.21052631582,340899.3421052632,0.0,509608.552631579,674.8368421052631,68035493740.0,14846.0,165.0,11329.0,11269061662.0,6151897515.0,,43162530.0,2505737532.0,99199261.0,7413856.356578947,4047300.9967105263,9767.105263157895,108.55263157894737,7453.289473684211,29655425.42631579,16189203.986842105,44760193250.0,0.5459103605533187,,3.9588847488277157
stcp,udp,2,131072,1,15.010497466020752,2071,0,34.492527724149724,137.9701108965989,4.5573944807983935,11.329930974170566,26.17543999804184,29.88364000339061,26.398465533670684,22684,69.55201214882308,416306,710052,2,201016.90004828584,342854.65958474163,0.9657170449058425,543872.5253500724,804.0676001931433,68041664019.0,183749.0,2763.0,10911.0,28853393695.0,20897796822.0,,71133773.0,6513688906.0,204652426.0,13932107.047320135,10090679.295992274,88724.77064220182,1334.1380975374213,5268.469338483824,55728428.18928054,40362717.183969095,32854497353.452435,0.7242751768788077,,3.141882103265434
tls,tls,2,131072,1,15.015737060981337,1744,0,29.036203699447686,116.14481479779074,57.57316300878301,16.907142009586096,17.883934953715652,19.639035977888852,63.11823363388462,27032,68.94557318700875,287339,591888,35057,164758.6009174312,339385.3211009174,20101.490825688074,524245.4128440367,659.0344036697248,68038491741.0,42118.0,215.0,15004.0,28399961009.0,29643726573.0,,59723692.0,7449061161.0,124442422.0,16284381.3125,16997549.64048165,24150.229357798165,123.27981651376147,8603.211009174312,65137525.25,67990198.5619266,39012896640.48165,1.0437946222392998,,1.6705786046102784
udp,udp,2,131072,1,15.008595246996265,1673,0,27.86736487438464,111.46945949753857,0.8853725157678127,17.79104903107509,19.132550980430096,20.37285501137376,57.62062243453977,22952,27.737656595431098,251157,524316,0,150123.7298266587,313398.6849970114,0.0,463522.4148236701,600.4949193066348,68043594073.0,14221.0,159.0,16089.0,11557259863.0,6390379148.0,,43319814.0,2622174273.0,101983163.0,6908105.118350269,3819712.5809922297,8500.2988643156,95.03885236102809,9616.85594739988,27632420.473401077,15278850.323968919,40671604347.280334,0.5529320291965126,,3.8892595374037517
stcp,udp,2,131072,4,15.040618225000799,2444,0,40.62333016234561,162.49332064938244,6.447183986892924,10.835180000867695,19.0729089663364,22.17342401854694,32.78916415684594,22424,67.51253608874032,300576,554625,0,122985.27004909984,226933.30605564648,0.0,349918.5761047463,491.94108019639935,68043690074.0,244206.0,5340.0,40384.0,28018468510.0,22342124493.0,,68642448.0,6667176772.0,190240264.0,11464185.151391162,9141622.132978724,99920.62193126023,2184.9427168576103,16523.731587561375,45856740.60556465,36566488.5319149,27841117051.55483,0.7974070561717508,,2.8533856309157417
tls,tls,2,131072,4,15.101431387010962,1372,0,22.713078728088057,90.85231491235223,61.40750800841488,17.466920020524412,30.58177698403597,33.370869990903884,54.23050828839988,26888,60.53480866758875,197543,463046,30239,143981.77842565597,337497.08454810496,22040.08746355685,503518.9504373178,575.9271137026238,68041030129.0,446882.0,1282.0,12392.0,26102150208.0,25581851544.0,,59687120.0,6709714900.0,126427504.0,19024890.822157435,18645664.390670553,325715.74344023323,934.402332361516,9032.06997084548,76099563.28862974,74582657.56268221,49592587557.58017,0.980066827450846,,1.8842455437264556
udp,udp,2,131072,4,15.033933652972337,2128,0,35.386613529109134,141.54645411643654,0.7985955162439495,11.103091994300485,23.482663033064455,24.110882019158453,59.26226100005786,23208,46.44497228820269,346381,661711,0,162773.02631578947,310954.4172932331,0.0,473727.44360902254,651.0921052631578,68033509833.0,451995.0,1044.0,14519.0,21230144075.0,11738571858.0,,77535808.0,4814270344.0,180818798.0,9976571.46381579,5516246.17387218,212403.66541353383,490.6015037593985,6822.838345864661,39906285.85526316,22064984.69548872,31970634320.018795,0.5529200280756926,,3.7558920683661547
stcp,udp,2,131072,8,15.0329681399744,2336,0,38.84795035566373,155.3918014226549,6.177810020744801,12.386907008476555,17.037190962582827,21.32374601205811,31.907664243929997,22716,62.162990196078425,298731,574175,0,127881.4212328767,245794.0924657534,0.0,373675.51369863015,511.5256849315068,68030146518.0,295534.0,6030.0,16632.0,26328957049.0,20750251171.0,,63254540.0,6106073359.0,178688497.0,11270957.64083904,8882813.001284247,126512.84246575343,2581.3356164383563,7119.86301369863,45083830.56335616,35531252.00513699,29122494228.595894,0.7881151969818765,,2.926405997671539
tls,tls,2,131072,8,15.095479885989334,1640,0,27.160448233284452,108.64179293313781,55.581959488336,17.14768202509731,28.312865004409105,30.207788047846407,65.07407564510294,27000,64.94783003175564,185250,434918,15796,112957.31707317074,265193.90243902436,9631.707317073171,387782.9268292683,451.8292682926829,68050591332.0,379542.0,1402.0,10321.0,27694564313.0,28462540700.0,,64051392.0,7208937199.0,126115529.0,16886929.459146343,17355207.743902437,231428.04878048782,854.8780487804878,6293.29268292683,67547717.83658537,69420830.97560975,41494263007.31708,1.0277302209314594,,1.7494330373344678
udp,udp,2,131072,8,15.050135775993112,2352,0,39.069414970855945,156.27765988342378,0.06233350723050535,11.10407296800986,23.252408020198345,23.8561820005998,64.18366015945516,22956,48.34280303030303,360591,683065,0,153312.5,290418.7925170068,0.0,443731.29251700675,613.25,68027774537.0,443059.0,1044.0,15337.0,22045166264.0,12335749308.0,,79030347.0,5039467367.0,189622263.0,9372944.840136055,5244791.37244898,188375.42517006805,443.8775510204082,6520.833333333334,37491779.36054422,20979165.48979592,28923373527.636055,0.5595670797069203,,3.762744139226014
stcp,udp,4,131072,1,15.018584967008792,2564,0,42.68045234674769,170.72180938699077,12.399868748616427,25.26417898479849,29.081401007715613,34.26995303016156,36.755912838168314,24300,59.766807995154444,298373,564052,9,116370.1248049922,219989.07956318252,3.510140405616225,336362.71450858033,465.4804992199688,68030016519.0,228637.0,4369.0,15026.0,25109677548.0,20395664837.0,,52561148.0,5732933595.0,162165871.0,9793165.970358815,7954627.471528861,89171.9968798752,1703.978159126365,5860.374414976599,39172663.88143526,31818509.886115443,26532767753.120125,0.8122631124199572,,2.8286717142761533
tls,tls,4,131072,1,15.019446254009381,2592,0,43.14406730055171,172.57626920220684,90.47417977126315,19.562300003599375,39.11531495396048,47.69917897647247,106.1850266000495,30144,87.11529966131644,150823,389902,52116,58187.885802469136,150425.15432098764,20106.48148148148,228719.52160493826,232.75154320987653,68044381594.0,205704.0,2242.0,11119.0,35674699406.0,39927174882.0,,73563104.0,9402897385.0,129427966.0,13763387.116512345,15404002.655092593,79361.11111111111,864.969135802469,4289.7376543209875,55053548.46604938,61616010.62037037,26251690429.78395,1.1192014381846422,,1.3764689829165886
udp,udp,4,131072,1,15.04096097202273,2684,0,44.61151127564976,178.44604510259904,7.073454995406792,22.212557028979063,23.818549991119653,26.17694198852405,76.17472727514955,25548,51.02206359506813,397509,725583,0,148103.2041728763,270336.43815201195,0.0,418439.6423248882,592.4128166915052,68029749963.0,446473.0,987.0,15138.0,23696982267.0,13353152895.0,,80758726.0,5484901682.0,200853284.0,8828979.980253354,4975094.223174366,166346.1251862891,367.7347242921013,5640.089418777943,35315919.921013415,19900376.892697465,25346404606.184795,0.5634959230060008,,3.6619304345809423
stcp,udp,4,131072,4,15.068140975025017,2724,0,45.194692638510396,180.77877055404159,9.615667746402323,23.831753991544247,28.982664982322603,35.289302992168814,37.47443702152266,24552,63.85196374622356,315054,573044,3,115658.59030837005,210368.57562408224,1.1013215859030838,326028.2672540382,462.63436123348015,68040466591.0,217515.0,4863.0,13815.0,26787464811.0,21704085741.0,,55376858.0,6086713413.0,171416271.0,9833871.07599119,7967726.042951542,79851.32158590308,1785.2422907488985,5071.5859030837,39335484.30396476,31870904.171806168,24978144857.1953,0.8102329165575772,,2.8162369306543855
tls,tls,4,131072,4,15.075787173002027,2560,0,42.452177962960555,169.80871185184222,90.46166326152161,19.58040497265756,40.88168794987723,57.915978017263114,98.47314657363799,30228,86.72711058263971,154245,391079,38781,60251.953125,152765.234375,15148.828125,228166.015625,241.0078125,68030750741.0,207889.0,1990.0,15026.0,35277121344.0,39606298942.0,,72988746.0,9361082962.0,130353329.0,13780125.525,15471210.52421875,81206.640625,777.34375,5869.53125,55120502.1,61884842.096875,26574512008.203125,1.1227191288026201,,1.3925026573223527
udp,udp,4,131072,4,15.066283442021813,2704,0,44.86839787671514,179.47359150686057,4.4852937426185235,22.122621012385935,23.740836011711508,25.661184976343066,78.40705403863527,25196,50.42284984841232,404515,722988,0,149598.7426035503,267377.21893491125,0.0,416975.96153846156,598.3949704142012,68037754853.0,425756.0,947.0,13405.0,23414122170.0,13108112235.0,,79637403.0,5367680130.0,197126757.0,8659068.84985207,4847674.643121302,157454.1420118343,350.22189349112426,4957.470414201183,34636275.39940828,19390698.57248521,25161891587.647926,0.5598378679255008,,3.6724758596969527
stcp,udp,4,131072,8,15.098359437019099,2752,0,45.56786469880421,182.27145879521683,10.5394302518107,23.132672009523958,28.980739996768534,35.03804904175922,38.331999076733055,24288,64.52100332426714,310575,574252,20,112854.28779069766,208667.1511627907,7.267441860465116,321528.7063953488,451.4171511627907,68050282592.0,220820.0,4488.0,12089.0,26869933583.0,21733817785.0,,55761537.0,6135363406.0,170147824.0,9763784.005450582,7897462.857921512,80239.82558139536,1630.8139534883721,4392.80523255814,39055136.02180233,31589851.431686047,24727573616.27907,0.8088526798127441,,2.7732313921878875
tls,tls,4,131072,8,15.168081327981781,2560,0,42.193866591375695,168.77546636550278,94.65716677368619,20.49709000857547,38.035929028410465,50.11583399027586,96.12349567972672,30200,86.13063854715875,161747,416952,13310,63182.421875,162871.875,5199.21875,231253.515625,252.7296875,68028770390.0,219455.0,1600.0,10352.0,35365672671.0,39662303974.0,,72174868.0,9318128203.0,129902484.0,13814715.887109375,15493087.48984375,85724.609375,625.0,4043.75,55258863.5484375,61972349.959375,26573738433.59375,1.1214915758275186,,1.394083459360191
udp,udp,4,131072,8,15.088118402985856,2672,0,44.273247475828825,177.0929899033153,8.611147000920027,22.05274102743715,28.990057995542884,34.78092898149043,73.5628108393126,25552,49.491902191171796,397989,723394,0,148947.97904191617,270731.2874251497,0.0,419679.2664670659,595.7919161676647,68043174350.0,418090.0,1024.0,11103.0,22917068630.0,12815480500.0,,78534993.0,5253757979.0,194718070.0,8576747.241766468,4796212.761976048,156470.80838323353,383.2335329341317,4155.314371257485,34306988.96706587,19184851.047904193,25465259861.526943,0.559211158586996,,3.706262655765933
stcp,udp,8,131072,1,15.021648638008628,3067,0,51.04299923910653,204.1719969564261,13.60746638965793,34.96575600001961,62.79131001792848,68.81539197638631,36.90933088377044,28252,79.67154904571683,316904,559024,38,103327.02967068796,182270.62275839582,12.3899576133029,285610.0423866971,413.30811868275185,68032890073.0,163826.0,4332.0,53872.0,33115981803.0,26154613093.0,,74570196.0,7514675291.0,208597335.0,10797516.0753179,8527751.253015976,53415.71568307792,1412.4551679165306,17565.04727746984,43190064.3012716,34111005.012063906,22182226955.656994,0.7897882432895478,,2.775866247339096
tls,tls,8,131072,1,15.028524703986477,2880,0,47.90889419831158,191.63557679324632,165.1490249860217,36.49160102941096,72.25866394583136,86.03994303848594,106.19909348631138,36708,89.46515397082658,121579,330275,41366,42214.930555555555,114678.81944444444,14363.194444444443,171256.94444444444,168.85972222222222,68036563962.0,72563.0,2755.0,14447.0,36311085801.0,43240862844.0,,58778765.0,9930338215.0,131296658.0,12608015.903125,15014188.4875,25195.486111111113,956.5972222222223,5016.319444444444,50432063.6125,60056753.95,23623806931.25,1.1908446660333456,,1.3221771016990482
udp,udp,8,131072,1,15.033238611998968,2615,0,43.48697023129808,173.94788092519232,5.387799748859834,44.2649659817107,58.20857494836673,69.86954802414402,89.07785172325792,29928,46.359607470718586,350128,644852,0,133892.1606118547,246597.32313575526,0.0,380489.48374760995,535.5686424474187,68029946649.0,103747.0,322.0,15303.0,21230877404.0,12043498285.0,,77720316.0,4989649165.0,206913699.0,8118882.372466539,4605544.277246654,39673.80497131931,123.13575525812618,5852.007648183556,32475529.489866156,18422177.108986616,26015275965.200764,0.5672633332963878,,4.14685866997224
stcp,udp,8,131072,4,15.11840531200869,3044,0,50.33599670697614,201.34398682790456,12.83438613609178,34.68571504345164,63.03784198826179,67.67398299416527,35.89130525353706,27948,77.9293978048057,316023,554957,4,103818.33114323259,182311.76084099867,1.314060446780552,286131.40604467806,415.27332457293033,68036325129.0,143434.0,4971.0,11138.0,32038572831.0,24268568117.0,,75102278.0,6826392142.0,202098870.0,10525155.332128778,7972591.365637319,47120.23653088042,1633.048620236531,3659.001314060447,42100621.32851511,31890365.462549277,22350960949.08016,0.7574796869078428,,2.9605517203819613
tls,tls,8,131072,4,15.083592807990499,2804,0,46.47433863559661,185.89735454238644,173.22509988298407,37.8698889981024,70.98090701038018,86.56870201230049,104.07790239261602,36780,87.26263511539585,124750,333157,33210,44490.01426533524,118814.90727532098,11843.79457917261,175148.7161198288,177.96005706134093,68029750445.0,72834.0,3446.0,10511.0,35549679933.0,42128019738.0,,60151955.0,9660333020.0,127929468.0,12678202.543865906,15024258.109129814,25975.03566333809,1228.9586305278174,3748.5734664764623,50712810.175463624,60097032.43651926,24261679901.925823,1.1850463862796545,,1.3242759616583073
udp,udp,8,131072,4,15.102884722989984,2512,0,41.58146019906005,166.3258407962402,7.281538259121589,44.380498002283275,64.23237000126392,72.93215300887823,114.50131757727162,29976,46.01546473094524,349200,644464,0,139012.7388535032,256554.14012738856,0.0,395566.8789808917,556.0509554140127,68033314295.0,113175.0,368.0,13276.0,21171666894.0,11953650479.0,,78991309.0,4928836757.0,204076802.0,8428211.343152866,4758618.821257962,45053.74203821656,146.4968152866242,5285.031847133758,33712845.37261146,19034475.285031848,27083325754.378983,0.5646060151450634,,4.140465835273757
stcp,udp,8,131072,8,15.215931533020921,3488,0,57.30835460895873,229.23341843583492,15.541961620328948,32.802721951156855,51.16035498213023,63.899233005940914,44.33713430794211,27848,85.27814472332305,333022,570694,6,95476.49082568807,163616.3990825688,1.7201834862385321,259094.61009174312,381.9059633027523,68029923816.0,115493.0,5603.0,10936.0,34893766645.0,26781209818.0,,75889477.0,7411533359.0,207878592.0,10003946.85923165,7678099.1450688075,33111.5252293578,1606.3646788990825,3135.321100917431,40015787.4369266,30712396.58027523,19503991919.72477,0.7675069903018777,,2.8047987094002367
tls,tls,8,131072,8,15.216367790009826,2920,0,47.97465532341267,191.89862129365068,163.0988952529151,36.55931301182136,70.10807300684974,83.29085697187111,107.03369046253502,36700,89.45533769063181,120695,330722,50240,41333.904109589035,113260.95890410959,17205.479452054795,171800.3424657534,165.33561643835617,68042968426.0,70912.0,3603.0,10792.0,36498513056.0,43611772870.0,,58275667.0,9956091797.0,126612985.0,12499490.772602739,14935538.65410959,24284.931506849316,1233.9041095890411,3695.8904109589043,49997963.090410955,59742154.61643836,23302386447.260273,1.194891770058853,,1.2717137164017653
udp,udp,8,131072,8,15.26274628000101,2368,0,38.78725290583555,155.1490116233422,14.525690632581245,44.48267200496048,83.03370099747553,85.84234601585194,106.3330720583722,29804,44.92095789638441,337024,628911,0,142324.32432432432,265587.41554054053,0.0,407911.73986486485,569.2972972972973,68033221222.0,114531.0,322.0,10989.0,20567275995.0,11501549712.0,,79870760.0,4766724597.0,201303158.0,8685505.065456081,4857073.358108108,48366.13175675676,135.97972972972974,4640.625,34742020.261824325,19428293.43243243,28730245448.479733,0.5592159950980421,,4.223091850674418
stcp,udp,16,131072,1,15.062897623050958,2720,0,45.14403649397356,180.57614597589424,18.817367126757745,71.25009997980669,129.59705997491255,138.42828100314364,34.62149269354001,34396,73.59558933094918,303357,538025,6,111528.30882352941,197803.30882352943,2.2058823529411766,309333.8235294118,446.11323529411766,68035851834.0,157271.0,3800.0,13878.0,30233073197.0,22515155321.0,,74963604.0,6449171648.0,196861490.0,11115100.44007353,8277630.632720588,57820.22058823529,1397.0588235294117,5102.2058823529405,44460401.76029412,33110522.53088235,25013180821.32353,0.7447193731940608,,3.052508147477361
tls,tls,16,131072,1,15.067594280990306,2875,0,47.70170915119442,190.8068366047777,254.10373236081796,74.10958502441645,132.08791997749358,151.2209220090881,109.86307230799699,50036,88.28630217519107,113746,312855,55322,39563.82608695652,108819.13043478261,19242.434782608696,167625.3913043478,158.2553043478261,68037549537.0,68512.0,3359.0,13569.0,35918646839.0,42808280297.0,,55126520.0,9784656440.0,120269835.0,12493442.37878261,14889836.625043478,23830.260869565216,1168.3478260869565,4719.652173913043,49973769.51513044,59559346.50017391,23665234621.565216,1.191812166223348,,1.2291676845017565
udp,udp,16,131072,1,15.05730573902838,1663,0,27.611181389667898,110.44472555867159,17.593592743651243,162.84707799786702,169.18742703273892,171.0720780538395,89.76675664468637,39252,40.64644000609849,280989,537171,0,168965.12327119661,323013.22910402884,0.0,491978.35237522546,675.8604930847865,68039513701.0,123363.0,307.0,15008.0,17832235709.0,9921120393.0,,77244149.0,4083405615.0,182025290.0,10722931.875526158,5965796.989176188,74180.99819603127,184.60613349368612,9024.654239326519,42891727.50210463,23863187.95670475,40913718401.08238,0.5563587513590779,,4.4576832958094466
stcp,udp,16,131072,4,15.168315876973793,3008,0,49.57702661912328,198.30810647649312,17.419547380995937,68.8276530127041,127.79401801526546,132.22429296001792,41.09824090269221,34152,78.38359827663052,312789,549326,10,103985.70478723403,182621.6755319149,3.324468085106383,286610.704787234,415.94281914893617,68038857500.0,142128.0,4531.0,10982.0,32206464693.0,24198958319.0,,76124982.0,6840347525.0,200676726.0,10706936.400598405,8044866.46243351,47250.0,1506.3164893617022,3650.93085106383,42827745.60239362,32179465.84973404,22619301030.585106,0.751369594572719,,2.933721207388509
tls,tls,16,131072,4,15.199999818985816,2904,0,47.76315846354007,191.0526338541603,278.07651042894577,73.93355201929808,127.72995699197054,151.03019500384107,109.97568552020782,49868,88.62579895409645,114079,316432,46039,39283.40220385675,108964.18732782369,15853.650137741046,164101.23966942148,157.133608815427,68031413407.0,69763.0,3480.0,10960.0,36150772438.0,43210487921.0,,54854575.0,9847454509.0,120899132.0,12448613.098484848,14879644.600895317,24023.071625344353,1198.3471074380166,3774.1046831955923,49794452.39393939,59518578.40358127,23426795250.344353,1.1952853288296312,,1.2277196293672161
udp,udp,16,131072,4,15.340747056005057,1764,0,28.74697030007889,114.98788120031556,18.807940745318774,144.25178000237793,171.62588000064716,177.07596195396036,103.4609067084977,39184,40.940209949794614,302485,569085,0,171476.75736961453,322610.5442176871,0.0,494087.3015873016,685.9070294784581,68028893759.0,139244.0,313.0,10340.0,18694268951.0,10389551501.0,,77269190.0,4281485886.0,188546981.0,10597658.135487529,5889768.424603174,78936.50793650793,177.437641723356,5861.678004535147,42390632.541950114,23559073.698412698,38565132516.43991,0.5557613153117837,,4.403774437667269
stcp,udp,16,131072,8,15.287369459983893,3456,0,56.5172446614573,226.0689786458292,19.33837350588874,67.91046098805964,84.22745700227097,101.3755930471234,45.43060215938104,34244,85.99476439790575,328508,561424,50,95054.39814814815,162449.07407407407,14.467592592592593,257517.93981481483,380.21759259259255,68036867573.0,119073.0,6151.0,10383.0,35294603794.0,26762250112.0,,78516602.0,7425519123.0,207169381.0,10212558.968171297,7743706.62962963,34453.993055555555,1779.8032407407406,3004.340277777778,40850235.87268519,30974826.51851852,19686593626.44676,0.7582533088684089,,2.7899649515184475
tls,tls,16,131072,8,15.525473123008851,2776,0,44.70073114689739,178.80292458758956,266.71476530464133,79.40166600747034,137.48453400330618,162.33209503116086,110.22155566157457,49956,89.38116335572388,117722,314060,43498,42407.06051873199,113134.00576368877,15669.308357348702,171210.37463976943,169.62824207492795,68028304499.0,69428.0,4386.0,52115.0,36833435814.0,42672747526.0,,66606104.0,10005095391.0,128182397.0,13268528.751440922,15372027.206772335,25010.086455331413,1579.9711815561961,18773.414985590778,53074115.00576369,61488108.82708934,24505873378.602306,1.158532908564032,,1.2811711631985578
udp,udp,16,131072,8,15.381495465990156,2056,0,33.41677674557064,133.66710698228255,9.810401184950024,119.65046398108825,141.33197301998734,157.41476404946297,186.80869531531147,39028,29.184347006129187,368698,708093,0,179327.82101167314,344403.2101167315,0.0,523731.03112840466,717.3112840466927,68028842408.0,73688.0,214.0,10001.0,15355947973.0,8554142518.0,,47772244.0,3586633434.0,130329508.0,7468846.290369649,4160575.1546692606,35840.46692607004,104.08560311284046,4864.299610894942,29875385.161478598,16642300.618677042,33087958369.649803,0.5570572740309192,,3.6337560109857607
stcp,udp,1,262144,1,15.014075430983212,761,0,25.342885863940445,50.68577172788089,2.31926201377064,18.916864006314427,22.81814703019336,32.676965987775475,21.280944102668354,22452,52.60392520475969,322001,585658,0,423128.7779237845,769590.0131406045,0.0,1192718.791064389,846.257555847569,68029786851.0,304736.0,1162.0,15171.0,23064778608.0,17272087059.0,,58449729.0,5680643208.0,174365198.0,30308513.282522995,22696566.437582128,400441.5243101183,1526.9382391590013,19935.611038107752,60617026.56504599,45393132.875164255,89395252103.81078,0.7488511965603343,,3.0694622354462084
tls,tls,1,262144,1,15.004945688007865,458,0,15.261634714414168,30.523269428828335,41.50096798548475,32.10557502461597,35.45932599809021,36.39798500807956,37.62599423810084,26208,37.521982414068745,213451,473547,20643,466050.2183406114,1033945.4148471616,45072.05240174673,1545067.6855895198,932.1004366812226,68054710072.0,194253.0,395.0,14830.0,18261350413.0,17598413238.0,,40486034.0,4775093420.0,93177233.0,39871944.13318777,38424483.052401744,424133.18777292577,862.4454148471615,32379.91266375546,79743888.26637554,76848966.10480349,148591070026.20087,0.9636972534885446,,1.9513174885696791
udp,udp,1,262144,1,15.016087919007987,1134,0,37.75950187946542,75.51900375893084,0.10706600733101368,12.250479951035231,17.676613992080092,26.59485104959458,48.36169739528106,23052,27.74621212121212,299005,597422,0,263672.8395061728,526827.1604938271,0.0,790500.0,527.3456790123456,68030238815.0,59494.0,269.0,15886.0,14010721198.0,8252148729.0,,43561739.0,3430549810.0,124024501.0,12355133.331569664,7277027.097883598,52463.844797178135,237.21340388007056,14008.818342151677,24710266.66313933,14554054.195767196,59991392253.086426,0.5889881478890592,,3.6152951529364326
stcp,udp,1,262144,4,15.06102099904092,684,0,22.707623873692125,45.41524774738425,3.630946041084826,19.34027101378888,35.5086789932102,39.98636599862948,19.402256992975996,22468,51.090149992268444,320217,586891,0,468153.50877192983,858027.7777777778,0.0,1326181.2865497076,936.3070175438596,68047588184.0,309585.0,1151.0,15028.0,22322455956.0,16477492053.0,,57266338.0,5501155424.0,170476236.0,32635169.52631579,24089900.6622807,452609.64912280696,1682.7485380116957,21970.76023391813,65270339.05263158,48179801.3245614,99484778046.78362,0.7381576689177454,,3.098916915822082
tls,tls,1,262144,4,15.085938542033546,460,0,15.245985482385281,30.491970964770562,40.92739301268011,32.17541903723031,34.881371015217155,37.86701103672385,34.43810927324436,26104,38.764845605700714,232530,503086,1585,505500.0,1093665.2173913042,3445.6521739130435,1602610.8695652173,1011.0,68034813112.0,207315.0,358.0,10427.0,18651766162.0,17752927787.0,,43479147.0,4841673214.0,98145562.0,40547317.74347826,38593321.276086956,450684.7826086956,778.2608695652174,22667.391304347824,81094635.48695652,77186642.55217391,147901767634.7826,0.9518094765292929,,2.0271000883786616
udp,udp,1,262144,4,15.022497194993775,884,0,29.422538361151823,58.845076722303645,0.10168697917833924,17.640869016759098,22.691026038955897,27.224401012063026,39.63335737539119,23008,25.610491407898706,255047,522081,0,288514.70588235295,590589.3665158371,0.0,879104.07239819,577.029411764706,68029612926.0,59453.0,202.0,10477.0,11704353476.0,6569400409.0,,41681222.0,2709069258.0,105728418.0,13240218.864253394,7431448.426470588,67254.52488687783,228.50678733031674,11851.809954751132,26480437.72850679,14862896.852941176,76956575708.14479,0.561278367273398,,3.9027580298207347
stcp,udp,1,262144,8,15.055918555008247,720,0,23.910862607598823,47.821725215197645,4.204855998978019,19.74881795467809,29.92201200686395,34.50722002889961,16.083914051158825,22520,49.27247664267116,305624,562819,0,424477.77777777775,781693.0555555555,0.0,1206170.8333333333,848.9555555555556,68041297166.0,277437.0,1157.0,10909.0,21788631723.0,16183200336.0,,53012257.0,5277791119.0,162366310.0,30261988.504166666,22476667.133333333,385329.1666666667,1606.9444444444446,15151.388888888889,60523977.00833333,44953334.266666666,94501801619.44444,0.7427359616582565,,3.0764065181640623
tls,tls,1,262144,8,15.338257274997886,368,0,11.996147717506933,23.992295435013865,53.545912029221654,37.29105502134189,58.963254967238754,80.27629600837827,27.11535558071132,26052,32.948854150857485,217264,462834,766,590391.304347826,1257701.0869565217,2081.521739130435,1850173.9130434783,1180.7826086956522,68056563536.0,190995.0,271.0,8890.0,15896419373.0,14618306543.0,,38207297.0,4044214518.0,89386279.0,43196791.77445652,39723659.08423913,519008.152173913,736.4130434782609,24157.608695652176,86393583.54891305,79447318.16847827,184936313956.52173,0.9195974388942664,,2.2102259561692223
udp,udp,1,262144,8,15.022115294006653,896,0,29.822697485136317,59.64539497027263,0.11488900054246187,17.657234973739833,20.018514012917876,25.986919994466007,43.35613775110942,22780,26.493428912783752,246276,509263,0,274861.60714285716,568373.8839285715,0.0,843235.4910714286,549.7232142857142,68029090481.0,47832.0,246.0,14962.0,11555480700.0,6480717228.0,,42783073.0,2673944114.0,104288174.0,12896741.85267857,7232943.334821428,53383.92857142857,274.55357142857144,16698.660714285714,25793483.70535714,14465886.669642856,75925324197.54465,0.5608349316008983,,3.9001628139487736
stcp,udp,2,262144,1,15.022481779975351,1228,0,40.87207486704686,81.74414973409372,8.1154964864254,22.087454970460385,34.746536053717136,46.15811601979658,31.606095913719194,23948,72.21629855293222,326874,586071,0,266184.03908794787,477256.5146579805,0.0,743440.5537459283,532.3680781758958,68031431962.0,230321.0,3657.0,15020.0,30053115199.0,22916504430.0,,67467896.0,7027241341.0,209176649.0,24473220.846091203,18661648.558631923,187557.81758957656,2978.013029315961,12231.270358306188,48946441.69218241,37323297.117263846,55400188894.13681,0.7625334105385033,,2.9766538368274325
tls,tls,2,262144,1,15.024468631017953,875,0,29.119166257686018,58.238332515372036,55.81532698124647,32.81352197518572,38.24579203501344,57.01075098477304,66.62055241897653,28140,60.757127278392275,205667,477688,36255,235048.0,545929.1428571428,41434.28571428571,822411.4285714285,470.09600000000006,68038559980.0,170268.0,471.0,14586.0,26400267270.0,28716869057.0,,49784464.0,7026766907.0,109860962.0,30171734.022857144,32819278.922285713,194592.0,538.2857142857143,16669.714285714286,60343468.04571429,65638557.84457143,77758354262.85715,1.0877491793286682,,1.563463872560758
udp,udp,2,262144,1,15.009062901022844,1308,0,43.57367307424842,87.14734614849684,3.6045609740540385,21.705099032260478,30.883455008734018,37.37977996934205,64.18253466939308,25024,30.404984423676012,321781,642896,0,246009.9388379205,491510.7033639144,0.0,737520.6422018348,492.019877675841,68036157149.0,37070.0,267.0,15074.0,14825662626.0,8726220640.0,,44851913.0,3598957030.0,133002267.0,11334604.45412844,6671422.50764526,28340.97859327217,204.12844036697246,11524.46483180428,22669208.90825688,13342845.01529052,52015410664.373085,0.5885889123563819,,3.695578076963036
stcp,udp,2,262144,4,15.028751384990755,1184,0,39.39116329991536,78.78232659983072,5.564262508414686,23.22993503184989,36.353119008708745,46.971734962426126,27.38506942173714,24144,69.56324618407133,339279,593607,3,286553.20945945947,501357.26351351355,2.5337837837837838,787913.0067567568,573.106418918919,68028476130.0,239872.0,4091.0,14226.0,29196566517.0,22167535532.0,,67647969.0,6771493693.0,200288367.0,24659262.26097973,18722580.68581081,202594.59459459462,3455.2364864864867,12015.202702702703,49318524.52195946,37445161.37162162,57456483217.90541,0.7592514523614523,,2.9578166366314003
tls,tls,2,262144,4,15.090289361018222,872,0,28.892752787517175,57.78550557503435,74.19929796014912,32.80967002501711,39.87945802509785,58.16381797194481,68.8962799272557,28312,65.2786190187765,167339,394731,34030,191902.52293577982,452673.1651376147,39025.22935779816,683600.9174311927,383.8050458715596,68030751685.0,152919.0,685.0,56782.0,27656173318.0,30306434464.0,,59554959.0,7633358961.0,123784577.0,31715795.08944954,34755085.39449541,175365.82568807338,785.5504587155963,65116.97247706422,63431590.17889908,69510170.78899083,78016917069.95413,1.0958289173099403,,1.6216265687547822
udp,udp,2,262144,4,15.040936762990896,1288,0,42.81648212128646,85.63296424257292,0.15888799680396914,22.07322994945571,28.43413403024897,45.133523002732545,70.44471476052581,25320,48.78675879800739,366762,715384,0,284753.1055900621,555422.3602484472,0.0,840175.4658385094,569.5062111801242,68032379389.0,449455.0,1011.0,10913.0,22897405918.0,12788506906.0,,79718900.0,5258982954.0,199224633.0,17777489.066770185,9928964.989130436,348955.7453416149,784.9378881987577,8472.826086956522,35554978.13354037,19857929.97826087,52820170333.07453,0.5585133508921533,,3.7882730319266216
stcp,udp,2,262144,8,15.119592278031632,1176,0,38.88993758478186,77.77987516956372,8.618826483143494,25.28570400318131,31.214431975968182,41.40820703469217,29.7064095208838,24084,63.086232980332824,303647,562074,1,258203.23129251698,477954.081632653,0.8503401360544217,736158.163265306,516.406462585034,68041478519.0,275777.0,3973.0,10921.0,26508548170.0,20885876263.0,,58350428.0,6174474424.0,183799840.0,22541282.457482994,17760098.86309524,234504.2517006803,3378.401360544218,9286.56462585034,45082564.91496599,35520197.72619048,57858400101.19048,0.7878921217811832,,2.9767689908241493
tls,tls,2,262144,8,15.161322677973658,792,0,26.119093195958957,52.238186391917914,58.72530399938114,33.19197898963466,60.01767504494637,62.041177006904036,61.423447002611056,28052,65.37756037908896,198516,462152,18390,250651.51515151514,583525.2525252525,23219.696969696968,857396.4646464646,501.30303030303037,68030505794.0,420283.0,1875.0,12286.0,27793548082.0,28062331320.0,,63281356.0,7233948635.0,130906434.0,35092863.73989899,35432236.515151516,530660.3535353536,2367.4242424242425,15512.626262626261,70185727.47979797,70864473.03030303,85897103275.25252,1.0096707062087575,,1.8096124344405162
udp,udp,2,262144,8,15.088121704000514,1256,0,41.62214570641288,83.24429141282576,0.07773347897455096,22.134830011054873,35.52739002043381,48.33768599200994,65.15832913379359,25068,48.29053095950842,379266,707194,0,301963.37579617836,563052.5477707007,0.0,865015.923566879,603.9267515923567,68036294815.0,435576.0,1207.0,11685.0,22476406162.0,12547099080.0,,78274712.0,5133403977.0,192195793.0,17895227.835987262,9989728.56687898,346796.178343949,960.9872611464968,9303.343949044585,35790455.671974525,19979457.13375796,54169024534.23567,0.5582342207898388,,3.744022365298448
stcp,udp,4,262144,1,15.032892202027142,1497,0,49.79081802363134,99.58163604726268,20.25335025973618,38.2744439993985,58.40777198318392,67.62719596736133,36.28408909407646,27516,75.52572706935123,325876,573483,6,217686.038744155,383088.17635270546,4.008016032064129,600778.2231128925,435.37207748830997,68044755259.0,207709.0,3571.0,10910.0,31073420337.0,24748082338.0,,59537208.0,7146037525.0,192650406.0,20757127.813627254,16531785.128924515,138750.167000668,2385.437541750167,7287.909151636606,41514255.62725451,33063570.25784903,45454078329.32532,0.7964389523135874,,2.6959053227193905
tls,tls,4,262144,1,15.041838845005259,1243,0,41.31808659859251,82.63617319718502,106.08876099286135,42.08336002193391,82.40966097218916,102.7380550513044,92.87965483448254,32568,85.60739436619718,166269,412910,36825,133764.2799678198,332188.2542236525,29625.905068382945,495578.4392598552,267.5285599356396,68033864517.0,241730.0,1320.0,12858.0,35135610826.0,39012333017.0,,73892347.0,9285113049.0,134651963.0,28266782.64360418,31385625.91874497,194473.04907481896,1061.9469026548672,10344.328238133547,56533565.28720836,62771251.83748994,54733599772.32501,1.1103359839166724,,1.4501919609315033
udp,udp,4,262144,1,15.022872998029925,1351,0,44.96476806324489,89.92953612648978,10.191819004830904,43.95090596517548,47.0587580348365,49.509546952322125,89.77216942304297,29420,51.62209210318088,401147,729597,0,296925.9807549963,540042.1909696521,0.0,836968.1717246484,593.8519615099925,68031509907.0,446523.0,1156.0,10349.0,23690291126.0,13197501868.0,,82045292.0,5420501109.0,203272753.0,17535374.630643968,9768691.24204293,330512.95336787566,855.6624722427831,7660.251665433013,35070749.261287935,19537382.48408586,50356409997.77943,0.5570848326771213,,3.7500730820346746
stcp,udp,4,262144,4,15.032810616015922,1488,0,49.49174302823612,98.98348605647224,16.860110248671845,38.329199014697224,58.41217300621793,68.52919200900942,38.16441347227256,27232,74.39722724532851,320578,565646,12,215442.20430107525,380138.44086021505,8.064516129032258,595588.7096774193,430.8844086021506,68044418223.0,197151.0,3984.0,14505.0,30719714228.0,24507052603.0,,58831659.0,7060146462.0,191225616.0,20644969.23924731,16469793.415994624,132493.9516129032,2677.4193548387098,9747.983870967742,41289938.47849462,32939586.831989247,45728775687.5,0.7977630397571418,,2.7085219411415657
tls,tls,4,262144,4,15.130980535992421,1232,0,40.711175229834325,81.42235045966865,107.70306500489824,43.277709977701306,81.09308901475742,100.8059749729,91.10399664588469,32232,84.8071564745564,169693,422936,23498,137737.82467532466,343292.2077922078,19073.051948051947,500103.0844155844,275.47564935064935,68044573815.0,243446.0,1531.0,11640.0,34827412516.0,38720425766.0,,72413552.0,9159594806.0,133026067.0,28269003.665584415,31428917.01785714,197602.27272727274,1242.6948051948052,9448.051948051949,56538007.33116883,62857834.03571428,55230985239.44805,1.1117801458322958,,1.4523138830645779
udp,udp,4,262144,4,15.099456171970814,1328,0,43.97509370122787,87.95018740245574,4.8260442417813465,43.97290700580925,55.716941016726196,66.13658100832254,78.28923681333528,29456,49.21911973497397,398072,721121,0,299753.0120481928,543012.8012048193,0.0,842765.8132530121,599.5060240963855,68033025482.0,415518.0,1134.0,10499.0,22781265990.0,12683317899.0,,77825908.0,5207551316.0,194553107.0,17154567.763554215,9550691.189006025,312890.0602409638,853.9156626506024,7905.873493975903,34309135.52710843,19101382.37801205,51229687862.951805,0.5567433304438583,,3.7359806019048354
stcp,udp,4,262144,8,15.142389238986652,1512,0,49.92607098314113,99.85214196628226,12.357464773231186,37.68973599653691,59.46816800860688,71.32464501773939,35.237946375476234,27440,75.46690572239653,306118,571236,29,202458.99470899472,377801.58730158734,19.17989417989418,580279.7619047619,404.9179894179894,68030545500.0,195889.0,3856.0,10560.0,31219666041.0,24867870335.0,,58789357.0,7185239757.0,193050461.0,20647927.27579365,16447004.189814815,129556.21693121693,2550.26455026455,6984.126984126984,41295854.5515873,32894008.37962963,44993747023.809525,0.796545046392926,,2.6867643603948848
tls,tls,4,262144,8,15.290769284998532,1264,0,41.33212582182131,82.66425164364261,92.14327151130419,42.00367099838331,83.4988999995403,103.90307300258428,92.1693914630362,32768,85.20393404686143,165854,415706,48797,131213.6075949367,328881.32911392406,38605.22151898734,498700.1582278481,262.42721518987344,68028724240.0,230880.0,1293.0,9148.0,35269697809.0,39326631563.0,,71540457.0,9281463757.0,131747704.0,27903241.9375,31112841.42642405,182658.22784810126,1022.9430379746835,7237.341772151899,55806483.875,62225682.8528481,53820193227.8481,1.1150260423542604,,1.4194711895592655
udp,udp,4,262144,8,15.231528475007508,1312,0,43.0685601301531,86.1371202603062,5.9034279838670045,43.89077302766964,55.31116499332711,93.59440900152549,76.59108551805566,29556,49.03740804507748,403923,718774,0,307868.14024390245,547846.0365853659,0.0,855714.1768292683,615.736280487805,68029855778.0,419776.0,1064.0,10283.0,22558295391.0,12559333338.0,,78169502.0,5164972511.0,192234190.0,17193822.70655488,9572662.605182927,319951.2195121951,810.9756097560976,7837.65243902439,34387645.41310976,19145325.210365854,51852024221.03658,0.5567501054627891,,3.7218821511749183
stcp,udp,8,262144,1,15.049668546009343,1671,0,55.51617282770962,111.03234565541923,23.50664636469446,67.34217598568648,101.90841497387737,111.64850398199633,48.22200553994509,33644,79.66253546364044,342145,595899,21,204754.63794135247,356612.20825852785,12.567324955116696,561379.4135248354,409.50927588270497,68037762610.0,182622.0,3867.0,11576.0,32593260194.0,26066368611.0,,60811741.0,7310880913.0,194219032.0,19505242.485936563,15599263.082585279,109289.04847396768,2314.1831238779173,6927.588270496708,39010484.97187313,31198526.165170558,40716793901.85518,0.7997472009810938,,2.656574964237829
tls,tls,8,262144,1,15.070929273031652,1324,0,43.92562581954396,87.85125163908792,228.4121058837627,86.77199698286131,134.31328698061407,167.06673498265445,110.24138391870952,42040,89.00698893418753,162769,407154,32236,122937.31117824774,307518.1268882175,24347.432024169186,454802.87009063445,245.87462235649548,68037243092.0,203788.0,2026.0,11072.0,36487655896.0,40808917031.0,,70905578.0,9528538360.0,134060077.0,27558652.489425983,30822444.887462236,153918.42900302113,1530.2114803625377,8362.537764350453,55117304.97885197,61644889.77492447,51387645839.87915,1.1184307686774069,,1.4069322275363123
udp,udp,8,262144,1,15.065682081971318,842,0,27.944303995621876,55.88860799124375,35.14624237141106,147.97815697966143,170.53196398774162,172.93875198811293,91.15267350844756,38248,42.934947049924354,265048,521580,0,314783.84798099764,619453.6817102138,0.0,934237.5296912114,629.5676959619952,68031403204.0,99013.0,636.0,53860.0,18748528755.0,11324648747.0,,79295938.0,4546964116.0,183246630.0,22266661.22921615,13449701.59976247,117592.63657957246,755.3444180522565,63966.745843230405,44533322.4584323,26899403.19952494,80797390978.62233,0.6040286624613068,,4.030087445713196
stcp,udp,8,262144,4,15.164525695960037,1748,0,57.63450948108725,115.2690189621745,27.791431988589466,66.0906260018237,94.3277400219813,112.15352400904521,47.078340220703026,33228,87.46896451000438,334171,555006,21,191173.3409610984,317509.15331807785,12.013729977116705,508694.50800915336,382.3466819221968,68033254241.0,108584.0,3927.0,10867.0,35714608241.0,27235359434.0,,72773102.0,7638929566.0,210832716.0,20431698.078375287,15580869.241418764,62118.99313501144,2246.5675057208236,6216.819221967963,40863396.156750575,31161738.482837528,38920625995.99542,0.7625831774554953,,2.759977221656713
tls,tls,8,262144,4,15.188910900964402,1448,0,47.666353744561796,95.33270748912359,191.89038199692732,72.12250999873504,136.89656497444957,163.57804101426154,122.7215968382333,42136,89.40696488416144,136677,361110,43805,94390.19337016575,249385.3591160221,30252.07182320442,374027.6243093923,188.7803867403315,68045502611.0,68620.0,1755.0,10936.0,36437739863.0,43375443106.0,,57861533.0,9949734475.0,127219215.0,25164184.98825967,29955416.509668507,47389.502762430944,1212.0165745856355,7552.486187845304,50328369.97651934,59910833.01933701,46992750421.96133,1.1903988356326336,,1.2786191965188096
udp,udp,8,262144,4,15.224333213001955,832,0,27.324677815428117,54.649355630856235,16.033159241487738,165.19772197352722,172.1008020103909,174.2915029753931,89.35580172655442,38416,41.384454721766375,282019,551821,0,338965.1442307692,663246.3942307692,0.0,1002211.5384615384,677.9302884615385,68032868204.0,125304.0,295.0,10341.0,18148065923.0,9996433490.0,,77447187.0,4141069158.0,183986246.0,21812579.234375,12014944.098557692,150605.76923076925,354.56730769230774,12429.086538461539,43625158.46875,24029888.197115384,81770274283.65385,0.5508263818532306,,4.442964823337055
stcp,udp,8,262144,8,15.251016188994981,1744,0,57.176517891917825,114.35303578383565,26.783836758113466,66.40498095657676,94.57462799036875,112.1647689724341,54.20686659532548,33312,86.4186725018235,326854,553383,118,187416.28440366974,317306.7660550459,67.66055045871559,504790.7110091743,374.8325688073395,68029843166.0,110202.0,3973.0,10646.0,35291792167.0,27081681585.0,,72957566.0,7560894105.0,207660598.0,20236119.36181193,15528487.147362385,63189.220183486235,2278.0963302752293,6104.357798165138,40472238.72362386,31056974.29472477,39007937595.18349,0.7673648721733957,,2.7465084832053734
tls,tls,8,262144,8,15.292785230034497,1456,0,47.6041472530611,95.2082945061222,185.59456249204231,72.02668796526268,134.99968603719026,161.0632099909708,129.95671946643276,41988,88.40246878139803,141338,373284,29238,97072.8021978022,256376.37362637362,20081.043956043955,373530.2197802198,194.1456043956044,68035938425.0,67058.0,1892.0,10174.0,36378813128.0,43499203686.0,,56450768.0,9977620268.0,127833330.0,24985448.576923076,29875826.70741758,46056.318681318684,1299.4505494505495,6987.6373626373625,49970897.15384615,59751653.41483516,46727979687.5,1.1957290506687692,,1.2812005925900407
udp,udp,8,262144,8,15.731952610018197,1024,0,32.54522898028281,65.09045796056562,23.07514311542036,112.41996800526977,167.68468997906893,171.00325302453712,158.57615146967535,38240,42.35735735735736,335678,623507,0,327810.546875,608893.5546875,0.0,936704.1015625,655.62109375,68032728240.0,132845.0,268.0,8144.0,19663874322.0,10801768368.0,,76245411.0,4487449642.0,194302791.0,19203002.267578125,10548601.921875,129731.4453125,261.71875,7953.125,38406004.53515625,21097203.84375,66438211171.875,0.5493204539003257,,4.329915798529199
stcp,udp,16,262144,1,15.120458633988164,1648,0,54.495701482744124,108.99140296548825,25.469221065577585,136.9508330244571,192.52795301144943,245.74277398642153,55.28329664028988,46272,83.53622327790974,317042,541719,7,192379.85436893202,328712.9854368932,4.24757281553398,521097.0873786407,384.75970873786406,68031421705.0,113242.0,4141.0,14198.0,34110956694.0,25790178595.0,,72871861.0,7254511661.0,200315209.0,20698396.052184466,15649380.21541262,68714.80582524273,2512.742718446602,8615.291262135923,41396792.10436893,31298760.43082524,41281202490.89806,0.7560672902362895,,2.7612500794076538
tls,tls,16,262144,1,15.108284906018525,1435,0,47.49049971345041,94.98099942690082,314.18027180916397,150.07303899619728,242.93363199103624,285.3582359966822,133.9395776944795,59860,87.84554629223344,130053,353206,56917,90629.26829268293,246136.58536585368,39663.41463414634,376429.26829268294,181.25853658536585,68029890999.0,62636.0,2369.0,10960.0,35745438396.0,42752463283.0,,53627462.0,9722147867.0,118873160.0,24909713.167944252,29792657.340069685,43648.78048780488,1650.8710801393727,7637.630662020905,49819426.335888505,59585314.68013937,47407589546.34146,1.1960257084938732,,1.22270471120371
udp,udp,16,262144,1,15.137258810980711,752,0,24.83937182386325,49.6787436477265,33.97392355327611,329.95007501449436,335.373293957673,341.8334419839084,84.9765083666864,56192,38.8387484957882,257500,511448,0,342420.21276595746,680117.0212765958,0.0,1022537.2340425532,684.8404255319149,68041930481.0,112140.0,347.0,13755.0,16726473634.0,9281977819.0,,73555896.0,3817272954.0,171731211.0,22242651.10904255,12343055.61037234,149122.3404255319,461.43617021276594,18291.223404255317,44485302.2180851,24686111.22074468,90481290533.24467,0.5549273577983868,,4.4987930669209355
stcp,udp,16,262144,4,15.446391645004041,1720,0,55.67643367881049,111.35286735762098,28.198094623803627,134.88919899100438,176.65136099094525,212.16506499331445,48.92243556730056,46468,85.2936910804931,331956,561478,10,192997.67441860467,326440.6976744186,5.813953488372094,519444.18604651163,385.9953488372093,68031274961.0,110521.0,3991.0,10432.0,35005696218.0,26473516219.0,,72237146.0,7418712938.0,203803269.0,20352148.963953488,15391579.197093023,64256.39534883721,2320.3488372093025,6065.116279069767,40704297.927906975,30783158.394186046,39553066837.790695,0.75626309655819,,2.7471513010846196
tls,tls,16,262144,4,15.470673220988829,1460,0,47.18605257653688,94.37210515307376,331.9522201854852,151.6946770134382,232.4792820145376,263.21362901944667,133.21861761024707,60232,87.4141876430206,133299,359239,45591,91300.68493150684,246054.1095890411,31226.71232876712,368581.5068493151,182.6013698630137,68029846998.0,64833.0,2526.0,9206.0,36075480015.0,43324761804.0,,52005401.0,9828968777.0,118446227.0,24709232.8869863,29674494.38630137,44406.16438356164,1730.13698630137,6305.479452054795,49418465.7739726,59348988.77260274,46595785615.0685,1.200947618326514,,1.205072777086918
udp,udp,16,262144,4,15.858444944955409,896,0,28.249932547296158,56.499865094592316,24.11249987926567,252.81941099092364,336.3804040127434,345.1295190025121,137.97117608911634,55888,40.28026237328563,311115,587617,0,347226.5625,655822.5446428572,0.0,1003049.1071428572,694.453125,68031161870.0,141625.0,263.0,7879.0,18688205191.0,10307697287.0,,74369278.0,4259594478.0,186081452.0,20857371.86495536,11504126.43638393,158063.61607142858,293.5267857142857,8793.526785714286,41714743.72991072,23008252.87276786,75927636015.625,0.5515616498027351,,4.36852505469888
stcp,udp,16,262144,8,15.322021957021207,1672,0,54.56198942574345,109.1239788514869,22.198447692062473,136.0043510212563,187.3467360273935,238.07850200682878,54.91657056491943,46400,84.25655976676384,319764,545729,14,191246.41148325359,326392.9425837321,8.373205741626794,517647.7272727273,382.49282296650716,68028892389.0,118151.0,4468.0,10781.0,34689706872.0,26079571802.0,,73086217.0,7309138923.0,202945049.0,20747432.339712918,15597830.025119618,70664.47368421053,2672.248803827751,6447.966507177034,41494864.679425836,31195660.050239235,40687136596.29187,0.751795681013675,,2.7765931272886823
tls,tls,16,262144,8,15.669748004002031,1472,0,46.96948539389572,93.93897078779143,362.1943838807056,148.9539800095372,236.7932199849747,267.87418796448037,134.01187431116827,60236,87.49290981281905,133424,361154,57981,90641.3043478261,245349.1847826087,39389.266304347824,375379.7554347826,181.28260869565216,68036684129.0,63201.0,2470.0,8729.0,36174423642.0,43628133100.0,,51404079.0,9888161600.0,117558371.0,24575016.061141305,29638677.37771739,42935.461956521736,1677.9891304347827,5930.027173913044,49150032.12228261,59277354.75543478,46220573457.20109,1.2060491559386155,,1.1888799531755225
udp,udp,16,262144,8,16.9016846959712,896,0,26.506233435226036,53.01246687045207,27.595297873631353,292.20705397892743,336.9841810199432,343.6780169722624,93.70767639379343,56112,35.671803190051364,270867,557188,0,302306.91964285716,621861.6071428572,0.0,924168.5267857143,604.6138392857142,68048858851.0,55213.0,408.0,43471.0,15331102925.0,9036211837.0,,61468739.0,3627675544.0,141363303.0,17110605.94308036,10085057.853794644,61621.65178571428,455.35714285714283,48516.74107142857,34221211.88616072,20170115.707589287,75947387110.49107,0.5894038988065824,,3.8968011688313218
stcp,udp,1,1048576,1,15.065972136042546,175,0,23.231159386169967,11.615579693084984,3.0438079847954214,77.44990999344736,144.9939999729395,154.85044295201078,23.770586907116837,27568,51.9552215917804,278921,519466,0,1593834.2857142857,2968377.1428571427,0.0,4562211.428571429,796.9171428571428,68038742647.0,286603.0,1032.0,22738.0,22695629580.0,17334621254.0,,52119833.0,5826586701.0,167128231.0,129689311.88571429,99054978.59428571,1637731.4285714286,5897.142857142858,129931.42857142858,64844655.942857146,49527489.297142856,388792815125.7143,0.7637867543130742,,2.8683728497735435
tls,tls,1,1048576,1,15.032728875987232,94,0,12.506046077921672,6.253023038960836,40.67585803568363,127.93332297587767,203.08497798396274,213.1296420120634,34.30964559095252,29888,37.17948717948718,238561,502984,1090,2537882.978723404,5350893.617021277,11595.744680851063,7900372.340425531,1268.941489361702,68036048074.0,212816.0,411.0,11518.0,17006440351.0,15398206974.0,,43317186.0,4330982420.0,100400555.0,180919578.20212767,163810712.4893617,2264000.0,4372.340425531915,122531.91489361702,90459789.10106383,81905356.24468085,723787745468.0851,0.9054338624775505,,2.318193547412275
udp,udp,1,1048576,1,15.01937450398691,207,0,27.564396898825795,13.782198449412897,0.09826599853113294,73.2958409935236,76.44964900100604,77.78088701888919,50.066405881309485,29040,25.369167158889542,220393,466398,0,1064700.4830917874,2253130.434782609,0.0,3317830.9178743963,532.3502415458937,68040870315.0,37335.0,234.0,16044.0,10690580472.0,5979892845.0,,40406615.0,2441743098.0,94770229.0,51645316.28985507,28888371.23188406,180362.3188405797,1130.4347826086957,77507.2463768116,25822658.144927535,14444185.61594203,328699856594.20294,0.5593609122219421,,3.8812530719396756
stcp,udp,1,1048576,4,15.005585513019469,164,0,21.858527260759907,10.929263630379953,3.3029179903678596,77.12040195474401,150.47490899451077,153.73138297582045,24.502915909611463,25988,51.04841196423065,271430,507390,0,1655060.975609756,3093841.463414634,0.0,4748902.439024391,827.530487804878,68034702667.0,275955.0,940.0,21152.0,22279988520.0,17243587879.0,,49570721.0,5897784566.0,160859718.0,135853588.53658536,105143828.5304878,1682652.4390243902,5731.70731707317,128975.60975609756,67926794.26829268,52571914.2652439,414845747969.5122,0.7739495854551725,,2.7274600521581682
tls,tls,1,1048576,4,15.421203266014345,112,0,14.525455383475627,7.262727691737814,40.346349007450044,126.14888802636415,181.01077002938837,184.8328859778121,41.9232915128478,29996,34.9180081239657,182193,408329,19901,1626723.2142857143,3645794.642857143,177687.5,5450205.357142857,813.3616071428571,68033888795.0,153099.0,336.0,10301.0,16288173601.0,16240943623.0,,35814736.0,4274955123.0,82256932.0,145430121.4375,145008425.20535713,1366955.357142857,3000.0,91973.21428571429,72715060.71875,72504212.60267857,607445435669.6428,0.9971003515092017,,1.9241589591769852
udp,udp,1,1048576,4,15.041112049017102,276,0,36.699414125837315,18.349707062918657,0.0963109778240323,49.384885001927614,74.47210297686979,78.08742002816871,52.68451544124913,29128,27.17324290998767,278917,564337,0,1010568.8405797102,2044699.2753623188,0.0,3055268.1159420293,505.28442028985506,68038891093.0,43477.0,226.0,15006.0,13099086180.0,7685659117.0,,42311193.0,3177167015.0,117957507.0,47460457.17391305,27846591.003623188,157525.36231884058,818.8405797101449,54369.5652173913,23730228.586956523,13923295.501811594,246517721351.44925,0.5867324644931834,,3.7126630876847373
stcp,udp,1,1048576,8,15.174700880015735,176,0,23.19650336327651,11.598251681638255,2.740698982961476,79.47830302873626,143.96343001862988,157.1985689806752,25.889782151646116,27384,50.77876909118403,281935,527021,0,1601903.409090909,2994437.5,0.0,4596340.909090909,800.9517045454546,68028521036.0,299509.0,969.0,19588.0,22336673613.0,17035068919.0,,52155461.0,5675011741.0,168857034.0,126912918.25568181,96790164.3125,1701755.6818181819,5505.681818181819,111295.45454545456,63456459.12784091,48395082.15625,386525687704.5455,0.7626502143580388,,2.9754481877115118
tls,tls,1,1048576,8,15.356122385011986,120,0,15.628945509984138,7.814472754992069,41.1823449539952,125.50404801731929,130.0682940054685,132.37583899172023,44.46500118196779,29976,36.50030998140112,193818,424298,20121,1615150.0,3535816.666666667,167675.0,5318641.666666667,807.575,68028700354.0,160114.0,362.0,10883.0,17382372992.0,17398320123.0,,37169908.0,4578802630.0,85422545.0,144853108.26666668,144986001.025,1334283.3333333335,3016.666666666667,90691.66666666667,72426554.13333334,72493000.5125,566905836283.3334,1.000917431181999,,1.8656088043698882
udp,udp,1,1048576,8,15.288059167971369,312,0,40.81616856293218,20.40808428146609,0.10217697126790881,48.26044599758461,50.65305798780173,51.82345199864358,53.124277652031715,29488,28.308596165739026,309917,619298,0,993323.717948718,1984929.4871794872,0.0,2978253.2051282055,496.66185897435895,68026590425.0,44410.0,206.0,10347.0,14122235993.0,8320501218.0,,42111517.0,3449784964.0,123416633.0,45263576.900641024,26668273.134615384,142339.7435897436,660.2564102564103,33163.46153846154,22631788.450320512,13334136.567307692,218033943669.8718,0.5891773244778122,,3.5775166941680716
stcp,udp,2,1048576,1,15.066512919962406,316,0,41.947330703352755,20.973665351676377,5.752729513915256,87.88715401897207,136.38715498382226,159.70411599846557,35.87420014646287,31176,75.28494301139771,326153,573514,4,1032129.7468354431,1814917.7215189873,12.658227848101266,2847060.1265822784,516.0648734177215,68035993981.0,211224.0,2098.0,33600.0,31449988440.0,24391285253.0,,63544475.0,7523097973.0,216125878.0,99525279.87341772,77187611.56012659,668430.3797468354,6639.2405063291135,106329.11392405063,49762639.93670886,38593805.780063294,215303778420.88608,0.775557844783742,,2.8728308308048667
tls,tls,2,1048576,1,15.120516393042635,210,0,27.776829116315998,13.888414558157999,59.91428246488795,127.68008396960795,215.52372799487785,222.38329600077122,74.77807441287246,35688,57.81990521327014,202092,466832,35806,962342.8571428572,2223009.523809524,170504.7619047619,3355857.1428571427,481.17142857142863,68033662760.0,156976.0,430.0,13442.0,24963572718.0,27404296370.0,,43633194.0,6719096815.0,106827142.0,118874155.8,130496649.38095239,747504.7619047619,2047.6190476190477,64009.52380952381,59437077.9,65248324.690476194,323969822666.6667,1.0977714079459513,,1.5899033001208513
udp,udp,2,1048576,1,15.050218480988406,214,0,28.43812536945255,14.219062684726275,1.4554155059158802,137.91981601389125,147.38124003633857,150.3052719635889,61.208971893908405,36728,26.34440199823685,228677,488594,0,1068584.1121495327,2283149.5327102803,0.0,3351733.644859813,534.2920560747663,68033630481.0,29175.0,254.0,14199.0,10800934641.0,5898871924.0,,41091998.0,2407089291.0,95874694.0,50471657.20093458,27564822.074766356,136331.77570093458,1186.9158878504672,66350.46728971963,25235828.60046729,13782411.037383178,317914161126.1682,0.546144581007654,,3.9830136072837523
stcp,udp,2,1048576,4,15.098825140972622,320,0,42.38740392212881,21.193701961064406,7.223055959912017,89.78452498558909,125.5852070171386,159.49976397678256,29.059777559072774,33196,74.85636528575749,323312,577817,1,1010350.0,1805678.125,3.125,2816031.25,505.175,68034089797.0,214543.0,2267.0,34473.0,30942223357.0,23994676472.0,,63686702.0,7402947191.0,212966289.0,96694447.990625,74983363.975,670446.875,7084.375,107728.125,48347223.9953125,37491681.9875,212606530615.625,0.7754671083314939,,2.8767770930327576
tls,tls,2,1048576,4,15.253836031013634,232,0,30.418577927323287,15.209288963661644,60.61974648036994,127.54368799505755,132.9038409749046,148.58830301091075,65.83240425282519,35824,62.43478260869565,223854,502355,37338,964887.9310344829,2165323.2758620693,160939.6551724138,3291150.862068966,482.4439655172414,68027931722.0,170206.0,356.0,11813.0,27461443632.0,30202401565.0,,45410846.0,7399367358.0,113088829.0,118368291.51724137,130182765.3663793,733646.5517241379,1534.4827586206895,50918.10344827586,59184145.75862069,65091382.68318965,293223843629.3103,1.0998111377439037,,1.528358081555869
udp,udp,2,1048576,4,15.117821003019344,224,0,29.633900276403924,14.816950138201962,5.2362204878591,131.7241580109112,138.9308359939605,149.67803203035146,44.04481967784997,37056,26.460280373831775,217424,456662,0,970642.8571428572,2038669.642857143,0.0,3009312.5,485.32142857142856,68051751796.0,23457.0,249.0,15299.0,10728238124.0,5993744228.0,,39880455.0,2454519571.0,97005959.0,47893920.196428575,26757786.73214286,104718.75,1111.607142857143,68299.10714285714,23946960.098214287,13378893.36607143,303802463375.0,0.5586885897500237,,3.95213630178873
stcp,udp,2,1048576,8,15.40154012205312,304,0,39.47657151049579,19.738285755247894,6.806279998272657,90.55941202677786,125.76462997822091,169.57083099987358,28.528056059203283,32196,65.74399531341535,302826,543221,0,996138.1578947367,1786911.1842105263,0.0,2783049.342105263,498.0690789473684,68027568352.0,226890.0,2666.0,31636.0,27705919624.0,22180896078.0,,56330896.0,6599923296.0,185346489.0,91137893.5,72963473.94078948,746348.6842105263,8769.736842105263,104065.78947368421,45568946.75,36481736.97039474,223774895894.73685,0.8005832825265977,,2.8083127740640945
tls,tls,2,1048576,8,16.18702760298038,224,0,27.67648335371428,13.83824167685714,65.14512750436552,129.4503479730338,225.27555900160223,231.1817990266718,65.79157249376138,35852,65.39433062026382,201293,473661,36181,898629.4642857143,2114558.035714286,161522.32142857142,3174709.8214285714,449.3147321428571,68043771833.0,363466.0,819.0,2953.0,28297888573.0,29861639505.0,,57544501.0,7387116588.0,121846361.0,126329859.70089285,133310890.64732143,1622616.0714285714,3656.25,13183.035714285714,63164929.850446425,66655445.32366072,303766838540.1786,1.0552603395820856,,1.6494441308525347
udp,udp,2,1048576,8,15.54638180899201,272,0,34.99206482149763,17.496032410748814,0.20459896768443286,89.98057100689039,184.64272195706144,187.3423540382646,57.496323645093575,36820,45.06463878326996,370488,682981,0,1362088.2352941176,2510959.558823529,0.0,3873047.7941176468,681.0441176470588,68049018889.0,446142.0,909.0,8594.0,20866314709.0,11463963077.0,,74545435.0,4712552193.0,178159716.0,76714392.3125,42146923.07720588,1640227.9411764704,3341.911764705882,31595.588235294115,38357196.15625,21073461.53860294,250180216503.67645,0.5494004685003335,,3.780535656764449
stcp,udp,4,1048576,1,15.109405708964914,388,0,51.358737394917746,25.679368697458873,8.682138519361615,143.0506880278699,221.565890009515,248.82425501709804,42.09336305150882,41700,78.56929063154745,340031,581973,11,876368.5567010309,1499930.4123711342,28.350515463917528,2376327.319587629,438.18427835051546,68030673926.0,197639.0,2599.0,28559.0,32343709568.0,25789185733.0,,58471049.0,7470098376.0,199205330.0,83360076.20618556,66466973.538659796,509378.86597938143,6698.453608247422,73605.67010309278,41680038.10309278,33233486.769329898,175336788469.07217,0.7973478020132585,,2.6667028996566993
tls,tls,4,1048576,1,15.136773205013014,315,0,41.62049542972315,20.810247714861575,116.1405329767149,166.46249499171972,338.81705097155645,370.5379759776406,97.39245478764062,48152,88.25596719871139,178940,431747,50810,568063.4920634921,1370625.3968253967,161301.58730158728,2099990.476190476,284.031746031746,68038095703.0,255329.0,908.0,12855.0,36107283101.0,39779663521.0,,75006775.0,9443407427.0,142771924.0,114626295.55873016,126284646.09841269,810568.253968254,2882.5396825396824,40809.52380952381,57313147.77936508,63142323.049206346,215993954612.69843,1.1017074702000575,,1.511868730685022
udp,udp,4,1048576,1,15.265692736022174,224,0,29.34685033603897,14.673425168019484,5.648963488056324,189.08474902855232,372.80299101257697,378.99620801908895,54.78889916514464,52028,42.5,339007,634995,0,1513424.1071428573,2834799.1071428573,0.0,4348223.214285715,756.7120535714286,68028244963.0,457242.0,960.0,10797.0,19686192117.0,10778403141.0,,74208837.0,4394423652.0,165144320.0,87884786.23660715,48117871.165178575,2041258.9285714286,4285.714285714285,48200.892857142855,43942393.118303575,24058935.582589287,303697522156.25,0.5475108175792065,,3.758042762327641
stcp,udp,4,1048576,4,15.28216295997845,312,0,40.831916374282656,20.415958187141328,17.663354257820174,204.78583598742262,228.57897402718663,263.8712170301005,37.68963212265158,42884,60.14224329530301,290166,554442,0,930019.2307692309,1777057.6923076925,0.0,2707076.923076923,465.00961538461536,68052793314.0,258072.0,2686.0,16075.0,25215691697.0,20176990802.0,,50411694.0,5800531725.0,162054560.0,80819524.66987179,64669842.31410257,827153.8461538461,8608.97435897436,51522.4358974359,40409762.334935896,32334921.157051284,218117927288.46155,0.800175979483463,,2.7937880125981036
tls,tls,4,1048576,4,15.739956589997746,320,0,40.66084911610875,20.330424558054375,99.04783425736241,165.09410401340574,325.8517840295099,378.1352830119431,90.68676853321642,47868,86.10373269956662,182314,446257,39216,569731.25,1394553.125,122550.0,2086834.375,284.865625,68053995999.0,243872.0,904.0,10709.0,35776661113.0,39906340278.0,,70790745.0,9410321823.0,139747774.0,111802065.978125,124707313.36875,762100.0,2825.0,33465.625,55901032.9890625,62353656.684375,212668737496.875,1.1154294178530657,,1.4850477659376007
udp,udp,4,1048576,4,15.383494272944517,272,0,35.36257695085255,17.681288475426275,9.888956003123894,178.51160204736516,376.06680602766573,382.28984602028504,61.99792342870916,51788,45.67307692307692,366887,670268,0,1348849.2647058822,2464220.588235294,0.0,3813069.8529411764,674.4246323529412,68043304333.0,440224.0,1040.0,10292.0,21028409518.0,11583251780.0,,76184310.0,4740293714.0,179451093.0,77310329.11029412,42585484.48529412,1618470.588235294,3823.5294117647054,37838.23529411764,38655164.55514706,21292742.24264706,250159207106.6176,0.5508382253106167,,3.785653460037899
stcp,udp,4,1048576,8,15.451324992987793,320,0,41.420396004255196,20.710198002127598,14.460902253631502,204.3297110358253,229.05857797013596,248.0415590107441,34.865184716811136,43848,60.36966962596419,300486,563255,1,939018.75,1760171.875,3.125,2699193.75,469.50937500000003,68041181315.0,243864.0,2503.0,15564.0,25401165424.0,20387581145.0,,49474184.0,5831999595.0,163084409.0,79378641.95,63711191.078125,762075.0,7821.875,48637.5,39689320.975,31855595.5390625,212628691609.375,0.8026238483426839,,2.796372090625977
tls,tls,4,1048576,8,15.977838034974411,328,0,41.0568688056582,20.5284344028291,90.63091900316067,165.3962410055101,344.5805530063808,388.9436019817367,104.71802232176523,48144,86.9972067039106,193273,453642,39304,589246.9512195121,1383054.8780487806,119829.26829268293,2092131.0975609757,294.6234756097561,68051734463.0,233420.0,741.0,9061.0,36377665395.0,40570381600.0,,71837103.0,9541614069.0,137354162.0,110907516.44817074,123690187.80487806,711646.3414634146,2259.1463414634145,27625.0,55453758.22408537,61845093.90243903,207474800192.07315,1.1152552303583583,,1.439527537025979
udp,udp,4,1048576,8,16.22006738296477,352,0,43.403025608844295,21.701512804422148,10.327609983505681,176.0075279744342,186.88965897308663,210.8519520261325,86.77679116661761,52108,48.79807692307692,405357,755149,0,1151582.3863636362,2145309.659090909,0.0,3296892.0454545454,575.7911931818182,68031214813.0,421218.0,827.0,1754.0,22914319720.0,12672922430.0,,76319622.0,5235146080.0,195905817.0,65097499.20454545,36002620.53977273,1196642.0454545454,2349.4318181818185,4982.954545454546,32548749.602272727,18001310.269886363,193270496627.8409,0.5530568912739252,,3.7421270391751893
stcp,udp,8,1048576,1,15.196549950982444,322,0,42.3780398891372,21.1890199445686,20.695063867606223,373.53341100970283,455.9812209918164,480.39475904079154,60.62215456610544,66588,61.288398449150016,295772,551616,0,918546.5838509317,1713093.1677018635,0.0,2631639.751552795,459.2732919254658,68029959834.0,273356.0,2732.0,16162.0,25665649111.0,20372684094.0,,52285494.0,5773825275.0,165005423.0,79706984.81677018,63269205.26086956,848931.6770186335,8484.47204968944,50192.54658385093,39853492.40838509,31634602.63043478,211273167186.3354,0.7937724078549996,,2.8578180866410094
tls,tls,8,1048576,1,15.19423669402022,319,0,41.98960519359874,20.99480259679937,181.0557165154023,352.3885740432888,466.43949300050735,540.0721880141646,146.5753722841825,72800,86.49282156460592,167766,411504,51053,525912.2257053291,1289981.1912225706,160040.75235109718,1975934.1692789968,262.95611285266455,68034742998.0,213163.0,1579.0,15104.0,35381760246.0,39532891853.0,,67864507.0,9269628535.0,130163293.0,110914608.9216301,123927560.6677116,668222.5705329153,4949.843260188088,47347.96238244514,55457304.46081505,61963780.3338558,213275056420.06268,1.117324055619005,,1.4041910364426484
udp,udp,8,1048576,1,15.54360509099206,168,0,21.616606831752378,10.808303415876189,36.28242300328566,732.7307210071012,774.7710719704628,792.4105940037407,73.73627889351178,81676,39.68277945619335,314160,608571,0,1870000.0,3622446.4285714286,0.0,5492446.428571429,935.0,68048865391.0,483785.0,866.0,9732.0,18321077868.0,9825242717.0,,72495356.0,4001183636.0,153898722.0,109054034.92857143,58483587.60119048,2879672.619047619,5154.761904761905,57928.57142857143,54527017.46428572,29241793.80059524,405052770184.5238,0.5362808229837277,,3.8463298863696544
stcp,udp,8,1048576,4,15.881564358016476,380,0,47.85422788759331,23.927113943796655,35.20852299698163,274.0821280167438,499.2486910196021,612.1326370048337,46.20156953427742,65732,79.53166878262095,306792,540223,4,807347.3684210527,1421639.4736842106,10.526315789473685,2228997.3684210526,403.6736842105263,68057622369.0,145120.0,2932.0,55188.0,33418938132.0,25716722448.0,,75821689.0,7451460724.0,210795845.0,87944574.03157894,67675585.38947369,381894.7368421053,7715.789473684211,145231.57894736843,43972287.01578947,33837792.694736846,179099006234.2105,0.7695254213770242,,2.8289197622831086
tls,tls,8,1048576,4,15.722379109007306,352,0,44.77693834495317,22.388469172476587,209.6173415047815,294.22866296954453,489.40202803350985,585.5440510204062,128.36741093742964,72848,85.20236087689713,149764,383635,56986,425465.90909090906,1089872.1590909092,161892.04545454544,1677230.1136363635,212.73295454545456,68035335776.0,65482.0,896.0,12525.0,35386384750.0,42229758807.0,,54960729.0,9710086191.0,127386265.0,100529502.13068181,119970905.70170455,186028.4090909091,2545.4545454545455,35582.38636363637,50264751.06534091,59985452.85085227,193282203909.0909,1.193390031373578,,1.311896336389585
udp,udp,8,1048576,4,16.00533668702701,192,0,23.99199763859063,11.995998819295314,26.157213498663623,667.3788089537993,695.3856680192985,701.681548031047,74.84466733967297,81504,39.369407754580315,279017,540330,0,1453213.5416666665,2814218.75,0.0,4267432.291666666,726.6067708333333,68038116278.0,120600.0,228.0,5270.0,16900751283.0,9296931909.0,,73758115.0,3849951807.0,174345451.0,88024746.265625,48421520.359375,628125.0,1187.5,27447.916666666668,44012373.1328125,24210760.1796875,354365188947.9167,0.5500898601088537,,4.528509959085833
stcp,udp,8,1048576,8,16.137337297026534,400,0,49.57447348810191,24.787236744050954,35.61381162580801,267.4850979819894,494.2772220238112,532.4421630357392,50.27673928272517,68420,78.84211998321913,336455,584511,2,841137.5,1461277.5,5.0,2302420.0,420.56875,68040157241.0,155978.0,2824.0,8315.0,33001723616.0,24977768361.0,,72124149.0,7063012709.0,206867848.0,82504309.04,62444420.9025,389945.0,7060.0,20787.5,41252154.52,31222210.45125,170100393102.5,0.7568625400186735,,2.9288896469972356
tls,tls,8,1048576,8,16.589111419045366,376,0,45.330939132559905,22.665469566279953,191.95026575471275,301.75362003501505,485.7168209855445,554.7187849879265,115.34913785696403,72568,86.50537634408603,165499,415091,45283,440156.91489361704,1103965.425531915,120433.51063829787,1664555.8510638298,220.0784574468085,68032431389.0,64761.0,849.0,4279.0,36840595478.0,44416613270.0,,53598107.0,10112140462.0,127925736.0,97980307.12234043,118129290.61170213,172236.70212765958,2257.978723404255,11380.31914893617,48990153.56117021,59064645.305851065,180937317523.93616,1.2056431958740772,,1.2650707976291162
udp,udp,8,1048576,8,16.195822781010065,192,0,23.709817351808017,11.854908675904008,3.270041481300723,658.6253209970891,674.0374770015478,677.6210149982944,79.87307082149506,81664,37.68500418877409,267342,529537,0,1392406.25,2758005.208333333,0.0,4150411.458333333,696.203125,68038204981.0,107742.0,143.0,1820.0,16001966703.0,8707979342.0,,70542855.0,3602837166.0,164583201.0,83343576.578125,45354059.072916664,561156.25,744.7916666666666,9479.166666666666,41671788.2890625,22677029.536458332,354365650942.7083,0.5441818186240479,,4.568155412439197
stcp,udp,16,1048576,1,15.406102693988942,340,0,44.13835306091515,22.069176530457575,46.57404337558546,557.5352790183388,986.6962259984575,1057.021122018341,60.27904126345599,110536,72.09844182321247,299962,516434,3,882241.1764705883,1518923.5294117648,8.823529411764707,2401173.529411765,441.1205882352941,68029479037.0,158355.0,2797.0,20888.0,30013916842.0,22213629092.0,,70668657.0,6352152468.0,192687892.0,88276226.00588235,65334203.21176471,465749.99999999994,8226.470588235294,61435.294117647056,44138113.00294118,32667101.605882354,200086703050.0,0.74011096948584,,3.0334267474009255
tls,tls,16,1048576,1,15.417193804983981,333,0,43.19852292345831,21.599261461729157,408.1733491329942,601.7194090527482,841.9099730090238,969.3705750396475,137.27273113190256,121556,81.36298421807747,142907,368895,41740,429150.1501501501,1107792.7927927927,125345.34534534534,1662288.2882882883,214.57507507507506,68028690240.0,63705.0,1327.0,17478.0,33642122186.0,40086925277.0,,52145626.0,9219346403.0,119997240.0,101027393.95195195,120381156.987988,191306.3063063063,3984.9849849849847,52486.48648648649,50513696.975975975,60190578.493994,204290361081.08105,1.1915694573418432,,1.3015807710723677
udp,udp,16,1048576,1,15.908365891024005,208,0,26.149763140331096,13.074881570165548,50.79802661930444,953.2192390179262,1337.5008819857612,1344.8532529873773,138.59485097988767,142600,38.344971029564704,293260,559789,0,1409903.846153846,2691293.269230769,0.0,4101197.115384615,704.9519230769231,68035541370.0,131285.0,289.0,7851.0,17579819091.0,9762512467.0,,72131785.0,4058319626.0,175153723.0,84518361.01442307,46935156.09134615,631177.8846153846,1389.423076923077,37745.19230769231,42259180.507211536,23467578.045673076,327093948894.2308,0.5553249675929786,,4.315917402805375
stcp,udp,16,1048576,4,15.805930186004844,384,0,48.5893579790714,24.2946789895357,48.95110487632337,533.461051993072,767.3498700023629,908.910961006768,61.913015462163834,113192,76.76738882554162,319587,547308,8,832257.8125,1425281.25,20.833333333333332,2257559.895833333,416.12890625,68034990018.0,144033.0,3194.0,20101.0,32076327529.0,24206105702.0,,70191631.0,6849574093.0,200359461.0,83532102.94010417,63036733.598958336,375085.9375,8317.708333333334,52346.354166666664,41766051.470052086,31518366.799479168,177174453171.875,0.754640807309235,,2.9251375089840934
tls,tls,16,1048576,4,16.1445080320118,340,0,42.119586341787326,21.059793170893663,424.16146487448714,599.8313529998995,838.1548729958013,969.6517399861477,120.89365598071966,121556,81.27252564457999,152844,387232,41127,449541.17647058825,1138917.6470588236,120961.76470588236,1709420.5882352942,224.77058823529413,68038858834.0,67230.0,1306.0,14588.0,34071800421.0,40719638048.0,,49702465.0,9321349334.0,119397275.0,100211177.70882353,119763641.31764705,197735.29411764705,3841.176470588235,42905.882352941175,50105588.854411766,59881820.65882353,200114290688.2353,1.1951126017661995,,1.2809011948999014
udp,udp,16,1048576,4,18.266072759986855,192,0,21.022581320336116,10.511290660168058,43.457393687276635,1327.139976026956,1352.5508319726214,1380.7830850128084,69.14641240052242,142416,36.59478997881092,281774,565641,0,1467572.9166666665,2946046.875,0.0,4413619.791666666,733.7864583333333,68041055518.0,106861.0,155.0,342.0,15161520010.0,8215844516.0,,68334522.0,3422927762.0,157406246.0,78966250.05208333,42790856.854166664,556567.7083333334,807.2916666666666,1781.25,39483125.026041664,21395428.427083332,354380497489.5833,0.5418879182681632,,4.598585098624118
stcp,udp,16,1048576,8,17.287330503051635,384,0,44.42559826483501,22.212799132417505,56.05973600177094,544.1593939904124,1027.132151008118,1045.0278510106727,57.29158702815145,112432,73.18037974683544,338923,588912,3,882611.9791666666,1533625.0,7.8125,2416244.7916666665,441.3059895833333,68056349037.0,171687.0,3338.0,26163.0,30904237153.0,23037145716.0,,71294840.0,6572015586.0,198846632.0,80479784.25260417,59992566.96875,447101.5625,8692.708333333334,68132.8125,40239892.126302086,29996283.484375,177230075617.1875,0.7454364785627362,,3.025656731910252
tls,tls,16,1048576,8,17.83821783703752,384,0,43.05362828372913,21.526814141864566,594.453151748894,603.9399959845468,874.8947650310583,1021.3584229932167,134.30408361903227,121572,82.98439284354777,164840,422815,55179,429270.8333333333,1101080.7291666665,143695.3125,1674046.875,214.63541666666666,68069010036.0,64300.0,1700.0,22672.0,34770742721.0,41669487487.0,,48794944.0,9481225957.0,117767540.0,90548809.16927083,108514290.33072917,167447.91666666666,4427.083333333333,59041.666666666664,45274404.584635414,54257145.165364586,177263046968.75,1.1984065977927316,,1.2421129981935732
udp,udp,16,1048576,8,21.46675892797066,256,0,23.850829168854016,11.925414584427008,44.40705949673429,1187.9510440048762,1351.610794023145,1359.909647027962,91.09383985544484,142552,37.63885863646264,348499,705729,0,1361324.21875,2756753.90625,0.0,4118078.125,680.6621093750001,68041376242.0,92104.0,491.0,43662.0,16033591616.0,9372212451.0,,68185581.0,3765567521.0,149475176.0,62631217.25,36610204.88671875,359781.25,1917.96875,170554.6875,31315608.625000004,18305102.44335938,265786625945.3125,0.5845360587609967,,3.969525846141374
