{
  "mode": "tls",
  "clients": 1,
  "payload_bytes": 1024,
  "pipeline": 1,
  "elapsed_s": 2.0045427799923345,
  "operations": 3131,
  "errors": 0,
  "tx_mib_s": 1.5253439427776605,
  "rx_mib_s": 1.5253439427776605,
  "combined_mib_s": 3.050687885555321,
  "operations_s": 1561.9521974043244,
  "connect_mean_ms": 41.10105799918529,
  "rtt_p50_ms": 0.6145290099084377,
  "rtt_p95_ms": 0.784171003033407,
  "rtt_p99_ms": 0.8770600106799975,
  "client_cpu_percent": 35.99953102536228,
  "max_rss_kib": 24548,
  "error_details": []
}
