mode,transport,clients,payload_bytes,pipeline,elapsed_s,operations,errors,combined_mib_s,operations_s,connect_mean_ms,rtt_p50_ms,rtt_p95_ms,rtt_p99_ms,client_cpu_percent,max_rss_kib,server_cpu_busy_percent,server_network_irq,server_net_rx_softirq,server_net_tx_softirq,server_network_irq_per_1k_ops,server_net_rx_softirq_per_1k_ops,server_net_tx_softirq_per_1k_ops,server_kernel_network_events_per_1k_ops,server_network_irq_per_mib,server_perf_task_clock_ms,server_perf_context_switches,server_perf_cpu_migrations,server_perf_page_faults,server_perf_cycles,server_perf_instructions,server_perf_branches,server_perf_branch_misses,server_perf_cache_references,server_perf_cache_misses,server_perf_cycles_per_op,server_perf_instructions_per_op,server_perf_context_switches_per_1k_ops,server_perf_cpu_migrations_per_1k_ops,server_perf_page_faults_per_1k_ops,server_perf_cycles_per_mib,server_perf_instructions_per_mib,server_perf_task_clock_ms_per_1k_ops,server_perf_ipc,server_perf_branch_miss_percent,server_perf_cache_miss_percent
stcp,udp,1,64,1,15.000889979011845,36521,0,0.2971910259357939,2434.5888844660235,2.905444009229541,0.30359800439327955,0.5226180073805153,0.9528369992040098,26.093958461642213,20968,43.58697329834851,356150,661058,0,9751.923550833768,18100.763944032202,0.0,27852.687494865968,79887.75772843021,68044390667.0,384095.0,845.0,10904.0,19922040873.0,11054397597.0,,73886574.0,4514272802.0,169962083.0,545495.4922647245,302686.0599928808,10517.09975082829,23.137373018263464,298.5679472084554,4468699072.632623,2479604203.4616795,1863157927.411626,0.5548827887398743,,3.764993620339031
tls,tls,1,64,1,15.00448361900635,40101,0,0.32624525614208866,2672.6011383159903,55.9924750123173,0.3207089612260461,0.6296839565038681,1.0882579954341054,32.951217286392826,25000,41.973192019950126,313501,618341,8,7817.785092641081,15419.590533901897,0.19949627191341862,23237.57512281489,64043.29547891574,68042082387.0,97905.0,320.0,13054.0,19385347752.0,11032657535.0,,72600160.0,4545781501.0,186560965.0,483413.0757836463,275121.7559412483,2441.4603127104065,7.979850876536745,325.52804169472086,3960119916.8196306,2253797424.6707063,1696767721.179023,0.5691235295926922,,4.104046025066527
udp,udp,1,64,1,15.000935075979214,16019,0,0.13035482961783665,1067.8667642293178,0.17551000928506255,0.6624390371143818,2.3114480427466333,2.6184680173173547,16.84794972579416,21288,29.900383141762454,316318,635648,4,19746.42611898371,39680.87895623947,0.24970347712091892,59427.554778700294,161762.72276671452,68036447852.0,22510.0,141.0,10325.0,14443405160.0,8535524994.0,,43093792.0,3525053453.0,125177893.0,901642.1224795555,532837.5675135776,1405.2063174979712,8.802047568512393,644.547100318372,7386252267.352519,4365005353.071228,4247234399.900119,0.590963481218303,,3.5510920520500826
stcp,udp,1,64,4,15.002100326993968,35412,0,0.28814324741395514,2360.4694828151205,3.2413070439361036,0.45808497816324234,0.9411029750481248,1.2349230237305164,24.722504977029217,21192,44.321417273014866,367937,669827,0,10390.178470574947,18915.25471591551,0.0,29305.433186490456,85116.34203094996,68050115926.0,369944.0,879.0,12466.0,20781879498.0,11672334682.0,,73915334.0,4771383683.0,181226952.0,586859.8073534395,329615.2344403027,10446.85417372642,24.82209420535412,352.02756127866263,4807555541.839376,2700208000.53496,1921668245.9618208,0.561659241798766,,3.798205385278382
tls,tls,1,64,4,15.005068038997706,38836,0,0.31594143018405574,2588.1921960677846,40.773966000415385,0.2991969813592732,0.5490179755724967,0.9983030031435192,33.11654427081108,24800,41.857923497267755,336562,635417,0,8666.237511587187,16361.545988258316,0.0,25027.783499845504,70993.81769492224,68047453575.0,94866.0,272.0,10463.0,19404483492.0,11072854016.0,,71007518.0,4591749552.0,186809842.0,499651.9593160985,285118.29271809664,2442.733546194253,7.003810897105779,269.4149757956535,4093148850.7174788,2335689053.9466476,1752174620.8414874,0.5706337929873305,,4.068380469893711
udp,udp,1,64,4,15.003824965038802,11780,0,0.0958414460713006,785.1331262160945,0.09973300620913506,1.1317679891362786,3.2711270032450557,3.676901978906244,12.324910509879555,21244,27.42899850523169,247121,517692,0,20978.013582342952,43946.689303904925,0.0,64924.70288624788,171851.8872665535,68055391981.0,17528.0,192.0,14584.0,11907550166.0,6745720040.0,,41825812.0,2777557670.0,108909354.0,1010827.68811545,572641.7691001698,1487.9456706281835,16.298811544991512,1238.030560271647,8280700421.041766,4691081372.468591,5777197961.035654,0.5665077993340112,,3.921047443094134
stcp,udp,1,64,8,15.001417308987584,33080,0,0.26918029505656904,2205.1249771034136,2.916684956289828,0.4047970287501812,0.7303929887712002,1.1425240081734955,26.44116831296719,21144,43.61904761904762,368205,675802,0,11130.743651753326,20429.32285368803,0.0,31560.066505441355,91183.05199516325,68042122481.0,350947.0,965.0,14314.0,20428904565.0,11558186602.0,,72836678.0,4738986833.0,174587769.0,617560.597490931,349401.0460096735,10609.03869407497,29.171704957678358,432.70858524788395,5059056414.645707,2862293368.9112453,2056896084.673519,0.5657761318148289,,3.6840737303648043
tls,tls,1,64,8,15.002731944026891,39992,0,0.3253964648381009,2665.6478399537227,60.93408999731764,0.37008500657975674,0.769014994148165,1.189457019791007,31.234271314603184,24772,42.66729205753596,346169,646811,0,8655.956191238247,16173.509701940387,0.0,24829.465893178636,70909.59311862373,68046244890.0,98724.0,279.0,10343.0,20020735385.0,11473290413.0,,72373865.0,4732328991.0,190248561.0,500618.5083266653,286889.6382526505,2468.593718743749,6.9763952790558115,258.626725345069,4101066820.2120423,2350199916.565713,1701496421.534307,0.5730703789030674,,4.020188819539322
udp,udp,1,64,8,15.00249383598566,12024,0,0.09783529682107465,801.4667515582436,0.09679899085313082,0.8433260372839868,3.6377899814397097,4.785690980497748,7.976827140095109,20756,27.842192440897456,263589,540860,0,21921.90618762475,44981.70326014638,0.0,66903.60944777113,179584.25548902195,68040120722.0,20526.0,207.0,12527.0,12538883407.0,7217204050.0,,42671336.0,2965052807.0,109138451.0,1042821.3079673985,600233.2044244844,1707.0858283433136,17.21556886227545,1041.8330006653362,8542792154.868929,4917110410.645376,5658692674.817033,0.575585864844305,,3.6808265519704113
stcp,udp,2,64,1,15.001200169033837,55728,0,0.45347934154245306,3714.9027659157755,4.275295010302216,0.43852999806404114,1.0325240436941385,1.4436759520322084,42.397967684805806,21508,55.21491782553729,373767,661686,10,6706.987510766581,11873.492678725237,0.17944300890037324,18580.65963250072,54943.64168819983,68033738017.0,506355.0,19307.0,15012.0,24512761661.0,13449606409.0,,97412218.0,5525180946.0,213304000.0,439864.3708907551,241343.7842556704,9086.18647717485,346.45061728395063,269.3798449612403,3603368926.3370657,1977088280.622452,1220817865.651019,0.5486777293803836,,3.8605794468038765
tls,tls,2,64,1,15.006841260998044,67418,0,0.5483989725082008,4492.484382787181,56.08287049108185,0.373508024495095,0.6766159785911441,1.0872790007852018,61.33631215199404,26212,54.30350194552529,344898,622531,3,5115.814767569492,9233.898958735055,0.044498501883769914,14349.75822480643,41908.75457592928,68043574370.0,189964.0,474.0,10466.0,24143467475.0,13096453467.0,,105858450.0,5423996813.0,236980052.0,358116.044305675,194257.51975733484,2817.7044706161555,7.030763297635645,155.24044023851195,2933686634.95209,1591357601.852087,1009279040.7606276,0.5424429395057306,,4.369103820858015
udp,udp,2,64,1,15.000912335002795,21070,0,0.17145767050271352,1404.5812367582291,0.18968700896948576,1.2505670310929418,3.348369966261089,3.8035199977457523,22.480865994604,21396,28.12778603268945,264785,546315,0,12566.919791172282,25928.571428571428,0.0,38495.49121974371,102948.20692928333,68033724314.0,17383.0,153.0,10508.0,12357821079.0,6982629387.0,,42352496.0,2879888228.0,109781028.0,586512.6283341243,331401.4896535358,825.0118652112008,7.261509254864737,498.718557190318,4804711451.313147,2714841003.2417655,3228938031.0393925,0.5650372620190935,,3.8119891922416653
stcp,udp,2,64,4,15.002571831981186,57016,0,0.4639178545816629,3800.4150647329825,3.700121509609744,0.40430796798318624,1.0320350411348045,2.0205589826218784,38.588310489932134,21492,56.58324265505985,391899,684980,0,6873.4916514662555,12013.820681913849,0.0,18887.312333380105,56307.64360881156,68029093723.0,514965.0,20884.0,15668.0,25011241257.0,13773592172.0,,99579742.0,5637088106.0,216236814.0,438670.5706643749,241574.1576399607,9031.938403255226,366.28314858986954,274.8000561245966,3593589314.8825593,1978975499.386558,1193157950.8032832,0.5506960662396204,,3.8359665475131033
tls,tls,2,64,4,15.004560277971905,67416,0,0.5484660686512528,4493.034034391063,66.72708346741274,0.4008850082755089,0.7445709779858589,1.2168329558335245,58.16828243086446,26560,55.48905339423531,332059,621662,0,4925.522131244808,9221.282781535541,0.0,14146.80491278035,40349.87729915747,68031839167.0,194582.0,495.0,13050.0,24656199398.0,13349316813.0,,107697295.0,5528672601.0,241049972.0,365732.16147502075,198014.07400320398,2886.2881215141806,7.34247063011748,193.5742257030972,2996077866.80337,1622131294.234247,1009134911.1041889,0.5414182696009036,,4.359997225308658
udp,udp,2,64,4,15.00508837000234,51544,0,0.4193239008227859,3435.1013955402623,0.45270699774846435,0.2483529970049858,0.5211509997025132,0.6883490132167935,42.617049912109266,21708,34.263998759112766,287596,570322,0,5579.621294428062,11064.760204873508,0.0,16644.38149930157,45708.25764395468,68041825388.0,54577.0,729.0,57502.0,16005747825.0,10160721029.0,,56705624.0,4091552987.0,138472772.0,310525.916207512,197127.1346616483,1058.8429303119665,14.143256247089866,1115.590563402142,2543828305.5719385,1614865487.148223,1320072663.898805,0.6348170132438032,,3.384357295138703
stcp,udp,2,64,8,15.002792095008772,51504,0,0.41906262082320245,3432.9609897836744,4.057982994709164,0.4688400076702237,1.1488780146464705,2.294822013936937,31.3590961616085,21824,59.68293441094187,318670,577970,0,6187.2864243553895,11221.846846846845,0.0,17409.133271202234,50686.25038831935,68032608668.0,522062.0,23403.0,13431.0,25943907562.0,18684519903.0,,86629763.0,5981093856.0,189522149.0,503726.07102360984,362778.03477399814,10136.33892513203,454.39189189189193,260.7758620689655,4126523973.825412,2971877660.8685927,1320918931.8887854,0.7201891179402438,,3.1686870924100075
tls,tls,2,64,8,15.005325406964403,53744,0,0.437214568632751,3581.661746239496,62.12323601357639,0.4478179616853595,1.1997210094705224,1.9721580320037901,37.309967282692746,26188,64.18590522478736,256722,487735,0,4776.756475141411,9075.152575171182,0.0,13851.909050312594,39131.18904435844,68046519814.0,304370.0,13212.0,12144.0,27166712865.0,17957782419.0,,115568419.0,5835909711.0,218600893.0,505483.6421740101,334135.5764178327,5663.329860077404,245.83209288478713,225.9601071747544,4140921996.689491,2737238642.0148854,1266123098.6528728,0.6610215416284594,,3.745789496845079
udp,udp,2,64,8,15.001028931001201,102456,0,0.8337318723286581,6829.931498116367,0.20582054276019335,0.25324197486042976,0.5201729945838451,0.8648360380902886,48.349396787117094,21708,52.308856926570776,343492,616148,0,3352.580619973452,6013.781525728117,0.0,9366.362145701569,27464.340438822517,68042654813.0,284203.0,1495.0,13295.0,22640749532.0,16937291820.0,,65621704.0,5257874958.0,161236716.0,220980.22109002888,165312.8349730616,2773.9029437026625,14.591629577574764,129.76302022331538,1810269971.1695166,1354242744.0993207,664115862.5458733,0.7480888296591576,,3.0665757038339976
stcp,udp,4,64,1,15.001532730006147,69411,0,0.5648104506008053,4626.927211321797,7.7280642435653135,0.7142590475268662,1.835271017625928,2.9083709814585745,48.819264883189035,22436,66.19249394673123,305753,588695,0,4404.964630966273,8481.29259051159,0.0,12886.257221477863,36085.47025687571,68033017777.0,506867.0,20038.0,10364.0,28032555049.0,19661154482.0,,98547779.0,6359107161.0,210594709.0,403863.29326763767,283257.04113180906,7302.4016366282,288.6862312889888,149.31350938612036,3308448098.4484878,2320441680.95178,980147495.0224028,0.7013686211489797,,3.3117024712457117
tls,tls,4,64,1,15.006293213984463,51440,0,0.41844423439282674,3427.8951681460367,127.75587850774173,0.8252399857155979,3.028161998372525,4.793529980815947,35.39291098917413,29424,66.88014638609332,240265,458713,0,4670.781493001555,8917.437791601866,0.0,13588.219284603421,38263.04199066874,68058308498.0,340192.0,23546.0,12424.0,28264128664.0,17779564763.0,,128985896.0,5847783780.0,222964710.0,549458.1777604977,345636.9510692068,6613.374805598756,457.7371695178849,241.52410575427683,4501161392.213997,2831457903.158942,1323061984.7978227,0.629050517507933,,3.812807011821494
udp,udp,4,64,1,15.000998611038085,152901,0,1.2442286900705795,10192.721429058187,0.10682150605134666,0.37888699444010854,0.9142170310951769,1.2784380232915282,86.63792549408565,22464,54.99560503955464,403756,697235,0,2640.6367518852066,4560.042118756581,0.0,7200.678870641788,21632.096271443614,68061648407.0,253320.0,1120.0,9146.0,23314110909.0,16860123832.0,,67099384.0,5367680736.0,165836752.0,152478.4724037122,110268.23782709074,1656.7582945827692,7.325001144531428,59.816482560611114,1249103645.9312103,903317404.2795273,445135403.99997383,0.7231724983126613,,3.0895420230149844
stcp,udp,4,64,4,15.004539160989225,70048,0,0.5698796316405003,4668.453942398978,8.354577497811988,0.7250179769471288,1.7257679719477892,2.552963967900723,53.24768001387429,22432,66.72780070304142,331580,583661,0,4733.611238008223,8332.300708085884,0.0,13065.911946094107,38777.74326176336,68041453835.0,500971.0,20413.0,12163.0,28391074561.0,19812353596.0,,100335827.0,6408799242.0,211190195.0,405308.8533719735,282839.6755938785,7151.824463225217,291.41445865692094,173.63807674737322,3320290126.823207,2317022622.4650526,971354697.2790086,0.6978373979270112,,3.2953161274887064
tls,tls,4,64,4,15.007092161977198,60344,0,0.4908486506242323,4021.032145913711,85.28523023414891,0.7587510044686496,2.3803869844414294,3.5488249850459397,50.55514364883079,29244,73.42001814333233,249707,469606,0,4138.058464801803,7782.149012329312,0.0,11920.207477131116,33898.974943656365,68049272667.0,387591.0,22152.0,10471.0,30606375161.0,18846114748.0,,143643329.0,6306890079.0,248279586.0,507198.31567347207,312311.327522206,6423.02465862389,367.09532016439084,173.52180829908525,4154968601.997083,2558454395.0619116,1127689126.789739,0.6157578167575544,,3.9366404502069012
udp,udp,4,64,4,15.000923434039578,151376,0,1.2318252077114926,10091.112101572548,0.21168772946111858,0.35053101601079106,0.9093279950320721,1.2593710562214255,89.51077618015773,22632,56.608851674641144,399557,691357,0,2639.5003170912164,4567.150671176409,0.0,7206.650988267625,21622.786597611248,68040507037.0,253158.0,1321.0,11489.0,23877604452.0,17384132334.0,,69319918.0,5493307617.0,169072417.0,157737.05509459888,114840.74314290244,1672.3787126096606,8.72661452277772,75.89710390022196,1292181955.334954,940775367.8266568,449480149.0130536,0.7280517762552975,,3.077788989583905
stcp,udp,4,64,8,15.005900825024582,69704,0,0.5670295413595112,4645.106002817116,7.645692516234703,0.7152410107664764,1.7091470072045922,2.4669200065545738,52.441023646356854,22440,66.82342233009709,320555,593900,0,4598.803511993573,8520.31447262711,0.0,13119.117984620681,37673.39837025135,68045291778.0,528195.0,22160.0,10756.0,28332824225.0,19821250088.0,,102180564.0,6460240574.0,213992282.0,406473.4337340755,284363.1654998278,7577.685642143923,317.915758062665,154.30965224377368,3329830369.1495466,2329503051.7745895,976203543.2399863,0.6995861030511158,,3.312450667259005
tls,tls,4,64,8,15.013295270968229,61624,0,0.5010532865523843,4104.628523437133,83.15661999222357,0.7245299639180303,2.30118801118806,3.454471006989479,52.928013847605726,29128,73.73257773012712,233826,465400,0,3794.398286381929,7552.2523692068025,0.0,11346.650655588732,31083.71076204076,68048505111.0,393526.0,21963.0,10991.0,30669027527.0,18860155762.0,,145381616.0,6323947123.0,251042492.0,497679.9222218616,306052.11868752434,6385.921069713098,356.40334934441125,178.35583538880954,4076993922.84149,2507178956.288199,1104253295.9723485,0.6149577369349628,,3.9697120661709238
udp,udp,4,64,8,15.00262536999071,142968,0,1.1632729610384724,9529.532096827166,0.4918194899801165,0.28697599191218615,0.8003069669939578,1.1547489557415247,75.22034125155913,22344,56.39740566037735,406304,697300,0,2841.9226680096244,4877.31520340216,0.0,7719.237871411784,23281.030496334843,68032935389.0,249506.0,1209.0,10351.0,23849072928.0,17506394412.0,,68112044.0,5492639080.0,169165781.0,166814.06278328018,122449.73988584858,1745.1877343181693,8.456437804263892,72.40081696603437,1366540802.3206313,1003108269.1448716,475861279.37020874,0.7340492632502549,,3.0798634051156335
stcp,udp,8,64,1,15.003777230973355,66017,0,0.537112468164105,4400.025339200348,13.659482487128116,1.6539019998162985,3.478915023151785,4.841440997552127,58.55728770661058,24092,62.90571870170015,301658,564189,0,4569.398791220443,8546.116909280943,0.0,13115.515700501386,37432.51489767787,68043622499.0,517860.0,32079.0,13130.0,26638521495.0,17994580410.0,,98485186.0,5969721578.0,205050079.0,403510.0276443946,272574.9490282806,7844.343123740855,485.92029325779725,198.88816516957755,3305554146.4628806,2232933982.439675,1030698494.3120712,0.6755097280221632,,3.4348348799994906
tls,tls,8,64,1,15.016479521000292,57384,0,0.46647969670279843,3821.4016753893247,165.0102987405262,1.6490130219608545,4.833129001781344,7.074673019815236,54.317285143919456,34064,77.69219151185621,227815,434784,0,3970.009061759375,7576.7461313258045,0.0,11546.755193085179,32522.314233932804,68061228795.0,482846.0,28815.0,10927.0,31901427269.0,18482826286.0,,152784359.0,6399888750.0,262992057.0,555928.9570089224,322090.23919559456,8414.296668060784,502.14345462149726,190.4189321065105,4554170015.817092,2638563239.4903107,1186066304.1091592,0.5793730208416275,,4.109322322204429
udp,udp,8,64,1,15.001385694020428,116876,0,0.9510514651614405,7791.01360260252,0.14801035285927355,0.9763060370460153,1.6289689810946584,2.5529650156386197,64.34796222756763,24356,53.97252090800478,369673,644819,2,3162.95047742907,5517.120709127622,0.01711215305109689,8680.088298709743,25910.890311098945,68036505628.0,214446.0,1072.0,11062.0,23050114321.0,17147796943.0,,64901177.0,5292431999.0,158464785.0,197218.54205311614,146717.86288887367,1834.8163865977617,9.172114035387931,94.6473185256169,1615614296.4991274,1201912732.785653,582125548.6840754,0.743935440154297,,2.9941770632091593
stcp,udp,8,64,4,15.006446695013437,91496,0,0.7442764792688319,6097.112918170271,18.414695870887954,1.2134159915149212,2.3231880040839314,3.7678470253013074,73.1586778877381,24356,70.23390918819752,251655,496282,16482,2750.448107021072,5424.084112966687,180.1390224709277,8354.671242458686,22531.670892716622,68030085444.0,541668.0,15273.0,29357.0,29399907436.0,22654217473.0,,108959688.0,7079958134.0,204190454.0,321324.5107545685,247597.9001595698,5920.127655853808,166.92533006907408,320.8555565270613,2632290392.101425,2028321998.1071959,743530705.6483344,0.7705540407674908,,2.8840630147149966
tls,tls,8,64,4,15.017435931018554,73452,0,0.5970598865835722,4891.114590892624,136.00700000824872,1.3649709871970117,3.507270012050867,4.862463043536991,83.6441590808108,34340,70.30010884776861,145775,297189,12049,1984.6294178511137,4046.0300604476397,164.03910036486414,6194.698578663618,16258.084191036321,68055669649.0,595972.0,53060.0,14371.0,29655355391.0,20167465281.0,,161027404.0,6721915183.0,261561816.0,403737.888566683,274566.5915291619,8113.761367968197,722.3765179981484,195.65158198551435,3307420783.138267,2249249517.8068943,926532560.7063116,0.680061493618807,,3.8911799521288306
udp,udp,8,64,4,15.001615134999156,178468,0,1.4522199333339467,11896.585693871692,0.1972042373381555,0.7670630002394319,1.4172810479067266,2.4224320077337325,139.94742440112054,24544,47.95822942643391,307302,591010,18854,1721.8885178295268,3311.5740636976934,105.64358876661362,5139.106170293834,14105.710738059484,68049541519.0,115735.0,275.0,12563.0,21447270023.0,19254979308.0,,55240451.0,5462714841.0,111393516.0,120174.31709326041,107890.37422955375,648.4916063383912,1.54089248492727,70.39357195687742,984468005.6279893,883837945.6885043,381298280.4704485,0.8977822952455491,,2.0391603670018474
stcp,udp,8,64,8,15.005789791001007,91840,0,0.7471074602633189,6120.304314477108,17.420240248611663,1.2139040045440197,2.3295439896173775,3.8553570047952235,86.04359503785037,24356,69.96628869138829,257751,507405,16695,2806.5222125435544,5524.880226480836,181.78353658536588,8513.185975609756,22991.029965156795,68046701296.0,545639.0,14112.0,12698.0,29198717786.0,22881655833.0,,103075047.0,6971626551.0,194668872.0,317930.2894817073,249146.9494011324,5941.191202090592,153.65853658536585,138.2621951219512,2604484931.4341464,2041011809.4940767,740926625.6097561,0.7836527617651464,,2.792302062881968
tls,tls,8,64,8,15.028775814978871,73568,0,0.5975515810841593,4895.142552241433,150.02795436885208,1.3654599897563457,3.4759819973260164,4.821396025363356,87.38500834453005,34524,70.65727699530517,145138,297501,12319,1972.8414528055675,4043.8913658112224,167.4505219660722,6184.183340582862,16161.51718138321,68039941240.0,595886.0,52595.0,12914.0,29680488065.0,20104534241.0,,161881311.0,6735187626.0,261458376.0,403442.9108443889,273278.2492523923,8099.798825576338,714.9168116572423,175.53827751196172,3305004325.6372337,2238695417.875598,924857835.4719443,0.677365351842303,,3.881976130712175
udp,udp,8,64,8,15.002710903005209,154000,0,1.2530287523726387,10264.811539436656,0.12662162043852732,0.7250180351547897,1.3136370107531548,2.002477995119989,114.12540114047182,24572,46.52725914861837,279211,549557,18874,1813.0584415584417,3568.5519480519483,122.55844155844157,5504.168831168831,14852.574753246754,68038330277.0,49018.0,208.0,12112.0,19611613025.0,18103696664.0,,52553601.0,4977246805.0,97402234.0,127348.13652597403,117556.47184415585,318.2987012987013,1.3506493506493507,78.64935064935065,1043235934.4207792,963022617.3473247,441807339.46103895,0.9231110485874988,,1.9569500532332955
stcp,udp,16,64,1,15.00727227400057,87594,0,0.7124963656219858,5836.770227175308,28.61396418666118,2.617496997117996,4.211266990751028,7.155339000746608,81.40361404093717,25240,69.36267071320182,253669,499178,16347,2895.963193826061,5698.769322099687,186.62237139530103,8781.35488732105,23723.730483823096,68028854481.0,521550.0,19268.0,11500.0,29046160824.0,22047118473.0,,100900915.0,6759285996.0,195555161.0,331599.89067744365,251696.67412151519,5954.174943489281,219.96940429709798,131.28753110943674,2716466304.4296184,2061899154.4034524,776638291.2185767,0.7590372650826579,,2.8931334036720053
tls,tls,16,64,1,15.034809836011846,71001,0,0.576469829172881,4722.440840584241,254.73462632362498,2.7279849746264517,7.84320302773267,10.93052001670003,96.35430150437313,42540,68.20528868721641,138648,280195,9792,1952.7612287150885,3946.352868269461,137.91355051337305,6037.027647497922,15997.019985634004,68028499667.0,572541.0,99181.0,10984.0,29029165577.0,18074709336.0,,159022799.0,6265008514.0,256102068.0,408855.7284686131,254569.7854396417,8063.844171208856,1396.8958183687553,154.70204645004998,3349346127.6148787,2085435682.321545,958134387.7832706,0.6226396445346232,,4.08781675919044
udp,udp,16,64,1,15.001709369011223,160326,0,1.304587660010437,10687.1821108055,0.1264383718080353,1.536568976007402,2.3818539921194315,3.57864802936092,136.31730556147866,28264,46.67647058823529,287393,564815,18893,1792.5539213851778,3522.915809039083,117.84114865960605,5433.310879083867,14684.601723987376,68035691464.0,52029.0,212.0,10488.0,19657508873.0,17922467228.0,,53116250.0,4951574194.0,99433888.0,122609.61336901064,111787.65283235408,324.52004041764906,1.3223058019285705,65.41671344635306,1004417952.7189351,915764452.0026447,424358441.3257987,0.9117364435031178,,2.0081267916875327
stcp,udp,16,64,4,15.015122523996979,79716,0,0.648077097985588,5309.047586697937,33.50548581511248,2.6634520036168396,6.362854968756437,9.693149011582136,59.27416833113409,24868,72.52094440213253,240762,471312,16062,3020.24687641126,5912.388980882131,201.49029053138642,9134.126147824778,24741.862411561044,68044988165.0,628794.0,29259.0,11208.0,30117123023.0,22547962383.0,,114535440.0,6959957944.0,208905200.0,377805.24641226354,282853.6602814993,7887.927141351799,367.04049375282256,140.59912690049677,3094980578.609263,2317137185.0260425,853592605.8131367,0.7486758401783747,,3.00152963108192
tls,tls,16,64,4,15.05329679400893,71128,0,0.5767917358113606,4725.077899766666,273.07189913335606,2.723584999330342,7.786002999637276,10.819053975865245,94.36516262439922,42540,68.33698715941121,138477,280732,9865,1946.8704307726914,3946.8563716117424,138.6936227645934,6032.420425149027,15948.762568889888,68040261001.0,574112.0,97639.0,12054.0,29019016959.0,18176318555.0,,158809096.0,6293521005.0,253838118.0,407983.03001630865,255543.78803003038,8071.533010909909,1372.7224159262175,169.4691260825554,3342196981.8936005,2093414711.5420089,956588980.4437071,0.6263588660043417,,4.033324395014075
udp,udp,16,64,4,15.00285749300383,163244,0,1.32823004571246,10880.860534476473,0.1805824358598329,1.497947028838098,2.8467850061133504,4.3564660008996725,139.68589656852146,28200,46.84466019417476,289970,567464,19258,1776.298056896425,3476.170640268555,117.97064516919457,5370.439342334174,14551.433682095514,68035259555.0,83893.0,181.0,10744.0,20450444037.0,18655907217.0,,52663746.0,5181513858.0,101855921.0,125275.31815564432,114282.34555021931,513.9116904756071,1.108769694445125,65.81558893435593,1026255406.3310382,936200974.7473966,416770353.3054814,0.9122494936171933,,1.9657560278978994
stcp,udp,16,64,8,15.023279817949515,82912,0,0.6736940183932086,5518.901398677165,28.328638629318448,2.5866979849524796,5.857834999915212,9.217950981110334,80.19066506107518,24868,72.06644315757391,238028,477749,16378,2870.851022771131,5762.121285218062,197.53473562331146,8830.507043612506,23518.011578541104,68030160351.0,596016.0,27250.0,15084.0,29789826697.0,22523266005.0,,110357329.0,6972700744.0,205151309.0,359294.5134238711,271652.6679491509,7188.5372443072165,328.66171362408335,181.92782709378616,2943340653.968352,2225378655.839444,820510424.9203975,0.7560724080099539,,2.942207281397132
tls,tls,16,64,8,15.039816966978833,70904,0,0.5754906097928832,4714.4190754233,224.2589287525334,2.7470519999042153,7.831958995666355,10.982342006172985,82.49538559705174,42168,68.10615577889448,138328,279850,9400,1950.9195531986913,3946.885930271917,132.57362067020196,6030.37910414081,15981.932979803678,68038736536.0,570576.0,95994.0,12992.0,28979819726.0,18165934927.0,,159713114.0,6278909644.0,254552657.0,408719.1093027192,256204.65597145437,8047.162360374591,1353.858738576103,183.23366805821956,3348226943.4078755,2098828541.7181542,959589537.0641996,0.6268477547050425,,4.054090143552956
udp,udp,16,64,8,15.009424946969375,184112,0,1.4973664517065963,12266.425972380437,0.3222371160518378,1.1391050065867603,2.8286969754844904,4.1931780287995934,161.46097592428603,27936,48.119950279676814,308094,599901,19147,1673.4053185017815,3258.34817936908,103.99648040323282,5035.749978274094,13708.536369166593,68038059444.0,116870.0,256.0,10907.0,21600416677.0,19284699234.0,,54508409.0,5475402716.0,115680727.0,117322.15541083689,104744.39055574867,634.7766576866255,1.3904579820978535,59.241114104458156,961103097.1255758,858066047.4326931,369547120.4701486,0.8927929272093272,,2.1127345877584944
stcp,udp,1,1024,1,15.000379659992177,27575,0,3.5904039161518186,1838.2868050697311,2.9875849722884595,0.48888701712712646,0.9968390222638845,2.09976703627035,22.978885055778637,21024,39.61171128855488,189502,391480,7572,6872.239347234814,14196.917497733453,274.596554850408,21343.753399818677,3518.586545784225,68036229333.0,291351.0,1675.0,59527.0,18343861236.0,14368129180.0,,62901868.0,4622760066.0,133717760.0,665235.2216137806,521056.3619220308,10565.766092475069,60.74342701722575,2158.730734360834,340600433.46625566,266780857.30407977,2467315660.3082504,0.7832663469892812,,2.8925957240022586
tls,tls,1,1024,1,15.002790939994156,25046,0,3.260591242366472,1669.4227160916337,41.52062500361353,0.5177309503778815,0.9479500004090369,1.422171015292406,26.842125682526962,24740,42.391477182381934,320617,613088,0,12801.125928291942,24478.479597540525,0.0,37279.60552583246,6554.176475285475,68038297555.0,68510.0,284.0,12391.0,19824068677.0,12763972796.0,,63764246.0,4744611224.0,174251914.0,791506.3753493571,509621.20881577895,2735.366924858261,11.339135989778807,494.72969735686337,405251264.17887086,260926058.91367882,2716533480.595704,0.6438624181527799,,3.672627867138393
udp,udp,1,1024,1,15.000463447009679,10019,0,1.3045169867002293,667.9126971905174,0.30897598480805755,1.2847930192947388,3.518515033647418,4.005445982329547,9.504279684666733,21088,26.887204896531625,236546,498717,0,23609.741491166784,49777.12346541571,0.0,73386.86495658249,12088.187643477393,68039349186.0,15428.0,172.0,10951.0,11257838606.0,6285404672.0,,40986783.0,2547265288.0,98738898.0,1123648.9276374888,627348.5050404232,1539.8742389460026,17.167381974248926,1093.0232558139535,575308250.9503943,321202434.5806967,6791031957.880028,0.5583136241312003,,3.876270699606849
stcp,udp,1,1024,4,15.002620514016598,25272,0,3.2900502251513117,1684.5057152774716,2.7338520158082247,0.5377749912440777,0.9675060282461345,1.2725709821097553,27.124767944360322,21028,42.19469588693028,350791,649177,0,13880.618866729978,25687.598923710033,0.0,39568.21779044001,7106.876859765749,68053291407.0,275376.0,864.0,13959.0,19717066349.0,11463063954.0,,66774208.0,4561080001.0,172907879.0,780194.1416983223,453587.52587844257,10896.486229819564,34.18803418803419,552.3504273504274,399459400.549541,232236813.2497626,2692833626.4245014,0.5813777643742309,,3.7909415963344335
tls,tls,1,1024,4,15.006360598024912,22532,0,2.9326106228443,1501.4966388962816,52.49612400075421,0.6404410232789814,1.0271499631926417,1.4427030109800398,35.84388742936078,24976,41.62094372158646,318971,613792,7,14156.355405645305,27240.901828510563,0.3106692703710279,41397.567903426236,7248.053967690395,68031327019.0,62709.0,298.0,15004.0,19228456900.0,12286161354.0,,60998982.0,4616487615.0,170546997.0,853384.3822119652,545276.1119297,2783.108467956684,13.225634652938044,665.8973903781289,436932803.69252616,279181369.3080064,3019320389.6236463,0.6389572193908082,,3.6943020586875335
udp,udp,1,1024,4,15.00180966197513,11696,0,1.5227329578711908,779.6392744300497,0.09435502579435706,1.0931500000879169,3.3048709738068283,3.683270013425499,13.019962551256889,21184,27.595546193198917,257640,535476,0,22028.043775649796,45782.8317373461,0.0,67810.8755129959,11278.358413132695,68032095110.0,17034.0,161.0,13368.0,12277413737.0,7066783543.0,,41822379.0,2904242687.0,109661010.0,1049710.4768296853,604205.1592852257,1456.3953488372094,13.765389876880985,1142.954856361149,537451764.1367989,309353041.55403554,5816697598.324214,0.5755921967265051,,3.7758900277468443
stcp,udp,1,1024,8,15.001820039993618,27128,0,3.5318631245240923,1808.3139197563353,3.919890965335071,0.5015970091335475,0.884394976310432,1.2999490136280656,21.31483374334199,21144,41.671826625387,341070,633792,0,12572.61869654969,23363.01975818343,0.0,35935.63845473312,6437.180772633442,68032970946.0,291377.0,772.0,13962.0,19173514118.0,11148118394.0,,68392666.0,4397909321.0,165857427.0,706779.4941757594,410945.08972279564,10740.82129165438,28.457682099675612,514.6711884399882,361871101.0179888,210403885.93807137,2507850595.1784134,0.581433237819154,,3.7712789167350818
tls,tls,1,1024,8,15.006340891006403,22912,0,2.9820727334549333,1526.8212395289258,48.79476601490751,0.6311520119197667,0.9851059876382351,1.361548958811909,35.88209836834435,24960,41.099107562235794,310707,599772,0,13560.885125698323,26177.19972067039,0.0,39738.084846368714,6943.173184357542,68047838425.0,62881.0,304.0,13809.0,19024199549.0,12158049166.0,,60795957.0,4561118130.0,167700036.0,830315.9719361033,530641.1123428771,2744.457053072626,13.268156424581006,602.6972765363129,425121777.6312849,271688249.51955307,2969965015.057612,0.639083349324891,,3.6767308195106976
udp,udp,1,1024,8,15.009594550007023,9320,0,1.2127659371046424,620.9361597975769,0.2615540288388729,1.4123920118436217,3.4393160021863878,3.7737140082754195,10.784868269471295,20972,26.717334112832503,224557,479769,0,24094.098712446354,51477.36051502146,0.0,75571.45922746781,12336.178540772531,68059877703.0,14879.0,133.0,15072.0,10885434322.0,6061554360.0,,40425978.0,2476781554.0,98147127.0,1167965.0560085836,650381.3690987125,1596.4592274678112,14.27038626609442,1617.1673819742489,597998108.6763948,332995260.9785408,7302561985.300429,0.5568500236825001,,3.96268806352714
stcp,udp,2,1024,1,15.000650990987197,43718,0,5.692200878568716,2914.4068498271827,5.255772499367595,0.6032859673723578,1.21879403013736,1.484258973505348,47.27077514342825,21596,53.21619556913675,374334,668418,0,8562.46854842399,15289.308751543986,0.0,23851.777299967976,4383.983896793083,68051794091.0,418530.0,13367.0,10310.0,23456008607.0,13323251730.0,,89774781.0,5194352392.0,207970834.0,536529.7727938149,304754.3741708221,9573.402259938697,305.75506656297176,235.829635390457,274703243.6704332,156034239.5754609,1556608126.881376,0.5680101825177506,,4.003787542799426
tls,tls,2,1024,1,15.00528771901736,45248,0,5.889590500020572,3015.4703360105327,56.03493002126925,0.5739530315622687,1.0369279771111906,1.4774139854125679,62.72561497152264,26440,54.586796299200245,314579,600803,0,6952.329384724187,13278.001237623763,0.0,20230.33062234795,3559.592644978784,68042796406.0,124712.0,483.0,13950.0,24057417611.0,15664742847.0,,86564949.0,5583813968.0,213159653.0,531679.1374425389,346197.4639100071,2756.1881188118814,10.67450495049505,308.30091937765206,272219718.3705799,177253101.52192363,1503774673.0463226,0.651139831393934,,3.8174562086342054
udp,udp,2,1024,1,15.00212622701656,16926,0,2.2035938939419446,1128.2400736982756,0.19433247507549822,1.6284809680655599,3.7595360190607607,4.350111004896462,15.959144482389357,21224,27.278089059274553,239484,501471,0,14148.883374689827,29627.259836937257,0.0,43776.14321162709,7244.228287841191,68035171704.0,14727.0,177.0,11623.0,11502097966.0,6395502602.0,,41834485.0,2606913227.0,101478611.0,679552.0480916932,377850.7977076687,870.081531371854,10.457284650833039,686.6950254047028,347930648.6229469,193459608.42632636,4019565857.4973416,0.5560292236168561,,3.8926731411302167
stcp,udp,2,1024,4,15.000954504997935,43328,0,5.641307689574361,2888.3495370620726,4.596998012857512,0.6218630005605519,1.2383490102365613,1.4984370209276676,46.79541556946389,21512,53.32611386138614,348975,647596,0,8054.260524372231,14946.362629246678,0.0,23000.623153618908,4123.781388478582,68053168073.0,410192.0,13153.0,15017.0,23387571848.0,13356815549.0,,89790803.0,5198268354.0,207154212.0,539779.6309084195,308272.1461641433,9467.134416543575,303.5681314623338,346.5888109305761,276367171.0251108,157835338.83604136,1570651035.6582348,0.5711074084906431,,3.985061907021355
tls,tls,2,1024,4,15.004693654016592,44740,0,5.823698538264297,2981.7336515913203,69.14148648502305,0.5895970389246941,1.0823949705809355,1.5409690095111728,61.34254528772816,26404,54.37490146618319,321088,596917,0,7176.754582029504,13341.908806437192,0.0,20518.663388466695,3674.498345999106,68034585166.0,125934.0,539.0,12781.0,24226290647.0,15734854323.0,,88403097.0,5606924202.0,213132690.0,541490.6268886902,351695.44754135003,2814.796602592758,12.047384890478318,285.6727760393384,277243200.96700937,180068069.14117122,1520665739.0701833,0.649494986759291,,3.8012407930175907
udp,udp,2,1024,4,15.006342819018755,15752,0,2.0501747408441333,1049.6894673121963,0.5165085021872073,1.920834998600185,3.489670983981341,3.9756239857524633,22.91199822279432,21284,26.709810266215623,225593,481343,0,14321.546470289486,30557.579989842558,0.0,44879.12646013204,7332.631792788218,68041265405.0,14331.0,152.0,14843.0,10931965286.0,6065726081.0,,41664028.0,2470278047.0,94460520.0,694004.906424581,385076.5668486541,909.7892331132555,9.649568308786186,942.2930421533773,355330512.0893855,197159202.22651094,4319531831.196038,0.5548614473527519,,3.823882097592879
stcp,udp,2,1024,8,15.004405518993735,47808,0,6.223172246431138,3186.2641901727425,4.898396990029141,0.5695529980584979,1.119550026487559,1.454925979487598,43.68375669201171,21856,54.127032832157106,338151,597102,18,7073.104919678714,12489.583333333334,0.37650602409638556,19563.064759036144,3621.4297188755017,68037647519.0,452538.0,15767.0,24774.0,23561884763.0,13592761270.0,,92140624.0,5264816010.0,207955122.0,492843.9751296854,284319.80568105757,9465.737951807228,329.79836010709505,518.1977911646586,252336115.26639894,145571740.50870147,1423143564.2361112,0.5768961781591071,,3.9499029330751485
tls,tls,2,1024,8,15.007239755999763,36760,0,4.784149261778552,2449.4844220306186,55.79635701724328,0.6893289973959327,1.5370590263046324,2.4155870196409523,40.344214515393766,26432,63.10119860415718,229893,444551,0,6253.890097932535,12093.335146898802,0.0,18347.225244831337,3201.9917301414584,68057942721.0,246043.0,13672.0,22302.0,26429779493.0,19778960586.0,,97577973.0,5844422900.0,191938788.0,718982.0319096844,538056.5991838955,6693.22633297062,371.9260065288357,606.6920565832427,368118800.3377584,275484978.7821545,1851413022.8781285,0.7483588953603836,,3.284135855398144
udp,udp,2,1024,8,15.001626534969546,90928,0,11.838299639443765,6061.2094153952075,0.18015451496466994,0.3094649873673916,0.558796979021281,0.8819510112516582,47.96021273578923,21388,51.66006701187938,312841,590767,4,3440.5353686433223,6497.085606193911,0.04399084990322013,9937.664965687138,1761.554108745381,68034161925.0,302357.0,1591.0,11699.0,22375488774.0,16637533124.0,,64046000.0,5147932308.0,167051580.0,246079.19204205525,182974.80560443428,3325.2353510469825,17.49736054900581,128.66223825444308,125992546.32553229,93683100.46947035,748220151.3835123,0.7435606565758053,,3.2450228558832865
stcp,udp,4,1024,1,15.001494712021668,59300,0,7.720584829936026,3952.9394329272454,7.767916264128871,0.8594630053266883,1.9076350145041943,2.7494970127008855,47.70584623320877,22440,66.81552202032645,295057,560209,7,4975.666104553119,9447.032040472175,0.11804384485666104,14422.81618887015,2547.541045531197,68038004333.0,478161.0,22408.0,12185.0,28287286453.0,20224793140.0,,98437706.0,6292000053.0,216581731.0,477020.0076391231,341058.9062394604,8063.423271500844,377.8752107925801,205.4806070826307,244234243.91123104,174622159.99460372,1147352518.2630692,0.7149781996093537,,3.4421762424610076
tls,tls,4,1024,1,15.007997574983165,47850,0,6.227148610803586,3188.300088731436,94.33026202896144,0.9855949901975691,2.739230985753238,3.885179990902543,53.3300525937017,28976,75.0458435207824,232800,439388,0,4865.203761755486,9182.612330198537,0.0,14047.816091954022,2490.984326018809,68064821203.0,303259.0,20538.0,13130.0,31132223725.0,21807161109.0,,126351123.0,6559917770.0,229451275.0,650621.1854754441,455740.0440752351,6337.701149425287,429.2163009404389,274.39916405433644,333118046.96342736,233338902.56652036,1422462303.092999,0.700469112056659,,3.4977766954539127
udp,udp,4,1024,1,15.000630739028566,150071,0,19.53967316270206,10004.312659303454,0.32743198971729726,0.35688700154423714,0.9362180135212839,1.3190160389058292,85.61925977275095,22436,56.635318704284224,388178,681495,0,2586.6289956087453,4541.150522086213,0.0,7127.7795176949585,1324.3540457516776,68048906629.0,253739.0,1338.0,10294.0,24080865419.0,17118469643.0,,67824974.0,5464385886.0,179073582.0,160463.15023555516,114069.13822790545,1690.793024635006,8.915779864197614,68.59419874592693,82157132.92060424,58403398.77268759,453444747.0130805,0.7108743537719117,,3.2771035160381787
stcp,udp,4,1024,4,15.003346212033648,55696,0,7.250465893585155,3712.2385375155995,7.043019504635595,0.9093289845623076,2.1398559911176562,3.2804280053824186,39.74088790417781,22552,66.30669546436285,316510,560007,0,5682.813846595805,10054.707698937087,0.0,15737.521545532893,2909.600689457053,68040778371.0,483093.0,25151.0,13148.0,27986948060.0,20031913556.0,,98121674.0,6236456561.0,214702049.0,502494.7583309394,359665.2103562195,8673.746768170067,451.5764148233267,236.0672220626257,257277316.26544097,184148587.70238438,1221645690.3727376,0.7157591286143259,,3.442692928267155
tls,tls,4,1024,4,15.007550350972451,47708,0,6.208853898262096,3178.9331959101933,78.58836800733116,0.9816839592531323,2.794474014081061,3.988824028056115,50.194540906616936,29436,74.25003806913355,226255,442993,1,4742.496017439424,9285.507671669322,0.020960845141276097,14028.024649953886,2428.1579609289847,68047472945.0,298207.0,19763.0,14165.0,30840117456.0,21768596822.0,,124610915.0,6528180294.0,228055924.0,646434.9261339817,456288.18692881695,6250.670747044521,414.2491825270395,296.9103714261759,330974682.1805986,233619551.70755428,1426332542.65532,0.7058532397957804,,3.4934072548456485
udp,udp,4,1024,4,15.001328999991529,156440,0,20.367987063024387,10428.409376268486,0.26522050029598176,0.3935539862141013,0.9327950538136065,1.1914169881492853,90.94508893183867,22548,58.6586284853052,401903,681534,0,2569.0552288417284,4356.520071592943,0.0,6925.575300434672,1315.3562771669651,68036356297.0,261756.0,1280.0,11385.0,24904018544.0,17804959960.0,,69989678.0,5657142995.0,186546895.0,159192.14103809767,113813.3467143953,1673.2037841984147,8.18205062643825,72.7755049859371,81506376.21150601,58272433.517770395,434903837.23472255,0.7149432501643258,,3.297546043380507
stcp,udp,4,1024,8,15.008147722983267,57024,0,7.420969066651835,3799.5361621257393,9.430496720597148,0.9137289598584175,2.0254559931345284,2.84043001011014,43.83518953458355,22656,65.67809700339821,310829,559277,0,5450.845258136925,9807.747615039281,0.0,15258.592873176207,2790.8327721661058,68040014017.0,483046.0,25060.0,13381.0,27821016099.0,19901811242.0,,98518429.0,6215905630.0,211759873.0,487882.57749368687,349007.63261083054,8470.924523007856,439.46408529741865,234.65558361391695,249795879.67676768,178691907.89674523,1193182063.9906003,0.7153517028702396,,3.406742084017128
tls,tls,4,1024,8,15.013729086029343,47456,0,6.173516217649623,3160.840303436607,97.90500749659259,0.984127982519567,2.769053040537983,3.857314004562795,58.53960697997653,29224,74.21316709746085,227909,439748,0,4802.53287255563,9266.436277815239,0.0,14068.96915037087,2458.896830748483,68055516037.0,311837.0,20376.0,11144.0,30808401659.0,21601126065.0,,125987653.0,6469309828.0,227375485.0,649199.2932189818,455182.19118762645,6571.076365475387,429.366149696561,234.82805124747134,332390038.1281187,233053281.88806474,1434076113.3892448,0.7011440029927585,,3.514679170502699
udp,udp,4,1024,8,15.002966988948174,171272,0,22.296631409401787,11415.875281613715,0.17868824943434447,0.27182104531675577,0.6692850147373974,1.0227510356344283,99.78214983094844,22504,57.711663706335116,409636,693826,0,2391.727778037274,4051.018263347191,0.0,6442.746041384465,1224.5646223550843,68037344093.0,264933.0,1315.0,10293.0,24547372679.0,17150049208.0,,69552482.0,5555024357.0,187232540.0,143323.90979844925,100133.40889345603,1546.8552945023123,7.677845765799431,60.097388948573034,73381841.81680602,51268305.353449486,397247326.4339764,0.698651111557518,,3.370507993615986
stcp,udp,8,1024,1,15.003703996015247,57543,0,7.490728416452944,3835.2529492239073,13.897086137149017,1.9418569863773882,3.7067370139993727,5.405617004726082,51.820203878088414,23616,62.53464736680012,299423,541293,0,5203.465234694055,9406.756686304154,0.0,14610.221920998209,2664.174200163356,68041503759.0,468846.0,28166.0,13213.0,26375866717.0,18343011106.0,,92173847.0,5809690024.0,202185831.0,458367.9460055958,318770.50390143023,8147.750377978207,489.4774342665485,229.61958882922337,234684388.35486504,163210497.99753228,1182446236.0148063,0.6954467621030783,,3.4801483412155276
tls,tls,8,1024,1,15.012257329013664,51311,0,6.675664737062194,3417.940345375843,165.34445513389073,1.8827010062523186,5.225218017585576,7.466274022590369,55.71226776026433,33776,79.54409118176365,213857,406067,1,4167.858743739159,7913.839137806708,0.01948899846036912,12081.717370544327,2133.94367679445,68054044851.0,389535.0,30349.0,11480.0,32571879807.0,21521305501.0,,140576976.0,6674986686.0,246933033.0,634793.315409951,419428.6897741225,7591.647015259886,591.4716142737425,223.7337023250375,325014177.4898949,214747489.16435072,1326305175.3230302,0.6607326819490127,,3.699378659704491
udp,udp,8,1024,1,15.001416056009475,113569,0,14.786234332601055,7570.55197829174,0.336598270223476,0.9665279649198055,1.9017690210603178,3.2950949971564114,76.61146092535748,24472,54.823247453565,368526,649439,0,3244.952407787336,5718.453098997085,0.0,8963.405506784422,1661.415632787116,68045770482.0,215708.0,1215.0,14296.0,23069015247.0,17048905866.0,,63753847.0,5255035287.0,165615460.0,203127.7483027939,150119.36237881816,1899.3563384374256,10.69834197712404,125.87942132095907,104001407.13103047,76861113.5379549,599157961.0809288,0.7390391693558361,,3.1515575244509297
stcp,udp,8,1024,4,15.007656486006454,60168,0,7.830378121299269,4009.1535981052257,14.393673503946047,1.8631460261531174,3.5996719961985946,5.187573959119618,52.259891524789445,23656,63.69676834793114,301034,547681,0,5003.2243052785525,9102.529583831936,0.0,14105.753889110489,2561.650844302619,68038122666.0,467452.0,25850.0,10553.0,26857316051.0,18652581418.0,,93474036.0,5903418723.0,207719713.0,446372.09232482384,310008.33363249566,7769.113149847095,429.6303683020875,175.39223507512298,228542511.2703098,158724266.81983778,1130802464.2002394,0.6945065315752388,,3.5186342481639348
tls,tls,8,1024,4,15.015109863015823,61356,0,7.9810230223604,4086.283787448525,153.47258960537147,1.6392369871027768,4.0235359920188785,5.7952600182034075,89.25752873118272,34160,77.27949940405244,134866,277399,7995,2198.0898363648216,4521.138926918313,130.3051046352435,6849.533867918378,1125.4219962187888,68035287537.0,464577.0,20492.0,52655.0,32496216567.0,23296533412.0,,152233021.0,7300964802.0,265311787.0,529633.8836788578,379694.46202490386,7571.8267162135735,333.98526631462283,858.1882782449964,271172548.4435752,194403564.55675077,1108861195.9221592,0.7168998693730302,,3.6339277642774204
udp,udp,8,1024,4,15.002393738017417,137308,0,17.875793168953333,9152.406102504106,0.17764898802852258,0.8364850073121488,1.356170978397131,2.3593660444021225,94.15076851506909,24636,46.27306273062731,253317,512332,19509,1844.8815800972995,3731.2611064176886,142.08203455006264,5718.224721065051,944.5793690098174,68040989612.0,20625.0,209.0,14791.0,19157432138.0,17670428751.0,,51386848.0,4801432895.0,105065959.0,139521.60207708218,128691.90980132257,150.20974742913742,1.5221254406152591,107.72132723512105,71435060.26346608,65890257.81827716,495535508.5792525,0.9223798170710764,,2.188220918580598
stcp,udp,8,1024,8,15.009270730020944,79600,0,10.358181473070347,5303.388914212018,13.6514831247041,1.386481977533549,2.776385983452201,4.36233397340402,66.6264149663056,24100,71.53073645769933,240469,460896,16701,3020.967336683417,5790.150753768845,209.81155778894473,9020.929648241206,1546.7352763819097,68028098869.0,481017.0,16292.0,10946.0,29852386165.0,23369237521.0,,103846298.0,6822832501.0,207872203.0,375029.97694723617,293583.3859422111,6042.927135678392,204.67336683417088,137.51256281407035,192015348.19698492,150314693.60241207,854624357.6507539,0.7828264511866366,,3.046714146500487
tls,tls,8,1024,8,15.026612350018695,62448,0,8.116849437448106,4155.8269119734305,133.1883311358979,1.6314139938913286,3.949225996620953,5.595794995315373,79.46844386376377,34052,74.93150684931507,127737,269508,12875,2045.4938508839357,4315.718677940046,206.17153471688448,6567.384063540867,1047.2928516525747,68049995073.0,470640.0,21527.0,13150.0,30988118940.0,24487321699.0,,142802595.0,7182398638.0,241881050.0,496222.7603766334,392123.3938476813,7536.510376633359,344.7188060466308,210.57519856520625,254066053.31283626,200767177.6500128,1089706557.0234435,0.7902164615546038,,3.367691800344764
udp,udp,8,1024,8,15.00525861600181,166264,0,21.64137142252909,11080.382168334894,0.3230932488804683,0.5143089802004397,1.2437279801815748,1.9311009673401713,126.46241884670835,24476,45.25547445255474,291671,564826,15949,1754.264302554973,3397.163547129866,95.92575662801329,5247.353606312852,898.183322908146,68040762093.0,92321.0,246.0,11663.0,19282081996.0,16374370215.0,,51576318.0,4742744307.0,118768678.0,115972.68197565318,98484.15901818794,555.2675263436462,1.4795746523601019,70.14747630274744,59378013.17153443,50423889.41731223,409233280.1628735,0.8492013579444795,,2.504218450585766
stcp,udp,16,1024,1,15.010506679012906,72001,0,9.36856803918678,4796.706836063631,30.25336818609503,2.9895409825257957,7.1396990097127855,10.779947973787785,63.07654499923,24460,73.35052328226908,225781,436184,15197,3135.8036693934805,6058.026971847613,211.0665129650977,9404.897154206192,1605.5314787294622,68037758350.0,543374.0,33641.0,13136.0,30355924449.0,22698955940.0,,111410143.0,6768247626.0,211925686.0,421604.206177692,315258.8983486341,7546.7562950514575,467.22962181080817,182.44191052902042,215861353.5629783,161412555.95450065,944955741.5869223,0.7477603252747508,,3.1311751240586183
tls,tls,16,1024,1,15.019943532999605,58151,0,7.561691002730282,3871.5857933979046,255.68204392766347,3.394828992895782,9.213556011673063,12.71007303148508,103.33865081382399,41920,72.06626783248964,115509,239760,9235,1986.3630891988098,4123.0589327784555,158.81068253340442,6268.23270451067,1017.0179016697907,68032909666.0,462139.0,67246.0,12925.0,29928149152.0,21719905418.0,,143836553.0,6597100435.0,236884106.0,514662.67393509997,373508.7172705542,7947.223607504599,1156.4031572973809,222.2661691114512,263507289.05477118,191236463.24252376,1169935335.0071366,0.7257350031132322,,3.590730629827072
udp,udp,16,1024,1,15.00208146701334,154002,0,20.049561583262168,10265.37553063023,0.2095798117807135,1.5991479740478098,2.6996320229955018,4.218602960463613,135.61748777818386,28104,47.059703725871614,274822,546155,19707,1784.5352657757692,3546.4149816236154,127.96587057310944,5458.916117972493,913.6820560771938,68036144500.0,59320.0,266.0,10897.0,20183612269.0,18128620229.0,,51894316.0,5044836359.0,112625715.0,131060.71524395786,117716.78438591707,385.18980272983464,1.7272502954507083,70.7588213140089,67103086.20490643,60270993.60558954,441787408.60508305,0.8981851210471249,,2.232494911337916
stcp,udp,16,1024,4,15.012925859016832,75824,0,9.864416263073345,5050.5811266935525,29.453399507474387,2.976830000989139,6.362857995554805,9.596354037057608,82.35090292259424,24936,73.57426044525769,229808,441564,14381,3030.808187381304,5823.538721249209,189.66290356615318,9044.009812196666,1551.7737919392277,68049116833.0,548592.0,29608.0,12439.0,30525874168.0,22430690111.0,,111244734.0,6741307758.0,214897442.0,402588.5493775058,295825.7294656046,7235.070690018992,390.48322430892597,164.0509601181684,206125337.28128296,151462773.48638955,897461447.9979954,0.7348090995708123,,3.187770825994086
tls,tls,16,1024,4,15.028881082951557,57964,0,7.532891961493,3856.840684284416,292.7610261285736,3.3752729650586843,9.255112032406032,12.778518022969365,96.07771809692309,42012,71.96748964882687,115792,240665,9312,1997.6537160996481,4151.9736388102965,160.65143882409774,6310.278793734043,1022.7987026430199,68045533685.0,461400.0,66631.0,13066.0,29752302602.0,21666434219.0,,143853932.0,6621043143.0,238982583.0,513289.32789317507,373791.21901525086,7960.113173694017,1149.5238423849287,225.41577530881239,262804135.88130563,191381104.13580844,1173927501.2939067,0.7282271395540171,,3.6094400510387974
udp,udp,16,1024,4,15.004889892996289,149764,0,19.49416587432151,9981.012927652613,0.4247814467817079,1.5751930186524987,3.414384031202644,5.5957959848456085,118.51445846530608,27928,45.4601226993865,266955,529754,19584,1782.5044737052963,3537.2586202291604,130.76573809460217,5450.528832029059,912.6422905371118,68031132036.0,76642.0,224.0,10483.0,20108590822.0,18219693496.0,,50493018.0,5061412756.0,112158260.0,134268.5212868246,121656.02879196603,511.75182286797894,1.4956865468336848,69.99679495739964,68745482.8988542,62287886.74148661,454255575.6790684,0.9060651567919203,,2.2159477088100186
stcp,udp,16,1024,8,15.02430304599693,75472,0,9.811187217717555,5023.327855471388,32.643693120917305,3.0257199541665614,5.017443036194891,8.62200401024893,65.90741660151963,24828,70.177031320926,237736,464596,16459,3149.9894000423997,6155.872376510493,218.08087767648928,9523.942654229382,1612.7945728217087,68034349666.0,431148.0,18829.0,13784.0,29314273720.0,22794795120.0,,94778101.0,6590505630.0,193613425.0,388412.57313970744,302029.82722069114,5712.688149247403,249.48325206699175,182.63726945092222,198867237.4475302,154639271.53699386,901451527.268391,0.777600541556245,,2.937762834442795
tls,tls,16,1024,8,15.039681928989012,58440,0,7.5892978015707735,3885.720474404236,282.60754943767097,3.3420289983041584,9.182757989037782,12.849406979512423,78.02456897297442,42024,72.24095646842427,117708,245418,9544,2014.1683778234085,4199.486652977413,163.31279945242983,6376.967830253251,1031.2542094455853,68036245445.0,463670.0,65449.0,12876.0,29900855118.0,21836234268.0,,144135889.0,6635804724.0,237256393.0,511650.4982546201,373652.1948665298,7934.120465434634,1119.9349760438056,220.32854209445586,261965055.1063655,191309923.77166325,1164206800.906913,0.7302879526965373,,3.5753974516746196
udp,udp,16,1024,8,15.006731448986102,148568,0,19.336114328853725,9900.090536373107,0.15913250535959378,1.6499919584020972,2.498210989870131,3.75856104074046,130.28030165303525,27832,47.29609929078014,269140,537772,19686,1811.5610360239084,3619.7027623714393,132.50498088417424,5563.768779279522,927.519250444241,68028769278.0,40496.0,212.0,10887.0,19838798735.0,18021111664.0,,51610563.0,4960735703.0,108778463.0,133533.45764229173,121298.7430940714,272.5755209735609,1.426956006677077,73.27957568251574,68369130.31285337,62104956.464164555,457896513.9060901,0.9083771605690418,,2.192788923107037
stcp,udp,1,4096,1,15.00060815201141,17571,0,9.151191478966352,1171.352509307693,3.567405976355076,0.8252410334534943,1.123950001783669,1.274527981877327,33.24037232004757,21156,40.968890264664914,130635,321396,18984,7434.693529110466,18291.275396960904,1080.4165955267201,26806.385521598088,951.6407717261397,68034981777.0,264270.0,731.0,14683.0,18385970648.0,18436008433.0,,43012141.0,4756835459.0,93722457.0,1046381.5746400319,1049229.322918445,15040.122929827556,41.60264071481418,835.6382676000227,133936841.55392408,134301353.33356097,3872003971.1456375,1.0027215199000354,,1.9702690540341434
tls,tls,1,4096,1,15.002382351958659,9805,0,5.105959887097476,653.5628655484769,67.52649502595887,1.596704008989036,1.8807469750754535,2.151101012714207,42.5195468982777,24736,36.19705617302493,66613,171885,15562,6793.778684344722,17530.341662417133,1587.149413564508,25911.269760326366,869.6036715961244,68054956685.0,31054.0,613.0,47937.0,15796481684.0,17619451424.0,,37534040.0,4526141213.0,78744167.0,1611063.914737379,1796986.376746558,3167.1596124426314,62.51912289648139,4889.036206017338,206216181.0863845,230014256.2235594,6940842089.240184,1.115403529499006,,1.739763814125611
udp,udp,1,4096,1,15.00066641398007,7634,0,3.9758650285308077,508.9107236519434,0.1759990118443966,1.82794698048383,3.860249009449035,4.272869962733239,20.673714849826936,20928,28.604752879428485,260239,544948,0,34089.46816871889,71384.33324600472,0.0,105473.80141472361,4363.451925596019,68058623167.0,12667.0,128.0,10345.0,12183061826.0,6862850412.0,,41479556.0,2828038566.0,110687393.0,1595894.9208802725,898984.8587896253,1659.287398480482,16.76709457689285,1355.1218234215353,204274549.87267488,115070061.92507204,8915198214.173433,0.5633108088932061,,3.913927989905637
stcp,udp,1,4096,4,15.000963248021435,18744,0,9.761873126335038,1249.5197601708849,4.0548259858042,0.705953047145158,1.3889270485378802,2.5089660193771124,17.02799985418876,21644,46.75925925925926,348987,694567,0,18618.59795134443,37055.43107127614,0.0,55674.029022620576,2383.180537772087,68053858019.0,259488.0,705.0,10433.0,21303320827.0,13467223370.0,,67488338.0,5000864089.0,177621952.0,1136540.8038305591,718481.8272513871,13843.790012804098,37.61203585147247,556.6047801963294,145477222.89031157,91965673.88817754,3630700918.6406317,0.6321654487281407,,3.5518252213792567
tls,tls,1,4096,4,15.003778848040383,11748,0,6.117208933134028,783.0027434411555,43.93820697441697,1.111240009777248,1.915458997245878,2.5436769938096404,25.997783888353283,24932,43.28078663961292,315164,608414,0,26827.03438883214,51788.72999659516,0.0,78615.7643854273,3433.860401770514,68039477555.0,41280.0,313.0,14949.0,19777318865.0,14103680043.0,,56031022.0,4828651050.0,153469475.0,1683462.6204460333,1200517.5385597548,3513.7895812053116,26.642832822608106,1272.4719101123596,215483215.41709226,153666244.93564862,5791579635.257066,0.7131239648443621,,3.178309499088778
udp,udp,1,4096,4,15.010306089010555,6136,0,3.1936390714308165,408.7858011431445,0.09728799341246486,2.386256994213909,4.252826038282365,5.027222039643675,8.281423394224335,20844,27.45387453874539,232672,488620,2,37919.16558018253,79631.68187744459,0.3259452411994785,117551.17340286831,4853.653194263364,68036922852.0,8781.0,144.0,16664.0,11240203929.0,6341879932.0,,41379372.0,2576598262.0,95658879.0,1831845.4903846155,1033552.7920469361,1431.0625814863104,23.46805736636245,2715.7757496740546,234476222.76923078,132294757.38200782,11088155614.732725,0.5642139566202883,,3.7126035676880385
stcp,udp,1,4096,8,15.00092008599313,19376,0,10.09104769122422,1291.6541044767002,2.7886099996976554,0.6296859937720001,1.3591049937531352,2.4424779694527388,15.380936547714748,21324,45.120425398811385,339514,637929,0,17522.398843930634,32923.66845582164,0.0,50446.06729975227,2242.8670520231212,68040980444.0,267002.0,660.0,16500.0,20324251173.0,12867734859.0,,66838156.0,4719778490.0,169838144.0,1048939.4701176714,664106.8775289017,13780.03715937242,34.062758051197356,851.5689512799339,134264252.17506194,85005680.32369941,3511611294.5912466,0.6331222119560449,,3.598434637554357
tls,tls,1,4096,8,15.009156050975434,11464,0,5.967190939705061,763.8004402822478,47.40441998001188,1.1376389884389937,2.037680009379983,2.718210977036506,29.131124929011882,25000,42.40098249923242,294570,587021,21,25695.219818562455,51205.60013956734,1.83182135380321,76902.6517794836,3288.988136775994,68035301647.0,40189.0,288.0,10458.0,19247690301.0,13679148174.0,,55243562.0,4666044387.0,145458318.0,1678968.100226797,1193226.4631891137,3505.6699232379624,25.12212142358688,912.2470341939986,214907916.82903,152732987.28820655,5934691350.924633,0.7106903716800405,,3.1173796461358005
udp,udp,1,4096,8,15.012567196041346,6000,0,3.1223840258553808,399.66515530948874,0.12075499398633838,2.4581230245530605,4.2909589828923345,4.925045999698341,8.006039102472302,20900,27.37430167597765,231914,487909,0,38652.33333333333,81318.16666666666,0.0,119970.5,4947.498666666666,68031482223.0,8527.0,128.0,16658.0,11162242659.0,6274349684.0,,41347032.0,2537276176.0,95226863.0,1860373.7765,1045724.9473333333,1421.1666666666667,21.333333333333332,2776.3333333333335,238127843.392,133852793.25866666,11338580370.5,0.5621047557984289,,3.753113827369181
stcp,udp,2,4096,1,15.000698696996551,32218,0,16.779426750995015,2147.766624127362,5.816775985294953,0.7758629508316517,1.5409719781018794,2.0381700014695525,32.026981522946755,21628,58.34741207187836,356776,668534,0,11073.809671612142,20750.32590477373,0.0,31824.13557638587,1417.4476379663543,68032790334.0,361676.0,14556.0,15011.0,25121901185.0,16352332786.0,,87430591.0,5746828951.0,213233663.0,779747.382984667,507552.6968154448,11225.898566018994,451.79713203799116,465.91967223291323,99807665.02203737,64966745.192376934,2111639156.1859827,0.6509193976037049,,3.7104577988682856
tls,tls,2,4096,1,15.009109270002227,23430,0,12.195718727016292,1561.0519970580854,69.24129149410874,1.1743059731088579,1.6871489933691919,2.341279003303498,57.59653584025587,26276,59.10849713666615,337848,627596,0,14419.46222791293,26786.000853606485,0.0,41205.46308151942,1845.6911651728556,68046729371.0,70353.0,388.0,12857.0,25589046405.0,19766546523.0,,73183565.0,6215915906.0,180727092.0,1092148.8008962867,843642.6172855314,3002.6888604353394,16.559965855740504,548.7409304310713,139795046.5147247,107986255.01254801,2904256481.9035425,0.7724612402569911,,2.907489334364235
udp,udp,2,4096,1,15.00212677300442,9891,0,5.150832189943209,659.3065203127308,0.43633198947645724,3.020342963282019,4.6766920131631196,5.078557005617768,28.86548731072188,21576,28.136937995885987,246976,520106,0,24969.77049843292,52583.76301688404,0.0,77553.53351531696,3196.1306237994136,68032020852.0,6995.0,161.0,12604.0,11652364371.0,6500099869.0,,41783811.0,2669584109.0,101809162.0,1178077.4816499848,657173.1745020726,707.2085734506117,16.277423920736023,1274.2897583661916,150793917.65119806,84118166.3362653,6878174183.803457,0.5578352737730399,,3.813671262754734
stcp,udp,2,4096,4,15.003507205983624,30020,0,15.631761746111296,2000.865503502246,5.071713501820341,0.879018974956125,1.6265269950963557,2.0293690031394362,35.39113173406766,21624,58.530986993114,362578,678655,0,12077.88141239174,22606.76215856096,0.0,34684.6435709527,1545.9688207861425,68047470149.0,341694.0,12236.0,10911.0,25189981934.0,16101467004.0,,86594138.0,5738287541.0,212657187.0,839106.6600266489,536357.9948034644,11382.211858760826,407.59493670886076,363.45769487008664,107405652.48341106,68653823.33484344,2266737846.4023986,0.639201212854669,,3.705934662223996
tls,tls,2,4096,4,15.007465080998372,23068,0,12.008606985078584,1537.1016940900588,53.77340901759453,1.1850619921460748,1.9672809867188334,2.6287449873052537,56.94331423646061,26240,57.632640397145515,322057,590516,0,13961.201664643662,25598.924917634817,0.0,39560.12658227848,1787.0338130743887,68044609795.0,68819.0,398.0,13609.0,25021574520.0,19401261574.0,,70950008.0,6081167913.0,176221145.0,1084687.6417548119,841046.539535287,2983.3102132824692,17.253337957343504,589.9514478931853,138840018.14461592,107653957.06051673,2949740324.0419626,0.7753813237649123,,2.8978174508762327
udp,udp,2,4096,4,15.010694538999815,14760,0,7.682022953728259,983.2989380772171,0.5343539814930409,2.02594802249223,3.829939989373088,4.514381987974048,31.948508362089058,21388,31.113838600797788,307005,616217,0,20799.796747967477,41749.119241192406,0.0,62548.91598915988,2662.3739837398375,68042356593.0,9138.0,173.0,16232.0,14403297903.0,8477436066.0,,44539151.0,3484795933.0,122901558.0,975833.1912601626,574352.0369918699,619.1056910569106,11.720867208672088,1099.728997289973,124906648.48130082,73517060.73495935,4609915758.333333,0.5885760416185152,,3.5267935443839953
stcp,udp,2,4096,8,15.002167769009247,32328,0,16.835067030894788,2154.888579954533,3.5857414768543094,0.7963969837874174,1.6284830053336918,2.300214022397995,31.321780107717874,21656,57.29943674836353,368493,655256,2,11398.5708982925,20268.992823558525,0.061865874783469436,31667.625587725808,1459.0170749814401,68029551390.0,369628.0,16208.0,12572.0,24755748942.0,15984244799.0,,86643448.0,5603776412.0,207302778.0,765768.032108389,494439.6436216283,11433.67978223212,501.3610492452363,388.88888888888886,98018308.10987379,63288274.38356842,2104353853.9346695,0.6456780942660765,,3.69934063671918
tls,tls,2,4096,8,15.008095959958155,21176,0,11.023217098384096,1410.9717885931643,59.38413098920137,1.26230699243024,2.2361690062098205,2.795944979880005,64.15911136023179,26516,55.701280666563804,302568,586140,18,14288.25085001889,27679.448432187382,0.8500188893086513,41968.54930109558,1828.8961088024178,68055313371.0,65507.0,424.0,15008.0,23943311537.0,18372281131.0,,71060837.0,5800513769.0,171169014.0,1130681.5043917643,867599.2222799396,3093.4548545523235,20.022667170381567,708.7268605969022,144727232.56214583,111052700.45183226,3213794549.0649796,0.7673241482327541,,2.950928500761223
udp,udp,2,4096,8,15.010410819959361,41880,0,21.797371432695126,2790.063543384976,0.11171100777573884,0.5499979597516358,1.9335480174049735,2.999811025802046,47.295947360481506,21544,58.12651331719129,343559,632505,2,8203.414517669531,15102.793696275072,0.04775549188156638,23306.255969436486,1050.0370582617002,68056709110.0,175341.0,5396.0,58831.0,23753384918.0,15289392742.0,,85720610.0,5605243897.0,200974232.0,567177.2903056352,365076.2354823305,4186.747851002865,128.84431709646609,1404.7516714422159,72598693.1591213,46729758.1417383,1625040809.6943648,0.6436721669261505,,3.5854681026023516
stcp,udp,4,4096,1,15.003695497987792,17877,0,9.308644161615446,1191.506452686777,8.729201246751472,3.5190089838579297,4.272383986972272,6.5501100034452975,19.00417800656114,21928,62.14458560193587,309310,580105,2,17302.120042512724,32449.795827040332,0.11187559433909493,49752.027745147396,2214.671365441629,68049241353.0,457437.0,23227.0,12278.0,25857803093.0,18382448997.0,,83947157.0,5694256426.0,198535690.0,1446428.544666331,1028273.7034737372,25588.018123846283,1299.267214857079,686.8042736477038,185142853.71729037,131619034.04463837,3806524660.345696,0.7109052896290458,,3.4865955297250957
tls,tls,4,4096,1,15.009003926999867,19253,0,10.021588589860945,1282.763339502201,95.49004699510988,2.2532810107804835,8.119436970446259,12.467599008232355,39.90734514517029,28384,90.74561403508771,277238,497886,38,14399.729912221472,25860.17763465434,1.9737183815509272,40261.88126525736,1843.1654287643485,68051615795.0,327459.0,15278.0,10898.0,36753052848.0,26033395836.0,,139632859.0,7489658507.0,242689025.0,1908951.9995844804,1352173.4709395939,17008.20651327066,793.5386692982912,566.0416558458422,244345855.9468135,173078204.280268,3534598026.021919,0.7083328817245903,,3.240321635134332
udp,udp,4,4096,1,15.001301137031987,51455,0,26.79715471530987,3430.0358035596632,0.15399976109620184,0.9044409962370992,2.8643899713642895,4.953893949277699,97.18714974669541,22564,81.7951771360524,415161,691289,5,8068.428724127878,13434.826547468661,0.09717228646390048,21503.352443883003,1032.7588766883684,68072810314.0,368299.0,12507.0,12623.0,33311450585.0,21219415172.0,,116812226.0,7128414794.0,267165532.0,647389.9637547372,412387.8179380041,7157.691186473618,243.06675736080072,245.3211544067632,82865915.36060636,52785640.696064524,1322958124.8469536,0.6370006348974491,,3.747895425850832
stcp,udp,4,4096,4,15.011825093999505,17204,0,8.95335837970325,1146.029872602016,6.133701259386726,3.5654540406540036,4.048964008688927,5.29611500678584,18.671533823827886,21668,59.43268797838811,310140,582737,0,18027.20297605208,33872.180888165545,0.0,51899.38386421762,2307.4819809346664,68062118590.0,441522.0,21740.0,11981.0,24749986261.0,17636631449.0,,78301293.0,5466120281.0,189780917.0,1438618.1272378517,1025147.1430481283,25663.91536851895,1263.6596140432457,696.4078121367123,184143120.28644502,131218834.31016043,3956179876.191583,0.7125915652240612,,3.471949156692917
tls,tls,4,4096,4,15.020320221025031,18720,0,9.736809724954018,1246.3116447941143,85.96397897053976,2.339325030334294,8.239704999141395,12.665602029301226,37.16243008046252,28236,90.29154950421785,279115,499680,38,14909.989316239316,26692.30769230769,2.02991452991453,41604.32692307692,1908.4786324786326,68042795443.0,325303.0,15717.0,11742.0,36566324005.0,25897875415.0,,139567016.0,7413099518.0,239481320.0,1953329.2737713675,1383433.515758547,17377.297008547008,839.5833333333334,627.2435897435898,250026147.04273504,177079490.01709402,3634764713.83547,0.7082438861357456,,3.230515379140766
udp,udp,4,4096,4,15.002422338991892,58220,0,30.318020631764448,3880.7066408658493,0.4731207445729524,0.8638629806227982,1.5820400440134108,2.872701035812497,99.13860351300725,22624,80.60561299852289,428395,700728,0,7358.210237031948,12035.863964273445,0.0,19394.074201305393,941.8509103400893,68039875019.0,379052.0,14799.0,11250.0,32951382337.0,20581049596.0,,116447552.0,7029576535.0,265992312.0,565980.4592408107,353504.8024046719,6510.683613878393,254.19099965647544,193.2325661284782,72445498.78282377,45248614.707798004,1168668413.242872,0.6245883521824283,,3.7839023542262353
stcp,udp,4,4096,8,15.023916573030874,16696,0,8.681990436112091,1111.2947758223477,6.099969265051186,3.5923440009355545,3.906209021806717,4.600918968208134,18.320888475518984,21824,56.33631810593413,307436,581667,0,18413.751796837565,34838.703881169145,0.0,53252.45567800671,2356.9602299952085,68046594832.0,432379.0,19457.0,13597.0,23855666657.0,17039950527.0,,73010385.0,5286144809.0,181413778.0,1428825.2669501677,1020600.7742573072,25897.1609966459,1165.3689506468613,814.3866794441782,182889634.16962147,130636899.10493532,4075622594.1542883,0.7142936213857576,,3.431873029492712
tls,tls,4,4096,8,15.054343838011846,19728,0,10.237908849327473,1310.4523327139166,102.40406225784682,2.2083049989305437,8.017264015506953,12.467605993151665,44.24309735228966,28356,89.78337236533957,276146,500027,39,13997.668288726683,25346.056366585566,1.9768856447688565,39345.701540957016,1791.7015409570154,68066100722.0,325009.0,14279.0,10987.0,36484041273.0,25777329458.0,,138390680.0,7428743565.0,240055624.0,1849353.268096107,1306636.732461476,16474.50324412003,723.7935928629358,556.9241686942416,236717218.3163017,167249501.75506893,3450228138.78751,0.7065371203018702,,3.2314431357007005
udp,udp,4,4096,8,15.00469776999671,51176,0,26.64582160391543,3410.665165301175,0.13444398064166307,0.9000420104712248,3.53514397284016,5.39633899461478,84.2851565147038,22760,74.01953637556495,422606,720142,0,8257.894325465062,14071.869626387368,0.0,22329.76395185243,1057.0104736595279,68066892444.0,331427.0,8411.0,9864.0,30229072150.0,19254611761.0,,101829678.0,6483495322.0,243033777.0,590688.4506409254,376242.9998632171,6476.21932155698,164.35438486790682,192.74659996873532,75608121.68203846,48159103.98249179,1330054956.3076441,0.6369567569079357,,3.748499303690868
stcp,udp,8,4096,1,15.005884775018785,26800,0,13.95285937078228,1785.9659994601318,13.43969988374738,4.733896988909692,5.377272958867252,7.403712021186948,40.42590017816797,22440,61.94319880418535,303484,571142,0,11324.029850746268,21311.268656716416,0.0,32635.298507462685,1449.4758208955225,68052936648.0,431773.0,24317.0,11239.0,25680947205.0,17993745257.0,,81308007.0,5572272436.0,194435851.0,958244.2986940298,671408.4051119403,16110.932835820895,907.3507462686567,419.36567164179104,122655270.23283581,85940275.85432836,2539288680.895522,0.7006651706949764,,3.4893457423911207
tls,tls,8,4096,1,15.014479005010799,22745,0,11.834930298993228,1514.8710782711332,162.48806400835747,4.20198799110949,12.11707602487877,17.952437978237867,58.430578890364174,32500,93.38150289017341,262408,474365,56,11536.953176522311,20855.792481864144,2.462079577929215,32395.207737964385,1476.7300065948561,68052827981.0,331246.0,20924.0,10340.0,37781547423.0,26456619351.0,,147441160.0,7591367832.0,242843762.0,1661092.4345130797,1163183.9679489997,14563.464497691799,919.9384480105517,454.60540778193007,212619831.6176742,148887547.89747196,2991990678.4348207,0.700252402443797,,3.198946057867691
udp,udp,8,4096,1,15.00137300096685,45882,0,23.894687838033054,3058.520043268231,0.247254989517387,2.2210159804672003,5.296119023114443,9.312818991020322,148.15659205705737,23504,73.56304544086669,407410,696894,0,8879.517021925809,15188.83222178632,0.0,24068.34924371213,1136.5781788065035,68039636370.0,362943.0,9648.0,13725.0,30093781212.0,19111396443.0,,104037606.0,6445889812.0,242260619.0,655895.1486857592,416533.6394010723,7910.357002746176,210.2785406041585,299.13691643781874,83954579.03177717,53316305.84333725,1482926558.7812214,0.635061320754843,,3.758373569293648
stcp,udp,8,4096,4,15.014372689998709,25072,0,13.045833085685636,1669.8666349677615,15.426971498527564,4.83020901447162,5.537630000617355,7.058560033328831,25.177528745627036,22112,58.51322590453025,307458,577008,0,12263.002552648373,23014.039566049778,0.0,35277.04211869815,1569.6643267389918,68081890888.0,447765.0,21719.0,12355.0,24584155875.0,17323506934.0,,77071486.0,5379904101.0,189166307.0,980542.2732530313,690950.3403797065,17859.16560306318,866.2651563497128,492.78079132099555,125509410.976388,88441643.56860243,2715455124.7606893,0.7046614503293374,,3.516165036563353
tls,tls,8,4096,4,15.021122999023646,23024,0,11.97480374880704,1532.774879847301,150.32196436368395,4.209810984320939,11.769481003284454,16.684759000781924,57.206608324547624,32832,93.08495216004638,260663,473369,53,11321.360319666435,20559.807157748437,2.301945795691452,31883.46942321056,1449.1341209173036,68058014500.0,330427.0,18518.0,10497.0,37725773609.0,26572225933.0,,146130689.0,7594043571.0,242967389.0,1638541.244310285,1154109.8824270326,14351.415913829047,804.2911744266852,455.9155663655316,209733279.27171648,147726064.95066017,2955959629.0826964,0.7043520487717932,,3.199446865538665
udp,udp,8,4096,4,15.004528492980171,44356,0,23.09511093015177,2956.1741990594264,0.2798262648866512,2.510430000256747,4.9162390059791505,8.85617098538205,140.48246840853167,23284,74.58079833803235,325907,589749,26,7347.529082874921,13295.811164216791,0.5861664712778429,20643.92641356299,940.48372260799,68100437462.0,243747.0,8354.0,54374.0,29762962700.0,20565893811.0,,109514440.0,6740359022.0,228144951.0,671001.9546397331,463655.2847641807,5495.243033636937,188.3397961944269,1225.8544503562089,85888250.19388583,59347876.44981513,1535315119.9837677,0.6909894696403998,,3.384759628609587
stcp,udp,8,4096,8,15.020941415044945,46768,0,24.32437421226083,3113.5198991693865,22.939817870792467,2.139854012057185,5.280947952996939,7.827555004041642,62.862744345320024,23332,94.68627165526277,255209,463394,58,5456.914984604859,9908.356140951078,1.2401642148477592,15366.511289770784,698.4851180294218,68038984333.0,312095.0,21338.0,11512.0,38128217085.0,27180563729.0,,148190955.0,7746648162.0,243157074.0,815262.9380131714,581178.6633809443,6673.259493670886,456.25213821416355,246.15121450564487,104353656.06568594,74390868.91276087,1454819199.730585,0.7128726651027459,,3.138868177759381
tls,tls,8,4096,8,15.029525313002523,23680,0,12.3091046554844,1575.5653959020033,171.68077761743916,4.366729990579188,10.279318958055228,13.528943993151188,72.28723312106762,32404,90.60676779463243,165402,338114,87,6984.881756756757,14278.462837837837,3.6739864864864864,21267.01858108108,894.064864864865,68046515815.0,373853.0,48191.0,10490.0,36621544341.0,31212304804.0,,143826958.0,8405532525.0,235205815.0,1546517.9198057433,1318087.196114865,15787.711148648648,2035.0929054054054,442.98986486486484,197954293.73513514,168715161.1027027,2873585971.9172297,0.8522935164439793,,2.79822621946252
udp,udp,8,4096,8,15.008710536989383,49040,0,25.52684316589209,3267.4359252341874,0.468230624392163,2.077765006106347,4.9846829497255385,6.977871002163738,120.70203469747159,23532,93.45395704619006,300852,539888,83,6134.8287112561175,11009.135399673736,1.6924959216965743,17145.65660685155,785.2580750407831,68045793148.0,205360.0,16041.0,13253.0,37729130572.0,29084803848.0,,135627768.0,8399182016.0,246673064.0,769354.2123164764,593083.2758564437,4187.601957585644,327.1003262642741,270.2487765089723,98477339.17650898,75914659.30962479,1387556956.5252855,0.7708845501355064,,2.9368700848499385
stcp,udp,16,4096,1,15.009494259953499,53438,0,27.814686342489292,3560.2798518386294,42.295948063838296,3.8612220087088645,10.1292310282588,14.859203016385436,62.50385814151386,24348,93.51906158357771,269531,479434,62,5043.807777237172,8971.780381002283,1.1602230622403533,14016.748381301695,645.6073954863581,68047950723.0,329730.0,26868.0,12348.0,37669593709.0,26257597224.0,,139250323.0,7574207137.0,246162104.0,704921.4736517086,491365.64287585614,6170.3282308469625,502.7882780044163,231.07152213780455,90229948.6274187,62894802.288109586,1273400028.500318,0.697050183945216,,3.2500049120322867
tls,tls,16,4096,1,15.032881631981581,29046,0,15.095035040869138,1932.1644852312497,355.27299212117214,6.82778301415965,17.806698044296354,24.154394981451333,82.14629970695914,40896,89.28257686676427,159870,319303,83,5504.028093369138,10993.011085863802,2.857536321696619,16499.896715554638,704.5155959512497,68039234092.0,372687.0,58067.0,10945.0,36010261645.0,29834807652.0,,140548821.0,8137638111.0,231424279.0,1239766.633787785,1027157.1869448461,12830.923362941541,1999.1392962886457,376.8160848309578,158690129.12483647,131476119.9289403,2342464852.027818,0.8285084942209117,,2.843875284736166
udp,udp,16,4096,1,15.00307428999804,46865,0,24.40385253201648,3123.6931240981094,0.4673443145293277,4.686461994424462,8.929993025958538,13.006813998799771,160.6606121791266,24812,93.66588648332358,306250,541922,72,6534.727408513817,11563.46954016857,1.536327749919983,18099.733276432307,836.4451082897685,68038202739.0,215534.0,14684.0,12628.0,37828055233.0,28910358138.0,,135911566.0,8349618295.0,245366000.0,807170.7080550517,616885.9092713112,4599.0397951563,313.32550944201427,269.45481702763254,103317850.63104662,78961396.38672784,1451791373.925104,0.7642570563019458,,2.938649305045866
stcp,udp,16,4096,4,15.039052926993463,37524,0,19.492999421114906,2495.103925902708,37.94406811721274,6.502185016870499,11.432601022534072,16.673459962476045,51.588979955475445,23368,94.94169096209913,236953,440921,77,6314.705255303273,11750.37309455282,2.0520200405074087,18067.1303698966,808.2822726788189,68046260110.0,302332.0,20041.0,10980.0,38249787146.0,27526496279.0,,146192331.0,7738334008.0,237512407.0,1019341.9450485023,733570.4157072806,8057.030167359557,534.0848523611555,292.61272785417333,130475768.9662083,93897013.21053192,1813406356.1986995,0.7196509662637065,,3.0692963983521038
tls,tls,16,4096,4,15.033702114014886,29168,0,15.157610432334415,1940.1741353388052,323.75933748699026,6.839026988018304,17.63656601542607,24.347992963157594,95.30397696681283,41468,89.16212634369018,156454,311720,84,5363.891936368623,10687.054306088865,2.8798683488754797,16053.826110806362,686.5781678551838,68051562184.0,373717.0,58293.0,11533.0,35993032161.0,29903262529.0,,141562392.0,8145397515.0,232177970.0,1233990.4059585847,1025207.848635491,12812.568568294022,1998.525781678552,395.3990674712013,157950771.96269885,131226604.62534285,2333089762.2051563,0.8308069849530897,,2.850419142496571
udp,udp,16,4096,4,15.018172206007876,47300,0,24.605607455491327,3149.51775430289,0.3292035653430503,4.651750961784273,8.876215957570821,12.354639999102801,158.78404291076413,24744,93.88262842089858,304024,541763,82,6427.568710359408,11453.763213530656,1.733615221987315,17883.06553911205,822.7287949260042,68049005370.0,214459.0,15398.0,11274.0,37886467314.0,29040608232.0,,136930172.0,8374444920.0,247124762.0,800982.3956448203,613966.3473995771,4534.016913319239,325.53911205073996,238.3509513742072,102525746.642537,78587692.46714588,1438668189.640592,0.766516655968839,,2.9509390098179784
stcp,udp,16,4096,8,15.029619523033034,41856,0,21.757037794527626,2784.900837699536,30.155379565258045,5.199304025154561,10.662605985999107,15.129557985346764,55.47407894938815,23588,95.66419321984577,245557,449181,56,5866.709671253822,10731.579701834862,1.337920489296636,16599.62729357798,750.9388379204893,68070129073.0,314289.0,20968.0,10960.0,38486823460.0,27501502102.0,,144860670.0,7726770411.0,239748428.0,919505.5299120796,657050.4133696483,7508.815940366972,500.9556574923547,261.85015290519874,117696707.82874618,84102452.91131498,1626293221.3541665,0.7145692896838517,,3.102828416626549
tls,tls,16,4096,8,15.054607519996352,28952,0,15.024470063371988,1923.1321681116144,321.18083319437574,6.94316002773121,17.732876003719866,24.08350701443851,59.28620847899835,41184,88.94117647058823,158951,316388,77,5490.156120475269,10928.018789720916,2.6595744680851063,16420.83448466427,702.7399834208345,68041141442.0,371727.0,58926.0,10979.0,35928887366.0,29886925257.0,,140856989.0,8146528308.0,231366732.0,1240981.188380768,1032292.2512088974,12839.423873998341,2035.2998065764023,379.2138712351478,158845592.1127383,132133408.15473887,2350136137.1235147,0.8318355353603966,,2.8400654027408803
udp,udp,16,4096,8,15.035262351040728,44312,0,23.025038866450988,2947.2049749057264,0.25718449978739955,4.76223899750039,10.891404992435127,15.944042010232806,124.512479815187,24716,92.70818142044625,297140,529708,72,6705.63278570139,11954.053078172956,1.6248420292471564,18661.310705903594,858.3209965697779,68065655556.0,204209.0,17562.0,11115.0,37459265078.0,29004815979.0,,136432947.0,8315404650.0,243182364.0,845352.6150478426,654558.9451841487,4608.435638201841,396.32605163386893,250.8349882650298,108205134.72612385,83783544.98357104,1536054692.9951255,0.7743028572131454,,2.9244802175682456
stcp,udp,1,65536,1,15.003507298999466,2034,0,16.94603767860033,135.56830142880264,4.187309008557349,6.506584992166609,11.675088026095182,17.290922987740487,16.729001759257844,21240,92.1577315019938,218389,414341,68,107369.22320550638,203707.47295968534,33.43166175024582,311110.12782694196,858.953785644051,68063539000.0,231361.0,24320.0,13506.0,37251322820.0,30777523064.0,,125579034.0,8207130781.0,216992577.0,18314318.003933135,15131525.59685349,113746.80432645035,11956.735496558507,6640.117994100296,146514544.03146508,121052204.77482791,33462900196.656837,0.8262128894782695,,2.6439517389238008
tls,tls,1,65536,1,15.006538450019434,1042,0,8.679549946432271,69.43639957145817,57.786824996583164,13.628677988890558,20.31028299825266,28.015616990160197,23.56001693378809,25128,92.64619883040936,170011,355005,10514,163158.34932821497,340695.7773512476,10090.21113243762,513944.3378119002,1305.2667946257197,68046574648.0,240878.0,18943.0,14077.0,37390563904.0,36169034098.0,,124634230.0,9160173079.0,212536340.0,35883458.64107486,34711165.1612284,231168.90595009597,18179.46257197697,13509.596928982724,287067669.12859887,277689321.2898272,65303814441.45873,0.9673305326676466,,2.3202218797289604
udp,udp,1,65536,1,15.001161249994766,3257,0,27.139565611971676,217.1165248957734,0.07088796701282263,3.984422015491873,8.11159802833572,12.661172018852085,35.759211641044594,21140,77.76780371035308,239558,437405,91,73551.73472520725,134296.89898679766,27.939821922014122,207876.57353392692,588.413877801658,68031270647.0,152416.0,15456.0,47222.0,31506384176.0,24450404232.0,,113628064.0,7227910619.0,228791600.0,9673436.959164876,7507032.309487258,46796.438440282465,4745.471292600552,14498.618360454406,77387495.67331901,60056258.475898065,20887709747.313477,0.7760460259551175,,3.165390554202148
stcp,udp,1,65536,4,15.018753876036499,3084,0,25.66790848174781,205.34326785398247,2.3290530079975724,4.543707997072488,6.123787956312299,9.012615017127246,19.109008801184153,21540,52.6671675432006,337551,637777,0,109452.3346303502,206801.88067444877,0.0,316254.21530479897,875.6186770428016,68032755129.0,170801.0,720.0,16719.0,21989265496.0,16153401063.0,,62927506.0,5029338437.0,159188342.0,7130112.028534371,5237808.38618677,55382.944228274966,233.46303501945525,5421.206225680934,57040896.22827497,41902467.08949416,22059907629.37743,0.7346039396331094,,3.1651944682998074
tls,tls,1,65536,4,15.011317491997033,1456,0,12.124185641735274,96.99348513388219,41.31478600902483,9.425234980881214,13.389612024184316,18.7732259510085,29.38082551615698,25120,45.2,246844,523105,15700,169535.7142857143,359275.4120879121,10782.967032967033,539594.0934065934,1356.2857142857144,68028365556.0,10864.0,159.0,17083.0,18459736248.0,15871272439.0,,52576595.0,4556067014.0,109588679.0,12678390.28021978,10900599.20260989,7461.538461538462,109.2032967032967,11732.829670329671,101427122.24175824,87204793.62087911,46722778541.20879,0.8597778552074142,,2.405335098523641
udp,udp,1,65536,4,15.031474821036682,2016,0,16.764822015157407,134.11857612125925,0.08311000419780612,7.107426004949957,9.464345988817513,12.308685982134193,24.750279292577215,21440,27.86503781268179,245831,512196,0,121939.98015873016,254065.47619047618,0.0,376005.45634920633,975.5198412698412,68030978944.0,4631.0,103.0,10871.0,11094591294.0,5982393179.0,,43261360.0,2447708386.0,101386794.0,5503269.491071428,2967456.934027778,2297.123015873016,51.09126984126984,5392.361111111111,44026155.928571425,23739655.472222224,33745525269.84127,0.5392170851967573,,4.142110824144556
stcp,udp,1,65536,8,15.027510020998307,2968,0,24.68805540515978,197.50444324127824,2.3886970011517406,4.600418033078313,6.87031599227339,9.676033048890531,17.503691538548445,21328,53.17388688327317,349143,645021,0,117635.78167115903,217325.13477088948,0.0,334960.9164420485,941.0862533692723,68048580519.0,170119.0,834.0,15877.0,22362076580.0,16103507694.0,,63851151.0,5127636998.0,164384297.0,7534392.378706199,5425710.139487871,57317.722371967655,280.99730458221023,5349.393530997305,60275139.02964959,43405681.11590297,22927419312.331535,0.7201257734893242,,3.205848952726509
tls,tls,1,65536,8,15.005033065972384,1552,0,12.928995167624315,103.43196134099452,48.449102032464,9.178348002023995,12.027575983665884,15.07724798284471,32.249952257512106,24892,47.00652045050385,268785,561681,1068,173186.2113402062,361907.8608247423,688.1443298969073,535782.2164948453,1385.4896907216494,68032166185.0,20206.0,199.0,11658.0,19661108517.0,16822919539.0,,53068086.0,4814339214.0,116431585.0,12668240.023840206,10839510.012242269,13019.329896907217,128.22164948453607,7511.597938144329,101345920.19072165,86716080.09793815,43835158624.35567,0.8556445087749779,,2.4184333472269537
udp,udp,1,65536,8,15.029078511986881,1952,0,16.235193648458928,129.88154918767142,0.08457800140604377,7.122581999283284,10.646472976077348,14.614760992117226,23.2046961310268,21124,27.732200410196306,244388,510425,0,125198.77049180327,261488.21721311472,0.0,386686.987704918,1001.5901639344263,68031811314.0,4696.0,127.0,15416.0,11187231049.0,6132778418.0,,43490981.0,2515672898.0,97119294.0,5731163.447233606,3141792.2223360655,2405.7377049180327,65.06147540983606,7897.540983606557,45849307.57786886,25134337.778688528,34852362353.483604,0.548194489873184,,3.8605692368515547
stcp,udp,2,65536,1,15.013765697018243,3642,0,30.322172943621556,242.57738354897245,5.054837994975969,6.631740019656718,13.968942977953702,18.65344896214083,24.499443205847513,21796,67.33333333333333,426698,721190,1,117160.35145524437,198020.3185063152,0.2745744096650192,315180.94453596923,937.2828116419549,68055146000.0,149508.0,3878.0,14954.0,27980164091.0,19656824439.0,,75087292.0,6255527235.0,204332660.0,7682637.037616694,5397260.966227348,41051.070840197695,1064.7995606809445,4105.9857221306975,61461096.300933555,43178087.72981878,18686201537.616695,0.7025271322594833,,3.266433864387132
tls,tls,2,65536,1,15.007421988993883,3091,0,25.745594432098933,205.96475545679147,50.00204948009923,9.306435997132212,12.057397980242968,12.929082033224404,74.29264005621175,26420,65.12790355777712,241921,528783,31980,78266.2568747978,171071.82141701714,10346.166289226787,259684.2445810417,626.1300549983824,68050111909.0,16405.0,205.0,15754.0,26504382188.0,26734571958.0,,58930642.0,6828207480.0,124396863.0,8574694.981559366,8649165.952119056,5307.3439016499515,66.32157877709479,5096.732449045616,68597559.85247493,69193327.61695245,22015565159.81883,1.008684970219914,,1.8218084814259337
udp,udp,2,65536,1,15.00481484096963,2622,0,21.84298863222896,174.74390905783167,3.8328670198097825,11.282025021500885,12.501307006459683,13.045925996266305,45.47816199216111,21984,27.775333626631472,239731,508029,0,91430.58733791,193756.29290617848,0.0,285186.8802440885,731.44469870328,68043333481.0,4692.0,142.0,16141.0,11267295112.0,6194649518.0,,42947521.0,2523764183.0,96203207.0,4297214.001525553,2362566.5591151793,1789.4736842105265,54.157131960335626,6155.987795575897,34377712.01220442,18900532.472921435,25950928101.067886,0.5497902962888153,,3.8118936645516217
stcp,udp,2,65536,4,15.01960128598148,3492,0,29.06202313155986,232.4961850524789,5.212748015765101,7.616356015205383,14.25054098945111,18.346919037867337,23.308641376968687,21732,65.99878567091682,422246,714009,2,120918.098510882,204469.93127147766,0.572737686139748,325388.6025200458,967.3447880870561,68054461204.0,153720.0,3354.0,15529.0,27249923317.0,19113639527.0,,73681680.0,6079128280.0,199064944.0,7803529.014032073,5473550.838201604,44020.61855670103,960.4810996563574,4447.021764032073,62428232.11225659,43788406.70561283,19488677320.733105,0.7014199381278942,,3.274563964292591
tls,tls,2,65536,4,15.037510249996558,3092,0,25.702393120569177,205.6191449645534,59.43095198017545,9.302526013925672,12.179618992377073,13.067436986602843,76.43701522998218,26000,64.97200117889773,243005,532664,16476,78591.52652005175,172271.66882276844,5328.589909443725,256191.7852522639,628.7322121604141,68054290371.0,17239.0,183.0,13801.0,26553259645.0,26825265201.0,,59512315.0,6818844330.0,123083580.0,8587729.510025874,8675700.259055628,5575.3557567917205,59.184993531694694,4463.454075032341,68701836.08020699,69405602.07244502,22009796368.369987,1.0102437726906806,,1.8050504461362298
udp,udp,2,65536,4,15.026932801993098,2608,0,21.694380636130944,173.55504508904755,4.366731009213254,11.397890979424119,12.524774007033557,13.102148019243032,49.80370976974997,21988,27.78675282714055,239761,510911,0,91932.89877300613,195901.45705521473,0.0,287834.35582822084,735.4631901840492,68043220703.0,4625.0,136.0,16480.0,11314686395.0,6154549033.0,,42957202.0,2509576368.0,95314115.0,4338453.372315951,2359873.09547546,1773.3895705521472,52.14723926380368,6319.018404907975,34707626.978527606,18878984.76380368,26090191987.346626,0.543943404009829,,3.7980161199860327
stcp,udp,2,65536,8,15.050911783007905,3960,0,32.88837295284943,263.10698362279544,5.589434993453324,6.05534395435825,13.080149015877396,19.016203994397074,26.380667545222263,21800,67.71354877863753,411916,700136,2,104019.19191919193,176802.0202020202,0.5050505050505051,280821.7171717172,832.1535353535355,68054666852.0,155936.0,3463.0,15526.0,28005086778.0,20121850786.0,,74320352.0,6249587442.0,200129247.0,7071991.61060606,5081275.4510101015,39377.77777777778,874.4949494949495,3920.7070707070707,56575932.88484849,40650203.60808081,17185521932.32323,0.7185069964434874,,3.202279332153074
tls,tls,2,65536,8,15.043149348988663,3072,0,25.52656967577178,204.21255740617423,58.74969047727063,9.314258000813425,11.41549099702388,13.943520956672728,66.3080965866406,26336,65.51875732708089,260725,561051,16837,84871.41927083333,182633.7890625,5480.794270833333,272986.0026041666,678.9713541666666,68062261296.0,18346.0,180.0,11523.0,26932376373.0,26878895482.0,,59391038.0,6916998330.0,127542822.0,8767049.600585938,8749640.456380209,5972.005208333333,58.59375,3750.9765625,70136396.8046875,69997123.65104167,22155684015.625,0.9980142527989615,,1.8439041895792967
udp,udp,2,65536,8,15.05595386796631,2592,0,21.51972587332087,172.15780698656695,2.637540514115244,11.529890005476773,12.592729006428272,13.212147983722389,53.70662045667005,21928,27.762410831270927,242107,517171,0,93405.47839506173,199525.8487654321,0.0,292931.3271604938,747.2438271604938,68051965648.0,5708.0,153.0,11226.0,11248441139.0,6016968342.0,,43471347.0,2485906151.0,97500967.0,4339676.365354938,2321361.2430555555,2202.1604938271603,59.02777777777778,4331.018518518518,34717410.92283951,18570889.944444444,26254616376.54321,0.534915751226922,,3.9221499556923543
stcp,udp,4,65536,1,15.020888619998004,4101,0,34.12747494296167,273.01979954369335,14.850038234726526,14.09067603526637,23.05782597977668,26.46585099864751,27.388206544071604,22876,73.19494584837545,349087,622503,2,85122.40916849549,151792.97732260425,0.48768593026091195,236915.87417702997,680.979273347964,68056592445.0,170280.0,5262.0,55179.0,30028726753.0,22525778820.0,,78564273.0,6859765072.0,207469217.0,7322293.77054377,5492752.699341624,41521.580102414046,1283.1016825164595,13455.01097293343,58578350.16435016,43942021.59473299,16595121298.463789,0.750140990168675,,3.024436184365003
tls,tls,4,65536,1,15.018778699974064,2954,0,24.585887266628255,196.68709813302604,173.86746674310416,17.997364979237318,38.212318962905556,49.15994597831741,62.01375748359674,28828,93.27190288138073,234482,464838,22263,79377.79282329045,157358.83547731888,7536.560595802302,244273.18889641165,635.0223425863236,68067183833.0,251872.0,7400.0,11045.0,37741634518.0,34379746561.0,,99325201.0,8706625487.0,195380881.0,12776450.412322275,11638370.5352065,85264.72579553147,2505.0778605280975,3738.9979688557887,102211603.2985782,93106964.281652,23042377736.289776,0.9109236258594835,,2.2440482973768225
udp,udp,4,65536,1,15.009328163054306,4695,0,39.100684162839606,312.80547330271685,4.244509516865946,12.016332999337465,16.342486022040248,34.74562696646899,67.66803210419786,23076,85.1001608422284,412434,678450,7,87845.36741214058,144504.79233226838,1.4909478168264112,232351.65069222578,702.7629392971246,68049004981.0,320982.0,12709.0,10479.0,34607794319.0,22040820022.0,,114507309.0,7407238475.0,280424872.0,7371202.197870075,4694530.356123536,68366.7731629393,2706.92225772098,2231.9488817891374,58969617.5829606,37556242.84898829,14493930773.37593,0.6368744514266657,,3.7858221109858357
stcp,udp,4,65536,4,15.036979689029977,4184,0,34.780920824249534,278.2473665939963,8.360686493688263,15.656089992262423,18.936027016025037,23.382934974506497,38.594831675099364,22964,69.98804899910368,318982,589636,4,76238.52772466539,140926.3862332696,0.9560229445506692,217165.86998087954,609.9082217973231,68055587315.0,271438.0,10303.0,10906.0,28727138004.0,22173693382.0,,71845475.0,6279343088.0,189758597.0,6865950.765774379,5299639.909655832,64875.23900573613,2462.476099426386,2606.5965583173997,54927606.12619503,42397119.277246654,16265675744.502867,0.7718726933018009,,3.0219498176908663
tls,tls,4,65536,4,15.06972296803724,2844,0,23.590347397494472,188.72277917995578,110.12343897891697,18.54980702046305,40.86794896284118,56.224352039862424,57.14382419812721,28948,93.82267441860465,246209,475968,14042,86571.37834036569,167358.64978902953,4937.412095639944,258867.44022503516,692.5710267229255,68038089111.0,263534.0,8206.0,10484.0,37999951577.0,34142806531.0,,101788892.0,8738642240.0,202162573.0,13361445.702180028,12005206.234528832,92663.15049226442,2885.372714486639,3686.357243319269,106891565.61744022,96041649.87623066,23923378731.01266,0.8984960536545896,,2.3134323095941274
udp,udp,4,65536,4,15.035457560967188,4720,0,39.240574994649315,313.9245999571945,5.572324487729929,11.924910999368876,17.269902979023755,31.60111204488203,64.0518917428975,23268,83.20610687022901,416561,686830,5,88254.44915254237,145514.83050847458,1.059322033898305,233770.33898305084,706.0355932203389,68046877185.0,301264.0,10316.0,10495.0,33865445739.0,21637977308.0,,111097029.0,7299737760.0,269332198.0,7174882.571822034,4584317.226271186,63827.1186440678,2185.593220338983,2223.5169491525426,57399060.57457627,36674537.81016949,14416711268.008476,0.6389396872187438,,3.689614707474094
stcp,udp,4,65536,8,15.086370305973105,4824,0,39.96985277242306,319.7588221793845,9.130437989369966,11.788511008489877,18.33860803162679,23.564312956295907,34.03172463536342,22692,81.25,351276,613576,7,72818.40796019901,127192.37147595357,1.451077943615257,200012.23051409618,582.5472636815921,68053347146.0,244611.0,11522.0,10907.0,33042997153.0,25534577019.0,,82455564.0,7225838042.0,212192550.0,6849709.194237147,5293237.358830846,50707.08955223881,2388.4742951907133,2260.9867330016586,54797673.55389718,42345898.87064677,14107244433.250416,0.7727681874851263,,2.936580487503819
tls,tls,4,65536,8,15.151648975966964,3048,0,25.145777902083754,201.16622321667003,95.58861225377768,17.56176899652928,37.75912296259776,51.309091970324516,59.16005587390494,28840,94.12964311726148,235497,464632,22231,77262.79527559056,152438.32020997375,7293.635170603675,236994.75065616798,618.1023622047244,68064547501.0,249027.0,7747.0,10895.0,38099383307.0,34677643307.0,,100237121.0,8774670061.0,194103509.0,12499797.672900263,11377179.562664041,81701.7716535433,2541.6666666666665,3574.475065616798,99998381.3832021,91017436.50131233,22330888287.72966,0.9101890974867479,,2.2120889748631654
udp,udp,4,65536,8,15.06302726600552,4944,0,41.02760946298705,328.2208757038964,6.385097760357894,11.88971201190725,15.857021964620799,19.784734991844743,67.06422833608046,23076,81.23167155425219,419534,693727,2,84857.20064724919,140316.94983818772,0.4045307443365696,225174.55501618126,678.8576051779936,68045662592.0,304001.0,10144.0,11645.0,33113535064.0,20924908623.0,,108853276.0,7140591329.0,265104629.0,6697721.493527508,4232384.430218447,61488.87540453074,2051.779935275081,2355.3802588996764,53581771.94822007,33859075.441747576,13763281268.608414,0.6319140672404049,,3.7126425079577605
stcp,udp,8,65536,1,15.028418197005522,5895,0,49.03210639605608,392.25685116844863,8.584902374423109,18.548341002315283,29.781967983581126,35.611446015536785,39.5014559894458,24776,81.96673475342865,357456,625392,3,60637.15012722646,106088.5496183206,0.5089058524173028,166726.20865139947,485.0972010178117,68054302351.0,204574.0,9495.0,10417.0,33348286020.0,26367092493.0,,74511176.0,7295805098.0,204497473.0,5657045.974554707,4472789.22697201,34702.968617472434,1610.6870229007634,1767.0907548770147,45256367.79643766,35782313.81577608,11544410916.20017,0.7906581009047013,,2.802945942950956
tls,tls,8,65536,1,15.043874985014554,3266,0,27.13729012017611,217.0983209614089,152.0364526368212,34.393632027786225,62.85560701508075,87.04667299753055,65.74237694644358,34028,94.29773650609403,223654,447271,26953,68479.48560930802,136947.6423759951,8252.60257195346,213679.73055725658,547.8358848744642,68069194481.0,239101.0,8673.0,11846.0,38307777384.0,35470421498.0,,96521900.0,8919497963.0,189991525.0,11729264.355174525,10860508.725658298,73209.1243110839,2655.5419473361912,3627.0667483159827,93834114.8413962,86884069.80526638,20841761935.394978,0.9259326413652733,,2.130069716794889
udp,udp,8,65536,1,15.021833234000951,4745,0,39.484195488038026,315.8735639043042,1.4920807589078322,23.900179017800838,36.03384498273954,57.27643897989765,68.49941574846902,25824,80.03232441962975,415513,692268,2,87568.59852476291,145894.20442571127,0.4214963119072708,233463.2244467861,700.5487881981034,68037201926.0,299949.0,10122.0,10305.0,32651983451.0,20722810061.0,,106502163.0,7036227924.0,259702846.0,6881345.30052687,4367294.0065331925,63213.69863013698,2133.1928345626975,2171.7597471022127,55050762.40421496,34938352.05226554,14338714842.149632,0.6346570061233245,,3.6909385086030935
stcp,udp,8,65536,4,15.057967480970547,5444,0,45.19202215438302,361.53617723506414,11.998611866147257,20.87788499193266,30.400899006053805,35.682825022377074,33.25363138370424,24564,74.92581602373886,340619,607163,2,62567.78104335048,111528.83908890522,0.36737692872887584,174096.98750918443,500.5422483468038,68064899074.0,208209.0,8469.0,11249.0,30593056685.0,24354314232.0,,69162911.0,6777029190.0,189282641.0,5619591.602681852,4473606.581925055,38245.591476855254,1555.6576047024248,2066.311535635562,44956732.821454816,35788852.65540044,12502736788.023512,0.7960732555351717,,2.793003183154358
tls,tls,8,65536,4,15.119220705004409,3320,0,27.448504661529046,219.58803729223237,169.91539311857196,34.239633998367935,63.34791798144579,79.03871999587864,63.817310351229416,33904,94.97190606540843,226011,449273,28062,68075.60240963857,135323.19277108434,8452.409638554218,211851.20481927713,544.6048192771085,68069798444.0,244211.0,6527.0,10915.0,38435039733.0,35856369158.0,,93997293.0,8986919528.0,191078348.0,11576819.196686747,10800111.192168675,73557.53012048193,1965.9638554216867,3287.650602409639,92614553.57349397,86400889.5373494,20502951338.55422,0.9329083411149443,,2.126182919571815
udp,udp,8,65536,4,15.060627397964709,4808,0,39.90537605898271,319.2430084718617,2.2777818885515444,23.765247024130076,35.788913955911994,49.3305730051361,67.60433500516682,25892,79.27888153053716,421025,694725,7,87567.59567387687,144493.5524126456,1.4559068219633944,232062.60399334444,700.540765391015,68048639759.0,302660.0,9086.0,10781.0,32348181736.0,20514225596.0,,106521074.0,6990961788.0,258031432.0,6727991.209650583,4266685.856073211,62949.25124792013,1889.767054908486,2242.304492512479,53823929.67720466,34133486.84858569,14153211264.351082,0.6341693565165644,,3.6909289426086045
stcp,udp,8,65536,8,15.079832028015517,5416,0,44.894399270645735,359.1551941651659,12.404815497575328,21.07735100435093,32.88688597967848,45.02055299235508,33.58920040083876,24656,82.02975401384592,309122,565191,14,57075.70162481537,104355.79763663221,2.58493353028065,161434.08419497786,456.60561299852293,68071113685.0,179065.0,8809.0,53660.0,33537034101.0,26553446890.0,,82379797.0,7623358844.0,205808875.0,6192214.568131463,4902778.229320532,33062.22304283604,1626.477104874446,9907.68094534712,49537716.5450517,39222225.83456425,12568521729.135893,0.7917649130818111,,2.699713855946619
tls,tls,8,65536,8,15.239226252015214,3656,0,29.98839917739045,239.9071934191236,216.51083988399478,29.86508095636964,55.6469849543646,73.99683998664841,69.02096488402147,34524,96.4859437751004,139374,330296,30074,38121.99124726477,90343.54485776805,8225.929978118162,136691.46608315097,304.97592997811813,68063688036.0,148004.0,15820.0,10342.0,38888545180.0,41498368463.0,,94457685.0,9845251760.0,169179653.0,10636910.607221007,11350757.238238512,40482.49452954048,4327.133479212253,2828.774617067834,85095284.85776806,90806057.9059081,18616982504.376366,1.0671103346993347,,1.7183882862940623
udp,udp,8,65536,8,15.1220130630536,4992,0,41.26434737214777,330.11477897718214,1.7923791310749948,23.678225988987833,28.890243032947183,34.94314302224666,61.37374674457456,25920,93.17881766172803,313248,546547,130,62750.0,109484.57532051283,26.041666666666668,172260.6169871795,502.0,68033946092.0,159854.0,15907.0,10922.0,37540912454.0,28530540832.0,,123602625.0,8409421981.0,252097623.0,7520214.834535256,5715252.570512821,32022.035256410258,3186.4983974358975,2187.900641025641,60161718.67628205,45722020.56410257,13628594970.352564,0.7599852791793307,,2.9977996534075935
stcp,udp,16,65536,1,15.039020936994348,6481,0,53.86820082198177,430.9456065758542,13.227978120994521,33.861726988106966,66.26412901096046,84.55678401514888,42.02415853051602,28328,97.07338380896913,324277,557633,69,50035.0254590341,86041.19734608856,10.646505168955409,136086.86931029163,400.28020367227276,68045609704.0,115175.0,11764.0,12268.0,39034837270.0,31393122538.0,,90571746.0,8383495548.0,206105476.0,6022965.1704983795,4843870.164789384,17771.17728745564,1815.1519827187162,1892.9177596049992,48183721.363987036,38750961.318315074,10499245441.135628,0.8042334676805993,,2.4584670537478766
tls,tls,16,65536,1,15.059348078037146,4452,0,36.95379090225099,295.6303272180079,231.3044250695384,49.081244971603155,86.60717605380341,106.97955300565809,85.39312547503147,44660,97.27536231884058,124933,313112,40148,28062.219227313566,70330.63791554357,9017.969451931716,107410.82659478886,224.49775381850856,68041396295.0,127492.0,15778.0,11092.0,39189053314.0,43018226051.0,,83730119.0,10030014042.0,155866233.0,8802572.622192273,9662674.315139264,28637.017070979335,3544.0251572327043,2491.464510332435,70420580.97753818,77301394.52111411,15283332501.12309,1.0977102637902216,,1.5539981534155463
udp,udp,16,65536,1,15.046120521961711,4884,0,40.57524324020256,324.6019459216205,4.206377310765674,47.69623203901574,58.17844101693481,79.07637301832438,62.35678483570155,30872,93.468731735827,308404,540596,143,63145.78214578215,110687.14168714169,29.27927927927928,173862.2031122031,505.1662571662572,68039856834.0,163563.0,16705.0,10924.0,37696188653.0,28743322321.0,,125444853.0,8475353708.0,253461619.0,7718302.345004095,5885201.130425881,33489.557739557735,3420.35217035217,2236.6912366912366,61746418.76003276,47081609.043407045,13931174617.936117,0.7624994289366307,,2.9905727564001743
stcp,udp,16,65536,4,15.070180332986638,6788,0,56.30324131840316,450.4259305472253,15.804073060280643,32.82431204570457,56.75627203891054,77.17656198656186,45.32778539516138,28268,97.01986754966887,335529,574580,68,49429.7289334119,84646.43488509134,10.017678255745432,134086.18149675897,395.4378314672952,68033784723.0,115678.0,10392.0,10405.0,39010155310.0,31480916420.0,,87955663.0,8381366452.0,207896572.0,5746929.1853270475,4637730.763111373,17041.54390100177,1530.936947554508,1532.85209192693,45975433.48261638,37101846.10489099,10022655380.524454,0.8069928501907315,,2.480461547536688
tls,tls,16,65536,4,15.151034560985863,4480,0,36.961172370499916,295.68937896399933,270.6706281242077,48.991293006110936,85.81371704349294,107.23377898102626,88.79682074413131,44708,97.21069947074811,126370,317825,38332,28207.589285714286,70943.08035714286,8556.25,107706.91964285714,225.66071428571428,68036335424.0,129140.0,14969.0,10381.0,39171147594.0,43193075227.0,,83633643.0,10089749061.0,155404242.0,8743559.730803572,9641311.434598215,28825.892857142855,3341.2946428571427,2317.1875,69948477.84642857,77130491.47678572,15186682014.285713,1.10267576724293,,1.5402190982200483
udp,udp,16,65536,4,15.110926114022732,4828,0,39.93798893900754,319.5039115120603,5.5291204298555385,47.5319679826498,58.25324298348278,85.40354296565056,66.56102957625029,30520,94.81962481962482,311789,544385,98,64579.32891466446,112755.79950289975,20.298260149130076,177355.42667771335,516.6346313173157,68038212463.0,174693.0,13638.0,10920.0,38253141703.0,29187189614.0,,126894870.0,8567481735.0,256118234.0,7923185.936826844,6045399.671499586,36183.30571665286,2824.772162386081,2261.8061309030654,63385487.49461475,48363197.371996686,14092421802.609776,0.763001110878979,,2.989422585562127
stcp,udp,16,65536,8,15.165408861998003,6608,0,54.46605545003266,435.7284436002613,13.626146868773503,33.56350999092683,64.238679013215,80.8818350196816,44.65485936861048,28372,97.25889781859931,330191,566838,70,49968.37167070218,85780.56900726393,10.59322033898305,135759.5338983051,399.74697336561746,68072061777.0,117902.0,10595.0,10832.0,39191827354.0,31753610627.0,,90061666.0,8389703676.0,206903534.0,5930966.609261502,4805328.484715496,17842.31234866828,1603.359564164649,1639.225181598063,47447732.87409201,38442627.87772397,10301462133.323246,0.8102100047590447,,2.4661602124503927
tls,tls,16,65536,8,15.332601424946915,4424,0,36.066938980116,288.535511840928,330.89025193839916,49.60484697949141,87.96384296147153,110.60319002717733,85.14908617371303,44760,96.83173968888255,127540,315852,39230,28829.113924050635,71395.11754068716,8867.540687160941,109091.77215189874,230.63291139240505,68059053870.0,125702.0,13331.0,10254.0,39035960629.0,42922926062.0,,83276649.0,10001085059.0,154495679.0,8823680.069846293,9702288.892857144,28413.652802893306,3013.3363471971065,2317.8119349005424,70589440.55877034,77618311.14285715,15384053768.083181,1.0995739664239839,,1.544789171260662
udp,udp,16,65536,8,15.336650698038284,4336,0,35.340180243482195,282.72144194785756,3.9355958106170874,51.17270699702203,77.08563597407192,100.31457897275686,133.1539552023057,30816,94.12943871706759,316961,556899,99,73099.86162361623,128436.11623616237,22.832103321033212,201558.80996309963,584.7988929889299,68049465110.0,186581.0,13731.0,9928.0,37962955595.0,28917191116.0,,129242495.0,8445632686.0,252318651.0,8755294.187038746,6669093.892066421,43030.673431734314,3166.743542435424,2289.667896678967,70042353.49630997,53352751.13653137,15694064831.642065,0.7617212796731929,,2.987563636508357
stcp,udp,1,131072,1,15.006181474018376,1099,0,18.309121509406022,73.23648603762409,3.9057130343280733,12.661178014241159,19.727541017346084,25.689998001325876,17.305754995008666,21480,92.3721340388007,213358,411887,80,194138.30755232027,374783.43949044583,72.79344858962693,568994.5404913557,776.5532302092812,68054697944.0,226453.0,21320.0,14900.0,37249595215.0,30451420393.0,,119916726.0,8252121895.0,217790697.0,33894081.17834395,27708298.810737032,206053.68516833487,19399.454049135576,13557.779799818016,135576324.7133758,110833195.24294813,61924201950.864426,0.8174966792857269,,2.639208433554047
tls,tls,1,131072,1,15.015941439021844,572,0,9.523212419328347,38.09284967731339,41.51036002440378,25.618132029194385,33.95364404423162,40.94276297837496,24.975330486133654,25412,93.47189695550351,174133,369419,10918,304428.3216783217,645837.4125874126,19087.41258741259,969353.146853147,1217.7132867132866,68063385260.0,236163.0,16381.0,12527.0,37720826787.0,36597896740.0,,123969351.0,9249734100.0,213336645.0,65945501.375874124,63982336.95804196,412872.37762237765,28638.11188811189,21900.349650349654,263782005.5034965,255929347.83216783,118991932272.72728,0.9702305028110624,,2.306408407999534
udp,udp,1,131072,1,15.001973809034098,1536,0,25.596631809126176,102.3865272365047,0.07773295510560274,8.785775979049504,16.97071100352332,23.517387977335602,38.418038008633744,21780,93.76646180860403,269957,486439,79,175753.2552083333,316692.0572916666,51.432291666666664,492496.7447916666,703.0130208333333,68034818482.0,205624.0,17078.0,12054.0,37739376341.0,29963359706.0,,137093856.0,8499220851.0,245639257.0,24569906.472005207,19507395.641927082,133869.79166666666,11118.489583333334,7847.65625,98279625.88802083,78029582.56770833,44293501615.885414,0.7939548188412391,,2.890138535123471
stcp,udp,1,131072,4,15.023509604972787,1064,0,17.705583248800526,70.8223329952021,6.436188996303827,12.457313016057014,21.94610796868801,32.77102898573503,17.486113891327047,21668,86.85404772361294,200694,372702,53,188622.18045112782,350283.83458646614,49.81203007518797,538955.8270676691,754.4887218045112,68032667630.0,216864.0,18565.0,10988.0,35875085115.0,29347050446.0,,113722268.0,7965882111.0,209013706.0,33717185.258458644,27581814.32894737,203819.54887218043,17448.30827067669,10327.067669172931,134868741.03383458,110327257.31578948,63940477095.864655,0.818034308543828,,2.623861401505996
tls,tls,1,131072,4,15.030426242039539,744,0,12.37489855608785,49.4995942243514,42.0114709995687,17.058712022844702,41.346095968037844,42.83915500855073,28.61113803926604,25492,48.946100572116826,293654,587944,717,394696.23655913974,790247.3118279569,963.7096774193548,1185907.2580645161,1578.7849462365593,68046447535.0,29252.0,334.0,29443.0,20622396780.0,17628504648.0,,54506231.0,5241251755.0,128326568.0,27718275.241935484,23694226.677419353,39317.20430107527,448.9247311827957,39573.92473118279,110873100.96774194,94776906.70967741,91460278944.89247,0.8548232698682466,,2.448395421524643
udp,udp,1,131072,4,15.003011340973899,1332,0,22.19554410990559,88.78217643962236,0.33733202144503593,9.988926001824439,17.94799603521824,22.149486001580954,32.06821544459146,21548,32.456273764258555,358126,688535,0,268863.3633633634,516918.16816816817,0.0,785781.5315315315,1075.4534534534534,68046983185.0,7806.0,124.0,9901.0,15211359176.0,8719451600.0,,46368701.0,3626254807.0,129321203.0,11419939.321321322,6546134.834834835,5860.36036036036,93.09309309309309,7433.183183183182,45679757.28528529,26184539.33933934,51086323712.46246,0.573219756309303,,3.566246992637216
stcp,udp,1,131072,8,15.048170170979574,1464,0,24.32189401378725,97.287576055149,5.862725025508553,9.70732799032703,12.819578987546265,17.56519899936393,16.43280858671356,21804,55.66120538326507,347094,642440,0,237086.0655737705,438825.13661202183,0.0,675911.2021857924,948.344262295082,68030397815.0,135965.0,701.0,11417.0,23253439673.0,16531552667.0,,59224090.0,5397059761.0,165448950.0,15883497.044398908,11292044.171448087,92872.26775956285,478.8251366120219,7798.497267759563,63533988.17759563,45168176.68579235,46468850966.53005,0.7109293463450524,,3.065538595580506
tls,tls,1,131072,8,15.240995698026381,712,0,11.679026982669509,46.716107930678035,45.981232018675655,18.325418001040816,34.511468023993075,50.201299018226564,27.828778933053794,25572,45.975503062117234,303704,609288,14299,426550.56179775286,855741.5730337079,20082.865168539327,1302375.0,1706.202247191011,68044205705.0,21988.0,183.0,9382.0,19629257694.0,16423199992.0,,50545459.0,4845022607.0,118256803.0,27569182.154494382,23066292.123595506,30882.022471910113,257.02247191011236,13176.966292134832,110276728.61797753,92265168.49438202,95567704641.85394,0.836669437429619,,2.440789498673231
udp,udp,1,131072,8,15.049717856978532,1072,0,17.807642810773945,71.23057124309578,0.09679899085313082,12.86455598892644,24.571920046582818,31.840194016695023,26.574883582587983,22100,32.27073576068892,351587,673535,0,327972.947761194,628297.5746268657,0.0,956270.5223880598,1311.891791044776,68038625444.0,7195.0,129.0,10414.0,14866852107.0,8444476109.0,,46550535.0,3507581983.0,125376521.0,13868332.189365672,7877309.803171642,6711.753731343283,120.33582089552237,9714.552238805969,55473328.75746269,31509239.21268657,63468867018.656715,0.5680070029770425,,3.5744430666953853
stcp,udp,2,131072,1,15.009089885046706,1940,0,32.313751447594235,129.25500579037694,8.718311495613307,12.999979022424668,26.687821024097502,34.29831500397995,22.280438225182856,22916,70.62265566391598,390338,677456,4,201205.15463917525,349204.1237113402,2.0618556701030926,550411.3402061855,804.8206185567011,68028563647.0,123417.0,3195.0,11237.0,28973673501.0,20602596297.0,,70691348.0,6504450322.0,204772799.0,14934883.247938145,10619894.998453608,63617.010309278354,1646.9072164948454,5792.268041237114,59739532.99175258,42479579.99381443,35066269921.13402,0.7110798807161585,,3.1481952949567007
tls,tls,2,131072,1,15.00985153298825,1629,0,27.132180428630946,108.52872171452378,56.98998150182888,17.274801968596876,22.225266962777823,32.63708099257201,60.09818271802796,27152,66.16430260047281,239047,528335,33259,146744.62860650706,324330.8778391651,20416.820135052178,491492.3265807244,586.9785144260281,68043031332.0,10756.0,150.0,17296.0,26831038553.0,27753054663.0,,56591444.0,7002374068.0,120923372.0,16470864.673419276,17036865.968692448,6602.823818293432,92.08103130755065,10617.55678330264,65883458.693677105,68147463.87476979,41769816655.61694,1.0343637876028808,,1.7268910633124432
udp,udp,2,131072,1,15.01048608700512,1421,0,23.666788533087352,94.66715413234941,2.727986517129466,21.909446048084646,23.271972953807563,24.432100995909423,34.07731748559633,22952,28.52724594992636,257567,531173,0,181257.56509500352,373802.2519352569,0.0,555059.8170302603,725.030260380014,68039185981.0,7231.0,180.0,12262.0,11887545042.0,6579036865.0,,43344819.0,2692384609.0,101267394.0,8365619.311752287,4629864.085151302,5088.669950738916,126.67135819845178,8629.134412385643,33462477.247009147,18519456.340605207,47881200549.612946,0.553439489966645,,3.761252893122596
stcp,udp,2,131072,4,15.042053484998178,1876,0,31.17925358181618,124.71701432726472,7.795782992616296,13.476644991897047,25.563384988345206,32.91965898824856,21.993160729679463,22848,69.9001210653753,389835,685387,15,207801.1727078891,365344.88272921107,7.995735607675906,573154.0511727079,831.2046908315565,68043031740.0,138780.0,2728.0,17084.0,28737563457.0,20269203850.0,,71583269.0,6470311815.0,207994866.0,15318530.62739872,10804479.664179105,73976.54584221749,1454.1577825159916,9106.609808102347,61274122.50959488,43217918.65671642,36270272782.51599,0.7053208905594519,,3.214603437160625
tls,tls,2,131072,4,15.055188416969031,1572,0,26.10395759358555,104.4158303743422,93.67651850334369,17.610667971894145,24.558235018048435,34.26800901070237,59.48528674610225,26696,64.95176848874597,255218,551241,31986,162352.41730279897,350662.213740458,20347.32824427481,533361.9592875318,649.4096692111959,68062131165.0,15037.0,216.0,13408.0,26468449359.0,27064254706.0,,56142248.0,6864657122.0,121099586.0,16837435.979007635,17216447.01399491,9565.521628498727,137.40458015267174,8529.262086513994,67349743.91603054,68865788.05597964,43296521097.32824,1.0225100208523326,,1.7641024722399818
udp,udp,2,131072,4,15.049402002012357,1696,0,28.173876938319815,112.69550775327926,0.09362198761664331,15.266458969563246,22.991842997726053,24.091349041555077,39.95350778187726,23144,30.364919657606247,294837,594011,0,173842.570754717,350242.3349056604,0.0,524084.9056603774,695.3702830188679,68038946019.0,6309.0,153.0,15376.0,13534309588.0,7763177716.0,,44627128.0,3179025683.0,117318640.0,7980135.370283019,4577345.351415094,3719.929245283019,90.2122641509434,9066.037735849057,31920541.481132075,18309381.405660376,40117303077.24057,0.573592444115739,,3.6903961055542065
stcp,udp,2,131072,8,15.091057641955558,1968,0,32.60208871193767,130.40835484775067,6.133814487839118,12.670961034018546,25.58880898868665,33.37481600465253,22.871418835510696,23032,70.88248469463939,402626,679481,2,204586.38211382116,345264.73577235773,1.016260162601626,549852.1341463415,818.3455284552847,68039552055.0,130077.0,2809.0,12661.0,29152192578.0,20694936824.0,,70789606.0,6568632780.0,208787203.0,14813105.984756097,10515719.93089431,66096.03658536586,1427.3373983739837,6433.434959349594,59252423.93902439,42062879.72357724,34572943117.37805,0.7098929786714446,,3.1785488699522033
tls,tls,2,131072,8,15.144844538008329,1640,0,27.071918696229705,108.28767478491882,55.333157506538555,17.247917014174163,21.588251984212548,43.743612011894584,60.425750670686526,26760,67.09780555151868,255097,553251,17431,155546.95121951218,337348.1707317073,10628.658536585366,503523.78048780485,622.1878048780487,68038126240.0,15367.0,213.0,12651.0,27436628360.0,28125858312.0,,56837559.0,7105975295.0,125463649.0,16729651.43902439,17149913.60487805,9370.121951219513,129.8780487804878,7714.024390243903,66918605.75609756,68599654.4195122,41486662341.46342,1.0251207962930617,,1.7656077285869594
udp,udp,2,131072,8,15.043140109977685,1344,0,22.335762184195893,89.34304873678357,0.06697745993733406,22.15633902233094,23.67677603615448,24.54503800254315,35.296806126788624,23368,27.755876770331433,241012,506109,0,179324.40476190476,376569.1964285714,0.0,555893.6011904762,717.297619047619,68045840390.0,4392.0,130.0,15278.0,11236068176.0,6178388001.0,,42328643.0,2527607528.0,97739935.0,8360169.773809524,4597014.881696428,3267.8571428571427,96.72619047619047,11367.559523809523,33440679.095238097,18388059.526785713,50629345528.2738,0.5498709961725672,,3.8668952326367654
stcp,udp,4,131072,1,15.02156714501325,2156,0,35.88174221748449,143.52696886993797,12.5660967460135,22.538649034686387,47.946084989234805,53.955478011630476,25.741708322914064,24688,72.79653420974006,409860,686616,14,190102.0408163265,318467.53246753244,6.4935064935064934,508576.06679035246,760.4081632653061,68050851315.0,122049.0,3425.0,12420.0,29761045285.0,21210760994.0,,72351931.0,6570348153.0,202547107.0,13803824.343692021,9838015.303339517,56608.99814471243,1588.5899814471243,5760.667903525046,55215297.374768086,39352061.21335807,31563474635.89981,0.7127021511133056,,3.0827454235818177
tls,tls,4,131072,1,15.031676977989264,2106,0,35.02603207685668,140.10412830742672,116.8437769956654,23.838109977077693,54.01365802390501,80.22091398015618,79.6462631383759,30368,91.42185663924795,201997,438404,30208,95915.00474833808,208169.0408357075,14343.77967711301,318427.8252611586,383.66001899335237,68046353668.0,89886.0,4587.0,59864.0,36635904114.0,38597880567.0,,76130286.0,9641646011.0,161311866.0,17395965.866096865,18327578.61680912,42680.91168091168,2178.062678062678,28425.45109211776,69583863.46438746,73310314.46723647,32310709244.06458,1.0535533788628477,,1.6730739317328376
udp,udp,4,131072,1,15.015086315979715,2462,0,40.992105343074705,163.96842137229882,0.6441082659875974,23.608823015820235,29.366441012825817,37.19987301155925,68.4941783455139,25428,77.91976225854384,413378,703370,0,167903.33062550772,285690.4955320877,0.0,453593.82615759544,671.6133225020309,68043661445.0,300079.0,10955.0,11235.0,31747564601.0,20037143743.0,,104151959.0,6874429382.0,254977764.0,12895030.300974818,8138563.66490658,121884.24045491469,4449.634443541836,4563.363119415109,51580121.20389927,32554254.65962632,27637555420.389923,0.6311395533743984,,3.709075325839168
stcp,udp,4,131072,4,15.062287559965625,2208,0,36.647819781848575,146.5912791273943,13.478727254550904,28.71524600777775,32.647849002387375,42.5438919919543,27.957685598784376,24728,64.8991784914115,311680,582699,6,141159.42028985507,263903.5326086957,2.717391304347826,405065.6702898551,564.6376811594203,68037842981.0,236278.0,8405.0,11687.0,26712322924.0,21081047792.0,,61379655.0,5937888837.0,173739317.0,12097972.338768115,9547575.992753623,107009.96376811594,3806.6123188405795,5293.02536231884,48391889.35507246,38190303.97101449,30814240480.52536,0.7891881156115961,,2.92594425004053
tls,tls,4,131072,4,15.1845847730292,1564,0,25.74979861777272,102.99919447109087,146.111117239343,34.16975599247962,70.08483697427437,89.56843602936715,59.866246827811885,30068,91.95352839931154,235876,477615,21885,150815.8567774936,305380.4347826087,13992.966751918158,470189.25831202045,603.2634271099745,68045139222.0,247380.0,9955.0,10179.0,37318729884.0,34601677781.0,,98164538.0,8742428521.0,188527953.0,23861080.488491047,22123834.898337595,158171.3554987212,6365.089514066496,6508.312020460357,95444321.95396419,88495339.59335038,43507122264.70588,0.9271933393380328,,2.156471197301082
udp,udp,4,131072,4,15.065163752005901,2392,0,39.694225024296685,158.77690009718674,5.892429006053135,23.973536968696862,32.11154404561967,49.96910999761894,66.79401675046631,25236,82.87235616033132,412367,681878,12,172394.23076923078,285066.05351170566,5.016722408026756,457465.3010033445,689.5769230769231,68070076091.0,341356.0,15668.0,10731.0,33792193309.0,21205568521.0,,114559824.0,7244254854.0,270823153.0,14127171.115802675,8865204.231187291,142707.35785953177,6550.167224080268,4486.2040133779265,56508684.4632107,35460816.924749166,28457389670.1505,0.6275286225754468,,3.7384542435094184
stcp,udp,4,131072,8,15.123938515025657,2224,0,36.76291062990061,147.05164251960244,12.045557494275272,28.844805026892573,33.2501630182378,42.40701301023364,28.709492541815145,24552,65.6268568033274,313452,587687,0,140940.64748201438,264247.75179856113,0.0,405188.3992805755,563.7625899280575,68089924055.0,238846.0,8245.0,10915.0,27142480744.0,21371698675.0,,62448068.0,5993205542.0,174434554.0,12204352.852517985,9609576.742356116,107394.78417266186,3707.2841726618703,4907.823741007194,48817411.41007194,38438306.969424464,30615973046.312946,0.787389291221081,,2.9105384885863472
tls,tls,4,131072,8,15.237428075983189,1616,0,26.513660834716166,106.05464333886466,111.42633626877796,33.25212100753561,71.44542003516108,91.8324880185537,60.27895228904857,30208,93.61579478310996,229681,465208,31684,142129.3316831683,287876.2376237624,19606.435643564357,449612.00495049503,568.5173267326733,68041228538.0,258577.0,10452.0,10179.0,37907208677.0,35215447509.0,,98387166.0,8900204678.0,191602109.0,23457431.11200495,21791737.319925744,160010.51980198018,6467.821782178217,6298.886138613861,93829724.4480198,87166949.27970298,42104720629.95049,0.9289907840237993,,2.1527831767016807
udp,udp,4,131072,8,15.084065183007624,2400,0,39.777075524435354,159.10830209774142,8.163676000549458,23.535498010460287,33.131367003079504,50.403248984366655,65.41344710652204,25432,79.97045790251109,423507,699426,1,176461.25,291427.5,0.4166666666666667,467889.1666666667,705.845,68049924666.0,302877.0,9757.0,10947.0,32627448724.0,20715251753.0,,105781253.0,7038668944.0,259185307.0,13594770.301666666,8631354.897083333,126198.75,4065.416666666667,4561.25,54379081.20666666,34525419.58833333,28354135277.5,0.6349025916256313,,3.6823056896423347
stcp,udp,8,131072,1,15.048886303964537,2708,0,44.98671770957885,179.9468708383154,13.806835631839931,48.35237201768905,56.334914988838136,66.65873702149838,38.52142864866222,28188,73.01729278473465,325325,605141,15,120134.78581979321,223464.1802067947,5.539143279172822,343604.5051698671,480.53914327917283,68117790295.0,202891.0,6106.0,10779.0,29577299899.0,23627754588.0,,62372248.0,6597656869.0,184310282.0,10922193.463441655,8725167.868537666,74922.82127031019,2254.8005908419495,3980.428360413589,43688773.85376662,34900671.474150665,25154280020.310192,0.7988475847587037,,2.793571803741526
tls,tls,8,131072,1,15.035232628055383,1732,0,28.799022317222576,115.1960892688903,261.09784362779465,63.61199903767556,124.78347803698853,164.55539700109512,71.83517719470709,36976,94.57364341085271,218410,450535,21109,126102.7713625866,260124.13394919166,12187.644341801384,398414.54965357966,504.41108545034643,68054720721.0,237677.0,7288.0,12803.0,38285384073.0,36282829183.0,,91567798.0,9029290649.0,184976866.0,22104725.215357967,20948515.694572747,137226.9053117783,4207.852193995381,7392.032332563511,88418900.86143187,83794062.77829099,39292563926.67436,0.9476940106913473,,2.0486312069319235
udp,udp,8,131072,1,15.030941666977014,2422,0,40.28357061156613,161.1342824462645,2.822893984557595,47.85909102065489,63.34458198398352,76.091329974588,74.51984212412106,29896,80.05016969160395,423300,697547,1,174772.91494632533,288004.54170107347,0.41288191577208916,462777.8695293146,699.0916597853013,68062385945.0,319142.0,12901.0,15043.0,32779813477.0,20737024460.0,,108717268.0,7088644701.0,262878754.0,13534192.187035508,8561942.386457473,131767.96036333608,5326.589595375723,6210.982658959537,54136768.748142034,34247769.54582989,28101728300.990913,0.6326156942457943,,3.708448724520154
stcp,udp,8,131072,4,15.07268727500923,3212,0,53.27517153038713,213.1006861215485,15.137650123506319,35.40958900703117,53.49742702674121,57.98980797408149,50.123941817106235,27808,85.28674627745835,361547,628407,9,112561.33250311333,195643.52428393526,2.8019925280199254,308207.6587795766,450.2453300124533,68050732833.0,175323.0,6390.0,14027.0,34622461956.0,27487366590.0,,68781259.0,7654247873.0,208364597.0,10779097.744707348,8557710.64445828,54583.748443337485,1989.4146948941468,4367.06102117061,43116390.97882939,34230842.57783312,21186404991.59402,0.7939171577380129,,2.722208640969106
tls,tls,8,131072,4,15.211295632994734,1780,0,29.254575726919214,117.01830290767685,176.23586237459676,61.247754958458245,125.46354095684364,171.15100502269343,72.16714647362872,36736,95.08781950592603,223106,455982,29746,125340.44943820225,256169.66292134832,16711.23595505618,398221.34831460676,501.361797752809,68057994907.0,236967.0,7992.0,9723.0,38477853927.0,36642318986.0,,90262186.0,9118532895.0,184426544.0,21616771.869101122,20585572.464044943,133127.52808988764,4489.887640449439,5462.359550561798,86467087.47640449,82342289.85617977,38234828599.4382,0.952296327532134,,2.0225462376861887
udp,udp,8,131072,4,15.155745012976695,2460,0,40.578671617490464,162.31468646996186,14.999052618804853,47.97741200309247,57.45301896240562,70.69599203532562,75.23942234602397,29748,81.79284037558685,419467,693845,0,170515.0406504065,282050.81300813006,0.0,452565.85365853657,682.060162601626,68159915574.0,329261.0,14629.0,10781.0,33309539710.0,20870385737.0,,110784090.0,7163767243.0,266666295.0,13540463.296747968,8483896.64105691,133845.9349593496,5946.747967479675,4382.5203252032525,54161853.18699187,33935586.56422764,27707282753.65854,0.6265588152433824,,3.722431033204913
stcp,udp,8,131072,8,15.189548794005532,3120,0,51.35109742745107,205.4043897098043,9.077348629944026,36.34043800411746,53.830371994990855,62.83224897924811,42.507549681450065,27984,83.18261376896149,357722,631967,40,114654.48717948719,202553.52564102566,12.820512820512821,317220.8333333334,458.6179487179487,68046780332.0,177555.0,6616.0,10312.0,33817892664.0,26766015466.0,,68782434.0,7485904757.0,205635195.0,10839068.161538461,8578851.110897437,56908.653846153844,2120.5128205128203,3305.128205128205,43356272.646153845,34315404.44358975,21809865491.02564,0.7914749665786567,,2.7469651521776632
tls,tls,8,131072,8,15.310149160970468,2032,0,33.180604229188276,132.7224169167531,197.07019213819876,53.04326699115336,108.21368201868609,143.1040819734335,77.45091099588191,36712,96.6392512762337,166706,376602,33723,82040.35433070867,185335.62992125985,16595.964566929135,283971.94881889765,328.16141732283467,68042412852.0,170344.0,8250.0,51960.0,39158933420.0,40267422163.0,,88392685.0,9901784226.0,179523011.0,19271128.6515748,19816644.765255906,83830.70866141732,4060.03937007874,25570.866141732284,77084514.6062992,79266579.06102361,33485439395.669292,1.0283074293957621,,1.8130369931573582
udp,udp,8,131072,8,15.191167037002742,2304,0,37.91677088382844,151.66708353531376,11.052393121644855,48.95128501811996,64.35514002805576,96.00031503941864,113.10362105918892,29964,94.57465277777779,315129,548232,84,136774.73958333334,237947.9166666667,36.458333333333336,374759.1145833334,547.0989583333333,68040663000.0,184025.0,13202.0,10314.0,38151328924.0,29085241773.0,,128319494.0,8554753931.0,255577001.0,16558736.512152778,12623802.852864584,79871.96180555556,5730.034722222223,4476.5625,66234946.04861111,50495211.411458336,29531537760.416668,0.762365102168256,,2.9875435700594672
stcp,udp,16,131072,1,15.083166802010965,3273,0,54.24921773661661,216.99687094646643,23.129739871365018,70.39877102943137,101.85669997008517,123.5745309968479,45.08514086772119,34408,96.83571738188122,318097,550958,59,97188.20653834402,168334.24992361746,18.02627558814543,265540.48273754964,388.7528261533761,68047972759.0,117271.0,10495.0,11868.0,38943189883.0,31101681316.0,,86214519.0,8325895673.0,207480289.0,11898316.493431102,9502499.638252368,35829.819737244114,3206.5383440268865,3626.031164069661,47593265.97372441,38009998.55300947,20790703562.175373,0.79864236621194,,2.491987614892133
tls,tls,16,131072,1,15.078674286953174,2301,0,38.149905558855075,152.5996222354203,287.14263617803226,95.71970900287852,148.45645398600027,178.9635070017539,107.80952417060779,49652,97.35587342869528,130854,331232,37088,56868.31812255541,143951.32551064753,16118.209474141677,216937.85310734462,227.47327249022166,68109539240.0,115383.0,10873.0,10966.0,39280134470.0,43764009565.0,,79752054.0,10176008835.0,150511038.0,17070897.2055628,19019560.87136028,50144.71968709256,4725.336810082573,4765.754019991307,68283588.8222512,76078243.48544112,29599973594.089523,1.114151215506264,,1.4790773125345857
udp,udp,16,131072,1,15.061877993983217,2013,0,33.41216813740184,133.64867254960737,6.487197497335728,118.19581896997988,148.33326899679378,167.92884498136118,149.90685762439168,39460,93.69016536118365,303723,545634,90,150880.77496274217,271055.1415797318,44.70938897168406,421980.6259314456,603.5230998509687,68046986797.0,189946.0,14509.0,11508.0,37786602373.0,28938382832.0,,131071419.0,8408019159.0,249259738.0,18771287.815697964,14375749.047193244,94359.66219572777,7207.650273224044,5716.840536512668,75085151.26279186,57502996.18877298,33803768900.645805,0.7658371225426079,,2.964547692938957
stcp,udp,16,131072,4,15.208134954969864,3236,0,53.195214429342435,212.78085771736974,15.31353868995211,71.09496300108731,108.00155100878328,143.72796699171886,46.753227933951415,34188,96.992916004048,317389,552763,62,98080.65512978987,170816.74907292955,19.15945611866502,268916.5636588381,392.32262051915944,68054926241.0,117242.0,10909.0,10623.0,39113670509.0,30981339657.0,,86434262.0,8332838115.0,205739990.0,12087042.802533993,9573961.575092707,36230.53152039555,3371.1372064276884,3282.756489493201,48348171.210135974,38295846.30037083,21030570531.82942,0.792084691971602,,2.4690266048688265
tls,tls,16,131072,4,15.240969659003895,2328,0,38.18654672382819,152.74618689531275,267.7592233631003,94.96880701044574,152.46684401063249,188.6312979622744,102.76626323934077,50180,97.53969389214706,136371,341760,34438,58578.60824742268,146804.1237113402,14792.95532646048,220175.68728522336,234.31443298969072,68041532110.0,114676.0,10735.0,9778.0,39330434261.0,43947342414.0,,78709779.0,10176185488.0,150248018.0,16894516.43513746,18877724.404639177,49259.45017182131,4611.254295532646,4200.171821305842,67578065.74054983,75510897.61855671,29227462246.563576,1.1173876729242758,,1.476466974557176
udp,udp,16,131072,4,15.18341502698604,2240,0,36.882348207217646,147.52939282887058,9.190471813781187,97.26169501664117,148.89406703878194,174.03217597166076,100.12547883977419,39084,94.1390343222804,308925,544628,103,137912.94642857145,243137.5,45.98214285714286,381096.4285714286,551.6517857142857,68039904760.0,182972.0,13531.0,10913.0,38028713430.0,28976855063.0,,128378985.0,8490255787.0,252862887.0,16977104.20982143,12936096.010267857,81683.92857142857,6040.624999999999,4871.874999999999,67908416.83928572,51744384.04107143,30374957482.142853,0.7619730579720535,,2.9782717192946686
stcp,udp,16,131072,8,15.359958818007726,2952,0,48.0470038197487,192.1880152789948,18.6569224424602,78.47962802043185,131.18902500718832,163.4815110010095,41.77412892850617,34088,96.78016811511611,309011,529905,87,104678.52303523036,179507.11382113822,29.471544715447155,284215.108401084,418.7140921409214,68048691926.0,120587.0,8626.0,9525.0,39057299404.0,30889135468.0,,89406739.0,8314987114.0,201949407.0,13230792.48102981,10463799.277777778,40849.254742547426,2922.086720867209,3226.6260162601625,52923169.92411924,41855197.11111111,23051724907.181572,0.7908671602839118,,2.4287398673171294
tls,tls,16,131072,8,15.55855497700395,2344,0,37.66416616878155,150.6566646751262,283.0594744955306,96.25851799501106,150.86187701672316,184.8542250227183,98.06300792426171,50176,97.52496132752074,135567,341705,46932,57835.75085324232,145778.58361774744,20022.184300341298,223636.51877133106,231.3430034129693,68047523722.0,115345.0,10892.0,9373.0,39337706728.0,44009683684.0,,78298838.0,10185522047.0,153929588.0,16782298.09215017,18775462.322525598,49208.61774744028,4646.757679180888,3998.7201365187716,67129192.36860068,75101849.29010239,29030513533.27645,1.1187658698130096,,1.5112586992567334
udp,udp,16,131072,8,15.438043603964616,2432,0,39.3832285746272,157.5329142985088,8.74124855545233,95.28564900392666,131.74835202516988,159.37245299573988,74.81205064762216,39104,93.76167888457668,313057,553910,105,128724.09539473684,227759.04605263157,43.17434210526316,356526.31578947365,514.8963815789473,68036661555.0,171631.0,14261.0,9260.0,37832382097.0,28808576253.0,,126200171.0,8499945604.0,254175516.0,15556078.164884869,11845631.682976974,70571.9572368421,5863.89802631579,3807.565789473684,62224312.659539476,47382526.7319079,27975600968.338818,0.7614793110076047,,2.990319324871764
stcp,udp,1,262144,1,15.008045102003962,553,0,18.42345209657453,36.84690419314906,3.2290900126099586,25.274509971495718,39.462371030822396,50.26888696011156,13.85828058127494,22768,92.24303200117977,210912,410914,46,381396.0216998192,743063.2911392405,83.18264014466547,1124542.4954792045,762.7920433996383,68049786573.0,212164.0,19837.0,11895.0,37193544691.0,30591673401.0,,114557922.0,8383869938.0,219850154.0,67257766.1681736,55319481.737793855,383660.03616636526,35871.609403254966,21509.945750452076,134515532.3363472,110638963.47558771,123055671922.24231,0.8224995400452514,,2.6222991962640823
tls,tls,1,262144,1,15.027532667969353,314,0,10.447490181448075,20.89498036289615,59.96966204838827,46.35957098798826,60.32263801898807,76.24222501181066,25.13634196285151,26180,93.26599326599326,173632,369307,11965,552968.1528662421,1176136.9426751593,38105.09554140128,1767210.1910828026,1105.9363057324842,68114172591.0,226148.0,15237.0,10900.0,37711419957.0,36842468018.0,,121883121.0,9274652339.0,208302326.0,120100063.55732484,117332700.69426751,720216.5605095541,48525.47770700637,34713.37579617834,240200127.11464968,234665401.38853502,216924116531.84714,0.9769578567979988,,2.2459313663336657
udp,udp,1,262144,1,15.00737972400384,815,0,27.153307738873053,54.30661547774611,0.09142199996858835,17.284556000959128,28.131954022683203,36.88936401158571,36.43825304995394,22956,92.81305114638448,274040,501504,74,336245.39877300616,615342.3312883435,90.79754601226995,951678.527607362,672.4907975460123,68053870425.0,202420.0,17068.0,11798.0,37468289053.0,29973622278.0,,136434595.0,8498115202.0,246371851.0,45973360.801226996,36777450.64785276,248368.09815950922,20942.33128834356,14476.073619631903,91946721.60245399,73554901.29570553,83501681503.06749,0.7999730715112565,,2.8991352216785353
stcp,udp,1,262144,4,15.068857500038575,528,0,17.519576384561613,35.03915276912323,3.3478899858891964,26.18520997930318,44.015852035954595,50.877853005658835,13.400219625109806,22392,92.7529827662395,218778,408214,43,414352.27272727276,773132.5757575758,81.43939393939394,1187566.2878787878,828.7045454545455,68039118073.0,213470.0,20028.0,10902.0,37368320887.0,30962934113.0,,116042831.0,8464905449.0,219488274.0,70773335.01325758,58641920.66856061,404299.24242424243,37931.81818181818,20647.727272727272,141546670.02651516,117283841.33712122,128861966047.34848,0.8285877817906354,,2.5929205626972385
tls,tls,1,262144,4,15.153466411982663,348,0,11.482521244275093,22.965042488550186,41.30937997251749,42.76234901044518,54.980093031190336,60.54850196233019,25.132744524965112,25856,83.86343740881237,143908,303890,13503,413528.7356321839,873247.1264367816,38801.72413793103,1325577.5862068965,827.0574712643678,68039540019.0,192960.0,15160.0,30601.0,34059765987.0,33801674312.0,,106895935.0,8573949232.0,186941767.0,97872890.76724137,97131248.02298851,554482.7586206897,43563.2183908046,87933.90804597702,195745781.53448275,194262496.04597703,195515919594.8276,0.9924223884832765,,2.180346091883647
udp,udp,1,262144,4,15.036790298996493,540,0,17.955959658359998,35.911919316719995,0.09582203347235918,27.84253202844411,30.30602802755311,32.66636800253764,26.83346591771833,23068,28.654630168899242,265320,543944,0,491333.3333333333,1007303.7037037037,0.0,1498637.037037037,982.6666666666667,68046557184.0,9175.0,201.0,10900.0,11737850040.0,6415399227.0,,43921455.0,2635458975.0,101703673.0,21736759.333333332,11880368.938888889,16990.74074074074,372.2222222222222,20185.185185185182,43473518.666666664,23760737.877777778,126012142933.33333,0.5465565844799292,,3.8590497505277996
stcp,udp,1,262144,8,15.108575240999926,656,0,21.709525535532368,43.419051071064736,2.9753579874522984,19.875649944879115,42.24315198371187,47.83453798154369,14.433432439627419,22508,58.52466301288698,363433,669631,0,554013.7195121951,1020778.9634146341,0.0,1574792.6829268292,1108.0274390243903,68030578647.0,142820.0,620.0,10326.0,24525161048.0,17495019035.0,,59928845.0,5947355821.0,184327744.0,37385916.23170732,26669236.33384146,217713.41463414632,945.1219512195122,15740.853658536585,74771832.46341464,53338472.66768292,103705150376.52438,0.7133498124949805,,3.0993226157604736
tls,tls,1,262144,8,15.250963593018241,464,0,15.21215355246193,30.42430710492386,40.99551500985399,32.13348297867924,35.97563598304987,37.703357986174524,35.60509450357525,25936,48.67410520214462,255261,551229,20024,550131.4655172414,1187993.5344827587,43155.17241379311,1781280.1724137932,1100.2629310344828,68029480055.0,8157.0,145.0,10665.0,19805030936.0,18321210572.0,,51046809.0,5022662358.0,107436711.0,42683256.327586204,39485367.612068966,17579.741379310344,312.5,22984.913793103446,85366512.65517241,78970735.22413793,146615258739.22412,0.9250786141766216,,2.1390390860910027
udp,udp,1,262144,8,15.003945147967897,656,0,21.860917029840223,43.72183405968045,0.07968902355059981,19.28849797695875,30.324605002533644,31.933039019349962,33.33177341478975,22816,30.602302922940655,310953,620439,0,474013.71951219515,945791.1585365854,0.0,1419804.8780487806,948.0274390243903,68028352741.0,9597.0,144.0,9137.0,13456140161.0,7513369691.0,,44799338.0,3118373765.0,116203522.0,20512408.782012194,11453307.455792682,14629.573170731706,219.5121951219512,13928.353658536585,41024817.56402439,22906614.911585364,103701757227.13414,0.5583599458019944,,3.726414174729308
stcp,udp,2,262144,1,15.038629510963801,1034,0,34.37813263656007,68.75626527312014,7.556706492323428,24.085933982860297,49.94554497534409,56.851055996958166,26.66103315516176,24224,73.09096218426048,406210,697011,2,392852.998065764,674091.8762088976,1.9342359767891684,1066946.8085106383,785.7059961315281,68047311519.0,146392.0,1868.0,8970.0,30203975898.0,21879533411.0,,68629514.0,6972169565.0,217815115.0,29210808.411992263,21160090.339458413,141578.33655705996,1806.5764023210832,8675.04835589942,58421616.823984526,42320180.67891683,65809779031.914894,0.7243924933885537,,3.124065084323577
tls,tls,2,262144,1,15.014634874998592,894,0,29.770953720913706,59.54190744182741,59.727903542807326,32.70938899368048,36.30465501919389,37.944867042824626,72.28753206694957,28236,69.03784100909358,244034,546388,19094,272968.6800894855,611172.25950783,21357.941834451904,905498.8814317674,545.937360178971,68031354001.0,8786.0,192.0,15121.0,28036565396.0,29920464836.0,,55127742.0,7441798046.0,121537647.0,31360811.4049217,33468081.472035795,9827.740492170022,214.76510067114094,16913.87024608501,62721622.8098434,66936162.94407159,76097711410.51454,1.0671943732547489,,1.6331758299370545
udp,udp,2,262144,1,15.022602115990594,669,0,22.266448742854358,44.532897485708716,5.156522005563602,44.385935994796455,47.22049500560388,49.69865799648687,39.97652306591756,24920,27.74363476733977,242176,510434,0,361997.01046337816,762980.5680119582,0.0,1124977.5784753363,723.9940209267563,68032585258.0,4310.0,128.0,15005.0,11200768604.0,6246510817.0,,42489169.0,2543908347.0,98374048.0,16742553.967115097,9337086.423019432,6442.451420029895,191.3303437967115,22428.998505231688,33485107.934230193,18674172.846038863,101692952553.06427,0.557685908694628,,3.8670437209741193
stcp,udp,2,262144,4,15.093509969010483,1004,0,33.25932808410307,66.51865616820614,7.429108023643494,24.167087976820767,51.06069298926741,60.07525703171268,26.167226894930977,23976,72.72184936614467,405950,678688,1,404332.66932270915,675984.06374502,0.9960159362549801,1080317.7290836654,808.6653386454183,68032263925.0,141240.0,1876.0,15010.0,29746084368.0,21506105026.0,,68812460.0,6879469793.0,215479510.0,29627574.071713146,21420423.33266932,140677.29083665338,1868.5258964143427,14950.19920318725,59255148.14342629,42840846.66533864,67761219048.80478,0.7229894449279403,,3.1322110058431356
tls,tls,2,262144,4,15.11104664800223,888,0,29.38247828509612,58.76495657019224,56.56212300527841,32.936231000348926,36.65860800538212,38.79894898273051,72.63662971652009,28056,69.28162185985015,251679,556044,18948,283422.29729729734,626175.6756756757,21337.83783783784,930935.8108108109,566.8445945945946,68040443074.0,11441.0,159.0,14996.0,28208461373.0,29871621713.0,,55883783.0,7465530413.0,125613036.0,31766285.329954956,33639213.640765764,12884.009009009009,179.05405405405406,16887.387387387385,63532570.65990991,67278427.28153153,76622120578.82883,1.0589596262627747,,1.6825734951299032
udp,udp,2,262144,4,15.114358212973457,664,0,21.965868171301295,43.93173634260259,5.179010971914977,45.05961900576949,48.492086003534496,50.78984901774675,46.05797945178174,25100,27.73158278628738,242694,516230,0,365503.0120481928,777454.8192771085,0.0,1142957.8313253012,731.0060240963855,68054450185.0,4280.0,145.0,13304.0,11225874217.0,6152897240.0,,42565215.0,2492068055.0,94930004.0,16906437.07379518,9266411.506024096,6445.78313253012,218.3734939759036,20036.14457831325,33812874.14759036,18532823.012048192,102491641844.87952,0.5480996064148221,,3.809286179385659
stcp,udp,2,262144,8,15.114296949992422,1040,0,34.404511286266654,68.80902257253331,5.830206529935822,24.244820000603795,49.827231967356056,60.67169498419389,26.84867191260282,23816,73.90134529147983,369804,677122,23,355580.76923076925,651078.8461538461,22.115384615384617,1006681.7307692308,711.1615384615385,68046730389.0,141565.0,1979.0,14101.0,30122161366.0,21954048443.0,,69450869.0,6996300912.0,214264640.0,28963616.698076922,21109661.964423075,136120.1923076923,1902.8846153846152,13558.653846153846,57927233.396153845,42219323.92884615,65429548450.96153,0.7288337704670936,,3.062541801661146
tls,tls,2,262144,8,15.044660401006695,896,0,29.77800681828768,59.55601363657536,59.92809947929345,32.789075979962945,36.30807501031086,37.85735397832468,72.95418911061344,28048,69.7411003236246,248465,549120,36649,277304.6875,612857.1428571428,40902.90178571429,931064.7321428572,554.609375,68039333814.0,11300.0,166.0,16089.0,28352113858.0,30075675367.0,,55557663.0,7508729264.0,126026656.0,31642984.21651786,33566601.97209822,12611.607142857143,185.26785714285714,17956.473214285714,63285968.43303572,67133203.94419643,75936756488.83928,1.0607912876490395,,1.6784019182077146
udp,udp,2,262144,8,15.169482044002507,976,0,32.16985250942951,64.33970501885902,0.09851102367974818,29.241721029393375,44.86308601917699,48.09706402011216,55.228780888483556,25204,32.408384858995625,345210,679885,0,353698.77049180324,696603.4836065574,0.0,1050302.2540983607,707.3975409836066,68039164445.0,8942.0,151.0,9640.0,15089491305.0,8677738823.0,,45715500.0,3610719933.0,130164249.0,15460544.36987705,8891125.843237706,9161.88524590164,154.71311475409837,9877.04918032787,30921088.739754103,17782251.68647541,69712258652.66394,0.5750849148986603,,3.6049389433495005
stcp,udp,4,262144,1,15.040637023979798,1290,0,42.88382193996535,85.7676438799307,12.61924026766792,42.47096803737804,85.43277601711452,94.11587502108887,32.567902491033344,27092,81.75096125406685,385380,660440,25,298744.18604651163,511968.99224806204,19.379844961240313,810732.5581395349,597.4883720930233,68035932667.0,116141.0,2821.0,12406.0,33332405321.0,24396251640.0,,73140816.0,7486142601.0,220147640.0,25839073.89224806,18911822.976744186,90031.78294573643,2186.8217054263564,9617.054263565891,51678147.78449612,37823645.95348837,52741033075.193794,0.7319079257874599,,2.940735325701552
tls,tls,4,262144,1,15.079223129956517,1271,0,42.14408093328827,84.28816186657654,104.29422950255685,40.36435898160562,82.58599403779954,108.2114260061644,94.10334257744297,32564,90.17137835066647,250819,538208,39381,197339.8898505114,423452.39968528715,30984.26435877262,651776.5538945711,394.6797797010228,68033265315.0,19116.0,1900.0,14997.0,36559717607.0,40479070736.0,,61443185.0,9746318928.0,142317518.0,28764529.98190401,31848206.715971675,15040.12588512982,1494.8859166011016,11799.370574350905,57529059.96380802,63696413.43194335,53527352726.199844,1.1072041412116809,,1.4602181505792808
udp,udp,4,262144,1,15.04544583504321,1255,0,41.706972786306785,83.41394557261357,3.540143501595594,46.75409395713359,53.05045301793143,56.0693220468238,90.27873383694242,29536,56.51908396946565,369765,686552,0,294633.46613545815,547053.3864541833,0.0,841686.8525896413,589.2669322709163,68032230148.0,120734.0,2927.0,59505.0,23755891316.0,15355765365.0,,79971576.0,5861645519.0,206286182.0,18928997.06454183,12235669.613545816,96202.39043824702,2332.2709163346617,47414.342629482075,37857994.12908366,24471339.227091633,54208948325.09961,0.6463981991135659,,3.5192537885708335
stcp,udp,4,262144,4,15.1795582260238,1212,0,39.92211044462908,79.84422088925815,11.8140444974415,53.61315899062902,59.60836401209235,78.26961996033788,37.3753367227349,27140,65.54284865587405,315068,585069,10,259957.09570957095,482730.198019802,8.25082508250825,742695.5445544554,519.914191419142,68057194463.0,235246.0,6004.0,10920.0,27099331881.0,21624715557.0,,58277818.0,6053428758.0,170140302.0,22359184.72029703,17842174.551980197,194097.35973597362,4953.7953795379535,9009.90099009901,44718369.44059406,35684349.103960395,56152800712.0462,0.7979796569140368,,2.8106435014230327
tls,tls,4,262144,4,15.202484314038884,916,0,30.12665499526649,60.25330999053298,98.94447126134764,61.959903978277,110.36105296807364,125.46761898556724,70.10935041819074,32372,93.59684947491247,225580,465539,36078,246266.37554585154,508230.3493449782,39386.46288209607,793883.1877729258,492.532751091703,68053322647.0,247875.0,4636.0,10690.0,38057671818.0,37380763226.0,,90977837.0,9199601463.0,185537093.0,41547676.65720524,40808693.47816594,270605.8951965065,5061.135371179039,11670.305676855894,83095353.31441048,81617386.95633188,74294020356.9869,0.9822136100380201,,2.0167948986291866
udp,udp,4,262144,4,15.122653961996548,1296,0,42.84962160930439,85.69924321860879,8.545966018573381,46.03396396851167,49.46691798977554,53.03725000703707,80.00700161760908,29584,79.54952267303102,436398,708156,0,336726.85185185185,546416.6666666666,0.0,883143.5185185185,673.4537037037037,68044619388.0,336853.0,7815.0,11490.0,32826744403.0,21363439022.0,,108310163.0,7293026256.0,272398411.0,25329278.088734567,16484135.047839506,259917.43827160494,6030.092592592592,8865.74074074074,50658556.177469134,32968270.09567901,52503564342.59259,0.6507937174558077,,3.735053206148775
stcp,udp,4,262144,8,15.230397295963485,1312,0,43.07175888142194,86.14351776284389,18.14279123209417,47.530442010611296,61.42017198726535,72.46263301931322,38.593687910937426,27196,72.44463997653615,332872,586906,5,253713.41463414635,447336.89024390245,3.8109756097560976,701054.1158536585,507.4268292682927,68070826686.0,214186.0,5733.0,10533.0,29760330122.0,23519495313.0,,62149415.0,6664211605.0,186616834.0,22683178.44664634,17926444.59832317,163251.5243902439,4369.664634146341,8028.201219512195,45366356.89329268,35852889.19664634,51883252047.256096,0.7902968554644315,,2.8002837403900234
tls,tls,4,262144,8,15.377307199989446,944,0,30.69458090817903,61.38916181635806,105.91952074901201,61.31897302111611,110.7981110108085,131.7013949737884,75.2567523656414,32424,93.3589306029579,232231,483367,27855,246007.4152542373,512041.31355932204,29507.41525423729,787556.1440677966,492.0148305084746,68032321796.0,244061.0,4336.0,9167.0,38083203302.0,37904400545.0,,89260841.0,9290803402.0,182402147.0,40342376.37923729,40152966.67902543,258539.19491525425,4593.220338983051,9710.805084745763,80684752.75847457,80305933.35805085,72068137495.76271,0.9953049443981354,,1.9632548349988215
udp,udp,4,262144,8,15.196157710975967,1280,0,42.1159093089523,84.2318186179046,7.147263764636591,46.292093000374734,49.94749103207141,80.60795499477535,80.09408846295995,29420,78.66666666666666,426418,713833,2,333139.0625,557682.03125,1.5625,890822.65625,666.278125,68041736037.0,323746.0,6983.0,10343.0,32448311797.0,21180238420.0,,107192068.0,7214504206.0,269571029.0,25350243.59140625,16547061.265625,252926.5625,5455.46875,8080.46875,50700487.1828125,33094122.53125,53157606278.90625,0.6527377619059433,,3.7365149607343646
stcp,udp,8,262144,1,15.062454085040372,1200,0,39.83414632253744,79.66829264507489,21.39161898958264,103.58215699670836,112.19241004437208,131.0047300066799,38.687872288935715,33324,62.721369539551354,304678,567604,3,253898.33333333334,473003.3333333334,2.5,726904.1666666667,507.7966666666667,68039894852.0,230431.0,5926.0,10774.0,25768912282.0,20690852325.0,,54790053.0,5784658109.0,164746276.0,21474093.56833333,17242376.9375,192025.83333333334,4938.333333333334,8978.333333333334,42948187.13666666,34484753.875,56699912376.66667,0.8029385213691341,,2.8479863960098393
tls,tls,8,262144,1,15.073187308036722,1035,0,34.33248651558117,68.66497303116233,186.87090873572743,110.72184098884463,174.25301601178944,213.5765320272185,79.930659347517,41560,93.23972206137812,205696,439521,39348,198740.0966183575,424657.97101449274,38017.391304347824,661415.458937198,397.48019323671497,68049592444.0,212842.0,4723.0,10920.0,37873038872.0,38719137973.0,,81161975.0,9338854603.0,167821509.0,36592308.08888889,37409795.14299517,205644.44444444447,4563.285024154589,10550.72463768116,73184616.17777778,74819590.28599034,65748398496.61836,1.0223404069543924,,1.7970245403123555
udp,udp,8,262144,1,15.049309865979012,1159,0,38.506749157317685,77.01349831463537,2.386311985901557,92.74551400449127,140.64163900911808,238.62898297375068,79.39615242431387,38288,76.05570530098832,422826,698112,0,364819.6721311476,602339.9482312339,0.0,967159.6203623815,729.6393442622951,68035146850.0,338725.0,7423.0,10798.0,31525986939.0,20857172558.0,,104346270.0,7057600200.0,261297140.0,27201024.10612597,17995834.821397755,292256.2553925798,6404.659188955997,9316.65228645384,54402048.21225194,35991669.64279551,58701593485.76359,0.6615866649426959,,3.7023511192940624
stcp,udp,8,262144,4,15.177842991019133,1580,0,52.049556743171614,104.09911348634323,18.719735489867162,70.00059704296291,108.76629396807402,129.6363309957087,43.78103663301772,33580,81.0826800769117,351412,611907,5,222412.65822784812,387282.9113924051,3.1645569620253164,609698.7341772153,444.8253164556962,68035924851.0,171076.0,5560.0,10370.0,32898116969.0,26203826357.0,,63211446.0,7321319369.0,194684830.0,20821593.01835443,16584700.225949368,108275.9493670886,3518.987341772152,6563.291139240506,41643186.03670886,33169400.451898735,43060711931.01266,0.7965144747248588,,2.659149535592401
tls,tls,8,262144,4,15.297223184024915,1068,0,34.908296334308766,69.81659266861753,170.47996951441746,111.53044999809936,169.37539604259655,209.70210002269596,83.60897168158338,41696,94.08973252804141,205374,448058,30409,192297.75280898876,419529.96254681644,28472.846441947564,640300.5617977527,384.59550561797755,68037106055.0,204303.0,4162.0,10316.0,38253705419.0,39369531365.0,,81159271.0,9449021837.0,166456330.0,35818076.23501873,36862857.083333336,191294.9438202247,3897.003745318352,9659.176029962546,71636152.47003746,73725714.16666667,63705155482.20973,1.029169094438778,,1.7616249900936705
udp,udp,8,262144,4,15.286800319037866,1180,0,38.59538868086255,77.1907773617251,16.355789623048622,93.05741696152836,134.40442801220343,345.67633603001013,81.02160518558756,38480,75.98587404355503,422286,715210,8,357869.4915254237,606110.1694915254,6.779661016949152,963986.4406779661,715.7389830508474,68035865371.0,339847.0,7455.0,9167.0,31349911713.0,20606413518.0,,104087750.0,6978390274.0,264950306.0,26567721.790677965,17463062.30338983,288005.9322033898,6317.796610169492,7768.64406779661,53135443.58135593,34926124.60677966,57657513026.27119,0.6573037176833596,,3.796725256068704
stcp,udp,8,262144,8,15.439805052999873,1544,0,50.00063131302325,100.0012626260465,20.520055390079506,73.30008200369775,109.93179102661088,117.58920596912503,44.589649780988445,33628,77.80829839525806,348864,614471,41,225948.1865284974,397973.4455958549,26.55440414507772,623948.1865284974,451.89637305699483,68051633091.0,182273.0,5240.0,9273.0,31800303125.0,25596150587.0,,62018028.0,7101503051.0,190915507.0,20596051.246761657,16577817.7376943,118052.46113989638,3393.782383419689,6005.829015544041,41192102.493523315,33155635.4753886,44074891898.31606,0.8049027232975472,,2.6883816796095887
tls,tls,8,262144,8,15.470505748991854,1056,0,34.129459538477434,68.25891907695487,157.18282112356974,112.6470590243116,182.66084900824353,217.5174120347947,80.18767583476324,41696,94.28896150021309,216139,459512,35946,204677.08333333334,435143.9393939394,34039.77272727273,673860.7954545455,409.3541666666667,68042522889.0,207841.0,4211.0,8986.0,38334225245.0,39226484109.0,,81611103.0,9441720670.0,169250253.0,36301349.66382576,37146291.76988637,196819.12878787878,3987.6893939393935,8509.469696969696,72602699.32765152,74292583.53977273,64434207281.25,1.0232757766277376,,1.7925784813542889
udp,udp,8,262144,8,15.659786727046594,1024,0,32.69520900407321,65.39041800814643,8.480269752908498,94.79100001044571,241.76857597194612,353.4412829903886,78.38668695786943,38448,71.17350611951045,358705,633712,7,350297.8515625,618859.375,6.8359375,969164.0625,700.595703125,68041668351.0,248478.0,5721.0,51507.0,28719669598.0,20041714895.0,,100605240.0,6726016385.0,231720898.0,28046552.341796875,19571987.202148438,242654.296875,5586.9140625,50299.8046875,56093104.68359375,39143974.404296875,66446941749.02344,0.6978393266890396,,3.445143227970296
stcp,udp,16,262144,1,15.116821266012266,1552,0,51.33354336501357,102.66708673002714,26.098727008502465,147.62338995933533,219.65090197045356,249.36047301162034,46.997843494872185,46284,93.8710610002891,311172,544264,50,200497.4226804124,350685.5670103093,32.21649484536083,551215.2061855671,400.99484536082474,68040664537.0,109160.0,7327.0,10780.0,37985347478.0,29842235675.0,,79602415.0,8120572742.0,202597797.0,24475095.024484538,19228244.63595361,70335.05154639175,4721.005154639175,6945.876288659793,48950190.048969075,38456489.27190722,43840634366.62371,0.7856249226700834,,2.4948707860488
tls,tls,16,262144,1,15.09917897800915,1286,0,42.58509690735387,85.17019381470774,290.451570188452,169.41155097447336,265.32062399201095,315.1331730186939,114.15546517531688,60000,95.11519393409156,143326,366716,39580,111451.01088646967,285160.1866251944,30777.60497667185,427388.80248833593,222.90202177293935,68041506277.0,78990.0,4784.0,11574.0,38466476516.0,44729692436.0,,66990325.0,10201043563.0,133747612.0,29911723.573872473,34782031.44323484,61423.01710730948,3720.062208398134,9000.0,59823447.147744946,69564062.88646968,52909413901.24416,1.1628227092074532,,1.3111169575347494
udp,udp,16,262144,1,15.14104773197323,908,0,29.984714931007833,59.969429862015666,32.09505962149706,258.4229320054874,298.9187859930098,314.84081200324,170.59837903723258,55936,78.6210018105009,314844,563907,45,346744.49339207046,621042.9515418501,49.559471365638764,967837.0044052863,693.488986784141,68036651851.0,140299.0,13269.0,11200.0,32303465105.0,25820900183.0,,112778334.0,7499387967.0,216772941.0,35576503.41960353,28437114.738986783,154514.31718061672,14613.436123348018,12334.801762114537,71153006.83920705,56874229.477973565,74930233316.0793,0.7993229239981251,,2.8905417609260753
stcp,udp,16,262144,4,15.326851211022586,1640,0,53.50087821106282,107.00175642212564,29.780002310872078,140.16054302919656,196.8487739795819,231.29564500413835,49.257429957763,46172,94.37844103158504,321912,555051,39,196287.80487804877,338445.73170731706,23.78048780487805,534757.3170731707,392.57560975609755,68038354519.0,105694.0,6717.0,10514.0,38153449178.0,30265213748.0,,78046661.0,8181454379.0,203174716.0,23264298.27926829,18454398.626829267,64447.56097560976,4095.7317073170734,6410.975609756098,46528596.55853658,36908797.25365853,41486801535.97561,0.7932497428162142,,2.483356950831443
tls,tls,16,262144,4,15.426833252015058,1312,0,42.523309177164606,85.04661835432921,346.7055229411926,164.81845697853714,266.89872902352363,307.5945309828967,106.83395438819065,60304,94.54132993052602,142231,366145,42909,108407.77439024391,279073.93292682926,32705.030487804877,420186.73780487804,216.8155487804878,68045661388.0,76686.0,4458.0,8955.0,38368420388.0,44884991438.0,,65347033.0,10231301889.0,132590897.0,29244222.856707316,34211121.522865854,58449.69512195122,3397.8658536585363,6825.45731707317,58488445.71341463,68422243.04573171,51864071179.878044,1.1698420467692254,,1.295933776937544
udp,udp,16,262144,4,15.646911450021435,952,0,30.421339158236748,60.842678316473496,13.95716100523714,256.27523800358176,299.44578401045874,317.8313010139391,167.5175837974343,56112,78.74208405296488,324404,584750,53,340760.5042016807,614233.1932773109,55.67226890756303,955049.3697478992,681.5210084033613,68044688370.0,137657.0,12970.0,8469.0,32135292580.0,25725735089.0,,111027410.0,7471398976.0,217520455.0,33755559.432773106,27022830.975840338,144597.68907563025,13623.949579831933,8896.008403361346,67511118.86554621,54045661.951680675,71475512993.69748,0.8005446045016218,,2.911375174833121
stcp,udp,16,262144,8,15.506979739002418,1664,0,53.65325898423619,107.30651796847238,32.5348694314016,141.7938980157487,183.15751798218116,214.1748580033891,49.035525472925976,45552,93.9060939060939,329057,566758,39,197750.60096153844,340599.7596153846,23.4375,538373.798076923,395.50120192307696,68035416019.0,106659.0,6845.0,9642.0,38043346993.0,30241345276.0,,77030982.0,8143222427.0,200636424.0,22862588.337139424,18173885.38221154,64097.956730769234,4113.581730769231,5794.471153846154,45725176.67427885,36347770.76442308,40886668280.64904,0.794918104381416,,2.463845557438806
tls,tls,16,262144,8,15.87445831898367,1368,0,43.088084409282175,86.17616881856435,196.3101187538996,166.8121159891598,254.30061598308384,302.41916596423835,114.59187856662962,60300,95.2712100139082,145720,377959,45590,106520.46783625732,276285.8187134503,33326.023391812865,416132.30994152045,213.04093567251462,68033825722.0,74840.0,4249.0,8753.0,38760627026.0,45742860909.0,,62777285.0,10355188026.0,128928614.0,28333791.685672514,33437763.82236842,54707.602339181285,3105.9941520467833,6398.391812865497,56667583.37134503,66875527.64473684,49732328744.15205,1.1801372789536255,,1.2450629933158492
udp,udp,16,262144,8,15.538613057986367,936,0,30.11851818779041,60.23703637558082,17.089540240704082,260.2610940230079,300.85520702414215,319.35903802514076,167.29997653580034,55968,78.48751835535977,319088,577242,51,340905.9829059829,616711.5384615385,54.48717948717949,957672.0085470085,681.8119658119659,68065798556.0,139988.0,13076.0,9024.0,32133803675.0,25675064215.0,,111858249.0,7469278544.0,217262092.0,34330986.83226496,27430624.161324788,149559.82905982906,13970.085470085469,9641.02564102564,68661973.66452992,54861248.322649576,72719870252.13675,0.7990048260292049,,2.9087426679853112
stcp,udp,1,1048576,1,15.067437967984006,165,0,21.901533671563765,10.950766835781883,3.6285080132074654,87.24551397608593,111.46881099557504,134.77055699331686,19.234822842199314,25984,87.47774480712167,221263,421542,19,1340987.8787878787,2554800.0,115.15151515151516,3895903.0303030303,670.4939393939394,68035879944.0,171365.0,9448.0,20437.0,35519402194.0,29503365485.0,,90849602.0,8415277720.0,210814172.0,215269104.20606062,178808275.66666666,1038575.7575757576,57260.60606060606,123860.60606060605,107634552.10303031,89404137.83333333,412338666327.2727,0.8306267465836956,,2.5051362416592946
tls,tls,1,1048576,1,15.111377984983847,113,0,14.95561822519269,7.477809112596345,53.65566100226715,130.789068993181,136.7906240047887,156.1837299959734,35.06653069803193,30076,82.51194743130227,169581,375160,18499,1500716.814159292,3320000.0,163707.9646017699,4984424.778761062,750.358407079646,68042924628.0,134752.0,11842.0,12654.0,33661802918.0,35806552709.0,,93995127.0,8749669704.0,168916300.0,297892061.2212389,316872147.86725664,1192495.575221239,104796.46017699115,111982.30088495575,148946030.61061946,158436073.93362832,602149775469.0265,1.0637146440499519,,1.9305448744285536
udp,udp,1,1048576,1,15.036341366008855,225,0,29.9274929350347,14.96374646751735,0.10706600733101368,60.80902996473014,94.8823870276101,146.23099600430578,40.000222484949255,29300,72.98928625320657,280804,509901,0,1248017.7777777778,2266226.666666667,0.0,3514244.4444444445,624.0088888888889,68035789166.0,119472.0,11668.0,13627.0,29963180474.0,24439001867.0,,101542721.0,7068642396.0,198760937.0,133169690.99555555,108617786.07555556,530986.6666666666,51857.777777777774,60564.444444444445,66584845.497777775,54308893.03777778,302381285182.2222,0.8156344380132308,,2.8118686144382514
stcp,udp,1,1048576,4,15.032649719971232,164,0,21.819174005248335,10.909587002624168,3.598684968892485,87.84096804447472,115.94454396981746,130.50990499323234,15.814597188688765,26376,85.83134684147795,220006,420366,27,1341500.0,2563207.3170731706,164.6341463414634,3904871.951219512,670.75,68048460703.0,162152.0,9160.0,20686.0,34751749816.0,28826432776.0,,88224683.0,8300335423.0,203221080.0,211900913.5121951,175770931.5609756,988731.7073170731,55853.65853658536,126134.1463414634,105950456.75609756,87885465.7804878,414929638432.9268,0.8294958650608167,,2.448347803353585
tls,tls,1,1048576,4,15.504648390982766,116,0,14.963254512429135,7.481627256214567,41.75276402384043,131.07162795495242,138.2758440449834,152.321033005137,32.82136989936244,30060,82.09042011920337,173275,382924,18574,1493750.0000000002,3301068.9655172415,160120.68965517243,4954939.655172414,746.875,68052160908.0,134718.0,11497.0,9622.0,33547319206.0,35729490374.0,,92772724.0,8715140525.0,167809491.0,289201027.63793105,308012848.05172414,1161362.0689655172,99112.06896551723,82948.27586206896,144600513.81896552,154006424.02586207,586656559551.7241,1.0650475572906497,,1.9254938060795066
udp,udp,1,1048576,4,15.19939704996068,260,0,34.21188342476685,17.105941712383427,0.09973300620913506,55.32421899260953,72.81849096762016,84.3219649977982,45.03486537985866,29412,74.58530805687204,289823,515814,4,1114703.8461538462,1983900.0,15.384615384615385,3098619.230769231,557.3519230769231,68035161925.0,117496.0,11883.0,23059.0,30703037508.0,24388640840.0,,105379700.0,7234955883.0,209309806.0,118088605.8,93802464.76923077,451907.6923076923,45703.84615384615,88688.46153846153,59044302.9,46901232.384615384,261673699711.53845,0.7943396751427374,,2.8930350009709933
stcp,udp,1,1048576,8,15.598107301979326,192,0,24.6183714835243,12.30918574176215,3.2857980113476515,77.38663302734494,86.62167802685872,207.92488101869822,20.906536523095923,27160,63.23529411764706,371528,688656,0,1935041.6666666665,3586750.0,0.0,5521791.666666666,967.5208333333333,68047182128.0,152821.0,427.0,20845.0,26503686282.0,19912570875.0,,56262279.0,6758219640.0,193361626.0,138040032.71875,103711306.640625,795942.7083333334,2223.9583333333335,108567.70833333333,69020016.359375,51855653.3203125,354412406916.6667,0.7513132574514225,,2.861132610363045
tls,tls,1,1048576,8,15.658270797983278,120,0,15.327362969793002,7.663681484896501,95.89191398117691,126.98306696256623,130.5269930162467,136.39215001603588,32.81901345493315,29772,57.1945701357466,378220,717677,18715,3151833.3333333335,5980641.666666667,155958.33333333334,9288433.333333334,1575.9166666666667,68043020944.0,16138.0,169.0,9210.0,25021610638.0,21677183041.0,,54006623.0,6360768567.0,145486974.0,208513421.98333332,180643192.00833333,134483.33333333334,1408.3333333333335,76750.0,104256710.99166666,90321596.00416666,567025174533.3334,0.8663384365864578,,2.287254637038581
udp,udp,1,1048576,8,15.698196851008106,176,0,22.422957447969274,11.211478723984637,0.10266597382724285,87.63268403708935,94.95325299212709,97.51305700046942,33.685862460441825,29300,28.743593295470287,273449,560631,0,1553687.5,3185403.409090909,0.0,4739090.909090909,776.84375,68050444072.0,4642.0,98.0,8327.0,11029728403.0,6035540027.0,,39891222.0,2474856974.0,94841478.0,62668911.38068182,34292841.0625,26375.0,556.8181818181819,47312.5,31334455.69034091,17146420.53125,386650250409.09094,0.5472065862798925,,3.832200365369478
stcp,udp,2,1048576,1,15.134967989986762,233,0,30.78962574009432,15.39481287004716,7.472855475498363,99.37912499299273,218.67005998501554,299.4837639853358,25.777940214879912,32724,74.06133562625395,432376,728602,1,1855690.9871244633,3127047.210300429,4.291845493562231,4982742.489270386,927.8454935622318,68038230815.0,136530.0,1250.0,23085.0,30600201011.0,21791701685.0,,68005787.0,7162079529.0,223202682.0,131331334.81115879,93526616.67381974,585965.6652360514,5364.806866952789,99077.25321888411,65665667.405579396,46763308.33690987,292009574313.3047,0.712142435834537,,3.1164507612101944
tls,tls,2,1048576,1,15.113209425006062,193,0,25.540571108697197,12.770285554348598,58.35162699804641,128.05419199867174,391.4587000035681,407.2932070121169,60.04923735777823,36068,70.28596312962694,317298,650808,33486,1644031.0880829014,3372062.176165803,173502.59067357512,5189595.85492228,822.0155440414508,68048004314.0,13825.0,138.0,14497.0,28574449315.0,28318643056.0,,57325279.0,7440131203.0,142949845.0,148054141.5284974,146728720.4974093,71632.12435233161,715.0259067357513,75113.9896373057,74027070.7642487,73364360.24870466,352580333233.1606,0.9910477274231942,,1.9213350020273827
udp,udp,2,1048576,1,15.061078806000296,257,0,34.12770138319864,17.06385069159932,5.200515995966271,102.7416680008173,155.44642298482358,164.85355200711638,57.86227608428748,36868,31.90775069332944,327233,654682,0,1273280.1556420233,2547400.7782101166,0.0,3820680.93385214,636.6400778210117,68032698850.0,5558.0,83.0,8753.0,14153607285.0,8061675701.0,,43857505.0,3340786724.0,120891239.0,55072401.887159534,31368387.94163424,21626.45914396887,322.9571984435798,34058.365758754866,27536200.943579767,15684193.97081712,264718672568.09338,0.5695845263096827,,3.6186458157153525
stcp,udp,2,1048576,4,15.20370000996627,216,0,28.414136014050335,14.207068007025168,7.850028981920332,108.25384402414784,221.48649097653106,345.4604350263253,22.80862551699146,33116,73.8193624557261,419550,721649,1,1942361.1111111112,3340967.592592593,4.62962962962963,5283333.333333333,971.1805555555555,68069972666.0,136423.0,1257.0,25787.0,30280662098.0,21322625681.0,,69163360.0,7049566323.0,222353632.0,140188250.4537037,98715859.63425925,631587.9629629629,5819.444444444444,119384.25925925926,70094125.22685185,49357929.81712963,315138762342.5926,0.7041664284615604,,3.154146252579345
tls,tls,2,1048576,4,15.467466835048981,228,0,29.48123340835054,14.74061670417527,54.639757494442165,129.66162600787356,132.64529302250594,137.6143239904195,62.16661139502969,35784,82.64019707288799,409677,748764,34909,1796828.9473684211,3284052.6315789474,153109.64912280702,5233991.228070176,898.4144736842105,68031005501.0,22367.0,132.0,9572.0,35316599713.0,34156719196.0,,61312207.0,9129311421.0,173993940.0,154897367.1622807,149810171.9122807,98100.87719298246,578.9473684210526,41982.45614035088,77448683.58114035,74905085.95614035,298381603074.5614,0.9671576390018927,,1.9058824042278228
udp,udp,2,1048576,4,15.197147157043219,288,0,37.90185052811369,18.950925264056846,0.09288801811635494,102.35347499838099,114.38396200537682,121.74754799343646,62.94539956182905,36648,34.2453260373917,368532,721443,0,1279625.0,2505010.4166666665,0.0,3784635.416666667,639.8125,68049363186.0,6888.0,161.0,13090.0,16129385770.0,9437972640.0,,46405325.0,3915280554.0,135124809.0,56004811.70138889,32770738.333333332,23916.666666666668,559.0277777777778,45451.38888888889,28002405.850694444,16385369.166666666,236282511062.50003,0.5851414787012066,,3.4512165127464836
stcp,udp,2,1048576,8,15.772766841982957,256,0,32.46101366547755,16.230506832738776,7.44229753036052,95.35996796330437,208.85170897236094,255.49672200577334,24.254736269968465,32440,74.40603215251103,412173,707096,0,1610050.78125,2762093.75,0.0,4372144.53125,805.025390625,68046638889.0,138620.0,1383.0,25518.0,30773847718.0,22485844275.0,,64748616.0,7261005767.0,219524355.0,120210342.6484375,87835329.19921875,541484.375,5402.34375,99679.6875,60105171.32421875,43917664.599609375,265807183160.15625,0.7306802997484046,,3.0233326076905183
tls,tls,2,1048576,8,15.80445244803559,240,0,30.37118821915665,15.185594109578325,58.620249008527026,128.18370398599654,133.47882201196626,138.1589110242203,68.85747567517052,35584,70.18502943650125,257927,572863,39014,1074695.8333333335,2386929.166666667,162558.33333333334,3624183.3333333335,537.3479166666666,68029537722.0,6708.0,68.0,9434.0,28795298468.0,31285124051.0,,52450843.0,7664053249.0,121583490.0,119980410.28333333,130354683.54583333,27950.0,283.33333333333337,39308.333333333336,59990205.141666666,65177341.77291667,283456407175.0,1.0864663926219387,,1.5864123858464074
udp,udp,2,1048576,8,15.416399430017918,288,0,37.3628098191622,18.6814049095811,5.711888516088948,101.45537497010082,149.2414369713515,158.2080770167522,65.67839686538422,37064,32.122313048743564,340548,678030,0,1182458.3333333333,2354270.8333333335,0.0,3536729.166666667,591.2291666666666,68050310870.0,5382.0,139.0,10288.0,15076915719.0,8759386449.0,,44894489.0,3615298640.0,130025385.0,52350401.802083336,30414536.28125,18687.5,482.6388888888889,35722.222222222226,26175200.901041668,15207268.140625,236285801631.94446,0.5809799969871411,,3.5965323462185688
stcp,udp,4,1048576,1,15.173917257983703,346,0,45.60457186069778,22.80228593034889,10.750947258202359,155.73137701721862,271.33605896960944,395.0063649681397,38.4965193936757,42564,84.79377660355203,398725,669136,7,1152384.3930635839,1933919.0751445089,20.23121387283237,3086323.6994219655,576.1921965317919,68038800519.0,99716.0,1854.0,19976.0,34620160130.0,25599921537.0,,70554698.0,7799622433.0,222085374.0,100058266.2716763,73988212.53468208,288196.53179190756,5358.381502890174,57734.10404624278,50029133.13583815,36994106.26734104,196643932135.83817,0.7394512746582146,,2.847386215265531
tls,tls,4,1048576,1,15.137390160001814,334,0,44.12913936545584,22.06456968272792,90.14182700775564,160.51119397161528,266.4882559911348,326.1507900315337,103.63954310601,48256,89.27847000869313,232312,521103,41268,695544.9101796407,1560188.6227544912,123556.8862275449,2379290.419161677,347.77245508982037,68031816221.0,12757.0,762.0,15564.0,36349400833.0,41530733425.0,,57390085.0,9772752107.0,133245184.0,108830541.41616766,124343513.248503,38194.610778443115,2281.4371257485027,46598.802395209575,54415270.70808383,62171756.6242515,203688072517.96405,1.142542448383251,,1.3634356273557733
udp,udp,4,1048576,1,15.095419780001976,201,0,26.630594303350165,13.315297151675082,2.5389017537236214,284.9289780133404,296.7184309964068,300.66911701578647,53.6946313393541,52060,27.405247813411076,238166,502106,0,1184905.4726368159,2498039.800995025,0.0,3682945.2736318405,592.4527363184079,68039656850.0,4936.0,141.0,13096.0,11430905147.0,6322387085.0,,41884217.0,2584733026.0,96922449.0,56870174.86069652,31454662.11442786,24557.213930348258,701.4925373134328,65154.22885572139,28435087.43034826,15727331.05721393,338505755472.6368,0.5530959275485973,,3.7498050291867937
stcp,udp,4,1048576,4,15.379220725037158,344,0,44.73568669704737,22.367843348523685,18.196661505498923,161.54418600490317,246.53437500819564,270.45013703173026,39.24382846118114,41756,77.4127609870054,323283,573450,2,939776.1627906977,1667005.8139534884,5.813953488372093,2606787.7906976743,469.8880813953488,68052962111.0,193697.0,4285.0,35709.0,31278266227.0,25126489398.0,,65032986.0,7300305306.0,192930813.0,90925192.52034883,73042120.34302326,563072.6744186047,12456.39534883721,103805.23255813954,45462596.260174416,36521060.17151163,197828378229.65118,0.8033210413788963,,2.642777321127013
tls,tls,4,1048576,4,15.496787002019119,240,0,30.97416257560096,15.48708128780048,84.42197600379586,235.72707001585513,392.8639540099539,469.39447900513187,73.0751284025813,48348,93.01929625425652,236120,491187,36991,983833.3333333334,2046612.5000000002,154129.1666666667,3184575.0,491.9166666666667,68054341185.0,237774.0,3194.0,10849.0,37906047085.0,38070365512.0,,84043766.0,9313839489.0,182397498.0,157941862.85416666,158626522.96666667,990725.0,13308.333333333334,45204.16666666667,78970931.42708333,79313261.48333333,283559754937.5,1.0043348869015947,,1.9583491664787482
udp,udp,4,1048576,4,15.490567082015332,320,0,41.315466155079946,20.657733077539973,6.752843473805115,185.46186800813302,197.48305500252172,234.20807998627424,78.25276463941402,53136,77.44854765727631,451790,725020,0,1411843.75,2265687.5,0.0,3677531.25,705.921875,68046840184.0,328866.0,7190.0,8868.0,31947131508.0,21123607123.0,,104240725.0,7149800721.0,260386955.0,99834785.9625,66011272.259375,1027706.25,22468.75,27712.5,49917392.98125,33005636.1296875,212646375575.0,0.6612051262790326,,3.6418770978498163
stcp,udp,4,1048576,8,16.150984491978306,312,0,38.63541571165036,19.31770785582518,14.569254257366993,215.35178396152332,232.3419969761744,289.5605770172551,34.063490078468405,43292,64.25972572068291,327697,609367,9,1050310.8974358975,1953099.358974359,28.846153846153847,3003439.1025641025,525.1554487179487,68063953202.0,247758.0,4504.0,7238.0,26010103010.0,20989036107.0,,52125094.0,5867200091.0,163032338.0,83365714.77564102,67272551.625,794096.1538461539,14435.897435897436,23198.71794871795,41682857.38782051,33636275.8125,218153696160.2564,0.8069570543004166,,2.7787076539299163
tls,tls,4,1048576,8,16.3167598680011,240,0,29.417605203673496,14.708802601836748,101.58449475420639,251.93109700921923,381.5178050426766,503.1586880213581,70.0233385330791,48048,93.72779447936594,254975,517256,36664,1062395.8333333335,2155233.3333333335,152766.6666666667,3370395.8333333335,531.1979166666666,68038707388.0,257567.0,3321.0,3643.0,38450715197.0,38371597743.0,,86582678.0,9372001435.0,186522444.0,160211313.32083333,159881657.2625,1073195.8333333335,13837.5,15179.166666666668,80105656.66041666,79940828.63125,283494614116.6667,0.9979423671680839,,1.9902092983407658
udp,udp,4,1048576,8,15.631951123999897,320,0,40.941786148333165,20.470893074166582,9.880236495519057,184.96217404026538,204.95853503234684,316.939526994247,80.55893279160745,52148,78.35734870317003,443018,728519,2,1384431.25,2276621.875,6.25,3661059.375,692.215625,68042754963.0,324011.0,7456.0,8607.0,32458779869.0,21404515168.0,,106036631.0,7257983865.0,266145867.0,101433687.090625,66889109.9,1012534.375,23300.0,26896.875,50716843.5453125,33444554.95,212633609259.375,0.6594368381801851,,3.6669393587856924
stcp,udp,8,1048576,1,15.192178305995185,353,0,46.47128185175368,23.23564092587684,20.364121490274556,292.43953397963196,437.35617701895535,513.2393619860522,43.356718617505194,66008,75.25289546987246,340890,605174,13,965694.0509915013,1714373.9376770537,36.827195467422094,2680104.8158640224,482.84702549575076,68034707870.0,231396.0,5428.0,16865.0,30660532827.0,24490058910.0,,63562526.0,6804690808.0,193136295.0,86857033.50424929,69376937.42209631,655512.7478753541,15376.770538243627,47776.20396600567,43428516.752124645,34688468.711048156,192732883484.41928,0.7987486404161178,,2.838281715503333
tls,tls,8,1048576,1,15.348007245047484,238,0,31.013798234529524,15.506899117264762,262.8926533870981,475.38547799922526,619.6553040063009,668.9896440366283,83.41476385562126,72608,93.43065693430657,238280,486590,37899,1001176.4705882353,2044495.7983193279,159239.49579831935,3204911.7647058824,500.5882352941176,68033396815.0,245359.0,4085.0,13473.0,38003630462.0,37947958985.0,,80297268.0,9312965402.0,184487794.0,159679119.5882353,159445205.81932774,1030920.1680672269,17163.865546218487,56609.243697478996,79839559.79411764,79722602.90966387,285854608466.3866,0.9985351010857854,,1.9809779810883916
udp,udp,8,1048576,1,15.048102836008184,200,0,26.581423875098142,13.290711937549071,16.839992742461618,519.3028969806619,804.0942429797724,1005.4555549868383,94.2059949648811,81648,74.07910628019324,401305,676716,7,2006525.0,3383580.0,35.0,5390140.0,1003.2625,68049325650.0,387835.0,7904.0,10556.0,30717857415.0,20956775044.0,,104917827.0,6871402435.0,252921447.0,153589287.075,104783875.22,1939175.0,39520.0,52780.0,76794643.5375,52391937.61,340246628250.0,0.682234270472474,,3.68078349932942
stcp,udp,8,1048576,4,15.696728131035343,352,0,44.850111062831076,22.425055531415538,23.74413950019516,311.930775991641,451.3689419836737,477.6992700062692,46.14239311235537,66848,72.70638908829864,338475,615527,3,961576.7045454545,1748656.25,8.522727272727273,2710241.477272727,480.7883522727273,68059086464.0,234504.0,5682.0,14648.0,29720169218.0,23787526315.0,,60130727.0,6597903729.0,185599657.0,84432298.91477273,67578199.75852273,666204.5454545455,16142.045454545456,41613.63636363637,42216149.45738637,33789099.87926137,193349677454.54547,0.8003832730734622,,2.813009474270248
tls,tls,8,1048576,4,16.124288915016223,256,0,31.753338252528135,15.876669126264067,208.91373912309064,456.97542204288766,599.6201329980977,633.0089920083992,76.1182900200325,72400,92.64806925931015,243258,503313,29411,950226.5625,1966066.40625,114886.71875,3031179.6875,475.11328125,68042344834.0,232645.0,4797.0,6037.0,38037265513.0,38990344237.0,,78414328.0,9358188066.0,174591169.0,148583068.41015625,152306032.17578125,908769.53125,18738.28125,23582.03125,74291534.20507812,76153016.08789062,265790409507.8125,1.0250564469118912,,1.8656514249197607
udp,udp,8,1048576,4,15.804170846007764,288,0,36.44607525522298,18.22303762761149,39.84951063466724,374.8266570037231,583.9718579663895,888.7961630243808,88.49335492682846,82744,73.59200810771681,429231,723346,0,1490385.4166666667,2511618.0555555555,0.0,4002003.4722222225,745.1927083333333,68044763813.0,336522.0,9161.0,7860.0,30523194979.0,20157679699.0,,100924367.0,6811206198.0,251547890.0,105983315.89930555,69991943.39930555,1168479.1666666667,31809.02777777778,27291.666666666668,52991657.949652776,34995971.699652776,236266541017.3611,0.660405298752916,,3.6931474791331813
stcp,udp,8,1048576,8,15.943942796962801,400,0,50.17579466933323,25.087897334666614,43.245112130534835,271.0530769545585,428.5950719495304,451.3135260203853,42.2899033561788,64844,80.37120359955006,366003,652650,8,915007.5,1631625.0,20.0,2546652.5,457.50375,68032670296.0,199004.0,5297.0,16166.0,32821888085.0,26422515519.0,,62362418.0,7301509429.0,199216145.0,82054720.2125,66056288.7975,497510.0,13242.5,40415.0,41027360.10625,33028144.39875,170081675740.0,0.8050272869913114,,2.7284241284241446
tls,tls,8,1048576,8,16.081552304967772,256,0,31.837722521465633,15.918861260732816,177.71869099669857,461.2666760222055,625.3215079777874,724.1710110101849,86.93227951434392,72724,93.4507429829389,236224,499606,36417,922750.0,1951585.9375,142253.90625,3016589.84375,461.375,68049781185.0,232578.0,3420.0,8630.0,38219506401.0,38783842970.0,,82435733.0,9404595608.0,175405774.0,149294946.87890625,151499386.6015625,908507.8125,13359.375,33710.9375,74647473.43945312,75749693.30078125,265819457753.90625,1.0147656686896729,,1.8651070318301772
udp,udp,8,1048576,8,15.412152322998736,256,0,33.22053852504232,16.61026926252116,16.99874538462609,388.86089000152424,780.019084981177,811.987700057216,86.81263148453439,82712,67.6218611521418,357843,598595,0,1397824.21875,2338261.71875,0.0,3736085.9375,698.912109375,68033319351.0,288992.0,7114.0,36757.0,28178918862.0,18884008259.0,,99086303.0,6453890455.0,233624916.0,110073901.8046875,73765657.26171875,1128875.0,27789.0625,143582.03125,55036950.90234375,36882828.630859375,265755153714.84375,0.6701466564945319,,3.6199082960728686
stcp,udp,16,1048576,1,15.535575860994868,310,0,39.90840156473585,19.954200782367923,68.62520512731862,653.0284069594927,863.6675329762511,964.4440739648417,42.899285225293276,109888,55.89009061677872,250062,451201,2,806651.6129032257,1455487.0967741935,6.451612903225806,2262145.1612903224,403.3258064516129,68030518204.0,153645.0,2492.0,42564.0,23392065833.0,18737842971.0,,46950150.0,5200574278.0,144198805.0,75458276.88064516,60444654.74516129,495629.03225806454,8038.709677419355,137303.2258064516,37729138.44032258,30222327.372580644,219453284529.03226,0.8010341243382564,,2.7727477253811084
tls,tls,16,1048576,1,15.404349382035434,326,0,42.3257083976791,21.16285419883955,584.5273261911643,625.6062799948268,816.8430849909782,922.5085219950415,106.08096839881458,121740,75.19045565617364,105785,284899,43923,324493.86503067485,873923.3128834356,134733.12883435583,1333150.3067484663,162.24693251533742,68025975241.0,30168.0,2562.0,38184.0,30930600958.0,38095838141.0,,40516968.0,8578484970.0,90132293.0,94879144.04294479,116858399.20552148,92539.87730061349,7858.895705521472,117128.83435582822,47439572.021472394,58429199.60276074,208668635708.58896,1.2316552850922464,,1.050678450975942
udp,udp,16,1048576,1,15.345201926014852,226,0,29.455461204047147,14.727730602023573,40.702946949750185,902.1732439869083,1070.2696589869447,1094.036263995804,173.13273639599214,142600,24.32998951938913,247041,483017,0,1093101.7699115044,2137243.3628318585,0.0,3230345.132743363,546.5508849557522,68055845352.0,42629.0,250.0,30591.0,11586954060.0,6423839511.0,,39196247.0,2673965691.0,99835229.0,51269708.230088495,28424068.632743362,188623.89380530972,1106.1946902654868,135358.40707964601,25634854.115044247,14212034.316371681,301132059079.646,0.5544027772731154,,3.733601718826242
stcp,udp,16,1048576,4,16.34471721202135,384,0,46.98765907281313,23.493829536406565,62.06377237322158,553.7210829788819,746.2431039894,867.8045030101202,47.85898035755983,111720,65.69727184600471,293706,508015,69,764859.375,1322955.7291666665,179.6875,2087994.7916666665,382.4296875,68025589519.0,127694.0,2570.0,33251.0,28070639386.0,22448355773.0,,51075336.0,6123537473.0,163308438.0,73100623.40104167,58459259.825520836,332536.4583333333,6692.708333333333,86591.14583333333,36550311.700520836,29229629.912760418,177149972705.72916,0.7997094567142611,,2.6668970136961225
tls,tls,16,1048576,4,16.594709597004112,364,0,43.86940282048852,21.93470141024426,385.79225455760024,613.64447302185,825.7408289937302,937.6634530490264,111.2610792739227,121476,78.3842204809511,117164,320241,53583,321879.1208791209,879782.967032967,147206.04395604396,1348868.131868132,160.93956043956044,68054477332.0,31071.0,2519.0,31389.0,33603698086.0,41788943826.0,,38982348.0,9236441137.0,92814022.0,92317851.88461539,114804790.73076923,85359.89010989011,6920.32967032967,86233.51648351649,46158925.942307696,57402395.365384616,186962849813.18683,1.2435816950578467,,1.0048677907792745
udp,udp,16,1048576,4,17.973128316982184,256,0,28.486971826503293,14.243485913251646,50.34884456472355,1041.7059949832037,1103.3122619846836,1150.3026810241863,76.98437220261968,142564,23.742660199131986,238434,491440,0,931382.8125,1919687.5,0.0,2851070.3125,465.69140625,68035213500.0,11922.0,182.0,20708.0,10005097318.0,5321266175.0,,34783414.0,2185864186.0,83374642.0,39082411.3984375,20786195.99609375,46570.3125,710.9375,80890.625,19541205.69921875,10393097.998046875,265762552734.375,0.5318555138315947,,3.8142645153343486
stcp,udp,16,1048576,8,20.015625518048182,376,0,37.5706469588931,18.78532347944655,81.9497776319622,798.9629370276816,867.2188839991577,883.7293969700113,39.70876150152435,110752,53.47400326416414,319916,592038,2,850840.4255319149,1574569.1489361702,5.319148936170213,2425414.8936170214,425.4202127659574,68027951128.0,193099.0,3137.0,45296.0,21791045608.0,17486728317.0,,44169701.0,4827964216.0,134689213.0,57954908.5319149,46507256.162234046,513561.170212766,8343.08510638298,120468.08510638298,28977454.26595744,23253628.08111702,180925401936.17023,0.8024731181591495,,2.7897723962749437
tls,tls,16,1048576,8,17.645792305993382,384,0,43.52312362529334,21.76156181264667,451.19225055532297,611.9271439965814,848.2857429771684,918.172022968065,107.33746987131236,121852,78.39592616168046,125158,337386,47865,325932.2916666666,878609.375,124648.4375,1329190.1041666665,162.96614583333331,68053012666.0,32968.0,2649.0,39567.0,33292074534.0,41139756687.0,,39935447.0,9127843394.0,93151454.0,86698110.765625,107134783.0390625,85854.16666666667,6898.4375,103039.0625,43349055.3828125,53567391.51953125,177221387151.04166,1.2357222330793909,,1.020519853147691
udp,udp,16,1048576,8,19.39549275499303,256,0,26.397885656614452,13.198942828307226,36.84334831996239,1061.575565021485,1171.0824110195972,1231.4580390229821,63.54909955472502,142624,27.771240291833372,284660,602772,0,1111953.125,2354578.125,0.0,3466531.25,555.9765625,68027386870.0,8502.0,208.0,21041.0,11171893583.0,5866181429.0,,40509648.0,2421136563.0,91482791.0,43640209.30859375,22914771.20703125,33210.9375,812.5,82191.40625,21820104.654296875,11457385.603515625,265731979960.9375,0.5250838978565304,,3.778506028864593
