id,protocol,transport,clients,payload_bytes,pipeline,elapsed_s,operations,errors,status,operations_s,combined_mib_s,rtt_p50_ms,rtt_p95_ms,rtt_p99_ms,connect_mean_ms,client_cpu_percent,max_rss_kib,server_cpu_busy_percent,server_kernel_network_events_per_1k_ops,server_perf_cycles_per_op,server_perf_instructions_per_op,server_perf_context_switches_per_1k_ops,server_perf_ipc,server_perf_cache_miss_percent,operations_per_cpu_percent,mib_per_cpu_percent,error_details
tcp-c1-p64-q1,tcp,tcp,1,64,1,15.000203810981475,66152,0,pass,4410.073411907303,0.5383390395394657,0.19408803200349212,0.40528603130951524,0.5284860380925238,0.4732419620268047,26.120218427509734,20752,39.123630672926446,8781.231104123835,274144.17013846897,288161.93297254806,2084.396541298827,1.0511328139022573,1.7588487170650349,168.8375395537515,0.020610051215057556,
stcp-tcp-c1-p64-q1,stcp,tcp,1,64,1,15.00405905599473,41369,0,pass,2757.1872281768583,0.3365707065645579,0.3035989939235151,0.529952987562865,0.728440994862467,4.329577961470932,30.275227410445847,21152,40.491452991452995,10847.857091058522,433424.67345113494,460194.61865164735,4194.227561700791,1.06176377774564,1.6633688950888026,91.0707355157817,0.011117033144016322,
tls-c1-p64-q1,tls,tls,1,64,1,15.003886285994668,40703,0,pass,2712.830477660584,0.3311560641675518,0.3138650208711624,0.5514639778994024,0.9621279896236956,42.73111396469176,34.30387902102651,24980,41.56288916562889,10934.67311991745,461777.1316364887,485449.6905142127,2205.3411296464633,1.0512640346520215,2.0824515852462997,79.08232407179838,0.009653604012670701,
tcp-c1-p64-q4,tcp,tcp,1,64,4,15.00107990403194,75896,0,pass,5059.369091127961,0.6175987660068312,0.14617701526731253,0.30310999136418104,0.4399979952722788,0.3251089947298169,27.96806647814965,21028,16.263399693721286,6002.872351639085,108804.26628544324,58219.006271740276,2098.832613049436,0.5350801789242827,3.748004434106484,180.89806440787197,0.02208228325291406,
stcp-tcp-c1-p64-q4,stcp,tcp,1,64,4,15.005550101981498,45076,0,pass,3003.955182825831,0.3666937479035438,0.2512880018912256,0.4390200483612716,0.7069300045259297,4.975396965164691,30.510164365086773,20900,25.89272147090108,7260.116248114296,281201.0807968764,230112.31662081816,4202.214038512734,0.8183194601127376,2.614886759788295,98.45752211886806,0.012018740493025886,
tls-c1-p64-q4,tls,tls,1,64,4,15.00172391498927,45908,0,pass,3060.1816338007734,0.37355732834482097,0.2503099967725575,0.6463080062530935,2.2874989663250744,47.83802496967837,24.103923125708224,25212,17.568185281121437,6007.340768493509,186763.53886032937,113569.45726235078,2157.0968023002524,0.6080922323242302,4.381633968016849,126.95782416169894,0.01549778126973864,
tcp-c1-p64-q8,tcp,tcp,1,64,8,15.000221056980081,65024,0,pass,4334.869449790026,0.5291588683825715,0.18235499737784266,0.3813309594988823,0.4199529648758471,0.5495080258697271,32.838769384054025,21284,13.592677345537757,6004.582923228347,111996.5945804626,61792.49813914862,2118.187130905512,0.5517355091967064,3.629936489117428,132.00462535892007,0.016113845869008797,
stcp-tcp-c1-p64-q8,stcp,tcp,1,64,8,15.005063705029897,52712,0,pass,3512.94743136147,0.42882659074236695,0.23613200755789876,0.46835397370159626,1.7849249998107553,3.3855389920063317,24.394538216941925,20844,16.28085236854208,6006.715738351798,165559.81442555774,96051.77433980878,4166.925937168007,0.5801635781791569,3.7020335242818123,144.0054900863727,0.017578795176559168,
tls-c1-p64-q8,tls,tls,1,64,8,15.002675375028048,45944,0,pass,3062.3871310628892,0.37382655408482535,0.34613197203725576,0.5157749983482063,0.6081750034354627,41.58076999010518,33.14108234505944,24896,17.647058823529413,6007.552672819084,187659.7624934703,114928.57909629114,2160.303848162981,0.6124305901766774,4.237696646563216,92.40455997115072,0.011279853512103359,
tcp-c2-p64-q1,tcp,tcp,2,64,1,15.000414918002207,132218,0,pass,8814.28951950678,1.0759630761116674,0.15937699936330318,0.2874659840017557,1.055016997270286,0.2867319853976369,44.46169013629026,21388,27.010309278350515,4823.609493412395,104953.57725120634,54172.20830749217,2336.225022311637,0.516153996140894,4.091406029433488,198.2445897240517,0.02419977901904928,
stcp-tcp-c2-p64-q1,stcp,tcp,2,64,1,15.005076584988274,84415,0,pass,5625.762689172304,0.6867386095181035,0.39550900692120194,0.6599960033781826,0.7577739888802171,6.268013006774709,68.56942676516196,21480,27.479371010431265,5486.560445418468,161324.68455843156,89734.61133684772,4391.731327370728,0.5562360873815685,3.9048952057459423,82.04476768399327,0.01001523043017496,
tls-c2-p64-q1,tls,tls,2,64,1,15.00322461099131,82165,0,pass,5476.489363480315,0.6685167680029681,0.3700869856402278,0.6223520031198859,0.7406629738397896,54.43091050256044,75.58322490014855,26472,32.76853722990828,5473.4375950830645,190211.2030548287,106847.26651250533,2725.8078257165457,0.5617296184268726,4.665541401024778,72.45641305614033,0.00884477698439213,
tcp-c2-p64-q4,tcp,tcp,2,64,4,15.000828440010082,116392,0,pass,7759.038140157662,0.9471482104684646,0.21462095901370049,0.46444201143458486,0.5548860062845051,0.5778634804300964,67.6002664823036,21492,24.016919943600186,5076.517286411437,106618.14375558458,55319.23694068321,2320.898343528765,0.5188538741351482,4.11153157649375,114.77821825138551,0.014011012970139833,
stcp-tcp-c2-p64-q4,stcp,tcp,2,64,4,15.005644981982186,77264,0,pass,5148.99560084046,0.6285395020557202,0.34173199674114585,0.628707988653332,0.8135070092976093,5.427373485872522,62.50089890345464,21328,25.17166042446941,5451.801615241251,164498.1638667426,92259.82596034376,4447.1163802029405,0.560856266061924,3.7585344023259486,82.38274474730565,0.010056487395911334,
tls-c2-p64-q4,tls,tls,2,64,4,15.003542255959474,84240,0,pass,5614.67409248236,0.6853850210549756,0.30457600951194763,0.5817749770358205,0.827195995952934,72.1853184804786,64.10000275888169,26360,33.623774700482336,5532.680436847104,189221.05744301993,106495.82458452042,2729.0004748338083,0.5628116977233861,4.7379934327391116,87.59241576950465,0.010692433565613361,
tcp-c2-p64-q8,tcp,tcp,2,64,8,15.001154125959147,107800,0,pass,7186.113754638026,0.8772111516892122,0.23466598941013217,0.500619993545115,0.5905749858357012,0.6106200162321329,72.03519748724052,21528,22.308649657747356,5183.191094619666,108551.87564935065,56353.79468460111,2345.064935064935,0.5191416025517401,4.142336489076387,99.75836820480558,0.012177535181250681,
stcp-tcp-c2-p64-q8,stcp,tcp,2,64,8,15.007906061946414,82528,0,pass,5498.968321054158,0.6712607813786814,0.3109319950453937,0.6081750034354627,0.8790180436335504,5.01744300709106,58.01889993220488,21472,26.905619032712476,5419.590926715781,164176.57849457153,90362.74110604885,4459.383481969756,0.5503997094752263,4.046671427929366,94.77891389667343,0.011569691637777518,
tls-c2-p64-q8,tls,tls,2,64,8,15.007082805968821,85328,0,pass,5685.848549197196,0.6940733092281733,0.2806209959089756,0.5861750105395913,1.7326140077784657,52.534285496221855,47.027320974020505,26272,34.99375390381012,5585.13032064504,193426.18810941308,108343.66486967936,2962.9781548846804,0.5601292458309414,4.6036606061768035,120.90521916692326,0.014758937886587312,
tcp-c4-p64-q1,tcp,tcp,4,64,1,15.000597570964601,155220,0,pass,10347.587772132914,1.2631332729654436,0.3710649907588959,0.6555969594046474,0.8579959976486862,0.7272189977811649,97.36518115965173,22604,48.63735161344257,4201.050122406907,149054.38840355625,76115.3311944337,5650.579822187862,0.510654748308086,4.2126587732884015,106.2760593560213,0.01297315177685807,
stcp-tcp-c4-p64-q1,stcp,tcp,4,64,1,15.007028662017547,129916,0,pass,8657.010186754324,1.0567639388127836,0.40333200013265014,0.7929739658720791,1.2608389952220023,9.387111727846786,83.96862752646928,22436,52.58886544392144,4681.648141876289,185773.36922319036,96824.11231103174,5989.585578373719,0.5211947908136719,4.555069046838164,103.09815036604464,0.012585223433355058,
tls-c4-p64-q1,tls,tls,4,64,1,15.00612578500295,93468,0,pass,6228.656306040794,0.7603340217334954,0.5680859903804958,1.000261981971562,1.3116830377839506,76.3409929786576,99.19586982854997,29024,60.48827497590749,5029.0366756537,293983.7115911328,156746.84188171354,6749.8609149655495,0.5331820631604046,4.601977749425683,62.791488363440905,0.007664976606865345,
tcp-c4-p64-q4,tcp,tcp,4,64,4,15.001711750985123,154344,0,pass,10288.425918453248,1.2559113669986874,0.3793759969994426,0.63408596906811,0.844308000523597,0.47446449752897024,105.88618994733645,22532,46.50618522233367,4207.024568496346,145754.78412507128,73884.84461981029,5429.488674648836,0.5069119690535178,4.307607542484392,97.16494590626311,0.011860955310823134,
stcp-tcp-c4-p64-q4,stcp,tcp,4,64,4,15.006697550008539,122644,0,pass,8172.617565676881,0.9976339801851661,0.46981999184936285,0.7797739817760885,1.006618025712669,8.759626987739466,106.44802393575867,22692,48.433187205715214,4665.33218094648,183383.4527901895,96879.60175793353,5677.415935553308,0.5282897681546779,4.396477693352112,76.77566255818006,0.00937202912087159,
tls-c4-p64-q4,tls,tls,4,64,4,15.00767891004216,96640,0,pass,6439.370177045487,0.786055929815123,0.5602639866992831,1.0462169884704053,1.473504991736263,89.54619900032412,97.20065366163288,29228,56.577017114914426,5009.261175496689,264352.6487893212,136502.0561879139,6975.144867549669,0.5163634895018614,4.846438512161269,66.24821885932687,0.008086940778726424,
tcp-c4-p64-q8,tcp,tcp,4,64,8,15.003175713995006,154960,0,pass,10328.479980105336,1.2608007788214521,0.3735100035555661,0.652663002256304,0.8721739868633449,0.5184642359381542,96.24131100811559,22312,48.262098785963744,4216.268714506969,148459.70254904492,75665.00600800206,5702.245740836344,0.5096669648991482,4.255224347614788,107.318571119988,0.01310041151367041,
stcp-tcp-c4-p64-q8,stcp,tcp,4,64,8,15.009837265999522,123296,0,pass,8214.346219415163,1.0027278099872026,0.4624869907274842,0.768530007917434,0.9919510339386761,7.74335500318557,106.07401478006476,22856,48.16849816849817,4638.414871528678,184218.52733259797,96926.91938911239,5596.150726706463,0.5261518523276182,4.461833638140916,77.43975974178875,0.009453095671605072,
tls-c4-p64-q8,tls,tls,4,64,8,15.01194558700081,96704,0,pass,6441.8032585821675,0.7863529368386435,0.5617309943772852,1.0462179780006409,1.4123930013738573,77.09072175202891,90.14617007217421,29060,57.90762200097927,5111.536234281933,267337.4637760589,137748.78141545336,7202.980228325613,0.5152617948483331,4.825632342433854,71.45953348239456,0.008723087583300117,
tcp-c8-p64-q1,tcp,tcp,8,64,1,15.001392277015839,128872,0,pass,8590.669293906094,1.0486656852912712,0.7924860110506415,2.0010140142403543,2.8159890207462013,0.3275542476330884,108.84633038372988,24168,57.66993518364634,4422.908001738158,201060.68328263704,102632.54707772053,8725.107082997081,0.5104555769038489,4.583380654343063,78.92474889709473,0.009634368761852384,
stcp-tcp-c8-p64-q1,stcp,tcp,8,64,1,15.012420867977198,131540,0,pass,8762.077825874592,1.069589578353832,0.7807519868947566,1.8616809975355864,2.6937659713439643,17.437981739931274,127.29140202005844,24296,64.7775251705099,4327.710202219857,213974.00640869697,109636.44489128781,6907.191728751711,0.512382072623713,4.670034176113793,68.83479706267886,0.00840268518831529,
tls-c8-p64-q1,tls,tls,8,64,1,15.010669519018847,84897,0,pass,5655.777038621338,0.6904024705348313,1.1884839623235166,2.9548319871537387,4.1350050014443696,136.69154075614642,105.51607295019092,34796,58.49147635895786,5023.239926028011,305565.08619857003,151026.97161266004,7929.809062746622,0.4942546725201317,5.055300649452203,53.60109488998097,0.00654310240356213,
tcp-c8-p64-q4,tcp,tcp,8,64,4,15.003734356025234,127456,0,pass,8494.951788373668,1.0369814194792075,0.7978639914654195,2.0122589776292443,2.8409219812601805,0.46853699313942343,98.04905666096597,23844,56.58901830282862,4549.970185789605,202225.2037408988,103987.94143861411,8729.922483052975,0.5142185025158819,4.488781259011352,86.63981151544897,0.010576148866631954,
stcp-tcp-c8-p64-q4,stcp,tcp,8,64,4,15.0127764060162,123660,0,pass,8236.984063150681,1.0054912186463234,0.8144850144162774,1.9022590131498873,2.695234026759863,13.664939389855135,125.72665101730306,24436,64.43148688046647,4415.033155426168,225382.95472262654,115654.93581594696,7771.170952612001,0.5131485473614485,4.639335716161544,65.51502005741862,0.00799743897185286,
tls-c8-p64-q4,tls,tls,8,64,4,15.02764926396776,84900,0,pass,5649.586206644259,0.6896467537407542,1.1919069802388549,2.9861219809390604,4.131094960030168,124.85402337188134,102.13932818357085,34704,58.51923698674426,5029.175500588928,305085.618786808,151342.25969375737,7933.215547703179,0.4960648761340482,5.037777293717003,55.31254519797201,0.006752019677486817,
tcp-c8-p64-q8,tcp,tcp,8,64,8,15.015675603994168,74776,0,pass,4979.862509823373,0.6078933727811735,0.7719530258327723,5.981533031444997,10.516937996726483,0.3573764843167737,41.287732656870254,23604,99.11034581719042,7768.080667593881,531689.7467235477,548699.8000160479,3121.429335615706,1.0319924418278177,1.8509690727834756,120.61361061430742,0.014723341139441824,
stcp-tcp-c8-p64-q8,stcp,tcp,8,64,8,15.021591459983028,123048,0,pass,8191.409034641594,0.9999278606740227,0.8487080340273678,1.9056819728575647,2.6341229677200317,13.148249374353327,127.7411388208642,24360,66.24697336561744,4399.738313503673,233062.38875885835,122343.58225245433,8012.661725505493,0.5249391929087238,4.596708856267475,64.12506660151739,0.00782776691913054,
tls-c8-p64-q8,tls,tls,8,64,8,15.017637397977524,87184,0,pass,5805.440475726319,0.7086719330720604,1.160617044661194,2.8790549840778112,4.003496025688946,146.92570963234175,107.72601289586825,34584,60.64069542820347,5008.063406129565,301279.4711070839,155065.6045375298,7917.828959442099,0.5146902441368626,4.91345775632846,53.890794986890135,0.006578466184923112,
tcp-c16-p64-q1,tcp,tcp,16,64,1,15.017616714001633,78956,0,pass,5257.558606245796,0.6417918220514888,1.6084350063465536,10.465583996847272,16.563947952818125,0.5481023072206881,45.062056975329355,23924,99.10932337307858,7024.963270682406,503566.02297482145,485625.4314301636,4531.422564466285,0.9643729109468634,2.2200621518333645,116.6737374888193,0.014242399595803137,
stcp-tcp-c16-p64-q1,stcp,tcp,16,64,1,15.024995148007292,95597,0,pass,6362.531172775697,0.7766761685517208,1.798615965526551,6.8761970032937825,11.88384200213477,66.12794625834795,85.04342846123758,25348,98.33165540054652,5891.408726215258,413730.34857788426,362385.8530497819,3469.8473801479126,0.875898648226825,2.33711300313752,74.81508316278324,0.009132700581394438,
tls-c16-p64-q1,tls,tls,16,64,1,15.032014859025367,31254,0,pass,2079.162393937816,0.2538040031662373,5.890587985049933,18.29704799456522,25.423539977055043,549.2763481779548,30.87907405315696,40756,92.06209724663151,13964.260574646445,1183347.0981314392,1134346.2384014847,9773.341012350418,0.9585913044386307,2.1794838580830604,67.33240738885596,0.008219288011334955,
tcp-c16-p64-q4,tcp,tcp,16,64,4,15.00977999495808,79668,0,pass,5307.739355724148,0.6479174018217954,1.6314120148308575,10.372695047408342,16.372304991818964,0.4406391308293678,53.21115301278808,24100,98.96193771626297,6907.541296379976,497882.7871541899,478535.6763694332,4564.982176030527,0.9611412338728531,2.230625063431469,99.74862515098205,0.012176345843625739,
stcp-tcp-c16-p64-q4,stcp,tcp,16,64,4,15.095203456003219,95004,0,pass,6293.654820678671,0.7682684107273768,1.7331009730696678,7.112313993275166,12.514993024524301,103.70586588396691,81.64345737982593,25384,98.61032331253546,5975.211570039156,417091.4292240327,365429.0080733443,3672.1822239063617,0.8761364594645292,2.378486055716242,77.08706885597707,0.009410042584958138,
tls-c16-p64-q4,tls,tls,16,64,4,15.055310397001449,31304,0,pass,2079.2663302534625,0.25381669070476837,5.902321019675583,18.346914963331074,25.525717006530613,547.8925913121202,30.89992751611783,41052,92.62825118551517,14190.966010733453,1189295.6025108611,1149227.005558395,9788.84487605418,0.9663089673686907,2.152175600420489,67.29033034685561,0.008214151653668898,
tcp-c16-p64-q8,tcp,tcp,16,64,8,15.025928039976861,82104,0,pass,5464.1550113617095,0.6670111097853649,1.5737240319140255,10.150741029065102,16.171860974282026,0.29592894861707464,54.27677397563632,24100,98.78848346636259,6767.185520802885,482054.7295016077,460643.25874500634,4523.068303614928,0.9555829049146795,2.264758725546367,100.67206672626585,0.012289070645296125,
stcp-tcp-c16-p64-q8,stcp,tcp,16,64,8,15.09222333598882,96744,0,pass,6410.188734041913,0.7824937419484758,1.7619450227357447,6.777427042834461,11.685354984365404,74.8372994348756,82.48846921257369,25696,98.44129844129844,5838.346564128008,409375.5390721905,358775.9226308608,3548.561151079137,0.8763980462633191,2.3701182853723446,77.71011870183682,0.009486098474345315,
tls-c16-p64-q8,tls,tls,16,64,8,15.059026066039223,31200,0,pass,2071.8471342819134,0.25291102713402264,5.962943017948419,18.235937983263284,25.313052989076823,472.44586950546363,30.946775572092044,40696,91.97251060096505,14021.314102564102,1183304.6336858973,1139200.125448718,9769.391025641025,0.9627276806144184,2.175740283181264,66.9487239294266,0.008172451651541334,
tcp-c1-p1024-q1,tcp,tcp,1,1024,1,15.000892830023076,16392,0,pass,1092.7349582281352,2.1342479652893265,0.4003980429843068,4.012776014860719,7.084447017405182,0.28110999846830964,7.057366598081158,20772,98.22792104884023,30151.842362127867,2415180.796547096,2857138.441922889,4480.6002928257685,1.1829915367030266,1.1947195729368387,154.83607703264857,0.30241421295439175,
stcp-tcp-c1-p1024-q1,stcp,tcp,1,1024,1,15.0037747080205,11449,0,pass,763.0746410688078,1.4903801583375151,0.6609740084968507,4.831172002013773,7.984486990608275,7.755687984172255,7.515462088331826,20800,98.01765301692953,41358.72128570181,3445413.320988733,4014242.2496287883,7047.078347453927,1.1650974427871599,1.2139985966825053,101.5339618642377,0.19830851926608925,
tls-c1-p1024-q1,tls,tls,1,1024,1,15.005045374040492,6276,0,pass,418.2593150206534,0.8169127246497137,1.0892380378209054,7.615866954438388,11.07082498492673,50.47454999294132,7.260797770627655,25076,98.5179856115108,75710.32504780115,6322658.849585723,7602208.157425111,9933.55640535373,1.2023751934557132,1.1792991257788707,57.6051459128433,0.11251005061102207,
tcp-c1-p1024-q4,tcp,tcp,1,1024,4,15.001051892002579,44268,0,pass,2950.993058266823,5.763658316927389,0.3754650242626667,0.4307079943828285,0.4918189952149987,0.6678180070593953,28.78418814284612,21008,15.443379269023366,6014.615523628806,187798.7202268004,122568.353257432,2211.710490647872,0.6526580857921124,3.5610724037402757,102.52132329117812,0.20023695955308227,
stcp-tcp-c1-p1024-q4,stcp,tcp,1,1024,4,15.004953573981766,11768,0,pass,784.2743359369957,1.5317858123769448,0.6780850235372782,4.7646830207668245,7.605110993608832,12.78534799348563,8.300852074342536,21016,98.14734404400059,39842.79401767505,3363561.8295377293,3926888.9957511895,6939.92182188987,1.1674793551486107,1.2123626636297493,94.48118445106898,0.1845335633809941,
tls-c1-p1024-q4,tls,tls,1,1024,4,15.007242107007187,6136,0,pass,408.8692616703356,0.7985727766998743,1.1151490034535527,7.918488001450896,11.676553986035287,71.02878700243309,7.015846032818959,24944,98.19121447028424,78130.37809647979,6454204.662809648,7818855.150423729,10149.608865710561,1.211435886977284,1.1723970906064614,58.2779695788239,0.11382415933364043,
tcp-c1-p1024-q8,tcp,tcp,1,1024,8,15.001807899971027,48232,0,pass,3215.0791638981827,6.279451491988638,0.3691089805215597,0.419464020524174,0.4869310068897903,0.7088839774951339,27.379560032947314,21112,12.048920428808698,6007.173660640238,129419.26264720518,71119.26843174656,2153.528777575054,0.5495261445401411,3.9201394286630284,117.42625374656507,0.2293481518487599,
stcp-tcp-c1-p1024-q8,stcp,tcp,1,1024,8,15.008687374996953,28840,0,pass,1921.5537827808114,3.7530347319937722,0.5495080258697271,0.6243080133572221,0.7201289990916848,5.232547991909087,30.584666635452066,21088,10.527124635008454,6014.008321775312,220258.27343966713,143459.1547850208,4301.976421636616,0.6513224340892555,3.5348313237856526,62.82735743646955,0.12270968249310459,
tls-c1-p1024-q8,tls,tls,1,1024,8,15.00749651202932,25232,0,pass,1681.2930777478566,3.2837755424762824,0.6238179630599916,0.8047070004977286,0.9298610384576023,53.456756984815,40.154585377845514,24984,15.5014283566381,6015.535827520609,291595.35411382373,228641.81666138239,2288.7603043753966,0.7841065141666573,3.470170692383957,41.8705127179691,0.0817783451522834,
tcp-c2-p1024-q1,tcp,tcp,2,1024,1,15.000674387032632,87229,0,pass,5815.005229058589,11.357432088005057,0.3456420381553471,0.5289749824441969,0.6189299747347832,0.3248650173190981,59.31779312330089,21608,19.618781961878195,5258.721296816426,120048.39700099737,61097.10216785702,2480.7346180742643,0.5089372594233759,4.505437778143311,98.03138186498666,0.19146754270505206,
stcp-tcp-c2-p1024-q1,stcp,tcp,2,1024,1,15.007216513971798,54963,0,pass,3662.4379976679324,7.153199214195181,0.5201750318519771,0.750929000787437,0.8770619751885533,5.507545487489551,59.753919000577504,21484,22.318840579710145,5563.906628095265,199269.8997143533,123863.58333788185,4506.959227116424,0.6215870209973314,4.171205626119435,61.292013292593175,0.11971096346209605,
tls-c2-p1024-q1,tls,tls,2,1024,1,15.007050364976749,45736,0,pass,3047.634204436207,5.952410555539466,0.6321300170384347,0.8643509936518967,0.9973279666155577,58.99070351733826,74.03895988735303,26300,26.343101343101345,5707.101626727304,269593.3482595767,208683.04456008397,2454.7402483820188,0.774065999429461,3.6155259852953043,41.162574529316,0.0803956533775703,
tcp-c2-p1024-q4,tcp,tcp,2,1024,4,15.000889247050509,105964,0,pass,7063.847899606002,13.796577928917973,0.3353760112076998,0.5211529787629843,0.6052409880794585,0.8198614814318717,56.31590808298937,21356,23.17663595189755,5167.566343286399,115356.15040957306,58488.61250990903,2424.917896644143,0.5070263900298743,4.441395465002662,125.43254899124479,0.24498544724852497,
stcp-tcp-c2-p1024-q4,stcp,tcp,2,1024,4,15.006438918993808,56880,0,pass,3790.3729397123248,7.403072147875634,0.47813099808990955,0.7318630232475698,0.8648390066809952,6.455007533077151,58.55067313057862,21516,23.10623380582228,5570.165260196905,196926.01668424753,122651.93231364276,4507.17299578059,0.6228325458403177,4.018535746609304,64.73662448353251,0.12643871969439943,
tls-c2-p1024-q4,tls,tls,2,1024,4,15.005635269975755,47312,0,pass,3152.948818812417,6.158103161743002,0.553418998606503,0.8315949817188084,1.0002609924413264,53.105494007468224,70.6950476213803,26484,27.14109673444239,5680.905478525533,270713.8238924586,210327.01606357796,2455.5503889076767,0.7769348939754575,3.5944741575640036,44.599288421143534,0.08710798519754596,
tcp-c2-p1024-q8,tcp,tcp,2,1024,8,15.003238610981498,90144,0,pass,6008.302762979443,11.734966333944225,0.29919802909716964,0.5103970179334283,0.6086630164645612,0.7883289945311844,56.72926506527916,21704,20.15576323987539,5217.995651402201,119608.81579472843,60864.76401091587,2463.070198793042,0.5088652003324857,4.320536490487864,105.9118738109088,0.20685912853693125,
stcp-tcp-c2-p1024-q8,stcp,tcp,2,1024,8,15.00493437499972,56704,0,pass,3779.0235253861983,7.380905323019919,0.518219021614641,0.7553289760835469,0.8707059896551073,5.543479492189363,58.73253277723958,21620,22.899480598838988,5558.937641083522,197094.99940039503,122914.1448398702,4469.614136568849,0.623628936369777,4.007513838087622,64.34293477039817,0.12566979447343393,
tls-c2-p1024-q8,tls,tls,2,1024,8,15.005693704995792,47280,0,pass,3150.8040167619333,6.153914095238151,0.6287069991230965,0.8594620157964528,0.9992829873226583,60.83038350334391,71.70754789175552,26336,27.234107115763923,5662.8172588832485,268381.8765651438,210917.49447969542,2421.65820642978,0.7858857579323164,3.5812122440842806,43.93964246996923,0.08581961419915865,
tcp-c4-p1024-q1,tcp,tcp,4,1024,1,15.001145010988694,131810,0,pass,8786.662611650381,17.16145041337965,0.4008859978057444,0.8433290058746934,1.3791469973511994,0.5606297490885481,78.29704993449619,22496,51.167025326932624,4473.628707988772,180930.62939837645,97489.16793869964,6084.621804111979,0.5388206975395314,4.193819460391992,112.22214143446476,0.21918386998918898,
stcp-tcp-c4-p1024-q1,stcp,tcp,4,1024,1,15.00629571202444,102688,0,pass,6842.994565122212,13.365223760004321,0.5416860221885145,0.9029729990288615,1.1796819744631648,9.06969275092706,97.05829659433729,22588,48.37568349951753,4915.28708320349,216261.12783382673,125635.63234263011,5622.020099719539,0.5809441280597014,4.625238732818447,70.50396313591862,0.13770305299984106,
tls-c4-p1024-q1,tls,tls,4,1024,1,15.00610856799176,82911,0,pass,5525.149949724496,10.791308495555656,0.6536410073749721,1.088260964024812,1.5478130080737174,84.78592500614468,98.08841468331353,29208,60.84756483238457,5129.150534910928,318946.64618687506,222607.46139836693,5688.388754206318,0.6979457663522138,4.0261500645571235,56.3282622882926,0.11001613728182148,
tcp-c4-p1024-q4,tcp,tcp,4,1024,4,15.002099653007463,135356,0,pass,9022.470396193192,17.622012492564828,0.4096869961358607,0.7499509956687689,1.0383939952589571,0.8665502537041903,85.66798846335864,22292,46.248749583194396,4427.6131091344305,163277.42896509945,81790.00705546854,6055.2764561600525,0.5009265982069767,4.474966722944647,105.3190410797637,0.2057012521089135,
stcp-tcp-c4-p1024-q4,stcp,tcp,4,1024,4,15.007420948997606,106988,0,pass,7129.006400473232,13.923840625924282,0.5543970037251711,0.8995500393211842,1.1195490369573236,10.686927736969665,93.41723036653016,22412,49.488553336580615,4880.472576363704,213137.807613938,124614.91314913821,5587.766852357274,0.5846682695303708,4.55383821822797,76.31361337198706,0.14905002611716223,
tls-c4-p1024-q4,tls,tls,4,1024,4,15.007339417003095,81804,0,pass,5450.932888698264,10.646353298238797,0.6692850147373974,1.119061023928225,1.6025680233724415,87.16386873857118,102.86814052135873,29064,59.75801382778126,5098.467067625055,317612.6632805242,221259.75287272016,5588.3453131876195,0.6966339143641055,4.018249451924926,52.98951513142668,0.10349514674106773,
tcp-c4-p1024-q8,tcp,tcp,4,1024,8,15.002610425988678,134576,0,pass,8970.172268612472,17.519867712133735,0.4214199725538492,0.7299070130102336,0.9474610560573637,0.4239867557771504,95.62276558983966,22288,44.771187840740126,4428.003507311853,160467.85687641185,80333.27505647366,5776.639222446796,0.5006191060328316,4.518850586204436,93.80791502191809,0.18321858402718377,
stcp-tcp-c4-p1024-q8,stcp,tcp,4,1024,8,15.009688752994407,98376,0,pass,6554.166553278738,12.801106549372536,0.588129973039031,1.0691940551623702,1.5942580066621304,8.631650489405729,92.53752844960925,22312,54.6994884910486,4862.110677400992,243363.20518215824,140249.5372245263,5277.354232739693,0.5762972143613453,4.263261215882362,70.82711914926244,0.1383342170884032,
tls-c4-p1024-q8,tls,tls,4,1024,8,15.015055869997013,72192,0,pass,4807.974117782244,9.390574448793446,0.6741740508005023,1.0858160094358027,1.4651920064352453,84.54967501165811,98.38161194935958,29048,66.8798751950078,5104.540669326241,397589.2527565381,275780.3277094415,5010.444370567377,0.6936312432929727,3.6301699866341455,48.87065806826864,0.09545050403958719,
tcp-c8-p1024-q1,tcp,tcp,8,1024,1,15.001713743957225,120230,0,pass,8014.417689340948,15.653159549494038,0.8496840018779039,2.1124769700691104,2.9352729907259345,0.5406468626460992,110.63412676225322,24188,54.56518110499082,4467.91982034434,210453.13785244946,104893.16090825917,8627.838309906014,0.4984157612408739,4.709431252652879,72.44073708434921,0.14148581461786955,
stcp-tcp-c8-p1024-q1,stcp,tcp,8,1024,1,15.012339884007815,113934,0,pass,7589.356548033554,14.822962007878035,0.9088390506803989,2.116877003572881,3.0570050003007054,14.222491874534171,106.05585886688222,24280,66.55002385875616,4487.369880808187,249078.61454877385,138306.53426545192,6904.216476205523,0.5552726175067476,4.736538848951928,71.55999328202567,0.1397656118789564,
tls-c8-p1024-q1,tls,tls,8,1024,1,15.020260469987988,72378,0,pass,4818.691403162989,9.411506646802714,1.4255919959396124,3.236914984881878,4.411708971019834,140.33824486250523,107.14714989235384,34212,65.22277227722772,5055.4450247312725,383567.0565227003,245338.23753074137,7613.528972892315,0.6396228074300792,4.28905140759152,44.97265123714558,0.08783720944754995,
tcp-c8-p1024-q4,tcp,tcp,8,1024,4,15.003890739986673,120848,0,pass,8054.444150138309,15.731336230738885,0.850173004437238,2.089987974613905,2.937717013992369,0.6665962428087369,113.00567495344916,24036,54.559193954659946,4471.1703958691905,208845.6489722627,104352.98487356017,8577.179597510923,0.4996655922069009,4.65972375035858,71.27468734164196,0.13920837371414446,
stcp-tcp-c8-p1024-q4,stcp,tcp,8,1024,4,15.033977448008955,115560,0,pass,7686.588622314605,15.012868402958214,0.9029719512909651,2.0342550124041736,2.8682950069196522,15.240231005009264,111.78222169160988,24420,67.24904701397712,4415.411907234337,247684.97244721357,137463.6417618553,6821.227068189685,0.5549938714636854,4.718750738449809,68.76396358913614,0.13430461638503152,
tls-c8-p1024-q4,tls,tls,8,1024,4,15.013510388962459,72600,0,pass,4835.644570731015,9.444618302209014,1.4275480061769485,3.2202930306084454,4.411708971019834,134.99710711766966,108.80745126742421,34304,64.86780715396579,5029.256198347108,382134.581446281,243300.68074380164,7633.264462809918,0.6366884667254432,4.383950580570143,44.44221893265462,0.08680120885284105,
tcp-c8-p1024-q8,tcp,tcp,8,1024,8,15.004388467990793,124576,0,pass,8302.63760937414,16.216089080808867,0.8237730362452567,2.028389018960297,2.80376203591004,0.45613063412019983,96.02474656489171,23948,54.46652195692102,4470.684562034421,204516.72094946058,103739.47247463396,8903.28795273568,0.5072420093233828,4.723469806630217,86.46352014856268,0.16887406279016148,
stcp-tcp-c8-p1024-q8,stcp,tcp,8,1024,8,15.054485736996867,117448,0,pass,7801.5285312183,15.237360412535741,0.8834169711917639,1.944789953995496,2.8301620041020215,12.841511124861427,115.0749902896109,24168,67.52569169960474,4402.663306314284,245094.05060111708,135924.42288502146,6741.468564811662,0.5545806703657373,4.7429696753844865,67.7951700155184,0.13241244143655936,
tls-c8-p1024-q8,tls,tls,8,1024,8,15.01556128897937,70128,0,pass,4670.354883867728,9.121786882554156,1.4529700274579227,3.469136019703001,4.931883013341576,154.3617088755127,86.42942311803601,34588,66.33001864512119,5172.755532740132,398781.3340320557,255541.37776637007,7486.938170203057,0.6408057648601693,4.23720754521156,54.03663145465474,0.10554029580987254,
tcp-c16-p1024-q1,tcp,tcp,16,1024,1,15.016378031985369,68625,0,pass,4570.010148507619,8.925801071303944,1.9452780252322555,11.614957998972386,18.54198594810441,0.7413959356199484,48.48022595391126,23788,99.09404659188957,7702.921675774135,579445.4255300546,554251.0106083789,4888.335154826958,0.9565197794104098,2.2452512862712943,94.26544655241902,0.1841122002976934,
stcp-tcp-c16-p1024-q1,stcp,tcp,16,1024,1,15.025526141980663,87157,0,pass,5800.59554496978,11.329288173769102,2.232255006674677,6.381919956766069,9.688257006928325,73.00457675228245,80.79307097328548,25124,83.15837517115472,5288.330254598024,379952.1723785812,243806.14057390686,7579.2650045320515,0.6416758694854373,3.8198548827021757,71.79570568480764,0.14022598766563993,
tls-c16-p1024-q1,tls,tls,16,1024,1,15.027559137030039,28462,0,pass,1893.9868903836546,3.6991931452805753,6.632717966567725,19.258205022197217,26.75429597729817,525.3900516217982,36.09076464477572,40636,93.55025307302964,14948.808938233435,1321274.8547537066,1299630.1218115382,9610.603611833321,0.9836182964776067,2.151660324550021,52.47843621561553,0.10249694573362408,
tcp-c16-p1024-q4,tcp,tcp,16,1024,4,15.010491063003428,67876,0,pass,4521.904027996456,8.831843804680577,2.084609994199127,11.399849026929587,17.726036021485925,1.4797971198277082,29.412129033416367,23524,98.83486766398158,7836.716954446343,583839.4922505745,560797.8320172079,4823.5606105250745,0.9605342554945262,2.209233577423584,153.74283251848001,0.3002789697626563,
stcp-tcp-c16-p1024-q4,stcp,tcp,16,1024,4,15.064611275971401,77968,0,pass,5175.573306983485,10.10854161520212,2.24007701035589,8.287597971502692,13.593479990959167,90.5546471294656,67.41919067105228,24968,98.56011519078474,6641.4554689103215,508223.87131900265,448144.09432074695,3832.3671249743484,0.8817848188784806,2.366556625791835,76.76706373168786,0.14993567135095284,
tls-c16-p1024-q4,tls,tls,16,1024,4,15.042914246965665,28264,0,pass,1878.891253116143,3.6697094787424667,6.702139973640442,19.66398098738864,27.197716990485787,492.25566055974923,35.7970796854486,41516,93.41045541074828,14806.750636852532,1327409.7500707614,1299586.8740447212,9682.776677045005,0.9790397230210514,2.100363636015176,52.48727744346996,0.10251421375677726,
tcp-c16-p1024-q8,tcp,tcp,16,1024,8,15.012745477957651,115648,0,pass,7703.321165991876,15.045549152327883,1.6837240546010435,5.077084992080927,7.192985969595611,0.5794831231469288,59.94365263311091,25368,57.62910798122066,4695.861579966796,225314.19616422246,111145.15646617321,8781.396997786387,0.49328963002918813,4.7500701761806114,128.50937217891214,0.2509948675369378,
stcp-tcp-c16-p1024-q8,stcp,tcp,16,1024,8,15.10119592701085,92168,0,pass,6103.357670841362,11.920620450862035,2.18532100552693,5.885211983695626,8.22551001328975,21.814987438119715,90.14680735087069,25468,,,,,,,,67.70464590149916,0.13223563652636555,
tls-c16-p1024-q8,tls,tls,16,1024,8,15.03167126502376,65768,0,pass,4375.295257622575,8.545498550044092,3.0095839756540954,8.145825006067753,11.398875038139522,286.14588431446464,74.67792371244526,42340,64.57680250783699,5286.5679357742365,416187.3927898066,256349.73245347283,7649.099866196327,0.6159478564093387,4.31652060155926,58.58887125022493,0.11443138916059557,
tcp-c1-p4096-q1,tcp,tcp,1,4096,1,15.002184608019888,38437,0,pass,2562.093521996276,20.016355640595908,0.34613098250702024,0.495242013130337,1.0623499983921647,0.41310902452096343,24.69766968484893,21228,12.902222913104305,12039.961495434087,200258.24211046647,113099.88115617764,2207.924655930484,0.5647701685795757,3.712687250281145,103.73826983231629,0.810455233064971,
stcp-tcp-c1-p4096-q1,stcp,tcp,1,4096,1,15.002886104979552,21109,0,pass,1406.9959507986794,10.992155865614682,0.6810189806856215,0.9391509811393917,1.6167479916475713,4.716287017799914,24.71314501794022,21096,14.96577946768061,11942.915344165996,352492.0639537638,266615.15391539154,4551.613056042446,0.7563720752316379,3.2859213546522206,56.933099764408254,0.4447898419094395,
tls-c1-p4096-q1,tls,tls,1,4096,1,15.002695455041248,12139,0,pass,809.1212699995865,6.3212599218717695,1.0740829748101532,1.782479987014085,2.812563965562731,56.863849982619286,30.269240708169225,25040,17.25472681256513,12204.30018947195,630726.316171019,622898.1014910619,2684.8999093829807,0.9875885713355353,2.2250258305821453,26.73080827498975,0.20883443964835743,
tcp-c1-p4096-q4,tcp,tcp,1,4096,4,15.000770010985434,39480,0,pass,2631.8648956745433,20.56144449745737,0.3744870191439986,0.4805749631486833,0.8276849985122681,0.4913309821859002,24.558952622445997,21096,13.934426229508196,11979.35663627153,199502.80309017224,112301.22332826747,2310.030395136778,0.5629054909945753,3.5104313318080864,107.16519291906259,0.8372280696801765,
stcp-tcp-c1-p4096-q4,stcp,tcp,1,4096,4,15.006316738028545,21248,0,pass,1415.9370597685688,11.062008279441944,0.6526639917865396,0.9279060177505016,1.44954799907282,3.4593610325828195,24.843004883087445,21028,14.756838905775076,11934.72326807229,352904.9821159639,263008.1366716867,4579.113328313253,0.7452661481136665,3.6406124203317076,56.995402385180334,0.44527658113422136,
tls-c1-p4096-q4,tls,tls,1,4096,4,15.003965765994508,12192,0,pass,812.585165158958,6.34832160280436,1.0667499736882746,1.7458139918744564,2.6233650278300047,43.66685403510928,31.332802762419483,24888,16.6967780788919,12324.721128608924,622394.6717519684,617979.7253937008,2660.6791338582675,0.9929065164619096,2.1787586528070646,25.934008244342937,0.2026094394089292,
tcp-c1-p4096-q8,tcp,tcp,1,4096,8,15.001293566951063,38736,0,pass,2582.1773187172485,20.173260302478504,0.336842960678041,0.4703089944086969,1.2950600357726216,0.35688700154423714,21.394275004860784,21032,14.21990171990172,12020.136307311028,198853.56554626187,111852.8354244114,2229.7087980173483,0.5624884578616702,3.5254442684340157,120.69478017509718,0.9429279701179467,
stcp-tcp-c1-p4096-q8,stcp,tcp,1,4096,8,15.010260889015626,21352,0,pass,1422.4935967385618,11.113231224520014,0.6824859883636236,0.9054180118255317,1.3488379772752523,4.153579997364432,25.855246812132606,21024,17.715406669684626,11950.309104533533,389689.42750093667,299021.3069970026,4532.690146122143,0.7673323572430866,3.434839450008334,55.01759882914964,0.42982499085273157,
tls-c1-p4096-q8,tls,tls,1,4096,8,15.006520081020426,11816,0,pass,787.3910764257962,6.151492784576533,1.1029280140064657,1.6925249947234988,2.1227460238151252,48.969323048368096,37.03214982551847,24964,16.44411102775694,12317.112389979688,662232.9029282329,644554.2318043332,2681.0257278266754,0.9733044506762968,2.1842491272083664,21.262364732690006,0.16611222447414067,
tcp-c2-p4096-q1,tcp,tcp,2,4096,1,15.001838370983023,73355,0,pass,4889.734056986329,38.201047320205696,0.33635401632636786,0.5881309625692666,1.228082983288914,0.9479509899392724,31.653967217677963,21440,25.666929755327544,9159.10299229773,179605.55285938244,95934.08008997342,2478.535887124259,0.5341376063416176,3.9882291378643213,154.47460418975643,1.2068328452324721,
stcp-tcp-c2-p4096-q1,stcp,tcp,2,4096,1,15.005552457005251,43073,0,pass,2870.470788957299,22.4255530387289,0.6443519960157573,0.9479519794695079,1.520926016382873,5.471130018122494,42.196180501465314,21708,29.574205492132062,10267.151115548022,321080.81389733707,235200.52260116546,4616.9061825273375,0.732527489719049,3.7034055619748956,68.02679187652112,0.5314593115353212,
tls-c2-p4096-q1,tls,tls,2,4096,1,15.002928828005679,25362,0,pass,1690.4699269556784,13.206796304341237,1.0691949864849448,1.6856809961609542,2.3192789521999657,54.55412599258125,57.663187629411624,26500,31.881613249501612,11737.481271193123,567308.6235706963,568715.2671713587,2522.868858922798,1.0024795032936549,2.1992139223610434,29.316276058478582,0.22903340670686392,
tcp-c2-p4096-q4,tcp,tcp,2,4096,4,15.001283447025344,75932,0,pass,5061.70023839239,39.54453311244055,0.326086999848485,0.5587979685515165,1.7384810489602387,0.28233250486664474,35.6020737749545,21732,25.759722878286883,9061.080967181162,177827.76561923826,93856.25579465838,2418.387504609387,0.5277930331510872,3.9823753125871177,142.17430901323556,1.1107367891659028,
stcp-tcp-c2-p4096-q4,stcp,tcp,2,4096,4,15.006558851979207,42680,0,pass,2844.0897357605045,22.21945106062894,0.6267519784159958,0.9797289967536926,1.9496799795888364,6.816302513470873,37.95521715658875,21484,29.12784481441882,10776.358950328024,324394.8478444236,236407.51462043112,4512.910028116214,0.7287647020023256,3.622667741144065,74.93277469673997,0.585412302318281,
tls-c2-p4096-q4,tls,tls,2,4096,4,15.007229921000544,25148,0,pass,1675.7256423991246,13.09160658124316,1.0760390432551503,1.7115919617936015,2.4757219944149256,56.9235245056916,55.76105679762975,26360,32.100256681262266,11469.858438046764,566821.4353030062,569407.7208525529,2586.6072848735485,1.004562787129185,2.252775208090229,30.0518989172091,0.2347804602906961,
tcp-c2-p4096-q8,tcp,tcp,2,4096,8,15.003429905045778,77400,0,pass,5158.82038239601,40.30328423746883,0.3578650066629052,0.5460859974846244,0.7905300008133054,0.8785290119703859,42.87758226428273,21480,26.888784608165178,9258.578811369509,176139.22896640826,93512.9680749354,2408.2428940568475,0.5309036983054433,4.033082613306316,120.31509497431102,0.9399616794868049,
stcp-tcp-c2-p4096-q8,stcp,tcp,2,4096,8,15.012427508016117,43016,0,pass,2865.359381554445,22.3856201683941,0.6419079727493227,0.931328977458179,1.333682972472161,4.084649524884298,37.962508041799914,21484,29.457244471934434,10668.565185047424,323348.28519620607,236878.38604240282,4572.693881346476,0.7325796884887336,3.675613737091591,75.47866380164986,0.5896770609503895,
tls-c2-p4096-q8,tls,tls,2,4096,8,15.009694057051092,25008,0,pass,1666.1232337545223,13.016587763707205,1.0955960024148226,1.706703973468393,2.1154130226932466,54.34905647416599,59.61298722006019,26612,31.890243902439025,11397.152911068459,567692.984325016,568606.9297424824,2597.96865003199,1.0016099290333016,2.219723587411002,27.94899754988054,0.21835154335844173,
tcp-c4-p4096-q1,tcp,tcp,4,4096,1,15.000790480989963,100557,0,pass,6703.446736852486,52.370677631660044,0.5020870012231171,1.1004849802702665,1.7536369850859046,0.44342050387058407,60.88866457787647,22732,46.696745085401226,6662.350706564436,212879.05552074942,107814.1934027467,5274.978370476446,0.5064574959664738,4.3008120943052,110.09350892034743,0.8601055384402143,
stcp-tcp-c4-p4096-q1,stcp,tcp,4,4096,1,15.00847275997512,71663,0,pass,4774.836263894368,37.30340831167475,0.738707953132689,1.3957720366306603,2.3539900430478156,8.458231735858135,59.452764732970685,22376,54.48808960403849,8105.744945090213,330988.5663871175,226755.5827274884,5007.1166431770935,0.6850858481385719,4.034518683655537,80.31310714212067,0.6274461495478177,
tls-c4-p4096-q1,tls,tls,4,4096,1,15.008281140995678,44574,0,pass,2969.9603559693765,23.202815281010754,1.1615949915722013,2.159413998015225,3.2046540291048586,85.31980722909793,83.0001376105191,28932,60.7218045112782,10156.346749226006,566155.6815183739,550044.902431911,3477.341050836811,0.9715435531031757,2.388190606181486,35.78259556515453,0.27955152785276977,
tcp-c4-p4096-q4,tcp,tcp,4,4096,4,15.010953936958686,32456,0,pass,2162.154393138841,16.891831196397195,1.1547519825398922,5.808466987218708,9.107965975999832,0.6400752608897164,15.360043137052934,21928,98.94964028776978,17715.799852107466,1229497.5480958836,1353888.9997535124,3013.4027606605864,1.1011725902587388,1.4730471154960063,140.7648646456656,1.0997255050442625,
stcp-tcp-c4-p4096-q4,stcp,tcp,4,4096,4,15.00971961201867,70552,0,pass,4700.420915491798,36.72203840227967,0.7299080025404692,1.270617009140551,1.8739040242508054,10.363547728047706,50.69604360834968,22508,51.07677902621723,8435.990475110557,322059.45987356844,228151.35266186643,5075.915636693502,0.7084137592214564,3.932303219427312,92.7177069635792,0.7243570856529625,
tls-c4-p4096-q4,tls,tls,4,4096,4,15.008354298013728,44408,0,pass,2958.885372653893,23.116291973858537,1.1523060384206474,2.246924035716802,3.3249210100620985,87.94600475812331,83.38326608971522,29208,68.2482840943002,10188.479553233652,625028.6018735362,596058.7291253828,3463.7227526571787,0.9536503247030365,2.4975045623268777,35.48536188868299,0.27722938975533584,
tcp-c4-p4096-q8,tcp,tcp,4,4096,8,15.010977900004946,32224,0,pass,2146.6955860343637,16.771059265893467,1.223684987053275,5.7346459943801165,8.922679000534117,2.6364462537458166,15.411354379512062,22084,98.85512367491167,18471.356752730884,1235350.5512971699,1363948.2923597319,2959.0677755710035,1.1040981775800633,1.4653391981342891,139.29311682613647,1.0882274752041912,
stcp-tcp-c4-p4096-q8,stcp,tcp,4,4096,8,15.027480545046274,26432,0,pass,1758.9109445703566,13.741491754455911,1.5223940135911107,6.402953993529081,10.093562013935298,34.70511625346262,20.21730116963292,22148,98.13637676971973,18695.747578692495,1496066.1232218524,1590013.88907385,4732.823849878935,1.0627965331169162,1.5640002529326031,87.00028405434753,0.6796897191745901,
tls-c4-p4096-q8,tls,tls,4,4096,8,15.030286600987893,13032,0,pass,867.0493348505709,6.773822928520085,3.5170530318282545,11.487381008919328,15.933319984469563,209.2102009919472,23.732301949355712,27956,98.35497835497836,36823.97176181706,3042091.1288367095,3530062.0874002455,6628.683241252302,1.1604064237057012,1.327891126446865,36.53456528156594,0.2854262912622339,
tcp-c8-p4096-q1,tcp,tcp,8,4096,1,15.013067463005427,46776,0,pass,3115.6857261358123,24.341294735436033,1.2794180074706674,8.771127031650394,13.924976985435933,0.9984302523662336,26.291728920332325,23036,98.6907641952469,11909.312467932272,848191.17466222,864417.9061912092,3678.553104155977,1.0191309836906182,1.8492809204714367,118.50440629358316,0.9258156741686184,
stcp-tcp-c8-p4096-q1,stcp,tcp,8,4096,1,15.017101152974647,38593,0,pass,2569.936741243522,20.077630790965017,2.330525021534413,7.955171982757747,12.1170689817518,40.63942200446036,29.065716182749412,22924,98.1681811625559,13294.042961158759,1023762.3007021999,1000625.0686134791,4016.4019381753164,0.9773998006442991,1.8747671118835612,88.41814614459035,0.6907667667546121,
tls-c8-p4096-q1,tls,tls,8,4096,1,15.018723280983977,19376,0,pass,1290.1229776656853,10.079085763013166,4.8385169939137995,14.786884014029056,20.281488017644733,286.35520362877287,36.4637918785944,32556,97.82515381313492,24605.749380677124,2031246.59047275,2245443.239523121,6477.652766308835,1.1054508349971037,1.535368534067989,35.38093300776641,0.27641353912317507,
tcp-c8-p4096-q4,tcp,tcp,8,4096,4,15.01266177801881,47328,0,pass,3152.5388834974324,24.62921002732369,1.2212409637868404,8.732507994864136,14.02080396655947,0.8744361330172978,23.26664685881544,22612,99.06461361346956,11138.057809330629,842134.0891861055,857327.3015762339,3683.0628803245436,1.01804132214243,1.8037316543087025,135.4960559047199,1.0585629367556242,
stcp-tcp-c8-p4096-q4,stcp,tcp,8,4096,4,15.024120354966726,38972,0,pass,2593.9621807619837,20.265329537202998,2.3393260198645294,7.757665007375181,12.094584002625197,42.181263510428835,29.701745556935688,22900,98.07005003573981,13432.20773888946,1014205.0539361592,1003001.6285025147,3841.8864826028944,0.9889534908249926,1.843547991704907,87.3336611072094,0.6822942274000734,
tls-c8-p4096-q4,tls,tls,8,4096,4,15.036797906039283,19408,0,pass,1290.7003287052953,10.08359631801012,4.894740995950997,14.66613297816366,19.946606014855206,292.0144139934564,37.27992512121587,32540,97.58018327605956,24465.73577906018,2022925.6876030504,2241982.1854389943,6449.556883759274,1.108286972269111,1.5205165007053765,34.62185947285507,0.27048327713168024,
tcp-c8-p4096-q8,tcp,tcp,8,4096,8,15.016636107990053,47536,0,pass,3165.555831422661,24.73090493298954,1.1831040028482676,8.87034396873787,14.150363975204527,3.488261136226356,23.42338173945934,22944,98.95084794481173,11181.58869067654,839405.9518470212,856341.0689582633,3655.9028946482663,1.0201751215534964,1.7880380455943672,135.14512407445946,1.0558212818317145,
stcp-tcp-c8-p4096-q8,stcp,tcp,8,4096,8,15.061212055035867,40232,0,pass,2671.23255771092,20.869004357116562,2.227370976470411,7.692156010307372,11.977254995144904,35.37895773479249,29.748435807342005,22892,98.38802533103052,13046.629548618015,984570.2452773912,961967.8368214357,3875.894810101412,0.9770433764737756,1.877383712825422,89.79405085398311,0.701516022296743,
tls-c8-p4096-q8,tls,tls,8,4096,8,15.058321202988736,19752,0,pass,1311.700005182495,10.247656290488242,4.786699020769447,14.576671994291246,20.11674694949761,259.8393612570362,36.618504318433374,32624,97.66156462585033,24430.690562980963,1991629.3345484002,2204983.207017011,6259.56865127582,1.1071252912214151,1.5335976681486145,35.820687644039,0.27984912221905467,
tcp-c16-p4096-q1,tcp,tcp,16,4096,1,15.006586597010028,90634,0,pass,6039.614632821183,47.18448931891549,2.2566969855688512,5.994717008434236,8.226970036048442,0.7938283160910942,54.42097673049228,24860,62.45371115762357,6135.346558686586,299038.4408941457,143083.16449676722,9107.465189663923,0.4784774963009392,4.620859647657507,110.97953391632466,0.8670276087212864,
stcp-tcp-c16-p4096-q1,stcp,tcp,16,4096,1,15.03070091700647,52701,0,pass,3506.2237144491055,27.392372769133637,3.5038450150750577,11.488326999824494,18.067263008560985,73.89679669358884,43.43814726971716,24040,98.42826243691421,9762.205650746666,750505.7775943531,658318.4939185214,3883.019297546536,0.8771664570373786,2.259117689782374,80.71761653825102,0.6306063792050861,
tls-c16-p4096-q1,tls,tls,16,4096,1,15.037148327974137,24961,0,pass,1659.9556947618967,12.968403865327318,7.869105029385537,22.093237028457224,30.381318007130176,243.99082330273814,53.042543878893625,40580,89.60650128314799,16824.80669844958,1471479.2830415447,1510696.129882617,7951.684628019711,1.0266513074924242,1.8987175074082314,31.294797974846308,0.24449060917848678,
tcp-c16-p4096-q4,tcp,tcp,16,4096,4,15.009239244041964,89660,0,pass,5973.653863608793,46.66917080944369,2.29140801820904,6.010362005326897,8.269502955954522,0.7082733136485331,57.10694499991031,24740,62.844401974836764,6390.798572384563,304563.2622351104,145486.82665625698,9181.374079857238,0.4776900063013742,4.610358266122764,104.6046827337406,0.8172240838573485,
stcp-tcp-c16-p4096-q4,stcp,tcp,16,4096,4,15.053652103990316,76276,0,pass,5066.943189140215,39.58549366515793,2.654161013197154,6.853201019112021,9.4819400110282,24.51279404340312,73.23167776062677,25000,78.47316704459561,6135.24568671666,418912.9339110598,244901.2133960879,6370.58838953275,0.5846112487137561,4.344059944380054,69.19059270637757,0.5405515055185748,
tls-c16-p4096-q4,tls,tls,16,4096,4,15.027679054008331,45220,0,pass,3009.114038001662,23.508703421887983,4.501660005189478,10.928064002655447,14.973593992181122,240.31681537235272,81.98586059577666,41384,79.25175137874497,9159.332153914198,711095.335581601,595431.3766475011,7216.143299425034,0.8373439493320555,2.8457870512079833,36.702841394052165,0.28674094839103254,
tcp-c16-p4096-q8,tcp,tcp,16,4096,8,15.01766904903343,88992,0,pass,5925.819760006479,46.295466875050614,2.3300290340557694,5.85929601220414,8.035325969103724,0.4823775052500423,109.53377615588566,24768,62.10155374018901,6245.1119201726,304945.03429521754,145540.98072860483,8993.864617044228,0.4772695547083625,4.66599661190553,54.10038773403561,0.4226592791721532,
stcp-tcp-c16-p4096-q8,stcp,tcp,16,4096,8,15.114955888013355,76752,0,pass,5077.884485317407,39.67097254154224,2.688871987629682,6.759334006346762,9.206207992974669,25.83413005413604,75.13667975046071,25124,78.37636173705417,6160.25641025641,418213.84075984993,243571.0799327705,6298.53293725245,0.5824079841313425,4.335834538899057,67.58196532215374,0.527984104079326,
tls-c16-p4096-q8,tls,tls,16,4096,8,15.038145559024997,45144,0,pass,3001.965888866348,23.452858506768344,4.501660005189478,10.95593097852543,14.837194001302123,249.5417225654819,109.20618460262305,41972,78.01501987925195,8924.175970228602,709110.9924242424,590557.6173356371,7170.3437887648415,0.8328140779720448,2.850176946042093,27.488973264562187,0.21475760362939209,
tcp-c1-p65536-q1,tcp,tcp,1,65536,1,15.000671407964546,7704,0,pass,513.5770120202482,64.19712650253102,1.9389210501685739,2.1701640216633677,2.3466520360670984,0.36030897172167897,19.880656797912366,21624,15.849796410797767,95448.98753894081,993345.7183281413,624884.963655244,3505.1921079958465,0.6290709791420472,2.844454623736942,25.833000249477575,3.229125031184697,
stcp-tcp-c1-p65536-q1,stcp,tcp,1,65536,1,15.009531037008855,2428,0,pass,161.76388149725025,20.22048518715628,6.225960038136691,6.672802031971514,7.256041979417205,4.6913480036892,23.219313057861683,21276,14.572412760221656,63307.660626029654,2766213.652388797,2594472.0383031303,8025.947281713345,0.9379145519228576,2.3822545872880454,6.96678153630732,0.870847692038415,
tls-c1-p65536-q1,tls,tls,1,65536,1,15.003732342971489,1373,0,pass,91.51056341278861,11.438820426598577,9.100119990762323,12.288632045965642,34.4581360113807,45.296733966097236,40.45888623735452,25072,20.93819806403574,104597.96067006554,6674667.104151493,8047963.75600874,8324.836125273125,1.2057475871722632,1.1914484685139055,2.261816177438408,0.282727022179801,
tcp-c1-p65536-q4,tcp,tcp,1,65536,4,15.004812204046175,7448,0,pass,496.3740897731185,62.04676122163981,2.002476016059518,2.260608016513288,2.4419850087724626,0.4228859907016158,19.999670500313083,21496,13.140927233650599,66530.34371643394,986805.4210526316,605624.3943340494,3361.5735767991405,0.6137222003584314,2.9730245629832437,24.81911338316039,3.1023891728950486,
stcp-tcp-c1-p65536-q4,stcp,tcp,1,65536,4,15.015122362005059,2596,0,pass,172.89236393897363,21.611545492371704,6.034317018929869,6.477735994849354,7.043865974992514,3.1836240086704493,21.45506991106407,21184,15.464071856287426,88835.51617873652,2756514.3543913714,2577743.9325885978,7926.040061633282,0.9351462032047915,2.4061078598381176,8.05834540067453,1.0072931750843162,
tls-c1-p65536-q4,tls,tls,1,65536,4,15.032180542009883,1368,0,pass,91.00476116401747,11.375595145502183,9.792871016543359,12.399609957356006,12.891429010778666,40.57360801380128,41.53984169195654,25040,21.208513171602917,103666.66666666667,6704480.447368421,8040953.000730994,8542.397660818713,1.199340211945454,1.2724322118103477,2.190782570595086,0.27384782132438573,
tcp-c1-p65536-q8,tcp,tcp,1,65536,8,15.003212006995454,7248,0,pass,483.09655269954993,60.38706908744374,2.0362090435810387,2.403363003395498,2.683983009774238,0.5524410516954958,19.57300209202389,21480,19.705480491877942,64198.3995584989,1370277.3352649007,927255.8425772627,3430.187637969095,0.6766920963470555,3.1577697768902104,24.68178107927626,3.0852226349095324,
stcp-tcp-c1-p65536-q8,stcp,tcp,1,65536,8,15.010193836002145,2584,0,pass,172.1496756292542,21.518709453656776,6.046050053555518,6.5354249672964215,7.285376021172851,4.778369970154017,21.51394602416471,21028,15.206536541080345,88799.9226006192,2848958.488003096,2624524.5027089785,7993.034055727554,0.9212224445392222,2.3817578889984716,8.001771289929506,1.0002214112411882,
tls-c1-p65536-q8,tls,tls,1,65536,8,15.181556584022474,1512,0,pass,99.59453048386845,12.449316310483557,9.159274981357157,12.233878020197153,12.685608002357185,40.71440699044615,45.01098396716212,25208,22.360064983015803,104072.08994708995,6483325.748677249,7817320.781084656,8035.05291005291,1.205757829256007,1.2288816465962653,2.212671701567953,0.2765839626959941,
tcp-c2-p65536-q1,tcp,tcp,2,65536,1,15.001262735982891,13316,0,pass,887.658608102335,110.95732601279188,2.1349649759940803,2.9802470235154033,3.4212219761684537,10.063714027637616,38.70732819092611,22852,26.685817961899,55159.50735956744,920659.220411535,516737.1155752478,3866.4013217182337,0.5612686041902303,3.318667395248593,22.93257245046489,2.866571556308111,
stcp-tcp-c2-p65536-q1,stcp,tcp,2,65536,1,15.0075405749958,4900,0,pass,326.50253221130276,40.812816526412846,5.999118031468242,7.891594024840742,8.304212999064475,7.223042513942346,36.898224411440914,21284,29.358353510895885,73787.55102040817,2641755.8775510206,2370295.1240816326,7504.69387755102,0.8972423016917676,2.4727580825586752,8.848732897566343,1.1060916121957929,
tls-c2-p65536-q1,tls,tls,2,65536,1,15.008774984045886,3031,0,pass,201.94852699316965,25.243565874146206,9.269762958865613,12.324320967309177,13.463913986925036,58.051762549439445,87.90128450872153,26424,42.9686327480114,92449.68657208842,6069769.995051138,7534923.0471791485,5877.268228307489,1.2413852672049506,1.0697157256608225,2.2974468248314666,0.2871808531039333,
tcp-c2-p65536-q4,tcp,tcp,2,65536,4,15.00701487401966,13980,0,pass,931.564346231332,116.4455432789165,2.047943009529263,2.8135370230302215,3.3322449889965355,8.048281510127708,41.33548245320326,22692,27.52251564646619,58196.924177396286,912588.741130186,514273.67818311875,4464.735336194563,0.5635327886537608,3.322369583855907,22.53667529551578,2.8170844119394727,
stcp-tcp-c2-p65536-q4,stcp,tcp,2,65536,4,15.017522068985272,4924,0,pass,327.88365333380943,40.98545666672618,6.031872006133199,7.482885965146124,8.442079997621477,7.716328516835347,36.98554245158038,21528,29.106979579396526,65486.79935012185,2614346.3927701055,2344503.2335499595,7071.689683184402,0.8967837009026848,2.4509128934180993,8.865184382872261,1.1081480478590326,
tls-c2-p65536-q4,tls,tls,2,65536,4,15.02615918405354,2964,0,pass,197.25599627252285,24.656999534065356,9.31865198072046,12.481254001613706,13.779245025943965,53.12574948766269,88.20186740777429,26468,42.32954545454545,88886.63967611337,6074634.57219973,7524759.5266531715,6059.716599190284,1.2387180557477264,1.141676229463035,2.2364151924422444,0.27955189905528055,
tcp-c2-p65536-q8,tcp,tcp,2,65536,8,15.006243308016565,14112,0,pass,940.4085826371451,117.55107282964313,2.0146979950368404,2.9264699551276863,3.4402890014462173,1.4473460032604635,39.38156858247761,22912,28.153869453278812,55946.14512471655,912532.0544217688,512091.6063633787,4523.171768707483,0.5611765678608063,3.3600951863578254,23.87940898462763,2.984926123078454,
stcp-tcp-c2-p65536-q8,stcp,tcp,2,65536,8,15.02452868403634,5216,0,pass,347.16563225986806,43.39570403248351,5.623164004646242,7.203242974355817,8.423013030551374,7.001822523307055,34.0082215386161,21296,30.628588697491686,71616.1809815951,2596549.195743865,2340689.124233129,7268.596625766871,0.9014614966933308,2.4530636365411125,10.20828542491303,1.2760356781141287,
tls-c2-p65536-q8,tls,tls,2,65536,8,15.048432228970341,3104,0,pass,206.26733421600989,25.783416777001236,9.251184994354844,12.00116699328646,13.39106896193698,55.83246547030285,81.32684397806793,26420,44.29712219376224,94089.23969072166,6042198.482925258,7528912.02867268,5416.237113402061,1.2460550658752356,1.0561932728537902,2.536276143601929,0.3170345179502411,
tcp-c4-p65536-q1,tcp,tcp,4,65536,1,15.00333578698337,17284,0,pass,1152.0104758966531,144.00130948708164,3.092690953053534,6.2108050333336,9.432072984054685,3.7398534768726677,38.569629328835425,23780,39.22459488111464,31556.873408933116,993251.2546285582,494003.4327701921,4936.068039805601,0.4973599886918163,3.5599839521431953,29.868331532950126,3.7335414416187658,
stcp-tcp-c4-p65536-q1,stcp,tcp,4,65536,1,15.00877178797964,9113,0,pass,607.178264066784,75.897283008348,6.10813801176846,9.822204010561109,12.269566010218114,9.444050476304255,37.744007837716374,22336,57.64218917675916,44352.4635136618,2650647.287281905,2204426.4495775267,6569.625809283441,0.8316558978460111,2.57593276975291,16.08674591944235,2.010843239930294,
tls-c4-p65536-q1,tls,tls,4,65536,1,15.012876923021395,5194,0,pass,345.96966501705583,43.24620812713198,9.70144901657477,16.33905101334676,22.372878971509635,99.6323507570196,104.66939868069953,29284,75.11862396204033,80809.2029264536,5928082.142857143,7328536.299961494,5168.078552175587,1.2362406800978263,1.0935154227070158,3.3053563828379073,0.4131695478547384,
tcp-c4-p65536-q4,tcp,tcp,4,65536,4,15.012065688963048,16844,0,pass,1122.0307950280153,140.2538493785019,3.261846024543047,5.980538961011916,8.577011991292238,8.360924271983095,58.14949242073948,23988,35.99575628978479,36428.9954880076,934656.5144858704,487162.96710995014,4978.74614105913,0.5212213894191124,3.460641799256911,19.29562491981158,2.4119531149764475,
stcp-tcp-c4-p65536-q4,stcp,tcp,4,65536,4,15.029951663047541,8828,0,pass,587.3605050709787,73.42006313387233,6.31200399948284,10.360467014834285,12.747696018777788,10.455922005348839,33.727986048440336,22392,56.83617539585871,51276.733121884914,2709963.6899637515,2242627.2109198007,7450.385138196648,0.827548804150139,2.6001638202224826,17.4146331840688,2.1768291480086,
tls-c4-p65536-q4,tls,tls,4,65536,4,15.050464287982322,5124,0,pass,340.45461335644467,42.55682666955558,9.666737983934581,17.93330704094842,27.55311195505783,82.18401724298019,106.24756614829809,29224,76.0047107316355,79441.64715066354,6082365.135050742,7457969.167056987,5089.7736143637785,1.22616268531448,1.1712519799789438,3.2043521155227723,0.40054401444034654,
tcp-c4-p65536-q8,tcp,tcp,4,65536,8,15.017008175957017,10896,0,pass,725.5772835926828,90.69716044908535,4.620458988938481,11.328460997901857,15.266923990566283,3.335667497594841,21.39749783944712,24084,90.3672398717575,52170.88839941263,3341097.3136013215,3259472.22219163,6056.993392070484,0.9755693762413316,1.7081744629209674,33.90944534902828,4.238680668628535,
stcp-tcp-c4-p65536-q8,stcp,tcp,4,65536,8,15.03831147402525,7512,0,pass,499.5241661921297,62.440520774016214,7.087377016432583,14.164976018946618,18.730680050794035,11.290572001598775,27.873993747504173,22052,79.71620612397311,63118.3439829606,4194180.052316294,3732320.58200213,7930.777422790203,0.8898808671651814,2.1653777325765042,17.92079637805246,2.2400995472565577,
tls-c4-p65536-q8,tls,tls,4,65536,8,15.145068915968295,3056,0,pass,201.78184839937492,25.222731049921865,17.99441804178059,31.070155964698642,55.42008799966425,118.00626425247174,57.565106163418214,29152,96.14221966316396,158083.11518324606,12676373.623363875,15689372.907722512,12920.811518324606,1.2376862164117164,1.0430023835758098,3.5052805744255595,0.43816007180319494,
tcp-c8-p65536-q1,tcp,tcp,8,65536,1,15.00618016498629,13700,0,pass,912.9571849314469,114.11964811643087,8.022125985007733,16.365449992008507,21.70897100586444,13.344075239729136,31.983402486387412,26192,89.88532784475154,23506.78832116788,2648825.855912409,2356747.426423358,5244.744525547446,0.8897328683057413,1.9175402788207987,28.544717383337012,3.5680896729171265,
stcp-tcp-c8-p65536-q1,stcp,tcp,8,65536,1,15.019641260965727,8407,0,pass,559.7337415673702,69.96671769592128,12.806361948605627,26.538185018580407,34.560800006147474,19.973121634393465,36.226297988492384,23652,97.05839522353284,51707.86249553943,4653460.295468062,4324329.907814916,7172.713215177828,0.9292719037543564,1.8013604042716982,15.451033438337387,1.9313791797921733,
tls-c8-p65536-q1,tls,tls,8,65536,1,15.021089771995321,3948,0,pass,262.8304643622118,32.85380804527647,27.669954986777157,50.00225600088015,64.95482701575384,134.99131475691684,78.84307450235568,34212,97.61560693641619,119893.36372847013,9961336.926291794,12229694.989361702,12178.57142857143,1.2277162272348043,1.0659215817191137,3.3335897416628386,0.4166987177078548,
tcp-c8-p65536-q4,tcp,tcp,8,65536,4,15.020996146951802,14788,0,pass,984.4886354624966,123.06107943281208,7.374352018814534,14.54141701105982,19.694762013386935,6.573129874595907,34.281774321904585,26084,89.88616462346761,14286.042737354614,2449961.484649716,2154355.1990803354,4530.091966459291,0.8793424764342184,2.010310734717267,28.717551962689708,3.5896939953362135,
stcp-tcp-c8-p65536-q4,stcp,tcp,8,65536,4,15.081390286970418,8476,0,pass,562.0171508539798,70.25214385674748,12.705162982456386,26.36218600673601,34.50995602179319,17.943451115570497,33.65725508997271,23440,96.73723897911833,50761.68003775366,4600580.972274658,4299855.13874469,7011.915998112317,0.9346330745307414,1.787351783901232,16.69824676289238,2.0872808453615477,
tls-c8-p65536-q4,tls,tls,8,65536,4,15.106248107971624,3992,0,pass,264.26151427325004,33.032689284156255,27.503245044499636,49.70452398993075,63.7902999878861,172.24397837708239,78.38419517121203,34260,97.58670520231215,118423.09619238475,9849093.725200402,12102013.339428857,12014.529058116232,1.2287438496461882,1.0573029234081943,3.371362220356186,0.42142027754452327,
tcp-c8-p65536-q8,tcp,tcp,8,65536,8,15.051673023961484,14272,0,pass,948.2002417458654,118.52503021823317,6.90306699834764,16.579092014580965,21.53932797955349,8.337090745044407,34.50228417620248,25900,90.63094715268628,16271.510650224214,2562502.829456278,2274367.0994254486,4615.961322869955,0.8875569124378421,1.9170359799000503,27.482245433474073,3.435280679184259,
stcp-tcp-c8-p65536-q8,stcp,tcp,8,65536,8,15.11660110700177,8320,0,pass,550.3882745272882,68.79853431591103,13.036626973189414,26.661873038392514,34.55786599079147,16.69642550405115,33.24523789724295,23440,96.42547033285094,49927.52403846154,4674415.365384615,4388353.230889423,6626.682692307692,0.9388025855353882,1.760167083330462,16.555401896309856,2.069425237038732,
tls-c8-p65536-q8,tls,tls,8,65536,8,15.15301128802821,4016,0,pass,265.0298296268598,33.128728703357474,27.287646022159606,48.6710190307349,63.401634979527444,161.55968424573075,82.62755014174638,34036,97.41576242147345,118028.63545816734,9778581.949701196,12024995.223356573,11889.193227091633,1.2297279181388894,1.0519132845136328,3.2075237517293553,0.4009404689661694,
tcp-c16-p65536-q1,tcp,tcp,16,65536,1,15.009741544025019,15371,0,pass,1024.0682662599736,128.0085332824967,12.219698983244598,36.15945501951501,44.61766598979011,8.914036701753503,40.653824598525865,30488,86.27913838890528,9273.111703857914,2262241.2815041314,1859859.4588510832,5698.523193025828,0.8221313411867764,2.125170842351097,25.189961248986815,3.148745156123352,
stcp-tcp-c16-p65536-q1,stcp,tcp,16,65536,1,15.067813507979736,8848,0,pass,587.211939895208,73.401492486901,24.445753020700067,52.82116896705702,70.11256902478635,16.22425350069534,38.05188454823628,26332,96.91286785920369,45389.01446654611,4408032.339850814,3960298.6733725136,7247.174502712477,0.8984277718585311,1.8518318206624165,15.431875368770022,1.9289844210962528,
tls-c16-p65536-q1,tls,tls,16,65536,1,15.042325371003244,4584,0,pass,304.7401174313431,38.09251467891789,47.88929002825171,82.87053002277389,101.04583500651643,209.7255279441015,95.30139553844722,44496,97.04004643064422,99104.49389179755,8523873.114528796,10320129.202879582,14155.759162303666,1.2107323823590355,1.100612025254804,3.197645907592219,0.39970573844902735,
tcp-c16-p65536-q4,tcp,tcp,16,65536,4,15.025073713972233,19292,0,pass,1283.98704507252,160.498380634065,10.520819982048124,24.44037504028529,29.87776102963835,8.661129624670139,62.27916866256843,30408,48.80825869136177,3694.0700808625334,1073361.9676031515,478580.2083246942,5813.083143271822,0.4458702867899984,3.9388018486362926,20.61663751533397,2.5770796894167463,
stcp-tcp-c16-p65536-q4,stcp,tcp,16,65536,4,15.12981423601741,9632,0,pass,636.6238110888671,79.57797638610839,22.435943013988435,48.55124099412933,65.21882099332288,12.508538442489225,41.486120728817504,26188,91.8918918918919,35279.485049833886,3930278.876868771,3285474.3679401996,6794.642857142858,0.835939247791423,2.1300723434162085,15.345464938751169,1.9181831173438961,
tls-c16-p65536-q4,tls,tls,16,65536,4,15.095781834970694,5612,0,pass,371.75947965804016,46.46993495725502,40.117472992278636,69.6882150368765,84.87349399365485,253.6083029481233,116.77907241055607,45092,84.44705536789543,68893.44262295082,6118146.555951532,7350636.597469708,9747.505345687812,1.2014482703620837,1.1192692979638958,3.1834426493049923,0.39793033116312404,
tcp-c16-p65536-q8,tcp,tcp,16,65536,8,15.061589758028276,18192,0,pass,1207.8406258743782,150.98007823429728,11.636946990620345,28.517680999357253,34.48844200465828,6.489346433227183,50.32666618714426,30108,45.859386914747596,9608.674142480211,1075196.205694811,494736.15133025503,5805.958663148636,0.46013569310407654,3.6818040725908765,24.000012664914333,3.0000015831142917,
stcp-tcp-c16-p65536-q8,stcp,tcp,16,65536,8,15.190224100020714,11712,0,pass,771.0221997306826,96.37777496633532,19.051876035518944,38.42299402458593,49.32856798404828,12.569190257636365,50.22156322229372,26660,83.44827586206897,23170.765027322403,2916665.7786885244,2190119.887465847,5978.227459016393,0.7508984757419247,2.594797609241719,15.352413390995768,1.919051673874471,
tls-c16-p65536-q8,tls,tls,16,65536,8,15.13617426296696,5624,0,pass,371.560204202987,46.445025525373374,39.94440595852211,72.8029030142352,88.08498200960457,222.4764234306349,117.5147146892942,44824,84.71037930020582,69050.85348506401,6130421.583036984,7359499.629089616,9630.867709815078,1.2004883398971318,1.1190642495432268,3.161818544897823,0.3952273181122279,
tcp-c1-p131072-q1,tcp,tcp,1,131072,1,15.001280490017962,4621,0,pass,308.0403704920304,77.0100926230076,3.210511989891529,3.50677699316293,3.9389519952237606,0.3524859785102308,24.514260648929426,22208,19.137017411052234,163551.8286085263,1913897.2099112747,1151746.3317463752,7848.95044362692,0.6017806629227327,2.8379892536257256,12.565762227280674,3.1414405568201684,
stcp-tcp-c1-p131072-q1,stcp,tcp,1,131072,1,15.004161716031376,1412,0,pass,94.10722349728687,23.526805874321717,11.296682001557201,12.276897963602096,14.273018052335829,3.0403800192289054,21.484552492897556,21288,17.205594826289666,150346.31728045325,5591267.108356941,5143087.258498584,16202.549575070823,0.9198428833441907,2.387954183927003,4.38022730649834,1.095056826624585,
tls-c1-p131072-q1,tls,tls,1,131072,1,15.018253248999827,845,0,pass,56.26486555993285,14.066216389983213,16.744335007388145,19.779337977524847,22.39683095831424,41.78750503342599,42.387978777917816,25272,24.46345490019511,212436.68639053256,12689483.743195266,15668117.892307693,11666.272189349113,1.2347324926208851,1.121546848867256,1.3273778835910017,0.33184447089775043,
tcp-c1-p131072-q4,tcp,tcp,1,131072,4,15.003303133009467,4652,0,pass,310.06505425894636,77.51626356473659,3.19682399276644,3.5361109767109156,4.067528992891312,0.3686199779622257,24.747290427206337,22208,19.242997728993185,165463.88650042994,1946451.7033533964,1151622.0582545141,8038.0481513327595,0.5916520077382195,2.8420888297632634,12.529252653780281,3.1323131634450703,
stcp-tcp-c1-p131072-q4,stcp,tcp,1,131072,4,15.00437110697385,1500,0,pass,99.97086777617879,24.992716944044698,9.962512995116413,11.695612978655845,12.422585976310074,3.0868250178173184,18.85723819963987,21392,17.97228080747213,151486.66666666666,5528169.448666667,5043367.102,15765.333333333334,0.9123032766689892,2.4036141740467523,5.301458607978342,1.3253646519945854,
tls-c1-p131072-q4,tls,tls,1,131072,4,15.036063977982849,820,0,pass,54.53554874471919,13.633887186179798,16.694469028152525,20.68133099237457,24.046331003773957,41.21599701466039,38.45953973372084,25336,24.33363282419886,210913.41463414635,12828380.56707317,15694623.364634147,12193.90243902439,1.2234298228505796,1.2277888186375296,1.417997956353677,0.3544994890884193,
tcp-c1-p131072-q8,tcp,tcp,1,131072,8,15.022675795014948,4648,0,pass,309.39894220058784,77.34973555014696,3.1997570185922086,3.5429539857432246,4.119351040571928,0.3519980236887932,24.031211544869848,22352,19.108761329305135,163993.330464716,1922657.655120482,1137887.145869191,7966.006884681584,0.5918303463119056,3.037430299066242,12.874879055635375,3.218719763908844,
stcp-tcp-c1-p131072-q8,stcp,tcp,1,131072,8,15.0179915719782,1400,0,pass,93.22151988766825,23.305379971917063,11.329925968311727,11.970854015089571,13.573910982813686,3.2085569691844285,21.33827272868743,21352,17.278972520908003,151577.85714285716,5544547.2514285715,5070315.122142857,16201.428571428572,0.9144687369805484,2.455865703073147,4.368747230526308,1.092186807631577,
tls-c1-p131072-q8,tls,tls,1,131072,8,15.015367095998954,864,0,pass,57.54105074328981,14.385262685822452,16.734556993469596,19.480139017105103,23.08958099456504,45.84280902054161,37.15492244932583,25324,25.31095459313652,191513.8888888889,12713030.474537037,15657265.538194444,11071.75925925926,1.2315919142610745,1.0985369914269385,1.5486790699608601,0.38716976749021503,
tcp-c2-p131072-q1,tcp,tcp,2,131072,1,15.00551886705216,7811,0,pass,520.5418132625009,130.13545331562523,3.6133539979346097,5.154321959707886,6.287558004260063,7.654726970940828,36.50195003937254,23576,34.61825788136859,93896.42811419793,1910856.8153885547,985814.1195749583,9179.746511330175,0.5159016162990226,3.2751718659048032,14.260657655303966,3.5651644138259915,
stcp-tcp-c2-p131072-q1,stcp,tcp,2,131072,1,15.011519276013132,2650,0,pass,176.53109930281528,44.13277482570382,11.14757003961131,14.305771968793124,16.398201987612993,6.501690484583378,33.24129895348798,22052,32.28524146231383,139793.20754716982,5308164.174716981,4736682.1403773585,14766.037735849057,0.8923390431174648,2.3818249730859122,5.310595700541722,1.3276489251354304,
tls-c2-p131072-q1,tls,tls,2,131072,1,15.013233642966952,1616,0,pass,107.6383701493266,26.90959253733165,17.26206298917532,22.710694989655167,26.208181981928647,55.914341006428,74.9057083066722,26940,51.57374100719424,180965.34653465345,13593921.053217823,16384791.056311881,8846.534653465345,1.2053027961666316,1.2575722918249572,1.436984878490746,0.3592462196226865,
tcp-c2-p131072-q4,tcp,tcp,2,131072,4,15.010221428994555,7704,0,pass,513.2502565963842,128.31256414909606,3.614331013523042,5.458408035337925,6.5716010285541415,0.6438620039261878,35.81676676411374,23224,33.353401565322095,96163.03219106958,1871138.1575804777,999489.6468068536,9371.6251298027,0.5341613299678891,3.1781074378497665,14.329888009618735,3.5824720024046837,
stcp-tcp-c2-p131072-q4,stcp,tcp,2,131072,4,15.048554816050455,2828,0,pass,187.9250223405983,46.981255585149576,10.379043000284582,13.71421996736899,15.384742990136147,7.293195492820814,28.455370315246377,22008,34.190347316193055,127862.80056577086,5169022.014497878,4620411.281824611,13473.125884016974,0.8938656614085712,2.4793643315236293,6.604202309042106,1.6510505772605264,
tls-c2-p131072-q4,tls,tls,2,131072,4,15.065791285014711,1708,0,pass,113.36941868422626,28.342354671056565,16.99219801230356,20.58061899151653,22.40025100763887,57.21746452036314,76.32300078016627,26836,47.318753744757345,195411.00702576112,11782445.05737705,14902722.361241218,7629.976580796253,1.2648242608957083,0.9935072673115947,1.4853899548678002,0.37134748871695006,
tcp-c2-p131072-q8,tcp,tcp,2,131072,8,15.026824873988517,7792,0,pass,518.5393498188681,129.63483745471703,3.6813089973293245,4.999343946110457,5.747827992308885,6.707022024784237,40.262996679178734,23508,34.16121356335515,98617.0431211499,1892252.2922227925,993447.2698921971,8777.079055441478,0.5250078300738712,3.31569896653863,12.87880666088178,3.219701665220445,
stcp-tcp-c2-p131072-q8,stcp,tcp,2,131072,8,15.068349747045431,2776,0,pass,184.227207796548,46.056801949137,10.637174011208117,13.940085016656667,16.288202023133636,4.947034001816064,28.420046467528337,22108,34.367971210076476,143360.95100864553,5319326.067363112,4668398.748559078,14298.99135446686,0.8776297390758165,2.428132095665132,6.482297909225411,1.6205744773063528,
tls-c2-p131072-q8,tls,tls,2,131072,8,15.12417100201128,1696,0,pass,112.13837768526012,28.03459442131503,17.0757970190607,21.36381302261725,23.079801991116256,60.84108247887343,86.84188375186558,26796,47.09058188362327,192477.59433962265,11762360.719929244,14857402.956957547,8265.919811320755,1.263131042375218,0.9812968280486226,1.2912937034585124,0.3228234258646281,
tcp-c4-p131072-q1,tcp,tcp,4,131072,1,15.003516111988574,8583,0,pass,572.0659034812344,143.0164758703086,6.806753983255476,10.115043027326465,13.860884006135166,14.315181237179786,61.45848700513612,25856,39.58333333333333,62969.824070837705,2025446.514971455,956832.5905860421,9788.535477105906,0.4724057552314715,3.4301655814725156,9.308167697545604,2.327041924386401,
stcp-tcp-c4-p131072-q1,stcp,tcp,4,131072,1,15.017373528971802,4382,0,pass,291.7953656507353,72.94884141268382,13.144179014489055,18.97462800843641,22.606559039559215,16.2108354998054,51.78699181315811,23516,57.27507206797148,90892.0584208124,5478859.254450023,4474746.59675947,12513.464171611138,0.8167296126698281,2.5729901340278403,5.634530128791831,1.4086325321979578,
tls-c4-p131072-q1,tls,tls,4,131072,1,15.02880443498725,2906,0,pass,193.3620210823154,48.34050527057885,17.804235976655036,30.227796989493072,34.51287903590128,87.97569698072039,137.32086999518873,30352,81.93567337347628,155515.8293186511,11474927.526496902,14533349.067446662,7473.158981417756,1.2665307936705934,0.9879850610679697,1.4081036705425052,0.3520259176356263,
tcp-c4-p131072-q4,tcp,tcp,4,131072,4,15.017805507988669,8388,0,pass,558.5369976684032,139.6342494171008,6.7749759764410555,10.430862021166831,13.32017604727298,13.053977731033228,50.07077096583793,25236,38.18126613025656,67347.52026704817,1999326.2153075822,963254.3531235098,9883.166428230807,0.48178948775266267,3.333972930102814,11.154951020216552,2.788737755054138,
stcp-tcp-c4-p131072-q4,stcp,tcp,4,131072,4,15.046407765999902,4404,0,pass,292.694446973027,73.17361174325676,13.14319996163249,19.073870964348316,23.10424402821809,13.54934174742084,45.4021857325759,23456,58.32446404135624,99908.03814713896,5514753.470254314,4477259.100817439,12722.97910990009,0.8118693111064798,2.5183310189122654,6.446703881108962,1.6116759702772405,
tls-c4-p131072-q4,tls,tls,4,131072,4,15.059888052986935,2896,0,pass,192.29890619443321,48.074726548608304,17.773923987988383,30.69028101162985,35.898867005016655,89.37011650414206,121.60896505713146,29980,81.76054261279859,158585.63535911602,11494894.702002762,14536267.23480663,7484.806629834255,1.2645846361927933,0.9908672749073401,1.5812888967856267,0.39532222419640667,
tcp-c4-p131072-q8,tcp,tcp,4,131072,8,15.025169263011776,7168,0,pass,477.0661730677358,119.26654326693395,7.461860019247979,15.006340981926769,20.214439020492136,5.997403248329647,47.37846126981379,25252,69.85703536493604,72597.37723214286,3845884.5113002234,2902663.3270089286,8961.356026785714,0.7547453176194288,2.438323461473092,10.069262704647791,2.5173156761619477,
stcp-tcp-c4-p131072-q8,stcp,tcp,4,131072,8,15.098388253012672,4384,0,pass,290.3621185609155,72.59052964022888,13.18671100307256,19.577422994188964,23.650328046642244,12.614102990482934,42.976209720300886,23868,60.51991486774095,98525.54744525548,5767972.166514599,4639465.434078467,12673.357664233576,0.8043494836907211,2.486225820457337,6.756345439736528,1.689086359934132,
tls-c4-p131072-q8,tls,tls,4,131072,8,15.127703514008317,2960,0,pass,195.66750480395305,48.91687620098826,17.5509910332039,30.09628300787881,33.662214991636574,85.86358024331275,123.26435392346724,30068,81.1151870873074,160464.527027027,11187406.276351351,14401858.378040541,5951.351351351352,1.2873277346228233,0.9545840697422526,1.5873810925536487,0.39684527313841217,
tcp-c8-p131072-q1,tcp,tcp,8,131072,1,15.006507566955406,7094,0,pass,472.72824595251683,118.18206148812921,15.865802008192986,30.124148004688323,37.34303102828562,21.9031710003037,30.29832210934913,28864,83.27670261486188,46901.184099238795,4746142.677332957,4157494.317451367,8662.954609529179,0.8759733114023504,1.9089247676020868,15.602456276172713,3.9006140690431783,
stcp-tcp-c8-p131072-q1,stcp,tcp,8,131072,1,15.04391576902708,4332,0,pass,287.95694329257464,71.98923582314366,25.005028990563005,49.43023802479729,64.78222302393988,19.817891625280026,37.23379661253085,25956,95.98657326328079,95991.92059095106,8928221.886195753,8258559.139196676,10097.183748845799,0.9249948359779827,1.7115471602425825,7.733751846183318,1.9334379615458295,
tls-c8-p131072-q1,tls,tls,8,131072,1,15.042918619001284,2084,0,pass,138.53694570730576,34.63423642682644,52.2344849887304,89.98280204832554,105.70585000095889,206.22321827249834,79.8271153633167,36800,97.27508650519032,230619.48176583493,18805831.642514396,23372420.233205374,19916.02687140115,1.2428283246122058,1.0164648299767298,1.7354622558610988,0.4338655639652747,
tcp-c8-p131072-q4,tcp,tcp,8,131072,4,15.025422468024772,7248,0,pass,482.38244318416264,120.59561079604066,14.365899958647788,34.29922700161114,41.69655399164185,24.920998250308912,28.88507134648671,28712,83.87957882248257,42023.59271523179,4683899.470474614,4085146.9888245035,8282.560706401766,0.8721679477912793,1.9021278415578478,16.700060643708078,4.175015160927019,
stcp-tcp-c8-p131072-q4,stcp,tcp,8,131072,4,15.142898949969094,4408,0,pass,291.09353595792146,72.77338398948037,24.994271981995553,47.68002504715696,59.9085190333426,26.17822962201899,29.340168052888366,26040,95.77485168571842,95986.84210526316,8739365.692377495,8007091.557622504,10852.994555353902,0.9162096929536107,1.725545213969187,9.92133158314562,2.480332895786405,
tls-c8-p131072-q4,tls,tls,8,131072,4,15.165786745026708,2100,0,pass,138.46957202458682,34.617393006146706,52.57523502223194,87.93778996914625,101.6363599919714,175.5760728774476,81.16990702138692,36572,97.81074463488405,235201.90476190476,18785659.24952381,23361517.854761906,19687.619047619046,1.2435825405144665,1.0150127889324183,1.7059225161869707,0.42648062904674267,
tcp-c8-p131072-q8,tcp,tcp,8,131072,8,15.079292539972812,7536,0,pass,499.7581935640057,124.93954839100142,13.546038011554629,31.796619994565845,39.86078599700704,13.797141233226284,29.69269936325589,28840,85.2326266195524,31548.964968152864,4571934.529591295,3959177.378052017,7913.880042462845,0.8659742068541705,1.9365467576526625,16.831012480544167,4.207753120136042,
stcp-tcp-c8-p131072-q8,stcp,tcp,8,131072,8,15.192310474987607,4480,0,pass,294.8860219369401,73.72150548423502,24.624183017294854,47.01171501073986,58.236526034306735,15.308837231714278,30.282918503900262,25804,96.23188405797102,92063.16964285714,8661044.591741072,7893933.722991072,10611.830357142857,0.9114297518475433,1.749145530930794,9.737701532927234,2.4344253832318086,
tls-c8-p131072-q8,tls,tls,8,131072,8,15.327252722985577,2120,0,pass,138.31572026086144,34.57893006521536,52.49162996187806,87.97885000240058,104.62686396203935,183.10031190048903,78.93899329953251,36676,97.63701067615659,229105.1886792453,18569385.38537736,23161133.874056604,19484.905660377357,1.2472752001956435,1.0096924403467558,1.7521850036271056,0.4380462509067764,
tcp-c16-p131072-q1,tcp,tcp,16,131072,1,15.020354599982966,7291,0,pass,485.4079809812392,121.3519952453098,29.23779102275148,64.26545197609812,75.7694150088355,11.087645747466013,33.46250560559801,35736,80.65467413742259,30745.57673844466,4456059.504594706,3752770.908243039,9182.965299684542,0.8421725303204556,2.011281536781322,14.50602613870117,3.6265065346752925,
stcp-tcp-c16-p131072-q1,stcp,tcp,16,131072,1,15.09407111798646,4767,0,pass,315.819367931792,78.954841982948,45.21994601236656,95.49936896655709,118.22031898191199,20.663506318669533,34.22372241140671,31096,96.1087805583683,75449.54898258863,8134006.109712607,7076154.836165303,10810.992238305013,0.8699470765968381,1.8568572553408242,9.228083495281329,2.307020873820332,
tls-c16-p131072-q1,tls,tls,16,131072,1,15.11812383000506,2400,0,pass,158.74985725654005,39.68746431413501,91.92854701541364,143.34755699383095,171.4433140004985,267.18485837773187,93.34453903593457,49764,97.6855200347172,198799.58333333334,16387402.66125,20194726.44625,22016.25,1.2323323508735693,1.031394710239611,1.7006871413808855,0.4251717853452214,
tcp-c16-p131072-q4,tcp,tcp,16,131072,4,15.083344498998486,8432,0,pass,559.0272104810623,139.75680262026557,24.36409000074491,63.59420600347221,82.8406439977698,12.294946805923246,43.71233449211337,36144,64.9284862932062,15857.922201138519,3294241.7393263755,2171062.2449003793,9456.47533206831,0.6590476403059388,2.6770466511496633,12.788774998551556,3.197193749637889,
stcp-tcp-c16-p131072-q4,stcp,tcp,16,131072,4,15.229323286970612,4820,0,pass,316.4946931111333,79.12367327778333,45.07767700124532,97.38596697570756,119.92260802071542,22.97675713271019,33.71064428313955,31340,96.2589928057554,73904.97925311203,8061236.505809128,6982820.688174274,10272.406639004148,0.8662220346893779,1.8395934320648077,9.388568502365551,2.347142125591388,
tls-c16-p131072-q4,tls,tls,16,131072,4,15.217164683970623,2404,0,pass,157.97949551878827,39.49487387969707,91.17174200946465,145.76312602730468,169.05509296339005,290.59260219946736,92.17049490680978,49940,96.55074116305587,198516.63893510817,16227295.485440932,19988453.403494176,22091.514143094842,1.2317797147052472,1.0404093811311053,1.7139920500428643,0.42849801251071606,
tcp-c16-p131072-q8,tcp,tcp,16,131072,8,15.105463435989805,9248,0,pass,612.2288163609734,153.05720409024335,19.16185999289155,58.54890402406454,69.35766799142584,14.588092497433536,43.69287329692263,36084,45.36082474226804,16739.294982698964,2093739.669117647,933202.8615916955,10066.608996539793,0.44571102862323375,3.555658613410348,14.01209785862478,3.503024464656195,
stcp-tcp-c16-p131072-q8,stcp,tcp,16,131072,8,15.292837688000873,5696,0,pass,372.4619404330184,93.1154851082546,37.9130570217967,81.08358702156693,103.00471598748118,15.003310127212899,42.4727714536352,30948,83.57685563997663,46586.72752808989,6023588.994382023,4343749.184339887,9764.396067415732,0.7211231025873679,2.379276274609896,8.769428687732592,2.192357171933148,
tls-c16-p131072-q8,tls,tls,16,131072,8,15.398986838990822,2952,0,pass,191.70092362995098,47.925230907487745,78.72764597414061,125.36192598054186,151.06751903658733,221.35913924284978,116.16086945868362,49900,85.26604973973394,141998.30623306232,11887075.217140922,14588937.700880758,14887.533875338753,1.2272941353852802,1.038946301266957,1.650305516162959,0.41257637904073974,
tcp-c1-p262144-q1,tcp,tcp,1,262144,1,15.001652676961385,2590,0,pass,172.6476446143539,86.32382230717695,5.709691031370312,6.187332037370652,6.880571017973125,0.3456419799476862,18.969543298188206,22460,21.266626360338574,321564.09266409266,3797695.3474903475,2224049.2841698844,17245.173745173746,0.585631305480998,2.8445557980167386,9.101307390507582,4.550653695253791,
stcp-tcp-c1-p262144-q1,stcp,tcp,1,262144,1,15.016745806031395,828,0,pass,55.138444153955,27.5692220769775,17.01320696156472,22.387522971257567,23.2582280295901,3.10490996344015,14.944522794669911,21864,20.19534184823441,311196.8599033817,10814801.605072463,10252056.278985508,29263.28502415459,0.9479652658794026,2.3340720136282593,3.6895419754467227,1.8447709877233613,
tls-c1-p262144-q1,tls,tls,1,262144,1,15.027453739021439,439,0,pass,29.21319923015693,14.606599615078466,32.59300300851464,36.749994033016264,38.366737018805,40.52956501254812,44.49456385706635,26140,25.232383808095953,426252.84738041,25105579.03644647,31164213.29384966,22482.915717539865,1.2413262107441418,1.073025168472473,0.6565565924862408,0.3282782962431204,
tcp-c1-p262144-q4,tcp,tcp,1,262144,4,15.01613568799803,2572,0,pass,171.2824160250314,85.6412080125157,5.7541869464330375,6.232796993572265,6.910890981089324,0.3427090123295784,18.97251103209646,22268,20.699619771863116,259339.42457231725,3718636.6333592534,2174639.075816485,14854.9766718507,0.5847947218903212,2.9267427951945812,9.027925493640087,4.513962746820043,
stcp-tcp-c1-p262144-q4,stcp,tcp,1,262144,4,15.060940105002373,836,0,pass,55.507823161870824,27.753911580935412,16.984851041343063,22.16214401414618,22.957071952987462,3.099042980466038,15.158993954445716,22008,19.952210274790918,310830.1435406699,10620950.269138755,10082517.683014354,27997.607655502394,0.9493046693110951,2.393251435679978,3.6617089055300998,1.8308544527650499,
tls-c1-p262144-q4,tls,tls,1,262144,4,15.083177833002992,444,0,pass,29.436767564226326,14.718383782113163,32.21313399262726,36.990521010011435,41.63786303251982,47.318218974396586,35.22929358011863,25772,25.803093396787624,419594.5945945946,25060789.655405406,31040792.454954956,19299.54954954955,1.2386198871534646,1.0623904374562578,0.8355764357659085,0.4177882178829542,
tcp-c1-p262144-q8,tcp,tcp,1,262144,8,15.044442109996453,2600,0,pass,172.82129712689047,86.41064856344524,5.691608996130526,6.239159964025021,7.041422999463975,0.38084201514720917,17.83601532300776,22512,21.959257040143797,322845.3846153846,3765849.278076923,2204161.0434615384,17236.153846153844,0.5853025123159258,2.8520719358103874,9.689456641358554,4.844728320679277,
stcp-tcp-c1-p262144-q8,stcp,tcp,1,262144,8,15.068464091978967,824,0,pass,54.68374181802776,27.34187090901388,17.287492053583264,22.304437996353954,23.3936759759672,5.051657964941114,15.452324707993537,21928,19.563592885966223,312597.0873786408,10609847.5,10181045.834951457,28851.94174757282,0.9595845590571831,2.268687988996466,3.5388682836660617,1.7694341418330308,
tls-c1-p262144-q8,tls,tls,1,262144,8,15.103132410964463,448,0,pass,29.66272080583523,14.831360402917616,32.33393101254478,36.950969020836055,38.248471973929554,40.77112296363339,43.84954603981445,25880,25.57098074339454,426651.78571428574,24895236.30580357,31083805.41294643,21928.571428571428,1.2485844693789945,1.0577548194759219,0.6764658584812284,0.3382329292406142,
tcp-c2-p262144-q1,tcp,tcp,2,262144,1,15.005704120034352,4133,0,pass,275.42859481561857,137.71429740780928,6.7920900182798505,9.809983021114022,13.25956202344969,2.9008039855398238,23.326462870387363,24180,34.37930506658503,153836.19646745705,3692173.1935639973,1900971.533752722,15981.611420275829,0.5148652119208265,3.199567955105572,11.807559352055538,5.903779676027769,
stcp-tcp-c2-p262144-q1,stcp,tcp,2,262144,1,15.020441680971999,1515,0,pass,100.8625466666012,50.4312733333006,19.197079993318766,24.9307329650037,27.96231396496296,7.979105983395129,24.76724106397424,23200,37.30734360834089,242476.56765676566,10476032.007920792,9382158.888448846,24206.600660066008,0.8955832591342902,2.328295934047154,4.072417529512932,2.036208764756466,
tls-c2-p262144-q1,tls,tls,2,262144,1,15.01777671603486,850,0,pass,56.59958967777391,28.299794838886957,32.82232797937468,42.49640001216903,44.443143997341394,61.035195481963456,76.07647400830805,28432,47.59253686427927,381930.58823529416,23371031.99764706,29762792.132941175,14037.64705882353,1.2734907100352961,0.9793491891313684,0.7439828201237726,0.3719914100618863,
tcp-c2-p262144-q4,tcp,tcp,2,262144,4,15.032718811999075,3160,0,pass,210.20814927221926,105.10407463610963,9.480962995439768,10.965708992443979,12.203079008031636,5.9238289832137525,24.16578162228598,24100,28.189550425273392,273487.6582278481,4056255.8167721517,2120688.465506329,20441.139240506327,0.5228192109426447,2.960980650681335,8.698586809969463,4.349293404984731,
stcp-tcp-c2-p262144-q4,stcp,tcp,2,262144,4,15.029495697002858,1488,0,pass,99.00531794268606,49.50265897134303,19.642453989945352,25.360464002005756,28.53382204193622,8.28025900409557,23.584044810677494,23120,42.854996243425994,263372.311827957,12668740.477150537,11114716.693548387,25733.870967741936,0.8773339949298825,2.461720080536389,4.197978707107195,2.0989893535535975,
tls-c2-p262144-q4,tls,tls,2,262144,4,15.08408658998087,888,0,pass,58.86998822917299,29.434994114586495,32.58961800020188,37.16363396961242,41.889204003382474,58.382255519973114,79.33126695220845,28068,48.81759301099563,387250.0,23240754.43581081,29644143.884009007,14104.72972972973,1.2755241644966333,0.9594586358422076,0.7420780039305063,0.37103900196525313,
tcp-c2-p262144-q8,tcp,tcp,2,262144,8,15.03269076201832,3176,0,pass,211.27288855196167,105.63644427598084,9.331362962257117,11.387618025764823,13.433603977318853,1.6275009838864207,20.330006439842947,24432,27.817166993513347,272642.00251889165,4011563.027392947,2100175.540302267,20362.40554156171,0.523530485738657,3.103368114683264,10.392170271914276,5.196085135957138,
stcp-tcp-c2-p262144-q8,stcp,tcp,2,262144,8,15.172766452014912,1496,0,pass,98.5977082512421,49.29885412562105,19.674720999319106,25.565306015778333,27.94226899277419,8.194460009690374,26.892861054077137,23396,36.51030773827308,243590.24064171122,10399013.35093583,9232603.080213904,25239.973262032086,0.8878345251266595,2.347802300442351,3.6663153114493197,1.8331576557246598,
tls-c2-p262144-q8,tls,tls,2,262144,8,15.250242081005126,832,0,pass,54.556511010162524,27.278255505081262,34.02889700373635,43.33532799500972,44.985806045588106,60.955750523135066,87.07751607786123,28368,46.04725787631272,382389.42307692306,23195862.014423076,29545662.140625,14231.971153846154,1.2737471072320419,0.9739780546288891,0.6265281035506373,0.31326405177531863,
tcp-c4-p262144-q1,tcp,tcp,4,262144,1,15.008126980043016,4363,0,pass,290.70916083010746,145.35458041505373,13.382759992964566,18.012019980233163,22.86616701167077,20.825801984756254,56.470184529153734,27504,38.96163215590743,111730.68989227596,3892597.330277332,1847935.7393994958,16080.220032088011,0.47473077295355326,3.317156198054073,5.148011525976575,2.5740057629882873,
stcp-tcp-c4-p262144-q1,stcp,tcp,4,262144,1,15.02218307502335,2242,0,pass,149.24595105804988,74.62297552902494,25.174197042360902,38.83611102355644,46.41090799123049,12.0275687368121,33.37444348109309,25932,61.446512331668934,201742.64049955396,11339198.003122212,9029764.507582515,20766.280107047278,0.7963318486101221,2.3162263121761746,4.471863362833271,2.2359316814166355,
tls-c4-p262144-q1,tls,tls,4,262144,1,15.037485621054657,1502,0,pass,99.88371978204805,49.94185989102402,34.643916005734354,58.52696503279731,64.54172701342031,94.5541822584346,139.5293503763859,32776,83.6825022130422,307276.2982689747,22671837.09454061,29069308.228362184,12328.894806924101,1.282177006968795,0.9708022334846437,0.7158617130561261,0.35793085652806306,
tcp-c4-p262144-q4,tcp,tcp,4,262144,4,15.03618879901478,4516,0,pass,300.3420654239127,150.17103271195634,12.771164008881897,19.46156600024551,22.723411966580898,27.20026148017496,57.045133674844664,27492,39.69025204980261,83712.35606731621,3807563.0540301153,1809360.5360938883,14675.155004428698,0.4752017262534289,3.3690231498530503,5.264990124063033,2.6324950620315164,
stcp-tcp-c4-p262144-q4,stcp,tcp,4,262144,4,15.099936239013914,2292,0,pass,151.78872041049604,75.89436020524802,24.67651100596413,38.37118000956252,45.07771600037813,17.65635551419109,31.147409668182412,26004,62.590361445783124,199003.05410122164,11257043.85253054,8968169.568062827,19960.732984293194,0.7966718159356567,2.3258454396374137,4.873237358339647,2.4366186791698237,
tls-c4-p262144-q4,tls,tls,4,262144,4,15.112641818006523,1436,0,pass,95.0197865663053,47.50989328315265,36.45523602608591,61.20703602209687,80.41731402045116,102.01958926336374,107.96115064779706,32800,80.39014373716633,307301.5320334262,22832285.53481894,29053214.490947075,12388.57938718663,1.2724619463365285,0.970252547558038,0.8801294354141286,0.4400647177070643,
tcp-c4-p262144-q8,tcp,tcp,4,262144,8,15.060361501004081,4064,0,pass,269.8474402310364,134.9237201155182,15.572967997286469,23.00109900534153,26.318188989534974,12.624619776033796,41.25266182744544,27724,37.754947877322856,152686.76181102364,4033776.4195374018,2044960.0580708662,16965.305118110235,0.5069591978787423,3.255673031100585,6.541334020087561,3.2706670100437805,
stcp-tcp-c4-p262144-q8,stcp,tcp,4,262144,8,15.17133386299247,2216,0,pass,146.06494194986394,73.03247097493197,26.320634002331644,38.009892974514514,43.94056700402871,14.825584265054204,48.275827729727126,26112,59.85841241150776,200269.85559566785,11208563.004512636,8941719.329422383,20635.830324909744,0.7977578683210678,2.353277201482834,3.0256330925615713,1.5128165462807857,
tls-c4-p262144-q8,tls,tls,4,262144,8,15.267950810026377,1520,0,pass,99.55494479336576,49.77747239668288,34.63707002811134,58.72740602353588,65.14354300452396,94.2664702743059,114.91489079515635,32812,83.4754951568599,306196.7105263158,22540914.648026317,28737245.794736844,11467.105263157895,1.2748926227469246,0.940373595000294,0.866336330344074,0.433168165172037,
tcp-c8-p262144-q1,tcp,tcp,8,262144,1,15.016501801030245,3538,0,pass,235.60747016041157,117.80373508020578,26.75183000974357,70.87817200226709,82.43494300404564,29.9028821173124,29.870532161440288,33448,84.8301329394387,61130.29960429622,9679813.383267382,8738780.611079706,14022.611644997174,0.9027839964544818,1.8139721515877492,7.887622118247896,3.943811059123948,
stcp-tcp-c8-p262144-q1,stcp,tcp,8,262144,1,15.047941755037755,2864,0,pass,190.32503226171707,95.16251613085853,38.95930800354108,65.96535997232422,78.44856899464503,24.40633963124128,43.17654271771002,30768,79.6067332042306,81240.92178770949,11425174.793994414,8587234.138617318,12460.195530726258,0.751606368694784,2.298902042515404,4.40806559029216,2.20403279514608,
tls-c8-p262144-q1,tls,tls,8,262144,1,15.059094609983731,1106,0,pass,73.44399040210259,36.72199520105129,101.94197500823066,160.12671700445935,191.77327101351693,151.63623737316811,104.38725837858975,41720,94.5985401459854,432284.8101265823,33750560.9755877,40619872.29746836,31603.97830018083,1.2035317672749004,1.170690768077777,0.7035723664255775,0.35178618321278876,
tcp-c8-p262144-q4,tcp,tcp,8,262144,4,15.088316345994826,3336,0,pass,221.0982274961074,110.5491137480537,31.28624497912824,68.7309839995578,82.1425870526582,31.354383245343342,35.536397017704985,33448,83.50970017636683,90691.24700239809,10105585.752398081,9216941.412170263,15472.721822541967,0.9120640443809068,1.7931583463297813,6.221740132685697,3.1108700663428484,
stcp-tcp-c8-p262144-q4,stcp,tcp,8,262144,4,15.169567922013812,2176,0,pass,143.44508763774522,71.72254381887261,50.151370000094175,95.10392800439149,118.31182497553527,27.20741012308281,29.783129112356576,31212,95.7582800697269,183305.60661764705,17757828.658088237,16355183.215533089,17044.577205882353,0.9210125590486381,1.6569635974079895,4.816320242799202,2.408160121399601,
tls-c8-p262144-q4,tls,tls,8,262144,4,15.297221752989572,1064,0,pass,69.55511380960795,34.77755690480397,104.22067000763491,162.3897660174407,182.95621301513165,175.50571537867654,96.26242096622654,41784,97.45413170246053,501414.4736842105,37046505.15789474,45990685.92951128,37208.64661654135,1.2414311615494047,1.017419246484295,0.7225572877915797,0.36127864389578984,
tcp-c8-p262144-q8,tcp,tcp,8,262144,8,15.151469253993127,3448,0,pass,227.5686893593695,113.78434467968475,25.737391028087586,78.53851898107678,89.77946999948472,28.941792508703656,28.879608483162784,33980,86.94509345794393,79403.42227378191,10165908.314965198,9221038.994779583,14873.54988399072,0.9070551011369367,1.7681464311524995,7.879909088519854,3.939954544259927,
stcp-tcp-c8-p262144-q8,stcp,tcp,8,262144,8,15.313242302043363,2248,0,pass,146.8010468103174,73.4005234051587,50.452522991690785,85.76914097648114,104.69684295821935,34.800661116605625,29.382817245695918,31168,95.34883720930233,165977.3131672598,17101139.178380784,15364076.038701067,18103.647686832737,0.8984241270970003,1.7167764165901187,4.996152873387975,2.4980764366939874,
tls-c8-p262144-q8,tls,tls,8,262144,8,15.615056289010681,1080,0,pass,69.1640158069789,34.58200790348945,104.9109740415588,165.15881096711382,193.47996299620718,191.41814811882796,87.5909618694468,42032,97.84765897973445,511428.7037037037,36542896.71851852,45476616.12407407,36417.59259259259,1.2444721192840822,1.0496527649483243,0.7896250290077528,0.3948125145038764,
tcp-c16-p262144-q1,tcp,tcp,16,262144,1,15.027544118987862,3652,0,pass,243.0204144525227,121.51020722626134,52.31175199151039,128.67717299377546,191.09223899431527,43.79585175047396,34.26351610902337,46120,78.86636081101081,48028.20372398686,8767445.670317635,7384461.130065718,16107.61226725082,0.8422591262887389,1.965919242548071,7.092687559538664,3.546343779769332,
stcp-tcp-c16-p262144-q1,stcp,tcp,16,262144,1,15.131046894995961,2355,0,pass,155.6402551880815,77.82012759404076,94.55295000225306,174.75270200520754,218.14326796447858,33.67506193171721,33.01691571422054,40836,96.24038321962549,132463.2696390658,16444424.326963907,13947088.72059448,17909.554140127388,0.8481348111241238,1.778965313196859,4.713955008251923,2.3569775041259615,
tls-c16-p262144-q1,tls,tls,16,262144,1,15.123569245974068,1217,0,pass,80.47042204167303,40.235211020836516,180.66919600823894,267.55494996905327,310.9670259873383,203.86554080687347,97.82256925849876,59920,97.52624766287933,423147.9046836483,32295795.019720625,39810312.28266229,39352.50616269515,1.2326778844847481,1.066858625358322,0.8226161166246594,0.4113080583123297,
tcp-c16-p262144-q4,tcp,tcp,16,262144,4,15.132968919991981,3920,0,pass,259.0370746629457,129.51853733147286,56.738122017122805,119.8322480195202,152.81687898095697,37.65990669489838,35.87177789566805,45476,75.65025716385011,35345.663265306124,7770263.179081633,6374446.818367347,15827.295918367347,0.8203643392064286,2.08341753512224,7.22119420499165,3.610597102495825,
stcp-tcp-c16-p262144-q4,stcp,tcp,16,262144,4,15.29084169503767,2380,0,pass,155.6487240838011,77.82436204190056,91.98287402978167,175.39509298512712,215.07306001149118,32.72320043106447,33.194575558566044,41116,95.92948258563852,127818.48739495798,16275630.02815126,13673771.274369748,17076.470588235294,0.8401377550803755,1.7879026412113892,4.688980698342898,2.344490349171449,
tls-c16-p262144-q4,tls,tls,16,262144,4,15.369140985014383,1216,0,pass,79.11958132114577,39.55979066057289,181.82980600977316,266.52877003652975,311.23345997184515,351.8153135009925,94.83390785608283,60340,97.05382436260624,430573.19078947365,32236352.460526317,39701449.44901316,39054.27631578947,1.2315738729320544,1.068768344753059,0.8342963303928732,0.4171481651964366,
tcp-c16-p262144-q8,tcp,tcp,16,262144,8,15.185767062997911,4168,0,pass,274.4675315187648,137.2337657593824,55.95199199160561,102.5667559588328,112.58793500019237,57.234736312238965,43.649306436098016,46556,40.28464419475655,86291.5067178503,4151395.887715931,1891692.400671785,19021.8330134357,0.45567622357321863,3.360456052180065,6.28801586848995,3.144007934244975,
stcp-tcp-c16-p262144-q8,stcp,tcp,16,262144,8,15.527299084002152,2440,0,pass,157.1425904015685,78.57129520078425,90.50496999407187,177.24845296470448,224.35797000071034,28.259305941901403,31.66627997180736,40444,96.07981885083498,120709.01639344262,15886641.706967212,13649131.326229509,15172.95081967213,0.8591577488805311,1.7736538727114237,4.962458190272849,2.4812290951364244,
tls-c16-p262144-q8,tls,tls,16,262144,8,15.836334805004299,1360,0,pass,85.8784571522344,42.9392285761172,168.86503802379593,262.7741190372035,304.84615702880546,362.8106464384473,105.98628537896364,60228,88.36754643206255,344204.4117647059,27153781.84117647,32776264.57352941,30771.323529411762,1.2070607610107154,1.1108338425200874,0.8102789605765325,0.40513948028826624,
tcp-c1-p1048576-q1,tcp,tcp,1,1048576,1,15.000908531947061,680,0,pass,45.33058771419217,90.66117542838434,21.746612968854606,22.8065179544501,26.462403999175876,0.3632419975474477,20.719518377041783,27264,21.964880411746897,1294717.6470588236,14828190.31617647,8743004.28382353,70888.23529411764,0.5896204524894418,3.191960813694657,2.187820531794823,4.375641063589646,
stcp-tcp-c1-p1048576-q1,stcp,tcp,1,1048576,1,15.049335985037033,210,0,pass,13.95410403547338,27.90820807094676,67.59724899893627,86.11086203018203,88.27026997460052,4.849746008403599,15.313566009100757,25000,21.125074805505687,1211961.9047619049,43510799.07619048,41799675.96666667,109628.57142857143,0.9606735995234766,2.289199988346052,0.9112249901283961,1.8224499802567922,
tls-c1-p1048576-q1,tls,tls,1,1048576,1,15.063740320969373,114,0,pass,7.567841556675476,15.135683113350952,126.55197404092178,142.49893801752478,144.04772798297927,40.85959994699806,46.44458050210055,29932,26.298653248483056,1589587.7192982456,97602465.69298245,123075587.21929824,67315.78947368421,1.2609885041884479,1.0847642139119513,0.16294347962370345,0.3258869592474069,
tcp-c1-p1048576-q4,tcp,tcp,1,1048576,4,15.076442193007097,680,0,pass,45.103479408119526,90.20695881623905,21.904034016188234,23.015758953988552,26.708312972914428,0.4615079960785806,22.707817641405715,27368,22.247224722472247,1283442.6470588236,14681337.851470588,8512141.755882353,75416.17647058822,0.5797933295997079,3.109277172855598,1.986253374074895,3.97250674814979,
stcp-tcp-c1-p1048576-q4,stcp,tcp,1,1048576,4,15.079387190984562,208,0,pass,13.793663984193994,27.58732796838799,68.9944819896482,86.7390760104172,90.51082900259644,4.337881982792169,15.627385716369673,24952,20.269469943737047,1221125.0,42010692.13942308,40684783.149038464,111230.76923076923,0.9684387730155872,2.2071650483942213,0.8826597253400575,1.765319450680115,
tls-c1-p1048576-q4,tls,tls,1,1048576,4,15.074658962024841,104,0,pass,6.898995211897691,13.797990423795381,143.29777099192142,146.83387998957187,150.91607597423717,41.14852997008711,44.04314563085941,30192,25.451343020695727,1844394.2307692308,100477525.51923077,124718440.97115384,74355.76923076923,1.2412570903458755,1.166576896477414,0.15664174556741514,0.3132834911348303,
tcp-c1-p1048576-q8,tcp,tcp,1,1048576,8,15.057875539001543,680,0,pass,45.15909287726052,90.31818575452104,21.8243440031074,23.269000987056643,25.952982949092984,0.37790898932144046,19.58062405525437,27072,21.810761789600967,1268208.8235294118,14987962.741176471,8773356.635294117,79429.41176470587,0.5853601844893203,3.0139759230201633,2.3063153017915323,4.612630603583065,
stcp-tcp-c1-p1048576-q8,stcp,tcp,1,1048576,8,15.271390496054664,208,0,pass,13.620239758372783,27.240479516745566,71.66868296917528,87.94808702077717,92.96845400240272,3.0956240370869637,16.102967183213053,25016,20.298551148836527,1213899.0384615385,42270671.274038464,40302510.899038464,109091.34615384616,0.9534391029127377,2.2917143239125295,0.8458217422545298,1.6916434845090595,
tls-c1-p1048576-q8,tls,tls,1,1048576,8,15.311527273035608,120,0,pass,7.8372325542812575,15.674465108562515,125.13614998897538,130.66202501067892,133.2335639744997,41.45017097471282,40.94882821416255,30068,27.208894090111173,1930741.6666666667,98216074.00833334,122416016.24166666,63275.0,1.2463949254505942,1.1818207743994817,0.19139088701861007,0.38278177403722013,
tcp-c2-p1048576-q1,tcp,tcp,2,1048576,1,15.021129100001417,1069,0,pass,71.16642117135517,142.33284234271034,26.31475799717009,33.81866298150271,41.04439198272303,3.320755989989266,49.72902469761274,33536,34.618847539015604,480811.97380729654,14016528.535079513,7281632.374181478,54381.66510757718,0.5195032675856619,3.270253843173772,1.4310841928651685,2.862168385730337,
stcp-tcp-c2-p1048576-q1,stcp,tcp,2,1048576,1,15.05961815599585,368,0,pass,24.436210545848677,48.872421091697355,79.20289604226127,99.37871800502762,106.46707098931074,8.312277990626171,27.244336194317587,29940,36.935459830079,1048426.6304347826,41724595.282608695,38398539.43478261,85206.52173913043,0.9202854856878042,2.2393713299174682,0.8969280943958324,1.7938561887916649,
tls-c2-p1048576-q1,tls,tls,2,1048576,1,15.115504845045507,209,0,pass,13.82686202958713,27.65372405917426,128.10025800717995,172.05645400099456,175.46105303335935,55.37851949338801,87.9475752631402,35728,47.12492702860479,1781526.3157894737,93239351.21052632,118642039.61722489,42114.83253588517,1.2724460013598926,1.0559503781612445,0.1572170919802734,0.3144341839605468,
tcp-c2-p1048576-q4,tcp,tcp,2,1048576,4,15.06896758597577,1044,0,pass,69.28145501962716,138.56291003925432,26.524487999267876,40.15021800296381,47.938654955942184,6.44400148303248,50.53219443571404,33260,36.95393759286776,588291.1877394636,15880579.076628352,8873147.211685823,57830.45977011494,0.5587420439059774,3.1395688657702268,1.3710359463562487,2.7420718927124974,
stcp-tcp-c2-p1048576-q4,stcp,tcp,2,1048576,4,15.20911607996095,328,0,pass,21.56601332224444,43.13202664448888,89.3575350055471,103.7273490219377,110.95698998542503,9.170026984065771,42.77065784625599,30164,32.02952029520295,955518.2926829269,41819950.80487805,38426584.54573171,82887.19512195121,0.9188577175764988,2.170297438355071,0.5042244942728245,1.008448988545649,
tls-c2-p1048576-q4,tls,tls,2,1048576,4,15.344960455026012,232,0,pass,15.118970210445337,30.237940420890673,127.28087702998891,132.13649002136663,137.97476096078753,60.549947986146435,91.34292682656665,35928,50.00730246823426,1690982.7586206899,91762011.59913793,117508031.5862069,39840.51724137931,1.2805738402896,0.9592145938502146,0.16551878438438714,0.33103756876877427,
tcp-c2-p1048576-q8,tcp,tcp,2,1048576,8,15.167198798037134,792,0,pass,52.21794812252984,104.43589624505968,37.718009960372,42.388333997223526,48.96384500898421,7.976656983373687,34.79427592577586,33316,27.73722627737226,1092712.121212121,15960144.285353536,8210654.856060606,91494.94949494948,0.5144474078217101,3.0789286022347837,1.500762603421398,3.001525206842796,
stcp-tcp-c2-p1048576-q8,stcp,tcp,2,1048576,8,15.174358760996256,320,0,pass,21.088205771338355,42.17641154267671,91.32822696119547,108.83033100981265,111.20778101030737,9.236270998371765,40.71156545922082,28820,32.195409064155385,996393.75,42796620.678125,38441420.784375,84837.5,0.8982349581639723,2.2414602849839658,0.5179905398740214,1.0359810797480429,
tls-c2-p1048576-q8,tls,tls,2,1048576,8,15.963987804017961,240,0,pass,15.033837594112583,30.067675188225166,127.54095502896234,133.26189504005015,135.6134339584969,78.74479849124327,91.65795651834074,35688,49.517593643586835,1475300.0,88999156.75833334,115956503.38333334,37612.5,1.3028944049234026,0.8931927983470623,0.16402108627748335,0.3280421725549667,
tcp-c4-p1048576-q1,tcp,tcp,4,1048576,1,15.026485619018786,1012,0,pass,67.34775020974483,134.69550041948966,54.97957696206868,79.49034200282767,91.04075096547604,28.68474648857955,60.65893403886407,46348,36.03455980932519,506069.1699604743,15321797.43972332,7392795.359683795,63177.865612648224,0.4825018336632763,3.2937211150717016,1.1102692666276537,2.2205385332553074,
stcp-tcp-c4-p1048576-q1,stcp,tcp,4,1048576,1,15.112598707957659,526,0,pass,34.805397150063314,69.61079430012663,106.5780270146206,148.2217880547978,159.8201059969142,16.92436150915455,44.502108009118736,40572,60.95209847248999,781207.2243346007,48043545.13117871,36047063.56844106,63589.353612167295,0.7502998263349989,2.1738609456140052,0.7821067070110811,1.5642134140221622,
tls-c4-p1048576-q1,tls,tls,4,1048576,1,15.164208496978972,375,0,pass,24.729282776262792,49.458565552525585,135.32058201963082,249.431356030982,262.7725510392338,103.07320300489664,152.5953959589117,48256,83.13549507817024,1425232.0,90659753.52266666,115815445.464,35048.0,1.2774736414327879,0.9776054808302816,0.16205785646980775,0.3241157129396155,
tcp-c4-p1048576-q4,tcp,tcp,4,1048576,4,15.124129890988115,1052,0,pass,69.55772051566723,139.11544103133446,52.2980359965004,80.49939497141168,85.12571902247146,6.691619986668229,57.13580260342126,45376,36.06386153387049,349660.6463878327,14778558.02851711,7080931.496197718,57409.695817490494,0.47913548010124934,3.355172489434999,1.2174104037439766,2.434820807487953,
stcp-tcp-c4-p1048576-q4,stcp,tcp,4,1048576,4,15.369121097959578,532,0,pass,34.614861618250174,69.22972323650035,103.11133199138567,140.52182901650667,156.09723201487213,20.063372488948517,51.22443859880311,40412,59.46853555263543,692605.2631578947,46522855.7612782,36554966.30263158,58706.76691729323,0.7857420982539282,2.194446507335058,0.6757489699273926,1.3514979398547853,
tls-c4-p1048576-q4,tls,tls,4,1048576,4,15.514000886003487,388,0,pass,25.009667258047415,50.01933451609483,135.55279100546613,237.46146098710597,251.10723497346044,115.55040723760612,155.20385861085728,47964,83.53589598643302,1343322.1649484537,89730331.90206185,115077733.12886597,34007.73195876289,1.2824842022703105,0.9554674331100512,0.16114075694956895,0.3222815138991379,
tcp-c4-p1048576-q8,tcp,tcp,4,1048576,8,15.258921427011956,1064,0,pass,69.72969911991711,139.45939823983423,50.26377801550552,84.67055798973888,96.66144900256768,11.911570749362,62.31068195402505,44840,36.32061520260278,349997.1804511278,14751825.410714285,7058980.343045113,56056.3909774436,0.4785157190050635,3.3973706048958316,1.1190649329013294,2.2381298658026587,
stcp-tcp-c4-p1048576-q8,stcp,tcp,4,1048576,8,15.73557748296298,576,0,pass,36.60494828509721,73.20989657019442,99.76441197795793,140.7823910121806,163.32783200778067,9.330745509942062,41.09676945127476,40464,63.96964055563511,682873.2638888889,47043650.82638889,35275558.76388889,55795.13888888889,0.7498473894823922,2.152826477774744,0.8907013561855962,1.7814027123711924,
tls-c4-p1048576-q8,tls,tls,4,1048576,8,15.933535962016322,384,0,pass,24.100111922137742,48.200223844275484,134.8492720280774,253.19914903957397,261.6123789921403,135.72559802560136,153.06857848842262,48416,81.54613466334165,1426380.2083333333,89684343.58072917,114931599.47916667,34875.0,1.2815124122050494,0.9732765597537173,0.1574464998638539,0.3148929997277078,
tcp-c8-p1048576-q1,tcp,tcp,8,1048576,1,15.072704787016846,995,0,pass,66.01336747848082,132.02673495696163,101.46229405654594,204.19373200275004,231.5453999908641,18.523378115787636,70.04838314815592,67044,47.54851133165457,290596.9849246231,20311984.235175878,11453068.968844222,61990.95477386934,0.563857712581818,3.030840595229338,0.9423967336813351,1.8847934673626703,
stcp-tcp-c8-p1048576-q1,stcp,tcp,8,1048576,1,15.125851663004141,603,0,pass,39.86552383525348,79.73104767050695,171.6897110454738,272.9765059775673,330.50169300986454,34.54134298226563,46.33163907815378,58324,76.21502209131074,335419.5688225539,51777711.01658375,37015552.93034826,42905.472636815924,0.7148935749301981,2.1512165531822074,0.8604384526091762,1.7208769052183523,
tls-c8-p1048576-q1,tls,tls,8,1048576,1,15.24009971698979,349,0,pass,22.90011262924559,45.80022525849118,277.4908649735153,444.93606296600774,521.6045459965244,254.49552274221787,154.83647376462773,72672,77.0314971954552,1339504.2979942693,90542884.50716333,114880919.51575932,57246.41833810889,1.2688011889732813,0.9718798230587433,0.14789869642767015,0.2957973928553403,
tcp-c8-p1048576-q4,tcp,tcp,8,1048576,4,15.230632411024999,992,0,pass,65.13189821861376,130.2637964372275,101.61285800859332,219.8619919945486,237.59728198638186,27.988867259409744,56.37816453231651,70020,47.156848413974565,415312.5,19882916.08870968,12815858.972782258,65905.24193548388,0.644566366201164,2.686002969017758,1.155268156721908,2.310536313443816,
stcp-tcp-c8-p1048576-q4,stcp,tcp,8,1048576,4,15.398958409030456,600,0,pass,38.96367429943445,77.9273485988689,183.03916900185868,293.88413898414,345.7969230366871,26.613574009388685,37.27067667534116,61244,82.50939577912692,438546.6666666667,56396914.27,42943204.92166667,41061.66666666667,0.7614460024546068,1.9024149110103792,1.04542438654497,2.09084877308994,
tls-c8-p1048576-q4,tls,tls,8,1048576,4,15.971240095037501,352,0,pass,22.039616078990107,44.079232157980215,318.020400009118,435.5943860136904,496.5764880180359,209.44421964668436,115.06216105103802,72480,86.81729969503743,1572897.7272727273,102463257.82102273,129993744.73863636,70781.25,1.2686864296829445,0.9659745617073809,0.1915452993205474,0.3830905986410948,
tcp-c8-p1048576-q8,tcp,tcp,8,1048576,8,15.546816722024232,944,0,pass,60.719825600226734,121.43965120045347,103.01789897494018,218.8827259815298,230.36614595912397,50.12583111965796,53.62850896794025,70684,47.102076124567475,495100.63559322036,20759334.299788136,13954025.531779662,68096.39830508475,0.6721807804753196,2.617132806191839,1.1322303522651684,2.264460704530337,
stcp-tcp-c8-p1048576-q8,stcp,tcp,8,1048576,8,16.069191729009617,624,0,pass,38.832071365076594,77.66414273015319,178.73255000449717,278.61963800387457,327.0867450046353,19.501511873386335,41.301647972863194,60364,81.95897865215571,456700.32051282056,54666724.03365385,41799137.370192304,38399.03846153846,0.764617564141213,1.8880147601029063,0.9402063421438,1.8804126842876,
tls-c8-p1048576-q8,tls,tls,8,1048576,8,17.04494433000218,376,0,pass,22.059326960556398,44.118653921112795,308.10576799558476,454.66232899343595,527.8200879693031,178.7155510028242,127.37437905141707,72500,86.63359874689989,1526747.3404255318,97276927.05053191,124197614.80053191,67853.72340425532,1.276742785429639,0.9511887358577618,0.17318496172335987,0.34636992344671974,
tcp-c16-p1048576-q1,tcp,tcp,16,1048576,1,15.10743850498693,915,0,pass,60.566190601931666,121.13238120386333,99.02467101346701,788.8030179892667,849.555301014334,71.6071926872246,62.554588568276785,117744,45.82338902147971,189251.3661202186,21054473.41420765,14298662.692896174,69022.95081967213,0.6791270630044528,2.69198756261458,0.9682133955021568,1.9364267910043136,
stcp-tcp-c16-p1048576-q1,stcp,tcp,16,1048576,1,15.23876007302897,510,0,pass,33.467289829088344,66.93457965817669,379.99923998722807,645.5040000146255,777.3416870040819,70.15774743558723,45.82928641524207,87428,77.19298245614034,376705.88235294115,62126010.5882353,45422168.90392157,48207.8431372549,0.7311296584771064,1.8474243365845373,0.7302598937686638,1.4605197875373277,
tls-c16-p1048576-q1,tls,tls,16,1048576,1,15.396181766001973,326,0,pass,21.174081012727257,42.34816202545451,613.4282010025345,891.1042420077138,1021.8433850095607,427.08160387337557,138.4728130910875,121672,82.40147958457817,1561273.0061349694,103805888.17791411,129246800.1411043,96521.47239263804,1.2450815884315416,1.0431826095695174,0.1529114671686415,0.305822934337283,
tcp-c16-p1048576-q4,tcp,tcp,16,1048576,4,15.396979921031743,976,0,pass,63.38905454223641,126.77810908447282,130.17934298841283,593.257148982957,650.4664760432206,80.98118405541754,63.871623204279715,119068,47.728932379144155,146760.24590163934,20502130.25307377,13198639.144467212,74038.9344262295,0.6437691586945418,2.78840008135889,0.9924447095934933,1.9848894191869866,
stcp-tcp-c16-p1048576-q4,stcp,tcp,16,1048576,4,15.871748444042169,520,0,pass,32.7626160301951,65.5252320603902,395.54425596725196,725.2151479478925,800.7958210073411,61.51546876208158,37.691417685274565,87464,79.72556706804816,396998.07692307694,63701006.65384615,44636541.63653846,55671.153846153844,0.7007195644347542,1.8018391981492694,0.8692327867252106,1.7384655734504213,
tls-c16-p1048576-q4,tls,tls,16,1048576,4,16.012621678994037,324,0,pass,20.234038279005585,40.46807655801117,619.2947149975225,837.0901169837452,989.732260000892,384.4893097448221,138.44698541202732,121496,81.14174864902314,1613444.4444444445,104014937.31790124,130062080.18209876,94074.07407407407,1.2504173298166739,0.9899900004751433,0.14615008206056462,0.29230016412112925,
tcp-c16-p1048576-q8,tcp,tcp,16,1048576,8,15.669772001972888,984,0,pass,62.79606364892293,125.59212729784586,209.24374501919374,455.0937300082296,525.617826031521,70.29136056735297,51.56811470506795,119560,45.185398102903136,100686.99186991871,20284965.040650405,11000315.395325202,69998.9837398374,0.5422890980231384,3.1744923587584863,1.217730452394288,2.435460904788576,
stcp-tcp-c16-p1048576-q8,stcp,tcp,16,1048576,8,16.302358822955284,560,0,pass,34.350857203036554,68.70171440607311,371.7789849615656,660.0525099784136,761.5381790092215,56.410733250231715,40.35587163457717,87480,80.66914498141264,359835.7142857143,60351086.42321429,42776083.76785714,50851.78571428571,0.7087873028148695,1.8813513803305564,0.8511984950810607,1.7023969901621214,
tls-c16-p1048576-q8,tls,tls,16,1048576,8,18.35185942501994,384,0,pass,20.92431023509667,41.84862047019334,619.7639360325411,906.2334490008652,1005.5729409796186,359.3326746195089,114.01562923631248,121420,83.97152675503192,1572481.7708333333,90976480.90625,113440282.171875,91213.54166666667,1.2469187755104931,0.9969451869909982,0.18352142048638145,0.3670428409727629,
