:020000024000BC
:10000000B84C022061B50400F5AD04004DB5040004
:100010004DB504004DB504004DB504004DB50400C8
:10002000000000000000000000000000FDB6040019
:100030004DB50400000000008DB604004DB504006D
:1000400019B9040019B9040019B9040019B9040058
:1000500019B9040019B9040019B9040019B9040048
:1000600019B9040019B9040019B9040019B9040038
:1000700019B9040019B9040019B9040019B9040028
:1000800019B9040019B9040019B9040019B9040018
:1000900019B9040019B9040019B9040019B9040008
:1000A00019B9040019B9040019B9040019B90400F8
:1000B00019B9040019B9040019B9040019B90400E8
:1000C00019B9040019B9040019B9040019B90400D8
:1000D00019B9040019B9040019B9040019B90400C8
:1000E00019B9040019B9040019B9040019B90400B8
:1000F00019B9040019B9040019B9040019B90400A8
:1001000019B9040019B9040019B9040019B9040097
:1001100019B9040019B9040019B9040019B9040087
:1001200019B9040019B9040019B9040019B9040077
:1001300019B9040019B9040019B9040019B9040067
:0401400019B90400E5
:1001480003685A004CBF43F0004323F000431844AF
:1001580070472DE9F0470646174641B301394FF07D
:100168000009884609EB080404EBD474641006EB14
:10017800C4054FEAC40A2846FFF7E2FFA14204D1AA
:10018800B84204D82846BDE8F087B84204D9A1454A
:100198000DD004F1FF38E5E70AF108003044FFF715
:1001A800CFFF0138B842EDD204F10109DAE70025A2
:1001B800E8E7012806D0022806D00028034818BF1F
:1001C800002070470248704702487047D50704006E
:1001D800D9070400DD0704001F4B37B504468D1E00
:1001E8004BB101A92846AFF3008048B90023092084
:1001F800236103B030BD1948194B1B1ADB1001935A
:1002080001992A46FFF7A5FF01460028EED0FFF71F
:1002180097FF4B68A064012B1AD0002B01F1040052
:1002280010DBFFF78DFF0023C4E913030368002BDD
:100238000ADAC3F30360FFF7BCFF03460028D5D0F2
:100248000020D5E70123EFE7FFF77AFF0346F7E73A
:1002580000230520CCE700BF00000000248B070026
:10026800EC8B07000368DA0710B5044605D49B0732
:1002780000F1480018D500F0F7FB2368590703D4AC
:1002880004F1D00000F0F8FB23681A0703D404F542
:10029800A87000F0F9FB2368DB0608D404F5E870C1
:1002A800BDE8104000F034BC00F0D6FBE5E710BD17
:1002B800092070470346006800B11844704770472A
:1002C80070B505460C46216C2846FFF785FF0646A3
:1002D80008B10BF041FE236C2246294601206B61D0
:1002E8002B6998470828EED00728F2D13046216CB0
:1002F800FFF7E5FF201D00F0A3FB2DE9F0470C1DDB
:10030800ADF5727DD0F80C900746D0F818A01646C7
:1003180003AD0DF108080FCC0FC50FCC0FC50FCCDE
:100328000FC594E80F0085E80F000025C8F80050B5
:100338000936D8F840103846FFF74EFF0446F6B2A3
:1003480068BBD8F840304FF4F07241467AA87B6118
:1003580038F0CCF83B697AAA394630469847889BEA
:100368000546C8F844303A463B4631460120CDE9B7
:10037800008AC847C0B9C4B94FF4F0727AA9404698
:10038800264638F0B3F8082DD2D0072D0CD12046D8
:10039800D8F84010FFF793FF03A800F051FB46F090
:1003A8001006D8F83830DCE7092420460DF5727DB0
:1003B800BDE8F087406C7047F0B5CB6BF9B00D1D08
:1003C80006460B640F4601AC0FCD0FC40FCD0FC40A
:1003D8000FCD0FC495E80F0084E80F004FF0FF33EE
:1003E800009310993046FFF7F7FE78B933696A46EB
:1003F8003146984708280446F3D06846FFF732FF8D
:10040800062C03D139463046FFF75AFF092079B048
:10041800F0BD10B48261DA6BC16019461A6400221B
:1004280010BC6AE770B543690446C6680D460B649C
:1004380026B10122FFF761FF0BF08EFD03690A4622
:10044800014602209847072805D00828F4D12946F4
:100458002046FFF735FF3046296CFFF730FF281D8F
:1004680000F0EEFAC26802B9A6E7CA6B0A64002275
:1004780043E77047836801460BB10120184770476E
:10048800012910B50446084605D005D9C81E01281B
:100498008CBF0220012010BD43B90F2A06D804EBF7
:1004A8008204029A184661681160F4E70220F2E7B4
:1004B8001FB503AB0A46009300231946FFF7E0FF78
:1004C800039805B05DF804FB012910B504460846F9
:1004D80005D005D9C81E01288CBF0220012010BDF7
:1004E80043B90F2A06D8029904EB82041846096812
:1004F8006160F4E70220F2E71FB503AB03920A46F6
:10050800009300231946FFF7DFFF05B05DF804FBF1
:10051800F0B5D36BADF50F7D141D064613640F4679
:1005280017AD0FCC0FC50FCC0FC50FCC0FC594E876
:100538000F0085E80F004FF0FF33169326996846A1
:10054800FFF74AFE90B90C2116A86A46FFF7D4FFB8
:10055800394616A8B04748B9049B16AA6946082028
:1005680098470528044602D00928E7D1092416A887
:10057800FFF778FE20460DF50F7DF0BD2DE9F04F11
:10058800CD6C87B017460C4655F8042B00F00309CC
:100598009A4604953BBB12028DF81530032303924B
:1005A800B9F1020F8DF81430236D08BFA56B13F055
:1005B800010322D100F0080800932B6843BB03A96C
:1005C800384600F04AFB002840F0FB80009BDBB176
:1005D8000F213846FFF76CFF0E2102463846FFF719
:1005E8008BFF794A55E0130C12048DF81530DBB2F5
:1005F800039205EB83050223D2E703A9384600F0EE
:100608002CFB002840F0DD80082007B0BDE8F08F03
:10061800BAF1020FA26C4FF00F01384607BFD5F8A8
:1006280004B005F10806B5F802B02E1D18BF2B88D6
:100638002BF0010501931544FFF73AFF019B854212
:1006480029D823F001022A44824294BF00220122C1
:100658004FEA4B0003F0010300F0020040EA0305F3
:10066800012D1AD0022D5ED0002D40F0AA80351D34
:10067800B9F1000FA1D0002A9FD03046FFF760FDE6
:10068800A56306462046AFF30080002800F0998055
:1006980032460F213FE00022DAE7B9F1000F26D1F8
:1006A800002A3DD073683268991C4FEAD27200F074
:1006B800888004F158010133029109D0301DFFF7F9
:1006C800F9FD02AB01462046AFF30080054638B37A
:1006D8000D213846FFF7ECFE022D029B206202D165
:1006E800E36204F12C030620C4E909368DE7256A84
:1006F8000D213846FFF7DCFE854211D1A36A9E42E0
:100708000ED13046FFF71CFD0F2102463846FFF791
:10071800F3FE224600213846FFF7EEFE072074E775
:1007280006F1080549E7356825F00045B9F1000FDD
:100738002AD1A2B1B8F1000F19D085B9CB4617E07C
:100748000BF1010B019B002206EB8B000293FFF7D4
:10075800B1FD02AB01462046AFF3008058B13368C3
:10076800002B00DA0436013506EB850525E7C3467C
:1007780004F158030193AB45E2D10D213846FFF748
:1007880097FE029B2062AEE7D4F820B00D213846D0
:10079800FFF78EFE8345E2D1A36A9E42DFD14FF078
:1007A800000B0423A562C4E90BB3F3186363336831
:1007B8005B4503DA681C06EB8000A3E7012300937E
:1007C800D1E7092021E700BF000000000023D5E69B
:1007D8000123D3E60223D1E62DE9F0410546C2B054
:1007E80014461E46042925D8DFE811F005001C0030
:1007F8002400D6000301EEB9836B92B201210430C4
:1008080001FA06F717421CBF53F8047B40F826701C
:100818000136102EF4D1A60400D4AB63002042B0F8
:10082800BDE8F081012E4FEA124794B204D13B197A
:10083800102B41D90220F2E7052EFBD107EB040863
:10084800B8F1200FF6D80F2F4DD9002CE6D0036849
:10085800A046580708D523F00403284640F8D03BA3
:1008680000F00EF90F2F48D9684600F009F9AB6B74
:10087800102F3A4642A94FEA480838BF10221C46B2
:1008880008F1FF3801EBC2024FEA8801A2F5C472F1
:10089800101F02EB880254F804CB40F804CF8242C0
:1008A800F9D10A1D012E134417D00F2FAB636FD94E
:1008B800684600F0E1F8B1E7102FBBD00368DA070B
:1008C80005D523F0030340F8483B00F0C9F820A8F9
:1008D80000F0C6F8AB6B002C3FD1043320A8AB6303
:1008E80000F0BAF89AE7B8F1100F03682DD9DC07C1
:1008F800A8F1100842D45807ADD420A8C7F11004B5
:1009080000F0B6F8684600F0BBF820AA6400AB6BAC
:1009180002EBC702013C101FA10002EB84021C4637
:1009280054F804CB40F804CF9042F9D10A1D13447F
:10093800B8F1000F9CD1012ECFD00F2FAB633FF63B
:100948006DAF20A800F090F868E7D9070DD420A86B
:1009580000F08EF8AB6B002CF3D0640020AA4FF0A7
:10096800000802EBC702013CD5E723F0010343F07E
:10097800020340F8483B00F07BF8E8E723F0010366
:1009880043F0020340F8483B00F072F82B68B2E7E6
:1009980020A800F069F88BE7032E7FF44BAF97B2DD
:1009A800160C07EB1244102C3FF644AF03681907E6
:1009B80006D523F00803036000F5A87000F086F858
:1009C80020A800F083F820ABAA6BF90003EBC6035C
:1009D80003EBC707D41ABB4203EB040005D10A4452
:1009E80020A8AA6300F050F818E7006843F8040B41
:1009F800F1E7002E7FF41EAF102A3FF61BAF036805
:100A0800DA0606D523F01003036000F5E87000F05D
:100A180089F820AE304600F085F8AB6B0022012142
:100A280001FA02F020421CBF53F8040B46F82200DA
:100A38000132042AF4D13046AB6300F069F8EDE6E0
:100A480000F1340191E838009C46A6464CF8045D54
:100A580090E8FF0FE54600BD90EC210B704700BF02
:100A680080EC210B704700BF90EC200B704700BF53
:100A780080EC200B704700BFD0EC200B704700BF04
:100A8800C0EC200B704700BFF0EC0201F0EC021143
:100A9800F0EC0221F0EC0231F0EC0241F0EC0251F2
:100AA800F0EC0261F0EC0271F0EC0281F0EC0291E2
:100AB800F0EC02A1F0EC02B1F0EC02C1F0EC02D1D2
:100AC800F0EC02E1F0EC02F1704700BFE0EC02014B
:100AD800E0EC0211E0EC0221E0EC0231E0EC024132
:100AE800E0EC0251E0EC0261E0EC0271E0EC028122
:100AF800E0EC0291E0EC02A1E0EC02B1E0EC02C112
:100B0800E0EC02D1E0EC02E1E0EC02F1704700BF5A
:100B1800B0FC0181B0FC0191B0FC01A1B0FC01B1B5
:100B2800704700BFA0FC0181A0FC0191A0FC01A1BD
:100B3800A0FC01B1704700BFEC4600B52DE900509C
:100B48002DE9FF1F4FF000032DE90C0001A9FFF765
:100B580033FCDDF840E012B0704700BFEC4600B54A
:100B68002DE900502DE9FF1F4FF000032DE90C007F
:100B780001A9FFF757FCDDF840E012B0704700BF4D
:100B8800EC4600B52DE900502DE9FF1F4FF000039A
:100B98002DE90C0001A9FFF765FCDDF840E012B073
:100BA800704700BFEC4600B52DE900502DE9FF1F46
:100BB8004FF000032DE90C0001ABFFF72AFCDDF82C
:100BC80040E012B0704700BFEC4600B52DE9005078
:100BD8002DE9FF1F4FF000032DE90C0001AAFFF7D4
:100BE80097FCDDF840E012B0704700BF10F8012B09
:100BF80011F8013B012A28BF9A42F7D0D01A704752
:100C0800034611F8012B03F8012B002AF9D170478C
:100C1800027A03467AB9427A82B1013A427242684C
:100C2800111D12680260032241601A721A68100EC0
:100C380012021A607047013AD2B2F6E7B020704744
:100C48001FB503AB0C22009300231946FFF718FCCD
:100C5800039805B05DF804FBF2E72DE9F04305467B
:100C680085B00E464FF000083046FFF7D1FFB02898
:100C7800044615D1B8F1000F0ED103AC43460E223D
:100C8800414628460094FFF7FBFB43460F224146A6
:100C980028460094FFF718FC002005B0BDE8F08353
:100CA80002061DD44FEA8009002303AF0D225FFA24
:100CB80089F9194628460097FFF7E2FB09F104096C
:100CC800039B14F0400F14BFA3EB09034B44039399
:100CD800002300970D2219462846FFF7F5FBC3E7C6
:100CE80000F0F003802B18D104023046FFF790FF84
:100CF8000443B4F5004F01D10920CEE724010023B5
:100D08002846A2B21946FFF767FD0028F4D114F46B
:100D1800004F18BF4FF00108A6E7902B0DD100F047
:100D28000D030D2BE8D003AF002300F00F02284677
:100D380019460097FFF7A4FBCAE7A02B13D1C343BA
:100D48004FF47F6203F007031A41030702F47F623E
:100D580001D542F48042002319462846FFF73CFD9E
:100D6800002881D0C8E7B02B46D1B12808D1304639
:100D7800FFF74EFF431E0246DBB20E2BEBD9BBE753
:100D8800B22820D1002303AC0D222846194600942E
:100D98000227FFF775FB3046FFF73AFF00F07F01A7
:100DA80010F08003039A01FA07F105D102F50172E8
:100DB80000940A4403928DE70A44304607370392A9
:100DC800FFF726FFEAE7B3280BD13046FFF720FFED
:100DD8000123020300F00F0002F4702201300243E5
:100DE800BAE700F0FC03B42B86D000F00702012319
:100DF800013242F40022AFE7C02B44D1C6280AD101
:100E08003046FFF705FF0323020300F00F0002F44A
:100E180070220130E3E7C7280BD13046FFF7F8FE10
:100E2800431E0246DBB20E2B3FF666AF00230421B9
:100E380093E700F0F803C02B06D100F00F0203235C
:100E4800013242F4202287E7C8280DD13046FFF747
:100E5800DFFE00F0F00200F00F0005231032013031
:100E680040EA0232012178E7C9287FF445AF3046CD
:100E7800FFF7CEFE0523020300F00F0002F47022F4
:100E880001300243EEE700F0F803D02B7FF434AFD3
:100E980000F007020523013242F40022E2E71FB501
:100EA80003460846DA6C53680832190202921B0E90
:100EB8000322019101A98DF80C208DF80D30FFF760
:100EC800CCFE05B05DF804FB08B5FFF7C5FE806CE5
:100ED80008BD08B5FFF7C0FEC06CC379023300EB4C
:100EE800830008BD000000002DE9F0430FF27C09E3
:100EF800D9E9008914258DB000240E4605950546CC
:100F08001BBA174F0A93174B12BA4FEA066CCDE972
:100F18000301CDE900443946204609920293012293
:100F28002346CDF820C0CDE9068900F027FB06A9A5
:100F3800284600F0A3FA84460B4B2046CDE902353B
:100F4800CDE9004423466446394601220496CDF88B
:100F580014C000F013FB20460DB0BDE8F08300BFBD
:100F6800A8900700109D0700449D070042454E3297
:100F780000000001000000002DE9F0430646884B00
:100F8800D0F888008FB01E602CF058FE81460028EB
:100F980000F0ED80304600F0D5FFB0F10008C0F257
:100FA800DB800221D6F88C30D6F88820FFF79CFF2A
:100FB80007462CF079F842014B01121A43EAD06334
:100FC80063EB010395009B002D1843EA927341EBF4
:100FD8000304E40044EA5574C5F3103545EA444572
:100FE800E40B002F00F083802CF05EF84A014FEAF2
:100FF800401CBCEB000C42EAD06262EB01024FEAF3
:101008008C0392001B1842EA9C7241EB0201C90052
:1010180041EA5371C3F3103343EA41435B1B4FEA80
:10102800D13161EB0401022B71F100013FDA012596
:10103800002440460CF0D6F8DFF8688148462CF0CA
:10104800F5FD002FC8F8307077DB4FF4FA50D6F86A
:101058008C70012D74F100062A462346BCBF01227C
:101068000023A7FB0001C8F84050C8F83870C8F83A
:10107800444030F035FDCDE904540E4605460023C2
:10108800494ACDE90033CDE90227CDE906560322C6
:101098001846C8E915654549C8F85050C8F85C6055
:1010A8001F4600F06BFA38460FB0BDE8F0832BF00E
:1010B800FBFF4FEA401C4B01BCEB000C43EAD0633A
:1010C80063EB01034FEA8C029B00121843EA9C73FE
:1010D80041EB0303DB0043EA5273C2F3103242EAE6
:1010E8004342551B4FEAD33363EB0404A1E7304B6B
:1010F800494600934046D6E9223200F0FBFB0746FA
:1011080000287FF471AFD6F88C300A900C901BBA87
:10111800404608A90B9320A3D3E90023CDE908236F
:1011280000F0ACF9074600287FF45EAF0221404684
:1011380008AA00F067FA074656E7002200230021B4
:101148003846C8E91054C8E91423C8E91623C8F872
:1011580038100FB0BDE8F0834746124B4846C3F835
:1011680030802CF063FD38460FB0BDE8F083D6F828
:101178008810104A0346CDE90221CDE9000001227A
:101188000A4900F0FBF96FF00B03064A1F46136388
:1011980089E700BFAFF3008042454E3200000002ED
:1011A80008D0012008C00120D4A50700A890070096
:1011B800C8A507009CA507002DE9F04705460F467E
:1011C800164688B02BF070FF44014B01241A43EAFD
:1011D800D06363EB0103A2009B00121843EA9473E7
:1011E80041EB0303DB0043EA5273C2F31038012FCB
:1011F80048EA43484FEAD33443D0766833782D2BF6
:1012080038D031462848FFF7F1FC002840D124A304
:10121800D3E900234046214630F058FC06460C46E8
:1012280010461946214A002330F050FC80460F46EC
:10123800104619464EF66022002330F047FC8246DD
:101248008946104619464FF47A72002330F03EFC66
:10125800CDE902A9CDE90401CDE9062328463246A5
:101268002346CDE90087124907F06CFB002008B03F
:10127800BDE8F0877378702BC3D1B378002BC6D044
:10128800BFE74246234628460A4907F05BFBEDE7DD
:1012980028463246084907F097FB6FF00400E6E756
:1012A800005C260500000000ECBA070080EE36005E
:1012B80010BB0700D8BA0700F8BA0700704700BF8C
:1012C800002300B587B0DDF828C00BA8039005906F
:1012D80003221846CDE90033CDF808C004F00AFE11
:1012E80007B05DF804FB00BF30B50024144D154B62
:1012F80085B029462046029303222346CDE90044BF
:10130800FFF7DEFF10492046CDE901412346294673
:1013180003220094FFF7D4FF49F69A1000212AF01F
:101328005BFF02F085FE09482346CDE90140032210
:10133800204629460094FFF7C3FF204605B030BD7C
:10134800D8900700189907003C990700749907007E
:10135800E0B10378D3B190F88030BBB1D0F88830D1
:101368005A1EB2F5803F11D2D0F88C2093420DD886
:10137800D0F89030B3F57A7F08D3D0F89420054B95
:101388009A4294BF00206FF0150070476FF0150067
:10139800704700BFC02709000EB400B582B003AB88
:1013A80053F8041B049A01930CF03AF802B05DF864
:1013B80004EB03B0704700BF2DE9F04100270D464C
:1013C80014461E4682B0DFF8B0800090ADF8067073
:1013D800ADF804102BF068FE42014B01121A43EAE3
:1013E800D06363EB01034FEA820C9B001CEB000007
:1013F80043EA927341EB0301C90041EA5071C0F31B
:10140800103040EA4140221A66EBD133012A73F1C9
:10141800000127DBADF80670B2F1004F73F100034D
:10142800A8BF6FF00042012168460BF07DFD00283F
:1014380045F010020CDB15D0BDF90630990614D41E
:1014480013F0080014D11342C4D002B0BDE8F081F3
:1014580037F05EFB58F800000428BBD0404202B0C9
:10146800BDE8F0816FF07300EFE76FF00800ECE77C
:101478006FF00400E9E700BF0C0000002DE9F04F11
:1014880085B007468946039100262BF00DFE4FF0E4
:10149800140AB04644014A01241A42EAD06262EBB7
:1014A8000102A500DFF8CCB092002D1842EA947230
:1014B80041EB0204DBF80030E40044EA5574D3F849
:1014C8009030C5F3103545EA4445ED184FEAD43459
:1014D80044F100040023524649463846CDE90088C5
:1014E8000BF036FF002813DC3ED037F011FB224BFF
:1014F80018580428EED00B2839D12A46234604214F
:101508003846FFF759FF0028E4DA05B0BDE8F08F48
:101518000644039BC6F1140A03EB06092BF0C4FD2D
:101528004A014401241A42EAD06262EB0102A50092
:1015380092002D1842EA947241EB0201DBF8003068
:10154800C90041EA5571D3F89030C5F3103545EA22
:101558004145ED184FEAD13141F10004132EB9D9B4
:10156800002005B0BDE8F08F6FF06700CDE740427E
:10157800CBE700BF08D001200C000000002300B515
:1015880087B0DDF828C00BA803900590CDE900339B
:101598001846CDF808C004F0ADFC07B05DF804FBB0
:1015A80000238C4670B58EB0CDE90033114A039004
:1015B8000292DCF80050104E104C03229D4218BFD6
:1015C8003446CDE90445DCE90A45CDE90C45DCE9BA
:1015D8000845CDE90A45DCE90645CDE90845184640
:1015E800DCE904450649CDE90645FFF7C7FF0EB01B
:1015F80070BD00BFB4990700AC99070040280800E7
:10160800A89007000B462DE9F04F002680461D469E
:1016180014249246754A8BB00292099301223346EC
:101628003046CDE90066CDE9038571490594FFF799
:10163800A5FF2BF039FD5746B146A3464A014401A0
:10164800241A42EAD06262EB0102A500694B9200BB
:101658002D1842EA947241EB02041B68E40044EA44
:101668005574D3F89030C5F3103545EA4445ED1864
:101678004FEAD43444F1000400235A463946404620
:10168800CDE900990BF098FE002824DC00F0988042
:1016980037F03EFA584B1B58042BEDD00B2B51D189
:1016A8002A46234601214046FFF786FE0028E3DA52
:1016B800074600235149099ACDE9021804921846B1
:1016C8000122CDE900334A490597FFF757FF38460D
:1016D8000BB0BDE8F08F06442BF0E6FC4A0144014C
:1016E800241A42EAD06262EB0102A500414B920043
:1016F8002D1842EA947241EB02011B68C90041EAC5
:101708005571D3F89030C5F3103545EA4145ED18C9
:101718004FEAD13141F10004132EC6F1140B0AEB44
:101728000607A9D9354B099A02930023CDE903820C
:1017380018460122CDE900992D49CDF81490FFF7FC
:101748001DFF13E09B46099B2C4ACDE90383002328
:10175800CBF10007029218460122CDE900992449ED
:101768000597FFF70BFFBBF1000FB0DCDAF80010AC
:10177800234BDAF80420994212BA24D1099B9342E8
:1017880021D1099B1F4804930023DAF80870DAF87E
:101798000C10DAF810203FBA7F4209BA12BA029048
:1017A800069118460792CDE90033012210490597A2
:1017B800CDF80C80FFF7E2FE38460BB0BDE8F08F9D
:1017C8006FF0670775E700230F4809BA0290099878
:1017D800CDE90512CDE9038001221846CDE9003391
:1017E80003496FF04C07FFF7C9FE70E70C9A070032
:1017F800A890070008D001200C000000409A0700BC
:1018080042454E32B89A0700749A07002DE9F04F06
:101818008DB0169B80460A93179B0F461646DDF837
:1018280060909DF864B00B932BF03EFC42014B0195
:10183800121A43EAD06363EB010395009B002D184D
:1018480043EA927341EB0304E40044EA5574C5F398
:10185800103545EA4445E40B002E42D06420324658
:101868000023A7FB000130F03BF98246BBF1000FD3
:101878000FD11D4B1B68D3F8941079B3D9F80030F9
:10188800EA1AD9F8043064EB03038A4273F10003BF
:1018980024DB4FF4FA500A9BA7FB0001EA1A0B9BC2
:1018A80064EB0303012A73F1000CBCBF012200237F
:1018B80030F016F900230D4A0696F61BCDE908010B
:1018C800029218460322CDE9038ACDE9003308497C
:1018D80007960597FFF752FEC9E900540DB0BDE819
:1018E800F08F4FF0640AC1E708D00120F89A07008A
:1018F800A89007002DE9F04F93B015469846CDE91A
:101908000A012BF0D1FB724B46011B68361AD3F83B
:1019180090204FEA411343EAD06363EB0103B4001C
:101928009B00241843EA967341EB0301C90041EA7E
:101938005471C4F3103343EA414012EB00094FEAF3
:10194800D133CDE910030E900F9343F1000A002D17
:1019580000F0BA800021CDF830808B460C460F4647
:1019680088460D9116E000F0AA8037F0D1F8594B5F
:101978001E58042E0CD00B2E40F0A4804A46534625
:1019880001210A98FFF718FD061E08F1010869DB16
:10199800A5427CD9DDE90A010C9B2A1B9A4228BF83
:1019A8001A46CDE9007700230BF006FD00280BF15D
:1019B800010BD8DD0B9AC4EB44135333013ADBB265
:1019C80002EB000C01E094450CD012F8016F03F112
:1019D8001F019E42CBB2F6D06FF04C06304613B0D2
:1019E800BDE8F08F0D9B0444834238BF03460D9336
:1019F8002BF05AFB364B86461B684FEA4E1AD3F833
:101A080090900E9BBAEB0E0A00930F9B4FEA8A0642
:101A1800019310AB02930B464FEA431C4CEADE6C71
:101A28006CEB030C4FEA8C0C16EB0E064CEA9A7C16
:101A380043EB0C03DB0043EA5673C6F3103646EA61
:101A4800434616EB09094FEAD33343F1000A2B1B2F
:101A5800B3FA83F35B092A4621461C980393FFF7E0
:101A6800D5FE95E700231C4A184602921C9ACDE938
:101A780007880392CDE904640122CDE9007717496C
:101A88000695FFF77BFD304613B0BDE8F08F414661
:101A98000026134B304602930D9B0591CDE90613A2
:101AA8001C9B03220393CDE9006633460B49CDF80E
:101AB80010B0FFF763FD304613B0BDE8F08F6FF04C
:101AC80067068BE7764289E72946AB460D95DFE73F
:101AD80008D001200C000000409B0700A8900700D8
:101AE800809B07002DE9F04F9DB017469846CDE939
:101AF80014012BF0D9FA46014FEA411C361A4CEA78
:101B0800D06C6CEB010CB5002D189F4B4FEA8C0084
:101B180040EA96701A6841EB0001C900D2F890407B
:101B280041EA5571C5F3103949EA414992F89820BC
:101B3800C90B14EB0900CDE91A910F9141F100018D
:101B4800012A1690179100F0C081002F00F0D9816A
:101B58000023CDF860901E464FF480141D469A4627
:101B6800BB46C14610931193ABEB06034B4528BF08
:101B78004B461A46002B00F0A5801599C6EB461374
:101B880017330139DBB2881801F8013F884203F1A5
:101B98001F03DBB2F8D100235F46CDE912420E9352
:101BA800CDF86490784B139A1B680E9993F8983087
:101BB800A2EB0108012B04D1B8F5806F28BF4FF4C0
:101BC8008068DDE9140100230E9C4246CDE900330C
:101BD80021440BF0BDFB00280AF1010A00F38B80B9
:101BE80000F0858136F094FF684B1B58042B60D0B9
:101BF8000B2B40F0838101352BF056FADDE91623D3
:101C08008146884614980421FFF7D6FB83462BF0BB
:101C18004BFA082D03D9C5F30903002B45D15C4BBA
:101C28004FEA411C029300234201121A4CEAD06C7D
:101C38006CEB010C4FEA8C0C4CEA927C9200101869
:101C480041EB0C014FEA49124FEA481CB2EB09027A
:101C58004CEAD96C6CEB080C4FEA8C0C4CEA927C81
:101C6800920012EB090248EB0C08C9004FEAC808B9
:101C780041EA507148EA5278C0F31030C2F310328A
:101C880040EA414042EA4842801A4FEAD13161EBCA
:101C9800D831CDE9060101221846CDE9046BCDE91A
:101CA80000333C490395FFF769FCBBF1000FC0F214
:101CB800F580139B0E9A93423FF674AFBB46129C75
:101CC800DDF86490B3453FF64FAF57460024109BAC
:101CD80003220893304B20460293119BCDE9065509
:101CE8000593269BCDE9004403932A49234604978C
:101CF800FFF744FCE5E0804502D9119B01331193BD
:101D0800109B0644834238BF034610930E9B03443E
:101D18000E932BF0C9F902464FEA401C4FEA411EC8
:101D2800BCEB000C4EEAD26E6EEB010E4FEA8C0053
:101D38008018154B4FEA8E0242EA9C7241EB020171
:101D48001B68C90041EA5071D3F89030C0F31030D5
:101D580040EA4140129CC3184FEAD131169341F131
:101D68000003A6421793C0F08880A742C0F0858080
:101D7800CDF848A04FF00008DFF820B0DFF8149045
:101D8800DDF860A032E000BF08D001200C000000A0
:101D9800549C0700A8900700C89C0700F09B070008
:101DA800012000210023DDF840C0CDE90601CDE97E
:101DB8000B5CDDF844C00122CDF824C0DDF848C032
:101DC80049461846CDE90367CDE9018B0A95CDF858
:101DD80020C0CDF80080FFF7D1FB14F5801F04F573
:101DE80080147ED2A64245D3A74243D32BF05CF998
:101DF800844642014B01121A43EADC6363EB010398
:101E080090009B0010EB0C0043EA927341EB030136
:101E1800C90041EA5071C0F3103040EA41400F9BBD
:101E2800B0EB0A004FEAD13161EB0301022871F1EE
:101E38000001B5DB2BF038F9844642014B01121A38
:101E480043EADC6363EB010390009B0010EB0C009A
:101E580043EA927341EB0301C90041EA5071C0F3B0
:101E6800103040EA41400F9BC90BB0EB0A0061EB10
:101E7800030197E7DDF848A01294189B3A460093AF
:101E88000F9B31460193BB1BB3FA83F35B090393A2
:101E98001AAB26980293FFF7B9FC0AE700231B4AFE
:101EA80026980292039001221846CDE90755CDE9FC
:101EB8000567CDE900331649CDF810B05C46FFF749
:101EC8005DFB20461DB0BDE8F08F00231149184680
:101ED8000291CDE90387CDE900330D49FFF74EFBA9
:101EE80033E64FF0FF33DDF848A01293C5E76FF0F3
:101EF80067031C4620461DB0BDE8F08F5B421C46B8
:101F0800DFE73D4610971197E0E600BF889C070081
:101F1800A8900700B89B070010B5094B82B0009342
:101F28000446D0E9032381680068FFF7DBFD6060A1
:101F380004F1140002B0BDE8104028F057BB00BF00
:101F4800089D07002DE9F04F0546ABB0442200215B
:101F580018A836F0D7FA002395F89820CDE912335F
:101F6800022A0F93109396BFBC4BBD4B53F82230F7
:101F780001200393BB4B01210293002305F1800646
:101F8800CDE91A01CDE9003318460122B649CDE959
:101F98000456FFF7F3FA0A22304610A92FF0F0FE94
:101FA800109B07469E4200F0BC821C78002C40F033
:101FB800B8824FF6FE73421E9A4200F2B2824FF088
:101FC800010943BAADF84A30ADF848902946484669
:101FD80013AA0BF04DFA484500F0B781A34B4A46C7
:101FE8002046A1490293CDE903562346CDE9004492
:101FF800FFF7C4FA314618AA0FAB28460BF024F8AD
:1020080007460F9B20460493994B4A460293CDE915
:102018000044234694490397FFF7B0FA002F40F095
:10202800A0820F9B002B00F09C82D3F81880DA69FD
:10203800CDF818800B921A6938460592DA688A49F1
:1020480004929B684A4603938A4BCDE90077029332
:102058003B46CDF82890FFF791FA36F059FD00235A
:1020680095F89840844E012C335000F03B82002CA8
:1020780040F08782814B2046029301222346CDE916
:1020880000447949FFF77AFA0121062208460BF045
:1020980061F80446002CC0F26E810027784B384660
:1020A8007149029301223B46CDE900770394FFF77B
:1020B80065FA4FF47A7236F02BFDDFF8C8A1834633
:1020C800DAF800303750D3F890906F4B1597A3FB90
:1020D80009139B09149302FB139302FB03F3169352
:1020E800102315220093012114AB20460BF0FAF9B6
:1020F800031E0C93B6BF56F80B300D970D930027AF
:1021080036F006FD83463750102314220121009330
:10211800204614AB0BF0E6F90028B8BF56F80B7050
:102128004FF0000B0D9BCDE9070706930C9B01228E
:10213800CDE90493554B58460293CDE900BB5B4665
:1021480049490394FFF71AFA95F89890B9F1010FE5
:1021580000F0A8805A4603212046FFF71DF9002801
:10216800C0F2DE8040F4804204212046FFF714F9D3
:102178000028C0F2D58036F0CBFC0746DFF810C146
:10218800F7595B4601225846CDE904B7CDE900BBB3
:102198003549CDF808C00394FFF7F0F936F0B8FCDC
:1021A8004FF000090746DFF8ECC046F80790012217
:1021B8004B464846CDE90348CDE900992A49CDF870
:1021C80008C0FFF7DBF942460B9920460BF066F88A
:1021D8008046F359012205932F4B48460293CDE9D7
:1021E80000994B4620490394CDF81080FFF7C6F9B3
:1021F800C84580F25681F759A7F17703012B40F2C1
:10220800E5800B2F00F0E280244B7F420293484682
:102218004B460122CDE9009913490397FFF7AEF920
:1022280036F076FC054600237559DFF874C00122A4
:102238001846CDE90475CDE900330B49CDF808C03F
:102248000394FFF79BF920460AF0CCFF0A9B002B6A
:1022580040F0B58038462BB0BDE8F08F3CA80700A9
:10226800789D0700809D0700A8900700209E070022
:10227800489E0700D49E07000C0000004C9F0700F2
:1022880008A0070008D00120D34D621028A007003D
:10229800A4A10700D0A107000CA207004CA20700C8
:1022A800A0A30700C04B4A4658460293CDE900BB9D
:1022B8005B46BE49FFF762F936F02AFC0746DFF8AD
:1022C800F0C246F807B05B464A465846CDE903488F
:1022D800CDE900BBB549CDF808C0FFF74FF9424634
:1022E80020460B990AF0DAFF5845C0F2EB80B14B53
:1022F8004A46029358465B46CDE900BBAB49039476
:10230800FFF73CF995F89820012A00F0FD800A9B18
:10231800002B40F0D280274638462BB0BDE8F08F1E
:1023280036F0F6FB3358A44A5F42CDE90473002324
:10233800029218460122CDE900339C490394FFF725
:102348001DF9002FFFF66CAF28E79C4BCDE9004440
:10235800CDE902352346082412A90B91BDF848108F
:102368000246059118469149049706940A93A04697
:10237800FFF704F971E636F0CBFB0746002556F85F
:1023880007E0DFF83CC201222B462846CDE9034E80
:10239800CDE9015C85490095FFF7F0F8F759894ABE
:1023A8007F422B46CDE9022728460122CDE9005578
:1023B8007E49FFF7E3F80A9B002B3FF44BAF0F98D9
:1023C8000AF0B6FE38462BB0BDE8F08F4FF0000893
:1023D800DAF800300122D3F890304046CDE90343C3
:1023E800794BCDE90088029370494346FFF7C6F858
:1023F8002AF05AFEDAF800308146D3F890200B46CE
:102408004FEA491E4FEA431CBEEB090E4CEAD96C51
:102418006CEB030C4FEA8E074FEA8C0C17EB09079D
:102428004CEA9E7C43EB0C03DB0043EA5773C7F38B
:10243800103747EA4347D2194FEAD33343F1000331
:1024480004212046FEF7B8FF0746604B012202939D
:1024580040464346CDE90088544903940497FFF762
:102468008DF84745FFF6DCAE0422CDF8448014927F
:1024780014AB00930121204611AB0BF001F8404545
:102488005DDB119B40460493514B01220293CDE939
:102498000088434645490394FFF770F8119F002FC1
:1024A8003DD100234B4A1846CDE90224CDE900333B
:1024B80001223E49FFF762F824E70F980AF038FE38
:1024C800274629E7F759444B04977F4202934A4627
:1024D8005B465846CDE900BB344905970394FFF79E
:1024E8004DF89DE6FD273D4A18460292CDE9003396
:1024F80022462E490397FFF741F82D2021463A46F8
:102508000AF028FE0446C5E5002335491846CDE9FA
:102518000214CDE900332549FFF730F8F7E67F428A
:102528007EE600232F480122CDE90206CDE90033DB
:1025380018461E496FF01507FFF720F88AE636F0AF
:10254800E7FA0746F759284D7F424346012240469D
:10255800CDE90347CDE9008814490295FFF70EF845
:102568005EE6002321480597029001221846CDE92E
:102578000356CDE900330D496FF07507FEF7FEFFEE
:1025880068E61B4A1846CDE90224CDE9003301224A
:102598000649FEF7F3FF0A9B13B96FF0850759E662
:1025A8000F980AF0C5FDF8E780A00700A89007007B
:1025B800ECA0070070A10700A4A10700DC9D07009C
:1025C800BC9F0700E09F070078A20700A0A20700B1
:1025D800ECA2070008A3070024A10700109F07002A
:1025E80030A30700B09D0700C4A20700709E070033
:1025F8008C9F07002DE9F04F8146AD4BD0F888003D
:1026080091B0C3F800902BF019FB8246002800F027
:102618003D810024A74B0122A74920460293CDE91A
:1026280000442346FEF7AAFF4846FFF78BFC804686
:10263800A24B0122CDE90143204623469E4900943E
:10264800CDF80C80FEF79AFFA045C0F214814FF038
:10265800140B9B4B2046029301222346CDE90044EC
:102668009549CDF80C80CDF810B0FEF787FFD9E971
:10267800222301214046FEF737FC0646914B0122F2
:10268800029320462346CDE900448B49CDF80C80BF
:102698000496FEF773FF2AF007FD42014B01121A58
:1026A80043EAD06363EB010397009B003F1843EABA
:1026B800927341EB0305ED0045EA5775C7F31037F0
:1026C80047EA4547ED0B002E78D02AF0EDFC4A0189
:1026D8004401241A42EAD06262EB0102A30092008C
:1026E8001B1842EA947241EB0201C90041EA537196
:1026F800C3F3103343EA4143DB1B4FEAD13161EBAB
:102708000501022B71F100013BDA01270024404644
:102718000AF068FD6C4D50462BF088FA002E2E60AA
:10272800C0F29B804FF4FA50D9F88C80012F74F1D5
:1027380000063A462346BCBF012200232F616C6184
:10274800A8FB0001C5F804802FF0CAF90E46CDE9B0
:1027580004740023074634465C4ACDE90033CDE9CA
:102768000228CDE90674032218465349AF61AF62C7
:10277800EC61EC621E46FEF701FF304611B0BDE881
:10278800F08F2AF091FC44014A01241A42EAD062EF
:1027980062EB0102A30092001B1842EA947241EB1B
:1027A8000204E40044EA5374C3F3103343EA444395
:1027B800DF1B4FEAD43464EB0504A8E7CDE90066D3
:1027C800CDF80C80D9F8883030460593D9F88C308C
:1027D800012204933E4B3849029333460996FEF78B
:1027E800CDFE3C4B51460093D9E922324046FFF7D3
:1027F80079F90646384B2046029301222346CDE953
:1028080000442D49CDF80C800496FEF7B7FE002E43
:102818007FF45BAF314B3046CDE90066029301226D
:1028280033462549CDF810B0CDF80C80FEF7A6FE4A
:102838000BAA01214046FEF7E5FE0646099A284BF9
:102848001046CDE9002202931B491346CDF80C80AF
:1028580001220496FEF792FE37E7002200230021AA
:102868003046C5E90474C5E90623C5E90A23696049
:1028780011B0BDE8F08F4646134B5046C3F80080B0
:102888002BF0D4F9304611B0BDE8F08FD9F8881094
:10289800144A0346CDE90221CDE900000122064988
:1028A800FEF76CFE6FF00B03074A1E46136064E7E1
:1028B80008D00120F4A30700A890070010A407007F
:1028C80034A4070064A4070008C0012064A5070019
:1028D80094A40700D0A40700DCA407000CA50700F7
:1028E80038A50700C8A307002DE9F04F0446D0F823
:1028F8008800CC4BB0F5805F9BB083461C6028BF36
:102908004FF4805B2BF09AF9804658462BF096F9E5
:102918008146B8F1000F00F06B81002800F0688153
:102928002046FFF70FFB061EC0F21981D4E92223C7
:102938000321FEF7D9FA051EC0F24A814FF0000ABA
:10294800D4F888300F961393D4F88C30CDF844809F
:102958001293CDF840A00122514614A827F032FE68
:102968002AF0A2FB0D4602464FEA401C4FEA451EDC
:10297800BCEB000C4EEAD26E6EEB050E4FEA8C07EC
:10298800BF184FEA8E0242EA9C7245EB0205ED0041
:1029980045EA5775C7F3103747EA45470020002135
:1029A800ED0B0FAB00930523CDE90601CDE901AA94
:1029B800CDF810A003934FF480529B4B9B499C4841
:1029C80028F0F6FC9B4A5B46009249463046D4F80C
:1029D8008C20FEF78FFF82464FF0FF324FF0FF3317
:1029E80014A827F073FEBAF1000F05D1DDF840A056
:1029F800BAF1000F00F0D1802AF056FB4FEA401CD4
:102A08004A01BCEB000C42EAD0624FEA8C0362EB4D
:102A1800010218184FEA820343EA9C7341EB03034F
:102A2800DB0043EA5073C0F3103040EA4340C01B58
:102A38004FEAD33363EB0503022873F100036DDA21
:102A480001274FF0000B30460AF0CCFB40462BF034
:102A5800EDF8794D48462BF0E9F8BAF1000FC5F8C2
:102A680060A0C0F28880012F7BF10003BA465E4661
:102A7800BCBF4FF0010A00264FF4FA50D4F88C90EE
:102A880052463346C5E919992F67C5F874B0A9FBB2
:102A980000012FF025F8524686468C464FF47A5AA4
:102AA8003346C5E91FCEC5F878E0C5F884C0A9FB50
:102AB8000A012FF015F84FF00008CDE9067BC5E9AB
:102AC8002201CDF80480D4F88C205C4B4046CDE937
:102AD80003225B4903220293CDF800804346FEF7A8
:102AE8004DFDD5E92223CDE90823CDF80480D5E9A9
:102AF8002023CDE90623534BCDF80080D5E91E45A8
:102B08004046029303224346CDE904454C494646D4
:102B1800FEF734FD30461BB0BDE8F08F2AF0C4FA4A
:102B28004FEA401C4A01BCEB000C42EAD06262EB5F
:102B380001024FEA8C0392001B1842EA9C7241EB97
:102B4800020B4FEACB0B4BEA537BC3F3103343EA38
:102B58004B43DF1B4FEADB3B6BEB050B73E7364B55
:102B680040461E662BF062F848462BF05FF8304668
:102B78001BB0BDE8F08F56460022002300213046E6
:102B8800C5E91C7BC5E91911C5E91E23C5E9202340
:102B9800C5E922231BB0BDE8F08F4FF040730B93BB
:102BA800D4F88C3030461BBACDE90D33264B0AA930
:102BB800CDF830A00A93FEF761FC824600287FF426
:102BC8001BAF032130460AAAFEF71CFD824613E715
:102BD800194B1D6630462E460AF004FB40462BF082
:102BE80025F848462BF022F830461BB0BDE8F08F98
:102BF8000023D4F8882015491846CDE90033CDE9DB
:102C0800032B029101220E49FEF7B8FC40462BF037
:102C18000DF848462BF00AF86FF00B03064A1E46DB
:102C2800136677E708D00120211F040078E201200D
:102C380040BF012040A6070008C0012048A60700A1
:102C4800A890070074A6070042454E320CA607005C
:102C5800002330B50546244C89B024490322184680
:102C6800CDE900330294FEF789FC002495F89830EA
:102C78002046022B96BF1E4A1E4952F82310D5E95A
:102C88002232CDE906321C4B05F18002CDE903154D
:102C98000592029303222346CDE900441349FEF727
:102CA8006DFC164823460322CDE901400F49204612
:102CB8000094FEF763FC12491248FEF771FC1249B2
:102CC8001248FEF76DFC12491248FEF769FC1248DB
:102CD8002346CDE901400322204604490094FEF72B
:102CE8004DFC09B030BD00BFACA60700A890070096
:102CF8003CA80700789D0700E0A6070014A7070076
:102D080008C0012044A7070038C001204CA70700CD
:102D180068C0012058A7070060A7070038B50C4D08
:102D280004462C220021284635F0ECFB6FF08B037B
:102D3800204645F8043CFEF70BFB031E04DB204647
:102D4800BDE83840FFF756BC45F8043C38BD00BF25
:102D58000CC0012038B504460A482C220021A0F1F5
:102D6800340535F0CFFB6FF08B0320462B63FEF75D
:102D7800EFFA031E04DB2046BDE83840FEF7FCB836
:102D88002B6338BD3CC0012038B504460A482C22C4
:102D98000021A0F1640535F0B5FB6FF08B032046E8
:102DA8002B66FEF7D5FA031E04DB2046BDE8384043
:102DB800FFF79ABD2B6638BD6CC0012010B50446DC
:102DC80088B10B49FDF712FF80B120460949FDF78C
:102DD8000DFF48B120460849FDF708FF074C0028B9
:102DE8000CBF2046002010BD054810BD054810BD89
:102DF80094A707009CA70700A8A7070068C00120A0
:102E080038C0012008C0012010B504461D22002149
:102E18007F3035F077FB7F220F49204635F03FFCA5
:102E280007220E4904F1800035F039FC4FF4805038
:102E38004FF480114EF6602241F288334FF0010CB6
:102E4800C4F8880084F898C0C4F88C10C4F890209E
:102E5800C4F8943010BD00BFB0A70700C0A7070092
:102E680002289ABF024B53F820000248704700BF5F
:102E78003CA80700789D07002DE9F04389B0054676
:102E8800FEF766FADFF81091044600218C224846C6
:102E980035F038FB6FF08B03002CA9F1040649F8D4
:102EA800043C336333666BDB00276FF08B0895F8BF
:102EB80098303846022B96BF384A394B52F823309F
:102EC800D5F8882004950792D5F88C200393354BC4
:102ED800069205F1800234490592029303223B468B
:102EE800CDE90077FEF74AFBCDE90077D5F89430B5
:102EF800032203932D4B38462B4902933B46FEF79A
:102F08003DFB2C223946244835F0FCFA284649F87E
:102F1800048CFEF71DFA041E36DB2846FFF76AFB11
:102F2800041E2ADB00214FF4203029F055F92C2209
:102F380039461F4835F0E6FA2846C6F83080FEF7CD
:102F480007FA041E23DB2846FEF716F8041E14DBD6
:102F580000214FF4203029F03FF92C22394615483A
:102F680035F0D0FA2846C6F86080FEF7F1F9041E5D
:102F78000FDB2846FFF7B8FC04462846FFF768FE33
:102F8800204609B0BDE8F08349F8044CF5E73463FE
:102F9800F3E73466F1E700BF0CC001203CA8070046
:102FA800789D0700C8A70700A890070004A8070095
:102FB8003CC001206CC0012000F0A6BF00F066BC38
:102FC8002DE9F04700240E46814635F0A1FDDFF8D3
:102FD80054A084B040F80A400546174630462246B9
:102FE80003A9039498462EF0CBFE044655F80A0030
:102FF80060B9039B53B11B7843B9BC4206D344451F
:1030080004D80C9B1C6004B0BDE8F08748463B46DA
:1030180032460549CDF8008005F0D6FC6FF0150062
:10302800F1E700BF0C00000054A807002DE9F041AB
:103038003D4C3E4A23780E46054652F8217088B02A
:10304800002B63D001223A4BD3E8EF1F002903D1AC
:10305800C3E8E02F0028F7D11DD10021354827F01B
:10306800B1FA354826F076FF0022002300244FF0FD
:10307800050CCDE90623CDE903C44FF48052CDE910
:1030880001442E4B2E4900942E4828F091F92E49E0
:103098002C4828F099F801222C4BD3E8EF1F00297F
:1030A80003D1C3E8E02F0028F7D135D1DFF8A0809D
:1030B8004FF0FF334FF0FF321F4826F053FF4046D2
:1030C800244C9C22214640F8045B35F00FFA88F81E
:1030D800A060194826F0F6FF94F89800FFF7C0FEA4
:1030E800D4F8881003460391D4F88C1000948034E7
:1030F80002913A4628461849019405F023FC0D48E8
:1031080027F074FA002008B0BDE8F0811148FFF7F5
:103118007BFE0123237095E72846104905F054FCEF
:103128006FF00F00EFE700BF66E2012000B0070074
:1031380010D40120CCD40120B8D401208931040056
:1031480078F2012098C0012078A807000CD401204B
:1031580014D40120E4D40120A0A8070084A8070003
:103168000321FFF763BF00BF0221FFF75FBF00BF66
:103178000121FFF75BBF00BF0021FFF757BF00BF6A
:103188002DE9F04FD7B04FF0FF324FF0FF33BD4875
:1031980027F09CFA4FF0FF334FF0FF32BA4826F081
:1031A800E1FEA422B9492DA835F0A0F9B64826F0C9
:1031B80089FF9DF854319DF85001032B96BFB44AFE
:1031C800DFF8D09252F823902D9CFFF749FE4EAAC3
:1031D80001922EAA0092509A03460392519A2046D1
:1031E800AD4902924A4605F0ADFB4FF48052AB4917
:1031F8002D9805F0A7FB9DF85431032B00F2788138
:10320800DFE813F033012C01250104002EA8FFF795
:1032180033FE82469DF85431032B00F0FD8048466A
:10322800DDF8B4B0FFF7CAFD0646002800F0F480C8
:10323800D0E90651D0E908076B014A015B1B42EA55
:10324800D56262EB0102520242EAD3525B025B1979
:1032580041EB02024FEA821C9C01E41A4CEA936C8F
:103268006CEB020C430164194FEA471241EB0C0165
:1032780042EAD0621B1A62EB0702520242EAD352B8
:103288005B021B1847EB02024FEA821C9D01ED1AF4
:103298004CEA936C6CEB020CDDE9502313442D18B7
:1032A80003F1FF3347EB0C08B3FBF2FCD6E9042328
:1032B800E40DED0D44EA412445EA482560194FEA3A
:1032C800D8584FEAD15748EBD151012A269173F1CA
:1032D8000001CDF870C02590C0F200817049ACFBA8
:1032E80001012EF0FDFB00236E4A2EF0F9FBCDE91B
:1032F8002701CDE929239DF85001FFF7B1FD0346C9
:103308009DF850011D93FFF7ABFD03467268DDF889
:1033180044C139462046509FB46823921E93614A9F
:103328000023CDF888C024941F97D6E90467CDE917
:1033380020672EF0D5FB07460E46284641462B92BD
:103348009846584A00232EF0CBFB86468C46DDE98A
:10335800250115461C46534A0023CDE925EC2EF0DD
:10336800BFFBCDE91401DDE92001CDE9040129996C
:10337800CDE916231A912A99CDE90C761B91279944
:1033880049481891289919912599109126991191D0
:103398002B99CDE90E18CDE91254239A249C099251
:1033A8001C9ADDF888C01F9F06921E9A0A944FEA5D
:1033B800DA7400924FF480613C4A1D9BCDF80CC032
:1033C8000297CDF820A0CDF8049007942EF036FC93
:1033D8000546B5F5806F0246584680F08580344929
:1033E80005F0B0FAA5B12C462F4B324F5E19582C78
:1033F8002246A6EB0403A8BF58223946584605F0D2
:10340800A1FAC4F158032B449D42A4F15804EEDC00
:103418005846294905F096FA00232C9327482CA9E9
:1034280028F010F8002851D0BAF1000F2D9823DAAF
:1034380053464A46224905F0C7FA00232148D0E8F6
:10344800EF2FC0E8E13F00293FF49DAEF7E72EA833
:10345800FFF79AFC9DF854318246DDE62EA8FFF767
:1034680079FC9DF854318246D6E62EA8FFF756FC23
:103478009DF854318246CFE64A46134905F062FA70
:10348800DBE700BFCCD40120B8D4012014D401203C
:1034980000B00700789D0700D8A80700FCA807001F
:1034A80000CA9A3B40420F000CD0012030A9070007
:1034B80034AB070068AB070050AB070098C0012089
:1034C800B8AB07000CD40120C8AB07002C9B0A49F5
:1034D8002D98C3F5805205F035FAA5E70023CDE90C
:1034E800273329932A9306E7044905F06DFA93E7F1
:1034F8006FF0150A93E600BF84AB070004AB070022
:1035080070B5114E04463378154682B093B10F4E0C
:1035180069684FF47A7220460D4B0096FFF750FD0C
:1035280000280DDB204632680A4905F00BFA002016
:1035380002B070BD0848FFF767FC01233370E6E767
:103548006FF01500F4E700BF66E2012074D5012092
:10355800C0270900E4AB0700E4D4012070B5104E81
:1035680004463378154682B08BB10E4E6968002246
:1035780020460D4B0096FFF723FD00280DDB204663
:1035880032680A4905F0DEF9002002B070BD08482B
:10359800FFF73AFC01233370E7E76FF01500F4E713
:1035A80066E2012078D50120C0270900F8AB0700A2
:1035B800E4D4012070B5114E04463378154682B024
:1035C80093B10F4E69684FF480330122204600966C
:1035D800FFF7F6FC00280DDB20463268094905F0A4
:1035E800B1F9002002B070BD0748FFF70DFC0123B8
:1035F8003370E6E76FF01500F4E700BF66E20120DC
:103608006CD5012014AC0700E4D4012070B5114E2C
:1036180004463378154682B093B10F4E69684FF06F
:103628008063012220460096FFF7CAFC00280DDBC4
:1036380020463268094905F085F9002002B070BDBE
:103648000748FFF7E1FB01233370E6E76FF0150049
:10365800F4E700BF66E2012070D5012020AC070026
:10366800E4D4012070B5124D06462B7814468BB170
:103678006468204634F0C2FF7F2811D82146421CD6
:103688000C4834F033FF30460A4A0B4905F05AF922
:10369800002070BD0748FFF7B7FB01232B70E7E751
:1036A8003046064905F090F96FF05A0070BD00BF2A
:1036B80066E20120E4D4012040AC07002CAC0700EE
:1036C80070B5144E04463378154684B0C3B103A8C8
:1036D80069684FF6FF73009001222046FFF770FCDF
:1036E800002813DB0821039B0B4A0C482EF0A6FA8E
:1036F80020460A4A0A4905F025F9002004B070BDA1
:103708000848FFF781FB01233370E0E76FF01500ED
:10371800F4E700BF66E201201C2D080064D50120F3
:103728004CAC0700E4D4012070B5184E0546337838
:103738001446F3B1646816492046FDF757FA50B1AC
:1037480020461449FDF752FA88B120461249FDF780
:103758004DFAA0B90220114B83F89800FFF780FBBF
:103768000F490246284605F0EDF8002070BD0120FB
:10377800F1E70A48FFF748FB01233370DAE72846E8
:10378800084905F021F96FF0150070BD66E20120C7
:1037980024A80700F8AF070028A80700E4D40120F0
:1037A8007CAC070058AC070038B51C4D04462B7894
:1037B80073B31B4D20462A461A4905F0C3F805F194
:1037C80080022046184905F0BDF895F89800FFF7E3
:1037D80047FB16490246204605F0B4F82046D5F8BE
:1037E8008820134905F0AEF82046D5F88C201149F9
:1037F80005F0A8F82046D5F890200F4905F0A2F862
:103808002046D5F894200D4905F09CF8002038BDD5
:103818000348FFF7F9FA01232B70CAE766E2012093
:10382800E4D401208CAC07009CAC0700ACAC0700CA
:10383800BCAC0700D4AC0700ECAC070000AD070037
:1038480010B5029CFCB129F02FFC4FEA401C4A013C
:10385800BCEB000C42EAD06262EB01024FEA8C0337
:1038680092001B1842EA9C7241EB0201C90041EA2E
:103878005371C3F3103343EA4143C90BC4E9083118
:10388800204626F0B3FE002010BD00BF2DE9F04F02
:103898000129B9B040F2728202290C4606469246C6
:1038A80000F0F68100230A22DAF8080026A92693F8
:1038B8002EF066FADAF80820269B07469A4200F0AE
:1038C80058821B78002B40F05482411E632900F275
:1038D8005082032C6FD140F6B833049312F034FAB7
:1038E800814629F0E1FB43F6982244014B01241A52
:1038F80043EAD06363EB01034FEA84089B0018EBAB
:10390800000843EA947341EB0304E40044EA587462
:10391800C8F3103848EA444818EB02084FEAD43490
:1039280044F10004B9F1000F00F02C820025DFF803
:103938000CB329F0B9FB4FEA401C4A01BCEB000C60
:1039480042EAD06262EB01024FEA8C039200181837
:1039580042EA9C7241EB0201C90041EA5071C0F38E
:10396800103040EA414040454FEAD131A141D9F8F1
:10397800003080F27181A3B10C33D3E8AF3FD80790
:103988000FD5D9F8003063B10C33D3E8AF3FD90570
:1039980007D5D9F8003023B10C33D3E8AF3F9A05E7
:1039A80026D4002D00F0398140F6CD40002128F0C2
:1039B80013FC0125BDE70A22DAF80C0026A9269394
:1039C8002EF0DEF9DAF80C20269B04909A4208D0F3
:1039D8001B7833B94EF6FC13A0F1640199427FF6C7
:1039E8007DAF3046964904F0EFFF6FF015084BE1C4
:1039F800002D40F0918100214FF4005028F0ECFB9D
:103A08004422002126A800244FF00108DAF8049087
:103A180034F078FD01220223ADF83E40CDE9282399
:103A28001E94CDF83A40ADF83880494640460FAA72
:103A380009F01EFD404500F0868148460DF17809E1
:103A48004B46214626AA09F0FFFA0346002840F013
:103A580068811E9A002A00F06881D1690EAA086858
:103A6800496803C2ADF83A30102340460FA90792BF
:103A780013F060FE1E9809F05BFB2022A521484642
:103A880034F040FD0122002126A826F09BFD0421E8
:103A980019A809F0CBFA00236A4A0121009214A858
:103AA8001A46199C17F00EF8B0F10008C0F25581BB
:103AB800A3B2049D049320234FF00008DAF80420F1
:103AC8003046CDE9017560490093079B04F03AFF41
:103AD8004FF4004340F2E73041464FF0FF34E5FB36
:103AE80003016FF000434FF47A72CDE90A430023D3
:103AF8002DF0F6FF4B460125B1461E46CDE90801DB
:103B0800CDE90C88CDF81880CDF8148000231A93DD
:103B1800049BADF86650ADF8643020231D934FF038
:103B2800FF331C961B930022002326A826F0CEFD07
:103B38000028F8D029F0B8FA26AB00240093002317
:103B48008246CDE92E340C464FEA4A1B4FEA441E02
:103B5800BBEB0A0B4EEADA6E6EEB040E4FEA8B0CE7
:103B68004FEA8E0E1CEB0A0C4EEA9B7E44EB0E04C9
:103B7800E40044EA5C7426ABCCF3103C4CEA444CB9
:103B88001793002119AB0EAA14A8E40BCDF8B0C006
:103B98002D9416F0FDFF031E44DBDDE9082326A85B
:103BA80026F094FD002843D1059B2C9A01330593F8
:103BB8002E9B2D999B1A2F9A484662EB0102002AE8
:103BC800BCBF00230022069913EB080842EB010151
:103BD80006910A99CDE902328B420B99009572EB56
:103BE80001010C99B8BFCDE90A3299420D9991416A
:103BF800B8BFCDE90C3215492022079B04F0A2FE7C
:103C0800AF4204D94FF40040002128F0E5FAAF4252
:103C180005F101034DD01D4678E75946304604F0BA
:103C280091FEC1E62A464846094904F0CDFEE7E779
:103C38002A464846074904F0B7FEE1E79CB2070068
:103C480038B207004938040030B3070080B30700D2
:103C580068B30700A8B3070073B10C33D3E8AF3FCC
:103C6800DB071AD5D9F8003033B10C33D3E8AF3FAE
:103C7800DF0512D5484A11E0484A134630464849FC
:103C880004F0A2FE6FF07208404639B0BDE8F08F2C
:103C980040F6B8330427049320E6404AD9F80030A8
:103CA800002B76D00C33D3E8AF3F9D0571D53A4B46
:103CB800E4E714A816F032FF4846079A394904F099
:103CC80041FE6422059C48463B1B009302FB03F31C
:103CD800B3FBF7F33A4601933349234604F032FE27
:103CE8002246002C42D00C9B069902930D9B40461D
:103CF800039300232DF0EAFEDDE90A2304460D466E
:103D08004FF000084846CDE90045284904F01AFE5E
:103D1800404639B0BDE8F08F3046254904F012FE20
:103D280069E61E9808B109F003FA6FF07508304685
:103D38006FF07503DAF804201E4904F045FE40468A
:103D480039B0BDE8F08F10AB1A4607930FA91023BE
:103D580013F0F0FC0DF178098FE63046424616491B
:103D680004F032FE404639B0BDE8F08F6FF07308BA
:103D78008AE73046114904F027FE36E6104904F078
:103D880023FE32E630460F4904F01EFE6FF012089B
:103D98007AE7024B72E700BFD8B10700DCB1070031
:103DA800C8B20700C4B30700E0B3070008B40700AF
:103DB80080B20700F0B2070008B3070018B2070086
:103DC800E4B1070060B207002DE9F04F0D469046B8
:103DD80081462E4E2E4C03CEB6F800B096F802A0BF
:103DE8002860696007CC0C3CA5F808B085F80AA0E3
:103DF80083B0C8F80000C8F80410C8F8082007CC39
:103E080018605960484601219A601F4612F0C8F8A8
:103E180098B10446102301462A46012013F08AFC73
:103E280010B32146484612F011FA0090102342467A
:103E38000120694613F07EFC68B1484612F07EFA0C
:103E4800019010233A46012001A913F073FCA0B198
:103E580003B0BDE8F08F0E4B07CBC8F80000C8F8D8
:103E68000410C8F80820E8E7083E03CEA5F808B013
:103E780085F80AA028606960D3E7054B07CB38604E
:103E88007960BA6003B0BDE8F08F00BF30B40700B6
:103E98003CB40700002300B587B0DDF828C00BA8A4
:103EA80003900590CDE900331846CDF808C002F01C
:103EB80021F807B05DF804FB8C4618B14278034638
:103EC800052A08D80E4B07CBCCF80000CCF8041014
:103ED800CCF80820704710B5C479827986B041794A
:103EE800CDE903241A79DC7860469B78CDE9012175
:103EF80000941821034A2DF0A1FE06B010BD00BFA2
:103F08003CB4070048B4070030B593B0044611F03C
:103F18001BFF002864D00546006800B110300CA9CA
:103F2800FFF7CAFF08AB04AA69462846FFF74CFF0B
:103F38002F49204604F006FD284613F09BF82D492A
:103F48000246204604F0FEFC2B68A3B10C33D3E8EC
:103F5800AF3FD9070FD52B686BB10C33D3E8AF3F10
:103F6800DA0508D52046244A244904F0EBFC2B68DE
:103F78004BB9234A0DE02046224A204904F0E2FCCE
:103F88002B68002BF5D00C33D3E8AF3F9B05F0D559
:103F98001D4A20461D4904F0D5FC20461C490CAAA0
:103FA80004F0D0FC6A4620461A4904F0CBFC2046AF
:103FB800194904AA04F0C6FC08AA2046174904F0C7
:103FC800C1FC2046164904F0BDFC2046154904F002
:103FD800B9FC2046144904F0B5FC002013B030BDEC
:103FE8002046124904F0F0FC6FF01200F6E700BF1B
:103FF80070B407008CB4070068B407009CB40700CD
:10400800DCB107006CB40700D8B10700ACB40700F6
:10401800BCB40700CCB40700DCB40700ECB407005C
:10402800FCB4070014B5070028B5070060B2070004
:104038002DE9F0419AB011F087FE044600284FD0D0
:10404800006800B1103014AD294610AF0CAE0DF168
:104058002008FFF731FF3B46324641462046FFF72E
:10406800B3FE204613F006F82368002B35D00C3336
:10407800D3E8AF3FD90708D5236873B30C33D3E827
:10408800AF3FDA0501D51C4A00E01C4A23688BB310
:104098000C33D3E8AF3F9B052CD5174B0024CDE953
:1040A8000535174B1749CDE9023004922346032200
:1040B8002046CDE90044FFF7EDFE13492346CDE93C
:1040C800021803222046CDE90467CDE900440D49D2
:1040D800FFF7E0FE1AB0BDE8F081084A1346DDE7B5
:1040E8000A490346CDE90101012206490090FFF77C
:1040F800D1FEEFE7014BD1E7D8B10700DCB10700EB
:1041080064B50700B890070094B5070044B50700E8
:1041180010B4836800EBC10CB3F5004F0CD3DCF886
:104128000C3099421ED0DCF80810043200EBC104B0
:1041380040F82230E3600BE0BCF80630994211D019
:10414800BCF80410043200EBC10440F82230E380CC
:10415800826800EBC300B2F5004F2CBF81608180FC
:1041680010BC704701210024C36802F1040C01FA55
:1041780002F223EA0203C36040F82C4010BC7047E7
:1041880070B48668541AB6F5004F00EBC1034FEAC5
:104198004405A1EB02011FD35E685D6001EB560187
:1041A80086684D00B6F5004F00EBC2032CBF5D607A
:1041B8005D808568B5F5004F2CBF40F8324020F887
:1041C80032408468B4F5004F0CD370BC5B6802EBD6
:1041D800530340F833107047B3F802C05D8001EB19
:1041E8005C01DDE75B8870BC02EB530220F83210FB
:1041F800704700BF836810B5B3F5004F00EBC101ED
:1042080000EBC20C19D3DCF804304C685B0803EBF4
:1042180054035C004C608168B1F5004F06D3DCF8AC
:10422800041002EB510240F8323010BDBCF8021005
:1042380002EB510220F8323010BD4B88BCF802E086
:104248005B0803EB5E034FEA430EA1F802E0E2E7E6
:10425800836800EBC102B3F5004F0AD201235288EC
:10426800DA400132D21AB2FA82F2C2F11F02FFF723
:104278004FBF52685208012A01D00223F1E7704764
:1042880030B4846800EBC102B4F5004F22D2012596
:1042980053885B0801335B1BB3FA83F3C3F11F0335
:1042A80000EB830CDCF81050D5B901259D40C3689C
:1042B800B4F5004F43EA0503C360CCF810102CBFD7
:1042C800916091808368B3F5004F2CBFD160D18095
:1042D80030BC704753685B08012BF9D00225D9E739
:1042E800B4F5004F00EBC50C2BBFDCF80830BCF868
:1042F800043093609380846800EBC303B4F5004FE7
:104308002CBFD560D5808268B2F5004F2CBFD9602C
:10431800D9808368B3F5004F2CBFCCF80810ACF8EF
:10432800041030BC704700BFF8B583680446B3F585
:10433800004F0D464FEAC10600EBC10714D3796858
:1043480005EB510100EBC1035B68D80736D5A159CD
:10435800691A04EBC1035B68DB0714D529462046BC
:10436800BDE8F840FFF78CBF798805EB510100EBF9
:10437800C1035B88DA0721D5A15B691A04EBC10385
:104388005B88DB07EAD42046FFF762FFA368204674
:10439800B3F5004F2CBFA159A15B2A46691AFFF754
:1043A80029FFA3682046B3F5004F2CBFA359A35B90
:1043B800ED1A2946BDE8F840FFF762BF2046FFF72F
:1043C80047FFA3682946B3F5004F2CBF7A687A885F
:1043D800204605EB5202FFF70DFFA368B3F5004F27
:1043E800B5D2A15B691A04EBC1035B88C9E700BFBA
:1043F8002DE9F0418668B6F5004F34BF0B4601F150
:10440800FF33B3FA83F3C3F11F0200EB82073D6960
:10441800A5B12C464FF0030CB6F5004F00EBC40EC7
:1044280017D3DEF80480B1EB580F21D9DEF80C4021
:10443800BCF1010C3C6101D0A542EDD14FF0FF3435
:10444800C268C3F120039C4014400AD12046BDE84D
:10445800F081BEF80280B1EB580F09D9BEF80640CA
:10446800E6E794FAA4F2B2FA82F2131D50F8234058
:104478002146FFF74DFE2046BDE8F081B9B308B5E7
:1044880000688368B3F5004F18D20439091A21F07F
:10449800070202445388C90813F0010F2CD001EB1E
:1044A800530C30F83CE0ACEB0E0C8C4520D123F0DB
:1044B80001035380BDE80840FFF736BF0839091AE1
:1044C80021F0070202445368C90813F0010F13D002
:1044D80001EB530C50F83CE0ACEB0E0C614507D1F6
:1044E80023F001035360BDE80840FFF71DBF704784
:1044F800B721034800F0E4FCAF21014800F0E0FCDC
:10450800E0B50700F8B50568002933D0AB6801F0BD
:104518000704B3F5004F2CBF0822042207341444C3
:10452800E40804EBD1049C4228BF1C4628462146D7
:10453800FFF75EFFF0B1AB68C600B3F5004F05EBBF
:10454800C0070FD27B88B4EB530F15D343F0010398
:104558007B80AB68B3F5004F34BF042308231E44A7
:10456800A819F8BD7B68B4EB530F05D343F00103DA
:104578007B60EEE70020F8BD044401462246284649
:10458800FFF7FEFD2146FFF77BFEAB68B3F5004F52
:1045980001D37B68EAE77B88D8E700BF1146FFF7BD
:1045A800B1BF00BFB2F5802FF8B568D2042A88BF22
:1045B80004237FD9D21ACC1D8D1824F0070425F0C6
:1045C80007052D1B172D4FEAD5076ED9B5F5802F96
:1045D80038BF3A464FF0000328BF07F1FF32B2FA5E
:1045E80082F20460C4E902732CBF02230123C2F1E2
:1045F8002406B600073603EBD603BB42C2F12002FD
:104608004FEAD6064CD80021920004F1100033F08E
:1046180079FF7300BA1BB5F5802F04EBC6014FEA8A
:10462800420043F001032CD263800023238048809A
:10463800A368B3F5004F2CBF44F8366024F8366001
:10464800A1686319B1F5004F4FF000012CBF596004
:104658005980A368B3F5004F2CBF62516253A2681A
:1046680004EBC703B2F5004F10D35A68314642F045
:1046780001025A602046BDE8F840FFF701BE082352
:1046880098E76360002323604860D1E75A88314681
:1046980042F001025A802046BDE8F840FFF7F0BD1D
:1046A8004FF40E71064800F00BFC40F22321044839
:1046B80000F006FC40F21A21014800F001FC00BF9E
:1046C800E0B507002DE9F04F8946C2F3C20191B069
:1046D80001310491840702F004011A9D059140F00C
:1046E80019820646041D002800F0E981B9F1070F78
:1046F80040F2568102F002024FF0FF380792002282
:1047080001279B46019203EB080A069202920EB11A
:10471800C4F800B0049B002B40F3B581079B13B38A
:104728000122A11B8B08B1F5007F80F0FD81029961
:104738000F2900F2FE81002E00F0E2810299DBB21F
:104748004031694401F8203C01F8108C002A00F03F
:10475800B08163F07F0301F8203C019B0133019392
:10476800029B013302939AF8012004340AF1010AEA
:10477800002A4ED04FF0040CC6F108030393002121
:104788004FF6DA706346002900F047817A2A3BD851
:104798004B2A40F20E814C3A2E2A35D8DFE812F027
:1047A8003500340034003400340034003400340060
:1047B80034003400340034009F00340034003400E6
:1047C80034003400340034003400C40034009F0046
:1047D8009F00C400C400C40035009F0005013400D8
:1047E80035003400DE009F00DE0034003400F500A0
:1047F800F1009F00340034009F003400F100252AA6
:1048080040F0008108F1FF3800211AF8012F002A32
:10481800B9D1A11BB1F5806F5B46084680F08E8147
:10482800002E00F06781002535608D083570059DE4
:104838009DF81820002D40F001817270019AB27025
:10484800002A00F00181029A002A00F0AB800DF1E5
:10485800200A514602EB0A05C6F1010711F8012B9F
:10486800100607D53819484502F07F0200F29880F3
:1048780004F8012B8D42F1D1029FC6F1010857447B
:10488800BB461F46CDF80880A046059C0CAD019B91
:104898001BB19AF90020002A16DB002C00F0E880F2
:1048A8002A7808F8012B0022029B03EB0801114427
:1048B800494575D840469AF80030394600F8013B1A
:1048C80002EB000833F012FE0AF1010ADA4505F19D
:1048D8000105DCD14446A01B11B0BDE8F08F1AF8E1
:1048E800012C6C2A36D004EB0C02013AB2FBFCF224
:1048F8000CFB02FE002E00F0E08000210EEB03020C
:10490800921B91454CD3042B00F0FF80082B40F0FC
:1049180006810EF10804073525F00705F5E802239E
:10492800CEE90023082370E7073525F0070507348B
:1049380024F00704F5E8022336B1DDF80CC0A444DE
:10494800CC452DD8C4E900234FF0080C002163465C
:1049580008345AE71AF8023C6C2B7BD0033424F055
:10496800030E002E63D00EF10404A31B994517D340
:1049780000214FF0040C55F8043BCEF80030042316
:1049880043E74FF0040C63463FE7033424F0030485
:10499800002E00F0A980231D9B1B994580F0A48060
:1049A8006FF01B0011B0BDE8F08F4FF0080C6346A4
:1049B8002BE7472A3FF628AF292A7FF620AF2A3A65
:1049C800D2B207FA02F202427FF41FAF12F0625F1E
:1049D800AAD112F001013FF418AF04EB0C02013A1E
:1049E800B2FBFCF20CFB02FE002E87D1042B21D077
:1049F800082B40F09480073525F0070508350EF19F
:104A080008048FE73FF600AF202A3FF4FEAEA2F17C
:104A18002301B1FA81F14909F7E6252A7FF4F5AEB9
:104A28004FF0040C0121634608F10108EDE6314618
:104A38004FF0040C04350EF10404A0E7F270019A5B
:104A4800B270002A7FF4FFAE029A002A65D00DF1F9
:104A5800200A11E7073424F0070E002E40D00EF18B
:104A68000804A31B4B459BD800214FF0080C52E7C4
:104A78009AF8002056F8227046F82240384633F05B
:104A8800BDFD421C10E7304B9B4503D32F4B9B4584
:104A9800FFF444AE079AA11B8B08002A38D1029A6A
:104AA8000F2A46D88EB140326A4402F8203C02F8F8
:104AB800108C069B0133069352E6314696E709F0BF
:104AC80007094C44C9F1080914E6059B09F10209D4
:104AD800002B7FF445AE584633F090FD81443FE605
:104AE80031464FF0080C86E7049B55F804BB013BA0
:104AF80004930CE6A9F10800084411B0BDE8F08F52
:104B0800002AE2D009F101092AE60EF1040432E78D
:104B1800002208E66FF00D0044E7084642E740F23D
:104B2800C6210B4800F0CCF94FF41F71084800F07B
:104B3800C7F940F28121064800F0C2F940F2D221BB
:104B4800034800F0BDF900BFEC8B0700886A080035
:104B580004B6070053B32DE9F04799461C785D78F1
:104B6800DB78A40004EB430499F8023007461C44A0
:104B78000E4690464C447DB14FF0000A14F8013BB4
:104B88000AF1010A204649F8234033F037FD55451C
:104B980000F101000444F1D141463846B446D9F841
:104BA800042009F10803BDE8F04760476FF01500DD
:104BB800704700BF38B5F8B10446EFF311852023DC
:104BC80083F31288BFF36F8F144827F0C3FE00B336
:104BD800124827F0E5FE124B0FCB84E80F000F4870
:104BE80027F0C6FE80B185F31188BFF36F8F0D4B98
:104BF800A2689A4204D838BD6A210B4800F060F9CF
:104C08007021094800F05CF94FF49A71074800F0E8
:104C180057F98821054800F053F900BF80D50120D5
:104C280060C10120FFC99A3B48B607006CB607006F
:104C3800F0B5012805460C4685B005D0042839D0C2
:104C48006FF0150005B0F0BD28F02EFA2B4AC60B00
:104C5800C0F30E00A0FB0202C00B46EA414640EA40
:104C68004240C90BA060266061606846FFF7A2FF5A
:104C7800A068234B984236D8029F9F4238D82268B2
:104C8800009E63689219019E4FF00001734168BF4E
:104C98002946C4E9002309BB0744A760204600F061
:104CA800D9FAD8B1164BA2689A4214D9632115488B
:104CB80000F006F928F0F8F9104AC50BC0F30E0009
:104CC800A0FB0202C00B45EA414540EA4240C90B3D
:104CD800A06025606160002005B0F0BD0A4B0FCBD5
:104CE80084E80F00F7E740F2B911084800F0E8F847
:104CF8004FF4DD71054800F0E3F800BF00CA9A3BA5
:104D0800FFC99A3B48B60700A09507009CB6070064
:104D1800012861D1F0B50C4685B0002964D03C4F1C
:104D28008B68BB4255D8064628F0BEF903466D4647
:104D3800DFF8E0C0C3F30E02A2FB0C2CDB0B43EA46
:104D48004143D20B5B4242EA4C424FEAD13161EB1C
:104D580041015242284602920093019100F07AFAEA
:104D68000298B84245D8D4F808C0BC4537D8D4E929
:104D78000071009A019BD2194B414FF0000468BFA3
:104D88003446CDE90023ECB1EFF31186202383F3F9
:104D98001288BFF36F8F204827F0DCFD98B31F4CB3
:104DA8001D4827F0FDFD95E80F0084E80F001A481C
:104DB80027F0DEFD10B386F31188BFF36F8F002054
:104DC80005B0F0BD00EB0C032846029300F042FA50
:104DD800DAE76FF01500F3E76FF0150070474FF44E
:104DE800DD710F4800F06CF840F27D110C4800F0BE
:104DF80067F840F2B9110A4800F062F84FF49A7166
:104E0800084800F05DF88821064800F059F800BF0E
:104E1800FFC99A3B00CA9A3B80D5012060C1012096
:104E28009CB607006CB6070000207047014B1B6852
:104E3800184700BF00770120014B1860704700BF7A
:104E4800007701200FB44FF0020C002300B50A4987
:104E580087B008AA039152F8041B02A80293CDE96F
:104E680004338DF80AC001922DF010F907B05DF8EF
:104E780004EB04B0704700BF354E040080B505460A
:104E88000E4614461F4627F02BFA034633F040FE21
:104E9800214604463A46074F30463B51A847064B41
:104EA8001B7813B1E05906F0D3FB40F246310348B2
:104EB80000F006F80800000070E20120D0B60700F4
:104EC800002383F31188BFF36F8F0423184602DF92
:104ED800704700BF38B50D4604462022002133F044
:104EE80011FB0022EB68E361AB68A3612B682362C6
:104EF8006B68C4E909322A6923B1591E194208BFEF
:104F080042F0010222610122002104F12C0025F067
:104F180059FB00B938BD2F210148FFF7D1FF00BF69
:104F2800FCB60700044608B5EFF31183202383F38A
:104F38001288BFF36F8F1EF0DFFF204606F042FB9A
:104F48000248FFF77FFF06F0B9FCFCE724B707002B
:104F580070B50C4604F00105014605EB5400984273
:104F680057D86608002D44D1002E41D0013A01EBF4
:104F7800460E1CE0ACF1570C5FFA8CF31B01DBB258
:104F880053704C78A4F1300C5FFA8CFCBCF1090F1B
:104F980007D9A4F1610CBCF1050F1CD8573C5FFA86
:104FA80084FC02316344714502F8013F20D091F836
:104FB80000C0ACF13003DBB2092BDFD9ACF16103DF
:104FC800052BD7D9ACF14103052B22D8ACF1370C0E
:104FD8005FFA8CF3D2E7A4F14105052D19D8373CC7
:104FE8005FFA84FC02316344714502F8013FDED167
:104FF80070BD0C78A4F13003DBB2092B05D9A4F1FC
:105008006103052B07D8573CE3B202F8013B013195
:10501800AAE7002070BDA4F14103052BF9D8373C5D
:10502800E3B2F2E72DE9F04340F26C77D0E90412DD
:10503800D71901F101014FEAE27242F10002022997
:105048008CBF00230123FF1AC46862F10002002A02
:1050580004F1FF34C0F2AB803B0D43EA0233C3F3E3
:105068001303C7F313051D44D61705EB123506F0D5
:10507800210C05EB12756A4B6544A3FB05C3DB08DD
:1050880003EB830303EB830326F01706ED1A35447D
:10509800644E7B1B03FB06F662EBE572624D05FB73
:1050A8000266A3FB0535761900F1B580D0E9018EBB
:1050B8004FF03C0C02298CBF6FF00202092240F22B
:1050C8006D154FEAE879CEFB0C894FEA091C4FEAC7
:1050D800081EBEEB080E4CEA187C6CEB090C114458
:1050E8004FEA8C0C02684CEA9E7C50481B094FEA38
:1050F8008E0E43EA06731EEB020E4FEA261600FBDD
:1051080003704CEBE27CF700DA00D21847EA5377D9
:1051180046EB07073F0147EA12771201D21846EB20
:1051280007073F0147EA12771201D21A67EB060711
:105138003B4E01EBC101A6FB0036830805FB00339B
:1051480001EB01113A480231A0FB01012344A3EB12
:10515800561303EB91039001B901801A41EA926159
:1051680061EB070233491B1842F100025B1862F138
:105178000002D91842EB0200CB1842EB00021001E2
:10518800190140EA1370CB1A60EB020001011A0101
:1051980041EA1371D31A61EB0001C901D80110EB80
:1051A8000E0041EA53614CEB0101BDE8F0836FF456
:1051B800C773FB1862F100024FEA135E4EEA023E23
:1051C800CEF31308C3F3130EC6440EEB123E4FEA98
:1051D800E27808F021090EEB127E114DCE44A5FBB2
:1051E8000E95ED0805EB850505EB850528F01708F4
:1051F800AEEB050545440B4E5B1B03FB06F6DFF8DB
:1052080028C062EBE5720CFB0266A3FB0C3C16EBB4
:105218000C067FF54BAF0F3346F1000646E700BF9B
:105228001F85EB51F5285C8F295C8FC270FEFFFF4C
:10523800CDCCCCCC9405F5FFD0B5FFF7F3FE0646F0
:1052480033F066FC00240346014A30469C50D0BD2A
:105258000C00000038B5002849D08368264A9342DC
:1052680003DC002B29DB012038BD2449446881FB7D
:10527800032102684FEAE37C012ACCEB217C74F11C
:1052880000014FEAEC7E07DB6FF00041D543091BB4
:10529800654571EB0E0128DB12EB0C01184A4EEB49
:1052A800040402FB0C33144AC0E9001493428360DF
:1052B800D9D9F0211348FFF703FE1349D21A520A2D
:1052C800A1FB0212D0E90014002C4FEAD21206DB2F
:1052D8000E4D891A05FB023364F10004E3E704F17B
:1052E8000045914275F10005F2DA002038BDC92168
:1052F8000448FFF7E5FD00BFFFC99A3BA12FB8445A
:10530800003665C450B70700834B040000CA9A3BB7
:10531800F8B500F0D7F8002301220A4C0A490B4FD0
:105328000B4E0C4DC0E90434DFF82CC0026042601B
:105338003B6033602B608360C3600A60CCF8002058
:10534800F8BD00BF20BD0700207701208CD50120C3
:1053580088D5012084D501201C7701202DE9F0474C
:1053680007468846164600F0ADF8C36804461BB9E0
:1053780043691A78002A38D100236268E360BA4288
:1053880058F8223072DA591C616193F800A0BAF11A
:105398002D0F6BD19D1C656193F80190B9F12D0F0C
:1053A800C4F8089035D0B9F1000F24D1344D5146D6
:1053B8003046656133F054F900285DD0C4F808A080
:1053C8002D21304633F04CF9E0B143783A2B2DD0FB
:1053D800002323612B7813B9636801336360204687
:1053E80000F050F8A068BDE8F0875D1C456193F8AF
:1053F8000090C0F808904946304633F031F9B9F1C9
:105408003A0FE1D12B7803B3204600F03BF83F2058
:10541800E9E79B78002BD3D1194B01322046626013
:10542800636100F02FF84FF0FF30DCE72A786368FB
:105438002AB901339F4263600BDD58F82350104AA4
:105448000133C4E904526360C9E7636801336360E8
:10545800DAE70B4B2046636135783A2D02D000F02D
:1054680011F8D4E700F00EF82846BCE7044B2046B4
:10547800636100F007F8D6E7204600F003F8D2E7AA
:1054880020BD070070B4D0F800C0094E094DC6F819
:1054980000C04668084C2E6008498568084A25609F
:1054A800D0E903430C60136070BC07F09BB800BFE1
:1054B800207701201C7701208CD5012088D5012078
:1054C80084D5012000487047047701202DE9F04F6A
:1054D8001446828B834612F0080C83B040F0498151
:1054E80002F0070002290746CDF804C080B253D065
:1054F800DBF81860002EC0F2DD80411F012940F260
:105508000081042840F04A8122F00702DBF80050AD
:1055180092B2ABF81C20002D00F0338142F020023B
:10552800ABF81C2057B30025DBF80870A846AA463C
:10553800002F50D1002D4FD1BAF1000F1ED02F46A9
:105548004AE0BAF1000F02D05846A649D047EFF317
:105558001184202282F31288BFF36F8F484627F008
:10556800F9F9002800F01181484627F019FABBF82C
:105578001C2022F0080292B2ABF81C20D1064DD5AF
:10558800012122F0100292B202F007000229074618
:10559800ABF81C2080B2ABD100285ED1DBF800103C
:1055A80000297AD0002F40F00381DBF81010D1F8E1
:1055B80000A0BAF1000F00F0F6803D464FF0060853
:1055C8003E4622F0070242F00602ABF81C20DBF848
:1055D8000870002FAED0012742F008020BF1140921
:1055E8004846ABF81C2027F0C3F9002800F0D1800A
:1055F80084F31188BFF36F8FBFB9002DA1D028465F
:10560800314650F8047B00F0D3F9044618B3294614
:10561800334642465846A0473D46EEE793063CD5FA
:1056280022F02002022192B2AEE7DBF8081000292E
:10563800E3D00C683346424658464F68B847002CBA
:10564800DBD0214624683346424658464F68B8475F
:10565800002CF6D1D1E73D46CFE702281AD0012821
:105668001BD1DBF80010C1B1012F40F0B580DBF889
:105678001010D1F808A0BAF1000F00F0A88000259A
:1056880022F0070242F005024FF005082E46ABF85B
:105698001C209CE7BBF81E5005B30BF1140027F043
:1056A80067F9002875D084F31188BFF36F8F03B0B2
:1056B800BDE8F08F4FF00108019B22F0070242F08D
:1056C8000102DBF80050CBF80430ABF81C20CBF813
:1056D8000030474527D04FF0000A78E7022F71D1F4
:1056E800DBF81010D1F804A0BAF1000F65D022F051
:1056F800070242F004024FF004082E46ABF81C20C3
:1057080065E7019B0628DBF80050CBF80430CBF89E
:1057180000300FD04FF0000822F0070292B2474540
:10572800ABF81C20D7D1002D3FF428AF4FF0000A6A
:10573800574651E74DB12846BBF81E10013189B2D2
:10574800ABF81E1000680028F8D122F00701BBF85A
:105758001E0041F00202ABF81C2089B210B14FF0D4
:105768000208B6E741F022024FF00208ABF81C200D
:10577800AFE701290CBF42F0100242F020028283F9
:105788008BE7002F7FF4D0AEF8E688211648FFF7A4
:1057980097FB4FF49A711448FFF792FB40F21B11E4
:1057A8001248FFF78DFB4FF4AD711048FFF788FBE7
:1057B8004FF4AB710D48FFF783FB40F261110B48C2
:1057C800FFF77EFB40F25D110848FFF779FB4FF4C5
:1057D800B4710648FFF774FB4FF4B2710348FFF742
:1057E8006FFB00BFF95704006CB6070084B70700C9
:1057F800F8B504460D4600F11406EFF3118720238F
:1058080083F31288BFF36F8F304627F0A3F850B1A7
:10581800304627F0C5F8A5613A462046BDE8F8406D
:105828000121FFF753BE88210148FFF749FB00BF5C
:105838006CB6070088B138B50C4659B10B684BB146
:105848004B683BB105462022002132F05BFE2C61FB
:10585800002038BD6FF0150038BD6FF01500704797
:105868002DE9F84F002878D00D46002975D001F1B0
:10587800040A0446504600F085F8061E26D1AB6897
:10588800032B6AD804F11409EFF3118B202383F357
:105898001288BFF36F8F484627F05CF880460028CF
:1058A80062D0484627F07CF84FF6FF72E38BA78B4F
:1058B800934207F007073ED0022F38D0062F47D86B
:1058C800DFE807F00841464608190800DADA3046EA
:1058D800BDE8F88F00232B6063688BB31D6065609B
:1058E800002F3DD13E4620465A460221FFF7EEFDE5
:1058F8003046BDE8F88F6FF085064FF0000848463F
:1059080027F036F8A0B38BF31188BFF36F8FB8F187
:10591800000FDCD05046002100F04AF880460028ED
:10592800D5D03A46294620460023C047CFE7013361
:105938003E46E383E3E76FF00A064FF00008DEE730
:1059480025606560CCE76FF004064FF00008D6E7E5
:105958004FF4E4710948FFF7B3FA6FF01506B6E79C
:105968003E464FF00008CAE788210548FFF7A8FA25
:105978004FF49A710248FFF7A3FA00BF84B70700F3
:105988006CB60700034640B1426802F00302022ADF
:1059980006D0032A04D0012A05D06FF015007047FD
:1059A8001A68002AF9D0002210469A60704700BF92
:1059B80008B54268034602F00302022A816007D054
:1059C800032A10D0012A0BD045210948FFF778FA9D
:1059D800006800225A6008B127F0A2FF002008BD25
:1059E80000224260FAE7006800225A6008BD00BF42
:1059F800ACB7070010B50446B1F800E08888AEEBF4
:105A0800000E20691FFA8EFE86451FFA80FC24BF0F
:105A1800AEEB0C0E1FFA8EFEACEB0E0C1FFA8CF0E0
:105A2800984228BF18462368734413600B880344C0
:105A38000B8010BD4B88B1F800C0ACEB030C1FFA0B
:105A48008CFC944515D34FF0000C00B51A4492B263
:105A580062F30F0C62F31F4CB1F804E0C1F800C008
:105A6800A2EB0E0302699BB2934205D200205DF8B7
:105A780004FB6FF0150070479644A1F804E0F5E7C1
:105A88002DE9F041002705468846164607E04146BD
:105A9800224632F02BFD361B2744A04435D0AA8875
:105AA800AB892869D31A9BB2C31AB34228BF3346BD
:105AB800298984B2511A89B288429CBF091B89B2CC
:105AC800641AA4B29C4228BF1C462868224492B299
:105AD8000844AA80002CDAD1EB88D21A92B29742F5
:105AE80019D8002128893B449BB21A1A2C6992B212
:105AF800A24263F30F0128BF001963F31F4128BFB7
:105B0800288169603846BDE8F081AA88EB88D21AF6
:105B180092B29742E5D948210148FFF7D1F900BF71
:105B2800D4B707002DE9F0414FF0000805460F46AD
:105B3800164643890AE037B138462246614432F0B6
:105B4800D5FC6B892744361BA0441AD0EA88E9891A
:105B5800D21A92B2B24228BF32462869591A89B27B
:105B6800814284B224BF091B89B2641AA4B2944248
:105B780028BF144623449BB2D5F800C06B81002C83
:105B8800D9D1AA899B1A9BB2984515D80021E889D2
:105B980002EB08039BB21A1A2C6992B2A24263F371
:105BA8000F0128BF001963F31F4128BFE881C5F81A
:105BB8000A104046BDE8F08163210148FFF780F9EB
:105BC800D4B70700704700BF002070471EF072B9B5
:105BD8002DE9F04F4A4FDFF82CB183B0A7EB0B0447
:105BE8008F2CCDE9001000F2858047494FEA141840
:105BF800D1E8EF4F601CC1E8E50F002DF8D1002C6B
:105C08003AD1BB4571D837D2013FA7EB0B072646DF
:105C18004FF0010A3F090BF1100508E0464564D032
:105C2800B74206F1010205F1100523D0164615F812
:105C3800042C002AF2D055F8102CA5F11009D268CE
:105C48000AB14846904755F80C2C82F806A055F83A
:105C5800102C126932B14846904718B10AFA06F278
:105C68001443DBE755F80C2C48461168042200F071
:105C780027F9D3E7019B13B903B0BDE8F08F002CD7
:105C8800FAD04FF00108274694FAA4F2B2FA82F249
:105C98000BEB021999F80C0008FA02F1CE4324EA3A
:105CA8000104150138B9002CEED1009BBBB9002FB7
:105CB800E2D03C46E7E75BF8052012691AB148468E
:105CC80090470028EFD10BEB0502516848460422A3
:105CD8000968374000F0F4F8002CD5D1E5E7002139
:105CE8004FF4A47026F078FAE1E74FF4AC71074856
:105CF800FFF7E6F84FF4A6710448FFF7E1F800BF94
:105D0800809107006091070098D5012000B807002E
:105D1800002108B50846FFF75BFF002008BD00BF5B
:105D2800014B53F82000704730B8070038B50024FD
:105D38001848194D194B1A491A4A05604FF4004082
:105D48001C60194D0C70146000F0DCFB174B9D4271
:105D58001AD818D203F1FF3CACEB050C5B1B2246AA
:105D680029461C094FEA1C1C00E01A464B1B4868D0
:105D78001B1101339442037101F1100104D06245F3
:105D880002F10103F1D138BD40F227110848FFF7AD
:105D980097F800BF24770120D55B040094D5012033
:105DA80067E2012090D501206091070080910700EB
:105DB80000B807002DE9F041184F3C780CB1BDE858
:105DC800F081174D174E21460120FFF701FFB5421C
:105DD8001FD81AD206F1FF38A8EB0508761B4FEA40
:105DE8001818360908E0B44205F1100511D04445E9
:105DF80004F1010309D01C466B685B79002BF2D0D3
:105E08002B6828469B689847EDE701233B70BDE85F
:105E1800F08140F2C5110448FFF752F867E201200B
:105E2800609107008091070000B80700704700BF25
:105E38002DE9F041164B07461B689847154D164E3D
:105E4800B860B5421FD81CD206F1FF38A8EB050888
:105E5800761B00244FEA1818360908E0B44205F109
:105E6800100510D0444504F101030AD01C466B68A4
:105E78005B79002BF2D02B68394628461B68984777
:105E8800ECE7BDE8F0814FF400710448FFF718F81B
:105E980024770120609107008091070000B807006F
:105EA80000207047044A054B9B1AB1EBD30F34BF4F
:105EB80052F8310000207047989007006091070061
:105EC8004FF0010C4368DA7143681960436883F83E
:105ED80005C0FFF7ABBF00BF08B518B10022436883
:105EE8005A7108BD40F235110148FEF7E9FF00BFBD
:105EF80044B807002DE9F04F89B004AFD7F84080C7
:105F080004468A4616469946BD6BD7F844B0B8F1A0
:105F1800000F45D0CDF800B0102143460020FA6BA1
:105F2800C7F80CB0FEF7CEFB011E65DBB1F5006FBC
:105F38004CDA05F117020A4422F00702ADEB020D14
:105F4800CDF800B00DF1200B4346FA6B5846796046
:105F5800C1F30A08FEF7B6FBC5F30B020028154685
:105F680004F0070406F0070604AB40DBB9F1000FA4
:105F780006D07868494658443B6032F0B7FA3B6827
:105F8800E40044EA861444EA482444EA05541846DE
:105F9800C3E9004AFFF74CFF1437BD46BDE8F08F50
:105FA80005F1170323F00703ADEB030D02F0070615
:105FB800C5F30B02154600F0070404AB0DF1200BE6
:105FC800C7F80480B9F1000FD3D1D9E7002340F214
:105FD800FF740C4802220290CDE9003318460A49A2
:105FE800039400F015F81437BD46BDE8F08F4FF460
:105FF800C4710648FEF764FF40F265110348FEF7D6
:106008005FFF00BFB4B80700C090070088B807005A
:10601800002300B587B0DDF828C00BA803900590D1
:1060280002221846CDE90033CDF808C0FFF762FF19
:1060380007B05DF804FB00BF406820B1034BC01AED
:1060480040F3CF0070474FF0FF307047989007003B
:1060580002460B4600B583B08DF807200121D3E92D
:1060680000320DF1070052689847002003B05DF830
:1060780004FB00BF70B50A2805460C4682B00CD058
:106088000DF1070662688DF8075030460121236834
:1060980052689847002002B070BD0D2163680DF169
:1060A80007065A6830468DF807102368012198477B
:1060B800E8E700BF0EB400B582B003AB53F8042B79
:1060C80001460448019305F019FF02B05DF804EB9E
:1060D80003B07047596004002DE9F04F89B09DF86E
:1060E8004C8004461E46159FB8F1000F40F0DB8037
:1060F800012E149B28D0002B00F0C080C346B34863
:106108002246149BB249FEF725FD0028C0F2B28151
:10611800169B13BBB8F1000F40F09F80D4E90083B1
:106128001D68A6685F6855B13B46474698463046A5
:1061380029464246B8472D1A0644F8D1636800221A
:106148001A6009B0BDE8F08F002B00F09780C346B5
:10615800EAE0169B002B00F08380DA46179BDFF8F5
:10616800749203F01003CDE905389B4E169D059BEC
:10617800102D28BF10253BB9179B990640F18E803A
:1061880020469649FFF796FFBAF1000FC8BF4FF0B7
:10619800000807DD3146204608F10108FFF78AFFAD
:1061A800D045F7D120468E493A78FFF783FF4FF064
:1061B800010BDFF830820AE05D4511D841462046E0
:1061C8000BF1010BFFF776FFBBF1100F13D01BF09B
:1061D800070FF1D131462046FFF76CFF5D45EDD939
:1061E80017F80B2020467E490BF1010BFFF762FFE1
:1061F800BBF1100FEBD120467B49FFF75BFF4FF057
:10620800000B3A46DFF8E4811278414619F802306B
:10621800204613F0970F08BF2E220BF1010BFFF752
:1062280049FFBBF1100F0DD01BF0070F2DD05D45B6
:1062380031D8314620460BF1010BFFF73BFFBBF18C
:10624800100FF1D1169B2F445B1B16938ED1DDF8EE
:106258001880B8F1000F3FF461AF179B03F00105F8
:10626800002D63D1179BDA063FF558AF9B062046F1
:106278004CBF5A495E49FFF71DFF4FE7169B002B9D
:106288003FF44CAF4FF0000A68E731462046FFF76D
:1062980011FF5D45CDD907EB0B02B5E72046544900
:1062A800FFF708FF70E7B8F1040F00F2E8809246A4
:1062B8008946FFF7F5FD179A179B02F0010502F0D2
:1062C80008020592179A03F0020302F480720692FC
:1062D8000246002830D0204646490793FFF7EAFED9
:1062E800079B83465BBB55B1434B204653F8282098
:1062F800424B4349002A08BF1A46FFF7DBFE069BBC
:10630800002B00F08D80059B002B40F0A080BAF197
:10631800000F05D0524620463A49FFF7CBFE83448A
:10632800149B002B3FF415AF3748E9E62046334A63
:106338003349FFF7BFFE95E78346002BD3D0179B61
:1063480013F0440F00F08D80304BD3F800E0BEF11D
:10635800000FC8D02E4B2F4A1B682046B9FBF3F319
:10636800B3FBFEFCA2FB0C924FF47A790EFB1C33B4
:1063780009FB03F307934FF461634FEAD22903FB48
:1063880019C9254B2549A3FB09C3DDF81CC05B09C6
:10639800BCFBFEFCCDF804C0C3EB031CA9EB8C0CC2
:1063A800CDF800C0DDF80490DDF81CC0D20A0EFB61
:1063B80019CC4FF47A7909FB0CFCBCFBFEFCCDF838
:1063C80008C0FFF777FE83448DE700BF7D600400B7
:1063D80005BF040076690800641E0800A0180800BC
:1063E80064B9070070B9070074B9070054CA0700F8
:1063F8006CB9070024B9070098B90700ECB8070082
:10640800D89D070050B9070059600400A0D50120A5
:106418009CD50120C5B3A2918988888834B9070022
:10642800059BABB9DDF81490BAF1000F05D05246C0
:1064380020461549FFF73EFE8144CEB1324620463C
:106448001249FFF737FE00EB09039B4468E7002673
:106458000F4B204653F828200E49FFF72BFE8146A4
:10646800E2E74A4620460C49FFF724FE83443AE710
:10647800CB4455E740F2A7210848FEF721FD40F23A
:106488004D210648FEF71CFD50B907005CB907000E
:10649800ACB9070054B9070028B90700F4B80700D9
:1064A8002DE9F0430546087887B0C0F3C2090846CD
:1064B8000E880C468F689046FFF7BEFD011EC6F396
:1064C80082161ADA0023002239462846678854F8CB
:1064D800105BC7F30B17C5F34A2C944504EB0C0566
:1064E80008BF1446CDE904780196039500920294FA
:1064F800FFF7F2FD07B0BDE8F0834846FFF7D2FC8E
:106508000346E0E70A4A904288BF012309D94008B8
:1065180090424FEA4303FAD8064A1360064B1860C4
:1065280070470122034B1A60034B1860704700BF85
:1065380040420F009CD50120A0D501202DE9F04153
:10654800884659B1074E4518B768441E013D14F8EE
:10655800011F30467B689847AC42F8D14046BDE8F9
:10656800F08100BF148D070003465B6800201B689C
:106578005B689961704700BF01212DE9F0414368CC
:106588001B685A681177D3F80080D8E900731C6833
:10659800D8F808505E6844B1284621463246B847C4
:1065A800241A0544F8D1D8F8043000221A60BDE84E
:1065B800F08100BF70B543680C461D686B68986928
:1065C800FFF7AEFB214603460F222868BDE870405E
:1065D800184700BF10B543681C68064822F004FF3E
:1065E80018B123685B685C6010BD99210248FEF70A
:1065F80067FC00BF148D0700C0B907000346024AB4
:1066080000201A60704700BF54BA070010B504464E
:106618001DF050FC03490246204602F093F9002081
:1066280010BD00BF80BA070030B5154603460024E8
:1066380083B068680A2101AA01941D4602F05AFF36
:10664800019C9CB94FF40045214640F2E73220EA0C
:10665800E073C3FB0521002310464FF47A722BF038
:106668003FFA25F0B9FD204603B030BD2246284642
:10667800034902F0A9F9019C204603B030BD00BFD0
:10668800B0BA070008B5034A034902F05BF90020D5
:1066980008BD00BFA8BB0700B0BB0700012008B5B4
:1066A800FEF740FC002008B5FEF73CFC0B6883426F
:1066B80004BF01230B7170470246002300B583B065
:1066C8006946054800928DF8043026F011FA9DF8C5
:1066D800040003B05DF804FBB566040010B5044679
:1066E8001DF0BEFB07490246204602F02BF9204662
:1066F800054902F027F92146044826F0FDF9002053
:1067080010BD00BF74BC070094BC070019670400E3
:10671800F0B58FB004460E46D0F8AC7024F066FD94
:10672800294B1B78002B49D00546284B32F0F0F94D
:10673800002D08BF1D46DFF898E0DFF898C05EF826
:106748000000254A2346844208BF62462349304652
:10675800009502F0F7F8D4E90A23CDE90023304682
:1067680094F90E30227B1E4902F0ECF806A920228B
:10677800204624F03DFD636F02461A49304602F078
:10678800E1F8204605A924F05DFE80B96425059B43
:106798003046FC1ACDE9004705FB04F4B4FBF7F4D6
:1067A8003A461149029402F0CDF80FB0F0BD024606
:1067B8000E49304602F0C6F80FB0F0BD40F246313F
:1067C8000B48FEF77DFB00BF70E20120A0BC07006C
:1067D8000800000028D60700641E0800A4BC0700B3
:1067E800B0BC0700DCBC070024BD0700F4BC0700F0
:1067F800D0B6070030B505464FF02033002291B0DF
:1068080029461948CDE90E22CDE90933CDE90B33E4
:106818000893ADF838300D9326F06EF94FF4006107
:10682800124807AA24F0FEFDC8B94FF400614FF0E2
:10683800640C044608AB0093079B2846CA1A0392C7
:106848000CFB02F2D20A02930491019105922346AD
:10685800064A074902F076F8204611B030BD5021AB
:106868000448FEF72DFB00BF81680400783302203E
:10687800C4BD07007CBD0700F0B5054689B00E46CB
:10688800D0F8AC7007A924F0DDFDD0B9284624F073
:10689800ADFC6421079C034601943C1B029401FB58
:1068A80004F4B4FBF7F40A492A46002B08BF0B4648
:1068B8003046084903970097049402F043F809B05A
:1068C800F0BD02460449304602F03CF809B0F0BD7C
:1068D800A0BC070010BE0700F4BC070038B514467A
:1068E80005461022606800212BF04AFA0446FFF79B
:1068F800E3FE90B1124B1B78E3B132F009F9114B6A
:106908001B589C4211D0204624F0F4FE284622460B
:106918000D4902F017F8002038BD224628460B49D9
:1069280002F052F86FF0150038BD2846084902F009
:106938004BF8F7E740F246310648FEF7C1FA00BFC8
:1069480070E2012008000000BCBE070078BE070006
:1069580094BE0700D0B6070038B514460546102285
:10696800606800212BF00CFA0446FFF7A5FE90B1F1
:10697800124B1B78E3B132F0CBF8114B1B589C42F9
:1069880011D0204625F0F2F9284622460D4901F09B
:10699800D9FF002038BD224628460B4902F014F8DA
:1069A8006FF0150038BD2846084902F00DF8F7E7E2
:1069B80040F246310648FEF783FA00BF70E2012034
:1069C8000800000028BF070078BE070000BF0700C6
:1069D800D0B6070038B51446054610226068002175
:1069E8002BF0CEF90446FFF767FE90B1124B1B78E7
:1069F800E3B132F08DF8114B1B589C4211D0204660
:106A080004F026FE284622460D4901F09BFF00208F
:106A180038BD224628460B4901F0D6FF6FF0150015
:106A280038BD2846084901F0CFFFF7E740F2463164
:106A38000648FEF745FA00BF70E201200800000092
:106A480090BF070078BE070068BF0700D0B60700F0
:106A580010B50C46002102F0CBFC00B10068002301
:106A6800024AC4E90233C4E9000210BDCCBF0700E2
:106A780010B50C46002102F0BFFC00B100680023ED
:106A8800024AC4E90233C4E9000210BDCCBF0700C2
:106A980070B506465068144602F0B2FCF0B10546DF
:106AA80022F0A2FCA0B9284622F06CFC054638B9B1
:106AB800304662680D4901F035FF0025284670BD53
:106AC8000346626830460A4901F07EFF284670BDD9
:106AD80030466268074901F025FFEEE730466268F4
:106AE800054901F071FF6FF01205E7E740C00700A4
:106AF80010C00700ECBF0700D4BF07002DE9F04F16
:106B080091B0054603A88946019222F061FC039BD7
:106B1800082103EB40182E4A284601F0F5FE039C95
:106B2800A04535D9DFF8ACA026680EB1337833B963
:106B380023463021284A04A82BF080F804AEB9F186
:106B4800020F05D1019B3046596831F0DAFDE0B1FA
:106B5800334608212846214A01F0D6FE204622F075
:106B680043FC06461E4B0821002E08BF5346284604
:106B78001C4A01F0C9FEE3693BB1D3F800B0BBF190
:106B8800000F02D0DBF8002032B92034A045CBD862
:106B9800002011B0BDE8F08F134A0821284601F003
:106BA800B3FEDBF800206AB15F46002657F8043FC1
:106BB800082128460D4A01F0A7FEDBF8003001360F
:106BC800B342F3D808212846094A01F09DFEDCE7C4
:106BD80078C007006CC0070084C007008CC007009D
:106BE80064C0070094C007009CC00700C0070800E5
:106BF800A0180800F0B5137814463A2B06460D463F
:106C080083B015D1013401AF23783A2B28D1013450
:106C18000A22394620462BF03DF8019A0346A24243
:106C280028601AD01078C0B93C2B2ED803B0F0BD1C
:106C380001AF0A22394620462BF02CF8019BA860A8
:106C4800A3420AD01A783A2A07D1172898BF5C1CA1
:106C5800DAD930460F4901F0B7FE6FF01500E5E7C5
:106C68000A22394620462BF015F8019B6860A3429A
:106C7800F3D01A783A2AF0D13B2898BF5C1CC7D9C0
:106C88003046054901F0A0FEE7E73046034901F028
:106C98009BFEE2E790C10700A0C10700B0C1070052
:106CA8002DE9F0410D4694B006A904460120164688
:106CB800FDF7BEFF0BA906A82AF01CFF032D31D053
:106CC800022D65D1204672680BA9FFF793FF0028B3
:106CD8005ED10BA8FEF7B0FAB1F1FF3F08BFB0F1E3
:106CE800FF3FCDE906015FD000230893012006A9E4
:106CF800FEF70EF80546002850D1DDE90F320B9952
:106D0800204603910C99013302910D9902F26C729D
:106D180001910E9900912C4901F014FE284614B0F7
:106D2800BDE8F08175680A22284605A92AF0B2FF55
:106D3800059B80469D422BD01A782D2A28D15D1CB0
:106D48000A22284605A92AF0A5FF059FBD421FD0A3
:106D58003A782D2A1CD1451E0B2D2AD801370A2234
:106D6800384605A92AF096FF059B9F4210D01B784C
:106D780073B9431E1E2B21D8CDE90E05A8F26C73FA
:106D88002046B2680BA91093FFF734FF0028A0D063
:106D9800204601F0A5FF6FF01505BFE702460B4935
:106DA800204601F011FEF6E72046094901F00CFEE5
:106DB800F1E72046074901F007FEE9E720460649C2
:106DC80001F002FEE4E700BF24C207000CC207007E
:106DD800E0C10700C0C10700D0C1070010B50446D4
:106DE80092B004A90120FDF723FF09A904A82AF0FD
:106DF80081FEDDE90D32DDE909010133CDE902103B
:106E0800DDE90B0102F26C72CDE90010204603495E
:106E180001F098FD002012B010BD00BF24C2070089
:106E28002DE9F04115460E461022002104466868F7
:106E38002AF0A6FF022E07460DD820222046274911
:106E480001F080FD3A6800232046254901F07AFDCB
:106E58000020BDE8F0810A220021A8682AF090FFEE
:106E680080465FFA88F8204642461C4901F06AFDD0
:106E7800032E24D01022E86800212AF0E7FF0546F7
:106E88000B4620462A46174901F05CFDB8F1100F61
:106E98000DD0B8F1200F10D0B8F1080F0AD0204655
:106EA800114901F04FFD6FF01500BDE8F081ADB25A
:106EB8003D80CDE7EDB23D70CAE73D60C8E7B8F167
:106EC800100F08D0B8F1200FBCD0B8F1080FE6D1E8
:106ED8003A78D2B2B7E73A8892B2B4E7D4C2070098
:106EE80004C3070018C30700ECC207002DE9F04FE0
:106EF800002301254FF0FF36554C87B025608246A8
:106F08000D46144601934FF02008FEF701FAB146EA
:106F1800504F3A4621462846FEF720FA421C43D0F5
:106F280073282ED0772819D0612804D06FF0150067
:106F380007B0BDE8F08FDFF820B11021DBF80000C2
:106F480001AA02F0D7FA019B0646002BE1D0504671
:106F5800DBF80020414901F037FDE7E7DFF8F8B03A
:106F68000021DBF8000001AA02F0C4FA019B804668
:106F7800002BCED05046DBF80020394901F024FD23
:106F8800D4E7DFF8D4B00021DBF8000001AA02F052
:106F9800B1FA019B8146002BBBD05046DBF800209C
:106FA800304901F011FDC1E7731C4CD0B9F1FF3F26
:106FB80044D05FFA88F4C8F3C408B9F1000F2ED0A2
:106FC800A8EB0605C84519D8B8F1100F16D83246EF
:106FD80002AB102C08D0202C26D0082C21D05046EB
:106FE800214901F0AFFCA1E7118889B21970090A9B
:106FF80059704244511910294344EAD94F46102F79
:1070080028BF1027314650463B4602AA01F0ECFC47
:10701800B9EB0709A5F1100506F11006D2D1002039
:1070280086E711781970E4E71168080C19709870F0
:10703800C1F30721000A5970D870DAE750460B49A6
:1070480001F0C2FC72E75046094901F0BDFC6DE74A
:107058001C7701206CC3070084D5012030C30700CA
:1070680058C3070044C30700ECC2070094C30700D5
:1070780074C307002DE9F04700239246384F394C76
:10708800394A012906462360DAF804003B70136088
:107098003AD90C4655464FF00108DFF8D09012E077
:1070A80043782D2B15D18378002B0CBF0246421C48
:1070B80013782D2B11D15378652B0ED1013C012C5F
:1070C80087F800801DD0AA4655F8040F03782D2BA9
:1070D800E6D0024613782D2BEDD013782D2B04D152
:1070E80053782D2B01D193787BB313782D2B0BD1AB
:1070F80053784BB149463046013C01F023FC012C42
:10710800E1D1DAF80800AA46002211462AF038FE32
:1071180000220146164BDAF80400196011462AF0DD
:107128002FFE144C144B277818609FB90125304660
:107138001249257001F006FC3A4630461049257080
:1071480001F0F6FD0020BDE8F087DAF808000AF142
:10715800040AD9E730460B4901F036FCF2E700BFD4
:107168006AE20120D8D50120DCD50120B0C3070090
:10717800E4D5012068E20120E0D5012004C407001D
:1071880091710400C8C30700002A00F092800A44E5
:107198002DE9F04781464B4E4B4DDFF83081DFF843
:1071A80030A14C1E571E0DE009282B68327001D9FA
:1071B800052903D808F8032001332B60022B46D099
:1071C800BC4242D0337814F8012F182B22F0200348
:1071D800A2F13000A3F14101E6D1112AE4D1002344
:1071E8003C4C3D4D484622683C49337001F0AAFBAF
:1071F8002B7883F001032B70002B3CD100224846EA
:10720800114601F095FD364B1B78F3B92168042926
:1072180013DD344E4D1F3368AD08681C03EB800046
:107228001A6812BA43F8042B8342F9D1C5EB857565
:10723800043901EB85013360216011F0030221D18B
:10724800284B1A6813681BBA1360BDE8F087102230
:10725800002140462AF094FD4FF0000C1D49DAF851
:1072680000300A6803F8010B01320A60CAF80030DE
:10727800C5F800C0A4E748461B4901F063FB012399
:107288002B70BBE74B4203F0030358BF5A42022A54
:1072980010D0032AD9D1134B186802681104C2F31D
:1072A800074301F47F010B4302F47F421343036059
:1072B800CBE770470B4B1A6813885BBA9BB2136015
:1072C800C3E700BF69E20120D8D50120D4D5012049
:1072D800E4D50120DCD5012068E2012030C4070094
:1072E8006AE20120E0D5012004C4070010B5406817
:1072F8001C462430FEF716FC03462360002010BD10
:107308002DE9F84346689946337BB3B190465AB1A4
:107318000D46531E4C1E1D44306814F8011F876823
:107328007F68B847AC42F7D1C9F800800120D6E998
:10733800013198470020BDE8F88306F11000FEF7F8
:107348009FFB012106F1B803C9F80000D3E8EF2F2D
:10735800C3E8E01F0028F9D1002AEBD13068836820
:107368005B69002BE6D098470020BDE8F88300BF92
:1073780010B582B0094822F037F858B10424084AF9
:107388000123126805490748009401F00BFC00200E
:1073980002B010BD6FF01200FAE700BF148D0700AD
:1073A80044C607008091070003785B0701D50020D9
:1073B800704703684288C3F34A2000EB1210173065
:1073C80020F0070080087047002310B5064C86B0EF
:1073D8000BA8CDE90240059002221846CDE90033FA
:1073E800FEF788FD06B010BDF4C50700F8B54027C4
:1073F800002408264568C5E90012AB604268D31925
:10740800536202F13803C2E90A44C2E90434C2E90A
:1074180006441568576314631662C2F8B840AB682F
:1074280023B11B6C13B1284604499847AB681B6A03
:107438000BB1284698470020F8BD00BF49740400E6
:107448002DE9F04705460C4686B08368DA6B0AB129
:107458009047AB68DB6A1BB128469847002844D0A0
:107468004FF0000804F1240604F12807218E238D2B
:10747800626B5B1A9BB2D31A934228BF13463946F4
:10748800304605AAFEF7B6FA8146B0B1AB68059951
:107498001B69002B69D00246284698478246002877
:1074A8004FD0524639463046FEF7C4FA00284FD12D
:1074B800CA454FF00108D9D013E0314E03460222E5
:1074C800CDE901062F490090FFF77EFFAB681B69E5
:1074D80023B1012228460DF113019847B8F1000F96
:1074E80003D0D4E9013100209847AB68DB6913B1B8
:1074F8002846984710B3618BE38A226A5B1A9BB2CD
:10750800934204F1100604F11A0728BF13463946BE
:1075180005AA3046FEF76EFA0246E8B1AB6805994F
:10752800DB682BB328469847024639463046FEF7B3
:1075380081FA00BBD4E901310120984706B0BDE8C3
:10754800F087024639463046FEF774FA0028C5D05F
:107558006F210D48FDF7B4FCAB689B690BB1284659
:1075680098470023C4F8B830E4E76FF0570A98E763
:107578006FF05702D9E7BB210348FDF7A1FC00BF14
:10758800F4C50700189107000CC6070010B540683D
:1075980050F8804B25F0E2FDA3689B690BB12046AB
:1075A8009847A3685B6A0BB120469847002010BD36
:1075B80008B54368197309B9002008BD18688368BD
:1075C8009B69002BF8D09847002008BD0EB400B581
:1075D80082B003AA52F8041B019201F0E9FB02B041
:1075E8005DF804EB03B0704738B50446886800F5C9
:1075F800207024B9BDE83840012126F0C1BA0D46F3
:10760800082126F0BDFA012C0AD1AB6803F51F73D7
:10761800D3E8EF1F41F00201C3E8E21F002AF7D1C7
:1076280038BD00BFF0B583680446D3F87C220D4608
:10763800520783B031D4E068C36803B3A26829460F
:107648000DF106035A3203F0ABF9002838D0204672
:1076580002F0FCF8A368D3F878329B062BD42046B6
:1076680002F086F9A268BDF806302046A2F8563026
:10767800A268A2F8543001F0BFFF03B0F0BD002D9E
:10768800FBD0A66806F15A07384630F0B7FF83B238
:107698001BBB86F85A31E068D0E703F51F73D3E8BF
:1076A800EF1F21F00401C3E8E21F002AF7D1E068C8
:1076B80003F072F9BFE70D496069FFF787FFCEE76E
:1076C800A06800F5AD715A30F9F79AFAA0685A30F7
:1076D80030F094FFADF80600B9E7421C394606F5CC
:1076E800AD7030F003FFE068A8E700BFB095070071
:1076F8002DE9F04F0746A9B05422002113A830F015
:1077080001FF0023BA683846CDE9073302F15A0869
:1077180002F0A4F8384601F057FF002800F0418134
:107728004FF00009BB683846C3F81890C3F81C909E
:10773800C3F82090C3F82490C3F8289001F014FEF1
:10774800D7E90210B1F854205A3103F059F93846F4
:1077580003F0C4F90899012900F0A481CA463B4600
:10776800DDF81CB013AC4D464746CDF81090CDF867
:107778000C90CDF814904FF0FF36A14698465C4621
:10778800D346132C00F24081002E00F042813A4685
:107798004946022308A801F0AFFB0899D9F80470FC
:1077A800002900F0EF80012900F0AF80079B002B33
:1077B8007DD1BAF1000F00F0CB8009F10409013E38
:1077C800002D00F09580EB68BBF1000F00F0A6805B
:1077D800002B40F0CC80079C6B68002B00F0B68033
:1077E800AE460DF1380C0593BEE80F00ACE80F006B
:1077F800DEF800300395CCF800300899002E74D1DB
:10780800022972D00129BCD15A464746A346DDF861
:107818001490BBF1130F03D90899022900F056817F
:10782800049913AB03EB81044AB1384603F012FA0A
:10783800BA68142313A95A3207A801F05DFB039B09
:10784800079D23B1039B5B7CFE2B00F00481049B06
:10785800ED1ABB685A6A002A00F0E08093F82820E5
:10786800002A00F0A3804FF6FF7193F82900FF2843
:1078780018BF0146AA4203D80A44AA4280F096805B
:107888009B69964A0121384602F094F9B96838464E
:10789800183102F0FDFDB9683846914A183102F0F6
:1078A80089FD6FF01504204629B0BDE8F08FD9F89E
:1078B800000002F021FE002840F0D880079B002B32
:1078C8003FF477AF29464046D9F8002003F028F95D
:1078D800022800F0E08003283FF46BAF079C4FF0CC
:1078E800010B0134089907948CE70134079489E760
:1078F800079C3CB9D8F80830DB6A002B45D0DB6818
:10790800002B42D04FF0010A77E700283FF44EAF32
:107918000346744A404602F04DF933E0D8F808208F
:10792800079C002B3FF458AFAE4602F1180CBEE896
:107938000F00ACE80F00DEF80030CCF80030AB6880
:1079480073B16B680494002B7FF44AAF039554E736
:107958000398D9F8001009AA01F05CFC05462CE749
:107968006B7CFE2BEDD12E7C0494013E34E740461F
:1079780001F074FF404601F03FFE012140465A4A9B
:1079880002F018F96FF007048DE7584B01210093B6
:107998004046139B564A02F00DF94FF0010A079C26
:1079A8002BE754497869FFF711FEB9E603F51F7311
:1079B800D3E8EF1F41F40061C3E8E21F002AF7D1C2
:1079C800B86800F5247022F011FEBB6822462946EB
:1079D80038465B6A98470446B86800F524704FF04B
:1079E800FF334FF0FF3222F071FEBB6803F51F73BF
:1079F800D3E8EF1F21F40061C3E8E21F002AF7D1A2
:107A0800204629B0BDE8F08F5A464746DDF8149065
:107A180003E75A464746DDF8149001E7B9F1000F2D
:107A2800B0D0DA694A4509D003F11804CDF83C9082
:107A38000EAD0FCD0FC42B682360BB68384603F129
:107A4800180102F025FDB9683846254A183102F0B8
:107A5800B1FC012427E728AB03EB850353F8543C1A
:107A6800002B3FF4F4AE01350795F0E6DDF81490ED
:107A78004746B9F1000F23D0D8F80840CDF83C901C
:107A880018340EAD0FCD0FC42B6840462360D8F8CC
:107A980008101831D5E75A464746DDF81490DDF846
:107AA8001CB0B6E6079D132D06D8BB685A6A002A93
:107AB8003FF468AF13ACD1E6CDF8109013ACC6E62E
:107AC800012140460C4A02F075F85BE7012138466F
:107AD8000A4B0B4A02F06EF854E700BFA0C7070034
:107AE80000C70700ECC6070030C7070068C70700D3
:107AF80060C70700A018080010C707007CC7070068
:107B08007804080038B500286ED00446806800283C
:107B180065D06368002B62D02368002B5FD0037D9B
:107B2800012B59D1D0F87C32590421D44FF480422A
:107B3800002300F5247022F0C9FD0546002848D12D
:107B48000821204601F0B2FF2A496069FFF73EFD8F
:107B58000222A3681A75A3689A6CA2B1204602F0A3
:107B680083FAA06800F5247022F040FD284638BD4D
:107B7800D0F878325A07D9D4026D2146E06902F06C
:107B88001BFBA068D2E783F85A50A368A3F85650A5
:107B9800A368A3F85450A368D3F87C32DB0403D459
:107BA800204602F049FAD9E7134B03212046134A2D
:107BB80002F000F8A36803F51F73D3E8EF1F21F460
:107BC8008051C3E8E21F002AF7D1204602F034FAB8
:107BD800C4E76FF00F05C9E76FF08505C6E740F207
:107BE800A9510748FDF76CF94FF4B5610448FDF752
:107BF80067F900BFA0180800E4C70700D89D070070
:107C0800BCC707002DE9F04FAFB0002800F073841F
:107C180083680446002B00F0698403F51F73D3E8DA
:107C2800EF1F41F00101C3E8E21F002AF7D1A36862
:107C38001A7D022A0CD003F51F73D3E8EF1F21F039
:107C48000101C3E8E21F002AF7D12FB0BDE8F08F89
:107C580000229D6C07926068DA6C03681F69002D2A
:107C680040F0858007AB01220DF11B01B847079B47
:107C7800002B00F051839DF91B20A368002A1D46A4
:107C88009DF81B10C0F21E815A7D032A67D8DFE8D1
:107C980002F0362B026600236B75A368D3F87822AE
:107CA800900740F10F8131391B295AD8DFE811F0CC
:107CB8000E011A01400114015900590059005900D8
:107CC80059005900590059005900590059005900E4
:107CD800370132013C012E015900160159001001EB
:107CE8005900590059001D015B2900F09980D3F80B
:107CF8007822950700F1618300225A7531E00D2939
:107D080000F091800A2900F02383B3F87C321B2904
:107D18006FF3CA03A5F87C3200F200831B2900F236
:107D2800D380DFE811F01E00D100D100D100D100CE
:107D3800D100D100D10011012901D100D100D10019
:107D4800D100D100D100D100D100D100D100D100A3
:107D5800D100D100D100D100D100D10025010023EC
:107D68006B75606901F03CF8A3689D6C73E79046F9
:107D78003B464746984619AE07AB10223146C047E6
:107D8800079B002B00F0C882A36803F51F73D3E894
:107D9800EF1F41F40061C3E8E21F002AF7D1A06891
:107DA80000F5247022F022FC20463B463146079A13
:107DB800A847A06800F524704FF0FF334FF0FF325A
:107DC80022F084FCA36803F51F73D3E8EF1F21F4A6
:107DD8000061C3E8E21F002AF7D1A3689D6C2DB1AA
:107DE8006068DF6C0368D3F81080C5E702221A7553
:107DF800A3689A6C002A7FF41EAF83F85A50A368D0
:107E0800A3F85650A368A3F85450A368D3F87C325B
:107E1800DF0400F1DD82204602F00EF9A3680AE7CC
:107E280002236B759DE7D3F87C32C3F3C703002B9D
:107E380000F09A82D5F87C32C3F3C7030D2B00F00B
:107E48009382804A4B1CDBB2D35C13F0970F40F04F
:107E58000C83D5F87832980783D50139162980D84C
:107E680001A353F821F000BFD97E0400157F040058
:107E78003F820400497F0400E57E0400317F04004E
:107E88006B7D04006B7D04006B7D04006B7D04003A
:107E980019830400FD8204006B7D04001D7F04002B
:107EA8006B7D0400277F04006B7D04006B7D04005C
:107EB8006B7D0400E18204009B8204006B7D04005A
:107EC8001F8204009D6CC6E6A568BAE703225A75AE
:107ED800204601F0BBFC44E703225A75204601F016
:107EE800BDFC3EE703225A75A368D3F8782203F550
:107EF8001E73D20700F17F82D3E8EF1F41F0010122
:107F0800C3E8E21F002A3FF42CAFF5E7204601F052
:107F1800AFFC26E700212046FFF784FB21E701217B
:107F28002046FFF77FFB1CE7204601F0ABFC18E773
:107F380003225A75A368D3F878329B077FF511AFEF
:107F4800204602F009F80CE7A368D3F878229707CF
:107F58007FF507AF03F51F73D3E8EF1F41F0040166
:107F6800C3E8E21F002AF7D1204602F015F8F8E628
:107F78000122A3685A75F4E6A368D3F87822950716
:107F88007FF5EFAE03F51F73D3E8EF1F41F004014F
:107F9800C3E8E21F002AF7D1A068B0F85430FF2BDD
:107FA8003FF4DFAE0026B0F8562000F15A0100F584
:107FB800AD7030F09BFAA36819ADB3F85620294686
:107FC800134483F85A61A268142302F5AD7209A814
:107FD80000F092FF099914293FF6C3AE2EAA02EBCE
:107FE8008102A36842F8546CB3F85620002A40F086
:107FF8006D82002900F07482012900F07182013934
:1080080000200AAB00932A4608AB019001F026F93C
:10801800064600283FF4A5AE089B2EAA02EB830370
:1080280053F854ACBAF1000F00F05E82504630F0BD
:10803800E5FA83B200279B46B8463D46B946029406
:1080480017E000BF7569080004685A465146204683
:1080580030F013FB58B9204630F0D0FA002F08BF93
:108068004D46404538BF404601371FFA80F809F1B0
:1080780001094946304614AA01F086F80028E3D1E0
:10808800012F029C00F03C827FF66BAE089B2EAA63
:1080980002EB830353F854BCBBF1000F00F08A8253
:1080A800584630F0ABFA83B2049308F10208002274
:1080B8001FFA88F3AA46B8460293A3680595A3F861
:1080C8004020A26851463046183201F05DF8002879
:1080D80000F0788205680AF1010ABBF1000F00F090
:1080E800ED81002D00F0ED8159462846049A30F0C4
:1080F800C4FA0028E5D1A268029BB2F83A90A9F127
:10810800020999FBF3F91FFA89F9B9F1000F00F098
:1081180063822846039230F071FA039A029BB2F800
:108128004010B1FBF9FC09FB1C1C0131A3EB000951
:10813800A2F840101FFA8CF21FFA89F9002A40F0C1
:10814800A48106212046B44BB44A009501F032FDC3
:108158004946204601F01EFAB8F10108B1D1B049EC
:108168006069059DFFF732FA204601F065FF089B1C
:108178002EAA02EB830353F8540C18B130F03EFAE0
:108188001FFA80F8294630460FAA00F0FDFF013596
:108198008246002800F01B824FF6FF79A068DAF8C3
:1081A8000010FF2200F5AD7030F079FADAF800B06F
:1081B800CA462946304614AA013500F0E5FFE8B161
:1081C8000068A1680023013801F2591103E042B1A7
:1081D800013353450AD011F801CF10F8012F624539
:1081E800F5D0B8F1000F01D04345E2DB4B45A8BFFD
:1081F8004B46013F012F1FFA83F9DAD1B9F1000F7D
:108208003FF4AFADA9EB080220460BEB080192B290
:1082180001F0D6FEA5E5204601F006FDA36803F5AA
:108228001F73D3E8EF1F41F00401C3E8E21F002ADF
:108238003FF497ADF5E7204601F010FB204601F02A
:10824800C3F9002800F0DF81A36803F51F73D3E8A2
:10825800EF1F41F00401C3E8E21F002AF7D1022210
:10826800A3681A75A268936C002B7FF47AAD82F824
:108278005A30A268A2F85630A268A2F85430A3680F
:10828800D3F87C32DA0400F1AB81204601F0D4FE49
:1082980067E5204601F0DAFA0023A26882F85A302E
:1082A800A268A2F85630A268A2F85430A36803F571
:1082B8001F73D3E8EF1F41F00401C3E8E21F002A4F
:1082C800F7D1A368D3F878329E067FF54AAD5549B1
:1082D8006069FFF77BF944E5E06983681B79012B46
:1082E80000F09681022B7FF43CAD21462A6D01F007
:1082F80063FF36E5D5F878329B0600F18D81D5F815
:1083080078329F06C1D548496069FFF75FF9BCE735
:10831800204601F0C3FA24E5A3688CE47F297FF4A2
:10832800D3ADA368D3F8782296077FF51AAD03F585
:108338001F73D3E8EF1F41F00401C3E8E21F002ACE
:10834800F7D1A368D3F878321D077FF5F9AD0BE6AE
:10835800D3F87C32C3F3C70333B1D5F87C32C3F307
:10836800C7030A2B7FF46DADB5F87C3261F3CA03FD
:10837800A5F87C32A568B5F85430002B45D105F531
:108388001F75D5E8EF3F23F00403C5E8E23F002A54
:10839800F7D1E06802F000FB21496069FFF716F9A0
:1083A8000222A3681A75A3689D6C002D42D06068EC
:1083B800D3F84C8003681F69DAE462294ED0662935
:1083C8007FF49AAC0121204601F0F8F9A36893E400
:1083D800164B03212046164A01F0ECFBA36803F56F
:1083E8001F73D3E8EF1F21F48051C3E8E21F002A6E
:1083F8003FF411ADF5E7D3E8EF1F21F00101C3E821
:10840800E21F002A3FF4ADACF5E72046FFF770F90C
:10841800C5F8AC02C4E700BF28C807002CC807008D
:10842800A0180800B0950700C0950700E4C707002A
:10843800D89D070083F85A50A368A3F85650A3683C
:10844800A3F85450A368D3F87C32DE0424D4204621
:1084580001F0F2FDA3689D6CFFF7FDBB4FF0FF3103
:10846800204601F0ABF9A36846E405F51F75D5E889
:10847800EF3F43F00403C5E8E23F002AF7D1204666
:108488009DF81B1001F0F6FC6BE42B4606212046F4
:10849800644A01F08FFB5BE6634B03212046614A87
:1084A80001F088FBA36803F51F73D3E8EF1F21F4DD
:1084B8008051C3E8E21F002AC9D0F6E7002D7FF4F7
:1084C8001AAE0022A368A3F8402045E641B1134440
:1084D80093F85930554AD35C18073FF591AD8BE5B1
:1084E80000231E46089397E55346A3E540F2E7515B
:1084F8004F48FCF7E5FC40F2E6514D48FCF7E0FC3C
:10850800089B2EAA02EB830353F8540C00284FD083
:1085180030F074F887B2A26829463046183200F065
:1085280033FE002849D00568A5B3284630F066F820
:1085380083B29F4205D0DB1B2046E9199AB201F0AD
:108548003FFDA3683949B3F856201A4492F85A20D7
:108558008A5C110726D4D3F87822D2071CD503F5F4
:108568001E73D3E8EF1F21F00101C3E8E21F002AC0
:10857800F7D12021204601F07DFCA36803F51E7386
:10858800D3E8EF1F41F00101C3E8E21F002A3FF4DE
:10859800E8ABF5E72B46CCE72021204601F06AFC42
:1085A800FFF7DFBB0121204601F0B2F8FFF7D9BB86
:1085B8000746B0E7CDF810B077E54FF4B6711C4820
:1085C800FCF77EFC40F2B5111948FCF779FC40F243
:1085D800D1111748FCF774FC95211548FCF770FC7D
:1085E800114B032120460F4A01F0E4FAA36803F572
:1085F8001F73D3E8EF1F21F48051C3E8E21F002A5C
:108608003FF443AEF5E70B496069FEF7DFFF1BE671
:1086180001F0FCFDFFF7A5BB07496069FEF7D6FF2F
:10862800A5686CE6D89D0700E4C7070076690800CE
:10863800BCC70700A0180800B89507002DE9D0436B
:108648008368044682B003F51F7391B1D3E8EF0F36
:1086580040F48040C3E8E10F0029F7D1A368002166
:108668001A65606803689B68984758B102B0BDE80E
:10867800D083D3E8EF0F20F48040C3E8E10F00294E
:10868800ECD0F6E72046FFF73DFA0028EED14FF090
:10869800FF384FF0FF3900260027A06800F520704A
:1086A80000220721CDE9008925F072FAA06800F5BB
:1086B80024704FF0FF324FF0FF3322F007F8A06824
:1086C80000F5207000220421CDE9006725F060FA4A
:1086D8000246A06800F52070002A2AD0042125F05F
:1086E80053FAA368002B66D06268002A63D0D3F8D7
:1086F8007C22D2075CD4E06901F088FD60680368D9
:108708005B689847064600284CD0A3685A6C1AB193
:10871800314620469047A3680022C3F8A8222B4B75
:108728001B78002B4CD030F0F3F9294B185802F085
:108738008FFF0121CDE9006725F02AFA40BBA06828
:1087480000F5207000220221CDE9006725F020FA0B
:1087580050B9606803685B6903B19847A06800F581
:10876800247021F043FF98E7A06800F520700221EB
:1087780025F00AFA204601F05FFCA368B3F85430EC
:10878800002BE6D000214FF4F67023F025FDE0E73A
:10879800A06800F52070012125F0F6F92046FFF7C2
:1087A80031FACCE7E06802F067F9A3681E75ACE718
:1087B8006FF00F06AAE740F20E510648FCF780FB5F
:1087C80040F246310448FCF77BFB00BF70E2012011
:1087D80008000000BCC70700D0B607002DE9F0412B
:1087E80000287AD00446884616461F4622F0E6FC42
:1087F800002868D1A568002D60D0D5F87C321B050B
:1088080014D56369002B63D0002E6BD02B7DA06834
:10881800022B1CD000F51F70D0E8EF3F43F48053C3
:10882800C0E8E23F002AF7D1BDE8F081324B1B785F
:10883800002B5CD030F06CF9304BD5F8A8221B58CF
:108848009A42DED140F211612D48FCF739FB4FF412
:108858008042002300F5247021F038FF0028E3D17E
:10886800A368D3F87C22100501D49A6CB2B13B46B8
:1088780032464146204601F075F9A368D3F87C22B8
:10888800120501D49A6C8AB1606900F0A9FAA0684F
:1088980000F52470BDE8F04121F0A8BED3F8783285
:1088A8009906E4D5204601F011F8E0E7D3F87832CC
:1088B8009B06E9D5204601F0BFFBE5E74FF4C2610E
:1088C8000F48FCF7FDFA40F20F610D48FCF7F8FA83
:1088D80040F213610A48FCF7F3FA40F20E610848C7
:1088E800FCF7EEFA40F214610548FCF7E9FA40F2A9
:1088F80046310448FCF7E4FA70E201200800000061
:10890800BCC70700D0B607000CB400B583B004ABF1
:1089180053F8042B0193FFF761FF03B05DF804EBF4
:1089280002B070470EB400B582B003AB53F8042B05
:1089380002210193FFF752FF02B05DF804EB03B088
:10894800704700BF0EB400B582B003AB53F8042BD8
:1089580008210193FFF742FF02B05DF804EB03B072
:10896800704700BF10B504460A49FFF7EBFF2046E1
:108978000949FFF7E7FF20460849FFF7E3FF2046CC
:108988000749FFF7DFFF20460021064A01F012FDE4
:10899800002010BD34C8070074C80700D4C80700F9
:1089A80028C90700C4C907000EB400B582B003ABDC
:1089B80053F8042B03210193FFF710FF02B05DF871
:1089C80004EB03B0704700BF0EB400B582B003AB30
:1089D80053F8042B01210193FFF700FF02B05DF863
:1089E80004EB03B0704700BFF8B5002864D01E46FA
:1089F80017460A4633490546FFF7A4FF002E41D023
:108A080028463A783049FFF79DFF012407E03A5D90
:108A180028462D490134FFF795FF102C0AD062072C
:108A28003AD0A642F3D828462849FFF78BFF0134ED
:108A3800102CF4D128462649FFF784FF002E35D0A4
:108A480000242346FA5C234B28469B5C224913F0FA
:108A5800970F08BF2E220134FFF774FF102C0BD09C
:108A680063071ED0A6422346ECD828461B4901348A
:108A7800FFF768FF102CF3D12846BDE8F8401849E5
:108A8800FFF760BF28461149FFF75CFF28460F49EA
:108A98000124FFF757FFCAE728461049FFF752FF9E
:108AA800BFE728460D49FFF74DFFDBE728460B498E
:108AB800FFF748FF0124D5E740F265610948FCF754
:108AC800FFF900BFDCC9070064B9070070B90700E7
:108AD80074B907007669080054CA0700641E0800C4
:108AE800E4C90700BCC707002DE9F041A0B115464D
:108AF80082B1074688460E46102D2C4628BF102402
:108B08003246A6EB080138462346FFF76DFF2D1BBA
:108B18002644F1D1BDE8F08140F28E610148FCF7AE
:108B2800CFF900BFBCC707002DE9F04198B30D4647
:108B380059B3044608462FF061FDA368074603F5BC
:108B480024731FFA80F84FF480421846002321F05E
:108B5800BDFD0646E0B908F10103142BA06810D842
:108B6800B8F1000F0DD02946F8F74AF8A36883F842
:108B78003C70A06800F5247021F038FD3046BDE84F
:108B8800F08100F5247021F031FD6FF01506F5E74E
:108B98006FF00F06F2E74FF4D4610148FCF790F943
:108BA800BCC707002DE9F04F8BB0CDE908130028AA
:108BB80000F086800446806800287CD06368002B1B
:108BC80079D02368002B76D0D0F8A882B8F1000FAE
:108BD8006ED11646227CB146013A012AC6F34005F9
:108BE800C6F3C007C6F3001BC6F3401A6DD84FF48E
:108BF8002C7241462FF086FCA06800F5207024F006
:108C0800AFFFA06800F524700122114621F0DAFCBC
:108C1800A269C2F80080A26802F51F72D2E8EF3F8D
:108C280043F00203C2E8E13F0029F7D150201821A0
:108C3800A2686D005087A26845EAC705118745EA12
:108C48000B15216845EA4A15204626F03E06FFF72F
:108C58006BFF2E43A36866F30709C3F87892606830
:108C6800089903681B4A1D682346A8470546D8B9D2
:108C78000122A3681A75D4E90A0100220023CDE96C
:108C88000623149A099B02920E2201930392124B17
:108C98004FF400520495009422F08AFBA368C3F8AD
:108CA800A802616A22F090FA28460BB0BDE8F08F5E
:108CB8006FF07705F8E74FF4AF610848FCF700F963
:108CC80040F277510548FCF7FBF84FF49B610348E5
:108CD800FCF7F6F8F175040045860400BCC70700E8
:108CE80010B50446806800F524704FF480420023D4
:108CF80021F0ECFC00B110BDA1682046183101F04C
:108D0800C7FBA1682046054A183101F053FBA0684B
:108D180000F52470BDE8104021F068BC00C70700CA
:108D280018B18368D3F8AC0270476FF0150070472C
:108D380008B578B1836899648368DA6401B108BDBD
:108D4800836883F85A108368A3F856108368A3F8D9
:108D5800541008BD40F22E710148FCF7B1F800BF6D
:108D6800BCC7070038B5CB680C461B7C0546022BF0
:108D78000ED0236922681B68D55422691368013311
:108D880013602269636812689A4207D0002038BDD0
:108D98000A28EED10D20FFF7E5FFEAE7A368E068AF
:108DA800216898470022236900201A6038BD00BF57
:108DB80010B50446134609480A46214603F09EF8B2
:108DC80023691A7902B910BD1A682168D4E90230FA
:108DD8009847002223691A6010BD00BF6D8D0400FA
:108DE80010B502690446836812680168C06898472C
:108DF800002223691A6010BD2DE9F04784B082462D
:108E080003A80F4690461D4620F0E2FA064603984E
:108E180000EB4616B04238BF4FF000090CD2A5B19E
:108E2800012D0ED0039820F0DFFA70B1039C04F1F5
:108E38002000B0420390F2D30024204604B0BDE8DD
:108E4800F08720F0D1FA0028F0D0039C216800298F
:108E5800EDD00B780191002BE9D04FB138462FF0B7
:108E6800CDFB0199024638462FF007FC0028DED1D9
:108E7800B8F1000F04D02046C047039C0028D6D084
:108E8800CA45DAD009F10109D1E700BF90F80CC052
:108E9800438962446144B1FBF3FCB2FBF3F003FB8A
:108EA8001C1103FB1020401A704700BF90F80CC03B
:108EB800438962446144B2FBF3F2B1FBF3F1501A07
:108EC800704700BF037B00B5B0F80AE01A441944A4
:108ED800B2FBFEFCB1FBFEF30EFB1C220EFB1311D2
:108EE8000CF1010C013301310132A0F806C00180F8
:108EF800838042805DF804FB2DE9F04F9A460023F9
:108F08000360137885B023B3804615468B46894F96
:108F1800FB5C13F008037DD1D8F80020511CC8F879
:108F280000104BF82250D8F80020524511D02C7868
:108F38007CB1C146002B69D1272C1FD05C2C0DD0E9
:108F4800222C1BD03B5D1B076DD415F8014F002C5C
:108F5800F2D10024204605B0BDE8F08F28462FF056
:108F68004DFB02466E1C3146284692B22FF0C4FAD9
:108F78006C78002CEDD0272C3546DFD128462FF011
:108F88003DFB02466E1C92B2314628462FF0B4FAD9
:108F98002A78002ADED0A2420AD05C2A6B7814D044
:108FA8003546002BD6D01A46A24206F10106F4D166
:108FB80028462FF023FB02463146284692B22FF06E
:108FC8009BFA2C78002CB7D1C3E7A34200F082802B
:108FD800302B2AD0782BE3D1B4464FF000084FF05D
:108FE800020E02931CF8013F4FEA0812A3F1300168
:108FF800C9B20929A3F16100D2B23FD841EA0208F7
:10900800BEF1020F4DD14FF0030EEBE722466E1C66
:109018001C46C0E74FF0000305F8013B2B78002BF6
:109028007FF476AF95E7C846F8E7B4464FF00008F6
:1090380002211CF801EF4FEAC802AEF13000C0B2BD
:109048000728D2B255D80131052940EA0208F0D1E3
:10905800284601912FF0D2FA034601999BB28A1E45
:1090680001399A1A284629442FF046FA6B7885F870
:109078000080002B3FF46EAF354694E74FEA0812A4
:10908800D2B20192A3F141020392019AA3F15701CE
:10909800052842EA010237D8BEF1020F5FFA82F8CA
:1090A800B1D00423284601932FF0A8FA8446019BE7
:1090B8001FFA8CFC9A1E013BE9182846ACEB020209
:1090C8002FF01AFA6B7885F80080002B3FF442AF36
:1090D800354668E728462FF091FA02463146284679
:1090E80092B22FF009FA6B78002B3FF433AF354674
:1090F80059E7C9B20229ABD1BEF1780F3FF46CAF82
:1091080023463546302415E7A3F14102052A09D83C
:109118004FEA08185FFA88F8373B48EA03085FFA0D
:1091280088F86DE7BEF1020F029B3FF439AF0323C5
:10913800B8E700BF76690800F8B50E46114615462F
:1091480007462FF0DEFA044628462FF057FAD4B126
:10915800A74285B203D214F8013C202B0FD0204639
:109168002FF04CFA02463388521B5B1B33800132C6
:109178002046611992B2BDE8F8402FF0BDB901351B
:10918800ADB2013CEBE7F8BD0B4628B310B5144669
:109198006AB38268CAB118498A420AD317498A420F
:1091A80007D2184621461368984723686BB12046B2
:1091B80010BD13498A420AD2126803EB830352F89E
:1091C800231002EB83000029F2D1002010BD0D49C5
:1091D8008A42F1D20133F0E70B4A0C49521AB3EB39
:1091E800920F01D30020704751F82300704740F2D6
:1091F80029110748FBF764FE90950700A095070022
:10920800E491070090950700E4910700B0910700EA
:1092180020CA07002DE9F04106468846174686B061
:1092280040B100687168B268F36801AC0FC4306976
:1092380001AE2060002504E040462168F7F7D6FC1F
:1092480040B129463A463046FFF79EFF01350446AD
:109258000028F1D1204606B0BDE8F0812DE9F84F8D
:1092680000240646DDF828809DF82C901C6039B350
:109278009A4615460F4606E0DAF800400134BC422B
:10928800CAF800401CD255F8240001F00DFC8346B2
:109298000028F1D1DAF800303046424655F823105C
:1092A800FFF7B8FF60B1DAF800305C1CCAF800407C
:1092B800B9F1000F01D0804505D0BC420646E2D383
:1092C8003046BDE8F88F5E46CAF800303046BDE843
:1092D800F88F00BF002843D02DE9F84306462FF049
:1092E8008DF985B28DB3012D28462ED000241D4F4F
:1092F800A04603E06B1E9C42284626DA2346F25C11
:109308000134BA5CA4B21207F4D5A542F2D92246B8
:1093180006EB040C614691F800E00CF1010C17F81B
:109328000E9019F0080912D1B8F1000FE2D00133FC
:10933800821AA5EB0805F018ADB201322FF0DCF85F
:109348006B1E9C42C8462846D8DBBDE8F88301322C
:1093580092B208F10108AA421FFA88F8DAD3C9E7DD
:10936800704700BF76690800F8B5846894F85A30E9
:1093780023B30546B4F854201C4804F15A0C03E002
:109388008AB2A4F85420F2B10CEB020313F8013CA2
:10939800511EC35C13F00803F2D10CF802309AB2E4
:1093A8001CF802101E4610F801E001331EF0080FE9
:1093B8000CEB0201F3D1B6B26EB9AC68B4F8543014
:1093C800A4F85630F8BD84F85A20AC68B4F8543084
:1093D800A4F85630F8BDB4F8547060467B1C9A1A4D
:1093E800BF1B2FF089F8A4F85470E6E776690800E7
:1093F80000231A46FFF700BD02230022FFF7FCBC3A
:109408002DE9F04F83B0824601A81FF0E1FFDDF897
:10941800049009EB401BBAF1000F37D0D94535D27B
:10942800D9F8005045B128462FF0E8F804465046D0
:109438002FF0E4F884422FD0D9F81C3003B31D680C
:10944800F5B1D5F80080B8F1000F19D050462FF0CB
:10945800D5F80024074601E0444511D055F8046FBB
:10946800013430462FF0CAF8B842F5D1314650469B
:10947800F7F7BCFB0028EFD1484603B0BDE8F08FF2
:1094880009F12009D945CDF80490C9D34FF0000956
:10949800484603B0BDE8F08F29465046F7F7A6FBCB
:1094A8000028C9D1484603B0BDE8F08FF0B50C4696
:1094B80005462FF02DFB00231646224604460C4F86
:1094C80083B0C35101A9284628F0E4FBE359222BB5
:1094D8000BD023B9019BAB4201D01B781BB16FF0B5
:1094E80015030020336003B0F0BD6FF02103F8E7E7
:1094F8000C000000F0B5037816462D2B83B016D06B
:1095080004462FF005FB002305460D4F0A4620466A
:1095180001A9EB5128F034FCEB59222B0DD033B9BB
:10952800019BA34203D01B780BB903B0F0BD6FF0C9
:1095380015030020336003B0F0BD6FF02103F8E796
:109548000C0000000EB400B582B003AA52F8041B48
:109558000192FFF72DFC02B05DF804EB03B07047F1
:10956800002906DD82684123D2F87822920607D4C2
:109578007047FDD082684223D2F878229206F7D548
:1095880081EAE172A2EBE17240690149FFF7DABFB3
:1095980050CA0700002906DD82684323D2F87822E2
:1095A800920607D47047FDD082684423D2F8782207
:1095B8009206F7D581EAE172A2EBE17240690149AE
:1095C800FFF7C0BF50CA070038B5846820462FF09F
:1095D80015F8D4F87852B4F85620C5F3400580B28F
:1095E80005FB0200638FB0FBF3F203FB1200B0FA35
:1095F80080F0400938BD00BF70B584680546204634
:109608002EF0FCFFD4F87862B4F8563082B2C6F374
:10961800400606FB0323618FB3FBF1F001FB103317
:1096280043B1B4F854309B180AD0B3FBF1F201FBF4
:1096380012332BB968690349BDE87040FFF782BF50
:1096480070BD00BFA01808002DE9F04105468468E8
:10965800B4F85420B4F8561004F13000FFF732FC87
:10966800AE68B4F8348030462EF0C8FFB6F85430EF
:10967800E78E13FA80F048B1738FB0FBF3F203FB67
:10968800120018B920496869FFF75CFFB8450AD08D
:10969800E28EA38ED21A002A12DDA9684123D1F8DE
:1096A8007812880613D4228E638ED21A002A1ADD05
:1096B800A9684323D1F8781289061BD4BDE8F08144
:1096C800F1D0A9684223D1F878128806EBD5002A90
:1096D800B8BF52420D496869FFF734FF228E638E86
:1096E800D21A002AE4DCE9D0A9684423D1F8781218
:1096F8008906E3D5002A68690449B8BF5242BDE823
:10970800F041FFF71FBF00BFA018080050CA0700AC
:10971800F8B504460D468068B0F85610B0F85420E5
:1097280030300D44FFF7CEFBA068ADB2B0F856104C
:109738002A463030FFF7BAFB0746A0682A46B0F839
:1097480056103030FFF7A2FB002F06460FDAA1684B
:109758004123D1F87822900610D4002E19DDD1F8D3
:109768007822432392061AD4A1F85650F8BD0DD09A
:10977800A1684223D1F878229006EED587EAE772ED
:109788000D496069A2EBE772FFF7DCFE002EA168C5
:10979800E5DCE9D0D1F8782244239206E4D586EABC
:1097A800E67205496069A2EBE672FFF7CBFEA16895
:1097B800A1F85650F8BD00BF50CA070000292DE98E
:1097C800F0478BB2804638DB32D001242646013B75
:1097D8001FB21D4D0021D8F808008A46B0F856304F
:1097E800B0F854905A3011E0B6F1FF3F17D0B9F1F4
:1097F800000F14D010F803E093B215F80E205207AA
:1098080018D1BAF1000F0AD11FFA8CF1E21801EB56
:10981800040C002BE8D09945ECD1012EEAD1404642
:1098280009B2FFF775FF7B1E1BB20FB11F46D1E7C8
:10983800BDE8F0874FF0010AE6E7DB434FF6FF7417
:109848004FF0FF361FB2C4E7766908008368B3F8A3
:109858005610494209B2FFF75BBF00BF8368B3F8EF
:109868005410B3F85630C91A09B2FFF751BF00BFF8
:109878008368B3F8563003B970474FF0FF31FFF7EC
:1098880047BF00BF8368B3F85620B3F854309A42F4
:1098980000D370470121FFF73BBF00BF0022836858
:1098A800B3F85610A3F854108368B3F856100B4455
:1098B80083F85A208368D3F878329B0600D470471F
:1098C80001494069FFF73EBEC895070010B5044638
:1098D8008068B0F85420B0F856103030FFF7F2FA2C
:1098E800A1680B8EC3F1010293B9D1F87802432322
:1098F800800614D48A8E013A002A1CDDD1F8780239
:10990800412380061DD4D1F878329B0625D410BD9A
:10991800002AEFD0D1F8780244238006EAD5002A3D
:10992800B8BF524210496069FFF70CFEA1688A8EE1
:10993800013A002AE2DCE6D0D1F878024223800618
:10994800E1D5002A0849B8BF52426069FFF7FAFD1D
:10995800A168D1F878329B06D9D560690349BDE87A
:109968001040FFF7EFBD00BF50CA0700C8950700B9
:109978002DE9F84F8468064604F15A002EF03EFEA1
:1099880094F83C70638F1FFA80FADB1B9A454FF0FE
:1099980000051DDDA846DFF854902A461D442C44D6
:1099A80094F85AB084F85A80B3685A321A4449462F
:1099B8007069FFF7C7FDB3682B4483F85AB0B468E1
:1099C800638FDF1BAAEB070A53454FF00007E4DB60
:1099D800BAF1000F01DCBDE8F88F05F15A02706991
:1099E80022440349BDE8F84FFFF7ACBD78040800EE
:1099F800D89D07002DE9704F84B000284DD08946C6
:109A080000294AD0144662B3804600254FF0FF3A39
:109A18004FF0FF3BD8F804002246016803ABCE683C
:109A280009EB0501B04770BB039AA24230D8154430
:109A3800AAB9D8F80830197D0329EBD0022913D91F
:109A4800D3F87C229207FBD503F51F73D3E8EF1FE9
:109A580021F00201C3E8E21F002ADBD0F6E7A41ACE
:109A6800D8D104B0BDE8708F0821CDE900AB03F56B
:109A7800207024F08DF8D8F8080000F5207008212F
:109A880024F082F8C6E740F2CD110648FBF718FA31
:109A98004FF4E7710348FBF713FA40F2C31101488A
:109AA800FBF70EFA58CA0700FFF7A4BF08290DD81C
:109AB800836893F83E208A4208D083F83E10836872
:109AC8000829D3F8783202D09A0606D470479B0644
:109AD800FCD504494069FFF735BD0A46406902498B
:109AE800FFF730BDD095070084CA070038B50A785B
:109AF8000D46082A04460DD8836893F83E10914213
:109B080008D083F83E208368082AD3F8783211D029
:109B180099061CD46A78072A0BD8A36893F83F10D3
:109B2800914206D083F83F20A368D3F878329B0689
:109B380007D438BD9A06EDD507494069FFF702FDFD
:109B4800E8E760690549BDE83840FFF7FBBC044910
:109B58004069FFF7F7FCDDE7D095070090CA0700DA
:109B680084CA07002DE9F04186681D46D6F8787248
:109B78000446FB06904682B003D596F83E208A42FA
:109B880007D12A464146606902B0BDE8F041FFF7B7
:109B98000FB9F38FADF80430FFF788FF2A46414626
:109BA8006069FFF705F9204601A9FFF79FFF02B09A
:109BB800BDE8F0810CB470B582B0069E68B38368C6
:109BC80004462BB34269F2B1C6B1D3F87C320D46D4
:109BD8009B0402D421F0F2FA58B907AB3246294661
:109BE80020460193FFF7BEFF02B0BDE8704002B007
:109BF80070474FF40C710B48FBF762F940F22F21C4
:109C08000848FBF75DF940F22E210648FBF758F9A2
:109C180040F22D210348FBF753F94FF40B7101482B
:109C2800FBF74EF958CA0700F8B504468068B0F843
:109C38005420002A56D0B0F85630002B52D0593351
:109C4800034400F15A07BB426AD30026593002E0A8
:109C58008342AEB247D09C4613F80119751C2029DF
:109C6800F6D0674598BF634603D95FE098423CD079
:109C7800664619460D7806F1010C202D03F1FF33D5
:109C88001FFA8CFCF2D13346701C77424D1C3FB250
:109C98000144D21A28462EF02FFC39460027A26824
:109CA8002046B2F854309B1BA2F85430A368B3F88E
:109CB8005420134483F85A70FFF72AFDA368D3F899
:109CC8007832990627D42B461C4A08212046FFF7EC
:109CD80071FFA368D3F87822920616D4D3F87832A5
:109CE8009B060CD4F8BD8446BBE7F74363460CF1EA
:109CF800010C0D461E4600EB0C013FB2C9E7606936
:109D08000F49BDE8F840FFF71DBC0E496069FFF731
:109D180019FCA368E2E70C496069FFF713FCD2E776
:109D280000275D1C29463B463E46B2E7711C774238
:109D380033460CF1010561443FB2AAE7D89D0700FC
:109D4800DC950700C8950700D89507002DE9F04F66
:109D58000F4604469046816883B0002A6DD1D1F839
:109D68007832B1F856605B0732D55A3688190191B6
:109D78002EF044FC0199054638B1394E31466069E8
:109D8800FFF7E0FB013DF9D1A168B1F85430A1F823
:109D98005630A56828462EF031FCB5F8543013FA31
:109DA80080F068B16B8FB0FBF3F203FB120038B997
:109DB800B8F1000F00D01FB12A496069FFF7C2FB54
:109DC8002046794209B203B0BDE8F04FFFF7A0BCC6
:109DD800084601912EF012FC019980B2B1F8543076
:109DE8004A8F03EB00093044B0FBF2FCB9FBF2F5F3
:109DF800AC452CD0B342CAD9DFF86CA0361A0DE0B6
:109E080001EB0B0352460821204693F85A30FFF71E
:109E1800D1FEA945A168B8DD28464A8FB0FBF2FCFF
:109E280006EB000B451C02FB1C000028E8D10D497D
:109E38006069FFF787FBA168E2E7D1F878329A06F4
:109E48008DD50A494069FFF77DFBA16887E75A3637
:109E58008B1920460821064AFFF7ACFEA16894E753
:109E680028D60700A018080054CA0700C89507009C
:109E7800D89D07002DE9F04185680446D5F8783269
:109E88008846DF07B5F85420B5F8566001D5B242C8
:109E980028D1FE2A01D9BDE8F081921B06F15A01AA
:109EA800294497B23A46481C35442EF025FB85F8DC
:109EB8005A80A268B2F854300133A2F85430002214
:109EC800A368B3F854100B4483F85A20A368D3F856
:109ED8007812890736D4B3F856200132A3F85620F1
:109EE800BDE8F081731C2E44A5F8563086F85A1048
:109EF8008368D3F878229007CDD5D3F878321449FF
:109F080013F0040F0CBF42462A226069FFF71AFBC0
:109F1800A56828462EF072FBD5F87862B5F8562069
:109F2800C6F3400680B206FB02006B8FB0FBF3F26B
:109F380003FB12000028AED160690649BDE8F04174
:109F4800FFF700BB39462046BDE8F041FFF7FEBEEB
:109F580054CA0700A018080070B505468068B0F814
:109F68005630B0F85440E41AA4B204B970BD5A335C
:109F780018442246411C2EF0BFFAAE68611EB6F89E
:109F880054302846013BA6F854300122BDE8704001
:109F980089B2FFF7DBBE00BF8368B3F8542012B163
:109FA800B3F8563003B9704710B504464FF0FF3187
:109FB800FFF7AEFB2046BDE81040FFF7CDBF00BF5E
:109FC8002DE9F041144686688846B6F854201119E0
:109FD800FF2901DDBDE8F0810546B6F85610521A92
:109FE8005A310E4497B23A46314630192EF084FA67
:109FF8002246414630462EF079FAAA68B2F8543023
:10A008002344A2F85430AB68B3F854201344002218
:10A0180083F85A20AB68D3F87812890706D4B3F8C6
:10A0280056201444A3F85640BDE8F0813946284626
:10A03800BDE8F041FFF78ABE10B5044683680221E7
:10A04800084AFFF7B7FDA368D3F878329B0700D416
:10A0580010BD2046FFF78CFC2046BDE81040FFF7F6
:10A06800F3BA00BFD89D070070B592B0A0B1002325
:10A0780006464FF47A74019302E058B9013C09D0BE
:10A08800706801AB056840222D6902A9A847019BA9
:10A09800002BF2D112B070BD4FF40F710148FAF7DE
:10A0A8000FFF00BF58CA0700704700BF43681B680E
:10A0B800D3E90632D3E8EFCF8C44C3E8E0CF0028D9
:10A0C800F8D19368D3E8EF0F0844C3E8E20F002AF9
:10A0D800F8D170472DE9F04104460F46904603F148
:10A0E8008E0621F06BF8F0B1EFF31185202383F38E
:10A0F8001288BFF36F8FA368D3F87C321A0522D574
:10A10800324641463846FCF7CBF9A368D3F87C328F
:10A118001B0523D521F052F8C8B185F31188BFF388
:10A128006F8FBDE8F0818446A06800F524704FF079
:10A13800FF324FF0FF33654620F0C8FAA368D3F822
:10A148007C321A05DCD42046FFF7C0FBD8E7A068AC
:10A1580000F52470BDE8F04120F048BA2046FFF72A
:10A168006BFFD7E72DE9F04143680D461C68E169AC
:10A17800A3688A68D3F8786212794F68012AC6F30F
:10A18800001604D0032A0AD12046FFF79FFB334666
:10A198002A4639462046BDE8F041FFF79BBFBDE897
:10A1A800F08100BF10B50C46014610462246FFF765
:10A1B8007BFC204610BD00BFF8B50C460546174687
:10A1C8008B6803F51F73D3E8EF1F41F40051C3E810
:10A1D800E21F002AF7D16068012103689B6898474D
:10A1E800064600B1F8BDD5E90410FAF773FE3A4601
:10A1F80021462868FBF764FE01226B685B685C6097
:10A20800AB681E60AB681A71F8BD00BF10B5044694
:10A218000068FBF761FE0222A3681A7110BD00BF37
:10A228000EB400B582B003AA52F8041B0192FEF7DF
:10A23800BFFD02B05DF804EB03B07047002900F0E1
:10A2480092802DE9F04F494D0B788046EC5C8A46A8
:10A2580014F00804174683B009D00B46194613F8C2
:10A26800012FAA5C1007F9D4CAF101040C44A7EB2A
:10A278000A03019350462EF0C1F9D8F8083080B28D
:10A288005A8F001BA2EB0709484522D8002858D04E
:10A29800631E0026534402E00136B04251D013F841
:10A2A800012F0A2AF8D1D8F81400FEF799FD0AEB15
:10A2B800040132464046FFF79DFB01343444D8F888
:10A2C80014002B49FFF7ACFF39464046FFF762F907
:10A2D800D0E7CAF101010091A1EB040B0199631EBB
:10A2E8005344A1EB040E58785E1C15F800C01946BB
:10A2F8001CF0080F334603D00A280BEB01092ED0B7
:10A3080003EB0E018A42EED804EB090B0AEB0B06AD
:10A31800D8F81400FEF764FD4A4640460AEB0401EB
:10A32800FFF768FB3378EB5C1A071DD50AEB0B01C6
:10A338000C4611F8013FEB5C1B07F9D4009B1C4449
:10A34800BDE7D8F814000AEB0401FFF769FF0849D4
:10A35800D8F8140003B0BDE8F04FFFF761BF009BC9
:10A3680001EB030BD4E770475C46A8E77669080061
:10A37800A0180800F8B50F465168144606461D4651
:10A3880011B11A46FFF75AFFA36883B12946304630
:10A39800FFF700F930463B460821054AFFF70AFC5B
:10A3A8003046A168EA1DBDE8F840FFF747BFF8BD91
:10A3B800B8CA07002DE9F04F002480460D4616461E
:10A3C800274689B02146284603AA0134FEF7DCFE59
:10A3D80048B100680028F5D02EF010F980B2874205
:10A3E80038BF0746EEE7002F38D026B1324608219D
:10A3F8004046FFF7DFFB0024DFF880A0DFF880B0DD
:10A408002146284603AAFEF7BFFE0134064628B3B4
:10A41800D6F80090B9F1000FF2D099F80030002B6F
:10A42800EED076685A46534640460821CDE9007971
:10A43800FFF7C0FB134AA6B1534640460821FFF771
:10A44800B9FBBA1DB30792B203D133680E498B42E8
:10A458000DD031464046FFF7F1FED1E709B0BDE81F
:10A46800F08F0A49D8F81400FFF7DAFEC8E7134658
:10A47800494632464046FFF77DFFC1E7E0CA07007C
:10A48800C4CA07005CB90700C40BD286A01808002C
:10A49800F0B50F680C46054683B0DFB138462EF09C
:10A4A800ADF8C61CB6B2114A082100923B462846B0
:10A4B8000F4AFFF77FFB616829B18B0703D10D4B6A
:10A4C8000A689A4208D03246284603B0BDE8F040F0
:10A4D800FFF7B4BE0326E6E70A4633462846216856
:10A4E80003B0BDE8F040FFF745BF00BFDCCA070076
:10A4F800CCCA0700C40BD28608B503782D2B06D129
:10A508004378682B03D183780BB9012008BD034930
:10A51800F6F76CFBB0FA80F0400908BDD4CA070012
:10A52800002070470023826918461360704700BFF7
:10A538000EB400B582B003AA52F8041B0192FEF7CC
:10A5480037FC02B05DF804EB03B0704710B58368C0
:10A558000446D3F87822920606D450211822598747
:10A56800A36800201A8710BD02494069FFF7E0FF81
:10A57800A368F2E7E095070008B5836902491A68FD
:10A58800FEF7E0F9002008BDE4CA070008B5016835
:10A59800FEF7CAFA002008BD08B50249FEF7C4FA5A
:10A5A800002008BD20BD070070B5002504460E4EEA
:10A5B80082B007E02A463146204603F5AD73FEF720
:10A5C800C1F90135A2680DF106030121E06802F521
:10A5D800AD7200F0E5F9BDF80600A3680028E9D1DE
:10A5E80083F85A0102B070BDF4CA070010B50446DA
:10A5F800FEF796FB034902462046FEF7A3F9002022
:10A6080010BD00BF04F2070010B5022982B00ED0B9
:10A6180083680C4AD3F878120B4B11F0020F18BF5D
:10A628001A460A49FEF78EF9002002B010BD546898
:10A63800074B126807490094FEF7C6F96FF015003A
:10A64800F3E700BF00CB0700180D080028CB070070
:10A6580004CB07001CCB07002DE9F041114F124C29
:10A66800124982B00646FEF76DF9BC4215D810D2E1
:10A678000025DFF83C80626AA368414600923046B4
:10A68800AAB23034FEF75EF9BC4206D805F10105DE
:10A69800F1D3002002B0BDE8F081E6210548FAF7C1
:10A6A8000FFC00BFB0910700809107003CCB07006A
:10A6B80084CB070054CB0700F0B5012985B040F0E2
:10A6C800C08083680546D3F87832990600F1A980DE
:10A6D80000246FF0F9012846FEF742FFFA212846C8
:10A6E800FEF758FFA8684FF48072214600F5AD7058
:10A6F8008DF80B402DF006FF68695949FFF718FFE0
:10A7080068694FF47A77FEF76BFB686803AB0668F5
:10A718000DF10B0101223669B047039B611C33B36D
:10A728009DF80B30AA681B2B02EB040005D092F8A9
:10A738005A611B2EE9D1522B23D08CB2092C80F8F8
:10A748005A31E2D90022AB6883F85A21AE68D6F8AC
:10A7580078329B066FD4502318227387AB6828463B
:10A7680040491A87FEF720F96FF0070057E0013FCC
:10A778004FF47A70BFB21EF0E1FD002FC5D1AE686C
:10A78800E5E70020224482F85A01AE6896F85B316A
:10A798005B2B60D1022306F25B1703E0B3F5807FE1
:10A7A80088B2D4D017F8014F00EB8002A4F1300131
:10A7B80003F1010C3B2C01EB42011A461FFA8CF302
:10A7C800ECD1FF2AC3D006F5AD7203F259171A442B
:10A7D800C3F1FF030024374412FA83F302E09F42D7
:10A7E8008CB2B4D017F801CF04EB8402ACF130017D
:10A7F80001EB4201BCF1000FF1D1FA2C28BFFA2479
:10A80800FA2828BFFA2086F85AC1AB685C87AB687B
:10A818001887AB68D3F878329A0607D4002005B0B9
:10A82800F0BD11494069FFF783FE51E70F49686998
:10A83800FFF77EFEF2E70D496869FFF779FEAE681B
:10A8480089E754680A4B12680A490094FEF7BCF875
:10A858006FF01500E3E786F85A01AE6877E700BFA6
:10A86800D4CB070098CB0700E8950700EC950700C4
:10A8780004CB07001CCB070010B583680446D3F847
:10A888007822920605D4D3F878329B060AD40020A1
:10A8980010BD07494069FFF74BFEA368D3F878322B
:10A8A8009B06F4D560690349FFF742FE002010BDFE
:10A8B800F0950700F8950700836803F51E73D3E841
:10A8C800EF1F41F00801C3E8E21F002AF7D100207A
:10A8D800704700BF836803F51E73D3E8EF1F21F0AC
:10A8E8000201C3E8E21F002AF7D10020704700BF29
:10A8F800836803F51E73D3E8EF1F41F02001C3E816
:10A90800E21F002AF7D10020704700BF836803F5D3
:10A918001E73D3E8EF1F41F01001C3E8E21F002ABD
:10A92800F7D10020704700BF836803F51E73D3E892
:10A93800EF1F41F00201C3E8E21F002AF7D100200F
:10A94800704700BF836803F51E73D3E8EF1F21F03B
:10A958000801C3E8E21F002AF7D10020704700BFB2
:10A96800836803F51E73D3E8EF1F21F01001C3E8D5
:10A97800E21F002AF7D10020704700BF836803F563
:10A988001E73D3E8EF1F21F02001C3E8E21F002A5D
:10A99800F7D10020704700BF0023C360704700BF95
:10A9A80070B515461E46C26891B1EAB183689A42ED
:10A9B80020D01468C4609CB12289284604F10A0199
:10A9C8002DF094FD0022238901203380EA5470BDC4
:10A9D80032B143689A420DD05468C460002CEBD160
:10A9E80000231846338070BD034653F8044F9C4239
:10A9F800E0D1F5E70023C360002318463380F2E76F
:10AA08002DE9F8430023C36072B30446406804F19B
:10AA1800040880450F46164603D010B103899342B7
:10AA280024D006F10A0900220023494620681EF0B6
:10AA380057FF054668B96368984515D0A168D1E9FC
:10AA4800003213605A600860486020681EF05AFFA0
:10AA5800E9E70681394632460A302DF047FD63683A
:10AA6800C5E900385D606560BDE8F8830A302DF0FF
:10AA780003FD0028D5D1F7E770B54368061DB3423A
:10AA880004460DD00025A168D1E9003213605A6050
:10AA98000D604D6020681EF035FF6368B342F2D147
:10AAA8000023E36070BD00BF10B5044698B12DF0D7
:10AAB800A5FD83B2184673B1621E05E02A2908D0A5
:10AAC80002331B1B984206D9134612F8011F3F296F
:10AAD800F4D1012010BD002010BD00BF10B5044600
:10AAE80080684FF48072002100F5AD702DF00AFDEA
:10AAF800A068B0F8542000F15A0100F5AD702DF0AF
:10AB0800F5FCA06800F5AD70FEF7E4FBA46804F559
:10AB1800AD702DF073FD0130A4F8580010BD00BFD2
:10AB28002DE9F04F89B00090002971D01546002A10
:10AB38006ED0104689462DF061FD84B2002C67D096
:10AB48006A1E05E02A2908D002335B1B9C425FD9A4
:10AB5800134612F8011F3F29F4D14FF0000B0223CE
:10AB68005C46A84601932146484603AAFEF70CFB1B
:10AB780001340546002856D000224046296801F0D5
:10AB880027FD02460028EED1009B2D68D3F808A0C7
:10AB9800002D3BD028462DF031FD86B23246BAF85A
:10ABA80058100AF5AD700A44FF2A20DC41462DF002
:10ABB800A8FD074688B32DF021FD002382B2701C42
:10ABC80039460132384401932DF096FC3246294625
:10ABD80038462DF08BFC4FF02003BB55BAF85820AF
:10ABE8000BF1010B01321644AAF85860BBE7434643
:10ABF80003210098164AFEF7DDFF45460123BBF105
:10AC0800000F15D1184609B0BDE8F08F2E46C6E7EB
:10AC18000323184609B0BDE8F08F45460223BBF16F
:10AC2800000FEFD004E04546019BBBF1000FE9D0CF
:10AC38000193009B2A46986800F1580100F5AD7011
:10AC4800FEF77AFA019B184609B0BDE8F08F00BFFD
:10AC580090D3070010B504468068B0F8582000F576
:10AC6800AD715A302DF042FCA368B3F85820A3F810
:10AC7800542010BD08B50448FAF7E4F80348FAF779
:10AC8800E1F8002008BD00BFE4D307001CD407008A
:10AC98002DF038BC2DF02ABC08B50348034A002122
:10ACA800121AFFF7F5FF08BDC07C012074E20120ED
:10ACB800074808B5074A0849121AFFF7EBFFBDE82D
:10ACC80008400648064A0749121AFFF7E3BF00BFC3
:10ACD80000600120A47C0120886A0800006001202F
:10ACE80000600120886A0800002300B587B0DDF8FD
:10ACF80028C00BA80390059001221846CDE900331F
:10AD0800CDF808C0FBF7F6F807B05DF804FB00BF04
:10AD180070B506460C4686B0002938D0D1E9013214
:10AD28000025CDE90432294B0A682846CDE90232CC
:10AD3800274901222B46CDE90055FFF7D5FFD4E975
:10AD48000432CDE90432234BE2682846CDE90232C9
:10AD58001F492B460122CDE90055FFF7C5FFE269DF
:10AD68001D4B2846CDE9023219492B460122CDE96F
:10AD78000055FFF7B9FFA269184B2846CDE9023202
:10AD8800CDE900552B4601221149FFF7ADFF012EF1
:10AD980006D02146304606B0BDE870401EF062BBC2
:10ADA800EFF3058200230E49103A184603920291E8
:10ADB8003246CDE900330649FFF796FF2146304673
:10ADC80006B0BDE870401EF04DBB00BF4CD4070074
:10ADD800089107007CD40700ACD40700BCD4070056
:10ADE800ECD4070001460068FFF792BF08B500F0F1
:10ADF80005F8BDE8084000F027B800BF30BFFFF7EE
:10AE0800FDBF00BF2DE9F0410C4605460B4EDFF8AB
:10AE18003080324606EB0807E41B204609492DF02E
:10AE280065FBA01942460021083C2DF06BFBC5F8D4
:10AE3800B84007F10800BDE8F08100BF000000003D
:10AE480008000000A0950700054B5A699B689A42C4
:10AE580004D0044A536843F080535360704700BFDE
:10AE680008E2012000ED00E0002300B587B0DDF81E
:10AE780028C00BA80390059001221846CDE900339D
:10AE8800CDF808C0FBF736F807B05DF804FB00BF43
:10AE9800F0B500244F4B85B0012202930D4623469E
:10AEA8000646CDE9004420464B49FFF7DDFF4B4BF2
:10AEB8009B6ADA062CD4494B10209B6A1B0736D4B0
:10AEC800464CA36A9F0741D4444B9B6ADB074ED488
:10AED800424B9B6A9F0659D4404B9A6AD60602D4C5
:10AEE8009B6A9C0703D53D4B9B6AD9066CD43B4BA8
:10AEF8009A6A920603D55A6A22F400525A620021CD
:10AF0800364A936A43F0FF039362297005B0F0BD97
:10AF1800334A23462046CDE901422F4901220094B5
:10AF2800FFF7A2FF2D4B11209B6A1B07C8D50023F2
:10AF38002C492A4C1846CDE90033029101222649B2
:10AF4800FFF792FFA36A12209F07BDD50027264B63
:10AF580001222149029338463B46CDE90077FFF7A5
:10AF680083FF626BA36A19061CD41320ACE7002385
:10AF78001E480093CDE90130012218461649FFF713
:10AF880073FF164B14209B6A9F06A5D5002318480B
:10AF98000122CDE90130104918460093FFF764FFFC
:10AFA800152099E7134B0392CDE9017338463B46C8
:10AFB800012209490097FFF757FF002ED5D0A36A51
:10AFC80023F08003A362D0E740F22D110A48F9F775
:10AFD80077FF00BF00D507000891070000ED00E0EB
:10AFE80018D507004CD5070060D5070090D5070095
:10AFF800B0D5070078D50700E0D50700F0B50024E4
:10B00800464B85B002930D46234601220646CDE9FC
:10B01800004420464249FFF727FF424B9B6ADF0462
:10B028005ED416223F4B9B6A18054DD43D4CA36A4B
:10B03800990538D43B4B9B6A580528D439498B6A03
:10B0480013F4807317D1896A890409D41046002142
:10B05800344A936A43F47F439362297005B0F0BD84
:10B0680031491846CDE9013101222D490093FFF7F6
:10B07800FBFE1C20EBE700232C480122CDE9013020
:10B08800274918460093FFF7EFFE1B20DFE7002350
:10B0980027480122CDE90130214918460093FFF7DE
:10B0A800E3FE1A22CAE70027224B01220293384600
:10B0B8003B46CDE900771A49FFF7D6FEA26BA36A93
:10B0C8001B0419D41922B5E700231B490122029158
:10B0D8001846CDE900331249FFF7C6FE1822A5E746
:10B0E800164A2346CDE90142204601220C49009424
:10B0F800FFF7BAFE172295E7114B0392CDE90173CA
:10B1080038463B46012206490097FFF7ADFE002E60
:10B11800D8D0A36A23F40043A362D3E714D6070068
:10B128000891070000ED00E0B0D5070090D60700B1
:10B1380074D6070040D607004CD507002CD6070068
:10B148005CD6070010B500244B4B84B04B490293E2
:10B15800012223462046CDE90044FFF785FE484BEF
:10B168009B6A990121D4464B1D209B6ADA012BD496
:10B17800434B9B6ADB0236D4414B9B6A1C0341D488
:10B188003F4B9B6A59034CD43D4B9B6A9A0357D457
:10B198003B4B9B6ADB0362D4394A936A6FEA0343E9
:10B1A8006FEA1343936204B010BD36482346012268
:10B1B800CDE90140314920460094FFF755FE304B58
:10B1C8001E209B6ADA01D3D500232F48CDE900332E
:10B1D8000290012218462949FFF746FE284B1F20F6
:10B1E8009B6ADB02C8D500232848CDE900330290CA
:10B1F800012218462149FFF737FE214B02209B6A9E
:10B208001C03BDD500232248CDE900331B49029019
:10B2180001221846FFF728FE194B21209B6A590383
:10B22800B2D500231B480122CDE90033029013490F
:10B238001846FFF719FE124B22209B6A9A03A7D5DE
:10B2480000231548CDE900330290012218460B4926
:10B25800FFF70AFE0A4B23209B6ADB039CD50023D9
:10B268000E4801220290CDE9003318460349FFF742
:10B27800FBFD242090E700BFA8D60700089107002F
:10B2880000ED00E0C0D60700D4D60700F0D60700CE
:10B298001CD707003CD7070064D7070080D70700F2
:10B2A8002DE9F043924B91B0D3F804900023C9F3F1
:10B2B800080883F31188BFF36F8F02F07F43B3F15F
:10B2C8007F4F19D112F00106154615D107465006D1
:10B2D8000C464AD4110745D500276CB100238DF8D8
:10B2E8001F30A8F10303092B0BD8DFE803F07069BE
:10B2F8005C580A0A0A0A0A4D40F214417D48F9F7D7
:10B30800DFFD7D4A7D49A8F1100319F4F87F049305
:10B3180002924FF000037A4A18BF0A461846039271
:10B32800CDE9003301227749FFF79EFD2068616867
:10B33800A268E36808AD0FC520696169A269E3697D
:10B348000FC5002F00F09780C3F3080240F2FF11E9
:10B358000AB90B430F93304608A9FFF7D9FC11B07F
:10B36800BDE8F0833C460127B7E7674B012202930B
:10B3780030463346CDE900666249FFF775FD6A0736
:10B38800AAD43C463746A8E70023604A18460292EA
:10B39800CDE9003301225B49FFF766FDC6E7FFF7F9
:10B3A800D1FE0646C2E700200DF11F01FFF726FE79
:10B3B80006469DF81F30002BB8D011B0BDE8F083C9
:10B3C80000200DF11F01FFF763FD0646F1E7002598
:10B3D8004F4B0122029328462B46CDE90055494997
:10B3E800DFF80C91FFF740FD8DF81F50D9F82C308D
:10B3F80013F0020846D1D9F82C30002B54DBD9F8C9
:10B408002C305B006AD5434B0122CDE901834046CD
:10B4180043463C49CDF80080FFF726FDD9F81430A3
:10B42800A26943F48073C9F81430BFF34F8FBFF398
:10B438006F8FD9F8143032F8022C23F48073C9F8CE
:10B448001430BFF34F8FBFF36F8F4DF602739A42DC
:10B458002FD0D9F82830DBB2FBB9D9F8283013F44B
:10B468007F4F34D1D9F82830B3F5803F3BD3FFF76D
:10B4780069FE06469DE70F9B23F4FF7323F0010343
:10B488000F9368E7244BCDE901532B461846012258
:10B498001C490093FFF7E8FC48E701200DF11F0164
:10B4A800FFF7F6FC064684E71C4BCDE901834346CB
:10B4B800ECE722681A4B4046CDE90232CDE9008814
:10B4C800434601220F49FFF7CFFC266871E70120A8
:10B4D8000DF11F01FFF792FD06466AE74FF43C7134
:10B4E8000448F9F7EDFC40F2ED210248F9F7E8FCD1
:10B4F80000ED00E0E0D50700B0D80700C4D707008A
:10B50800ACD7070008910700E0D707008CD80700E0
:10B5180004D8070050D807001CD8070040D80700F7
:10B5280070D80700064B5A6942F010025A615A69EE
:10B5380042F480625A615A6922F008025A617047DF
:10B5480000ED00E0EFF30880EFF3098101B57246E2
:10B55800FFF7A6FE01BD00BF002080F31488BFF3EB
:10B568006F8F002080F30A8880F30B88124880F3DD
:10B57800088819F009F9002010490860BFF34F8FB7
:10B5880000F032F8202080F311880D484FF0AA010E
:10B598004FF40062FFF77CFB09484FF40061401844
:10B5A80080F30988EFF314800221084380F314889C
:10B5B800BFF36F8F00F010F9B84C022094ED00E053
:10B5C80078330220BFF34F8F0549064BCA6802F44F
:10B5D800E0621343CB60BFF34F8F00BFFDE700BFAE
:10B5E80000ED00E00400FA0572B6002383F3138827
:10B5F800154AD2F8900010F47F4FC0F3072107D006
:10B608001846C2F8983001339942C2F8A000F8D120
:10B6180000234FF0FF300D4903F120020133102BB6
:10B6280041F82200F8D100234FF0FF30074903F119
:10B6380060020133102B41F82200F8D162B6BFF343
:10B648004F8FBFF36F8F704700ED00E000E100E01F
:10B658000A4B9B68834201D020F048BEEFF3058374
:10B66800002BF9D0064B5A6842F080525A605A6A49
:10B6780022F400425A6220F039BE00BF08E20120DD
:10B6880000ED00E018498A6882F8C5E04FF0300004
:10B698001044EFF3098C80E8F01F202080F3128813
:10B6A800BFF36F8F114F4FF000664A698A603E60A2
:10B6B800D2F8B8000E4C206092F9C5E0D2F8BC0070
:10B6C8000023C2F8BC3080F3118802F1300090E802
:10B6D800F01F8CF3098802F1000004B500F0B4F8FB
:10B6E800BDE804407047000008E2012004ED00E0D6
:10B6F8001CD901201EF0040F0CBFEFF30880EFF3F4
:10B708000980816911F8021C0229FFD001B572462F
:10B71800FFF768FB01BD00BF40B2002807DB01232B
:10B7280000F01F01024A40098B4042F82030704760
:10B7380000E100E040B200280CDB01220649430981
:10B7480000F01F002033824041F82320BFF34F8FC1
:10B75800BFF36F8F704700BF00E100E00123054A87
:10B76800410952F8212000F01F0003FA00F01040B0
:10B77800704700BF00E100E00131072908B511D882
:10B7880040B249010028C9B206DB00F1604000F56B
:10B79800614080F8001308BD044B00F00F0003441B
:10B7A800197608BD6B210248F9F78AFBFCEC00E02A
:10B7B800C4D8070000210120FFF7AABA044B054AA4
:10B7C80023F07F039360BFF34F8FBFF36F8F7047F2
:10B7D8000000040000ED00E008B5FFF7EFFF074A9E
:10B7E800D2F8883023F47003C2F88830FFF754FA8F
:10B7F800FFF75EFA00F080F81DF036FF00ED00E07C
:10B8080070B44FF43C464FF080750024C0F8C46013
:10B8180042F8203C039B0B4942F81C3C049B21F056
:10B82800010142F8183C059B42F8045C42F8143CBC
:10B83800A2F1200342F8081CC0F8BC40036570BCA4
:10B84800704700BF854E0400D0F8A83083F30B88FA
:10B85800704700BF6FF08500704700BF00B5154600
:10B868000D4B0E4CD0F8B82098600E46D0F8A83092
:10B87800226083F30B882C4686F309880020044B4A
:10B8880098472046002100220023024C2047000050
:10B89800A9B80400854E040008E201201CD9012043
:10B8A80061B662B680F31188BFF36F8F704700BF2F
:10B8B8001022014B1A61704700ED00E072B60023B8
:10B8C80083F31188BFF36F8FBFF34F8F30BF62B61A
:10B8D800BFF36F8F704700BF72B6002383F31188E0
:10B8E800BFF36F8FBFF34F8F20BF80F31188BFF373
:10B8F8006F8F62B6704700BF002320200349CA1823
:10B908000133412B82F80003F9D1704700E100E0D0
:10B9180008B5EFF30583064A103B02EBC30152F862
:10B92800330049688847BDE80840FFF78DBA00BF73
:10B93800948D070040E800F313F4803FD8B208BFA5
:10B948006FF01500704700BF10B50A4C84B023464D
:10B9580001210948094A00F067F90022084B012132
:10B96800E41A01A8CDE90134039200F06FF904B09C
:10B9780010BD00BF00000420FCD8070000600120B3
:10B98800C07C0120002300B587B0DDF828C00BA8D3
:10B998000390059001221846CDE90033CDF808C080
:10B9A800FAF7A8FA07B05DF804FB00BF10B5184C09
:10B9B80084B0D4F89030C3F30723013B984219D8D8
:10B9C80091F808C0CB680A6823F01F034FEA5C119E
:10B9D80022F01F0243EA41030CF01F0C42EA0C025A
:10B9E80043F00103C4F89800C4F89C20C4F8A030C0
:10B9F80004B010BD0023074C039001221846CDE97E
:10BA0800003305490294FFF7BDFF6FF01500EFE71B
:10BA180000ED00E00CD90700E090070010B51A4CC3
:10BA28000B89D1F800C0D4F890202CF01F0EC2F377
:10BA3800072203F01F0C4B68013A013B90424989E9
:10BA480084B0734411D801F0070123F01F0343EABF
:10BA580041034CEA0E0243F00103C4F89800C4F80D
:10BA68009C20C4F8A03004B010BD0023074C0390FC
:10BA780001221846CDE9003305490294FFF782FFF9
:10BA88006FF01500EFE700BF00ED00E00CD90700EC
:10BA9800E09007002DE9F04F164689B0D1B1044671
:10BAA80088464FF00009071D6568002D00F0818069
:10BAB8001F2D01D9EB0611D0002301225648574902
:10BAC800CDF80C90CDE9013000931846FFF75AFFE6
:10BAD8006FF01506304609B0BDE8F08F57F804AC92
:10BAE8001AF01F0FE8D15046FFF724FF03465544CC
:10BAF800681E1D46FFF71EFF85427FD115F1160F00
:10BB08007ED0B5427CDA464BC3F89850D3F89C00F7
:10BB1800C3F8985057F8041C6268D3F8A0B020F016
:10BB28001F000A4488424BF01F0B02F1FF3A50D025
:10BB3800C3F89850D3F8A020013921F01F0102F072
:10BB48001F020A43D3452146F0B2C3F8A0203AD0D9
:10BB5800FFF764FF10F1160FBAD0314B0BF1FF3B22
:10BB6800C3F89850D3F89C109DF81820013061F361
:10BB780004028DF81820D3F8A010626857F8043C26
:10BB880049081344049323F01F035B44A3EB0A03FF
:10BB980023F01F0307939DF81830C0B261F34713D1
:10BBA80004A98DF81830FFF701FF10F1160F8FD098
:10BBB800461C09F10109C14504F10C0407F10C0701
:10BBC8007FF472AF86E7FFF729FF10F1160FEFD168
:10BBD8007EE7D3451AD0C3F89850D3F89C1022F0CA
:10BBE8001F0201F01F010A43F0B22146C3F89C204E
:10BBF800FFF714FF10F1160FDAD169E76FF015059A
:10BC0800002301220748054903955BE72146E8B26E
:10BC1800FFF704FFCDE700BF34D90700E090070025
:10BC280000ED00E058D9070010B5064C2278FFF760
:10BC380031FF2070163000D010BD4FF4C471024897
:10BC4800F9F73EF96BE201207CD90700002953D0AF
:10BC58002DE9F84F8B4606464FF00008274CDFF8D1
:10BC6800A0A02BE015F1160F44F8045C3DD0254B3D
:10BC78001B78AB4239DDCAF89850CAF89850DAF800
:10BC88009C20237A62F304032372DAF8A030227A24
:10BC98005B0863F347122272DAF89C3023F01F0323
:10BCA8002360DAF8A03023F01F03E36008F10108ED
:10BCB800D84506F10C0604F114041BDA7768002F46
:10BCC800F4D0D6F800904846FFF734FE054607EB57
:10BCD80009000138FFF72EFE8542C3D06FF0150228
:10BCE800094B08EB880843F828204FF4CC71074823
:10BCF800F9F7E6F8BDE8F88F704700BF24D90120AE
:10BD080000ED00E06BE2012020D901207CD907007A
:10BD18002DE9F041704D714AD5F890301768C3F39A
:10BD280007239F4286B000F2D280BFF35F8F0024C2
:10BD38006B4BC5F89440C5F8C030DFB15168087A3C
:10BD4800CB680A68460923F01F03C5F8984022F01B
:10BD58001F0200F01F0043EA46030134024343F088
:10BD68000103BC42C5F89C2001F11001C5F8A030C0
:10BD7800E5D1E7B2DFF86C8101A888F80070FAF71E
:10BD88003DFC054600287DD000240627564E27E0B6
:10BD9800B3F5801F52D0B3F5001F1ED151F80C30F7
:10BDA80041210393D2E90123013B029222F01F02B1
:10BDB800134423F01F030593C3078DF8101000F1F7
:10BDC800828098F8000002A9FFF7F0FD002830DB18
:10BDD80098F80030013388F800300134A54251D07A
:10BDE80001994FEA041C01EB0412D06800EA06032B
:10BDF800B3F5800F36D0CBD9B3F1006F28D0B3F1AB
:10BE0800805FEAD1D2E9010351F80C20013B20F010
:10BE18001F010B440121CDE9020223F01F038DF815
:10BE2800101098F8000002A90593FFF7BFFD00283D
:10BE3800CEDA40F22B212D48F9F742F8D2E9010376
:10BE480051F80C20013B20F01F010B442121E2E7AF
:10BE5800D2E9010351F80C20013B20F01F010B44EB
:10BE68006121D8E7D2E9010351F80C20013B20F009
:10BE78001F010B4423F01F03CDE902028DF8107057
:10BE880005939EE7144998F80030D1F89020C2F342
:10BE9800072293420BDA0020C1F89830C1F8A000BD
:10BEA800D1F890200133C2F307229A42F4DC05222C
:10BEB800094BC3F89420BFF34F8FBFF36F8F002057
:10BEC80006B0BDE8F08183210848F8F7F9FF40F291
:10BED80001210648F8F7F4FF00ED00E0ACD90700AF
:10BEE800AAFF44006BE201200000F0FF7CD90700A4
:10BEF80008B5D1E904319847002008BD944610B52B
:10BF08000C461A46614600234FF0020C86B0059491
:10BF1800064C04906846CDE90034CDE902338DF82B
:10BF280002C026F0B3F806B010BD00BFF9BE040089
:10BF380008B5024B1B689847002008BD34D901207A
:10BF4800034A04499378086043F0020393707047EA
:10BF58005077012034D9012008B50548F8F772FF59
:10BF6800002383F31188BFF36F8F0423184602DF81
:10BF7800E4D9070008B50649064821F00701C1F1D0
:10BF8800005202F58022F8F70DFB002008BD00BF23
:10BF98009320032038D901202DE9F04F8FB0189C49
:10BFA80008920593002C00F06B8205468E468C465D
:10BFB80003F00803DFF88892DFF88882DFF888B298
:10BFC80006932B469CF800200698114613F8014B5F
:10BFD80000284BD13F2C7BD03AD8002C00F021818F
:10BFE8002A2C3DD169782A291AD1984C069D01E05E
:10BFF8002A2915D113F8011F002DF9D0605C00F033
:10C0080003000128F4D12031C9B22A2908D113F834
:10C01800011F605C00F003000128F4D02A29E9D050
:10C028002E2A1D4600F04882002900F0C0822F29E0
:10C0380040F092820598840740F18E8260462CF089
:10C048000FFB84460028BCD101200FB0BDE8F08F5B
:10C058005B2C51D05C2C03D10599C90740F1638250
:10C068009442F1D11D460CF1010CAAE77748264607
:10C07800075D07F00307012F00F0EF81875C07F0E9
:10C088000307012F00F0F3813F2ECAB220D00DDC48
:10C09800002E00F0C6802A2EE2D16978405C00F0BC
:10C0A800030001289FD12031C9B29CE75B2E23D021
:10C0B8005C2ED5D10599CE07D2D46C78AB1C015D26
:10C0C80001F003010129CBD104F12001CCB2C7E76B
:10C0D800002AB9D02F2A00F000822E2AC2D1059A50
:10C0E8005107BFD508998C45AED09207BAD51CF830
:10C0F800012C2F2AB6D1A7E7002AA5D02F2A00F0B5
:10C10800F1812E2A03D10598470700F1FF816E7847
:10C11800212E00F0AF815E2E00F0AC810020079345
:10C128000D900698C9B230B14848405C00F0030051
:10C13800012808BF2031C9B25D2E0491CDE90A4318
:10C148004FF00001079FDFF808E1DFF808A10C9223
:10C15800CDF824C058D0002E00F0A3812F2E00F077
:10C1680023815C2E787800F000815B2E40F0E1811D
:10C178003A2840F0DE81BD78002D00F0648100236C
:10C18800BA1C1C46039105E045EA032312F8015F37
:10C198000C463DB112F801CC2102BCF15D0F41EA19
:10C1A8001361F1D14C4508BF73458446039900F0EB
:10C1B80041819E4579EB04057AD3274D5C4508BF3C
:10C1C800AB4200F02F819D427BEB040562D3234DE7
:10C1D8002348AC4208BF834200F01B8105F57F4528
:10C1E80000F1C160F13500F50030AC4208BF834270
:10C1F80038D1049B1678202B00F00081092B08BF4A
:10C20800012117465D2EA6D1079BBB4280F0B38063
:10C218000D9BDDF824C08B4207F101057FF423AFA5
:10C2280012E7059B1046DC0605D4003818BF01202C
:10C238000FB0BDE8F08F2F2AF7D10020F8E700BF34
:10C24800776F6C0061707300746E63007669080024
:10C258005D3A72655D3A65635D3A6C72706C610057
:10C268005D3A6168A5F57F4500F1E060F33D00F5B2
:10C278000030AC4208BF83427FD19D4B04981B5CC1
:10C2880013F0070F0CBF0123002303B90121174640
:10C298001678B7E79748984DAC4208BF83421ED13D
:10C2A800934B04981B5C83F00403C3F38003ECE70F
:10C2B800444508BF534500F0A4809A4578EB04052F
:10C2C80034D28E48844208BF73451CD1884B0498E9
:10C2D8001B5C03F00303013B18BF0123D5E705F5F9
:10C2E800423500F1DE60FA3500F58020AC4208BF27
:10C2F800834242D17E4B04981B5C13F0170F0CBF8E
:10C3080001230023C1E700F1D2407D4DA0F59B3009
:10C318001338AC4208BF83422FD1754B04981B5C7D
:10C3280013F0440F0CBF01230023AEE77548764D88
:10C33800AC4208BF834208D16D4B04981B5C13F0D4
:10C34800970F0CBF012300239FE700F1754005F20A
:10C358000535AC4208BF83420FD1654B04981B5C7E
:10C3680083F01003C3F300138FE7059B8446DA07B5
:10C3780003D40646013797F801C0069B7A1CC3B15F
:10C388005B4B9B5D03F00303012B0ABF06F12004FE
:10C39800F4B2E4B2BCF12D0F0FD0049B1746A342B0
:10C3A80008BF012116782DE7059B98073FF54CAE8D
:10C3B800E1E7BCF12D0F3446EFD1B8780028ECD076
:10C3C8005D28EAD05C2807F1020C5DD0069BFA1CB8
:10C3D80053B10646464B1D5C05F00305012D00F0E0
:10C3E800AE8000285DD0F0B2049B9CF80160A342A7
:10C3F800FFF407AF049B83423FF603AF01211746C2
:10C4080000E73B4B04981B5C83F00803C3F3C003AD
:10C418003BE7374B04981B5C13F0030F0CBF012359
:10C42800002332E7324B04981B5C83F02003C3F3EC
:10C4380040132AE72E4B04981B5C03F00303023BCE
:10C4480018BF012321E7069B7A1C002B32D1049BDD
:10C458005B2B70D006461746D4E620342646875C08
:10C46800E4B207F00307012FF6B27FF40DAE02F134
:10C47800200109E601200D90A81CAE78079050E62F
:10C4880003200FB0BDE8F08F059BDB079ED4F8783A
:10C49800069B064607F1030C3A1D002B9AD100288B
:10C4A800A2D1DDE90A430C9ADDF824C094423FF496
:10C4B800D9ADC9E5844663E7059847077FF5B4AD6C
:10C4C800089CA4453FF4C0AD86077FF5ADAD1CF8C8
:10C4D800010C2F287FF4A8ADB6E5059A90077FF5E3
:10C4E800C1ADB1E5059880077FF511AEACE500BF99
:10C4F800766908005D3A7469676964007070750050
:10C50800676964785D3A746E69727000089EB44514
:10C518003FF49AAD86077FF5FAAD1CF8010C2F2879
:10C528007FF4F5AD90E56C78AB1C94423FF49AAD7E
:10C538008AE5844621E706461746012111E6E028E8
:10C5480000F12006ADD0F6B29B5D03F00303012B8A
:10C558007FF449AF203646E71E46E646189C002A77
:10C568003FF472AD7546059B184F04F1FF3803F090
:10C57800020429463046059B089ACDF80080FFF74B
:10C588000BFD00283FF454AE069A15F8013B32B172
:10C59800FA5C02F00302012A04BF2033DBB22F2B1E
:10C5A80002D0002BE5D14FE5002CE2D04CE5059BED
:10C5B800E64613F002003FF43BAEDD063FF53DAE24
:10C5C8002F2160462CF04CF82FE600BF7669080052
:10C5D80010B5402482B0134600940A46FFF7DCFCED
:10C5E80002B010BD10B4D0F800C0074C074AC4F818
:10C5F80000C0446806491460064B846802690C60F0
:10C608001A6010BC704700BF4CD9012048D90120DE
:10C6180044D9012050D901204FF0340C30B40C4BD0
:10C62800827A0CFB0232D26AD2E901240C601168CA
:10C63800827A0CFB023393F824201D6B1B32431BB8
:10C6480022F00302B3FBF2F304FB031030BC704783
:10C65800EC7A0120704700BF2DE9F04F054685B000
:10C66800684691469B46039120F020FDDDE900676E
:10C67800002D00F0A28005F11C08EFF3118A202399
:10C6880083F31288BFF36F8F404620F063F90028C8
:10C6980000F08F80404620F083F96C8C002C69D024
:10C6A8002B8CA34234D8631E40466B8420F060F97B
:10C6B800002800F087808AF31188BFF36F8F95F800
:10C6C8002420298C424B091B1B322C6B22F00302BD
:10C6D80001FB0244EB1A3F4A9B1002FB03F3A372CF
:10C6E80095F82430E372039D35BB6561002601236C
:10C6F80031462381E27A658204F1180066602BF0E6
:10C7080001FF63692682E360204605B0BDE8F08F2B
:10C718000022284600231DF0D5FE044600283BD001
:10C72800404620F025F900284CD08AF31188BFF341
:10C738006F8F039D002DD8D032463B46684620F0C7
:10C74800E5FC3422A37A224E204602FB0363DB6A0F
:10C7580003A91B681F68DDE90023B8476061E8B1D9
:10C76800039B9D4298BF1D46C0D94FF4AB711A4830
:10C77800F8F7A6FB404620F0FBF818B38AF31188B7
:10C78800BFF36F8F4A465B4628461DF09BFE044662
:10C798000028A8D10024B7E76C8C84E7A37A214647
:10C7A80003EB430203EB820306EB83001DF07EFEDE
:10C7B800F0E788210948F8F783FB40F201110648A1
:10C7C800F8F77EFB4FF49A710448F8F779FB00BF3D
:10C7D800EC7A0120C54EECC4F0D907006CB607000E
:10C7E800C16A8968FFF738BF2DE9F04182B0002897
:10C7F80036D00446342600271C4D2046037A646848
:10C808004BB3013BDBB2037253B990F80A80C360A3
:10C8180006FB08524360936A2BB19847002CECD171
:10C8280002B0BDE8F081416949B1437ADB0705D41C
:10C83800D36A01901B689B6898470198476108EB89
:10C84800480308EB8308014605EB88001DF02EFE1F
:10C85800002CD2D1E4E740F2C1110548F8F730FBCB
:10C8680040F2BB110248F8F72BFB00BFEC7A01201D
:10C87800F0D9070008B5034620B118465B68002BBD
:10C88800FBD108BD40F231210148F8F719FB00BF80
:10C89800F0D9070010B550B171B144682CB10B46FE
:10C8A8001A465B68002BFBD15460416010BD4FF401
:10C8B8000F710448F8F704FB40F23D210148F8F7EE
:10C8C800FFFA00BFF0D9070008B561B130B10346DF
:10C8D8001A465B68002BFBD1516008BD0B7A0846ED
:10C8E80001330B7208BD4FF412710148F8F7E8FAEA
:10C8F800F0D907002DE9F041069C07468C4228BF75
:10C908000C46264614461AB91FE064689B1AE4B11F
:10C91800228A9342F9D24FF0000816B919E0002391
:10C9280086B1258AE168ED1AB54228BF354607EB7E
:10C9380008002A4619442BF0D9FD6468761BA844E0
:10C94800002CECD14046BDE8F081A0464046BDE849
:10C95800F081B046F6E700BFB02108B50148F8F706
:10C96800AFFA00BF2CDA070008B528B183883BB9B5
:10C9780083680B44036008BD2B210348F8F7A0FA2D
:10C988002C210148F8F79CFA2CDA070038B5034641
:10C998000468B0F804C0DA889D6804EB0C00A2EBC8
:10C9A8000C02641B121B914203D88C44A3F804C0E8
:10C9B80038BD3E210148F8F783FA00BF2CDA07009A
:10C9C80038B503460068B3F804E0B3F806C09D68BC
:10C9D800ACEB0E0C451BACEB050C6245704406D85D
:10C9E8009644A3F804E0BDE838402BF07FBD3E2113
:10C9F8000148F8F765FA00BF2CDA070008B5838804
:10CA08008B4205D35B1A9BB202688380D01808BD9D
:10CA1800FFF7A2FF08B582888A4206D3034600685A
:10CA2800521A08449A80186008BD40F2C3110148A0
:10CA3800F8F746FA2CDA070003688168C288B0F86C
:10CA480004C05B1AA2EB0C00C01A70470368826826
:10CA5800C0889B1AC01A80B2704700BF0CB4034646
:10CA680000B583B004AA084652F8041BDB6801929B
:10CA7800984703B05DF804EB02B07047062810B57C
:10CA88001ED8134C00EB40034FEA031E4FEA400C3C
:10CA980004EB0313D3E8AF3F93B1A4F1080303EB0E
:10CAA8000E0464680C6022B10EF10C0E03EB0E014B
:10CAB800116084444FEA0C1C53F80C30184610BD22
:10CAC8002CF026F80921034A00231150F6E700BF8D
:10CAD80000C501200C00000070B5002425461F4E3B
:10CAE8004FF0FF324FF0FF331D481DF03BFA06F1BF
:10CAF80008010B19D3E8AF2F82B10135072D04F1D6
:10CB08003004F6D12CF004F81722164B4FF0FF35FD
:10CB18001A5013481DF0D6FA284670BDD3E8EF0F17
:10CB28000130C3E8E10F0029F8D10020002105EB0E
:10CB3800450306EB03139A62C3E9000104F10C00F4
:10CB480030441DF007FA04F1200030441EF098FA32
:10CB580003481DF0B7FA284670BD00BFF8C401208D
:10CB6800B87901200C00000070B515460F4E00EB97
:10CB7800400006EB00120401D362315155609DB1AB
:10CB8800EB688BB12BF0C4FF0C3433190446084E04
:10CB98002846A55940F20512FFF760FF5F2D03D024
:10CBA800A3595F2B08BFA55170BD00BFF8C4012071
:10CBB8000C00000030B500EB40030F491B0108339F
:10CBC8004FEA400C0B44D3E8AF2F02F1FF3E52B1BD
:10CBD800D3E8EF4F944203D1C3E8E5EF002DF7D136
:10CBE800F1D1012A00D030BD00220023844401EB9A
:10CBF8000C11C1E9002330BDF8C4012006282DE935
:10CC0800F84343D800EB4004244F240104F10806FC
:10CC180005464FEA40083E44D6E8AF3FB3B304F1B7
:10CC28000C09B9444FF0FF324FF0FF3348461DF06E
:10CC380099F93A1953689B6833B3D26A385912F490
:10CC4800404F1DD19847044648461DF03BFAD6E8A8
:10CC5800AF3F5A1E8BB1D6E8EF1F994203D1C6E801
:10CC6800E02F0028F7D1F2D1012B06D100200021B6
:10CC7800A84407EB0813C3E900012046BDE8F88380
:10CC8800294698470446DFE71C46DDE72BF040FFBE
:10CC98000922034B4FF0FF341A50EEE7F8C4012085
:10CCA8000C0000000CB4034600B583B004AA084683
:10CCB80052F8041BDB680192984703B05DF804EB57
:10CCC80002B070472DE9F04F89469DB006460DF138
:10CCD800340A08A89846174620F0E8F9DDE9083430
:10CCE800CDF828A0CDE90234B9F1000F00F0858015
:10CCF80000214D46CDF81C9034468946CDE90516ED
:10CD0800049109E00C981DF0DDF9BBF1000F33DB4D
:10CD1800013D04F108043FD020680BA90028F7DB87
:10CD28000CAAFFF7ABFE06460028F1D00C984FF08E
:10CD3800FF324FF0FF331DF015F90AAB1CAACDE9FD
:10CD48000032314623464FF481720B98FFF7AAFF51
:10CD580010F1780F834612D010F1120FD2D1049B34
:10CD6800002B66D04FF0000B4FF001090C981DF016
:10CD7800A9F9BBF1000FCBDACBF10003C4E000271F
:10CD88000022002308A820F091F9DDE90823B8461D
:10CD9800BB46CDE90223B5E74A46DDE90516DDF8CD
:10CDA8001C9052B3B8F1FF3F08BFB7F1FF3F00F046
:10CDB800B2804FEA48127B01DB1B42EAD76262EB82
:10CDC8000802900040EA93709B00DA1948EB0003D0
:10CDD800DB0043EA5273C2F3103242EA4342019243
:10CDE80033464FF482720498CDF80090FFF75AFF4B
:10CDF800834658461DB0BDE8F08FDDE9022308A838
:10CE080020F084F9089FDDF8248004963A464346CA
:10CE18004E460A994148A1EB0A01891000FB01F12D
:10CE2800504620F09BFC00F10B020B2A09D9434223
:10CE38006AE00B9B4FF0000B4FF001090596049335
:10CE480060E7374B134113F00103F0D1CDF828A068
:10CE5800002E4DD0994635469B469846049C23E0C3
:10CE68000C984FF0FF324FF0FF331DF07BF80DF1B7
:10CE7800280C3946234640F203120B98CDF800C01F
:10CE8800FFF710FF07460C981DF01CF917F10B0F60
:10CE980031D0002F37D1B4F906300BB109F10109AF
:10CEA800013D04F1080413D02068A4F80680002886
:10CEB800F6DB0CAA0BA9FFF7E1FD07460028CFD146
:10CEC8002023013DE38009F1010904F10804EBD1B5
:10CED800BBF1000F12D0B9F1000F0FD1DDE9022329
:10CEE80008A820F013F9DDE9082353EA020190D1DC
:10CEF8004FF0000B7DE74FF0010BD1E7CB465846CA
:10CF08001DB0BDE8F08F7B422BF002FE054A4FF0C2
:10CF1800FF3B13506DE74FF0FF3260E7CDCCCCCC30
:10CF28007EF7FFFF0C000000002A70B504460D468E
:10CF380013DB4FF4004340F2E7300021C2FB03014A
:10CF48004FF47A72002324F0CBFD02460B462046AC
:10CF58002946BDE87040FFF7B5BE4FF0FF322946BD
:10CF68002046BDE870401346FFF7ACBE0122024BD5
:10CF78000020C3F8402570470090034058B1064B85
:10CF880006491B68064AA1FB03139B0C03FB00F030
:10CF980042F0010210477047A478012083DE1B434A
:10CFA8000096070008B54FF6FF723F230348C0E913
:10CFB800002317F03BFC002008BD00BF48C6012035
:10CFC800F0B5064683B00D461746164C20461CF0B1
:10CFD8000BFA00B3AAB2A3681B68FBB1204631461E
:10CFE8009847002802DB002003B0F0BD002FFBD1DA
:10CFF800002DF8D03C462F1B042F28BF042716F01D
:10D0080059FF3A46019001A930193C442BF06EFAB9
:10D01800A542F0D8E7E76FF01200E5E75D21024886
:10D02800F7F74EFFF48C07006CDA07000022FFF7D1
:10D03800C7BF00BF012208B5FFF7C2FF002818BF0D
:10D048006FF0040008BD00BF2DE9F84F06460D46F5
:10D05800012044219846174620F0FAFDC8F8000040
:10D06800002862D0044686B330462BF0C7FA04F194
:10D0780024090146002F4DD0D7E902BA3046BAF14B
:10D08800020F4A461ABF06274FF0010A11270AF075
:10D0980043FFC0B1A68CBBF1000F01D0B34512D13C
:10D0A80055B128460A22002124F0F4FD4FF6FE73FC
:10D0B800421E9A42054606D8012EC4E903A7A66077
:10D0C80020D0022E0BD0D8F80040204620F0AEFD2C
:10D0D80000236FF00100C8F80030BDE8F88F002287
:10D0E8001821A684C4F81C902B0243EA2523E38464
:10D0F80004F12C03236284F82C202260A161002013
:10D10800BDE8F88F08210022A684C4F81C9005FA0F
:10D1180001F3EAE730464A460AF0FEFE0028D2D07C
:10D1280006274FF0010AA68CBAE76FF00900D4E78A
:10D1380020F07CBD0CB4034600B583B004AA0846B1
:10D1480052F8041BDB680192984703B05DF804EBC2
:10D1580002B070472DE9F0471E4CDFF87C8044454B
:10D1680030D825D205460F469146A8EB040323F094
:10D178000F03E6182368AB4200D0A3B9A3682BB30A
:10D188004A4639462846984768B12BF0C1FC3946CB
:10D1980003460027114EE4689F514A462846234615
:10D1A800BDE8F0471847B4420CD010344445E1D3E9
:10D1B8002BF0AEFC6A210346084A4FF0FF30D150ED
:10D1C800BDE8F0876D210648F7F77AFE7521044817
:10D1D800F7F776FE78900700989007000C0000009B
:10D1E800A0DA0700FFF70ABD30B583B00D4601AAE3
:10D1F8006946FFF743FCF0B1009B1B699BB10446ED
:10D2080001984FF0FF324FF0FF331CF0ABFE009B4C
:10D21800294620461B699847044601981CF052FF8E
:10D22800204603B030BD86232BF072FC034A4FF032
:10D23800FF341350F4E70923F6E700BF0C000000A1
:10D2480070B582B00E461546694601AAFFF716FC6E
:10D25800F8B1009B5B69A3B1044601984FF0FF3217
:10D268004FF0FF331CF07EFE009B2A4631462046D5
:10D278005B699847044601981CF024FF204602B0D9
:10D2880070BD5F222BF044FC034B4FF0FF341A5063
:10D29800F4E70922F6E700BF0C00000070B582B081
:10D2A8000E461546694601AAFFF7E8FBF8B1009B50
:10D2B8009B69A3B1044601984FF0FF324FF0FF334A
:10D2C8001CF050FE009B2A46314620469B69984731
:10D2D800044601981CF0F6FE204602B070BD5F229D
:10D2E8002BF016FC034B4FF0FF341A50F4E70922D9
:10D2F800F6E700BF0C00000030B583B00D4601AA68
:10D308006946FFF7BBFBF0B1009BDB699BB10446A4
:10D3180001984FF0FF324FF0FF331CF023FE009BC3
:10D3280029462046DB699847044601981CF0CAFE46
:10D33800204603B030BD5F222BF0EAFB034B4FF0D1
:10D34800FF341A50F4E70922F6E700BF0C0000008A
:10D35800F0B585B00F46164602A903AA1D46FFF789
:10D368008DFB20B3029B5B6ACBB1044603984FF058
:10D37800FF324FF0FF331CF0F5FD0B9B2046019365
:10D388000A9B029C009332462B463946646AA047A2
:10D39800044603981CF096FE204605B0F0BD5F22B7
:10D3A8002BF0B6FB034B4FF0FF341A50F4E7092279
:10D3B800F6E700BF0C000000F0B585B00F46164632
:10D3C80002A903AA1D46FFF759FB20B3029B9B6ADB
:10D3D800CBB1044603984FF0FF324FF0FF331CF0F7
:10D3E800C1FD0B9B204601930A9B029C0093324689
:10D3F8002B463946A46AA047044603981CF062FEEF
:10D40800204605B0F0BD5F222BF082FB034B4FF0A6
:10D41800FF341A50F4E70922F6E700BF0C000000B9
:10D4280070B582B00D461646694601AAFFF726FB7D
:10D43800A0B1044601984FF0FF324FF0FF331CF0C3
:10D4480091FD214633462A460098FFF773FE0446AD
:10D4580001981CF037FE204602B070BD2BF058FB37
:10D468000922024B4FF0FF341A50F4E70C00000079
:10D4780008B50AF0AFFAB0FA80F0400908BD00BF5D
:10D48800F0B585B00F46164602A903AA1D46FFF758
:10D49800F5FA10B3029BDB6ABBB1044603984FF060
:10D4A800FF324FF0FF331CF05DFD0A9B2046029CC3
:10D4B800009332462B463946E46AA047044603984F
:10D4C8001CF000FE204605B0F0BD5F222BF020FBCB
:10D4D800034B4FF0FF341A50F4E70922F6E700BF78
:10D4E8000C000000F0B585B00F46164602A903AA45
:10D4F8001D46FFF7C3FA10B3029B1B6BBBB1044672
:10D5080003984FF0FF324FF0FF331CF02BFD0A9BBE
:10D518002046029C009332462B463946246BA0478E
:10D52800044603981CF0CEFD204605B0F0BD5F22EE
:10D538002BF0EEFA034B4FF0FF341A50F4E70922B0
:10D54800F6E700BF0C00000070B582B00E46154625
:10D55800694601AAFFF792FAF8B1009BDB6BA3B109
:10D56800044601984FF0FF324FF0FF331CF0FAFCED
:10D57800009B2A4631462046DB6B984704460198B3
:10D588001CF0A0FD204602B070BD5F222BF0C0FA4F
:10D59800034B4FF0FF341A50F4E70922F6E700BFB7
:10D5A8000C00000070B582B00E461546694601AA07
:10D5B800FFF764FAF8B1009B1B6CA3B1044601980D
:10D5C8004FF0FF324FF0FF331CF0CCFC009B2A4693
:10D5D800314620461B6C9847044601981CF072FDA2
:10D5E800204602B070BD5F222BF092FA034B4FF039
:10D5F800FF341A50F4E70922F6E700BF0C000000D8
:10D60800013801288CBF0020012070472DE9F04F18
:10D6180084468E46154687B003F0020300297FD062
:10D62800002A55D0D2F800B0D946BBF1000F49D036
:10D63800012201924FF0000ACDE9045CD1461E4652
:10D6480075460CF1600840461CF0ACFF0446002803
:10D6580035D0504533D00CF07DFFBAF1000F08BF2C
:10D66800A2465845024628BF5A46019903469144A6
:10D67800ABEB020791B17AB32968002E45D0E36875
:10D688002046D4F810B0039202930CF00DFE2968DE
:10D69800039A029B11442960C4E9033B002200233A
:10D6A80040461CF00FFF014640461CF0F3FE4FB306
:10D6B800BB4640461CF076FF04460028C9D1049DAD
:10D6C800019B0BB1C5F800B0484607B0BDE8F08F24
:10D6D8004FF0FF3B0195ADE7002EDFD15B45E6D863
:10D6E8000023404600221CF0EDFE90F837309B07DF
:10D6F80004D5059AD36D43F00103D3650CF0D8FA2D
:10D70800002FD5D1BB46049DDAE70390204602924C
:10D718000CF0CAFD2968029A039B11442960DDE7D1
:10D72800002AD5D0D2F800B0BBF1000F01D001918A
:10D7380080E7D946C8E700BF70B5C36D0D46DB0763
:10D74800049E39D40446D0F8840028B14FF0FF3243
:10D758004FF0FF331CF006FC002E18DB04F16006C6
:10D76800FDB195F8373029466FF34103304685F807
:10D7780037301CF08FFE04F17C001DF087FCD4F8D4
:10D78800840018B1BDE870401CF09CBC70BDE36D0E
:10D79800764243F004036660E36504F16006002DF9
:10D7A800DFD130461CF006FF58B190F8373043F00F
:10D7B800020380F83730DEE70846BDE870400CF019
:10D7C80077BAE36D43F00103E36530461CF0F2FDE0
:10D7D800D1E700BF70B551B30C2A28D11D460B689C
:10D7E8000C4623B30646886860B108F0F9F9B0B171
:10D7F80085B921460EF044FF0028A8BF002223DB8C
:10D80800104670BD081D08F0FFFC08F0E9F9002873
:10D81800EED104E0002221460EF0F0FEECE796F986
:10D82800920000280BDD08F0DBF90028E0D1162370
:10D838002BF06EF905494FF0FF320B50E0E708F086
:10D8480083FA0028D4D1F2E74342F1E70C00000044
:10D85800F0B583B006460F461546FFF73DF9041E9E
:10D868003ADBF5B1AAB2B0B2F9B201AB0AF02EFFB9
:10D87800061E29DB002301984360C36560301CF055
:10D888008BFD01987C301DF0FBFB062D18D04FF462
:10D8980040432046124A0199FFF766F9204603B033
:10D8A800F0BD731E012B01D92A46DCE7022F04D0F4
:10D8B800012FF9D106221546D5E711221546D2E7E0
:10D8C80001980AF0DFFFE2E72046FFF773F92BF033
:10D8D8001FF9044B76421E504FF0FF34DEE700BFBD
:10D8E80044DB07000C00000040F2772108B501482E
:10D8F800F7F7E6FAD4DA070040F2272108B501481D
:10D90800F7F7DEFAD4DA0700F8B508B30546B0F839
:10D91800907000F16006C7F34107002200233046EB
:10D928001CF0D0FD044620B1032F0BD00CF0C0F939
:10D93800F3E730461CF03EFD05F17C00BDE8F840F9
:10D948001DF0A4BBFFF7E0FF20460AF0D5FFE4E78F
:10D95800FFF7D2FF4FF4137108B50148F7F7B0FA93
:10D96800D4DA0700002900DB704710B5C36D4942BF
:10D9780043F0040304464160C36560301CF01AFD9F
:10D9880004F17C00BDE810401DF080BB30B5002BD1
:10D9980083B0069D02D01FDB03B030BD0093002288
:10D9A8000023164904460BF0C3FC04F160001CF088
:10D9B800F3FC04F17C001DF063FB214605F16000D7
:10D9C8001CF068FD20460AF05DFF05F17C0003B0FD
:10D9D800BDE830401DF05ABBEA6D5B4242F00402DC
:10D9E8006B60EA6505F160001CF0E4FC05F17C0061
:10D9F80003B0BDE830401DF049BB00BF41D704006B
:10DA0800F8B540F203139942044600F08480B1F55A
:10DA1800827F45D2042900F0A080B1F5817F4DD1E5
:10DA2800D2E90015B1F904309668DF0756D45807D3
:10DA38002ED5002C00F0E680B4F89030C3F38113A3
:10DA4800012B29D194F9920008F0CAF82F68BE4238
:10DA580000F0D580B4F890302046C3F34103012B81
:10DA680000F0B08012F0BCF9022138612B685A7BB3
:10DA780061F305025A732B689A7B6FF345129A7308
:10DA88002B68DA686FF39432DA602B6814332B60F2
:10DA9800E36D13F0050F0FD06FF077031846F8BD4C
:10DAA80045F21B43994260D045F2214399420DD17A
:10DAB800C36D43F00203E3650023EFE7032961D157
:10DAC800C36DC3F340039B031846F8BD40F205132A
:10DAD800994257D11368C0F88430EDE72B689E420D
:10DAE80000F08D80042004F160021A612B685A7BD3
:10DAF80060F305025A732B689A7B6FF345129A7389
:10DB08002B68DA686FF39432DA602B6814332B6071
:10DB1800B1F904308BE7D2E90056B5F90430D907DA
:10DB280042D53368DA6812F4EE1F34D1C26DD207D9
:10DB380031D414333360AB885F0738D4E36D5A07A8
:10DB480004D5EB8843F00803EB80E36DDB07B3D51E
:10DB5800EB8843F01003EB80AEE71268C36D520404
:10DB680023F00203A5D4C365A6E700231468194669
:10DB78001A46FFF74BFD6FF00043984228BF18463E
:10DB8800206099E72AF0C4FF5F214FF0FF331E4A57
:10DB980011501846F8BDEB8843F00103EB80336859
:10DBA80014333360B5F904305807C7D554B3B4F803
:10DBB8009030C3F38113012B07D0EB8843F00403A3
:10DBC800EB80BBE712F010F94EE794F9920008F0E9
:10DBD80007F83368DA6812F4FE1F0DD0E26DD1073A
:10DBE8000AD4B4F89020C2F34102022A04D1EB8887
:10DBF80043F00403EB803368143333609EE76FF01F
:10DC08000B034BE7FFF770FE0C0000002DE9F0470F
:10DC180088B00D46DDE9104858EA0401129F00F06B
:10DC2800A88015F1690FA146C246064666D015F1CF
:10DC38000B0F40F09E8068461FF068FADDE900236C
:10DC4800134300F09880B8F1FF3F08BFB4F1FF3FDD
:10DC58003AD04FEA48126301B3EB090342EAD462AF
:10DC680062EB0A02920042EA93729B0013EB0903EB
:10DC780042EB0802D20042EA5372C3F3103343EA7C
:10DC880042433A68934228BF13463B60D6F8840063
:10DC980008B11CF017FA15F1690F1FD00B3517D012
:10DCA8003B685B00642B28BF64233B60D6F8840084
:10DCB80028B14FF0FF324FF0FF331CF053F9002327
:10DCC800184608B0BDE8F087D6F884000028E0D1EF
:10DCD800B6F89040C4F38114012C21D04FF40043CE
:10DCE80040F2E73000213A68E2FB03014FF47A7210
:10DCF800002323F0F5FE1EF06FFAD1E768461FF007
:10DD080005FADDE9002313432BD0B8F1FF3F08BF24
:10DD1800B4F1FF3F9DD1D6F884000028B9D1DDE7E2
:10DD280096F9920007F05CFF304612F059F800228D
:10DD38000346022103A81FF0F3FC4FF4004340F20E
:10DD4800E73000213A68E2FB03014FF47A720023BE
:10DD580023F0C6FE02460B46214603A81FF0FEFC30
:10DD68009EE70C252AF0D4FE044A4FF0FF331550E5
:10DD7800A6E76D42F6E76925F4E700BF0C0000004E
:10DD8800F0B51546028C85B0012A25D10024436AD6
:10DD9800CDE90244C3B108230E4601AA0DEB0301E5
:10DDA80001930BF0E3FC0028B8BF43420DDB019F51
:10DDB8002A683046BA4228BF3A4602A92AF096FB9A
:10DDC80020462F6005B0F0BD16232AF0A1FE054AB3
:10DDD80013504FF0FF30F5E72AF09AFE1622014B58
:10DDE8001A50F6E70C00000010B582B004460AF09D
:10DDF800B3FD031E14DBDCB1B4F89030C3F3811318
:10DE0800023B012B02D9002002B010BD636800223A
:10DE180000932046002307490BF08AFA031EF2DA22
:10DE28002AF076FE044A5B4213504FF0FF30EBE7CE
:10DE3800FFF75AFD41D704000C00000010B582B06E
:10DE480048B30021B0F890300446C3F34103032BD4
:10DE58004FF000024FF00003009111D00BF068FA68
:10DE68000422E36D20461343E3656260FFF74CFD2F
:10DE780020460AF041FD031E05DB184602B010BD1E
:10DE88000BF082F9ECE72AF043FE044A594211509C
:10DE98004FF0FF33F1E7FFF72FFD00BF0C00000044
:10DEA800FFF7CCBF10B582B029BB044668B3B0F801
:10DEB80090200023C2F34102032A00914FF0000290
:10DEC8000DD00BF035FA031E0DDBE36D204643F051
:10DED8000103E365FFF718FD002002B010BD0BF049
:10DEE80053F9031EF1DA2AF013FE094A5B42135074
:10DEF8004FF0FF30F1E74B1E2AF00AFE012B94BFCA
:10DF080086221622024B1A50F2E7FFF7F5FC00BFF3
:10DF18000C000000FFF7C6BF2DE9F04385B00028CC
:10DF280070D0B0F890301646C3F38112032A044625
:10DF380062D0C3F34103022B1BD0012BC76D51D014
:10DF480017F002070D4618D1012A4FF4C0384FF0D8
:10DF58000009636819D0029332463B462946204699
:10DF6800CDE900890BF01AF8031E35DBE36DDB07FA
:10DF780028D5002005B0BDE8F083012A4FF000083D
:10DF88004FF00009204F6368E5D100932046002236
:10DF980000231E490BF0CCF900280BDBCDE90089E2
:10DFA800204664683B463246294602940AF0F6FF4A
:10DFB8000028DEDA43422AF0ABFD154A13504FF031
:10DFC800FF30D7E765680023002220460F490095F7
:10DFD8000BF0AEF9031ECCDA2AF09AFD0C4A5B422C
:10DFE8001350ECE72AF094FD7A0753BF7822084BC8
:10DFF8006268074B1A50E2E72AF08AFD5F22044B59
:10E008001A50DCE7FFF770FC6DD9040041D7040013
:10E018000C000000FFF780BF10B582B010B3B0F855
:10E0280090300446C3F38113032B19D00AF07CFD0A
:10E0380000280DDB0022002320460B4900940BF03A
:10E04800A3F80028A8BF002202DB104602B010BDCA
:10E0580043422AF05DFD05494FF0FF320B50F4E7CB
:10E068005F23F6E7FFF740FC95D904000C00000099
:10E07800FFF7D2BF2DE9F04F0A244FF0FF3A4FF0D7
:10E08800FF3B91B016465A060D940D460446CDE95D
:10E098000EABDDF8688003D4C36D13F0020359D0CA
:10E0A800002200230DF128094846CDE90E231EF071
:10E0B800FDFFDDE90AABDDE90E2348461EF0F6FF59
:10E0C800DDE90A12E36DCDE90812DB0751D5CDE988
:10E0D80006AB63680DAFB8F1000F2ED0DDE90EABCB
:10E0E8000493002301931B9B294600933246434621
:10E0F8002046CDE902AB0BF0F1F8014600290BDA16
:10E10800DDE90EABDDE906232046CDE900AB029739
:10E11800FFF77CFD011E03DA084611B0BDE8F08F59
:10E12800DDE9082348461EF0F1FFDDE90A23CDE9C1
:10E138000E236368B8F1000FD0D1DDE90EAB294694
:10E148000293324643462046CDE900AB0BF060F817
:10E158000146D3E705210EAA0DF128090BF056FA5E
:10E1680048464FF4A02200231EF0A0FFDDE90AABC9
:10E17800A1E76368204600930022002306490BF0BC
:10E18800D7F8031EA3DA2AF0C3FC044A5B424FF017
:10E19800FF311350C0E700BF41D704000C00000056
:10E1A800FFF768BF002300B583B0CDE90033FFF760
:10E1B80061FF03B05DF804FB0A232DE9F04F4FF02F
:10E1C800FF344FF0FF358DB009935306CDE90A456A
:10E1D8000F461546044603D4C36D13F002033ED020
:10E1E800002200230DF1180A5046CDE90A231EF03B
:10E1F8005DFFDDE90689DDE90A234FF0000B504693
:10E208001EF054FFDDE90623CDE9042309AEDDE95C
:10E218000A012A46CDE90001002339462046CDF8F7
:10E2280008B00BF035F8011E0BDADDE90A232046A9
:10E23800CDE90023029642464B46FFF7E7FC011E54
:10E2480003DA08460DB0BDE8F08FDDE90423504637
:10E258001EF05CFFDDE90623CDE90A23D7E7052197
:10E268000AAA0DF1180A0BF0D1F94FF4A0220023E5
:10E2780050461EF01BFFDDE90689BCE7FFF79CBF8F
:10E28800D0F88430A3B110B50446036E0BB100205A
:10E2980010BDD1E90023D0F884107C301CF05AFF5F
:10E2A8000028F5DBE36D5B07F1D56068404210BDDF
:10E2B8006FF01500704700BFF0B583B0002800F07C
:10E2C800A580B0F890300446C3F38113032B74D0B3
:10E2D800C36D5E0765D49D070F4616463BD50022E1
:10E2E80004F1600000231CF0EDF8044600285ED01D
:10E2F8000EF0B8FDFEF7F0FB051E4BDB04F16000E5
:10E308001CF058F918B190F8373099075BD4B4F875
:10E3180090305A0535D423F40073A4F8903087B1AF
:10E328007EB132683846082A28BF082204F128013D
:10E338002AF0DCF8238D012B20D0022B56D118238C
:10E3480033604FF4404321462846314AFEF70CFC1F
:10E35800284603B0F0BD4FF0FF334FF0FF32694657
:10E36800CDE90023FFF78CFF031EB8DA2AF0D0FBB3
:10E37800284A5B4213504FF0FF35E9E70823336022
:10E38800DFE72AF0C5FB71210346224A2846D1500F
:10E39800FEF710FC2046FFF7B7FA20460AF0ACFA61
:10E3A800E9E72AF0B5FB1B4B62681A50E3E72AF04D
:10E3B800AFFB0B22174B1A50DDE72AF0A9FB5F22AF
:10E3C800144B1A50D7E7E36D284643F00103E36581
:10E3D800FEF7F0FB2046FFF797FA20460AF08CFA82
:10E3E8002AF096FB71220B4B1A50C4E72846FEF719
:10E3F800E1FB2AF08DFB86210346064A2046D150D0
:10E40800FFF782FA20460AF077FAB4E7FFF76CFACA
:10E4180044DB07000C000000FFF74EBF2DE9F04F6A
:10E42800154699464FF0FF324FF0FF338FB0CDE9D4
:10E438000423189B04465F068846199E04D4C36DBE
:10E4480013F0020300F0FB8000221346CDE90422FA
:10E45800189904F1600711F0020A18D0002104206D
:10E468000C91CDE909110D978DF831000B9101211F
:10E4780009A81FF073F900F10B020B2A034640F2BA
:10E4880010812AF045FB9F4A5B4213509CE0DDE96E
:10E49800042338461CF016F80746002F00F01D81AB
:10E4A800FB6802933B690193002E58D01A9B002BFE
:10E4B80055D03846B4F88EB01C680BF0D7FE97F8E4
:10E4C8003730C3F30213338097F83730C3F302139E
:10E4D800012B40F0F68000221423072CCDE90923F4
:10E4E80040F2EA80384609A90CF010F9044620B138
:10E4F80038460A990BF0C0FE28B16923029AFA60DF
:10E50800019A3A6190E0384697F83A100BF0B4FE59
:10E518000028F2D1E36873605FFA8BF3112B00F0E7
:10E52800E480062B40F0CD8009AB079314233846CE
:10E5380007A908930CF0EAF803460028DDD01B88E9
:10E548007380029BFB60019B3B613388012B00F0C9
:10E55800BA80022B40F0C78018231A9A1360B8F1CA
:10E56800000F51D0D8F80C30002B00F0B080D8F84C
:10E578000830002B00F0AB8038460BF0EBFF8145EC
:10E58800CB4628BF83460646BBF1000F22D05D4626
:10E59800002403900CE05B683846AB4228BF2B464A
:10E5A8001A461E460BF080FE00283CD1AD1B10D049
:10E5B800D8F808301959234408340029EBD12AF037
:10E5C800A7FA16224F4B1A504FF0FF300FB0BDE894
:10E5D800F08F039EB14540D3D8F8100000286DD0C5
:10E5E800D8F81430002B3FD1BAF1000F55D0029B58
:10E5F800FB60019B3B61189B13F0200F0CBF584632
:10E6080030460FB0BDE8F08F38460BF0A3FF064642
:10E61800B14528BFB146294638464A46CB460BF095
:10E6280043FE0028E0D069232AF072FA354A1350D5
:10E63800BAF1000FC8D138460BF03AFBC4E7042101
:10E6480004AA0AF0E3FF204604A9FFF719FE031EF7
:10E65800FFF617AFDDE90423FAE6D8F8183043F0DF
:10E668002003C8F81830B7E70F2B4FF000050FD973
:10E6780000EB030C0168CA1D22F0070310330344A2
:10E6880022F0070221B163450D4401D81044F1E797
:10E69800C8F81450BAF1000FA9D138460BF008FB9E
:10E6A800A9E7194941FA02F2D1073FF5EAAE38461F
:10E6B8001BF078FF0746F0E616231FE7C8F814009A
:10E6C80092E786231AE708231A9A136047E72AF085
:10E6D8001FFA0C220B4B1A5076E72AF019FA0B2274
:10E6E800084B1A5070E786239EE7082338460A939A
:10E6F80009A907AB09930CF009F8034600287FF431
:10E708001EAFFAE60C0000007EF7FFFF2DE9F04F80
:10E7180017461C464FF0FF324FF0FF338FB0CDE95C
:10E728000A23DDF86090002800F0C480B0F890302B
:10E738000546DE0740F1BA80C3F34103022B18BF38
:10E7480080237FD119F0400F0E460BD1C36D9A0775
:10E7580008D413F0050300F0A1804CB920460FB08F
:10E76800BDE8F08F00220023CDE90A23002CF5D064
:10E77800DDE90A23CDE90C2309F48073CDE9077498
:10E7880003930EB1002F7AD0DDE90C23002427462D
:10E7980004A81EF08BFCDDE90423CDE90023EB6D12
:10E7A80013F0040173D1DB0776D4DDE90CA85AEA2B
:10E7B800080340D1002E4CD04B46284609AA07A989
:10E7C800FEF724FF074450EA070302D15AEA080378
:10E7D80052D0B168089A51F83430121A0344099893
:10E7E80007930892E30000283BD1F0680134844283
:10E7F80011D00833C818CB584168079309910BB159
:10E808000029D9D19346DDE900230CA81EF07EFC2F
:10E81800BBF1000FC3D1384627EAE774002810DBA4
:10E8280019F0020F9AD1214628460AF02DFE2046FB
:10E838000FB0BDE8F08F28460CA9FFF721FD00288E
:10E84800B8DA43422AF064F91D4A4FF0FF341350F6
:10E8580084E74B46284608AA07A9FEF7D7FE30B139
:10E868000744039B002BD6D0DDF820B0CBE7002F60
:10E87800F7D15AEA0808F4D16FF00A00E1E7F36823
:10E88800B3B1B3681A685B68079209937CE7686854
:10E89800404220EAE074C1E70C46C1E704210AAA15
:10E8A8000AF0B4FE002C3FF459AF61E70923C9E729
:10E8B8001623C7E740F2C1110248F6F701FB00BF73
:10E8C8000C000000D4DA0700F0B585B0DDE90A676E
:10E8D800F8B11D461446B0F890307AB1C3F38113ED
:10E8E8000A46991E01290CD9012B14D1234600216F
:10E8F8000A9505B0BDE8F040FFF708BF104605B01F
:10E90800F0BD23460021029701960095FFF786FD8A
:10E91800F5E7FEF7E9FF40F227610148F6F7D0FA7C
:10E9280008DB070000B585B0F8B113460A46B0F811
:10E9380090107BB1C1F38111A1F1020CBCF1010F60
:10E948000CD9012913D100210091FFF7DFFE05B092
:10E958005DF804FB184605B05DF804FB0021CDE91D
:10E9680001110091FFF75AFDF1E7FEF7BDFF40F2F4
:10E9780027610148F6F7A4FA08DB070070B584B0F0
:10E98800002838D0B0F890301646C3F381121546E7
:10E9980039B38C686CB3CB6853B104EBC30EA4468F
:10E9A8000023DCF804400CF1080CE6452344F8D1B8
:10E9B800023D012D09D9012A1FD100220096FFF737
:10E9C800A5FE0346184604B070BD0A1D02920A68E7
:10E9D800009601920022FFF721FD0346184604B075
:10E9E80070BD16222AF094F806494FF0FF330A50FA
:10E9F800E8E70C22F6E7FEF777FF40F249610248A4
:10EA0800F6F75EFA0C00000008DB0700FFF7B6BF58
:10EA1800F0B50C4683B0062C11461D46089F4CD015
:10EA28002EDC002C52D0012C31D1911E25292ED854
:10EA3800DFE811F0F300E800FB002D002D002D00A9
:10EA48002D002D002D002D002D002D002D00100172
:10EA58002D002D002D002D002D002D002D002D0046
:10EA68002D002D002D002D002D002D002D002D0036
:10EA78002D002D002D002D002D002D000A01010173
:10EA8800292C04D1132A7DD00BDD432A68D06D23AD
:10EA98002AF03EF84FF0FF3280490B50104603B081
:10EAA800F0BD102A65D0122AF1D13B462A460E2124
:10EAB8000AF0ACFD00285ADA62E0012AE7D13B46A9
:10EAC8002A4603B0BDE8F04011F03EB9511E212995
:10EAD800DDD801A353F821F0CDEB0400DDEB0400F1
:10EAE80097EA040097EA040097EA040097EA04000A
:10EAF80097EA040097EA040097EA040097EA0400FA
:10EB080097EA040097EA040097EA0400EDEB040092
:10EB180097EA040097EA040097EA040097EA0400D9
:10EB280097EA040097EA040097EA040097EA0400C9
:10EB380097EA040097EA040097EA040097EA0400B9
:10EB480097EA040097EA040097EA040097EA0400A9
:10EB580097EA04009DEB0400FDEB0400BDEB040004
:10EB68003B462A4608210AF051FD002808DB00220E
:10EB780094E73B462A460F210AF048FD0028F6DABA
:10EB8800434285E73B462A4616210AF03FFD002806
:10EB9800EDDAF5E700287CD0B0F89030C3F3C20373
:10EBA800012B70D104233A6801930DB19A4259D0D0
:10EBB80016236DE73B462A4617210AF027FD002851
:10EBC800D5DADDE73B462A4608210AF01FFD002872
:10EBD800CDDAD5E73B462A4610210AF017FD002872
:10EBE800C5DACDE73B462A4614210AF00FFD002876
:10EBF800BDDAC5E73B462A460D210AF007FD002885
:10EC0800B5DABDE7002846D03A68B0F89030042A53
:10EC1800C3F38113CCD12B60A9E73B462A460921CF
:10EC28000AF0F4FC0028A2DAAAE73B68042BBFD15B
:10EC380043682B609BE73B68042BB9D148B3B0F815
:10EC48009030C3F3C203E6E73A68B0F88E30042A7E
:10EC5800E1D0ADE73B462A460A210AF0D7FC002856
:10EC680085DA8DE76B4413216A460AF0CFFC031E50
:10EC78000BDB009808B9286079E707F023FA30B170
:10EC880043682B6073E76A2302E75B4200E70223CD
:10EC9800FEE6FEF75FFEFEF727FE00BF0C00000051
:10ECA800FFF7B6BEF0B50C4683B0062C11461E46DB
:10ECB800089F52D0054614DC002C57D0012C17D1E0
:10ECC800911E172914D8DFE801F03D13131313130D
:10ECD80013131313134413C9131313131313131315
:10ECE80013D2292C04D11A2A0CDD432A00F08C8077
:10ECF8006D2329F00DFF4FF0FF34A94A1350204629
:10ED080003B0F0BD0F2AF3DDA2F110010A29EFD8F4
:10ED180001A353F821F000BF23EE040033EE0400F2
:10ED280043EE040053EE0400F9EC0400F9EC04008F
:10ED3800F9EC0400F9EC0400F9EC0400F9EC040027
:10ED48005BED04003B46324609210AF0B3FB00287C
:10ED580061DB0024204603B0F0BD012AC8D13B4640
:10ED6800324603B0BDE8F04010F0AEBF511E232973
:10ED7800BED801A353F821F0A1EE0400B3EE0400BD
:10ED8800F9EC0400F9EC0400F9EC0400F9EC0400D7
:10ED9800F9EC0400F9EC0400F9EC0400F9EC0400C7
:10EDA800F9EC0400F9EC0400F9EC0400F9EC0400B7
:10EDB800F9EC0400F9EC0400F9EC0400F9EC0400A7
:10EDC800F9EC0400F9EC0400F9EC0400F9EC040097
:10EDD800F9EC0400F9EC0400F9EC0400F9EC040087
:10EDE800F9EC0400F9EC0400F9EC0400F9EC040077
:10EDF800F9EC0400C5EE040005EF040017EF040069
:10EE080029EF04008FEE04003B46324608210AF041
:10EE180051FB00289DDA43426BE73B4632460F21FF
:10EE28000AF048FB002894DAF5E73B4632461321FE
:10EE38000AF040FB00288CDAEDE73B4632460E210B
:10EE48000AF038FB002884DAE5E73B46324616210B
:10EE58000AF030FB0028BFF67CAFDCE73B463246C1
:10EE68000A210AF027FB0028BFF673AFD3E7002872
:10EE780000F09480B0F89020C2F3C203013B012B4C
:10EE880050D96A2335E700233A463146284603B06D
:10EE9800BDE8F040FEF79EBC3B46324608210AF02A
:10EEA80009FB0028BFF655AFB5E73B4632461021AF
:10EEB8000AF000FB0028BFF64CAFACE70023009334
:10EEC800002E67D00C2F4ED0082F63D17368002B0B
:10EED80055D10021042301910DEB0302284613218B
:10EEE8000AF0E8FA0028B8BF4342BFF608AF29F095
:10EEF8000FFE2B4A4FF0FF34135000E73B463246D3
:10EF08000D210AF0D7FA0028BFF623AF83E73B4666
:10EF1800324617210AF0CEFA0028BFF61AAF7AE770
:10EF28000123B1E7D7B19EB33378BBB1082F2FD1F6
:10EF3800304608F05BFA031EB8BF5B42FFF6D9AE55
:10EF480006F04EFE40B3B5F8903043F40063A5F8E0
:10EF5800903008F08FF885F89200FAE622F4006203
:10EF6800A5F89020F5E6B0680028AFD006F038FE86
:10EF780000900028ADD008F07DF80146AAE7694660
:10EF8800301D07F03FF902230028B0D00098F0E7C1
:10EF98001623AEE61623AAE71323AAE6FEF7DAFC41
:10EFA8000C000000FFF77EBE10B5034682B0B0B378
:10EFB8001446B3F890200846C2F3811103292CD0D7
:10EFC80048B344B312F4807F1DD0012917D0198D9E
:10EFD800012920D12268B3F82AC0082ADB6A28BF91
:10EFE8000822ADF8001069460193ADF802C029F077
:10EFF8007DFA082200232260184602B010BDC2F331
:10F008004102022AE3D0802229F082FD05494FF00F
:10F01800FF330A50F0E71622F6E75F22F4E7FEF71F
:10F0280063FC00BF0C000000FFF7BEBF30B505460B
:10F0380083B0F1B108460C460A2201A922F02AFE43
:10F04800019B1B781BB9FF280AD803B030BDBDB19E
:10F05800224628461149F9F7A7FC6FF00100F4E7AA
:10F068009DB102460E492846F9F79EFC6FF0210033
:10F07800EBE778B10B49F9F797FC6FF01500E4E777
:10F0880021460648F5F7DEFEE7E701460448F5F7AE
:10F09800D9FEEBE70348F5F7D5FEEEE7A8DB070056
:10F0A800BCDB070088DB070004289ABF024B53F833
:10F0B80020000248704700BFF0DC0700D0DB0700E3
:10F0C8000130C0B203289ABF024B53F8200002480F
:10F0D800704700BFE0DC0700E0DB07002DE9F043E4
:10F0E800058C83B0012D0E461746DDF8288015D013
:10F0F80065B1032D34D0042D3AD011462B46304645
:10F108001F4A03B0BDE8F04322F098BD11463046CF
:10F118001C4A03B0BDE8F04322F090BD0446416AA2
:10F128002846994608F03AFC628C034652BA92B2D5
:10F13800394600923046144A22F080FD04F12C0131
:10F14800284608F02BFC414603464846648D0E4A83
:10F1580064BAA4B20A9403B0BDE8F04322F06EBDCD
:10F1680011463046094A03B0BDE8F04322F066BDB7
:10F1780011463046064A03B0BDE8F04322F05EBDB2
:10F1880018DC0700F8DB0700F0DB070004DC0700E9
:10F1980010DC070028B103681BB10B4A586890427D
:10F1A80004D009B1094B0B60094870479B689B7EE6
:10F1B800012B04D009B1074B0B600748704709B110
:10F1C800064B0B6006487047787C012054DC07002A
:10F1D80038DC070048DC07002CDC07004CDC0700A3
:10F1E80024DC07000020704708B530B1064B074AF9
:10F1F8000749F9F797FB002008BD034A034904486B
:10F20800F5F720FE002008BD18DD07002CDD0700FB
:10F218004CDD07002DE9F041D1E900852F6804464F
:10F2280082B047BBB8F1000F44D040462449F9F7F3
:10F2380089FB2F68A06807F01DFF182306460621E2
:10F24800204A04F1100008F02FFA024604F10C01DC
:10F258000120144608F0A2FB01463346CDE90041DF
:10F268003A4640461849F9F76DFB2B6801332B6085
:10F2780002B0BDE8F081B8F1000FDBD1A06807F05B
:10F28800F9FE104A06461823062104F1100008F07A
:10F298000BFA034604F10C0101201C4608F07EFB22
:10F2A80084463246394623460748CDF800C0F5F76C
:10F2B800C9FDDAE70248F5F7C5FD2F68DEE700BFAC
:10F2C80098DD070054D90120C4DD070008B538B11E
:10F2D8000749F9F737FB002005F058FF002008BD63
:10F2E8000348F5F7AFFD002005F050FF002008BDEA
:10F2F800E0DD070053680BB10020704710B50446E5
:10F3080084B001AA094802A9CDE90134039205F0A5
:10F31800E3FF20B934B120460549F9F713FB002073
:10F3280004B010BD0248F5F78DFDF8E71DF20400A2
:10F33800F8DD070008B530B1064B074A0749F9F769
:10F34800F1FA002008BD034A03490448F5F77AFD9D
:10F35800002008BD94DE0700ACDE07004CDD070086
:10F3680008B530B1064B074A0749F9F7DBFA002020
:10F3780008BD034A03490448F5F764FD002008BDA9
:10F3880094DE0700ACDE07004CDD070008B530B19D
:10F39800064B074A0749F9F7C5FA002008BD034A92
:10F3A80003490448F5F74EFD002008BD94DE070028
:10F3B800ACDE07004CDD070008B530B1064B074A44
:10F3C8000749F9F7AFFA002008BD034A0349044882
:10F3D800F5F738FD002008BD94DE0700ACDE070015
:10F3E8004CDD070008B530B1064B074A0749F9F765
:10F3F80099FA002008BD034A03490448F5F722FD9D
:10F40800002008BD94DE0700ACDE07004CDD0700D5
:10F41800002330B585B00446019300283AD0374917
:10F4280002ADF9F78FFA01AB29463548CDE9024319
:10F438000AF0CCF9019B1BB920463249F9F782FA48
:10F4480020463149F9F77EFA002329462F480193CF
:10F458000CF058F8019B1BB920462D49F9F772FAB0
:10F4680020462C49F9F76EFA002329462A480193C9
:10F478000DF07EFF019B43B12046284B284A2949BD
:10F48800F9F750FA002005B030BD20462649F9F7B3
:10F4980059FAF1E7194802ADF5F7D4FC01AB294652
:10F4A8001748CDE902430AF091F9019B13B91548B1
:10F4B800F5F7C8FC1448F5F7C5FC0023294613489E
:10F4C80001930CF01FF8019B13B91148F5F7BAFC2A
:10F4D8001048F5F7B7FC002329460F4801930DF0B3
:10F4E80047FF019B13B91048F5F7ACFC0B4A0C49D0
:10F4F8000C48F5F7A7FC002005B030BD64E1070013
:10F50800EDF60400A8E10700B8E10700DDF5040006
:10F5180004E2070024E2070035F5040088E207004A
:10F5280098E207004CDD070074E207002DE9F04F70
:10F5380089B00446D1E900870DF052FF8146B8F141
:10F54800000F27D0D4F804A0D4F8803294F87002C1
:10F55800BAF82250BAF82A60D4F874B2079310F0B7
:10F568002DFC0146079B6DBA76BAADB2B6B2CDE9AD
:10F5780002B30591534622464046CDE90056144948
:10F58800CDF81090F9F7DEF93B6801333B6009B01C
:10F59800BDE8F08FD4F8048094F87002B8F82250CF
:10F5A800B8F82A60D4F874A2D4F880B210F006FC37
:10F5B8006DBA76BAADB2B6B204902B464246214631
:10F5C800CDE902B9CDE9006A0148F5F73BFCDBE774
:10F5D800B8E2070000232DE9F04F858991B0012D8D
:10F5E8000E930446D1E90096CDE90A33CDE90C33F0
:10F5F800CDF83B3040D00DF11008002D34D0032D4C
:10F608005ED02B4617214046314A22F017FBA589C8
:10F618000DF1280A37682846D4F814B0218C013730
:10F62800B9F1000F13D008F011F8014623460191F3
:10F638003A464846CDE9028A2649CDF800B0F9F79E
:10F6480081F933680133336011B0BDE8F08F07F0FA
:10F65800FDFF05465B4622463946CDE9018A1D482D
:10F668000095F5F7EFFBECE743461B4A0DF1280A36
:10F6780007CA03C31A80CDE700F11001284608F035
:10F688008DF9E2890DF1100852BA92B2034617219A
:10F6980000924046114A22F0D1FA284604F10801A6
:10F6A80008F07CF9E2880DF1280A52BA92B20346B2
:10F6B800009217215046094A22F0C0FAA589A9E705
:10F6C8004346074A0DF1280A07CA03C31A80A1E76F
:10F6D80018DC0700E0E20700F8DB0700F0DB0700B2
:10F6E80004DC07001722F0B58C46002593B0009281
:10F6F8000CAB06A91095CDE90C55CDE90E55CDF802
:10F7080043500446DCE90065FFF7E8FC002E4CD0C6
:10F718002A68571C002C00F08D8094F9920006F09E
:10F728005FFA07F0A7FCB4F890300146C3F3C20CA7
:10F73800BCF1020F2CD0BCF1010FC3F3811314BF2D
:10F7480020223422022B29D0012B6FD0032B14BF87
:10F7580020205220B4F88E30112B24D0062B14BF51
:10F76800202354230DF1300CCDF814C00DF1180CE2
:10F77800CDE90120CDE9033C009123463A463046C5
:10F788002F49F9F7DFF82B6801332B6013B0F0BD70
:10F79800C3F38113022B4FF03602D5D1B4F88E3063
:10F7A8004420112BDAD15523DCE729684F1C002CA3
:10F7B80040D094F9920006F013FA07F05BFCB4F815
:10F7C80090200346C2F3C206022E22D0012EC2F3B5
:10F7D800811214BF20203420022A20D0012A27D0E9
:10F7E800032A14BF20215221B4F88E20112A1BD0DD
:10F7F800062A14BF202254220CAE049606AECDE988
:10F80800022601910090224639460D48F5F71AFB69
:10F81800B9E7C2F38112022A4FF03600DED1B4F8FC
:10F828008E204421112AE3D15522E5E7532091E7A0
:10F838005321D9E740F2F2210248F5F741FB00BF16
:10F84800FCE20700D4DA070008B530B1064B074AD6
:10F858000749F9F767F8002008BD034A0349044837
:10F86800F5F7F0FA002008BD5CE3070064E3070041
:10F878004CDD070008B530B1064B074A0749F9F7D0
:10F8880051F8002008BD034A03490448F5F7DAFA9D
:10F89800002008BD78E3070088E307004CDD070077
:10F8A80008B530B1064B074A0749F9F73BF800207D
:10F8B80008BD034A03490448F5F7C4FA002008BD07
:10F8C8005CE3070064E307004CDD070008B530B1CE
:10F8D800064B074A0749F9F725F8002008BD034AEF
:10F8E80003490448F5F7AEFA002008BD78E307009D
:10F8F80088E307004CDD070008B530B1064B074A1E
:10F908000749F9F70FF8002008BD034A03490448DE
:10F91800F5F798FA002008BD78E3070088E30700A8
:10F928004CDD070008B530B1064B074A0749F8F720
:10F93800F9FF002008BD034A03490448F5F782FA95
:10F94800002008BDC0E70700C8E707004CDD070036
:10F9580008B530B1064B074A0749F8F7E3FF00201E
:10F9680008BD034A03490448F5F76CFA002008BDAE
:10F97800C0E70700C8E707004CDD070008B520B15D
:10F988000449F8F7CFFF002008BD0248F5F75AFAF6
:10F99800002008BD80E9070008B520B10449F8F740
:10F9A800C1FF002008BD0248F5F74CFA002008BD49
:10F9B800C8E9070008B530B1064B074A0749F8F708
:10F9C800B1FF002008BD034A03490448F5F73AFA95
:10F9D800002008BD0CEA07001CEA07004CDD070000
:10F9E80008B520B10449F8F79DFF002008BD02487A
:10F9F800F5F728FA002008BDC8E9070008B520B1C6
:10FA08000449F8F78FFF002008BD0248F5F71AFAF5
:10FA1800002008BDC8E9070008B520B10449F8F777
:10FA280081FF002008BD0248F5F70CFA002008BD48
:10FA3800ECEB070008B520B10449F8F773FF002084
:10FA480008BD0248F5F7FEF9002008BDECEB0700F9
:10FA580008B520B10449F8F765FF002008BD024841
:10FA6800F5F7F0F9002008BDECEB070008B530B158
:10FA7800064B074A0749F8F755FF002008BD034A17
:10FA880003490448F5F7DEF9002008BD00ED07003A
:10FA980008ED07004CDD070008B530B1064B074AF2
:10FAA8000749F8F73FFF002008BD034A0349044807
:10FAB800F5F7C8F9002008BD00ED070008ED0700BC
:10FAC8004CDD070008B530B1064B074A0749F8F77F
:10FAD80029FF002008BD034A03490448F5F7B2F995
:10FAE800002008BDB8ED0700CCED07004CDD07008D
:10FAF800F0B5002787B00C460546CF6006F070F8D1
:10FB080045B30646002839D0012D2DD1082203A976
:10FB180007F00EFC394630468DF81470FFF73AFBB3
:10FB280001961C4E03AB00901C2130461A4A22F065
:10FB380085F81A4BC4E90163284606F051F8C8B1A4
:10FB480001230421164A174822F078F8154E26603A
:10FB580007B0F0BD144E114BC4E90163284606F006
:10FB68003FF8266007B0F0BD0C4BC4E90173284686
:10FB780006F036F80026266007B0F0BD074BC4E94A
:10FB88000103284606F02CF80028F3D0012DD7D021
:10FB9800F0E700BFDCD90120FCED070098950700CD
:10FBA800FCD40700D8D9012020BD070008B528B12A
:10FBB8000549F8F7F9FE6FF0070008BD0248F5F7A8
:10FBC80041F96FF0070008BD0CEE070070B55568E5
:10FBD800044682B045B12946FFF728FA061E25DB00
:10FBE80005F0FEFF0546D8B18CB106F0ADF807F078
:10FBF80041FA124902462046F8F7A4FE1048694621
:10FC0800CDE9004507F04CFA002002B070BD06F0BF
:10FC18009BF807F02FFA01460848F5F713F9EDE7C6
:10FC28003CB1324620460749F8F7BEFE6FF00700A0
:10FC3800EBE731460348F5F705F9F7E788EE0700E3
:10FC4800D501050068EE07002DE9F04F0E4685B096
:10FC5800516814468046FFF7E9F9022E40F2CC803D
:10FC6800054605F0BDFF002800F0A7800368002BBB
:10FC780000F0A3805A687E4B9A4240F09E8004F0C0
:10FC8800ADFC002800F0DE804FF0000C022541F2A8
:10FC98008837E346CDE900C0083421E063680A21CB
:10FCA80093F800A0206803AAF9F724FCAAF16809D0
:10FCB800B9FA89F980B2B0F57A7F4FEA591975D047
:10FCC80050D80A281DD0642841D1B9F1000F0CBFC3
:10FCD8000823042343EA0B0BB54204F104041AD0A9
:10FCE8000135AE42DAD80A21206803AAF9F702FCE6
:10FCF80080B2B0F57A7F70D04BD80A284FF000094F
:10FD0800E1D1C9F102094BEA0909B5421FFA89FB99
:10FD180004F10404E4D1DDE900CABBF1000F7DD091
:10FD2800DAF808305FFA8BF15B685FFA8CF2002B27
:10FD380000F09A80BCF1000F04D0002945D0481E7D
:10FD4800084242D15046984705B0BDE8F08FA8B99F
:10FD580048492068F0F74AFF0028009B08BF0123A4
:10FD68000093B9E740F6C411884219D0B84205D1CA
:10FD7800B9F1000F4AD14BF0800BADE70246B8F15C
:10FD8800000F25D040463C49F8F70EFE6FF085007D
:10FD9800DAE740F6C413984205D04FF00009E5E7CA
:10FDA800BAF1680F20D04BF0400B95E7BAF1680F15
:10FDB80013D1102343EA0B0B8EE7B8F1000F0ED0D6
:10FDC8002A4640462D49F8F7EFFD6FF01500BBE7CE
:10FDD80001462948F5F736F8D8E72023EAE7294607
:10FDE8002648F5F72FF8F0E7B8F1000F26D040467F
:10FDF8002349F8F7D9FDC9E7B8F1000F16D04046F6
:10FE08002049F8F7D1FD6FF007009DE7B8F1000F22
:10FE180010D040461C49F8F7C7FDB7E7B8F1000F06
:10FE280019D040461949F8F7BFFDECE71548F5F732
:10FE380009F8E8E71448F5F705F8A7E71048F5F7D3
:10FE480001F8A3E7B8F1000F09D02A464046104947
:10FE5800F8F7AAFDD7E70D48F4F7F4FFD3E72946EA
:10FE68000B48F4F7EFFFCEE76FF057006CE700BFE1
:10FE7800787C01203CEF070090EF0700F0EE0700C8
:10FE880048EF0700A0EE07006CEF0700A8EF070097
:10FE980014EF0700012938B5044616D95168FFF751
:10FEA800C5F8051E29DB05F09BFE05F047FF05F0A8
:10FEB8004BFF07F0DFF8854219D19CB12A4620464E
:10FEC8001749F8F73FFD002038BD05F03DFFB8B1F0
:10FED80007F0D0F80246002CF1D101461048F4F79B
:10FEE800B1FFF0E729460E48F4F7ACFFEBE76CB139
:10FEF8002A4620460B49F8F757FD6FF0070038BD32
:10FF08004CB120460849F8F74FFDF6E72946054861
:10FF1800F4F798FFF1E70448F4F794FFEDE700BF22
:10FF2800D4EF0700ECEF0700BCEF070070B551688D
:10FF38000646FFF77BF8041E1BDB05F051FED8B11F
:10FF480007F042F9054668B936B1224630461349EA
:10FF5800F8F7F8FC284670BD21461048F4F772FF00
:10FF6800284670BD7EB10346224630460C49F8F754
:10FF78001BFD6FF00705EDE75EB1224630460949E3
:10FF8800F8F712FDF5E7024621460548F4F75AFF4F
:10FF9800EFE721460348F4F755FFEAE738F0070092
:10FFA80014F0070068EE070070B5002800F0918093
:10FFB80004680546002C00F082800C34D4E8AF3F7A
:10FFC80098074A4EC3F340046DD44FF0510E3046A3
:10FFD8002B68002B77D00C33D3E8AF3F590707D5F0
:10FFE80071460834424A21F029FE3019C4F1510EF5
:08FFF8002B68002B67D00C33CD
:020000025000AC
:10000000D3E8AF3F1A0762D571463C4A0E3421F05F
:1000100019FE2B68002B44D00C33D3E8AF3F9B066E
:1000200006D5C4F151013019354A21F00BFE0E34CA
:100030002B68002B35D00C33D3E8AF3F580606D5DC
:10004000C4F1510130192F4A21F0FCFD05342B6811
:100050003BB30C33D3E8AF3F190606D5C4F15101C9
:100060003019294A21F0EEFD05342B68CBB10C3351
:10007000D3E8AF3F1A0506D5C4F151013019234A20
:1000800021F0E0FD06342B685BB10C33D3E8AF3FC1
:10009000DB0406D5C4F1510130191D4A21F0D2FD0F
:1000A00007340023344404F8013C124870BDB446C0
:1000B000184B4FF0450E0FCBACE807000C24604600
:1000C0008CF8003088E70B4E4FF0510E30467146E9
:1000D000114A0B3421F0B6FD9BE751210E4A0B2447
:1000E000044821F0AFFD0023024E0248344404F8D6
:1000F000013C70BD6CD9012060F007006CF0070076
:100100007CF007008CF0070094F007009CF00700DB
:10011000A4F0070050F00700ACF0070070B551687C
:100120000546FEF787FF061E23DB05F05DFD88B35D
:10013000036823B10C33D3E8AF3FDA070BD406F0E2
:10014000DBFF0446F0B9BDB1324628461D49F8F739
:10015000FDFB204670BD0368002BF0D00C33D3E8C4
:10016000AF3FDB05EBD5E5B1324628461649F8F737
:100170001FFC6FF00704ECE731461248F4F766FE07
:10018000204670BD95B10346324628460F49F8F720
:100190000FFCEEE785B1324628460D49F8F708FC1A
:1001A000E7E731460848F4F751FEE2E702463146F8
:1001B0000648F4F74BFEDCE731460548F4F746FE07
:1001C000D7E700BFFCF00700B8F00700D8F0070041
:1001D00068EE07002DE9F04F0C46D1E900630546B3
:1001E0008BB023B1834202D00BB0BDE8F08F002367
:1001F0000822284607A9CDE907338DF8243007F0F7
:100200009BF8002802DD9DF81C3013B93F23ADF8A0
:100210001C30284606A9002E00F0B281FEF7BEFF72
:100220000746284606F02AFFB849CDE9007007AA1C
:1002300030462B46F8F78AFB3046069AB449F8F761
:1002400085FB002D00F0C0812B68002B00F0E580BD
:100250000C33D3E8AF3FDB0740F1DF802B68002B86
:1002600000F0D8800C33D3E8AF3FD80540F1D280FE
:1002700005F1C8044FF0FF324FF0FF33204619F06C
:1002800075FE2868002800F03183417C002900F0C9
:10029000CD8018239F4A1230002E00F0968207F07E
:1002A00007FA9D4902463046F8F750FB204619F000
:1002B0000DFF2A6802B1128B98493046F8F746FBC9
:1002C0002846FFF775FE964902463046F8F73EFB92
:1002D0002B68002B00F085811B68002B00F08181CA
:1002E0001A6830468F49F8F731FB286800B1807EE4
:1002F00006F0F6FE2B680246002B00F083810C33DB
:10030000D3E8AF3F884913F0010F884B18BF0B4665
:100310002968002900F077810C31D1E8AF1F8905E9
:1003200040F171818249009130468249F8F70EFB15
:100330002B68002B00F018817F4A5968914200F029
:100340006981D5F8B8400C33D3E8AF3F590640F186
:100350000B81002C00F00881002E00F0F8810122B2
:1003600030467649F8F7F2FAE37E9F0740F14D8177
:10037000211D012007F016FB04F11C010746012096
:1003800007F010FB8046207EFEF792FE054694F9AA
:100390001900FEF799FEE17ECDE90050684D11F09D
:1003A000010F684818BF2846434602903A46304637
:1003B0006549F8F7CBFA022230466449F8F7C6FAE5
:1003C0000025A846DFF888B1DFF878A104F12407FA
:1003D000C5EBC50304EB830999F83820D00714D581
:1003E00039460120002E00F0FE8007F0DBFA99F874
:1003F0003830024613F0020F0CBF5B4653463046BE
:100400005449F8F7A3FA08F101081C37002D5AD116
:100410000125DDE7002E00F0CF8030464E49F8F789
:1004200085FA6368002B7FF423AFDDE6204619F0E0
:100430004DFE002E7FF43DAF296801B1098B37488E
:10044000F4F704FD2846FFF7B3FD01463448F4F7FE
:10045000FDFC2A68002A00F0DA811268002A00F008
:10046000D68111682F48F4F7F1FC286800B1807E2E
:1004700006F036FE2B680146002B00F0C5810C33D8
:10048000D3E8AF3F13F0010F274B284A18BF1A4695
:100490002B68002B00F0B9810C33D3E8AF3F9B05EC
:1004A00040F1B381224B2348F4F7D0FC2B68002B9A
:1004B00000F08581204A596891427FF442AF274875
:1004C000F4F7C4FCAAE0B8F1000F0AD086B904F131
:1004D0005801012007F066FA01462148F4F7B6FCFE
:1004E00082E6002E00F0998130461E49F8F72EFA78
:1004F00004F15801012007F055FA19490246304627
:10050000F8F724FA0BB0BDE8F08F00BF64F10700E4
:1005100084F10700C0D90120E8F10700F8F10700D5
:1005200008F2070018F2070014F1070078FF07002F
:1005300018F1070030F20700787C012028F307004B
:1005400048F1070020BD07004CF3070068F30700DF
:1005500054F107008CF30700A4F107005CF20700D8
:1005600094F307005CF30700002E00F0288130466A
:10057000AC4BAD4AAD49F8F7E9F90BB0BDE8F08FE7
:10058000FEF70CFE0746284606F078FD07A9009006
:100590003B46A7482A46F4F759FC0699A548F4F7C4
:1005A00055FC002D00F01B812B682BB10C33D3E8D8
:1005B000AF3FDF073FF552AE9F48F4F747FC636853
:1005C000002B7FF455AE0FE630469B49F8F7AEF9A5
:1005D0006368002B3FF408AE40F207319748F4F708
:1005E00073FC974A7DE607F0DDF999F8383001464B
:1005F00013F0020F934B944A944818BF1A46F4F72D
:1006000025FC00E7924B93498DE630469249F8F776
:100610009DF9D0E630469149F8F798F92B68002B00
:1006200000F06281186887681FB17F690FB1B84711
:1006300007468B4CDFF82C9204F1A80806E04946E7
:100640003046F8F783F90834A0450CD023681F42E0
:10065000F9D06268002EF2D1114648460834F4F70A
:10066000F5FBA045F2D1284603F0BCFF0446002E5E
:100670003AD00346002800F0118102687A493046DA
:10068000F8F764F9A3681B68002B00F0B0802046DF
:1006900005A99847021EC0F2AC809DF8143013F0F3
:1006A000300F00F00781714A30467149F8F74EF972
:1006B0009DF814106F4B11F0EA0F6F4A304618BFC7
:1006C0001A466E49F8F742F92B68D5F8B840002B66
:1006D0003FF44DAF0C33D3E8AF3F5B067FF547AF38
:1006E000002C7FF43CAE42E700285ED00246016851
:1006F0005D48F4F7ABFBA3681B68002B00F0E880B3
:1007000005A920469847011EC0F2E4809DF81430E8
:1007100013F0300F00F0D58054495548F4F796FB9C
:100720009DF81420534B12F0EA0F5349534818BF59
:100730001946F4F78BFB2B68D5F8B840002B3ED058
:100740000C33D3E8AF3F5A0639D5002C37D00121FE
:100750004B48F4F77BFBE37E9D075AD5211D012012
:1007600007F020F904F11C010746012007F01AF9EF
:100770008046207EFEF79CFC054694F91900FEF7A2
:10078000A3FCE37E009013F0010F2B462D4D3D4856
:1007900008BF28464246019039463B48F4F756FBCD
:1007A00002213A48F4F752FB0AE6324638492E480D
:1007B000F4F74CFB2B68D5F8B840002BC0D1194A90
:1007C00019491A48F4F742FB0EE506F071FF01469D
:1007D0003048F4F73BFB204619F078FC2CE616482D
:1007E000F4F734FB6368002B7FF4F6AEFCE46FF0A3
:1007F000570230462849F8F7EBF82B68D5F8B8408F
:10080000002B7FF467AFB2E6114A124B4BE60C495E
:1008100028E61148F4F71AFBC2E70F48F4F716FB75
:1008200055E600BFB0F20700B8F20700C0F20700BB
:1008300064F1070084F10700A4F10700B8F1070094
:1008400010F1070020BD070054F107008CF30700EA
:1008500078FF07001CF107005CF307005CF207005B
:10086000B8F7070080F2070088F2070020F10700C0
:1008700000F30700A8A7070040F107001CF30700DA
:1008800028F3070048F107004CF3070068F307005E
:10089000A8F20700E8F10700E0F207003046144A2A
:1008A0001449F8F753F82B68D5F8B840002B3FF4FB
:1008B0005EAE0FE7104913F00C0F104A18BF0A463E
:1008C000F2E60D4A13F00C0F0C4918BF114624E74D
:1008D0006FF057010A48F4F7B9FA2B68D5F8B84019
:1008E000002B7FF42DAF6AE79B68FFDE4378FFDEC5
:1008F000A8F2070088F2070028F1070034F107008A
:10090000E0F207002DE9F041002482B001941C467A
:100910001B6807468B42089E15D252F823800A2195
:10092000404601AAF8F7EAFD019DA5B905F05CF97A
:10093000706000B32A462368013323602846327072
:1009400002B0BDE8F08168B11149F8F741F803221F
:100950006FF01505F2E74FB1424638460D49F8F7FA
:1009600037F8F4E70A48F4F771FAF0E74146094826
:10097000F4F76CFAEBE72FB1424638460649F8F730
:1009800027F8E4E741460448F4F760FADFE700BFE0
:1009900060F8070088F80700ACF80700F0B587B0EA
:1009A00004AF0E4608223946044606F0C5FC20B1C5
:1009B0000C4B93E8030087E80300204606F05EFB3B
:1009C000002105462046FEF7E9FB844630213046EB
:1009D0002B46054A01970094CDF808C021F032F962
:1009E00007B0F0BDE8F80700D4F8070030B50546B9
:1009F0000C468DB06946FFF7D1FF28460FF0C0FDC9
:100A000034B16A4620460549F7F7A0FF0DB030BD66
:100A100069460248F4F71AFA0DB030BDF0F8070045
:100A200030B505460C468DB06946FFF7B7FF28463E
:100A30000FF0CEFD34B16A4620460549F7F786FF30
:100A40000DB030BD69460248F4F700FA0DB030BD74
:100A500008F90700F8B51C6806468C4216D252F811
:100A60002470104938461D4627F0E6FD58B1384637
:100A70000D4927F0E1FD48B901221444069B2C6082
:100A80001A700020F8BD02460134F7E736B130464F
:100A90000649F7F79DFF6FF01500F8BD0348F4F71E
:100AA000D5F9F8E774C2070060C2070020F9070013
:100AB0002DE9F0470129DDF820903FD9D2F80480D4
:100AC0000C4607464649404615461E4627F0B4FDEB
:100AD00060B34046434927F0AFFD90B3404627F04E
:100AE00091FD98B308F1FF3C3F4A604401E0604546
:100AF0002CD01CF8013F12F803E01EF0040AF6D1D6
:100B000040463A4927F098FD50B34046384927F00F
:100B100093FDB0BB21460224CDF8209034603346CB
:100B20002A463846BDE8F047FFF7ECBE02239A4656
:100B30003360002089F800A0BDE8F0874FF0010A7B
:100B4000F7E702234FF0010A3360F2E733462A4603
:100B500021463846CDF82090BDE8F047FFF7D2BED9
:100B600002239C42336024D0AC68204606F042FC4D
:100B700005F03AF8C9F8040008B33368013333606C
:100B8000D7E777B138461B494246F7F721FF384689
:100B90001949F7F7DBFE03236FF0150089F80030E1
:100BA000CAE741461348F4F751F91348F4F74EF9F0
:100BB000F1E75FB138461149F7F70AFFEBE74FB1AC
:100BC000224638460E49F7F703FFE4E70B48F4F7EF
:100BD0003DF9E0E721460A48F4F738F9DBE700BFC2
:100BE00014AD07003CF907007669080014FA070005
:100BF00094F9070098F90700CCF9070044F90700B9
:100C00006CF9070030B50023012493B0CDE903430C
:100C1000059303238DF8103004AB009303AB044617
:100C20000D46FFF745FF78B9039BAB420FD19DF806
:100C30001030012B17D0022B1BD01BB3002C3CD043
:100C400020462449F7F7C4FE002013B030BD34B16C
:100C500020462149F7F7BCFE002013B030BD1E48E6
:100C6000F4F7F4F8F0E704B320461C49F7F7B0FEB8
:100C7000EAE7F4B120461A49F7F768FE012010F0C0
:100C8000F5F9E1E7059D06A92846FFF787FEC4B1FF
:100C90002046144906AAF7F759FE20461249F7F7ED
:100CA00087FE284606F028FACEE70C48F4F7CEF87F
:100CB000CAE70B48F4F7CAF8E0E70648F4F7C6F8C5
:100CC000C2E7084806A9F4F7C1F80748F4F7BEF8E8
:100CD000E7E700BFC8FA070018FA070028FA07007C
:100CE00044FA070070FA07008CFA0700F0B593B0D9
:100CF00005460E460FF0B0FC06A904462846FFF74D
:100D00004DFE4FF6FF739C4208D1002E4CD030466A
:100D10003B4906AAF7F71AFE13B0F0BD28460FF0BC
:100D2000EBFD04F08007844635B12D6825B10C3504
:100D3000D5E8AF5F05F00105620747BF314A324889
:100D4000324A334804F00201002918BF024604F079
:100D5000010E04F40053002E2CD02E4C2E49039289
:100D6000BCF1000F18BF21462C4C00912C49304695
:100D7000002D18BF21462B4C01912B492B4DBEF164
:100D8000000F18BF21462A4C0291002B18BF2C4699
:100D9000284D294B2949002F08BF2B4606AA049449
:100DA000F7F7D4FD13B0F0BD154806A9F4F74EF8D7
:100DB00013B0F0BD02921948194A1D4C002D18BFFE
:100DC000024618480092184A06A9BEF1000F18BF43
:100DD00002460192154A1948002B18BF1446164BBB
:100DE000144A0394002F18BF1A460B4C094BBCF150
:100DF000000F08BF2346F4F729F813B0F0BD00BF79
:100E000058FB0700B8F20700E4FA0700F8FA0700F9
:100E1000F0FA070014FB070010FB07001CFB07009B
:100E200028FB070034FB07003CFB07004CFB0700D6
:100E300048FB070008FB070000FB070070FB0700EA
:100E400030B50023012487B0CDE903430593032384
:100E50008DF8103004AB009303AB04460D46FFF74A
:100E600027FE68B9039BAB420DD19DF810305A1E86
:100E7000012A1DD9BBB174B120461049F7F7A8FD6E
:100E8000002007B030BD54B120460D49F7F7A0FD52
:100E9000002007B030BD0948F3F7D8FFF0E7084855
:100EA000F3F7D4FFECE721460598FFF71FFFE7E7CC
:100EB0002146044806F0F8F8E2E700BFC8FA070048
:100EC00018FA0700ED0C050030B50023012493B09B
:100ED000CDE90343059303238DF8103004AB009351
:100EE00003AB04460D46FFF7E3FD78B9039BAB4225
:100EF0000FD19DF81030012B17D0022B1FD043B318
:100F0000002C40D020462449F7F762FD002013B0A2
:100F100030BD34B120462149F7F75AFD002013B007
:100F200030BD1E48F3F792FFF0E70CB320461C4992
:100F3000F7F74EFD20461B49F7F708FDE6E7F4B149
:100F400020461949F7F702FD2146184806F0ACF88B
:100F5000DCE7059D06A92846FFF720FD28460FF08F
:100F60000FFBA4B12046124906AAF7F7EFFCCDE724
:100F70000B48F3F76BFF0B48F3F768FFC6E70A4827
:100F8000F3F764FFE0E70448F3F760FFBEE70848C3
:100F900006A9F3F75BFFB9E7C8FA070018FA0700DC
:100FA00028FA0700CCF907009CFB0700ED090500B3
:100FB000F0F8070030B50023012493B0CDE90343D6
:100FC000059303238DF8103004AB009303AB044664
:100FD0000D46FFF76DFD78B9039BAB420FD19DF82D
:100FE0001030012B17D0022B1FD043B3002C40D060
:100FF00020462449F7F7ECFC002013B030BD34B193
:1010000020462149F7F7E4FC002013B030BD1E480C
:10101000F3F71CFFF0E70CB320461C49F7F7D8FCA8
:1010200020461B49F7F792FCE6E7F4B12046194940
:10103000F7F78CFC2146184806F036F8DCE7059DEA
:1010400006A92846FFF7AAFC28460FF0C1FAA4B16A
:101050002046124906AAF7F779FCCDE70B48F3F7CB
:10106000F5FE0B48F3F7F2FEC6E70A48F3F7EEFE8B
:10107000E0E70448F3F7EAFEBEE7084806A9F3F7FD
:10108000E5FEB9E7C8FA070018FA070028FA0700D2
:10109000CCF90700B4FB0700210A050008F9070096
:1010A00030B50023012493B0CDE903430593032316
:1010B0008DF8103004AB009303AB04460D46FFF7E8
:1010C000F7FC78B9039BAB420FD19DF81030012B90
:1010D00017D0022B1FD03BB3002C43D0204627490A
:1010E000F7F776FC002013B030BD34B12046244918
:1010F000F7F76EFC002013B030BD2148F3F7A6FED1
:10110000F0E724B320461F49F7F762FC20461E494A
:10111000F7F71CFCE6E70CB320461C49F7F716FC72
:1011200001200FF0B7FFDDE7059D06A92846FFF770
:1011300035FCDCB12046164906AAF7F707FC204625
:101140001449F7F735FC284606F042F8CAE70D487F
:10115000F3F77CFE0C48F3F779FEC3E70B48F3F78F
:1011600075FEDDE70548F3F771FEBBE7084806A901
:10117000F3F76CFE0748F3F769FEE4E7C8FA0700E7
:1011800018FA070028FA0700CCF90700CCFB070083
:10119000F8FB070018FC070030B50023012493B0CA
:1011A000CDE90343059303238DF8103004AB00937E
:1011B00003AB04460D46FFF77BFC78B9039BAB42BB
:1011C0000FD19DF81030012B2BD0022B33D083B1DF
:1011D000002C4BD020462C49F7F7FAFB002013B027
:1011E00030BDD4B120462949F7F7F2FB002013B0F7
:1011F00030BD059D06A92846FFF7D0FB28460FF015
:101200007BFB08B3002C35D02046214906AAF7F70E
:101210009DFB28460FF00CFBE0E71C48F3F716FE99
:10122000DCE7C4B120461B49F7F7D2FB20461A4938
:10123000F7F78CFBD2E7ACB120461849F7F786FBED
:1012400001200FF03BFFC9E7CCB12046144906AAA4
:10125000F7F7BEFBC2E70F48F3F7F8FD0E48F3F7C8
:10126000F5FDBBE70D48F3F7F1FDE9E70648F3F7B5
:10127000EDFDB3E7064806A9F3F7E8FDC9E708481E
:1012800006A9F3F7E3FDA9E7C8FA070018FA070073
:10129000D4FC070028FA0700CCF9070058FC070027
:1012A00088FC070030B50023012493B0CDE9034347
:1012B000059303238DF8103004AB009303AB044671
:1012C0000D46FFF7F5FB78B9039BAB420FD19DF8B4
:1012D0001030012B2BD0022B33D083B1002C4BD0FC
:1012E00020462C49F7F774FB002013B030BDD4B171
:1012F00020462949F7F76CFB002013B030BD059D4F
:1013000006A92846FFF74AFB28460FF0F5FA08B36E
:10131000002C35D02046214906AAF7F717FB2846AE
:101320000FF08AFBE0E71C48F3F790FDDCE7C4B15F
:1013300020461B49F7F74CFB20461A49F7F706FBF6
:10134000D2E7ACB120461849F7F700FB01200FF0B7
:10135000CFFEC9E7CCB12046144906AAF7F738FBFF
:10136000C2E70F48F3F772FD0E48F3F76FFDBBE7D6
:101370000D48F3F76BFDE9E70648F3F767FDB3E7C0
:10138000064806A9F3F762FDC9E7084806A9F3F77E
:101390005DFDA9E7C8FA070018FA070078FD070005
:1013A00028FA0700CCF90700F8FC07002CFD07001D
:1013B0002DE9F0430023012493B0CDE903438DF8D8
:1013C0000B30059303238DF8103004AB009303AB6F
:1013D00004460D461646FFF76BFB58B99DF81030D2
:1013E000012B32D0022B25D043B154B320466D4996
:1013F000F7F7EEFA002013B0BDE8F0830DF10B0211
:10140000009229463246204603ABFFF723FB0746EE
:101410000028EFD19DF80B90DDF80C80B9F1010F99
:1014200047D0A84522D0002C73D020465E49F7F75C
:10143000CFFADFE7002C38D020465C49F7F7C8FA2E
:10144000D8E75848F3F702FDD4E744B1204658499D
:10145000F7F7BEFA20465749F7F778FACAE7544833
:10146000F3F7F4FC5348F3F7F1FCC3E7059D06A935
:101470002846FFF793FA28460FF03EFA00284CD092
:10148000B9F1010F50D028460FF0CAFB0346002CDB
:101490005CD04949494D06AA002818BF0D46204690
:1014A00047490095F7F752FAA4E74048F3F7CEFC16
:1014B000A0E74545069065D956F828604149304671
:1014C00027F0BAF80746F8B1304627F09BF890B1FC
:1014D000731E19183C4801E099420CD013F8012FF3
:1014E000825C5207F8D4002C52D03246204637494D
:1014F000F7F76EFA7EE70A21304606AAF7F7FEFFF5
:10150000069B0746002BEED108F10108CDF80C80B0
:1015100087E72548F3F79AFC6CE71CB320462C4973
:1015200006AAF7F755FA65E7394628460FF0A4FBF7
:10153000ECB1214B214D2046002F18BF1D462549F7
:101540003B4606AA0095F7F701FA53E71B481A49EC
:101550001A46002B0CBF03460B46194806A9F3F7A1
:1015600075FC47E71A4806A9F3F770FC42E71349F0
:10157000114B3A46002F08BF0B46164806A9F3F751
:1015800065FC37E74CB120461349F7F721FA31E7FC
:1015900031460E48F3F75AFC2CE70F48F3F756FC98
:1015A00028E700BFC8FA070018FA0700B8FD0700CF
:1015B00028FA0700CCF90700ACFD07009CFD0700E6
:1015C000B8FE07003CF907007669080008FE07002E
:1015D00024FE070084FE0700E0FD070000232DE93C
:1015E000F04F0324012695B006ADCDE906330095F2
:1015F0008DF8133005AB8DF818400F46044615469C
:101600000596FFF755FA60B99DF81830B34245D0FA
:10161000022B38D04BB1002C3CD020469949F7F72B
:10162000D7F9002015B0BDE8F08F0DF1130200923C
:1016300039462A46204605ABFFF70CFA80460028BB
:10164000EFD1DDF814904F4540F2488155F829A0BC
:101650008D49504626F0F0FF4FEA890B50B35046B3
:101660008A4926F0E9FF20B35046894926F0E4FF75
:10167000002800F0C180002C69D0524620468549E0
:10168000F7F7A6F9CDE7002C5DD020468249F7F7A1
:101690009FF9C6E77B48F3F7D9FBC2E7002C4BD094
:1016A00020467E49F7F794F920467D49F7F74EF931
:1016B000B7E73046DFF8ECA19DF813300AEBC00025
:1016C00009F10102012B0679059245D00025BA42A5
:1016D00006D0002C7FD020467349F7F779F9A0E7B0
:1016E000079F08A938460393FFF758F938460FF0CB
:1016F00003F9039B002877D0012B38467ED0314672
:101700000FF05AFA0546002C00F09480002E00F0ED
:10171000FF80012E00F0FB80022E00F0F880634A6B
:1017200020466349634C08AB002D08BF0C46624954
:101730000094F7F70BF974E75848F3F787FB58481C
:10174000F3F784FB6DE75448F3F780FB69E75146F4
:101750005048F3F77BFB64E79742039340F2EF8036
:1017600005EB0B0255685549284626F065FF039B9B
:10177000002834D028464F4926F05EFF039B70B303
:1017800028464F4926F058FF039B40B328464D4951
:1017900026F052FF039B10B328464B49039326F0D3
:1017A0004BFF039B98B12846414926F045FF039B18
:1017B00068B12846454926F03FFF039B38B12846CB
:1017C000434926F039FF039B002840F0B88009F117
:1017D000020205927AE73448F3F738FB21E709F172
:1017E00002020125059272E7002C34D020463949C7
:1017F00008AAF7F7EDF814E702205BE72A4631461E
:101800000FF09AF8002C2BD0002E00F08E80012EC5
:1018100000F08A80022E00F08780244A08AB244919
:101820000093244B2046002D08BF0B462A49F7F7AA
:101830008DF8F6E6002E74D0012E71D0022E6FD0F6
:101840001A491B481B4B08AA002D08BF03461A481B
:10185000F3F7FCFAE5E61F4808A9F3F7F7FAE0E624
:10186000002E73D0012E70D0022E6ED00F4910487A
:10187000104A08AB002D08BF02461748F3F7E6FAF6
:10188000CFE600BFC8FA070054FF070060FF07005B
:1018900070FF070080FF0700F0FE070028FA07002E
:1018A000CCF907003404080018FA0700E8FE070026
:1018B00054110800E04C08005C00080068B4070000
:1018C000902A08009CFF07006CB40700802A0800DB
:1018D000A4FF0700CCFF07002800080044B32046FF
:1018E0001E49F7F775F820461D49F7F72FF8DFF87E
:1018F00074A01D4D5AF838206CB129462046F7F7E0
:1019000025F808F10108B8F1030FF3D189E6B046D4
:101910005AF8382004E711462846F3F797FAF0E71B
:10192000B0465AF838108CE7B0465AF8382075E7B8
:101930000A48F3F78BFA0A48F3F788FAD7E744B175
:1019400020460A49F7F744F86BE6B0465AF83810D3
:101950008DE70648F3F77AFA63E600BF18FF070041
:1019600030FF0700340408004CFF0700ACFF0700FD
:1019700030B5044683B058B3244A2549F6F7E6FF4C
:101980002046244A2449F6F7E1FF2046214A23490C
:10199000F6F7DCFF20461F4A2149F6F7D7FF20461D
:1019A00001222049F6F7D2FF204601221E49F6F710
:1019B000CDFF022220461D49F6F7C8FF00256946E3
:1019C0001B48CDE9004505F06FFB284603B030BD4C
:1019D0000E490F48F3F73AFA0E490F48F3F736FA73
:1019E0000C490E48F3F732FA0A490D48F3F72EFA7C
:1019F00001210C48F3F72AFA01210B48F3F726FAE4
:101A000002210A48F3F722FAD8E700BFB0F2070034
:101A10004C0408007C04080088040800B80408008E
:101A2000E8040800180508005C050800A005080087
:101A3000351A05002DE9F04F0E680546D0F8B8407C
:101A400087B0002E6CD005F019FB05A90746284683
:101A5000FDF7A4FB84463A46304641492B46CDF873
:101A600000C0F6F773FF3046059A3E49F6F76EFF61
:101A7000002C6BD030463C49F6F768FFE37EDFF878
:101A8000EC809B0704F1140A04F1040902D52588AF
:101A9000012D02D007B0BDE8F08F207E04F11C07B5
:101AA0000EB3FDF705FB034694F919001C46FDF73C
:101AB0000BFB8346DAE8AFAF4946284605F072FFD4
:101AC0000346394628461D4605F06CFF07465B462F
:101AD000224641463046CDE900A50297F6F736FF8B
:101AE00007B0BDE8F08FFDF7E3FA064694F9190058
:101AF000FDF7EAFA8346DAE8AFAF4946284605F033
:101B000051FF39460446284605F04CFF054653462A
:101B10005A4631464046CDE90045F3F797F9B9E713
:101B200005F0ACFA05A907462846FDF737FB39460C
:101B300003462A460A48F3F789F905990948F3F755
:101B400085F944B10848F3F781F997E73046084929
:101B5000F6F7FCFE9EE70648F3F778F99AE700BF30
:101B6000E4050800100608006C060800900608004E
:101B700040060800F0B50329074683B017D1516825
:101B80001446FDF757FA051E15DB04F02DF806463E
:101B900008B3A168012001AA05F020FF054668B935
:101BA000304601A904F0F2FB284603B0F0BD70B145
:101BB0001149F6F70DFF6FF00705F5E7A2688FB141
:101BC00038460E49F6F704FF6FF01505ECE70A48B2
:101BD000F3F73CF9EFE757B12A4638460849F6F7DC
:101BE000E7FEE8E711460548F3F730F9ECE7294648
:101BF0000348F3F72BF9DEE7A8060800E006080023
:101C000068EE07002DE9F0430229804685B040F2D6
:101C10008F800F4651681546FDF70CFAB0F10009A8
:101C2000C0F29C8003F0E0FF0646002800F08E80A2
:101C3000A968012002AA05F0D1FE044600287CD143
:101C4000029901F0F001E02921D0032F15D00346BD
:101C50000322304602A904F0BDFB80B3E9680120ED
:101C600003AA05F0BBFEE8B1EA68B8F1000F47D05F
:101C700040464349F6F7ACFE06E0B8F1000F1AD033
:101C800040464049F6F7A4FE6FF0150406E03046E2
:101C9000224602A90AF0B6FC051E20DB204605B04C
:101CA000BDE8F083304603AA02A904F009FB2046F0
:101CB00005B0BDE8F0833348F3F7C8F8E4E7012046
:101CC00002A9B8F1000F20D005F06CFE4B46024689
:101CD0002D494046F6F77CFE6FF00B04DEE701204D
:101CE00002A9B8F1000F18D005F05CFECDE900950F
:101CF0000346264A40462649F6F76AFE2C46CDE7BB
:101D000011461F48F3F7A2F8BEE705F04BFE4A461E
:101D100001461D48F3F79AF8DEE705F043FE4B460F
:101D200002461A491A480095F3F790F82C46B5E791
:101D3000B8B11849F6F74CFEA6E7AA68B8F1000F4B
:101D400013D040461449F6F743FE9DE7B8F1000F63
:101D500010D04A4640461149F6F72AFE6FF00704B4
:101D60009CE70C48F3F772F88EE711460A48F3F740
:101D70006DF889E749460948F3F768F8EEE700BFD0
:101D8000B00708007007080088070800340708003B
:101D90003C070800F8060800E006080068EE0700A7
:101DA0002DE9F0410329804684B038D151681446AA
:101DB000FDF740F9071E59DB03F016FF0646002821
:101DC0004CD0A168012003AA05F008FE05460028B2
:101DD0003BD1039B03F0F003E02B09D0304603A96D
:101DE00004F00AFF002844D0284604B0BDE8F08182
:101DF000304603A90AF048FC041EF5DA012003A9C5
:101E0000B8F1000F12D005F0CDFDCDE90074034606
:101E1000244A40462449F6F7DBFD2546E4E780B135
:101E20002249F6F7D5FD6FF01505DDE705F0BAFD9F
:101E30003B4602461B491C480094F3F707F8254629
:101E4000D2E71A48F3F702F8EDE7A268B8F1000FFD
:101E500018D040461649F6F7BBFDE4E7B8F1000F8D
:101E600015D03A4640461349F6F7A2FD6FF0070534
:101E7000BAE7A268B8F1000F0ED040460E49F6F757
:101E8000A7FDF3E711460A48F2F7E0FFCBE7394632
:101E90000848F2F7DBFFE9E711460748F2F7D6FFFB
:101EA000E4E700BFF40708003C070800C407080087
:101EB000E006080068EE0700FC07080008B530B12E
:101EC000064A0749F6F742FD6FF0070008BD0349CF
:101ED0000348F2F7BBFF6FF0070008BD7C04080061
:101EE000B409080010B582B048B1094C094B0A4A40
:101EF0000A490094F6F71AFD002002B010BD044B09
:101F0000044A05490548F2F7A1FF002002B010BDC0
:101F1000F0FA0700E4090800F4090800080A0800BC
:101F200008B530B1064B074A0749F6F7FFFC002019
:101F300008BD034A03490448F2F788FF002008BDA2
:101F4000F0FA0700E40908004CDD070008B530B1DD
:101F5000064B074A0749F6F7E9FC002008BD034A8B
:101F600003490448F2F772FF002008BDF0FA0700A9
:101F7000E40908004CDD070010B5044684B068464B
:101F800003AB02AA01A907F0E5FE002C2DD08022A8
:101F900020462949F6F7DAFC20462849F6F7D6FC10
:101FA00020462749F6F7D2FC009A20465369254976
:101FB000F6F7CCFC019A204653692349F6F7C6FC94
:101FC000029A2046138C2149F6F7C0FC039A20465A
:101FD000138C1F49F6F7BAFC20461E4B1E4A1F49B8
:101FE000F6F7A4FC002004B010BD80211248F2F7DF
:101FF0002DFF1248F2F72AFF1148F2F727FF009948
:1020000010484A69F2F722FF01990F484A69F2F72E
:102010001DFF02990D480A8CF2F718FF03990C482E
:102020000A8CF2F713FF0B4A0B490C48F2F70EFF2C
:10203000002004B010BD00BF840C0800A00C0800F4
:10204000B80C0800D00C0800DC0C0800E80C0800F4
:10205000F80C0800080D08001C0D08004CDD0700F6
:1020600008B520B10449F6F761FC002008BD02481C
:10207000F2F7ECFE002008BD6C0D080008B520B199
:102080000449F6F753FC002008BD0248F2F7DEFED3
:10209000002008BD6C0D08002DE9F04F0C46002310
:1020A00004258DB0204606A9CDE90753CDE90933B3
:1020B000166806930B9308F02DFB002800F08C8027
:1020C00029460746204608F0DBF8204608F046FA85
:1020D000032831D80DF12008414D7288D5F8609061
:1020E00052BA92B20120141F06F10C0106F1100B36
:1020F000B9F1000F44D005F055FC59468246012045
:1021000005F050FC0346CDF80C80327A4846029226
:102110007988224649BA89B2CDE90031534631491E
:10212000F6F714FC7B886A6E5BBA9BB2934242D08E
:1021300000200DB0BDE8F08F204605A908F0C2F8D8
:10214000002849D111F0BAFE0446059BDFF898C07B
:10215000E41AC4F30E03A3FB0C3EDB0B059443EA25
:102160004E43E40B0CFB0433204D0DF12008A5FB7E
:102170000353102140461E4A9B0C1FF063FDABE742
:1021800005F010FC59468146012005F00BFCCDF806
:102190000880327A214601927C88034664BAA4B250
:1021A0004A4610480094F2F751FE7B886A6E5BBA8B
:1021B0009BB29342BCD10A4818F028FF0D4808F0A2
:1021C000B1FC0022286E1146F6F7B6FD08210A4A36
:1021D000286EF6F79DFBABE76FF00400A9E700BFA0
:1021E00050C60120140E080000CA9A3B83DE1B4330
:1021F000080E080080C6012020BD070030B5046825
:1022000083B052F824309D7885B1981C0378302B28
:1022100017D14378782B14D11021002301AA019300
:10222000F7F748F9019B73B903B030BD4FEA840C4E
:1022300001348C4207D20460624450680378302B2A
:10224000E7D00A21E9E74FF0FF30EDE701232DE960
:10225000F04F994287B00746059340F2138100255D
:1022600091464FF0FF364FF47A728B464FF00408D8
:102270004FF0030A2C460292039659F823100B786C
:102280002D2B40F0C5804B78493B2A2B17D8DFE82F
:1022900003F0A916161616161616A01616161616FA
:1022A000161616161616161616161616971616164D
:1022B00016168E1616161616167C16162300002FE6
:1022C00000F0A8800A4638467349F6F771FB6FF0B4
:1022D000070007B0BDE8F08F4A46594605A8FFF74A
:1022E0008DFFB0F5803F804680F08980059B0133EB
:1022F0005B450593C1D3002C00F0C480DFF89CB18E
:1023000078220021584626F001F95846644918F011
:1023100071FD029BCBF864A0CBF86830CBF87460F9
:102320008BF87250CBF86070ABF8708001202146BA
:102330000BF1480205F052FB00286FD10121594AE8
:10234000034600920246ABF844100BF1300008F04F
:10235000BDFB0028C0F28180039803F045FC0028F3
:1023600063D0CBF85C00002F6CD0224638464E4933
:10237000F6F7ECFA384600224C49F6F7DDFC00226D
:102380000023464818F03CFE4DE04A46594605A851
:10239000FFF734FFFF280646A8D9059B002F56D02B
:1023A000384659F823204249F6F702FB8FE74A46A0
:1023B000594605A8FFF722FF031E029396DAECE7C1
:1023C0004A46594605A8FFF719FFB0F1000A8DDA11
:1023D000E3E74A46594605A8FFF710FFFF280546E0
:1023E00084D9DAE74A46594605A8FFF707FF031ED6
:1023F000039304DB03F0F8FB00287FF477AF059B21
:1024000059F82320A7B338462949F6F7D1FA5EE7F1
:102410000C466BE72048F2F719FD58E727B338461A
:102420002449F6F7C5FA002053E7BBF84430012BE6
:1024300097D10BF1480003F0E5FE002891D103F09D
:1024400087FC8EE721461848F2F700FD92E718480E
:1024500059F82310F2F7FAFC39E777B13846164AF3
:102460001649F6F7A5FADEE71248F2F7EFFCDAE7CD
:1024700011460F48F2F7EAFC29E70F490F48F2F737
:10248000E5FCD0E727B138460D49F6F791FA1EE78B
:102490000B48F2F7DBFC1AE7580E080050C6012083
:1024A0000125050099200500C80E0800C524050077
:1024B000440E0800B40E0800B8F207008C0E0800A5
:1024C000740E0800C2B101390A4401E0914213D0F0
:1024D00011F8013F032BF9D110B5084C204618F034
:1024E00095FD04F1300008F01DFB0022206E11461E
:1024F000BDE81040F6F720BC704700BF50C6012071
:1025000070B5C36E426E013393420446056E88B0C7
:10251000C36637D823D34FF48032002318F070FD00
:10252000042103A8FAF786FD0022E16E0094ADF8BD
:102530000E1094F8721004F130068DF81010616FCF
:1025400006920591B4F870103046079103ABE16D27
:1025500004F1440208F062FB68BB08B070BD4FF4A0
:10256000004340F2E7300021A26EE2FB03014FF48A
:102570007A7200231FF0B8FA02460B46204618F084
:102580003FFDCDE7A5B328461B49F6F7CFF9204616
:1025900018F03CFD04F1300008F0C4FA0022206E6F
:1025A0001146F6F7C9FB0821144A206E08B0BDE8B1
:1025B0007040F6F7ADB9B5B1024611492846F6F7B5
:1025C000F7F9204618F022FD304608F0ABFA002259
:1025D000206E1146F6F7B0FB0821084A206EF6F788
:1025E00097F908B070BD01460548F2F72FFCE8E7FF
:1025F0000148F2F72BFCCAE7D40E080020BD070003
:10260000E40E08002DE9F04F56681446337805466D
:10261000302B87B003D17378782B08BF0236304651
:1026200025F0F0FF0423014605AA3046F2F794FC9A
:10263000002800F0EB80411E00F1E88000221646E1
:1026400005AB184410F8013D013993401E434B1C63
:1026500002F10802F6D1002E00F0D880002305A96F
:102660001A4604A807F076FB0499CB684A699E4293
:10267000896973D3013A01FB023296426ED8F31A8C
:10268000B3FBF1F201FB1233002B67D1B46806F102
:102690002008002D00F0AA80324628466449F6F74B
:1026A00055F9D8E8AF3F634932462846F6F74EF968
:1026B0002CB328466049F6F749F9DFF8809104F118
:1026C0000C00002D6BD0DFF870A105E028465146C4
:1026D000F6F73CF904F10C00D8E8AFBF278AFAF707
:1026E000B9F98446B4F812E022465B4649462846CA
:1026F0008DE88050F6F72AF96468002CE6D1284668
:102700004F49F6F723F928464D49F6F71FF9B46803
:10271000002C67D0237A002B64D0324628464949E2
:10272000F6F714F90026DFF820810DE02346414634
:1027300028463A46F6F70AF9228AE1682846F6F76B
:10274000D7F96468002C4DD037460136002DEDD105
:10275000224640463946F2F779FBEDE70599CB680A
:102760004A699E4289690BD3013A01FB02329642C3
:1027700006D8F31AB3FBF1F201FB1233002B85D01C
:102780006268002D49D028463049F6F721F96FF0EC
:10279000070028E02848F2F759FB04F10C00D8E8BC
:1027A000AFBFB4F810A0FAF755F90746B4F812C055
:1027B000214653465A464846CDE9007CF2F746FB8F
:1027C0006468002CE6D11E48F2F740FB1C48F2F783
:1027D0003DFBB46834B1237A23B131461948F2F78E
:1027E00035FB9FE7002007B0BDE8F08F3146104869
:1027F000F2F72CFBD8E8AF2F0E483146F2F726FB54
:10280000002CE0D00C48F2F721FB56E762684DB18E
:1028100028460F49F6F7DCF8B9E711460B48F2F7FE
:1028200015FBB4E711460A48F2F710FBAFE700BF0B
:102830004410080060100800681008006C100800C0
:10284000A018080080100800A41008001810080044
:10285000E80F080008B530B1064B074A0749F6F7FC
:1028600065F8002008BD034A03490448F2F7EEFA70
:10287000002008BD3C110800581108004CDD07007D
:1028800008B530B1064B074A0749F6F74FF8002064
:1028900008BD034A03490448F2F7D8FA002008BDEE
:1028A000D0110800A81108004CDD070008B530B1B0
:1028B000064B074A0749F6F739F8002008BD034AD6
:1028C00003490448F2F7C2FA002008BDD0110800FD
:1028D000A81108004CDD070008B530B1064B074AC7
:1028E0000749F6F723F8002008BD034A03490448C6
:1028F000F2F7ACFA002008BD541208005812080084
:102900004CDD070008B530B1064B074A0749F6F71A
:102910000DF8002008BD034A03490448F2F796FA6F
:10292000002008BD54120800801208004CDD07008A
:1029300008B520B10449F5F7F9FF002008BD0248A9
:10294000F2F784FA002008BD5813080008B530B12A
:10295000064B074A0749F5F7E9FF002008BD034A7F
:1029600003490448F2F772FA002008BDAC130800CE
:10297000BC1308004CDD070010B582B048B1094C0B
:10298000094B0A4A0A490094F5F7D0FF002002B02B
:1029900010BD044B044A05490548F2F757FA0020D8
:1029A00002B010BDF0FA0700E4090800F4090800BD
:1029B000D013080010B582B048B1094C094B0A4A3F
:1029C0000A490094F5F7B2FF002002B010BD044B95
:1029D000044A05490548F2F739FA002002B010BD53
:1029E000F0FA0700E4090800F409080018140800C8
:1029F00010B558B104460A4B0A4A0B49F5F796FF41
:102A000020460A49F5F792FF002010BD044A054907
:102A10000548F2F71BFA0548F2F718FA002010BD36
:102A2000581508006C1508004CDD07009C150800BF
:102A30002DE9F84F00244FF0FF3590425D601C7087
:102A400028D9814602F18040284493469A464FF0A7
:102A50000108254E254F01EB800505E08AF800802E
:102A60000BF1010BD94515D955F8044F94B13146F6
:102A70002046EEF7BFF80028F0D039462046EEF7A2
:102A8000B9F848B94FF002030BF1010BD9458AF8A8
:102A90000030E9D8BDE8F88F20461549EEF7AAF8CE
:102AA00020B94FF003038AF80030D9E720461149D6
:102AB000EEF7A0F818B90123CAF80430D0E7204691
:102AC0000D49EEF797F818B90223CAF80430C7E7A2
:102AD00020460A49EEF78EF80028C1D14FF0FF33A7
:102AE000CAF80430BCE700BFDC150800E815080090
:102AF000F4150800FC1508000416080014AD0700C2
:102B00008C4630B5054685B002AC6046114623467A
:102B100001220095FFF78CFF69460348019404F0F9
:102B2000C3FA002005B030BD2D2B0500F0B50D68AF
:102B300087B0002800F03881044605A9002D00F078
:102B40009480FCF72BFB0646204604F097FA0746D4
:102B500033462246284681490097F5F7F7FE284676
:102B6000059A7F49F5F7F2FED4E90F12A36BCDE980
:102B700000212846626B7B49F5F7E8FED4E908316D
:102B8000E269284600917849F5F7E0FED4E90B3177
:102B9000A26A284600917549F5F7D8FED4E91231AA
:102BA000626C284600917249F5F7D0FED4E91423EF
:102BB00028467049F5F7CAFED4E92B31D4F8A8208D
:102BC000284600916C49F5F7C1FE04F198010EC941
:102BD000284600916949F5F7B9FE2846D4F8A420A3
:102BE0006749F5F7B3FED4E91623A66ECDE90023B5
:102BF0000296D4E9182328466249F5F7A7FED4E9DE
:102C00001D31226F284600915F49F5F79FFED4E9F8
:102C10001F31D4F88C20284600915C49F5F796FEC8
:102C2000D4E9212328465A49F5F790FED4E9242314
:102C300028465849F5F78AFE2846E26E5649F5F7C8
:102C400085FED4E9042328465449F5F77FFED4E9EC
:102C5000022328465249F5F779FEA26928465149D0
:102C600007B0BDE8F040F5F771BEFCF797FA0546EE
:102C7000204604F003FA2A46034621463748F2F775
:102C8000E5F805993648F2F7E1F8D4E90F03D4E9FD
:102C90000D1200903348F2F7D9F8D4E90823E1691E
:102CA0003148F2F7D3F8D4E90B23A16A2F48F2F7A1
:102CB000CDF8D4E91223616C2D48F2F7C7F8D4E9B6
:102CC00014122C48F2F7C2F8D4E92B23D4F8A81038
:102CD0002948F2F7BBF8D4E92712D4F898302748EE
:102CE000F2F7B4F8D4F8A4102548F2F7AFF8D4E915
:102CF0001823D4E91667A16E22480291CDE9006736
:102D0000F2F7A4F8D4E91D23216F1F48F2F79EF8CB
:102D1000D4E91F23D4F88C101C48F2F797F8D4E9B3
:102D200021121B48F2F792F8D4E924121948F2F75D
:102D30008DF8E16E1848F2F789F8D4E904231748B2
:102D4000F2F784F8D4E902231548F2F77FF8A16975
:102D5000144807B0BDE8F040F2F778B80C16080048
:102D600084F1070028160800581608008416080089
:102D7000AC160800D0160800F0160800141708005A
:102D8000381708004C170800781708009C1708002F
:102D9000C4170800E01708000018080014180800FD
:102DA0002C1808006C180800784C002D00F0838067
:102DB00028467749F5F7CAFD28467649F5F7C6FD56
:102DC000D4E90D12236BCDE900212846E26A72494D
:102DD000F5F7BCFDD4E906316269284600916F49D8
:102DE000F5F7B4FDD4E90931226A284600916C490F
:102DF000F5F7ACFDD4E91031E26B28460091694942
:102E0000F5F7A4FDD4E9122328466749F5F79EFD9E
:102E1000D4E92931D4F8A020284600916349F5F778
:102E200095FD04F190010EC9284600916049F5F71F
:102E30008DFD2846D4F89C205E49F5F787FDD4E93E
:102E40001423266ECDE900230296D4E916232846E2
:102E50005949F5F77BFDD4E91B31A26E2846009154
:102E60005649F5F773FDD4E91D31D4F8842028467E
:102E700000915349F5F76AFDD4E91F2328465149CB
:102E8000F5F764FDD4E9222328464F49F5F75EFDA6
:102E90002846626E4D49F5F759FDD4E902232846CC
:102EA0004B49F5F753FDD4E9002328464949F5F786
:102EB0004DFD2269D2E63648F1F7C8FF3548F1F7F3
:102EC000C5FFD4E90D03D4E90B1200903248F1F7A5
:102ED000BDFFD4E9062361693048F1F7B7FFD4E9B3
:102EE0000923216A2E48F1F7B1FFD4E91023E16BE1
:102EF0002C48F1F7ABFFD4E912122B48F1F7A6FFEB
:102F0000D4E92923D4F8A0102848F1F79FFFD4E989
:102F10002512D4F890302648F1F798FFD4F89C1089
:102F20002448F1F793FFD4E91623D4E91467216EFE
:102F300021480291CDE90067F1F788FFD4E91B230E
:102F4000A16E1E48F1F782FFD4E91D23D4F8841046
:102F50001B48F1F77BFFD4E91F121A48F1F776FFFF
:102F6000D4E922121848F1F771FF616E1748F1F7A2
:102F70006DFFD4E902231648F1F768FFD4E9002376
:102F80001448F1F763FF2169E2E600BF68C9012038
:102F90004418080058180800281608005816080099
:102FA00084160800AC160800D0160800F0160800B9
:102FB00014170800381708004C1708007817080085
:102FC0009C170800C4170800E01708000018080044
:102FD000141808002C1808002DE9F0435368074620
:102FE00087B043B31846144688460A2201A91EF04A
:102FF00055FE019B81461D78A5B902F0F5FD0646F8
:10300000F0B1214604AC4046234602220297FFF766
:103010000FFD304602A90394FFF788FD284607B04C
:10302000BDE8F083626897B138461049F5F7C0FCF7
:103030006FF00700F3E778B10D49F5F7B9FCF7E752
:1030400077B14A4638460B49F5F7B2FCF0E711462E
:103050000648F1F7FBFEEBE70548F1F7F7FEE7E777
:1030600049460448F1F7F2FEE2E700BFA8DB07009B
:103070008018080068EE0700F0B5002787B00C46FE
:103080000546CF6002F0B0FD45B30646002839D0B2
:10309000012D2DD1082203A904F04EF939463046FE
:1030A0008DF81470FCF77AF801961C4E03AB009073
:1030B0001C2130461A4A1EF0C5FD1A4BC4E90163B3
:1030C000284602F091FDC8B101230421164A174891
:1030D0001EF0B8FD154E266007B0F0BD144E114B22
:1030E000C4E90163284602F07FFD266007B0F0BD09
:1030F0000C4BC4E90173284602F076FD00262660D9
:1031000007B0F0BD074BC4E90103284602F06CFD8F
:103110000028F3D0012DD7D0F0E700BFFCD9012063
:10312000FCED07009C950700FCD40700F8D90120AE
:1031300020BD0700F0B50546506814460E4685B020
:1031400080B10F49EDF756FD38B122463146284689
:10315000FFF742FF002005B0F0BD09F0F3FA0020B0
:1031600005B0F0BD02AF114630463B460122009546
:10317000FFF75EFC69460348019703F095FFE9E716
:1031800090CF07002D2B050008B520B10449F5F7B5
:10319000CDFB002008BD0248F1F758FE002008BD15
:1031A000581308000020704738B5184D04462868A9
:1031B000A0B1B0F89030DB0710D505F0A1FB0028D6
:1031C00018DB3CB120461249F5F7C0FB00232B6009
:1031D000184638BD0E48F1F739FEF7E734B12046FE
:1031E0000C49F5F7E5FB6FF0070038BD0948F1F72A
:1031F0002DFEF8E72CB1024607492046F5F7D8FB2B
:10320000F1E701460448F1F721FEECE71CDA012062
:10321000401B08000C1B08001C1B080010B5174BB6
:103220000446186884B088B1B0F89030DB070DD53B
:1032300002A90091002200231149029406F07CF8B3
:103240000028A8BF00200DDB04B010BD34B120461B
:103250000C49F5F7ADFB6FF00700F5E70948F1F70A
:10326000F5FDF8E72CB1024607492046F5F7A0FB2B
:10327000F1E701460448F1F7E9FDECE71CDA01202B
:103280008D3205000C1B0800541B080038B5E9B14D
:10329000054608460C4607F061F90146284606F047
:1032A000F7F8264B1868A36828B3002B38D0002203
:1032B000B3F810C05B686244002BF9D12049F5F7E0
:1032C00045FB2046BDE8384006F0F6BC1D4C2068A2
:1032D00018B1B0F89030DB0700D438BD05F010FB12
:1032E000164B021E186815DBE0B11749F5F72EFBE7
:1032F0000023236038BDFBB101461A8A5B68114484
:10330000002BFAD10E48F1F7A1FD2046BDE8384068
:1033100006F0D2BC50B1BDE838400C49F5F716BBF9
:103320001A46CBE70848F1F791FDE1E71146BDE801
:1033300038400648F1F78ABD1946E3E718DA01205C
:10334000901B08001CDA01206C1B08001C1B0800E5
:10335000F0B5214B04461D6887B0E5B1B5F8903053
:10336000DB0718D55668F6B13046049425F04AF9C3
:10337000002731464FF480360246284604ADCDE999
:103380000067164B029505F047FF0028A8BF0020F4
:103390000EDB07B0F0BD94B120461149F5F708FBEC
:1033A0006FF00700F5E770B10E49F5F701FBF7E79D
:1033B0006CB102460C492046F5F7FAFAF0E70848E6
:1033C000F1F744FDECE70748F1F740FDE8E7014677
:1033D0000548F1F73BFDE3E71CDA0120ED3305007A
:1033E0000C1B0800A41B0800B81B0800044B18683D
:1033F00010B10449F5F7AABA0248F1F727BD00BF9A
:1034000018DA0120D01B0800084B0A1E186803DBDD
:1034100030B10749F5F79ABA28B10649F5F796BAD7
:103420000348F1F713BD0348F1F710BD18DA012086
:10343000FC1B0800E01B08002DE9F043784E044611
:10344000336815468BB023B1B3F89030DB0700F139
:10345000CB806F68002F00F0D180A868002800F0B2
:10346000BD800A2205A91EF019FC059B80461B7829
:10347000002B40F0AA8002F06BFC05460120394683
:1034800009AA04F0ABFA00283BDBD5F8B8300125D7
:103490005B6898FA98F0ADF82200CDE9065328460B
:1034A000ADF8205007A9002C35D004F07BFABDF808
:1034B0001A3002465BBA9BB220465A49F5F746FAE3
:1034C00009A9284604F06EFABDF8223002465BBA1C
:1034D000204655499BB2F5F739FA06222946284677
:1034E0004F4B05F0F7F8021E5ADB0822306806A998
:1034F00005F036FA021E33DA20464C49F5F758FA41
:1035000005E0002C51D020464949F5F751FA00203A
:103510000BB0BDE8F08304F045FABDF81A2001466F
:1035200052BA92B23F48F1F791FC09A9284604F03B
:1035300039FABDF82220014652BA3B4892B2F1F75F
:1035400085FC294606222846354B05F0C3F8011EA6
:103550002FDB06A90822306805F002FA011E2CDBD9
:1035600000254FF4C0384FF00009324B30681C6022
:1035700005F08CF930680822CDE900892E4B08A9A6
:10358000029505F00FFDA842C1DAD4B120462B49BF
:10359000F5F70EFA306805F0B3F900233360B6E7AB
:1035A00020462749F5F704FAB1E72148F1F74EFC28
:1035B000ADE72348F1F74AFCA9E71C48F1F746FCC0
:1035C000A5E71E48F1F742FCE4E7AA688CB1204663
:1035D0001C49F5F7EDF96FF0070099E7A4B1204613
:1035E0001949F5F7E5F9F6E790B11849F5F7AEF99D
:1035F000F1E711461348F1F729FCECE764B12046E6
:103600001349F5F7D5F9E6E70F48F1F71FFCE2E7B4
:103610000E48F1F71BFCDEE70D48F1F717FCDAE77F
:103620001CDA01207C1C0800941C0800C01C080047
:10363000641C080018DA012009340500D81C0800B1
:10364000A01C0800501C08003C1C08000C1C0800B2
:10365000201C08000020704708B5094B186838B1D5
:103660000849F5F773F9BDE80840074816F0C2BFEE
:103670000448F1F7EBFBBDE80840034816F0BABF79
:1036800020DA0120D01B0800BC7A0120002938D0A4
:103690002DE9F041084682B00D4606F05FFF204F4D
:1036A00006463B6873B318461E49F5F74FF9EEB16D
:1036B0000024DFF8748005E041460134F5F746F94F
:1036C000A64213D0012228460DF1070106F0F0FDB5
:1036D00000280BDB38689DF807200028ECD1114644
:1036E00040460134F1F7B2FBA642EBD1386868B12D
:1036F0000E49F5F72BF9284606F0DEFA02B0BDE8D0
:10370000F08170470748F1F7A1FBD0E70748F1F7D0
:103710009DFB284606F0D0FA02B0BDE8F08100BF5C
:1037200020DA0120501E080064B90700A018080024
:1037300010B5134B04461B68ABB1B3F89020D20709
:1037400011D5184605F0DCF8021E01DB002010BD83
:1037500024B120460B49F5F72BF9F7E71146094844
:10376000F1F774FBF2E734B120460749F5F720F989
:103770006FF0150010BD0448F1F768FBF8E700BFD3
:1037800024DA0120941E0800681E08002DE9F04389
:103790001446002287B002290546039240F29C801D
:1037A000D4E9019003A91EF079FAA268039B0646AA
:1037B0009A4200F0A7805A4F3B6823B1B3F890308B
:1037C000DB0700F190804FF000084846CDE90488FF
:1037D00024F018FF04AA0146484604F0A1FB112278
:1037E00002214F4BBDF8100004F074FF041E38DBBB
:1037F0004C4B1D60BDF81030012B10D0002D4ED069
:103800002846494A4949F5F7D3F8386805F078F869
:10381000021E3FDB0024204607B0BDE8F08376BAE5
:1038200005A8ADF8126002F0EDFC48B33C6803F067
:1038300025FC082284F8920004A9386805F090F865
:10384000021E39DBCDF80080002200233849386899
:1038500005F072FD021EDDDA002D4CD028463549F8
:10386000D1E745B1284622463349F5F7A1F820466D
:1038700007B0BDE8F08321462F48F1F7E7FACAE721
:103880000DB328462D49F5F793F8386805F038F858
:10389000021EBFDA28462A49F5F78AF8BAE7224914
:1038A0002248F1F7D3FA386805F02AF8011EB1DA98
:1038B0002348F1F7CBFAADE715B128462149A2E735
:1038C00011462048EDE71D48F1F7C0FA386805F0C9
:1038D00017F8011E9EDAEBE780B11B49F5F768F88F
:1038E0006FF0150497E79DB128461849F5F760F881
:1038F0006FF077048FE711460E48D2E71248F1F7D0
:10390000A5FAEDE745B128461149F5F751F8E7E783
:103910000E48F1F79BFAEBE70D48F1F797FADFE76E
:1039200024DA012020DA01203C1F0800441F08008F
:103930008D360500B41F08001C1F08006C1F08000E
:10394000DC1F0800901F0800B01E0800FC1E0800C5
:10395000E41E08002DE9F04300248BB0032906463D
:10396000079440F2BF80154607A92246D5E90170A9
:103970001EF094F9D5E90228079B05469A4200F00B
:10398000BD803846CDE9084424F03CFE0146384667
:10399000634F08AA04F0C4FA3B68BBB1B3F8903097
:1039A000DB0713D55F4B1E60BDF82030012B1DD007
:1039B000002E63D030465C4A5C49F4F7F9FF002CD6
:1039C00051D1002420460BB0BDE8F0831122022122
:1039D000534BBDF8200004F07DFE041E53DB514B19
:1039E00001241E60BDF82030012BE1D16DBA09A879
:1039F000ADF8225002F006FC00284ED03D6803F0DE
:103A00003DFB85F8920000250022386800234849D4
:103A1000009505F091FC021E45DB404624F0F2FDC6
:103A20000246082041464FF0FF394FF0FF38049519
:103A3000404D0090386808ABCDE90289019505F04A
:103A400051FC021E35DB4FF4803200233A4816F059
:103A500041FE0B30B3D1002E56D030463749F4F733
:103A6000A7FF002CADD0386804F04AFF021EA8DA88
:103A700056B330463249F4F79BFFA2E72A492B4858
:103A8000F1F7E4F99BE7D6B1304622462D49F4F729
:103A90008FFF20460BB0BDE8F083D6B130462A49EF
:103AA000F4F786FF8BE7C6B130462849F4F780FF6C
:103AB00085E7F6B130462649F4F77AFF7FE72146DD
:103AC0002048F1F7C3F97DE711461D48F1F7BEF92B
:103AD00077E71D48F1F7BAF971E711461B48F1F78E
:103AE000B5F96CE7A0B11B49F4F762FF6FF015045C
:103AF00068E711461648F1F7A9F960E766B1304664
:103B00001549F4F755FFF1E70C48F1F79FF956E72F
:103B10001048F1F79BF9E9E70F48F1F797F9E5E766
:103B200024DA012020DA01204C1D0800441F08007F
:103B30008D36050059360500BC7A0120702008003A
:103B4000DC1F08001C1F08006C1F08003020080044
:103B500054200800FC1F0800E41E080008B530B11E
:103B6000064B074A0749F4F7E1FE002008BD034A67
:103B700003490448F1F76AF9002008BDB0210800A4
:103B8000CC2108004CDD070008B530B1064B074AD0
:103B90000749F4F7CBFE002008BD034A0349044857
:103BA000F1F754F9002008BDB0210800CC2108002D
:103BB0004CDD070008B530B1064B074A0749F4F75A
:103BC000B5FE002008BD034A03490448F1F73EF959
:103BD000002008BDB0210800CC2108004CDD070002
:103BE00008B530B1064B074A0749F4F79FFE00209D
:103BF00008BD034A03490448F1F728F9002008BD2D
:103C0000842308008C2308004CDD070008B530B180
:103C1000064B074A0749F4F789FE002008BD034A0E
:103C200003490448F1F712F9002008BD8423080075
:103C30008C2308004CDD070008B530B1064B074A5D
:103C40000749F4F773FE002008BD034A03490448FE
:103C5000F1F7FCF8002008BD842308008C2308003D
:103C60004CDD070008B530B1064B074A0749F4F7A9
:103C70005DFE002008BD034A03490448F1F7E6F859
:103C8000002008BD88240800942408004CDD0700AB
:103C900038B50446064D074B2946074AF4F756FE49
:103CA00020462946054B064AF4F750FE002038BD51
:103CB000FC240800E8240800EC2408001C25080067
:103CC0004425080038B50446064D074B2946074AE7
:103CD000F4F73CFE20462946054B064AF4F736FE2B
:103CE000002038BDFC240800E8240800EC2408006B
:103CF0001C2508004425080038B50446064D074B2E
:103D00002946074AF4F722FE20462946054B064A73
:103D1000F4F71CFE002038BDFC240800E82408004D
:103D2000EC2408001C2508004425080038B504468A
:103D3000064D074B2946074AF4F708FE2046294658
:103D4000054B064AF4F702FE002038BDFC240800AB
:103D5000E8240800EC2408001C250800442508007D
:103D600038B50446064D074B2946074AF4F7EEFDE1
:103D700020462946054B064AF4F7E8FD002038BDE9
:103D8000FC240800E8240800EC2408001C25080096
:103D90004425080070B58CB0154604460E46302206
:103DA0000021684624F0B2FB01238DF807508DF8FE
:103DB00000303CB123685BB3D3E90042154BA568E2
:103DC0009A4201D00CB070BD002DFBD06B69002B66
:103DD000F8D020469847C304F4D5AB69002BF1D046
:103DE00031880129EED120465E24ADF801107179A9
:103DF0006A4601F07F018DF80410B1798DF8034017
:103E00008DF80510F1798DF8061007219847D9E74C
:103E10009B68FFDE787C012020B1036813B19B68AA
:103E2000187E704700231B7EFFDE00BFE8B170B52F
:103E300003680446E3B11B689D689DB139B1EA6827
:103E40001AB1BDE8704018461047002070BD01F05F
:103E5000A1F92B69002BF8D0206800B10068BDE8FB
:103E6000704018476FF0010070BD00239B68FFDEB3
:103E700000239B68FFDE00BF0269034692B1021F68
:103E8000D2E8AF2F417D02F0010201F00100904223
:103E900008D062F30001186959750AB103F002BA3B
:103EA00003F028BA704700BF30B5B1F5006F83B09A
:103EB0000DD048F2DD63994232D10223012092F8FD
:103EC000371063F3061182F8371003B030BD9368E2
:103ED000DC682378FF2B26D16378FF2B23D1A378CE
:103EE000FF2B20D1E378FF2B1DD12379FF2B1AD193
:103EF0006379FF2B17D1236903F0F003E02B12D075
:103F00009569019204F030F821690368019A994299
:103F100009D0284604F1100102F020F8019A10B9E6
:103F2000022003B030BD0123C8E700BF2DE9F047F0
:103F3000074682B0002800F04F810368002B00F094
:103F400027811B688A8ED3F8089054BA8846A4B299
:103F5000B9F1000F00F08281D9F82430002B00F075
:103F6000748191F83730C3F30213012B00F099806C
:103F70004646002C00F0698196F82D30002B00F0A9
:103F800085800E21304640F6CD42002305F064FEC8
:103F90000546002800F018810E2150F80CAFF8F704
:103FA000F9FCB4F5C16F06D096F83730C3F30213AD
:103FB000012B00F0AC80D6F82E30CAF80030738E9A
:103FC000AAF80430D6F826302946CAF80630738D90
:103FD0003046AAF80A30AAF80C4005F0B1FE304687
:103FE00006F048F9386800B100683146D9F8243045
:103FF00098470546002840F0A5802C46B368D3F8C2
:104000000C801A8A5B681444002BFAD13A68002AA3
:1040100000F0BE80106881688B68002B00F0AC80D7
:104020000121984730B103681B190360436843F1CD
:10403000000343603A68002A00F005811068826836
:104040009368002B00F09E800121984710B103690E
:104050000133036198F80010012900F09B80FF29CB
:1040600004D198F80130FF2B00F0B880B36833B169
:1040700000201A8A5B681044002BFAD105463046AE
:1040800005F01AFE284602B0BDE8F087774B1868A5
:104090009A889B79C6F82D00A6F8312086F833302F
:1040A0006FE7B2F5006F7FF463AF8B688D69DC68F2
:1040B00003F05AFF226903689A4200F0B380284651
:1040C00004F1100101F04AFF002840F0AB80D8F85D
:1040D0000830D9680B6903F0F003E02B00F0A280F0
:1040E00002461031404601AB00F086FB0546002831
:1040F00000F09880012800F09E80022800F0B18036
:104100000028BFDB4FF438715948F0F7DDFEB26884
:10411000D1680A6902F0F002E02A7FF44CAFAAF8F5
:1041200000305E238AF802304B7C8AF803308A7CA8
:1041300003F07F038AF80420CA7C8AF803308AF8E7
:1041400005203FE73B681BB3186882689368002B23
:104150003DD00121984710B1836A01338362B4F5E1
:10416000C16F8FD1404605F0C9FDB3683846D968A4
:10417000103101F09DF882E74B68002B3FF45EAFF1
:1041800098474FE75368002B3FF464AF98475DE7CB
:104190009B68FFDE98F80130002B7FF467AF98F83A
:1041A00002305E2B7FF462AF3B68002BF0D01868C2
:1041B00082689368002B4BD0984700283FF456AF95
:1041C000036A0133036251E76FF00B05C7E75368D9
:1041D000002BC4D09847BEE78368FFDE98F8023012
:1041E000FF2B7FF443AF98F80330FF2B7FF43EAFF3
:1041F00098F80430FF2B7FF439AF98F80530FF2B87
:104200007FF434AF3B68002BC2D018688268936893
:104210005BB10121984700283FF428AF836901333F
:10422000836123E746460824A6E65368002B3FF443
:104230001DAF9847EFE7404605F03EFD019EB48E66
:1042400064BAA4B295E69368FFDE6FF0850519E7BE
:104250005368002B3FF40AAF9847AEE76FF00105B3
:1042600010E7404605F028FD00250BE75827080019
:10427000202708002DE9F04F8D680646EB6883B0D3
:10428000C3B32A8A0D2A35D9D3F806200C46C1F8C3
:1042900026205A892E3121F8042C40F20362A28490
:1042A0001868C4F82E009888A2856086B3F80C9030
:1042B00094F82E7099FA99FAFF2FA4F834A01FFAF7
:1042C0008AFA2ED007F00107002E00F048813368EB
:1042D000002B00F040815A7C062A40F0C08037B99C
:1042E00003F11200019324F0CBF8019B20B94FF0A9
:1042F00000081EE07EB13368002B00F0D180186802
:1043000082689368002B00F0A4800121984710B1C7
:10431000C36A0133C3624FF0020A504603B0BDE8DE
:10432000F08F94F82F30FF2B00F0D2804FF0000870
:1043300001270E2105F10C00F8F770FBA368002B94
:1043400000F0E48000251A8A5B681544002BFAD13E
:104350008C4B8D48834200F20F8180F0A4809989B4
:1043600000F1FF3CACEB030CC01A51454FF00002CA
:10437000DFF818E24FEA1C1C4FEA101002D159680E
:10438000714510D0824203F1100300F0F58094458E
:1043900002F1010100F087800A4699895145F1D167
:1043A00059687145EED1D3F808B0BBF1000FE9D0E0
:1043B000514622463046D847824678B1022899D0E5
:1043C00048F68863994509D094F83730C3F302134F
:1043D000012B00F0B880022B00F09A80002E00F034
:1043E000B8803368002B5CD0186881688A68002A1E
:1043F0003ED00121904738B183680E355B19836048
:10440000C36843F10003C3603368002B49D01868C8
:10441000826893683BB30121984710B14369013327
:104420004361B8F1000F28D1002F3FF476AF336815
:10443000002B00F09E80186882689368002B7CD067
:104440000121984700283FF468AF436A0133436273
:1044500063E75368002B3FF45EAF984757E7002FA0
:104460007FF445AF4BE75368002BDAD09847D4E789
:104470004A68002ACBD09047BDE733688BB11868F3
:1044800082689368002B3BD00121984700283FF4B5
:1044900044AFC3690133C361504603B0BDE8F08F38
:1044A00000239B68FFDE002E53D03368002BF8D02A
:1044B000186882689368002B55D00121984700281E
:1044C0003FF429AFD0F8B0300133C0F8B03022E764
:1044D00094F83030FF2B7FF429AF94F83130FF2B64
:1044E0007FF424AF94F83230FF2B7FF41FAF94F8A1
:1044F0003380A8F1FF08B8FA88F84FEA581817E790
:104500005368002B3FF409AF9847BFE71D461FE7EC
:10451000A268D3689B885BBA28339BB22D2B3FF6E9
:104520005DAF118A994228BF1382526836BF5B1A69
:1045300000239BB2002AF4D150E75368002B3FF4CC
:10454000ECAE98477EE7A268D3685B885BBA9BB203
:10455000E4E7B368FFDE002FA2D09846E9E6002F1B
:104560007FF4C5AED7E65368002B3FF4D4AE98472E
:10457000A5E7D8F80830FFDE4FF4BE710448F0F725
:10458000A3FC00BF5890070078900700787C0120BA
:1045900020270800004870476027080010B1006815
:1045A00000B18068D0E8EF3F43F00102C0E8E12F9E
:1045B0000029F7D1DB0700D57047043016F09EBB09
:1045C00010B1006800B18068D0E8EF3F23F001022D
:1045D000C0E8E12F0029F7D1DB0700D47047043091
:1045E00016F08CBB58B103685BB11868826832B1B1
:1045F00005495B688B4202D1136A03B1184700205A
:1046000070479B68FFDE00BF787C012038B5044608
:1046100000282ED00368002B2DD001229D68184958
:1046200068612A76281D16F007FB23682BB31868EB
:104630008368BBB15A695AB19047420503D52B7EB6
:1046400043F004032B762368BBB1186883684BB131
:104650005B693BB19847C30404D50021094A0A4865
:1046600001F088FB00F060FE6B7E43F002036B7686
:1046700038BD2076FFDE1B76FFDE9B68FFDE00BFC5
:10468000793E0500953D050028DA012038B504463D
:1046900079B183696BB100F118054FF0FF324FF02B
:1046A000FF33284615F012FF05F006FBA369002B27
:1046B000F3D10023A360E3602361A38238BD00BF70
:1046C0002DE9F04718F0F4FC80460D46354E4FF0CA
:1046D000FF324FF0FF33344815F048FC3468002CAB
:1046E00054D06B014FEA4817B7EB080743EAD86389
:1046F00063EB05039B0043EA9773BF0017EB0807C2
:1047000045EB0305ED0045EA5775C7F3103747EA57
:1047100045476368C7F5FA6803EB0802002A4FF0C3
:1047200000092568DFF884A019DC20460121FFF785
:10473000ADFF736822689C42DAF80430326008BF2B
:104740007260C4F8009033B31C60CAF80440EDB145
:104750002C4663682D6803EB0802002AE5DDDB1BAD
:1047600013F5FA6F1AD04FF4004240F2E7300021FF
:1047700003F5FA63E3FB02014FF47A7200231DF0A4
:10478000B3F902460B460A4816F03AFCBDE8F0477A
:10479000054815F09BBCCAF80040D6E70022134636
:1047A000F1E700BF00C7012034DA012008C701206B
:1047B000C8C601200F49486850B10B6843B1984200
:1047C00002D110E0984204D01A461B68002BF9D1A0
:1047D0007047036813604B6898424FF0000308BFAE
:1047E0004A60036070470368C1E900330023036037
:1047F000704700BFF8C60120002800F02E822DE986
:10480000F04F9B468368044683B0002B00F019816B
:104810000D461646002A00F002814FF0FF334FF09C
:10482000FF32914815F0A2FBDFF840E2A169DEF803
:104830000030002B46D01F46002003E038463F687A
:10484000002F3FD0BA689142F8D1D7F80CC02A683F
:104850009445F3D1BB4216D03A68002800F0F480AA
:104860000260DEF80420974208BFCEF80400002260
:104870003A60DEF800203A60DEF80420CEF80070DE
:10488000002A00F0A580784815F020FCBA68002ABC
:1048900000F0E4801268002A00F0E0801232062165
:1048A000002084F825101568C4F82650928884F8F2
:1048B0002D1062853A69C4F82E20BB8A638603B046
:1048C000BDE8F08F6A4B1F6827B94EE13F68002FA3
:1048D00000F04B81BA689142F8D1F8682A6890429A
:1048E000F4D1204605F00AFA044607F118002146E3
:1048F00015F042FE002840F08D80204605F0DCF9DE
:10490000D4F818A0002E00F0B78040F6060301226C
:10491000A046A38694F83730A06862F3061384F8A3
:1049200037301C210C30F8F735F8A368D3F80C9019
:10493000BAF1000F00F07281DAF80030002B00F0BD
:104940006D811233062288F825201A680027C8F8DE
:1049500026209B8808F1260AA8F82A30FFF71AFEBD
:1049600040B1062388F82D300368C8F82E308388BC
:10497000A8F8323040F20642A9F8042001220023B0
:1049800089F807203B4A89F80630C9F81230C9F87F
:104990000020A9F816302A68C9F81820DAF8002093
:1049A000C9F80820BAF80420A9F80C20002F57D025
:1049B000BA68D2F8B8203AB11846D37E9B0702D520
:1049C0001388012B07D0C8B90023C9F80E3018E0AE
:1049D000CEF8047057E792F919100129F3D1536802
:1049E00016B131689942EED129684B40D1690B422A
:1049F00008BF101D02D0002800F0FE800368C9F82F
:104A00000E30194815F062FB0120CBF8008003B08E
:104A1000BDE8F08F144815F059FB02204FE780697C
:104A200001F068FA00287FF4F8AEA369D3F8B83033
:104A3000002B3FF4F2AE03F158059B6D002B7FF481
:104A4000ECAE6FF015003AE7DEF80410CEF8002067
:104A50008F427FF40CAFCEF8042008E702221EE755
:104A6000A368D8680C30C9E734DA0120F8C6012001
:104A700000C70120000108004FF0000840F6CD47B4
:104A80003346CDE9007832461C21504605F0B6FB8E
:104A90008046002800F0A780374640F60603012232
:104AA000A8F8343098F83730D8F8080062F30613C5
:104AB00088F837301C210C30F7F76CFFD8F8083035
:104AC000D3F80C90002F3FF433AF204605F016F9D1
:104AD000214607F1180015F0E1FCD8F81830BB604A
:104AE0002B68FB60BB68002B00F096801B68002BD6
:104AF00000F092801233062288F8252000221968DF
:104B000008F1260AC8F826109B88A8F82A30544BCA
:104B10003A605B68002B7BD01F60514B5F6018F0E0
:104B2000C7FA02460B464FEA421C4901BCEB020C95
:104B300041EAD26161EB03014FEA8C0E89001EEB62
:104B4000020241EA9C7143EB0103DB0043EA52732A
:104B5000C2F3103242EA434242487A6018F036F912
:104B600008434ED0FFF716FDFAE63F4A176807B331
:104B70003B6813605268974204BF3B4A536000236E
:104B80003B60D4F818A0002E4AD040F6060301225C
:104B9000A38694F83730A06862F3061384F83730A0
:104BA0001C210C30F7F7F6FEA368A046D3F80C9052
:104BB0008BE7FFF7FFFDA0460746D4F818A0002EAC
:104BC0007FF46BAF40F6CD484FF000093346CDE996
:104BD000008932461C21504605F010FB8046002813
:104BE0007FF45BAF67BB214815F070FA00236FF0CC
:104BF0000B00CBF8003062E6101D00283FF4E4AE55
:104C0000FCE64FF480320023194816F0F9F9A9E7C1
:104C1000134BC3E9007782E702236CE7022391E696
:104C200040F6CD484FF000093346CDE900893246C1
:104C30001C21504605F0E2FA804600287FF42DAF93
:104C40000949D1E900230F603A60002BCBD1064B14
:104C50005F60064815F03AFAC8E76FF01500704734
:104C600000C70120D8C6012008C7012034DA01207E
:104C7000C8C601202DE9F0479DF820A0002800F0CB
:104C80000781994603680F4690460646002B71D06F
:104C90000C33D3E8AF3F9A046CD54FF0FF324FF09E
:104CA000FF337F4815F062F97E490D68002D6AD008
:104CB000002403E02C462D68002D67D0A8688642AA
:104CC000F8D1EA683B689A42F4D12B68002C7AD07C
:104CD00023604B689D4208BF4C6000232B600B682B
:104CE000002B00F08E80D8F800206F4B2A611A68E4
:104CF000B8F804102A605A68A9821D60002A60D0A2
:104D000005F1180806271CE04FF0FF334FF0FF3283
:104D1000404615F0DBFB83680446DB6833B180F85E
:104D20002D701A68C0F82E209B8843863368002BAC
:104D300000F0B3805B68214630465B6898470028E6
:104D40000EDBAB69002BDFD1554815F0BFF9336896
:104D500053B10C33D3E8AF3F9B0405D5BDE8F087D2
:104D6000204604F0A9FFCDE706F1DC00BDE8F047DE
:104D700015F0ACB94FF0FF324FF0FF3306F1DC0015
:104D800015F0F4F889E7494816F040F9B9F1000F39
:104D90001FD1BAF1000FD7D0434C23681BB937E0BD
:104DA0001B68002B34D09A689642F9D1D9683A68CA
:104DB0009142F5D1D8F800201A61B8F804209A82FF
:104DC000C2E75D609CE74A680B60954285D14B6005
:104DD00083E7354C236813B917E01B6863B19A6801
:104DE0009642FAD1D9683A689142F6D1D8F80020B3
:104DF0001A61B8F804209A82BAF1000FA4D023688F
:104E0000D1E72A4816F002F96DE7BAF1000F9BD0FE
:104E1000274B1D68002D35D059682A688D421A60CD
:104E200008BF5A6000232B6018F042F94FEA401E79
:104E30004A01BEEB000E42EAD0624FEA8E0362EBFB
:104E4000010C1A184FEA8C0343EA9E7341EB0303EB
:104E5000DB0043EA5273C2F3103242EA4342AE60CF
:104E60006A603B68EB60D8F800302B612368B8F8C3
:104E700004202B606368AA822560002B7FF464AF56
:104E8000656061E7FFF796FC05460028CCD15BE73B
:104E90004FF446710748F0F717F85B68FFDE00BF74
:104EA00034DA012000C70120F8C60120C8C601205D
:104EB00008C70120B8F107002DE9F043856885B0E7
:104EC0008DB10E460446174629460023B1F810C09E
:104ED000496863440029F9D11B2B04D9ED682B885C
:104EE000B3F5807F03D0022005B0BDE8F0836B8866
:104EF000082BF8D12B79062BF5D16B79042BF2D145
:104F0000AB7B7F2BEFD0EB88B3F5807F1CD0B3F564
:104F1000007F12D105F11806304601F009F900288A
:104F200000F01681D5F80E3003930023A06905F137
:104F3000080203A90093FFF79DFE204604F0BCFE83
:104F4000002005B0BDE8F083A16905F1080811B1A2
:104F5000096801B1103106224046023123F090FA6F
:104F60000028C0D03B78FF2B00F09F80FFF712FB9A
:104F700006220146384623F083FA28B9D5F80E30C8
:104F800003F0F003E02BAED0A769D7F8B820002AD1
:104F9000A9D0D37E9B07A6D51388012BA3D192F964
:104FA0001930012B9FD15368AA699A429BD1AB7CDF
:104FB000ABB9EB7C9BB92B7D8BB96B7D7BB9AB7DA2
:104FC0006BB9EB7D5BB9D5F80E20039201254646FF
:104FD000A069424603A90095FFF74CFEA76900238C
:104FE00040F6CD484FF000091C2138461A46CDE95D
:104FF000008905F003F9054600289ED080681C2131
:105000000C30F7F7C7FC022240F2064C0020AB68D8
:10501000A168DB68C968DA71574AA3F804C09871BF
:105020001A60326803F1120CC3F81220B28803F13F
:105030000800DA82002F00F09C803A6802B110323A
:10504000D2F802609E60D2888280D1F80E209A61E8
:105050008A69C3F80E20002F00F089803A68002A80
:1050600000F0858012320620012740F6060695F8EA
:10507000371085F8250067F306111768C5F8267004
:10508000928885F82D006A85D3F812300022C5F881
:105090002E30BCF80430A8696B8685F837100023E1
:1050A0002946AE8601F010FF47E77B78FF2B7FF49F
:1050B0005DAFBB78FF2B7FF459AFFB78FF2B7FF4FC
:1050C00055AF3B79FF2B7FF451AF7B79FF2B7FF4FA
:1050D0004DAFAB7CFF2B26D0002B7FF447AFEB7C92
:1050E000002B7FF443AF2B7D002B7FF43FAF6B7D14
:1050F000002B7FF43BAFAB7D002B7FF437AFEB7D14
:10510000002B7FF433AFAB69D5F80E2093427FF4C8
:105110002DAF03930025A0690123424603A9009502
:10512000FFF7A8FD09E7EB7CFF2B7FF41FAF2B7D7A
:10513000FF2B7FF41BAF6B7DFF2B7FF417AFAB7D95
:10514000FF2B7FF413AFEB7DFF2B7FF40FAFDAE77C
:1051500002F00AFFAA6903689A423FF4E3AE3146BF
:10516000002000F0FBFE00283FF4E7AEDAE6022262
:1051700079E73A4664E700BF0001080001211046C4
:1051800092F837302E3261F30613537200F1260184
:10519000FFF792BE2DE9F84305464FF0FF334FF07D
:1051A000FF323E4814F0E2FEDFF8F4C0DCF80030D5
:1051B00023B300261A6831463A4C45B19868A84294
:1051C00005D01E46D2B113461268002DF6D1996063
:1051D000D96019619982002E4ED018683060DCF8D1
:1051E0000400984208BFCCF80460D4E90070236042
:1051F0001F600028E6D16360002AE4D1DFF8A880B0
:10520000D8F80040002C41D04FF000092668254F07
:1052100045B1A368AB4205D0A146E6B13446366835
:10522000002DF6D101212046FFF730FA2368B9F1AD
:10523000000F18D0C9F80030D8F804309C4208BFDD
:10524000C8F80490D7E900233C602260002BE4D129
:105250007C60002EE2D1D8F80030BBB1BDE8F84345
:105260000E4814F033BFD8F80420C8F80030944238
:10527000E8D1C8F80430E5E7DCF804001F6898427C
:10528000CCF80070B1D1CCF80470AEE7074815F047
:10529000BDFEBDE8F843014814F018BF34DA012020
:1052A000F8C6012008C7012000C70120C8C6012098
:1052B00008B50A4B1B686BB19A689042FAD1D3F8D3
:1052C0000CC00A689445F5D118460121FFF7DEF9B4
:1052D000002008BD6FF0010008BD00BF00C701201D
:1052E000F8B506460F464FF0FF334FF0FF320C483B
:1052F00014F03CFE0B4B1C6864B100252046394677
:10530000B04724680135002CF8D1054814F0DEFEC2
:105310002846F8BD2546024814F0D8FE2846F8BDB8
:1053200034DA0120F8C60120F8B5184D2B7843BBBC
:1053300000220023164C17491748C4E90023C0E98E
:105340000023C1E90023154E3046A6F1180715F0D9
:1053500027F8D4E90023276046F8182CA3B1104899
:1053600015F01EF822680F4B7A63626823604AB119
:105370000D490E4815F03EFD0D4814F0EFFD0123D8
:105380002B70F8BD6360F3E76760E8E76CE201202B
:1053900008C7012000C70120F8C6012060DA0120FB
:1053A00094DA01207CDA0120C1460500C8C601203C
:1053B00034DA012008B505F001FA04F039FA06F0F4
:1053C000DFFC06F09FFF06F0BDF80AF01BFD02F0BF
:1053D000D5FF05F027FA02F04BF802F01BF9F9F7B8
:1053E00005FF002008BD00BF38B58368044680690A
:1053F000002B6ED00022B3F810C05B686244002B13
:10540000F9D1002873D03C4DAB689B18AB60EB68BA
:1054100043F10003EB6003699B180361436943F1A7
:10542000000343610BF040FDA368002B44D094F8C7
:1054300038305B070AD42146A06901F009FC012835
:10544000034603D0022837D0E3B938BD94F838308A
:10545000204643F0040384F8383004F00BFF94F83E
:105460003730C3F30213032B0CD8A368DB681B7817
:1054700003F0F003402B0AD1204606F0E3FD03467B
:10548000002BE2D02046BDE8384004F015BCA369EB
:105490002BB31A6BA96A01320131A9621A63A3699D
:1054A0000BB36969DA69013101326961DA61204659
:1054B000BDE8384004F000BCA36963B129699A696A
:1054C0000131013229619A612046BDE8384004F07B
:1054D000F3BB1A4695E726210848EFF7F5FC2B2188
:1054E0000648EFF7F1FC30210448EFF7EDFC3621D8
:1054F0000248EFF7E9FC00BF68C901206C270800EB
:1055000000293FD038B50546002838D08B680C46B6
:105510005BB3DA684AB31B8A3BB3036843B30C330B
:10552000D3E8AF3FDB0723D591F83730084643F087
:10553000010381F8373004F09DFEA5612B6823B389
:105540001A7CA36884F8242084F82C2013B15B68AB
:10555000002BFCD194F83C0005F05AF92146C0B26A
:1055600005F048F938B9002038BD6FF03C0038BD6F
:105570006FF0720038BD204604F09EFBF3E76FF039
:10558000150038BD6FF0150070471B78FFDE00BFB7
:10559000002800F05B812DE9F8431F46836804462C
:1055A000002B00F050818169002900F03F810D68D7
:1055B00025B10C35D5E8AF3FDD0703D46FF072009D
:1055C000BDE8F8830B68002BF8D00C33D3E8AF3F6D
:1055D000DB05F3D5164604F02DFC204604F04AFE08
:1055E00094F83710C1F30211012909D032463B4625
:1055F0002146A06901F07AFC022812D00020DFE7E2
:10560000A38EB3F5006F0FD06369002B7ED1A5691F
:1056100032463B462146284601F068FC022840F00D
:1056200086806FF00400CBE7A368DD682B7A002B3F
:1056300000F0888002F094FC2A6903689A4200F026
:10564000BE80A368DD682B7C7F2B1FD0D4F8188028
:1056500002F08AFC2A6903689A4200F0D68040462C
:1056600005F1100100F07AFC002840F0CE80A3681C
:105670000146D3F80C9009F11008404600F058FD9F
:105680000546002800F0B280A368DD68EA68A368D8
:10569000DB681969D960A368DB681A614FF400639D
:1056A000A66904F1240004F12C05A386002E00F065
:1056B000D0803168002900F0D2800A694B696262AB
:1056C00043603368002B00F0C88010331A685B68B1
:1056D000E2626B6094F83820A36822F0140242F072
:1056E000140284F8382013B15B68002BFCD194F8C5
:1056F0003C0005F08DF82146C0B205F07BF800288B
:105700003FF47CAF204604F0D7FA77E7A268D2686E
:10571000126902F0F002E02A23D0A56932463B4626
:105720002146284601F0E2FB02283FF47AAF002D23
:1057300000F09D805149AB6B0A6B013301320A6363
:10574000AB635BE7A169002900F08D804B4D0A6CCB
:10575000AB6B0132013320460A64AB6304F0ACFA50
:105760004CE793F88C30002BD7D000220023204642
:1057700004F0F0FE054678B1A069A86138B103686D
:10578000002B78D01B7C85F8243085F82C302946F6
:10579000FFF7B6FE00281FDB94F83780C8F3021825
:1057A000A56932463B462146284601F09FFB022868
:1057B0003FF437AFB8F1010F7FF420AFB7E7A3692B
:1057C000002B50D02D4C1A6CA16B013201316FF0BF
:1057D0007C00A1631A64F3E694F83730C3F3021334
:1057E000012B26D0284604F067FAD5E702F0BCFB6F
:1057F000D9F8102003689A423FF446AF4146284644
:1058000000F0ACFB00287FF43FAFA268D3681B7B9D
:105810007F2BD4D094F837806369C8F30218002B2B
:10582000BED0B8F1010F3FF472AFDFE66FF01500A4
:10583000C6E6A369DBB19A6B104901329A630B6B20
:1058400001330B63CEE76FF03C00B9E66FF03C002C
:1058500070470822314622F04DFE002336E7082229
:1058600022F048FE2DE7D3210548EFF72DFBD82184
:105870000348EFF729FB1B78FFDE00BF68C9012052
:105880006C27080010B504464FF0FF324FF0FF338D
:105890001C4814F06BFB1C4B1A6852B34FF0FF3CD2
:1058A0004FF47A701168D369128C1B1B00FB023312
:1058B000002B1BDD9C4528BF9C4611B10A46096898
:1058C000F1E74FF4004440F2E7304FF47A720023DE
:1058D000ECFB04011CF008F902460B460B4815F0DE
:1058E0008FFBBDE81040074814F0F0BB00200146D4
:1058F000F2E7064815F08AFBBDE81040014814F0B5
:10590000E5BB00BFCC79012010C7012018C70120DA
:1059100000282BD070B5036804468CB02BB10D461F
:1059200016465968144A914202D001200CB070BD4D
:1059300018688368002BF8D05B69002BF5D0984776
:105940000542F2D02368C5F10D01C9B293B11868C0
:105950008368DB6963B16A46984748B9009B36EAB9
:10596000030314BF012000200CB070BD012070475C
:105970000020DBE79B68FFDE787C01202DE9F04BFF
:1059800082B017F095FB42014B01121A43EAD06333
:1059900063EB010395009B002D1843EA927341EBE2
:1059A0000301CB0043EA5573C5F3103545EA43457F
:1059B000264F4FF0FF324FF0FF33254814F0D6FA50
:1059C0003E6856B34FF000082B46C14645464FF49B
:1059D0007A7B98463468F369328CA3EB08030BFB9F
:1059E0000233002B15DCB388012B25D03368EDB1D1
:1059F0002B607B68B34208BF7D6096F82230C6F802
:105A0000009069F3000386F822302CB12646246802
:105A1000E1E73546002CF9D145462846FFF732FF2D
:105A20000B4802B0BDE8F04B14F050BB7A683B6005
:105A3000B242E2D17B60E0E71023B26920200093FC
:105A4000044906F1080302F035FCCFE710C7012036
:105A5000CC790120000030E070B538B305460C4623
:105A600000F1C8064FF0FF334FF0FF32304614F01C
:105A70007DFAD5F8B8303BB1DA7EC2F34005920723
:105A800002D51A88012A05D00025304614F01EFBE5
:105A9000284670BDD8695B68226863EA00039342B8
:105AA000F2D1304614F012FB284670BD40F20731A7
:105AB0000148EFF709FA00BFB8F10700F8B504464E
:105AC00048B30D46164600F1C8074FF0FF324FF0BD
:105AD000FF33384614F04AFAD4F8B840C4B1E37E34
:105AE0009B0714D56A1C03D094F91930AB420ED130
:105AF0002388012B0BD16368084A1BBA1B0C1B04BB
:105B0000934202D11EB1043402E0002EFBD00024E7
:105B1000384614F0DBFA2046F8BD00BF0000FEA9AD
:105B20002DE9F04383B0002853D004460E461746B3
:105B3000994600F1C8084FF0FF3240464FF0FF335E
:105B400014F014FAD4F8B8503DB1A869234C20F0F1
:105B50007D4000F0FF20A04207D00025404614F011
:105B6000B5FA284603B0BDE8F0832B88012BF4D1A9
:105B70006A681B4913BA1B0C1B045B1AB3FA83F344
:105B80005B094B45E9D1E969002311400191013ED0
:105B900001A903E00833DBB2202B14D016F8012F43
:105BA00011F8010B8242F5D0424014060BD403F1E8
:105BB0000801C9B201E0100605D40133DBB252007E
:105BC0009942D2B2F7D13A789A42C6D83B7004359E
:105BD000C4E740F207310348EFF776F9000100020D
:105BE0000000FEA9B8F1070000280ADD064A431E9E
:105BF0000649C3EB431302EBC300884228BF0020D1
:105C000070470020704700BF587B0120507C012066
:105C100038B5144A144B93421FD809D2984204460F
:105C200002D106E09C4204D0F833934215D8F9D350
:105C300038BD04F1C8054FF0FF334FF0FF3228465E
:105C400014F094F9B022002104F1080022F05EFC67
:105C50002846BDE8384014F039BA4FF4C5710348FE
:105C6000EFF732F9507C0120587B01209C27080077
:105C700070B5104C104EB44215D819D204F1C805B5
:105C80004FF0FF334FF0FF32284614F06FF9B02287
:105C9000002104F1080022F039FC2846F83414F001
:105CA00015FAB442E9D94FF4CD710448EFF70CF975
:105CB00070BD00BF587B0120507C01209C2708004C
:105CC0002DE9F041B0B304460E4615461F4600F1DB
:105CD000C8084FF0FF3240464FF0FF3314F046F94A
:105CE0002268C2B10C32D2E8AF3FDB051FD4062DCB
:105CF00011D824687CB104F11200A6B131462A46BD
:105D000022F0F8FB002627746574404614F0DEF993
:105D10003046BDE8F0816FF01506404614F0D6F924
:105D20003046BDE8F081C4F812608680EAE74FF0A3
:105D3000FF36EAE740F207310148EFF7C5F800BF48
:105D4000B8F10700014B1860704700BF38DB012035
:105D5000054B064A934205D0054A1068002808BF43
:105D60001846704700207047587B0120507C012066
:105D700038DB01202DE9F0410446884617461E4DC8
:105D80004FF0FF324FF0FF331C4814F0EFF82E684D
:105D90004EB1B44227D0334601E09C420ED01846A3
:105DA0001B68002BF9D126606B682C609BB1C4E99D
:105DB0000187BDE8F041114814F088B923680360F9
:105DC0006B689C4216D0002323602E6826606B68A7
:105DD0002C60002BEBD16C60C4E90187BDE8F04179
:105DE000064814F073B96A68236894422B60EAD1BC
:105DF0006B60E8E76860E6E7C4DA0120CC7901204F
:105E00002DE9F04106460F4690464FF0FF334FF024
:105E1000FF320E4814F0AAF80D4B1D688DB16B6867
:105E20002C68B34206D02BB15CB125466B68246860
:105E3000B342F8D1424639463046AB689847002C09
:105E4000F3D1BDE8F041014814F040B9CC7901200C
:105E5000C4DA012070B5002840D004460D4600F198
:105E6000C8064FF0FF334FF0FF32304614F07EF893
:105E700023687BB10C33D3E8AF3F5B060AD5D4F877
:105E8000B83073B105B12B600024304614F01EF910
:105E9000204670BD6FF08504304614F017F9204697
:105EA00070BD4FF0FF324FF0FF330F4814F05EF833
:105EB0000E4B1A6E42B9C4F8B8301C6605B12B609F
:105EC000094814F003F9DFE7074814F0FFF86FF012
:105ED0000204304614F0FAF8204670BD40F2073153
:105EE0000348EEF7F1FF00BFCC790120D4DA01209E
:105EF000B8F1070070B550B305460C4600F1C8066E
:105F00004FF0FF334FF0FF32304614F02FF8D5F842
:105F1000B830B3B1DA7E4FF0000CC2F340059207FF
:105F20000AD51A88012A06D122685868D96982EAF6
:105F300000030B4200D06546304614F0C7F82846EF
:105F400070BD1D46304614F0C1F8284670BD40F2C1
:105F500007310148EEF7B8FFB8F1070090B970B506
:105F60000D4C0E4EB44211D80D4604D30CE0F8345B
:105F7000B4420BD808D229462046FFF76DFD002811
:105F8000F5D070BDFFF768BD002070BD40F67961A7
:105F90000348EEF799FF00BF587B0120507C012099
:105FA0009C270800FFF7DABF0022FFF787BD00BF7C
:105FB00000232DE9F04F83B00E468DF807300029FD
:105FC0006BD00A683C4C12BA120C1204A2428246F0
:105FD0000BD000284AD00DF10702FFF7A1FD0746BC
:105FE0005FB1384603B0BDE8F08F98B10122114689
:105FF000FFF764FD0746002FF3D100220121504630
:10600000FFF75CFD07460028EBD103B0BDE8F04F79
:1060100001F0A6BF294DDFF8A880454546D8834644
:1060200028BF0DF107090FD22C460DF107092046B4
:1060300001234A463146FFF773FDF834002818BFA4
:106040008346444532D8F2D3454528D01D4B1868C5
:106050001A4B002808BF18464A4631460123FFF76D
:106060005FFD07460028BCD15F46B9E7134DDFF856
:106070005080454515D8C0D207460DF1070928467E
:1060800000234A463146FFF74BFDF835002818BF7C
:106090000746454505D8F2D3A2E70F46A1E7002001
:1060A000DAE740F63F710848EEF70EFF40F651710F
:1060B0000548EEF709FF00BF0000FEA9587B01204C
:1060C000507C012038DB01209C27080038B50028CF
:1060D00024DD154C0138C0EB4010144A04EBC00518
:1060E00095424FEAC00019D2C83004444FF0FF3245
:1060F0004FF0FF33204613F039FFD5F8B85045B1C3
:10610000EB7EC3F340029B070BD52B88012B18BFF6
:106110000025204613F0DAFF284638BD0025284622
:1061200038BD1546F5E700BF587B0120507C0120A3
:106130002DE9F8431B4D1C4FBD421AD881468846B5
:106140002CD205F1C8064FF0FF324FF0FF33304636
:1061500013F00CFFD5F8B8402CB1E27E930702D5BE
:106160002288012A0AD03046F83513F0AFFFBD422D
:10617000E6D940F6A1710D48EEF7A6FED9F8002049
:1061800063689342EFD1B8F1000F01D0C8F8005016
:10619000304613F09BFF2046BDE8F88300242046DC
:1061A000BDE8F883587B0120507C01209C27080023
:1061B000002330B50D4683B0014618460193FFF722
:1061C000F7FE044601F0CCFE844209D0204601A926
:1061D000FFF7AEFF019818B105B12C6003B030BDD8
:1061E000054B064A934205D0054A1068002808BFAF
:1061F0001846F1E70020EFE7587B0120507C012092
:1062000038DB01200021FFF7D3BF00BFFFF790BFAD
:10621000002300B583B001A90193FFF789FF60B1A6
:10622000019B094883420BD308498B4208D2084995
:10623000181AC01001FB00F0013003B05DF804FB38
:106240004FF0FF30F9E700BF587B0120507C012060
:10625000DF7BEFBDF8B560B3002604460D4600F1C4
:10626000C8074FF0FF324FF0FF33384613F07EFE81
:1062700031462046FFF7EEFD002808DBD4F8B830A1
:106280002BB1DA7E920702D51A88012A04D038464B
:1062900013F01CFF3046F8BD2A685868D96982EAB5
:1062A00000030B42F3D10E46384613F00FFF304681
:1062B000F8BD40F207310148EEF706FEB8F10700DD
:1062C000F8B5B8B304460D46164600F1C8074FF0BE
:1062D000FF324FF0FF33384613F048FE00212046CE
:1062E000FFF7B8FD002818DBD4F8B830ABB1DA7E80
:1062F0004FF0000CC2F34004920709D5188801281A
:1063000005D129685868DA69414011420BD06446CA
:10631000384613F0DBFE2046F8BD0024384613F063
:10632000D5FE2046F8BD3268DA61384613F0CEFE5D
:106330002046F8BD40F207310148EEF7C5FD00BF29
:10634000B8F1070070B5C8B10025044600F1C806D1
:106350004FF0FF324FF0FF33304613F007FE29466F
:106360002046FFF777FD002803DBD4F8B83003B1EF
:106370009D6D304613F0AAFE284670BD40F20731ED
:106380000148EEF7A1FD00BFB8F1070070B5D0B12C
:1063900004460D4600F1C8064FF0FF324FF0FF33C0
:1063A000304613F0E3FD00212046FFF753FD00289F
:1063B00004DBD4F8B8300BB12A689A653046BDE8E2
:1063C000704013F083BE40F207310148EEF77CFDC8
:1063D000B8F107002DE9F04385B000286BD00546E1
:1063E000884691461F4600F1C8064FF0FF324FF035
:1063F000FF33304613F0BAFD284603A9FFF72AFD04
:10640000002844DBD5F8B840E37E990704D5D8F8D6
:1064100000106268914231D0B9F1020F039C38D06C
:10642000E37E9B0733D45CB30121B7FA87F72A4692
:1064300004206FF07F45E37E218023F0120343F0B8
:106440001203E3765FFA83FE7F0967F3000ED8F844
:10645000007023186161617684F81890676084F891
:106460001BE0E56116490090012001F023FF304652
:1064700013F02CFE204605B0BDE8F083DA060CD5FB
:10648000304613F023FE204605B0BDE8F08300241B
:10649000F6E7237E042BC3D1C5E704F11403D3E848
:1064A000EF1F0131C3E8E21F002AF8D1E37E43F079
:1064B0001003E376E4E740F207310248EEF704FD0B
:1064C000000030E0B8F1070070B582B000284ED06F
:1064D00004460D4600F1C8064FF0FF324FF0FF337F
:1064E000304613F043FD00212046FFF7B3FC00289F
:1064F00036DB2B6803F0F003E02B31D1D4F8B80081
:1065000070B390F838C01CF0010C20D12423202156
:10651000224644180121CCEBCC0C00EB8C0C03443C
:106520000420ACF820109CF8381041F001018CF8E0
:1065300038102968CCF8241000900F49042001F08D
:10654000B9FE304613F0C2FD204602B070BD90F88F
:106550005430DB0704D440233C214FF0010CD7E733
:106560000024304613F0B2FD204602B070BD40F268
:1065700007310248EEF7A8FC000030E0B8F1070050
:10658000F0B583B0002852D005460C4600F1C8078C
:106590004FF0FF334FF0FF32384613F0E7FCD5F8E9
:1065A000B830002B3AD093F83820D2072BD5002CE6
:1065B0003BD02268596A8A421AD124220024C4EBB3
:1065C000C40403EB840413442A46042594F83810C9
:1065D00008206FF3000184F8381017490095012650
:1065E00001F068FE384613F071FD304603B0F0BD8F
:1065F00093F8546016F00106F4D0196C8A420DD15C
:1066000040220124DBE793F8546016F00106E9D03C
:10661000002CF5D02268196C8A42F1D00026384649
:1066200013F054FD304603B0F0BD2422C7E740F21A
:1066300007310248EEF748FC000030E0B8F10700EF
:106640002DE9F041274CDFF8A08044453BD80746B0
:106650000E4608D25EB133684BB1A34207D0F8347E
:10666000444530D8F8D300242046BDE8F08104F139
:10667000C8054FF0FF334FF0FF32284613F076FC89
:10668000D4F8B830CBB193F83820D00720D53FB339
:106690003A68596A8A4223D093F85410C9070CD536
:1066A000196C8A4209D13C2206B134609C182846F4
:1066B00013F00CFD2046BDE8F0812846F83413F0B5
:1066C00005FD4445C5D941F22A310848EEF7FCFBE7
:1066D00093F85420D207F0D5002FE4D03A68DFE7D2
:1066E0002022E1E7587B0120507C01209C270800F4
:1066F000A8B138B50D4689B100F1C8044FF0FF329A
:106700004FF0FF33204613F031FC2B7E6FF3410333
:106710002B762046BDE8384013F0D8BC38BD704712
:106720002DE9F041036804469F7E84B00C33D3E822
:10673000AF3FD90740F12C81006800B1006812F02A
:1067400057FE00283CD103252368B3B39D7604F19E
:10675000C8064FF0FF324FF0FF33304613F006FC0F
:10676000D4F8008016F0A4FC4FEA401C4A01BCEBB0
:10677000000C42EAD06262EB01024FEA8C03920005
:106780001B1842EA9C7241EB0201C90041EA5371B5
:10679000C3F3103343EA4143C90BC8F82030C8F8AB
:1067A0002410304613F092FC23689A7EAA4204D14A
:1067B000062D1AD0062F00F0928004B0BDE8F081BB
:1067C0002368002BF9D00C33D3E8AF3F9A0540F192
:1067D000DF802368002BF0D00C33D3E8AF5FC5F324
:1067E0008025C5F10605EDB2AEE7062FE5D05A7C4F
:1067F0000C33002A00F0E680D3E8EF1F41F48071EB
:10680000C3E8E21F002AF7D10023224600930220AA
:106810006F4901F04FFD23683BB15B682BB1DB682A
:106820001BB1204698470307C7D44FF0FF334FF002
:10683000FF32304613F09AFB2368002B00F0A4804F
:106840000C33D3E8AF3F5F0640F19E80204603A99A
:10685000FFF700FB0028C0F29780039B93F83820D5
:1068600093F85410D50701F0010040F19380970789
:10687000C2F3400500F18E805D6303F13407002808
:1068800000F094808A0700F1918003F150051F65A4
:10689000304613F01BFC2E68002E00F08C80002286
:1068A0002046A5F11001143E05F0ACFE726952B10C
:1068B000A2F11405311D2E460022204605F0A2FE4D
:1068C0007269002AF4D12046311D05F09BFE236831
:1068D000002B3FF472AF0C33D3E8AF3F6DE70C33BE
:1068E000D3E8EF1F21F48071C3E8E21F002AF7D13B
:1068F0000023224600930120354901F0DBFC236888
:10690000BBB15B68ABB1DB689BB120469847000721
:106910000FD5304613F0DAFB204609F06DFA4FF040
:10692000FF324FF0FF33304604B0BDE8F04113F0C2
:106930001DBB4FF0FF334FF0FF32304613F016FB14
:106940002368EBB10C33D3E8AF3F590618D5204686
:1069500003A9FFF77FFA002812DB039D95F8383072
:10696000DA0704D5204605F12001FFF7C1FE95F8AE
:106970005430DB0704D5204605F13C01FFF7B8FE93
:10698000304613F0A3FBC4E7304613F09FFB9EE7AD
:106990000225D9E60028F7D08D07F5D4002203F1AF
:1069A00050051A65304613F091FB74E7304613F03A
:1069B0008DFB3D466FE732462046A5F1100105F0FC
:1069C00021FE84E741F269610248EEF77DFA00BFDB
:1069D000000010D09C270800A8B138B50D4689B139
:1069E00000F1C8044FF0FF324FF0FF33204613F0A0
:1069F000BDFA2B7E43F002032B762046BDE83840DB
:106A000013F064BB38BD704738B5F8B1044600F1E7
:106A1000C8054FF0FF324FF0FF33284613F0A6FAB7
:106A200000212046FFF716FA002809DBD4F8B84009
:106A30000CB194F85C40284613F048FB204638BD62
:106A40000024284613F042FB204638BD40F20731AF
:106A50000148EEF739FA00BFB8F1070038B5F8B1D0
:106A6000044600F1C8054FF0FF324FF0FF332846CF
:106A700013F07CFA00212046FFF7ECF9002809DB2F
:106A8000D4F8B8400CB194F85D40284613F01EFBD2
:106A9000204638BD0024284613F018FB204638BD98
:106AA00040F207310148EEF70FFA00BFB8F10700D6
:106AB000F8B588B304460E46154600F1C8074FF0F6
:106AC000FF324FF0FF33384613F050FA012E1FD13A
:106AD000D4F8B8403CB1E37E9B0719D562682B68B7
:106AE0009A4218BF0024384613F0F0FA94B104F12A
:106AF0001403D3E8AF2F6AB1511CD3E8EF0F9042D3
:106B000003D1C3E8E51F002DF7D1F2D12046F8BD2F
:106B10000024E8E70024F9E740F207310148EEF7E6
:106B2000D3F900BFB8F107002DE9F04182B0002889
:106B300058D004460D461746984600F1C8064FF057
:106B4000FF3230464FF0FF3313F010FA012D09D118
:106B5000D4F8B85035B1EB7E9B0703D56A683B6823
:106B60009A4207D0304613F0B1FA6FF0150002B028
:106B7000BDE8F081304613F0A9FA05F11401D1E81F
:106B8000AF2F002AF1D0501ED1E8EF3F934203D13E
:106B9000C1E8E70F002FF7D1F1D1012A1ADCEB7E13
:106BA0006FF34103EB764FF0FF334FF0FF32304687
:106BB00013F0DCF9D4F8B8303BB1042722460220A8
:106BC0000B49EB19009701F075FB304613F07EFA84
:106BD0000020CCE7B8F1000FC9D0C8F8005002B0CF
:106BE000BDE8F08140F207310248EEF76DF900BFD1
:106BF000000030E0B8F1070070B5054682B018B368
:106C00000C46B9B100F1C8064FF0FF334FF0FF3228
:106C1000304613F0ABF9D5F8B8309BB122460121CC
:106C2000284601ABFFF780FF002806DC0124304630
:106C300013F04CFA204602B070BD019BDA7E6FF370
:106C40000412DA760024F2E70446204602B070BD52
:106C500020B1036813B15B681B68184700231B68E9
:106C6000FFDE00BFF8B505460E4617464FF0FF336E
:106C70004FF0FF320D4813F079F90D4B1B687BB1D3
:106C80001C683A46314628465B68984744B123461B
:106C900024683A46314628465B689847002CF6D16E
:106CA000BDE8F840014813F011BA00BFCC790120CB
:106CB000CCDA01200023F0B583B0CDE9003399B3DD
:106CC0007A4B04461B680D4653B191F82D202E31A6
:106CD000062A29D80DF102008DF8012021F00AFCC6
:106CE0006F6934B1236823B10C33D3E8AF3F990502
:106CF0001CD46FF07206284602F0DEFF67B1BB6B52
:106D00001BB1314638467A689847B7F88E30112B58
:106D100075D0062B00F08C809DF8013023B13246EF
:106D200069462046FFF79EFF03B0F0BD2368002BA5
:106D300057D00C33D3E8AF3F9A0452D52368002BC9
:106D400000F0B1805B6829465B682046984723685D
:106D50000646002B4ED00C33D3E8AF3F9B0449D5F9
:106D6000002E12DB5249E2680B6820469B190B602B
:106D70004B6843EBE6734B60A3689B1942EBE672EA
:106D8000A360E2600AF090F8B8E716F091F94FEAD4
:106D9000401E4B01BEEB000E43EAD06363EB0103E0
:106DA0004FEA8E029B00121843EA9E7341EB0301E7
:106DB000CB0043EA5273C2F31032DFF8F8C042EA64
:106DC0004342DCE8AF3F41F28731D01A884248D8CD
:106DD000394BD3E8EF1F0131C3E8E21F002A8AD004
:106DE000F7E74FF0FF324FF0FF3304F1DC0013F010
:106DF000BDF8A3E704F1DC0013F068F9B0E797F9F8
:106E00009230002B29DD2D4A013BC3EB431302EBEB
:106E1000C3032B4A934220D2D3F8A0202449013245
:106E2000C3F8A020D1F898300133C1F8983073E747
:106E300097F99230002B27DD204A013BC3EB431327
:106E400002EBC3031E4A93421ED25A6F1849013205
:106E50005A67CB6E0133CB665EE7FF211948EEF728
:106E600033F8DCE8EF1F994203D1CCE8E02F00288B
:106E7000F7D10ED10022104BD3E8EF1FC3E8E02F6B
:106E800000283FF438AFF7E74FF498710D48EEF75C
:106E90001BF8094BD3E8EF1F0131C3E8E21F002ABA
:106EA0003FF429AFF6E75B68FFDE00BFCCDA0120D4
:106EB00068C90120C0DA0120BCDA0120587B01201A
:106EC000507C01206C27080010B58B680C4613B16C
:106ED0005B68002BFCD194F83C0003F097FC214642
:106EE000A069BDE81040FFF7E5BE00BFF8B50C464D
:106EF00005464E69002832D0036883B30C33D3E8CB
:106F0000AF3F99052BD50368002B44D00C33D3E851
:106F1000AF3FDA0623D40368002B3CD00C33D3E810
:106F2000AF3F9B0737D52EB1B6F89030C3F381122F
:106F3000032A46D094F83730C3F30213012B46D00E
:106F4000A36813B15B68002BFCD194F83C0003F0FC
:106F50005DFCA0692146FFF7ADFE0020F8BD6FF093
:106F600072075EB1B36B1BB1394630467268984701
:106F7000B6F88E30112B32D0062B49D094F82D3034
:106F80000BB90220F8BD28463A4604F12C01FFF760
:106F900069FE0220F6E794F82530002BC3D1A369DF
:106FA000002B53D01B68002B50D05A7C03F11201E8
:106FB000062AB8D884F8252004F1260021F09AFA90
:106FC000B1E7C3F3C203013B012BB3D8B8E72046B6
:106FD00005F096F9022834D00028B1D0F8BD96F912
:106FE0009230002B29DD1D4A013BC3EB431302EB1A
:106FF000C3031B4A934220D2D3F8A020194901327F
:10700000C3F8A020D1F898300133C1F89830B5E723
:1070100096F99230002B1BDD104A013BC3EB431362
:1070200002EBC3030E4A934212D25A6F0D4901324A
:107030005A67CB6E0133CB66A0E7FF210A48EDF714
:1070400043FF6FF00407002E8CD197E75B78FFDEDB
:107050004FF498710448EDF737FF00BF587B0120CB
:10706000507C012068C901206C2708000A460121D4
:10707000FEF74EBC0A460221FEF74ABC074B984277
:1070800009D3074A904206D2064AC01AC01002FB32
:1070900000F0013070474FF0FF307047587B0120FF
:1070A000507C0120DF7BEFBDF8B5094C094FBC4295
:1070B00008D805460E460AD220463146F834A8477D
:1070C000BC42F8D941F241610348EDF7FDFEF8BD3D
:1070D000587B0120507C01209C270800002070472D
:1070E00006289ABF024B53F820000248704700BFA1
:1070F00020280800C827080070B582B0002854D0A6
:10710000044600F1C8064FF0FF334FF0FF3230461F
:1071100012F02CFF2368002B3BD00C33D3E8AF3F99
:10712000DB073CD42368002B33D05D68C5B1AD6864
:10713000B5B1186800283DD012F05AF990B3236811
:10714000002B3CD05B68012120469B689847051EB8
:1071500019DB00212046FEF77DFEE0B1236843B134
:107160000C33D3E8EF1F41F00101C3E8E21F002A0E
:10717000F7D10023082022461249009301F09AF823
:107180002046FFF7CDFA304612F0A0FF284602B0A5
:1071900070BD0025EDE7204605F0B2FADEE76FF09E
:1071A0007705F0E76FF00505EDE740F20731064897
:1071B000EDF78AFE41F214710448EDF785FE9B68F5
:1071C000FFDE00BF000010D0B8F107009C270800C8
:1071D00070B582B000285CD0044600F1C8064FF0BC
:1071E000FF334FF0FF32304612F0C0FE2368002B11
:1071F00045D00C33D3E8AF3FDD0740D5D4F8B850C5
:107200005DB195F83830D80701D5990731D495F894
:107210005430DA0701D59B0725D42368BBB35D68DA
:1072200045B1AD6835B100212046A847051E14DBE5
:10723000236843B10C33D3E8EF1F21F00101C3E809
:10724000E21F002AF7D100230420224613490093AD
:1072500001F030F82046FFF763FA304612F036FFAF
:10726000284602B070BD204605F1400105F00CFA39
:10727000D3E7204605F1240105F006FAC7E76FF0D1
:107280007705304612F022FF284602B070BD1D4639
:10729000D9E740F207310248EDF716FE000010D0A2
:1072A000B8F1070020B338B5044600F1C8054FF027
:1072B000FF334FF0FF32284612F058FE23687BB1AF
:1072C0000C33D3E8EF2F42F40071C3E8E01F00282D
:1072D000F7D1930504D52846BDE8384012F0F6BE34
:1072E0002046FFF71DFA2846BDE8384012F0EEBEF2
:1072F000704700BFF8B138B5044600F1C8054FF03B
:10730000FF334FF0FF32284612F030FE23686BB196
:107310000C33D3E8EF2F22F40071C3E8E01F0028FC
:10732000F7D1930502D52046FFF7FAF92846BDE8C4
:10733000384012F0CBBE7047F8B5B0B10F46A1B1DE
:10734000002A164611DD00F1BC04204621F05AF94E
:107350008642054606DD214638466A1C21F0CAF8F9
:107360002846F8BD6FF02105FAE76FF01505F7E73D
:10737000B8B32DE9F8430E4681B30546084621F01F
:1073800041F90828814621D8174C184FBC4220D813
:107390000ED200F10108A54206D04246314604F162
:1073A000BC0021F06DF868B1F834BC4211D8F2D3BA
:1073B000314609F1010205F1BC0021F09BF80020E3
:1073C000BDE8F8836FF07700BDE8F8836FF05A00EE
:1073D000F6E741F6C5010648EDF776FD6FF01500BA
:1073E000EEE76FF015007047587B0120507C0120BC
:1073F0009C27080080B32DE9F041DFF86480194F25
:10740000B84524D81CD2054621F0FCF8444606466F
:1074100003E0F834BC421AD812D23246294604F1AD
:10742000BC0021F02EF90028F3D144450CD30E4BBB
:10743000A4EB0800C01003FB00F00130BDE8F081B0
:107440006FF00100BDE8F0814FF0FF30FAE741F640
:10745000E1010648EDF738FD6FF01500704700BFF9
:10746000587B0120507C0120DF7BEFBD9C2708006A
:107470002DE9F04F85B0DFF85C91574E4FF0FF32A9
:107480004FF0FF33554812F071FD03F0C9F9B145D3
:1074900000F2938080F086804FF0000A4C46504FF7
:1074A000DFF8408109F1BC0526E00C33D3E8EF1F7B
:1074B00041F04001C3E8E21F002AF7D104F1C800FF
:1074C00012F04CFD04F1DC0012F048FDDBF8003056
:1074D0002046984794F8F03094F8BC2023F003033A
:1074E00084F8F030002A63D0F834B4420AF1010A7B
:1074F00063D805F1F8053FD2002255F8BC3CC5E938
:1075000000222A72002B62D01A68D2F808B0BBF1B0
:10751000000F03D0DBF80020002AC6D15A6842458C
:107520000ED03B680DF1040B5A1C3A6009215846F5
:107530002D4A1AF087FB59462046FFF719FFD3E77B
:107540009B689B7E012B0BD0284A0DF1040B13681E
:107550000921581C10605846254A1AF073FBEAE7C7
:10756000244A0DF1040B13680921581C1060584679
:10757000214A1AF067FBDEE7204AA6EB0903DB0885
:10758000A2FB0323BAEB930F1CD14FF4A0721C4B48
:107590001C491D48A3F85C2013F02CFC00221B4B57
:1075A000C3E900220D4805B0BDE8F04F12F08EBDD2
:1075B00055F8BC3C002BB4D0B0E741F63311144869
:1075C000EDF782FC41F655111148EDF77DFC9B6803
:1075D000FFDE00BF587B0120507C0120CC790120C8
:1075E000B0DA0120787C0120E4270800B4DA012019
:1075F000DC270800B8DA0120D4270800114208214E
:10760000D4DA01207D59050018C7012010C70120D8
:107610009C27080038B50C4C0C4DAC420AD812D24D
:10762000236863B10C33D3E8AF3F1B0707D5F834A9
:10763000AC42F4D941F66D110548EDF745FC204602
:10764000FFF75AFDF3E738BD587B0120507C01203D
:107650009C270800431E012B09D9042801D00E489D
:1076600070470D4B0D48012918BF18467047112966
:1076700010D007DC01290BD0074B0948062918BF99
:1076800018467047044B07483A2918BF18467047F8
:1076900005487047054870478C2808008428080072
:1076A000742808007C2808006C2808007828080046
:1076B00000283DD0022970B5DBB2864602D00829E9
:1076C00018BF0621B3B303EBC30403EB440303EB7E
:1076D000C3035D1E0EF101033A2002F1030C0EEB11
:1076E000010653FA85F501E0AE451AD01EF8011BDC
:1076F0000CF8010C01F00F039F294FEA111494BFFD
:1077000004F1300104F13701092B94BF30333733D2
:10771000B6450CF8031C0CF8023C61460CF1030C56
:10772000E2D18A4206D0002301F8013C104670BD28
:1077300001487047002070BD602808002DE9F04F17
:10774000002591B0012884460E461446CDE90A551D
:10775000CDE90D5509950C950F9542D002283CD1E5
:107760002D2B3AD90868F3684968B2680CAF0FC787
:1077700003460B4300F0FC802F4600250AA90CAEFF
:1077800010A8324605E00B78904203F101030B701C
:1077900003D032F8023B002BF5D00135082D06F15D
:1077A000020601F10101ECD14FF0FF3B012300255E
:1077B0000DF1270111F8012F9A4288BFAB4605F160
:1077C000010588BF1346082DF4D13A22012B08BFCA
:1077D0004FF0FF3B0CA900920FE0284611B0BDE826
:1077E000F08F0F2BF9D90B6809932E232F460093A6
:1077F00004254FF0FF3B0346394600268E462246BD
:10780000B2461846B8465946CDE905C4DFF88C9112
:10781000431E4FF0000C049307903AE0B8F1000FBC
:1078200003D0BCF1050F00F3AC80614566D01EB1FA
:107830004FF03A0302F8013B3EF81C305BBA13F4F8
:107840007F4FC3F30726C3F3031403F00F0042D0A6
:1078500006F00F03360905D0092E94BF303657368F
:1078600002F8016B0126092B94BF30335733092CE2
:1078700094BF30345734092894BF303057301370D8
:107880005470907082F803A003320CF1010C65452E
:1078900014DD042DC2D10CF140036B4413F81C7CA1
:1078A000002F3BD113464FF030000CF1010C03F8D0
:1078B000020B0098654550701A46EADC0023DDE9AA
:1078C00005C42046BCF1010F0CBF02F8013C137047
:1078D00011B0BDE8F08FFCB11346092C94BF3034D1
:1078E000573403F8014B1A46092894BF30305730FB
:1078F00002F8010B012683F801A0C6E706B919B901
:107900004FF03A0302F8013B049B00269C444FF0E1
:107910003A0302F8013BB8E71346E4E710460924AE
:107920004FF0000BCDE901511D4B0392B7FBF3F56E
:107930005C45A9FB03213A4603FB157701DB9A421C
:1079400005D3B2FBF3F2A346303200F8012B013C21
:10795000651C4FEAD103E9D1039A80F800A0009B8F
:10796000801A52FA80F2DDE9015102F8013B8CE7FE
:107970004FF6FF73BDF83A20D71AB7FA87F77F0999
:10798000FBE62E233A240093012302F8014B0F9CBF
:1079900004250798099405933AE700BFCDCCCCCCD9
:1079A00000CA9A3B10B40A4B1A6801321A602E239F
:1079B000084C84FB024CACEBE27C074C0CEB4C0C0F
:1079C000A2EB0C0203FB024210BCFFF7B7BE00BFE4
:1079D000C8DB0120565555553CDB012001282DE917
:1079E000F0470D46164600F08B80022828D1284625
:1079F0002E2120F039FE95F8008000280CBF0827C2
:107A00000627B8F13A0F04BF95F8018001352846E2
:107A100020F0F8FDE8B101386F4C2918681E10F805
:107A2000013FA3F13002092A11D9A3F12E02D2B2EB
:107A3000462B24FA02F207D82D2B01D9D30706D4FE
:107A40006FF01500BDE8F087613B052BF8D8884240
:107A5000E5D10024A14606EB470AB8F1000FEFD0AC
:107A6000B8F13A0F28D01022002128461AF016F952
:107A700010228046002128461AF010F9C8F3072882
:107A800048EA002826F814803A21284620F0ECFD28
:107A900038B1451C0134A74240F3968095F8008028
:107AA000DBE77B1EA342CBDC631C9F42C8DC062FB6
:107AB000C6D00020BDE8F087A742C8BF06EB44034C
:107AC00062DD83F8009083F8019002335345F8D1CA
:107AD0003A21284620F003FEA8424AD0062F00D1C2
:107AE000013801307C1E01E0A84207D010F8013DAA
:107AF0003A2BF9D1013CA3D3A842F7D10135C9E70C
:107B000000234D1E1C4618461946136015F8012F18
:107B100092B12E2A27D0303AD7B2092F90D801300F
:107B2000C0B204288CD003EB830302EB430293B270
:107B300015F8012F002AECD1012811D9092B7FF665
:107B40007FAF032812D0FF2B3FF67AAF73542B7808
:107B5000ABB10131C9B2042911D000231846D5E7D1
:107B60000028F0D16CE70134A4B2E5E7632BEAD832
:107B700066E7062F0ED06B78002BB2D199E7032C65
:107B80007FF45EAF002095E74146284620F0A7FD30
:107B90008542A5D1013500240B362B78002B3FF40C
:107BA0004FAF00210A2228461AF078F803462E210A
:107BB000284606F8013F20F057FD48B10134042C57
:107BC00000F10105E9D174E7062F7FF472AFE2E717
:107BD000032C7FF435AF6CE70110F80110292DE973
:107BE000F04F0D4628BF10250E4607469146984691
:107BF000AA4687B075B14FF0000C00F1FF3E03E0DC
:107C00000CF1010CAC4505D01EF8014F002CF7D14A
:107C10006546E246B8F1000F54D02A463A2138466C
:107C200020F0A4FE0446002848D0C31B9A45A8BFF4
:107C30009A4655464FF0000B394601AF2A46384662
:107C400020F058FC0AF118030DEB030A0AF814BCE3
:107C50000120394609F10402FFF7C0FE58452DDB2B
:107C60000123A9F80030B8F1000F03D1012007B0BB
:107C7000BDE8F08F013E761B3246E118384620F011
:107C800039FC06F118030DEB03060A223846694653
:107C900006F814BC1AF078F8009BBB420CD09DF893
:107CA00004205AB11B784BB9B0F5803F83B205D29E
:107CB0005BBAA9F80230D9E70028F0D1002007B05C
:107CC000BDE8F08F4446B5E72DE9F04311F0010718
:107CD00070D140BA8C07BC4680B279D40F2A40F2EA
:107CE00081808E460024A2F1100601F1100526F0D5
:107CF0000F031D444FEA1619DEE900369B19DEF822
:107D0000086044EB04089B19DEF80C6048F1000899
:107D10009B1948F100080EF1100E1B184CEB080CD3
:107D200075451846E8D109F10106B50002F00F02C9
:107D300001EB0616032A17D9131F05EB93040E1D3A
:107D400006EB84064FEA930E01EB850454F8043BDE
:107D50001B184CF1000CB4421846F7D1013575449C
:107D600001EB850602F00302012A06D936F8023B30
:107D7000023A1B1818464CF1000C012A0CD133783A
:107D8000F20748BF1B021B1818464CF1000C03E019
:107D900080B2C01842F1000C030C43EA0C434FEAD6
:107DA0001C4253EA1C4CF3D180B20FB940BA80B2E6
:107DB000BDE8F0834FF0000C002AF5D011F8013B2C
:107DC000013A1B021B184CF1000C8C07184685D594
:107DD000012A0AD931F8023B023A1B1818464CF125
:107DE000000C7BE70E460025A4E70E46C5E700BF62
:107DF0004B1E012B2DE9F047064665D9846834B146
:107E00000022208A64680244002CFAD194B208252A
:107E100096F8363096F83A201344C91A0C44A4B2A6
:107E20003046D6E903A902F025FA96F8378096F88D
:107E3000361048F00103491B86F83730304602F00F
:107E40001FFA2A4631692046FFF73EFF96F83A109E
:107E500004462944304602F013FAF56808F0010898
:107E60000DB33169F9B1EB682F8ACB1AFF1A20469E
:107E70003A46FFF729FF6D680446F5609DB12B8AED
:107E80008BB1E968FB0731610BD50B7801311C44DC
:107E9000A4B23161A3422F8A84BF0134A4B2013F4E
:107EA000E5E72F8AE3E714B164BAE443A4B296F895
:107EB0003730C6F80CA068F30003C6F8109086F8B7
:107EC00037302046BDE8F08700242546A8E700BFEC
:107ED00090F83730C3F30213012B01D1FFF788BFAD
:107EE0000020704708B5034693F8361093F83A20FF
:107EF0009B680A440020D968FFF7E6FE10B140BA3B
:107F0000C04380B208BD00BF90F83730C3F30213FE
:107F1000012B02D10221FFF76BBF0020704700BF89
:107F2000E0B1D9B10378CBB15B2B17D010B501F11B
:107F3000FF3E002300F1FF3C864404E03A2C08BFDA
:107F40000133F44503D01CF8014F002CF6D1012B6E
:107F500018BF0023BDE81040FFF740BE0020704767
:107F6000004870479C28080000487047982808007F
:107F70002DE9F04FDFF89CA1674B0AF1FF36F61AA6
:107F8000AAEB0307DFF89481DFF8949191B03609EA
:107F90003F0900220023634802A911F01BFF054698
:107FA000002840F0AF804FF0FF334FF0FF324046E3
:107FB00011F0DCFF584B534500F2A78036D25A4CE3
:107FC00000E01D460D9954F80CCC0C9881EA0C0386
:107FD00081EA0C02C3F30173C2F30652134354F84F
:107FE00010EC1BD1C1F3130303430DD0CCF31303E7
:107FF0005EEA030308D001EA0C0C00EA0E0ECCF393
:10800000130C5EEA0C0E09D054F8043C0E9A01934E
:108010000A9B009354F808CC02ABE047BD4274D0F1
:10802000B54205F1010304F11004CAD1D9F800509A
:10803000002D36D04FF0000B2C68DDE90CC2D5E9DD
:1080400004E082EA000182EA0003C1F30171C3F394
:1080500006530B4321D1C2F313035CEA03030CD094
:10806000C0F313035EEA030307D002400CEA0E0CD0
:10807000C2F313025CEA020C0FD00A9BBBB102AB45
:10808000AB600A9B6968EB60030115D40E9B284620
:108090000093DDE90C238847AB4614B125462468DC
:1080A000CBE7404612F012F813F09AFF71E7AB608D
:1080B000EB6003016968E9D58B6913B10E9A9342AD
:1080C000EBD1DDE90C23C5E904230E9B8B612B6802
:1080D000BBF1000F0DD0CBF80030D9F804309D4231
:1080E00008BFC9F804B0002368682B6012F082FA58
:1080F000D3E7D9F80420C9F800309542F3D1C9F884
:108100000430F0E711B0BDE8F08FFC210748ECF730
:10811000DBFE00BF9890070098900700F4790120DB
:10812000CCDB0120587A0120A8900700A028080085
:1081300010B504464FF0FF324FF0FF331C4811F0EA
:1081400015FF1C49086848B1844228D0034601E065
:108150009C4215D01A461B68002BF9D120604B6851
:108160000C60D3B1144B2169586862691C680243E2
:108170002143C3E90012BDE810400D4811F0A6BF2D
:10818000236813604B689C4210D00023236008686A
:1081900020604B680C60002BE4D14C60E2E74A6839
:1081A000236894420B60F0D14B60EEE74A60ECE745
:1081B000F4790120CCDB012080C70120F8B504460A
:1081C000364E4FF0FF334FF0FF32354811F0CEFE00
:1081D000336843B19C4202D150E09C4246D01A46DB
:1081E0001B68002BF9D1002200232E482E492F4D69
:1081F0008842C5E900234CD81FD200234C1EA1EBB6
:10820000000E241A00F11002194618464FEA1E1EED
:10821000240900E0634652F8107C734540EA0700E9
:1082200052F80C7C41EA070131D0A34203F1010C62
:1082300002F11002EED1C5E9000133688BB1D3E938
:1082400004102A681B6811436A6810433BB11A4640
:108250001B68D2E9044221431043002BF7D1C5E942
:108260000010BDE8F8400E4811F030BF23681360DD
:1082700073689C4209D000232360B4E772682368C6
:1082800094423360F7D17360F5E77260F3E7C5E9B4
:108290000001A3210648ECF717FE00BFCCDB01204C
:1082A000F4790120989007009890070080C701207A
:1082B000A02808002DE9F0472A4C1D46D4E900EC1F
:1082C000C1F3017333EA1C73DDF8208001D0BDE8EF
:1082D000F087C1F3065333EA1C530C46F7D121EA69
:1082E0000C0C20EA0E0ECCF3130C5EEA0C0E0646C4
:1082F000EDD14FF000091746DFF86CA04FF0FF32C8
:108300004FF0FF33194811F031FE494638225046EC
:1083100020F0FCF865B1B8F1000F09D0B8F1200FDA
:108320001AD829464246504620F0E4F8CAF8208080
:10833000CAE90A64CAF830704FF4A47200230A49EB
:108340000B4811F03FFD094811F0C0FEBDE8F047B1
:108350000849094812F0C2BC0448BDE8F04711F0D2
:10836000B5BE00BF80C7012048C70120087A0120A0
:10837000587A0120D077012088C7012000200021F1
:1083800070B52C4B2C4A2D4C9342C4E9000186B0A9
:108390004BD81FD2D51A02F1FF3E0022AEEB030EDE
:1083A0001046114610332D094FEA1E1E00E06246AA
:1083B00053F8106CAA4240EA060053F80C6C41EAEC
:1083C000060130D0724502F1010C03F11003EED129
:1083D000C4E900011A4B1A688AB1D4E90010136984
:1083E00019431368526910433BB11A461B68D2E91E
:1083F000045229431043002BF7D1C4E90010002395
:10840000104A114803ACCDE90323059312F08AFC0E
:108410004FF0FF334FF448720C490B48009412F0B0
:108420008FFC06B070BDC4E90001A3210848ECF739
:108430004BFD00BF989007009890070080C701206F
:10844000CCDB0120CC28080088C70120782402203A
:10845000A02808004FF4137108B50148ECF734FD6B
:10846000D4DA070040F2023108B50148ECF72CFDE0
:10847000D4DA07002DE9F04F3E4E0024B4460F46F3
:108480009046994685B0BCF890E01EF0010F03D0ED
:10849000DCF83030984209D00134062C0CF1980CED
:1084A000F1D140F6C6313448ECF70EFD982504FBB7
:1084B00005F5BB6906EB050A002B51D005F10C0B45
:1084C000B3444FF0FF3258464FF0FF3311F04EFDEA
:1084D000B869002842D0FEF7D1FD8AF89200C7F8AB
:1084E00014A0DAF83430002B33D0BAF88E30062BD3
:1084F00018D005F14400304412F07CF8584611F0D1
:10850000E5FD0E9D50460195982505FB0466002467
:10851000756B4B46424639460094A847204605B045
:10852000BDE8F08FBB693846039302F017F8039B50
:10853000DBB112498A6D12188A65CA6D42F10002D8
:10854000CA651A6E12181A665A6E42F1000159660F
:10855000CFE7584611F0BAFD0220E0E7FFF782FFAF
:1085600040F6C7310448ECF7AFFC4FF49071044873
:10857000ECF7AAFCECDB0120D828080068C9012030
:108580006C2708002DE9F84F05468946174698469E
:10859000374C9DF82CB09DF830A004F56476B4F803
:1085A00090C01CF0010F19D00DB1A54216D0B4F83F
:1085B0008E00B84212D1638C43450FD11CF4006F7A
:1085C00008D0B9F1000F05D094F99200FDF70CFB2B
:1085D000814503D10A9B1B88012B05D09834B442F6
:1085E000DDD10020BDE8F88F636A002BF6D0228C25
:1085F000012AF3D11B68D3B10A9A5268BAB19342E7
:10860000ECD1BAF1000F03D094F88A30002BE5D1F9
:10861000BBF1000F1DD0B4F89030C3F38113012BD0
:1086200017D1236C93F870320B2B12D1D6E7BAF125
:10863000000F11D1BBF1000F0BD0B4F89020C2F3A2
:10864000811101290DD0002BC8D10A9B5B68002B3A
:10865000C4D16FF01000C5E794F88A20002AE9D051
:10866000BCE7C2F34102032AF3D0002BEDD0B5E7FB
:10867000ECDB01202DE9F041052500270646884660
:1086800086B002210DF11600F4F7D4FCBDF81630C7
:10869000013D43F400435BBA9CB210D096F88E20A3
:1086A000234600213046CDE90177CDF80080FFF761
:1086B00069FF1130E5D0204606B0BDE8F0812846BC
:1086C00006B0BDE8F08100BF90F88A00704700BF97
:1086D00001207047022807D9033801288CBF6FF0AA
:1086E00069006FF05F00704710B96FF06900704764
:1086F000022800F0BD802DE9F04F02290C461646F5
:108700001F4683B00DD0032908D0012904D06FF093
:108710006A0003B0BDE8F08F062A04D06FF07A003B
:10872000F7E7112AFAD1002F00F0A580534D4FF042
:10873000FF334FF0FF32524811F0CCFF4FF0000AE8
:108740002B46B3F89010983311F001010CD00AF1C8
:10875000010ABAF1060FF4D1494811F04BFF6FF04E
:10876000010003B0BDE8F08F982202FB0AF805EB88
:10877000080948461FF0CAFEFDF7EAFA062E6CD03B
:108780009823FF2000214FF0010C03FB0A533D4AC0
:1087900083F892004244A3F89010D2E8EF1FC2E899
:1087A000E0CF0028F9D1B3F89030621E022A98BFBA
:1087B00043EA841343F0080098230024012203FBBA
:1087C0000AFA08F1280C08F12003E91805EB0A0B56
:1087D00005EB0C0EABF890008BF88C20ABF88E609C
:1087E000484645F80C40CEF80440EC504C600191EE
:1087F000FFF740FF019901224880019050B92048BD
:1088000011F0F8FEFDF7A4FA062E019B2BD06FF0B5
:108810006F007EE74FF4A0711B4B0AF1900A23F81A
:108820000A1008F14400114628444FF0FF3211F0BD
:10883000CDFE08F10C00284411F090FBBBF89030FD
:1088400043F00103ABF89030C7F800900C4811F0EA
:10885000D1FE204603B0BDE8F08F484604F0E2FBAD
:1088600000288DDA78E71946484605F09FF8CEE7EC
:108870006FF05F0070476FF015004AE7ECDB0120F6
:10888000D4DB0120F4DB0120EFDB012000F1080341
:10889000D3E8EF0F0130C3E8E20F002AF8D17047A8
:1088A00038B5044600F10803D3E8EF0F421EC3E8D1
:1088B000E12F0029F8D1012801D0013838BD04F199
:1088C0000C054FF0FF324FF0FF33284611F04EFBFE
:1088D000206B18B102F090FB00232363B4F89030B2
:1088E00023F00603A4F89030284611F0EFFBB4F80B
:1088F0009030002023F00103A4F8903038BD00BF71
:1089000070B518B3144B044698421CD303F5647336
:10891000984218D200F10C0600254FF0FF324FF0BC
:10892000FF33304611F022FB20462946E56365639C
:10893000A56305F03BF8304611F0C8FB2046FFF771
:10894000AFFF284670BD6FF0150070BD40F2CD211D
:108950000248ECF7B9FA00BFECDB0120D828080088
:10896000F0B587B0002900F0A6800446002800F08A
:108970009A80544B9842C0F0968003F564739842F5
:1089800080F09180B0F890300D46C3F38111012939
:1089900058D02988012950D10021072A05914CD9A6
:1089A0001B053FD46B6803F0F002E02A2DD1B4F828
:1089B0009030C3F38113022B65D005A9281DFDF764
:1089C0003FFE60B3061D059B002B41D004F10C0750
:1089D0004FF0FF324FF0FF33384611F0C7FA0598D9
:1089E00000286DD0FEF74AFB0123666284F89200EE
:1089F00023846B88002B35D1638C6B800024384630
:108A000011F064FB204607B0F0BD059A2BB3281D7A
:108A1000002A40D00021FDF7F9FB0028D2D16FF0E9
:108A200001040CE094F99200FDF7DEF86B68059004
:108A300003F0F002E02AE8D1B9E76FF01504204610
:108A400007B0F0BD016B0029A3D06FF07E04F6E7FC
:108A50006FF07C04204607B0F0BDF2B1FFF780FA5A
:108A60000646B0E794F88A202046029294F88920BE
:108A70000599CDE9005294F88E20FFF783FDB8B92F
:108A80006B886384BAE794F88B00002895D0FDF7D3
:108A9000ABF8059091E705A9BDE704F12C00FDF7BF
:108AA000B1FB0590DAE74FF45D710748ECF70CFA7B
:108AB0006FF06F04A3E740F273310348ECF704FA58
:108AC000FFF7D0FCECDB0120D828080030B583B0DC
:108AD00058B3B0F890200446C2F3C201012921D155
:108AE000436A13B1002003B030BDC2F38112032AE0
:108AF0006D46ADF80010019308D1082229462046A2
:108B0000ADF80230FFF72CFF03B030BD2946FFF768
:108B1000B1FD0346082229462046ADF80230FFF792
:108B20001FFFF1E76FF01500DDE7FFF793FC00BFD3
:108B300070B548B3174B0446984225D303F56473C8
:108B4000984221D2B0F89030DB071AD50D4600F1DB
:108B50000C064FF0FF324FF0FF33304611F006FAAB
:108B60002946204604F020FB002804DB304611F0A3
:108B7000ADFA002070BD304611F0A8FA6FF05E002B
:108B800070BD6FF0080070BD40F2DC410248ECF7A8
:108B90009BF900BFECDB0120D828080070B5054622
:108BA0000C461E463AB311460B681BB103F0F003A6
:108BB000E02B06D13146A069FDF7FAF903680146BA
:108BC0000BB395F8880094F83B30800860F30503F8
:108BD00084F83B3095F88800324660F3871384F8B8
:108BE0003B3095F8883020465B0984F83C30BDE87E
:108BF000704003F037B9416A0029D5D140F2FB41FA
:108C00000248ECF761F96FF0150070BDD828080034
:108C10002DE9F04F83B00C9D9DF844C0002800F072
:108C2000B8811F46B44B04469842C0F0B28103F5A8
:108C30006473984280F0AD81B0F89030D80740F16D
:108C40009E818A461646BCF1000F40F08E80002FB0
:108C500000F09281C3F3C202012A08BF4FF0000B5B
:108C600040F08880072D40F285807A68002A00F065
:108C70008381C3F38113022B00F08280E36A23B95E
:108C8000B4F89030190540F1918094F99200BBF14D
:108C9000000F0CD05EB9DBF80C1041B1DBF80830E6
:108CA00003EBC1015A68083399421644FAD1FCF724
:108CB0009BFFA0B1036823B10C33D3E8AF3FDA07C1
:108CC00005D46FF07205284603B0BDE8F08F036845
:108CD000002BF6D00C33D3E8AF3FDB05F1D50D9B6D
:108CE00094F99200A363109B6360B4F88E30062B56
:108CF00000F0C2804FF400484FF00009FCF774FF09
:108D0000CDE900890122314694F88E3001F076FADF
:108D10008046002844D0446194F88E1001F03CF85D
:108D2000B04208D2B4F89030C3F38113023B012B58
:108D300040F2F5800646BBF1000F06D0DBF810309C
:108D40001BB1DBF81420002A62D1B4F88E30112B4D
:108D500038D0062B00F0D2806FF07A05404600F044
:108D6000ABFF284603B0BDE8F08F002D7FF46FAF56
:108D7000002F72D06FF01505284603B0BDE8F08FC4
:108D800002F0F002E02A7FF479AF94F88B0000281B
:108D90003FF474AFFCF728FF00287FF476AF6DE74F
:108DA0006FF06805284603B0BDE8F08F381DFDF769
:108DB00029FA002800F0F280FEF760F940B284F84A
:108DC000920064E73B1D0022414620467F88FFF762
:108DD000E5FE051EC2DB2046FFF778FE05460028AB
:108DE00058D0002D7FDB404601F044FA94F88E10F5
:108DF000404603F049F8DDE90E234046FCF7C8FB86
:108E00000546002D6FDB3546284603B0BDE8F08FE0
:108E10000F2A9AD998F837001D68C0F3021002286B
:108E200001461A4410D0012900F08980073525F049
:108E3000070110311944914287D825F007052B44CA
:108E4000022801461D68EED1142DEFD15968292959
:108E5000ECD199683429E9D177E7002900F08C80BA
:108E6000C3F3C202012A85D10F688B460FB14D684A
:108E7000F8E604F12807F8E6FCF7B6FEB4F88E3001
:108E8000112B6BD0062B4DD06FF07A05284603B01E
:108E9000BDE8F08F3A464046618C06F0DBFF0546A0
:108EA00000289ED13746BBF1000F6BD0DBF80C30A9
:108EB00043B998E7B7EB090795D0DBF80C300135DB
:108EC000AB4290D9DBF80830404603EBC50252684C
:108ED00053F83510BA4228BF3A46914601F0FCFBE0
:108EE0000028E7DA0546B8F1000F7FF437AF2846CF
:108EF00003B0BDE8F08F00BFECDB01205B463246DB
:108F00005146204605F06EFA051EFFF627AF2046B3
:108F1000109A0D9904F066F92E46054671E76FF038
:108F20000B051BE75B4632465146204605F05AFAD0
:108F3000051EA8BF4FF00008FFF613AFE7E7142D9A
:108F40007FF474AF596800297FF470AF99680229E3
:108F50007FF46CAF1B7C88F83930F6E600223B1DAD
:108F6000204611467F88FFF719FE051EA8BF4FF067
:108F70000008FFF6F6AE2EE76FF07805F1E66FF029
:108F80000805EEE632465146404601F0A5FB05468F
:108F900027E740F662110248EBF796FFFFF762FA07
:108FA000D82808002DE9F04389B0002900F0E780B7
:108FB0000446002800F0DE809846734B9842C0F0CB
:108FC000D98003F56473984280F0D4800D4616462C
:108FD00000F10C074FF0FF3238464FF0FF3310F02E
:108FE000C5FFB4F89000C0F34102012A00F0BC8034
:108FF000C30740F1B6802B88002B4FD0C0F3C201CD
:109000008B4240F0A880032A00F0B180012B40F091
:10901000A280072E40F29F80B4F88E30062B55D0E8
:1090200001236A68E262B5F802902385A4F82A90C9
:10903000002A47D040F48070A4F890002046FFF743
:1090400045FD064618BB0123668C626AADF81A60BE
:109050002384ADF81830002A69D013680793B4F858
:109060009030C3F38113022B52D0012B76D1129A88
:1090700029462046DDE91045059200964B46CDE98C
:109080000245CDF8108006AA04F046FB0646384695
:1090900011F01CF8304609B0BDE8F083C0F381112F
:1090A000022951D010F0380F55D1032A14BF6FF0A8
:1090B00015066FF05E06384611F008F8304609B024
:1090C000BDE8F08320F4807080B2B5E7E36A03F076
:1090D000F003E02B13D094F99200FCF785FD0646CF
:1090E000FEF742FFE26A03689A4208D0304604F174
:1090F0002C01FCF757FF10B9B4F8900090E76FF01F
:109100007C06384610F0E2FF304609B0BDE8F08337
:10911000B8F1000F03D000212046129AC047002664
:10912000384610F0D3FF304609B0BDE8F083B4F8FC
:109130009030C3F38113022BEAD0012B0ED140F201
:1091400003611248EBF7C0FE20F48070A4F8900091
:10915000A362E362E3E76FF0150698E76FF0850618
:1091600095E76FF0080692E76FF077068FE76FF0EC
:109170005E068CE74FF4AB610448EBF7A5FE40F2C6
:1091800057510248EBF7A0FEECDB0120D82808007D
:1091900070B5B8B31E4B0446984233D303F56473DD
:1091A00098422FD2B0F89030DB0728D50E4600F158
:1091B0000C054FF0FF324FF0FF33284610F0D6FE7B
:1091C000B4F89030C3F34102032A03D0C3F38113F0
:1091D000012B0AD1B4F88E30062B18BF002407D01B
:1091E000284610F073FF204670BD6FF01504F7E7B6
:1091F00020463146049A03F0FFFF0446F0E76FF083
:109200000804F0E74FF4C3610248EBF75DFE00BFCE
:10921000ECDB0120D82808002DE9F041044686B097
:109220000D4616461F4600F10C084FF0FF3240462F
:109230004FF0FF3310F09AFE5CB3B4F89030C3F3F4
:10924000C200A0F10100B0FA80F0DB054FEA501037
:109250004FEAC0001AD5638DC3B10E9B00900493F2
:10926000204604F12803002432462946DDE90C5645
:109270000594CDE902560197FFF7CAFC0446404623
:1092800010F024FF204606B0BDE8F0816FF07804AE
:10929000F5E7FFF7DFF800BFF0B54FF0FF3287B01A
:1092A0001D4604460F464FF0FF3300F10C063046D2
:1092B00010F05CFEDDE90C23CDE902230E9B0122B8
:1092C000049300230592394620461A4601950093DF
:1092D000FFF79EFC0446304610F0F8FE204607B02B
:1092E000F0BD00BF2DE9F041154686B01E4604468C
:1092F00088464FF0FF324FF0FF3300F10C0738463D
:1093000010F034FEDDE90E2320460124CDE90223CE
:10931000109B059404930D9B2A4601930C9B414698
:1093200000933346FFF774FC0446384610F0CEFE37
:10933000204606B0BDE8F0812DE9F0438BB000284F
:1093400000F09D801F46B0F890300446DB0740F1E6
:1093500093808946904600F10C064FF0FF3230466C
:109360004FF0FF3310F002FEB4F88E0011282DD01C
:10937000062808D06FF06A05304610F0A7FE284690
:109380000BB0BDE8F08349462046129A03F07AFFFD
:109390000546002DF0DB58EA0703EDD044342046A3
:1093A00011F0EAF9304610F091FE42463B46204665
:1093B00011F090F90B3008BF6FF073054FF0FF32DA
:1093C0004FF0FF33304610F0D1FDD5E70023ADF864
:1093D0002630CDF82230B4F890302046C3F3C203D3
:1093E000ADF82030FFF772FB05460028D1D1B4F864
:1093F0009020C2F3C203012B33D00146206BC4F886
:10940000349002F4807370B10BB104F12803CDE9FC
:109410000115628D1C4952BA92B20092129A01F063
:1094200033FE0546B5E7C2F3811EB4F88EC0C2F321
:10943000C2020BB104F128000295129D009105951E
:109440000394658D03466DBAADB201950E4D71461C
:10945000049504F130050695604601F079FC054657
:1094600097E7616A21B10B680993B4F8902008A9C5
:10947000658C6DBAADB2C1E76FF008057FE740F6C5
:1094800093410248EBF720FD75840500D8280800B9
:1094900070B54FF0FF324FF0FF3304460D4600F138
:1094A0000C06304610F062FD2946204604F080FE8E
:1094B0000446304610F00AFE204670BD2DE9F0410A
:1094C000002800F09D800D46504904468842C0F0B7
:1094D0008B8001F56471884280F08680164698463C
:1094E00000F10C074FF0FF3238464FF0FF3310F019
:1094F0003DFD691E172920D8DFE801F00C0C0C0C8B
:109500000C0C0C212A360C0C420C0C460C0C534A49
:109510000C0C140C6FF08504384610F0D7FD204673
:10952000BDE8F081002E62D0B8F1040F5FD133683E
:10953000003B18BF012384F88C300024ECE7002E98
:1095400055D0B8F1010F52D8337884F88830F4E759
:10955000002E4CD0B8F1040F49D13368003B18BF3E
:10956000012384F88930E8E7002E40D0B8F1040FD9
:109570003DD13368003B18BF012384F88A30DCE713
:10958000336884F89430D8E7336884F89330D4E7AC
:10959000B4F89030C3F3C203012BCED16FF05E0458
:1095A000BAE7B4F890303568C3F3C202012A21D17A
:1095B000B8F1040F1BD1C3F38113022B17D185B16E
:1095C0006B1EFE2B13D82846FCF70EFBA8B10368D0
:1095D00023B10C33D3E8AF3F5B0602D46FF06A04CB
:1095E0009AE784F88B50A8E76FF0150497E76FF0BF
:1095F000150491E76FF069048EE76FF001048BE7C3
:1096000040F65F710248EBF75FFC00BFECDB012026
:10961000D82808002DE9F041002800F0A1800D466F
:10962000524904468842C0F0928001F56471884234
:1096300080F08D8017461E4600F10C084FF0FF3277
:1096400040464FF0FF3310F091FC691E17291DD8DA
:10965000DFE801F00C0C0C0C0C0C0C1E272E0C0C73
:10966000330C0C3B0C0C415F0C0C140C6FF085049C
:10967000404610F02BFD2046BDE8F08194F88C3078
:109680009FB116B13268042A0FD13B600024EFE786
:1096900094F888304FB13B70002EF7D0012333602F
:1096A000F4E794F88930002FEBD16FF01504DFE771
:1096B00094F88A30002FE4D1F7E794F894303B60B7
:1096C000002EE3D004233360E0E794F893303B604E
:1096D000002EF7D1DAE7B4F89030C3F3C202012AC2
:1096E0003BD194F88B0020BB1A0526D594F9920043
:1096F000FCF77AFA70B3036863B30C33D3E8AF3F77
:109700005B0627D5FDF7BAFC002812DC6FF00104D8
:10971000AEE7B4F89030190512D4C3F3C203012B9D
:109720001BD104F12C00FCF76DFD10B1006800B1F5
:10973000008B3860002EC5D1A8E7FCF709FBD9E7FC
:1097400094F99200FCF750FA0028EFD1F1E76FF09E
:10975000150490E76FF06A048AE76FF0690487E701
:1097600040F6C5710248EBF7AFFB00BFECDB012010
:10977000D828080050B310B40C4621B31AB3B0F87F
:109780009030C3F38113012B12D0022B15D1018C21
:10979000012915D113682180418C082B618028BFD5
:1097A0000823416A002009686160136010BC70479B
:1097B000134610BC002203F07FBB6FF06C00F5E78E
:1097C0006FF06900F2E76FF01500EFE76FF015003A
:1097D000704700BF2DE9F04180460F464FF0FF3241
:1097E0004FF0FF33104810F075FF104C04F564760D
:1097F000B4F8903004F10C05DB070CD54FF0FF32C4
:109800004FF0FF33284610F0B1FB39462046C047E1
:10981000284610F05BFC9834B442E9D1BDE8F04131
:10982000014810F0E7BE00BFD4DB0120ECDB0120D3
:109830004FF0FF320121014810F0C8BED4DB0120F7
:1098400090F8373091F83720C3F3021363F3061210
:1098500081F83720426991F83B304A6190F836C070
:1098600091F8382081F836C090F83BC06CF30503BE
:1098700081F83B3090F83B3091F83BC09B0963F393
:10988000871C81F83BC090F83C3091F837C081F8D4
:109890003C3090F8383063F3000281F8382090F8BB
:1098A0003730D2B2C3F3400363F3410C81F837C0C1
:1098B00090F837305FFA8CFCC3F3800363F3820CBB
:1098C00081F837C090F837305FFA8CFCC3F3C003DF
:1098D00063F3C30C81F837C090F83830C3F3C0038A
:1098E00063F3C30281F8382090F838201346C2F39E
:1098F000001262F3041380F8383091F83820C3F373
:10990000800363F3820281F83820838E8B8683681C
:109910004BB18B683BB1426A836A4A628B62C26A0E
:10992000036BCA620B6390F83730C3F30213012B49
:1099300007D190F8393081F8393090F83A3081F811
:109940003A30704738B50446C3680D465868E06041
:1099500038B14DB9008AE36860B95868E060002802
:10996000F7D10023236138BD0C30F3F773F8E368B7
:109970000028F2D0002BF4D0DB68236138BD00BF93
:10998000F8B590F8373004460D46C168D80701D4C1
:109990001646E2B900260F8A2269CB68D31A2B44F7
:1099A000BB4202D02A442261F8BD94F83730DB076D
:1099B00007D501F10C00F3F74DF8B84201D922693F
:1099C000F0E731462046BDE8F840FFF7BBBF01F1A4
:1099D0000C00F3F73FF8E1680746DDE770B582B0A9
:1099E000044616461D4611F0EDFB08B1002635462B
:1099F00001A932462B46204610F006F8014698B9D8
:109A0000019B402218461EF081FD012208490346B1
:109A10008C424460026202D0184602B070BD80F8E9
:109A20003C20184602B070BD0023184602B070BD3D
:109A3000407901202DE9F04F002485B0DDE90E6763
:109A40000192824632463B4602A88B46254613F0D9
:109A500031FBDDE9028914E0A842586020D0438A36
:109A60009B453CBF5B46A4F812B0ABEB030B4246F0
:109A70004B4602A813F04EFBDDE90267BBF1000F75
:109A80001FD03B4632465046F2F7AEFE2346044610
:109A9000D8B1002DE0D113B15860438AE0E7054604
:109AA000019A638A002ADBD002EB0B01994202D3B0
:109AB000A1EB030BDBE742464B46618202A813F0A1
:109AC00029FB284605B0BDE8F08F15B12846F2F70E
:109AD0008FFE0025284605B0BDE8F08F2DE9F8433C
:109AE0009846C36815469DF82060002B3CD08146FF
:109AF0000F46002D3AD099F83720D40739D4002EDC
:109B000037D003F10C00F2F7A5FFD9E90332D96889
:109B1000521A904200F09B8099F83720D00735D533
:109B2000D9F81000DA681C8A821AA41AE4B1AC428F
:109B300028BF2C46B8F1000F3ED0002F65D022463A
:109B4000002E58D039461EF0D5FC99F83730D90789
:109B500067D5012221464846FFF712FF2744D9F86E
:109B60000C302D1B002BC4D1002D72D10020BDE87C
:109B7000F883D9F81020D968188A521A904210D068
:109B8000002ECDD099F83720D007C9D403F10C00AE
:109B9000F2F760FF0446D9E90330DA68821AA41AA2
:109BA000C4E700214846FFF7CDFED9F80C30002B62
:109BB000DAD0002EB4D0E5E7A7B1224639681EF00E
:109BC000A5FC2EB9324621464846FFF7D9FEC6E726
:109BD00099F83730DB0733D5012221464846FFF795
:109BE000CFFEBCE7002EF3D1324621464846FFF7B0
:109BF000C7FE0027B3E7014638461EF07BFC32461D
:109C000021464846FFF7BCFEA8E7002EECD099F8A5
:109C10003720D20707D5012221464846FFF7B0FE7C
:109C2000E7E7D9F80C30214603F10C00F2F7B2FE59
:109C3000012221464846FFF7A3FE002F8ED1D8E728
:109C4000D9F80C0021460C30F2F7A4FEC4E73146E7
:109C5000A8E76FF068008AE72DE9F041134F4068EC
:109C60000E46B84215461C4612D011F0ABFA40B968
:109C7000802E0AD82A462346BDE8F0410C48F2F768
:109C8000B3BD0025802E2C46F4D90020BDE8F0811C
:109C900011F098FA08B100252C46802EF5D82A46F6
:109CA0002346BDE8F0410348F2F79EBD007901204C
:109CB000207B0120EC7A0120F0B110B5044600F1C0
:109CC0002002D2E8AF3F591EABB1D2E8EF0F984265
:109CD00004D1C2E8EC1FBCF1000FF6D1F1D1012B89
:109CE00009DCA06808B1F2F783FD21466068BDE891
:109CF00010400FF0F3BE10BD704700BFC8B100F1B7
:109D00002002D2E8AF3F591C9BB100B5D2E8EFCF9B
:109D10009C4504D1C2E8EE1FBEF1000FF6D101D17F
:109D20005DF804FBD2E8AF3F591C002BEED10020B8
:109D3000F6E70020704700BF08B1F2F759BD704741
:109D400038B5044608460D46F2F798FDA36843600F
:109D5000A56038BD68B110B40B4C046009B10B4864
:109D600008600AB10A4911600BB10A4A1A6010BCB6
:109D7000704709B1054808600AB10549116013B17F
:109D8000044A1A6070477047007901204079012029
:109D9000EC7A0120207B0120F8B50746B8B190F895
:109DA0003730846813F0700FC3F3021610D0012E01
:109DB0000CBF1420002006292AD0112930D00129F7
:109DC0002AD03A2928D02CB908B114204042F8BD35
:109DD00030464CB325460022298A6D680A44002D7E
:109DE000FAD1824238BF851A14B3002604F10C0060
:109DF000F2F730FE64680644002CF7D1BB68ABB1C3
:109E00001A8A5B681444002BFAD1761B301BF8BD0C
:109E10001C30002CDED1D9E70430002CDAD1D5E794
:109E20000830002CD6D1D1E726462546701BF8BD58
:109E30002646FBE7F8B5846894B105462646002718
:109E40002046038A646863B9AB6883420DD07368A7
:109E5000834208BF74604760F2F7CAFC002CEFD160
:109E6000F8BD0646002CEBD1FAE7AC60F3E700BF83
:109E70008068D8B102460023B2F810C0526863442B
:109E8000002AF9D1994214D810B55B1A01E09B1A47
:109E900050B1028A04469A424068F8D3238218B12E
:109EA000F2F7A6FC00236360002010BD09B9002072
:109EB00070476FF0150070472DE9F04F83B00546ED
:109EC000DDE90C6791469A46884600295BD1002B54
:109ED00059D190F8373013F0700F50D011F072F95B
:109EE000002840F0A180AC68002C53D04FF0000B4C
:109EF00004F10C00F2F7AEFD64688344002CF7D146
:109F0000AB6833B11A8A5B681444002BFAD1ABEB0F
:109F1000040BBBF1000F3DD095F83730AA69C3F3AD
:109F20000213002A53D01268002A50D0012B118B43
:109F300000F0838052684C4B9A426ED0A8EB0B0B1A
:109F4000D84528BFD846CDE90067484C6E68484BD5
:109F500048484A46864214BF204618464146FFF705
:109F600069FD044600287BD0A868002839D0F2F7A4
:109F700085FC2146F2F792FCB9F1000F38D10020A0
:109F800003B0BDE8F08F11F01DF908B100260027DD
:109F9000002DA8D195F83710AA6911F0700FC1F300
:109FA000021330D0012B0CBF14210021BAF1060F8F
:109FB00049D0BAF1110F3AD0BAF1010F49D0BAF134
:109FC0003A0F46D04FF0000B8844002AABD1012B4A
:109FD000B4D14FF41071A1EB0B01884528BF88461E
:109FE000B1E7AC60EC60E3682B61B9F1000FC6D05B
:109FF000A86849460C30F2F7BBFCAB68EB605BB37A
:10A00000DB682B61BBE7002A9DD0126832B39B4608
:10A01000118B154B52689A4290D1CBF10E0B8B44A9
:10A02000D84528BFD8468EE7002600275BE708F111
:10A0300008084FF0000B884473E7B1F5107F38BF74
:10A040004FF41071C7E708F11C084FF0000B88446B
:10A0500067E708F10408B5E72B6190E793466DE7E1
:10A060006FF00B008CE700BF787C0120EC7A0120B8
:10A07000207B0120407901202DE9F04383B0044684
:10A08000DDE90A6790460D4639B932B990F83730A4
:10A0900013F0700FC3F3021027D011F093F880B9BA
:10A0A000A06918B1134B62689A420DD04346294605
:10A0B00020460022CDE90A6703B0BDE8F043FFF770
:10A0C000FBBE00260027EBE703688BB15B68D3F883
:10A0D0001090B9F1000FE9D043462A462146CDE958
:10A0E0000067C84710F1860FE0D003B0BDE8F083E9
:10A0F0001B69FFDE407901202DE9F047044684B05A
:10A10000DDE90E6702A81546984632463B468A4668
:10A110009DF8309012F0CEFF32463B46DDE90267F3
:10A120002046FFF75BFC48B30446C0F818A0BAF11C
:10A13000000F07D0DAF8003013B31B7C80F824300E
:10A1400080F82C3094F83710324668F306113B46FD
:10A1500002A884F8371012F0DDFFDDE902674A46F5
:10A1600029462046CDE90067FFF786FF18B920464B
:10A1700004B0BDE8F0872046FFF79EFD0024F6E717
:10A180001B78FFDE09B900207047F0B583B00646A2
:10A190000F4615461C4611F015F808B100252C464F
:10A1A000009501947468124A124B13483946844250
:10A1B00014BF104618460022FFF73CFC044698B135
:10A1C000B06860B1F2F75AFB2146F2F767FB204610
:10A1D000F2F754FB80234382002003B0F0BDB4604B
:10A1E000F460E3683361F2E76FF00B00F5E700BF5E
:10A1F000EC7A0120207B0120407901202DE90048E4
:10A2000084B00093DDE906BC1346CDE902BC0A46E2
:10A2100001460348FFF770FF04B0BDE8008800BFA7
:10A22000407901202DE9004884B00093DDE906BCA7
:10A230001346CDE902BC0A4601460348FFF75CFF1E
:10A2400004B0BDE8008800BF0079012010B50346C6
:10A2500080680C4630B1F2F711FB2146BDE8104092
:10A26000F2F71CBB9960D96011B1CA681A6110BDC0
:10A27000196110BD8368C36003B1DB680361704777
:10A2800010B50023012482B00A4600941946FFF756
:10A2900025FC02B010BD00BF10B5012484B00391AD
:10A2A000002303A90094FFF719FC04B010BD00BF00
:10A2B00010B5002482B001230094FFF70FFC02B018
:10A2C00010BD00BF30B5002585B00C460123042227
:10A2D00003A90095FFF702FC039B1BBA236005B09E
:10A2E00030BD00BFF8B50446C06817460E46C8B971
:10A2F00077E0BB423ED93D4600272A4631691EF031
:10A30000F9F894F83730DB073BD50122294620467F
:10A31000FFF736FB304600222946FFF731FBE068A5
:10A3200000285ED0F368002B5BD0002F5BD00C3090
:10A33000F2F790FBD4E90323D1685B1A98423AD034
:10A34000F268002A4AD03369D168158A5B1A9D42A7
:10A350001DD0E068002841D00C30ED1AF2F77AFBEE
:10A360000346D4E90320D268BD42A0EB0202A3EB6E
:10A370000203BED89D4228BF1D46002D2ED07F1B54
:10A38000BBE7E06829460C30F2F704FBBDE75368F1
:10A39000F3601BB929E05B68F36033B31A8A002AC3
:10A3A000F9D0DB683361E068C0B1F268B2B1D1685E
:10A3B000158A5B1AD0E75068E06018B917E0586852
:10A3C000E060A0B10C30F2F745FBE3680028F6D05E
:10A3D0006BB1DB682361F268002AB4D16FF06800CA
:10A3E000F8BD002FFAD10020F8BD0023DAE70023E2
:10A3F0002361A5E72DE9F04706469646D6E90242D5
:10A40000084684B0002A00F090803169002900F0ED
:10A410009680944200F0958025464FF0000C2F8ADC
:10A420006D68BC44AA421FFA8CFCF8D1D268891A24
:10A430008C441FFA8CF596F83770B16907F0010764
:10A44000002C7AD00022B4F810C064686244002C5A
:10A45000F9D14FF0000ACDE902E3CDF800A0534650
:10A46000FFF74AFE0446002851D0D6E9021996F8B3
:10A470003730D6F8108043F0010386F83730F160AA
:10A4800081B35246CB6833610B8A49681A4400296C
:10A49000FAD131462046FFF725FF58BB94F83730F4
:10A4A000214643F0010384F837303046FFF7C8F9FE
:10A4B000A368E36003B1DB6823616DBB204694F8B9
:10A4C000373067F3000384F8373096F83730C6F832
:10A4D0000C9067F30003C6F8108086F8373004B09C
:10A4E000BDE8F0870A46316120463146FFF7FAFEA3
:10A4F0000028D3D02046FFF7DFFB96F83730C6F8A8
:10A500000C9067F30003C6F8108086F837300024FB
:10A51000204604B0BDE8F0870123009300232A46BB
:10A5200020461946FFF7DAFAC8E796F8377015465D
:10A53000B16907F00107002C84D1224689E70D4656
:10A5400079E7E26896F83770891A8DB207F001074B
:10A55000B16977E74168FFF74DBF00BF80B1C368BD
:10A560006BB1006960B1D9681A8A5B68401A101A29
:10A5700033B11A8A5B681044002BFAD17047184631
:10A58000704700BF83684BB11A8A8A4228BF19827C
:10A590005B682CBF0021891A002BF5D1002914BF5C
:10A5A0006FF0150000207047F8B504460E460029EC
:10A5B0004ED000250EE0A06800282BD04368A36091
:10A5C0004260F2F715F9A368E36023B3DB68236107
:10A5D000F61B18D0E168002932D02269C8680B8ABE
:10A5E000121A934219D09A1A2AD0B242174628BF9B
:10A5F0003746DB1BD21B0B82DDD02069C1191DF051
:10A600007FFFF61BE6D1A3683046E36003B1DB6849
:10A610002361F8BDE0602561DAE74B68E3601BB9B0
:10A620000DE05B68E36053B11A8A002AF9D0DA685A
:10A63000E168226121B1C8680B8A121AD3E723614D
:10A64000A3686FF06800E360002BE0D12361F8BDE0
:10A650008368C36013B10846DB68D9E71846D7E7BB
:10A6600038B5C36890F83710EBB101F0010181F003
:10A6700001050446CDB9188A2269D968521A824266
:10A680000AD022697AB194F83710C90713D5188A0D
:10A69000DB68D21A801A38BD29462046FFF752F9E6
:10A6A000E368002BEDD1002038BD03F10C00F2F778
:10A6B000D1F9E368E0E703F10C00F2F7CBF9D4E954
:10A6C0000332E5E710B50C46FFF7CAFFA04234BFDE
:10A6D0000020012010BD00BF70B5036904469942F7
:10A6E0000D46164682B008D0012332462946204640
:10A6F0000093FFF7F3F902B070BDFFF7B1FF864298
:10A70000F2D8002301253246204619460095FFF76E
:10A71000E5F9F0E7F0B583B04D680E460446FFF763
:10A720009FFF854215D994F837303068DB070ED586
:10A7300098B1D4E903750023009301460123204614
:10A740007268FFF7CBF9C4E9037530B9306803B01C
:10A75000F0BD2069306003B0F0BD002003B0F0BD53
:10A7600070B50369D1E900569D42044682B008D015
:10A7700001233246294620460093FFF7AFF902B085
:10A7800070BDFFF76DFF8642F2D8002301253246E7
:10A79000204619460095FFF7A1F9F0E7402210B5D1
:10A7A000002104461DF0B2FE0123034A23626260C9
:10A7B00084F83C3010BD00BF40790120704700BFD5
:10A7C000704700BF10B504464FF0FF324FF0FF3323
:10A7D00020460FF07BFE0028F6D0FAF705FE4FF07A
:10A7E000FF324FF0FF3320460FF070FE0028F4D107
:10A7F000EAE700BF08B5044BC0EB001003EB001004
:10A800000FF04CFE002008BD70C8012000207047EA
:10A8100007289ABF014B185C002070473C290800AC
:10A82000704700BF70B500218AB01848FCF73CFCA7
:10A83000174C20460FF0B4FD4FF0FF324FF0FF33BE
:10A8400000254FF0FF36CDE90623CDE903654FF42F
:10A85000BC62CDE901550F490F4B009404F1200073
:10A8600010F0AAFD80B104462B4608210B4A08A827
:10A8700017F0E8F9204608A910F0AAFC20460AB013
:10A88000BDE8704011F0F6BC0AB070BDC1A705006C
:10A8900070C8012098270220C5A7050030290800AC
:10A8A0002DE9F04107460D46164682B04FF0FF33C2
:10A8B0004FF0FF3219480FF059FB194B6FF00108A8
:10A8C0001C6814B922E0246804B3237CB5F804C0E2
:10A8D0009C45F8D194F811C033789C45F3D1A37C02
:10A8E00072789A4201D0002BEDD1A36813B1BA69F6
:10A8F0009342E8D1E2683346009220462A46394620
:10A90000D4F804C0E047B0F10008DCDA03480FF0E7
:10A91000DDFB404602B0BDE8F08100BFE0790120D8
:10A9200090DF01202DE9F04F002404251E46D1F8C8
:10A93000B83089B007950694002B00F095800D463D
:10A940008046114628461746FBF732FBDDE91434F2
:10A95000CDE900340123316981461A462846043185
:10A96000FFF74CFC0446002800F08180B368072BF9
:10A9700027DC002B17DB80F83C303A46494620465E
:10A9800001F070FA30B902460821204601F096F82D
:10A990000746C8B16FF068072046FFF78DF93846C3
:10A9A00009B0BDE8F08F327990F83B30920862F33D
:10A9B000050380F83B30327962F3871380F83B302F
:10A9C000DBE76FF01507E7E7204606A9FFF7A2FED1
:10A9D0000028DFD0338806A95BBA038073885BBA8E
:10A9E00043802046FFF7BCFEF16839B332690ABBE9
:10A9F0002046FFF73FFC0121204601F045FA129B5B
:10AA00000022C8E9025320460023FAF7C1FD0028BE
:10AA10002D4908DAEB6C4A6C013301326FF0040700
:10AA20004A64EB64B8E7AB6C0A6C013301320A6428
:10AA3000AB64B4E72046FFF74FFED9E73369002B3C
:10AA4000D6D0032B16D80DF1140A4FF000090122BD
:10AA5000514620468DF81490FFF73EFE336909F108
:10AA600001094B45F3D8C3E76FF0710797E76FF023
:10AA70000B0794E709F022FA814609F01FFA0390C8
:10AA800009F01CFA834609F019FA0346039A1B06DB
:10AA9000120A02F47F4E4FEA0B2C43EA19630CF4BE
:10AAA0007F0C43EA0E030DF1140A43EA0C0304225F
:10AAB000514620460593FFF70FFE3369043B33618F
:10AAC000002BC2D194E700BF68C9012038B5049DAE
:10AAD00008B305B30446481E01281CD80020656051
:10AAE00020612060A060E06021746274A3744FF064
:10AAF000FF324FF0FF3309480FF038FA084B1A685D
:10AB000022605A681C6022B104480FF0DFFA00206E
:10AB100038BD5C60F8E76FF0150038BDE0790120C2
:10AB200090DF0120002830D010B504464FF0FF33ED
:10AB30004FF0FF3216480FF019FA16490B6843B16F
:10AB40009C4202D118E09C420ED01A461B68002B92
:10AB5000F9D10F480FF0BAFA002323606360A360B5
:10AB6000E3602361184610BD236813604B689C4264
:10AB700009D000232360ECE74A68236894420B6005
:10AB8000F7D14B60F5E74A60F3E76FF015007047C7
:10AB9000E079012090DF0120002836D02DE9F04136
:10ABA000144688B0002A33D04FF4004600270D46E3
:10ABB0008046128871B1012A0ED1E3B10E9A29465E
:10ABC00000924046CDE90267221DFFF7ABFE08B0B8
:10ABD000BDE8F081012A04D06FF0010008B0BDE8A3
:10ABE000F081201D0593FBF70DFB05460028F3D0EF
:10ABF0002288059BDFE702210DF11E00F2F71AFA09
:10AC0000054BBDF81E201A80D8E76FF0150070477D
:10AC10006FF01500DBE700BF7CDF0120002835D096
:10AC20002DE9F041144688B0002A32D000260027D2
:10AC30000D468046128871B1012A0ED1E3B10E9AF9
:10AC4000294600924046CDE90267221DFFF76AFEC1
:10AC500008B0BDE8F081012A04D06FF0010008B00F
:10AC6000BDE8F081201D0593FBF7CCFA05460028CE
:10AC7000F3D02288059BDFE702210DF11E00F2F7D9
:10AC8000D9F9054BBDF81E201A80D8E76FF01500E2
:10AC900070476FF01500DBE77CDF012010B5012362
:10ACA0000C4682B069460094ADF80430FFF7F8FD19
:10ACB00002B010BD11B30B88012B24D14B68D1F821
:10ACC00000C08360C0F804C04B6863B990F82430BA
:10ACD00043F0020362B143F0080352BA80F8243013
:10ACE000C2800020704790F8243043F02003EFE743
:10ACF00023F0080380F824300020704790F82430B7
:10AD000003F0DD03E6E76FF01500704710B5282269
:10AD1000002104461DF0FAFB4FF0FF324FF0FF33E5
:10AD200009480FF023F9094BD3E900121C60216098
:10AD300022B1BDE8104004480FF0C8B95C60024879
:10AD4000BDE810400FF0C2B99079012098DF0120D2
:10AD50002DE9F04F87B0BDF84440DDF84C808346C4
:10AD600015461F46109EBDF848A000940191B8F109
:10AD7000000F00F0EA8098F99200FAF735FF0346D9
:10AD800040460293FDF7A0FC0390DFF860924FF07D
:10AD9000FF334FF0FF3296480FF0E8F8D9F8003053
:10ADA000002B53D09AFA9AF21C6892B2198C59452A
:10ADB00048D193F82310A94244D193F8241001F00C
:10ADC0000400002E3CD000283CD03088012839D126
:10ADD0009889012836D1D6F804C01869844531D144
:10ADE000D88990422ED101F00201002F00F0B380EB
:10ADF00041B33988012925D19988012922D1786860
:10AE0000996888421ED10099D88849BA89B2884287
:10AE100018D19B6973B10492029A5AB1B3F8901099
:10AE20000A0507D593F99200FAF7DEFE029A8242EC
:10AE3000049A07D16E480FF049F96FF06F007CE07B
:10AE40000028CDD014B123462468AFE768480FF03E
:10AE50003DF94FF0FF334FF0FF3265480FF086F8B1
:10AE6000644B1C68002C00F0BB8058682268844248
:10AE700008BF5A601A60002323605D480FF026F96E
:10AE8000002F00F08F80002E7BD03A8833889A42C2
:10AE900040F0A080019BA4F820B084F82230149BDD
:10AEA00084F823506361159BC4E906833388012B22
:10AEB00040F09080736832682361E2607368002B11
:10AEC0003ED194F8243043F00403BAF1000F3FD090
:10AED0009AFA9AFAA4F80EA043F0100339462046D5
:10AEE000009A84F82430FFF7E5FE002872DB169BF9
:10AEF00003B11C6094F8243043F0010384F824303B
:10AF00004FF0FF334FF0FF3239480FF02FF8D9F8E8
:10AF100000302360D9F80430C9F8004073B33448D6
:10AF20000FF0D4F84046FDF7D3FB0246002094F81A
:10AF3000253062F3000384F8253007B0BDE8F08FB8
:10AF400094F8243043F04003BDE7CDE902881CE7C4
:10AF500003F0EF03C2E700297FF474AF03990029DF
:10AF60003FF451AF986968B3CDE90432FDF7ACFB0B
:10AF7000DDE9043200283FF446AF63E7C9F8044036
:10AF8000CDE7019BA4F820B084F82230149B84F80C
:10AF900023506361159BC4E9068394F8243003F0C1
:10AFA000BB0392E7019BA4F820B084F82230149BE5
:10AFB00084F823506361159BC4E90683002E7FF457
:10AFC00075AFEAE7D988009B5BBA9BB299427FF4E0
:10AFD00039AF2FE72046FFF799FE6FF01500ACE779
:10AFE00003480FF073F86FF00100A6E760C9012075
:10AFF0009079012098DF0120204B984237D3A0336D
:10B00000984210B5044635D890F82430DB072BD58C
:10B010004FF0FF334FF0FF3219480EF0A7FF1949E8
:10B020000B6843B19C4202D115E09C420BD01A46FA
:10B030001B68002BF9D112480FF048F82046FFF7A3
:10B0400065FE002010BD236813604B689C4209D048
:10B0500000232360EFE74A68236894420B60F7D12E
:10B060004B60F5E74A60F3E76FF0010010BD6FF049
:10B07000150070476FF0150010BD00BFA0DF012064
:10B080009079012060C90120F0B5214CBDF814E091
:10B09000A042069DBDF81C7033D3A034A04230D826
:10B0A00090F824C01CF0010F2ED00E46C261194644
:10B0B00046610DB32B88012B23D16B682A6803618D
:10B0C000C2606B680BB14CF0400C4CF0040C47B9FB
:10B0D0000CF0EF0C80F824C07246BDE8F040FFF79A
:10B0E000E9BD7CBA4CF0100CC48180F824C07246D3
:10B0F000BDE8F040FFF7DEBD0CF0BB0C002FE7D041
:10B10000EFE76FF01500F0BD6FF00100F0BD00BF7C
:10B11000A0DF01202DE9F04F90F837709946836940
:10B120008BB0C7F3021705937B1E012B00F2DD8065
:10B13000112A06468846154600F0A880062A00F027
:10B14000E180002306930493012F00F0A8800023E0
:10B15000099303934FF0FF334FF0FF32A5480EF0F1
:10B1600005FFA54B1C68002C00F0B3804FF0000ACF
:10B170004FF0FF33CDE9073A0AE093F99200D6F891
:10B1800018B0FAF731FD834508D02468002C5FD051
:10B19000A3691BB1B3F890201105EED494F82330C5
:10B1A0000BB19F42F1D1238CAB42EED194F8243005
:10B1B0001A0703D5E28804998A42E6D1D80603D556
:10B1C000E28906998A42E0D199070CD596F8372092
:10B1D000A188C2F302129142D7D1012903D1A268FA
:10B1E000002A40F019815A0709D596F83720A1891D
:10B1F000C2F302129142C8D1012900F0B180079A2E
:10B2000003F078039A42C0DA039A002A76D03046D7
:10B2100040F6CD420023FFF79DF98346002800F059
:10B220004681E3690146009342464B462046D4F8E6
:10B2300014C0E047022800F00181112D00F00681C2
:10B24000062D00F0DD80039B24680893002C9FD11D
:10B25000BAF1000F5FD0DAF81440DAF81C706548D4
:10B260000EF034FF039B002B43D1002C36D04B460D
:10B270004246314650460097A047022831D0112D52
:10B280005ED0062D00F0CF8000202FE0D9F80030EE
:10B29000012F1A8804925B8806937FF458AFD8F880
:10B2A0000040002104F10C0A5046FAF741FF002843
:10B2B0007BD0049B069A934217D0D8F800100B69F4
:10B2C00003F0F003E02B33D1002309930123039310
:10B2D00040E748480EF0FAFE039B13B9099B002B88
:10B2E00049D0112D50D0062D77D002200BB0BDE8EB
:10B2F000F08F089BC3B9002CB9D1F2E71BB2A2466C
:10B30000079342E7D9F80030002BEED01A88049258
:10B310005B88069318E737480EF0D8FE039B002B96
:10B32000DCD0089B002BDCD03046FEF7C5FCABE739
:10B3300005981031FAF712FE00230990039309E7EC
:10B340000598002800F0D1802C49D0F89C30D1F825
:10B35000942001330132C1F89420C0F89C3093E767
:10B360002269002A3FF44BAFD8F8001009698A42DD
:10B370007FF40BAF43E7062D78D003223046114609
:10B3800000F0EAFB112DB0D1059B002B00F0A3804B
:10B390001A490598D1F89020D0F89830013201333D
:10B3A000C1F89020C0F898309FE70390FCF7DCFDCF
:10B3B000E168026891423FF47CAF039B5146184616
:10B3C000FAF7CCFDD8F800100B69CA689A423FF42E
:10B3D00070AF00283FF474AF6BE7059B002B00F0C3
:10B3E0008980064A0598516EC36E0131013351665A
:10B3F000C3667AE79079012060C9012068C90120FD
:10B40000059B002B6CD005993D4B0A6F01320A67F2
:10B410009A6E01329A6616E7D8F80010C9688A4217
:10B420007FF4B3AEDFE60598002859D03449036FA6
:10B430008A6E013301328A66036725E7112D27D012
:10B44000062D38D05846FEF737FCFCE6059B002B4E
:10B450004BD005992A4BD1F89C200132C1F89C2091
:10B46000D3F894200132C3F89420ECE6304601F082
:10B4700053FD059B53B3224A0598D2F88C10D0F89F
:10B48000943001310133C2F88C10C0F89430A9E730
:10B49000059B03B305991A4BD1F898200132C1F8E6
:10B4A0009820D3F890200132C3F89020CAE71548BD
:10B4B0000EF00CFE15E7059BE3B10599104BCA6E23
:10B4C0000132CA665A6E01325A66BBE740F2491130
:10B4D0000D48E9F7F9FC40F209110B48E9F7F4FCD3
:10B4E00040F235110848E9F7EFFC4FF48271064845
:10B4F000E9F7EAFC40F22B110348E9F7E5FC00BF4D
:10B5000068C90120907901206C27080070B50646B3
:10B510000D464FF0FF334FF0FF3208480EF026FD86
:10B52000074B1C682CB120462946B0472468002CE4
:10B53000F9D1BDE8704001480EF0C8BD90790120F6
:10B5400060C901200022F0B4002600270B4B0C4DEF
:10B5500003F1A0001C46194643F8282B8342C5E995
:10B56000006705D00A46194643F8282B8342F9D1D3
:10B57000044B054AC3E90024F0BC7047A0DF01205A
:10B5800060C9012098DF012018E00120F32108B5EF
:10B590000148E9F799FC00BF6C2708002DE9F04F3E
:10B5A000072884460D46144683B005D044284FD062
:10B5B000002003B0BDE8F08FD3E9007901223846BE
:10B5C00001A997F83A808DF804C0FFF785F80028A4
:10B5D00040F0EB80A31C0122384601A98DF804300D
:10B5E000FFF77AF8002840F0E0802E78B44240F26D
:10B5F000E180331DA34200F3D8800122384601A91F
:10B600008DF80430FFF768F8002840F0CE80321F34
:10B6100008F1030812F0FF0A5FFA88F840F0B080E2
:10B620000126494604223846FFF756F8002840F024
:10B63000BC800436F6B204F10409B4425FFA89F919
:10B6400000F2AB80C144A9EB060987F83A90AFE756
:10B65000D3E900690122304601A996F83AA08DF895
:10B6600004C0FFF739F8002840F09F80A31C012296
:10B67000304601A98DF80430FFF72EF8002840F07D
:10B68000948095F800806F78444507F00F0740F2EA
:10B69000A880002F00F08C80012F40F086800823C6
:10B6A00043440122304601A98DF80430FFF714F815
:10B6B00000287AD10122304601A98DF80470FFF7E5
:10B6C0000BF8002871D1A8F105020AF1040A12F062
:10B6D000FF0B5FFA8AFA40F0E4804FF00208002F77
:10B6E00000F0A180012F42D1494604223046FEF7E6
:10B6F000F3FF002859D111F0DBFC074611F0D8FC0C
:10B700007B01DB1B9B008446DB190F4604224FEABA
:10B710004C194FEA471EB9EB0C094EEADC6E6EEB92
:10B72000070E4FEA890B4FEA8E0E1BEB0C0C4EEA0C
:10B73000997E47EB0E07FF0047EA5C77CCF3103C9D
:10B74000C3F307534CEA474C43EA0C239BB21BBAA2
:10B7500030460DEB02010193FEF7BEFF28BB0AF154
:10B76000080A08F108085FFA8AFA5FFA88F844457F
:10B7700000F2A880A244AAEB080A86F83AA017E7CC
:10B7800052463846691CFEF7A7FF70B908EB0A025B
:10B79000033EF6B25FFA82F843E73846A21BA919C6
:10B7A000FEF79AFF00283FF44DAF6FF0150000E759
:10B7B000042375E70122384601A98DF80460FEF7DD
:10B7C0008BFF0028F1D12246E31C3846691CDCB20D
:10B7D000FEF782FF0028E8D104EB080387F83A302F
:10B7E000E6E60122304601A98DF80480FEF774FFD9
:10B7F0000028DAD147F010070122304601A98DF860
:10B800000470FEF769FF0028CFD12246231D304681
:10B81000A91CDCB2FEF760FF0028C6D10AEB0403C6
:10B8200086F83A30C4E611F043FC074611F040FCBC
:10B830007B01DB1B9B008446DB190F4604224FEA89
:10B840004C194FEA471EB9EB0C094EEADC6E6EEB61
:10B85000070E4FEA890B4FEA8E0E1BEB0C0C4EEADB
:10B86000997E47EB0E07FF0047EA5C77CCF3103C6C
:10B87000C3F307534CEA474C43EA0C239BB21BBA71
:10B8800030460DEB02010193FEF726FF00288CD114
:10B890000AF1040A08F104085FFA8AFA5FFA88F8E4
:10B8A00065E75A463046A91CFEF716FF00287FF4CC
:10B8B0007CAF0AEB0B02A8F103085FFA82FA5FFA89
:10B8C00088F80CE7304605EB0801A4EB0802FEF708
:10B8D00003FF00283FF44EAF67E700BF2DE9F043B8
:10B8E000136887B0DA680D4602921B690393029BC6
:10B8F000002B00F0B5808B680022002B00F0B08098
:10B90000188A5B680244002BFAD195F83A1095F832
:10B910003630D5F818800B44C3F57F43FC3313440D
:10B920009FB21BB2032B40F39D80404601234FF48E
:10B9300000484FF000091A46CDE900893944FEF766
:10B940005DFC0446002800F08B80039BD5F818802E
:10B9500003F0F003E02B5ED10DF1080940464946A3
:10B96000FAF726FB03680646002B76D095F83B10C5
:10B9700094F83B304A4661F3050384F83B3095F870
:10B980003B3094F83B109B0963F3871184F83B101C
:10B990002046314600F066FA00285ED195F83A302C
:10B9A0000DF11008002B45D1002604234146204606
:10B9B000CDE90463FEF7AEFE00284ED00680867007
:10B9C000C67041462046FEF7CBFE002845D13A46D8
:10B9D00029462046FEF786FC064600283DD1204633
:10B9E000FEF748FC0121204600F04EFA0022002319
:10B9F0002046F9F7CDFD00282FDBA369002B53D09B
:10BA00002B489A6C016C01320131016430469A6412
:10BA100007B0BDE8F083FCF7A7FA039A03689A42DF
:10BA200018D0404603A9FAF7BDFA98B903AE0DF154
:10BA300008099BE7424628461E49CDE9044600F026
:10BA400089FA50B994F83A6016F003031CD184F8CF
:10BA50003A60A9E7D5F818807EE72046FEF72CF972
:10BA6000D5F81880B8F1000F1CD06FF004063046EE
:10BA70000F49D8F84C304A6C013301324A64C8F897
:10BA80004C3007B0BDE8F083C3F104035FFA83F9DB
:10BA90004A4601212046FEF7FFFB0028DDD14E4437
:10BAA000F6B2D4E7FFF772FDE9210348E9F70CFA93
:10BAB00068C901209DB505006C270800F0B5042376
:10BAC000002783B00E466946054614460193009749
:10BAD000FEF720FE50B103460670694628465C70AA
:10BAE0009F70DF70FEF73CFE03B0F0BD6FF06800A2
:10BAF000FAE700BF00220423F0B50F4683B090F8A8
:10BB00003A100446CDE90023FEF7BAFB00BB064617
:10BB100069462046FEF7FEFD0546C8B18670C67030
:10BB20000221A069FBF7A2FA30B92FB96946204675
:10BB3000FEF716FE03B0F0BD01212046FCF7C8F960
:10BB4000688094F8383043F0080384F83830EDE723
:10BB50006FF06800EEE700BF2DE9F04714230646BA
:10BB6000002588B08846174605930495FEF782FBAA
:10BB7000304604A9FEF7CEFD002835D0437A0446AE
:10BB8000012B41D0E368029323690393B569FCF765
:10BB9000EBF9039A03689A4226D0284603A9FAF7DC
:10BBA00001FA08BB637A112B00F08580062B15BFC4
:10BBB00004212C214FF000094FF0280901234FF4F4
:10BBC00000440025B0691A46CDE90045FEF716FB92
:10BBD0000446002873D003A902AA00F043F90546E1
:10BBE00000B32046FEF768F86FF00405B369002B38
:10BBF00068D0374CDA6C616C013201316164DA640F
:10BC0000284608B0BDE8F0870423304606A906950B
:10BC10000793FEF77FFD10B14378072BB2D86FF082
:10BC20001505E3E74FF0040A069006A92046CDF873
:10BC30001CA0FEF76FFD0028D3D080F8008047706D
:10BC40008570C57006A92046FEF78AFD0028C8D178
:10BC5000014652462046FEF71FFB0028C1D14A4646
:10BC600031462046FEF73EFB05460028B9D1204666
:10BC7000FEF700FB0121204600F006F996F825208A
:10BC800006F12601062A05D884F82D2004F12E009D
:10BC90001CF030FC002200232046F9F779FC002834
:10BCA0009FDBB36983B10A489A6C016C01320131A0
:10BCB00001649A64A4E720214FF01C097EE76FF02D
:10BCC0000B0593E7FFF762FCE9210248E9F7FCF86E
:10BCD00068C901206C27080000220423F0B583B056
:10BCE0000D4669460446CDE90023FEF713FD002802
:10BCF00039D006460221A069FBF7BCF920B1012129
:10BD00002046FCF7E5F828BBA769FCF72DF92A695E
:10BD100003689A421ED0384605F11001FAF71EF961
:10BD20000746B8B920460199FEF7AAFAA369EBB114
:10BD3000586C2946104D01305864EB6B3246013384
:10BD40002046EB63FEF7AAFF2046FDF7B5FF384615
:10BD500003B0F0BDA3696BB10748DA6C416C0132E6
:10BD600001314164DA64022003B0F0BDEE210348E2
:10BD7000E9F7AAF8FFF70AFC68C901206C27080058
:10BD800010B5054C82B0002308220121009403481D
:10BD9000FEF79CFE02B010BDDDB8050040E00120BA
:10BDA0002DE9F04F0025142485B0019102A9064623
:10BDB00090469A46BDF838909DF83C70BDF840B06A
:10BDC00003940295FEF7A6FC002847D045212B4698
:10BDD00001704FEA19217F0161F3070347EA1B272E
:10BDE00069F30F2367F317436BF31F6380F801A018
:10BDF0008570C570436096F839300446037253B9B4
:10BE0000D8F80030726903F0F003E02B17D1DAB1F3
:10BE100092F89430037200236372A372E372D8F82D
:10BE200000302361019B1B68E3601423304602A9A4
:10BE300086F83630FEF794FC05B0BDE8F08F42B1CD
:10BE400092F893300372E6E7B069FAF707FE2072C2
:10BE5000E1E7B069FAF7D8FD2072DCE76FF068001F
:10BE6000EAE700BF10B5002490F83BC084B00CF0A6
:10BE70003F039B00CDE90044029443EA9C13FFF783
:10BE80008FFF04B010BD00BF1423002270B582B034
:10BE9000CDE9002390F837300C4643F001036946A2
:10BEA00080F837300546FEF735FC00284FD095F86E
:10BEB0003A20064662BBAA6892B113464FF0000CC6
:10BEC000198A5B688C44002BFAD1CCF3072C118AB9
:10BED00052680B44002AFAD14CEA032C1FFA8CF268
:10BEE000728074720121A869FBF7C0F8C8B969466D
:10BEF0002846FEF735FC4FF40063112CAB8615D0B5
:10BF0000062C19D0012C18BF00201BD002B070BD28
:10BF100095F836301344C3F3830343F040030370B2
:10BF2000C9E72846FBF7DEFF7081E0E700212846DD
:10BF300003F0AEFF02B070BD0021284601F0A8F961
:10BF400002B070BD00212846FFF7D4FDDEE76FF098
:10BF50006800DBE72DE9F04F8FB0002944D0D0E92D
:10BF600003B30646894692460193FEF783F91421EE
:10BF70003046FEF785F98046B0BB96F83A50002D62
:10BF800051D007460DE09DF80E2094422CD39DF829
:10BF90000F30012B01D02DD834BBA41A14F0FF05AB
:10BFA00041D0012230460DF10F018DF80E70FEF7E1
:10BFB0007FF9C8B99DF80F306C1E012BE4B2E2D9AD
:10BFC000012230460DF10E01FEF772F960B99DF8BD
:10BFD0000E20012A08D93CB1023A023DD2B2ECB29D
:10BFE00094428DF80E20D2D26FF0150840460FB063
:10BFF000BDE8F08F072B01D0442B1CD1304604A99B
:10C00000FEF756F90028EFD153469DF80E209DF813
:10C010000F0004A9C8470028E6D19DF80E20A41AF5
:10C0200014F0FF05BDD14046019BC6F80CB033614A
:10C030000FB0BDE8F08F11463046FEF721F9002819
:10C04000EBD0D1E71423002208212DE9F04391B071
:10C050000DEB030407940BAC099484680546CDE905
:10C06000032308910A932CB1218A64680A44002CA6
:10C07000FAD11446AB69002B00F035819E4F28465B
:10C08000FA6A03A90132FA625A6B01325A63FEF767
:10C0900041FB0646002800F09D80037803F00F0363
:10C0A0009B00132B40F29680143B5FFA83F8142315
:10C0B00085F83630427895F83B30920862F30503F4
:10C0C00085F83B30427862F3871385F83B30037A7A
:10C0D000002B7FD085F83A80418849BA89B2A142C5
:10C0E00078DCC0F2858095F8381011F0100164D02A
:10C0F00006F10C09F368AC6903F0F003E02B6AD099
:10C10000FBF732FFF26803689A4263D02046494643
:10C11000F9F724FFAC6900285DD1F3687BB9FBF720
:10C1200023FF326903689A4208D0204606F11001C5
:10C13000F9F714FF10B9737A022B4BD1AC69204682
:10C140000121FAF797FF20B12846FBF7CBFE002824
:10C1500040D10122337A06F1100985F8393095F87B
:10C160003730002162F30613484685F83730F9F777
:10C17000DFFF0446002800F08680737A062B00F06B
:10C18000A280336903F0F003E02B35D028460499F0
:10C19000FEF776F8B8F1000F6ED10296737A013B84
:10C1A000102B17D8DFE803F0615A16161652161630
:10C1B00016161616161616164200337C7F2B09D05B
:10C1C000337B7F2B06D006F10C094846F9F7B0FF08
:10C1D0000446E8B1AC69002C00F089800220BA6BFB
:10C1E000236C01320133BA63236411B0BDE8F083DC
:10C1F0002846FEF7C7F976E7AB69484602A90293DD
:10C20000FAF71EFA0028E5D0037E9B07BED4E1E7CB
:10C21000FBF7AAFEF26803689A42DBD02046494643
:10C22000F9F79CFE00283FF465AFD3E7284607A93D
:10C2300003F07CFE01900028CCD02846727A01AB36
:10C2400002A9FEF767FF0228CFD1C3E7284609A954
:10C2500001F056F801900028EFD1BBE7314628469F
:10C2600000F01CF90228C0D1B4E731462846FFF798
:10C2700033FD0228B9D1ADE741462846FEF700F864
:10C2800000288AD0A6E7FBF76FFE326903689A425E
:10C290003FF473AF20464946F9F760FE00287FF46B
:10C2A0006CAF3369727A03F0F003E02B09D0112AE6
:10C2B00090D1FBF759FE326903689A423FF45DAFB3
:10C2C00088E7062A98D1AC69FBF74EFE326903680D
:10C2D0009A423FF47FAF20464946F9F73FFE0028D7
:10C2E0003FF44FAF76E7DD210448E8F7EDFDD321B9
:10C2F0000248E8F7E9FD00BF68C901206C27080083
:10C3000000207047704700BF2DE9F041012688B03A
:10C31000044680F8396080690D4617469846F9F75B
:10C3200047FE002301462A462046CDE9013300930B
:10C33000FFF736FD00283ED140F294430422204608
:10C3400006A90693FEF7C8F90646A0BB042384F8A5
:10C350003A3008232046079306A904AB0693FEF75C
:10C36000D9F9054638B380F8008046703B684360D1
:10C37000204606A9AE70EE70FEF7F2F9D8B9204655
:10C38000FBF7C2FD034625F8023F94F837302046FC
:10C3900043F0010384F83730FDF76CFF022120469B
:10C3A000FDF76EFF022229462046FEF795F910B9E7
:10C3B00008B0BDE8F0816FF06800F9E738B50446D1
:10C3C000FDF758FF02212046FFF75EFD0EF0FAFE52
:10C3D00002460025013A45F1FF332046F9F7D8F827
:10C3E0000028A3690DDBCBB1114CD3F8AC20D4F8F5
:10C3F000A41001320131C4F8A410C3F8AC202846BF
:10C4000038BD83B10A4CD3F8B020D4F8A81001325B
:10C410000131C4F8A810C3F8B02038BD40F2A9110A
:10C420000448E8F751FD4FF4D7710248E8F74CFD96
:10C4300068C901206C270800F0B540F26766002744
:10C4400083B00C461546022301220C21CDE900677A
:10C45000FDF7D4FEE0B12E46002E0CBF17231623A5
:10C4600022460D4918BF21460546FFF74DFF041E21
:10C4700008DB2846FFF7A2FF041E03DB002420464A
:10C4800003B0F0BD2846FDF717FC204603B0F0BD11
:10C490006FF00B04F9E700BF4429080000220823CD
:10C4A0002DE9F04784B0CDE90223836890F8362067
:10C4B00090F83AC01B8A62449B1A072B03DD0E6971
:10C4C0004D4B9E4201D002206AE002A90446FEF7CD
:10C4D00021F90028F7D02046FBF716FD002873D17C
:10C4E00020460399FDF7CCFEA369002B7AD043497F
:10C4F000D1F8A0200132C1F8A020D3F8A820013241
:10C50000C3F8A820A769D7F8B850002D44D095F8F3
:10C51000382095F85430D00703F0010143D5900737
:10C5200049D5686AB04246D0D10705F1240A2AD518
:10C530000026C6EBC60305EB830393F838309A0751
:10C540001ED5DAF800202C4B9A4219D040F26768C9
:10C550004FF000090223CDE9008901220C21384661
:10C56000FDF74CFE8046B8B1162352465146FFF700
:10C57000CBFE00280DDB4046FFF720FF002808DB3C
:10C5800056B995F85430DB0706D501260AF11C0A86
:10C59000CFE74046FDF790FB2046FDF78DFB0020DE
:10C5A00004B0BDE8F0870029F6D09907F4D5296CCE
:10C5B000B142B9D1F0E70029EED09807ECD5286C4C
:10C5C0000D498842B0D1E7E7A36983B10B48D3F89E
:10C5D000B020D0F8A81001320131C0F8A810C3F87B
:10C5E000B02070E74FF4D2710548E8F76DFC4FF4C6
:10C5F000D7710348E8F768FCE000000168C9012032
:10C600006C27080070B50D4684B0039003A9284636
:10C61000FAF716F848B3037E04469B072FD4039815
:10C620002146FAF7D9F90398FAF758FD88B10025A1
:10C630000426214601220398F9F7E2FB4FF400702B
:10C640001049039AA3190096FBF734FE284604B05C
:10C6500070BD294601220398FFF7EEFE051EE7DABA
:10C6600021460398FAF744F8F0E729460398F9F7CA
:10C670002BFF04460028D2D16FF00B05E6E76FF0E0
:10C680007705E3E7000030E070B50D4684B0039015
:10C6900003A92846F9F7D4FF60B304460398FAF7D4
:10C6A0001DFDD0B1002629460398F9F769FFF0B1C6
:10C6B000042521460398FAF71BF821460022039827
:10C6C000F9F79EFB4FF480600C49039A63190095BB
:10C6D000FBF7F0FD304604B070BD024629460398D2
:10C6E000FFF7AAFE061EDEDA304604B070BD6FF01A
:10C6F0001506EFE76FF00106ECE700BF000030E041
:10C7000010B582B0019001A90D48F9F799FF70B1F9
:10C71000037E04469B0708D421460198FAF75CF98A
:10C72000012221460198F9F76BFB02B010BD0449C4
:10C730000198F9F7C9FE04460028EDD1F5E700BFDE
:10C740004829080008B1F9F763BA10B50446F9F7AB
:10C750008FFA2146BDE81040B02201481BF0D6BE3A
:10C7600068C9012038B54FF0FF324FF0FF33A0F514
:10C770008075A0F19C0420460DF0F8FBA86CF0F742
:10C7800037F80023AB642046BDE838400DF09EBC6E
:10C7900038B50446FDF7B2FA0F4B1D6845B1204687
:10C7A000A84700280FDB2046BDE83840FDF784BAD3
:10C7B0000EF008FD0246013A65F100032046F8F745
:10C7C000E7FE0028EFDA2046FDF776FA2046BDE8BE
:10C7D0003840FDF771BA00BF68E0012070B505462A
:10C7E000A0F16C064FF0FF324FF0FF3330460DF0F2
:10C7F000BDFB0FE055F8782C2368944245F87C3C4B
:10C8000008BF45F8783C30460DF060FCA4F11C00F0
:10C81000FFF7BEFF4FF0FF324FF0FF3330460DF011
:10C82000A5FB55F87C4C002CE4D130460DF04EFCB5
:10C830003046BDE870400DF049BC00BF4FF0000C21
:10C8400040F2E73170B54FF4004E0D4661460446A4
:10C85000B0F88E024FF47A72EEFB005100232846A6
:10C8600084F896C215F040F902460B46034804F5D9
:10C870009871BDE870400EF063BB00BF18CA01207C
:10C880002DE9F843856806468846144655B3284680
:10C89000EFF7F4FF00F10C0705463846F0F7D0F843
:10C8A000844224D84FF000098DB394B105F10C07F0
:10C8B0003846F0F7C5F8A0420ED926460024414676
:10C8C00032463846F0F780F86D68B044002DECD160
:10C8D000C4B94846BDE8F8833846F0F7B1F80646D3
:10C8E000241AECE7BAB991464846BDE8F8833846C1
:10C8F000F0F7A6F8211A0FD18946002DD8D1B568D6
:10C90000002DD2D140F2DF610B48E8F7DDFAB568BF
:10C91000002DCAD1DCE71146304640F6CD42002357
:10C92000FDF730FCB0F10009B8BF6FF06809D0DB4B
:10C93000002DBAD1EBE700BF4C29080040F22721B7
:10C9400008B50148E8F7C0FAD4DA07004FF41371CC
:10C9500008B50148E8F7B8FAD4DA07002DE9F04F36
:10C96000054690F8369090F83A3083B0994409F132
:10C97000140B2846FDF77EFC95F83730494643F006
:10C980000103284685F83730FDF77AFC002862D18C
:10C9900014212846FDF796FE002855D1D5E9023727
:10C9A0007C68002B57D01A8A5B681044002BFAD1A0
:10C9B000584550D340F6CD42002314212846FDF7B8
:10C9C0004BF90646002846D000F10C084046F0F727
:10C9D00041F813283CD94046D6F80CA0F0F73AF8B5
:10C9E0004FF0140CAA6801464B46CDF800C05046E3
:10C9F000EFF784FF40461421EFF7CCFFD5E903237E
:10CA0000D268B7F810809B1AA8EB0308D8F1140875
:10CA10003B8210D0218A04F10C00414528BF4146D9
:10CA2000A8EB0108EFF7FAFF2046038A64682BB1F0
:10CA3000B8F1000FEED174607E609AE7EFF7D8FE90
:10CA4000B8F1000FE6D1F6E7286903B0BDE8F08F32
:10CA50003046EFF7CDFE0020F7E700BF10B50446E3
:10CA6000FFF77CFF90F80CC0A3684FEA1C1CACF1E8
:10CA7000050C4FEA8C0C9BB10022198A5B680A44B2
:10CA8000002BFAD16FF0130094F8363094F83A1076
:10CA90000B44C01AA0EB0C00104420EAE07010BD5B
:10CAA0001A46EFE791F83730C3F30213012B1CD17C
:10CAB00070B58B68044608461546DE68FFF74EFFE2
:10CAC000B0B10023012D23606360A360E3602361A4
:10CAD00063610BBF038843880C361036638033686C
:10CAE000636001232380002070BD6FF01500704744
:10CAF0006FF0680070BD00BF70B504888EB0012C67
:10CB000006D0042107A8F0F795FA07980EB070BD7B
:10CB100043884268ADF834304B88184EADF8363053
:10CB200000230B924968327807AD0C910793C5E951
:10CB30000133EB60E2B11024114B0FCB85E80F00FD
:10CB400002AB019300941C22294603AB0D4807F069
:10CB5000E3FC039C10F0ACFA0B4AA0FB020302FBBF
:10CB60000131C30B43EA414304EB93100EB070BD97
:10CB700010210348F0F762FA3470DCE76DE201201F
:10CB800054E001200900000200CA9A3B70B5044637
:10CB90000E4682B000F164054FF0FF324FF0FF33D4
:10CBA00028460DF0E3F9012384F8703228460DF091
:10CBB0008DFA94F8993213F001032BD0236E2BB128
:10CBC00060683146426898470023236694F899329A
:10CBD0006FF3000384F8993204F178000DF0CCFD76
:10CBE00004F190000DF006FD04F51A73D3E8AF2FA1
:10CBF000D3E8EF2F013AC3E8E12F0029F8D13AB981
:10CC00000A4804F5F87102B0BDE870400EF066B84D
:10CC100002B070BD6068456B002DE1D00096226DBA
:10CC2000194601921A46A847DAE700BF18CA012040
:10CC30006FF07301A0F50070FFF7A8BF6FF07301EC
:10CC4000A0F5B070FFF7A2BF6FF07301A0F5007000
:10CC5000FFF79CBF2DE9F8438046A0F5F877A0F5D3
:10CC6000A47501E0FDF728F80022002328460DF006
:10CC70002DFC04460028F5D17B68002B00F0E780EE
:10CC8000B3F89030C3F34103032B00F0AE80A8F556
:10CC9000C6764FF0FF334FF0FF3230460DF066F9A5
:10CCA0007B68002B00F0D380B3F89020C2F34102E0
:10CCB000032A0DD0FA6D5AB102F51B72D2E8EF3F8C
:10CCC0000133C2E8E13F0029F8D100227B68FA6510
:10CCD000186B20B1FEF790F900227B681A63F86C9C
:10CCE00018B197F899321B076FD400237A68A8F51A
:10CCF00090791364484687F87032A8F5CE750EF027
:10CD000085F90CE06A68236894422B6008BF6B6069
:10CD100030460DF0DBF9A4F11C00FCF7CDFF4FF01D
:10CD2000FF324FF0FF3330460DF020F92C68002C15
:10CD3000E8D130460DF0CAF9A8F1C0000EF066F94E
:10CD4000386908B1FCF7F8FFB86C18B1EFF750FD7F
:10CD50000023BB64A8F190000EF058F908F1100010
:10CD60000EF054F9A8F160000EF050F9A8F130006F
:10CD70000EF04CF948460EF049F9A8F1F0000EF01B
:10CD800045F930460DF0A2F97868FBF789FD0023DC
:10CD90007B604FF0FF334FF0FF3230480DF0E6F884
:10CDA0002F490B6843B19F4202D147E09F4214D004
:10CDB0001A461B68002BF9D128480DF087F939462F
:10CDC000BDE8F84327480CF089BE0023B7F83012BD
:10CDD00008F14402F9F7A8FE87E73B6813604B6847
:10CDE0009F4232D000233B60E6E74FF0FF334FF025
:10CDF000FF321A480DF0BAF8194B1D68D5B105F18C
:10CE000064064FF0FF334FF0FF3230460DF0AEF8BE
:10CE10006B68F3B1B3F89030C3F34103032B03D035
:10CE2000EB6D9F4208BFEC6530460DF04FF92D6861
:10CE3000002DE4D109480DF049F928E74A683B681C
:10CE400097420B60CED14B60CCE74A60CAE7FFF750
:10CE500075FD40F227210448E8F736F8307A0120C2
:10CE60006CE0012020790120D4DA070038B5B0F851
:10CE70009030C3F34103032B1CD0046CD4B104F1F4
:10CE800064054FF0FF334FF0FF3228460DF06EF887
:10CE9000E36D53B103F51B73D3E8EF1F0131C3E812
:10CEA000E21F002AF8D10023E3652846BDE8384098
:10CEB0000DF00CB938BD00BF70B51446028C056C7E
:10CEC000012A07D0E1B195F87032042B22D86FF017
:10CED000150070BD51B1034695F87002042811D8B1
:10CEE000586A006848605B8C0A804B8008262CB129
:10CEF0003246204605F512711BF0FCFA002070BD89
:10CF00001826F4E708263246084605F50C711BF092
:10CF1000F1FAECE71826F6E72DE9F04314268DB078
:10CF200007AB074605930696FFF718FD20B1437B34
:10CF3000044613F0040502D00DB0BDE8F08340F6BE
:10CF4000CD484FF0000997F837203146B8690623DD
:10CF5000CDE90089C2F30212FDF750F90646002818
:10CF6000EAD097F83730C3F30213012B05D03046CF
:10CF7000FCF7A2FE0DB0BDE8F083BB68DB68DB68A0
:10CF80000393BB68DB681B69049303AA04A9FEF73B
:10CF900069FF0028EBDB304605A9FDF7BBFB8046A7
:10CFA0000028E4D0056045608560C5600561638840
:10CFB0000380238843800522037B62F307130373F6
:10CFC000637BD9061CD504234373A36843603046B2
:10CFD00005A9FDF7C5FB0028C9DB3046FDF74AF976
:10CFE00096F83730C3F30213012BC0D10621304627
:10CFF000FEF74AFF0028BADB3046FFF7C9FB9BE784
:10D00000636838461DBAFFF729FD627B2B1892072B
:10D010004FF0140248BF013388F80D201BBAC8F83E
:10D020000830D4E730B5002483B005460022002341
:10D03000524801A901940CF0E7FC40B1019B002B80
:10D0400000F0988000205D602B6403B030BD019B30
:10D0500001464FF42872044618461BF057FA083070
:10D06000FDF79CFB019B03F51B73D3E8EF2FC3E88F
:10D07000E14F0029F9D1019864300CF06FFF01985D
:10D08000A8300DF08DF9019878304FF0FF3221462D
:10D090000DF09CFA01989030012211460DF096FA9D
:10D0A0004FF006224FF6FF7C02204FF4C061019B37
:10D0B000C3E9A12293F8992283F8700222F00D02AD
:10D0C000A3F88C1203F1D000C3E9154483F897420A
:10D0D000C3F8744283F89922A3F890C228490DF04E
:10D0E00089FE0198274900F5B0700DF083FE019884
:10D0F000254900F500700DF07DFE0198234900F5EB
:10D1000098700DF077FE0198214900F580700DF0C0
:10D1100071FE01981F4900F5C8700DF06BFE019873
:10D120001D4900F5E0700DF065FE01981B4900F502
:10D13000F8700DF081FD019B03F51A73D3E8EF1F22
:10D140000131C3E8E21F002AF8D14FF0FF324FF05F
:10D15000FF3313480CF00AFF019B124A1C60516810
:10D1600029B10B6053600E480CF0B0FF66E7C2E9CE
:10D170000033F8E76FF00B0067E700BF207901206C
:10D18000DDC705003DCC050049CC0500F1DD0500FB
:10D1900065C7050045D6050075D9050055CC0500C5
:10D1A000307A01206CE00120026C0346B2B1042900
:10D1B000A8BF04210129B8BF012102F51B72D2E8E2
:10D1C000EF0FC2E8EC1FBCF1000FF8D1B3F89020CC
:10D1D000002042F00602A3F8902070476FF0010093
:10D1E000704700BF29B108B50B46002198470020C1
:10D1F00008BD0020704700BF002370B58AB0CDE99C
:10D200000833036C6BB1044693F87002022808D10E
:10D21000D965B4F89030C3F3C203012BADF82030C8
:10D2200003D06FF015000AB070BD636A0BB11B68C4
:10D230000993638C6260206B658D5EBAADF8223015
:10D24000FDF7DAFEB4F89030B4F88E00C3F3811124
:10D2500013F4807318BF04F12803059403946DBA86
:10D2600030340694B6B2064CADB2CDE9015608ADE5
:10D270009DF8202000950494FDF76AFD0AB070BD6A
:10D28000C9E50500036C416303B11A6500207047CE
:10D290001423F0B589B0029390F837300F46164A40
:10D2A00003A9164E0191C3F3021301A90446022BF0
:10D2B00018BF1646FDF72EFAD8B100230374437445
:10D2C00005463146A069F9F7D1FE30B92FB920469D
:10D2D00001A9FDF745FA09B0F0BD06212046FAF78D
:10D2E000F7FD288294F8383043F0080384F838308A
:10D2F000EDE76FF06800EEE7010020000004200079
:10D3000070B590F83730184D184AC3F3021304462D
:10D310000E468069022B14BF29461146F9F7AAFE72
:10D3200020B106212046FAF7D3FD60B931462046E8
:10D33000FDF7F0F9054630B131462046FDF710FA09
:10D3400008B9284670BDA3694BB100250848DA6FBB
:10D35000416F013201314167DA67284670BD4FF4F1
:10D36000A7710448E7F7B0FD010020000004200089
:10D3700068C901206C2708002DE9F041074688465E
:10D380004FF0FF334FF0FF3215480CF0EFFD154B17
:10D390001D68FDB12C68124E05F51A73D3E8AF3F36
:10D3A000002B08DCB4B12546246805F51A73D3E8D0
:10D3B000AF3F002BF6DD30460CF088FE4146284694
:10D3C000B8474FF0FF324FF0FF3330460CF0CEFD40
:10D3D000002CE8D1BDE8F04101480CF077BE00BF59
:10D3E000307A01206CE0012008B54268CAB1B2F879
:10D3F0009030C3F3C203012B18BF002000D008BD3A
:10D4000092F99200F8F7F0FB28B1036833B1188B5A
:10D41000283880B208BD4FF4067008BD4FF6D870AA
:10D4200008BDFFF793FA00BF2DE9F04F984690F83A
:10D43000CE300F4613F0010F4368044614BF182185
:10D440001421C06C8BB0002B00F0EC8040F6CD4A6C
:10D450004FF0000B1646B3F890200623CDE900AB41
:10D46000C2F3C202FCF7CAFE0546002800F0D780CE
:10D4700026B1B168FCF7EAFE0023B36095F83730B7
:10D48000C3F30213012B78D12946606804F51373A6
:10D4900004F50D72FBF782FB061E70DB14230DF101
:10D4A0001409284603A9CDF80C900493FDF732F92E
:10D4B000002800F0B1800023036043608360C360F4
:10D4C0000361B4F832320380B4F84A324380052253
:10D4D000037B62F30713037394F8CE30477303F0B2
:10D4E00001031344027B63F307120273B4F888321A
:10D4F0005BBAC38198FA88F8C0F8048017F0100767
:10D5000044D1284603A9FDF72BF9061E37DB94F812
:10D51000CE30DB071AD503AB0593042349462846D2
:10D520000693FDF7F7F80646002875D02046FFF76A
:10D530005BFF83B21BBA43F4806343F002033360A2
:10D5400049462846FDF70CF9061E18DB2846FCF76D
:10D5500091FE95F83730C3F30213012B0DD106214C
:10D560002846FEF791FC061E09DB2F4B1B6893B182
:10D5700028460BB0BDE8F04F18476FF01506284657
:10D58000FCF79AFB30460BB0BDE8F08FD4F8803240
:10D590001BBA8360B5E71FB1B4F88832A4F88432AF
:10D5A00095F83730C3F30213012B06D02846FFF756
:10D5B000EFF830460BB0BDE8F08FAB68DF683B7C1E
:10D5C0007F2B13D007F1100900214846F8F71EFE03
:10D5D000804658B9FAF7C8FC3A6903689A4205D000
:10D5E00049464046F8F7DEFC0028DFD00022EA6119
:10D5F000A26D05F11C0362B11360A3650022002334
:10D6000004F1D00109480DF041FC30460BB0BDE8F3
:10D61000F08F6365A365F1E76FF06806AFE76FF021
:10D620006806AFE7FFF792F968E0012018CA012009
:10D6300010B4D0F87442D0F864320022234410BCF5
:10D64000FFF7F2BEF0B5044683B0A0F5C876A0F5AA
:10D6500096754FF0FF324FF0FF3328460CF086FCF2
:10D66000D6F87422D6F86432013A1344102100220D
:10D670003046FFF7D9FE01210DF10700EFF7DAFC84
:10D68000C8219DF80730B6F88C2203F5007301FB22
:10D6900003F35B0AA6F88E3282BB96F898123E29F5
:10D6A00003D80131C9B286F898120026A1F12000F2
:10D6B00003FA00F08A400243C1F1200023FA00F08F
:10D6C000134F8B400243581E42F1FF3187428E4177
:10D6D0001AD3D103D80341EA534140F2E733C018CB
:10D6E0004FF47A724FF0000341F1000114F0FCF99D
:10D6F00002460B46214607480DF022FC284603B09F
:10D70000BDE8F0400CF0E2BC4FF470120023F1E7EA
:10D71000BFD4010018CA01202DE9F04F8BB0054697
:10D72000DDE916BA046C884691461E46BDF8507075
:10D7300090F99200F8F758FAE06401210DF1270002
:10D74000EFF778FCC8229DF8273003F5007302FB41
:10D7500003F35B0AA4F88E32B5F89030C3F3C2032A
:10D76000012B07D0022B1DD16FF0150630460BB0F0
:10D77000BDE8F08FA4F83032A4F848320023A4F8B2
:10D780004A62A4F83272C4F83432C4F84C32D9F880
:10D790000430002B00F0BE80C4F83432D8F80430D6
:10D7A000C4F84C3204F5127104F50C70FFF7A4F9BB
:10D7B0007FBA76BAB6B2BFB2C4F87402CDE90167D7
:10D7C000CDF8009005950395B5F89010674A21F0C3
:10D7D000060141F0020189B2A5F89010049205F10A
:10D7E000300206924346C1F3C202B5F88E00C1F37F
:10D7F0008111FDF7ADFA061EB8DB04F50D72B4F821
:10D800003012E06CF9F754F994F89932189A43F011
:10D81000080384F89932199B22666B6094F8993258
:10D82000D4F8742243F0010384F89932C4F87822C2
:10D8300004F164054FF0FF324FF0FF3328460CF03F
:10D8400095FB94F8CE30002243F0010384F8CE30EB
:10D8500002212046D4F87432FFF7E6FD061E65DB90
:10D8600000264FF4004240F2E7303146B4F88E32E1
:10D8700084F89662E2FB03014FF47A72002314F0FD
:10D8800033F90B46024604F5987139480DF058FB00
:10D89000032384F8703294F8CE3066F3000384F8E2
:10D8A000CE30D4F874320133C4F8743204F51A73EC
:10D8B000D3E8EF1F0131C3E8E21F002AF8D1284660
:10D8C0000CF004FC94F87032012B36D95BEA0A02A2
:10D8D00001D1052B47D15A46534604F178000CF08C
:10D8E000F9FE60B194F87032052B08D094F89932A3
:10D8F000DA072CD4DB0627D56FF06E0636E7002654
:10D90000304694F899326FF3000384F899320BB0E3
:10D91000BDE8F08F95F99200F8F766F908F1040177
:10D92000F8F746FB0368C4F8343237E728460CF0B2
:10D93000CDFB30460BB0BDE8F08F94F89932D90694
:10D94000DAD46FF07F0611E76FF073060EE76FF31E
:10D95000000384F899326FF073012046FFF716F93F
:10D9600094F89932C6E76FF07606FFE6C9E5050040
:10D9700018CA012038B54FF0FF324FF0FF33A0F541
:10D98000E075A0F5AE7420460CF0F0FAD5F87412EC
:10D99000D5F8643200220B4428461021FFF744FDDD
:10D9A0002046BDE838400CF091BB00BF2DE9F8439C
:10D9B000046C002C00F0A2800D4604F164064FF0C8
:10D9C000FF324FF0FF3330460CF0D0FA002D40D13B
:10D9D00094F87032043B012B1BD994F89932DA0782
:10D9E00000F1838030460CF071FB04F51A73D3E824
:10D9F000AF2FD3E8EF2F013AC3E8E12F0029F8D188
:10DA000022B9404804F5F8710DF068F90020BDE82E
:10DA1000F883D4F8607204F598793FB34FF400426C
:10DA2000294640F2E73094F8993243F0020384F833
:10DA30009932B4F88E32E2FB03014FF47A7200237C
:10DA400014F052F802460B462E4849460DF078FA7B
:10DA5000C8E704F598700DF0D9FA30460CF036FBA3
:10DA60006FF07D012046FFF791F8CFE740F2E735F0
:10DA70004FF40048AC463946234B4FF47A7218688D
:10DA8000002320EAE070C0FB08C1604614F02CF8C7
:10DA900002460B461B4804F500710DF051FAD4F80C
:10DAA0007422D4F864321121134420463A46FFF719
:10DAB000BBFC28463946B4F88E324FF47A72E8FB44
:10DAC0000301D4F8743284F896720133C4F87432C6
:10DAD000002314F009F80B460246494609480DF0A8
:10DAE0002FFA062384F870327CE765F3000384F88C
:10DAF000993204F178000CF03FFE73E76FF00100FB
:10DB000085E700BF18CA012074E00120F0B5456820
:10DB100083B0002D3FD0B5F89030DB0701D403B0BF
:10DB2000F0BD04460E4695F99200F8F75DF886427E
:10DB3000F5D194F87032012BF1D0B5F89030C3F3E1
:10DB40004103032B06D00121284603B0BDE8F04075
:10DB5000FFF72CBF04F164064FF0FF324FF0FF33A4
:10DB600030460CF003FA286B18B1FDF745FA002394
:10DB70002B63E76D4FB1002269686FF0720300916B
:10DB800060681146B8470023E365304603B0BDE83E
:10DB9000F0400CF09BBA40F2C1110148E7F794F94C
:10DBA000D4DA07002DE9F04FD0E998128A420446F2
:10DBB00083B000F2F680B0F88C329A422ADB00255E
:10DBC00094F8C830D807204654BF4FF40676B4F80E
:10DBD000C460FFF709FCB04240F39D8094F8C83060
:10DBE000D90725D5B4F8C460AE4226DDD4E9981330
:10DBF0008B4200F2DF80B4F88C22934204DAB4F84E
:10DC000090028342C0F29B806FF03C07384603B01D
:10DC1000BDE8F08FB0F890028242D0DA9D1A801AE7
:10DC20008542A8BF0546891A8D42A8BF0D46C7E7A1
:10DC3000B5F5067FDADB4FF406762046FFF7D4FB16
:10DC4000B04240F3948094F8C830DB0770D44FF4AE
:10DC5000067846466368E06C002B00F0AE8040F624
:10DC6000CD4A4FF0000BB3F8902041460623CDE992
:10DC700000ABC2F3C202FCF7C1FA0546002800F06F
:10DC80009680D4F8649204F10807FCF7F3FA38465A
:10DC9000FCF7F0FAB9F1000F5ED13946424628464A
:10DCA000FCF720FB00287FDBD4F87422D4F8643220
:10DCB0001821134420462A46FFF7B6FB074618BB37
:10DCC000D4F8643294F871223344012AC4F86432DF
:10DCD000E36C51D0002B77D0434AD86D116D891970
:10DCE0001165516D41EBE6715165996D891940EBF4
:10DCF000E670C3E91610E36C002B60D0D16E0131E1
:10DD0000D1665A6F01325A672846FBF7D5FF38466D
:10DD100003B0BDE8F08F2046FFF766FBA8423FF74F
:10DD200065AF94F8C830DA0785D5B4F8C46084E7E5
:10DD3000B4F8C460002E3FF467AFB0468AE7D61A45
:10DD4000C01A8642A8BF0646C91A8E42A8BF0E4610
:10DD5000002EEFDA374659E794F83F30494643F052
:10DD60000103384684F83F30FCF78AFA95E72046ED
:10DD7000FFF73AFB0646DDE783B3996E1A4A414442
:10DD80009966136E43441366E36C13B3D2F88410A0
:10DD90000131C2F88410D3F88C200132C3F88C20F2
:10DDA000B2E76FF021050BE72846FBF785FF6FF020
:10DDB00068072BE76FF0210728E7FEF7C7FD4FF450
:10DDC00098710A48E7F780F840F21B110748E7F717
:10DDD0007BF840F25D110548E7F776F84FF4937150
:10DDE0000248E7F771F800BF68C901206C270800F6
:10DDF000F8B50546A0F59874A0F1CC064FF0FF32B7
:10DE00004FF0FF3330460CF0B1F894F89622082A10
:10DE10000AD894F87032033B072B63D8DFE803F08D
:10DE200059503D0E623D0E0E30460CF04FF9204623
:10DE3000BDE8F8406FF07301FEF7A8BED4F8743265
:10DE4000002211212046013BFFF7EEFA94F89622BA
:10DE5000B4F88E32511CC9B2072A84F8961205D83C
:10DE6000002201328A4203EB6303FADB4FF40042E3
:10DE700040F2E7300021C3FB02014FF47A72002325
:10DE800013F032FE02460B465C4829460DF058F866
:10DE90003046BDE8F8400CF019B942B30123002721
:10DEA000204684F87132C4F86472FFF77BFE3D307F
:10DEB000CCD184F871723046BDE8F8400CF006B958
:10DEC000D4F87432002212212046013BFFF7ACFA4D
:10DED000BCE7D4F87432002202212046013BFFF750
:10DEE000A3FAB3E73046BDE8F8400CF0EFB894F879
:10DEF000C8302046DF0754BF4FF40677B4F8C4702B
:10DF0000FFF772FAB8424DDDD4F8642294F8C810D5
:10DF100002EBD273C8074FEA630339D5B4F8C47073
:10DF2000B3EB470F21DBA4F89232B4F8C47020465B
:10DF3000FFF75AFAB84231DD94F8C830DB0724D530
:10DF4000B4F8C400D4F86032B4F88C22A4F890027B
:10DF50009A4201D98342A1D300220023A5F1A00057
:10DF60000CF0B8FB9AE74FF406772046FFF73CFA2F
:10DF7000B84239DD94F8C830DA0731D44FF48663FB
:10DF8000A4F892324FF40677D1E74FF40670D9E740
:10DF9000B2F5066FE7DBA4F89232F3E72046FFF70D
:10DFA00023FACFE72046FFF71FFAD4F86432410086
:10DFB00003EBD373B1EB630F4FEA630209DC94F810
:10DFC000C81093B201F00102A4F89232002AACD139
:10DFD000D8E794F8C830D907C5D5B4F8C470C4E7F9
:10DFE000B4F8C4305B009EE72046FFF7FDF994F8D3
:10DFF000C820430002F001029BB2E5E718CA0120E5
:10E0000038B5044690F8C830D807204654BF4FF4BE
:10E010000675B4F8C450FFF7E7F9A8422CDD94F870
:10E02000C820B4F88632D1074FEA530315D5B4F8A7
:10E03000C4509D420AD22046FFF7D6F9A84216DD09
:10E0400094F8C830DB0728D5B4F8C430B4F8880297
:10E050009842CCBF0020012038BDB3F5067FF5D92A
:10E0600020464FF40675FFF7BFF9A842E8DC2046CA
:10E07000FFF7BAF90346E9E72046FFF7B5F9B4F828
:10E080008622B0EB520F4FEA5203DFDA94F8C83021
:10E09000DA07E5D5B4F8C450CDE74FF40673D5E7F9
:10E0A00038B5B0F8883204465B186AD4B0F88652A6
:10E0B0009D42A8BF1D46ADB22046FFF7A1FF034613
:10E0C000A4F888521D462046FFF79AFF35B128B9BB
:10E0D00094F87032052B33D0002038BD94F8C83046
:10E0E0002046DB0754BF4FF40675B4F8C450FFF761
:10E0F0007BF9A84234DD94F8C820B4F88632D507FD
:10E100004FEA53003FD5B4F8C45085420CD920469D
:10E11000FFF76AF9A84240DD94F8C820B4F88632C7
:10E12000D20740D5B4F8C400B4F888229A42D3D1BB
:10E13000B4F884328342CFDC94F87032052BCBD113
:10E1400004F5E0700CF062FFD4F87452D4F8643235
:10E150000022102120462B44FFF766F9002038BD2D
:10E160002046FFF741F9B4F88632B0EB530F4FEA7F
:10E1700053021BD994F8C830D90707D5B4F8C45056
:10E18000C5E7002598E7B0F5067FCDD220464FF4CD
:10E190000675FFF729F9A842BEDC2046FFF724F9EF
:10E1A000B4F88632C0E74FF40670BDE71046BBE70F
:10E1B00070B5046C9CB105460E4664344FF0FF32D6
:10E1C0004FF0FF3320460BF0D1FE3146286CFFF7AD
:10E1D00067FF054620460BF079FF284670BD6FF0BB
:10E1E0006A05FAE72DE9F84F434B1D68002D61D110
:10E1F000436806465B6B002B5DD0836C0F469046F0
:10E20000D2F8009013B30846FEF7A8FBB16C426841
:10E210000C46D1F818A012BA09EB020BABEB0A00BE
:10E22000238A64681D44002CFAD1A84246D20028F3
:10E2300050D1B868EEF74CFB002306F58070B3644C
:10E240000CF0E4FED8F8003005EB03093846C8F8B6
:10E250000090FCF70FF897F83720BB6842F00102F6
:10E2600087F83720A3B34FF0000C1C8A5B68A444E6
:10E27000002BFAD1D8F800103846ACEB0101FBF7BF
:10E28000FFFFD8F8001030464942FFF709FFB6F803
:10E290008432D8F8002006F1A8009A428EBF0023ED
:10E2A0009B1A9BB23946A6F884320CF0F7F800208E
:10E2B000BDE8F88FA8470220BDE8F88FAAEB090A4D
:10E2C000AAEB020ABAF1000F0DDDD8F80090BDE705
:10E2D0009C46CFE70146AAEB0B0B3846FBF7C8FD7F
:10E2E0005D44B16CA5E70846EEF782FAB46406F522
:10E2F00080700CF08BFEE8E764E00120F8B50026A2
:10E300000446D4E998138B4203D8B4F88C22934284
:10E310000BDB04F5987504F5A07000293CD00EF0D5
:10E3200055FD084343D03046F8BDB4F8900283420F
:10E33000EFDAD51AC01A8542A8BF0546CA1A954217
:10E34000A8BF1546002DE4DD94F89922510716D494
:10E35000002B14DD94F8C8302046DA0754BF4FF480
:10E360000677B4F8C470FFF73FF8B8421BDD94F8A5
:10E37000C830DB0714D5B4F8C400A84204DC20463A
:10E38000FFF710FC061EBCDAD4F8601204F598758D
:10E3900004F5A0700029C2D10EF018FD3046F8BD7A
:10E3A0004FF40670E9E72046FFF71EF8E5E7002383
:10E3B0004FF40047194640F2E730B4F88E2284F853
:10E3C0009632E7FB020100234FF47A7213F08CFBC4
:10E3D00002460B46024829460CF0B2FD3046F8BD15
:10E3E00018CA01202DE9F04F076C83B0002F00F010
:10E3F0009180994697F87032052B40F08B800C463F
:10E40000164607F164084FF0FF3240464FF0FF33E5
:10E410000BF0ACFDD7F86002B7F88C52A84208D3D5
:10E420006FF00A0440460BF051FE204603B0BDE8F1
:10E43000F08FB7F890329842F2D2B9F1000F35D090
:10E44000D9F80C60002E40D0D9F8083000211A46C7
:10E4500003EBC60654680832B2422144FAD14FF0A9
:10E46000000B2D1A8D4207F1080228BF0D465E46AB
:10E47000019209E0B5EB0A05564423D0D9F80C30D7
:10E480005B451FD9D9F8083003EBCB02526853F82B
:10E490003B10AA4228BF2A4601989246FEF7F0F99F
:10E4A000041E0BF1010BE5DA66B9BBE72D1AAE428B
:10E4B00028BF2E462146324607F10800FEF7E0F954
:10E4C000041EAFDBD7F86002304497F87132C7F80A
:10E4D0006002012B06D03846FFF710FF041E11DB47
:10E4E000D7F86002B7F88C32834203D9B7F890327C
:10E4F000834205D80022002307F190000CF0EAF8CF
:10E5000034468FE714F1690FEAD021463846FEF70A
:10E510003DFB87E76FF07F0487E700BF38B504460F
:10E5200090F8C830D807204654BF4FF40675B4F8A9
:10E53000C450FEF759FFA8423CDD94F8C830D90713
:10E5400019D5B4F8C430A4F890322046B4F8C450B9
:10E55000FEF74AFFA84219DD94F8C830DB0721D541
:10E560000023B4F8C400A4F8943200EB400080B259
:10E57000A4F8920238BD4FF40673A4F890322046F6
:10E580004FF40675FEF730FFA842E5DC2046FEF7A3
:10E590002BFF002300EB400080B2A4F89202A4F805
:10E5A000943238BD4FF4C9600023A4F89202A4F855
:10E5B000943238BD2046FEF717FF94F8C830A4F80F
:10E5C0009002DA07C1D4DAE72DE9F04F0E469BB08E
:10E5D0004FF0FF334FF0FF32C1480BF0C7FCC14B87
:10E5E0001F68002F00F0A7803C6810AD0022314664
:10E5F0002846FEF757FA0028C0F29880B7F8303264
:10E600002946012B14BF1822082207F50C7019F0B7
:10E6100037FF002840F08A80012231462846FEF765
:10E6200041FA0028C0F28280B7F848322946012B0F
:10E6300014BF1822082207F5127019F021FF0028D4
:10E6400074D13C460127A6480BF040FD002F75D041
:10E65000002C73D0002E64D03046FEF77FF90746B9
:10E6600000285ED090F80C80437B4FEA181803F026
:10E670003F0B04F164094FF0FF3348464FF0FF327F
:10E680000BF074FC94F87032002B47D03B7B4F2B7F
:10E6900040F2F0813046FEF7E1F90F9094F87032C5
:10E6A0005FFA8BFA023B012B40F22281B4F88832E8
:10E6B000002B00F030827A68D4F8801212BAA2EBF4
:10E6C000010C002800F08A82BCF1000F07DB03EB8D
:10E6D000010CA2EB0C0CBCF1000FC0F2258201383A
:10E6E0000244501A002804DB0B44D21A002AC0F25C
:10E6F0001B82BAF1000F00F05F821AF0040F00F0E5
:10E700005B82B369002B01F07A827748D3F88420CA
:10E71000C16F01320131C167C3F8842048460BF054
:10E72000D5FC022738461BB0BDE8F08F2746002CE9
:10E7300089D024685AE76A480BF0C8FC3046FEF7D7
:10E740000DF9437B9C0740F1C78013F0100740F0A0
:10E75000C380249BD3F84080B8F1000FE1D008F5C6
:10E760001B73D3E8AF3F002BDBDD96F8379010AD7D
:10E77000C9F3021910970622012148466F600EABBB
:10E780000E97F9F7A7FF0028C0F297800E9B1C6C2C
:10E79000B369E36401210FA8EEF74CFCC8229DF891
:10E7A0003C3003F5007302FB03F35B0AA4F88E32DE
:10E7B00096F837306268C3F30213002A01F0DE8155
:10E7C000042B88BF3B46B2F8901098BFDB000B4388
:10E7D00004F51277A2F89030314601223846FEF750
:10E7E00061F9002866DB0022314604F50C70FEF763
:10E7F00059F900280E985EDB7B683A68C362B0F86E
:10E800009030826243F48073A0F89030C3F3C20367
:10E81000012BA0F82090ADF8403000F010820822C3
:10E820002946FAF79DF8002844DB0E99002901F0EB
:10E83000DF81B1F890302846C3F3C203012B08BF33
:10E84000B4F8323201F1280108BF21F8063CFEF786
:10E8500053F984460E9FDFF894E0C4E99DCCCDE9DE
:10E8600004E74A4607F13009CDF81890039707F1FD
:10E870002803B4F8327201217FBABFB20297B4F80C
:10E880004A7206207FBABFB200950197FCF760FA82
:10E8900000280FDBB4F84812E06C04F50D72F8F7AD
:10E8A00007F994F89932C4F85C8043F0080384F8BF
:10E8B0009932D1E60E98FAF723F8B369002B00F0ED
:10E8C000E5870948D3F89020D0F88810013201314B
:10E8D000C0F88810C3F890203046FEF71DFB20E7F3
:10E8E000307A01206CE0012068C90120C9E50500EB
:10E8F000BAF1000F26D01AF0040F23D0B369002B11
:10E9000001F07881D3F88820C0490132C3F888200B
:10E9100094F89932D1F8802043F010030132D807DF
:10E9200084F89932C1F8802003D57B7B142B00F04A
:10E9300067853046FBF7C0F96FF0670301260027B3
:10E9400008939FE0B8F1050F3FD1FB89B4F88A2204
:10E950005BBA9BB2934228BF134604F5C878404681
:10E96000A4F88C32002B40F036810CF05DFA0028C0
:10E9700000F06A81D4F86032B4F88C2204F190017E
:10E980009342099104D2B4F890229342C0F040819E
:10E990000022002304F190000BF09CFE94F87032EA
:10E9A000013B0A2B01F28B81DFE813F044018F0158
:10E9B0003701D60234039902470244011C02800247
:10E9C0000102B8F1050F00F06581F3683046099344
:10E9D0003369A8F105080893FBF74CFC96F83A2038
:10E9E00096F836103046114414314FEA8808FBF788
:10E9F00047FC4246282A28BF282229463046FBF7F2
:10EA000057FC099B0028F360089B336194F8C830D9
:10EA100023F0030384F8C830C0F22E81B8F1000F50
:10EA200028DD2A4606E00A44A8EB0108B8F1000FE9
:10EA300040F326811378002B00F02281012B66D051
:10EA4000B8F1010F16D05178012913D9414511DCD5
:10EA5000022B4CD0032BE6D103290BD194F8C830FC
:10EA6000A4F8C61043F002030332A8F1030884F8A7
:10EA7000C830DBE73046FEF74FFA6FF06703012638
:10EA800002270893D4F804A0BAF1000F01D0DAF8F5
:10EA900030A0256D48460BF019FB04F1A809BAF126
:10EAA000000F17D004F51A7B10E00022002348461F
:10EAB0000BF00CFD804668B10023414650461A46D3
:10EAC0000095F9F7D7FC022800F08180DBE8AF3F22
:10EAD000002BEADC002E3FF425AE94F87032012BB7
:10EAE0007FF620AE20460899FEF750F81AE6042972
:10EAF000C0D15388A8F104085BBAA4F8C43094F8D4
:10EB0000C830043243F0010384F8C8308EE7013284
:10EB100008F1FF388AE700287FF4EBAD7B68D4F872
:10EB200080221BBA934260D1BAF1000F3FF449AF83
:10EB30001AF0040F7FF4E2AEB8F1050F7FF445AF91
:10EB40001AF0020F40F047841AF0100FD4F8742224
:10EB500000F0A0800AF0EF0B94F8703203F0FD0192
:10EB6000042900F03584093B012B40F23184BB6855
:10EB70001BBA9A1A002A08DBD4F87422D4F860125F
:10EB80000A449B1A002B7FF7E0AEB269002A00F01E
:10EB90004987D2F880101D4B0131C2F880109A6F5E
:10EBA00001329A67B269002A00F03787196F013184
:10EBB0001967936F01339367D4F87412D4F86432F1
:10EBC00000220B4420461021FEF72EFCA6E540460D
:10EBD000FBF772F863E70CF019FACBE6BCF1000F13
:10EBE00003DB0B44D31A002B9EDBBAF1000F3FF47A
:10EBF00095AD1AF0040F7FF484AD1AF0010F03D124
:10EC00001AF0100F3FF48AADD6E700BF68C90120A3
:10EC100004F190000BF0EEFCC0E61BF0FF0206D002
:10EC2000BB68D4F874121BBA8B4200F0A084304643
:10EC3000FEF772F9002302271E46089322E7D4F854
:10EC4000343211930E98EAE54FF4004C014640F23D
:10EC5000E733B4F88E2284F89802ECFB02314FF4CB
:10EC60007A721846002312F03FFF02460B46B7485F
:10EC700041460CF065F97DE6B8F1000F7FF7FAAE7A
:10EC800094F87032023B012B7FF65FAEBAF1000FB1
:10EC90007FF456AFB369002B00F0C486AC4A916F85
:10ECA00001319167D3F880100131C3F88010B36946
:10ECB000002B00F0B286106F996F013001311067A0
:10ECC000996748460BF002FA2BE55FFA8BF3022BAB
:10ECD0007FF424ADE36D43B103F51B73D3E8EF1F5D
:10ECE0000139C3E8E21F002AF8D194F8CE3040F28F
:10ECF000E73543F0010384F8CE307B68D4F8741212
:10ED00001BBAC4F87C327A680027D4F8803212BA71
:10ED100001331A44D4F86432C4F880220B443A46D2
:10ED200012212046FEF780FB4FF400482846394662
:10ED300094F8CE30B4F88E226FF3000384F8CE300E
:10ED4000D4F87432E8FB020101334FF47A72C4F84C
:10ED5000743284F89672002312F0C6FE02460B4607
:10ED60007A4804F598710CF0EBF828463946794B4F
:10ED70004FF47A721B6823EAE373C3FB0801002394
:10ED800012F0B2FE02460B46704804F500710CF01A
:10ED9000D7F8002E00F0E5833046FAF78DFF4FF0EC
:10EDA0000408002384F870821E4608936AE60F99CF
:10EDB00000293FF43FAF7A68D4F8803212BA9B1A28
:10EDC0009942FFF637AFE36C002B00F026869A6F6E
:10EDD0005F4901329A670B6F304601330B67FEF7CC
:10EDE0009BF827E70F9939B17A68D4F8803212BAC4
:10EDF0009B1A994280F22483BB68D4F874221BBA10
:10EE000093427FF417AF04F598700CF0FFF804F507
:10EE100000700CF0FBF84FF4404200234B4804F51F
:10EE2000B0710CF08DF8002E00F051843046FAF7E6
:10EE300043FF4FF00B080027B3E70F9B3BB1796806
:10EE4000D4F8802209BA521A934200F370831BF05F
:10EE5000FF013FF4EFAE7A6812BA1344D4F880226F
:10EE600093427FF4E7AEC9077FF5E4AED4F8803271
:10EE700004F500700133C4F880320CF0C7F804F5D3
:10EE8000B0714FF44042002330480CF059F8102183
:10EE90002046FEF7CDFB002EC8D14FF00B08002313
:10EEA00084F870821F461E460893EBE5BB68D4F8D1
:10EEB00074221BBA93427FF4BDAE04F598700CF037
:10EEC000A5F804F500700CF0A1F8002E00F00684FF
:10EED0000027304608970126FAF7EEFED2E50F9D8F
:10EEE0003DB17A68D4F8803212BA9B1A9D4200F381
:10EEF000A782BB68D4F874221BBA934200F0F88250
:10EF00001BF0FF033FF496AE7A68D4F8801212BA71
:10EF10002A448A427FF48EAEDB077FF58BAE002257
:10EF2000D4F880320133C4F88032002A40F0B9842A
:10EF30004FF0090810212046FEF77AFB002EAED0D4
:10EF40003046FAF7B9FE00272BE700BF18CA0120A8
:10EF500068C9012074E00120BB68D4F874221BBA90
:10EF600093427FF467AE7B68D4F880221BBA934249
:10EF70007FF460AEE56D002D00F05E85EF6D6D688D
:10EF800004F500700CF042F804F598700CF03EF8AF
:10EF900004F51A73D3E8EF1F0131C3E8E21F002A1A
:10EFA000F8D16268002A00F04285B2F8903023F070
:10EFB000060343F00403A2F89030002F00F000860F
:10EFC000D4F848126368D4F84C229962DA62606817
:10EFD00000F12801002D00F00B86B5F890306A682A
:10EFE000C3F3C203022B00924FF0000314BF0822A8
:10EFF0001822B8472046FFF791FA0F9F002F40F0E4
:10F00000C685002E00F0BF853046FAF755FE4FF05A
:10F010000508C6E61BF0FF0307D07A68D4F8801213
:10F0200012BA8A4200F07A8200230A93D4F874322A
:10F03000BA68194612BA8A420893D4F8603200F0CE
:10F04000D88023B1B4F88C32002B40F07E82D4F803
:10F0500074320893BB68089A1BBAA3EB0208B8F194
:10F06000000F0B93434640F3C280D4F860229045D2
:10F0700000F2D681226904F1080A002A00F0D0814A
:10F080000021108A52680144002AFAD18845CDE94E
:10F090000C2300F2C5815046FBF7ECF894F83F10C2
:10F0A000504641F0010184F83F104146FBF77CFADD
:10F0B0005046FAF7BFFE0C9A0D9B84F8972294F8FD
:10F0C000C82012F0010F00F04F82B4F8C42020468F
:10F0D000CDE90C32B4F890A2FEF786F90D9A0C9B9C
:10F0E000904240F32B8594F8C820D00740F11E854C
:10F0F000B4F8C42090450ED320460C92FEF774F964
:10F100000C9A904240F3838494F8C830DA0740F1B7
:10F110007A84B4F8C430B4F89422002A40F0AD8365
:10F12000B4F89022B4F8921291429EBF03FB0323DD
:10F1300003F1FF3393FBF2F34FF6FF725344934214
:10F14000A8BF13469BB2089A0B99D4F86402511ACF
:10F15000D4F8602280450A448CBF00210918C4F805
:10F160006412B4F88C12A4F890328A42C4F8602277
:10F1700004D29A4202D209980BF03CFAD4F87432C5
:10F180004344C4F87432E36C002B00F0E7841A6F38
:10F1900001321A67C04A94F87112936E012903F183
:10F1A0000103936600F0A284002384F87132D4F83E
:10F1B0006032002B40F0888494F899329A0700F16D
:10F1C0004C842046FFF79AF8031E0893C0F2378458
:10F1D000D4F86032B4F88C22934203D2B4F890226F
:10F1E000934204D30022002309980BF073FA0F9B7B
:10F1F00010E0002B00F079810F9B002B00F0738250
:10F2000094F87122002A00F09882B4F88C22002A27
:10F2100040F09B817D68D4F880222DBA954200F0A1
:10F220005F81521B002A089240F39682B268002B3D
:10F2300040F08B829A461D4608937AB10025DDF88E
:10F240002080118A52680D44002AFAD19D42CDF8DF
:10F250002080C0F03981984500F23681EB1A0B937B
:10F260006368E06C002B00F0C38440F6CD474FF09C
:10F270000008B3F890200421CDE900780623C2F3FA
:10F28000C202FAF7BBFF0746002800F01D81304696
:10F29000FAF7F0FF314638460B9AFBF723F80028BF
:10F2A000C0F20F81B368A5EB0A05002B00F0A18323
:10F2B0000022DDF82080198A5B680A44002BFAD10D
:10F2C000CDF82080954200F2FC803046FAF7D2FF5C
:10F2D00096F83730294643F0010386F83730304638
:10F2E000FBF762F93046FAF7A5FDB1683846FAF740
:10F2F000ADFF0023BA683046B260BB60FAF7BAFFD0
:10F300003046FDF72BFB436808991BBA0B441BBA28
:10F3100043603846FAF7D0FC1BF0FF05CDF83CA05F
:10F3200000F0A6822F0740F1A38201250F9B002B3E
:10F3300000F09C82314620460FAAFEF753FFE36C93
:10F340000746002B00F00A841A6F534901321A67EE
:10F350008A6ED4F8803201328A660F9A1344C4F858
:10F3600080320A9B73B92046FEF74AFE04F5E0712D
:10F3700010B9002D40F03F8340F6CD4200234748AE
:10F380000BF084FD002F08BF0026D4F86032002B5C
:10F3900000F09181B4F88C229A4276D9B4F8902288
:10F3A0009A4272D909980BF025F90A9B002B40F07C
:10F3B0002C81002E00F05582002F40F05282304602
:10F3C000FAF77AFC00231F461E460893FFF75ABB44
:10F3D000013AFFF7CCBBE36C002B00F01E839A6F61
:10F3E0002D4901329A676FF0670308930B6F30461F
:10F3F00001330B670126FDF78FFD0227FFF742BBA4
:10F40000BB68D4F874221BBA934249D13046FAF74C
:10F4100053FC6FF06E03012600270893FFF732BB01
:10F42000E36C002B00F0F9829A6F1B4901329A6756
:10F430000B6F304601330B67FDF76EFDFFF71DBB09
:10F44000E36C002B00F0E9829A6F134901329A674E
:10F450000B6F04F5987001330B670BF0D7FD04F5C3
:10F4600000700BF0D3FD4FF4404200230B4804F52D
:10F47000B0710BF065FD3046FDF74EFD002E00F03B
:10F4800021814FF00B0802278BE40022002309980A
:10F490000BF020F989E700BF68C9012018CA0120D4
:10F4A000B369002B00F0AB83C86FD3F88420013020
:10F4B0000132C867C3F8842048460AF007FEFFF708
:10F4C00030B93846FAF7F8FBD4F87422D4F864322D
:10F4D0001021134420460022FDF7A6FF002754E721
:10F4E000002B40F0AB8100274FE784F89732B1E55D
:10F4F00004F598700BF08AFD1BF0FF0207D07B68C3
:10F50000D4F880121BBA2B448B4200F0C4813046E1
:10F51000FAF7D2FB072384F8703253E713F00102A5
:10F5200000F0A88103F0FE0B01230A937EE5E36C53
:10F53000002B00F072829A6FC34901329A670B6FF9
:10F5400004F5007001330B678BE704F598700BF03E
:10F550006BFC00287FF47BAD40F6DC41BB48E5F74F
:10F56000B3FC4FF004089AE44FF40672AFE512F0D2
:10F57000120F3FF45CAB04F598700BF047FD7B680D
:10F580001BBAC4F87C327A68D4F8803212BA0133DC
:10F590001344C4F880320F9F002F40F0FD81626851
:10F5A000002A00F04482B2F89030204623F006038F
:10F5B00043F00403A2F89030FEF7B0FF102120467C
:10F5C000FEF736F8002E00F0E381002F40F0E081D6
:10F5D0003046FAF771FB052384F8703294F89932BB
:10F5E000256E6FF3000384F899322DB16068002115
:10F5F0004268A84700232366002304F178001E46D2
:10F6000008930AF0F7FFFFF73DBA002540F2E73B09
:10F61000D4F88032D4F874220133C4F88032D4F89C
:10F6200064321121134420462A46FDF7FDFE4FF4B3
:10F63000004A58462946D4F87432B4F88E22013371
:10F64000EAFB0201C4F874324FF47A72002384F8A2
:10F65000965212F049FA04F5007802460B467C48AF
:10F6600004F598710BF06CFC40467A490BF0C2FB34
:10F6700058462946784B4FF47A721B6823EAE373A5
:10F68000C3FB0A01002312F02FFA02460B46704812
:10F6900041460BF055FC002E00F0E080002F40F0BA
:10F6A000DD803046FAF708FB0A233E46089784F8C7
:10F6B0007032FFF7E7B904F598700BF0A7FCD4F8A7
:10F6C000603267E60B2384F87032FFF7B3BA0B237E
:10F6D0003746089684F87032FFF7D4B93746089653
:10F6E0000126FFF7CFB994F8973294F8C820032B7E
:10F6F00028BF03230133D107204684F8973254BF33
:10F700004FF4067AB4F8C4A0B4F89082FDF76CFE0A
:10F71000504540F3D98094F8C830DA0740F1D180E1
:10F72000B4F8C43098444FF6FF739845A8BF984684
:10F7300094F87132A4F8908223B994F89732032B8D
:10F7400000F0C780D4F860327BE40899A3EB010A8B
:10F75000002A7FF473ADB7E6002B63D0B0680028B1
:10F7600067D002460021178A52683944002AFAD12C
:10F77000CF1A018A40680A440028FAD197420893B8
:10F7800057D83046FAF776FD96F83720394642F0DA
:10F79000010286F837203046FAF706FF3046FAF7BE
:10F7A00049FBB268089B118A9561526829442AB1C5
:10F7B000108A916152680144002AF9D1A06C002896
:10F7C00000F0F98007464FF0000C8269891A3A8AE6
:10F7D0007F689444002FFAD18C4540F245829942CB
:10F7E00027D2002940F03C82A16CB068EDF770F898
:10F7F000B368A364A06C002800F0DF8003460125F5
:10F80000826903E09A69914218BF0025198A5B68F2
:10F810001144002BF6D1002D40F0CF80ECF7E8FF2B
:10F82000A564CAE01BF0FF033FF45DAEDD077FF582
:10F830005AAE10212046FDF7FBFE54E61BF0FF05F3
:10F840003FF478AD6EE500BF68C901204C2908007F
:10F8500018CA012031CC050074E001200A2384F885
:10F86000703200231E460893FFF70CB902278CE57F
:10F8700000255BE50A92FFF7D9BB9045C0F0738184
:10F880000023A4F89432B4F892325CE44FF4A271ED
:10F89000D248E5F719FBD0077FF539AE0122FFF713
:10F8A0003FBB04F500700BF0B1FB4FF44042002366
:10F8B000CB4804F5B0710BF043FB4FF00B08FFF79A
:10F8C00039BB4FF406732DE72046FDF78DFD034647
:10F8D00028E70023D4F864822046C4F86432FEF797
:10F8E00061F9B4F89432C4F86482002B3ED194F8E4
:10F8F000C8302046DB0754BF4FF40678B4F8C48004
:10F90000FDF772FD404540F39481D4F8642294F8E9
:10F91000C81002EBD273C8074FEA630340F1998124
:10F92000B4F8C420B3EB420FC0F274819BB2CA0793
:10F930002046A4F8923254BF4FF40678B4F8C4803D
:10F94000FDF752FD40454DDD94F8C830DB0746D544
:10F95000B4F8C43003EB43039BB2B4F892221344CF
:10F96000A4F89032D4F86432A4F89432D4F8603217
:10F97000B4F88C22934204D2B4F890229342FFF45C
:10F9800060AB0022002304F190000AF0A3FED9E648
:10F99000052384F8703221E631460FAA2046FEF78F
:10F9A00021FCD4F880320F9A071E134408BF0026AA
:10F9B000C4F88032F3E5B368A364002304F58075CE
:10F9C0002846B3600BF030FA00287FF432AF2946A6
:10F9D0004FF48032002382480BF0B2FA29E74FF44B
:10F9E000C963BAE72046FDF7FFFC00EB400083B295
:10F9F000B3E71A4666E408460BF008FB10212046E0
:10FA0000FDF716FEBEE44FF40673FFF784BB2046F5
:10FA1000FDF7EAFC0346FFF77EBB4FF49D716F488C
:10FA2000E5F752FA40F253116C48E5F74DFA40F20F
:10FA300039216C48E5F748FA2F46FFF7A1BA693338
:10FA40003FF4C6AB3046FDF767FA16B13046FAF719
:10FA500033F901260027FFF715B80A9B04F5007556
:10FA6000002B55D0D4F88032284601335E49C4F8C3
:10FA700080320BF0BFF94FF4004240F2E730002132
:10FA80004FF00A08594B1B6823EAE373C3FB0201DA
:10FA90004FF47A72002312F027F80B4602462946EB
:10FAA0004F480BF04DFA20461121FDF7C1FDD4F867
:10FAB000743220460133C4F87432FCF7BFFE002EC6
:10FAC0007FF43EAAFFF7EBB92046FCF7B7FE94F8A7
:10FAD00099329B0703D5D4F86032002BBDD094F83F
:10FAE0007132012B7FF46DABFFF772BB0023C4F8BA
:10FAF00064322846EDF79EFAC8229DF8403003F59F
:10FB0000007302FB03F35B0AA4F88E32FFF74CBBD1
:10FB10004FF4004240F2E730344B0A991B684FF033
:10FB2000060823EAE373C3FB0201B1E7B8F5067FD9
:10FB3000FFF4F1AA4FF40672FFF7DEBA20460C93E9
:10FB4000FDF752FC80450C9BFFF4E5AA94F8C83001
:10FB5000D907EFD5B4F8C420FFF7CEBA40F235117B
:10FB60001E48E5F7B1F9B4F890321FFA88F1521A3D
:10FB70005B1AA4F894229BB2FFF7E5BA40F25F212A
:10FB80001848E5F7A1F94FF00508FFF788B90FAA63
:10FB900031462046FEF726FBD4F880320F9A0746FE
:10FBA000134498B910212046C4F88032FDF740FD77
:10FBB000002205231646089284F87032FEF762BFD1
:10FBC00039466068FDF7F2FEFFF734B81021204691
:10FBD000C4F88032FDF72CFDEAE700BF6C2708006F
:10FBE00018CA0120D4DA070031CC050074E00120E6
:10FBF000FCF7ACFE40F23F113348E5F765F94FF4EE
:10FC0000AC713148E5F760F994F8C830DB0724D5CA
:10FC1000B4F8C42090462046FDF7E6FB404539DDA8
:10FC200094F8C810C80732D5B4F8C4305B009BB252
:10FC30007DE62046FDF7D8FBD4F86422410002EBB4
:10FC4000D272B1EB620F4FEA6203DDDC94F8C810A8
:10FC50006CE6B2F5066FBFF669AE4FF40678DAE7E8
:10FC60003046FAF705F9BFE50893ECF707FE82691D
:10FC7000089B521B018A9A42114413D299423FF6C3
:10FC8000D8ADA06CECF7B4FDB368A364B2E54FF453
:10FC900086634CE62046FDF7A7FB430094F8C810A6
:10FCA0009BB244E69942BFF4C4AD19B1A06C0C30CC
:10FCB000ECF7A8FEB168A06CECF70AFE9AE540F6F6
:10FCC00026610248E5F700F96C2708004C29080076
:10FCD0002DE9F041A0B3056C6DB30C4617461E46E6
:10FCE00005F164084FF0FF3240464FF0FF330AF051
:10FCF0003DF9012C0AD0023C032C12D86FF06C04A1
:10FD000040460AF0E3F92046BDE8F081042E0FD109
:10FD10003B68012B0CD895F8992263F3820285F891
:10FD20009922002440460AF0D1F92046BDE8F0812E
:10FD30006FF01504E4E741F23A210448E5F7C4F80E
:10FD400041F236210148E5F7BFF800BF4C29080011
:10FD50002DE9F04178B3056C45B30C4690461F463B
:10FD600005F164064FF0FF3230464FF0FF330AF0E2
:10FD7000FDF8012C0AD0023C032C10D86FF06C0463
:10FD800030460AF0A3F92046BDE8F08195F8993293
:10FD9000C3F38003C8F800300FB104233B60002494
:10FDA00030460AF093F92046BDE8F08141F25F2128
:10FDB0000348E5F789F841F25B210148E5F784F84B
:10FDC0004C2908000B2808B504D8054B53F820002F
:10FDD000043008BD40F223410248E5F775F800BF42
:10FDE000342A08004C290800006C9030704700BF8E
:10FDF000006C7830704700BF01460148FDF7BCBA7F
:10FE00000DDB050010B5002482B06FF00D034FF438
:10FE100080620C490C4800940AF092FF09212246A6
:10FE2000C82301391A4403EB6303FAD1074BC832E4
:10FE300002EB62021A600649034802B0BDE81040B6
:10FE40000BF0C6B9782D022018CA012074E00120F9
:10FE500074290800F0B5082785B00D460DEB0701A1
:10FE600006461446CDF808D00397FAF753FC58B16C
:10FE70000346002230460DEB07011D805C805A606E
:10FE8000FAF76EFC05B0F0BD6FF06800FAE700BF4E
:10FE90000823F0B585B00D4603930DEB030190F8F0
:10FEA0003730204F204AC3F302130446022B08BF09
:10FEB0001746CDF808D0FAF72DFC78B3A3680646AC
:10FEC0003BB10022B3F810C05B686244002BF9D14B
:10FED00093B294F83A0094F83620394602449B1ABB
:10FEE0005BBAB380A069F7F7C1F830B92DB92046E5
:10FEF00002A9FAF735FC05B0F0BD11212046F7F74D
:10FF0000E7FF4FF6FF73002818BF0346F38094F80D
:10FF1000383043F0080384F83830E8E76FF06800C1
:10FF2000E9E700BF0100400000044000F8B590F888
:10FF30003730284D284AC3F3021304460F46022BDC
:10FF400008BF1546FAF7E6FB30B3064639462046A9
:10FF5000FAF706FC0246F8B9B188A36849BA89B233
:10FF600053B3B3F810C05B686244002BF9D194F826
:10FF70003A0094F836300344D21A9142A0690CD169
:10FF80002946F7F777F8A8B1F388BBB994F837306A
:10FF9000C3F30213012B0DD0A069B0B100260F49A5
:10FFA000D0F8A430D1F89C2001330132C1F89C2054
:10FFB000C0F8A4303046F8BD1A46D8E711212046D3
:10FFC000F7F786FF0028F5D0E6E74FF4877104487D
:10FFD000E4F77AFF010040000004400068C90120F6
:10FFE0006C27080007498B4208BF022A00D07047DF
:10FFF00008B505480AF0C0FBBDE8084003480AF010
:0200000260009C
:10000000F9BA00BF000010D0A47A0120D47A0120F0
:100010000B6803B1704730B1036823B10C33D3E8E8
:10002000AF3F1B07F6D40860704700BF2DE9F04FC3
:100030001F467C4985B081FB0731FB17C3EBA10349
:1000400015460193002800F0CC808046D8F8003097
:1000500023B30C33D3E8AF3F190700F1DF80002F43
:1000600019DB40F0C7803C46D8F80030E3B10C33D0
:10007000D3E8AF3FDA0717D5D8F80030A3B10C3377
:10008000D3E8AF3FDB050FD567480AF075FB67483B
:100090000AF0B0FA44E04FF0FF34E5E7002FC0F279
:1000A000AB8000F0B9800A24661E02226048614BD2
:1000B0004360614BC0E90423F8F73AF84FF0FF3290
:1000C000012159480AF082FA002C25DD4FF4004343
:1000D00040F2E7300021019ADFF84C9122EAE27207
:1000E000C2FB03014FF47A72002311F0FDFC82463B
:1000F0008B460DE04D4852465B460AF0EBFA10B1D4
:10010000D9F8083043B1002E06F1FF3405DD26464C
:10011000D9F80830002BEDD134464548F8F74EF8B1
:100120000120464902AAF7F759FC00BB0346032207
:10013000404602A9F6F74EF90120414903AAF7F714
:100140004DFC002862D001203E4902AAF7F746FC88
:10015000002856D0DFF8F080D8E8EF3F43F00403E2
:10016000C8E8E23F002AF7D130480AF043FA002FEE
:1001700001DD002C52DB4FF4004340F2E730002158
:10018000019ADFF8C48022EAE272C2FB03014FF455
:100190007A72002311F0A8FCDFF890B082468946FD
:1001A00007E0002C12DD52464B4658460AF092FA00
:1001B0003446D8E8AF6F35EA060604F1FF36F0D1D1
:1001C000013406D0002005B0BDE8F08F344601347C
:1001D000F8D1002FD4BF00206FF0730005B0BDE848
:1001E000F08FF5F7B5FD804600287FF42FAF6FF054
:1001F0000100E8E70A2437E76FF001064FF0FF340B
:1002000053E7404602A9F6F7C1F8A3E7404603AA20
:1002100002A9F6F755F896E73C4645E76FF07200FD
:10022000D1E700BF67666666A47A0120D47A012010
:1002300000CB0120E5FF0500000010D0642A080073
:10024000742A0800842A080078E00120002300B501
:1002500083B0084801A90193F6F726FF019828B159
:1002600042F2107304220449FFF7E0FE002003B0BD
:100270005DF804FB11000600942A080070B5002206
:1002800088B0002300244FF0FF360B4DCDE9062344
:1002900028464FF40072CDE90364CDE90144074BD1
:1002A000074900940BF088F8064928460AF090FFA9
:1002B000204608B070BD00BF18CB0120C90206005F
:1002C00078310220AC2A08002DE9F04F85B04FF0BC
:1002D000FF324FF0FF33804809F048FE00F01CFE6B
:1002E00000F074FA00217D48F6F7DEFE7A4809F046
:1002F000EDFE7B4E4FF0FF324FF0FF3379480AF0AE
:10030000E9F94FF0FF324FF0FF33734809F02EFE4A
:100310003488002C00F0A08014F00600C4F34031B3
:100320004FEAD438C4F3803904F0040704F001051F
:1003300004F0800275D0002D61D0002A5ED114F047
:1003400002037AD00125002F40F0A680BB462C4640
:10035000AA460295A14259D00120F5F745FCD045A7
:10036000039057D00120F5F73FFCB945804655D0A2
:100370000120F5F739FC81463188C1F30C010CB13D
:1003800041F400510FB141F480413180BAF1000FC6
:1003900004D06FEA41416FEA51413180524B029AD9
:1003A0001B8893420AD0002A5DD0002B00F0858084
:1003B0004D4B029A1A804D4B039A1A604C4B1B8886
:1003C0005B450AD0BBF1000F55D0002B7CD0484BC9
:1003D000A3F800B0474BC3F80090474B1B88AB42D3
:1003E00008D0002D50D0002B60D0434B1D80434BD4
:1003F000C3F80080384809F069FE7BE700252C46E9
:100400002F46AA46AB460295A142A5D10023D0456E
:100410000393A7D1B9454FF00008A9D14FF00009C7
:10042000AAE7002DEBD0002FE8D072B9154614468C
:10043000924602920127BB468CE78FBB01233D46C3
:100440001C46BA46BB46029384E705462C462F4617
:10045000AA46AB460295D7E7A046A3462546A14645
:10046000029403949AE7134600920220039A2449C7
:10047000F7F720FF9CE75B464A4608202049CDF865
:1004800000B0F7F717FFA2E72B46424620201C4991
:100490000095F7F70FFFA8E72C46AA460295C9E793
:1004A0001D460123AA461C460293C3E7424610207C
:1004B00013490093F7F7FEFE97E70120039A1049CE
:1004C0000093F7F7F7FE73E74A4604200C490093C0
:1004D000F7F7F0FE7BE700BFA479012005050600D1
:1004E00088E001208C7A012064E2012084E0012070
:1004F00062E2012080E0012060E201207CE0012036
:10050000000050F038B50446F6F7B8FD451E4FF030
:10051000FF324FF0FF33164809F028FD34B123684D
:1005200023B10C33D3E8AF3FDA0710D401212046C2
:10053000F5F73AFD30B10F4A32F8153043F00403B5
:1005400022F815300A48BDE8384009F0BFBD2368DD
:10055000002BEBD00C33D3E8AF3FDB05E6D5054AE3
:1005600032F8153043F0010322F81530DEE700BF02
:10057000A479012088E001200048704788E001202C
:1005800010B5F6F77BFD441E4FF0FF324FF0FF33FE
:100590000C4809F0EBFC0C4A32F81430190604D56B
:1005A000BDE81040074809F091BD43F0800322F8F0
:1005B000143006480AF01EF8BDE81040014809F062
:1005C00085BD00BFA479012088E001208C7A01203C
:1005D00010B5F6F753FD441E4FF0FF324FF0FF33D6
:1005E0000C4809F0C3FC0C4A32F81430190604D444
:1005F000BDE81040074809F069BD23F0800322F8E8
:100600001430064809F0F6FFBDE81040014809F033
:100610005DBD00BFA479012088E001208C7A012013
:1006200038B5F6F72BFD4FF0FF324FF0FF3304469D
:10063000074D013C284609F099FC064B33F814405D
:10064000C4F3C014284609F041FD204638BD00BF60
:10065000A479012088E0012010B5F6F70FFD441EB3
:10066000002C03DD4FF6FF74204610BD4FF0FF3223
:100670004FF0FF33054809F079FC054B33F814407F
:10068000024809F023FD204610BD00BFA4790120D7
:1006900088E001202DE9F04114461D46069FFFF732
:1006A0006BFF24F4C05325F0604223F0030322F4CF
:1006B0004012134301D0BDE8F08106463846F6F7F4
:1006C000DDFC00F1FF384FF0FF324FF0FF331F48E1
:1006D00009F04CFCC5F31303A4F500621A4321D0C2
:1006E00040F60102944273F1000212D2621E1A43D4
:1006F00018D0023C1C4307D101213846F5F754FCC1
:10070000E8B1134809F076FFBDE8F0410F4809F061
:10071000DDBCA4F580541C43EED0BDE8F0410B488D
:1007200009F0D4BC01213846F5F73EFC0028E8D09A
:1007300036F8183043F0040326F81830E1E736F8AD
:10074000183023F0040326F81830DAE7A4790120E2
:100750008C7A0120F8B51D461446069FFFF70CFF62
:1007600025F0504324F0030223F480131A4300D0F1
:10077000F8BD06463846F6F781FC471E4FF0FF33BA
:100780004FF0FF320F4809F0F1FBC5F31305631E6C
:100790002B4310D0023C2C4308D136F8173043F0DD
:1007A000010326F81730084809F024FFBDE8F84097
:1007B000044809F08BBC36F8173023F0010326F803
:1007C0001730F0E7A47901208C7A0120032208B5C4
:1007D00009480A4B0A49C0E904234160F7F7A8FC1D
:1007E00041F60302074B08480849C0E90423416069
:1007F000BDE80840F7F79CBCF8CB0120000010D002
:1008000055070600000030E0E0CB01209506060009
:100810000023024600B583B052F8182C0420034987
:100820000093F7F747FD03B05DF804FB000020D00C
:100830002DE9F0412D4C2E4FBC4207D806460AD276
:1008400023689E420CD05034BC42F8D94FF48171D9
:100850002848E4F739FB6FF085052846BDE8F081AC
:100860006368D3F80080B8F1000FF4D0D8F80030F6
:10087000002BF0D0A06C4FF0FF324FF0FF3309F0A7
:1008800075FB5EB333684BB30C33D3E8AF3FDB0784
:1008900024D5164D03E05035BD42D7D813D22B686E
:1008A0009E42F8D16B681B686BB1A86C4FF0FF32A9
:1008B0004FF0FF3309F05AFBEB68A86C23F00803F4
:1008C000EB6009F003FC2046D8F800309847054655
:1008D000A06C09F0FBFB2846BDE8F0813046F6F736
:1008E0000BFC05460028D4D0F2E700BFA47C012011
:1008F000A47C0120C02A080008B50C490C4B8B428F
:1009000006D80AD21A68904209D050338B42F8D9DF
:100910004FF481710748E4F7D7FA002008BD5B68FF
:100920001868003818BF012008BD00BFA47C012052
:10093000A47C0120C02A080003292ED8F8B5184C41
:10094000184DAC4208D80E4617460AD22368984282
:100950000AD05034AC42F8D94FF481711248E4F710
:10096000B3FA6FF08500F8BD63681B68002BF8D000
:10097000A06C4FF0FF324FF0FF3309F0F7FA01237C
:10098000E268B3403FB922EA0303E360A06C09F0D8
:100990009DFB0020F8BD1343F7E76FF0150070478B
:1009A000A47C0120A47C0120C02A0800F8B51F4ABD
:1009B0001F4C944208D805460E460AD223689D4231
:1009C0000BD050349442F8D94FF481711948E4F7B0
:1009D0007BFA6FF085052846F8BD63681F68002F15
:1009E000F7D07B68002BF4D0A06C4FF0FF324FF0B3
:1009F000FF3309F0BBFA85B12B6873B10C33D3E830
:100A0000AF3FDB0709D556B120467B6898470546BE
:100A1000A06C09F05BFB2846F8BD0025F8E7012231
:100A200003212846FFF788FFEEE700BFA47C0120E2
:100A3000A47C0120C02A08000021FFF7B7BF00BF37
:100A400038B50B780D460446B3B96B78032B12D832
:100A5000DFE803F00227351734B1236823B10C33E4
:100A6000D3E8AF3FDA0706D42046F6F745FB10B1CE
:100A70006B6803B9686038BDFFF7D2FD0028E4D089
:100A800038BD1D4B1D4A934206D8F4D219688C42DA
:100A900021D050339342F8D94FF481711848E4F7CC
:100AA00013FA002CE7D02368002BE4D00C33D3E8F2
:100AB000AF3FDB07DFD52046F6F78AFBD7E70E4BC3
:100AC0000E4A9342E8D8D6D219688C420CD05033E3
:100AD0009342F8D9E0E75B681B68002BCBD000217C
:100AE0002046FFF763FFC2E75B681B68002BC2D09C
:100AF0002046FFF79DFEBAE7A47C0120A47C0120DC
:100B0000C02A080023F0504122F0070021F4001110
:100B100070B50843049D1AD1C3F31303032A73F17C
:100B2000000111D21A4312D02048214EB04206D8FB
:100B30000DD203689D4211D05030B042F8D94FF425
:100B400081711C48E4F7C0F9043A1A4300D070BD23
:100B50002846BDE870400121FFF728BF43681B68A5
:100B6000002BF4D018300AF051FA104C03E0503446
:100B7000B442E4D814D223689D42F8D163681B685C
:100B800073B1A06C4FF0FF324FF0FF3309F0EEF974
:100B9000E368A06CC3F3800409F098FA002CD6D166
:100BA0002846BDE87040F6F713BB00BFA47C0120C7
:100BB000A47C0120C02A0800032938B502D90024EA
:100BC000204638BD134C144A944207D80D46F6D23D
:100BD0002368984207D050349442F8D94FF4817179
:100BE0000E48E4F771F963681B6883B1A06C4FF09D
:100BF000FF324FF0FF3309F0B9F9E368A06C23FA34
:100C000005F404F0010409F061FA204638BD1C46E1
:100C1000D6E700BFA47C0120A47C0120C02A0800E4
:100C200038B5124A124C944206D80AD22368984228
:100C30000AD050349442F8D94FF481710D48E4F74A
:100C400043F90025284638BD63681D68002DF9D09A
:100C5000A06C4FF0FF324FF0FF3309F087F92569A0
:100C6000A06C09F033FA284638BD00BFA47C0120EF
:100C7000A47C0120C02A080038B5124A124C9442C4
:100C800007D80D460AD2236898420AD050349442BD
:100C9000F8D94FF481710D48E4F716F96FF085002B
:100CA00038BD63681B68002BF8D0A06C4FF0FF3292
:100CB0004FF0FF3309F05AF9A06C256109F006FAEC
:100CC000002038BDA47C0120A47C0120C02A08009B
:100CD00038B5124A124C944206D80AD22368984278
:100CE0000AD050349442F8D94FF481710D48E4F79A
:100CF000EBF80025284638BD63681D68002DF9D043
:100D0000A06C4FF0FF324FF0FF3309F02FF9656907
:100D1000A06C09F0DBF9284638BD00BFA47C012097
:100D2000A47C0120C02A080023F0504122F00B00CF
:100D300021F4801170B50843049D0CD156498B42B3
:100D400008BF022A24D08B4208BF082A14D08B4245
:100D500008BF012A00D070BD504C514EB44206D895
:100D6000F9D223689D421FD05034B442F8D94FF4D1
:100D700081714C48E4F7A8F8484C494EB442F6D883
:100D8000E9D223689D4253D05034B442F8D9EEE7FB
:100D9000424C434EB442EAD8DDD223689D4256D03D
:100DA0005034B442F8D9E2E763681B68002BD2D014
:100DB00000212846FFF700FF28B103212846FFF74E
:100DC000FBFE0028C7D0002203212846FFF7B4FD10
:100DD000324803E05030B042C9D8BCD203689D42CB
:100DE000F8D143681B68002BB5D018300AF00EF913
:100DF0002A4C03E05034B442B9D814D223689D423F
:100E0000F8D163681B6873B1A06C4FF0FF324FF0EC
:100E1000FF3309F0ABF8E368A06CC3F3800409F07A
:100E200055F9002C97D12846BDE87040F6F7D0B9A7
:100E300063681B68002B8ED001212846FFF7BCFE9B
:100E4000002888D12846BDE87040FFF7F1BC6368F0
:100E50001B68002B3FF47FAF2846FFF739FF03469E
:100E600000283FF478AF4FF47A754FF4004240F217
:100E7000E730002105FB03F3E3FB02014FF47A7234
:100E8000002310F031FE02460B4604F11800BDE8C5
:100E900070400AF0B5B800BF000010D0A47C01205B
:100EA000A47C0120C02A080010B5184A184C9442AE
:100EB00006D80AD22368984208D050349442F8D910
:100EC0004FF481711348E3F7FFFF10BD63681B689F
:100ED000002BFAD06369002BF7D04FF47A7C4FF4E3
:100EE000004240F2E73000210CFB03F3E3FB020178
:100EF0004FF47A72002310F0F7FD02460B4604F11E
:100F00001800BDE810400AF07BB800BFA47C0120A7
:100F1000A47C0120C02A08002DE9F843DFF81C91C9
:100F2000474DA9457FD823D24C4600260027DFF83D
:100F3000148163681B68BBB19B68ABB1A06C4FF0B8
:100F4000FF324FF0FF3309F011F8414604F1180069
:100F500009F050FFC4E90467636820461B689B687A
:100F60009847A06C09F0B2F85034AC425BD8E0D39B
:100F70000B223548354B4360354BC0E90423F7F766
:100F8000D7F807223348344B4360344BC0E904237D
:100F9000F7F7CEF8A9453BD2314E56F84C3C1B68CA
:100FA0008BB356F8503C73B31B6863B30C33D3E870
:100FB000AF3FDB0727D556F8507C204B03E050337A
:100FC000AB422BD81FD21A689742F8D15B681B68D6
:100FD000CBB11A4C03E05034AC421FD81AD223686C
:100FE0009F42F8D163681B68A3B1A06C4FF0FF3239
:100FF0004FF0FF3308F0BAFFE368A06CC3F340047E
:1010000009F064F834B1AE4212D806F15006C4D3E8
:10101000BDE8F8833846FFF70BFCF4E74FF4817125
:101020001048E3F751FF40F2D1110F48E3F74CFFAE
:1010300040F2F3110C48E3F747FF00BFA47C012006
:10104000A47C01201108060028CC0120290D0600EF
:10105000000010D010CC0120050B0600000020D0AD
:10106000F47C0120C02A0800042B0800024600235B
:1010700000B583B0694606488DF800208DF8013030
:101080000193F6F711F8019803B05DF804FB00BF77
:10109000410A060084460122002300B583B0694658
:1010A00005488DF800C08DF801200193F5F7FCFF8D
:1010B000019803B05DF804FB410A060002460023D4
:1010C00010B50A4C82B0694620468DF800208DF894
:1010D00001300193F5F7E8FF0223204669468DF8B9
:1010E0000130F5F7E1FF019802B010BD410A06009A
:1010F00084460322002300B583B0694605488DF875
:1011000000C08DF801200193F5F7CEFF019803B0E0
:101110005DF804FB410A06000B460069DBB20021C2
:1011200000EB4310104700BF10B5EFF311842023EC
:1011300083F31288BFF36F8F094A136823F002010B
:10114000DB07116004D584F31188BFF36F8F10BDE6
:10115000012003F01BFC84F31188BFF36F8F10BDD7
:10116000F8E00120104609F045BA00BF00B587B08D
:1011700004AB0022CDE904330123CDF800D0CDE942
:101180000223CDF804D00369C9B2EFF3118C2022F9
:1011900082F31288BFF36F8F01EB410103EB8103F0
:1011A0009A6C02F0070EBEF1010F0ED002F0C002E1
:1011B000802A8CF31188BFF36F8F0CBF6FF077001C
:1011C0004FF0FF3007B05DF804FB802289009A647D
:1011D0008CF31188BFF36F8F074AC3F844D01A64A9
:1011E00043685B5898474FF480420023684609F0F3
:1011F00071FA07B05DF804FB6511060003F0FCBC52
:1012000003F07ABCC9B2012908B508D8036901EB1B
:10121000410103EB8103986C00F0070008BD7E21BB
:101220000148E3F751FE00BF442B08001B4A70B58C
:10123000831AC3F34713012B2AD806460D46EFF352
:101240001181202080F31288BFF36F8F03EB4303DB
:1012500002EB830CDCF848209B0012F0800410D1D4
:101260000122CCF8482081F31188BFF36F8F0C4A1C
:1012700013445B689847214630462B46BDE87040D2
:10128000184781F31188BFF36F8F4FF0FF31F3E7F9
:101290004FF4E8710348E3F717FE00BFA0E0012018
:1012A000D02B0800442B0800F8B500220546012188
:1012B0000520EAF765FA104803F010FBC8B90446A8
:1012C00003F02EFB2E690D493046E4F7B7FA031EF2
:1012D0000DDB0127B7642D69084905F12000E4F70B
:1012E000ADFA031EA8BF6F6501DB2046F8BD1C46A2
:1012F000FBE76FF00404F8E705150600842B0800EF
:1013000030B40024104B00EB400203EB8203D3E91E
:10131000105201461C64EFF31180202484F31288DC
:10132000BFF36F8F9C6C04F0C00444F002049C6413
:1013300080F31188BFF36F8F1DB12B4630BC03487B
:10134000184730BC704700BFA0E00120B48C0700F4
:1013500010B4EFF31180202181F31288BFF36F8F57
:10136000174A136843F002041460DA0707D480F3C5
:101370001188BFF36F8F012010BC03F0E9BA114B45
:10138000D3F80C24D3F80C34DB07F0D5EFF3118439
:1013900081F31288BFF36F8F0B4A936C03F0C00385
:1013A00043F00203936484F31188BFF36F8F80F3DB
:1013B0001188BFF36F8F002010BCFFF7A1BF00BFE3
:1013C000F8E0012000500040A0E0012038B5C9B28B
:1013D0000469EFF3118E202585F31288BFF36F8F18
:1013E00001EB410104EB810CDCF8484004F00705F7
:1013F000012D0CD004F0C004802C8EF31188BFF3B3
:101400006F8F0CBF6FF077004FF0FF3038BD802436
:101410008900CCF848408EF31188BFF36F8FCCE978
:10142000102343685B589847002038BD1A4A10B50E
:10143000831A0C46C3F34713EFF3118C202181F379
:101440001288BFF36F8F03EB430302EB8302916CAF
:1014500001F0070EBEF1010F0FD001F0C0014029CD
:101460008CF31188BFF36F8F2346BDE810400CBF8B
:101470006FF077014FF0FF31184740219B009164D6
:101480008CF31188BFF36F8F0448054910645464CE
:10149000CB58BDE810401847A0E001201911060004
:1014A000D02B080010B5C9B20129026922D8EFF388
:1014B000118C202383F31288BFF36F8F01EB41015E
:1014C00002EB8102936C890013F0400406D08CF388
:1014D0001188BFF36F8F4FF0FF3010BD012393646D
:1014E0008CF31188BFF36F8F43680B445B68984798
:1014F000204610BD4FF4E8710148E3F7E5FC00BF5A
:10150000442B080000B30128014610B523D1002068
:10151000134BD3E91342D864EFF3118C202080F3EE
:101520001288BFF36F8F586D00F0C00040F00200CA
:1015300058658CF31188BFF36F8F24B12346BDE843
:1015400010400848184710BD054B9B6C5B0700D046
:101550007047FFF7D5BE4FF441710348E3F7B4FC81
:10156000A0E00120B48C0700442B08002DE9F041D5
:10157000012406463D4BD3E8EF2FC3E8E14F002995
:10158000F9D1002A4DD0002E49D0731E012B67D807
:10159000012E06D1364BD3F81C3403F00303022B83
:1015A0003DD009F00FFE054618B9324B1B78002BD1
:1015B00045D1EFF31187202383F31288BFF36F8F98
:1015C00001252B4CDFF8B080D4F81824D4F8183457
:1015D000D20305D503F00303022B1BD0012E19D033
:1015E0009DB33846EAF77CF9D4F81835DBB2012B05
:1015F000EAD1D4F80421002AE6D0002002212022DA
:10160000C4F80401D4F80401C4F81815C8F88021FE
:10161000A360D9E7F5B187F31188BFF36F8FBDE8F9
:10162000F081164916484A60CA608C60E4F71CF9DC
:101630000028A8DA40F2A3211248E3F745FC022271
:101640000B4B0746C3F80823BBE7002121200AF013
:10165000C7FDC9E70222064BC3F80423BDE8F081A9
:1016600040F2B5210748E3F72FFC00BF9CE00120C2
:101670000050004070E2012000E100E08CE0012019
:10168000C0E00120442B08000A2838B5044607D0E2
:10169000074DAB6806485B68E1B29847204638BD05
:1016A000034D0D21AB6828465B689847F1E700BF02
:1016B000148D070008B5074807F09AFE38B10648B0
:1016C000EAF742FC0448E3F7BBFB002008BD6FF0DB
:1016D000120008BD148D070089160600084608B5DB
:1016E000114602F0DFFF002818BF6FF0040008BDAC
:1016F00008B502F0C3FE002818BF6FF0040008BD53
:10170000182070474368986B704700BF03461B69F9
:10171000002003F5805393F814210A7093F81531D3
:101720004B7070472DE9F04112F0FC6F0569D0E96C
:10173000017645D1134602F03002302A3BD0284AC8
:10174000284C1A40A24231D003F00602042A28D0C5
:1017500013F4402207D09C033CD5B2F5402F1BD098
:10176000214A9A4315D04FF0010C3C680CFA01FC59
:101770001CEA040F23F4801227D02C68DB074CBF2F
:101780004CEA040424EA0C042C603368BDE8F04100
:10179000184783F44023E6E740F205411348E3F796
:1017A00093FB40F2FE311148E3F78EFB40F2FB3130
:1017B0000E48E3F789FB40F2F7310C48E3F784FB6E
:1017C0004FF47D710948E3F77FFB40F21141074870
:1017D000E3F77AFB40F201410448E3F775FB00BFF1
:1017E000020003000200010001001000042C0800A8
:1017F00001F1240008F0FEBE38B5B0B1036804461C
:101800009BB11A6803231569062205F5865110312C
:10181000F4F756FA2B6803B92C602046F2F7F6FE6F
:101820002046BDE83840F5F765BD00231B69FFDEA3
:10183000002300B587B0DDF828C00BA80390059001
:10184000CDE900331846CDF808C0E4F757FB07B0E0
:101850005DF804FB8C4630B503240146022589B0AF
:10186000CDE9062301AB04939CFA9CF34FEA1C4C90
:101870000CFA04FC04A84CF0040C0290039551F8F7
:10188000040B0594ADF804308DF806C0826800237F
:10189000146802AAA04709B030BD00BFF0B50769BF
:1018A0008BB0002937D141F2D00506460C461368AB
:1018B00009217B5193883D44AB802A46062340682A
:1018C000FFF7C8FF07F5805393F8D52031680992D8
:1018D00093F8D4202046089293F8D320079293F8E7
:1018E000D220069293F8D120059293F8D0200B4B8A
:1018F000039104920A4903220293CDE9004423464E
:10190000FFF796FF0323062229463868F4F7D8F933
:1019100020460BB0F0BD6FF08500FAE7382C0800C8
:10192000B090070030B58DB0022500240A920A4617
:101930000B930146032308A8069002A804900120F7
:10194000CDE9075454BA120C9A408DF8062001AA2A
:101950000590CDE9022351F8040BADF8044009933A
:10196000836804AA1C6806ABA0470DB030BD00BF59
:101970002DE9F041C1F30D0C0CEB0305B5F5804FDB
:1019800006460CF54031406811D9CCF58044234619
:101990001746FFF7C7FF70B9C5F30D035BB1706859
:1019A0003A194FF44031BDE8F041FFF7BBBFBDE845
:1019B000F041FFF7B7BFBDE8F08100BF70B5064644
:1019C00086B0684640F6CD4200238DF80F100BF02C
:1019D00071FBDDE9004501234FF0011170680DF145
:1019E0000F02FFF737FF0BE022462B4668460BF04D
:1019F00091FBDDE9002313430ED01A2007F0A2FC6F
:101A000001234FF0011170680DF11702FFF78AFFF3
:101A10009DF81730002BE7D106B070BD30B5012519
:101A20004FF0840C044683B02B460DF106024FF4B0
:101A3000803140688DF806C08DF80750FFF70AFF27
:101A400029462046FFF7BAFF2B46182160680DF1A2
:101A50000702FFF7FFFE002003B030BD30B50025C0
:101A6000044683B001230DF10702182140688DF868
:101A70000750FFF7EFFE20461021FFF79FFF284693
:101A800003B030BD2DE9F04F8C680D46064607695E
:101A900083B0002C3FD00023228A64681344002CBA
:101AA000FAD10DF104081FFA83F94246394902239D
:101AB0007068FFF737FF07F5885A2846BDF80450CD
:101AC0000AF1160A6DBA4A4651464C46ADB2F8F7CD
:101AD000EFFB00285AD1C5F30D0303EB090BBBF54F
:101AE000804F706803F5003132D9C3F58044234636
:101AF0005246FFF7AFFE48B9CBF30D03706873B3DE
:101B00004FF400310AEB0402FFF7A4FE002825DAA7
:101B100003B0BDE8F08F0DF1040807F5885A0223E1
:101B200042461C4940680AF1160AFFF7FBFE2846A8
:101B300022465146BDF80450F8F7BAFB6DBA81460B
:101B4000ADB218BB4C46C5F30D01706801F500310C
:101B500023465246FFF77EFE0028D7D170684D44D9
:101B6000424602230B496DBAADF80450FFF772FEEE
:101B700020213046FFF722FF07F5875040F6CD427F
:101B80000023043008F0A6FD0028C1D06FF0040047
:101B9000BEE700BF240001002DE9F04F036995B0B6
:101BA00003F5875403F5805A1C34CDF81CA08346F6
:101BB000A2464268DFF8CC92DFF8CC820B93089201
:101BC00000238DF847304FF4A4720023504608F0EC
:101BD00081FD20B9D8F800300133C8F80030079AE9
:101BE000D9F8003092F815210133C9F8003032B12C
:101BF000A64A02FB03F3A64AB2EB730F37D30123C5
:101C00002E21DBF8040013AADBF81060FFF78AFE30
:101C100000282CDB9DF84C2006F5805512F00107BA
:101C200095F8153100F0D080002B00F0EF80900780
:101C300095F8143102F0040140F1DC80002900F035
:101C4000FA80082B13D0082285F814219148924B72
:101C5000DBF8001005930023904ACDE903100292AF
:101C600018460322CDE900338D49FFF7E1FD01233A
:101C70008C49DBF804000DF14702FFF753FE002802
:101C80009EDB0125089B186A93F82420436805FA17
:101C900002F21B681A4200F03081836813A95B6866
:101CA00098479DF84730002B8AD02B467D49DBF8BA
:101CB00004000DF14702FFF7CDFD002880DB9DF801
:101CC0004730DA0600F1CC805B077FF579AF7649C3
:101CD00002230A68DBF8040001320A60734913AA80
:101CE000DBF81070FFF71EFEBDF84C30002B3FF400
:101CF00067AF02236E4913AADBF80400FFF712FE58
:101D0000BDF84C5002236DBAAEB23146584612AA05
:101D1000FFF72EFE40F6CD4400230025BDF84820F5
:101D2000386852BA023A92B211460A92CDE9004599
:101D30001A46F8F777FA002800F0C680B51CACB256
:101D4000CDE90E4AA246CDE90C700A9E8568CDF811
:101D500024B02F4657F80CBF3846EAF771FE044608
:101D6000B44228BF3446514623465A460998FFF7E5
:101D7000FFFD2146A4B2361B38465444B6B2EAF7FA
:101D800009FE1FFA84FA6D68002EE2D1DDE90C71BC
:101D9000DDE90E4A3868DDF824B00991F3F7B0FBAD
:101DA0000028099969DB0A9B414923445BBAADF8D5
:101DB0004C30DBF80400022313AAFFF74BFD40214F
:101DC0005846FFF7FBFDFBE6002B3FF450AFCDE993
:101DD0000077DBF8003038460393364B032202933A
:101DE0002F493B46FFF724FDA5F814713068F2F740
:101DF000E7FB3CE749BB012B3FF439AF012385F8F2
:101E000014312D48DBF800102C4B23E7CDE90033CB
:101E1000DBF8002018460392294A21490292032246
:101E2000FFF706FD012385F815313068F2F7B6FBA0
:101E30009DF84C20FBE6042B3FF419AF042385F8F2
:101E400014311448DBF80010DEE7022B3FF40FAF2B
:101E5000022285F8142118480F4BDBF80010F9E630
:101E6000184A1368013313600B9B03F58750043045
:101E700008F0C0FB9DF8473026E70846F7F71CFF3F
:101E800091E700BF24E1012020E10120295C8FC2FD
:101E900051B81E05682C0800A8A70700782C080078
:101EA000B09007000200010018E1012026000100A7
:101EB00028000100982C0800642C080040F107005D
:101EC0006C2C08001CE101203B68002B3FF478AE2D
:101ED0001B68BBB118688268936843B101219847B9
:101EE00000283FF46DAEC26A0132C26268E65368F0
:101EF000002B3FF465AE9847F2E740F24961024893
:101F0000E2F7E2FF9B68FFDE042C08002DE9F043B6
:101F10004468064607698BB0206807F069FA002814
:101F200000F03281237E002B40F02881206A07F0E8
:101F30005FFA0346002800F07981E28C206A94F869
:101F4000241042F48032FFF7EDFB051EC0F22C8115
:101F50004FF0010894F82430C14A07F5805908FA77
:101F600003F3C9F8DC20C9F8E030206A07F5865190
:101F700083681831DB69002B00F03C8142469847AA
:101F8000051EC0F23981E38C206A94F8241003F016
:101F90004003826895694268002D00F0168112683E
:101FA00008FA01FC1CEA020F00F08B814FF0A072CE
:101FB00043F00073A847051EC0F20981A06A0028FB
:101FC0003CD007F015FA0346002800F06981E28D45
:101FD000A06A94F82C1042F4B012FFF7A3FB051E80
:101FE000C0F20F810121A06A43681A6894F82C306E
:101FF00099401142036900F05F811B6819428368B0
:1020000014BF1B69DB6898474FF4FA700AF014F9A3
:102010000121A06A43681A6894F82C309940114253
:10202000036900F049811B681942836814BFDB68AB
:102030001B699847212000210AF0D2F84FF00008D0
:10204000802341468DF824307068012309AA8DF859
:102050002380FFF7FFFB051EC0F2BE800021A420F5
:102060000AF0BEF8102341468DF8243009AA012356
:102070007068FFF7EFFB0123182170680DF1230250
:10208000FFF7E8FB0546002840F0A68094F83020D2
:1020900007F5865310335AB194F83720184604F1E7
:1020A000310116F027FA94F83020012A00F0AE80B2
:1020B0003269062302F58652092110327068FFF753
:1020C000C9FB4FF0100C0123664909AA70688DF80E
:1020D00024C0FFF7BFFB01236349706809AAFFF71B
:1020E000B9FB0023614CDFF888818DF8243021464C
:1020F000012309AA7068FFF7ADFB611C012370681A
:1021000009AA04F58024FFF7A5FB4445EFD102237B
:1021100009AA19217068FFF705FC4DF20703BDF805
:1021200024209A4240F08E8007F580580022002338
:1021300008F10808002400966FF00D06CDE906238B
:1021400040464FF48052CDE90364CDE90144494B48
:1021500007F1080109F030F94749404609F038F81D
:1021600046492346CDE901410322204644490094D3
:10217000FFF75EFB28460BB0BDE8F083E06807F090
:1021800037F900287FF4D2AE002322683D48146856
:102190003B49CDE9020401221846CDE90033FFF79F
:1021A00047FB6FF01505E5E7002394F82400364956
:1021B000CDE9021001221846CDE900333049FFF77E
:1021C00037FB28460BB0BDE8F0836FF057050023BE
:1021D00094F824002D49EBE700232D480122CDE996
:1021E0000130274918460093FFF722FB28460BB021
:1021F000BDE8F0836FF05705002394F824002549CB
:10220000D6E7002394F82C001F49D1E794F8371043
:102210000844C1F10601EAF70DFF99F8D03023F028
:10222000010343F0020389F8D03041E7216A1A4ADA
:102230000968CDE90000CDE9022101221049FFF72C
:10224000F7FAAEE70023154801220290CDE90033EA
:1022500018460B496FF01205FFF7EAFA8AE700BF4C
:10226000F11706001E0001001F0001001E000500FE
:102270001E002100991B06006C2D0800782D080017
:10228000B0900700A82C0800E02C0800202D0800C2
:10229000402D0800002D0800C82C0800502D080013
:1022A000A26A0A4914684246CDE90214CDE9000049
:1022B0000749FFF7BDFA74E740F2A2610548E2F76B
:1022C00003FE40F2A5310348E2F7FEFDC82C0800EA
:1022D000B0900700042C080003465B6800205B6890
:1022E0001B690B60704700BF034610B45B6802EACD
:1022F00001045B6821EA02019C60D960002010BCE7
:10230000704700BF03465B6800205B6899607047B8
:1023100003465B6800205B68D9607047034610B4D1
:102320005B6800205A68536821EA03040B409460FC
:10233000D36010BC704700BF03F014B838B504690F
:10234000002931D04B685BB365684DB18D421DD01B
:102350002B4601E099420CD018461B68002BF9D19E
:10236000DAB10D60A36861600BB1002038BDA160D7
:10237000FBE70B680360A368994205D000230B605C
:10238000002AF2D06568ECE7A060F7E7A0680B6868
:1023900081426360F2D1A360F0E76FF0150038BDB1
:1023A00050210348E2F790FD4F210148E2F78CFDF0
:1023B000182E0800430912D10C4B596879B170B539
:1023C00001250C680A4E85408A682A4003D04B6874
:1023D0003BB1304698471CB121462468F4E770476A
:1023E00070BD74210348E2F76FFD00BF28E10120B2
:1023F000D48C0700182E080038B54468A06810B1C6
:1024000002F0C2FE08B1002038BD0146A06802F00B
:102410007FFE054658B92A460649A06802F050FEDC
:1024200031202A460521E9F7ABF90020ECE76FF0EF
:10243000040038BDB523060070B5446801F01F05DF
:1024400094F810C0A06886B045EA4C15002874D0F6
:10245000B2F5001F68D00020B2F5800FCDE9010071
:1024600052D0B3F1C06F5DD0B3F1007F14BF012330
:1024700002238DF8043001AB0493002305930393EA
:10248000E36803AECB40D90702D4B2F1A07F21D0DC
:10249000A06829460DF1030202F01EFE70B132461B
:1024A0002946A06802F0D2FC002805DB012229465B
:1024B000A06802F0B1FE002006B070BD9DF80310C8
:1024C000A06802F07DFE0028E9D040F2F11120481A
:1024D000E2F7FAFC6B092BD14FF0FF33EB40DA0740
:1024E00026D51C4B05F1800253F82230A068DB078B
:1024F000CFD429460DF1030202F0EEFD16301FD0B5
:102500000DF103030293CAE7B3F1007F0CBF04236C
:1025100005230390059001AAA068049203AE8DF8EC
:102520000430B6E70323A4E7294602F0EFFEC2E732
:102530004FF474710848E2F7C7FC6FF08500BBE701
:10254000A0680DF1030102F04FFE0028D8DAB3E7CE
:10255000882E080000258440542E08002DE9F04301
:10256000476801F01F063B7C154646EA431640F2D9
:102570000633D40648BF032205EA030458BFC2F35A
:10258000401287B0B4F5837F8DF8032000F0AD8052
:1025900025D8062C04D05AD9B4F5807F5DD101240A
:1025A0000123280303FA01F32CD4690344BF79689B
:1025B000CB60B86858B331460DF1020202F08CFDD1
:1025C00015F4403F81464DD13146B86802F0ECFD2C
:1025D000B9F1000F69D0002007B0BDE8F08340F2E8
:1025E000022084426CD0B4F5407F08BF0324D7D0CA
:1025F000B4F5007F31D1012328034FF0020403FA20
:1026000001F3D2D579688B60B8680028D3D17309FB
:102610006DD14FF0FF33F340DB0768D53648C5F383
:10262000404300EB8600D0F8001285F4803621F498
:10263000E161C6F3004621F0070143EA46030B437C
:1026400043EA820343EA0423C0F80032C3E7002CC4
:10265000A6D0022C08BF0424A2D06FF0150007B04A
:10266000BDE8F0834FF00008CDE9028801AB049388
:10267000CDF814803146B86803AACDF8048002F082
:10268000E5FB4045A7DB15F400331BD1CDE904334E
:102690000DF1030303933146B86803AA02F0D6FB99
:1026A000002898DBB9F1000F95D19DF80210B868A9
:1026B00002F086FD00288ED0FC211048E2F704FCD1
:1026C00005246DE79DF8030085F48035C5F30045CA
:1026D0008DF80C408DF80D508DF80E0043463146B4
:1026E000B86803AA02F064FCDAE7072458E74FF45D
:1026F00074710348E2F7E8FB00258440882E080047
:10270000542E08004368136090F808C003EBCC0C0B
:1027100063451DD293F805C008338C4516D000B52B
:1027200004E093F805C008338C450CD0136090F892
:1027300008C0D0F804E00EEBCC0C6345F1D36FF089
:1027400001005DF804FB00205DF804FB00207047E9
:102750006FF00100704700BF002900F021812DE9D2
:10276000F84340F2FF1E8F4D00EB810150F8043B0F
:10277000C3F3C72C1CF0080CC3F3C326C3F308042F
:1027800040F0ED807445AE5D4FEA136314D0192B11
:102790000ED8DFE803F0E1BBD04BA6B84B0D0D0D12
:1027A0000DBEC40D0D0D0D0D0D0D0D0DC9AAB1877A
:1027B0006FF08500BDE8F883192BF9D801A454F80F
:1027C00023F000BF912806006F2906009B28060011
:1027D000652906009B280600912806006529060049
:1027E000B1270600B1270600B1270600B127060071
:1027F0009B28060091280600B1270600B127060095
:10280000B1270600B1270600B1270600B127060050
:10281000B1270600B1270600B12706009729060058
:10282000832906008D29060079290600C2F8104583
:1028300050F8043C13F4004700D001274FEA541825
:10284000B8F1000F06D04FF474715748E2F73CFB23
:102850004FF0010CC3F341284FF0FF33E340DB0797
:10286000F1D5524B03EB8404D4F80092504B09EAA3
:10287000030343EA470343EA0C0343EA880343EABA
:102880000623C4F8003288427FF470AF002091E73D
:102890004FF0FF33C2F80C35F5E74FF0FF33C2F8C5
:1028A0000835F0E7C2F86C4530F8023C03F001034C
:1028B000002B42D101276309C5D14FF0FF33E3401C
:1028C000DB07C0D50123DFF8E480A340C8F80C3053
:1028D00050F8043C13F4004FBAD00127C3F3412849
:1028E000BAE70027C2F80845E5E7C2F8644530F8C2
:1028F000023C03F00103DBE7C2F8684530F8023C14
:1029000003F00103D4E7C2F80C45D3E7C2F814453D
:102910008EE7C2F80845002E8AD1062688E7C2F85D
:102920000C45002EF9D083E7C2F8604530F8023C30
:1029300003F00103BCE7C2F80845630983D14FF0F7
:10294000FF33E340DF077FF57EAF0127174B07FA20
:1029500004F8C3F80880BBE7C2F80C45EDE76FF058
:10296000150027E74FF0FF33C2F810358BE74FF023
:10297000FF33C2F8143586E74FF0FF33C2F86C35E9
:1029800081E74FF0FF33C2F864357CE74FF0FF3347
:10299000C2F8683577E74FF0FF33C2F8603572E769
:1029A00000207047E82E0800542E080000258440BF
:1029B000F0F8FCFF43681B68D3F88004C3F8800478
:1029C000704700BF42681368D3F8100160B100205F
:1029D00010B40124D26912780A70C3F81001D3F838
:1029E00010211C6010BC70474FF0FF30704700BFD3
:1029F000002A13DD42681368D3F8100168B1002083
:102A000010B40124C3F81001D269D3F81001127870
:102A100020460A701C6010BC704770470020704749
:102A200010B4426803691468EFF31180202282F326
:102A30001288BFF36F8F1A68D17B39B99173012166
:102A40004FF480021B68D973C4F8042380F3118803
:102A5000BFF36F8F10BC704703691A68D17B21B137
:102A60000120002190731B68D973704702691168B7
:102A7000CB7B4BB143681B68D3F8580128B10023C6
:102A80000B611368988970471846704743681B6844
:102A9000D3F81001003818BF0120704743681B6845
:102AA000D3F80423D2065CBF1022C3F80423704776
:102AB00043681B68D3F80423D20644BF1022C3F82E
:102AC000082370474FF4007243681B68C3F804235F
:102AD000704700BF4FF4007243681B68C3F80823B7
:102AE000704700BF012070470369186801601B68C8
:102AF0005A607047002310B5064C86B00BA8CDE98C
:102B00000240059001221846CDE90033E3F7F6F9BB
:102B100006B010BDF02E080070B505694FF0010C2D
:102B20002B6806469C8910339442A8BF1446D3E80C
:102B3000EF2F002A03D1C3E8E0CF0028F7D10CBF64
:102B40006346002333D12B682246986815F0D2FCE7
:102B5000EFF31181202383F31288BFF36F8F726824
:102B6000D2E90030D3F85821B2B128680022806839
:102B7000C3F844050120C3F84845C3F82021D3F821
:102B80002051C3F85821D3F85821986081F3118857
:102B9000BFF36F8F204670BDC20703D4D3F8202146
:102BA000002AE2D100232A681C461361EEE71C4686
:102BB000F0E700BF30B4436801691A68D2F8043303
:102BC000DB0502D5D2F8203113BB0B68D2F858418F
:102BD000E3B15CB100241C610B68DC7B24B94FF4C9
:102BE0008003C2F808330B689C7B6CB9D2F824418F
:102BF0002CB10023C2F82431D2F824310B681A68B2
:102C000022B130BC5968104700229A7330BC70471B
:102C1000EFF31183202484F31288BFF36F8FD2F86F
:102C2000204134B100250124C2F82051D2F82051AE
:102C3000D46083F31188BFF36F8FC6E72DE9F043AB
:102C4000054687B0002201210820E8F799FD0820F9
:102C5000E8F766FD6C680121E66805AA3046FFF7D3
:102C600051FD002805DB059B326819791868FFF7CC
:102C700073FD6A6823691268C2F82435A17D637DFB
:102C80000B43217D0B43C2F86C356E68D6E90043D7
:102C900013F0010338D10822C4F80025B269C4F842
:102CA00044250122C4F84835A260D4F82031002B15
:102CB000FBD0002101224FF48073C4F82011D4F816
:102CC0002011E260C4F80433D4F85831002BFBD053
:102CD0000021C4F800156C6805AAE668256830462E
:102CE000FFF710FD002805DB059B3268197918688D
:102CF000FFF732FD0823C5F80035237A2BB30027F0
:102D0000384607B0BDE8F0834FF00008D5F81090C2
:102D100004F10C01C4F8A08109F10C0204F59070D3
:102D2000C4F88C8001F0A2FD071E1ADB99F80C0094
:102D300001F0C0FD0823C4F80035B369C4F8443578
:102D40000123C4F84885A360BEE70122E169C5F804
:102D50003415C5F83825C5F81031D5F810312A607A
:102D6000CDE706494346CDE90181012240460449A9
:102D7000CDF80080FFF7BEFEC2E700BFF02E0800CE
:102D80005891070010B443681B68D3F8042352021B
:102D900010D4D3F8043313F0100302D1184610BC3A
:102DA0007047436810BC1B68D3F81001003818BF87
:102DB0000120704702691168CC7B002CE9D0D3F860
:102DC0005841002CE5D000240C6112689289002A39
:102DD000DFD00120E3E700BF2DE9F04105460E46B4
:102DE000D0F8048008F0EEF988BB3B4B1B7873B336
:102DF000202718E0EFF3118287F31288BFF36F8F5B
:102E00006B681968D1F8580168BB5B68DB0702D4AE
:102E1000D1F820313BBB82F31188BFF36F8F2120A3
:102E2000002109F0DDF964246B681A68D2F85811A2
:102E30000029DFD15B68D90703D4D2F82031002BF9
:102E4000D8D1012001F0AAFC013CEDD1E7E7EFF376
:102E50001182202484F31288BFF36F8F6B68196886
:102E6000D1F85801D8B101210020D8F818301E70CF
:102E70006B68D8F818401B68C3F84445C3F8481578
:102E8000C3F82001D3F82041C3F85801D3F8580102
:102E9000996082F31188BFF36F8FBDE8F0815B68A2
:102EA00003F001031BB9D1F82031002BDBD182F3F1
:102EB0001188BFF36F8FEFF3118284F31288BFF391
:102EC0006F8F6B68D3E90013D1F8580103F0010349
:102ED0000028C8D1E6E700BF70E2012000220121EE
:102EE0000B20E8F74DBC00BF002300B587B0DDF82C
:102EF00028C00BA803900590CDE900331846CDF803
:102F000008C0E2F7FBFF07B05DF804FB70B5056988
:102F10000446A96605F1500007F06CFB002385F814
:102F200094302469A36ACBB11A7DBAB19A88D204CD
:102F300014D4186906F006FA0121A36A98681A7B6E
:102F4000436891401B68046919420DD023681942F7
:102F500005D0BDE870408368DB68184770BD8368A2
:102F6000BDE870401B69184740F2A2610148E1F7D3
:102F7000ABFF00BF042C08002DE9F04105690646AF
:102F8000D5F880404168D5F8883084B0002C49D00D
:102F9000224613B19C4228BF1A460F8DE96F974213
:102FA00028BF1746D5F8848051BBB8F1000F68D010
:102FB0009BB30A4608F06040B0F1005F04D0082FD0
:102FC00028BF0827D5F89C80C5F89070002A71D0DA
:102FD000D5F88040002C18BF3C46019403B3009103
:102FE0002846694600220397CDF8088002F0C6FC07
:102FF0000146F8B1304604B0BDE8F041FFF786BFA6
:1030000001F06042B2F1005F17D1B8F1000F27D094
:10301000002BCED1C5F89070DCE7C5F89070019117
:103020000027DCE7ABBB1946304604B0BDE8F041F1
:10303000FFF76CBF04B0BDE8F081082F28BF082758
:10304000D5F898003A4615F055FAD5F88430D5F8F9
:103050009810EA6F43B1D5F88830002BB4D0A9E7B7
:10306000C5F890700197DBE7C5F8907072B1D5F89C
:103070008030002B18BF3B460193D1E7B8F1000F19
:1030800097D14FF000084146C5F89070002701978E
:10309000A5E70F8DE96F9F4228BF1F46D5F88480B2
:1030A0000029EBD0B8F1000F83D1C5F89070CDF8AE
:1030B0000480B5E7019291E7037893BB30B50C69C2
:1030C00085B0D4F890201546002A3CD0D4F884105E
:1030D000A1B3D4F888302BBBD4F88010D1B1914281
:1030E00075D3891AC4F8801000294FD0E36F1546B4
:1030F0000BB11344E367D4F888305BB19D425BD8D1
:103100005B1BC4F8883063B3D4F8843013B12B440C
:10311000C4F88430D4F88C0005B0BDE83040FFF727
:103120002BBF7047C068B8B1884215D00846D4F8A4
:103130009C1015F0DFF9D4F890201546D4F88010D3
:103140000029CCD1D7E76FF07301D4F88C0005B01B
:10315000BDE83040FFF7DABED4F880100029BED1B8
:10316000CCE7D4E91D230832013BC4E91D232BB968
:103170003FE00832C4E91D23002B3AD05168013BDF
:103180000029F6D0C4F888101368C1E7D4E91B13EE
:103190000831013BC4E91B1323B925E00831C4E918
:1031A0001B130BB34868013B0028F7D0C4F880001C
:1031B0000B681546E3679EE7002310480122CDE91E
:1031C00001300F4918460093FFF78EFEA2E7002357
:1031D0000A480122CDE90130094918460093FFF75A
:1031E00083FED4F8905086E700210B46C4F8801087
:1031F000DFE700221346C4F8882089E7842F0800FF
:103200002891070010B50469E36A8B4228D1A26AAD
:10321000934228D194F8942042BBBBB11A7DAAB145
:10322000186906F08FF80121A36A986893F80CC01A
:10323000426801FA0CF112680369114219D01B6847
:10324000194283680CBF1B69DB689847236C0BB17C
:10325000002010BDE36204F1380007F0CBF9F7E776
:103260006FF0770010BD6FF0150010BD6FF00F000C
:1032700010BD40F2A2610148E1F726FE042C0800CF
:103280002DE9F047446888B0E56A06690121804667
:1032900007AA2846FFF736FA002805DB079B2A68AD
:1032A00019791868FFF758FA616B481C40F0938051
:1032B000636A9847D6E90C5305EBC3039D425AD283
:1032C000012705F108043CE054F8080C14F8041C2C
:1032D00034F8023C03F03002302AD0F810A0D0E9D4
:1032E000019E00F09E8003F00602042A00F0948004
:1032F000DA0754BF43F4B01C83F4D01CD9F8003073
:1033000007FA01F919EA030F2CF480127FD0DAF8DA
:1033100000301CF0010F14BF43EA090323EA09033C
:10332000CAF80030DEF800309847B0F100091EDB23
:10333000D6E90C32083503EBC2039D4204F10804C0
:1033400019D254F8080C06F053F803460028BBD1F4
:1033500029793E4A04912968096802920391012261
:10336000CDE900003A49FFF7BFFD6FF0120948466A
:1033700008B0BDE8F087B36AABB11A7D9AB118699D
:1033800005F0E0FF0121B36A98681B7B9940436810
:103390001A680369114254D01B681942836814BF2C
:1033A000DB681B699847336C5BB3D8F804300021A5
:1033B000DC6A07AA2046FFF7A5F9002805DB079B72
:1033C000226819791868FFF7C7F94FF000094846D5
:1033D00008B0BDE8F087206B00F0A8FA10F1130FD9
:1033E000814623D010F1050F7FF462AF0023194806
:1033F0000122CDE90130164918460093FFF774FD0C
:10340000B5E7F36206F1380007F0F4F8CDE740F2D3
:1034100011411148E1F758FD40F2FE310E48E1F745
:1034200053FD40F2F7310C48E1F74EFD00230B4805
:1034300001220290CDE9003318460549FFF754FDFB
:1034400093E740F2A2610448E1F73EFDF02F080047
:1034500028910700D02F0800042C0800A42F080092
:103460002DE9F04F9A468FB08B8804924268064649
:10347000046998040F46059202D5236C002B60D096
:103480004FF0FF324FF0FF3304F1380007F022F91C
:10349000E762D6F81080726898F895B01068BBF1B2
:1034A000000F03D0D8F828309F4270D0B7F804E05E
:1034B0001EF4006340F0DD811EF0010140F0E68162
:1034C0001EF0080340F0F081CEF34511082940F0CA
:1034D000C4813968A64DA94240F2E481884228BFE0
:1034E0000846814602F1040C06ADBCE80F000FC58A
:1034F0009CE80F0085E80F009E4B994580F0D58031
:103500009D4B994500F232819C4B994500F27381A5
:103510009B4B994500F25C819A4B994500F29B8147
:1035200099499A4B9A4A894588BF13461EF0020F63
:103530000B930EF0040340F0C080003B18BF012342
:10354000BFE0E36A99429BD1A3E7002A40F0E48000
:103550004FF0FF32DA40D50740F1DE80012202FA57
:1035600003F38C4A936098F895B0BBF1000F40F0DC
:10357000CC8033464046884A06A902F027F9051E4A
:10358000C0F25D810123C8F8287088F895300123C6
:1035900084F89430059B596B481C40F01B81049BB8
:1035A000002B00F0BE80049B1B68E366002B00F03C
:1035B000B980049A526822673AB9B5E00833013AF3
:1035C000C4E91B32002A00F0AF8059680029F5D009
:1035D000C4F880101B68E367BAF1000F40F0AD80BB
:1035E000C4F874A00023A36700231946C4F88830E8
:1035F0000022A36AC4F88410A2661BB11A7D002AB7
:1036000040F0D0803046FFF7B7FC226F42B1E36E46
:1036100003EBC20000225968083398420A44FAD1E9
:10362000A56F5DB10021636F03EBC50558680833D2
:10363000AB420144FAD18A4238BF0A464FF4FA5CE1
:1036400000250CFB02F2A36A40F2E73019684FF440
:103650000043B2FBF1F22946C832E2FB03014FF40A
:103660007A7200230EF040FA04F1500702460B462E
:10367000384607F02FF8002840F01B81A56E15F1A1
:10368000740F00F02081002D40F0B780A36A13B1C1
:103690009B889B0405D40023E36204F1380006F004
:1036A000A9FF28460FB0BDE8F08F324B1EF0020F85
:1036B0000B930EF004033FF440AF002B14BF032321
:1036C00002238DF83030CEF300138DF83130D8F866
:1036D0000030D3F80835591C3FF447AF1EF0020FF5
:1036E0004FEA53127FF431AFB2B94FF0FF32DA40F4
:1036F000D20711D5012202FA03F3264AD36098F8C3
:1037000095B0BBF1000F3FF434AF404602F0A4F88F
:10371000002388F895302CE74FF474711F48E1F7C7
:10372000D3FBE3660023236700221346C4F88020FE
:10373000E367BAF1000F3FF453AFDAF80030636784
:10374000002B3FF44FAFDAF80420A2673AB94BE7F9
:103750000833013AC4E91D32002A3FF445AF5968E5
:103760000029F5D0C4F88810196841E70C4B9DE793
:1037700047E8010000127A00FF083D007F841E0028
:103780003F420F001FA107008FD0030048E801004F
:1037900090D0030000258440B9300600542E080064
:1037A00000093D0001211A7B986891404268036935
:1037B0001268114200F09A801B681942836814BF96
:1037C0001B69DB689847A36A186905F0BBFD19E718
:1037D000494B6BE7186B00F0D3F874307FF4DFAE21
:1037E000464B02220293002345491846CDE9003397
:1037F000FFF77AFBD3E6434B58E73669B36A002BF1
:103800003FF444AF1A7D002A3FF440AF9A88D204B7
:103810003FF53CAF186905F095FD0121B36A1A7BAD
:103820009868914042680369126811425ED01B6833
:103830001942836814BFDB681B69984726E7002399
:1038400031490122CDE902151846CDE900332C4952
:10385000FFF74AFB1AE72D4B28E72D490122029179
:103860001846CDE900332649FFF73EFB6FF01505FA
:103870000CE70023274801220290CDE900331846C7
:103880001F496FF08505FFF72FFBFFE63168224ADD
:103890001846CDE90221CDE9003301221849FFF78E
:1038A00023FBE3E71D49D9E71D480B46012202909F
:1038B000D6E71C4B2846CDE9015301222B4610497F
:1038C0000095FFF711FB00252046C4F8905001F049
:1038D000C3FF6FF07301304684F89550FFF716FB75
:1038E000384606F049FF6FF07305CFE640F2A2615B
:1038F0000D48E1F7E9FA00BF40420F00003108002F
:103900002891070080841E00D830080020A10700FD
:10391000743008001430080030300800A43008006B
:10392000543008002C310800042C08000222F0B5A5
:103930000124002787B00DEB020503950E4601AD6B
:103940000DF1030104958DF80240054602918DF8B2
:103950000420059701F048FC041E07DB3146284689
:1039600003AA01F073FA041E03DB3C46204607B0AD
:10397000F0BD28469DF8031001F022FCF6E700BFD9
:103980002DE9F0410E46044601F0CCFC0022314600
:103990000546204601F040FC73092CD14FF0FF335F
:1039A000F340DB0727D5184B03EB8608D8F8002235
:1039B000164B134043F00C03C8F8003200F07EFAB7
:1039C000074604E000F07AFAC31B062B18D82368D8
:1039D0005B59002BF6D000252046314601F096FCBD
:1039E000D8F80022094B2846134043F00403C8F8D6
:1039F0000032BDE8F0814FF474710548E1F764FAD4
:103A00006FF07305E8E700BF00258440F0F8FCFF85
:103A1000542E080030B40F490B68D01AC3180B603D
:103A200022F07F424B68A2F5001443F10003B4F585
:103A3000400F4B600AD2084B1B6819068C184FEADE
:103A40001323064A43F10005C2E9004530BC09F0E2
:103A500017BA00BF50CC01206CE1012058CC0120E6
:103A60002DE9F047424B04461B680D461A0A1B0617
:103A7000BFF35F8F3F49D1F80415CB1842F1000224
:103A8000B1F5801F06D23C49D1E90001834272EBB7
:103A9000010167D3A34272EB050150D23749E31A03
:103AA00065EB02028B4272F1000259D2DFF8D0E0DE
:103AB000DEE902239D4208BF94424BD04FF480368A
:103AC0004FF000096FF0020C2A4A24F07F48C2F838
:103AD0004863C2F84091D2F84031C2F84085C2F83C
:103AE0004463D2F80415274FACEB0103434423F0A1
:103AF0007F43BB422ED90320D2F8403163B1D2F8C4
:103B00000415A1EB080323F07F43B3F5000F21D97F
:103B1000C2F84091D2F8403101EB000A2AF07F430D
:103B2000C2F84035C2F84463D2F804150130ACEB5A
:103B30000103534423F07F43BB42DDD80AE0124B1C
:103B4000D3E8EF1F41F00101C3E8E21F002AF7D1DB
:103B5000DFF82CE000230D4ACEE90245CEE9002330
:103B6000BDE8F08713F1807342F1000292E700BFD5
:103B70006CE101200050014058CC01200100800080
:103B800040CC0120FDFF7F0064E10120153A0600D2
:103B90002DE9F047002202204FF0FF384FF0FF39A7
:103BA0004FF480364FF40017284C294BDFF8A4A0BF
:103BB000C4F80833C4F84833274BC4F8082501215A
:103BC000C3E90289C4F80463C4F804031520CAF8E1
:103BD0008071E7F7D5FD1520E7F7A2FD01231F4D02
:103BE000A36023602B60D5E8EF8F28F00103C5E8C0
:103BF000E23F002AF7D1C4F80863BFF35F8FBFF339
:103C00006F8F00211648FFF72BFF18F0010F05D129
:103C10000220FDF7ABFC0020BDE8F087D5E8EF3FC0
:103C200043F00103C5E8E23F002AF7D10D4BC4F889
:103C30000463D3E8AF3FDB074FF0020048BFCAF888
:103C40000071FDF793FC0020BDE8F08700500140B3
:103C500003000F0000E100E040CC012068E10120FA
:103C6000FFFF7F0064E10120414BD3F8042390075C
:103C700005D43F4BD3F80423D10312D47047D3F8B3
:103C80000421002AF5D000213A4AC3F80411D3F8E0
:103C90000431136801331360354BD3F80423D10387
:103CA000ECD52DE9F043344A83B0D2E8EF1F21F080
:103CB0000100C2E8E40F002CF7D1CA0705D4D3F8FD
:103CC000403113B903B0BDE8F0830021284A294BE5
:103CD000C2F84011D2F840111B68190A1B06BFF345
:103CE0005F8FD2F80425D31841F10001B2F5801F8F
:103CF0000AD2224AD2E90067B34271EB070203D22B
:103D000013F1807341F10001EFF3118C202282F353
:103D10001288BFF36F8F1A4CD4E90267B342B941DE
:103D20001FD34FF0FF384FF0FF3900204FF480329F
:103D3000C4E902890E4B216865682060C3F84823F6
:103D4000C3F84001D3F840318CF31188BFF36F8F73
:103D50000029B7D032463B460095884703B0BDE8FE
:103D6000F0838CF31188BFF36F8F03B0BDE8F0834D
:103D7000005001406CE1012064E1012058CC012099
:103D800040CC0120411CF8B55BD02F4B9842A8BF16
:103D900018460128B8BF01202C4B1B68190A1B06C6
:103DA000BFF35F8F2A4AD2F80425D31841F10001EE
:103DB000B2F5801F05D2274AD2E90045A342A941A6
:103DC0003CD32549D1E900219B1AB3F5000F33D22A
:103DD0001D4C1844A04228BF2046204CD4E8EF7F59
:103DE00027F00103C4E8E53F002DF7D14FF48036FA
:103DF000174DC5F80863BFF35F8FBFF36F8F1018BF
:103E000041F10001FFF72CFEFA0700D4F8BDD4E819
:103E1000EF3F43F00103C4E8E23F002AF7D1104B23
:103E2000C5F80463D3E8AF3FDB07EFD54FF40012CA
:103E30000C4BC3F80021F8BD0348CEE713F18073A3
:103E4000BFE70148A8E700BFFFFF7F006CE101204A
:103E50000050014058CC012050CC012068E10120E5
:103E600064E1012000E100E0104B1B68190A1B0609
:103E7000BFF35F8F0E4AD2F80425D31841F1000139
:103E8000B2F5801F0DD230B40A4AD2E90045A342F0
:103E9000A94101D213F18073074A30BC1068181A87
:103EA0007047054A1068181A704700BF6CE101207E
:103EB0000050014058CC012050CC01200D4B186817
:103EC000020A0006BFF35F8F0B4BD3F804351818B6
:103ED00042F10002B3F5801F0AD230B4074BD3E998
:103EE0000045A042AA4101D210F1807030BC704759
:103EF000704700BF6CE101200050014058CC012008
:103F0000012310B5074C15206360E7F717FC4FF449
:103F10000011054B054AC4F80833C4F84833C2F809
:103F2000801110BD0050014003000F0000E100E0CF
:103F300008B500F0A3FA00B908BD002383F3118887
:103F4000BFF36F8F0423184602DF6FF0040008BD33
:103F5000002300B587B0DDF828C00BA803900590BA
:103F600001221846CDE90033CDF808C0E1F7C6FFBD
:103F700007B05DF804FB00BF10B50C490C4884B0D5
:103F800000F0F6F9044610B9204604B010BD002335
:103F900008480122CDE90204CDE90033184606495C
:103FA000FFF7D6FF204604B010BD00BF194306003E
:103FB00070E1012000320800089107002DE9F0416E
:103FC000B34F0D463C6F86B0072C00F008067DD03D
:103FD000132C5AD0052C2ED0AE4AAF4BAF490F2C24
:103FE000C8BF1346103C04940024AD4A03930292C8
:103FF000234601222046CDE90044FFF7A9FFEB69E3
:104000006EB9C3F3080240F2FF110AB90B43EB612A
:104010002946204606B0BDE8F041E6F77DBE2946B8
:10402000204623F4FF7323F00103EB6106B0BDE8E3
:10403000F041E6F771BE00249A4B7F6D0122029396
:1040400020462346CDE900449449FFF781FFFB0455
:1040500000F198801624380500F1C980B90500F1F7
:10406000B580780500F1A68017F4807340F0968043
:10407000B904C4D58C4A1846CDE9013287490122DA
:104080000093FFF765FF1C24B9E7D7F86C80002781
:10409000864B0122029338463B46CDE900777F49A3
:1040A000FFF756FF18F0020F61D118F0010F53D13E
:1040B00018F0040FA3D000237D4A18460292CDE9E0
:1040C000003301227549FFF743FF98E74FF00008DE
:1040D000784BFC6D0122029340464346CDE90088AF
:1040E0006E49FFF735FF620627D414F0010318D19B
:1040F00014F0020240F0878014F0040340F09A802C
:1041000014F0080240F0AE8014F0100340F08680F6
:1041100014F0200240F0B180230600F1ED80252448
:104120006DE700236449012202911846CDE900336E
:104130005A492624FFF70CFF61E7BB6E4046039304
:104140005E4B0122029355494346CDF80480CDF8D9
:104150000080FFF7FDFEC8E7594B012202930023C0
:104160004E491846CDE90033FFF7F2FEA0E7554B64
:104170003846029301223B46CDE900774749FFF7D5
:10418000E7FE92E7504B2046CDE9014300942346D9
:1041900001224249FFF7DCFE17245CE700234B496C
:1041A000012202911846CDE900333C491B24FFF758
:1041B000CFFE24E70023464A18460292CDE9003399
:1041C000012236491A24FFF7C3FE4DE70024414B74
:1041D0000122029320462346CDE900442F49FFF7F0
:1041E000B7FE3D4B3A049B6B30D4192439E70023CA
:1041F0003A4A18460292CDE9003301222749182491
:10420000FFF7A6FE2AE7364A1846CDE901322349D0
:1042100001220093FFF79CFE2724F0E63149134664
:10422000CDE90121104600921C490122FFF790FEC2
:104230002A24E4E62C491346CDE9012110460092D8
:1042400016490122FFF784FE2824D8E60393274B62
:104250002046CDE901430122234610490094FFF78F
:1042600077FEC2E7224A1846CDE901320B49012206
:104270000093FFF76DFE2924C1E61E4A1846CDE9DA
:104280000132064901220093FFF762FE2B24B6E6B5
:1042900070E10120C4D70700ACD7070008910700E0
:1042A000B0D8070014D60700B0D5070024330800A3
:1042B000A03308003C320800683208005832080079
:1042C00070330800403308002CD6070090D6070052
:1042D00074D6070040D6070000ED00E04CD507007B
:1042E00080320800DC320800A03208005CD60700EB
:1042F000BC320800F432080005491346CDE901211B
:104300001046009203490122FFF722FE2C2476E694
:10431000103308000891070010B5134B88B01A78C5
:10432000E2B1D3E90E019A6A5C6A0192DA6A0590F9
:1043300002921A6B009403925A6B04921A6CD3E99E
:10434000130320F005009B07CDE9061248BF40F09B
:1043500004006946FFF732FE08B010BD4FF49271B9
:104360000248E0F7B1FD00BF70E10120D43308003E
:10437000042370B5082506460C4688B006AA0292AA
:104380000DEB0302184604920DEB050104AA0593F8
:1043900006960395079400F04DF80228019B0AD079
:1043A000032804D058B14FF0FF3008B070BD6FF053
:1043B000850008B070BD6FF0150008B070BD181E04
:1043C00018BF0120404208B070BD00BF00207047F8
:1043D0002DE9F041DDF8188004460D4616461F46CB
:1043E00006F0F0FEB0B9114B1B789BB14FF0FF32D5
:1043F0004FF0FF330E4805F0B9FD98B943463A46F1
:1044000031462846A0470446094805F05FFE20468D
:10441000BDE8F08143463A4631462846A446BDE809
:10442000F04160476FF08304F1E700BF70E20120C4
:10443000447A012030B50023042489B003ADCDE9CE
:104440000633049503900594A1B1D1E9000102233C
:10445000CDE90601141E18BF0124009240F2F53187
:1044600004AA0194044800F077F90028B8BF01209D
:1044700009B030BD0123EDE7050100400020704781
:104480002DE9F0434FF040089BB00DF12809054697
:104490000E4614460021424648461F4614F036F8A0
:1044A0001C230122CDE907360994042640F2032497
:1044B00002ABCDE900320021032304AA0648CDE96E
:1044C0000498029706950396ADF8504000F044F921
:1044D0001BB0BDE8F08300BF0001004030B595B0CF
:1044E00004463C22002105A814F010F800214FF4E6
:1044F000017C402504AB0293CDE90011012302AAFF
:1045000004480494ADF838C0039500F025F915B0BF
:1045100030BD00BF000100402DE9F0434FF04008DE
:104520001F46064699B00DF120090D46144600219C
:104530004246484613F0EAFF209B0996CDE90273F4
:1045400001274FF4407602AB009304AA0223002116
:1045500001970748CDE9049806950794ADF848609F
:1045600000F0FAF8039B219A136019B0BDE8F083BC
:10457000000100402DE9F0429AB081460E461546F2
:10458000002138220CA81C46209F13F0BFFF4FF4D7
:10459000C063CDE90A96ADF85030002F2ED000232D
:1045A000229A102C0692239A0593CDE90727219A87
:1045B0000992249A0292259ACDE9032321D835B194
:1045C00024B1224629460FA813F094FF1394012525
:1045D0004024002F02AA0AA90CBF02230323009241
:1045E000049104AA002108480195059400F0B4F84C
:1045F000039B269A13601AB0BDE8F082219B002B22
:10460000CDD06FF08600F6E7000100402DE9F042C2
:104610009AB081460E461546002138220CA81C4649
:10462000209F13F073FF40F20163CDE90A96ADF8C5
:104630005030002F2ED00023229A102C0692239A5D
:104640000593CDE90727219A0992249A0292259A87
:10465000CDE9032321D835B124B1224629460FA83C
:1046600013F048FF139401254024002F02AA0AA941
:104670000CBF022303230092049104AA00210848DE
:104680000195059400F068F8039B269A13601AB010
:10469000BDE8F082219B002BCDD06FF08600F6E7BD
:1046A0000001004070B5402696B006AB05460C46AA
:1046B00032460021184613F029FF4FF48072CDE9ED
:1046C0000206CDE90454ADF8402014B9204616B0D6
:1046D00070BD012304AA0092002102AA019302489E
:1046E00000F03AF816B070BD00010040F0B51F466A
:1046F00006460D4699B01446002138220AA813F048
:1047000005FFCDE90776012709954FF4806640251E
:104710001E9B04AA02931F9B0021039308AB0493E2
:1047200002AB00930197022305480694ADF8486058
:10473000059500F011F8039B209A136019B0F0BDA5
:10474000000100400023036043608360C360036195
:1047500043618361704700BF10B5B1F5004F8C46CF
:10476000039C10D2042B9E460DD8042C0BD8240495
:1047700044EA0E6401461346044844EA0C02BDE8CC
:104780001040FFF725BE6FF0800010BD217C0100B6
:10479000704700BF03460020184700BF04F0D2BD99
:1047A00001680346D1B100B5B1FA81F00122C0F130
:1047B0001F00824021EA0202D3E8EFCF8C4504D1EA
:1047C000C3E8EE2FBEF1000FF6D101D15DF804FB76
:1047D00019680029E8D16FF00B00F7E76FF00B00C4
:1047E000704700BF036823FA01F2D20711D40122F7
:1047F00000B58A4043EA0201D0E8EFCF9C4504D1DE
:10480000C0E8EE1FBEF1000FF6D105D100205DF823
:1048100004FB6FF015007047036842EA0301D0E81B
:10482000EFCF9C45F1D1C0E8EE1FBEF1000FECD0F8
:10483000F5E700BF014B1860704700BFE4E10120BD
:1048400010B5084B186838B11446FFF7A9FF0028C7
:10485000A4BF2070002010BD40F2F3110248E0F721
:1048600033FB00BFE4E1012008340800D0F88030B9
:10487000002B02DA6FF01500704770B5D1F8803068
:104880000E46002BB8BF6FF0150000DA70BD002196
:10489000044608461546FFF7D3FF0028F6D12B78CB
:1048A00043F00043C4F880302B7843F00043C6F84F
:1048B000803070BD0123024A8340C2F8043570473E
:1048C00000700140014B00201B681847E8E10120FF
:1048D000014B1B68184700BFE8E1012010B50D4CE3
:1048E00022799AB903460122002B0B4808BF1846CB
:1048F0002360227100F08EF850B923680748002B1E
:1049000008BF1846BDE8104000F0E2B86FF077002D
:1049100010BD00BFE8E10120C5480600D1480600EF
:1049200008B5094B1A795AB11B681BB10520E6F787
:1049300019FF00B108BD0520BDE80840E6F7F0BE4C
:10494000B1210248E0F7C0FAE8E10120483408004C
:1049500008B50C4B1B797BB128B1012807D1BDE804
:10496000084000F067B8BDE8084000F0C5B84FF453
:1049700092710548E0F7A8FA40F205110248E0F705
:10498000A3FA00BFE8E101204834080008B50C4B49
:104990001B797BB128B1012807D1BDE8084000F0A0
:1049A0006FB8BDE8084000F027B94FF4A57105487D
:1049B000E0F78AFA40F22B110248E0F785FA00BFCF
:1049C000E8E101204834080008B500F069F8BDE8C6
:1049D000084000F039B900BF38B50022012342F287
:1049E00010740B4DC5F808336B60C5F80021D5F87D
:1049F0000031D5F80C34D5F80C24D90301D5D307F0
:104A000000D438BD0120FFF7C9FE013CF1D138BD0B
:104A100000500040064902460B7933B94FF0010CB3
:104A200018460A6081F804C070476FF0770070473D
:104A3000F0E1012008B50F4A1379B3B1002001213C
:104A40000D4BC3F80001D3F800011960126812B1D0
:104A5000C3F8041308BDD3F80021002AFBD00022BC
:104A6000C3F80021D3F8003108BD77210348E0F7EF
:104A70002BFA00BFF0E1012000500040883408000C
:104A800008B5054B1B791BB1BDE80840FFF7A4BF73
:104A900089210248E0F718FAF0E101208834080083
:104AA000094BD3F80423D2070DD5D3F8002152B116
:104AB00000200121C3F80001044AD3F80001C3F823
:104AC000081313681847704700500040F0E10120B8
:104AD000074A13794BB9012110B4064C10601171CB
:104AE000C4F81815184610BC70476FF0770070476F
:104AF000F8E101200050004070B53C4E3379002BA6
:104B000070D03B4CD4F81834D4F8182413F4803304
:104B10003BD1D4F81424D2071AD401220020012159
:104B2000334BC3F81825C3F80401D3F80421996066
:104B300032681AB10222C3F8042370BDD3F80421ED
:104B4000002AFBD00022C3F80421D3F8043170BD41
:104B5000D4F81C2402F00302013A012A32D90221BE
:104B60000122C4F80813E260C4F8043142F210755F
:104B7000D4F8043104E00120FFF710FE013DCCD051
:104B8000D4F81834DB03C8D5F5E702F00302022A93
:104B9000C4D0012AC1D0002302210122C4F8081385
:104BA000E260C4F8043142F21075D4F8043104E034
:104BB0000120FFF7F3FD013DAFD0D4F81834D9033D
:104BC000ABD5F5E733681BB10223C4F8043370BDDD
:104BD000D4F80431002BFBD00023C4F80431D4F8FE
:104BE000043170BDE5210348E0F76EF9F8E10120DA
:104BF00000500040CC34080038B5104B1B79BBB1D5
:104C00000023022101220E4D42F21074C5F8081350
:104C1000EA60C5F80431D5F8043104E00120FFF75B
:104C2000BDFD013C03D0D5F81834DB03F6D438BD04
:104C30004FF491710348E0F747F900BFF8E1012014
:104C400000500040CC340800F8B51E4DD5F80443A0
:104C500014F0020426D001261B4FB4FA84F0C0F1F0
:104C60001F00830003F580739BB203F1804303F5BB
:104C7000A043196806FA00F224EA020481B1002177
:104C8000012819601B68C5F8082315D1D5F8183418
:104C9000D5F8183403F00303012B04D03B68984780
:104CA000002CDAD1F8BD0222C5F81825C5F8042376
:104CB000AB60002CD1D1F5E74FF4F5710348E0F774
:104CC00003F900BF00500040F8E10120CC34080097
:104CD00070B5CBB2083330F813301546DA050E46FE
:104CE000044609D5C3F3432300EBC302294650F819
:104CF0003330526830469847A3682BB12946304676
:104D0000E268BDE87040184770BD00BF08B5C9B281
:104D100000EB4103998ACA0514D521F4F8529A820E
:104D2000C1F3432100F1120200F1520C01E094455D
:104D300009D032F8023F13F4807FF8D0C3F3432345
:104D40009942F4D108BD002200EBC1035A605830EB
:104D5000FFF748FD0028F5D04FF4DB710148E0F77C
:104D6000B3F800BF1035080008B5CBB200EB430321
:104D70009B8A9A0611D59A070FD4012201685B0B12
:104D80009A40C1F80823026802EB8303D3F8102588
:104D900022F00302C3F8102508BD4B090ED14FF0D5
:104DA000FF33CB40DB0709D5074B03EB8103D3F877
:104DB000002222F44032C3F8002208BD4FF474717F
:104DC0000248E0F781F800BF00258440542E080017
:104DD00070B5CDB200EB4505AB8ADC072DD50C468E
:104DE0000646FFF7C1FFAB8A9A0608D532685B0B0F
:104DF00002EB83030022C3F81025C3F810253046C8
:104E00002146FFF783FF00236009AB8210D14FF0EA
:104E1000FF33E340DB070BD5094A0A4B02EB840260
:104E2000D2F800120B4043F00203C2F8003270BD0A
:104E30004FF474710448E0F747F86FF0150070BD47
:104E400000258440F0F8FCFF542E0800F8B5002837
:104E500000F0A280044610680D4600B3CBB204EB0C
:104E60004303998A01F02201222968D069095FD1A0
:104E70004FF0FF31E940C9075AD50678494800EBA1
:104E80008500D0F8001221F00F0141EA8601C0F838
:104E90000012998A21F0020141F0010199825368C0
:104EA00003B3E9B204EB410118785E688B8A9F076F
:104EB00043D441F6DF773B408B8276B103283ED85E
:104EC00053685B681E78236803EB8603002839D19A
:104ED000C3F81005C3F810058B8A23F01C0343EABE
:104EE00080038B8293680BB3D3E900762946204672
:104EF000FFF70CFFD7B163689F4202D1A3689E42BF
:104F000047D004F15800FFF74BFC00280FDB4302A9
:104F100003F47E4304EBC000EDB24760866004EB0F
:104F20004504A28A134343F48073A3820020F8BD92
:104F30004FF474711C48DFF7C7FF002ECDD06FF01F
:104F40001500F8BDD3F8107527F00307C3F81075E6
:104F5000276807EB8607D7F8103523F4473323F487
:104F60004073C7F810352B02D7F810C503F4F85377
:104F700043EA004343EA0C03C7F8103504EB460349
:104F8000A3F85C508B8A43EA463343F020039BB27C
:104F9000A3E700231846BDE740F25E410348DFF770
:104FA00093FF00BF00258440542E080010350800F0
:104FB00070B5002879D092B35FFA81FE00EB4E0EF7
:104FC000BEF81440A60701D4A5066BD414F01C0F3C
:104FD00002D05478012C65D04C093CD14FF0FF34FD
:104FE000CC40E40737D5334D05EB8105D5F80042B9
:104FF00024F4E16C14782CF0070C4CEA042C54785F
:1050000092784CEA440C4CEA820242F00102C5F864
:105010000022BEF8142042F00302AEF81420C3B1FF
:10502000CCB200EB4404A28A92073BD500261D783F
:1050300002684FEA850C02EB8502C2F81065C2F8DF
:105040001065A28A22F4604222F02002A2825A78DD
:1050500032B9002070BD4FF474711748DFF734FF88
:105060009E7812040B02006802F4403203F4F853F5
:1050700013433205604402F480121343D0F8102524
:1050800022F4981222F4F852C0F81025D0F8102516
:105090001343C0F81035A38A43EA453343F0200395
:1050A000A382D6E76FF0150070BD4FF48D61034801
:1050B000DFF70AFF00258440542E08001035080051
:1050C00010B1C0E90312704740F2714108B50148C0
:1050D000DFF7FAFE1035080008B560B182B1C9B239
:1050E00000EB4100838A990645BF5B0B00206FF0FF
:1050F0001500137008BD40F27A410448DFF7E4FE62
:1051000040F223310148DFF7DFFE00BF1035080011
:1051100070B568B390F86C40054690F86D60FCB9C6
:1051200040222146143013F0F1F9144B214653F874
:1051300036302A6813B904E0082914D001318B42B3
:10514000FAD1002442F30730C2F87C41D2F87C3116
:10515000E6F7E6FA012385F86C30AB65204670BDB2
:105160006FF0770070BD40F2A7310548DFF7ACFE65
:105170004FF491610348DFF7A7FE00BF88350800B0
:10518000503508001035080028B190F86C00003840
:1051900018BF0120704740F28F4108B50148DFF782
:1051A00093FE00BF1035080008B1FFF711BE40F2B2
:1051B0009D4108B50148DFF787FE00BF10350800A4
:1051C00008B540B1064B90F86D0003EB8000BDE8D8
:1051D0000840FFF707BB40F2A4410248DFF774FE26
:1051E000A87801201035080010B560B1084B90F880
:1051F0006D000C4603EB8000FFF7D2FA0028A4BF35
:105200002070002010BD40F2AB410248DFF75CFE89
:10521000A87801201035080038B5002865D05FFA5D
:1052200081FC00EB4C0CBCF8143013F01C0F57D071
:105230009D06046819D513F0020516D15B0B4FEAE1
:10524000830C0CF580716550615801686144D1F898
:10525000104544F00104C1F810452AB1012201684B
:1052600002FA03F3C1F8043338BDD4F80433002B39
:10527000A4BF4FF00043C4F80433002A3AD0BCF86E
:1052800014304A09C3F38203042B19D0052B1ED016
:10529000C2B94FF0FF33CB40D80713D5184B1B6969
:1052A000CB4003F001030233154A02EB8101D1F830
:1052B000002222F4403242EA0343C1F8003238BDF2
:1052C00003233AB14FF474710E48DFF7FDFD02235A
:1052D000002AF7D14FF0FF32CA40D207F2D5E3E7F8
:1052E00040F235410848DFF7EFFD4FF4A56106486D
:1052F000DFF7EAFD40F24F410348DFF7E5FD00BF6D
:1053000000258440542E08001035080008B1FFF72E
:105310002BBD40F22F5108B50148DFF7D5FD00BF86
:105320001035080008B54B0915D14FF0FF33CB40BD
:10533000DB0710D500EB4100838A99070BD413F0EB
:105340001C0F08D09A0645BF580B80004FF4BE7062
:1053500000F5807008BD40F2E9110148DFF7B4FDA7
:10536000103508002DE9F04F87B0002800F00C81BF
:1053700083465BF8046B90F86DA0DFF81892D6F8BE
:10538000047359F83AC0FFB2054647F0004709EBED
:10539000CA00BCF1000F3CD000244FF0010E2346A0
:1053A000A04606F58071019604E0082B01F1040186
:1053B00000F0E58023F040420EFA02F2174205D0D9
:1053C0000E681EB1C1F8008014430A6801339C4581
:1053D000EBD1019ED6F87C3103BBBCB1012794FA16
:1053E000A4F3B3FA83F303F5A27256F8222007FA66
:1053F00003F105EB430324EA01045846B3F85C10BB
:10540000C2F30142FFF764FC002CE8D107B0BDE80D
:10541000F08FD6F87C31002BF8D06446002209EBDF
:10542000CA09D9F80430C6F87C21DF07059206F5D1
:10543000BE79D6F87C2103F0010A03D5564A136AD7
:10544000136205938046544F98F80420D10750D535
:10545000059A002A4DD058461146D346CA46A14661
:1054600005AB019691FAA1F1B1FA81F101264FEA5B
:10547000D10C13F80C2001F0070406FA04F422EA18
:10548000040203F80C2005EB4102B2F814C04FF0FF
:10549000FF32CA40D2073AD53F4CCCF3820E04EB20
:1054A0008104D4F800621CF0100F7246C6F3014666
:1054B00032D1022E58D0D4F800C2BEF1030F2CF422
:1054C000403C4CF4003CC4F800C241D1CDE902019B
:1054D000FFF7FEFBDDE9020105AB01228A402E4900
:1054E0000A6205990029BDD14C46D146DA46834669
:1054F000019ED6F87C218ABBBAF1000F3FF46DAF54
:105500003A6A3A62002A3FF468AF05929CE74FF48A
:1055100074712248DFF7D8FCCDE90201FFF7D8FB10
:10552000DDE90201D4F8002205ABC2F30142964244
:10553000D3D1D4F8002222F44032C4F80022D4F8A7
:10554000002222F4403242EA0642C4F80022C4E7B4
:10555000032EC2D1BEF1020FBFD1B7E70022C9F8B6
:105560000020D9F80020C7E7D4F800C24CF4403C32
:10557000C4F800C20EF00504012CA7D0ADE740F23C
:10558000A7310748DFF7A0FC40F25C610548DFF770
:105590009BFC00BF8835080000258440542E08007D
:1055A00050350800103508004B7F70B50E46054693
:1055B0009BB101236424436104E00120FFF7EEF86E
:1055C000013C08D0D5F80431002BF6D00023C5F8F3
:1055D0000431D5F8043100237377B37F5B0744BFF0
:1055E0000023C5F8003570BDB0F1FF3F39D0012967
:1055F00010B54FEA501405D094B14FF474711948A6
:10560000DFF762FC0BBB002CF7D14FF0FF33C34038
:10561000DC07F2D5144B01FA00F4DC60022404E04C
:105620004FF0FF33C340DB07E7D50F4B44EA82045A
:1056300003EB8003D3F800020C4A0C4302401443EE
:1056400044F44074C3F8004210BD002CD5D14FF093
:10565000FF33C340DB07D0D5034B01FA00F49C6055
:10566000DCE77047542E080000258440F0F8FCFF6A
:10567000F8B54E4A4B690C469342054600F09380BC
:1056800067D84B4A93427FD04A4A934208BF4FF0B3
:10569000006653D1E27E95F8223062F3000385F86C
:1056A0002230227CDBB262F3410385F82230E77EB0
:1056B000EFB9237E0121012B94BF002301233A4639
:1056C0002068FFF791FF3B463A4601216068FFF7EB
:1056D0008BFF3B463946A27EA068FFF785FF237CFF
:1056E0003A460121E06883F00103FFF77DFFE2689D
:1056F00095F822306A62227C62F3410385F82230F9
:10570000277FA07C217E627E2B6897B3003A18BF6A
:1057100001220229C3F8C005C3F824653DD003293E
:1057200038D001293CD0C3F854256B685BB3286896
:10573000BDE8F84040F30730E5F7F2BF1E4A934258
:1057400008BF4FF00076A5D04FF4B6711B48DFF7C5
:10575000BBFB1B4A93421AD01A4A934208BF4FF030
:10576000004697D0184A934208BF4FF0005691D098
:10577000EAE7D4E900C7A468C3F808C5C3F80C7504
:10578000C3F81045C2E7F8BD4FF0806682E74FF0DE
:1057900080467FE742F00602C5E742F00402C2E716
:1057A00042F00202BFE74FF0805673E740420F001D
:1057B00090D0030020A1070048E8010098350800B8
:1057C00000093D0000127A0080841E0038B570B3D5
:1057D00069B3044690F8200030BB4869164DA842D2
:1057E00015D00BD9154DA84211D0154DA8420ED099
:1057F000144DA8420BD06FF0150038BD124DA842D1
:1058000005D0124DA84202D0114DA842F3D1C4E9EF
:1058100001232046FFF72CFF0023012284F82130CA
:1058200084F82020184638BD6FF0770038BD40F26C
:105830001A210848DFF748FB40420F0000093D00ED
:1058400000127A0080841E0090D0030020A107007F
:1058500048E801009835080038B500287ED090F857
:1058600020300446002B74D0006840F30730E5F781
:1058700065FF636843B1214623683B4AC3F80823A8
:1058800051F8040BFFF790FE2368D3F80825D3F8EE
:105890000C05D3F8101594F82230DB0750D4551CB2
:1058A00011D0530950D14FF0FF33D340DB074BD514
:1058B0002E4B03EB8202D2F800522D4B2B4043F0CB
:1058C0000203C2F800324D1C11D04B093CD14FF0FD
:1058D000FF33CB40DA0737D5244A254B02EB810250
:1058E000D2F800120B4043F00203C2F80032431C0E
:1058F00011D0430928D14FF0FF33C340DD0723D532
:105900001A4A1B4B02EB8002D2F800120B4043F004
:105910000203C2F80032636A591C11D05A0913D12C
:105920004FF0FF32DA40D2070ED51049104A01EB92
:105930008303D3F800120A4042F00202C3F80022A7
:10594000002384F8203038BD4FF474710948DFF724
:10595000BBFA40F27D210848DFF7B6FA40F2792120
:105960000548DFF7B1FA00BF520108000025844066
:10597000F0F8FCFF542E080098350800F8B5002810
:1059800000F0198190F820308446002B00F08980C7
:105990000B688E461446002B00F0C980DEF80830F4
:1059A000002B00F0CC8014F0080676D19CF8213052
:1059B000002B40F0FD80DCF804302BB114F0140F04
:1059C00004BF01238CF821300CF110059EE80F0074
:1059D00085E80F00DCF824305F1C10D09CF8221002
:1059E0005A098D0762D5002A78D14FF0FF32DA408C
:1059F000D00773D5012202FA03F3714A9360DEF8EF
:105A00000030DCF800002BB103F06043B3F1005F1D
:105A100040F0BD80DEF808302BB103F06043B3F1F5
:105A2000005F40F0B48014F0010318BF0123C0F8F8
:105A3000503514F0020318BF0123C0F8403500238D
:105A4000DEE90151DEF80C20DEF8007014F01C0FC6
:105A5000C0F84475C0F84855C0F83415C0F838256A
:105A6000C0F81831D0F8183132D0012207219CF843
:105A7000223062F382038CF82230C0F80015DCF883
:105A8000043086B3002B6ED0402362074CBFC0F8B1
:105A90000833C0F804330020F8BDDCF824300133AB
:105AA00084D04FF464714748DFF70EFAB2B94FF073
:105AB000FF32DA40D10711D5012202FA03F3404A3E
:105AC000D360DEF80030DCF80000002B9CD1A1E7A9
:105AD000D0F80025073A18BF0122C7E74FF47471C8
:105AE0003948DFF7F1F9002B2FD001230361DCF8EF
:105AF0000430002BC8D1DCF824305F1C12D09CF895
:105B000022105A098D0733D5002AE7D14FF0FF3212
:105B1000DA40D407E2D50122294902FA03F3CB6027
:105B2000002EB8D10CF10401FFF73EFDB3E74B683E
:105B3000002BB6D1DEF80830002B7FF434AFDEF84E
:105B40000C30002B3FF42FAFABE701230361D0F8FB
:105B50001831002BFBD0D0F81831F3B9DCF8043041
:105B6000002B91D1C7E7DCF824305A1CC7D192E74B
:105B7000002AB3D14FF0FF32DA40D107AED501226F
:105B80000F4902FA03F38B60002E84D1CAE7002389
:105B90008CF821306FF00C00F8BD0023C0F81831EC
:105BA000DCF80430D0F81821002B7FF46DAFA2E7A9
:105BB0006FF00F00F8BD4FF463710248DFF784F90E
:105BC0000025844098350800542E080010B50028A0
:105BD00041D004460068D0F8183103B910BD002345
:105BE000C0F818316368D0F81821002B38D0636AE8
:105BF000591C0FD094F822205909920716D509BBD9
:105C00004FF0FF32DA40D1071CD50122174902FAC2
:105C100003F3CB6094F82130CBB9D4E901310022F1
:105C2000227304F10C00BDE81040184751B94FF041
:105C3000FF32DA40D20705D501220C4902FA03F3FC
:105C40008B60E7E74FF474710948DFF73DF9211DD8
:105C5000FFF7AAFCE1E74FF472710648DFF734F969
:105C600040F2FF310348DFF72FF900BF00258440E1
:105C7000542E0800983508002DE9F04F83B0324CBF
:105C80004FF0FF324FF0FF33304804F06FF92578C2
:105C9000002D44D14FF4907942F224174FF0400A7E
:105CA0004FF0280B264642F2201842F2281200211B
:105CB000304612F02BFC4FF4055101224FF0FF3318
:105CC00005FB01F1625421444B60002104EB0B0001
:105CD00004F07CFC0122002104EB0A0004F076FCB5
:105CE0000023A044D8E8EF2FC8E8E13F0029F9D10C
:105CF0002744D7E8EF2FC7E8E13F0029F9D1CDE9E4
:105D0000003329463246124804EB0903DFF79EF8B8
:105D10000E4804F0DBF9304603B0BDE8F08F04F51F
:105D2000005393F840310BB10026F1E742F26029AD
:105D300044F264274FF4065A42F2681B44F260288A
:105D4000012504F50556B0E7C07C01201C7A01202E
:105D5000D4350800B0B110B504464FF0FF334FF012
:105D6000FF32094804F002F942F2281200212046CD
:105D700012F0CCFB4FF0FF3363600348BDE81040E6
:105D800004F0A4B9704700BF1C7A012010B128307C
:105D900004F030BC704700BF002300B587B0DDF8C9
:105DA00028C00BA80390059001221846CDE90033C6
:105DB000CDF808C0E0F7A2F807B05DF804FB00BF1B
:105DC000F0B52821064687B0012007F045FF0028DE
:105DD0003DD00125022E04460CBF1122062246604A
:105DE000057231462846E7F7B9F90028206013DB31
:105DF00000231A4ACDE90460029218462A46CDE9EA
:105E0000003317490394FFF7C7FF04F1140004F0AF
:105E1000A5F8204607B0F0BD12F07EFE2A460546E2
:105E20000023DFF840C0104F5CF805501846CDE95C
:105E30000465CDE90274CDE900330949FFF7ACFFF1
:105E4000204607F0F7FE0024204607B0F0BD12F010
:105E500063FE0C22034B1A50F5E700BF54360800CE
:105E6000389107000C0000001C360800F8B5D8B1C6
:105E700003680546002B17DB0F4601202821164634
:105E800007F0EAFE044678B12B6802214FF48072D5
:105E9000036001230761C681416002818381143060
:105EA00004F05CF82046F8BD00242046F8BD00BF91
:105EB000002846D02DE9F041037A044688B013B19A
:105EC0000568002D10DA00231E480122CDE90204E6
:105ED000CDE9003318461C49FFF75EFF204608B0A5
:105EE000BDE8F04107F0A6BE0026184BCDE903053A
:105EF0000293304601223346CDE900661249FFF78E
:105F00004BFF12F009FEDFF84880074640F80860B2
:105F10002846E7F76BF9844657F808200D4B0692A0
:105F2000CDE90234012233463046CDE90066064908
:105F30000495CDF814C0FFF72FFF4FF0FF33236017
:105F4000C1E77047F436080038910700843608002E
:105F50000C000000B43608002DE9F04F8BB000288B
:105F60006DD01F4603680446002B68DB8846164642
:105F700000F1140900254FF0FF324FF0FF3348467F
:105F800003F0F4FFCDE907670394637A284606938C
:105F90006368CDE900550593236801220493294BDA
:105FA000294902932B46FFF7F7FE12F0B5FD63680F
:105FB000DFF898A0022B4AF8005001D1637A8BBB1E
:105FC000206800253B46CDE9005541463246E7F7BB
:105FD000C3F9054612F0A0FDD4E900E800235AF801
:105FE000007094F809B0DFF868C001221846CDE9C6
:105FF00006B6CDE904E8CDE902C4CDE90857CDE9FC
:1060000000331149FFF7C8FE484604F05FF8002D41
:1060100003DB28460BB0BDE8F08F7D4228460BB06D
:10602000BDE8F08F234653F80C0B08220093019231
:106030003B4641463246E7F78FF90546CAE76FF01F
:106040007F05E6E718370800389107000C000000CC
:106050005C370800002300B587B0DDF828C00BA826
:106060000390059001221846CDE90033CDF808C011
:10607000DFF744FF07B05DF804FB00BF2DE9F04FE8
:106080004FF00008044600F50456BB4FADF63C0D3A
:106090002436D6E8AF5F4DBB63693BB31A68002A6C
:1060A00024DB12F039FD5A683D50022A5BD0B8F16A
:1060B000000F3ED0186800234FF40062CDE9003392
:1060C0000EA9E7F77DF9024612F026FD002A57F8DF
:1060D00000801CDC0AD0B8F1040F3FD0B8F10B0FE0
:1060E0003CD0D6E8AF3F002B00F0FB80002204F547
:1060F00004532033D3E8EF1FC3E8E02F0028F9D181
:106100002046FFF743FE0DF63C0DBDE8F08F2069F9
:106110000EA90FF0D6FD8046B8F1000F03DA18F192
:106120000B0F40F0E9802046FFF730FE4FF00108EA
:10613000AFE72269404605921B680122CDE903437F
:106140008E4BCDE9008802938D494346FFF782FFCD
:1061500004F1400004F04EFA6369ABE7002121200E
:1061600006F03EF8E2E7082221690DF130090691B8
:10617000C9E900550A921A682846CDE90432814BD4
:1061800001220293CDE900552B467D4903940DF180
:10619000280AFFF75FFFB8F1000F00F0D5806369B0
:1061A00018680023CDE9009A4FF400620EA9E7F7C2
:1061B00007F9824612F0B0FC6369BAF1000F1B6860
:1061C00057F80080C0F2AB804FF00008CDE9043AE8
:1061D0000394B9F8023001225BBA9BB207936A4B71
:1061E00040460293CDE9008843466549CDF81880C2
:1061F000FFF730FFBAF1000F3FF478AFCDF82C80F5
:1062000004F1580B58460BA905F020F90B9A002809
:106210007FD0434608934FF400534FF00008079394
:106220005A4BCDE90502CDE9008840460293012290
:106230004346CDE9034A5249FFF70CFFCDE90088F8
:10624000CDF810A0B9F8023040465BBA9BB2059376
:106250002369012203934E4B494902934346FFF7BA
:10626000F9FEB9F8023052460093D9F8043020699B
:106270000EA909F08DF8CDF82C80804658460BA960
:1062800005F0E4F80B9B20B9B3F5005F98BFC3F5A8
:106290000055CDE905034FF40053089500250793F9
:1062A0003C4B0122284636490293CDE9034A2B464E
:1062B000CDE90055FFF7CEFED4F8109048460FF018
:1062C0001DFE354B0690029328462B460122CDE950
:1062D000039ACDE900552A49CDF81480FFF7BAFE9C
:1062E0001AE72E4A1846CDE90228CDE900330122EB
:1062F0002349FFF7AFFEF9E6294B01220293002361
:106300001F491846CDE90033CDF80C80FFF7A2FEF7
:1063100009E7B2F5005F2CD8C2F500537AE7CDE962
:10632000043AB9F80230184A5BBA9BB207930023CB
:10633000029218460122CDE900331149CDF81880A8
:106340000394FFF787FEC6E623690122059363697C
:1063500028461B680A49CDE90343124BCDE9005595
:1063600002932B46FFF776FE04F1400004F042F959
:1063700015E703464EE700BF0C0000004439080053
:1063800040910700B83708001C3808005C38080046
:10639000A0380800CC3808001039080084390800FB
:1063A0006C390800F0370800002854D02DE9F0437C
:1063B00000F50455044689B02035D5E8AF6F1EB10D
:1063C000002009B0BDE8F08300F504572437D7E872
:1063D000EF3FC7E8E26F002AF9D10123D5E8EF2F9C
:1063E000C5E8E13F0029F9D104F14008404604F036
:1063F000C3F904F1580900220023CDE9062307233D
:106400004FF4005203934846CDE90166274B0496AA
:10641000009404F5907104F0CFFF2549484604F03C
:10642000D7FE002340464FF4004204F053F963695D
:10643000B0B993B11968D5E8AF2F00231D48CDE955
:1064400003410592029001221846CDE900331A4912
:10645000FFF700FEB4E7002070474FF0FF31EAE796
:106460000BB31B680026CDE90430144B0122CDE9A3
:10647000023430463346CDE900660F49FFF7EAFDA6
:106480000123D7E8EF2FC7E8E13F0029F9D14846BB
:10649000E5F7E2F8D5E8EF3FC5E8E26F002AF9D169
:1064A0006FF073008DE74FF0FF33DBE77D60060090
:1064B000A8390800D839080040910700B43908000D
:1064C00000284DD02DE9F04300F50456044687B06E
:1064D0002036D6E8AF3F13B907B0BDE8F0830125F9
:1064E00000F504532433D3E8EF2FC3E8E15F00291C
:1064F000F9D1616909B10B7A9BBBD6E8AF2F0025B2
:10650000454B0492CDE9023401222B462846CDE9C1
:1065100000554249FFF79EFD04F158084FF4004230
:106520000023404606F012F80746D6E8AF3FCDE913
:1065300004033B4B0122029328462B46CDE900552C
:1065400036490394FFF786FD002F47D1D6E8AF3FC9
:106550005BBB04F1280007B0BDE8F04304F00CB9C0
:1065600070470B68002BC8DB12F0D6FA0027DFF863
:10657000B490804640F8097008680221E6F738FEBA
:10658000864658F809302A4605936569CDF810E02B
:106590002D68DFF894C03B463846CDE902C5CDE909
:1065A00000771E49FFF756FDA7E700251F4B012284
:1065B000CDE9023428462B46CDE900551749FFF7AF
:1065C00049FDD6E8EF3FC6E8E25F002AF9D104F1C1
:1065D000280007B0BDE8F04304F0CEB8144B012208
:1065E000CDE9023428462B46CDE900550B490497E6
:1065F000FFF730FD4046E5F72FF84FF0FF324046F9
:106600004FF0FF3305F0A2FFD6E8EF3FC6E8E25FA8
:10661000002A9BD0F8E700BF303A080040910700FD
:106620005C3A08000C000000043A0800B83A080080
:10663000903A080000B512F06FFA86210346034A2B
:106640004FF0FF30D1505DF804FB00BF0C0000009C
:106650002D2801D00020704701390129FAD82AB12C
:10666000FD3A012A8CBF00200120704701207047AD
:1066700043691868E6F79ABF43691868E6F768BF88
:1066800010B44069019C0068019410BCE6F72EBF6D
:1066900010B44069019C0068019410BCE6F7F4BE98
:1066A0002DE9F04104460E46154603F0400700F17F
:1066B00028080CE01CF10B0F15D1FFB940F6CD42B4
:1066C0000023404604F006F820690AF023FD002369
:1066D0002A463146206909F0FDFCB0F1000CE9DBE7
:1066E0006046BDE8F081CCF1000312F015FA4FF0DE
:1066F000FF3C034A13506046BDE8F0810B23F4E7EA
:106700000C0000000023FFF7CBBF00BF2DE9F043D2
:10671000836883B0022B63D104460F46164600F10E
:10672000280506E042D140F6CD420023284603F07A
:10673000D1FF20690FF0B5FB031EF3DD4FF0000819
:106740002069424601A9CDF804800FF023FA002801
:106750005ADB019800283DD00FF078FB81460028D5
:1067600054D0FFF789FA0446002858D0E6F7B8F964
:10677000051E3BDB0222FD2301982146C4E90223CA
:106780006560C4F81490206110F00DFA1FB116B1C5
:106790003368072B15D828464FF440432146284A32
:1067A000E6F7E6F9284603B0BDE8F08312F0B4F945
:1067B000244A5B4213504FF0FF35284603B0BDE832
:1067C000F0830823D9F80C10D9F8102039607A60CA
:1067D0003360E0E7052312F09FF91A4A1350EAE705
:1067E00012F09AF95F22174B1A50E4E72046FFF7A0
:1067F000B1FA4146019810F0A0F901980FF0DBFCC6
:106800004846FFF755FBD6E74342E4E701980FF00F
:10681000D2FC12F081F905220A4B1A50CBE701464F
:10682000019810F08AF901980FF0C5FC4846FFF76F
:106830003FFB12F071F90C22024B1A50BBE700BF6C
:10684000584408000C00000038B583680446012B4A
:106850000D460AD0294620690FF084FB031E12DB87
:10686000A368022B0AD0002038BD43691868E6F7F8
:1068700047FD0028EEDA4FF0FF3038BD2046FFF725
:1068800093FD031EEFDA12F047F9024A5B42135000
:10689000F1E700BF0C00000038B5D0B10C46C1B123
:1068A000072A16D90B88012B13D1436905461868AE
:1068B000E6F7CAFC002811DB6288616828690FF0DE
:1068C000BEF9031E0DDB22686368AA61EB6100203C
:1068D00038BD12F021F91622054B1A504FF0FF3047
:1068E00038BD12F019F9024A5B421350F6E700BFB7
:1068F0000C00000038B5044600690D4610F097F909
:10690000636918682946BDE83840E6F771BC00BFE6
:10691000F8B504460E46154600F128070BE013F1C2
:106920000B0F12D14FF4A4720023384603F0D2FEAD
:1069300020690AF0EFFB00232A463146206909F05E
:1069400009FD031EEBDB1846F8BD12F0E5F85942CD
:106950004FF0FF33014A11501846F8BD0C000000FB
:10696000FFF7D6BF10B50446FFF79AFE00280ADBF2
:10697000029B43B1039B33B11B68072B03D96369A7
:106980000BB15A7A02B910BD0822D968029C1B6962
:1069900021606360039B1A6010BD00BF002300B537
:1069A00087B0DDF828C00BA803900590CDE900332F
:1069B0001846CDF808C0DFF7A1FA07B05DF804FB70
:1069C000002800F0DF812DE9F04F436904468DB0C7
:1069D000002B00F0D4811E68EFF311830B9320236A
:1069E00083F31288BFF36F8FCA4805F0B7FF002802
:1069F00000F0CA81C74805F0D7FF2369C64D003BA8
:106A000018BF01236B6163694FF00109003B18BF98
:106A10000123AB612B6804F504584B442B60636879
:106A20002E61EB6008F12008C5F80890D8E8AF3F68
:106A300004F50457EB612437D7E8AF3F2B624FF0E2
:106A4000FF33C5E9093306F033FB02464FF0000A75
:106A50004FF0000B4FEA411E4FEA421CBCEB020C08
:106A60004EEAD26E6EEB010E4FEA8C034FEA8E0EA9
:106A70009B184EEA9C7E41EB0E01C90041EA53711E
:106A8000C3F3103343EA4143A248C90BC5E90EAB37
:106A90002B63696305F070FF002800F079810B9B80
:106AA00083F31188BFF36F8F6368D4E90421D8E8BA
:106AB000AF0FD7E8AFCF4FF0000BCDE90621974AD3
:106AC000CDE9080CCDE9043658465B460292CDE983
:106AD00000BB4A4692490394FFF760FF914A5B4628
:106AE00058468F490292CDE903464A46CDE900BB9C
:106AF000FFF754FF2046FFF7E3FCD8E8AF2FD7E8B5
:106B0000AF1FCDE90521884A5B46029258464A46A6
:106B1000CDE90346CDE900BB8149FFF73FFFEFF325
:106B2000118A202383F31288BFF36F8F794805F011
:106B300015FF002800F02881764805F035FFD8E8D9
:106B4000AF2F6A62D7E8AF2FAA62AA68714842F0F5
:106B50000202AA6005F010FF002800F019818AF3F4
:106B60001188BFF36F8F22691AB3CDE903426F4AD0
:106B70005B4658466A490292CDE900BB4A46FFF798
:106B80000DFF5946206910F00EF8594620690FF0A4
:106B9000D4FF20690FF00FFB6549C4F810B04A46D6
:106BA00002915B465846CDE900BB5D490394FFF76F
:106BB000F5FEEFF311874FF0200989F31288BFF338
:106BC0006F8F544805F0CAFE002800F0DD80514860
:106BD00005F0EAFEAB684F4843F00403AB6005F0F4
:106BE000CBFE002800F0D48087F31188BFF36F8FAD
:106BF000002763690122CDE904364E4B3846CDE9C2
:106C0000023447493B46CDE90077FFF7C7FE60698C
:106C1000FFF74EF9484B67610122029338463B4625
:106C2000CDE90346CDE900773D49FFF7B7FEEFF325
:106C3000118889F31288BFF36F8F364805F08EFEF6
:106C4000002800F0A180334805F0AEFEAB68314863
:106C500043F00803AB6005F08FFE002800F0988039
:106C600088F31188BFF36F8FCDE9007703946368D1
:106C700001220493314B3846029329493B46FFF7E2
:106C80008DFEEFF3118889F31288BFF36F8F2148CF
:106C900005F064FE002877D01E4805F085FEAB683D
:106CA0001C4843F01003AB6005F066FE00286FD06F
:106CB00088F31188BFF36F8F2046FFF74BF8EFF38F
:106CC000118889F31288BFF36F8F124805F046FED2
:106CD000002859D00F4805F067FEAB6843EA090366
:106CE000AB6006F0E5F984464A014FEA4C1EBEEB64
:106CF0000C0E42EADC6262EB01024FEA8E03920064
:106D000013EB0C0342EA9E7241EB0201C90041EA17
:106D1000537115E000E2012060CC0120FC3A08002C
:106D200048910700603B0800903B0800DC3B0800EE
:106D3000083C0800303C0800703C0800A83C0800F3
:106D4000C3F3103343EA41431448C90BAB63E9630F
:106D500005F012FEE0B188F31188BFF36F8F104881
:106D60003B46CDE9017001223846CDE903460D4985
:106D70000097FFF713FE00200DB0BDE8F08F4FF035
:106D8000FF3629E60020704788210748DEF79CF887
:106D90004FF49A710448DEF797F800BF00E2012033
:106DA000D83C0800489107006CB607002DE9F04F69
:106DB000FE2AA3B01646159100F04381022915BFA3
:106DC0004FF0010A4FF0020A4FF0FD0B4FF0FE0B9F
:106DD000EFF31188202383F31288BFF36F8FB94834
:106DE00005F0BCFD002800F06881B74CB54805F0FF
:106DF000DBFDD4E90E592368616A16936368626B00
:106E00001793D4E9027318932369AE481993636901
:106E100021911A93A3691F921B93E3691C93236A20
:106E20001D93A36A1E93236B209305F0A5FDDDE956
:106E30001F232199002800F03B8188F31188BFF3BC
:106E40006F8F9D4279EB020080F2F3804FF0FF35A7
:106E50002846CDE9105000250C911D99CDE90E3240
:106E60000B911C991E9B0A911B990D9309911A99DC
:106E7000964B0891199905970791189902930691D5
:106E800017990122049116992B4603912846CDE9C2
:106E900000558F49C7F340171297FFF77FFDEFF3B7
:106EA0001188202383F31288BFF36F8F854805F084
:106EB00055FD002800F00181824805F075FD6768E6
:106EC00080480137676005F057FD002800F0F0802A
:106ED00088F31188BFF36F8F159B0122CDE90373EF
:106EE0007C4B28467A490293CDE906AB2B46CDE987
:106EF00000550596FFF752FDFEF7BEFE044600283A
:106F000000F0A38000F50459436809F12009D9E88D
:106F1000AF2F00F5045808F12408D8E8AF0F6169D5
:106F2000099121690493159BCDE9070105936A4BEB
:106F3000284667490692029301222B46CDE9005567
:106F40000394FFF72BFD5046FEF73AFF03466061BE
:106F5000002800F09980027A604B069202685C4932
:106F6000CDE90402029301222B462846CDE90055C3
:106F70000394FFF713FD584604F110010EF0AAFE2A
:106F8000061E79DBD4E90430002B66D00268504934
:106F9000CDE90432524B012228460293CDE9005537
:106FA0002B460394FFF7FAFC214620690FF0FBFD06
:106FB000D4E904010FF0C1FDE5F792FD061E57DB91
:106FC0004FF440432146C4E9016A464AC4F80CB074
:106FD000E5F7CEFD636922691B68D9E8AF1FD8E8E1
:106FE000AF0FCDE90632404BCDE90810012228460B
:106FF00037490293CDE904462B46CDE90055039766
:10700000FFF7CCFC636939491B680322CDE906B35D
:10701000159BCDE90216049328462B46CDE9005571
:107020002B49CDF814A0FFF7B9FC304623B0BDE8DA
:10703000F08F53EA02003FF409AFED1A69EB02004A
:1070400007E793464FF0020AC2E611F065FD0C22F5
:10705000274B1A504FF0FF36E7E7FEF729FF20468F
:10706000FEF778FE052611F057FD214B1E50F1E783
:107070002046FFF7A5FCEDE76069FEF719FF204603
:10708000FEF768FE7642EEE711F046FD0546184F22
:10709000184E7D5918460122CDE90345CDE900334C
:1070A0000B490296FFF77AFC2046FEF753FED1E724
:1070B0004FF49A711048DDF707FF88210E48DDF77D
:1070C00003FF00BF00E2012060CC0120083D080062
:1070D00048910700C83D08002C3E0800B83E080053
:1070E000FC3E080058440800303F0800983F080064
:1070F0000C000000883E08006CB607002DE9F04F38
:1071000095B0002800F06F830F46002900F06B83D4
:10711000072A144640F26783B1F800A0BAF1010FC4
:1071200040F06183054605F0C3FF4FEA401E4E0163
:10713000BEEB000E46EAD06666EB01064FEA8E0C07
:107140001CEB000C4FEA860040EA9E706B6941EB35
:1071500000015A68C90041EA5C71CCF3103040EA82
:107160004140022A4FEAD1310A900B9100F0AC82E3
:10717000BB496A680C9119684FF0000BCDE90531E5
:107180000492089403957A88584652BA92B20992AA
:107190002A695B460792B34ACDE900BB0292B24925
:1071A0000322FFF7FBFB11F0B7FC0C9E6A6946F85F
:1071B00000B08046106822463946E6F773F856F864
:1071C000084081460D9405F073FF6A6984468E4637
:1071D00012684FEA4C1A0892A44ACDE9039402922D
:1071E00003224FEA4E14BAEB0C0A44EADC6464EB67
:1071F0000E044FEA8A06A40016EB0C0644EA9A74C1
:107200004EEB0404944044EA5674DDF828C0C6F3FB
:10721000103646EA4446B6EB0C0606960B9E4FEA3D
:10722000D43464EB06045B465846CDE900BB8E4976
:107230000794FFF7B3FBD945C0F2F2826A6951683F
:10724000022900F09582012138687B68D0601361C3
:107250006B69874859727B683A686B626B692A620E
:1072600019682A69DDF7F2FD2846FFF79DF805F554
:10727000045B04460BF1200BDBE8AF2F01467D4891
:10728000DDF7E4FD05F014FFDBE8AF3F4FF0000948
:1072900006934A0143011B1A42EAD06262EB0102E3
:1072A000920042EA93729B00181841EB0201C90058
:1072B0000A9B41EA5071C0F3103040EA4140C01AC5
:1072C0000B9B4FEAD13161EB03016B4B04900591AD
:1072D000029303224B464846CDE900996249039444
:1072E000FFF75CFB4C45C0F28A8229696348DDF7F1
:1072F000ADFD4B467A887968286908F05FF98046C9
:107300005F484146DDF7A2FD05F0D2FE84460C46FB
:1073100003224FEA4C1E6701BEEB0C0E47EADC6706
:1073200067EB04074FEA8E06BF0016EB0C0647EA30
:107330009E7744EB0704CDE90099944044EA5674E3
:107340000A9FC6F31036CDF80C8046EA44462B69F6
:10735000F61B04960B9E06934FEAD434494B64EB1C
:107360000604029348464B463F490594FFF716FB37
:10737000B8F1000FC0F24982286909F02DFD0446DA
:1073800005F096FEDBE8AF3F06934A0143011B1A66
:1073900042EAD06262EB0102920042EA93729B00E1
:1073A0001B1841EB0201C9000A9A41EA5371C3F369
:1073B000103343EA41439B1A04930B9B4FEAD131AC
:1073C00061EB0301304B0591029348464B46032283
:1073D000CDE9009924490394FFF7E0FA002CC0F2AC
:1073E0000E8205F065FE4EF660284C014601361A05
:1073F00044EAD06464EB0104B700A4003F1844EAF7
:10740000967441EB0401C90041EA5771C7F3103784
:1074100047EA41476B69C90B17EB08086A680D9189
:1074200041F10009002B00F016811B682969DBE897
:10743000AF0FCDE903524EF66022CDE905310023AE
:107440000792124A0890029218460322CDE90033AF
:1074500005491E4605F1280AFFF7A0FA2BE000BFF8
:107460000C000000344008004891070094400800D8
:1074700038410800604108008C410800CC410800F8
:10748000F441080018420800544208009C420800D9
:1074900028690EF033FD002806F1010600F3AC80E8
:1074A00003D010F10B0F40F0D9804FF42472002369
:1074B000504603F00FF905F0FBFD44014A01241A80
:1074C00042EAD06262EB0102A3009200181842EA7D
:1074D000947241EB0201C90041EA5071C0F31030CF
:1074E00040EA414040454FEAD13171EB0901CFDB21
:1074F00005F0DEFD42014B01121A43EAD06363EB53
:10750000010394009B00201843EA927341EB0301AE
:10751000C90041EA5071C0F3103040EA41400D9B70
:10752000C71B4FEAD13161EB0304DBE8AF8F05F5F0
:10753000005303F59273D3E8AF9F6B69002B00F003
:107540004281D3F800A00EF071FC0023C04ACDE9BF
:1075500004740990029218460122CDE9079ACDE9F8
:107560000033BC49CDF8188003966FF07304FFF721
:1075700015FA05F09DFDDBE8AF3F069300234E01B1
:107580004201121A46EAD06666EB0106B60046EAE8
:1075900092769200101841EB0601C90041EA507141
:1075A0000A9AC0F3103040EA4140801A0B9A4FEA21
:1075B000D13161EB0201A84A0490CDE90132059175
:1075C00018460322A34903940093FFF7E7F9002C20
:1075D00040F01581D5E90121A048CDE90321CDE98D
:1075E00001402346032220469A490094FFF7D6F92A
:1075F000204615B0BDE8F08F05F05AFDDBE8AF3F3F
:10760000069300234C014201121A44EAD06464EB51
:107610000104A40044EA92749200101841EB0401A2
:10762000C90041EA5071C0F310300D9A40EA414060
:10763000C01B4FEAD13161EB0201894A04900591E8
:10764000029218460322CDE90033824903961C4674
:10765000FFF7A4F98DE74FF0FF33E7E6044605F0A6
:1076600027FDCDE903640646884600234FEA461C01
:10767000BCEB06094FEA481C4CEAD66C6CEB080CD4
:107680004FEA890E4FEA8C0C1EEB06064CEA997CF9
:1076900048EB0C084FEAC80848EA5678C6F310369B
:1076A00046EA4846F61B06960D9E6E4A4FEAD838C3
:1076B00068EB0606029218460122CDE900336549BF
:1076C0000796FFF76BF954E7002611F025FA082218
:1076D000DFF89491CDE91266CDF840A011960F9293
:1076E00049F800608046CDF83090186810A9E5F799
:1076F000ABFD6B6900281B6859F80890C0F29580B3
:10770000CDE90330594B3046029352463346CDE91A
:10771000006650490596FFF741F9DDF830906B6936
:1077200049F80860186812A90FAAE5F73FFF02465A
:107730006B69002A59F80800196847DB4BD03046BE
:107740003346CDE906630023CDE90420484A1846B4
:10775000CDE90033039102923E490122FFF71EF961
:107760006B694FF0FF316A68002B3FF405AD02E50D
:107770000821CDE912BB0C9C109144F808B01068A8
:1077800012A910AAE5F712FF6A69002854F8084008
:1077900011681DDB2FD10446BDF84A20139B52BA55
:1077A00092B21BBACDE906320023324ACDE9040475
:1077B0000391029218460122CDE900332549FFF7D3
:1077C000EDF86A693FE54FF0FF3ABCE63346B8E7AB
:1077D0005B465A46E6E7BDF84A30139E5BBA104650
:1077E0009BB236BAADE711F097F916221E4B1A502C
:1077F0004FF0FF34FCE65B465C465A46D2E711F098
:107800008BF90C9B64421C50F2E711F085F902469B
:107810000C99C8F1000328468B50FEF751FEE7E7AC
:10782000DDE90C3243F80820E2E7CDE903300F4BE5
:107830005246029330463346CDE900660549CDF8FD
:107840001490FFF7ABF80C9B43F80890D0E700BF0B
:107850006C43080048910700D04308001444080016
:10786000F4420800304308000C0000002C440800DB
:10787000E03F0800E040080010F1840F034612DAF0
:1078800010F1950F0DDB9533102B0AD8DFE803F0CC
:1078900013090909090909091509091719091D1BFE
:1078A00011000B4870470A4A0A48002B18BF1046BF
:1078B00070470948704709487047094870470948A8
:1078C000704709487047094870470948704700BF2A
:1078D000B8440800AC440800344508004C45080092
:1078E000F844080018450800E4440800684508000A
:1078F000C844080030B40D6804682C4404601D6856
:107900006C404FEA34441C6015682C4414600D68C8
:107910006C404FEA34540C6005682C4404601868CD
:1079200060404FEA306018601368034413600A68CF
:1079300030BC53404FEA73630B6070472DE9F0474A
:1079400080469146A0B08A46EE46404C40490068C9
:10795000CDE900413F49D8F808200291A1F16461C6
:10796000A1F5E331A1F5DF7103911D46D8F80410AC
:10797000D8F80C3004AF0FC70A26D8F81000D8F892
:107980001410D8F81820D8F81C300DF1400C0FC78F
:10799000D9F80030CDF830A00D93D9F804301FACE1
:1079A0000E93D9F808300F93BEE80F00ACE80F0033
:1079B000BEE80F00ACE80F00BEE80F00ACE80F0017
:1079C0009EE80F008CE80F001CAB18AA14A910A8A1
:1079D000FFF790FF1DAB19AA15A911A8FFF78AFFA1
:1079E0001EAB1AAA16A912A8FFF784FF23461BAAEA
:1079F00017A913A8FFF77EFF23461AAA15A910A8F6
:107A0000FFF778FF1CAB1BAA16A911A8FFF772FF9E
:107A10001DAB18AA17A912A8FFF76CFF1EAB19AA75
:107A200014A913A8FFF766FF013ECDD12B460FA97D
:107A3000ADF1040051F8042F50F8045F8C422A4441
:107A400043F8042BF6D120B0BDE8F087657870616B
:107A50006E642033322D62792DE9F04FCE688D6847
:107A6000426B330A4F6843F08073B604D1F800804C
:107A7000134446EA95362D03D0E9052E45EA1755FD
:107A8000A3FB02C9BF01426A47EA986728F07C4815
:107A900090440268816AE8FB02C927F07C470F44E2
:107AA000016AD0F830A0E7FB01C926F07C465644B5
:107AB000E6FB0EC9AEFB03EAD0F804B0C469E8FBEC
:107AC0000BEAE2FB07EA85B0E6FB04EACDF804B076
:107AD000D0F82CB025F07C455D44E1FB05EAE5FBE0
:107AE00004C9CDF80CE0A4FB034ED0F808B0CDF8E3
:107AF0000890E8FB0B4EDDF804B0E7FB0B4EE1FB12
:107B0000064EA1FB0319D0F80CB0E2FB054EE8FBD2
:107B10000B19D0F808B0E7FB0B19E2FB0619DDF8EA
:107B200004B0A2FB0323E5FB0B19D0F810B0E8FB6F
:107B30000B23D0F80C80DDF804B0E7FB0823E6FB4C
:107B40000B23D0F80880029FE5FB0823039E4FEA31
:107B50009C6545EA8715AF194AF1000ABD0E45EA52
:107B60008A152E194EF1000EB50E45EA8E156D18C8
:107B700049F10009A90E41EA8911891843F100036E
:107B80008A0E42EA83122CF07C4C02EB82026244A1
:107B900027F07C4426F07C4625F07C4521F07C4192
:107BA00022F07C4304EB9264C66205634163C0E942
:107BB000093405B0BDE8F08FF0B50F2A1746064628
:107BC0000C4685B021D9A2F1100525F00F0510351E
:107BD0000D44214630461034FFF73EFFAC42F8D149
:107BE00007F00F070FB905B0F0BD00233A4629464C
:107BF0006846CDE90033CDE9023310F07BFC6946DD
:107C00003046FFF729FF05B0F0BD0D46EAE700BF9B
:107C10002DE9F04F4FF000081546A9B01F460A465F
:107C200006AB4146FFF78AFE9DF81D4029469DF8A8
:107C30001C509DF82000240444EA05249DF81F50A0
:107C40009DF82320000440EA05209DF822509DF86D
:107C50002630120442EA05229DF825501B0443EA0F
:107C600005239DF81E509DF82160284340EA0660D8
:107C700032439DF82460CDE91F8842EA066233430F
:107C80009DF81B60CDE92188344344EA05649DF8E2
:107C900027500B9E43EA0563C3F313231A9303EBA8
:107CA00083031E93664BCDF88C8003EA94031793ED
:107CB00003EB83031B93634B0A9C03EA1013189393
:107CC00003EB83031C93604B249403EA92131993F0
:107CD00003EB83031D93069B259623F07C431693A9
:107CE0000C9D0D9B3A4616A8009327932695FFF707
:107CF00063FFDDE9321216A8FFF75EFF3A46414600
:107D00000DF107000DF10F0300F8012F83424FEA38
:107D1000122242EA01624FEA1121F5D100211A46EE
:107D2000339B0DF1170002F8013F90424FEA1323F5
:107D300043EA01634FEA1121F5D102A916A8FFF722
:107D40008BFEDDE92013002203EB9169229B21F0D9
:107D50007C4B03EB996A239B29F07C4903EB9A68DF
:107D60004FEA986C1F9B0CEB8C0C9C440BEB9C6BB0
:107D70002CF07C4C0CF105000BEB906709EB976E37
:107D80002AF07C4A0AEB9E6348F07C4101EB936148
:107D900001930CEAE1734FEAD17C0CF1FF3C00EA5D
:107DA0000C000EEA0C0E20F07C4009EAE17907EAAB
:107DB0000C0718432EF07C4E019B0BEAE17B4EEA48
:107DC000090E28F07C4827F07C470AEAE17A08EAA5
:107DD000E17847EA0B0703EA0C0301EA0C014FEADA
:107DE0000E5C40EA87604CEA9717BF1942EB020627
:107DF0002418349823F07C430460349C42EB020046
:107E0000C01943EA0A0360604FEA833041EA08017F
:107E100040EA1E304FEA934346F1000443EA01234F
:107E200040193499524124188C60009942F10002A3
:107E30005B18D218349BDA6029B0BDE8F08F00BF20
:107E400003FFFF03FFC0FF03FF3FF0032DE9F047EF
:107E500090B0189C2CB30746884691461D460126D3
:107E600031466B4642463846FFF768FD402CA24635
:107E700028BF4FF0400A6A4609F1FF3ED14401365F
:107E80006B1E09F1FF301EF8011F12F801CB864569
:107E90008CEA010C03F801CFF5D1B4EB0A04554488
:107EA000DED110B0BDE8F087002300B587B0DDF863
:107EB00028C00BA803900590CDE900331846CDF8F3
:107EC00008C0DEF71BF807B05DF804FB10B5264CC0
:107ED000D4E8AF3F9BB1254B1B6873B19533102B92
:107EE0002CD8DFE803F03D2B2B2B2B2B2B2B3A2B05
:107EF0002B372B2B34312E0000BB002010BDFCF79C
:107F0000BDFA0123194A1060D4E8EF2FC4E8E13F1D
:107F10000029F9D110F1840FEEDA10F1950F0DDB85
:107F2000953010280AD8DFE800F01B090909090973
:107F30000909180909150909120F0C006FF004004E
:107F400010BD6FF00C0010BD6FF0850010BD6FF01C
:107F5000150010BD6FF01B0010BD6FF00B0010BDC1
:107F60006FF04C0010BD00BF04E20120B07801208A
:107F7000F0B51D4C1D4B226887B09A4211D01C48A9
:107F8000DCF764FF0025C4E90055C4E90255C4E9E3
:107F90000455A561FFF79AFF044678B9002007B0A1
:107FA000F0BDD4E90521D4E90330CDE90121D4E9BC
:107FB000011200900F48DCF749FFE3E70E4B0F4931
:107FC0001E683046FFF758FC07460D4B2846CDE9A2
:107FD000023401222B46CDE9005504960597FFF7A0
:107FE00063FF002007B0F0BD702003203535325804
:107FF000C845080080450800B0780120309107008E
:10800000E04508002DE9F04F002491B0DDF868B09C
:1080100007460BEB020A5046164688469946CDE9BC
:108020000744CDE90A44CDE90C44CDE90E44099456
:1080300005F008FE002800F09680414632460546CD
:1080400010F058FABBF1000F37D14FF48064474B62
:10805000474E09933946202209A807AB0B940C968A
:10806000FCF70EFA0446B8B1079E56B33046FCF74B
:1080700035FA09A8FCF766FB52460021284610F0A5
:1080800045FA284605F0D6FD34BB089B202B5BD172
:10809000204611B0BDE8F08F202408AB02931B9B53
:1080A00031460093019453462A460798FCF71EFB7D
:1080B000079E0446002EDCD0D8E799F80030AB5577
:1080C000C3E709A8FCF73EFB52463146284610F0AC
:1080D0001DFA284605F0AEFD2046FFF7CDFB002334
:1080E0002449CDE90033CDE9021404900122184659
:1080F0002149FFF7D9FE04F19503102B24D801A2E2
:1081000052F823F05B810600498106004981060090
:10811000498106004981060049810600498106001F
:1081200049810600678106004981060049810600F1
:1081300055810600498106004981060061810600DB
:10814000918006004F8106006FF00404A0E76FF0F5
:108150000C049DE76FF01B049AE76FF04C0497E75F
:108160006FF0150494E76FF00B0491E70011000124
:10817000090080031C46080030910700012838BF21
:10818000012005F05FBD00BF08B105F053BD704789
:10819000FDF7FCBDFDF7FABD704700BF2DE9F04FBC
:1081A00097B0002800F002810E46002900F0FE8002
:1081B0009046002A00F0FA809946002B00F0F680E5
:1081C000209B002B00F0F2808246FFF77FFE0546E1
:1081D00018B1284617B0BDE8F08F0E9083465220A4
:1081E00005F030FD0446002800F0DD804FF0200C43
:1081F000704D0EAF0FCDE3602B8820606160A260F0
:10820000238230687168B268F368C4F81200C4F859
:108210001610C4F81A20C4F81E3030697169B269AA
:10822000F369C4F82200C4F82610C4F82A20C4F860
:108230002E30D8F80C30D8F80000D8F80410D8F850
:108240000820C4F83200C4F83610C4F83A20C4F844
:108250003E30D8F81000D8F81410D8F81820D8F804
:108260001C30C4F84200C4F84610C4F84A20C4F8D0
:108270004E3052222146CDE900C706AB4E48FCF7EE
:108280004BF9054652225946204610F03FF9204648
:1082900005F0D0FC002D3DD10E9A202A74D12B463A
:1082A0000095514606A80197FFF7ACFE054668B158
:1082B00020220021484610F029F920220021209890
:1082C00010F024F9284617B0BDE8F08F01241B22D6
:1082D00038463A4B3A49CDF804900094FFF792FEA5
:1082E00005460028E4D120991B22CDE900413846FB
:1082F000324B3449FFF786FE05460028D8D12022AC
:108300004846209910F0BCF800287FF462AF6FF067
:108310009205CDE72846FFF7AFFA04462A4B5846A8
:10832000029301225B46CDE900BB284903950494E2
:10833000FFF7BAFD05F19503102B25D801A252F8DD
:1083400023F000BFA183060089830600898306000D
:1083500089830600898306008983060089830600D5
:1083600089830600A78306008983060089830600A7
:108370009583060089830600898306008F830600A3
:10838000B18206009B8306006FF0040590E76FF052
:1083900015058DE76FF01B058AE76FF00C0587E781
:1083A0006FF04C0584E76FF00B0581E76FF0150562
:1083B0000FE700BFEC490800090000022C5008003C
:1083C000D0490800B449080044460800309107002D
:1083D0002DE9F04186B0002800F0C2800F46002948
:1083E00000F0BE800646FFF771FD044600286FD1FD
:1083F0005E4B0322CDE900005D490293034605462A
:10840000FFF752FD20213046FCF74CF90446FFF7F8
:1084100033FA584BCDE90340029303222B462846FA
:10842000CDE900555249FFF73FFD14BBF37F327889
:1084300003F07F0322F0070243F040033146384641
:108440003270F37700F058FF044600284FD13846C9
:1084500000F06AFF002863D147492346CDE9014176
:10846000032243490094FFF71FFD204606B0BDE8F4
:10847000F08120222946304610F048F804F1950397
:10848000102B61D801A252F823F000BF4F850600DF
:10849000498506004985060049850600498506008C
:1084A0004985060049850600498506005585060070
:1084B00049850600498506005B850600498506005A
:1084C00049850600618506006B8406006785060005
:1084D00000232A480122CDE90204CDE900331846E1
:1084E0002349FFF7E1FC204606B0BDE8F081244BAC
:1084F0000122CDE90230CDE900552B4628461C4922
:10850000FFF7D2FC2946202230460FF0FFFF202241
:10851000294638460FF0FAFF204606B0BDE8F08144
:10852000184A23462046CDE9014211490122009410
:10853000FFF7BAFC2022214630460FF0E7FF202249
:10854000214638460FF0E2FF6FF004048DE76FF02C
:108550004C048AE76FF00B0487E76FF01B0484E795
:108560006FF0150481E76FF00C047EE79846080071
:1085700030910700D0460800644708006C460800A8
:10858000044708003C4708002DE9F84F002874D044
:108590000E46002971D01746002A6ED005463220BB
:1085A0000DF04CFC01233D4CDFF8F4B06360C4F8DF
:1085B00000B0FBF783FCA0603A4B1B78002B67D020
:1085C00010F0AAFA0223DFF8E0A0804650F80A2053
:1085D000C4E90456A761C4F800B06360E260FBF729
:1085E0006DFCA0602F4B1A78002A51D058F80A2051
:1085F0003C20E260C4E90456A7610DF01FFC3A4636
:108600003146284600F06AFE814646200DF016FCF1
:108610000322C4F800B06260FBF750FCA060214B5D
:108620001A78AAB358F80A20C4E90456A761E26090
:10863000B9F1000F19D1284600F076FE00BB0422E4
:10864000C4F800B06260FBF739FCA060154B1A78E3
:10865000F2B158F80A305020C4E90335C4E905677F
:108660000DF0ECFB4846BDE8F88F2022002128469B
:108670000FF04CFF4846BDE8F88F6FF01509F1E7A1
:108680004946202228460FF041FF6FF09209E9E7A2
:1086900040F246310548DCF717FC00BF702003208C
:1086A0003535325870E2012008000000D0B60700CE
:1086B0002DE9F04E002498B0074693469A46CDE93E
:1086C0000844CDE91244CDE91444CDE91644239D74
:1086D0001194FFF7FBFB064600286AD1002F00F03B
:1086E000E280249B002B00F0DE80259B05F1100921
:1086F000994500F2D8801DB1229B002B00F0D38059
:10870000219B1BB1209B002B00F0CD8000224FF459
:108710008073CAF307210A926AF30702139361F385
:108720000F224FEA1A4363F317421B0A63F31F62D7
:108730000C922022654BDFF898A11193394611A8BD
:108740000DEB0203CDF82CB0CDF850A0FBF798FE4E
:108750000446002831D00898002840F0A78011A8CE
:10876000FBF7F0FF14F1860F5BD10023594A18463E
:10877000CDE90033584902920322FFF795FB3846B2
:10878000249B229A0AA90095FFF760FB249B0DAC5D
:108790003846CDE901540AA90093DDE92023FFF70B
:1087A00037FA249B5F190FCC249C60517960BA6022
:1087B000FB60304618B0BDE8F08E259B514605930E
:1087C000249B0898CDE90353229B0AAA0293219B7C
:1087D0000193209B009309AB06930C23FBF7CAFE81
:1087E000089B0446002B57D111A8FBF7ABFF002CC8
:1087F000B8D109998945DCD02046FFF73DF80546F8
:108800003648CDE90519CDE9020423460122204668
:10881000CDE9004430490495FFF746FB6FF00406AC
:10882000C7E72046FFF728F8002309992B4A05914E
:10883000CDE90224049001221846CDE900332649EF
:10884000CDF818909534FFF72FFB102CE6D801A334
:1088500053F824F0B98806001D8806001D8806001C
:108860001D8806001D8806001D8806001D8806005C
:108870001D880600BF8806001D8806001D880600AA
:10888000C58806001D8806001D880600A78806000A
:108890001D880600A18806001846FBF71FFEA3E707
:1088A0006FF00C0685E76FF0150682E7FBF716FE02
:1088B00011A8FBF747FF55E76FF04C0679E76FF01B
:1088C0000B0676E76FF01B0673E700BF042000017C
:1088D000000510059047080030910700DC470800AC
:1088E0002DE9F047002498B0074615469A46CDE991
:1088F0000844CDE91244CDE91444CDE91644DDF82D
:108900008C801194FFF7E2FA0646002840F083803D
:10891000002F00F0FC80229B002B00F0F880249BAD
:10892000002B00F0F480B8F10F0F40F2F080259B8F
:10893000A8F11009994500F2EA80219B1BB1209B08
:10894000002B00F0E48000224FF400730A92CAF377
:1089500007216AF30702139361F30F224FEA1A43C8
:1089600063F317421B0A63F31F620C922022774BBA
:108970000B95774D1193394611A80DEB0203149511
:10898000FBF77EFD0446002849D00898002840F0F7
:10899000C18011A8FBF7D6FE14F1860F74D14FF0F9
:1089A00000086C4B032240466B490293CDE90088D6
:1089B0004346FFF779FA229B0DAC384600930AA98B
:1089C000DDE92023CDE90194FFF722F92046434653
:1089D000229A02EB090101F1100C51F8042B50F816
:1089E000044B8C4582EA040243EA0203F5D1C3F347
:1089F00007221A43C3F307410A4342EA1363DBB277
:108A0000002B40F090803846229A249B0AA9CDF88A
:108A10000090FFF71BFA304618B0BDE8F087259BA1
:108A200029460593249B08980493229BCDF80C803B
:108A30000293219B0AAA0193209B009309AB069302
:108A40000C23FBF7E3FD089B0446002B58D111A82B
:108A5000FBF778FE002C9FD109998945DBD0204691
:108A6000FEF70AFF05463D48CDE90519CDE90204A8
:108A7000234601222046CDE9004437490495FFF7FB
:108A800013FA6FF00406C6E72046FEF7F5FE002352
:108A90000999324A0591CDE9022404900122184631
:108AA000CDE900332C49CDF818909534FFF7FCF947
:108AB000102CE6D801A353F824F000BF418B060028
:108AC000838A0600838A0600838A0600838A06005A
:108AD000838A0600838A0600838A0600218B0600AB
:108AE000838A0600838A0600478B0600838A060075
:108AF000838A06000F8B0600838A0600098B060016
:108B00001846FBF7EBFCA2E76FF00C0683E76FF06B
:108B1000150680E7FBF7E2FC11A8FBF713FE3BE725
:108B20006FF00B0677E700236FF04C000C4C01222E
:108B3000CDE90240CDE9003318460749FFF7B4F903
:108B40006FF04C0667E76FF01B0664E70420000136
:108B5000000510052448080030910700A4480800CB
:108B6000704808002DE9F04786B0DDE91089B8F1BA
:108B7000000F2FD0B9F10F0F2CD9A9F1100605461F
:108B8000304692461F4605F05DF8044628B30F991B
:108B9000284601910E9952463B46CDE90446CDF850
:108BA0000C90CDF808800091FFF79AFE054658B169
:108BB0003246002120460FF0A9FC204605F03AF885
:108BC000284606B0BDE8F0873246404621460FF001
:108BD00091FCEDE76FF01505F2E76FF00B05EFE79D
:108BE00028B14068A0F10200B0FA80F04009704757
:108BF00011461A46FDF73AB9FDF75AB92DE9F04F7B
:108C000087B000287FD007468A4616469846002936
:108C100049D04368022B4FD0002A48D00025914606
:108C20008B4643464A4659463846FDF795F9041E99
:108C300022DDA145254456D3AE4204D82C46204619
:108C400007B0BDE8F08F0023304A1846CDE9003365
:108C50002F4903940292CDE904560222A6EB05099E
:108C60000AEB050BFFF720F943464A4659463846BA
:108C7000FDF772F9041EDCDC27D0231D10D0002381
:108C80002449184602910122CDE90345CDE900337C
:108C90001F490596FFF708F9204607B0BDE8F08F99
:108CA000AE42BED8CAE772BB4368022B04D034463A
:108CB000204607B0BDE8F08F43463246514638465D
:108CC00007B0BDE8F04FFDF747B9134F2346CDE994
:108CD00000440122CDE903560D490297FFF7E4F85D
:108CE0006FF01F04ABE700230C48039402900122AD
:108CF0001846CDE900330649CDF810906FF0040412
:108D0000FFF7D2F89BE76FF0150498E728490800B1
:108D1000309107008C49080064490800EC480800BD
:108D20002DE9F047002682B0A0F1080C33465CF82C
:108D3000082F0136DCF8044012F5803244F10004BB
:108D40000E2BA3F10F03B3FA83F3CCBF002501254B
:108D5000110C41EA044101394FEA5313A3FB01A965
:108D60004FEA244E4EF1FF3E03FB0E994FEACA0331
:108D70004FEAC90813EB0A0306FB05F548EA5A78DF
:108D800049EB0808CCE900244FEA880848EA9378C0
:108D90009B0000EBC50713EB0A0349EB08095B18BE
:108DA00079684EEB090E019150F83510120CCB1872
:108DB000019940F835304EEB010179601204DCE98D
:108DC00000319B1A61EB0401102ECCE90031ADD1CA
:108DD00002B0BDE8F08700BF70B5D517D2F1000E24
:108DE000A1F1080165EB4505A0F1080C00F178043C
:108DF0005CF8086F51F8082FDCF804004B687240EB
:108E0000434002EA0E022B4056405840CCE9006035
:108E1000A445D1E9006082EA060280EA0300C1E9C4
:108E20000020E5D170BD00BF2DE9F04F1546044686
:108E30000027C1B00E46F822002102A80FF066FB01
:108E4000A5F1080905F1780CA2463D460DF1080888
:108E5000A6F1080E5EF8084F4846DEF80470764624
:108E60004146BE46019550F8082F0D6843684F688B
:108E700004FB03F30EFB0233A2FB042B52195B44E9
:108E800043EB070341F8082B844541F8043CEAD141
:108E9000019DB6460135102D08F10808DAD1544677
:108EA00069461EADD1E922078200BB00161843EACD
:108EB000907347EB0303B2009B00121A43EA9673C8
:108EC0008868CE6863EB070392185B41083180180D
:108ED00043EB06038D42C1E90003E3D1802202A9DE
:108EE00020460FF007FB2046FFF71AFF41B0BDE810
:108EF000F04FFFF715BF00BF2DE9F04F8E464FF042
:108F0000000CADF2AC4DDEF80C300446551C086880
:108F1000DEF80820496802AE0FC6DEF81C30DEF825
:108F20001000DEF81410DEF8182008AF0FC69DF808
:108F300027609DF8083006F03F0623F0070346F04F
:108F400040068DF808308DF8276000222B7815F840
:108F5000011C1B025B1847F8083F28AB42F10002D6
:108F60009F4205F102057A60EFD1289B8022C3F36E
:108F70000E030AA94AA82893CDF8A4C00FF0BAFAA4
:108F8000802200216AA80FF0C1FA782200212CA8C3
:108F90000FF0BCFA782200218CA80FF0B7FAFE235C
:108FA000012200930023CDE98A23CDE92A230DF580
:108FB000D0790DF5287B48AD0194009B4AA903F0B8
:108FC000070346FA03F808F0010842462AA8FFF70B
:108FD00003FF28AC6AA842468AA9FFF7FDFE4E4669
:108FE0005F46DC464846234653F8082F50F8081FD2
:108FF00052184CF8082F41685A6842EB0102AB4204
:10900000CCF80420F0D1484628AB53F8082F50F88C
:10901000081F521A1A6041685A6862EB0102AB429B
:109020005A60F2D10DF5087A2B46CE46D446284632
:1090300050F8082F5CF8081F52184EF8082FDCF87B
:109040000410426842EB01028145CEF80420EFD1C2
:1090500088A853F8082F50F8081F521A1A60416860
:109060005A6862EB010299455A60F2D1AAAA1146E8
:109070008AA8FFF7D9FE2AAA1146CAA8FFF7D4FE8C
:109080002AAA10466AA9FFF7CFFEAAAA6AA84AA987
:10909000FFF7CAFE484628AA52F8083F50F8081FB2
:1090A0005B1847F8083F4168536843EB0103AA4245
:1090B0007B60F1D1484628AB53F8082F50F8081FC1
:1090C000521A1A6041685A6862EB0102AB425A6058
:1090D000F2D12AAA11464AA8FFF7A6FEC8A888AA74
:1090E00052F8083F50F8081F5B1A46F8083F4168DD
:1090F000536863EB01035A457360F1D1734A6AA95F
:109100002AA8FFF791FE54F8083F5AF8082F9B1839
:109110002360DAF80420636843EB0203AC42636027
:10912000F1D1009B6AA95C1E08462AAA0094FFF7A9
:109130007BFECAAA8AA92AA8FFF776FE0AAA4AA92C
:109140008AA8FFF771FEAAAA11464AA8FFF76CFE8B
:1091500042464AA92AA8FFF73FFE42468AA96AA8C2
:10916000FFF73AFE621C03D0E31002AAD65C24E7A4
:1091700080226AA90DF58560019CFD250FF0BAF9E2
:1091800011E0042D06D10DF5856211461046FFF75A
:109190004BFE03250DF5856108466AAA013DFFF7E0
:1091A00043FE6B1C0FD00DF5856211461046FFF78C
:1091B0003BFE022DE5D10DF5856211461046FFF705
:1091C00033FE0125E6E780220DF585616AA80FF0E0
:1091D00091F92AA908466AAAFFF726FE80222AA941
:1091E0000DF585600FF086F90DF58560FFF798FDA8
:1091F0004FF00208FFF794FDA346FFF791FDDFF85B
:10920000D090344D344F0DF593660024DDF82834AA
:10921000DDF82C2413EB090362F10002EA93EAA9BA
:109220000DF58560EB929E46C3F3004A50F8083F67
:109230004C6042685B1962F10002B3EB0A0362F111
:109240000002C1E90232B0421FFA8EF20A6001F157
:109250000801E8D1DDF81814DDF8A034DDF8A42405
:10926000C1F30040DB1962F100021B1A62F1000237
:10927000CDF820341B0C43EA0243DB4389B2CDF81E
:109280001814CDF82424EAA90DF5856003F0010235
:10929000CDF81C44FFF7A0FDB8F1010F02D04FF04C
:1092A0000108B2E75C460DF5846301340DF5946066
:1092B00053F8082F110A984204F8012C04F8021BF5
:1092C000F6D100200DF2AC4DBDE8F08F08960700F6
:1092D0001300FFFF0100FFFF0180FFFF48B110B442
:1092E00019B112B110BCFFF707BE6FF0150010BC2A
:1092F00070476FF0150070470023092200B589B050
:10930000CDE90023CDE90233CDE90433CDE90633BD
:1093100030B129B16A46FFF7EFFD09B05DF804FBF3
:109320006FF01500F9E700BF0022431E1F3013F84D
:10933000011F834242EA0102F9D1B2FA82F04009E8
:10934000704700BF00B97047E3F71CBE10B5436912
:10935000044673B1984760B100F1FF03FE2B0FD8AC
:10936000E36842421A70E268537843F00103537095
:1093700010BDE2680020537843F00103537010BD24
:1093800021210148DBF7A0FD144A0800C268537888
:10939000DB0718D410B54369044673B1984730B160
:1093A00000F1FF03FE2B11D8E36842421A70E26815
:1093B000537843F00103537010BD1846537843F0BF
:1093C0000103537010BD6FF07700704721210148F1
:1093D000DBF77AFD144A08000246034B034813608A
:1093E000C01A4009704700BFB48C0700948D070075
:1093F00040B1C368587810F0010003D01878B0FA73
:1094000080F04009704700BF002300B587B0DDF849
:1094100028C00BA80390059001221846CDE900331F
:10942000CDF808C0DCF76AFD07B05DF804FB00BFAB
:10943000EFF31183202383F31288BFF36F8FFEE7CE
:1094400010B5044684B0DCF7B9FC002305480122BE
:10945000CDE90130044918460093FFF7D5FF2046B7
:10946000FFF7E6FF384A0800089107002DE9F041B0
:10947000044686B00D46EFF31188202383F312884B
:10948000BFF36F8F0026042896BF264A264A52F85B
:109490002020264B26499F6804921B7C01220593BD
:1094A000244BCDE90066CDE9023033463046FFF764
:1094B000ABFF1DB1EB69C3F308031BBB2FB13846EB
:1094C00001F098FE08B1037803B91B481B4B012239
:1094D000CDE9023700231649CDE900330490184640
:1094E000FFF792FF29462046FFF7AAFF042C14D06D
:1094F00088F31188BFF36F8F384606B0BDE8F0419E
:10950000E2F7AAB80E4B3046029301223346CDE96A
:1095100000660749FFF778FFD0E787210948DBF7A6
:10952000D3FC00BF304B0800484A080008E2012085
:1095300008910700584A0800789D0700A44A0800CF
:10954000804A0800BC4A080038B50D4B421C53F84D
:10955000204053F82250AC4206D30DE0037EDB07D7
:109560000BD50834AC4207D260680028F6D12368D6
:1095700008349847AC42F7D338BDFFF7E7FEF0E771
:10958000704B0800012270B5334B032086B0334E78
:10959000334D1A70FFF7D8FF04F09AFB0420FFF751
:1095A000D3FFAE424FD838BF344623D2D4E902238A
:1095B000D4E90001D4F824C0CDF814C0D4F820C0F8
:1095C000CDF810C0D4F81CC0CDF80CC0D4F818C029
:1095D000CDF808C0D4F814C0CDF804C0D4F810C039
:1095E000CDF800C001F04AFE23685C653034AC421F
:1095F00029D8DBD302F016FCAE4219D2174C194E13
:1096000005E002F037FE3034AC4220D810D2D4E965
:109610000A23B3F1FF3F08BFB2F1FF3FF3D052EA94
:1096200003012068EDD03146183003F089FAEAE7EB
:1096300002F036FCD7F75CFE0B4A137B23F00103E4
:10964000137306B070BD44210848DBF73DFC682168
:109650000648DBF739FC00BF70E201209C8F070051
:109660009C8F0700EDB9060068CD0120444B08002F
:1096700080B5002086B0FFF767FF424B03F5006519
:1096800085F3088883F30A880024E0233E4E86F899
:109690002230F47734767476B47686F82040736A94
:1096A00043F4E023736286F82340E1F73FFFE2F7DB
:1096B00003F94FF0FF33B362F362E2F72DFBE2F7F9
:1096C00047F9DCF737FB314801F0D2FE304A314927
:1096D0008A4253D80DD2881A0139891A2346400983
:1096E000490900E01346834248D08B4203F101024E
:1096F000F8D14FF0010A00245046FFF725FF022061
:10970000254EFFF721FF02F063FC244B244F4FF45A
:109710008052244905933046234BCDE9034ACDE9D5
:10972000014400947E6101F0A9FD737B814623F022
:1097300004033046737301F0B7FF0F23DFF86C802A
:1097400003931B4B4FF4A0721A49059340461A4BE2
:10975000CDE90144CDF810A0009701F08FFD98F8F5
:109760000D30494623F0040330460F4A3C74C7F8D5
:109770000C807D6088F80D30E2F774F8CC210F483A
:10978000DBF7A2FB7833022000ED00E038CE0120A9
:10979000B48C0700948D070068CD0120A4990700C0
:1097A00008E20120B83C022085950600A0CC0120EB
:1097B000684B0800783B0220F19B0600444B0800F0
:1097C0002DE9F04F804689B09246DDE9122306A8C4
:1097D00015461C46894608F1140703F06BFCDDE9C9
:1097E0000623CDE90223EFF31186202383F31288A9
:1097F000BFF36F8F384603F0B1F8002845D03846E4
:1098000003F0D2F8EFF30583002B37D108F10C03F6
:109810004FF0200B05931CE02C4321D0DDE90223FF
:1098200006A803F077FCDDE9065431463846CDE959
:109830000054059A02F0DEF8EFF311868BF31288DC
:10984000BFF36F8F384603F089F8F0B1384603F064
:10985000ABF8524649464046149B98470028DBD057
:109860000290384603F088F8029B90B186F3118885
:10987000BFF36F8F184609B0BDE8F08F55EA0403B7
:10988000C4D058210548DBF71FFB88210448DBF7CB
:109890001BFB4FF49A710248DBF716FB8C4B080058
:1098A0006CB6070070B50D4C0D4DAC4212D80FD2FE
:1098B0000026D4E9011204F10C0320461B605B6012
:1098C000183444F8046CDAF771FEAC4202D8F0D3D5
:1098D000002070BD25210348DBF7F6FA60790120EE
:1098E000907901208C4B080030B58C4614461D46FB
:1098F000054B85B000216246CDE900450293FFF794
:109900005FFF05B030BD00BFA5450400F8B50446B3
:109910000D4600F11406EFF31187202383F312881C
:10992000BFF36F8F304603F019F8D0B1304603F023
:109930003BF820462946DAF7A5FD04F10C0002F0B9
:109940002DFB40B9304603F017F870B187F311884A
:10995000BFF36F8FF8BD39463046BDE8F84002F0DE
:10996000CFB988210348DBF7AFFA4FF49A71014869
:10997000DBF7AAFA6CB6070038B5204A204B9A42AA
:1099800037D831D24FF0000E94465D1EAD1A9B1AA7
:109990006D095C09DCF81820DCF80C3043EA0200A1
:1099A00010F0030022D1DCF81410CCF810000139BB
:1099B00001FB0233002901DA0CE013461860DCF8E1
:1099C00018200139B1F1FF3F1846A3EB0202F4D190
:1099D000CCF81030A6450CF1200C0AD075450EF1DC
:1099E000010301D09E46D5E7002038BD6FF0150079
:1099F00038BD95210348DBF767FA00BF00790120E5
:109A000060790120B04B08002DE9F043044683B093
:109A10000E469146984600F10805EFF31187202382
:109A200083F31288BFF36F8F284602F097FF002858
:109A30004AD0284602F0B8FF2169E9B13160E369F4
:109A4000086801332061E36188B1E368C01A0AD471
:109A5000D4E9053202FB03F3834204D9B0FBF2F3ED
:109A600002FB130474B1EA211948DBF72DFA62698D
:109A70009342EAD1044605E059EA08030ED16FF09B
:109A80000B043160284602F077FFC0B187F31188DC
:109A9000BFF36F8F204603B0BDE8F08322463946FE
:109AA0002846CDF80090CDF8048001F0A3FF0446CD
:109AB0000028EFD1074B9B681B693360EAE74FF43E
:109AC0009A710548DBF700FA88210348DBF7FCF9B7
:109AD000B04B080008E201206CB607002DE9F04FFA
:109AE000C36883B0CB1A31D40D46D0E9052101FB00
:109AF00002F29A42044629D9B3FBF1F201FB123378
:109B000023BB00F10806EFF311894FF0200888F31A
:109B10001288BFF36F8F304602F020FF002855D027
:109B2000304602F041FF2769AFB12F60E36930464C
:109B3000013B2561E36102F01FFF002841D089F35A
:109B40001188BFF36F8F03B0BDE8F08F4FF48971B8
:109B50002448DBF7B9F9EFF3118388F31288BFF3D8
:109B60006F8F83F31188BFF36F8F002B32D0236880
:109B70009C4200D00BB92769D7E79A6872B3D3E942
:109B800000214FF0000A4FF0000B0A6051605A7B31
:109B9000C3E900AB22F002025A739F6003F1180080
:109BA000019303F0ABF8019B1846C3F8C0701D6128
:109BB00001F07AFD4946304603B0BDE8F04F02F0AF
:109BC0009FB84FF49A710848DBF77EF98821064860
:109BD000DBF77AF9A6210548DBF776F98F210348F0
:109BE000DBF772F9B04B08006CB60700D84B0800E1
:109BF00008B50A4B9B6893F90E30002B09DB202433
:109C0000EFF3118384F31288BFF36F8FE1F75AFEED
:109C1000F6E71C210248DBF757F900BF08E20120F4
:109C2000044C08002DE9F04F83B0044689461646DF
:109C30001D469DF830B0EFF305831BB152EA0503D2
:109C400040F0A78004F10807EFF311884FF0200AD5
:109C50008AF31288BFF36F8F384602F07FFE002828
:109C600000F09380384602F09FFE626A23699A42B0
:109C700031D2EFF311838AF31288BFF36F8F83F32E
:109C80001188BFF36F8F002B00F08C802568AC42E9
:109C900001D0002D31D1206A6569A84271D3A36932
:109CA00098426ED24946E268BBF1000F4DD1E0699F
:109CB000854208BF1846801AE0610EF01BFC636AFB
:109CC00010210133636204F1280003F0F3FD002842
:109CD00032D1044604E056EA050342D16FF0220473
:109CE000384602F049FE002857D088F31188BFF3A8
:109CF0006F8F204603B0BDE8F08FAB68002B55D0C6
:109D0000D5E9003213605A606B7B002223F0020316
:109D100000266B73002305F11800C5E90023AE602F
:109D200002F0ECFF4946E26828690EF0E3FB2846A2
:109D3000C5F8C06001F0B8FC00243846414601F087
:109D4000DFFF204603B0BDE8F08F0EF0D3FB236A9F
:109D5000E2681344A26923629342B0D1636923622B
:109D6000ADE7144B22469B684146C3F81090384635
:109D7000CDE9006501F03EFE0446204603B0BDE893
:109D8000F08F9C210C48DBF79FF888210B48DBF70C
:109D90009BF881210848DBF797F84FF49A71074840
:109DA000DBF792F8A6210648DBF78EF88F210448EE
:109DB000DBF78AF808E20120284C08006CB607009F
:109DC000D84B080010B5012482B00094FFF72AFF99
:109DD00002B010BD2DE9F0430446884616461D46E4
:109DE00083B0EFF305831BB152EA050340F09C807A
:109DF00004F10807EFF31189202383F31288BFF3DE
:109E00006F8F384602F0AAFD002800F084803846A3
:109E100002F0CAFD636A8BB956EA050369D16FF097
:109E20002205384602F0A8FD002878D089F3118871
:109E3000BFF36F8F284603B0BDE8F083E268404669
:109E4000E1690EF057FBE369E2681344A269E3613C
:109E5000934204BF6369E361636A013B6362EFF3AA
:109E60001183202282F31288BFF36F8F83F311884E
:109E7000BFF36F8F002B5CD02568AC4249D0002D1A
:109E8000CFD0AB68002B5DD06A682B6800211360CF
:109E90005A606B7B002223F002036B730023A960DE
:109EA000C5E9002305F1180002F028FF206A636964
:109EB000984242D3A36998423FD22969E2680EF0E2
:109EC00019FB236AE26828461344A269236293427D
:109ED00004BF63692362636A013363620024C5F8C7
:109EE000C04001F0E1FB4946384601F009FF254634
:109EF000A0E7164B22469B684946C3F810803846B7
:109F0000CDE9006501F076FD0546284603B0BDE8C1
:109F1000F083002585E788210D48DAF7D5FF4FF457
:109F20009A710B48DAF7D0FF4FF48A710948DAF7D3
:109F3000CBFFA6210848DAF7C7FF4FF49771054811
:109F4000DAF7C2FF8F210448DAF7BEFF08E20120EA
:109F50006CB60700284C0800D84B080003460022C6
:109F60001B601046C3E902225B6070472DE9F04395
:109F700083B0EFF30587002F40F0968004469046AB
:109F80001E46EFF31189202383F31288BFF36F8FEE
:109F90004A4802F0E3FC002800F08280474802F0C3
:109FA00003FD474BE1689D6891B995F90E30013189
:109FB000C4E902514148236102F0DEFC002877D059
:109FC00089F31188BFF36F8F002003B0BDE8F083E1
:109FD000A068A84201D12369E9E758EA060354D0F2
:109FE00095F90E1090F90E306FF07E029942A8BFDD
:109FF00019469142B8BF11468B4242DC494622467F
:10A000002E48CDF80080019601F0F4FC0028DBD04A
:10A01000EFF31185202383F31288BFF36F8F274856
:10A0200002F09CFC00283BD0244802F0BDFCA06854
:10A0300090B1236821699C420AD04BB193F90E304C
:10A040009942A8BF19466FF07E039942B8BF1946DE
:10A0500090F90E3099420BD177B9184802F08CFC78
:10A0600030B385F31188BFF36F8F6FF00A00ACE750
:10A0700001F084FD0028EFD02946104801F040FE91
:10A08000F3E701F07BFD0746B8E70C4802F074FCEB
:10A0900070B189F31188BFF36F8F6FF00F0094E7F1
:10A0A00088210848DAF710FF6F210748DAF70CFF1C
:10A0B0004FF49A710348DAF707FF00BF2CE2012042
:10A0C00008E201206CB607004C4C08002DE9F8436B
:10A0D000EFF30583002B72D183680446002B6BD00D
:10A0E000434A9268934264D1C368002B6BD0012B22
:10A0F00004D0013BC3600020BDE8F883EFF3118674
:10A10000202383F31288BFF36F8F3A4802F026FCB6
:10A11000002860D0374802F047FCA068216990F918
:10A120000E3099421DD1EFF31183202282F3128861
:10A13000BFF36F8F83F31188BFF36F8F002B46D06F
:10A140002568AC4200D07DB900232A48C4E9023317
:10A1500002F012FC002842D086F31188BFF36F8F03
:10A16000C9E701F00BFDDEE7AB68002B3CD0D5E979
:10A17000003200274FF000084FF0000913605A60CA
:10A180006B7BC5E9008923F002036B7305F11800AE
:10A19000AF6002F0B3FDA56095F90E30284623614B
:10A1A000C5F8C07001F080FA3146124801F0A8FDF0
:10A1B000A1E74FF0FF309FE76FF015009CE7D72134
:10A1C0000D48DAF781FEEF210B48DAF77DFEA62174
:10A1D0000A48DAF779FE88210948DAF775FE4FF464
:10A1E0009A710748DAF770FE8F210448DAF76CFE9F
:10A1F00008E201202CE201204C4C0800D84B08005A
:10A200006CB607002DE9F04F83B0044689469046AE
:10A210001D469DF830A000F10806EFF311872023BA
:10A2200083F31288BFF36F8F304602F097FB00284C
:10A2300000F0A080304602F0B7FBBAF1000F40D129
:10A24000EFF31183202282F31288BFF36F8F83F321
:10A250001188BFF36F8F002B00F09080234653F8D6
:10A260000C2F9A4200D07ABB002D56D1C8F800506E
:10A27000B9F1000F5DD0D9F80030032B65D923F078
:10A2800003032B43C8F80030D9F8003003F0030370
:10A2900048EA0303C9F80030042104F1140003F074
:10A2A00009FB002830D10446304602F065FB002847
:10A2B00068D087F31188BFF36F8F204603B0BDE8E5
:10A2C000F08FD4F80490BBE79368002B5FD0002494
:10A2D0004FF0000A4FF0000B1368516802F11800AC
:10A2E0000B605960537BC2E900AB23F00203537348
:10A2F0009460019202F002FD019A1046C2F8C0403B
:10A30000C2F8108001F0D0F900243046394601F03F
:10A31000F7FC204603B0BDE8F08F082003F0BCFC3A
:10A3200028B30125C0F8048005608046B9F1000F0C
:10A33000A1D123682B43C8F800306368C4F80080BB
:10A34000002BA9D1C4F80480A6E7C8F800506268C1
:10A3500042B1136803F0030348EA03031360C4F82F
:10A36000048099E7C4F80080C4F8048094E76FF093
:10A370000B0499E788210848DAF7A6FDA6210748CB
:10A38000DAF7A2FD4FF49A710348DAF79DFD8F21A9
:10A390000248DAF799FD00BF6CB60700D84B0800F9
:10A3A000002300F10C0100F11402C0E90231C0E900
:10A3B0000412036043608261704700BF2DE9F041E1
:10A3C000054600F10806EFF31188202484F3128873
:10A3D000BFF36F8F304602F0C1FA002849D03046F3
:10A3E00002F0E2FAEFF3118384F31288BFF36F8F68
:10A3F00083F31188BFF36F8F002B3ED02B4653F8A9
:10A400000C4F9C4200D07CB9082105F1140003F0E8
:10A4100051FA40BB304602F0AFFA90B388F311888E
:10A42000BFF36F8FBDE8F081A3687BB362682368D8
:10A43000002713605A60637B002223F002036373DA
:10A44000002304F11800C4E90023A76002F056FCC1
:10A450002046C4F8C070276101F026F9082105F1F3
:10A46000140003F027FA41463046BDE8F04101F000
:10A4700047BC88210748DAF727FDA6210648DAF706
:10A4800023FD4FF49A710348DAF71EFD8F2102482D
:10A49000DAF71AFD6CB60700D84B080010B5002398
:10A4A000012482B00A4600941946FFF7ABFE02B0C1
:10A4B00010BD00BF002300B583B00A4600931946C3
:10A4C000FFF7A0FE03B05DF804FB00BF2DE9F043E9
:10A4D000044683B09046994600F10806EFF31187D1
:10A4E000202181F31288BFF36F8F304602F036FAD5
:10A4F000002834D0304602F057FA2568E5B12B68C1
:10A50000626823F00303954208BF636023602B68F1
:10A510009B070BD1304602F02FFA20B387F3118846
:10A52000BFF36F8F284603B0BDE8F0836C68284600
:10A5300003F080FB2546EDE758EA0903EAD03946E7
:10A540003046CDF80080CDF8049004F10C0201F003
:10A5500051FA0028E6D1064B9B681D69E2E7882185
:10A560000448DAF7B1FC4FF49A710248DAF7ACFC10
:10A5700008E201206CB6070010B503680A4682B0F5
:10A580002BB909E01C68032C24F0030304D99A4278
:10A59000F8D1002002B010BD012400230094194618
:10A5A000FFF730FE204602B010BD00BF006818B1B2
:10A5B00003689B0718BF4068704700BF406818B128
:10A5C00003689B0718BF4068704700BF03466AB125
:10A5D0008A420BD300F1100CC3E9021200201B6069
:10A5E0005B60C3F810C0C3F814C070476FF015006B
:10A5F000704700BF2DE970430446EFF31186202514
:10A6000085F31288BFF36F8F2F4802F0A7F9002857
:10A6100052D02D4802F0C8F9EFF3118385F3128868
:10A62000BFF36F8F83F31188BFF36F8F002B3FD081
:10A630002568AC4200D0ADB9D4E902329A4218BFC5
:10A640000133022104F11000A36003F033F920BBB1
:10A650001D4802F091F930B386F31188BFF36F8F74
:10A66000BDE87083AB685BB3D5E9003200244FF0DE
:10A6700000084FF0000913605A606B7BC5E9008940
:10A6800023F002036B7305F11800AC6002F036FB97
:10A690002846C5F8C04001F007F83146BDE87043D0
:10A6A000094801F02DBB4FF49A710848DAF70CFC09
:10A6B000A6210748DAF708FC88210448DAF704FCE9
:10A6C0008F210348DAF700FC30E201206CB6070066
:10A6D000D84B0800F0B5044616461D4683B0EFF38C
:10A6E000058111B152EA05033BD1EFF31187202315
:10A6F00083F31288BFF36F8F1C4802F02FF938B331
:10A700001A4802F051F9A16861B101391748A160F6
:10A7100002F032F900B387F31188BFF36F8F002086
:10A7200003B0F0BD56EA05030AD1104802F024F93F
:10A7300090B187F31188BFF36F8F6FF00F00EFE7D1
:10A7400022463946CDE90065084801F053F9E7E7AC
:10A7500088210748DAF7B8FB4FF49A710448DAF712
:10A76000B3FB88210348DAF7AFFB00BF30E20120DA
:10A770006CB60700704C08002DE9F04F834683B09B
:10A78000EFF311832024019384F31288BFF36F8FBA
:10A790003B4802F0E3F8002864D00546384802F050
:10A7A00003F9EFF3118384F31288BFF36F8F83F300
:10A7B0001188BFF36F8F002B50D04FF0000A002696
:10A7C00000276FF00A09D046DBF80040A34500D00F
:10A7D00094B9002202210BF11000CBF8082003F0FD
:10A7E00069F810B9BAF1000F2CD00199244803B0D0
:10A7F000BDE8F04F01F084BAA368002B36D0D4E94D
:10A80000003213605A60637BC4E9006723F00203DF
:10A81000637304F11800C4F8088002F06FFA204650
:10A82000C4F8C09000F040FFEFF31183202282F3C0
:10A830001288BFF36F8F83F31188BFF36F8F6BB1F3
:10A84000AA46C1E70E4802F097F898B1019B83F33E
:10A850001188BFF36F8F03B0BDE8F08FA6210948C0
:10A86000DAF732FB88210848DAF72EFB8F210548FA
:10A87000DAF72AFB4FF49A710348DAF725FB00BF99
:10A8800030E20120D84B08006CB607002DE9F047F4
:10A890000546DFF8C081DFF8C0A184B0EFF311896D
:10A8A000202383F31288BFF36F8F404602F056F8DF
:10A8B000002800F0C180404602F076F8D5F8CC4080
:10A8C000002C7FD0D5F8D0202368944208BFC5F86B
:10A8D000D030C5F8CC30D5F8E430404643F0020320
:10A8E000C5F8E430E368666823F0040343F001032D
:10A8F000E36002F041F8002800F0A28089F311889B
:10A90000BFF36F8F002E00F0A0802046B047EFF31A
:10A910001189202383F31288BFF36F8F404602F022
:10A920001DF8002800F08880404602F03DF8E268FB
:10A93000D10622F001033CD4E3609A0715D4D5F880
:10A94000E430404623F00203C5F8E430C3F30024AA
:10A9500002F012F8002873D089F31188BFF36F8FCB
:10A96000002C9BD101F03CFB98E7DAF8000023F0C3
:10A970000203E3600028E2D04268002194420368A9
:10A9800007D0002BDBD00146184642681B68944272
:10A99000F7D10368002946D00B60DAF8043083420F
:10A9A00008BFCAF80410002340F8083BFFF722FE56
:10A9B000C5E722F01102E26004F11000FFF71AFE71
:10A9C000E368BAE7D5F8E43023F004025C07C5F881
:10A9D000E420C3F380010ED4D00615D51D48C5F878
:10A9E000E41001F0C9FF58B389F31188BFF36F8FEA
:10A9F00004B0BDE8F08705F1DC0400220121204607
:10AA000001F03AFE0028F8D100234FF0FF364FF056
:10AA1000FF3749464046CDE9006705F1D40202936D
:10AA200001F080FE3AE7DAF80420CAF800308242EA
:10AA3000B9D1CAF80430B6E788210848DAF744FAF1
:10AA40004FF49A710548DAF73FFA4FF43871044829
:10AA5000DAF73AFA34E2012030CE01206CB6070072
:10AA6000904C0800C3689A0709D513F01F021DBF58
:10AA700043F00203C36042F002001046704710B476
:10AA8000C3F3800223F004038468C36052B913F057
:10AA90001F021BBF43F00203C360104642F00200D6
:10AAA00010BC7047D4F8CC20002AF0D090420FD0D0
:10AAB00011461268002AEAD09042F9D103680B606F
:10AAC000D4F8D03098420DD00022C3680260DEE78F
:10AAD000D4F8D02003689042C4F8CC30F4D1C4F844
:10AAE000D030F1E7C4F8D010EEE700BFF8B5C36886
:10AAF0000D469A07C3F3400611D45F0712D5002311
:10AB00002B603046F8BD00F05DFBD7F8E430E0B9CB
:10AB1000D907C3F3C00248D50AB35A071FD46FF050
:10AB20000F06ECE70F680446002F2ED0DB0735D563
:10AB3000A768002F3CD002262F60204B9A68D7F8D8
:10AB4000C8309A42DFD0D7F8E430D807C3F3800288
:10AB50002BD5002AE3D1C3F3C003002BDFD10023A0
:10AB60002360D7F8D030DBB11C60C7F8D04000229A
:10AB700007F1D400114601F07FFDE368304643F051
:10AB80000403E3602B68A360F8BD87680F60C368A7
:10AB9000DE07CDD417B96FF01506B0E70126CCE774
:10ABA000C7F8CC40C7F8D040E1E76FF01206A6E73F
:10ABB00040F257110248DAF787F900BF08E2012096
:10ABC000904C080030B5044683B0EFF31185202384
:10ABD00083F31288BFF36F8F154801F0BFFEF0B109
:10ABE000134801F0E1FE002254F8043C019223F0E6
:10ABF00008011B0744F8041C09D40D4801F0BCFEF1
:10AC000088B185F31188BFF36F8F03B030BDA3699E
:10AC100001A9A4F110000193FFF768FFEDE7882177
:10AC20000448DAF751F94FF49A710248DAF74CF90F
:10AC300034E201206CB6070008B530B149B10023F9
:10AC4000C0E90031C0E9023308BD9C210348DAF7AE
:10AC50003BF99D210148DAF737F900BF904C080015
:10AC600030B583B0019001B34B680C465BB3EFF392
:10AC70001185202383F31288BFF36F8F144801F0EE
:10AC80006DFEE0B1124801F08FFE204601A9FFF7EA
:10AC90002DFF04460E4801F06FFE58B185F3118870
:10ACA000BFF36F8F204603B030BD40F27D110948DD
:10ACB000DAF70AF94FF49A710748DAF705F98821AB
:10ACC0000548DAF701F94FF4BF710248DAF7FCF8EA
:10ACD00034E20120904C08006CB6070010B5FFF775
:10ACE000BFFF041E08DDEFF31180202383F31288D9
:10ACF000BFF36F8F01F074F8204610BD014610B508
:10AD00000748FFF7ADFF041E08DDEFF31180202395
:10AD100083F31288BFF36F8F01F062F8204610BDF5
:10AD200020CF012008B520B1E82200210DF0EEFB74
:10AD300008BD40F205310148DAF7C6F8904C08002A
:10AD4000F0B589B00E9D002841D0002949D00446B5
:10AD5000D0F8E40010F001003ED1C4F8CC00C4F8F3
:10AD6000D00004F1D400C4E9350004F1DC00C4E9EA
:10AD7000370055B32E7940F20110002E08BF012094
:10AD80004FF0FF364FF0FF37C4F8E400CDE9066717
:10AD9000002603932046CDE90166144B00940496E7
:10ADA00000F00AFB55B1296811B1204600F010FAF5
:10ADB0006B791BB1237B43F001032373204601F021
:10ADC00059FAC4F8C84009B0F0BD0120D8E740F2F4
:10ADD00032310748DAF778F84FF44D710448DAF762
:10ADE00073F840F233310248DAF76EF88DA80600A6
:10ADF000904C080038B558B10D4671B13022002191
:10AE000004460DF083FB4FF480736560E36038BD4A
:10AE10004FF478710348DAF757F840F2E13101480E
:10AE2000DAF752F8904C080038B5D8B10446EFF381
:10AE30001185202383F31288BFF36F8F104801F030
:10AE40008DFDC8B10E4801F0AFFDE4680C4804F078
:10AE50001F0401F091FD50B185F31188BFF36F8F8E
:10AE6000204638BD40F2F1310648DAF72DF84FF4AC
:10AE70009A710548DAF728F888210348DAF724F8A8
:10AE800034E20120904C08006CB60700F0B583B0A6
:10AE90000190002847D00C4600293FD016461D4699
:10AEA000EFF31187202383F31288BFF36F8F2048BD
:10AEB00001F054FD70B31E4801F076FDE16811F019
:10AEC0001E0F0BD000241A4801F056FDE8B187F39D
:10AED0001188BFF36F8F204603B0F0BD55EA06031B
:10AEE0000DD041F00801E160019904F11000A16268
:10AEF00032462B460F4901F023FE0124E3E72046AA
:10AF000001A9FFF7F3FD0446DDE74FF49A710A4803
:10AF1000D9F7DAFF88210848D9F7D6FF4FF48B61BB
:10AF20000648D9F7D1FF40F257410448D9F7CCFF82
:10AF300034E20120C5AB06006CB60700904C080057
:10AF4000F0B583B00190002848D00C46002940D0CD
:10AF500017461D46EFF31186202383F31288BFF3B3
:10AF60006F8F234801F0FAFC78B3214801F01CFDF3
:10AF7000E36823F008021B07E26021D455EA0703C7
:10AF800018D0E36804F1100043F00801E160019972
:10AF90003A46A1622B46174901F0D2FD012414481C
:10AFA00001F0EAFCF8B186F31188BFF36F8F2046F9
:10AFB00003B0F0BD204601A9FFF798FD0446EEE777
:10AFC00004F1100001F09AFED8E788210A48D9F769
:10AFD0007BFF40F27B410948D9F776FF40F27A4186
:10AFE0000648D9F771FF4FF49A710348D9F76CFFFF
:10AFF00034E20120C5AB06006CB60700904C080097
:10B0000001460148FFF79CBF20CF012038B558B357
:10B010000446EFF31185202383F31288BFF36F8F6B
:10B02000164801F09BFCD8B1144801F0BDFCE36860
:10B0300023F008021B07E2600DD42046FFF712FD43
:10B0400004460E4801F098FC98B185F31188BFF3CF
:10B050006F8F204638BD04F1100001F04FFEECE781
:10B0600088210748D9F730FF40F29C410548D9F7BD
:10B070002BFF4FF49A710248D9F726FF34E20120E2
:10B080006CB60700904C0800034600201B605B6014
:10B09000704700BF2DE970430446EFF31186202569
:10B0A00085F31288BFF36F8F294801F057FC002801
:10B0B00045D0274801F078FCEFF3118385F312881F
:10B0C000BFF36F8F83F31188BFF36F8F9BB3256836
:10B0D000AC4200D055B91E4801F04EFC30B386F3A7
:10B0E0001188BFF36F8F0020BDE87083AB6853B346
:10B0F000D5E9003200244FF000084FF0000913603A
:10B100005A606B7BC5E9008923F002036B7305F17C
:10B110001800AC6001F0F2FD2846C5F8C04000F010
:10B12000C3FA31460A4800F0EBFDDCE74FF49A71B0
:10B130000848D9F7C9FEA6210748D9F7C5FE8821D6
:10B140000448D9F7C1FE8F210348D9F7BDFE00BFDF
:10B1500038E201206CB60700D84B08002DE9F04119
:10B16000074682B00C4616461D46EFF31188202391
:10B1700083F31288BFF36F8F104801F0EFFBC0B16B
:10B180000E4801F011FC2046FEF7A0FFCDE9006556
:10B190003A464146094800F02DFC05464FF0FF3283
:10B1A0004FF0FF332046FEF7E1FE284602B0BDE82F
:10B1B000F08188210248D9F787FE00BF38E20120DC
:10B1C0006CB60700EFF30580003818BF0120704708
:10B1D00010B548B104461F2204F188000DF063FA4F
:10B1E000002084F8A70010BD014B9C68F3E700BF66
:10B1F00008E2012088307047B1B3AAB32DE9F047C7
:10B2000090F80DA00E4602F1FF38BAF1000F2DD0D4
:10B210000024174DDFF85C90AF88A8EB04021AEA0F
:10B22000070F06EB040011D0EB8829689A4228BF6B
:10B230001A4614440DF05EF93AEA070A06EB0403D5
:10B2400006D100221A703046BDE8F0870835E3E7E2
:10B25000A8EB0402012A28BF0122184649460835F6
:10B2600014440DF047F9D7E7034870470B46E8E769
:10B270002C4D0800B44C080020BD07002DE9F04F0C
:10B2800085B0119D04460F2D88461F46DDF838A075
:10B2900076D005F110011E2975D8042100264FF043
:10B2A000000C4FF0000B129B073222F0070961736C
:10B2B00004F158014A46C4E906BC2373C4E91611D7
:10B2C000A573404608EB0905AA21A660E6730DF0B8
:10B2D0001DF929462046DFF799FD8446109B0CF1A5
:10B2E0000702C4E92A8922F0070202930F9BAD1AD4
:10B2F000CDE900A341463B46C4F8B02020462A468B
:10B30000E0F782FA0F9BC4E91D7AE367109B66653C
:10B3100084F87060C4F88030EFF31188202383F341
:10B320001288BFF36F8F1F4801F018FB002834D03C
:10B330001D4F1C4801F038FB3B6A1A48C4F88430A2
:10B340003C6201F019FB18B388F31188BFF36F8FCB
:10B35000139B8BB119461F2204F188000DF0A3F94D
:10B3600084F8A760BB680BB1D3F8B4302846C4F8A2
:10B37000B43005B0BDE8F08F139B84F88830F1E756
:10B380000A498B4289D040F24B210948D9F79CFDEC
:10B390004FF49A710748D9F797FD88210548D9F7E6
:10B3A00093FD00BF4CE2012008E20120F19B060062
:10B3B000B84C08006CB60700F0B587B0DDE912762E
:10B3C000EFF305854DBB0595109D044604950F9D33
:10B3D00003950E9D02950D9D01950C9D0095FFF71F
:10B3E0004DFFB6F1FF3F08BFB7F1FF3F02D1204646
:10B3F00007B0F0BD56EA070305D1204600F03AFF3A
:10B40000204607B0F0BD3A46334604F1180005491E
:10B4100001F096FB204607B0F0BD40F21A31024819
:10B42000D9F752FDEDB90600B84C080059B1002318
:10B43000013802E00133994205D010F801CFBCF188
:10B44000AA0FF7D0194600201160704710B4D0E958
:10B450002A0444B1002302E001339C4203D0C25CC1
:10B46000AA2AF9D01C4600200C6010BC704700BF0F
:10B47000002340F2011210B50446C0E92A3382814C
:10B4800002F004FC014B9C6010BD00BF08E20120EB
:10B4900038B590F90D20437B002A19DB1D4D2A4653
:10B4A00052F8184FAB68944222D00CB3834208D0B4
:10B4B0001BB35A7BD20604D1DA897F2A01D9A2694B
:10B4C000C2B1A34202D0204601F0A0F96C6138BDA0
:10B4D000114A03F07F039042437312D013F001032B
:10B4E00013D1D0E900210A60516003604360D5E7C1
:10B4F000EC68DBE71C466C6138BDEA210748D9F7E8
:10B50000E3FC5A210648D9F7DFFC5B210448D9F750
:10B51000DBFC00BF08E20120A0CC0120904D080018
:10B520006C4D080038B505460C46FFF7B1FF6B7B44
:10B5300043F002036B73B4B1AC6023689C4213D038
:10B5400093B195F90E1093F90E20914201D08A42E1
:10B550000CDC62689A4202D01B68002BF3D1C5E96B
:10B5600000421560656038BD6268F8E75A68C5E951
:10B57000003215605D6038BD38B590F90D20437B11
:10B58000002A31DBDC062FD1264A43F080039042AB
:10B5900043733FD0D90739D4234C214651F8183F83
:10B5A0008B422BD0E56963B190F90EC093F90E2060
:10B5B000944501D0624523DC9D4202D01B68002BDC
:10B5C000F4D1C0E900152860E061A5698D4213D06F
:10B5D00095B1A36813B35A7BD20606D1DA897F2AC4
:10B5E00003D9AA690AB9636138BDAB4202D02846C3
:10B5F00001F00CF9656138BDE568EAE7E569E0E767
:10B600005A68C0E9003210605860DEE753210748ED
:10B61000D9F75AFC52210548D9F756FCEA210448CB
:10B62000D9F752FCA0CC012008E201206C4D0800A3
:10B63000904D080038B51A4DA968EC69D1E9002091
:10B64000A14214BF1346002302605060A868EC6951
:10B6500063B193F90E1090F90E208A4201D0914205
:10B6600017DC9C4202D01B68002BF2D10D4AC0E9C6
:10B6700000242060E861AC69944208D03CB1AB681A
:10B680009C4202D0204601F0C1F86C6138BDEC68E4
:10B69000F5E75968034AC0E9003108605860EAE7F5
:10B6A00008E2012020E2012038B50446EFF31185BD
:10B6B000202383F31288BFF36F8F0E4801F04EF9F9
:10B6C00070B10C4801F070F92046FFF755FF0948AA
:10B6D00001F052F940B185F31188BFF36F8F38BD87
:10B6E00088210548D9F7F0FB4FF49A710248D9F741
:10B6F000EBFB00BF3CE201206CB60700F8B5734DD0
:10B700000446AE68864278D0EFF31187202383F396
:10B710001288BFF36F8F6E4801F020F9002800F007
:10B72000C0806B4801F040F9637BDA065BD4D9092D
:10B7300043F0100240F09D806273AE69654B9E42FB
:10B7400000F0AB80002E00F0A880AB68B34200F0A0
:10B75000A280304601F05AF8AB68A3426E6142D134
:10B76000EFF30584002C3ED11B7BDB071FD5584827
:10B7700001F002F9002800F0988087F31188BFF3E8
:10B780006F8F84F31188BFF36F8F0423184602DF95
:10B79000EFF31187202383F31288BFF36F8F4C4898
:10B7A00001F0DCF800287CD0494801F0FDF8484859
:10B7B00001F0E2F8002857D0AB681FB15A7B12F0B5
:10B7C000090F7FD06FF00A00434AC3F8BC70C3F87A
:10B7D000C0005368002143F08053536081F3118807
:10B7E000BFF36F8FF8BD3A4801F0C6F800285CD06F
:10B7F00087F31188BFF36F8FF8BDEFF30583002B3C
:10B8000082D1EFF31187202383F31288BFF36F8F68
:10B810002F4801F0A3F8002843D02D4801F0C4F8C8
:10B82000737B2E4A03F07F0343F010039642737339
:10B8300044D013F001033DD12A467068316801609D
:10B8400048603360736052F8184F944227D034B385
:10B85000AB689C4202D0204600F0D8FF1C486C61C7
:10B8600001F08AF80028A7D14FF4B7711C48D9F726
:10B870002BFB1A4A03F07F0343F0100394426373D7
:10B880001CD013F0010315D1D4E900210A605160E6
:10B890002360636051E733465FE7EE6855E7EC6885
:10B8A000D6E788210E48D9F70FFB4FF49A710C4860
:10B8B000D9F70AFB5B210B48D9F706FB5A21094847
:10B8C000D9F702FBD2210848D9F7FEFA08E2012095
:10B8D0003CE2012020E2012000ED00E0A0CC0120AC
:10B8E0006CB607006C4D0800BC4D080038B5044626
:10B8F000EFF31185202383F31288BFF36F8F144871
:10B9000001F02CF8D8B1124801F04EF8A3686BB1E1
:10B91000D4E900320020002113605A600022637BCA
:10B92000C4E9000123F002036373A260084801F038
:10B9300023F840B185F31188BFF36F8F38BD88219C
:10B940000448D9F7C1FA4FF49A710248D9F7BCFA02
:10B950003CE201206CB6070070B504460D46EFF3DB
:10B960001186202383F31288BFF36F8F1D4800F0E8
:10B97000F5FF98B31B4801F017F894F87020637B2B
:10B9800062B15DB1002384F87030164800F0F4FF16
:10B99000F8B186F31188BFF36F8F70BD002284F871
:10B9A000702013F02802F0D1A16859B1D4E9003118
:10B9B00000200B6059600021637BC4E90001A26094
:10B9C00003F0FD0323F0040320466373FFF7D4FD67
:10B9D000DBE74FF49A710448D9F776FA88210248D8
:10B9E000D9F772FA3CE201206CB607000121183841
:10B9F000FFF7B2BF2DE9F047314EDFF8C8A0324B58
:10BA0000B46850451C60DDE9089853D004460D46E3
:10BA10001746EFF31183202383F31288BFF36F8F50
:10BA2000504600F09BFF002840D0504600F0BCFF7D
:10BA30003946B7683846FFF775FDB8F1FF3F08BFD4
:10BA4000B9F1FF3F06D04A464346204907F11800A6
:10BA500001F076F8204600F08FFF10B3194800F08F
:10BA60008BFFF0B1B3681DB15A7B12F0090F14D0EF
:10BA70006FF00A00164AC3F8BC50C3F8C000536800
:10BA8000002143F08053536081F31188BFF36F8F1F
:10BA9000B368D3F8C000BDE8F087D2210D48D9F7CC
:10BAA00013FA4FF4B7710C48D9F70EFA88210A48F7
:10BAB000D9F70AFA40F29E210848D9F705FA00BFE3
:10BAC00008E201203CE2012040E20120EDB906003D
:10BAD00000ED00E0BC4D08006CB607006C4D08009E
:10BAE00070B50546EFF31186202383F31288BFF368
:10BAF0006F8F1A4800F032FF38B3184800F054FF37
:10BB00002C68A5421AD07CB1A36813B3D4E90032E3
:10BB10000020002113605A600022637BC4E9000109
:10BB200023F002036373A2600C4800F025FF38B1D4
:10BB300086F31188BFF36F8F204670BD0024F3E7B2
:10BB40004FF49A710648D9F7BFF988210448D9F70C
:10BB5000BBF98F210348D9F7B7F900BF3CE20120B8
:10BB60006CB60700D84B080010B50446FFF7BEFEC0
:10BB700004F11800BDE8104001F0C0B8F8B5044663
:10BB80000D46EFF31187202383F31288BFF36F8FE5
:10BB9000554800F0E3FE002800F09180524800F084
:10BBA00003FF637B03F01F02002A0CBF012600265F
:10BBB0000DD09B074CD4A5734B4800F0DDFE002848
:10BBC00078D087F31188BFF36F8F3046F8BD474AAE
:10BBD00003F07F039442637375D013F0010376D1B1
:10BBE000D4E900200260506023606360637B69B227
:10BBF00043F08003DA07A17363736CD43C4D28468D
:10BC000050F8183F834244D0D5F81CC053B193F983
:10BC10000E20914201D08A4240DC634502D01B686D
:10BC2000002BF4D1C4E9000CCCF80040EC61AC6905
:10BC3000844208D03CB1AB689C4202D0204600F060
:10BC4000E5FD6C61B8E7EC68AB689C42F6D1F8E7BB
:10BC5000A268002A43D0D4E9001000236DB201602D
:10BC60004860A5732360636013689A4214D09BB147
:10BC700093F90E108D4201D0A94215DC516899420A
:10BC800002D01B68002BF3D1C4E900210C60546082
:10BC900092E7D5F81CC0C5E75168F5E75A68C4E9D2
:10BCA000003214605C60C2E75A68C4E90032146074
:10BCB0005C6081E74FF49A710E48D9F705F9882145
:10BCC0000C48D9F701F95A210B48D9F7FDF85B2147
:10BCD0000948D9F7F9F853210748D9F7F5F88F2122
:10BCE0000648D9F7F1F800BF3CE20120A0CC0120C2
:10BCF00008E201206CB607006C4D0800D84B080024
:10BD000070B503460C4611B9EFF3058545B11846E9
:10BD100000F032FEE8B184F31188BFF36F8F70BD7D
:10BD2000114E7169B2689142F1D000F025FEA8B1C0
:10BD30006FF00A01B3680D4AC3F8BC50C3F8C010D5
:10BD4000536843F08053536085F31188BFF36F8FBE
:10BD500070BD4FF49A710648D9F7B6F84FF4B77131
:10BD60000348D9F7B1F800BF08E2012000ED00E078
:10BD70006CB6070038B50446EFF31185202383F332
:10BD80001288BFF36F8F144800F0E8FDD0B112485D
:10BD900000F00AFE637BDA060BD523F01003204681
:10BDA0006373FFF7E9FB2946BDE838400A48FFF70F
:10BDB000A7BF094800F0E0FD40B185F31188BFF34B
:10BDC0006F8F38BD88210548D9F77EF84FF49A71F6
:10BDD0000248D9F779F800BF3CE201206CB60700B1
:10BDE000B8B9EFF30583A3B90C498A684969914250
:10BDF0000FD06FF00A000A49C2F8BC30C2F8C00088
:10BE00004A6842F080524A6083F31188BFF36F8F13
:10BE1000704780F31188BFF36F8F704708E20120ED
:10BE200000ED00E010B5EFF31184202383F31288B6
:10BE3000BFF36F8F164800F091FDA8B1144800F0D1
:10BE4000B3FDEFF30583EBB9124B9A68D37B012B5B
:10BE500013D0013BD3730E4800F08EFD40B184F344
:10BE60001188BFF36F8F10BD88210B48D9F72CF8CC
:10BE70004FF49A710848D9F727F84FF44F710748E3
:10BE8000D9F722F840F23B310448D9F71DF800BF3A
:10BE90003CE2012008E201206CB607006C4D08006E
:10BEA00070B5EFF31186202383F31288BFF36F8FF1
:10BEB000354800F053FD002852D0344D324800F090
:10BEC00073FDAB68DA7B002A58D0EFF305810029B7
:10BED0004FD129460132DA7351F8184F8C423DD0C8
:10BEE000002C3BD05A7BD2062DD1DA897F2A2AD961
:10BEF000A26942BB1C4624486C6100F03DFD98B32A
:10BF000086F31188BFF36F8FEFF31183202282F342
:10BF10001288BFF36F8FE3B9EFF30582CAB9A9683E
:10BF20006869884215D06FF00A031948C1F8BC202F
:10BF3000C1F8C030436843F08053436082F31188F6
:10BF4000BFF36F8F70BDA342D5D0204600F05EFCDA
:10BF5000D1E783F31188BFF36F8F70BDEC68C1E741
:10BF600088210C48D8F7B0FF4FF49A710948D8F7E8
:10BF7000ABFF4FF452710848D8F7A6FF40F24731A3
:10BF80000548D8F7A1FF00BF3CE2012008E20120EC
:10BF900000ED00E06CB607006C4D080038B5046891
:10BFA000844212D005460CB90FE064B12046FFF779
:10BFB0009DFC04F1180000F0A1FE2046FFF774FB81
:10BFC0002C68A542F1D1012038BD002038BD00BF4A
:10BFD000024A134643F81829DA61704720E201202B
:10BFE00070B5EFF30584002C6BD1EFF3118620239D
:10BFF00083F31288BFF36F8F344800F0AFFC002842
:10C000005BD0334D314800F0CFFCAA68EB699A420F
:10C0100015BF1368234619461168526811604A60BB
:10C02000A868EC6963B190F90E2093F90E108A426A
:10C0300001D0914231DCA34202D01B68002BF2D127
:10C04000244AC0E900242060E861AC69944222D00F
:10C050000CB3AB689C4202D0204600F0D7FB1B48D3
:10C060006C6100F089FC18B3AB681EB15A7B12F00A
:10C07000090F19D06FF00A00174AC3F8BC60C3F863
:10C08000C0005368002143F08053536081F311884E
:10C09000BFF36F8F70BDEC68DBE75A68C0E9003210
:10C0A00010600C4A5860D0E7D2210C48D8F70CFF3A
:10C0B0004FF4B7710A48D8F707FF88210848D8F726
:10C0C00003FF4FF48E610748D8F7FEFE3CE20120E3
:10C0D00008E2012020E2012000ED00E0BC4D080054
:10C0E0006CB607006C4D0800F8B5EFF30583002B24
:10C0F00058D150EA010305460C464BD0EFF31187A7
:10C10000202383F31288BFF36F8F2D4800F026FCA5
:10C1100000284CD02B4E2A4800F046FCB0682A4B31
:10C120001860FFF7B5F9B06823462A46274918304A
:10C1300000F006FDB2680446537B214843F0040337
:10C14000537300F019FCB0B3B3681FB15A7B12F0FF
:10C15000090F23D06FF00A001D49C3F8BC70C3F863
:10C16000C0004B68002243F080534B6082F311887B
:10C17000BFF36F8FB368D3E90A13B3F1004F08BF61
:10C18000914201D00020F8BD00F08EFF201A20EA75
:10C19000E070F8BDFFF724FF0020F4E7D2210D483E
:10C1A000D8F792FE4FF491610B48D8F78DFE8821A5
:10C1B0000A48D8F789FE4FF4B7710848D8F784FECB
:10C1C0003CE2012008E2012040E20120EDB9060036
:10C1D00000ED00E0BC4D08006C4D08006CB6070097
:10C1E00070B5EFF3058404BB06460D46FFF77CFFF0
:10C1F000B5F1FF3F08BFB6F1FF3F13D04FF47A729D
:10C2000047F6FF73C0FB0234D80B40EA4440B0F15C
:10C21000004F4FEAD43474F1000400D270BD6FF0C7
:10C22000004070BD4FF0FF3070BD40F2B241014898
:10C23000D8F74AFE6C4D080010B500240B494FF4A6
:10C24000004C8E462146C0FB0CE100237046084A94
:10C2500005F04AFCC117FFF747FF47F6FF73044A92
:10C26000C0FB0234DB0B43EA444010BD3F420F00E9
:10C2700040420F0038B50446EFF31185202383F3C5
:10C280001288BFF36F8F164800F068FBF8B11448AE
:10C2900000F08AFB637B5B0708D4114800F06CFB5D
:10C2A000C8B185F31188BFF36F8F38BD04F1180052
:10C2B00000F024FD637B204623F004036373FFF743
:10C2C0005BF92946BDE838400548FFF719BD8821CC
:10C2D0000448D8F7F9FD4FF49A710248D8F7F4FDF5
:10C2E0003CE201206CB60700014B9868704700BF24
:10C2F00008E201202DE9F84F054690F80CB0EFF365
:10C30000118A202383F31288BFF36F8F854800F0D2
:10C3100025FB002800F0EB80824800F045FB6B7B9A
:10C320001A077DD4D90943F0080267D16A73AB6854
:10C330006BB1D5E9003213605A600023002200215E
:10C34000C5E900236B7BA96023F002036B7305F141
:10C35000180000F0D3FCAC6D05F15807A74222D0BD
:10C360000CB300264FF000084FF0000900E0D4B1F4
:10C37000A368002B00F0B280D4E9003213605A6049
:10C38000637BC4E9008923F00203637304F118009E
:10C39000A66000F0B3FC2046C4F8C060FFF7ECF8DC
:10C3A000AC6DA742E3D1604CA3689D4271D00027D9
:10C3B000A6695E4A964266D0002E64D0B34202D08F
:10C3C000304600F023FA28466661DFF747FA284630
:10C3D00000F054FB002F58D1A3689D422BD0514848
:10C3E00000F0CAFA00287DD08AF31188BFF36F8F5E
:10C3F0001BF0010F40F09080BDE8F88F4C4A03F02D
:10C400007F0343F0080395426B737DD013F0010363
:10C410007ED1D5E900210A6051602B606B6086E710
:10C42000404800F0A9FA00285CD08AF31188BFF3D5
:10C430006F8FBDE8F88FEFF30586002ECFD12B7BF1
:10C44000DB072CD45546374800F096FA002856D022
:10C45000A3681DB15A7B12F0090F4CD06FF00A008F
:10C46000344AC3F8BC50C3F8C0005368002143F0FD
:10C470008053536081F31188BFF36F8F4FF4EE71D7
:10C480002D48D8F721FDE66898E72C48FEF7F0FF25
:10C49000A2E7EFF30587003F18BF012788E721488F
:10C4A00000F06AFAF0B18AF31188BFF36F8F86F358
:10C4B0001188BFF36F8F0423184602DFEFF3118A50
:10C4C000202383F31288BFF36F8F1648554600F080
:10C4D00045FA60B1134800F067FAB4E78F211848B5
:10C4E000D8F7F2FC4FF49A711648D8F7EDFC882182
:10C4F0001448D8F7E9FCD2211348D8F7E5FC4FF4EB
:10C50000B7711048D8F7E0FC5A210B48D8F7DCFC8B
:10C510005B210948D8F7D8FC40F28E510648D8F77D
:10C52000D3FC00BF3CE2012008E2012020E2012010
:10C53000A0CC012000ED00E06C4D080038CE0120B9
:10C54000D84B08006CB60700BC4D08002DE9F0413F
:10C55000044616461D46EFF31187202181F3128809
:10C56000BFF36F8F3D4800F0F9F900285ED03B48DB
:10C5700000F01AFA637B1B0753D455EA06030DD16A
:10C580006FF00F04354800F0F7F9002852D087F318
:10C590001188BFF36F8F2046BDE8F081DFF8C080BF
:10C5A000D8F80800A0423ED0A26800F158039A4291
:10C5B00039D0EFF30583002B41D104F15801FEF788
:10C5C000B1FFB5F1FF3F08BFB6F1FF3F07D0D8F884
:10C5D000080032462B462349183000F0B1FA1F48B4
:10C5E00000F0CAF980B3D8F808301FB15A7B12F0B6
:10C5F000090F2ED06FF00A001B4AC3F8BC70C3F8B5
:10C60000C0005368002143F08053536081F31188C8
:10C61000BFF36F8FD8F80830D3F8C0402046BDE88C
:10C62000F0810024AEE76FF02C04ABE788210F48BF
:10C63000D8F74AFC4FF49A710C48D8F745FC4FF4F0
:10C64000B6610B48D8F740FC4FF4B7710748D8F7EC
:10C650003BFCD2210748D8F737FC00BF3CE2012061
:10C6600008E20120EDB9060000ED00E06CB607001D
:10C670006C4D0800BC4D08002DE9F843064688467D
:10C680001746EFF31189202383F31288BFF36F8FCE
:10C69000214800F063F9002835D005461E4800F017
:10C6A00083F93468A64227D024B3A368C4F8C080B5
:10C6B000276163B3D4E9003213605A60002200237B
:10C6C0000021C4E90023637BA16023F0020304F18D
:10C6D0001800637300F012FB2046FEF74DFF0E4872
:10C6E00000F04AF950B189F31188BFF36F8F2846E3
:10C6F000BDE8F8832546F2E70025F0E74FF49A718C
:10C700000648D8F7E1FB88210448D8F7DDFB8F21E4
:10C710000348D8F7D9FB00BF3CE201206CB6070004
:10C72000D84B080010B582B0DDE90434CDE90034FF
:10C73000069CFFF75FF91CB1024B9B681B692360E5
:10C7400002B010BD08E201202DE9F84306460F466D
:10C750009046EFF31189202383F31288BFF36F8F84
:10C76000154800F0FBF8E8B1134800F01DF93468F3
:10C77000A6420BD054B141462046B847054630B9D1
:10C7800073689C4202D02468002CF4D100250A482A
:10C7900000F0F2F850B189F31188BFF36F8F28468B
:10C7A000BDE8F88388210548D8F78EFB4FF49A71CD
:10C7B0000248D8F789FB00BF3CE201206CB60700B5
:10C7C00008B5A8B10C4B984212D303F1180290425D
:10C7D0000ED20A4AC01A02FB00F1094BB3EBF10F6B
:10C7E00006D30121C01002FB00F0064B195408BD0E
:10C7F0003F210548D8F768FB00CF0120ABAAAAAAC1
:10C80000AAAAAA0A44E20120E84D08002DE9F04155
:10C810001E4B1F4D1F7C07EB470305EBC305437BF6
:10C8200013F01F040FD11B4B984205D01A4B1E6802
:10C830008EB1C3897F2B15D9284600F05FFA174BBC
:10C84000DC55BDE8F081284600F058FA0022134B71
:10C85000DA55BDE8F081284600F050FA0F4BDE555E
:10C86000BDE8F0810E4B90F90E201B6828469A42D5
:10C87000E3DB00F043FA094B721EDC552846BDE8A5
:10C88000F0410849D31700F05BB900BF08E201206E
:10C8900000CF0120A0CC0120B478012044E2012087
:10C8A00048E20120C1C7060038B5EFF31185202307
:10C8B00083F31288BFF36F8F204800F04FF80028F1
:10C8C00037D01E4800F070F81D4A1E4B9468186857
:10C8D000A04226D00021127C1B481960825C8AB1DC
:10C8E000637BDB060ED1194B9C420BD0184B1B68A7
:10C8F00043B1E3897F2B05D8164B94F90E201B68B2
:10C900009A4208DA0D4800F037F868B185F31188CB
:10C91000BFF36F8F38BDFEF78DFE2046FFF776FF21
:10C92000F0E7FFF773FFEDE74FF49A710A48D8F785
:10C93000CBFA88210848D8F7C7FA00BF3CE20120AB
:10C9400008E2012040E2012044E20120A0CC0120C5
:10C95000B478012048E201206CB60700006838B1C5
:10C96000044B00F003001B7CC01A18BF0120704765
:10C970000120704708E20120002301680360EFF303
:10C980000583084A43B99368127C43EA0200401ABF
:10C99000B0FA80F0400970479368587BC007F3D520
:10C9A0000120704708E20120024B1A7C9B68134368
:10C9B0000360704708E201202DE9F843002851D0B8
:10C9C00005460E469046EFF311874FF0200989F394
:10C9D0001288BFF36F8F2548FFF7C0FF002838D0BB
:10C9E0002248FFF7E1FF224B1C6A4CB1B8F1000F5F
:10C9F00010D120463146A847D4F88440002CF8D105
:10CA00001A48FFF7B9FF40B387F31188BFF36F8F60
:10CA1000BDE8F883DFF854804046FFF7ADFFE0B192
:10CA200087F31188BFF36F8F31462046A847EFF395
:10CA3000118789F31288BFF36F8F4046FFF78EFF8F
:10CA400038B14046FFF7B0FFD4F88440002CE3D162
:10CA5000D6E788210748D8F737FA4FF49A71054886
:10CA6000D8F732FA2E210448D8F72EFA4CE20120EA
:10CA700008E201206CB60700104E080038B50446E5
:10CA8000EFF31185202383F31288BFF36F8F1748CC
:10CA9000FFF764FF00B31548FFF786FF144A136AD7
:10CAA000A34210D033B1D3F88420A2420FD0134652
:10CAB000002BF8D10D48FFF75FFF88B185F311888F
:10CAC000BFF36F8F38BDD3F884301362F2E7D4F828
:10CAD0008420C3F88420EDE788210648D8F7F4F9CC
:10CAE0004FF49A710348D8F7EFF900BF4CE20120E8
:10CAF00008E201206CB607000022FFF75DBF00BF0F
:10CB00000122FFF759BF00BF10B40C4B5A680368ED
:10CB100082420AD04BB1D3E9042104691219446955
:10CB20001A6141EB040159610368002241680B60FE
:10CB3000596010BC02604260704700BFB8780120A5
:10CB4000B3F1FF3F08BFB2F1FF3F2DE9F84F00F00E
:10CB5000A380D0F800B08146BBF1000F40F0B9804F
:10CB60001C4615461E468160EFF31187202383F390
:10CB70001288BFF36F8F5B48FFF7F0FE82460028F4
:10CB800000F0A3805748FFF70FFF002C45DB564B02
:10CB90001B68002B00F086805E46D846534B01355B
:10CBA0001A6844F1000415EB0B0546EB04065B68BC
:10CBB000C9E90456AD1846EB03064D4AD2E9001EFA
:10CBC000914212D089B1D9E90430D1E9044CA34291
:10CBD00070EB0C0B39DB1B1B60EB0C008E45C9E9BD
:10CBE000043002D009680029EFD1C9E9002ECEF83F
:10CBF0000090C2F804901368934201D0994531D057
:10CC00003848FFF7B9FE002867D087F31188BFF3D3
:10CC10006F8F28463146BDE8F88F6FF00103334A25
:10CC20004FF0000AD2E900125B1A4FF0FF3161EBBE
:10CC300002025B1B62EB0402012B72F10001BCBF1C
:10CC40005A460123C9E90432B7E7E41A4B686CEB92
:10CC50000000C1E90440C9E90013C3F80090C1F81D
:10CC60000490C8E7204909680029C9D1BAF1000F2A
:10CC700021D0D3E90423B2EB080263EBE873B2F1ED
:10CC8000004F73F1000113DA002BACBF10460020F7
:10CC90000021F7F777F8B3E700252E4628463146FE
:10CCA000BDE8F88FF7F7E0F880468346C61775E7CA
:10CCB0006FF00040ECE7F7F7D7F80D4A136893429E
:10CCC000F6D0002BF4D08046D3E788210948D8F766
:10CCD000FBF870210848D8F7F7F84FF49A71054827
:10CCE000D8F7F2F854E2012050E2012018CF0120D9
:10CCF000B87801206CB607003C4E0800F8B5044631
:10CD0000EFF31186202383F31288BFF36F8F2B4834
:10CD1000FFF724FE00284DD02848FFF745FE236882
:10CD200093B3274D20462F68AF4236D0FFF7ECFE75
:10CD300000224FF00043BC42C4E904230AD000247F
:10CD40001E48FFF719FE80B386F31188BFF36F8F7B
:10CD50002046F8BD1B4B1B68CBB100202A68AA42B5
:10CD600018D0BAB1D2E904321B1A62EBE072B3F107
:10CD7000004F72F100010DDA002AACBF1846002006
:10CD80000021F6F7FFFFDAE76FF01504D8E7F7F7B1
:10CD90006BF8E3E76FF00040F2E7FFF7B5FE002223
:10CDA0004FF00043C4E90423C9E74FF49A710648E1
:10CDB000D8F78AF888210448D8F786F854E2012089
:10CDC000B878012050E201206CB607002DE9F0414F
:10CDD0008046EFF31187202383F31288BFF36F8F10
:10CDE0002348FFF7BBFD002839D02148FFF7DCFDC1
:10CDF000D8F800402CB31F4A1368934223D05BB38A
:10CE0000D3E9044698450DD0556809E01B684BB13D
:10CE1000D3E90421A21846EB01069845144601D037
:10CE2000AB42F3D1144B1B6883B11148FFF7A4FD4B
:10CE3000C8B187F31188BFF36F8F20463146BDE834
:10CE4000F0812646F1E700242646EBE7F7F70CF8D9
:10CE5000241A66EBE076E8E71C461E46E2E78821E6
:10CE60000648D8F731F84FF49A710448D8F72CF8EF
:10CE700054E20120B878012050E201206CB607008E
:10CE80002DE9F04F83B00190EFF311854FF0200BA7
:10CE90008BF31288BFF36F8F6148FFF75FFD019A34
:10CEA000002800F0A3805F4F5D480192FFF77CFDF2
:10CEB000D7F80080DFF870A1019AB845CAF80020C1
:10CEC00000F09180B8F1000F00F09980DFF85C91DC
:10CED000534ECDF804B003E0B8F1000F00F09C8091
:10CEE000D8E90443D017A24270EB030E54DBD9E912
:10CEF00000204FF0000C4FF0000B121940EBE473D0
:10CF0000C8E904BC4046C9E90023FFF7FDFD3046EF
:10CF1000FFF732FD00286DD085F31188BFF36F8FC6
:10CF20004046D8F808309847EFF31185019B83F30A
:10CF30001288BFF36F8F3046FFF710FD002855D0E1
:10CF40003046FFF731FDDAF80020D7F80080121BD9
:10CF5000B845CAF80020BFD100246FF00040D9F8CE
:10CF60000030CAF800409B18C9F80030D9F80430E6
:10CF700043EBE273C9F804300021F6F703FF2848B9
:10CF8000FFF7FAFCB0B385F31188BFF36F8F03B0DE
:10CF9000BDE8F04FFFF788BCA41AC8F8104063EB57
:10CFA00000043B68C8F814400024CAF80040D9F8CF
:10CFB0000040A418D9F80420C9F8004042EB000250
:10CFC000BB42C9F804200BD053B1D3E90403B0F13C
:10CFD000004F73F1000203DA002BB8BF0020CBE74B
:10CFE0006FF00040C8E7DFF84490B5E788211048AB
:10CFF000D7F76AFF4FF49A710D48D7F765FF0B49D1
:10D00000CAF80080D1E900309B1840EBE272C1E918
:10D0100000326FF00040AFE74346D017C4E700BFCF
:10D0200054E20120B878012050E2012018CF0120FD
:10D030006CB6070070B5EFF31186202383F31288D6
:10D04000BFF36F8F1448FFF789FCE0B11248FFF778
:10D05000ABFC124B1B6893B100200146104B1A68C1
:10D060005D6884180C4841EB0505FFF785FC70B13D
:10D0700086F31188BFF36F8F2046294670BDF6F7FF
:10D08000F3FEC117EAE788210648D7F71DFF4FF4E2
:10D090009A710448D7F718FF54E2012050E20120AA
:10D0A00018CF01206CB6070008B5FFF7C3FF08BD15
:10D0B000FFF7C0BFB3F1FF3F08BFB2F1FF3F70B54C
:10D0C000054616D016461A431C4605D100263146A1
:10D0D000C5E90061284670BD002B11DA6FF001032D
:10D0E0009E1B4FF0FF3363EB0401C5E90061284646
:10D0F00070BD4FF0FF363146C5E90061284670BD6E
:10D10000FFF798FF861941EB0401C5E90061284645
:10D1100070BD00BFB3F1FF3F08BFB2F1FF3FF8B5EC
:10D12000064617D01C4654EA0203154605D10020D6
:10D130000446C6E900043046F8BDFFF77BFFA8426D
:10D1400071EB0403F3D2281A64EB0104C6E900046E
:10D150003046F8BD4FF0FF300446C6E900043046C3
:10D16000F8BD00BF10B50446FFF7C8FDA8B9636A53
:10D170000BB12046984704F11800FEF7B1FC60B1EE
:10D18000FEF792FAEFF31180202383F31288BFF3A6
:10D190006F8FBDE81040FEF723BE10BD002968D098
:10D1A0002DE9F8430E4615464FF000084FF02009D0
:10D1B00001EB810300EB8300354FA0F11404637B86
:10D1C000C4F8088003F03F03102B4ED8DFE803F0CB
:10D1D00015463F4D384D4D4D314D4D4D4D4D4D4DFD
:10D1E00009002369002B4ED0236833B162681360B5
:10D1F0005A60C4F80080C4F804803846FFF7BCFBCE
:10D2000000283BD085F31188BFF36F8FEFF31185B2
:10D2100089F31288BFF36F8F3846FFF79FFB48B33F
:10D220003846FFF7C1FB013EA4F11404C7D1BDE8A5
:10D23000F8832369002BD7D1C0211648D7F744FEC5
:10D240002369002BD0D1B8211248D7F73DFE2369BE
:10D25000002BC9D1B4210F48D7F736FE2369002B24
:10D26000C2D1BC210B48D7F72FFECB210948D7F7F5
:10D270002BFE704788210848D7F726FE4FF49A7195
:10D280000548D7F721FEC4210248D7F71DFE00BF8D
:10D2900058E20120604E08006CB607002DE9F0410D
:10D2A000866804460D4636B17378012B22D0022BD6
:10D2B0000CD0002333700020E368A060C3F38632F3
:10D2C000154365F39433E360BDE8F0813378002BB8
:10D2D000EFD056F8047C002FEBD006F11400FFF7D6
:10D2E0000DFD0023A6F1140841463846F362FDF710
:10D2F000B7FCDEE716F8533C9A07DAD5A6F16007CB
:10D300003846FEF731FC082D0CBF6FF003020022F7
:10D3100016F8533C3266DB06CBD13846FEF7C4F92B
:10D32000C7E700BF2DE9F04FB1F1000883B00093CB
:10D3300040F3D48100254FF02009AA4683461446C5
:10D34000A84E0195EFF3118789F31288BFF36F8F11
:10D350003046FFF703FB002800F0C8813046FFF796
:10D3600023FB9BF80D2002F03F02102A00F2AE8151
:10D37000DFE812F0160051001100AC014A00AC01C8
:10D38000AC01AC014300AC01AC01AC01AC01AC019F
:10D39000AC01AC012E00DBF810209268002A41D1CC
:10D3A000009B13B92278002A3ED13046FFF7E4FAF9
:10D3B000002800F0968187F31188BFF36F8F013545
:10D3C000A8450BF1140BBDD1019803B0BDE8F08F57
:10D3D000DBF81020D18952899142E1D02021DBF87D
:10D3E0000C20CBF808A0C2F38630014361F39432DD
:10D3F000CBF80C2084F800A0D7E7DBF81020526AA5
:10D40000002ACDD01021EAE7DBF810201268002AAC
:10D41000C6D00421E3E7DBF810209268002ABFD0D1
:10D420000121DCE70221DAE79BF80D2002F03F0240
:10D43000102A00F24F81DFE812F018004D001E00A4
:10D440004D01D7004D014D014D01A9004D014D0188
:10D450004D014D014D014D014D0179004A68CBE967
:10D460000012C2F800B0C1F804B0019BCBF808402C
:10D470000133019399E7DBF81030002B00F03E8177
:10D48000196903F1100E8E45D3F814C000F0E68040
:10D49000BCF1000F00F0E280DCF80820002A00F068
:10D4A0003D8112F9522C14F9520C824240F0D38083
:10D4B000002900F0D3808A68002A00F02F8112F939
:10D4C000522C904201D08242C8DC614500F0C680F7
:10D4D0000968EDE7DBF81030002B00F01381D3E989
:10D4E000001C8B4200F0E680BCF1000F00F0E280EF
:10D4F000DCF80820002A00F0118112F9522C14F9EE
:10D50000520C824240F0D380002900F0D3808A6818
:10D51000002A00F0038112F9522C904201D082427D
:10D520009CDC8C4500F0C6800968EDE7DBF8103024
:10D53000002B00F0DF80196B03F1300E8E45D3F81D
:10D5400034C000F0A880BCF1000F00F0A480DCF82B
:10D550000820002A00F0E28012F9522C14F9520C33
:10D56000824240F09580002900F095808A68002A68
:10D5700000F0D48012F9522C904202D082423FF740
:10D580006DAF8C4500F087800968ECE7DBF8103060
:10D59000002B00F0BB80996A03F1280E8E45D3F86A
:10D5A0002CC069D0BCF1000F66D0DCF80820002A3E
:10D5B00000F0B48012F9522C14F9520C824259D165
:10D5C000002959D08A68002A00F0A88012F9522C4C
:10D5D000904202D082423FF741AF8C454CD009685F
:10D5E000EEE700BF58E20120DBF81030002B00F01E
:10D5F0009180596903F1140E8E45D3F818C01ED0DE
:10D60000BCF1000F1BD0DCF80820002A00F0868057
:10D6100012F9522C14F9520C82420ED179B18A6857
:10D62000002A7BD012F9522C904202D082423FF75E
:10D6300015AF614503D00968F0E79042EEDDCBE914
:10D6400000ECCCF800B0C3F818B0019BCBF8084050
:10D6500001330193A9E690427FF72AAFCBE900ECB2
:10D66000CCF800B0C3F814B0019BCBF808400133EC
:10D6700001939AE69042A3DDCBE900ECCCF800B030
:10D68000C3F82CB0019BCBF80840013301938CE622
:10D6900090427FF768AFCBE900ECCCF800B0C3F85C
:10D6A00034B0019BCBF80840013301937DE69042F2
:10D6B0007FF72AAFCBE9003CCCF800B0C3F804B048
:10D6C000019BCBF80840013301936EE663211448B7
:10D6D000D7F7FAFBA4211248D7F7F6FB00230193F2
:10D6E00072E64FF49A710F48D7F7EEFB88210D4888
:10D6F000D7F7EAFB9D210A48D7F7E6FB8D210848BA
:10D70000D7F7E2FB95210648D7F7DEFB99210448BD
:10D71000D7F7DAFB91210248D7F7D6FB937BFFDEE0
:10D72000604E08006CB6070008B56AB93F2913D8E7
:10D7300073B190F80CC0090201F47C5141EA0C016C
:10D74000C0E90221036108BD2E210548D7F7BCFBC3
:10D7500031210348D7F7B8FB30210148D7F7B4FB94
:10D76000604E08004FF0010C2DE9F04F16464C4A70
:10D7700085B0946884F860C084F861C0EFF30589CF
:10D78000B9F1000F40F081800746002878D00029C9
:10D790001D4670DB56EA05030CBF0123002304F18C
:10D7A0006002FFF7BFFD8046EFF3118B4FF0200AB8
:10D7B0008AF31288BFF36F8F3A48FFF7CFF800283B
:10D7C00055D03848FFF7F0F894F86030002B3AD085
:10D7D00056EA050384F8609027D05946324A0096ED
:10D7E00001953048FEF706F90446EFF311858AF3F8
:10D7F0001288BFF36F8F2B48FFF7B0F8002836D0A0
:10D800002848FFF7D1F838462A464146FFF7C6FCBC
:10D810002448FFF7B1F800283CD085F31188BFF306
:10D820006F8F204605B0BDE8F08F1E48FFF7A4F8C3
:10D8300080B38BF31188BFF36F8F6FF00A0420461B
:10D8400005B0BDE8F08F5A46414638460393FFF7CE
:10D85000A5FC1448FFF790F8039BD8B18BF311880F
:10D86000BFF36F8F1C46204605B0BDE8F08F8821BE
:10D870000E48D7F729FB40F227110D48D7F724FBB4
:10D880004FF493710A48D7F71FFB40F2251108485F
:10D89000D7F71AFB4FF49A710448D7F715FB00BF6E
:10D8A00008E2012058E20120C07801206CB6070090
:10D8B000604E0800F8B505460E46EFF311872023A9
:10D8C00083F31288BFF36F8F1548FFF747F818B33B
:10D8D0001348FFF769F82C68A54216D0D4E9003246
:10D8E00013605A6000233146204623606360FFF7CF
:10D8F000D5FC0B48FFF740F848B187F31188BFF318
:10D900006F8F201E18BF0120F8BD0024F1E74FF4EF
:10D910009A710448D7F7D8FA88210248D7F7D4FA81
:10D9200058E201206CB6070070B504460D46EFF3CF
:10D930001186202383F31288BFF36F8F1848FFF7F7
:10D940000DF818B31648FFF72FF801212068C4E935
:10D95000021584420FD0D0E9003213605A600023D0
:10D9600003604360FFF79AFC044631460C48FEF71B
:10D97000C7F9204670BD0A48FEF7FEFF50B186F396
:10D980001188BFF36F8F0024204670BD88210548A1
:10D99000D7F79AFA4FF49A710248D7F795FA00BF71
:10D9A00058E201206CB607002DE9F043002585B050
:10D9B00006460C469146019500F10C07EFF31188DD
:10D9C000202383F31288BFF36F8F3846FEF7C6FF1C
:10D9D00040B33846FEF7E8FFB36830465C4004EADF
:10D9E00009045C40114901AA0294039503EA09095C
:10D9F000FEF7AAFE019C44B12046C4F8C050646EF4
:10DA00000021FDF7A9FF002CF6D1039A029B3846AE
:10DA100023EA02034146B360FEF772F9484605B0B7
:10DA2000BDE8F08388210248D7F74EFA25DB0600CF
:10DA30006CB607002DE9F04F85B00646DDE90E878C
:10DA40000C461546EFF3058313B158EA070356D188
:10DA500024B90023184605B0BDE8F08FFEF744FC5A
:10DA600006F10C098246EFF3118B202383F3128811
:10DA7000BFF36F8F4846FEF771FF002844D0484639
:10DA8000FEF792FFAB070ED50023B36058EA0703F9
:10DA900023D14846FEF770FF002839D08BF3118858
:10DAA000BFF36F8FD5E7B268E80702EA040323D417
:10DAB000002BEBD0690748BF9A43484648BFB26085
:10DAC0000393FEF759FF039B10B38BF31188BFF349
:10DAD0006F8F184605B0BDE8F08FCAE91A45324687
:10DAE00059464846CDF800800197FDF783FF00288E
:10DAF000AFD1DAF86830ADE79C42DBD0C6E74FF42F
:10DB000085710648D7F7E0F988210548D7F7DCF991
:10DB10004FF49A710248D7F7D7F900BF844E080036
:10DB20006CB6070010B50346846EC06E4A6810F0EC
:10DB3000010F02EA040212D17AB140079A6602D5B7
:10DB400088681043886001220C6803F118005C6645
:10DB50000B6083F87020FFF7D1F8002010BD9442CD
:10DB6000EAD0002010BD00BF08B5EFF3058323B94C
:10DB7000C0E902330060406008BD38210148D7F792
:10DB8000A3F900BF844E08000A46FFF70DBF00BF8F
:10DB90000A460021FFF708BF5200FFF74BBF00BF46
:10DBA0002DE9F84F4F1E0F4233D1141D2AD20D46D6
:10DBB00006469A4641F0040B00F11408EFF3118970
:10DBC000202383F31288BFF36F8F4046FEF7C6FE13
:10DBD00040B34046FEF7E8FE224659463046D0475D
:10DBE00004464046FEF7C8FEB8B189F31188BFF37A
:10DBF0006F8F3CB1204640F8046B0DB1384204D120
:10DC0000BDE8F88F0020BDE8F88F34210748D7F72A
:10DC10005BF917210548D7F757F94FF49A71044873
:10DC2000D7F752F988210248D7F74EF9A84E0800D5
:10DC30006CB60700014620B150F8040C0439FBF71C
:10DC400065BE704702460021014B0248FFF7A8BF9E
:10DC5000A54504006079012070B5A0FB01546CB9A2
:10DC60002A462146074B0848FFF79AFF064628B187
:10DC70002A4621460AF04AFC304670BD002630464E
:10DC800070BD00BFA545040060790120014BC0F8BC
:10DC9000B43070476079012010B50446FDF792FA60
:10DCA00060B9084B9B68D3F8B4304BB12246BDE84D
:10DCB000104018460021044BFFF772BF034BF5E7F5
:10DCC00010BD00BF08E20120A545040060790120D5
:10DCD000704700BF10B5074C82B04FF0FF334FF4D0
:10DCE0008052054805490094FDF72AF8002002B04B
:10DCF00010BD00BFD84E080020CF0120B8CC0220B4
:10DD0000F0B503AF2DE9000F87B0044688464FF405
:10DD10009B70214600231546FAF73EFA04F5E47B92
:10DD2000DBE8CF0F20B90120CBE8410FC1B103E000
:10DD3000BFF32F8F00E010BF9BF8000000281EBF2C
:10DD400010BF9BF800000028EAD010BF9BF800002D
:10DD500000281EBF10BF9BF800000028E0D0EAE7B3
:10DD600094F85C00022808D10020CBE88F0F6FF0F8
:10DD70006A0007B0BDE8000FF0BDA06D50E8001FBD
:10DD80004A1C40E80023002BF8D1002900F15E81F5
:10DD9000D4F808010021009094F85C00A66DCBE84F
:10DDA0008F1F20210196002818BF082106EB010AC9
:10DDB0000AF11409D9E8CF0F20B90120C9E8410FB1
:10DDC000C1B103E0BFF32F8F00E010BF99F800004E
:10DDD00000281EBF10BF99F800000028EAD010BF2D
:10DDE00099F8000000281EBF10BF99F80000002815
:10DDF000E0D0EAE7504641462A4605F0F8FC411CCF
:10DE00006FF01500DFE801F0057D32352F6E7138B7
:10DE1000740000202146C9E88F0F40F23710009BA4
:10DE20002A46FAF7B9F9DBE8CF0F20B90120CBE891
:10DE3000410F21B303E0BFF32F8F00E010BF9BF829
:10DE4000000000281EBF10BF9BF800000028EAD089
:10DE500010BF9BF8000000281EBF10BF9BF80000F9
:10DE60000028E0D0EAE76FF046004AE06FF061007A
:10DE700047E06FF06E0044E06FF00A0041E094F874
:10DE8000C00100254FF00008002800F08280D4E98E
:10DE90002E0108437DD18DF81880CDE90488CDE9A5
:10DEA0000288D9E8CF0F28B90120C9E8410F00291D
:10DEB00040D003E0BFF32F8F00E010BF99F80000BF
:10DEC00000281EBF10BF99F800000028E9D010BF3D
:10DED00099F8000000281EBF10BF99F80000002824
:10DEE000DFD0EAE76FF049000BE06FF06A0008E06E
:10DEF00042F2293021462A460C23FAF74DF96FF0F9
:10DF00000B000021C9E88F1F56E8001F4A1EC6E813
:10DF1000E32F002BF8D101297FF42BAF01A9044690
:10DF2000BFF35F8F084606F07CF8204607B0BDE8D7
:10DF3000000FF0BD02A95046112205F0E4FC4FF09D
:10DF400000081128C9E88F8F23D19DF8080000F040
:10DF50003001202917D100F00F00411E082912D8E6
:10DF6000DDF8091009BAB1F1806F0CD8DDF8151091
:10DF7000012807D100291EBF08BAC4E92E084FF0B6
:10DF8000010806E029B10020CBE88F0F6FF04600B2
:10DF9000BAE7CBE88F5FDBE8CF0F20B90120CBE8F1
:10DFA000410FC1B103E0BFF32F8F00E010BF9BF81A
:10DFB000000000281EBF10BF9BF800000028EAD018
:10DFC00010BF9BF8000000281EBF10BF9BF8000088
:10DFD0000028E0D0EAE794F8C4510020CBE88F0F86
:10DFE0002146281F4346B0FA80F042094FF49C7046
:10DFF000FAF7D2F8204606F052FD024601303DD035
:10E000006FF01500DFE802F0050609191CCACA16F0
:10E010001F0C79E76FF0610076E76FF06E0073E731
:10E0200011F16B0000F0BA8011F10B00084600F00E
:10E03000B58069E76FF00B0066E76FF0460063E7B5
:10E040006FF0490060E76FF05E005DE7FEDEBFF352
:10E050002F8F00E010BF9BF8000000281EBF10BFEC
:10E060009BF80000002809D010BF9BF80000002892
:10E070001EBF10BF9BF800000028EBD1DBE8CF0FDC
:10E080000028E4D10120CBE8410F0029E3D194F826
:10E09000C4010021CBE88F1F00F0060004281DD129
:10E0A000204600F08FF802460130A9D116E0BFF3F8
:10E0B0002F8F00E010BF9BF8000000281EBF10BF8C
:10E0C0009BF80000002809D010BF9BF80000002832
:10E0D0001EBF10BF9BF800000028EBD1DBE8CF0F7C
:10E0E0000028E4D10120CBE8410F0029E3D194F8C6
:10E0F000C20100280CBF94F8C3914FF00109002021
:10E10000042DCBE88F0F0DD109F0010240F2391038
:10E1100021460023FAF740F8009800283ED048EA4C
:10E12000090036E0DBE8CF0F20B90120CBE8410F32
:10E13000C1B103E0BFF32F8F00E010BF9BF80000D8
:10E1400000281EBF10BF9BF800000028EAD010BFB7
:10E150009BF8000000281EBF10BF9BF8000000289D
:10E16000E0D0EAE794F8C401002109F00102CBE80D
:10E170008F1F04382146B0FA80F0450940F239106B
:10E180002B46FAF709F8009840B149EA050040EA41
:10E190000800C0071CBF0098F9F7FCFF56E8000F05
:10E1A000411EC6E8E21F002AF8D1012804D101A8C7
:10E1B000BFF35F8F05F035FF002007B0BDE8000F0B
:10E1C000F0BD0000F0B503AF2DE9000FBDB000F5C4
:10E1D000E4798046D9E8CF0F08B9012002E0BFF307
:10E1E0002F8F45E0C9E8410F002941D198F8C401BB
:10E1F0004FF0000A00F006010020042904D198F82D
:10E20000C31149B14FF0FF3AC9E88F0F5046594644
:10E210003DB0BDE8000FF0BDC9E88F0F08F2D11086
:10E220000122D0E8CF1F61B9C0E8412F0029F8D101
:10E23000002A18BF42460BD0D9E8CF0F88B9012079
:10E2400031E00022BFF32F8F002A18BF4246F3D1DE
:10E25000D120414602220023F9F79EFF4FF0FF3AFA
:10E26000D4E7BFF32F8F00F0BEBE8946BFF32F8FD8
:10E2700099F80000494600281EBF10BF0878002802
:10E280000AD010BF087800281EBF10BF08780028E9
:10E2900002D010BF0878EEE7D1E8CF0F0028E4D114
:10E2A000012089469EE7C9E8410F002940F09B867E
:10E2B00098F8C40100F00600042803D198F85C0027
:10E2C000022809D14FF0000AC9E88FAF02F2D1103D
:10E2D0000021C0E88F1F99E7D8F85800089250E84D
:10E2E000001F4A1C40E80023002BF8D1B1F1FF3F8A
:10E2F00040F36186002098F85C60D8F85840C9E87F
:10E300008F0F78204146002200231594F9F744FF2F
:10E310002020002E18BF08200026204411902CA891
:10E32000079400F12C01029100F11001109100F10D
:10E3300008011A30049000200391CDE9050016E091
:10E340004FF0FF3A0026644675460020002DC9E8CC
:10E350008F0F1CBF2046F9F717FF1498002E00F10D
:10E36000010640F0878514980F2800F05785119A10
:10E370002CA8414607F084F8349CDDE92CABA01CA6
:10E3800000F07885109B0DF1580C93E807008CE89D
:10E390000700187B8DF86400601C00F040852E9803
:10E3A00041460E902F989DF8CD90369D1290BDF865
:10E3B000CE004A460D902B4635981390D220F9F79F
:10E3C000EBFE14960136A9F10300CDF83C9002282B
:10E3D00080F08F8008F5E4794FF0010C182DC0F023
:10E3E000108516AE9DF8642013990DF1680E8DF816
:10E3F00074204CCE086849688EE84C00D9E8CF2FCD
:10E40000002A40F00083C9E842CF002A40F021836F
:10E41000D8E91E320026C9E88F6FBAEB03067BEB02
:10E4200002062FD2D9E8CF0F0028149800F1010678
:10E4300040F0EC82C9E840CF002840F03B83D8E9A7
:10E4400026010023013051F1000153F100021CBFED
:10E450004FF0FF304FF0FF31C8E92601C9E88F3F88
:10E46000404652465B46CDF800C007F058FA824657
:10E47000013040F0FA84002C3FF475AF1398F9F79F
:10E4800083FE70E706BA09BAB3EB0A0072EB0B0021
:10E4900080F08A81D9E8CF0F0A91002840F0B98234
:10E4A000C9E840CF002840F03883D8E9280100238C
:10E4B0000C95A646013051F1000153F100021CBF3A
:10E4C0004FF0FF304FF0FF31C8E92801C9E88F3F16
:10E4D0001AAA9DF874008DF8BC002CAB07CA07C3BC
:10E4E000D9E8CF0F0B96002840F09682DDF84CC09B
:10E4F000DFE30F984FF0010E08F5E4790138DFE80B
:10E5000010F0090043015A055A054B000F004A015B
:10E51000AB049E04402D254600F0708300F0BEBC85
:10E52000D9E8CF0F002840F07C820120C9E8410FD4
:10E53000002918BF0020002D40F0B7842546002890
:10E5400000F01F8298F8C40100F00600042840F093
:10E55000A08498F85C00022800F09B84D8F858004A
:10E5600050E8001F4A1C40E80023002BF8D1B1F10D
:10E57000FF3F40F3208598F85C0012900020D8F807
:10E580005860C9E88F0F2C96D9E8CF0F002840F0CB
:10E590005882C9E840EFECE2D9E8CF0F002840F0FC
:10E5A00047820120C9E8410FDDF838B0002918BFC3
:10E5B0000020002D40F0B0842546002800F00282A3
:10E5C000D8E91C01013861F10001B0EB0B00129891
:10E5D00071EB0000C0F00386D8F80000C00707D038
:10E5E000D8E90201B0EB0B00129871EB000007D2E2
:10E5F0000020C8F800E0C8E9010B1298C8F80C0028
:10E60000D8F85400002800F0CB80099504E0D8F831
:10E610005400002800F0C480D8E91231D8F8502006
:10E62000D61A38BF164601EB461576018E596D682D
:10E63000BBEB0606129EAE41099DC0F0B180561C90
:10E640000138F31A01EB421A38BF3346C8E91430D7
:10E650009AF819C0BCF1020FDBD05346F34677CBD2
:10E660000DF1B00EAEE87700049918788EF800002E
:10E67000DE46DAF81A000860BAF81E0088805FEA01
:10E68000CC708DF8C9C05AD130981421012898BF98
:10E690007046A0FB0101002918BF4FF0FF30012890
:10E6A00098BF7046D8F83010012918D1D8F8342016
:10E6B000D8F80C31861AC8F830E0C2EBC201014428
:10E6C0004FEAD101C8F8341038BF161A03EB4300E3
:10E6D00030448208C8F80C2120F0030210E0410801
:10E6E00001294FF00101C8E90CE088BF4108C8F8D2
:10E6F0000C11B0F1FF3FD4BF4FF0FF328A0001464A
:10E70000D8E92C030026013053F1000356F100062E
:10E710001CBF4FF0FF304FF0FF33C8E92C038818BF
:10E7200028BF4FF0FF3014284FF0140198BF08465F
:10E7300040F6B831884228BF0846C8F81001D8E929
:10E7400022010022013051F1000152F100021CBFF0
:10E750004FF0FF304FF0FF31C8E922012E9850E80A
:10E76000001F4A1EC0E8E32F002BF8D1099D0129A4
:10E77000DDF838B07FF44BAFBFF35F8F7646039878
:10E7800005F06FFCB64642E7002D40F0BE83012045
:10E790002546069032E2002D254600F02F82AEE39A
:10E7A0000020C9E88F0F27E2109BDDE91A0C1C9AA4
:10E7B000C3E9000C9DF87400187312982F900E98FE
:10E7C0002E9013989A602CAACDE934164146CDE9D3
:10E7D00036400D98ADF8CE000F988DF8CD0022A8E8
:10E7E000CDE92CAB389506F050FCDDF888A01AF185
:10E7F000010040F0BB839DF88C0001220599014384
:10E80000D9E8CF0F4FF0010B059110B9C9E8402F9F
:10E8100002E0BFF32F8F88E0002840F08680D8F810
:10E82000E0E0BEF1000F00F0A680D8F8DCC0CEEB2F
:10E83000CE00D8E91E360CEBC00200206146D1E9BB
:10E84000004575405C402C4326D03831914200F0A1
:10E850009280D1E9004575405C402C4317D0383197
:10E86000914200F08880D1E9004575405C402C431E
:10E870000FD0383191427ED0D1E9004575405C40DF
:10E880002C4308D0383104309142D8D173E00130A4
:10E8900002E0023000E00330C0EBC0000DF1880A56
:10E8A0000CEBC00002467ACAAAE87A0092E87A0025
:10E8B0008AE87A001FACD0E90AA1D0E90C230EC483
:10E8C000AEF101043822C4EBC4010CEBC10109F024
:10E8D0007FFD0020C8F8E040C9E88F0F1AF1010061
:10E8E0004CD022A92CAA79C99446ACE8790091E8C9
:10E8F00079008CE879001FAB0BCB029ECDF8D8A035
:10E900000BC63BA8414606F0C0FBDDF8ECA01AF1AF
:10E91000010040F04D839DF8F0005A4605990143EF
:10E920006EE708F5E479BFF32F8F99F8000000280F
:10E930001FBF10BF08F5E4700078002810D008F55C
:10E94000E47010BF007800281FBF10BF08F5E47006
:10E950000078002804D008F5E47010BF0078E6E7DE
:10E9600008F5E470D0E8CF0F0028DAD108F5E47993
:10E97000C9E840BF50E70020C9E88F0F1498461C33
:10E9800040E199F8000000281EBF10BF99F8000070
:10E99000002809D010BF99F8000000281EBF10BF42
:10E9A00099F80000002808D1D9E8CF0F38B9C9E894
:10E9B00040EF00283FF4C6ADE3E710BFE1E7BFF347
:10E9C0002F8FDEE799F8000000281EBF10BF99F8CE
:10E9D0000000002809D010BF99F8000000281EBFD1
:10E9E00010BF99F80000002808D1D9E8CF0F38B936
:10E9F000C9E840EF00283FF4E3ADE3E710BFE1E7EB
:10EA0000BFF32F8FDEE7BFF32F8F22E0BFF32F8FEF
:10EA100050E0BFF32F8F80E0DDF84CC0BFF32F8FA5
:10EA200024E10020BFF32F8F002D3FF487AD3CE29F
:10EA3000BFF32F8F0020DDF838B0002D3FF4BCADC0
:10EA40006AE2BFF32F8FE6E008F5E4791D46BFF3D5
:10EA50002F8F99F800202B46002A1FBF10BF08F502
:10EA6000E4721278002A10D008F5E47210BF127810
:10EA7000002A1FBF10BF08F5E4721278002A04D0E4
:10EA800008F5E47210BF1278E6E708F5E472D2E800
:10EA9000CF2F002AD8D14FF0010C08F5E479C9E84E
:10EAA00042CF1D46002A3FF4B3ACD2E708F5E47923
:10EAB000BFF32F8F99F8000000281FBF10BF08F583
:10EAC000E4700078002810D008F5E47010BF0078DA
:10EAD00000281FBF10BF08F5E4700078002804D09C
:10EAE00008F5E47010BF0078E6E708F5E470D0E8B8
:10EAF000CF0F0028DAD14FF0010C08F5E479C9E80E
:10EB000040CF0028149800F101063FF498ACD1E7FB
:10EB100008F5E4791546BFF32F8F99F800002A46CF
:10EB200000281FBF10BF08F5E4700078002810D03F
:10EB300008F5E47010BF007800281FBF10BF08F56B
:10EB4000E4700078002804D008F5E47010BF007865
:10EB5000E6E708F5E470D0E8CF0F0028D8D101210E
:10EB600008F5E479C9E8401F154600283FF49DAC3C
:10EB7000D3E700284FD1D8E92E40002150EA0B00FE
:10EB8000C9E88F1F40F0F581099508F039F9112087
:10EB90004FF0110BF9F7F2FA002800F0F08105466A
:10EBA0000020C5F809003146C5F80100272028706B
:10EBB00020BAC5F80D009AFA8AF0129A2B46C5F8C9
:10EBC000050011200090404605F02AFE82460130E3
:10EBD00040F0D8812846F9F7D7FA56E8000F411ED1
:10EBE000C6E8E21F002AF8D1099D012804D12CA80B
:10EBF000BFF35F8F05F015FA1498461C15B11398F2
:10EC0000F9F7C2FA14980F28FFF4B1AB07E108F541
:10EC1000E479BFF32F8F99F8000000281FBF10BFC1
:10EC200008F5E4700078002810D008F5E47010BFF3
:10EC3000007800281FBF10BF08F5E4700078002896
:10EC400004D008F5E47010BF0078E6E708F5E4703A
:10EC5000D0E8CF0F0028DAD1012108F5E479C9E81E
:10EC6000401F86E708F5E479BFF32F8F99F800007D
:10EC700000281FBF10BF08F5E4700078002810D0EE
:10EC800008F5E47010BF007800281FBF10BF08F51A
:10EC9000E4700078002804D008F5E47010BF007814
:10ECA000E6E708F5E470D0E8CF0F0028DAD108F5E0
:10ECB000E4790121C9E8401F0028D7D1D8E93721DC
:10ECC000C1EBC10302EBC300DB00164693B3D6E9E8
:10ECD000005484EA0B0485EA0A0525433FF430AB6F
:10ECE00006F13805854225D0D6E90E5484EA0B0496
:10ECF00085EA0A0525433FF423AB06F170058542FA
:10ED000018D0D6E91C5484EA0B0485EA0A05254389
:10ED10003FF416AB06F1A80585420BD0D6E92A547C
:10ED2000E03BE03684EA0B0485EA0A052543CDD1B1
:10ED3000FFF706BB64467546FF2907D906204FF04A
:10ED4000030A88F8C4010126FFF7FFBAD8F8D800F3
:10ED5000099588422AD0C1EBC1009DF8BC502CAE69
:10ED600042F830A002EBC00005770D9DC5830F9DD2
:10ED700045770A9D05620B9D4562099D4CCEC0E911
:10ED80000A540C9D05630E9D8560129DC0F804B069
:10ED9000C0E90352C0E90536481CC8F8E00000206D
:10EDA000C9E88F0F1498461CFFF7DDBA38200823F6
:10EDB000CDE90030480004284FF0040622A888BF9F
:10EDC0004E00334605F0EFF8229801280AD1D8F812
:10EDD000E02042F22B3041465346F9F7DDF94FF07F
:10EDE000070AB0E7239AD8F8E010B142C8E93662C2
:10EDF000B1D108F1D80004F0E5FFD8F8DC203146A5
:10EE0000A9E7D9E8CF0F002840F0D6800120254699
:10EE1000C9E8410F002900F0E28104E110260698BC
:10EE2000C00707D0002001210691D9E8CF1F69BB98
:10EE3000012150E10598C00740F0648193E1D9E8D1
:10EE4000CF0F002840F0BC8001202546C9E8410FC3
:10EE5000002900F0C48114E175B1D9E8CF0F25462F
:10EE6000002840F0B1800120D7E18B4614B11398FF
:10EE7000F9F78AF9079CBFE1002C1CBF1398F9F73A
:10EE800083F90120D9E8CF1F0029D1D0BFF32F8FFC
:10EE900043E14FF0000AC9E88FAFA8E1D9E8CF0FEE
:10EEA000002840F094800120E5E12546002840F04C
:10EEB0009681012099F8001000291EBF10BF99F813
:10EEC0000010002909D010BF99F8001000291EBFBA
:10EED00010BF99F8001000290AD1D9E8CF1F49B90D
:10EEE00008F5E479C9E8410F002900F07881E1E7ED
:10EEF00010BFDFE708F5E479BFF32F8FDAE7D9E831
:10EF0000CF0F002866D10120E3E1D9E8CF0F2546D5
:10EF1000002862D101200BE22546002840F05F81E5
:10EF2000012099F8001000291EBF10BF99F80010A9
:10EF3000002909D010BF99F8001000291EBF10BF8A
:10EF400099F8001000290AD1D9E8CF1F49B908F56E
:10EF5000E479C9E8410F002900F04181E1E710BFE1
:10EF6000DFE708F5E479BFF32F8FDAE7DDF88CB03F
:10EF700080E74FF0030A4FF0110B079C08E04FF0B9
:10EF8000070A03E028468B46F9F7FEF8079C099D1F
:10EF900056E8000F411EC6E8E21F002AF8D10128FA
:10EFA00040F026812CA8BFF35F8F05F03AF81FE1EF
:10EFB000DDF8F0B05EE7FEDEBFF32F8F254632E0CE
:10EFC000BFF32F8F25465CE0BFF32F8F2EE1BFF3F9
:10EFD0002F8F59E1BFF32F8F85E1BFF32F8FB1E161
:10EFE0008946BFF32F8F99F80000494600281EBFBD
:10EFF00010BF087800280AD010BF087800281EBF6C
:10F0000010BF0878002802D010BF0878EEE7D1E8DA
:10F01000CF0F0028E4D101208946FFF744B908F555
:10F02000E479BFF32F8F99F8000000281FBF10BFAD
:10F0300008F5E4700078002810D008F5E47010BFDF
:10F04000007800281FBF10BF08F5E4700078002882
:10F0500004D008F5E47010BF0078E6E708F5E47026
:10F06000D0E8CF0F0028DAD1012008F5E479C9E80B
:10F07000410F002900F0B380D5E708F5E479BFF32C
:10F080002F8F99F8000000281FBF10BF08F5E4700B
:10F090000078002810D008F5E47010BF0078002830
:10F0A0001FBF10BF08F5E4700078002804D008F5F1
:10F0B000E47010BF0078E6E708F5E470D0E8CF0F01
:10F0C0000028DAD1012008F5E479C9E8410F0029C8
:10F0D00000F08580D5E7C9E8421FF2B9059930B143
:10F0E00098F8C301002804BF012188F8C3110698CD
:10F0F000C0071CBF012088F8C1010020C9E88F0F9C
:10F10000C80730D0D9E8CF0F08B9012020E0BFF3FD
:10F110002F8F49E09146BFF32F8F99F800104A4690
:10F1200000291EBF10BF117800290AD010BF117826
:10F1300000291EBF10BF1178002902D010BF11781E
:10F14000EEE7D2E8CF1F0029E4D101219146C2E7C2
:10F15000C9E8410F41BBD8F808010021C9E88F1F59
:10F1600008B1F9F717F840F22B1041463246002358
:10F17000F9F712F8079B53E8000F411EC3E8E21F9E
:10F18000002AF8D1012804D115A8BFF35F8F04F03D
:10F1900048FF0898002100F2D110C0E88F1FFFF748
:10F1A0005DB88946BFF32F8F99F8000049460028C3
:10F1B0001EBF10BF087800280AD010BF08780028AA
:10F1C0001EBF10BF0878002802D010BF0878EEE7F5
:10F1D000D1E8CF0F0028E4D101208946B8E7062006
:10F1E0004FF0030A88F8C4010020C9E88F0F079C7C
:10F1F00015B11398F8F7C8FF54E8000F411EC4E892
:10F20000E21F002AF8D1012804D115A8BFF35F8FAF
:10F2100004F007FF089AFFF759B8C9E8410F002921
:10F22000DDD003E008F5E479BFF32F8F99F80000F3
:10F2300000281FBF10BF08F5E4700078002810D028
:10F2400008F5E47010BF007800281FBF10BF08F554
:10F25000E4700078002804D008F5E47010BF00784E
:10F26000E6E708F5E470D0E8CF0F0028DAD10120F6
:10F2700008F5E479D1E7C9E8410F0029AFD003E0F0
:10F2800008F5E479BFF32F8F99F8000000281FBF1D
:10F2900010BF08F5E4700078002810D008F5E4707D
:10F2A00010BF007800281FBF10BF08F5E470007879
:10F2B000002804D008F5E47010BF0078E6E708F5F0
:10F2C000E470D0E8CF0F0028DAD1012008F5E47906
:10F2D000D1E7C9E8410F00293FF481AF03E008F509
:10F2E000E479BFF32F8F99F8000000281FBF10BFEB
:10F2F00008F5E4700078002810D008F5E47010BF1D
:10F30000007800281FBF10BF08F5E47000780028BF
:10F3100004D008F5E47010BF0078E6E708F5E47063
:10F32000D0E8CF0F0028DAD1012008F5E479D0E742
:10F33000C9E8410F00293FF452AF03E008F5E47932
:10F34000BFF32F8F99F8000000281FBF10BF08F5EA
:10F35000E4700078002810D008F5E47010BF007841
:10F3600000281FBF10BF08F5E4700078002804D003
:10F3700008F5E47010BF0078E6E708F5E470D0E81F
:10F38000CF0F0028DAD1012008F5E479D0E700009A
:10F39000F0B503AF2DE9000F91B038B1D7F8089060
:10F3A0000D4649B942B16FF01500ADE06FF01500A0
:10F3B00011B0BDE8000FF0BD4EF25C280A21C2F288
:10F3C000010800F5E47CC8F800102946002A08BFAF
:10F3D0000121DCE8CF4F002C40F0ED800124CCE887
:10F3E000464F002E40F0CA8090F8C4410026CCE879
:10F3F0008F6F022C04BF90F8D061FE2E17D0054607
:10F400001646FEF77DFC6E21C8F8001010F10C01C5
:10F4100040F07A8042F28230294632462346F8F79D
:10F42000BBFE6FF00B0011B0BDE8000FF0BD112A5C
:10F43000C0F06E80297801F03006202E68D101F0EE
:10F440000F04611E082963D8D5F8011009BAB1F17B
:10F45000806F5DD8D5F80D10002959D091FA81FB45
:10F46000CDE9045205469846DC2029465A462346F3
:10F47000F8F792FE06A829465A460023AA4604F049
:10F480005AFE0698C0071ED0DDE90B46DD20514626
:10F490005A46BDF834502346F8F77EFE0020464514
:10F4A00032D14D4530D1DF2051465A462346F8F738
:10F4B00073FE2046DDE9041211B0BDE8000FBDE87F
:10F4C000F040FEF71DBCDE2051465A4600230025C1
:10F4D000F8F762FE2846012C16D1CDE900B00FA83E
:10F4E00051465246CDE9028904F0C4FE0F98411CF2
:10F4F0006FF01500DFE801F00608181E0C2A302412
:10F500003B123600109CCEE711B0BDE8000FF0BDF5
:10F510006FF0460011B0BDE8000FF0BD6FF05E0067
:10F5200011B0BDE8000FF0BD6FF0610011B0BDE893
:10F53000000FF0BD6FF06E0011B0BDE8000FF0BD20
:10F540006FF00A0011B0BDE8000FF0BD6FF0490088
:10F5500011B0BDE8000FF0BD6FF06A0011B0BDE85A
:10F56000000FF0BD109811B0BDE8000FF0BD6FF0B6
:10F570000B0011B0BDE8000FF0BD10BF9CF800609B
:10F58000002E1EBF10BF9CF80060002E09D010BFD7
:10F590009CF80060002E1EBF10BF9CF80060002E7B
:10F5A000EBD1DCE8CF6F36B90126CCE8446F002CF4
:10F5B0003FF41AAFE2E7BFF32F8FDFE7F0B503AFF9
:10F5C0002DE9000FADF50B7D80B18246934689464B
:10F5D0004FF4A070514600220023F8F7DDFD0AF534
:10F5E000E474D4E8CF0F40B9012009E06FF01500B2
:10F5F0000DF50B7DBDE8000FF0BDBFF32F8FD5E0FB
:10F60000C4E8410F002940F0D1809AF8C4010021DC
:10F61000C4E88F1F022833D207F0F2FB4420F8F72A
:10F62000ADFD002800F0B180804600200421C8E92B
:10F630000400C8E902010122C8E90801414641F875
:10F64000380FC8F8180088F81C00C8E90A00C8F884
:10F65000300088F83400C8F83C00A8F840009AF858
:10F66000D001C8E90022FE28CDF81C80CDE90514A0
:10F670000DD1D4E8CF0F002840F08B800120AFE0FF
:10F680006FF015000DF50B7DBDE8000FF0BD47F6DE
:10F69000C806C2F2010606F1200CDCE8CF0F20B943
:10F6A0000120CCE8410FC1B103E0BFF32F8F00E090
:10F6B00010BF96F8200000281EBF10BF96F820004B
:10F6C0000028EAD010BF96F8200000281EBF10BF07
:10F6D00096F820000028E0D0EAE7F06998B3A0EBA4
:10F6E0008000D6F818E0002583000EEB050188881D
:10F6F000584504D10868002818BF484536D0581925
:10F7000010F10C021FD00A8A5A4504D1CA68002A97
:10F7100018BF4A4525D010F1180214D08A8B5A45DB
:10F7200004D18A69002A18BF4A451CD024300AD067
:10F73000088D584504D1486A002818BF484514D0A0
:10F7400030355819D1D100205146CCE88F0FE72031
:10F750005A460023F8F720FDD4E8CF0F00BB012064
:10F760006BE10C3102E0183100E024318B6800209D
:10F77000CCE88F0FE72051465A460293F8F70CFD6C
:10F78000D4E8CF0F40B9012040E20420442107F023
:10F7900078FBBFF32F8FF6E0BFF32F8F00F03BBC59
:10F7A000BFF32F8F18E20C46BFF32F8F207821462E
:10F7B00000281EBF10BF087800280AD010BF0878A4
:10F7C00000281EBF10BF0878002802D010BF08789C
:10F7D000EEE7D1E8CF0F0028E5D101200C460FE776
:10F7E000C4E8410F002940F0CE80CAE93309DAE9C4
:10F7F0002E01AAF8D4B0084318D147F6C800C2F2C7
:10F80000010050E8001F4A1C40E80023002BF8D1FB
:10F810000022CAE92E1249B950E8001F4A1C40E8EC
:10F820000023002BF8D10020CAE92E1003208AF80B
:10F83000C40158E8000F411C48E80012002AF8D122
:10F84000002800F1E1839AF85C0002280FD00AF149
:10F850005800016851E8002F531EC1E8E63F002E12
:10F86000F8D1012A04BFBFF35F8F04F0DAFB3C201C
:10F870000024CAF810010AF180003821CAE90044C6
:10F88000CAE904448AF85C40CAF85880CAF80C41B6
:10F89000CAF83040CAE91844CAE91A44CAE91C4403
:10F8A000CAE91E448AF8C54108F0E7FCDAF854308A
:10F8B000002B50D0DAE91206DAF85020CAF854408A
:10F8C000111ACDF810A038BF1146451A5A1B38BF7F
:10F8D00022469D421C46CDE9025228BFC8188842E4
:10F8E0001AD0A0EB010A06EB411B4FF000090BEB0D
:10F8F000491009F1010950F8081F51E8002F531E63
:10F90000C1E8E53F002DF8D1012A04BFBFF35F8FA6
:10F9100004F0A7FBD145EAD10298DDF810A0DDF88C
:10F920000CB0A0424FF0000415D2B146002509EBFF
:10F930004510013550F8081F51E8002F531EC1E84B
:10F94000E63F002EF8D1012A04BFBFF35F8F04F019
:10F9500088FB5D45EBD1DAE93705CAF85040CAF8B3
:10F96000E040069C4DB300F12C0656F8040C00282C
:10F970001CBF3068F8F708FC3836013DF5D11CE0B3
:10F980000C46BFF32F8F2078214600281EBF10BFE2
:10F99000087800280AD010BF087800281EBF10BFC2
:10F9A0000878002802D010BF0878EEE7D1E8CF0F22
:10F9B0000028E5D101200C4612E7DAF808110020F2
:10F9C000059A4FF0FF36CAF82000CAF82400C2E8B2
:10F9D000AF1FC4E88F0F58E8000F411EC8E8E21FB0
:10F9E000002AF8D1012804D107A8BFF35F8F04F0E3
:10F9F00018FB711C0020DFE811F00B000703070360
:10FA00000C0007030703070319000703070313008C
:10FA1000EEE56FF06E000DF50B7DBDE8000FF0BD5B
:10FA200020460DF50B7DBDE8000FF0BD6FF00A001C
:10FA30000DF50B7DBDE8000FF0BDC4E8410F0029B6
:10FA400040F0CA80CAE93309DAE92E01AAF8D4B035
:10FA5000084314D156E8000F411C46E80012002A62
:10FA6000F8D10021CAE92E0148B956E8000F411C1F
:10FA700046E80012002AF8D10021CAE92E0103202D
:10FA80008AF8C40158E8000F411C48E80012002A17
:10FA9000F8D1002800F1B8829AF85C0002280FD053
:10FAA0000AF15800016851E8002F531EC1E8E63FF3
:10FAB000002EF8D1012A04BFBFF35F8F04F0B1FA22
:10FAC0003C200026CAF810010AF180003821CAE95A
:10FAD0000066CAE904668AF85C60CAF85880CAF809
:10FAE0000C61CAF83060CAE91866CAE91A66CAE940
:10FAF0001C66CAE91E668AF8C56108F0BEFBDAF822
:10FB00005430002B4ED0DAE91201DAF85020CDE95A
:10FB1000031A111ACAF8546038BF1146421AB3EBDF
:10FB2000020938BFB1469A421E46029228BFC81841
:10FB3000884219D0A0EB010A0398002500EB411B75
:10FB40000BEB4510013550F8081F51E8002F531EEC
:10FB5000C1E8E43F002CF8D1012A04BFBFF35F8F56
:10FB600004F07FFA5545EBD10298DDF810A0DDF8DE
:10FB70000CB0B0424FF0000614D200250BEB45103C
:10FB8000013550F8081F51E8002F531EC1E8E43F2B
:10FB9000002CF8D1012A04BFBFF35F8F04F061FA93
:10FBA0004D45EBD1DAE93705002D069CCAF85060C7
:10FBB000CAF8E0603FF401AF00F12C0656F8040CDF
:10FBC00000281CBF3068F8F7DFFA3836013DF5D160
:10FBD000F3E60C46BFF32F8F2078214600281EBF86
:10FBE00010BF087800280AD010BF087800281EBF70
:10FBF00010BF0878002802D010BF0878EEE7D1E8DF
:10FC0000CF0F0028E5D101200C4616E7C4E8410FCC
:10FC1000002940F00082DAF8C000C0074FF0000071
:10FC200005D0DAF8C4100191BAF8C81001E000213B
:10FC300001910091C4E88F0F9AF8D001039058E821
:10FC4000000F411C48E80012002AF8D10028CDF826
:10FC500010A000F1D9810DF5D67A73AD0026CDF84C
:10FC6000688150462946CDE97166CDE96F66CDE9D8
:10FC70006D66CDE96B66CDE97966CDE97766CDE94C
:10FC80007566CDE97366F8F7A3FB80B1044658E8C2
:10FC9000000F411EC8E8E21F002AF8D1012804D154
:10FCA0005AA8BFF35F8F04F0BCF9092693E6CDE9AB
:10FCB00089667BA8CDE987665BACCDE98566CDE931
:10FCC00083664ECD4EC095E84E004EC004F1200034
:10FCD000BAE82E002EC09AE82E000DF1200A2EC0A0
:10FCE0000AF10300602108F060FA6ECC31A86EC002
:10FCF0006ECCA4466EC09CE87E007EC07BAC21A882
:10FD00006ECC6EC06ECCA4466EC09CE87E007EC0F9
:10FD100041A85146632208F00DFB07F071F84FF43B
:10FD2000EC70F8F72BFA002800F069810026012416
:10FD30008246C0E90866C0E9046641A980F85C40D3
:10FD40000825C0F858800420CAE90E600AF15D0059
:10FD50006322CAE91066CAE91265CAE91466CAF8DC
:10FD60003060CAE9006608F0DFFA009831A9AAF805
:10FD7000D40040220198AAF8C8B0CAE93049CAE9BB
:10FD800033400420CAE93A060920CAF81F014FF49B
:10FD90009670CAE944060AF59F70CAE93665CAE951
:10FDA0003866CAE93C668AF83D61CAF823618AF878
:10FDB0001C61CAF81861CAE93E64CAE94066CAE92A
:10FDC000426608F0B1FA0AF5BF7021A9402208F096
:10FDD000ABFA03988AF8D0010320069A8AF8D16119
:10FDE0008AF8C861AAF8C401CAF8C041AAF8BE617D
:10FDF000D2E8CF0F002840F00881C2E8404F002829
:10FE000040F026810499032081F8C4010120A1F863
:10FE1000D4B0C1E9330958E8000F411C48E800128A
:10FE2000002AF8D1002800F1EF80049C94F85C00CF
:10FE3000022810D004F15800016851E8002F531E29
:10FE4000C1E8E63F002EF8D1012A049C04BFBFF3AD
:10FE50005F8F04F0E6F83C204FF00009C4F8100171
:10FE600004F180003821C4E90099C4E9049984F8B8
:10FE70005C90C4F85880C4F80C91C4F83090C4E980
:10FE80001899C4E91A99C4E91C99C4E91E9984F81F
:10FE9000C59108F0F2F9636D069C002B4CD00499D3
:10FEA000D1E91202C1F8549003920A6D111A38BFB9
:10FEB0001146421AB3EB020B38BFCB469A4200926E
:10FEC000019328BFC818884219D0A0EB01090398F4
:10FED000002500EB411606EB4510013550F8081FD0
:10FEE00051E8002F531EC1E8E43F002CF8D1012A4D
:10FEF00004BFBFF35F8F04F0B4F84D45EBD1069C0F
:10FF00004FF00009DDE90010814215D20025039869
:10FF100000EB4510013550F8081F51E8002F531E23
:10FF2000C1E8E63F002EF8D1012A04BFBFF35F8F7E
:10FF300004F097F85D45EAD10499D1E93706C1F894
:10FF40005090C1F8E0905EB100F12C0555F8040C1A
:10FF500000281CBF2868F8F717F93835013EF5D19D
:10FF600004990020059AC1E90800D1F80811C2E8F7
:10FF7000AF1FC4E88F0F029C04F5E475D5E8CF0FDE
:10FF8000002840F0A3800120C5E8410F002940F07F
:10FF9000838094F8C40102281ED1606CD4F8041147
:10FFA00088421BD204F13800514603F067FFD4F8B1
:10FFB00008010021C5E88F1F002818BFF8F7E8F8EE
:10FFC00058E8000F411EC8E8E21F002AF8D10128B6
:10FFD0000FD14FF0FF3607E5022600E0062600208D
:10FFE000C5E88F0F504603F0C5F85046F8F7CCF837
:10FFF000F1E400200DF50B7DBDE8000FF0BD0820F9
:0200000270008C
:100000004FF4EC7106F03DFFFEDEBFF32F8F1FE0D3
:100010000C46BFF32F8F2078214600281EBF10BF4B
:10002000087800280AD010BF087800281EBF10BF2B
:100030000878002802D010BF0878EEE7D1E8CF0F8B
:100040000028E5D101200C46E0E5BFF32F8F069A8A
:10005000107800281FBF10BF0698007800280DD028
:1000600010BF0698007800281FBF10BF06980078C0
:10007000002803D010BF06980078EAE70698D0E879
:10008000CF0F0028E1D1069A0120C2E8410F0029D4
:100090003FF4B8AEDCE710BF287800281EBF10BFC1
:1000A0002878002807D010BF287800281EBF10BF6E
:1000B00028780028EFD1D5E8CF0F38B90120C5E85E
:1000C000410F029C00293FF464AFE5E7BFF32F8F97
:1000D000E2E70000F0B503AF2DE9000B154604463A
:1000E00029B925B16FF01500BDE8000BF0BD002D5A
:1000F00008BF0121002CF5D08946642021462A46FC
:100100000023F8F749F840F24B1021460022002363
:10011000F8F742F8652021462A460023F8F73CF814
:10012000204604F0BCFC421C11D0DFE800F005942E
:100130009F7EB5C0ECAACB89C7202146162200239A
:10014000F8F72AF86FF01500BDE8000BF0BD662047
:100150002146002200230026F8F71EF8002D00F0AB
:10016000EE8004F5E478D8E8CF0F20B90120C8E884
:10017000410FC1B103E0BFF32F8F00E010BF98F82B
:10018000000000281EBF10BF98F800000028EAD029
:1001900010BF98F8000000281EBF10BF98F800009C
:1001A0000028E0D0EAE794F8C401011F022934D204
:1001B00000202146C8E88F0F6E2000220023F7F7A9
:1001C000EBFF2046FDF7FEFF421CAED16F2021461B
:1001D00000220023F7F7E0FFD8E8CF0F28B901206D
:1001E000C8E8410F002978D003E0BFF32F8F00E06B
:1001F00010BF98F8000000281EBF10BF98F800003C
:100200000028E9D010BF98F8000000281EBF10BFDA
:1002100098F800000028DFD0EAE7002103280CBF8F
:1002200006200020C8E88F1F7FE7C720214647220D
:100230000023F7F7B1FF6FF04600BDE8000BF0BDFB
:100240004A420D46C72021460023F7F7A5FF28465E
:10025000BDE8000BF0BDC720214662220023F7F75E
:100260009BFF6FF06100BDE8000BF0BDC720214689
:100270006F220023F7F790FF6FF06E00BDE8000BD0
:10028000F0BDC72021460C220023F7F785FF6FF051
:100290000B00BDE8000BF0BDC72021464A22002319
:1002A000F7F77AFF6FF04900BDE8000BF0BDC720FB
:1002B00021466B220023F7F76FFF6FF06A00BDE85D
:1002C000000BF0BDC72021465F220023F7F764FF33
:1002D0006FF05E00BDE8000BF0BD94F8C2317020F5
:1002E000D4F8F4202146F7F757FF94F8C20100280C
:1002F0001CBFD4F8F400002810D194F8C3110020DA
:10030000C9B9C8E88F0FC72021460B220023F7F791
:1003100043FF6FF00A00BDE8000BF0BD04F1E400FC
:1003200049462A4603F0CFFBD4F8F410002904BF55
:10033000002184F8C21106460020C8E88F0FC720AC
:10034000214632460123F7F727FF3046BDE8000B70
:10035000F0BD0000F0B503AF2DE9000FFBB004467F
:10036000F9B1002A08BF0121ECB1CDE91B124FF40D
:10037000A570214600220023F7F70EFF204604F067
:100380008EFB421C16D0DFE800F00E059D8FA4AB5B
:1003900063B296076FF0610108467BB0BDE8000FBD
:1003A000F0BD002A4FD06FF0150108467BB0BDE8C4
:1003B000000FF0BD04F5E47ADAE8CF0F20B9012090
:1003C000CAE8410FC1B103E0BFF32F8F00E010BFB7
:1003D0009AF8000000281EBF10BF9AF800000028FD
:1003E000EAD010BF9AF8000000281EBF10BF9AF88C
:1003F00000000028E0D0EAE794F8C4010021CAE830
:100400008F1F042824D1DAE8CF0F20B90120CAE8D1
:10041000410F21B303E0BFF32F8F00E010BF9AF824
:10042000000000281EBF10BF9AF800000028EAD084
:1004300010BF9AF8000000281EBF10BF9AF80000F5
:100440000028E0D0EAE70121002C7FF48EAFAAE774
:100450006FF00A0108467BB0BDE8000FF0BDD4F88C
:1004600014010021CAE88F1F18B1F8F7B9FB002862
:1004700055D08C20214600220023F7F78DFE204620
:10048000FDF7A0FE0D46072838D1064642F283301C
:10049000214600220023F7F77FFE8F20214600220D
:1004A0000023F7F779FE37E06FF0460108467BB08E
:1004B000BDE8000FF0BD6FF05E0108467BB0BDE8FF
:1004C000000FF0BD6FF06E0108467BB0BDE8000F75
:1004D000F0BD6FF0490108467BB0BDE8000FF0BDEC
:1004E0006FF06A0108467BB0BDE8000FF0BD6FF009
:1004F0000B0108467BB0BDE8000FF0BD00F101081C
:100500000646B8FA88F02146002342098F20F7F703
:1005100043FEB8F1000F05D03046294633E74FF0CF
:10052000000901E04FF00109DAE8CF0F1C9A00281A
:1005300040F02C840120CAE8410F002940F00884D3
:1005400094F8C401042803D194F85C00022803D174
:100550000020CAE88F0F26E7A06D50E8001F4B1C53
:1005600040E80036002EF8D1B1F1FF3F40F3EE83B2
:1005700094F85C300020D4F858B0CAE88F0F3920C6
:10058000CDF874B0002B18BF382058440830D0E89C
:100590008F0FA8B105205BE8002F531ECBE8E63F84
:1005A000002EF8D1012A7FF4EEAE1DAA0446BFF357
:1005B0005F8F0D46104603F034FD29462046E2E6E3
:1005C0007AB194F8D0014FF40011FE2808BF4FF41F
:1005D0007041B2FBF1F000FB1121002918BF01307E
:1005E00000E00020B9F1000F0E9313D0DAE8CF1F1E
:1005F000002940F0ED830121CAE8431F002B40F0A1
:10060000C983616D0023CAE88F3F0844B0F5807F3D
:1006100000F2548394F8D0014FF40011FE2808BF73
:100620004FF47041002A0F9100F023831EA8012689
:100630000130099004F1F800079047A8002300F169
:1006400021010D9100F1620142300B9004F23D1046
:100650000A900C91CDF8509007E01C9ADDF850906C
:10066000109B1698824240F204830F981918169135
:100670008A4238BF1146DAE8CF0F002840F0E38104
:10068000CAE8406F002840F0E48194F8C4010428CF
:1006900040F02F83C81A1A90206ACDE91013C007C2
:1006A00004D0D4E90A011390159102E000201390C0
:1006B0001590D4E91C0920221990D4E91810CDE92D
:1006C000171004F5AF71D4E92E0812900B9807F0BB
:1006D0002BFE0C9804F5BF71402207F025FE04F5AF
:1006E0008E7147A86CC96CC06CC96CC02122097896
:1006F00001700D980A9907F017FE002047A9CAE873
:100700008F0F1EA8A22207F015FEDDF868C04FF675
:10071000E8710320C0F2FF318C4500F208831C9A77
:100720000125149BB9F1000F40F0FF821599199E25
:1007300051EA08017FF42FAF129800BACDF8CD012D
:10074000139800BACDF8C90130BACDF8C5010CF143
:10075000180000BACDF8C101169882420CF12902A6
:100760004FF0240088BF2320002B8DF8C001CDF866
:100770004C90159240F02E81DAE8CF0F002840F01F
:10078000AC81CAE8405F002840F0868104F1F8039C
:1007900000260DF5EA7E0BCBC4E93E65C4F8006186
:1007A0008EE80B00CAE88F6FDDF8D481779690450C
:1007B000C0F01681DDF8D8910CF1280809EB06008D
:1007C000414607F0F2FC06EB0805002070A9112253
:1007D00009F80500681C7790484607F0A5FDDDF88C
:1007E0005CC0189B1A9E9CFA8CF0C9F8150018BAC8
:1007F000C9F81100A5F1180006F110018842C0F0F7
:100800007C829DF87820DDF85080D20700F0788255
:100810001B9A0DF1040E119D089170A92A4409F14B
:100820001905CDE904500998009111218EE8460080
:100830006246F7F73DFF002840F065821599B8F150
:10084000000F77910DD075981A90012006F0F2FAFA
:100850000E4669B1054606F0D3FA3046F7F78EFC2E
:1008600007E0DAE8CF0F0121002800F03981C0E16C
:100870000546159A8046002800F05D8208F10800C0
:1008800001254946C8E9005507F04EFD1A98002891
:100890001CBF4846F7F778FCDDF854E0CDE9788EC8
:1008A000DAE8CF0F002840F0E181CAE8405F17ADD9
:1008B000DDF83890139E00282CCD40F0B38194F8D9
:1008C000C401042801BFD4E91C017140684050EA0A
:1008D000010001BFD4E918015940504050EA01001D
:1008E00040F0EE814FF0FF3182EA010059404FF0B5
:1008F000FF3C084300F02882681C46F100010132E9
:10090000C4E91C0143F10000C4E91820D4F8100127
:1009100058E8001F4A1C48E80023002BF8D10029A2
:1009200000F114823C2898BF3C2013304CF6CD4196
:1009300028BF6046CCF6CC41A0FB0101606D4FEAB8
:10094000111CA16C884267D0D4E913230344013001
:10095000591A38BF19464B0102EB4111D5500023FB
:100960000A1D0B8382E840417546C1E9043C60657D
:10097000D4E92010013150F1000053F100021CBFF6
:100980004FF0FF314FF0FF30C4E9201040F251101A
:1009900021460022CAE88F3FF7F7FEFB08F1080363
:1009A000204659464A46009503F03AFF421C40F063
:1009B0008B8158E8000F411EC8E8E21F002AF8D1D9
:1009C000012601287FF449AE78A8BFF35F8F03F0BA
:1009D00048FB42E64FF00008CDF8DC81CDE9758593
:1009E000A2EB0809C14524D9769A78A841464B461E
:1009F000CDE9005503F0D7FA7898002840F09981A6
:100A0000DDF868C0B8F1000F79980CF12902CDE942
:100A100075900ED10026CDE604F14800654603F03E
:100A200099FAAC46DDF854E0199D139EA16C606DF7
:100A30008AE775A800210123009502F0DDFDDDF8AD
:100A400068C0779EB6E6BFF32F8F02E01146BFF372
:100A50002F8F0A469AF8000000281EBF10BF9AF890
:100A6000000000280BD010BF9AF8000000281EBF1D
:100A700010BF9AF80000002801D010BFEAE7DAE8BA
:100A8000CF0F0028E2D10121CAE8401F11460028FB
:100A90003FF4FBADDDE710BF9AF8000000281EBF51
:100AA00010BF9AF80000002809D010BF9AF8000083
:100AB00000281EBF10BF9AF800000028EBD1DAE82A
:100AC000CF0F50B90125CAE8405FDDF868C00028A3
:100AD0000CF129023FF45AAEDEE7BFF32F8FDBE7BC
:100AE000CAE8401F0E9ADDF84CC00028199BDDE9CA
:100AF000175640F0828094F8C401042801BFD4E95D
:100B00001C0181EA0C01584050EA010001BFD4E900
:100B100018017140684050EA010040F0BF804FF07A
:100B2000FF3185EA01007140084300F00881581C3C
:100B30004CF100016B1CC4E91C0146F10000594650
:100B4000C4E918300020CAE88F0FDDE97630009044
:100B5000204603F065FE75AE0DF5F07CC1464CCE27
:100B60008CE84C00DAE8CF2F22B90123CAE8423FD3
:100B7000E2B103E0BFF32F8F00E010BF9AF800202E
:100B8000002A1EBF10BF9AF80020002A09D010BF0B
:100B90009AF80020002A1EBF10BF9AF80020002AF1
:100BA000EBD1DAE8CF2F002ADFD0E3E704F1F80237
:100BB0000126126842B1D4F8FC2080460D4610464A
:100BC000F7F7E2FA294640460DF5F07C04F1F80506
:100BD0009CE80C1085E80C100022CAE88F2F421CFC
:100BE0001C9A3FF43DADD6E4DAE8CF0F08B90121F5
:100BF00076E7BFF32F8F00E010BF9AF800000028BF
:100C00001EBF10BF9AF800000028EDD010BF9AF860
:100C1000000000281EBF10BF9AF800000028E3D093
:100C2000EAE710BF9AF8000000281EBF10BF9AF82C
:100C30000000002809D010BF9AF8000000281EBF4D
:100C400010BF9AF800000028EBD1DAE8CF0F68B99E
:100C5000012117ADCAE8401FDDF83890139E002827
:100C6000DDF854E02CCD3FF42AAEDBE7BFF32F8F45
:100C7000D8E75BE8000F411ECBE8E31F002BF8D15B
:100C8000012805D11DA8BFF35F8F03F0CAF91C9A94
:100C9000114608467BB0BDE8000FF0BD04F1F80036
:100CA000006800281CBFD4F8FC00F7F76DFA75AA9D
:100CB000079B07CA07C30020CAE88F0F06206AE413
:100CC00006200021CAE88F1F58E8002F531EC8E8ED
:100CD000E63F002EF8D1012A7FF45DAC78AA0446E5
:100CE000BFF35F8F0E46104603F0BBF93146204636
:100CF00051E40020CAE88F0F4DE40720089D09E069
:100D00000020089D06E008990446284607F04DFAA1
:100D100009202546759929B1769904460846F7F7C2
:100D200033FA20462946FFF736BCFFF734BCFFF7FD
:100D300032BC0720EEE72846314606F0A2F800252F
:100D40000420CAE88F5FE5E70420BAE7FEDE10BFA3
:100D50009AF8000000281EBF10BF9AF80000002873
:100D600009D010BF9AF8000000281EBF10BF9AF8E3
:100D700000000028EBD1DAE8CF0F38B90120CAE82B
:100D8000410F1C9A00293FF4DBABE1E7BFF32F8F43
:100D9000DEE710BF9AF8001000291EBF10BF9AF8B6
:100DA0000010002909D010BF9AF8001000291EBFBA
:100DB00010BF9AF800100029EBD1DAE8CF1F39B93B
:100DC0000121CAE8421F002A1C9A3FF41AACE1E74D
:100DD000BFF32F8FDEE70000F0B503AF2DE9000F62
:100DE00093B0002800F0918004464FF4967021469D
:100DF00000220023F7F7D0F904F5E47BDBE8CF0FFE
:100E000020B90120CBE8410FC1B103E0BFF32F8F20
:100E100000E010BF9BF8000000281EBF10BF9BF829
:100E200000000028EAD010BF9BF8000000281EBF79
:100E300010BF9BF800000028E0D0EAE794F8C43126
:100E400040F22D10D4F814212146F7F7A5F994F8B3
:100E5000C41100200026032949D1D4F81411002917
:100E600044D0CBE88F0F4FF4977021460022002327
:100E7000F7F792F9DBE8CF0F20B90120CBE8410F5B
:100E8000C1B103E0BFF32F8F00E010BF9BF800005B
:100E900000281EBF10BF9BF800000028EAD010BF3A
:100EA0009BF8000000281EBF10BF9BF80000002820
:100EB000E0D0EAE794F8C401032803D194F85C0079
:100EC00002285DD10026CBE88F6F751C2146B5FA4C
:100ED00085F00023420940F23510F7F75DF955B966
:100EE000204603F0DCFD06468A4604E00926CBE8EE
:100EF0008F0F6FF06A0A711C0020DFE801F008060E
:100F0000181E0C2A30243B1236006FF0150013B067
:100F1000BDE8000FF0BD6FF0460013B0BDE8000F54
:100F2000F0BD6FF05E0013B0BDE8000FF0BD6FF0D4
:100F3000610013B0BDE8000FF0BD6FF06E0013B09C
:100F4000BDE8000FF0BD6FF00A0013B0BDE8000F60
:100F5000F0BD6FF0490013B0BDE8000FF0BD6FF0B9
:100F60006A0013B0BDE8000FF0BD504613B0BDE8F5
:100F7000000FF0BD6FF00B0013B0BDE8000FF0BD27
:100F8000A06D50E8001F4A1C40E80023002BF8D158
:100F9000002900F1BE8004F5BF7103A8402294F837
:100FA0005C80A56D07F0C0F90020CBE88F0F02959B
:100FB000DBE8CF0F20B90120CBE8410FC1B103E03E
:100FC000BFF32F8F00E010BF9BF8000000281EBF6A
:100FD00010BF9BF800000028EAD010BF9BF800006B
:100FE00000281EBF10BF9BF800000028E0D0EAE7F1
:100FF000D4E92E6000210028CBE88F1F3ED105F0F8
:10100000FFFE51204FF0510AF7F7B8F8002854D0EE
:1010100081460020C9F8090003A9C9F805004FF06E
:101020008040C9F80100212089F8000030BAC9F8D1
:101030000D0009F11100402207F076F9DBE8CF0F2F
:1010400020B90120CBE8410FE1B103E0BFF32F8FBE
:1010500000E010BF9BF8000000281EBF10BF9BF8E7
:1010600000000028EAD010BF9BF8000000281EBF37
:1010700010BF9BF800000028E0D0EAE703264FF0FD
:10108000510A1BE0D4F8B8300020CBE88F0F40F2B3
:101090002F10214651225126F7F77EF82046294687
:1010A00042464B46009603F0BBFB0646013015D086
:1010B00048468A46F7F768F800E0072655E8000F2B
:1010C000411EC5E8E21F002AF8D101287FF4FDAED9
:1010D00002A8BFF35F8F02F0A4FFF6E64FF49A7008
:1010E000214651220023F7F757F84846F7F74CF806
:1010F00055E8000F411EC5E8E21F002AF8D101287B
:1011000004D102A8BFF35F8F02F08BFF4FF0FF36D0
:10111000DBE6FEDEF0B503AF2DE9000F91B000284D
:1011200000F0F180044640F24F10214600220023D7
:10113000F7F732F804F5E475D5E8CF0F20B90120B0
:10114000C5E8410FA1B103E0BFF32F8F00E010BF4E
:10115000287800281EBF10BF28780028ECD010BFC8
:10116000287800281EBF10BF28780028E4D0EEE7BA
:1011700094F8C401411F022901D2002021E0042873
:101180001ED10020C5E88F0FD5E8CF0F20B9012070
:10119000C5E8410FE1B103E0BFF32F8F00E010BFBE
:1011A000287800281EBF10BF28780028ECD010BF78
:1011B000287800281EBF10BF28780028E4D0EEE76A
:1011C00001200021C5E88F1F11B0BDE8000FF0BD60
:1011D000D4F814010021C5E88F1F20B1F7F700FDF6
:1011E000002800F0EA818C20214600220023F6F737
:1011F000D3FF2046FCF7E6FF06468B4607280DD1B5
:1012000042F28330214600220023F6F7C5FF8F20EB
:10121000214600220023F6F7BFFF0CE006F101088B
:101220002146B8FA88F0002342098F20F6F7B4FF70
:10123000B8F1000F51D06FF01500DFE806F0050699
:10124000171D0C292F233512BEE76FF0610011B076
:10125000BDE8000FF0BD6FF0490011B0BDE8000F10
:10126000F0BD584611B0BDE8000FF0BD6FF06E0044
:1012700011B0BDE8000FF0BD6FF0460011B0BDE841
:10128000000FF0BD6FF00B0011B0BDE8000FF0BD16
:101290006FF06A0011B0BDE8000FF0BD6FF00A00FA
:1012A00011B0BDE8000FF0BD6FF05E0011B0BDE8F9
:1012B000000FF0BDBFF32F8F00E010BF287800288B
:1012C0001EBF10BF2878002807D010BF287800283C
:1012D0001EBF10BF28780028EFD1D5E8CF0F002817
:1012E000E8D10120C5E8410F0029E7D194F8C401F5
:1012F00000F00600042803D194F85C00022808D10D
:101300000020C5E88F0F6FF0150011B0BDE8000F89
:10131000F0BDA06D50E8001F4A1C40E80023002BE0
:10132000F8D1B1F1FF3F40F3C081D4F858C0042197
:1013300094F85C0006900020C5E88F0FCDF81CC023
:101340000A90CDE90801D5E8CF0F20B90120C5E802
:10135000410FA1B103E0BFF32F8F00E010BF287849
:1013600000281EBF10BF28780028ECD010BF2878B6
:1013700000281EBF10BF28780028E4D0EEE7626D79
:101380004AB1A16C236D581A38BF18460B1A9A42FD
:1013900004D9D21A04E00020002100E081180022C4
:1013A000D4F84CB00023DDF828E00BEB40180BEB31
:1013B000421A0BEB41190020BEF1030F01D9059031
:1013C000C4E0CDE904000BE01046C246D0E9042198
:1013D00000F12008013228BF1A468A4202614DD22C
:1013E000C84502D04046D04605E0D3455846D146D0
:1013F000C34600F09280D0E904214FF0FF36531C21
:1014000000F1200228BF33468B42036132D24A45A5
:1014100002D01046424604E0C3455846C1469346B2
:101420007BD0D0E9043100F12008013328BF3346D6
:101430008B42036121D2C84502D04046904604E069
:10144000934558469146C34667D0D0E90421531CC2
:1014500000F1200228BF33468B4203610AD24FF0CD
:10146000FF334A45B0D1C3455846C14692469346DC
:10147000ACD152E0C246904600E09246027E072A76
:101480004DD8013202764A000123012A4FF00102B1
:10149000437688BF4A004B2988BF96220021059BCE
:1014A000C0E90412049A013253F1000351F1000122
:1014B00018BF4FF0FF33059318BF4FF0FF3281681C
:1014C000049251E8002F531C41E80036002EF8D159
:1014D000002A00F1EA80D0E90221089886450ED062
:1014E000099840F83E2000EBCE000EF1010EBEF14F
:1014F000040F4160CDF828E07FF472AF13E008A834
:10150000CDF80CC07646CDE9012102F0E3FBDDE920
:101510000121B646DDF80CC0E2E7049B1EE0DDF8D1
:1015200010E0E24676E04FF0040E049B0EE04046E9
:10153000D0E9041200F12008013128BF4FF0FF313B
:101540000161914224BF007E072861D8C845EED1D1
:10155000D3455846D146C246C346E9D1D4E9240111
:101560000022C018059B594152F100031CBF4FF0E7
:10157000FF304FF0FF31C4E92401C5E88F2FDDE9CA
:10158000081000EBCE09BEF1000FCDE90D19CDE931
:101590000B001BD10BA8644601F031FF234653E832
:1015A000000F411EC3E8E21F002AF8D1012804D130
:1015B00007A8BFF35F8F02F034FD012011B0BDE832
:1015C000000FF0BD2846D4464D45E3D000F1080594
:1015D000D0E90080069A614608F10803CDE90F8042
:1015E000009020460C95E24603F01AF906460130B9
:1015F00039D158E8000F411EC8E8E21F002AF8D18F
:101600000128DFD10FA8BFF35F8F02F02AFDD9E7D1
:10161000E2469E460620059E84F8C4014FF0000C69
:10162000D4E92401D4E92A2310EB0E0071415CF1C6
:1016300000061CBF4FF0FF304FF0FF31C4E924011A
:10164000501C53F100015CF100021CBF4FF0FF3051
:101650004FF0FF31C4E92A0108A8C5E88FCF01F097
:10166000A2FE052611E08B4658E8000F411EC8E88F
:10167000E21F002AF8D1012804D10FA8BFF35F8F21
:1016800002F0EFFC0BA801F0BAFE5AE8000F411E71
:10169000CAE8E21F002AF8D101287FF4CCAD07A8E0
:1016A000BFF35F8F02F0BDFCC5E5FEDEF0B503AF12
:1016B0002DE9000F87B0D0F808B0164680462B24DD
:1016C0001BF400104FF0010208BF4FF0FF34002957
:1016D00018BF420DF868059008BF2D2402EB0009E1
:1016E0005FEA0B20B8680490069315D40026B8F87A
:1016F0000CA0D14579D33346D8E900560698314637
:1017000000902246284605F0D8FEE0B3012420468A
:1017100007B0BDE8000FF0BD102B3ED2002B41D02A
:1017200003F0030C98084FF000023DD000F00300D6
:10173000751CB646A2EB80036FF003020020AE18C2
:10174000043296F9031011F1410FC8BF013096F928
:10175000041011F1410FC8BF013096F9051011F1C5
:10176000410FC8BF013096F9061011F1410F03EB8C
:101770000201C8BF01300431E1D1BCF1000F2DD00E
:101780000432764611E0F3682846DDE9041207B01A
:10179000BDE8000FBDE8F04018473046194605F097
:1017A000D8FB1CE000201AE00020B15611F1410FD7
:1017B000C8BF0130BCF1010F11D0324492F90110C1
:1017C00011F1410FC8BF0130BCF1020F07D092F9EF
:1017D000021011F1410FC8BF013000E0764681448C
:1017E000B8F80CA0D145BFF486AF5FEACB100ED499
:1017F000CBF34170AAEB09026FF35F5B4FF0000976
:10180000B246DFE800F040023D0291463BE0D8E9F5
:1018100002102246D8E900B5334602900020C9F6EE
:10182000E07003910840294640F0005040F030003D
:10183000C8F8080006980090584605F03EFE0028BB
:1018400043D1AAEB0900002486B2A0B2B04207D26D
:101850002A6958463021904701340028F5D034E0F9
:10186000DDE904125846EB68984770BBDDE90210C9
:101870000024C8E90201204607B0BDE8000FF0BD12
:1018800090B24FEA5009D8E90058002603921FFA97
:1018900089F0B1B2814208D2D8F8102028465946C2
:1018A000904701360028F2D00FE00698414600909C
:1018B00028462246534605F000FE30B9DDE9041201
:1018C0002846D8F80C30984728B10124204607B0A4
:1018D000BDE8000FF0BD03980026A0EB09001FFA39
:1018E00080F90024B0B2484538BF0124BFF40FAFDF
:1018F000D8F8102028465946904701360028F0D0E5
:1019000005E70000F0B503AF2DE9000F81B0D0F876
:1019100008909346884619F0C05F00F079805FEA2E
:10192000C9013AD4BBF1100F57D2BBF1000F00F040
:10193000B3800BF0030C5FEA9B014FF0000300F053
:10194000AD8001F0030108F10105A3EB81066FF002
:1019500003030021EC18043394F9032012F1410F22
:10196000C8BF013194F9042012F1410FC8BF013101
:1019700094F9052012F1410FC8BF013194F90620F6
:1019800012F1410F06EB0302C8BF01310432E1D16D
:10199000BCF1000F2DD0043381E0C18929B308EBDD
:1019A0000B034FF0000B45460A4609E0EF2D4FF0C0
:1019B000030588BF04253544AE1B013AB34416D055
:1019C0009D4215D02E4615F9014BB4F1FF3FF3DCD3
:1019D000E5B2E02DEAD2B51CEEE704464046594692
:1019E00005F0B7FA0146204603E04FF0000B002255
:1019F000891A828991420BD2531AC9F341716FF34C
:101A00005F590026DFE801F011020F111E460CE0BD
:101A1000D0E900015A46CB68414601B0BDE8000F4D
:101A2000BDE8F040184799B24E08D0E9005A0024AA
:101A30000093B0B2A1B281420DD2DAF8102028464C
:101A40004946904701340028F3D00126304601B0C2
:101A5000BDE8000FF0BDDAF80C30284641465A4682
:101A6000984728B10126304601B0BDE8000FF0BD0F
:101A700000980024801B1FFA80F80026A0B2404581
:101A800038BF0126E2D2DAF81020284649469047AE
:101A900001340028F1D0D9E70021AAE7002118F984
:101AA000032012F1410FC8BF0131BCF1010FA0D0DA
:101AB000434493F9012012F1410FC8BF0131BCF139
:101AC000020F3FF496AF93F9022012F1410FC8BF05
:101AD00001318EE710B584B002AC009406F07EFCB4
:101AE000029A039B04B010BD10B584B002AC009400
:101AF00006F0AEFC029A039B04B010BDF8B54D4A47
:101B00000C4600234C4DD0E90001FFF7E3FF002A0B
:101B10004FF4616100F52F20B7BF02F5A83200F63F
:101B20006C2000F66B2002F5C072B2FBF1F301FBF2
:101B300013223C21A360B2FBF1F301FB132263608B
:101B4000C31C2260072293FBF2F2C2EBC2029B1A73
:101B500052D50733A361A0F50E33A3F52C7393FB85
:101B6000F5F5364B48F6AC6140F2B45740F26D16CD
:101B700003FB05004FF0050CB0FBF1F1B0FBF7F3F0
:101B80000144C91A2E4BB0FBF3F3C91A48F694630B
:101B9000B1FBF3F3B1FBF6F2B1FBF7F103445B1ACF
:101BA000992106FB123303EB83005E1C0230B0FB6D
:101BB000F1F779430231B1FBFCF1761A40F2F951A9
:101BC00088424FF4C8708CBF6FF00901022100FBFE
:101BD00005253944012998BF0135B3F5997F11D303
:101BE000A3F59973A5F26C75E36100232046E660C6
:101BF0002362C4E90415F8BD0028A361ABDB90FBA8
:101C0000F5F5AEE7970710D14FF0640C92FBFCF7A7
:101C10000CFB17275FB992FBF0F700FB1722B2FA13
:101C200082F252093B331344DCE70022FAE7012237
:101C3000F8E700BF80510100B13A02004FC5FDFF37
:101C4000B03A02000CB430B589B005460C461C22EF
:101C5000002101A806F05AFC022305958DF80630F4
:101C60000D4B029323462CB1B4F1004F28BF4FF027
:101C70000043013B1D440DAA0C9901A80695009252
:101C800000F008FA14B1059B00221A7009B0BDE8F3
:101C9000304002B0704700BF078B0700242A2DE9AF
:101CA000F041044601D8012A4CD1364B162206F0E9
:101CB00033FF1A5001B10C6000273846BDE8F081AF
:101CC00035462E4616F8010B2028F9D0A0F1090759
:101CD0000346042FF4D92B2836D02D2837D14FF0C6
:101CE000010CAE1C6B78302B38D1307840F02000DE
:101CF00078282FD132F010002CD17378344610227E
:101D000002360CF1004000270138B0FBF2FE02FB66
:101D10001E08392B82BF03F1FF3343F02003263B1B
:101D2000303B9A421ED9774502DC03D1984501D257
:101D30004CF0020C354607FB0237344615F8013BE0
:101D40002E46E6E70546BCE74FF0000CC9E74FF02A
:101D5000000CC8E7002A08BF0822D2E7002A08BF03
:101D60000A22CEE701B10C601CF0010F18BF7F42C0
:101D70001CF0020FA1D0034B2222074606F0CCFE36
:101D80001A509AE70C000000242AF0B5044601D846
:101D9000012A40D12E4B162206F0BEFE1A5001B188
:101DA0000C600020F0BD2F463D4615F8010B2028A1
:101DB000F9D0A0F109060346042EF4D92B282CD023
:101DC0002D282CD10126BD1C7B78302B2DD12878D5
:101DD00040F02000782824D132F0100021D16B7817
:101DE0002C46102202350020392B82BF03F1FF332D
:101DF00043F02003263B303B9A421AD9A0FB020451
:101E00000CB9C01801D346F002062F462C4617F82D
:101E1000013B3D46E8E70746C6E70026D3E7002634
:101E2000D3E7002A08BF0822DDE7002A08BF0A22FC
:101E3000D9E701B10C60F20748BF4042B307B1D502
:101E4000034B222206F068FE1A504FF0FF30A9E73C
:101E50000C000000242AF0B505460E4601D8012AE0
:101E60000AD13E4B162206F057FE1A5006B13560D5
:101E700000200146F0BD2046044614F8011B20292D
:101E8000F9D0A1F109070B46042FF4D92B2939D039
:101E90002D293AD14FF0010C841C4378302B3BD1D3
:101EA000217841F02001782932D132F010012FD170
:101EB000637825461022023400200146392B82BF68
:101EC00003F1FF3343F02003263B303B9A4232D9E3
:101ED000002729BBA0FB02E517F001077046294641
:101EE00008D11EEB030E55F10005704628BF0127EF
:101EF00029460FB14CF0020C2746254617F8013B46
:101F00003C46DBE74FF0000CC6E74FF0000CC5E79E
:101F1000002A08BF0822CFE7002A08BF0A22CBE721
:101F2000A2FB0151A0FB02E02D1841F100010029A4
:101F300018BF0127D0E706B135601CF0010F02D0B1
:101F4000404261EB41011CF0020F93D0034B22226F
:101F500006F0E2FD1A504FF0FF308AE70C00000057
:101F60002DE9F04101260746B24201DCBDE8F081CF
:101F70003B461F4613F8014B002CF7D0252CF8D117
:101F80001C780237252CF3D00023DFF804819C460F
:101F90001D461F2D18D8A4F1200EBEF1100F09D92F
:101FA000A4F1300EBEF1090F1ED80A24202504FB2F
:101FB00003E304E028FA0EFE1EF0010F06D017F826
:101FC000014B002CE5D128E07F2D1CD8A4F1300E68
:101FD000BEF1090FE9D9242C10D1BCF1000F46D075
:101FE000B34246D00023EAE724F0040EBEF12A0FE4
:101FF000F8D06C2C09D145F08005E0E724F0040E00
:10200000BEF12A0FEED06C2C22D06C2C1BD8682C81
:1020100023D06A2C28D04C2C26D0BCF1000FA5D0A0
:10202000B445A1D144F020070B68A7F1650CBCF1C1
:10203000020F01D9612F1ED1073323F007030833A4
:1020400001360B608FE7742CB9D07A2CB7D0E4E757
:102050002C0648BF45F40075CDE7EC0548BF45F4B4
:10206000007545F48075AAE745F42075A7E79C46FE
:10207000B8E76324D6E7692C02D007D8632C03D0D5
:102080002F0601D5AC05D7D40433D9E7732CF6E776
:10209000892801002DE9F04F436895B080460393ED
:1020A00083789807CDE9081216D50B4600250D92C6
:1020B0001F789FB1252F15D001330793414638462D
:1020C000039B01359847002880F24C8498F8023031
:1020D00043F0040388F802304FF0FF35284615B06E
:1020E000BDE8F08F5F789A1C252F0792E6D0002478
:1020F0002646A246A346BBF11F0F32D8A7F1200304
:10210000102B0AD8DFE803F02409092A0909091B62
:1021100009090922092709091900A7F13003092B28
:102120002DD92A2F39D154B90D9B1BF0400F53F8EC
:10213000042B0D9329D0164601E04BF0010B079BB1
:1021400013F8017B0793002FD5D15BE04BF0020B16
:102150004BF0040BF3E74BF0080BF0E74BF0100BE0
:10216000EDE7BBF17F0F3FD8A7F13003092BD8D89B
:102170001BF0400F03D00A2202FB0636DFE70A22DB
:1021800002FB0A3A4BF0200BD9E7B2F1000AF9DA68
:10219000CAF1000A4BF0280BD1E72E2F05D11BF016
:1021A000400F9BD14BF0400BC9E7242F1CD1002CD2
:1021B00000F04381099B1BF0400F0D930AD152465A
:1021C0000DA90898FFF7CCFE0D9B1A1DD3F800A0AF
:1021D0000D92B4E732460DA90898FFF7C1FE0D9B9A
:1021E0001A1D1E680D92AAE76C2F00F0138100F2F1
:1021F0000A81682F00F016816A2F00F01B814C2F96
:1022000000F0188134B1099B22460DA908980D935E
:10221000FFF7A6FE002E47F02003B8BF2BF0400BBF
:102220000593A3F16503BCBF00261FFA8BFB022BAD
:1022300040F2088147F02003612B40F07782FF4392
:102240001BF0400F4BF4C05407F020034FF0010780
:10225000A34606930D9B03F1070323F0070303F145
:102260000802D3E90001069B0D920EAA009314BF49
:1022700033464FF0FF3306F087FB431C0646DDF87C
:102280003890DBB204937023059309F10903122BF4
:102290000CD909F16303C62B40F20F8109F2E73331
:1022A00040F2CE72934294BF032704279DF83C204E
:1022B00002F00C0312F0010240F01A811BF0020F31
:1022C00040F013811BF0040400F0F980002B40F073
:1022D000128120231BF4405F22D1049A002E02F1C8
:1022E000500208BF01266A44133A049921B112F83A
:1022F000011D302900F034811BF0100F049A18BF23
:10230000324619F1040FC0F23081B14580F22D81BF
:102310004A454BF4005B40F32A8109F10106961B04
:102320001BF400520A9200F0248129EAE974013476
:1023300003B10134002E00F02381721C1444A24525
:10234000CCBFAAEB040400241BF0090F04D12C44D9
:10235000A54240F01A8100243BB118464146039B38
:10236000013598470028FFF6B1AE1BF4006F12D07C
:1023700041463020039B98470028FFF6A7AE069BF6
:1023800041460235C3F17800039B00F0F8009847FE
:102390000028FFF69BAE1BF0080F05D12C44AC4281
:1023A00040F0FF80254600240A9B002B00F0288186
:1023B00029EAE97A7642A9EB0A02049B0AF1FF3A7C
:1023C0006F1C0592934289BF0EAB3020D318587909
:1023D000564500F3EF804146039B9847059A002835
:1023E00002F10102FFF672AEBAF1FF3F09D1414698
:1023F0002E20039B059298470028FFF667AEAF1C7E
:10240000059A3D46D9E7742F3FF499AE7A2F3FF4F1
:1024100096AEF7E61BF0800F18BF4BF4007B4BF035
:10242000800B8CE61BF4807F18BF4BF4007B4BF4D1
:10243000807B84E64BF4207B81E626465446B346F7
:10244000B2467CE6FF431BF0400F07F0200308BFB5
:10245000062606930D9B073323F0070303F10802BA
:10246000D3E90001059B0D92652B14D1731C00224A
:102470004BF4805BDBB21446112B4FF0020728BFF0
:102480001123CDE900240EAA00F00AFBDDF83890F4
:10249000C3B20493F9E6059B662B05D14BF4005BB0
:1024A000344601221123E7E7F3B200226527012B0E
:1024B0001446059738BF0123DEE70227F6E6002B16
:1024C0003FF408AFBAF1030F39DC9DF83C30A44E5D
:1024D00013F0080FA34B08BF1E46B1464F4619F82C
:1024E000010BA0BBAE1B374485E023BB2B23F1E6D9
:1024F0001BBB2D23EEE62022BAF1040F12DD1BF0E8
:10250000080FAAF104040ED12C4441462020039B5D
:102510000135049298470028FFF6D8ADA542049AE9
:10252000F3D192B1002441461046039B01359847F0
:102530000028CADACAE52B22DEE72D22DCE71BF0F1
:10254000080FAAF10304C0D1DEE71446BDE7069BDD
:102550004146C01A039BC0B298470028BEDAB5E5D1
:1025600004990139C9B20491BFE6561ED8E6002687
:10257000D6E61BF4006F0CBF032405243C44D7E6C9
:102580001BF0100F18BF0134D9E60B934146039B93
:1025900020209847002805F101050B9BBFF6D8AE17
:1025A00094E541463020039B013598470028BFF64B
:1025B000F6AE8BE5D1450AD19DF83D30352B1DD8BF
:1025C00005D19DF83C3013F0100F08BF3120414673
:1025D000039B98470028FFF679AD1BF0100F0AD037
:1025E000BAF1FF3F07D1AF1C41462E20039B98470D
:1025F0000028FFF66BAD3D463C4438E23120E6E76B
:102600009DF83D00414631281EBF9DF83C3023F027
:1026100010038DF83C30039B98470028FFF656AD19
:10262000002E68DD41462E20039B98470028FFF6C8
:102630004DAD4FF0010A049B4146D3469A45B7BFC2
:102640000EAB302053445879039B98470028FFF67F
:102650003DAD0AF1010A5645EDDA02355D444146C9
:10266000DDE90532981A039BC0B298470028FFF6AF
:102670002DADB9F1000F04DB4AD19DF83C30DB06EB
:1026800046D5C9F100092D204146039B98470028F3
:10269000FFF61CAD042F3DD14FF47A774146039BE2
:1026A000033599FBF7F606F13000C0B298470028D1
:1026B000FFF60CAD07FB169964274146039B0135D5
:1026C00099FBF7F606F13000C0B298470028FFF6F4
:1026D000FDAC07FB16990A274146039B013599FB80
:1026E000F7F606F13000C0B298470028FFF6EEACCE
:1026F00007FB169914E01BF0100F01D10135AEE76E
:1027000041462E20039B023598470028A7DADDE4D6
:102710002B20B9E7032F05F10205CDD0012FDAD127
:1027200009F130006F1C4146C0B25FE7A7F16303B7
:10273000122B00F2FF80DFE813F017005700FD00B6
:10274000FD00FD00FD005700FD00FD00FD00FD0047
:10275000FD001801F800FD00FD002C00FD00B9008F
:102760007A6A0800766A08000D9B01240EAF1A1DD4
:102770001B680D928DF838301BF0080F2AD007EB3C
:1027800004093E464E4527D1EF1B3744AAEB04040B
:1027900031E70D9B1A1D0D921F68AB4B002F08BF30
:1027A0001F461BF0400F384614BF31464FF0FF3133
:1027B00005F089FF0446DFE741462020039B984748
:1027C0000028FFF683AC013EB442F5D35544B2462F
:1027D000AD1BD4E75646F7E7414616F8010B039BBD
:1027E00098470028CEDA71E41BF0800F0D9B35D09E
:1027F0001BF4007F2DD0073323F0070303F10802F9
:10280000D3E900010D922BF0100900291FFA89F974
:1028100036DA404249F4806961EB41010DF1380B31
:102820000A235A4605F087FF19F0400FA0EB0B0B67
:1028300065D029F001025E4592B240F3B380002FCB
:1028400000F0AA8019F010033446914626D00234D5
:102850005CE01A1D18680D92C117D4E71A1D1BF40D
:10286000807F19680D9201D10846F5E71BF4007FBF
:1028700019BF48B241F3C01108B241F3C031C2E7F9
:1028800050EA0103CAD11BF0400FC7D0002EC5D1BA
:102890002BF0110B34461FFA8BF9B34640F2064376
:1028A00019EA03031CBF013400232FE02BF0100BA7
:1028B0000A231FFA8BFB1BF080040D9A58D01BF4DF
:1028C000007115BF0732101D22F007020D900FBFD7
:1028D000106802F108010D91D2E9000150EA0102ED
:1028E00053D12BF016091BF0400F1FFA89F950D075
:1028F000002E4ED12BF0170B1FFA8BF9B34619F0AF
:10290000100353D0002F4FD10BF1010419F0080F21
:102910005FD119F0010F06D0A2456EDDAAEB0404C9
:1029200004EB0B06544622464EE04BF0100B1023EE
:102930007827C0E747F02003782B04D1C7F178034C
:1029400043F01003B7E741462520039B9847002832
:10295000FFF6BCAB41463846039B98470028FFF67C
:10296000B5AB0235079BFFF7A3BB08230027A2E7FF
:10297000111D10680D911BF48071AFD01BF4007114
:102980001ABFC0B2214680B2A8E72BF0060B1FFA8F
:102990008BF90DF1380B44E729F0110934461FFA81
:1029A00089F97BE79146AAE75C4650E75C4675E704
:1029B000CDE9042341462020039B98470028FFF6D9
:1029C00085AB049A059B01329245F1DC2C1BA518BE
:1029D0001446EBB141463020039B98470028FFF690
:1029E00075AB67B901352F462E44F31B5B4521DCDF
:1029F0005D460EAE55BB5F44C8E65E4693E70235C2
:102A000041463846039B98470028ECDAFFF75EBB47
:102A100040F2064319EA030FE5D019F0020F05F161
:102A20000105414614BF2B20202019F4806F18BFE8
:102A30002D20E7E741463020039B013798470028C7
:102A4000D3DAFFF743BB00BF7E6A0800013D414671
:102A5000039B705D98470028CCDAFFF737BB4146EF
:102A60002020039B013598470028FFF62FAB631BFE
:102A7000002BF4DC76E700BF1FB502AB074A0093DA
:102A80004FF0CC3305F038FFDDE90201C00840EA21
:102A90004170C90805B05DF804FB00BFCDCCCCCCBB
:102AA0002DE9F04F9BB0044605920A460A93C2F303
:102AB0000A559DF89030D20F0B93C1F3130309927E
:102AC000090D7DB950EA03021CD1059A3023012675
:102AD0005371099B156043F00203137130461BB01C
:102AE000BDE8F08F40F2FF7295424BD10343099B42
:102AF000059A4FF0000614BF43F0080343F00403A7
:102B00001371EBE700F001024FEA830887009A4651
:102B10000892012248EA9078A94D1646C5F1000BAB
:102B20000692584600F012FAB5F1FF3FACBF81465D
:102B3000A0F10109ABEB090B09EB0503584604931F
:102B400000F00AFA16A9A0F17D05584600F024FA13
:102B500012AB069AA9EB0505019310AB2046029231
:102B6000009316AA2B46514605F00CFEB9F1010F51
:102B700004460D4600F2D280089B002B40F0C58031
:102B800001276BE043F4801A00F001020343A5F231
:102B900035454FEA8A0808924FEA800748EA90785C
:102BA00049D140F2FE7319420CBF01260026002DC8
:102BB0003246B3DB284600F0C3F9032DC8BF013805
:102BC000049000F0C9F9049B7C3016A95D1B0544F4
:102BD000184600F053FA12AB204616AA019310AB28
:102BE0005146029600932B4605F0CCFD049B04460B
:102BF0000D46152B00F2868014AB724A38464146CA
:102C000000934FF0CC3305F077FE149B159A9B0888
:102C100043EA827303EB8303BB42DDE9109A0CD1D4
:102C20003846414600F0A0F9049B83428CBF002740
:102C30000127002612E00126B9E7089B002B51D19D
:102C4000013F48F1FF31B81B61F1000100F08CF940
:102C5000049B089F83428CBF002601260B9B002B00
:102C600040F09080DDF828B04FF000084FF00A0ADD
:102C7000CDE90688DDE91001FFF7FEFE129BCDE9E4
:102C80000C01184613990E93FFF7F6FE0C9B814634
:102C90000D9A98420B460F91934180F08D8020460B
:102CA0002946FFF7E9FE0AFB09F30E9AB8F1000F77
:102CB00014BF002707F001070AFB10480D46934296
:102CC00014BF002606F001060C9B5FFA88F8044644
:102CD00010930D9BCDE911390F9B1393079B013383
:102CE0000793C7E7B81C48F1000100F03DF9049BC9
:102CF00083428CBF00200120B9EB00006AF1000282
:102D0000CDE9100200273E46A8E7109B0127119A43
:102D1000013B42F1FF32CDE910328AE7B9F13E0FB3
:102D2000F0D84FF0FF33A9F12000C9F1200103FAD8
:102D300009F203FA00F023FA01F103FA09F302435E
:102D400027EA03070A4328EA020857EA08070CBFE4
:102D5000012700276DE700FB02FC0133A1FB0012F5
:102D600062448C4275EB020CF5D2049ADDF828B06F
:102D70001344259A1344012BB8BF01239B45A8BFD8
:102D80009B4671E70A21002201230846E9E70AFB76
:102D900003F00131A2FB0A230344944275EB0300C4
:102DA000F5D2594510DDBBF1000F02D154EA0503FD
:102DB0000AD00123069372E70A2200230121ECE7DF
:102DC000CCFBFFFFCDCCCCCC002E2FD04FF00A0A8D
:102DD000129B139918460D93FFF74EFE0D9B0AFBAD
:102DE00000F281460C919A4220D1B8F1000F14BF35
:102DF000002707F00107DDE91001FFF73DFE0E9007
:102E00000D9120462946FFF737FE0D9B0AFB10481F
:102E10000E9A04460D465FFA88F81092CDE91139F2
:102E20000C9B1393079B01330793D1E7DDF81090B8
:102E3000079B9944002F5CD0B8F1050F59D114F0CD
:102E400001034CD1069A32B9DDE912239D4208BF35
:102E5000944261D0069B18194FF00A044FF000020B
:102E60004FF0010645F100012546A04271EB020733
:102E700055D2EBB1B3451BDA0B9B63B106EB0903EB
:102E8000259ADDF828B0134423EAE3739B45A8BFD5
:102E90009B465E450CDD053009F1010906F1FF3660
:102EA0004FF00A024FF0000341F10001FEF71CFE53
:102EB0005E450FFA89F9059BA8BF5E4636B2B1445C
:102EC00006F1050809F1FF3798444FF00009B145B4
:102ED0002CDB059B1A461F60099B1371FEE5069BC0
:102EE0002BB9DDE912239D4208BF944209D001238A
:102EF000B1E7069B53B9DDE912239D4208BF944216
:102F000004D1089B002BF2D1002EF0D0B8F1040FB1
:102F100094BF002301239EE74FF00408F1E705FB6F
:102F200002F70136A4FB05423A449EE70A22002339
:102F3000FEF7DAFD303209F1010908F8012DC6E784
:102F4000014B5843800C704741340100014B5843FA
:102F5000000D7047FB2E0B00024B5843C00C013094
:102F6000704700BF4F93120070B50346094A002016
:102F70004FF0CC364FF0333506FB03F402FB01442F
:102F8000A3FB023121449D4275EB010401D30130C2
:102F9000F2E770BDCDCCCCCC1A232DE9F04FB0FBBD
:102FA000F3FA334E03FB1A0389B004460D4606EBD1
:102FB0000A1653B9D6E90023C1E90023D6E9020174
:102FC000C5E9020109B0BDE8F08F2A4A02EBC3034C
:102FD000D3E9008904AB404649460093D6E9022371
:102FE00005F08AFC06AB83460F46404649460093EF
:102FF000D6E9002305F080FC00238146DDE9066266
:1030000016EB0B0652EB070828BF012333B1049BD4
:10301000059A013342F10002CDE9043220460391C2
:10302000FFF79AFF07461A2000FB0AF0FFF794FF0C
:103030003F1A3246434648460399009705F077FC0D
:103040000D4A4FEA141C640004F01E0352F82C4091
:10305000DC4004F003042418304641F10001DDE9AE
:103060000423C5E900414146009705F060FCA7E74D
:103070005897070088960700844F08002DE9F04F05
:103080001A2700F11905DFF8E0A089B004460E46C2
:10309000B5FBF7F56F434FEA051B0AEB05153A1A26
:1030A0000AD1D5E90023C1E90023D5E90201C6E927
:1030B000020109B0BDE8F08F2C4B03EBC203D3E94A
:1030C000008904AB404649460093D5E9022305F048
:1030D00013FC5AF80B206B68013ACDE9020106A9EE
:1030E00063F1000340460091494605F005FC8A461D
:1030F000029900238146DDE906526D18039952EBCF
:10310000010828BF012333B1049B059A013342F122
:103110000002CDE904323846FFF71EFF074620467D
:10312000FFF71AFF3F1A2A46434648465146009782
:1031300005F0FDFB0E4A4FEA141C640004F01E0368
:1031400052F82C40DC4004F00304013424182846D3
:1031500041F10001DDE90423C6E900414146009741
:1031600005F0E5FBA3E700BF289807008896070055
:10317000D84F0800F0B503AF2DE9000F83B0456CC0
:103180008146836BADB31946D9E90FA0984238BF89
:103190000021421A9E1AAC1B38BF0024AE42019691
:1031A000029328BF5319934212D08000A3EB020B65
:1031B000A0EB81005044A0F1040858F8046F304699
:1031C000FFF7D8FF3046F4F7DFFFBBF1010BF4D176
:1031D000019885420BD900255AF825603046FFF743
:1031E000C9FF3046F4F7D0FF0135AC42F4D1029B61
:1031F00001E0D9F83CA0002B1CBF5046F4F7C4FFF7
:1032000099F85C0002280FD009F15800016851E8D4
:10321000002F531EC1E8E63F002EF8D1012A04BF5B
:10322000BFF35F8F00F0FDFE99F81C110020C9F874
:103230007A010129C9F87601C9F87201C9F86E014D
:10324000C9F86A01C9F86601C9F86201C9F85E01E6
:1032500007D099F83D01012817D0D9F854304BBB5D
:103260006FE0C9F83901C9F83501C9F83101C9F869
:103270002D01C9F82901C9F82501C9F82101C9F8AA
:103280001D0199F83D010128E7D10020C9F85A0134
:10329000C9F85601C9F85201C9F84E01C9F84A01E6
:1032A000C9F84601C9F84201C9F83E01D9F85430BD
:1032B000002B46D0D9E9120BD9F85020111A38BF8B
:1032C0001146421AB3EB020A38BF4FF0000A9A4285
:1032D0000192029328BFC818884219D0441A0BEBF8
:1032E00041154FF0000805EB481008F1010850F8AF
:1032F000081F51E8002F531EC1E8E63F002EF8D109
:10330000012A04BFBFF35F8F00F0ABFEA045EAD1F6
:10331000DDE90110814214D200240BEB441001348A
:1033200050F8081F51E8002F531EC1E8E63F002E59
:10333000F8D1012A04BFBFF35F8F00F092FE54451D
:10334000EBD1D9F8480000281CBFD9F84C00F4F79D
:103350001BFFD9E937545CB105F12C0656F8040C73
:1033600000281CBF3068F4F70FFF3836013CF5D158
:10337000D9F8D80000281CBF2846F4F705FF09F14A
:10338000E40000F0E9F8D9F8F80040B1D9F8FC0001
:1033900003B0BDE8000FBDE8F040F4F7F5BE03B0A0
:1033A000BDE8000FF0BDF0B503AF2DE9000BD0E98B
:1033B00001498046B9F1000F14D0002554F83510AA
:1033C00004EBC500013551E8002F531EC1E8E63F6C
:1033D000002EF8D1012A04BFBFF35F8F00F041FE39
:1033E0004D45EBD1D8F8000030B12046BDE8000BC8
:1033F000BDE8F040F4F7C8BEBDE8000BF0BDF0B585
:1034000003AF2DE9000B80464568C068A84217D07D
:10341000401B00244FEAD00955F8341005EBC400D6
:10342000013451E8002F531EC1E8E63F002EF8D1C9
:10343000012A04BFBFF35F8F00F013FE4C45EBD1B0
:10344000D8F8080038B1D8F80000BDE8000BBDE896
:10345000F040F4F799BEBDE8000BF0BDF0B503AF46
:103460002DE9000F83B005698246002D42D0DAF8BD
:103470000800411958D2DAF80090D9E900210291E8
:10348000D9F808100B18991A38BF1946531AAB42CD
:1034900028BF4A19A2EB0108EC1A4044CAF80800F8
:1034A00001934FF0000038BF04468A420FD00298C3
:1034B00000EB8100A0F1040B5BF8046F3046FFF7CE
:1034C00059FE3046F4F760FEB8F10108F4D100204F
:1034D000CAF810000198A8420ED20298051F55F8AC
:1034E000046F3046FFF746FE3046F4F74DFE013CD0
:1034F000F5D101E0DAF80090D9F80C60DAF80C5058
:10350000DAF80480002E05EB060418BF002D12D156
:10351000CCB1AE421AD2D9F80810D9F80000414413
:10352000081A38BF08460FE044F634730A46C0F262
:10353000080303F07DFF4846414632462B4600F023
:1035400086F8002CE5D10020C9F80800C9F80C4025
:1035500003B0BDE8000FF0BDF0B503AF2DE9000FDB
:1035600081B0C4688046D0F800B0ACB3D8E901108F
:1035700058450091594638BF0021421AABEB020A68
:103580005B46B4EB0A0638BF0026A24528BF1319D4
:10359000934213D000019D1AA0EB0110009908443A
:1035A00000F1040959F8040C00281CBFD9F80000E8
:1035B000F4F7EAFD09F11009013DF3D1A2450BD260
:1035C0000098041D54F8040C00281CBF2068F4F770
:1035D000DBFD1034013EF5D1BBF1000F08D0D8F867
:1035E000040001B0BDE8000FBDE8F040F4F7CCBD29
:1035F00001B0BDE8000FF0BDB0B502AF86B0044623
:10360000501821D2D4E900120425D7F808C0B0EB35
:10361000410FCDE9003C98BF4800BCF1010F08BF45
:103620000825A84288BF054603A82B4600F0BBFC2E
:10363000039801281FBF0498C4E9005006B0B0BD2C
:10364000DDE9040103F024FC002003F021FCF0B5C7
:1036500003AF2DE9000F81B09A420ED2866813465F
:10366000D0F800B03144B1EB0B0538BF0D46B54280
:1036700013D101B0BDE8000FF0BD86681144D0F849
:1036800000B0B4183144B4EB0B0538BF2546B1EB9C
:103690000B0638BF0E46B542EBD0D0F80490A91BFC
:1036A000ABEB0508ABEB060A1BEB010038BF084685
:1036B000534521D9984238D2434558D9AAEB08043A
:1036C000A3EB0A0109EB84008A00494604F080FE5E
:1036D000ABEB0400A20009EB8001484604F078FE41
:1036E00009EB850009EB86014FEA880204F070FEC1
:1036F00001B0BDE8000FF0BD43452DD998424BD233
:1037000009EB8606A3EB080006EB88018200484619
:1037100004F05EFE09EB85004FEA8802314604F0B2
:1037200057FE01B0BDE8000FF0BD09EB850509EBC0
:1037300086011C464FEA8A022846434542D904F0D6
:1037400047FE05EB8A00A8EB0A054946AA0004F0EB
:103750003FFE09EB85012BE009EB850009EB8601B3
:103760009A0004F035FE01B0BDE8000FF0BD09EB92
:103770008505A3EB0A0105EB8A008A00494604F09F
:1037800027FE09EB86014FEA8A02284604F020FE54
:1037900001B0BDE8000FF0BD09EB850009EB86051F
:1037A0004FEA88021C46294604F012FE05EB880108
:1037B000A4EB08008200484604F00AFE01B0BDE810
:1037C000000FF0BD04F004FEA4EB0A0105EB8A0033
:1037D0008A00494604F0FCFD01B0BDE8000FF0BDD1
:1037E00080B56F4610BF10BF10BF10BFFAE7F0B52D
:1037F00003AF2DE9000F87B08146006980187DD2A4
:103800009246002A039070D0D9F80C808B460FE0C6
:10381000051B5946AA4538BF554670682A462044BC
:1038200004F082FD2819B060AB44BAEB050A5CD005
:10383000B8F1000F0DD099E807004244013A131A7D
:1038400038BF1346180101EB03160858B468A042AC
:10385000DED8BAF5807F02D84FF480740CE0BAF558
:10386000806F02D84FF4806406E04FF48054BAF5BC
:10387000805F88BF4FF4804401200021CDE9000023
:1038800004A80122234600F08EFB5546544538BF5C
:1038900025460498012831D0059E59462A463046CF
:1038A00004F042FDD9F80000804516D0D9E9011294
:1038B000424408F10108101A38BF1046020101EB1A
:1038C00000108C500021C9F80C80C0E90165C1606E
:1038D000AB44BAEB050AABD107E0484600F011FB58
:1038E000D9F80000D9F80C80E0E70398C9F8100077
:1038F0004FF0FF3007B0BDE8000FF0BD072007B064
:10390000BDE8000FF0BDF0B503AF2DE9000F81B0A9
:10391000C368914600914BB102688668B11A38BFFE
:103920003146561AB34204D99E1B04E000210022FE
:1039300000E0CA1800264368002003EB061503EBDD
:10394000021A03EB0114544503D09B46A8462346B4
:1039500004E0A346A046AA46AB421DD081451BD039
:10396000D3E902218A4223D3521AA9EB00069642D8
:1039700038BF3246161813D24E4511D803F1100441
:10398000009D5B682844194404F0CEFC5B46454624
:1039900030465445D9D1DCE701B0BDE8000FF0BD99
:1039A00044F6E4633146C0F208034A4603F040FDA2
:1039B00044F6F4630846C0F20803114603F038FDEC
:1039C000F0B503AF2DE9000786B0CB6815468246F7
:1039D0006BB1D1E9006C8A68941B38BF14460CEBBC
:1039E0000414E068002804BFA068A8422BD008692E
:1039F000A84208D24FF0FF300621CAE9000106B004
:103A0000BDE80007F0BD0126D5BB084631462A4671
:103A100000F059F8A84207D1CAE90056CAF8085080
:103A200006B0BDE80007F0BD002D4FF0FF304FF0AD
:103A30000301CAE900011CBF3046F4F7A5FB06B03C
:103A4000BDE80007F0BD581E531C9E1B38BF1E4624
:103A5000C1E9026010015CF80030581CC7D00CEBC3
:103A60000210D0E90102CAF80820CAE9003008694A
:103A7000401B38BF0020086106B0BDE80007F0BD5C
:103A800003A88946002101222B46CDE9006600F0FB
:103A90008AFA039840B14FF0FF300721CAE90001CC
:103AA00006B0BDE80007F0BD049EB5F10108304640
:103AB00005D03046414604F078FB06EB08000021B3
:103AC00001704946A1E7F0B503AF2DE9000F87B0BB
:103AD0000291002A4FF000011EBF0646C568002D66
:103AE00004D1084607B0BDE8000FF0BD3068D6E944
:103AF00001BC0390306906900020CDE900260399AF
:103B0000131ABCEB010138BF61460BEB011ADAE96D
:103B10000286A8EB0604A34238BF1C462118914236
:103B200040D8A946A51943D2454541D8029ACDE9C6
:103B300004C11044DAF804209119224604F0F4FB81
:103B400006980021CAF80C50001B38BF0846019E99
:103B50004545069030611BD1049AA9F101050399EE
:103B6000501C441A38BF044610015BF80000C6E937
:103B70000245013810F1030F04D80BEB0210406826
:103B8000F4F702FB009AA4460599914206D3A8E7F0
:103B9000009A4D46DDE904C19142A2D20846002DAB
:103BA000ADD19EE744F61473C0F2080303F040FC65
:103BB00044F604733046C0F208032946424603F037
:103BC00037FCF0B503AF2DE9000FA9B04EF25C2A27
:103BD0008346C2F2010A1E20CAF8000000242820F1
:103BE0000D46CDE907440BF14201CDE9054490466D
:103BF000CDE903442A46CDE90144CAF8000001A8F2
:103C0000F4F7C2FC06465A20CAF8000066BB0DF164
:103C100024090BF162012022484604F085FB11AE15
:103C200029462022304604F07FFB21A80090494617
:103C300001A819ABCDE91F44CDE91D44B8F1000F2F
:103C4000CDE91B44CDE91944CDE92744CDE925440C
:103C5000CDE92344CDE921441CBF31464E463246CE
:103C6000F4F79CFA064628B10920314629B0BDE890
:103C7000000FF0BD19AD0DF18409202228464946F8
:103C800004F0FEFB00B3B8F1000FC8460BF10100D1
:103C90001CBFA8464D462946202204F045FB0BF1E7
:103CA00022004146202204F03FFB01208BF8210036
:103CB0008BF800006420CAF800004FF0FF30314656
:103CC00029B0BDE8000FF0BD0420314629B0BDE8A1
:103CD000000FF0BDB0B502AF86B0D0E900120446C7
:103CE00008200425CDE900504800042803A888BF17
:103CF0004D002B4600F057F9039801281FBF049888
:103D0000C4E9005006B0B0BDDDE9040103F0C0F81D
:103D1000B0B502AF86B0D0E9001204460425CDE963
:103D200000554800042803A888BF4D002B4600F02A
:103D30003AF9039801281FBF0498C4E9005006B05F
:103D4000B0BDDDE9040103F0A3F8B0B502AF86B061
:103D5000D0E90012044610200425CDE900504800A7
:103D6000042803A888BF4D002B4600F01CF90398D7
:103D700001281FBF0498C4E9005006B0B0BDDDE9BA
:103D8000040103F085F8B0B502AF86B0D0E90012A7
:103D9000044620200823CDE90030042548000428EB
:103DA00003A888BF4D002B4600F0FDF803980128BA
:103DB0001FBF0498C4E9005006B0B0BDDDE904019E
:103DC00003F066F8B0B502AF86B0D0E90012044641
:103DD00038200823CDE9003004254800042803A832
:103DE00088BF4D002B4600F0DEF8039801281FBF66
:103DF0000498C4E9005006B0B0BDDDE9040103F049
:103E000047F8B0B502AF86B0D0E9001204461820DA
:103E10000823CDE9003004254800042803A888BF02
:103E20004D002B4600F0BFF8039801281FBF0498EF
:103E3000C4E9005006B0B0BDDDE9040103F028F884
:103E4000B0B502AF86B0D0E9001204460C200425BC
:103E5000CDE900504800042803A888BF4D002B4638
:103E600000F0A1F8039801281FBF0498C4E900508E
:103E700006B0B0BDDDE9040103F00AF8B0B502AF49
:103E80000368C2689A420AD0D0E901541444E31A84
:103E900038BF234645F82310511CC160B0BD04460D
:103EA0000D4600F005F823682946E2682046EBE756
:103EB000B0B502AF04460568FFF72AFFD4E9021344
:103EC000E81A814298BFB0BD6A1AD4F800C09B1AA4
:103ED0009A420AD9ACEB0500984206D361689A0071
:103EE00001EB850004F026FAB0BDACEB0205636877
:103EF000920003EB850003EB810104F069FAA560F1
:103F0000B0BDB0B502AF04460568FFF71EFFD4E9A7
:103F10000213E81A814298BFB0BD6A1AD4F800C0F3
:103F20009B1A9A420AD9ACEB0500984206D3616805
:103F30001A0101EB051004F0FDF9B0BDACEB020570
:103F40006368120103EB051003EB011104F040FA62
:103F5000A560B0BDB0B502AF04460568FFF713FF1A
:103F6000D4E90213E81A814298BFB0BD6A1AD4F8A6
:103F700000C09B1A9A420AD9ACEB0500984206D3BE
:103F800061685A0101EB451004F0D4F9B0BDACEB07
:103F900002056368520103EB451003EB411104F085
:103FA00017FAA560B0BDF0B503AF2DE9000F81B0E1
:103FB000D7F80C90044601204FF0000AA9FB0356E5
:103FC00004233EBBD7F80880C8F10046B54221D88B
:103FD000AA4679B150460D469346F4F7CFF888B11A
:103FE00009FB05F25946064604F09EF95846F4F7D7
:103FF000CBF80CE055B102F003FF5046F4F7BEF8E1
:10400000064620B90120C4F8048002E046466660F6
:104010000020082344F803A0206001B0BDE8000F91
:10402000F0BDD0B502AF046804F10800FFF794FAC0
:1040300004F12000FFF790FA601C11D0201D50E819
:10404000001F4A1EC0E8E32F002BF8D1012918BF3A
:10405000D0BDBFF35F8F2046BDE8D040F4F794B8E1
:10406000D0BD80B56F4601460068421C13D0D1F820
:1040700004C000F1040E5EE8003F591ECEE8E21FC6
:10408000002AF8D1012B18BF80BD0CF10B01BFF342
:104090005F8F042900D280BDBDE88040F4F774B87A
:1040A000002B1FBF4FF0FF310322C0E90012704701
:1040B000F0B503AF2DE9000F85B0D7F80C8082462C
:1040C0000120164608F11105CDE9000002A8894635
:1040D000002101222B464FF0000BFFF764FF0298EE
:1040E000012808D14FF0FF300721CAE9000105B0CF
:1040F000BDE8000FF0BD039C30BAB8F1000FC4F862
:104100000D004FEA0860C4F8010049F02000C4F82F
:1041100009B0C4F805B0207005D0B96804F11100E9
:10412000424604F001F9CAE90054CAF8085005B043
:10413000BDE8000FF0BDF0B503AF2DE9000F47F665
:10414000C804C2F2010404F1100CDCE8CF6F26B9F8
:104150000126CCE8456FA5B103E0BFF32F8F00E047
:1041600010BF267C002E1EBF10BF267C002EECD078
:1041700010BF267C002E1EBF10BF267C002EE4D070
:10418000EEE7E5684FF00009002D53D0D4F8088021
:10419000A5EB850400254FEAC40908EB050EDEF8FF
:1041A00008608E4201BFDEE900A686EA030B8AEAB8
:1041B000020656EA0B064DD009EB050616F1180467
:1041C0002ED0DEF820408C4201BFDEE906A484EA4E
:1041D000030B8AEA020454EA0B0433D016F13004CC
:1041E0001ED0DEF838408C4201BFDEE90CA484EA20
:1041F000030B8AEA020454EA0B0426D016F14804A1
:104200000ED0DEF850408C4201BFDEE912465E401F
:10421000544054EA06041BD0603519EB0506BCD1A6
:1042200000214FF00009C0E90019CCE88F9FBDE8DC
:10423000000FF0BD0021C0E90019CCE88F9FBDE858
:10424000000FF0BD0EF1180E04E00EF1300E01E08B
:104250000EF1480E9EE87C0100F108014FF00009C4
:1042600081E87C010121C0E90019CCE88F9FBDE8FD
:10427000000FF0BDF0B503AF2DE9000FADF50B7DDC
:1042800001F5E47BDBE8CF3F23B90123CBE8463FD0
:10429000C6B103E0BFF32F8F00E010BF9BF80030E2
:1042A000002B1EBF10BF9BF80030002BEAD010BFC0
:1042B0009BF80030002B1EBF10BF9BF80030002B76
:1042C000E0D0EAE791F8C431022B04BFD1F8C03046
:1042D000012B08D000210160CBE88F1F0DF50B7D6D
:1042E000BDE8000FF0BDB1F8C8800026D1F8C4E0E9
:1042F000D1E94134D1F814C1CBE88F6FDBE8CF6F3F
:1043000026B90126CBE8456FC5B103E0BFF32F8F77
:1043100000E010BF9BF80060002E1EBF10BF9BF88E
:104320000060002EEAD010BF9BF80060002E1EBF78
:1043300010BF9BF80060002EE0D0EAE74E6C9E4272
:1043400061D20025CDE9038ECDE901420791CDE987
:1043500005C0CBE88F5F02F053FD4420F3F70EFF5A
:10436000002800F0988180460420C8E902500DF52D
:10437000D679C8E9085073AE07980121C8E9001141
:104380003146C8E9045590F8D0A14846C8F81850FD
:1043900088F81C50C8E90A55C8F8305088F83450DD
:1043A000C8E90E55A8F84050CDF86881CDE971559F
:1043B000CDE96F55CDE96D55CDE96B55CDE9795511
:1043C000CDE97755CDE97555CDE97355F4F700F88A
:1043D00018B358E8001F4A1EC8E8E32F002BF8D195
:1043E000012907D15AA90446BFF35F8F0846FFF79A
:1043F00018FE204606990922C1E900200DF50B7D23
:10440000BDE8000FF0BD062101600020CBE88F0F52
:104410000DF50B7DBDE8000FF0BD0020CDF800A02C
:10442000CDE989000DF5B67ACDE98700CDE98500A3
:10443000CDE983007BA82ECE2EC096E82E002EC09C
:104440000AF12000B9E82E002EC099E82E000DF1E7
:1044500020092EC009F10300602103F0A6FEBAE88E
:104460006E0031A86EC0BAE86E006EC09AE87E0099
:104470007EC07BAC21A86ECC6EC06ECCA4466EC054
:104480009CE87E007EC041A84946632203F052FFAB
:1044900002F0B6FC4FF4EC70F3F770FE002800F069
:1044A000FE804FF0000A4FF00109C0F85880082440
:1044B0004FF004080546C0E908AA41A9C0E904AACA
:1044C000632280F85C90C0E90EA8C0E910AAC0E998
:1044D00012A4C0E914AAC0F830A0C0E900AA5D3057
:1044E0007E6903F021FF039831A9A5F8C800402296
:1044F0000498A5F8D4603E69C5E930900920C5F854
:104500001F014FF49670C5E9440A05F59F70C5E98F
:104510003396C5E936A4C5E938AAC5E93A8AC5E99A
:104520003CAA85F83DA1C5F823A185F81CA1C5F8D2
:1045300018A1C5E93EA9C5E940AAC5E942AA03F008
:10454000F3FE05F5BF7021A9402203F0EDFE0098AF
:1045500005F5E47885F8D001032085F8D1A185F828
:10456000C8A1A5F8C401C5F8C091A5F8BEA1D8E8B6
:10457000CF0F0028059840F0B680C8E8419F002979
:1045800040F093807A690028D7E90214C5E92E1417
:104590004FF00001A5F8BE21C5F81861C8E88F1FCB
:1045A00051D093B229463246F4F722FB00285BD063
:1045B000D8E8CF1FB246002940F0E7800121C8E8C3
:1045C000421FDDF808E0002ADDE906C240F0BB80AA
:1045D000C5F814010020C8E88F0F47F6C808C2F2DA
:1045E000010808F11009D9E8CF0F002840F0F38046
:1045F0000120C9E8460F002E40F0CB80D8F80C60AF
:10460000D8F8040086423DD0D8F8080006EB4601F1
:10461000BB6840F8313000EBC10079698182C0E9A4
:10462000014EC0E9035A701CC8F80C000020C9E80C
:104630008F0FDBE8CF0F002840F0DA800120CBE8B5
:10464000410F002952E02846FEF794FD2846F3F773
:104650009BFD06986FF06A010922C0E900210DF563
:104660000B7DBDE8000FF0BD2846FEF783FD284610
:10467000F3F78AFD0698072101600DF50B7DBDE873
:10468000000FF0BD08F10400FFF7BBFBDDF808E008
:10469000DDE906C2B8E70420442102F0F2FB08205D
:1046A0004FF4EC7102F0EDFB10BF98F80000002809
:1046B0001EBF10BF98F80000002809D010BF98F85E
:1046C000000000281EBF10BF98F800000028EBD1A2
:1046D000D8E8CF0F38B90120C8E8410F0598002964
:1046E0003FF450AFE1E7BFF32F8FDEE7019C40F0CE
:1046F0008D80936B506C98421BD0D2E90F16064404
:104700000130F31A38BF33465064002041F823507B
:10471000CBE88F0F24B12046F3F73AFDDDF818C03F
:104720004FF0FF30CCE900050DF50B7DBDE8000F23
:10473000F0BD02F13800FFF7BBFBDDE906C2936B69
:10474000506CDAE710BF98F8001000291EBF10BFA8
:1047500098F80010002909D010BF98F8001000291F
:104760001EBF10BF98F800100029EBD1D8E8CF1F6A
:1047700059B90121FC68C8E8421FDDF808E0002AA9
:10478000DDE906C23FF424AFDDE7BFF32F8FDAE7A0
:1047900010BF98F8100000281EBF10BF98F8100036
:1047A000002809D010BF98F8100000281EBF10BFC5
:1047B00098F810000028EBD1D9E8CF0F58B90120A4
:1047C000FC68C9E8410FDDE906C2DDF808E0002910
:1047D0003FF414AFDDE7BFF32F8FDAE7DBE8CF0F4D
:1047E00030B90120CBE8410FDDE906C200297DE7A1
:1047F000BFF32F8F0AE010BF9BF8000000281EBFF8
:1048000010BF9BF800000028E8D010BF9BF8000004
:1048100000281EBF10BF9BF800000028DED0EAE78A
:10482000F0B503AF2DE9000F81B0D7F808A004461A
:10483000994690460E464FF4987021465246002302
:10484000F3F7AAFC04F5E470D0E8CF1F21B90121E9
:10485000C0E8421FA2B103E0BFF32F8F00E010BFFA
:10486000017800291EBF10BF01780029ECD010BFCD
:10487000017800291EBF10BF01780029E4D0EEE7BF
:10488000D4F814510021D4F8B830C0E88F1F40F29A
:10489000311021462A46F3F77FFCBAF1110F01D2FD
:1048A00003265FE04FF4997021462A465346F3F7FA
:1048B00073FC85B12846494652460023F4F79EF919
:1048C00005460926002843D455456FF0040508BF66
:1048D0004FF0FF363CE006F1080BB8F1000F5846E8
:1048E00018BF06F1200000F11405D5E8CF1F21B94B
:1048F0000121C5E8421FA2B103E0BFF32F8F00E002
:1049000010BF297800291EBF10BF29780029ECD0DC
:1049100010BF297800291EBF10BF29780029E4D0D4
:10492000EEE749465246FEF762FF06460020C5E81C
:104930008F0F701C0CD13420B8F1000F18BF30203D
:104940005844D0E8AF0F08B1F3F724FC4FF0FF361E
:10495000701C2146B0FA80F05346420940F23310F1
:10496000F3F71AFC3046294601B0BDE8000FF0BD50
:10497000F0B503AF2DE9000F85B0CB68804600206D
:104980008DF81000CDE90200CDE900004BB10A68B6
:104990008E68B01A38BF3046161AB34203D99E1B30
:1049A00003E0002200E0C21800264B68E94603EB52
:1049B000001403EB061103EB021A0020544503D048
:1049C0009B460E46234604E0A34626468A468B4273
:1049D0001BD011281BD0D3E902218A4257D3521A87
:1049E000C0F11105954238BF2A461518112D46D839
:1049F00003F110045B684844194403F095FC5B46DE
:104A0000314628465445DBD1DEE711281AD19DF8FE
:104A1000001001F0300020280AD101F00F00421EE2
:104A2000092A05D2DDF8012012BAB2F1806F0BD944
:104A30000320C8F80000002088F81D0005B0BDE87C
:104A4000000FF0BD0620F4E7DDF805608909DDF808
:104A500009500023DDF80D4036BA2DBAC8E90063CD
:104A600024BAC8E90253C8E90443C8F8182088F8F2
:104A70001C1088F81D0005B0BDE8000FF0BD44F61D
:104A8000E4632946C0F20803112202F0D1FC44F687
:104A9000F4630846C0F20803114602F0C9FCF0B501
:104AA00003AF2DE9000FADF5FE7D00F5E479D9E8FF
:104AB000CF1F21B90121C9E8421FC2B103E0BFF3F2
:104AC0002F8F00E010BF99F8001000291EBF10BF03
:104AD00099F800100029EAD010BF99F800100029B9
:104AE0001EBF10BF99F800100029E0D0EAE790F847
:104AF000C4110022C9E88F2F032940F0A08100F2E1
:104B0000D1114FF00108D1E8CF2F002A40F0878162
:104B1000C1E8428F002AF6D1B8F1000F18BF8046D5
:104B200000F08781D9E8CF1F21B90121C9E8421FD0
:104B3000C2B103E0BFF32F8F00E010BF99F800105F
:104B400000291EBF10BF99F800100029EAD010BF3D
:104B500099F8001000291EBF10BF99F80010002915
:104B6000E0D0EAE790F8C4110339012903D890F89E
:104B70005C1002290CD1002008F2D111C9E88F0F76
:104B8000C1E88F0F29460DF5FE7DBDE8000FF0BD91
:104B9000816D51E8002F531C41E80036002EF8D1FA
:104BA000B2F1FF3F40F3538190F85C500021D0F800
:104BB00058A0C9E88F1F2021CDF820A0002D18BFD4
:104BC00008210AEB010452AE014630462246079105
:104BD00000F056FCDDF868B11BF1020002D1DDE9FE
:104BE0005205E5E01BF101005BD006949DF86521BC
:104BF000DDE95B43022A00F0A280012A40F0CD806B
:104C0000402B40F0CE80304621464022059503F0EF
:104C10008BFB4EF25C211420C2F20101B446086005
:104C200009A9BCE86D006DC1BCE86D006DC12046EE
:104C30009CE87C40BBF1000F81E87C4018BFF3F793
:104C4000A3FADDE9062152A800F01AFCDDF868B1EC
:104C500052AE059D1BF10200C1D01BF1010000F016
:104C6000C3809DF86521DDE95B43012A40F0908017
:104C7000402B40F0968052AD21464022284603F05A
:104C800053FB4EF25C201421C2F20100AC460160DD
:104C90002046BCE87C0009A97CC1BCE87C007CC142
:104CA000C6E7DDF81CE00122D9E8CF0F002840F06C
:104CB000E9810120C9E8410F002940F0C4814AB9C7
:104CC000079901228EF8C101FB200023F3F764FA53
:104CD000DDF81CE09EF81C0198B19EF83D21012AE8
:104CE00004BF9EF8C10101280CD19EF8C40104281C
:104CF0000ED0042071468EF8C401FC20012200234E
:104D000004E000229EF8C1317146FA20F3F744FA1C
:104D10000020C9E88F0F5AE8000F411ECAE8E21FC1
:104D2000002AF8D1012804D108A8BFF35F8FFFF74C
:104D300078F908F2D1100021C0E88F1F7FE0002031
:104D40007BBB0490069800F11402D2E8CF0F0394C5
:104D500000287DD101201446C2E8410F00297ED1F0
:104D60000698002307990269FD20F3F715FA002041
:104D7000BBF1000FC4E88F0F1CBF0398F3F704FAD0
:104D8000DDF81CE00022049800283FF48DAF2EE0EF
:104D9000022A02D1012023B9D3E70799CE20F3F7E5
:104DA000FBF9BBF1000F02D02046F3F7EDF9032029
:104DB0005AE8001F4A1ECAE8E32F002BF8D1012948
:104DC00007D108A90446BFF35F8F0846FFF729F90A
:104DD000204608F2D1110022C1E88F2F29460DF597
:104DE000FE7DBDE8000FF0BD0122DDF81CE00DF1F5
:104DF000240C0392059519A9BCE83D00B3463DC1BA
:104E0000BCE83D003DC19CE87D007DC1D9E8CF0FE5
:104E1000002840F0FF800120C9E8410F3EE04FF03C
:104E20000008BFF32F8FB8F1000F18BF80467FF442
:104E300079AE0146D12001220023F3F7ADF94FF0FE
:104E4000FF3029460DF5FE7DBDE8000FF0BDFEDE0A
:104E5000BFF32F8F144602E00C46BFF32F8F20784C
:104E6000214600281EBF10BF087800280AD010BFB6
:104E7000087800281EBF10BF0878002802D010BF95
:104E80000878EEE7D1E8CF0F0028E5D101200C46E5
:104E9000C4E8410F00293FF463AFE0E700295D4615
:104EA00040F0C6809EF8C0010EF5AF71069005F186
:104EB00042002022744603F037FA05F1620004F53F
:104EC000BF71402203F030FA04F58E710491284638
:104ED000AB466CC96CC06CC96CC0212209780170EA
:104EE0000BF1210004F23D1103F01EFA29AE00205F
:104EF000C9E88F0F59463046A22203F01BFA069AE2
:104F000019A93046FEF75DFE0D46411C7FF450AFF7
:104F1000049AD9E8CF0F28B90120C9E8410F1046FB
:104F2000C1B103E0BFF32F8F00E010BF99F800007C
:104F300000281EBF10BF99F800000028E9D010BF5C
:104F400099F8000000281EBF10BF99F80000002843
:104F5000DFD0EAE729A9A22203F0ECF90020C9E892
:104F60008F0FD9E8CF0F28B90120C9E8410F079862
:104F7000C1B103E0BFF32F8F00E010BF99F800002C
:104F800000281EBF10BF99F800000028E9D010BF0C
:104F900099F8000000281EBF10BF99F800000028F3
:104FA000DFD0EAE7D0E92E2300200121C9E88F0FE6
:104FB000CDE900107CA80221FFF772F8DDE97C64DE
:104FC0007E9D701C12D007985146059A2346009585
:104FD000FFF726FC0D46411C0AD0002E3FF4E8AE38
:104FE00006462046F3F7D0F83046E1E62046DFE6F5
:104FF000002E1CBF2046F3F7C7F8DDF81CE0039A2B
:1050000052E6D9E8CF0F28B90120C9E8410FDDF8F1
:105010001CE043E7BFF32F8F0AE010BF99F80000B0
:1050200000281EBF10BF99F800000028E9D010BF6B
:1050300099F8000000281EBF10BF99F80000002852
:10504000DFD0EAE710BF99F8000000281EBF10BFAC
:1050500099F80000002809D010BF99F80000002836
:105060001EBF10BF99F800000028EBD1D9E8CF0F80
:1050700040B90120C9E8410FDDF81CE000293FF4E8
:105080001EAEE0E7BFF32F8FDDE7F0B503AF2DE9EC
:10509000000FB9B0D2E900CE01F5E47592F81D8099
:1050A000D5E8CF3F002B40F091810123C5E8463F72
:1050B000002E40F09A81D1E91E36D2E90094664074
:1050C00083EA090333435AD1D1E91A36D2E908A455
:1050D000664083EA0A03334351D10DF1300B01F5E9
:1050E000AF73CDE909400BF14200CDE9058E88464A
:1050F0000B9219462022CDF81CC003F015F90BF1D4
:10510000620008F5BF71402203F00EF908F58E70B9
:1051100059465CC85CC15CC85CC12122007808703B
:105120000BF1210008F23D11CDF8208003F0FCF8CE
:105130000B9A0020C5E88F0F99FA89F047F8280CE0
:10514000A84690689369116900BA47F8240C18BA08
:1051500009BA47F82C0C107F47F8201C517F156BBB
:1051600041EA801040F02000082D07F82D0CC0F017
:105170000E81A5F1080010280FD204202FE0032192
:1051800001600020C5E88F0F906A10B1D06AF2F775
:10519000FBFF39B0BDE8000FF0BD9DF851100129AB
:1051A0001CD1D16AA7F12D02099B01F1080611213A
:1051B000CDE902600BF12200CDE900215246F3F760
:1051C000D1FC80B1A5F118010446304602F0EDFF94
:1051D000DDE90A120920C1E90004D5E700200A9997
:1051E000C1E90004D0E70B9AA5F11000C146106395
:1051F000D8E8CF0F002840F0F1800120C9E8410F26
:10520000DDF828C0DDF820E0002940F01281DEE959
:105210001E54D2E9006044407540254332D1DEE996
:105220001A31D2E908456940634019432AD104EA9A
:105230000501013100F0C280631C9EF8C28145F176
:1052400000044FF0FF31CEE91A3486EA01034140F1
:10525000194300F0B68000210123CEE908310799F7
:10526000CEF828100699CEF82C10711C40F10000E1
:10527000166BCEE91E10082ED2E90A500CD2032676
:105280007DBB34E00320CCF8000006208EF8C4017A
:105290000020C9E88F0F77E7B6F108021ED0DEF8CC
:1052A000F410521880F09580CEF8F420DEF8E43047
:1052B000DEF8F0209A4273D0DEE93A141444013249
:1052C000E31A38BF23461C010D5101EB0311CEF840
:1052D000F0200822C1E90106CA601FE04FF0FF3646
:1052E0002DB1F2F751FFDDF820E0DDF828C0701C89
:1052F00014D0072E09D1DEF8F43042F22C30079A90
:105300007146F2F749FFDDF828C00020CCF80060B4
:10531000C9E88F0F39B0BDE8000FF0BD9EF8D0018D
:10532000FE2805D1079A0598042809D1012005E037
:10533000DEF8F400002818BF0120079A8EF8C20199
:1053400000200024B8F1000F08BF9EF8C241C9E850
:105350008F0F0598069B0438B0FA80F04009009042
:10536000704600F0DCFA421C06D00A9AC2E900013D
:1053700039B0BDE8000FF0BD0A994FF0FF3008606A
:1053800004F00100087139B0BDE8000FF0BD44F62B
:1053900024730820C0F2080329462A4602F048F880
:1053A0000EF1E40104460846FEF7ABFDDDF820E00F
:1053B0002046DEF8E430DEF8F0207DE7002004210E
:1053C00001E000200321CCE9001061E7BFF32F8F3B
:1053D0000BE00726002D7FF484AF88E7BFF32F8F03
:1053E00027E0A6463546BFF32F8F2B7874462E460E
:1053F000002B1EBF10BF3378002B0AD010BF3378AC
:10540000002B1EBF10BF3378002B02D010BF3378A3
:10541000EEE7D6E8CF3F002BE3D101233546C5E8C0
:10542000463FA646002E3FF446AEDEE7C146BFF338
:105430002F8F99F8000000281EBF10BF98F80000B9
:1054400000280DD010BF98F8000000281EBF10BF24
:1054500098F80000002803D010BF98F80000EAE791
:10546000D8E8CF0F0028E1D10120C146C8E8410F9C
:10547000DDF820E0DDE90AC200293FF4C8AED8E734
:10548000F0B503AF2DE9000F97B0164603904FF427
:10549000AF700022002388460024F2F77DFEB44658
:1054A00014364FF001094FF0010BCDF81080CDF804
:1054B00034C011E0DDF810800CF11406DDF830B0D6
:1054C00000244FF001090BF1010B40F2014083452C
:1054D000C6E88F4F00F01481D6E8CF0F002840F0C7
:1054E000B380C6E8409F002840F0B980DCF8100087
:1054F0001128C0F000810EA86146FFF739FA9DF827
:1055000055A0BAF1000F5CD0149D15F1120F00F2F6
:10551000C8810D9905F1110009698142C0F0EB8045
:10552000139841460890524612982B4607900E98C1
:105530000C900F980B9010980A9011980990BDF854
:10554000560005909DF854000690CB20C6E88F4F7A
:10555000F2F722FED6E8CF0F002878D1C6E8409FA8
:105560000D99002840F0A4800EA8FFF701FA9DF8DD
:105570005520DDE90E01002A00F0E880DDF834C096
:105580005245A0D1149AAA4201BF0C9A50400B9ADE
:10559000514008BF50EA010095D1DDE910010A9A97
:1055A0005040099A5140084301BFDDE91201079AB2
:1055B0005040089A04BF514050EA01007FF483AF85
:1055C000D9E00E98032840F0BB80DDF834C0CDF858
:1055D00030B0DCF80C40002C3FF46CAFDCE90096F6
:1055E000DCF80800DCF81050B0EB090138BF0146C8
:1055F00006EB0111D1E902B8BBEB080218BF01228A
:10560000AD1A08EB0203CB605B45CCF8105015D106
:10561000411C013CB1EB090A38BF8A46CCE902A41F
:1056200001017158013911F1030F06D806EB001082
:105630004068F2F7A9FDDDF834C05046C3457FF459
:1056400039AF002CD0D135E7BFF32F8F07E0BFF380
:105650002F8F2DE0BFF32F8F0D9800F1140600243B
:10566000307800281EBF10BF3078002809D010BF46
:10567000307800281EBF10BF3078002801D010BF3E
:10568000EEE7D6E8CF0F0028E4D1DDF834C04FF0C4
:1056900001090CF11406C6E8409FDDF810800028CF
:1056A0003FF424AFDBE7BFF32F8F0D9800F1140612
:1056B0000024307800281EBF10BF3078002809D0A1
:1056C00010BF307800281EBF10BF3078002801D0EE
:1056D00010BFEEE7D6E8CF0F0028E4D10D994FF0C8
:1056E000010901F11406C6E8409FDDF8108000288A
:1056F0003FF43AAFDCE703994FF0FF30086233E044
:10570000D6E8CF0F002840F0D3800120C6E8410F33
:10571000039C002940F0D480DCF81030D0204146B2
:1057200040F20142F2F738FD0020C6E88F0F6FF01B
:10573000010020620320206017B0BDE8000FF0BD1B
:1057400006280AD1039A4FF0FF300CE0039B6FF05C
:1057500001021A62C3E9000106E00F99039AC2E947
:1057600000016FF0010010620020C6E88F0F17B033
:10577000BDE8000FF0BDDCF80C00039C002848D009
:105780000146DCE900E8DCF808004FF01109DCF81C
:1057900010B00C46CDF804E007E04046A046029C5D
:1057A000B9EB060918BF002C2DD0B0EB0E0138BFA5
:1057B000014608EB0111D1E90223D61AB14538BFE1
:1057C0004E46ABEB060B3344CB609342CCF810B0A3
:1057D000E6D1621E411C4446B1EB0E0838BF884634
:1057E000CCE90282010102926158013911F1030FE3
:1057F000D3D804EB00104068F2F7C6FCDDF804E0F3
:10580000DDF834C0C9E7039C0CF11406B9F1000FB0
:1058100005D06FF00100206203202060A4E74FF064
:1058200000085DB10EA861462A46FEF7C9F80E9839
:10583000DDF84090411C22D00F9903E001210020A7
:105840004FF00009C6E88F8F04F1200282E80302BE
:105850000598E083069820770C9820600B9860608C
:105860000A98A0600998E06007982061089884F879
:105870001DA0C4E9050517B0BDE8000FF0BDDDF8B7
:105880003C80B8F1070F06D1049942F22A302A462B
:105890005346F2F781FC6FF00100C4E900892062F1
:1058A00062E703996FF001000862032008605BE77C
:1058B000BFF32F8F04E0BFF32F8F0D9800F1140674
:1058C000307800281FBF10BF0D981430007818BF23
:1058D000002811D010BF0D981430007800281FBF89
:1058E00010BF0D981430007818BF002804D010BFE6
:1058F0000D9814300078E4E70D981430D0E8CF0FFD
:105900000028D8D1DDF834C001200CF11406C6E817
:10591000410FDDE9034800293FF4FEAED0E7F0B5C2
:1059200003AF2DE9000F83B000F5E4769A46904668
:105930000446D6E8CF0F20B90120C6E8410FA1B137
:1059400003E0BFF32F8F00E010BF307800281EBFA8
:1059500010BF30780028ECD010BF307800281EBF70
:1059600010BF30780028E4D0EEE7D4F8140100210D
:10597000C6E88F1FB0B1F3F733F998B935E0BFF33C
:105980002F8F00E010BF307800281EBF10BF307886
:10599000002807D010BF307800281EBF10BF307815
:1059A0000028EFD1D6E8CF0F0028E8D10120C6E8C3
:1059B000410F0029E7D12069C00706D0D4E90601CC
:1059C000B0EB080071EB0A000CD294F8C501B9687D
:1059D0000130FF2828BFFF2084F8C50141B9C0B2BB
:1059E000072805D80020C6E88F0F4FF0FF3020E0D1
:1059F0000021012004F1100284F8C51182E803059A
:105A0000C6E88F1FD6E8CF1F002940F0AF80C6E858
:105A1000410F002940F0B68094F8C40100F0060060
:105A2000042803D194F85C00022807D10020C6E8BE
:105A30008F0F314603B0BDE8000FF0BDA06D50E8F8
:105A4000001F4A1C40E80023002BF8D1B1F1FF3FB2
:105A500040F3818094F85C900020A56DC6E88F0F1C
:105A60000295D6E8CF0F20B90120C6E8410FA1B1B9
:105A700003E0BFF32F8F00E010BF307800281EBF77
:105A800010BF30780028ECD010BF307800281EBF3F
:105A900010BF30780028E4D0EEE7D4E92EB0002122
:105AA00050EA0A00C6E88F1F27D101F0A9F911209A
:105AB0001126F2F763FB18B382460020CAF80500EE
:105AC0002946CAF8010025208AF800009BFA8BF0CD
:105AD000CAF80D0098FA88F0CAF8090020464A462C
:105AE00053460096FEF79CFE0E46411C20D004460D
:105AF0005046F2F749FB204603E00320112600E060
:105B0000072055E8001F4A1EC5E8E32F002BF8D1F7
:105B100001297FF48EAF02A90446BFF35F8F0846C8
:105B2000FEF77FFA2046314603B0BDE8000FF0BD16
:105B30005046F2F729FB55E8000F411EC5E8E21F69
:105B4000002AF8D101287FF450AF02A8BFF35F8F7D
:105B5000FEF767FA49E7FEDED6E8CF0F30B901203D
:105B6000C6E8410F00293FF457AF0BE0BFF32F8F7A
:105B700008E010BF307800281EBF10BF3078002822
:105B8000EAD010BF307800281EBF10BF3078002840
:105B9000E2D0EEE7B0B502AF0546002D6FF015007C
:105BA0001CBF0C46002900D1B0BD4FF4A670294699
:105BB00000220023F2F7F0FA05F5E471D1E8CF0FE7
:105BC00020B90120C1E8420FA2B103E0BFF32F8F3B
:105BD00000E010BF087800281EBF10BF087800281A
:105BE000ECD010BF087800281EBF10BF087800282E
:105BF000E4D0EEE795F8C401022814D1686CC0B176
:105C000005F13803013868640DCB03F1010CBCEBDE
:105C1000000038BF604652F8232028640020C1E805
:105C20008F0F2260B0BD0020C1E88F0F6FF015000C
:105C3000B0BD0020C1E88F0F6FF00A00B0BD002892
:105C400004BF6FF01500704780B56F4600F5E47C27
:105C5000DCE8CF3F33B90123CCE84E3FBEF1000F63
:105C600018D003E0BFF32F8F00E010BF9CF8003086
:105C7000002B1EBF10BF9CF80030002BE8D010BFD7
:105C80009CF80030002B1EBF10BF9CF80030002B8A
:105C9000DED0EAE790F8C431BDE880402BB16FF068
:105CA00015000021CCE88F1F70470123A0F8C82001
:105CB00080F8C431C0E9303100200021CCE88F1FCA
:105CC000704780B56F4682B000230093F9F760FB00
:105CD00002B080BDF0B503AF2DE90007CAB0F1B145
:105CE0002AAE32AD0024804689460C6030462946F3
:105CF000CDE93044CDE92E44CDE92C44CDE92A4408
:105D0000CDE93844CDE93644CDE93444CDE93244D7
:105D1000F2F75EFB48B14AB0BDE80007F0BD6FF096
:105D200015004AB0BDE80007F0BDCDE948443AA8E7
:105D3000CDE94644CDE94444CDE942441ECD1EC0E0
:105D400095E81E001EC01AA820302ECE2EC096E860
:105D50002E002EC068460330642102F026FA01F0BE
:105D60004FF84FF4EC70F2F709FA002859D00025EB
:105D70000646C0E908550824C0E904554FF0040A56
:105D8000C0E90055022086F85C0006F15D00694616
:105D90006722C6E90E5AC6E91055C6E91254C6E98B
:105DA0001455356302F0C0FA09210120C6F81F110D
:105DB0004FF49671C6E93E5006F59F70C6E944154A
:105DC0001AA94022C6F8CC50C6E93654C6E938555F
:105DD000C6E93AA5C6E93C5586F83D51C6F82351B7
:105DE00086F81C51C6F81851C6E94055C6E9425517
:105DF00002F09AFA06F5BF703AA9402202F094FA2E
:105E00002846C6F8C251C6F8BE5186F8D15186F868
:105E1000D08186F8C851C9F800604AB0BDE80007D3
:105E2000F0BD08204FF4EC7101F02BF880B56F46FF
:105E30004EF25C20C2F20100006880BD80B56F4662
:105E40004EF25C21C2F20101086080BD002804BF4F
:105E50000020704780B56F4600F5E4710FE010BF79
:105E60000A78002A1EBF10BF0A78002A07D010BF88
:105E70000A78002A1EBF10BF0A78002AEFD1D1E8A5
:105E8000CF2F5AB90122C1E8432F002B01BFD0F810
:105E900014010022C1E88F2F80BDE1E7BFF32F8FEF
:105EA000DEE7002804BF6FF01500704780B56F462D
:105EB00000F5E471D1E8CF2F22B90122C1E8432FC8
:105EC000A3B103E0BFF32F8F00E010BF0A78002AD0
:105ED0001EBF10BF0A78002AECD010BF0A78002A33
:105EE0001EBF10BF0A78002AE4D0EEE7406C002203
:105EF000C1E88F2F002818BF012080BD002804BFF3
:105F00006FF015007047D0B502AF0446FEF7C7FD2D
:105F100004F5E4700FE010BF017800291EBF10BF28
:105F20000178002907D010BF017800291EBF10BFDB
:105F300001780029EFD1D0E8CF1F81B90121C0E855
:105F4000421F002A01BF94F8C4110022C0E88F2F1D
:105F5000081F02BFB0FA80F04009D0BDDCE7BFF3F4
:105F60002F8FD9E7002804BF6FF015007047F0B5F8
:105F700003AF2DE9000F81B000F5E47EDEE8CF2FFE
:105F800022B90122CEE8432FC3B103E0BFF32F8F24
:105F900000E010BF9EF80020002A1EBF10BF9EF830
:105FA0000020002AEAD010BF9EF80020002A1EBF61
:105FB00010BF9EF80020002AE0D0EAE790F8C42144
:105FC000012A04BFD0F8C020012A08D00020CEE862
:105FD0008F0F6FF0150001B0BDE8000FF0BD022378
:105FE000B0F8C82080F8C4310123D0F8C45001298A
:105FF000D8BF194647F6C806C0F804110021C2F2FE
:106000000106CEE88F1F06F12009D9E8CF1F00292D
:1060100063D1C9E8413F002940F09580D6E906CA1E
:106020000AEB4A0B0CEB8B064FEA8B0463464CB32E
:1060300019461B68AB4204BF8B88934267D001F1BD
:106040000C03B3421ED0CB68AB4204BF0B8A934211
:106050005DD001F11803B34214D08B69AB4204BF89
:106060008B8B934253D001F12403B3420AD0D1F871
:106070002480303C01F13003A84504BF098D9142D2
:10608000D5D144E047F6C806C2F2010671698A45D7
:1060900013D00CEB8B010AF101034CF82B508860F4
:1060A0008A800146E620F361F2F776F80020C9E81D
:1060B0008F0F01B0BDE8000FF0BD06F114010446DA
:1060C00016460846FDF7BCFE324647F6C806C2F241
:1060D00001062046D6F818C0DBE7BFF32F8F32E069
:1060E000BFF32F8F00E010BF9EF8001000291EBFE5
:1060F00010BF9EF80010002909D010BF9EF80010B4
:1061000000291EBF10BF9EF800100029EBD1DEE869
:10611000CF1F0029E4D10121CEE8421F002AE3D19C
:1061200080F8C4110020CEE88F0FC9E88F0F6FF000
:10613000610001B0BDE8000FF0BD47F6C806BFF32F
:106140002F8FC2F2010696F8201000291FBF10BF42
:1061500047F6C801C2F2010191F8201018BF0029CA
:106160001AD047F6C80110BFC2F2010191F8201001
:1061700000291FBF10BF47F6C801C2F2010191F804
:10618000201018BF002907D047F6C80110BFC2F27F
:10619000010191F82010D8E7D9E8CF1F0029CCD110
:1061A000012147F6C806C9E8431FC2F20106002BC9
:1061B0003FF434AFC7E7F0B503AF2DE9000F97B058
:1061C000002864D005464FF4A7702946002200231A
:1061D000F1F7E2FF47F6C80AC2F2010A0AF1100914
:1061E000D9E8CF0F0995002840F0A4840120C9E820
:1061F000410F002940F08084DAF80CB0D220294603
:1062000000235A46F1F7C8FFDAF80CE0BEF1000FA0
:1062100041D0DAF80800CEF1000C0890042200F119
:106220005401002051F8483CAB421CBF51F84C3C93
:10623000AB4200F030840CEB0204032C25D051F863
:10624000303CAB421CBF51F8343CAB4225D0022C51
:106250001BD051F8186C40F0020340F00308AE4226
:106260001CBF51F81C6CAE421BD0012C0DD00B682A
:10627000AB421CBF51F8043CAB422BD0043260311E
:1062800004300CEB0203042BCCD173467CE017B036
:10629000BDE8000FF0BD002376E040F00103A2F15D
:1062A0000208F0456ED2AEEB080010F003040FD0E8
:1062B00008EB4801089800EBC106F268AA421CBF2F
:1062C000B268AA4209D108F10102012C18D153E0A9
:1062D000424651E0531E9046E3E703EB4302089821
:1062E0000794013300EBC20296E8331282E83312BE
:1062F0000AF11009079C099D08F10102012C3BD00D
:1063000002EB4200089901EBC00CDCF80C00A8423B
:106310001CBFDCF80800A8420ED003EB430008992C
:106320000794013301EBC0009CE8760280E8760216
:106330000AF11009079C099D08F10202022C1BD0EA
:1063400002EB4200089901EBC00CDCF80C10A942EA
:106350001CBFDCF80810A9420CD003EB43010898DD
:10636000013300EBC1019CE8750281E875020AF176
:106370001009099D08F10302A8EB0E0010F1040FAB
:1063800040F22281CAF80C30D32029465A46F1F750
:1063900003FF0AF1200B0020C9E88F0FDBE8CF0FC5
:1063A00020B90120CBE8410FC1B103E0BFF32F8F2B
:1063B00000E010BF9AF8200000281EBF10BF9AF816
:1063C00020000028EAD010BF9AF8200000281EBF45
:1063D00010BF9AF820000028E0D0EAE7DAF81C9015
:1063E000E820099900234FF000084A46F1F7D4FE4F
:1063F000DAF81CE0BEF1000F2CD0DAF818C0CEF1AC
:106400000004002304220CF1200050F8185C099EBF
:10641000B54200F07E82A518032D19D050F80C6CFF
:1064200009998E4200F07782022D11D006680999F1
:106430008E4200F07482012D0AD0C66809998E42FE
:1064400000F07382043230300433A618042EDCD1FD
:10645000734600E0002309994A46E9208946F1F78E
:106460009BFECBE88F8F09F5E474D4E8CF0F0028AA
:1064700040F016830120C4E8410F002940F01A8340
:10648000022199F85CA089F85C100520D9F8441025
:1064900009F13802D9F8586089F8C40100200029B0
:1064A000C9F81401C9F80801C9F84400CDE90C0085
:1064B0000E91CDE90A2168D00122D9F840300C9222
:1064C0004A1E0E928B46D9F838209A1A38BF1A46BF
:1064D000042998BF4FF0040B4FEA8B05B0EB917F76
:1064E00040F0E2824FF6FC71C7F6FF718D4200F278
:1064F000DB82D9F83C0050F8228000F081FC28466D
:10650000F1F73CFE002800F0CE82CDE9044A0121DB
:106510000696C0F800800890CDE90FB00AA8119146
:1065200012A990E87C007CC1169E002E00F0B98074
:10653000DDF848900025DDF850804FF0040A0AE0AD
:10654000089000EB8500013EC0F804B005F10200A0
:10655000254611902BD008EB050099E80E00C418D1
:106560008C4228BF5B1A18446C1C52F820B00F985C
:1065700084420898E4D10FA8214632460423CDF87E
:1065800000A0FDF739F81098DAE70AA8CDE9044A27
:106590000696FCF763FF0420089000200790039004
:1065A000D9F85490B9F1000F40F08780CCE000207A
:1065B000169008EB04001490601C0790DDE90FB002
:1065C0000890DDF824906EE002EB42000899AEEBF3
:1065D000020C01EBC00000F1540805E008F160086E
:1065E000BCF1040C3FF4CEAE58F8480CA8421CBFD6
:1065F00058F84C0CA8420ED003EB43060898A8F1BB
:10660000540E013300EBC6069EE8370286E83702D7
:106610000AF11009099D58F8300CA8421CBF58F81F
:10662000340CA8420ED003EB43000899013301EB70
:10663000C00EA8F13C0191E875028EE875020AF1DE
:106640001009099D58F8180CA8421CBF58F81C0CDA
:10665000A8420ED003EB43000899013301EBC00EB2
:10666000A8F1240191E875028EE875020AF110097B
:10667000099DD8F80000A8421CBF58F8040CA84295
:10668000ACD003EB43000899013301EBC00EA8F135
:106690000C0191E875028EE875020AF11009099D56
:1066A0009CE70120079012A8CDF80CB0FCF7D6FEAD
:1066B000D9F85490B9F1000F46D009990022D1E9D8
:1066C000120B0B6D4A65191A38BF1946431AB9EBFC
:1066D000030A38BF92464B45029328BF01EB0900DD
:1066E000884219D0441A0BEB41164FF0000806EB14
:1066F000481008F1010850F8081F51E8002F531EF8
:10670000C1E8E53F002DF8D1012A04BFBFF35F8F38
:10671000FDF7A7FCA045EAD10298484514D2002411
:106720000BEB4410013450F8081F51E8002F531EA2
:10673000C1E8E63F002EF8D1012A04BFBFF35F8F06
:10674000FDF78FFC5445EBD1099E0021D6E93704B3
:106750003165C6F8E0105CB100F12C0555F8040C69
:1067600000281CBF2868F1F70FFD3835013CF5D132
:10677000D6F8F0A0BAF1000F36D009980026D0E97B
:106780003919C0F8F060D0F8EC000A46884238BFEA
:106790000022831AA1EB0308BAEB080538BF35467F
:1067A000D04528BF03EB0A0199420FD00001CC1A53
:1067B000A0EB02104844061D56F8040C00281CBF2C
:1067C0003068F1F7E1FC1036013CF5D1D0450BD231
:1067D00009F1040454F8040C00281CBF2068F1F7E8
:1067E000D3FC1034013DF5D109994FF480704FF07E
:1067F000000BA1F8C2010498C1F8F4B0C1F8ECB0E4
:10680000C0E88FBF079800283ED0DDF820A04FF0E9
:1068100001084FF005090AEB800507E03046FCF758
:10682000A9FC3046F1F7B0FCAA452DD05AF8046B0C
:1068300006F5E471D1E8CF0F18B9C1E8408FA0B1D7
:1068400003E0BFF32F8F00E010BF087800281EBFC1
:1068500010BF08780028EDD010BF087800281EBFB0
:1068600010BF08780028E5D0EEE7D6F8140186F8C6
:10687000C4910028C6F808B1C6F814B1C1E88FBFAA
:10688000CCD0F2F7B9F9C9E7039800281CBF0898E3
:10689000F1F77AFC0598099C069D02282ED0C007C6
:1068A00005F108014FF030004FF0000218BF34200E
:1068B00012950844C0E8AF2F4FF0380018BF3920B8
:1068C0004FF001020844C0E88F2F4FF0340018BF8A
:1068D00030200844D0E8AF0F002818BFF1F75AFC69
:1068E00055E8000F411EC5E8E21F002AF8D1012833
:1068F00004D112A8BFF35F8FFDF793FB2046FCF78E
:1069000039FC204617B0BDE8000FBDE8F040F1F7B4
:106910003BBC033A0AE043F00103023A06E043F0CD
:10692000020043F00302034600E0531E72454ED2BC
:10693000AEEB020010F0030443D002EB42000999D1
:106940000CEB800085688D420BD003EB4305D0E94A
:106950000016806801334CF825100CEB8505C5E95D
:106960000160501C012C2DD000EB400009990CEB6C
:10697000800085688D420BD003EB4305D0E90016FB
:10698000806801334CF825100CEB8505C5E90160E2
:10699000901C022C16D000EB400009990CEB8000F3
:1069A00085688D420BD003EB4305D0E90041806838
:1069B00001334CF825400CEB8504C4E90110D01CD0
:1069C00000E01046A2EB0E0212F1040F02D9CAF841
:1069D0001C3040E5AEEB000100EB40000CEB80000A
:1069E00000F12C0202E004390246F0D052F8240CE7
:1069F000099EB04229D152F8180C099EB04237D1F5
:106A000052F80C0C099EB0420CD003EB430052E943
:106A1000056552F80C4C01334CF820600CEB8000FB
:106A2000C0E901541046099D50F8306BAE42DAD0EF
:106A300003EB430652E9025401334CF826500CEBA9
:106A400086061268C6E90142CDE7A2F12C0003EBED
:106A50004306D0E90054013380684CF826500CEB13
:106A60008606C6E9014052F8180C099EB042C7D00C
:106A700003EB430052E9086552F8184C01334CF817
:106A800020600CEB8000C0E9015452F80C0C099E08
:106A9000B042BAD1C6E7A2F103080346FFF701BC32
:106AA000BFF32F8F06E00420294600F0F1F90C46D1
:106AB000BFF32F8F2078214600281EBF10BF087813
:106AC00000280AD010BF087800281EBF10BF087821
:106AD000002802D010BF0878EEE7D1E8CF0F0028D9
:106AE000E5D101200C46C4E8410FDDF824900029CF
:106AF0003FF4C6ACDEE710BF9AF8100000281EBFB6
:106B000010BF9AF81000002809D010BF9AF81000A2
:106B100000281EBF10BF9AF810000028EBD1D9E85A
:106B2000CF0F38B90120C9E8410F099D00293FF472
:106B300063ABE1E7BFF32F8FDEE7002808BF7047A4
:106B400080B56F4600F5E47CDCE8CF3F43BB012312
:106B5000CCE8423F42B9C0F814110020CCE88F0FB6
:106B6000BDE88040704710BF9CF80020002A1EBF7F
:106B700010BF9CF80020002A09D010BF9CF800200C
:106B8000002A1EBF10BF9CF80020002AEBD1DCE8D1
:106B9000CF2F2AB90122CCE8432F002BDBD0E3E72B
:106BA000BFF32F8FE0E7002808BF704780B56F461E
:106BB00000F5E47CDCE8CF3FB3BB0123CCE8423FE7
:106BC000B2B990F85C30C0F80811022B09D0DA078E
:106BD0004FF0300218BF3422806D10440830C0E8F6
:106BE000AF1F0020CCE88F0FBDE88040704710BF7A
:106BF0009CF80020002A1EBF10BF9CF80020002A2D
:106C000009D010BF9CF80020002A1EBF10BF9CF8BE
:106C10000020002AEBD1DCE8CF2F2AB90122CCE8F2
:106C2000432F002BCDD0E3E7BFF32F8FE0E7F0B584
:106C300003AF2DE9000782B058B300F5E471D1E845
:106C4000CF2F22B90122C1E8432FA3B103E0BFF344
:106C50002F8F00E010BF0A78002A1EBF10BF0A78ED
:106C6000002AECD010BF0A78002A1EBF10BF0A7895
:106C7000002AE4D0EEE790F8C421052A06D00522C8
:106C800080F8C42190F85C20022A06D10020C1E8D7
:106C90008F0F02B0BDE80007F0BD826D52E8003FE3
:106CA0005E1C42E80065002DF8D1B3F1FF3F40F3D0
:106CB000A08090F85CA00022846DC1E88F2F019421
:106CC000D1E8CF2F22B90122C1E8432FA3B103E0BD
:106CD000BFF32F8F00E010BF0A78002A1EBF10BF3D
:106CE0000A78002AECD010BF0A78002A1EBF10BF15
:106CF0000A78002AE4D0EEE7026A0023D20712BF26
:106D0000D0E90A824FF000080022C1E88F3FD1E8A5
:106D1000CF3F23B90123C1E8463FA6B103E0BFF34B
:106D20002F8F00E010BF0B78002B1EBF10BF0B7819
:106D3000002BECD010BF0B78002B1EBF10BF0B78C0
:106D4000002BE4D0EEE7D0E92E630025C1E88F5F89
:106D500053EA020123D1054600F052F811204FF00A
:106D60001109F1F70BFA0146C8B100222846C1F813
:106D70000520C1F8012028220A7032BAC1F80D207E
:106D800098FA88F20E46C1F8092021465246334649
:106D9000CDF80090FDF744FD3046F1F7F5F93820C5
:106DA000BAF1000F18BF392004F1080108444FF070
:106DB0000102C0E88F2F4FF0340018BF3020084484
:106DC000D0E8AF0F002818BFF1F7E4F954E8000F3E
:106DD000411EC4E8E21F002AF8D101287FF459AF10
:106DE00001A8BFF35F8FFDF71CF902B0BDE80007F3
:106DF000F0BDFEDE80B56F46BDE8804000F003B810
:106E000080B56F4680BD80B56F4684B0019047F273
:106E10002350C0F2070044F64473039001A8029087
:106E200045F2162002A9C0F20800C0F208030022B1
:106E300000F071F8024653420732042802EA0302C6
:106E400098BF0420C0F1004C114461459FBF01442C
:106E500001394242114098BF704780B56F4682B0F9
:106E600044F6647044F65473C0F208007A1E009031
:106E700045F2C070C0F20800C0F208032B2100F0F8
:106E80002FF880B56F46024608461146FFF7B2FF5D
:106E900080B56F4608B900F002F8FFF7F2FF80B541
:106EA0006F4645F2EB7044F67472C0F20800C0F20F
:106EB0000802232100F03FF880B56F46084645F2EE
:106EC000FC71C0F208010B22BDE8804000F000B860
:106ED00080B56F46D0E90003DB68BDE88040184705
:106EE00080B56F4688B08DE80F0047F2FF40C0F2D2
:106EF0000700079002A8069047F20F50C0F2070063
:106F0000BA6805906846049046F2C70004A9C0F22A
:106F1000080000F010F880B56F4686B0CDE9010199
:106F200000208DF8140001A8039003A88DF8152007
:106F30000493FCF755FC80B56F4686B0CDE901019E
:106F40000120ADF8140001A8039003A80492FCF7F7
:106F500047FCF0B503AF2DE9000F81B08146033047
:106F600020F00300A0EB0905A94230D2002941D04E
:106F700001F0030388084FF0000100F03B82A1EB11
:106F8000800609F101056FF0030100206A18043141
:106F900092F9034014F1410FC8BF013092F9044047
:106FA00014F1410FC8BF013092F9054014F1410FAF
:106FB000C8BF013092F9062012F1410F06EB010221
:106FC000C8BF01300432E1D1ABB1043113E2A1EB0F
:106FD00005085FEA980BC9D008F0030E484501D1B7
:106FE000002048E0A9EB000010F1040F07D90026AB
:106FF000002028E0002001B0BDE8000FF0BD09F13D
:10700000010400206FF00301661896F9032012F1C5
:10701000410FC8BF013096F9042012F1410FC8BFDB
:10702000013096F9052012F1410FC8BF013096F9E1
:10703000062012F1410F01F10402C8BF013011F125
:1070400008061146E0D119F9061011F1410FC8BF29
:107050000130012D0FD009EB060191F9012012F149
:10706000410FC8BF0130022D05D091F9021011F176
:10707000410FC8BF01304FF6FC7109EB0502C1F6A4
:10708000FF710025BEF1000F1CD001F1C04101EAE3
:107090000801114491F9004014F1410FC8BF0125C6
:1070A000BEF1010F0ED091F9014014F1410FC8BF9C
:1070B0000135BEF1020F05D091F9021011F1410F17
:1070C000C8BF013528444FF0FF1811E0002608EA38
:1070D000162326F0FF263344ABEB0A0B0EEB8A0295
:1070E0001AF0030103EB034300EB134040F04E8121
:1070F000BBF1000F3FF47FAF9646BBF1C00FDA46FD
:1071000028BF4FF0C00ABBF1040FDFD36FF00F01AF
:1071100001EB8A020121302A01EB121101F0030573
:1071200002D200267246B4E04FF6FC720026C1F689
:10713000FF7211407246CDF800E092E81050043919
:10714000D2F80C806FEA04094FEAD91343EA94138A
:107150006FEA0C0423F0FE334FEAD414334444EABC
:107160009C1626F0FE3633446FEA0E064FEAD6161A
:1071700046EA9E1626F0FE3633446FEA08064FEACA
:10718000D61646EA981626F0FE36334416696FEA9C
:1071900006044FEAD41444EA961626F0FE36334429
:1071A00056696FEA06044FEAD41444EA961626F0AC
:1071B000FE36334496696FEA06044FEAD41444EA73
:1071C000961626F0FE363344D6696FEA06044FEA77
:1071D000D41444EA961626F0FE363344166A6FEA53
:1071E00006044FEAD41444EA961626F0FE363344D9
:1071F000566A6FEA06044FEAD41444EA961626F05B
:10720000FE363344966A6FEA06044FEAD41444EA21
:10721000961626F0FE363344D66A6FEA06044FEA25
:10722000D41444EA961626F0FE363344166B6FEA01
:1072300006044FEAD41444EA961626F0FE36334488
:10724000566B6FEA06044FEAD41444EA961626F009
:10725000FE363344966B6FEA06044FEAD41444EAD0
:10726000961626F0FE363344D66B02F140026FEAE2
:1072700006044FEAD41444EA961626F0FE361E445D
:107280007FF45BAFDDF800E04FF0FF18002D3FF416
:107290001EAF116802F1040CA946B9F1010F9CE878
:1072A00018106FEA01054FEAD51545EA911121F052
:1072B000FE3131446FEA03064FEAD61646EA9313CD
:1072C00023F0FE3319446FEA04034FEAD31343EA71
:1072D000941323F0FE3319446FEA0C034FEAD313DF
:1072E00043EA9C1323F0FE3303EB01063FF4EFAEB9
:1072F00002F1100CB9F1020F9CE82A106FEA0104A8
:107300004FEAD41444EA911121F0FE3131446FEA7E
:1073100003064FEAD61646EA931323F0FE331944C8
:107320006FEA05034FEAD31343EA951323F0FE33C4
:1073300019446FEA0C034FEAD31343EA9C1323F07A
:10734000FE3303EB01063FF4C2AE02F12005D26A20
:107350002ACDCC43E40944EA911121F0FE313144B5
:10736000DE43F60946EA931323F0FE331944EB4358
:10737000DB0943EA951323F0FE331944D343DB09B9
:1073800043EA921222F0FE325618A0E60AF0FC03FD
:1073900001295EF823206FEA02064FEAD61646EA74
:1073A000921222F0FE3215D00EEB830302295E68A2
:1073B0006FEA06054FEAD51545EA961626F0FE3621
:1073C000324407D09968CB43DB0943EA911121F09D
:1073D000FE310A44FF21C0F2070101EA122122F026
:1073E000FF22114401EB014100EB114001B0BDE867
:1073F000000FF0BD002019F9012012F1410FC8BFA4
:107400000130012B3FF4F7AD494491F9012012F10D
:10741000410FC8BF0130022B3FF4EDAD91F90210CE
:1074200011F1410FC8BF013001B0BDE8000FF0BD40
:1074300080B56F4686B0904213D9CDE9000247F27D
:10744000235001A9C0F207000590CDE90301684669
:10745000029046F25A20C0F2080002A91A46FFF72D
:107460006AFD914215D8884213D9CDE9000147F24F
:10747000235001A9C0F207000590CDE90301684639
:10748000029046F2CA20C0F2080002A91A46FFF78D
:1074900052FD47F22350CDE90012C0F2070001A9C6
:1074A000059003906846029046F293200491C0F242
:1074B000080002A91A46FFF73EFDF0B503AF4DF8EC
:1074C000048DD7F8088005461C460E46501C08D08F
:1074D000336928461146984718B101205DF8048B9E
:1074E000F0BD44B1F3682846214642465DF8048B5E
:1074F000BDE8F040184700205DF8048BF0BD80B572
:107500006F46D0E90002D268BDE88040104780B5E0
:107510006F460B46D0E900121846BDE88040FAF7E6
:10752000F1B9F0B503AF2DE9000F87B0046846F656
:10753000AD09A7F1260C0E46C0F20809B4F57A7F12
:1075400037D349F27F68002142F2107A41F27B4B37
:107550004FF0640EC0F2980820460396029403464A
:1075600041F25970CDF2B7100CEB01066246A3FB55
:10757000000C043943454FEA5C30944600FB1A3551
:10758000ACB24FEA940404FB0BF44FEA544439F8CC
:107590001420F28004FB1E5292B239F8122032817C
:1075A000DDD8DDE902460A31092806D80346A4B928
:1075B00014E00A2120460928F8D982B241F27B431F
:1075C000920802395A43530C642203FB120080B222
:1075D00039F810002CF8010004B12BB109EB43007D
:1075E000013940780CF80100C1F10A006144012220
:1075F0000023CDE9001030460121FAF757F807B013
:10760000BDE8000FF0BDF0B503AF2DE9000F89B064
:107610008246102A21D3CAF1000303F003090AEBC2
:1076200009039A4538D2A9F1010C54460D46B9F127
:10763000000F1FD00D46544615F8016BB9F1010F2C
:1076400004F8016B16D04E78B9F1020F8AF8016088
:107650000AD18D1C0AF102040CE0D4460CEB0203A3
:107660009C45C0F0EB8016E1CD1C0AF103048E7836
:107670008AF80260BCF1030F0ED32E1F251F16F8E7
:10768000044F05F8044F74786C70B478AC70F478DB
:10769000EC702C1D9C42F2D1A2EB090201EB09080F
:1076A00022F0030618F0030003EB060C60D0002460
:1076B000C0F10405CDE9026208AA08940244EE076D
:1076C0001EBF98F80060167001240490AD0744BFF7
:1076D00038F804501553A8EB000B089A4FEAC00E77
:1076E000CEF100001C1D6445CDF81480019066D2D7
:1076F000049B00F018085646CDF800A05B421944E0
:1077000001EB090522FA0EF306EB090A6A68D34673
:1077100002FA08F423434BF8083BE34541D222FA2E
:107720000EF3AA6802FA08F42343CAF804300AF1F7
:107730000C0363453AD222FA0EF4EA6802FA08F022
:107740002043CBF800000AF11000604533D222FA42
:107750000EF02A691036103102FA08F4204318603E
:1077600006EB0903181D6045CAD301EB090B24E0A1
:1077700063455BD24146086843F8040B634555D224
:10778000486843F8040B63453EBF886843F8040B20
:1077900063454BD2C868103143F8040B6345EAD304
:1077A00044E005F1040B0AF1040306E005F1080BBF
:1077B0000AF1080301E005F10C0BDDF800A00498C4
:1077C00000218DF81C10012807F8261C10D107AEE7
:1077D0004FF0000800250598C40717D00BF10401ED
:1077E000495D317017F8261C0D049DF81C100EE041
:1077F0009BF80540A7F126069BF8041002258DF89A
:107800001C104FEA04280598C407E7D10025019C05
:1078100022FA0EF048EA0502DDF81480114304F064
:1078200018029140DDE902620843186008EB060186
:1078300002F003020CEB02039C452CD2A2F1010ED4
:1078400012F0030413D00A46654612F8016B012CAE
:1078500005F8016B0DD04A78022C8CF801201FD15D
:107860008A1C0CF10205BEF1030F05D213E0654638
:107870000A46BEF1030F0ED3111F2A1F11F8040F81
:1078800002F8040F4878507088789070C878D070EB
:10789000101D9842F2D1504609B0BDE8000FF0BD6E
:1078A0008A780CF103058CF80220CA1CBEF1030F84
:1078B000E2D2F0E7F0B503AF2DE9000F8EB08346BA
:1078C000401A904228D201EB020A0BEB0209102A5F
:1078D000C0F0088209F0030529F0030CC5F1000E81
:1078E000CC455DD2681E002D45D0D0464B4618F8D9
:1078F000016D012D03F8016D3FD0D0464B4618F8BD
:10790000026D022D03F8026D1FBFD04618F8036DFB
:107910004B4603F8036D30E0102A25D3CBF100006D
:1079200000F003090BEB09039B4580F01581A9F1D9
:1079300001065C460D46B9F1000F00F0FC800D46D3
:107940005C4615F8010BB9F1010F04F8010B00F0CA
:10795000F2804878B9F1020F8BF8010040F0E58021
:107960008D1C0BF10204E6E0DC460CEB02039C45A7
:10797000C0F032825AE24B46D046032810D3A8F119
:107980000400C67803F8016C867803F8026C467828
:1079900003F8036C10F8046903F8046D9C45F0D3F8
:1079A000A2EB050828F00300ACEB0005404207906D
:1079B0000AEB0E0010F00304069010D0CDF80880FA
:1079C000A0EB040800234FEAC40A012C8DF83030E4
:1079D00007F8263C05942FD10CA8002639E0654510
:1079E00080F07881AAF11001AEF1040201EB0E03E0
:1079F00009EB0E00DE6840F8046C09EB0206B542A4
:107A000080F068819C6840F8084C341FA5423FBF55
:107A10005B6840F80C3CA6F108039D4280F05A8157
:107A200051F80E30A9F11009103940F8103C09EB5B
:107A30000E008542DAD34DE198F80030C00798F87F
:107A400001608DF8303001D100200AE0A7F1260056
:107A5000022318F80330037017F8260C9DF8303015
:107A6000000440EA0620043540EA0306CAF1000398
:107A70006545CDF80CC0019380F00A81059803F0AC
:107A80001808CDF810B0101A0A18AEF104000090D2
:107A900002EB0E0306FA08F109EB0E0B53F8046C27
:107AA00026FA0AF008434BF8040CAEF1040009EB87
:107AB00000018D422FD206FA08F053F8086CA1F1AC
:107AC000040C654526FA0AF440EA04004BF8080C59
:107AD00026D206FA08F053F80C6CA1F1080C6545A3
:107AE00026FA0AF440EA04004BF80C0C80F0CA8035
:107AF00006FA08F053F8106CA9F11009103A09EBD6
:107B00000E0C26FA0AF1084365454BF8100CBFD35A
:107B100002EB0E08BAE000988C4602EB0008B5E0D4
:107B200000981044A0F10408B0E0CD1C0BF1030450
:107B300088788BF80200032E0ED3281F261F10F81A
:107B4000045F06F8045F457875708578B570C57870
:107B5000F570351D9D42F2D1A2EB090801EB090A2F
:107B600028F003021AF0030403EB020C63D0C4F103
:107B70000405059200220AA8EE070A9220441EBFBF
:107B80009AF8002002700122AAEB0406CDE90664EF
:107B9000AD0744BF3AF8025085520A9E4FEAC40E20
:107BA000CEF10002181D6045039280F0D78007983F
:107BB000CDE901A802F0180840425A460144CDF828
:107BC00010B001EB090426FA0EF002EB090B66680F
:107BD00006FA08F30343584640F8083B604546D28E
:107BE00026FA0EF3A66806FA08FA43EA0A03CBF867
:107BF00004300BF10C0363453ED226FA0EFAE66818
:107C000006FA08F545EA0A0505600BF11000604523
:107C100080F09D8026FA0EF026691032103106FAA7
:107C200008F42043186002EB0903181D6045C8D30F
:107C300001EB09008DE0634580F0C680514608687D
:107C400043F8040B634580F0BF80486843F8040B99
:107C500063453EBF886843F8040B634580F0B480F9
:107C6000C868103143F8040B6345E8D3ACE0201D2D
:107C700006900BF104036DE004F1080006900BF18F
:107C8000080367E000981044A0F10808DDF810B080
:107C9000059B0DA8002108EB03021844C3F104035F
:107CA0000D91043ADC071EBF1178017001219B077A
:107CB000DDF8088044BF525A42520D98019901F0F4
:107CC000180120FA0AF006FA01F108434CF8040CF6
:107CD000DDF80CC0DDE906100CEB000908F003022A
:107CE00001EB000AA9EB0201494580F09F80531E79
:107CF00012F0030013D056464A4616F8015D0128DB
:107D000002F8015D0DD056464A4616F8025D02287B
:107D100002F8025D05D01AF8030D09F8030D564666
:107D20004A46032BC0F08280B01E437802F8013C23
:107D3000037802F8023C10F8013C02F8033C10F80A
:107D4000023C043802F8043D9142EED36EE004F1A7
:107D50000C000690DDF810B0DDE901A807980021BD
:107D60008DF82410012807F8321C11D109A84FF012
:107D70000009002255465FEACA7417D006990431FB
:107D8000895C017017F8320C9DF8241000040EE095
:107D900006980222017940798DF824104FEA0029D3
:107DA000A7F1320055465FEACA74E7D1002040EAE5
:107DB0000900059A08430399AA4626FA0EF601F02F
:107DC00018018840304318600AEB020108F00302F2
:107DD0000CEB02039C4529D2561E12F0030512D06B
:107DE0000A46604612F8014B012D00F8014B0CD0F9
:107DF0004878022D8CF801001DD18A1C0CF102007C
:107E0000032E04D212E060460A46032E0ED3111F41
:107E1000043811F8042F00F8042F4A7842708A7849
:107E20008270CA78C270021D9A42F2D158460EB0D2
:107E3000BDE8000FF0BD8878CA1C8CF802000CF178
:107E40000300032EE3D2F1E7F0B503AF2DE9000BF9
:107E5000D7E902E8BEF1000F72D0B8F1000F6FD180
:107E6000002B00F0FC80734580F00781B3FA83F1AA
:107E7000BEFA8EF6711A01F1200608BF1F26C6F160
:107E8000200508FA06F10EFA06F82EFA05F5294340
:107E9000B6F1200506F01F0658BF0EFA05F14FF0A7
:107EA000010505FA06FC4FF0000558BF4FF0000829
:107EB00008E0224633464FEA181444EA01784FEAB4
:107EC0001C1C0909B2EB080463EB0106002E03D465
:107ED00045EA0C0502D12DE014461E465FEA510327
:107EE0004FEA3802A21A66EB0303002B04D445EADA
:107EF0005C05144602D11DE0224633464FEA980441
:107F000044EA8174141B63EB9106002E03D445EA06
:107F10009C0502D10EE014461E464FEAD80242EA02
:107F20004172A21A66EBD103002BC2D445EADC05EC
:107F30001446C0D1B4FBFEF101FB1E46294392E07A
:107F40000021002B00F08080B2EB0E0673EB0806D8
:107F50007AD3B3FA83F1B8FA88F6711A01F03F06C2
:107F600001F01F01C6F1200408FA06F50EFA06FC1E
:107F70002EFA04F42C43B6F1200558BF0EFA05F48E
:107F80004FF0010505FA01F94FF0000158BF4FF01D
:107F9000000C08E032462B464FEA1C1646EA047CE9
:107FA0004FEA19192409B2EB0C0673EB040507D448
:107FB00041EA0901B6EB0E0275EB080202D23AE083
:107FC00016461D465FEA54034FEA3C02B21A75EBAF
:107FD000030309D4B2EB0E0541EA590173EB08051E
:107FE00016461D4602D226E032462B464FEA9C0535
:107FF00045EA8475561B63EB9405002D07D441EACE
:108000009901B6EB0E0275EB080202D213E0164698
:108010001D464FEADC0242EA4472B21A65EBD40311
:10802000002BB7D4B2EB0E0541EAD90173EB08057A
:1080300016461D46B0D24FF0000CC0E9001CC0E946
:108040000265BDE8000BF0BD4FF0000C16461D4662
:10805000C0E9001CC0E90265BDE8000BF0BDB2FB41
:10806000FEF101FB1E264FF0000C0025C0E9001CAC
:10807000C0E90265BDE8000BF0BD0DD1B2FBF3F124
:10808000002501FB13264FF0010CC0E9001CC0E9DC
:108090000265BDE8000BF0BDB3FBFEFCBEF5803F02
:1080A0000CFB1E351BD22904002541EA1241B1FB0D
:1080B000FEF303FB0EF14CEA134CC1EB124192B2FA
:1080C00042EA0141B1FBFEF202FB1E1642EA034105
:1080D000C0E9001CC0E90265BDE8000BF0BDB2EBD1
:1080E0000E0175EB080108D200211646C0E9001CFC
:1080F000C0E90265BDE8000BF0BD4FEAC87141EA76
:108100005E034FEACE794FF00048002108E0224696
:1081100035464FEA191444EA03794FEA18181B0947
:10812000B2EB090465EB0306002E03D441EA080113
:1081300002D12DE014462E465FEA53054FEA39027C
:10814000A21A66EB0505002D04D441EA5801144635
:1081500002D11DE0224635464FEA990444EA837471
:10816000141B65EB9306002E03D441EA980102D15B
:108170000EE014462E464FEAD90242EA4372A21A92
:1081800066EBD305002DC2D441EAD8011446C0D114
:10819000B4FBFEF2002502FB1E461143C0E9001CA1
:1081A000C0E90265BDE8000BF0BDB0B502AF102913
:1081B0003FD3424202F003054219904220D2A5F17A
:1081C000010C8DB1002386460EF8013B012D07D02E
:1081D0004370022D1ABF837000F1030E00F1020EEE
:1081E000BCF1030F04D20BE08646BCF1030F07D3AA
:1081F000AEF10400002340F8043F041D9442FAD17C
:10820000491B21F003001044824210D2002342F89F
:10821000043B82420BD242F8043B82423CBF42F80C
:10822000043B824203D242F8043B8242EFD301F086
:108230000301421890421FD24B1E11F003040CD0D0
:108240004FF0000C014601F801CB012C0AD0022CA2
:1082500080F801C003D1811C04E0014602E0002146
:108260008170C11C032B38BFB0BD081F002140F82E
:10827000041F031D9342FAD1B0BD80B56F46042997
:1082800005D30B1FDA4312F00C0F02D11AE002469D
:1082900024E04FF0000C024642F804CB13F00C0F20
:1082A00008D003F00C02C0F804C0042A05D1083934
:1082B000083006E01946104604E000220C398260BE
:1082C0000C3002460C2B09D3002302461039C2E9B8
:1082D0000033C2E9023310320329F7D85018824222
:1082E00021D2A1F1010C11F003030CD04FF0000ECC
:1082F000114601F801EB012B0AD0022B82F801E0B4
:1083000003D1911C04E0114602E000219170D11CC0
:10831000BCF1030F38BF80BD0439002241F8042F9F
:108320000B1D8342FAD180BD80B56F46BDE8804009
:10833000FFF769B9042A09D3D0B502AFA2F1040E40
:108340006FEA0E0313F00C0F06D123E00B468446B0
:1083500060461946FFF757B90B46844653F8044B5D
:108360001EF00C0F4CF8044B09D04B6843600EF024
:108370000C03042B07D1083A0831083008E0724694
:108380006046194606E08B680C3A83600C310C306D
:1083900084460B46BEF10C0F14D384460B46186876
:1083A000103ACCF80000032A5868CCF8040098680A
:1083B000CCF80800D86803F11003CCF80C000CF1DD
:1083C000100CECD8BDE8D04060461946FFF71BB949
:1083D00080B56F46BDE88040FFF76CBAF0B503AFDB
:1083E0004DF804BD86B00D4682EAE371B1EBE3714E
:1083F00083EAE37262EBE37280EAE5701C46CDE942
:108400000012B0EBE57285EAE57102A861EBE57355
:10841000FFF71AFDDDE904014FF0000CDDE902E38E
:1084200042426CEB0106002D58BF0246B86858BFA7
:108430000E46C0E90026DEF100006CEB030194EA71
:1084400005025CBF1946704606B05DF804BBF0BD7E
:1084500080B56F4686B0844602A8CDE90023624607
:108460000B46FFF7F1FCD7F808C0DDE90201BCF1CB
:10847000000F1CBFDDE90432CCE9003206B080BD3C
:10848000002A04BF00207047F0B503AF2DE9000BB0
:10849000A2F1010CC2F1000E0023CC5CC55CA54228
:1084A00024D19C451ED001EB030800EB030998F88A
:1084B000014099F80150A54218D10EEB0306B41CF7
:1084C00010D098F8024099F80250A5420ED1F41C41
:1084D00008D098F8034099F80350A54206D1043318
:1084E0009A42DAD10020BDE8000BF0BD281BBDE8A0
:1084F000000BF0BD80B56F46BDE88040FFF783B844
:1085000080B56F46BDE88040FFF7D4B9B0B502AF83
:10851000102A41D3434203F0030C00EB0C05A842A0
:1085200017D2ACF1010EBCF1000F04461EBF044689
:1085300004F8011BBCF1010F59D1BEF1030F08D3A0
:10854000043C04F8041F231DAB42E170A17061706C
:10855000F7D1A2EB0C0E2EF0030205EB020C6545E1
:1085600013D2CAB24FF00134624345F8042B65457B
:108570000BD245F8042B65453CBF45F8042B6545F7
:1085800003D245F8042B6545EFD30EF003020CEB44
:1085900002039C4505D329E084460CEB02039C456D
:1085A00024D2A2F1010E12F0030412D06246012C73
:1085B00002F8011B09D08CF80110022C1ABF8CF8AC
:1085C00002100CF103020CF10202BEF1030F04D2FF
:1085D0000CE06246BEF1030F08D3043A02F8041F10
:1085E000151D9D42D17091705170F7D1B0BD417091
:1085F000BCF1020F1ABF8170C41C841CBEF1030FB2
:108600009ED2A6E780B56F460146007860B1002093
:108610000A18537853B1937853B1D37853B1127980
:108620000430002AF4D180BD002080BD013080BD1F
:10863000023080BD033080BD10B5044614F8013B04
:10864000A3F14102192A11F8012BA2F1410098BFB0
:108650002033192803D82032981AEFD010BD981A69
:10866000FCD1002AEAD1F9E7C9B20346184613F84B
:10867000012B12B18A42F9D17047002918BF00209E
:10868000704710B56AB10139841810F8012B11F840
:10869000013F9A4203D1A04201D0002AF5D1D01A5D
:1086A00010BD1046FCE710B50139044632B111F88F
:1086B000013F013A00F8013B002BF7D10021FFF701
:1086C00025FF204610BD0246014410B58A421346DC
:1086D00003D01C780132002CF8D1181A10BD38B51F
:1086E00011F0FF0403460ED12146BDE83840FFF7E4
:1086F000BBBF431C054621461846FFF7B5FF0028BF
:10870000F7D1284638BD0025F5E70A7870B56AB973
:1087100070BD9A4209D10C46054614F8013F002B62
:10872000F6D015F8016F9E42F7D001300378002B88
:10873000EFD11846ECE72DE9F047C3F137090746BA
:10874000884603F01F055FFA89F916464FF0000AC4
:10875000384641462A465346F9F7C6F94346D4B24D
:108760003A4688460746092C84BF4C44E4B2AA42E4
:1087700004F1300473EB0A0306F8014BE8D23046EB
:10878000BDE8F0872DE9F04F061887B099461546E9
:1087900041EB010402AB3046DDF844B021460093C2
:1087A000A9F1410AD2E9002300F0A6F804AB07467C
:1087B0008846304621460093D5E9022300F09CF814
:1087C0000022DDE90263841951EB0306049B28BFF4
:1087D0000122D5E90001D218059B43F100033818A6
:1087E00048EB0101B84271EB0801D5E902C134BF81
:1087F0000120002014EB0C0CCDF800A046EB010189
:1088000010EB0C0041F10001A04271EB060C34BFEB
:108810004FF0010C4FF0000CCDE904231CEB0202D9
:1088200043F1000300F083F8109BC3E90001129BA1
:10883000012BDDE9042329D1D5E90201D5E900C5E1
:10884000201ACDF800A066EB0101674578EB05051D
:1088500034BF01250025401B61F10001844276EB05
:10886000010534BF01250025521B63F1000300F010
:108870005EF8DDE90423CBE9000120463146CDF85E
:1088800000A000F054F807B0BDE8F08F17EB070E1A
:1088900048EB080C201946EB0601BE457CEB0808A6
:1088A00034BF01270027C71941F10008D5E90001AD
:1088B00086457CEB010C34BF01200020D5E9021570
:1088C000381A68F1000C401A6CEB050192185B41F4
:1088D000A74278EB060534BF01250025521943F164
:1088E0000003874278EB010834BF01250025521BA5
:1088F000A9F140050095B8E7F0B50F460446A0FB86
:108900000201059EA7FB02524919A3FB0445A7FBE0
:10891000037342F10002611845F10004D21943F1DA
:108920000003121943F10003C6E90023F0BDF0B5BE
:10893000059CC4F14007C4F12006A4F12005E040E5
:1089400002FA06F6BB4022FA05F5BA403343C4F1F9
:1089500020062B4301FA06F6A4F12005304321FA44
:1089600005F5E140284319431043F0BDC9B2034661
:10897000024410B59342184601D1002003E0047868
:1089800001338C42F6D110BD2DE9F047044618465C
:108990000B46C1F30A512746A146C3F31304302501
:1089A00041EA0706A446557156EA040E74D1002127
:1089B0008B4211716EDA0123884213714FF000016E
:1089C0001CDA08469DF8207002F112050D244FF0C4
:1089D000300EC7F1570706F00F03360946EA0C764A
:1089E0004FEA2C1C002B40F08580A04201DB85F86B
:1089F00000E0013C05F1FF35EDD174E00C2866DCA8
:108A0000C0F10D0301259B0003F1FF3CA3F12108F8
:108A1000C3F1210605FA08F825FA06F605FA0CF561
:108A200048EA060815EB050E48EB080ADEF10006D9
:108A30006AEB4A0C1EF1FF3E4AF1FF3A0EEA070EBE
:108A40000AEA040A754578EB0A0A11DBC3F1200A29
:108A5000B3F1200E27FA03F304FA0AFA58BF44FAD6
:108A60000EFE43EA0A0358BF43EA0E03DB0722D592
:108A70007F1944EB0804B946B4F5801F1BDB53791A
:108A8000B1F5806F03F10103537126D03E400CEA2B
:108A9000040C97E7002891E759B13125DB0F002836
:108AA000A1F2FF31557113710FDB0C28A8DD0D20E9
:108AB00005E00121F2E706EA09090CEA0404B1F530
:108AC000806F06D04E46A4467CE70020F7E70D20D5
:108AD00078E759EA0404137908D013794FF48061D8
:108AE00043F0080313711160BDE8F08743F00403FD
:108AF0001371F8E7092BD4BF3033DB19A0422B7078
:108B0000B8BF204675E7D1E9043293421EBF5A1C14
:108B10000A61187070470000014800687047000043
:048B20001CD901203B
:108B24002476FC7F01000000B476FC7FB0A90280AB
:108B34003877FC7FB0B0A8807C77FC7F0100000010
:108B44008477FC7FB0B0AA80B677FC7FAE71B28028
:108B54006878FC7F010000006478FC7FAB3F3880BC
:108B6400B678FC7F01000000C078FC7FB0B0AA801A
:108B7400F878FC7F010000009C79FC7FAB0EB2808A
:108B8400007AFC7FB0AF0680487CFC7F01000000C7
:108B94004C7CFC7FAC3F0180AC7EFC7F010000007C
:108BA400A480FC7F00840480B480FC7F010000006A
:108BB400AE80FC7FB0AD0480EA82FC7F0084048038
:108BC4000C83FC7FC4F0F91F0E83FC7FC8F0F91FEF
:108BD4001883FC7F0100000018E2FF7F088497805F
:088BE40022E2FF7F0100000006
:108BEC00ADCF04000000000075CF040000000000B1
:108BFC00793F06000000000000000000B48C070064
:108C0C00A5980600000000007999060000000000FD
:108C1C0000000000D48C070000000000F48C07005A
:108C2C0000000000148D0700B516060000000000BF
:108C3C00913B060000000000195D040000000000DC
:108C4C007DBF040000000000CD43060000000000C2
:108C5C00D5DC06000000000000000000348D070089
:108C6C00313F06000000000000000000548D07009A
:108C7C0000000000748D07007973040000000000F0
:108C8C00B5530500000000007DAC0400000000009E
:108C9C007D02060000000000717F0600000000004D
:088CAC004D020600000000006B
:108CB400902B0800D02B0800D08F0700EC780120FF
:108CC400A0E00120A912060000000000C42B080047
:108CD400B42E0800D42E0800A48F0700F4780120D5
:108CE40028E10120F923060000000000C82E080036
:108CF400E82B0800000000009C8F0700EE7801209C
:108D040000000000F116060000000000F82B080027
:108D1400102F0800402F0800EC8F0700F678012080
:108D2400E07701203D2C060000000000342F0800ED
:108D34005431080094310800C88F0700F8780120E6
:108D4400047801208132060000000000843108000C
:108D54008C2D0800B42D0800F02D0800F2780120B5
:108D6400006001200D1F060000000000A82D08006F
:108D7400982D0800B42D080030900700F0780120E9
:108D8400006001200000000000000000000000005E
:108D940000000000BDB7040000000000BDB70400DF
:108DA40000000000BDB7040000000000BDB70400CF
:108DB40000000000BDB70400C9490600954706003D
:108DC40000000000BDB7040000000000BDB70400AF
:108DD400148D0700B52B060000000000BDB7040089
:108DE40000000000BDB7040004780120CD5B06003C
:108DF40000000000BDB7040000000000BDB704007F
:108E040000000000BDB7040000000000BDB704006E
:108E140000000000BDB7040000000000BDB704005E
:108E240000000000BDB7040000000000BDB704004E
:108E340000000000BDB7040000000000693C06000B
:108E440000000000BDB7040000000000BDB704002E
:108E540000000000BDB7040000000000BDB704001E
:108E640000000000BDB7040000000000BDB704000E
:108E740000000000BDB7040000000000BDB70400FE
:108E840000000000BDB7040000000000BDB70400EE
:108E940000000000BDB7040000000000BDB70400DE
:108EA40000000000BDB7040000000000BDB70400CE
:108EB40000000000BDB7040000000000BDB70400BE
:108EC40000000000BDB7040000000000BDB70400AE
:108ED40000000000BDB7040000000000BDB704009E
:108EE40000000000BDB7040000000000BDB704008E
:108EF40000000000BDB7040000000000BDB704007E
:108F040000000000BDB7040000000000BDB704006D
:108F140000000000BDB7040060770120392306007B
:108F240000000000BDB7040000000000BDB704004D
:108F340000000000BDB7040000000000BDB704003D
:108F440000000000BDB7040000000000BDB704002D
:108F540000000000BDB7040000000000BDB704001D
:108F640000000000BDB7040000000000BDB704000D
:108F740000000000BDB7040000000000BDB70400FD
:108F840000000000BDB7040000000000BDB70400ED
:088F940000000000BDB704005D
:088F9C00DD16060000000000D4
:108FA4005D250600D9220600E922060005230600F5
:108FB400112306001D230600392406003D23060064
:048FC40000000000A9
:088FC8006134060005320600C9
:108FD0006D110600A5140600CD1306000000000068
:0C8FE00005120600000000000000000068
:108FEC00C5290600D92D0600B5290600192B060047
:108FFC00F1290600212A0600592A06006D2A0600CE
:10900C009D2A0600B12A06006D2A06008D2A06004C
:10901C00C52A0600D52A0600852D0600E52A06007D
:04902C00E92A060027
:109030000D17060000000000000000000000000006
:109040000000000000000000000000000000000020
:08905000000000000000000018
:1090580068270800787C01207D510500060800007B
:10906800B8F20700787C0120A93E0500000800003E
:109078002D0000000000000051660600AD6D0600DE
:10908800000000000000000009D6040059D80400C0
:1090980034B6070002000000B42B080002000000EC
:1090A8002CA80700030000006C2D08000300000036
:1090B800D0B507000300000040B807000200000018
:1090C8007CB807000200000014BA07000200000084
:1090D800A49907000300000008D907000200000057
:1090E80048A807000300000024DA07000200000077
:1090F80058DA070002000000D4DC07000400000072
:10910800884B08000200000048C607000200000063
:1091180064C607000200000068DA070002000000C9
:109128007431080002000000004A08000300000033
:10913800A837080003000000F03A08000300000008
:109148009C4408000300000078B7070002000000F4
:08915800242F080002000000B2
:1091600038BA07002877012000BA07000100000084
:109170009CCA0700F4D8012070C607000000000058
:109180005CC6070048770120ECD501203877012024
:109190000200000084C60700E8D5012098C6070039
:1091A0001091070064C6070070C1012078020220F8
:1091B00018D1070080C2070030C10700A0C5070012
:1091C0000CCA0700F0D007006CBA070004DD0700E6
:1091D0002CD10700DCD00700C8D0070004D107005D
:0491E00010B00700C4
:1091E400000000000000000000000000000000007B
:1091F4000000000098BA0700A0BA070000000000B1
:109204001566040000000000DCBB0700E4BB070097
:109214001CBC0700A566040000000000D0BA0700CB
:10922400100E080000000000316604000200000077
:109234005CBC070064BC0700049507000000000044
:109244000000000060BB070068BB070000000000CE
:10925400C111040001010000C4BB0700CCBB07001E
:10926400000000008D660400000000000000000003
:1092740000000000000000000000000000000000EA
:109284006CDD070074DD070000000000F1F104004C
:109294000100000010DE070014DE070068DE07008E
:1092A400FDF2040001000000C0DE0700C8DE070074
:1092B400FCE007003DF3040001000000A0000800EA
:1092C400A40008006803080000000000010000007A
:1092D40024E307002CE307000000000019F4040055
:1092E40001000000A4E30700ACE30700ECE607007C
:1092F4000000000001000000DCE70700E4E70700CD
:1093040014E90700000000000100000030EA070033
:1093140034EA070084EB0700E9F9040001020000C5
:109324004CEC070054EC0700C0EC07003DFA0400C5
:10933400010100007011080078110800000000000D
:10934400552805000100000018ED070020ED070076
:109354008CED0700A1FA040001010000E0ED070014
:10936400E8ED070000000000CDFA04000100000051
:10937400A8F30700B0F3070028F70700D5FB0400A3
:1093840001010000140808001C0808006009080016
:109394007119050001000000340A08003C0A0800A5
:1093A400300C0800BD1E050001000000380D080047
:1093B4003C0D080000000000791F050001000000BA
:1093C400880D08008C0D0800DC0D08007D200500C8
:1093D40001000000F04C0800040F0800BC0F080056
:1093E4004D220500020C0000B4100800B81008005B
:1093F400101108000526050002000000D81108001D
:10940400E01108002812080081280500010000006E
:10941400941208009812080018130800D9280500AF
:1094240001000000E824080060250800B8260800B0
:10943400913C0500010000003CBF070090130800A8
:10944400000000003129050001000000B4130800E9
:1094540064140800181508004D29050001000000D7
:10946400BC150800C415080000000000F12905001F
:1094740001000000F0CE0700A4180800B01A08008C
:109484003531050001040000D4BE0700F01A0800BD
:1094940000000000893105000200000024A8070034
:1094A400EC1C0800E81D0800A531050001000000BF
:1094B4008C200800902008005C2108005536050027
:1094C40001000000E4210800EC210800302308001A
:1094D4005D3B0500010100009C230800A423080053
:1094E40048240800E13B050001000000AC2408000A
:1094F400B824080000000000653C050001000000DD
:109504000000000000000000000000000000000057
:1095140000000000A4BF0700ACBF0700000000006B
:10952400DD690400020000005CBD070064BD0700A3
:1095340000000000E5660400000000003CBF0700D6
:1095440044BF07000000000061690400020000003D
:1095540054BE07005CBE070000000000FD67040065
:1095640000000000D4BE0700DCBE070000000000BD
:10957400E568040002000000000000000000000094
:0C958400000000000000000000000000DB
:10959000596A0400796A0400F9FA04007930050078
:1095A000FFFFFFFFFFFFFF7FFFC99A3B00000000A6
:1095B0001B5B4A00000000001B5B4800000000002D
:1095C0001B5B324A000000001B5B4A0000000000E9
:1095D0001B5B6D00000000001B3700001B38000003
:1095E0001B5B3F336C0000001B3700001B38000082
:1095F0001B5B4800000000001B5B324A00000000BB
:109600000338FDD87047000041DB00000000000077
:109610000100000000000000000000000000000049
:10962000000000000000000000000000000000003A
:10963000000000000000000000000000000000002A
:10964000000000000000000000000000000000001A
:10965000000000000000000000000000000000000A
:1096600000000000000000000000000000000000FA
:1096700000000000000000000000000000000000EA
:1096800000000000000000000100000000000000D9
:1096900005000000000000001900000000000000AC
:1096A0007D000000000000007102000000000000CA
:1096B000350C000000000000093D00000000000023
:1096C0002D31010000000000E1F505000000000060
:1096D00065CD1D0000000000F902950000000000AB
:1096E000DD0EE90200000000514A8D0E000000006E
:1096F0009573C24800000000E941CC6B01000000F6
:109700008D49FD1A07000000C16FF286230000009A
:10971000C52EBCA2B1000000D9E9AC2D7803000031
:109720003D9160E45811000031D6E275BC5600004E
:10973000F52E6E4DAEB10100C9EA268367780800A8
:10974000ED95C28F055A2A00A1EDCCCE1BC2D300E5
:1097500025A4000A8BCA22040000000000000000BB
:1097600000000000000000100000000000000000E9
:10977000B9340332B7F4AD1410DB1AB30892540EA7
:109780000D307D951447BA1A66088F4D26ADC66D0B
:10979000F598BF85E2B74511CA96853D92BD1DEB90
:1097A000FCA11860DCEF52163C92AE220BB8C1B49B
:1097B000839D2D5B0562DA1C304C7E8F4E8BB25B35
:1097C00016F4529F8B56A512FBD4827643ED8AF095
:1097D0008FE7F9311565191850F19BD94A13EEB48A
:1097E000284CF0A686C1251F035FC270CB9E491688
:1097F000E642889C44EB2014B0650836AD6EA58522
:1098000085F0CA14E2FD031A0B899979D5B13D0997
:10981000D8DA973A35EBCF10AC363F5E73BB38CF12
:109820003E6752FA44AFBA15010000000000000084
:109830000000000000000020345065C05FC9A6523F
:10984000BB13CBAEC440C21806C8DF7100D5A87CDC
:10985000F56F0FDA58FC27136E4756357D242065C7
:1098600002C7E768E48CA41DE9E60268D7CD396138
:109870007977FCC2405BEF16798CDE43FFA751F984
:1098800091F3B278F5BDBE11E857E9D6E8BEE87BA2
:10989000B054AC8F848D751BEA23A499E9F9D38B5E
:1098A000B7A3714061DA3E15CEE33ECB73F94808A9
:1098B0008C97B427D51B7010A2BFEFB9EB8532157A
:1098C0004DB44DB49BBB6F1996B6076CF8E7EEAD7F
:1098D00036D9B4F59135AE13222218AF4E6A684DD1
:1098E00091DAAA3D4F40741E9FBD9EE006A1C0982C
:1098F00057C2A7FDA40E90170E7D497173E3208F08
:10990000B220D87605143B12853D7434811343B0E0
:10991000AD297A5F27F4351C5354435076322074B6
:1099200072616E73706F72742062656E63686D61D0
:10993000726B207374617274696E67004574686538
:10994000726E6574207472616E73706F72742062CF
:1099500075696C643B204C544520696E697469617B
:109960006C697A6174696F6E20736B69707065647D
:109970000000000042656E63686D61726B20736861
:10998000656C6C2072656164793B20747970653A0E
:10999000207374637020636F6E6669672073686FED
:1099A000770000006D61696E000000004641494C7F
:1099B00045440000252D3130732073746174757334
:1099C0003D25732825642920656C61707365643DAD
:1099D000256C6C64206D732054583D256C6C75208B
:1099E0006269742F732052583D256C6C7520626932
:1099F000742F73206167677265676174653D256CBC
:109A00006C75206269742F730000000042454E435C
:109A10004843484B2050303120524543565F414C1B
:109A20004C20454E5445522066643D2564206D6FA0
:109A300064653D2575206C656E3D25750000000050
:109A400042454E434843484B205030322052454314
:109A5000565F414C4C2052455455524E2066643D51
:109A60002564206D6F64653D25752072633D256416
:109A70000000000042454E434843484B20503033DD
:109A8000205245504C5920494E56414C494420667D
:109A9000643D2564206D6F64653D2575206D6167AB
:109AA00069633D307825303878207265706C795F55
:109AB0006D6F64653D25750042454E434843484BF4
:109AC00020503034205245504C592056414C494486
:109AD0002066643D2564206D6F64653D25752073A7
:109AE00074617475735F72633D25642072783D25DF
:109AF000752074783D25750025732070726F67722C
:109B00006573733D25752525207472616E736665D6
:109B1000727265643D25752F2575206279746573B1
:109B20002072656D61696E696E673D257520726191
:109B300074653D256C6C75206269742F730000009C
:109B400025732052582077616974206661696C65BD
:109B5000642072633D2564207472616E7366657261
:109B60007265643D25752F25752065616761696E95
:109B70003D257520706F6C6C733D257500000000ED
:109B8000257320492F4F2073746174732063616CB7
:109B90006C733D25752065616761696E3D25752093
:109BA000706F6C6C733D2575206D61785F726563B5
:109BB000763D25750000000042454E43485F5354F2
:109BC00043505F53454E445F534C494345206279AF
:109BD0007465733D31303234206170705F63687535
:109BE0006E6B3D257520746F74616C3D25750000AA
:109BF00042454E43485F54585F50524F4752455379
:109C0000532062797465733D25752F257520656C29
:109C100061707365645F6D733D256C6C6420636176
:109C20006C6C733D2575207061727469616C3D25A3
:109C3000752065616761696E3D257520706F6C6C7C
:109C4000733D2575206D61785F73656E643D257584
:109C50000000000042454E43485F54585F57414959
:109C600054207365713D25752062797465733D25B7
:109C7000752072633D256420776169745F6D733D63
:109C8000256C6C6400000000257320545820776117
:109C90006974206661696C65642072633D25642087
:109CA0007472616E736665727265643D25752F25E9
:109CB000752065616761696E3D257520706F6C6CFC
:109CC000733D257500000000257320492F4F207338
:109CD000746174732063616C6C733D2575207061D1
:109CE000727469616C3D25752065616761696E3DBF
:109CF000257520706F6C6C733D2575206D61785FE4
:109D000073656E643D25750046554C4C20545800D3
:109D100042454E434843484B205230312053454E34
:109D2000445F414C4C20454E5445522066643D25CD
:109D300064206D6F64653D2575206C656E3D2575ED
:109D40000000000042454E434843484B2052303209
:109D50002053454E445F414C4C2052455455524E81
:109D60002066643D2564206D6F64653D2575207215
:109D7000633D256400000000756E6B6E6F776E00AA
:109D800041505020434F4E4E45435420535441526E
:109D900054207472616E73706F72743D2573206805
:109DA0006F73743D257320706F72743D25730000CE
:109DB00041505020434F4E4E45435420455849543E
:109DC00020413A20696E76616C696420706F72740C
:109DD00020737472696E673D2573000041505020F6
:109DE0005245534F4C564520495056342046415316
:109DF00054205041544820686F73743D257320707F
:109E00006F72743D256C752066616D696C793D25B6
:109E10006420616464726C656E3D2575000000000D
:109E200041505020444E53204C4F4F4B55502053DF
:109E30005441525420686F73743D257320706F72C3
:109E4000743D25730000000041505020444E5320C3
:109E50004C4F4F4B55502052455455524E20726333
:109E60003D256420726573756C743D25700000009B
:109E700041505020434F4E4E45435420455849547D
:109E800020423A20444E53206661696C6564206824
:109E90006F73743D257320706F72743D257320724B
:109EA000633D25643B2075736520277374637020C0
:109EB000636F6E66696720686F7374203C495076E3
:109EC000343E2720746F2062797061737320444E92
:109ED0005300000041505020444E532052455355EA
:109EE0004C542066616D696C793D256420736F6305
:109EF0006B747970653D25642070726F746F636F49
:109F00006C3D256420616464726C656E3D2575004E
:109F100041505020534F434B45542043414C4C201B
:109F200066616D696C793D41465F535443502074BE
:109F30007970653D534F434B5F53545245414D201B
:109F400070726F746F636F6C3D25640041505020D8
:109F5000534F434B45542043414C4C2066616D693F
:109F60006C793D41465F494E455420747970653D9A
:109F7000534F434B5F53545245414D2070726F74A1
:109F80006F636F6C3D5443500000000041505020FF
:109F9000434F4E4E454354204558495420423A20A1
:109FA000756E737570706F72746564207472616E13
:109FB00073706F72743D25640000000041505020A2
:109FC000534F434B45542052455455524E206664DE
:109FD0003D2564206572726E6F3D256400000000AF
:109FE00041505020434F4E4E45435420455849540C
:109FF00020433A20736F636B6574206661696C65FA
:10A00000642072633D25640041505020534F434B00
:10A0100045542052455455524E2066643D256420D7
:10A02000737563636573730041505020534F434B06
:10A0300045542054494D454F5554532066643D25A1
:10A04000642074696D656F75745F6D733D2575204F
:10A05000736E645F72633D256420736E645F657226
:10A06000726E6F3D2564207263765F72633D256476
:10A07000207263765F6572726E6F3D25640000002A
:10A0800041505020534F434B455420464C41475379
:10A09000207472616E73706F72743D73746370209C
:10A0A0006D6F64653D626C6F636B696E67206E6F88
:10A0B0006E626C6F636B5F73657475703D736B6913
:10A0C0007070656420666561747572653D42454EC9
:10A0D00043485F535443505F424C4F434B494E47B4
:10A0E0005F434F4E4E454354000000004150502006
:10A0F0005A534F434B5F434F4E4E454354204341C9
:10A100004C4C2066643D256420616464726C656E0D
:10A110003D2575206D6F64653D626C6F636B696E84
:10A1200067000000415050205A534F434B5F434F4C
:10A130004E4E4543542052455455524E2066643D80
:10A1400025642072633D2D31206572726E6F3D254E
:10A1500064206D61707065645F72633D2564206D7D
:10A160006F64653D626C6F636B696E670000000031
:10A17000415050205A534F434B5F434F4E4E45433F
:10A18000542052455455524E2066643D2564207239
:10A19000633D30206D6F64653D626C6F636B696E0B
:10A1A00067000000415050204E4F4E424C4F434BF1
:10A1B0002052455455524E2066643D2564207263FA
:10A1C0003D2564206572726E6F3D256400000000BD
:10A1D000415050205A534F434B5F434F4E4E4543DF
:10A1E000542043414C4C2066643D256420616464E6
:10A1F000726C656E3D2575206D6F64653D6E6F6E8A
:10A20000626C6F636B696E67000000004150502004
:10A210005A534F434B5F434F4E4E45435420524594
:10A220005455524E2066643D25642072633D25647A
:10A23000206572726E6F3D2564206D6F64653D6EA2
:10A240006F6E626C6F636B696E67000041505020E7
:10A25000434F4E4E454354204558495420443A20DC
:10A26000696D6D656469617465206661696C75729C
:10A27000652072633D25640041505020504F4C4C86
:10A2800020434F4E4E4543542066643D2564207460
:10A29000696D656F75745F6D733D25750000000015
:10A2A00041505020504F4C4C20434F4E4E4543544C
:10A2B0002052455455524E2066643D2564207263F9
:10A2C0003D25640041505020534F5F4552524F523C
:10A2D0002052454144204641494C45442066643D56
:10A2E00025642072633D2564000000004150502029
:10A2F000534F5F4552524F522066643D256420659E
:10A3000072726F723D2564004150502044415441A7
:10A3100020504C414E452066643D2564206D6F649D
:10A32000653D6E6F6E626C6F636B696E67000000F7
:10A33000415050204441544120504C414E452066EC
:10A34000643D2564207472616E73706F72743D7326
:10A35000746370206D6F64653D626C6F636B696ED2
:10A3600067206E6F6E626C6F636B5F736574757080
:10A370003D736B69707065642066656174757265A4
:10A380003D42454E43485F535443505F424C4F4318
:10A390004B494E475F434F4E4E454354000000002B
:10A3A00041505020434F4E4E454354204641494C66
:10A3B0002066643D25642072633D256420657272C9
:10A3C0006E6F3D256400000055504C4F41442062A3
:10A3D000756666657220616C6C6F636174696F6E1F
:10A3E000206661696C65643A202575206279746520
:10A3F0007300000042454E434843484B20553031DE
:10A4000020434F4E4E45435420454E544552000084
:10A4100042454E434843484B2055303220434F4E2F
:10A420004E4543542052455455524E2066643D25B6
:10A430006400000042454E434843484B20553033AA
:10A4400020524551554553542053454E4420454EC6
:10A450005445522066643D2564206C656E3D25752B
:10A460000000000042454E434843484B20553034DD
:10A4700020524551554553542053454E4420524592
:10A480005455524E2066643D25642072633D256418
:10A490000000000042454E434843484B20553035AC
:10A4A0002055504C4F41442053545245414D204576
:10A4B0004E5445522066643D256420746F74616C6F
:10A4C0003D2575206368756E6B3D257500000000A5
:10A4D00055504C4F414420545800000042454E43D3
:10A4E0004843484B205530362055504C4F4144206E
:10A4F00053545245414D2052455455524E206664A6
:10A500003D25642072633D256400000042454E43B2
:10A510004843484B20553037205245504C59205223
:10A5200045435620454E5445522066643D256420DF
:10A530006C656E3D2575000042454E434843484BCF
:10A5400020553038205245504C5920524543562012
:10A5500052455455524E2066643D25642072633D39
:10A560002564000055504C4F414420627974657356
:10A570003D257520656C61707365643D256C6C6468
:10A58000206D73207468726F7567687075743D25EF
:10A590006C6C75206269742F73000000444F574E35
:10A5A0004C4F41442062756666657220616C6C6F29
:10A5B000636174696F6E206661696C65643A202519
:10A5C0007520627974657300444F574E4C4F414477
:10A5D00020525800444F574E4C4F414420627974EA
:10A5E00065733D257520656C61707365643D256CF0
:10A5F0006C64206D73207468726F75676870757411
:10A600003D256C6C75206269742F730046554C4C67
:10A61000206275666665727320616C6C6F6361742D
:10A62000696F6E206661696C65643A2054583D25F7
:10A63000752052583D2575206279746573000000BD
:10A6400046554C4C2052580046554C4C2075706C69
:10A650006F61643D257520646F776E6C6F61643D3A
:10A66000257520656C61707365643D256C6C642094
:10A670006D73000046554C4C2054583D256C6C754C
:10A68000206269742F732052583D256C6C752062CE
:10A6900069742F73206167677265676174653D2512
:10A6A0006C6C75206269742F730000003D3D3D3D68
:10A6B0003D3D3D3D3D3D3D3D3D3D3D3D2042454EC9
:10A6C00043484D41524B2053554D4D415259203D29
:10A6D0003D3D3D3D3D3D3D3D3D3D3D3D3D3D3D00E7
:10A6E0005472616E73706F72743D2573207365725E
:10A6F0007665723D25733A2573206368756E6B3DF0
:10A70000257520746F74616C3D25752062797465C0
:10A71000730000004E6574776F726B206261636B2B
:10A72000656E643D45746865726E65742F6E617404
:10A73000697665205A657068797220737461636BFD
:10A740000000000055504C4F41440000444F574E0C
:10A750004C4F41440000000046554C4C00000000A6
:10A760003D3D3D3D3D3D3D3D3D3D3D3D3D3D3D3D19
:10A770003D3D3D3D3D3D3D3D3D3D3D3D3D3D3D3D09
:10A780003D3D3D3D3D3D3D3D3D3D3D3D3D3D3D3DF9
:10A790003D3D3D0075706C6F61640000646F776EC5
:10A7A0006C6F61640000000066756C6C0000000056
:10A7B0003139322E3136382E312E32300000000041
:10A7C000313930303000000042656E63686D61726F
:10A7D0006B207472616E73706F72743D25732068A4
:10A7E0006F73743D257320706F72743D25732074F0
:10A7F0006F74616C3D2575206368756E6B3D2575C2
:10A800000000000050726F6772657373207265708C
:10A810006F727420696E74657276616C3D25752067
:10A820006D73000074637000746C73006563686F0F
:10A830005F62656E63686D61726B000024A807003B
:10A84000F8AF070028A807006D7174745F70726F0D
:10A8500078790000496E76616C69642076616C7568
:10A86000652027257327202872616E67652025756E
:10A870002E2E2575290A0000737463705F62656E61
:10A880006368000042656E63686D61726B20616C85
:10A8900072656164792072756E6E696E670A000078
:10A8A00025732062656E63686D61726B20717565DA
:10A8B0007565643A2025733A2F2F25733A25732C3A
:10A8C00020746F74616C3D25752C206368756E6B08
:10A8D0003D25750A0000000025733A2025733A2FA4
:10A8E0002F25733A25732C20746F74616C3D257588
:10A8F0002C206368756E6B3D25750A0042656E639A
:10A90000686D61726B20776F726B65723A20746844
:10A91000726561643D737463705F62656E63682025
:10A92000737461636B3D25752062797465730A00E9
:10A930007B22736368656D615F76657273696F6EA4
:10A94000223A322C22706C6174666F726D223A2248
:10A950007A65706879722D6E726639313531222CC4
:10A960002263617272696572223A22657468657247
:10A970006E6574222C226D6F6465223A2225732243
:10A980002C227472616E73706F7274223A22257376
:10A99000222C22646972656374696F6E223A2225E3
:10A9A00073222C22636C69656E7473223A312C22F7
:10A9B0007061796C6F61645F6279746573223A25A6
:10A9C000752C22706970656C696E65223A312C2293
:10A9D000746F74616C5F6279746573223A25752CAB
:10A9E00022656C61707365645F6D73223A256C6CCF
:10A9F000642C226F7065726174696F6E73223A25E0
:10AA0000752C226572726F7273223A25752C22732F
:10AA10007461747573223A25642C226279746573AB
:10AA20005F7478223A25752C2262797465735F729F
:10AA300078223A25752C2274785F6D69625F7322E3
:10AA40003A256C6C752E2530366C6C752C2272781C
:10AA50005F6D69625F73223A256C6C752E25303606
:10AA60006C6C752C22636F6D62696E65645F6D69D5
:10AA7000625F73223A256C6C752E2530366C6C75CE
:10AA80002C226F7065726174696F6E735F73223A06
:10AA9000256C6C752E2530366C6C752C22636F6EB0
:10AAA0006E6563745F6D65616E5F6D73223A6E757E
:10AAB0006C6C2C227274745F7035305F6D73223A47
:10AAC0006E756C6C2C227274745F7039355F6D73A7
:10AAD000223A6E756C6C2C227274745F7039395F17
:10AAE0006D73223A6E756C6C2C22636C69656E74A2
:10AAF0005F6370755F70657263656E74223A6E7520
:10AB00006C6C7D0042656E63686D61726B204A53A8
:10AB10004F4E20666F726D617474696E6720666156
:10AB2000696C65642F7472756E63617465643A2034
:10AB300025640A00535443505F42454E43485F4AE0
:10AB4000534F4E5F424547494E2025640A0000009E
:10AB5000535443505F42454E43485F4A534F4E5F04
:10AB6000454E440A00000000535443505F42454E96
:10AB700043485F4A534F4E5F5041525420252E2A7E
:10AB8000730A000042656E63686D61726B20776FB7
:10AB9000726B657220737461636B3A2075736564C0
:10ABA0003D257520756E757365643D257520627948
:10ABB0007465730A000000002573206661696C6586
:10ABC000643A2025640A0000257320636F6D706C61
:10ABD00065746564207375636365737366756C6C07
:10ABE000790A000054696D656F7574203D202575E4
:10ABF000206D730A000000005265706F7274206946
:10AC00006E74657276616C203D202575206D730A27
:10AC1000000000004368756E6B203D2025750A001A
:10AC2000546F74616C203D2025750A00486F737461
:10AC300020697320746F6F206C6F6E670A000000CC
:10AC4000486F7374203D2025730A0000506F7274A2
:10AC5000203D2025730A00005472616E73706F727C
:10AC600074206D757374206265207463702C207479
:10AC70006C73206F7220737463700A005472616E7B
:10AC800073706F7274203D2025730A00486F7374CF
:10AC90002020202020203A2025730A00506F727453
:10ACA0002020202020203A2025730A005472616E53
:10ACB00073706F7274203A2025730A004368756EB2
:10ACC0006B20202020203A2025752062797465733E
:10ACD0000A000000546F74616C20202020203A206C
:10ACE00025752062797465730A00000054696D65EA
:10ACF0006F75742020203A202575206D730A00009E
:10AD00005265706F7274202020203A202575206DC6
:10AD1000730A0000616C6C005354435020747261DC
:10AD20006E73706F727420746573742062656E63E5
:10AD30006800000052756E74696D652062656E630F
:10AD4000686D61726B20636F6E666967757261749E
:10AD5000696F6E005472616E73706F7274206265F9
:10AD60006E63686D61726B730000000050696E67FE
:10AD7000204950763420686F73743A20737463707E
:10AD80002070696E67203C69707C6E616D653E2045
:10AD90005B636F756E745D205B74696D656F757450
:10ADA0005F6D735D000000006E657400457468653A
:10ADB000726E65742073746174757320616E6420A3
:10ADC000646961676E6F73746963730052756E2096
:10ADD000636F6E74696E756F75732075706C6F61DB
:10ADE000642062656E63686D61726B0052756E20DF
:10ADF000636F6E74696E756F757320646F776E6CB8
:10AE00006F61642062656E63686D61726B00000043
:10AE100052756E2066756C6C2D6475706C6578204B
:10AE200062656E63686D61726B00000052756E2022
:10AE300075706C6F61642C20646F776E6C6F6164E9
:10AE400020616E642066756C6C2D6475706C65781D
:10AE500000000000737461747573000053686F77AD
:10AE60002045746865726E657420696E74657266DB
:10AE70006163652C204D41432C204950763420617C
:10AE80006E642067617465776179000073686F771D
:10AE90000000000053686F772072756E74696D65ED
:10AEA0002062656E63686D61726B20636F6E6669A8
:10AEB0006775726174696F6E00000000686F73746B
:10AEC0000000000053657420686F73743A20737437
:10AED000637020636F6E66696720686F7374203CCF
:10AEE0006E616D657C69703E0000000053657420E2
:10AEF000706F72743A207374637020636F6E66694A
:10AF00006720706F7274203C312E2E363535333504
:10AF10003E0000006368756E6B000000536574208E
:10AF20006368756E6B2062797465733A207374631D
:10AF30007020636F6E666967206368756E6B203C76
:10AF4000312E2E36353533363E000000746F746175
:10AF50006C00000053657420746F74616C2062791A
:10AF60007465733A207374637020636F6E666967EB
:10AF700020746F74616C203C62797465733E0000CC
:10AF800074696D656F75740053657420696E6163D3
:10AF90007469766974792074696D656F7574206D54
:10AFA000730000007265706F727400005365742046
:10AFB00070726F6772657373207265706F72742040
:10AFC000696E74657276616C206D73202830206420
:10AFD000697361626C657329000000007472616EB0
:10AFE00073706F7274000000536574207463702C6A
:10AFF00020746C73206F7220737463700000000003
:10B0000094A707009CA70700A8A7070014AD070096
:10B01000F8AF070018AD070024B0070000000000DB
:10B020000000000028B00700A425080034AD070088
:10B0300020B1070000000000000000002CAD070058
:10B0400054AD07008CB007000000000000000000B5
:10B05000F04C08006CAD070000000000C52F040094
:10B0600002020000A8AD0700ACAD0700F4B0070075
:10B0700000000000000000000000000000000000D0
:10B0800000000000000000000000000090B0070079
:10B0900094A70700CCAD0700000000008131040038
:10B0A000000000009CA70700ECAD070000000000B6
:10B0B0007931040000000000A8A7070010AE0700C7
:10B0C00000000000713104000000000014AD070012
:10B0D0002CAE0700000000006931040000000000F1
:10B0E0000000000000000000000000000000000060
:10B0F00000000000F8B0070054AE07005CAE070087
:10B1000000000000C12F040000000000000000004B
:10B11000000000000000000000000000000000002F
:10B1200024B107008CAE070094AE070000000000B9
:10B13000B137040000000000BCAE0700C4AE070039
:10B14000000000006D36040002000000F4F6070065
:10B15000ECAE070000000000C93604000200000049
:10B1600014AF07001CAF070000000000BD3504004D
:10B17000020000004CAF070054AF070000000000C1
:10B18000153604000200000080AF070088AF0700FA
:10B19000000000000935040002000000A4AF070011
:10B1A000ACAF07000000000065350400020000009D
:10B1B000DCAF0700E8AF07000000000031370400F3
:10B1C000020000000000000000000000000000007D
:10B1D000000000000000000075700000646F776ED2
:10B1E0000000000055736167653A20737463702036
:10B1F00070696E67203C69707C6E616D653E205B96
:10B20000636F756E745D205B74696D656F75745FD7
:10B210006D735D0A00000000496E76616C69642000
:10B22000636F756E7420272573272028312E2E31E9
:10B230003030290A00000000496E76616C69642094
:10B2400074696D656F757420272573272028313048
:10B25000302E2E3630303030206D73290A00000039
:10B260004E6F2064656661756C74206E6574776FCF
:10B27000726B20696E746572666163650A00000016
:10B280004E6574776F726B20696E74657266616368
:10B29000652072656164790A000000005761697475
:10B2A000696E6720666F722045746865726E65749A
:10B2B00020696E7465726661636520616E64206CDE
:10B2C000696E6B2E2E2E0A004E6574776F726B209E
:10B2D0006E6F742072656164793A2061646D696E85
:10B2E0003D257320636172726965723D25730A00A2
:10B2F00043616E6E6F74207265736F6C7665202586
:10B30000733A2025640A000049434D5020636F6E54
:10B310007465787420696E697469616C697A6174A6
:10B32000696F6E206661696C65643A2025640A0065
:10B3300050494E4720257320282573293A2025752A
:10B3400020646174612062797465732C20636F7569
:10B350006E743D25752C2074696D656F75743D257F
:10B3600075206D730A0000007365713D25752073AB
:10B37000656E64206661696C65643A2025640A0024
:10B3800025752062797465732066726F6D20257350
:10B390003A207365713D25752074696D653D256C96
:10B3A0006C64206D730A00005265717565737420BA
:10B3B00074696D656F75743A207365713D25750A02
:10B3C000000000002D2D2D2025732070696E672050
:10B3D00073746174697374696373202D2D2D0A0071
:10B3E00073656E743D257520726563656976656465
:10B3F0003D2575206C6F73743D2575206C6F7373DC
:10B400003D257525250A0000727474206D696E2F24
:10B410006176672F6D6178203D20256C6C642F2547
:10B420006C6C642F256C6C64206D730A0000000046
:10B43000756E61737369676E65640000756E617621
:10B4400061696C61626C6500253032783A25303272
:10B45000783A253032783A253032783A25303278C9
:10B460003A25303278000000796573006E6F000075
:10B470003D3D3D2045544845524E4554205354418E
:10B48000545553203D3D3D0A00000000496E74654F
:10B490007266616365203A2025640A0041646D6923
:10B4A0006E20757020203A2025730A004361727265
:10B4B0006965722020203A2025730A004D414320FF
:10B4C0002020202020203A2025730A00495076347D
:10B4D0002020202020203A2025730A004E65746D1C
:10B4E00061736B2020203A2025730A004761746540
:10B4F0007761792020203A2025730A004448435080
:10B500002020202020203A2064697361626C6564E9
:10B510000A000000535049206C696D6974203A207C
:10B5200038204D487A0A00003D3D3D3D3D3D3D3DC2
:10B530003D3D3D3D3D3D3D3D3D3D3D3D3D3D3D0A6E
:10B54000000000004E6F2064656661756C742045D4
:10B55000746865726E657420696E74657266616385
:10B560006500000045746865726E657420696661E7
:10B5700063653D25642061646D696E3D25732063BC
:10B580006172726965723D2573206D61633D25733B
:10B590000000000045746865726E6574204950763D
:10B5A000343D2573206E65746D61736B3D2573208A
:10B5B000676174657761793D257320444843503D48
:10B5C0006F6666205350493D384D487A00000000B0
:10B5D00065746865726E65745F7374617475730009
:10B5E000574553545F544F504449522F7A65706801
:10B5F00079722F6C69622F686561702F6865617060
:10B600002E630000574553545F544F504449522F06
:10B610007A65706879722F6C69622F6F732F63621D
:10B620007072696E74665F7061636B616765642ECA
:10B630006300000063627072696E74665F706163BC
:10B640006B61676500000000574553545F544F50CD
:10B650004449522F7A65706879722F6C69622F6F36
:10B66000732F636C6F636B2E630000005745535458
:10B670005F544F504449522F7A65706879722F6930
:10B680006E636C7564652F7A65706879722F73705C
:10B69000696E6C6F636B2E68000000005745535451
:10B6A0005F544F504449522F7A65706879722F6900
:10B6B0006E636C7564652F7A65706879722F737923
:10B6C000732F74696D657574696C2E6800000000D5
:10B6D000574553545F544F504449522F7A65706810
:10B6E00079722F696E636C7564652F7A65706879FD
:10B6F000722F6B65726E656C2E680000574553544F
:10B700005F544F504449522F7A65706879722F6C9C
:10B7100069622F6F732F6D7073635F706275662E31
:10B72000630000004661696C656420746F20726577
:10B73000626F6F743A207370696E6E696E67206510
:10B740006E646C6573736C792E2E2E0A00000000F7
:10B75000574553545F544F504449522F7A6570688F
:10B7600079722F6C69622F7574696C732F74696DAF
:10B77000657574696C2E63007379735F6765746FA8
:10B7800070740000574553545F544F504449522F32
:10B790007A65706879722F6C69622F7574696C7341
:10B7A0002F6F6E6F66662E6300000000574553547E
:10B7B0005F544F504449522F7A65706879722F6CEC
:10B7C00069622F7574696C732F6E6F746966792E58
:10B7D00063000000574553545F544F504449522F63
:10B7E0007A65706879722F6C69622F7574696C73F1
:10B7F0002F72696E675F6275666665722E63000000
:10B80000574553545F544F504449522F7A657068DE
:10B8100079722F7375627379732F6C6F6767696EB6
:10B82000672F6C6F675F636F72652E6300000000A7
:10B83000A9640400000000000000000000000000F7
:10B840006C6F6700574553545F544F504449522F13
:10B850007A65706879722F696E636C7564652F7A8A
:10B8600065706879722F6C6F6767696E672F6C6F90
:10B87000675F6261636B656E642E68006C6F675F03
:10B880006D676D7400000000574553545F544F506E
:10B890004449522F7A65706879722F737562737993
:10B8A000732F6C6F6767696E672F6C6F675F6D735F
:10B8B000672E63004D6573736167652064726F70F6
:10B8C00070656420626563617573652069742065C5
:10B8D0007863656564732073697A65206C696D6946
:10B8E000746174696F6E2028257529001B5B306DAB
:10B8F00000000000574553545F544F504449522FA5
:10B900007A65706879722F7375627379732F6C6FB3
:10B910006767696E672F6C6F675F6F75747075749A
:10B920002E630000257320005B2530386C755D2088
:10B93000000000005B253032753A253032753A251B
:10B940003032752E253033752C253033755D20004F
:10B9500025732F003C25733E2000000025733A20FC
:10B960000000000025303278200000000D0A0000A1
:10B97000202020007C0000001B5B313B33316D0038
:10B980001B5B313B33336D006572720077726E0062
:10B99000696E6600646267000000000078B9070005
:10B9A00080B9070000000000000000000000000057
:10B9B00088B907008CB9070090B9070094B907004F
:10B9C000574553545F544F504449522F7A6570681D
:10B9D00079722F7375627379732F6C6F6767696EF5
:10B9E000672F6261636B656E64732F6C6F675F6254
:10B9F00061636B656E645F756172742E6300000035
:10BA00006C6F675F6261636B656E645F75617274B2
:10BA1000000000006C6F675F7561727400000000C9
:10BA200028BA0700A4D5012045650400C4D501202B
:10BA3000D0D5012001000000BD6504000000000019
:10BA400081650400DD6504000000000071650400EC
:10BA5000000000006B65726E656C00004B65726ED5
:10BA6000656C20636F6D6D616E64730054BA07007E
:10BA70005CBA0700E491070000000000000000002D
:10BA80006379636C65733A20257520687720637944
:10BA9000636C65730A0000006379636C6573000072
:10BAA0004B65726E656C206379636C65732E000064
:10BAB000556E61626C6520746F20706172736520D1
:10BAC000696E7075742028657272202564290A00D9
:10BAD000736C656570000000557074696D653A207F
:10BAE000256C6C75206D730A000000002D2D70729E
:10BAF0006574747900000000556E737570706F7214
:10BB0000746564206F7074696F6E3A2025730A0043
:10BB1000757074696D653A20256C6C752064617967
:10BB2000732C20256C6C7520686F7572732C202522
:10BB30006C6C75206D696E757465732C20256C6C4A
:10BB400075207365636F6E64732C20256C6C752093
:10BB50006D696C6C697365636F6E64730A000000D5
:10BB6000757074696D6500004B65726E656C20754B
:10BB70007074696D652E2043616E2062652063617B
:10BB80006C6C6564207769746820746865202D701A
:10BB9000206F72202D2D707265747479206F70740F
:10BBA000696F6E7300000000342E332E39390000A7
:10BBB0005A65706879722076657273696F6E202598
:10BBC000730A000076657273696F6E004B65726E62
:10BBD000656C2076657273696F6E2E007265626F98
:10BBE0006F7400005265626F6F742E00636F6C6437
:10BBF00000000000436F6C64207265626F6F742EEA
:10BC0000000000007761726D000000005761726DE6
:10BC1000207265626F6F742E0000000020BC070068
:10BC2000ECBB0700F4BB070000000000A5660400A1
:10BC30000000000004BC07000CBC0700000000006E
:10BC4000AD660400000000000000000000000000DD
:10BC50000000000000000000000000007468726531
:10BC6000616400004B65726E656C2074687265617A
:10BC700064732E005363686564756C65723A2025A1
:10BC8000752073696E6365206C6173742063616CE9
:10BC90006C0A0000546872656164733A0A0000001F
:10BCA0004E4100002573257020252D3130730A0088
:10BCB000096F7074696F6E733A20307825782C2084
:10BCC0007072696F726974793A2025642074696DA5
:10BCD000656F75743A20256C6C640A000973746191
:10BCE00074653A2025732C20656E7472793A20258C
:10BCF000700A0000556E61626C6520746F20646587
:10BD00007465726D696E6520756E757365642073F8
:10BD10007461636B2073697A6520282564290A0A97
:10BD20000000000009737461636B2073697A6520F9
:10BD3000257A752C20756E7573656420257A752CAF
:10BD400020757361676520257A75202F20257A7507
:10BD500020282575202525290A0A00006C6973749E
:10BD6000000000004C697374206B65726E656C2076
:10BD7000746872656164732E000000005745535467
:10BD80005F544F504449522F7A65706879722F730F
:10BD900075627379732F7368656C6C2F6D6F647542
:10BDA0006C65732F6B65726E656C5F736572766917
:10BDB00063652F7468726561642F737461636B735C
:10BDC0002E63000025702049525120253032642016
:10BDD0002573287265616C2073697A652025347A31
:10BDE00075293A09756E757365642025347A75096D
:10BDF00075736167652025347A75202F2025347A84
:10BE000075202825327A75202525290A0000000092
:10BE1000257020252D33327320287265616C2073C4
:10BE2000697A652025347A75293A09756E757365C6
:10BE3000642025347A750975736167652025347A25
:10BE400075202F2025347A75202825327520252548
:10BE5000290A0000737461636B7300004C6973748A
:10BE6000207468726561647320737461636B2075FC
:10BE7000736167652E000000546872656164204933
:10BE800044202570206973206E6F742076616C6980
:10BE9000640A00004572726F723A5368656C6C20D8
:10BEA0007468726561642063616E6E6F7420626590
:10BEB0002073757370656E6465640A0054687265FA
:10BEC00061642025702073757370656E6465640A03
:10BED0000000000073757370656E64006B65726EB0
:10BEE000656C207468726561642073757370656E2B
:10BEF00064203C7468726561645F69643E000000A0
:10BF00004572726F723A5368656C6C207468726522
:10BF100061642063616E6E6F742062652072657368
:10BF2000756D65640A0000005468726561642025BF
:10BF30007020726573756D65640A000072657375B3
:10BF40006D6500006B65726E656C2074687265616A
:10BF50006420726573756D65203C746872656164F8
:10BF60005F69643E000000004572726F723A536868
:10BF7000656C6C207468726561642063616E6E6FBD
:10BF800074206265206B696C6C65640A00000000B7
:10BF90000A20546872656164202570206B696C6C9E
:10BFA00065640A006B696C6C000000006B65726E62
:10BFB000656C20746872656164206B696C6C203CF0
:10BFC0007468726561645F69643E000064657669E7
:10BFD0006365000044657669636520756E6B6E6FFE
:10BFE000776E20282573290A0000000044657669D1
:10BFF000636520257320697320616C7265616479C3
:10C0000020696E697469616C697A65640A00000070
:10C0100044657669636520257320696E697469617A
:10C020006C697A6174696F6E206661696C65642001
:10C0300077697468206572723D25640A000000000B
:10C0400044657669636520257320696E697469614A
:10C050006C697A6564207375636365737366756C68
:10C060006C790A005245414459000000444953414B
:10C07000424C454400000000646576696365733A8C
:10C080000A0000005B25705D000000002D20257374
:10C090000000000020282573290A000020204454B5
:10C0A000206E6F6465206C6162656C733A000000FD
:10C0B00044657669636520636F6D6D616E647300BE
:10C0C000696E6974000000004D616E75616C6C7979
:10C0D00020696E697469616C697A652061206465A4
:10C0E00076696365000000004C69737420636F6EAD
:10C0F0006669677572656420646576696365732C2B
:10C10000207769746820616E206F7074696F6E614A
:10C110006C2066696C746572000000005B3C6465AD
:10C12000766963652066696C7465723E5D00000027
:10C13000CCBF0700B0C0070044C1070000000000EA
:10C140000000000048C107005CBD070084C1070073
:10C1500090950700056B040001010000C0C00700B6
:10C16000C8C0070094950700996A04000200000007
:10C1700000000000000000000000000000000000BF
:10C1800000000000C40BD286E8C007001CC10700F5
:10C19000496E76616C696420686F75720A000000F0
:10C1A000496E76616C6964206D696E7574650A000C
:10C1B000496E76616C6964207365636F6E640A0012
:10C1C000496E76616C6964206D6F6E74680A000058
:10C1D000496E76616C6964206461790A0000000030
:10C1E0004661696C656420746F2063616C63756C73
:10C1F000617465207365636F6E64732073696E6329
:10C20000652045706F63680A00000000436F756C1D
:10C2100064206E6F742073657420646174652025DA
:10C22000640A000025642D253032752D25303275C5
:10C2300020253032753A253032753A253032752056
:10C240005554430A0000000064617465000000005A
:10C250004461746520636F6D6D616E6473000000EE
:10C26000736574005B592D6D2D645D203C483A4D1B
:10C270003A533E00676574005B6E6F6E655D00004B
:10C2800048C2070050C2070094C207000000000027
:10C290000000000098C2070060C2070064C20700E7
:10C2A00000000000A96C04000000000074C2070038
:10C2B00078C2070000000000E56D040000000000E7
:10C2C000000000000000000000000000000000006E
:10C2D000000000005573696E672064617461207707
:10C2E000696474682025640A00000000496E636F69
:10C2F0007272656374206461746120776964746824
:10C300000A000000526561642076616C756520301A
:10C3100078256C6C780A000057726974696E672022
:10C3200076616C7565203078256C6C780A000000A9
:10C33000696E76616C69642061646472202725737C
:10C34000270A0000696E76616C69642073697A65FA
:10C3500020272573270A0000696E76616C696420C6
:10C36000776964746820272573270A00613A733A55
:10C37000773A0000272D61203C6164647265737315
:10C380003E27206973206D616E6461746F72790A53
:10C3900000000000272D73203C73697A653E27203A
:10C3A0006973206D616E6461746F72790A000000B8
:10C3B000556E6B6E6F776E206F7074696F6E202292
:10C3C0002573220A000000006465766D656D206C9F
:10C3D0006F616420737570706F727473207365740D
:10C3E00074696E6720627970617373206F6E20616B
:10C3F0002073696E676C6520696E7374616E636526
:10C400002E0A00004C6F6164696E672E2E2E0A7032
:10C4100072657373206374726C2D78206374726C10
:10C420002D7120746F206573636170650A000000D0
:10C430004E756D626572206F662062797465732037
:10C44000726561643A2025640A0000006465766DB7
:10C45000656D0000526561642F77726974652070A4
:10C460006879736963616C206D656D6F72790A55C7
:10C47000736167653A0A52656164206D656D6F721C
:10C4800079206174206164647265737320776974C4
:10C4900068206F7074696F6E616C2077696474686E
:10C4A0003A0A6465766D656D203C616464726573FB
:10C4B000733E205B3C77696474683E5D0A5772691D
:10C4C0007465206D656D6F7279206174206164649C
:10C4D000726573732077697468206D616E6461742E
:10C4E0006F727920776964746820616E6420766168
:10C4F0006C75653A0A6465766D656D203C616464AF
:10C50000726573733E203C77696474683E203C76A4
:10C51000616C75653E00000064756D700000000080
:10C5200055736167653A0A6465766D656D2064755B
:10C530006D70202D61203C616464726573733E20D0
:10C540002D73203C73697A653E205B2D77203C7704
:10C55000696474683E5D0A0055736167653A0A64F0
:10C5600065766D656D206C6F6164205B6F707469BA
:10C570006F6E735D205B616464726573735D0A4FF7
:10C580007074696F6E733A0A2D65096C6974746C06
:10C59000652D656E6469616E20706172736500005F
:10C5A0004CC4070054C40700B4C50700296E04003A
:10C5B00002020000B8C5070018C5070020C5070023
:10C5C00000000000F56E040005020000A0A70700AF
:10C5D00058C50700000000007D7004000201000043
:10C5E000000000000000000000000000000000004B
:10C5F0000000000052582072696E672062756666FE
:10C6000065722066756C6C2E00000000574553540F
:10C610005F544F504449522F7A65706879722F7376
:10C6200075627379732F7368656C6C2F6261636BCD
:10C63000656E64732F7368656C6C5F756172742EC0
:10C64000630000003A0000007368656C6C2E73682C
:10C65000656C6C5F756172740000000073746370C8
:10C660003E2000007368656C6C5F75617274000039
:10C670007368656C6C5F756172745F6261636B6532
:10C680006E640000FCD801201E000000B19A040076
:10C69000809107003077012070910700C4C6070021
:10C6A000E0D8012064000000B0C607009CD801203B
:10C6B00038C201208000000000000000B1730400B7
:10C6C00002000000ADA10400E8D80120FCD8012040
:10C6D0001E000000F573040095750400B975040090
:10C6E00009730400F5720400000000006E6F7420EE
:10C6F0007465726D696E617465643A2025630A0021
:10C70000537562636F6D6D616E64733A0A00000069
:10C71000506C65617365207370656369667920612B
:10C7200020737562636F6D6D616E642E0A00000088
:10C730004572726F723A20726571756573746564C3
:10C74000206D756C7469706C652066756E637469B4
:10C750006F6E20657865637574696F6E730A00008B
:10C76000257325730A0000003A20636F6D6D616EBA
:10C7700064206E6F7420666F756E6400546F6F2056
:10C780006D616E7920617267756D656E7473206975
:10C790006E2074686520636F6D6D616E642E0A0093
:10C7A00025733A2077726F6E6720706172616D65D4
:10C7B00074657220636F756E740A00005745535498
:10C7C0005F544F504449522F7A65706879722F73C5
:10C7D00075627379732F7368656C6C2F7368656C01
:10C7E0006C2E63005741524E494E473A204120700B
:10C7F00072696E74207265717565737420776173E8
:10C80000206465746563746564206F6E206E6F7458
:10C8100020616374697665207368656C6C20626161
:10C82000636B656E642E0A00202000000A257325C4
:10C8300073000000506C65617365207072657373DE
:10C8400020746865203C5461623E20627574746F88
:10C850006E20746F2073656520616C6C2061766159
:10C86000696C61626C6520636F6D6D616E64732EBF
:10C870000A000000596F752063616E20616C736F50
:10C880002075736520746865203C5461623E2062A7
:10C890007574746F6E20746F2070726F6D70742079
:10C8A0006F72206175746F2D636F6D706C65746548
:10C8B00020616C6C20636F6D6D616E6473206F72AC
:10C8C0002069747320737562636F6D6D616E64733C
:10C8D0002E0A0000596F752063616E2074727920F2
:10C8E000746F2063616C6C20636F6D6D616E647337
:10C8F0002077697468203C2D683E206F72203C2DA3
:10C900002D68656C703E20706172616D6574657232
:10C9100020666F72206D6F726520696E666F726D32
:10C920006174696F6E2E0A000A5368656C6C20731F
:10C930007570706F72747320666F6C6C6F77696E50
:10C9400067206D6574612D6B6579733A0A20204309
:10C9500074726C202B202861206B65792066726FC1
:10C960006D3A206162636465666B6C6E7074757796
:10C97000290A2020416C7420202B202861206B651F
:10C98000792066726F6D3A206266290A506C656183
:10C99000736520726566657220746F207368656CBC
:10C9A0006C20646F63756D656E746174696F6E2061
:10C9B000666F72206D6F72652064657461696C7357
:10C9C0002E0A00000A417661696C61626C65206321
:10C9D0006F6D6D616E64733A0A000000253038583F
:10C9E0003A2000007C0A000068656C7000000000BE
:10C9F0005072696E7473207468652068656C70206D
:10CA00006D6573736167652E00000000E8C907005B
:10CA1000F0C90700000000006D890400010000005B
:10CA2000574553545F544F504449522F7A657068AC
:10CA300079722F7375627379732F7368656C6C2FBD
:10CA40007368656C6C5F7574696C732E63000000AD
:10CA50001B5B256425630000574553545F544F50BA
:10CA60004449522F7A65706879722F7375627379B1
:10CA7000732F7368656C6C2F7368656C6C5F6F7077
:10CA8000732E63001B5B313B3325646D0000000097
:10CA90001B5B34303325646D000000006DA1040081
:10CAA000B5A00400B1A004000000000000000000D8
:10CAB000000000000000000055736167653A202502
:10CAC000732000002573252D2A730000257325731C
:10CAD000000000002D2D68656C700000202D2000E6
:10CAE000202000004C6F7374206C6F67733A202510
:10CAF0006C750A005B2533645D2025730A00000015
:10CB00006F66660020756E6B6E6F776E2070617257
:10CB1000616D657465723A200000000025733A2546
:10CB20007325730A000000004563686F2073746109
:10CB30007475733A2025730A00000000416374691C
:10CB40007665207368656C6C206261636B656E64EA
:10CB5000733A0A00574553545F544F504449522F7B
:10CB60007A65706879722F7375627379732F736841
:10CB7000656C6C2F7368656C6C5F636D64732E639A
:10CB80000000000020202532642E203A2573202842
:10CB90002573290A000000004E6F20726573706FC4
:10CBA0006E73652066726F6D20746865207465729F
:10CBB0006D696E616C2C20617373756D65642038CE
:10CBC000307832342073637265656E2073697A65DC
:10CBD0000A0000001B5B366E000000007265747670
:10CBE000616C00005072696E742072657475726EAB
:10CBF0002076616C7565206F66206D6F737420728E
:10CC00006563656E7420636F6D6D616E6400000016
:10CC1000726573697A650000436F6E736F6C65208F
:10CC200067657473207465726D696E616C207363DF
:10CC30007265656E2073697A65206F722061737307
:10CC4000756D65732064656661756C7420696E200E
:10CC5000636173652074686520726561646F7574C3
:10CC6000206661696C732E204974206D7573742081
:10CC700062652065786563757465642061667465B6
:10CC8000722065616368207465726D696E616C20E5
:10CC90007769647468206368616E676520746F20CB
:10CCA000656E7375726520636F727265637420744C
:10CCB00065787420646973706C61792E00000000DF
:10CCC000686973746F727900436F6D6D616E642073
:10CCD000686973746F72792E000000005573656681
:10CCE000756C2C206E6F7420556E69782D6C696B95
:10CCF00065207368656C6C20636F6D6D616E647325
:10CD00002E000000636C656172000000436C656179
:10CD1000722073637265656E2E00000072656D008F
:10CD200049676E6F7265206C696E65732062656716
:10CD3000696E6E696E672077697468202772656D09
:10CD40002027000064656661756C7400417373751B
:10CD50006D6520383020636861727320736372657B
:10CD6000656E20776964746820616E642073656EF7
:10CD70006420746869732073657474696E672074C5
:10CD80006F20746865207465726D696E616C2E0029
:10CD90006261636B656E6473000000004C697374BC
:10CDA00020616374697665207368656C6C206261CC
:10CDB000636B656E64732E0A000000006261636B32
:10CDC00073706163655F6D6F64650000546F6767C2
:10CDD0006C65206261636B7370616365206B65795C
:10CDE000206D6F64652E0A536F6D65207465726DDA
:10CDF000696E616C7320617265206E6F742073655B
:10CE00006E64696E67207365706172617465206518
:10CE1000736361706520636F646520666F72206262
:10CE200061636B737061636520616E642064656C1F
:10CE300065746520627574746F6E2E205468697312
:10CE400020636F6D6D616E6420666F726365732021
:10CE50007368656C6C20746F20696E746572707293
:10CE600065742064656C657465206B6579206173F9
:10CE7000206261636B73706163652E00636F6C6F1A
:10CE800072730000546F67676C6520636F6C6F721C
:10CE900065642073796E7461782E00007674313089
:10CEA00030000000546F67676C6520767431303055
:10CEB00020636F6D6D616E64732E000070726F6D14
:10CEC00070740000546F67676C652070726F6D70CE
:10CED000742E00006563686F00000000546F676780
:10CEE0006C65207368656C6C206563686F2E00004C
:10CEF00073746174730000005368656C6C20737404
:10CF000061746973746963732E0000006261636BFE
:10CF10007370616365000000536574206469666620
:10CF20006572656E742065736361706520636F64FC
:10CF30006520666F72206261636B73706163652048
:10CF4000616E642064656C657465206B65792E0084
:10CF500064656C65746500005365742074686520B1
:10CF600073616D652065736361706520636F6465CF
:10CF700020666F72206261636B737061636520610C
:10CF80006E642064656C657465206B65792E0000A5
:10CF90007265736574000000526573657420736870
:10CFA000656C6C2073746174697374696373206653
:10CFB0006F7220746865204C6F67676572206D6FB3
:10CFC00064756C652E000000476574207368656C9D
:10CFD0006C207374617469737469637320666F7213
:10CFE00020746865204C6F67676572206D6F64758B
:10CFF0006C652E0044697361626C65207368656CB2
:10D000006C206563686F2E2045646974696E6720C3
:10D010006B65797320616E64206D6574612D6B653D
:10D02000797320617265206E6F742068616E646C24
:10D0300065640000456E61626C65207368656C6CA8
:10D04000206563686F2E000044697361626C65201F
:10D0500070726F6D70742E00456E61626C65207029
:10D06000726F6D70742E000044697361626C65208C
:10D07000767431303020636F6D6D616E64732E0095
:10D08000456E61626C6520767431303020636F6D5F
:10D090006D616E64732E000044697361626C65207B
:10D0A000636F6C6F7265642073796E7461782E00A3
:10D0B000456E61626C6520636F6C6F72656420738E
:10D0C000796E7461782E0000DCCB0700E4CB07009A
:10D0D00000000000F5A504000100000010CC0700CE
:10D0E00018CC070040D10700C1A6040001010000D0
:10D0F000C0CC0700C8CC070000000000B1A50400A8
:10D1000001000000D8DC0700DCCC07006CD1070070
:10D11000000000000000000004CD07000CCD070057
:10D120000000000081A80400010000001CCD0700E1
:10D1300020CD07000000000029A504000000000029
:10D1400044D1070044CD07004CCD0700000000008B
:10D1500055A50400010000000000000000000000D0
:10D1600000000000000000000000000070D1070077
:10D1700090CD07009CCD07000000000061A60400D0
:10D1800001000000BCCD0700CCCD070010D2070085
:10D1900000000000000000007CCE070084CE0700E5
:10D1A00050D3070000000000000000009CCE0700E4
:10D1B000A4CE070010D3070000000000000000000C
:10D1C000BCCE0700C4CE0700D0D20700000000008C
:10D1D00000000000D4CE0700DCCE070090D207008C
:10D1E00011A6040001010000F0CE0700F8CE0700F0
:10D1F00050D2070000000000000000000000000006
:10D20000000000000000000000000000000000001E
:10D2100014D207000CCF070018CF07000000000051
:10D220004DA904000100000050CF070058CF0700AF
:10D2300000000000C1A80400010000000000000080
:10D2400000000000000000000000000000000000DE
:10D2500054D2070090CF070098CF070000000000CD
:10D260002DA50400010000008CAE0700C8CF070008
:10D270000000000081A50400010000000000000083
:10D28000000000000000000000000000000000009E
:10D2900094D2070000CB0700F4CF07000000000085
:10D2A000DDA8040001000000180D080034D00700BC
:10D2B0000000000031A9040001000000000000008F
:10D2C000000000000000000000000000000000005E
:10D2D000D4D2070000CB070048D0070000000000B0
:10D2E000A1A5040001000000180D080058D0070097
:10D2F0000000000095A504000100000000000000EF
:10D30000000000000000000000000000000000001D
:10D3100014D3070000CB070068D00700000000000E
:10D3200085A9040001000000180D080080D0070046
:10D3300000000000F9A80400010000000000000047
:10D3400000000000000000000000000000000000DD
:10D3500054D3070000CB070098D00700000000005E
:10D3600069A9040001000000180D0800B0D00700F2
:10D370000000000015A904000100000000000000EA
:10D38000000000000000000000000000000000009D
:10D39000436F6D6D616E64206275666665722069AB
:10D3A0007320746F6F2073686F727420746F2065C0
:10D3B0007870616E6420616C6C20636F6D6D616E5E
:10D3C0006473206D61746368696E672077696C644B
:10D3D00063617264207061747465726E3A202573A3
:10D3E0000A0000002A2A2A20426F6F74696E6720A3
:10D3F0006E524620436F6E6E6563742053444B201B
:10D4000076332E332E302D626131363764396633F0
:10D41000646234202A2A2A0A000000002A2A2A20CC
:10D420005573696E67205A6570687972204F532072
:10D4300076342E332E39392D6664393230346130EA
:10D4400032643532202A2A2A0A00000072302F6105
:10D45000313A2020307825303878202072312F6101
:10D46000323A2020307825303878202072322F61EF
:10D47000333A2020307825303878000072332F611D
:10D48000343A2020307825303878207231322F69B4
:10D49000703A2020307825303878207231342F6C63
:10D4A000723A202030782530387800002078707368
:10D4B000723A202030782530387800004661756C4B
:10D4C00074696E6720696E737472756374696F6EC8
:10D4D000206164647265737320287231352F706324
:10D4E000293A20307825303878000000556E686180
:10D4F0006E646C6564204952516E3A2025640000C8
:10D500002A2A2A2A2A204D5055204641554C54207B
:10D510002A2A2A2A2A0000002020537461636B699A
:10D520006E67206572726F722028636F6E74657803
:10D53000742061726561206D69676874206265207E
:10D540006E6F742076616C69642900002020556E2E
:10D55000737461636B696E67206572726F7200002D
:10D5600020204461746120416363657373205669B0
:10D570006F6C6174696F6E0020204D4D46415220E2
:10D58000416464726573733A203078257800000036
:10D590002020496E737472756374696F6E204163E5
:10D5A000636573732056696F6C6174696F6E0000F8
:10D5B0002020466C6F6174696E672D706F696E74A0
:10D5C000206C617A79207374617465207072657360
:10D5D0006572766174696F6E206572726F72000099
:10D5E000574553545F544F504449522F7A657068E1
:10D5F00079722F617263682F61726D2F636F72652C
:10D600002F636F727465785F6D2F6661756C742E11
:10D61000630000002A2A2A2A2A2042555320464124
:10D62000554C54202A2A2A2A2A000000202053740C
:10D6300061636B696E67206572726F720000000033
:10D640002020507265636973652064617461206293
:10D650007573206572726F720000000020204246D0
:10D66000415220416464726573733A2030782578A2
:10D67000000000002020496D7072656369736520A9
:10D680006461746120627573206572726F7200004C
:10D690002020496E737472756374696F6E206275B1
:10D6A00073206572726F72002A2A2A2A2A20555323
:10D6B000414745204641554C54202A2A2A2A2A000F
:10D6C00020204469766973696F6E206279207A65DB
:10D6D000726F00002020556E616C69676E65642072
:10D6E0006D656D6F7279206163636573730000000F
:10D6F0002020537461636B206F766572666C6F7760
:10D700002028636F6E746578742061726561206E85
:10D710006F742076616C69642900000020204E6FD0
:10D7200020636F70726F636573736F7220696E73BD
:10D730007472756374696F6E730000002020496C09
:10D740006C6567616C206C6F6164206F6620455862
:10D75000435F52455455524E20696E746F205043BA
:10D76000000000002020496C6C6567616C207573B7
:10D7700065206F6620746865204550535200000094
:10D780002020417474656D707420746F2065786515
:10D790006375746520756E646566696E656420697D
:10D7A0006E737472756374696F6E00005265736591
:10D7B0007276656420457863657074696F6E2028A1
:10D7C0000000000053707572696F757320696E7484
:10D7D0006572727570742028495251200000000053
:10D7E000457863657074696F6E206F6363757272DC
:10D7F000656420696E20536563757265205374619A
:10D80000746500002A2A2A2A2A20484152442046C8
:10D8100041554C54202A2A2A2A2A000020204275E9
:10D8200073206661756C74206F6E20766563746F0B
:10D8300072207461626C6520726561640000000092
:10D8400020204465627567206576656E740000006F
:10D8500020204661756C7420657363616C61746926
:10D860006F6E20287365652062656C6F77290000F4
:10D87000415243485F455843455054207769746886
:10D8800020726561736F6E2025780A002A2A2A2A81
:10D890002A204465627567206D6F6E69746F72200F
:10D8A000657863657074696F6E202A2A2A2A2A00B7
:10D8B0002A2A2A2A2A20257320256429202A2A2A6E
:10D8C0002A2A0000574553545F544F504449522F61
:10D8D0007A65706879722F617263682F61726D2F3B
:10D8E000636F72652F636F727465785F6D2F6972F5
:10D8F000715F6D616E6167652E63000000600120DD
:10D9000000000000060001006D7075004661696C42
:10D91000656420746F20616C6C6F63617465206E48
:10D920006577204D505520726567696F6E202575AB
:10D930000A000000506172746974696F6E20257569
:10D940003A2073616E69747920636865636B206641
:10D9500061696C65642E0000496E76616C696420B3
:10D96000756E6465726C79696E6720726567696F40
:10D970006E20696E64657820257500005745535404
:10D980005F544F504449522F7A65706879722F6105
:10D990007263682F61726D2F636F72652F6D707582
:10D9A0002F61726D5F6D70752E63000002000000C4
:10D9B000C4D90700464C4153485F30005352414D93
:10D9C0005F30000000000000B4D90700060000002E
:10D9D000E0FF0F0000600120BCD90700210000001B
:10D9E000E0FF032061626F727428290A00000000C2
:10D9F000574553545F544F504449522F7A657068CD
:10DA000079722F6C69622F6E65745F6275662F6222
:10DA100075662E630000000021C6040000000000AF
:10DA20005DC604006E65745F6275660057455354A9
:10DA30005F544F504449522F7A65706879722F6C49
:10DA400069622F6E65745F6275662F6275665F73BB
:10DA5000696D706C652E63006E65745F6275665FDC
:10DA600073696D706C650000736F630057455354A4
:10DA70005F544F504449522F7A65706879722F690C
:10DA80006E636C7564652F7A65706879722F647245
:10DA900069766572732F656E74726F70792E680087
:10DAA000574553545F544F504449522F7A6570681C
:10DAB00079722F7375627379732F6E65742F6C6929
:10DAC000622F736F636B6574732F736F636B657411
:10DAD000732E6300574553545F544F504449522F9F
:10DAE0007A65706879722F696E636C7564652F7AD8
:10DAF00065706879722F6E65742F6E65745F636FE1
:10DB00006E746578742E6800574553545F544F50B7
:10DB10004449522F7A65706879722F7375627379F0
:10DB2000732F6E65742F6C69622F736F636B6574EE
:10DB3000732F736F636B6574735F696E65742E63A7
:10DB4000000000002DE90400ADE10400A9DE04009E
:10DB500009DA04001DDF0400F1DD04001DE004000B
:10DB600079E0040021E40400A9E10400D1E8040004
:10DB7000A9EC0400ADEF040085E2040015EA0400FE
:10DB800031F0040089DD0400496E746572666163DA
:10DB90006520696E646578206973206D69737369A7
:10DBA0006E672E0A00000000496E76616C69642081
:10DBB000696E6465782025730A000000496E7661FD
:10DBC0006C696420696E6465782025640A00000031
:10DBD0003C696E76616C696420747970653E000002
:10DBE0003C696E76616C69642073746174653E0093
:10DBF00025733A256400000041465F554E53504559
:10DC00004300000041465F5041434B455400000033
:10DC100041465F43414E000041465F554E4B28252B
:10DC20006429000057694669000000004574686572
:10DC3000726E6574000000003C756E6B6E6F776EDF
:10DC400020747970653E00003D3D3D3D3D3D3D3DCC
:10DC5000000000003D3D3D3D3D3D3D3D3D3D3D3DE8
:10DC60003D3D00003C756E6B6E6F776E2073746186
:10DC700074653E0074656E746174697665000000B9
:10DC8000707265666572726564000000646570722A
:10DC900065636174656400006175746F636F6E66BF
:10DCA0000000000044484350000000006D616E75A4
:10DCB000616C00006F76657272696461626C650008
:10DCC0004E6574776F726B696E6720636F6D6D61FF
:10DCD0006E6473006E65745F7368656C6C00000041
:10DCE00064DC070074DC070080DC07008CDC0700C4
:10DCF00038DC070098DC0700A4DC0700ACDC070078
:10DD0000B4DC0700A8AD0700C0DC07007092070074
:10DD100000000000000000006E65745F706B7420EE
:10DD2000616C6C6F636174696F6E0000434F4E46A7
:10DD300049475F4E45545F44454255475F4E455401
:10DD40005F504B545F414C4C4F430000536574206F
:10DD5000257320746F20656E61626C6520257320C9
:10DD6000737570706F72742E0A000000616C6C6FB6
:10DD7000637300005072696E74206E6574776F7201
:10DD80006B206D656D6F727920616C6C6F6361746F
:10DD9000696F6E732E0000002020202020496E74D1
:10DDA00065726661636520204C696E6B20202020BF
:10DDB00020202020202020202020416464726573D0
:10DDC000730A00005B2532645D202564202020203A
:10DDD00020202020202025732025730A0000000029
:10DDE000466C757368696E672041525020636163A9
:10DDF00068652E0A0000000041525020636163688C
:10DE00006520697320656D7074792E0A000000002A
:10DE1000617270005072696E7420696E666F726D07
:10DE20006174696F6E2061626F7574204950763439
:10DE3000204152502063616368652E00666C7573E3
:10DE40006800000052656D6F766520616C6C20651E
:10DE50006E74726965732066726F6D204152502036
:10DE600063616368652E00006CDE07003CDE07001E
:10DE700044DE070000000000D5F2040000000000AE
:10DE80000000000000000000000000000000000092
:10DE9000000000006E6574776F726B207061636BB9
:10DEA000657420636170747572650000434F4E465F
:10DEB00049475F4E45545F43415054555245000019
:10DEC0006361707475726500436F6E666967757221
:10DED00065206E6574776F726B207061636B65741B
:10DEE00020636170747572652E000000736574752F
:10DEF000700000005365747570206E6574776F72E2
:10DF00006B207061636B65742063617074757265FA
:10DF10002E0A276E657420636170747572652073B4
:10DF200065747570203C72656D6F74652D69702D18
:10DF3000616464723E203C6C6F63616C2D6164644B
:10DF4000723E203C706565722D616464723E270AE2
:10DF50003C72656D6F74653E20697320746865203E
:10DF6000286F757465722920656E64706F696E74B0
:10DF700020495020616464726573732C0A3C6C6F95
:10DF800063616C3E206973207468652028696E6E39
:10DF9000657229206C6F63616C2049502061646454
:10DFA000726573732C0A3C706565723E206973203C
:10DFB0007468652028696E6E6572292070656572C7
:10DFC00020495020616464726573730A4C6F636109
:10DFD0006C20616E642050656572206164647265B6
:10DFE000737365732063616E2068617665205544A4
:10DFF0005020706F7274206E756D62657220696E4C
:10E00000207468656D20286F7074696F6E616C296B
:10E010000A6C696B65203139382E302E35312E323D
:10E020003A39303030206F72205B323030313A6410
:10E0300062383A3130303A3A325D3A343234320072
:10E04000636C65616E757000436C65616E75702000
:10E050006E6574776F726B207061636B657420639B
:10E060006170747572652E00656E61626C6500008A
:10E07000456E61626C65206E6574776F726B20709F
:10E0800061636B6574206361707475726520666F7F
:10E0900072206120676976656E206E6574776F7295
:10E0A0006B20696E746572666163652E0A276E6502
:10E0B00074206361707475726520656E61626C6551
:10E0C000203C696E7465726661636520696E646583
:10E0D000783E270064697361626C6500446973610E
:10E0E000626C65206E6574776F726B207061636B14
:10E0F000657420636170747572652E0000E107001D
:10E10000ECDE0700F4DE07000000000095F30400D9
:10E110000000000040E0070048E0070000000000A9
:10E12000C1F304000000000068E0070070E0070091
:10E1300000000000EDF3040000000000D4E0070040
:10E14000DCE007000000000069F3040000000000AC
:10E1500000000000000000000000000000000000BF
:10E16000000000002020202020436F6E746578742A
:10E170002020200949666163652020466C61677331
:10E180002020202020202020202020204C6F636190
:10E190006C202020202020202020202020205265BC
:10E1A0006D6F74650A0000004E6F20636F6E6E65C0
:10E1B0006374696F6E730A000A2020202020486172
:10E1C0006E646C65722020202043616C6C62616318
:10E1D0006B202050726F746F202020202020202080
:10E1E000202020204C6F63616C20202020202020E4
:10E1F000202020202020202020202052656D6F74B8
:10E20000650A00004E6F20636F6E6E656374696F00
:10E210006E2068616E646C65727320666F756E64E3
:10E220002E0A00000A5443502020202020202020C5
:10E23000436F6E7465787420202053726320706F72
:10E2400072742044737420706F72742020205365A0
:10E250006E642D53657120202053656E642D4163DB
:10E260006B20204D53532020202053746174650A85
:10E27000000000004E6F2054435020636F6E6E65A7
:10E280006374696F6E730A0054435020646562754D
:10E290006767696E67000000434F4E4649475F4E0F
:10E2A00045545F5443505F4C4F475F4C4556454C77
:10E2B0005F44424700000000257020257020202088
:10E2C00025357520202020253575202531307520F5
:10E2D000253130752025357520202025730A000052
:10E2E0005B2532645D202570202570202025730970
:10E2F0002531367309253136730A00005B253264F7
:10E300005D202570092564202020202020256325FC
:10E310006325632020202531367309253136730AA1
:10E3200000000000636F6E6E000000005072696EA6
:10E330007420696E666F726D6174696F6E206162C0
:10E340006F7574206E6574776F726B20636F6E6E7D
:10E35000656374696F6E732E00000000444843507B
:10E3600076340000434F4E4649475F4E45545F4464
:10E3700048435056340000004448435076342073DC
:10E380006572766572000000434F4E4649475F4E06
:10E3900045545F4448435056345F534552564552A6
:10E3A0000000000064686370763400004D616E61A7
:10E3B00067652044485043763420736572766963FC
:10E3C00065732E0073657276657200004448435091
:10E3D0007634207365727665722073657276696330
:10E3E00065206D616E6167656D656E742E0000005D
:10E3F000636C69656E740000444843507634206352
:10E400006C69656E74206D616E6167656D656E74B3
:10E410002E00000073746172740000005374617206
:10E4200074207468652044484350763420636C69D6
:10E43000656E74206F7065726174696F6E206F6EA7
:10E440002074686520696E746572666163652E0A62
:10E45000276E65742064686370763420636C696528
:10E460006E74207374617274203C696E6465783ECA
:10E47000270A3C696E6465783E206973207468657C
:10E48000206E6574776F726B20696E746572666159
:10E49000636520696E6465782E00000073746F7088
:10E4A0000000000053746F70207468652044484376
:10E4B00050763420636C69656E74206F706572618C
:10E4C00074696F6E206F6E2074686520696E746564
:10E4D00072666163652E0A276E65742064686370D6
:10E4E000763420636C69656E742073746F70203CA1
:10E4F000696E6465783E270A3C696E6465783E20E3
:10E50000697320746865206E6574776F726B20691B
:10E510006E7465726661636520696E6465782E004D
:10E520005374617274207468652044484350763493
:10E5300020736572766572206F7065726174696FA1
:10E540006E206F6E2074686520696E7465726661F6
:10E5500063652E0A276E65742064686370763420C4
:10E56000736572766572207374617274203C696E93
:10E570006465783E203C6261736520616464726505
:10E5800073733E270A3C696E6465783E2069732088
:10E59000746865206E6574776F726B20696E746540
:10E5A000726661636520696E6465782E0A3C6261FB
:10E5B000736520616464726573733E2069732074AF
:10E5C0006865206669727374206164647265737330
:10E5D00020666F722074686520616464726573736D
:10E5E00020706F6F6C2E000053746F70207468651C
:10E5F0002044484350763420736572766572206FEC
:10E600007065726174696F6E206F6E20746865202A
:10E61000696E746572666163652E0A276E65742083
:10E6200064686370763420736572766572207374E3
:10E630006F70203C696E6465783E270A3C696E64A1
:10E6400065783E20697320746865206E6574776F05
:10E65000726B20696E7465726661636520696E64B1
:10E6600065782E005072696E742074686520444885
:10E6700043507634207365727665722073746174CA
:10E680007573206F6E2074686520696E746572669C
:10E690006163652E0A276E65742064686370763442
:10E6A0002073657276657220737461747573203C93
:10E6B000696E6465783E270A3C696E6465783E2021
:10E6C000697320746865206E6574776F726B20695A
:10E6D0006E7465726661636520696E6465782E206C
:10E6E0004F7074696F6E616C2E000000F0E60700D9
:10E6F000C4E30700CCE307006CE70700000000005C
:10E7000000000000F0E30700F8E307002CE7070033
:10E7100000000000000000000000000000000000F9
:10E7200000000000000000000000000030E70700CB
:10E7300014E407001CE407000000000051F8040086
:10E74000020000009CE40700A4E4070000000000B1
:10E75000A9F8040002000000000000000000000012
:10E7600000000000000000000000000070E707004B
:10E7700014E4070020E50700000000007DF8040015
:10E78000030000009CE40700E8E50700000000002B
:10E79000D5F804000200000054AE070064E607004C
:10E7A0000000000001F90400010100000000000069
:10E7B0000000000000000000000000000000000059
:10E7C0004468637076360000434F4E4649475F4EBB
:10E7D00045545F44484350563600000064686370F7
:10E7E000763600004D616E6167652044485043767F
:10E7F000362073657276696365732E0044686370B2
:10E80000763620636C69656E74206D616E61676534
:10E810006D656E742E00000053746172742074680C
:10E82000652044686370763620636C69656E742079
:10E830006F7065726174696F6E206F6E20746865A9
:10E8400020696E746572666163652E0A276E657451
:10E850002064686370763620636C69656E7420731B
:10E8600074617274203C696E6465783E270A3C6965
:10E870006E6465783E20697320746865206E6574E7
:10E88000776F726B20696E7465726661636520696B
:10E890006E6465782E00000053746F702074686594
:10E8A0002044686370763620636C69656E74206FEF
:10E8B0007065726174696F6E206F6E207468652078
:10E8C000696E746572666163652E0A276E657420D1
:10E8D00064686370763620636C69656E7420737447
:10E8E0006F70203C696E6465783E270A3C696E64EF
:10E8F00065783E20697320746865206E6574776F53
:10E90000726B20696E7465726661636520696E64FE
:10E9100065782E0018E90700F0E30700FCE7070020
:10E9200040E90700000000000000000000000000B7
:10E9300000000000000000000000000000000000D7
:10E9400044E9070014E4070018E80700000000008D
:10E950002DF90400020000009CE4070098E807007D
:10E960000000000059F9040002000000000000004F
:10E970000000000000000000000000000000000097
:10E98000444E5320736572766963652064697363CE
:10E990006F76657279206E6F7420737570706F7208
:10E9A0007465642E2053657420434F4E4649475F7B
:10E9B000444E535F534420746F20656E61626C65F2
:10E9C0002069742E0A000000444E53207265736F54
:10E9D0006C766572206E6F7420737570706F7274D0
:10E9E00065642E2053657420434F4E4649475F446B
:10E9F0004E535F5245534F4C56455220746F20651D
:10EA00006E61626C652069742E0A0000444E5320CA
:10EA10007265736F6C76657200000000434F4E465E
:10EA200049475F444E535F5245534F4C5645520041
:10EA3000646E730053686F7720686F7720444E537D
:10EA400020697320636F6E666967757265642E2036
:10EA50004F7074696F6E616C6C7920646F206120F7
:10EA60007175657279207573696E672061206769B9
:10EA700076656E206E616D652E00000063616E63C9
:10EA8000656C000043616E63656C20616C6C207086
:10EA9000656E64696E672072657175657374732E37
:10EAA000000000007175657279000000276E6574C2
:10EAB00020646E73203C686F73746E616D653E20D8
:10EAC0005B41206F7220414141415D272071756596
:10EAD000726965732049507634206164647265738D
:10EAE00073202864656661756C7429206F722049F3
:10EAF000507636206164647265737320666F72208D
:10EB00006120686F7374206E616D652E00000000D7
:10EB10004C697374206C6F63616C20444E53207396
:10EB2000657276696365207265636F7264732E0027
:10EB30007365727669636500276E657420646E7311
:10EB40002073657276696365203C736572766963CC
:10EB5000652D6465736372697074696F6E3E0A45F2
:10EB600078656375746520444E53207365727669C9
:10EB7000636520646973636F76657279207175656A
:10EB800072792E0088EB07007CEA070084EA070010
:10EB900000000000BDF9040000000000A4EA070026
:10EBA000ACEA070000000000A1F90400000000002A
:10EBB0005CBD070010EB07000000000085F90400B1
:10EBC0000000000030EB070038EB070000000000F9
:10EBD00005FA040000000000000000000000000032
:10EBE0000000000000000000000000004E65747787
:10EBF0006F726B206D616E6167656D656E74206507
:10EC000076656E747320617265206E6F7420737503
:10EC100070706F727465642E2053657420434F4E7C
:10EC20004649475F4E45545F4D474D545F455645F5
:10EC30004E545F4D4F4E49544F5220746F20656EB5
:10EC400061626C652069742E0A0000006576656E4D
:10EC5000747300004D6F6E69746F72206E65747707
:10EC60006F726B206D616E6167656D656E74206596
:10EC700076656E74732E00005475726E206F6E2070
:10EC80006E6574776F726B206576656E74206D6F3C
:10EC90006E69746F72696E672E0000005475726E33
:10ECA000206F6666206E6574776F726B206576657F
:10ECB0006E74206D6F6E69746F72696E672E0000DE
:10ECC000C4EC0700180D080078EC070000000000F5
:10ECD00021FA04000000000000CB07009CEC0700B4
:10ECE0000000000059FA04000000000000000000CD
:10ECF0000000000000000000000000000000000014
:10ED00006750545000000000434F4E4649475F4E45
:10ED100045545F4750545000677074700000000005
:10ED20005072696E7420696E666F726D6174696F7E
:10ED30006E2061626F757420675054502073757037
:10ED4000706F72742E000000276E657420677074F7
:10ED500070205B3C706F72743E5D27207072696E2C
:10ED600074732064657461696C656420696E666F94
:10ED7000726D6174696F6E2061626F757420675087
:10ED8000545020706F72742E0000000090ED070048
:10ED9000F4F6070048ED07000000000075FA0400D3
:10EDA0000000000000000000000000000000000063
:10EDB00000000000000000004854545020696E66B6
:10EDC0006F726D6174696F6E00000000434F4E46B4
:10EDD00049475F485454505F5345525645520000CE
:10EDE000687474700000000053686F7720485454B2
:10EDF000502073657276696365732E002573205BFE
:10EE000025735D202825702900000000556E73755C
:10EE100070706F7274656420636F6D6D616E642CC9
:10EE200020706C6561736520656E61626C6520435E
:10EE30004F4E4649475F4E45545F4C325F455448FC
:10EE400045524E455420616E6420434F4E4649471B
:10EE50005F4E45545F4C325F45544845524E4554D1
:10EE60005F4D474D540A00004E6F20737563682054
:10EE7000696E7465726661636520696E20696E648F
:10EE800065782025640A000044656661756C74200D
:10EE9000696E746572666163653A2025640A0A00CA
:10EEA00055736167653A206E6574206966616365B4
:10EEB000207365745F6C696E6B203C696E64657865
:10EEC0003E203C53706565643A31302F3130302F2D
:10EED000313030302F323530302F353030303E2029
:10EEE0005B4475706C65785D3A682F663E0A000079
:10EEF000496E7465726661636520256420697320BC
:10EF00006E6F742045746865726E657420747970D4
:10EF1000650A00004E6F2050485920646576696389
:10EF20006520666F756E6420666F7220696E746509
:10EF300072666163652025640A0000006E6F2D61B2
:10EF400075746F6E6567000032353030424153454D
:10EF50002068616C662D6475706C6578206E6F74C6
:10EF600020737570706F727465640A0035303030CC
:10EF7000424153452068616C662D6475706C6578FC
:10EF8000206E6F7420737570706F727465640A0000
:10EF9000556E737570706F727465642073706565FB
:10EFA000642025640A0000004E6F2073706565645C
:10EFB000207370656369666965640A004E6F20643A
:10EFC000656661756C7420696E74657266616365EF
:10EFD0000A00000044656661756C7420696E746592
:10EFE00072666163653A2025640A00004661696CB7
:10EFF000656420746F207365742064656661756C48
:10F000007420696E7465726661636520746F202573
:10F01000640A000043616E6E6F742074616B65203A
:10F02000696E7465726661636520256420646F771C
:10F030006E20282564290A00496E74657266616332
:10F040006520256420697320646F776E0A000000D4
:10F05000504F494E544F504F494E542C0000000021
:10F0600050524F4D4953432C000000004E4F5F411A
:10F0700055544F5F53544152542C00004D4341535B
:10F08000545F464F52574152442C00004950763449
:10F090002C000000495076362C0000004E4F5F4E89
:10F0A000442C00004E4F5F4D4C442C004155544FB2
:10F0B0005F53544152542C00496E7465726661630B
:10F0C0006520256420697320616C72656164792014
:10F0D00075702E0A0000000043616E6E6F7420741C
:10F0E000616B6520696E7465726661636520256475
:10F0F00020757020282564290A000000496E746577
:10F1000072666163652025642069732075700A004A
:10F110003C3F3E00555000004F4E00004F46460019
:10F120003120476269747300313030204D62697458
:10F13000730000003130204D6269747300000000DC
:10F1400068616C660000000020696E66696E697413
:10F150006500000020203C6E6F74206A6F696E6548
:10F16000643E00000A496E7465726661636520251D
:10F170007320282570292028257329205B25645DAC
:10F180000A0000003D3D3D3D3D3D3D3D3D3D3D3D99
:10F190003D3D3D3D3D3D3D3D3D3D3D3D3D3D3D25B7
:10F1A000730A0000496E7465726661636520697355
:10F1B00020646F776E2E0A00574553545F544F50AA
:10F1C0004449522F7A65706879722F696E636C7545
:10F1D00064652F7A65706879722F6E65742F6E651D
:10F1E000745F69662E6800004C696E6B2061646410
:10F1F00072203A2025730A004D54552020202020EB
:10F2000020203A2025640A00466C61677320202084
:10F2100020203A2025730A00446576696365202022
:10F2200020203A20257320282570290A000000009C
:10F23000537461747573202020203A206F706572BA
:10F240003D25732C2061646D696E3D25732C206310
:10F250006172726965723D25730A000045746865C4
:10F26000726E6574206361706162696C697469654E
:10F270007320737570706F727465643A0A000000D1
:10F280000925730A0000000045746865726E657494
:10F2900020504859206465766963653A20257320BB
:10F2A000282570290A0000003C6E6F6E653E000044
:10F2B000656E61626C656400495076340000000040
:10F2C0002573206E6F7420257320666F722074681A
:10F2D000697320696E746572666163652E0A000049
:10F2E0004661696C656420746F20676574206C6981
:10F2F0006E6B20737461746520282564290A0000F0
:10F3000045746865726E6574206C696E6B207370ED
:10F310006565643A202573200000000025732D6484
:10F3200075706C65780A00004950763420756E69F6
:10F3300063617374206164647265737365732028FC
:10F340006D6178202564293A0A0000000925732F91
:10F35000257320257320257325730A00093C6E6FE1
:10F360006E653E0A0000000049507634206D756CD1
:10F370007469636173742061646472657373657327
:10F3800020286D6178202564293A0A000925732513
:10F39000730A00004950763420676174657761799B
:10F3A000203A2025730A0000696661636500000049
:10F3B0005072696E7420696E666F726D6174696FE8
:10F3C0006E2061626F7574206E6574776F726B204A
:10F3D000696E74657266616365732E00276E65746D
:10F3E000206966616365207570203C696E6465788C
:10F3F0003E272074616B6573206E6574776F726B46
:10F4000020696E746572666163652075702E0000F8
:10F41000276E657420696661636520646F776E206E
:10F420003C696E6465783E272074616B6573206E5D
:10F430006574776F726B20696E746572666163655F
:10F4400020646F776E2E0000276E657420696661F8
:10F450006365203C696E6465783E272073686F772A
:10F4600073206E6574776F726B20696E7465726657
:10F4700061636520696E666F726D6174696F6E2E6F
:10F48000000000007365745F6D616300276E657432
:10F49000206966616365207365745F6D6163203CFC
:10F4A000696E6465783E203C4D41433E272073657C
:10F4B0007473204D414320616464726573732066E8
:10F4C0006F7220746865206E6574776F726B206947
:10F4D0006E746572666163652E000000276E657448
:10F4E0002069666163652064656661756C74205B84
:10F4F0003C696E6465783E5D2720646973706C6159
:10F500007973206F7220736574732074686520644A
:10F51000656661756C74206E6574776F726B2069B7
:10F520006E746572666163652E0000007365745FBA
:10F530006C696E6B00000000276E6574206966615F
:10F540006365207365745F6C696E6B203C696E64E3
:10F5500065783E203C53706565642031302F313032
:10F56000302F313030302F323530302F3530303091
:10F570003E203C4475706C65785B6F7074696F6E8B
:10F58000616C5D3A682F663E272073657473206C4A
:10F59000696E6B20737065656420666F7220746895
:10F5A00065206E6574776F726B20696E7465726624
:10F5B0006163652E00000000545820636865636B2A
:10F5C00073756D206F66666C6F61640052582063BE
:10F5D0006865636B73756D206F66666C6F61640040
:10F5E0005669727475616C204C414E00564C414E08
:10F5F0002054616720737472697070696E670000CF
:10F60000322E35204762697473000000352047624E
:10F610006974730049454545203830322E314153D5
:10F62000206750545020636C6F636B00494545451B
:10F63000203830322E31516176202863726564693A
:10F64000742073686170696E6729000049454545FB
:10F65000203830322E315162762028736368656419
:10F66000756C6564207472616666696329000000C8
:10F6700049454545203830322E3151627520286683
:10F6800072616D6520707265656D7074696F6E2949
:10F6900000000000545854494D45000050726F6DF1
:10F6A000697363756F7573206D6F6465000000008A
:10F6B0005072696F72697479207175657565730030
:10F6C0004D414320616464726573732066696C7494
:10F6D0006572696E6700000044534120757365725E
:10F6E00020706F727400000044534120636F6E6499
:10F6F00075697420706F727400000000545854498A
:10F700004D4520737570706F727465640000000061
:10F7100054582D496E6A656374696F6E20737570F5
:10F72000706F7274656400002CF70700D8B1070091
:10F73000DCF30700989507001D010500000000009C
:10F74000DCB1070010F407009895070035FF0400AE
:10F75000000000008CAE070048F4070098950700F1
:10F76000D5FB04000000000084F407008CF40700BF
:10F7700098950700B5FB04000000000044CD070089
:10F78000DCF40700989507009DFE040000000000CF
:10F790002CF5070038F507009895070051FC040088
:10F7A0000000000000000000000000000000000059
:10F7B000000000000000000001000000B8F5070094
:10F7C00002000000CCF5070004000000E0F507008F
:10F7D00000400000ECF507000800000034F10700CD
:10F7E0001000000028F107002000000020F10700B1
:10F7F0004000000000F60700800000000CF6070043
:10F800000001000014F60700000200002CF60700BB
:10F81000000002004CF607000000040070F607002C
:10F820000000080094F60700000400009CF60700A2
:10F8300000080000B0F6070000100000C0F6070046
:10F8400000800000D8F6070000000100E8F607007D
:10F8500000000800FCF607000000100010F7070089
:10F86000506C656173652073706563696679207497
:10F8700068652074617267657420696661636520DC
:10F88000696E6465782E0A00222573222069732030
:10F890006E6F7420612076616C69642069666163B3
:10F8A0006520696E6465782E0A00000069666163F0
:10F8B00065207769746820696E64657820222573F5
:10F8C0002220646F6573206E6F742065786973748D
:10F8D0002E0A0000256420282570202D2025732065
:10F8E0002D20257329000000756E6E616D65640022
:10F8F0006966616365202573206E6F772069676E86
:10F900006F7265642E0A0000696661636520257365
:10F91000206E6F7720776174636865642E0A00003B
:10F92000506C6561736520737065636966792067E3
:10F930006574206F72207365740A00006E6F6E65C7
:10F9400000000000506C6561736520737065636929
:10F9500066792074686520746172676574206966D1
:10F96000616365206E616D652E0A000069666163E2
:10F97000652077697468206E616D65202225732289
:10F9800020646F6573206E6F742065786973742EC0
:10F990000A000000696669002573206973206E6F94
:10F9A0007420612076616C6964207461726765748B
:10F9B0002074797065206F7220746172676574209D
:10F9C0007370656369666965722E0A0056616C69B9
:10F9D0006420746172676574207370656369666919
:10F9E000657273206172652027696669205B696EA4
:10F9F0006465785D272C20276966205B6E616D65E4
:10FA00005D272C206F7220275B696E6465785D2707
:10FA10002E0A000069660000546F6F206D616E79D8
:10FA200020617267732E0A00506C656173652073E4
:10FA30007065636966792061207461726765742EF0
:10FA40000A00000054616B696E6720616C6C206E67
:10FA50006F6E2D69676E6F7265642069666163659C
:10FA6000732061646D696E2D75702E0A00000000B0
:10FA700054616B696E672069666163652025732038
:10FA800061646D696E2D75702E0A0000546869738B
:10FA900020636F6D6D616E64206475706C69636165
:10FAA00074657320276E65742069666163652075CF
:10FAB0007027206966205B7461726765745D202120
:10FAC0003D20616C6C2E0A00496E76616C69642081
:10FAD0007461726765742073656C65637465642E08
:10FAE0000A00000049507634202B20495076360019
:10FAF00049507636000000006E6F2049500000002B
:10FB000069676E6F7265640077617463686564002D
:10FB10006E6F7420626F756E6400000061646D69C1
:10FB20006E2D75700000000061646D696E2D646F4C
:10FB3000776E00006F7065722D7570006F70657262
:10FB40002D646F776E0000006E6F7420636F6E6EB1
:10FB500065637465640000006966616365202573F0
:10FB6000206E6F7420747261636B65642E0A0000EE
:10FB70006966616365202573207374617475733AD7
:10FB80002025732C2025732C2025732C2025732CE5
:10FB90002025732C2025732E0A00000049676E6F04
:10FBA00072696E6720616C6C206966616365732E93
:10FBB0000A0000005761746368696E6720616C6CAD
:10FBC000206966616365732E0A00000054616B69E9
:10FBD0006E6720616C6C206E6F6E2D69676E6F7240
:10FBE0006564206966616365732061646D696E2D6B
:10FBF000646F776E2E0A000054616B696E6720692E
:10FC0000666163652025732061646D696E2D646F84
:10FC1000776E2E0A000000005468697320636F6DD0
:10FC20006D616E64206475706C69636174657320C6
:10FC3000276E657420696661636520646F776E273F
:10FC4000206966205B7461726765745D20213D20C8
:10FC5000616C6C2E0A000000496E737472756374D7
:10FC6000696E6720616C6C206E6F6E2D69676E6FB8
:10FC70007265642069666163657320746F20636FC9
:10FC80006E6E6563742E0A00696661636520257374
:10FC9000206973206E6F7420626F756E6420746FBC
:10FCA000206120636F6E6E65637469766974792074
:10FCB000696D706C656D656E746174696F6E2C2012
:10FCC00063616E6E6F7420636F6E6E6563742E0A6F
:10FCD00000000000496E737472756374696E67206A
:10FCE000696661636520257320746F20636F6E6E93
:10FCF0006563742E0A000000496E73747275637434
:10FD0000696E6720616C6C206E6F6E2D69676E6F17
:10FD10007265642069666163657320746F2064692D
:10FD200073636F6E6E6563742E0A000069666163AB
:10FD300065202573206973206E6F7420626F756E65
:10FD40006420746F206120636F6E6E6563746976E2
:10FD500069747920696D706C656D656E7461746924
:10FD60006F6E2C2063616E6E6F7420646973636FB5
:10FD70006E6E6563742E0A00496E737472756374D7
:10FD8000696E6720696661636520257320746F2042
:10FD90006469736F6E6E6563742E0A0020286E6F3F
:10FDA0002074696D656F75742900000020736563A8
:10FDB0006F6E64730000000043616E6E6F742067A5
:10FDC00065742F7365742074696D656F7574206632
:10FDD0006F7220616C6C206966616365732E0A0026
:10FDE000506C656173652073706563696679206125
:10FDF0002074696D656F75742028696E2073656362
:10FE00006F6E6473292E0A002573206973206E6F4C
:10FE10007420612076616C69642074696D656F750A
:10FE2000742E0A006966616365202573206973205A
:10FE30006E6F7420626F756E6420746F2061206332
:10FE40006F6E6E656374697669747920696D706C24
:10FE5000656D656E746174696F6E2C2063616E6E82
:10FE60006F74206765742F73657420636F6E6E65A1
:10FE7000637469766974792074696D656F75742E21
:10FE80000A0000005365742074686520636F6E6E0D
:10FE900065637469766974792074696D656F7574CA
:10FEA00020666F7220696661636520257320746F18
:10FEB00020256425732E0A0054686520636F6E6EDA
:10FEC00065637469766974792074696D656F75749A
:10FED00020666F72206966616365202573206973EF
:10FEE00020256425732E0A00494E56414C49440092
:10FEF00043616E6E6F74206765742F73657420663E
:10FF00006C61677320666F7220616C6C206966613A
:10FF10006365732E0A000000506C65617365207381
:10FF2000706563696679206120666C61672E0A00DE
:10FF300056616C696420666C6167206B6579776FC8
:10FF4000726473206172653A0A0000000925732CFF
:10FF50000A00000050455253495354454E54000086
:10FF60004E4F5F4155544F5F434F4E4E45435400F3
:10FF70004E4F5F4155544F5F444F574E00000000B5
:10FF80002573206973206E6F7420612076616C691F
:10FF90006420666C61672E0A00000000747275654B
:10FFA0000000000066616C7365000000506C6561C4
:10FFB0007365207370656369667920747275652056
:10FFC0006F722066616C73652E0A0000696661635A
:10FFD00065202573206973206E6F7420626F756EC3
:10FFE0006420746F206120636F6E6E656374697640
:10FFF00069747920696D706C656D656E7461746982
:0200000280007C
:100000006F6E2C2063616E6E6F74206765742F7342
:10001000657420636F6E6E656374697669747920A8
:10002000666C61672E0A0000536574207468652051
:10003000636F6E6E656374697669747920257320C9
:10004000666C616720746F202573206F6E2069666F
:100050006163652025732E0A000000005468652046
:1000600063757272656E742076616C7565206F665B
:100070002074686520257320636F6E6E65637469F4
:100080007669747920666C6167206F6E206966619D
:1000900063652025732069732025732E0A000000F4
:1000A000636D0000436F6E74726F6C20636F6E6ED1
:1000B0005F6D67722E000000276E657420636D20EF
:1000C000737461747573205B7461726765745D2706
:1000D0002073686F77732074686520636F6E6E6538
:1000E0006374697669747920737461747573206FB1
:1000F000662074686520737065636966696564204D
:1001000069666163652873292E00000069676E6F58
:1001100072650000276E657420636D2069676E6FDD
:100120007265205B7461726765745D272069676E14
:100130006F726573207468652073706563696669A2
:1001400065642069666163652873292E00000000DC
:100150007761746368000000276E657420636D200A
:100160007761746368205B7461726765745D2720D2
:100170007761746368657320746865207370656364
:1001800069666965642069666163652873292E0064
:10019000636F6E6E65637400276E657420636D20F7
:1001A000636F6E6E656374205B7461726765745D06
:1001B0002720636F6E6E65637473207468652073A7
:1001C0007065636966696564206966616365287343
:1001D000292E0000646973636F6E6E65637400009E
:1001E000276E657420636D20646973636F6E6E653E
:1001F0006374205B7461726765745D272064697342
:10020000636F6E6E656374732074686520737065C8
:100210006369666965642069666163652873292E70
:1002200000000000276E657420636D207570205BF0
:100230007461726765745D272074616B65732074E7
:1002400068652073706563696669656420696661C5
:1002500063652873292061646D696E2D75702E00A9
:10026000276E657420636D20646F776E205B746108
:10027000726765745D272074616B657320746865AF
:10028000207370656369666965642069666163658A
:100290002873292061646D696E2D646F776E2E005E
:1002A000666C616700000000276E657420636D2036
:1002B000666C6167205B7461726765745D205B6763
:1002C00065742F7365745D205B666C61675D205B90
:1002D00076616C75655D272067657473206F722089
:1002E00073657473206120666C616720666F72208D
:1002F0007468652073706563696669656420696602
:100300006163652E00000000276E657420636D2018
:1003100074696D656F7574205B7461726765745D77
:10032000205B6765742F7365745D205B76616C7507
:10033000655D272067657473206F72207365747321
:10034000207468652074696D656F757420666F72BE
:1003500020746865207370656369666965642069E7
:10036000666163652E0000006C03080054AE070050
:10037000B800080000000000410E05000102000066
:100380000C0108001401080000000000C90E05005F
:1003900001020000500108005801080000000000A0
:1003A000B50F050001020000900108009801080047
:1003B000000000009911050001020000D4010800AE
:1003C000E001080000000000A51205000102000085
:1003D000D8B107002402080000000000050C050049
:1003E00001020000DCB1070060020800000000000C
:1003F000A110050001020000A0020800A8020800E8
:1004000000000000DD1505000105000080AF0700B9
:100410000803080000000000B113050001040000FB
:1004200000000000000000000000000000000000CC
:100430000000000054FF07000000000060FF0700FC
:100440000100000070FF07000200000049507634F0
:1004500020737570706F727420202020202020205F
:10046000202020202020202020202020202020208C
:100470002020202020203A2025730A00646973611F
:10048000626C656400000000495076342066726139
:10049000676D656E746174696F6E20737570706FCF
:1004A00072742020202020202020202020202020A6
:1004B00020203A2025730A004950763420636F6E5D
:1004C000666C69637420646574656374696F6E201B
:1004D000737570706F7274202020202020202020DF
:1004E00020203A2025730A0050617468204D54552D
:1004F00020446973636F766572792028504D545596
:1005000029202020202020202020202020202020E2
:1005100020203A2025730A004D6178206E756D62A7
:100520006572206F662049507634206E6574776F4F
:10053000726B20696E746572666163657320696EA3
:10054000207468652073797374656D2020202020E5
:1005500020202020203A2025640A00004D617820C8
:100560006E756D626572206F6620756E696361736A
:1005700074204950763420616464726573736573C6
:1005800020706572206E6574776F726B20696E746F
:100590006572666163652020203A2025640A0000A8
:1005A0004D6178206E756D626572206F66206D7585
:1005B0006C7469636173742049507634206164649B
:1005C00072657373657320706572206E6574776FE2
:1005D000726B20696E74657266616365203A2025CE
:1005E000640A00000A4950763420616464726573BD
:1005F00073657320666F7220696E746572666163DD
:1006000065202564202825702920282573290A00C3
:100610003D3D3D3D3D3D3D3D3D3D3D3D3D3D3D3D0A
:100620003D3D3D3D3D3D3D3D3D3D3D3D3D3D3D3DFA
:100630003D3D3D3D3D3D3D3D3D3D3D3D25730A003C
:100640004E6F204950763420636F6E66696720666E
:100650006F756E6420666F72207468697320696EAE
:10066000746572666163652E0A00000054797065D6
:100670002020202020200953746174652020202030
:100680000952656609416464726573730A0000006B
:10069000257320200925732020202009256C64095A
:1006A00025732F25730A0000436F727265637420EF
:1006B00075736167653A206E6574206970763420C1
:1006C00067617465776179203C696E6465783E2066
:1006D0003C676174657761795F69703E0A0000006C
:1006E000496E76616C696420616464726573733A03
:1006F0002025730A00000000436F72726563742046
:1007000075736167653A206E657420697076342070
:10071000616464203C696E6465783E203C61646479
:10072000726573733E205B3C6E65746D61736B3EE6
:100730005D0A00006A6F696E0000000043616E6E22
:100740006F74202573206D756C74696361737420F8
:1007500067726F757020257320666F7220696E74E2
:1007600065726661636520256420282564290A0076
:100770004E65746D61736B206973206D6973736965
:100780006E672E0A0000000043616E6E6F74206178
:100790006464206164647265737320257320746FD0
:1007A00020696E746572666163652025640A0000C5
:1007B000496E76616C6964206E65746D61736B3A25
:1007C00020257300436F72726563742075736167CF
:1007D000653A206E657420697076342064656C20FB
:1007E0003C696E6465783E203C6164647265737335
:1007F0003E0000006C656176650000004661696C32
:10080000656420746F2064656C6574652025730AC7
:100810000000000069707634000000005072696EBC
:100820007420696E666F726D6174696F6E206162AB
:100830006F757420495076342073706563696669FA
:100840006320696E666F726D6174696F6E20616E90
:100850006420636F6E66696775726174696F6E2E6E
:100860000000000061646400276E65742069707682
:100870003420616464203C696E6465783E203C618C
:100880006464726573733E205B3C6E65746D617366
:100890006B3E5D2720616464732074686520616429
:1008A000647265737320746F2074686520696E7458
:1008B0006572666163652E0064656C00276E657401
:1008C00020697076342064656C203C696E646578BC
:1008D0003E203C616464726573733E272064656CDE
:1008E00065746573207468652061646472657373F0
:1008F0002066726F6D2074686520696E746572661B
:100900006163652E0000000067617465776179009E
:10091000276E65742069707634206761746577612D
:1009200079203C696E6465783E203C676174657728
:1009300061795F69703E2720736574732049507632
:1009400034206761746577617920666F72207468FE
:100950006520696E746572666163652E0000000033
:100960006409080064080800680808000000000026
:10097000051C050000000000B8080800BC080800BD
:1009800000000000A11D050000000000080908008B
:100990001009080000000000751B050000000000A1
:1009A0000000000000000000000000000000000047
:1009B000000000004950763620737570706F7274B5
:1009C0002020202020202020202020202020202027
:1009D00020202020202020202020202020203A20FD
:1009E00025730A00434F4E4649475F4E45545F49C1
:1009F00050563600434F4E4649475F4E45545F4E72
:100A00004154495645000000536574202573206108
:100A10006E6420257320746F20656E61626C6520A2
:100A20006E617469766520257320737570706F72BE
:100A3000742E0A0069707636000000005072696EEC
:100A40007420696E666F726D6174696F6E20616289
:100A50006F757420495076362073706563696669D6
:100A60006320696E666F726D6174696F6E20616E6E
:100A70006420636F6E66696775726174696F6E2E4C
:100A800000000000276E657420697076362061646E
:100A900064203C696E6465783E203C6164647265E4
:100AA00073733E27206164647320746865206164F9
:100AB000647265737320746F2074686520696E7446
:100AC0006572666163652E00276E657420697076B5
:100AD000362064656C203C696E6465783E203C611C
:100AE0006464726573733E272064656C6574657316
:100AF0002074686520616464726573732066726F28
:100B00006D2074686520696E746572666163652E18
:100B100000000000706500006E6574206970763614
:100B200020706520616464205B616C6C6F777C640D
:100B3000656E795D203C4950763620707265666935
:100B4000783E0A41646420495076362061646472BC
:100B500065737320746F2066696C746572206C69AC
:100B600073742E2054686520616C6C6F772F6465F8
:100B70006E7920706172616D657465722074656C48
:100B80006C73206966207468697320697320616CD6
:100B90006C6F77206C69737465642028616363658A
:100BA0007074656429206F722064656E79206C69A9
:100BB0007374656420286465636C696E65642920BC
:100BC0007072656669782E2044656661756C742064
:100BD000697320746F20616C6C6F77206C6973741B
:100BE00020746865207072656669782E0A6970766F
:100BF000362070652064656C203C49507636207044
:100C000072656669783E0A44656C65746520495072
:100C1000763620616464726573732066726F6D202E
:100C200066696C746572206C6973742E0000000034
:100C3000340C080064080800840A08000000000062
:100C4000211F050000000000B8080800C80A0800BD
:100C5000000000004D1F050000000000140B0800FC
:100C6000180B080000000000E51E05000000000051
:100C70000000000000000000000000000000000074
:100C800000000000467261676D656E74206C656ED1
:100C90006774682025642062797465730A00000017
:100CA0004E6574776F726B20627566666572207030
:100CB0006F6F6C733A0A0000416464726573730964
:100CC00009546F74616C094E616D650A0000000083
:100CD00025700925640952580A000000257009256D
:100CE000640954580A000000257009256409525807
:100CF00020444154410A00002570092564095458D4
:100D000020444154410A00006E65745F627566209C
:100D1000616C6C6F636174696F6E0000434F4E4687
:100D200049475F4E45545F4255465F504F4F4C5FB9
:100D300055534147450000006D656D005072696E66
:100D40007420696E666F726D6174696F6E20616286
:100D50006F7574206E6574776F726B206D656D6F43
:100D600072792075736167652E0000004E617469A9
:100D700076652049507636206E6F7420656E61620C
:100D80006C65642E0A0000006E6272005072696E1B
:100D900074206E65696768626F7220696E666F7233
:100DA0006D6174696F6E2E00276E6574206E6272BD
:100DB00020726D203C616464726573733E272072FB
:100DC000656D6F766573206E65696768626F722006
:100DD00066726F6D2063616368652E00E00D080028
:100DE000104A0800A80D080000000000612005005E
:100DF00000000000000000000000000000000000F3
:100E0000000000000000000074696D653D2564204D
:100E10006D73000025642062797465732066726FBB
:100E20006D20257320746F2025733A2069636D70DF
:100E30005F7365713D25642074746C3D25642025C5
:100E4000730A00005061727365206572726F723AA6
:100E50002025730A00000000556E7265636F676E8F
:100E6000697A656420617267756D656E743A2025D4
:100E7000730A000054617267657420686F73742090
:100E80006D697373696E670A0000000043616E6EDE
:100E90006F7420696E697469616C697A6520494371
:100EA0004D5020636F6E7465787420666F722025D4
:100EB000730A0000496E76616C69642049502061B4
:100EC0006464726573730A0050494E472025730AA3
:100ED0000000000050696E672074696D656F75745D
:100EE0000A0000004661696C656420746F207365B8
:100EF0006E642070696E672C206572723A202564DA
:100F00000000000050696E672061206E6574776F85
:100F1000726B20686F73742E00000000276E65747A
:100F20002070696E67205B2D6320636F756E745D42
:100F3000205B2D6920696E74657276616C206D731B
:100F40005D205B2D49203C696661636520696E64A4
:100F500065783E5D205B2D5120746F735D205B2DA5
:100F600073207061796C6F61642073697A655D20AC
:100F70005B2D70207072696F726974795D203C68B6
:100F80006F73743E272053656E642049434D50763D
:100F900034206F722049434D507636204563686F88
:100FA0002D5265717565737420746F2061206E65B4
:100FB00074776F726B20686F73742E00C00F080017
:100FC000D4CA07001C0F0800000000004D220500D5
:100FD0000000000000000000000000000000000011
:100FE0000000000000000000496E76616C6964201A
:100FF0007074722076616C756520282573292E2007
:101000004578616D706C653A20307830313032301F
:101010003330340A00000000506F696E746572202E
:101020006973206E6F74207265636F676E697A658D
:1010300064206173206E65745F706B742028257363
:10104000292E0A006E65745F706B74202570206213
:10105000756666657220636861696E3A0A00000011
:1010600025705B256C645D002D3E000025705B25BE
:101070006C642F2575202825752F2575295D0000A6
:101080006E65745F706B742025702062756666658E
:101090007220636861696E2068657864756D703A66
:1010A0000A0000006E65745F6275665B25645D20F2
:1010B00025700A00706B74006E65745F706B74202D
:1010C000696E666F726D6174696F6E2E000000004C
:1010D000276E657420706B74203C70747220696E8A
:1010E000206865783E27205072696E7420696E66AC
:1010F0006F726D6174696F6E2061626F75742067C5
:101100006976656E206E65745F706B740000000018
:1011100014110800D4CA0700D01008000000000015
:10112000052605000000000000000000000000008F
:101130000000000000000000000000007061636B10
:1011400065742066696C74657220696E666F726D75
:101150006174696F6E000000434F4E4649475F4E11
:1011600045545F504B545F46494C54455200000073
:1011700066696C74657200005072696E7420696EE5
:10118000666F726D6174696F6E2061626F75742035
:101190006E6574776F726B207061636B6574206627
:1011A000696C746572732E00434F4E4649475F4E1B
:1011B00045545F495056365F504D5455206F72204C
:1011C000434F4E4649475F4E45545F495056345F42
:1011D000504D545500000000706D74750000000003
:1011E00053686F7720504D545520696E666F726D4D
:1011F0006174696F6E2E000052656D6F76652061B7
:101200006C6C20656E74726965732066726F6D20F8
:10121000504D54552064657374696E6174696F6EC6
:101220002063616368652E002C1208003CDE070015
:10123000F811080000000000AD28050000000000C3
:10124000000000000000000000000000000000009E
:101250000000000050505000434F4E4649475F4E3B
:1012600045545F4C325F50505020616E6420434FB4
:101270004E4649475F4E45545F50505000000000B5
:10128000434F4E4649475F4E45545F4C325F505086
:10129000500000007070700050505020696E666FF2
:1012A000726D6174696F6E2E00000000276E6574A8
:1012B000207070702070696E67203C696E6465787C
:1012C0003E272073656E6473204563686F2D7265D9
:1012D000717565737420746F2050505020696E745E
:1012E0006572666163652E00276E6574207070708C
:1012F0002073746174757327207072696E74732023
:10130000696E666F726D6174696F6E2061626F7570
:1013100074205050502E00001C130800F04C0800A0
:10132000AC120800000000000529050000000000C4
:1013300054AE0700E812080000000000D92805009C
:10134000000000000000000000000000000000009D
:101350000000000000000000596F75206E65656494
:101360002061206E6574776F726B20647269766598
:101370007220737570706F7274696E6720506F772A
:101380006572204D616E6167656D656E742E0A0031
:10139000526573756D652061206E6574776F726B31
:1013A00020696E7465726661636500006E657477AE
:1013B0006F726B20726F757465000000434F4E466C
:1013C00049475F4E45545F524F5554450000000059
:1013D00053657420257320616E6420257320746F1B
:1013E00020656E61626C65206E617469766520258A
:1013F0007320737570706F72742E20416E64206557
:101400006E61626C6520434F4E4649475F4E4554BE
:101410005F524F5554450A0053657420257320616F
:101420006E6420257320746F20656E61626C652088
:101430006E617469766520257320737570706F72A4
:10144000742E20416E6420656E61626C6520434F8E
:101450004E4649475F4E45545F524F5554452E0AFC
:101460000000000053686F77206E6574776F726BB1
:1014700020726F7574652E00276E657420726F750B
:10148000746520616464203C696E6465783E203C2C
:1014900064657374696E6174696F6E3E203C676148
:1014A00074657761793E2720616464732074686590
:1014B00020726F75746520746F2074686520646590
:1014C0007374696E6174696F6E2E0000276E6574A7
:1014D00020726F7574652064656C203C696E64656C
:1014E000783E203C64657374696E6174696F6E3E0A
:1014F000272064656C657465732074686520726F5D
:1015000075746520746F20746865206465737469F0
:101510006E6174696F6E2E001C1508006408080067
:101520007814080000000000B52905000000000044
:10153000B8080800CC140800000000007929050054
:10154000000000000000000000000000000000009B
:101550000000000000000000736F636B6574206979
:101560006E666F726D6174696F6E0000434F4E4618
:1015700049475F4F424A5F434F524520616E6420A6
:10158000434F4E4649475F4E45545F534F434B458B
:1015900054535F4F424A5F434F524500536F636B52
:1015A00065742073657276696365206E6F7420734D
:1015B0007570706F727465642E0A0000736F636BD0
:1015C0006574730053686F77206E6574776F726B04
:1015D00020736F636B6574732E0000006B65792D4B
:1015E00076616C75650000006865782D626C6F62CD
:1015F00000000000626F746800000000636F6D6D92
:101600006F6E000076656E646F7200000A496E743A
:101610006572666163652025702028257329205B2B
:1016200025645D0A0000000049507634207265632D
:101630007620202020202025750973656E740925E9
:10164000750964726F7009257509666F727761722A
:101650006465640925750A0049502076686C6572D6
:101660007220202020202025750968626C656E6537
:1016700072092575096C626C656E65720925750ABB
:101680000000000049502066726167657272202078
:1016900020202025750963686B657272092575091C
:1016A00070726F746F65720925750A0049434D5059
:1016B000207265637620202020202025750973651F
:1016C0006E740925750964726F700925750A00002A
:1016D00049434D5020747970656572202020202583
:1016E000750963686B6572720925750A0000000050
:1016F00049474D5020726563762020202020202508
:10170000750973656E740925750964726F70092512
:10171000750A000055445020726563762020202011
:1017200020202025750973656E740925750964727A
:101730006F700925750A00005544502063686B6579
:101740007272202020202025750A0000544350206A
:101750006279746573207265637620256C6C7509F7
:1017600073656E7409256C6C7509726573656E74AA
:101770000925750A00000000544350207365672056
:101780007265637620202025750973656E740925BE
:10179000750964726F700925750A00005443502062
:1017A00073656720726573656E74202575096368BB
:1017B0006B6572720925750961636B657272092523
:1017C000750A000054435020736567207273746576
:1017D0007272202575097273740925750A0000005C
:1017E00054435020636F6E6E2064726F702020250A
:1017F0007509636F6E6E7273740925750A000000B7
:1018000054435020706B742064726F702020202528
:10181000750A0000427974657320726563656976A4
:10182000656420256C6C750A0000000042797465BF
:10183000732073656E742020202020256C6C750A3F
:10184000000000000A476C6F62616C207374617461
:101850006973746963730A003D3D3D3D3D3D3D3D07
:101860003D3D3D3D3D3D3D3D3D0A000050726F63B5
:10187000657373696E67206572722025750A0000B2
:101880004E6574776F726B20696E74657266616302
:101890006520696E646578206D697373696E672170
:1018A0000A00000053686F77206E6574776F726B63
:1018B00020737461746973746963732E000000008F
:1018C00053686F77206E6574776F726B20737461E5
:1018D0007469737469637320666F7220616C6C2025
:1018E0006E6574776F726B20696E74657266616382
:1018F00065732E0A55736167653A206E65742073AF
:101900007461747320616C6C205B636F6D6D6F6EBE
:101910007C76656E646F727C616C6C5D205B6B6560
:10192000792D76616C75657C6865782D626C6F6267
:101930007C626F74685D0000276E6574207374614B
:101940007473203C696E6465783E205B6F707469C7
:101950006F6E735D272073686F7773206E65747781
:101960006F726B207374617469737469637320663A
:101970006F72206F6E65207370656369666963209E
:101980006E6574776F726B20696E746572666163E1
:10199000652E0A547970652066696C7465723A0A1E
:1019A0002020636F6D6D6F6E3A204F6E6C792063EF
:1019B0006F6D6D6F6E2073746174732028736B6923
:1019C0007073204657207175657279290A20207638
:1019D000656E646F723A204F6E6C792076656E6426
:1019E0006F722D73706563696669632073746174C7
:1019F000730A2020616C6C3A20202020416C6C20FE
:101A00007374617473202864656661756C74290A47
:101A100056656E646F7220737461747320666F72A2
:101A20006D617420286F6E6C79206170706C6965CF
:101A300073207768656E2076656E646F72207374AC
:101A40006174732073686F776E293A0A20206B6582
:101A5000792D76616C75653A204B65792D76616CD0
:101A60007565207061697273202864656661756CA4
:101A700074290A20206865782D626C6F623A2020F4
:101A800048657820626C6F6220666F7220706172A8
:101A900073696E670A2020626F74683A20202020E4
:101AA0002020426F746820666F726D61747300004D
:101AB000B41A080014AD0700C018080000000000A8
:101AC000012B050000000000A8F3070038190800EA
:101AD0009C950700D92F05000000000000000000C1
:101AE00000000000000000000000000000000000F6
:101AF00053757370656E642061206E6574776F72C4
:101B00006B20696E74657266616365004E6F742048
:101B1000636F6E6E65637465640A000043616E6E88
:101B20006F7420636C6F73652074686520636F6EDB
:101B30006E656374696F6E20282564290A000000B1
:101B4000436F6E6E656374696F6E20636C6F73654F
:101B5000642E0A0043616E6E6F7420726563762096
:101B60006461746120282564290A0000436F6E6E49
:101B7000656374696F6E20636C6F7365642062794E
:101B80002072656D6F746520706565722E0A0000A5
:101B9000257A75206279746573207265636569764C
:101BA00065640A004E6F206461746120746F207355
:101BB000656E642E0A00000043616E6E6F742073C0
:101BC000656E64206D736720282564290A00000073
:101BD0004D6573736167652073656E740A0000005C
:101BE00054435020636F6E6E656374696F6E206638
:101BF00061696C656420282564290A0054435020DB
:101C0000636F6E6E65637465640A0000416C726593
:101C100061647920636F6E6E65637465640A0000A9
:101C20005065657220495020616464726573732049
:101C30006D697373696E672E0A00000050656572E6
:101C400020706F7274206D697373696E672E0A005D
:101C5000496E76616C696420706F72742025730A16
:101C600000000000496E76616C696420495076344A
:101C700020616464726573730A000000436F6E6EC6
:101C8000656374696E672066726F6D2025733A25EF
:101C900075200000746F2025733A25750A00000036
:101CA00043616E6E6F7420676574205443502063E7
:101CB0006F6E7465787420282564290A000000007E
:101CC00043616E6E6F742062696E642054435020CD
:101CD000282564290A000000436F6E6E6563742036
:101CE0006661696C6564210A00000000436F6E6ED6
:101CF0006563742F73656E642F636C6F7365205416
:101D0000435020636F6E6E656374696F6E2E0000C2
:101D1000276E65742074637020636F6E6E656374E4
:101D2000203C616464726573733E203C706F727412
:101D30003E2720636F6E6E6563747320746F20544A
:101D4000435020706565722E0000000073656E645C
:101D500000000000276E6574207463702073656E48
:101D600064203C646174613E272073656E64732057
:101D70006461746120746F20706565722075736989
:101D80006E67205443502E00726563760000000099
:101D9000276E6574207463702072656376272072E5
:101DA0006563656976657320646174612075736924
:101DB0006E67205443502E00636C6F736500000003
:101DC000276E65742074637020636C6F73652720C1
:101DD000636C6F7365732054435020636F6E6E6540
:101DE0006374696F6E2E0000EC1D080090010800FE
:101DF000101D08000000000039340500000000003C
:101E00004C1D0800541D080000000000513305005F
:101E100000000000881D0800901D08000000000060
:101E20001D32050000000000B81D0800C01D08009C
:101E300000000000A93105000000000000000000C3
:101E40000000000000000000000000000000000092
:101E500052656365697665642055445020706163FE
:101E60006B65743A200000004E6574776F726B20CA
:101E7000636F6E74657874206973206E6F7420755B
:101E80007365642E2043616E6E6F7420636C6F7394
:101E9000652E0A0043616E6E6F7420636C6F73650C
:101EA0002055445020706F727420282564290A0040
:101EB0004E6F7420656E6F75676820617267756D0F
:101EC000656E747320676976656E20666F72207523
:101ED00064702062696E6420636F6D6D616E640A68
:101EE00000000000496E76616C696420706F727446
:101EF000206E756D6265720A000000004E65747791
:101F00006F726B20636F6E7465787420616C72659C
:101F100061647920696E207573650A0043616E6E95
:101F20006F74206765742055445020636F6E74652C
:101F3000787420282564290A0000000062696E6414
:101F4000000000004950763620616E6420495076CA
:101F500034206172652064697361626C65642C2051
:101F600063616E6E6F742025732E0A004E6F2069B8
:101F70006E7465726661636520746F2073656E644C
:101F800020746F20676976656E20686F73740A002D
:101F900042696E64696E6720746F205544502070EA
:101FA0006F7274206661696C656420282564290A53
:101FB00000000000526563656976696E672066728D
:101FC0006F6D2055445020706F7274206661696C8B
:101FD000656420282564290A0000000043616E6EB4
:101FE0006F74207075742055445020636F6E746553
:101FF000787420282564290A000000004E6F7420A0
:10200000656E6F75676820617267756D656E747354
:1020100020676976656E20666F7220756470207324
:10202000656E6420636F6D6D616E640A0000000070
:1020300053657474696E67207263762063616C6C9B
:102040006261636B206661696C6564202825642980
:102050000A00000053656E64696E67207061636BEF
:102060006574206661696C656420282564290A000E
:10207000554450207061636B65742073656E6469AC
:102080006E67206661696C65640A000075647000A3
:1020900053656E642F7265637620554450207061DD
:1020A000636B657400000000276E657420756470B2
:1020B0002062696E64203C616464723E203C706FF3
:1020C00072743E272062696E647320746F205544D9
:1020D00050206C6F63616C20706F72742E00000072
:1020E000276E65742075647020636C6F736527209C
:1020F000636C6F7365732070726576696F75736C4E
:102100007920626F756E6420706F72742E0000000B
:10211000276E6574207564702073656E64203C685A
:102120006F73743E203C706F72743E203C70617916
:102130006C6F61643E272073656E64732055445054
:10214000207061636B657420746F2061206E65740C
:10215000776F726B20686F73742E00006021080027
:102160003C1F0800A8200800000000008D37050073
:1021700000000000B81D0800E0200800000000007A
:1021800031370500000000004C1D08001021080038
:1021900000000000553905000000000000000000AC
:1021A000000000000000000000000000000000002F
:1021B0007669727475616C206E6574776F726B20CE
:1021C000696E74657266616365000000434F4E4638
:1021D00049475F4E45545F4C325F56495254554112
:1021E0004C0000007669727475616C0053686F77FB
:1021F0002F6D616E6970756C61746520766972749B
:1022000075616C206E6574776F726B20696E746592
:102210007266616365732E006174746163680000A7
:102220004174746163682061206E6574776F726BAE
:1022300020696E7465726661636520746F20616EDB
:102240006F7468657220696E746572666163652E6D
:102250000A277669727475616C20617474616368B1
:10226000203C7570706572207669727475616C209F
:10227000696661636520696E6465783E203C6C6FB9
:1022800077657220696661636520696E6465783E72
:102290002700000064657461636800004465746130
:1022A00063682061206E6574776F726B20696E744D
:1022B0006572666163652066726F6D20616E6F7412
:1022C00068657220696E746572666163652E0A279F
:1022D0007669727475616C20646574616368203C12
:1022E0007570706572207669727475616C206966AC
:1022F00061636520696E6465783E270053686F7777
:10230000207669727475616C20696E74657266619D
:10231000636520696E666F726D6174696F6E2E0AF7
:10232000277669727475616C2073686F7727000077
:1023300034230800182208002022080000000000B2
:10234000B53B050003000000942208009C22080011
:1023500000000000893B0500020000008CAE070071
:10236000FC220800000000005D3B050001010000A8
:10237000000000000000000000000000000000005D
:1023800000000000564C414E00000000434F4E46F6
:1023900049475F4E45545F564C414E00766C616E26
:1023A0000000000053686F7720564C414E20696E44
:1023B000666F726D6174696F6E2E0000276E6574B2
:1023C00020766C616E20616464203C7461673E20FD
:1023D0003C696E6465783E27206164647320564CC6
:1023E000414E2074616720746F20746865206E65AB
:1023F00074776F726B20696E746572666163652EA7
:1024000000000000276E657420766C616E206465A4
:102410006C203C7461673E272064656C657465734D
:1024200020564C414E207461672066726F6D207497
:102430006865206E6574776F726B20696E74657263
:10244000666163652E0000004C24080064080800E3
:10245000BC23080000000000393C05000300000018
:10246000B808080004240800000000000D3C050026
:10247000020000000000000000000000000000005A
:102480000000000000000000576562736F636B6519
:1024900074000000434F4E4649475F574542534F33
:1024A000434B45545F434C49454E54007765627336
:1024B0006F636B65740000005072696E7420696E02
:1024C000666F726D6174696F6E2061626F757420E2
:1024D000576562536F636B657420636F6E6E6563DF
:1024E00074696F6E732E000071627600434F4E4622
:1024F00049475F4E45545F51425600005365742072
:10250000257320746F20656E61626C6520257320D1
:10251000737570706F72742E0A0A000045746865D6
:10252000726E6574206E6574776F726B206D616E6C
:102530006167656D656E7420696E7465726661634E
:1025400065000000434F4E4649475F4E45545F4C7F
:10255000325F45544845524E45545F4D474D5400F7
:1025600051627620636F6D6D616E647300000000D0
:10257000456E61626C653A20656E61626C65203CF7
:1025800069666163655F696E6465783E203C76616B
:102590006C7565286F66662C206F6E293E00000002
:1025A0007365745F636F6E666967000053657420BE
:1025B000636F6E6669673A207365745F636F6E66FA
:1025C0006967203C69666163655F696E6465783E32
:1025D000203C626173655F74696D652873293E20D4
:1025E0003C626173655F74696D6528322A282D31FC
:1025F00036296E73293E203C6379636C655F74698C
:102600006D652873293E203C6379636C655F74694E
:102610006D65286E73293E203C6379636C655F7439
:10262000696D655F657874286E73293E203C6C691E
:1026300073745F6C656E3E007365745F6763000062
:10264000536574206761746520636F6E74726F6C7C
:102650003A207365745F6763203C69666163655FF8
:10266000696E6465783E203C726F773E203C6761FE
:1026700074655F636F6E74726F6C3E203C696E743C
:10268000657276616C3E00006765745F696E666FA7
:102690000000000047657420696E666F3A20676528
:1026A000745F696E666F203C69666163655F696E21
:1026B0006465783E00000000BC26080068E0070062
:1026C0007025080000000000F93C05000300000030
:1026D000A0250800AC250800000000002D3D0500E5
:1026E000080000003826080040260800000000000E
:1026F000613D0500050000008826080094260800BA
:1027000000000000C53C05000200000000000000C1
:1027100000000000000000000000000000000000B9
:10272000574553545F544F504449522F7A6570684F
:1027300079722F7375627379732F6E65742F6C3293
:102740002F65746865726E65742F65746865726E46
:1027500065742E630000000006FFFFFFFFFFFF000F
:10276000FFFFFFFFFFFF0000415250005745535449
:102770005F544F504449522F7A65706879722F73B5
:1027800075627379732F6E65742F69702F6E65741F
:102790005F73746174732E680000000057455354D2
:1027A0005F544F504449522F7A65706879722F7385
:1027B00075627379732F6E65742F69702F6E6574EF
:1027C0005F69662E630000003C696E76616C696427
:1027D0003E000000776C616E25640000657468251A
:1027E000640000006E65742564000000554E4B4E79
:1027F0004F574E004E4F5450524553454E540000D3
:102800004C4F5745524C41594552444F574E00008A
:1028100054455354494E4700444F524D414E540085
:10282000EC270800F427080078FF070000280800BC
:10283000102808001828080014F107004E45545FBE
:102840004F4B00004E45545F434F4E54494E554543
:10285000000000004E45545F44524F5000000000FD
:102860003C756E6B6E6F776E3E00000049434D50B5
:1028700076340000544350005544500049434D50B5
:102880007636000043414E5F52415700554E4B5F34
:1028900050524F544F000000FFFFFFFF00000000A8
:1028A000574553545F544F504449522F7A657068CE
:1028B00079722F7375627379732F6E65742F6970D7
:1028C0002F6E65745F6D676D742E63006E65745F47
:1028D0006D676D7400000000574553545F544F50AE
:1028E0004449522F7A65706879722F7375627379D3
:1028F000732F6E65742F69702F6E65745F636F6ED2
:10290000746578742E63000018DA0700182908002F
:102910008000000000000000D0DD022018DA07006F
:102920002C2908008000000000000000C0F30220F5
:1029300072785F715B25645D00000000000000009C
:1029400000000000E0000002E00000015745535481
:102950005F544F504449522F7A65706879722F73D3
:1029600075627379732F6E65742F69702F7463703D
:102970002E6300007463705F776F726B000000005D
:102980005443505F554E5553454400005443505FE7
:10299000434C4F53454400005443505F4C495354FB
:1029A000454E00005443505F53594E5F53454E54BB
:1029B000000000005443505F53594E5F5245434559
:1029C00049564544000000005443505F455354416C
:1029D000424C4953484544005443505F46494E5F7A
:1029E000574149545F3100005443505F46494E5FA0
:1029F000574149545F3200005443505F434C4F539A
:102A0000455F5741495400005443505F434C4F5376
:102A1000494E47005443505F4C4153545F41434B30
:102A2000000000005443505F54494D455F574149F1
:102A300054000000802908008C290800982908000B
:102A4000A4290800B4290800C8290800D8290800CA
:102A5000E8290800F8290800082A0800142A0800B4
:102A6000242A08003139322E3136382E312E3530B5
:102A7000000000003235352E3235352E3235352EF8
:102A8000300000003139322E3136382E312E3131BE
:102A900031000000496E697469616C697A696E671A
:102AA000206E6574776F726B00000000636F6E6E4E
:102AB0005F6D67725F6D6F6E69746F72000000000A
:102AC000574553545F544F504449522F7A657068AC
:102AD00079722F696E636C7564652F7A6570687999
:102AE000722F6E65742F636F6E6E5F6D67725F63BA
:102AF0006F6E6E65637469766974795F696D706C09
:102B00002E680000574553545F544F504449522F8C
:102B10007A65706879722F7375627379732F6E6539
:102B2000742F636F6E6E5F6D67722F636F6E6E5F73
:102B30006D67725F636F6E6E6563746976697479D1
:102B40002E630000574553545F544F504449522F51
:102B50007A65706879722F647269766572732F6313
:102B60006C6F636B5F636F6E74726F6C2F636C6FEF
:102B7000636B5F636F6E74726F6C5F6E72662E63F1
:102B8000000000002D1406002D12060000000000B9
:102B9000636C6F636B40353030300000636C6F6383
:102BA0006B0000006866636C6B0000006C66636C11
:102BB0006B000000636C6F636B5F636F6E74726FAA
:102BC0006C000000C82B0800010000009C2B0800CE
:102BD0005113060029110600A42B0800011206005B
:102BE000FD110600AC2B08007073612D726E67003A
:102BF0007073615F726E6700FC2B080001000000BB
:102C0000F02B0800574553545F544F504449522FFE
:102C10007A65706879722F696E636C7564652F7A56
:102C200065706879722F647269766572732F677048
:102C3000696F2E68000000002573204D414320730A
:102C4000657420746F20253032783A253032783A16
:102C5000253032783A253032783A253032783A25A4
:102C600030327800313000003130300025733A20A6
:102C70004C696E6B2075700025733A204C696E6B41
:102C8000207370656564202573204D622C202573A8
:102C9000206475706C65780025733A204C696E6B02
:102CA00020646F776E000000535049206D6173748B
:102CB000657220706F7274202573206E6F7420729D
:102CC00065616479000000004750494F20706F72C1
:102CD00074202573206E6F74207265616479000022
:102CE000556E61626C6520746F20636F6E666967F4
:102CF000757265204750494F2070696E2025750018
:102D0000556E61626C6520746F2061646420475069
:102D1000494F2063616C6C6261636B202575000014
:102D2000556E61626C6520746F20656E61626C65C2
:102D3000204750494F20494E54202575000000007F
:102D40005265736574206661696C656400000000FB
:102D5000556E61626C6520746F20726561642052EB
:102D60005452207265676973746572006574685F98
:102D70007735353030000000573535303020496E1A
:102D8000697469616C697A65640000006574682D16
:102D900077353530304030006574682D7735353003
:102DA0003040305F70687900AC2D080001000000F1
:102DB0006C2D0800348D070000127A00000100001D
:102DC000D48C07000A000100000000000100000090
:102DD00000000000D48C0700020001000000000089
:102DE000000000000302000000915106748D0700EE
:102DF000F917060000000000000000001D1A060080
:102E00005D1A0600011706009D180600000000006C
:102E100005170600851A0600574553545F544F5056
:102E20004449522F7A65706879722F696E636C75A8
:102E300064652F7A65706879722F6472697665723D
:102E4000732F6770696F2F6770696F5F7574696C36
:102E5000732E6800574553545F544F504449522FC6
:102E60006D6F64756C65732F68616C2F6E6F726423
:102E700069632F6E7266782F68616C2F6E72665F61
:102E80006770696F2E680000574553545F544F5068
:102E90004449522F7A65706879722F647269766539
:102EA00072732F6770696F2F6770696F5F6E7266DC
:102EB000782E63006770696F4038343235303000E7
:102EC0006770696F30000000CC2E08000100000020
:102ED000C02E0800FFFFFFFF00258440607701201F
:102EE00000000000000000000001020304050607C6
:102EF0004661696C656420746F20616C6C6F6361FE
:102F0000746520505049204368616E6E656C000006
:102F10007561727440383030300000007561727431
:102F200030000000756172745F6E7266785F756163
:102F300072746500382F0800010000001C2F080083
:102F4000008000400100000000000000602F080029
:102F50000000D601000000006FE201206EE20120B7
:102F6000008000406C2F080001000000742F080052
:102F7000040000001B0000000E0000021A06000101
:102F80000F0600035570646174652065786365659C
:102F900064732063757272656E742062756666650F
:102FA000720000004661696C656420746F20616C7A
:102FB0006C6F63617465204750494F5445206368C6
:102FC000616E6E656C20666F722057414B45000044
:102FD0004661696C656420746F20636F6E66696713
:102FE0007572652057414B452070696E00000000E6
:102FF0004353204750494F20706F7274202573202F
:1030000070696E202564206973206E6F742072656C
:103010006164790048616C662D6475706C65782018
:103020006E6F7420737570706F7274656400000049
:10303000536C617665206D6F6465206973206E6FD7
:103040007420737570706F72746564206F6E2025C4
:10305000730000004C6F6F706261636B206D6F6472
:1030600065206973206E6F7420737570706F727451
:1030700065640000576F72642073697A6573206F0E
:1030800074686572207468616E2038206269747398
:1030900020617265206E6F7420737570706F72742A
:1030A000656400004672657175656E6369657320BD
:1030B0006C6F776572207468616E20313235206BD9
:1030C000487A20617265206E6F7420737570706F1E
:1030D00072746564000000004661696C6564207468
:1030E0006F20696E697469616C697A65206E7266B9
:1030F00078206472697665723A20256400000000C9
:1031000057616974696E6720666F722057414B453D
:103110002061636B6E6F776C6564676D656E74209C
:1031200074696D6564206F757400000054696D6585
:103130006F75742077616974696E6720666F72209D
:103140007472616E7366657220636F6D706C657406
:10315000650000007370694062303030000000008C
:10316000737069330000000061726475696E6F5F8F
:10317000737069007370695F6E7266785F737069EF
:103180006D00000088310800020000006031080076
:103190006831080000127A00000000000000000002
:1031A00000000000FFFFFFFF0000FF000000000024
:1031B0000000000101000000DD2E0600FF1F0000DE
:1031C000D031080000000000FFFFFFFF00000000FA
:1031D00000B00040DC31080001000000E4310800CC
:1031E000030000000D1800040C1800060B18000561
:1031F000D48C07000A000100D48C070014000100E1
:1032000054462D4D206E6F6E2D736563757265206B
:1032100063616C6C6261636B20696E697469616C77
:10322000697A6174696F6E206661696C65642C20CF
:103230006572726F723A2025640000002A2A2A2AD9
:103240002A20534543555245204641554C54202A87
:103250002A2A2A2A00000000202041646472657333
:10326000733A2030782578002020496E76616C69A9
:103270006420656E74727920706F696E740000004E
:103280002020496E76616C696420696E746567728E
:10329000697479207369676E6174757265000000E6
:1032A0002020496E76616C6964206578636570746E
:1032B000696F6E2072657475726E00002020417413
:1032C000747269627574696F6E20756E69742076A8
:1032D000696F6C6174696F6E000000002020496E98
:1032E00076616C6964207472616E736974696F6E63
:1032F0000000000020204C617A79207374617465AD
:1033000020707265736572766174696F6E0000007B
:1033100020204C617A792073746174652065727223
:103320006F7200002A2A2A2A2A2053505520494E1B
:1033300054455252555054202A2A2A2A2A00000065
:10334000202053656375726974792076696F6C61AA
:1033500074696F6E20666F722074686520666C6198
:103360007368206D656D6F7279207370616365009D
:10337000202053656375726974792076696F6C617A
:1033800074696F6E20666F72207468652052414DBB
:10339000206D656D6F727920737061636500000048
:1033A000202053656375726974792076696F6C614A
:1033B00074696F6E206F6E206F6E65206F72207360
:1033C00065766572616C207065726970686572619E
:1033D0006C732E00574553545F544F504449522F3D
:1033E0006E72662F6D6F64756C65732F7472757372
:1033F0007465642D6669726D776172652D6D2F66D7
:1034000061756C742E630000574553545F544F50E0
:103410004449522F6D6F64756C65732F68616C2F12
:103420006E6F726469632F6E7266782F68656C7058
:103430006572732F6E7266785F677070695F647013
:1034400070692E6300000000574553545F544F507D
:103450004449522F6D6F64756C65732F68616C2FD2
:103460006E6F726469632F6E7266782F647269760C
:103470006572732F7372632F6E7266785F636C6F01
:10348000636B2E6300000000574553545F544F5048
:103490004449522F6D6F64756C65732F68616C2F92
:1034A0006E6F726469632F6E7266782F64726976CC
:1034B0006572732F7372632F6E7266785F636C6FC1
:1034C000636B5F6866636C6B2E63000057455354F3
:1034D0005F544F504449522F6D6F64756C65732F64
:1034E00068616C2F6E6F726469632F6E7266782FDD
:1034F000647269766572732F7372632F6E72667869
:103500005F636C6F636B5F6C66636C6B2E63000054
:10351000574553545F544F504449522F6D6F647553
:103520006C65732F68616C2F6E6F726469632F6EA8
:103530007266782F647269766572732F7372632F67
:103540006E7266785F6770696F74652E6300000045
:10355000574553545F544F504449522F6D6F647513
:103560006C65732F68616C2F6E6F726469632F6E68
:103570007266782F68616C2F6E72665F6770696F14
:1035800074652E68000000000800000001000000C3
:103590000800000001000000574553545F544F508D
:1035A0004449522F6D6F64756C65732F68616C2F81
:1035B0006E6F726469632F6E7266782F64726976BB
:1035C0006572732F7372632F6E7266785F737069A2
:1035D0006D2E63005354435020414C49474E207395
:1035E0006C6F743D257520736F636B3D2570207281
:1035F000785F737461636B3D257020736F636B5FDD
:103600006D6F6433323D256C7520737461636B5F3D
:103610006D6F6433323D256C750A00004C49464598
:103620004359434C45204E4154495645204F50453F
:103630004E204641494C20636172726965723D2596
:103640007020747970653D2564206572726E6F3DDF
:10365000256400004C4946454359434C45204E41A2
:1036600054495645204F50454E206361727269653A
:10367000723D257020747970653D25642066643D37
:10368000256400004C4946454359434C45204E4172
:103690005449564520434C4F534520454E544552BE
:1036A00020636172726965723D25702066643D25F4
:1036B000640000004C4946454359434C45204E4167
:1036C0005449564520434C4F53452052455455527A
:1036D0004E20636172726965723D25702066643D9B
:1036E00025642072633D2564206572726E6F3D25EE
:1036F000640000004C4946454359434C4520434132
:103700005252494552204B465245452063617272E0
:103710006965723D25700000545844494147204571
:103720004E54455220636172726965723D25702066
:1037300066643D256420747970653D25642070655C
:1037400065725F76616C69643D2564206C656E3DD1
:10375000257520666C6167733D25640054584449A3
:1037600041472052455455524E206361727269653B
:10377000723D25702066643D256420747970653D36
:10378000256420706565725F76616C69643D2564AF
:10379000206C656E3D25752072633D256420657241
:1037A000726E6F3D25640000737463705F76325FE4
:1037B00063617272696572005258444941472052F0
:1037C00045435646524F4D20454E54455220736F47
:1037D000636B3D257020636172726965723D25706F
:1037E0002066643D2564206374783D2570000000E8
:1037F000525844494147205245435646524F4D2066
:1038000041524D20736F636B3D25702066643D25EA
:1038100064206374783D25700000000052584449CC
:103820004147205245435646524F4D20524554552C
:10383000524E20736F636B3D25702066643D256496
:10384000206E3D2564206572726E6F3D2564207088
:103850006565725F706F72743D25750052585354E0
:1038600041434B204245464F52455F5255535420E9
:10387000736F636B3D2570206E3D25642072633D40
:10388000256420756E757365643D257520746F74AD
:10389000616C3D257520757365643D2575000000DC
:1038A000525844494147205255535420454E54459F
:1038B00052206374783D2570206E3D25642070652C
:1038C00065725F706F72743D2575000052585354D5
:1038D00041434B2041465445525F52555354207347
:1038E0006F636B3D2570206E3D25642072633D251E
:1038F0006420756E757365643D257520746F746101
:103900006C3D257520757365643D257500000000CC
:10391000525844494147205255535420524554551A
:10392000524E206374783D2570206E3D25642072D0
:10393000633D256420636F6E6E65637465643D2529
:1039400064000000525844494147205245435620E4
:1039500041524D20736F636B3D25702066643D2599
:1039600064206374783D257000000000636172720A
:103970006965725F726563656976652072633D256E
:10398000640000006E61746976652063617272691B
:1039900065722072656376206661696C6564206576
:1039A00072726E6F3D256400737463702D76322DD4
:1039B00072780000525852454144592054494D45AF
:1039C0004F555420736F636B3D25702066643D2511
:1039D000642072633D256400525852454144592089
:1039E000434F4E4649524D454420736F636B3D250E
:1039F000702066643D25642072756E6E696E673D49
:103A0000256C64004C4946454359434C4520525867
:103A10002053485554444F574E2066643D2564203A
:103A200072633D2564206572726E6F3D25640000EF
:103A30004C4946454359434C45205258204A4F492A
:103A40004E20454E54455220736F636B3D257020C8
:103A500072756E6E696E673D256C64004C49464513
:103A60004359434C45205258204A4F494E20524515
:103A70005455524E20736F636B3D25702072633D29
:103A800025642072756E6E696E673D256C6400005A
:103A90004C4946454359434C452052582041424FDA
:103AA000525420736F636B3D2570206A6F696E5F9F
:103AB00072633D25640000004C4946454359434C20
:103AC00045205258204A4F494E45442042555420E3
:103AD00052554E4E494E4720736F636B3D25703BE8
:103AE00020666F7263696E6720636C6561720000A7
:103AF000737463705F76325F727800004C4946459C
:103B00004359434C4520434C4F534520454E544563
:103B10005220736F636B3D2570206170705F666427
:103B20003D2564206E61746976655F66643D256439
:103B3000206374783D257020636172726965723DFF
:103B400025702072785F72756E6E696E673D256CA8
:103B5000642072785F73746F703D256C64000000A0
:103B60004C4946454359434C452052582053544FE5
:103B70005020454E54455220736F636B3D25702095
:103B80006E61746976655F66643D256400000000BF
:103B90004C4946454359434C452052582053544FB5
:103BA000502052455455524E20736F636B3D257023
:103BB000206E61746976655F66643D256420727865
:103BC0005F72756E6E696E673D256C642072785FFA
:103BD00073746F703D256C64000000004C494645CD
:103BE0004359434C4520525553542052454C45416E
:103BF000534520454E54455220736F636B3D2570ED
:103C0000206374783D2570004C4946454359434C28
:103C10004520525553542052454C4541534520525E
:103C2000455455524E20736F636B3D257000000064
:103C30004C4946454359434C45204341525249451E
:103C400052204652454520454E54455220736F63DD
:103C50006B3D257020636172726965723D2570202D
:103C60006E61746976655F66643D256400000000DE
:103C70004C4946454359434C4520434152524945DE
:103C80005220465245452052455455524E20736F9E
:103C9000636B3D2570206F6C645F6E61746976653F
:103CA0005F66643D256400004C4946454359434CDA
:103CB0004520534F434B4554204652454520454EE1
:103CC00054455220736F636B3D2570206170705FA7
:103CD00066643D25640000004C4946454359434C09
:103CE0004520434C4F534520444F4E4520736F634E
:103CF0006B3D2570206F6C645F6E61746976655FE3
:103D000066643D25640000004C49464553554D20EE
:103D10005052455620636C6F73655F7365713D2526
:103D200075206372656174655F7365713D257520EB
:103D300073746167655F6D61736B3D3078253032F8
:103D400078206170705F66643D2564206E617469DF
:103D500076655F66643D2564206861645F6374789E
:103D60003D2564206861645F636172726965723DBC
:103D700025642072785F6265666F72653D256C64AC
:103D80002F256C642072785F61667465725F73744E
:103D90006F703D256C642F256C6420636C6F7365B8
:103DA0005F6D733D256C6C64206475726174696F1E
:103DB0006E5F6D733D256C6C6420636F6D706C6518
:103DC00074653D25640000004C49464553554D201F
:103DD00043524541544520424547494E2063726550
:103DE0006174655F7365713D2575207075626C69DE
:103DF000635F747970653D25642070726F746F63C2
:103E00006F6C3D2564206566666563746976655FE1
:103E1000747970653D256420727573745F70726F7C
:103E2000746F636F6C3D2564000000004C4946458B
:103E30004359434C452043524541544520414C4C45
:103E40004F4320736F636B3D25702066643D25648E
:103E500020747970653D25642072785F72756E6E8E
:103E6000696E673D256C642072785F73746F703D76
:103E7000256C64206374783D2570206361727269DB
:103E800065723D25700000004C4946454359434C3E
:103E900045204352454154452043415252494552E1
:103EA000204641494C20736F636B3D25702065723D
:103EB000726E6F3D256400004C4946454359434CA2
:103EC00045204352454154452043415252494552B1
:103ED00020736F636B3D2570206361727269657238
:103EE0003D2570206E61746976655F66643D25646A
:103EF000206F776E735F66643D2564004C494645CC
:103F00004359434C45204352454154452052555353
:103F10005420736F636B3D2570206374783D25706A
:103F2000206E61746976655F66643D2564000000FB
:103F30004C4946454359434C45204352454154451D
:103F400020444F4E45206372656174655F736571EF
:103F50003D257520736F636B3D2570206170705F28
:103F600066643D2564206E61746976655F66643DB4
:103F70002564206374783D25702072785F72756EB9
:103F80006E696E673D256C642072785F73746F7024
:103F90003D256C640000000041465F5354435020AF
:103FA00066643D2564207075626C69635F74797026
:103FB000653D2564206566666563746976655F7432
:103FC0007970653D25642070726F746F636F6C3D0E
:103FD0002564206E61746976655F66643D256400C2
:103FE00055445044494147206166746572206269B6
:103FF0006E642066643D256420676574736F636B2F
:104000006E616D655F72633D2564206572726E6FCF
:104010003D2564206C6F63616C5F616464723D3048
:104020007825303878206C6F63616C5F706F7274C4
:104030003D257500434F4E4E4449414720636F6E06
:104040006E65637420454E54455220736F636B3D1B
:104050002570206170705F66643D25642063617225
:10406000726965723D2570206E61746976655F6660
:10407000643D2564206374783D257020616464721A
:104080006C656E3D257520706565725F706F72742A
:104090003D257500434F4E4E44494147206E6174A3
:1040A00069766520636F6E6E656374205245545562
:1040B000524E2072633D2564206572726E6F3D25FD
:1040C0006420656C61707365645F6D733D256C6C15
:1040D00064206E61746976655F66643D25640000E6
:1040E0005544504449414720616674657220636FAE
:1040F0006E6E6563742066643D2564206765747325
:104100006F636B6E616D655F72633D2564206572E0
:10411000726E6F3D2564206C6F63616C5F616464D7
:10412000723D307825303878206C6F63616C5F7039
:104130006F72743D257500005A4F5244455220312C
:10414000206265666F72655F72785F737461727406
:104150002066643D2564206374783D25700A000064
:104160005A4F5244455220322061667465725F7224
:10417000785F73746172742072633D256420727578
:104180006E6E696E673D256C640A0000434F4E4EAB
:10419000444941472072785F7374617274205245BC
:1041A0005455524E2072633D256420656C617073D6
:1041B00065645F6D733D256C6C642072785F727509
:1041C0006E6E696E673D256C640000005A4F524464
:1041D00045522033206265666F72655F7275737435
:1041E0005F636F6E6E656374206374783D25700A3B
:1041F000000000005A4F524445522034206166743A
:1042000065725F727573745F636F6E6E6563742041
:1042100072633D25640A0000434F4E4E44494147B6
:1042200020727573745F636F6E6E656374205245A0
:104230005455524E2072633D256420656C61707345
:1042400065645F6D733D256C6C64206374783D25F7
:1042500070000000434F4E4E444941472073746143
:1042600072745F68616E647368616B652052455457
:1042700055524E2072633D256420656C61707365F4
:10428000645F6D733D256C6C642072785F72756E2F
:104290006E696E673D256C6400000000434F4E4E12
:1042A00044494147207761697420454E5445522066
:1042B000736F636B3D2570206170705F66643D2590
:1042C00064206E61746976655F66643D2564206371
:1042D00074783D25702074696D656F75745F6D73BA
:1042E0003D25642072785F72756E6E696E673D253C
:1042F0006C640000434F4E4E4449414720434F4EAB
:104300004E454354454420697465723D25752065CA
:104310006C61707365645F6D733D256C6C642072B5
:10432000785F72756E6E696E673D256C6400000083
:10433000434F4E4E444941472069735F636F6E6E31
:104340006563746564204641494C45442069746541
:10435000723D25752072633D256420656C61707324
:1043600065645F6D733D256C6C640000434F4E4E79
:10437000444941472054494D454F5554206974657F
:10438000723D257520656C61707365645F6D733D6A
:10439000256C6C642072785F72756E6E696E673D15
:1043A000256C642072785F73746F703D256C642097
:1043B0006E61746976655F66643D25642063727919
:1043C00070746F5F73746167653D25750000000050
:1043D000434F4E4E4449414720776169745F636F94
:1043E0006E6E65637465642052455455524E20725A
:1043F000633D256420656C61707365645F6D733D1A
:10440000256C6C642072785F72756E6E696E673DA4
:10441000256C6400636F6E6E65637465642066640A
:104420003D256420747970653D25640055445044F1
:10443000494147206578706C696369742062696ED0
:10444000642066643D25642072633D2564206572A6
:10445000726E6F3D25640000056706001169060055
:10446000C169060035660600F56806009968060011
:10447000FD700600496806000D67060061690600C8
:10448000656906009166060081660600000000006E
:1044900000000000796606007166060073746370A0
:1044A0005F76325F736F636B657400005053415FDA
:1044B00053554343455353005053415F4552524F68
:1044C000525F4F54484552005053415F4552524F3E
:1044D000525F494E56414C49445F415247554D4504
:1044E0004E5400005053415F4552524F525F42417B
:1044F000445F5354415445005053415F4552524F1D
:10450000525F494E53554646494349454E545F4DC7
:10451000454D4F52590000005053415F4552524F94
:10452000525F4255464645525F544F4F5F534D418F
:104530004C4C00005053415F4552524F525F4E4F1A
:10454000545F5045524D4954544544005053415FC7
:104550004552524F525F494E56414C49445F534970
:10456000474E4154555245005053415F4552524FBA
:10457000525F4E4F545F535550504F525445440074
:1045800058323535313952455345542050524556ED
:104590002073746167653D2575206379636C653DA3
:1045A0002575207469643D257020736861726564A7
:1045B0003D2570207365637265743D2570207065BC
:1045C00065723D25700A0000583235353139524543
:1045D0005345542050524556206E6F6E650A0000B8
:1045E000535443502063727970746F206261636B1F
:1045F000656E6420756E617661696C61626C6520C0
:10460000617420626F6F743A2072633D256420707C
:1046100073613D256420282573290000484D4143DE
:104620002D534841323536204B4446206661696C33
:1046300065643A207374617475733D256420282580
:1046400073290000534841323536204B44462068D8
:10465000617368206661696C65643A207374617483
:1046600075733D256420282573290000583235359F
:104670003139206B6579706169722061626F727483
:1046800065643A2063727970746F20696E69742072
:1046900072633D2564000000583235353139206B96
:1046A0006579706169722073746172743A20626115
:1046B000636B656E643D736F6674776172652D72AE
:1046C00066633737343820726E673D5053410000BF
:1046D00058323535313920736F66747761726520D1
:1046E0007073615F67656E65726174655F72616E3C
:1046F000646F6D3A207374617475733D256420286E
:104700002573290058323535313920736F66747737
:10471000617265207075626C69632D6B65792063C9
:10472000616C63756C6174696F6E206661696C653C
:10473000643A2072633D256400000000583235352C
:10474000313920736F667477617265207075626CA1
:104750006963206B657920697320616C6C207A65D0
:10476000726F0000583235353139206261636B65F4
:104770006E642073656C65637465643A20736F665C
:1047800074776172652D72666337373438000000C4
:1047900043686143686132302D506F6C793133303A
:1047A0003520656E63727970743A205053412075DC
:1047B0006E737570706F727465642C207573696E9A
:1047C0006720736F66747761726520524643383490
:1047D00033392066616C6C6261636B0043686143CE
:1047E000686132302D506F6C793133303520656E11
:1047F0006372797074206661696C65643A207374C1
:10480000617475733D2564202825732920777269AA
:104810007474656E3D257520657870656374656494
:104820003D25750043686143686132302D506F6CDF
:10483000793133303520646563727970743A205071
:10484000534120756E737570706F727465642C209F
:104850007573696E6720736F667477617265205235
:104860004643383433392066616C6C6261636B0097
:1048700043686143686132302D506F6C7931333059
:104880003520736F66747761726520646563727931
:104890007074206661696C65643A2072633D2564BA
:1048A0000000000043686143686132302D506F6C36
:1048B00079313330352064656372797074206661B4
:1048C000696C65643A207374617475733D25642066
:1048D00028257329207772697474656E3D257520CB
:1048E00065787065637465643D25750063617272F7
:1048F00069657220545820696E76616C6964207312
:10490000686F72742D777269746520726573756C47
:10491000742072633D25642072656D61696E696EF5
:10492000673D257500000000636172726965722041
:104930005458207061727469616C20777269746573
:104940002072633D25642070726F67726573733DDA
:1049500025752F25753B20636F6E74696E75696EC2
:104960006700000063617272696572205458207A92
:1049700065726F2077726974652070726F677265F7
:1049800073733D25752F25750000000063617272F9
:10499000696572205458206661696C656420726391
:1049A0003D25642070726F67726573733D25752FA6
:1049B0002575000053544350763220736572766536
:1049C0007220746F20636C69656E74206B6579006A
:1049D00053544350763220636C69656E7420746F53
:1049E00020736572766572206B657900535443506D
:1049F00076322D484B44462D53484132353600001F
:104A0000737463705F727573745F706C6174666FDA
:104A1000726D0000574553545F544F504449522F14
:104A20007A65706879722F6B65726E656C2F64653C
:104A3000766963652E63000048616C74696E672057
:104A400073797374656D0000556E6B6E6F776E20B1
:104A50006572726F720000003E3E3E205A4550481B
:104A6000595220464154414C204552524F52202524
:104A7000643A202573206F6E204350552025640032
:104A80004661756C7420647572696E6720696E7416
:104A90006572727570742068616E646C696E670A05
:104AA0000000000043757272656E74207468726550
:104AB00061643A20257020282573290057455354F6
:104AC0005F544F504449522F7A65706879722F6B4A
:104AD00065726E656C2F666174616C2E63000000F8
:104AE00043505520657863657074696F6E000000EF
:104AF000556E68616E646C656420696E746572726F
:104B000075707400537461636B206F766572666CA8
:104B10006F7700004B65726E656C206F6F7073006D
:104B20004B65726E656C2070616E696300000000F9
:104B3000E04A0800F04A0800044B0800144B080043
:104B4000204B0800574553545F544F504449522F4F
:104B50007A65706879722F6B65726E656C2F696EFD
:104B600069742E630000000069646C650000000039
:104B7000EC8B0700F48B07003C8C0700448C07008B
:104B8000948C0700B48C07006F7300005745535492
:104B90005F544F504449522F7A65706879722F6B79
:104BA00065726E656C2F6B686561702E6300000026
:104BB000574553545F544F504449522F7A6570689B
:104BC00079722F6B65726E656C2F6D656D5F736C9E
:104BD00061622E6300000000574553545F544F50EC
:104BE0004449522F7A65706879722F6B65726E65D1
:104BF0006C2F696E636C7564652F6B736368656495
:104C00002E680000574553545F544F504449522F6B
:104C10007A65706879722F6B65726E656C2F696446
:104C20006C652E6300000000574553545F544F508D
:104C30004449522F7A65706879722F6B65726E6580
:104C40006C2F6D73675F712E6300000057455354DE
:104C50005F544F504449522F7A65706879722F6BB8
:104C600065726E656C2F6D757465782E630000003B
:104C7000574553545F544F504449522F7A657068DA
:104C800079722F6B65726E656C2F73656D2E630084
:104C9000574553545F544F504449522F7A657068BA
:104CA00079722F6B65726E656C2F776F726B2E63E6
:104CB000000000002B000000574553545F544F5034
:104CC0004449522F7A65706879722F6B65726E65F0
:104CD0006C2F7468726561642E63000064756D6D7D
:104CE0007900000070656E64696E6700736C6565BD
:104CF00070696E6700000000646561640000000078
:104D000073757370656E64656400000061626F7234
:104D100074696E670000000073757370656E646976
:104D20006E6700007175657565640000DC4C0800F5
:104D300001000500E44C080002000700EC4C0800EC
:104D400004000800F84C080008000400004D0800AA
:104D5000100009000C4D080020000800184D080044
:104D600040000A00244D08008000060057455354B7
:104D70005F544F504449522F7A65706879722F6B97
:104D800065726E656C2F73636865642E6300000046
:104D9000574553545F544F504449522F7A657068B9
:104DA00079722F6B65726E656C2F696E636C7564BA
:104DB000652F6B7468726561642E680057455354A3
:104DC0005F544F504449522F7A65706879722F6B47
:104DD00065726E656C2F696E636C7564652F6B739D
:104DE0007761702E68000000574553545F544F5050
:104DF0004449522F7A65706879722F6B65726E65BF
:104E00006C2F74696D65736C6963696E672E6300DE
:104E1000574553545F544F504449522F7A65706838
:104E200079722F6B65726E656C2F74687265616440
:104E30005F6D6F6E69746F722E6300005745535437
:104E40005F544F504449522F7A65706879722F6BC6
:104E500065726E656C2F74696D656F75742E630075
:104E6000574553545F544F504449522F7A657068E8
:104E700079722F6B65726E656C2F706F6C6C2E6320
:104E800000000000574553545F544F504449522F7F
:104E90007A65706879722F6B65726E656C2F6576B6
:104EA000656E74732E630000574553545F544F5022
:104EB0004449522F7A65706879722F6B65726E65FE
:104EC0006C2F6D656D706F6F6C2E630073797377E7
:104ED0006F726B7100000000CC4E080000010000F2
:104EE0008813000091500800110000002C01000000
:104EF000130000009150080011000000290100007B
:104F0000280000009150080011000000120100006C
:104F10001C00000091500800110000001101000069
:104F200013000000B95008000E00000099040000B2
:104F30001E000000C850080073000000FC030000C1
:104F4000370000003C5208006E0000003D020000E7
:104F50000900000000000000000000000100000047
:104F6000B96E07004B5508006D0000009901000064
:104F700032000000FD530800740000001C00000017
:104F8000050000000000000000000000000000001C
:104F900000000000000000409559695955555455CE
:104FA0001555555604051541105455404551554465
:104FB00040455044505555450040004040044496FB
:104FC00065555655454045545141154055915555E7
:104FD00055554051050100005445545445550504AC
:104FE0000010041014044000000001405555154104
:104FF000540400004400010000000040410000444F
:10500000504445505400555554556551004000409A
:10501000010000010005010011545151545555057E
:10502000000000000000000000000000012F686F79
:105030006D652F706F6D6F2F2E636172676F2F72AA
:10504000656769737472792F7372632F696E646513
:10505000782E6372617465732E696F2D313934391E
:105060006366386336623562353537662F6564327C
:10507000353531392D636F6D706163742D322E3487
:105080002E322F7372632F7368613531322E727333
:10509000007372632F627974655F71756575652E33
:1050A0007273007372632F6B64662E727300737277
:1050B000632F7032702E7273007372632F73657377
:1050C00073696F6E2E7273002F686F6D652F706F2E
:1050D0006D6F2F2E7275737475702F746F6F6C6394
:1050E0006861696E732F6E696768746C792D7838A2
:1050F000365F36342D756E6B6E6F776E2D6C696E04
:1051000075782D676E752F6C69622F727573746C6C
:1051100069622F7372632F727573742F6C69627278
:105120006172792F636F72652F7372632F736C696D
:1051300063652F696E6465782E727300696E697499
:10514000007472616E73706F72742D726561647930
:105150000073656375726974792D6D756C7469730C
:10516000747265616D006E6F6973652D68616E6440
:105170007368616B65006D757865722D6D756C7403
:105180006973747265616D0079616D75782D7265F2
:105190006164790070696E672D6D756C74697374E4
:1051A0007265616D002F686F6D652F706F6D6F2F69
:1051B0002E7275737475702F746F6F6C636861698C
:1051C0006E732F6E696768746C792D7838365F3628
:1051D000342D756E6B6E6F776E2D6C696E75782DD4
:1051E000676E752F6C69622F727573746C69622FAC
:1051F0007372632F727573742F6C69627261727946
:105200002F616C6C6F632F7372632F7665632F6DE4
:105210006F642E727300156D656D6F727920616C0D
:105220006C6F636174696F6E206F6620C00D2062C1
:1052300079746573206661696C6564002F686F6DB1
:10524000652F706F6D6F2F2E7275737475702F745C
:105250006F6F6C636861696E732F6E696768746CD9
:10526000792D7838365F36342D756E6B6E6F776EAC
:105270002D6C696E75782D676E752F6C69622F7253
:105280007573746C69622F7372632F727573742FE8
:105290006C6962726172792F616C6C6F632F7372CB
:1052A000632F616C6C6F632E7273002F686F6D6576
:1052B0002F706F6D6F2F2E7275737475702F746FE2
:1052C0006F6C636861696E732F6E696768746C795F
:1052D0002D7838365F36342D756E6B6E6F776E2D88
:1052E0006C696E75782D676E752F6C69622F72759B
:1052F00073746C69622F7372632F727573742F6C81
:105300006962726172792F616C6C6F632F73726363
:105310002F737472696E672E7273002F686F6D65DC
:105320002F706F6D6F2F2E7275737475702F746F71
:105330006F6C636861696E732F6E696768746C79EE
:105340002D7838365F36342D756E6B6E6F776E2D17
:105350006C696E75782D676E752F6C69622F72752A
:1053600073746C69622F7372632F727573742F6C10
:105370006962726172792F616C6C6F632F737263F3
:105380002F626F72726F772E7273002F686F6D6568
:105390002F706F6D6F2F2E7275737475702F746F01
:1053A0006F6C636861696E732F6E696768746C797E
:1053B0002D7838365F36342D756E6B6E6F776E2DA7
:1053C0006C696E75782D676E752F6C69622F7275BA
:1053D00073746C69622F7372632F727573742F6CA0
:1053E0006962726172792F616C6C6F632F73726383
:1053F0002F777466382F6D6F642E7273002F686F6D
:105400006D652F706F6D6F2F2E7275737475702FA1
:10541000746F6F6C636861696E732F6E696768740F
:105420006C792D7838365F36342D756E6B6E6F77EC
:105430006E2D6C696E75782D676E752F6C69622F95
:10544000727573746C69622F7372632F72757374E3
:105450002F6C6962726172792F616C6C6F632F734C
:1054600072632F7261775F7665632F6D6F642E7242
:1054700073002F686F6D652F706F6D6F2F2E7275B3
:10548000737475702F746F6F6C636861696E732FBE
:105490006E696768746C792D7838365F36342D758F
:1054A0006E6B6E6F776E2D6C696E75782D676E758D
:1054B0002F6C69622F727573746C69622F737263DB
:1054C0002F727573742F6C6962726172792F636FBA
:1054D00072652F7372632F777466382E7273002F84
:1054E000686F6D652F706F6D6F2F2E727573747589
:1054F000702F746F6F6C636861696E732F6E69676C
:1055000068746C792D7838365F36342D756E6B6E15
:105510006F776E2D6C696E75782D676E752F6C695F
:10552000622F727573746C69622F7372632F727558
:1055300073742F6C6962726172792F616C6C6F6326
:105540002F7372632F72632E7273002F686F6D65F5
:105550002F706F6D6F2F2E7275737475702F746F3F
:105560006F6C636861696E732F6E696768746C79BC
:105570002D7838365F36342D756E6B6E6F776E2DE5
:105580006C696E75782D676E752F6C69622F7275F8
:1055900073746C69622F7372632F727573742F6CDE
:1055A0006962726172792F616C6C6F632F737263C1
:1055B0002F73796E632E7273002F686F6D652F7075
:1055C0006F6D6F2F2E7275737475702F746F6F6C93
:1055D000636861696E732F6E696768746C792D7882
:1055E00038365F36342D756E6B6E6F776E2D6C6945
:1055F0006E75782D676E752F6C69622F7275737476
:105600006C69622F7372632F727573742F6C696289
:10561000726172792F616C6C6F632F7372632F7379
:1056200074722E72730014696E73657274696F6E92
:1056300020696E6465782028697320C0172920735B
:10564000686F756C64206265203C3D206C656E203F
:1056500028697320C001290016737761705F726535
:105660006D6F766520696E6465782028697320C047
:1056700016292073686F756C64206265203C206C6D
:10568000656E2028697320C00129001272656D6F54
:1056900076616C20696E6465782028697320C01675
:1056A000292073686F756C64206265203C206C65EE
:1056B0006E2028697320C001290015606174602084
:1056C00073706C697420696E646578202869732032
:1056D000C017292073686F756C64206265203C3D9B
:1056E000206C656E2028697320C00129002F686F27
:1056F0006D652F706F6D6F2F2E7275737475702FAF
:10570000746F6F6C636861696E732F6E696768741C
:105710006C792D7838365F36342D756E6B6E6F77F9
:105720006E2D6C696E75782D676E752F6C69622FA2
:10573000727573746C69622F7372632F72757374F0
:105740002F6C6962726172792F616C6C6F632F7359
:1057500072632F666D742E7273002D6E756C2062ED
:1057600079746520666F756E6420696E2070726F43
:105770007669646564206461746120617420706F6F
:10578000736974696F6E3A20C0003364617461207C
:1057900070726F766964656420636F6E7461696EA0
:1057A0007320616E20696E746572696F72206E7508
:1057B0006C206279746520617420706F7320C00062
:1057C00063616C6C65642060526573756C743A3A01
:1057D000756E77726170282960206F6E20616E206F
:1057E00060457272602076616C756563617061639B
:1057F000697479206F766572666C6F774C61796F2A
:1058000075744572726F722F686F6D652F706F6D52
:105810006F2F2E7275737475702F746F6F6C636851
:1058200061696E732F6E696768746C792D7838368C
:105830005F36342D756E6B6E6F776E2D6C696E757D
:10584000782D676E752F6C69622F727573746C6931
:10585000622F7372632F727573742F6C6962726139
:1058600072792F636F72652F7372632F666D742F59
:105870006E756D2E7273002F686F6D652F706F6D72
:105880006F2F2E7275737475702F746F6F6C6368E1
:1058900061696E732F6E696768746C792D7838361C
:1058A0005F36342D756E6B6E6F776E2D6C696E750D
:1058B000782D676E752F6C69622F727573746C69C1
:1058C000622F7372632F727573742F6C69627261C9
:1058D00072792F636F72652F7372632F756E6963B0
:1058E0006F64652F756E69636F64655F6461746171
:1058F0002E7273002F686F6D652F706F6D6F2F2E76
:105900007275737475702F746F6F6C636861696EF4
:10591000732F6E696768746C792D7838365F36340A
:105920002D756E6B6E6F776E2D6C696E75782D6749
:105930006E752F6C69622F727573746C69622F7348
:1059400072632F727573742F6C6962726172792F32
:10595000636F72652F7372632F6E756D2F696D7033
:105960002F666C74326465632F6D6F642E727300E2
:105970002F686F6D652F706F6D6F2F2E727573743A
:1059800075702F746F6F6C636861696E732F6E69C9
:105990006768746C792D7838365F36342D756E6B88
:1059A0006E6F776E2D6C696E75782D676E752F6CC6
:1059B00069622F727573746C69622F7372632F72D0
:1059C0007573742F6C6962726172792F636F72657F
:1059D0002F7372632F6E756D2F696D702F64656301
:1059E00032666C742F70617273652E7273002F684B
:1059F0006F6D652F706F6D6F2F2E7275737475706C
:105A00002F746F6F6C636861696E732F6E6967685E
:105A1000746C792D7838365F36342D756E6B6E6FF9
:105A2000776E2D6C696E75782D676E752F6C696257
:105A30002F727573746C69622F7372632F72757332
:105A4000742F6C6962726172792F636F72652F7344
:105A500072632F6E65742F7061727365722E72732C
:105A6000002F686F6D652F706F6D6F2F2E727573BD
:105A70007475702F746F6F6C636861696E732F6ECD
:105A8000696768746C792D7838365F36342D756E99
:105A90006B6E6F776E2D6C696E75782D676E752FD6
:105AA0006C69622F727573746C69622F7372632FE5
:105AB000727573742F6C6962726172792F636F7281
:105AC000652F7372632F666D742F6275696C6465E0
:105AD00072732E7273002F686F6D652F706F6D6F0C
:105AE0002F2E7275737475702F746F6F6C6368618D
:105AF000696E732F6E696768746C792D7838365FBC
:105B000036342D756E6B6E6F776E2D6C696E757891
:105B10002D676E752F6C69622F727573746C696274
:105B20002F7372632F727573742F6C696272617256
:105B3000792F636F72652F7372632F6E756D2F6986
:105B40006D702F64656332666C742F646563696D74
:105B5000616C5F7365712E727300C0C000C0143138
:105B600038343436373434303733373039353531EB
:105B7000363136002F686F6D652F706F6D6F2F2E69
:105B80007275737475702F746F6F6C636861696E72
:105B9000732F6E696768746C792D7838365F363488
:105BA0002D756E6B6E6F776E2D6C696E75782D67C7
:105BB0006E752F6C69622F727573746C69622F73C6
:105BC00072632F727573742F6C6962726172792FB0
:105BD000636F72652F7372632F74696D652E7273B4
:105BE000000122C00122002F686F6D652F706F6D5C
:105BF0006F2F2E7275737475702F746F6F6C63686E
:105C000061696E732F6E696768746C792D783836A8
:105C10005F36342D756E6B6E6F776E2D6C696E7599
:105C2000782D676E752F6C69622F727573746C694D
:105C3000622F7372632F727573742F6C6962726155
:105C400072792F636F72652F7372632F7374722F63
:105C50006D6F642E7273002F686F6D652F706F6D9E
:105C60006F2F2E7275737475702F746F6F6C6368FD
:105C700061696E732F6E696768746C792D78383638
:105C80005F36342D756E6B6E6F776E2D6C696E7529
:105C9000782D676E752F6C69622F727573746C69DD
:105CA000622F7372632F727573742F6C69627261E5
:105CB00072792F636F72652F7372632F6E756D2FFC
:105CC000696D702F666D742E7273002F686F6D652D
:105CD0002F706F6D6F2F2E7275737475702F746FB8
:105CE0006F6C636861696E732F6E696768746C7935
:105CF0002D7838365F36342D756E6B6E6F776E2D5E
:105D00006C696E75782D676E752F6C69622F727570
:105D100073746C69622F7372632F727573742F6C56
:105D20006962726172792F636F72652F7372632F6C
:105D30006E756D2F696D702F6469795F666C6F6128
:105D4000742E7273002F686F6D652F706F6D6F2FDB
:105D50002E7275737475702F746F6F6C63686169E0
:105D60006E732F6E696768746C792D7838365F367C
:105D7000342D756E6B6E6F776E2D6C696E75782D28
:105D8000676E752F6C69622F727573746C69622F00
:105D90007372632F727573742F6C6962726172799A
:105DA0002F636F72652F7372632F6E756D2F696D20
:105DB000702F6269676E756D2E7273002F686F6D3C
:105DC000652F706F6D6F2F2E7275737475702F74D1
:105DD0006F6F6C636861696E732F6E696768746C4E
:105DE000792D7838365F36342D756E6B6E6F776E21
:105DF0002D6C696E75782D676E752F6C69622F72C8
:105E00007573746C69622F7372632F727573742F5C
:105E10006C6962726172792F636F72652F7372633E
:105E20002F666D742F6D6F642E7273002F686F6D07
:105E3000652F706F6D6F2F2E7275737475702F7460
:105E40006F6F6C636861696E732F6E696768746CDD
:105E5000792D7838365F36342D756E6B6E6F776EB0
:105E60002D6C696E75782D676E752F6C69622F7257
:105E70007573746C69622F7372632F727573742FEC
:105E80006C6962726172792F636F72652F737263CE
:105E90002F7374722F7061747465726E2E7273003A
:105EA0002F686F6D652F706F6D6F2F2E7275737405
:105EB00075702F746F6F6C636861696E732F6E6994
:105EC0006768746C792D7838365F36342D756E6B53
:105ED0006E6F776E2D6C696E75782D676E752F6C91
:105EE00069622F727573746C69622F7372632F729B
:105EF0007573742F6C6962726172792F636F72654A
:105F00002F7372632F696E7472696E736963732F76
:105F10006D6F642E7273004066726F6D5F617363A4
:105F200069695F72616469783A2072616469782096
:105F30006D757374206C696520696E2074686520C6
:105F400072616E676520605B322C2033365D6020A5
:105F50002D20666F756E6420C000117374617274B9
:105F6000206279746520696E64657820C027206995
:105F700073206F7574206F6620626F756E64732076
:105F8000666F7220737472696E67206F66206C652D
:105F90006E67746820C0000F656E64206279746556
:105FA00020696E64657820C027206973206F75743E
:105FB000206F6620626F756E647320666F72207347
:105FC0007472696E67206F66206C656E67746820F6
:105FD000C00015627974652072616E676520737404
:105FE0006172747320617420C00D20627574206525
:105FF0006E647320617420C0001173746172742028
:106000006279746520696E64657820C026206973A2
:10601000206E6F742061206368617220626F756EFC
:10602000646172793B20697420697320696E7369B9
:10603000646520C0082028627974657320C00B2035
:106040006F6620737472696E6729000F656E642035
:106050006279746520696E64657820C02620697352
:10606000206E6F742061206368617220626F756EAC
:10607000646172793B20697420697320696E736969
:10608000646520C0082028627974657320C00B20E5
:106090006F6620737472696E6729000B627974658C
:1060A00020696E64657820C01D206973206E6F744E
:1060B000206120636F646520706F696E7420626F69
:1060C000756E6461727900C0023A20C0002F686F5B
:1060D0006D652F706F6D6F2F2E7275737475702FC5
:1060E000746F6F6C636861696E732F6E6967687433
:1060F0006C792D7838365F36342D756E6B6E6F7710
:106100006E2D6C696E75782D676E752F6C69622FB8
:10611000727573746C69622F7372632F7275737406
:106120002F6C6962726172792F636F72652F73725F
:10613000632F70616E69636B696E672E72730020E6
:10614000696E646578206F7574206F6620626F7564
:106150006E64733A20746865206C656E20697320E4
:10616000C012206275742074686520696E64657859
:1061700020697320C00010617373657274696F6E5B
:1061800020606C65667420C0102072696768746056
:10619000206661696C65643A20C0090A20206C653C
:1061A00066743A20C0090A2072696768743A20C090
:1061B0000010617373657274696F6E20606C656640
:1061C0007420C01720726967687460206661696C0A
:1061D00065640A20206C6566743A20C0090A207242
:1061E000696768743A20C0002F686F6D652F706F03
:1061F0006D6F2F2E7275737475702F746F6F6C6363
:106200006861696E732F6E696768746C792D783870
:10621000365F36342D756E6B6E6F776E2D6C696ED2
:1062200075782D676E752F6C69622F727573746C3B
:1062300069622F7372632F727573742F6C69627247
:106240006172792F636F72652F7372632F63656C50
:106250006C2F6C617A792E7273001272616E6765B1
:1062600020737461727420696E64657820C0222086
:106270006F7574206F662072616E676520666F723D
:1062800020736C696365206F66206C656E67746847
:1062900020C0001072616E676520656E6420696EB3
:1062A00064657820C022206F7574206F662072614B
:1062B0006E676520666F7220736C696365206F6618
:1062C000206C656E67746820C00016736C69636526
:1062D00020696E64657820737461727473206174D0
:1062E00020C00D2062757420656E64732061742077
:1062F000C0002F686F6D652F706F6D6F2F2E7275D8
:10630000737475702F746F6F6C636861696E732F2F
:106310006E696768746C792D7838365F36342D7500
:106320006E6B6E6F776E2D6C696E75782D676E75FE
:106330002F6C69622F727573746C69622F7372634C
:106340002F727573742F6C6962726172792F636F2B
:1063500072652F7372632F736C6963652F6D656D42
:106360006368722E7273002F686F6D652F706F6D8A
:106370006F2F2E7275737475702F746F6F6C6368E6
:1063800061696E732F6E696768746C792D78383621
:106390005F36342D756E6B6E6F776E2D6C696E7512
:1063A000782D676E752F6C69622F727573746C69C6
:1063B000622F7372632F727573742F6C69627261CE
:1063C00072792F636F72652F7372632F736C6963B9
:1063D000652F736F72742F7368617265642F736DAC
:1063E000616C6C736F72742E7273002F686F6D65C1
:1063F0002F706F6D6F2F2E7275737475702F746F91
:106400006F6C636861696E732F6E696768746C790D
:106410002D7838365F36342D756E6B6E6F776E2D36
:106420006C696E75782D676E752F6C69622F727549
:1064300073746C69622F7372632F727573742F6C2F
:106440006962726172792F636F72652F7372632F45
:106450006E756D2F696D702F666C74326465632F75
:1064600073747261746567792F67726973752E72C0
:1064700073002F686F6D652F706F6D6F2F2E7275A3
:10648000737475702F746F6F6C636861696E732FAE
:106490006E696768746C792D7838365F36342D757F
:1064A0006E6B6E6F776E2D6C696E75782D676E757D
:1064B0002F6C69622F727573746C69622F737263CB
:1064C0002F727573742F6C6962726172792F636FAA
:1064D00072652F7372632F6E756D2F696D702F66E5
:1064E0006C74326465632F73747261746567792F9D
:1064F000647261676F6E2E72730026636F70795FCE
:1065000066726F6D5F736C6963653A20736F757245
:10651000636520736C696365206C656E67746820C1
:1065200028C02B2920646F6573206E6F74206D6105
:106530007463682064657374696E6174696F6E203A
:10654000736C696365206C656E6774682028C00190
:1065500029003D646174612070726F7669646564BE
:1065600020636F6E7461696E7320616E20696E7452
:106570006572696F72206E756C2062797465206136
:1065800074206279746520706F736974696F6E200E
:10659000C0002F686F6D652F706F6D6F2F2E727535
:1065A000737475702F746F6F6C636861696E732F8D
:1065B0006E696768746C792D7838365F36342D755E
:1065C0006E6B6E6F776E2D6C696E75782D676E755C
:1065D0002F6C69622F727573746C69622F737263AA
:1065E0002F727573742F6C6962726172792F636F89
:1065F00072652F7372632F7374722F6C6F7373795C
:106600002E7273002F686F6D652F706F6D6F2F2E58
:106610007275737475702F746F6F6C636861696ED7
:10662000732F6E696768746C792D7838365F3634ED
:106630002D756E6B6E6F776E2D6C696E75782D672C
:106640006E752F6C69622F727573746C69622F732B
:1066500072632F727573742F6C6962726172792F15
:10666000636F72652F7372632F6E65742F69705F2D
:10667000616464722E727300035C757BC0017D00DF
:106680001A756E70616972656420737572726F67D6
:1066900061746520666F756E643A20C0002F686F64
:1066A0006D652F706F6D6F2F2E7275737475702FEF
:1066B000746F6F6C636861696E732F6E696768745D
:1066C0006C792D7838365F36342D756E6B6E6F773A
:1066D0006E2D6C696E75782D676E752F6C69622FE3
:1066E000727573746C69622F7372632F7275737431
:1066F0002F6C6962726172792F636F72652F73728A
:10670000632F627374722F6D6F642E727300C00BEF
:1067100020286F73206572726F7220C0012900C03B
:10672000013AC0013AC0002F686F6D652F706F6D20
:106730006F2F2E7275737475702F746F6F6C636822
:1067400061696E732F6E696768746C792D7838365D
:106750005F36342D756E6B6E6F776E2D6C696E754E
:10676000782D676E752F6C69622F727573746C6902
:10677000622F7372632F727573742F6C696272610A
:1067800072792F636F72652F7372632F6E65742F2A
:10679000646973706C61795F6275666665722E728A
:1067A00073002F686F6D652F706F6D6F2F2E727570
:1067B000737475702F746F6F6C636861696E732F7B
:1067C0006E696768746C792D7838365F36342D754C
:1067D0006E6B6E6F776E2D6C696E75782D676E754A
:1067E0002F6C69622F727573746C69622F73726398
:1067F0002F727573742F6C6962726172792F636F77
:1068000072652F7372632F6E65742F736F636B6580
:10681000745F616464722E727300C0012EC0012E19
:10682000C0012EC000015BC0025D3AC000015BC028
:106830000125C0025D3AC000C007202831203C3C41
:1068400020C00129001A696E76616C696420757434
:10685000662D382073657175656E6365206F6620DF
:10686000C0122062797465732066726F6D20696E44
:1068700064657820C0002A696E636F6D706C657402
:1068800065207574662D3820627974652073657192
:1068900075656E63652066726F6D20696E646578DC
:1068A00020C000073A3A666666663AC0003030306B
:1068B00031303230333034303530363037303830B4
:1068C00039313031313132313331343135313631A2
:1068D0003731383139323032313232323332343288
:1068E000353236323732383239333033313332336E
:1068F0003333343335333633373338333934303454
:106900003134323433343434353436343734383443
:106910003935303531353235333534353535363531
:106920003735383539363036313632363336343617
:1069300035363636373638363937303731373237FD
:1069400033373437353736373737383739383038E3
:1069500031383238333834383538363837383838D3
:1069600039393039313932393339343935393639C1
:1069700037393839390020202020202020202028B5
:1069800028282828202020202020202020202020E7
:10699000202020202020881010101010101010101F
:1069A000101010101010040404040404040404045F
:1069B00010101010101010414141414141010101DE
:1069C00001010101010101010101010101010101B7
:1069D00001101010101010424242424242020202C4
:1069E0000202020202020202020202020202020287
:1069F0000210101010200000000000000000000035
:106A00000000000000000000000000000000000086
:106A10000000000000000000000000000000000076
:106A20000000000000000000000000000000000066
:106A30000000000000000000000000000000000056
:106A40000000000000000000000000000000000046
:106A50000000000000000000000000000000000036
:106A60000000000000000000000000000000000026
:106A7000000000000000696E66006E616E00286E06
:086A8000756C6C290000000098
:106A880000000000000000000000000000000000FE
:106A980000000000000000000000000000000000EE
:106AA80000000000000000000000000000000000DE
:106AB80000000000000000000000000000000000CE
:106AC80000000000000000000000000000000000BE
:106AD80000000000000000000000000000000000AE
:106AE800000000000000000000000000000000009E
:106AF800000000000000000000000000000000008E
:106B0800000000000000000000000000000000007D
:106B1800000000000000000000000000000000006D
:106B2800000000000000000000000000000000005D
:106B3800000000000000000000000000000000004D
:106B4800000000000000000000000000000000003D
:106B5800000000000000000000000000000000002D
:106B6800000000000000000000000000000000001D
:106B7800000000000000000000000000000000000D
:106B880000000000000000000000000000000000FD
:106B980000000000000000000000000000000000ED
:106BA80000000000000000000000000000000000DD
:106BB80000000000000000000000000000000000CD
:106BC80000000000000000000000000000000000BD
:106BD80000000000000000000000000000000000AD
:106BE800000000000000000000000000000000009D
:106BF800000000000000000000000000000000008D
:106C0800000000000000000000000000000000007C
:106C1800000000000000000000000000000000006C
:106C2800000000000000000000000000000000005C
:106C3800000000000000000000000000000000004C
:106C4800000000000000000000000000000000003C
:106C5800000000000000000000000000000000002C
:106C6800000000000000000000000000000000001C
:106C7800000000000000000000000000000000000C
:106C880000000000000000000000000000000000FC
:106C980000000000000000000000000000000000EC
:106CA80000000000000000000000000000000000DC
:106CB80000000000000000000000000000000000CC
:106CC80000000000000000000000000000000000BC
:106CD80000000000000000000000000000000000AC
:106CE800000000000000000000000000000000009C
:106CF800000000000000000000000000000000008C
:106D0800000000000000000000000000000000007B
:106D1800000000000000000000000000000000006B
:106D2800000000000000000000000000000000005B
:106D3800000000000000000000000000000000004B
:106D4800000000000000000000000000000000003B
:106D5800000000000000000000000000000000002B
:106D6800000000000000000000000000000000001B
:106D7800000000000000000000000000000000000B
:106D880000000000000000000000000000000000FB
:106D980000000000000000000000000000000000EB
:106DA80000000000000000000000000000000000DB
:106DB80000000000000000000000000000000000CB
:106DC80000000000000000000000000000000000BB
:106DD80000000000000000000000000000000000AB
:106DE800000000000000000000000000000000009B
:106DF800000000000000000000000000000000008B
:106E0800000000000000000000000000000000007A
:106E1800000000000000000000000000000000006A
:106E2800000000000000000000000000000000005A
:106E3800000000000000000000000000000000004A
:106E4800000000000000000000000000000000003A
:106E5800000000000000000000000000000000002A
:106E6800000000000000000000000000000000001A
:106E7800000000000000000000000000000000000A
:106E880000000000000000000000000000000000FA
:106E980000000000000000000000000000000000EA
:106EA80000000000000000000000000000000000DA
:106EB80000000000000000000000000000000000CA
:106EC80000000000000000000000000000000000BA
:106ED80000000000000000000000000000000000AA
:106EE800000000000000000000000000000000009A
:106EF800000000000000000000000000000000008A
:106F08000000000000000000000000000000000079
:106F18000000000000000000000000000000000069
:106F28000000000000000000000000000000000059
:106F38000000000000000000000000000000000049
:106F48000000000000000000000000000000000039
:106F58000000000000000000000000000000000029
:106F68000000000000000000000000000000000019
:106F78000000000000000000000000000000000009
:106F880000000000000000000000000000000000F9
:106F980000000000000000000000000000000000E9
:106FA80000000000000000000000000000000000D9
:106FB80000000000000000000000000000000000C9
:106FC80000000000000000000000000000000000B9
:106FD80000000000000000000000000000000000A9
:106FE8000000000000000000000000000000000099
:106FF8000000000000000000000000000000000089
:107008000000000000000000000000000000000078
:107018000000000000000000000000000000000068
:107028000000000000000000000000000000000058
:107038000000000000000000000000000000000048
:107048000000000000000000000000000000000038
:107058000000000000000000000000000000000028
:107068000000000000000000000000000000000018
:107078000000000000000000000000000000000008
:1070880000000000000000000000000000000000F8
:1070980000000000000000000000000000000000E8
:1070A80000000000000000000000000000000000D8
:1070B80000000000000000000000000000000000C8
:1070C80000000000000000000000000000000000B8
:1070D80000000000000000000000000000000000A8
:1070E8000000000000000000000000000000000098
:1070F8000000000000000000000000000000000088
:107108000000000000000000000000000000000077
:107118000000000000000000000000000000000067
:107128000000000000000000000000000000000057
:107138000000000000000000000000000000000047
:107148000000000000000000000000000000000037
:107158000000000000000000000000000000000027
:107168000000000000000000000000000000000017
:107178000000000000000000000000000000000007
:1071880000000000000000000000000000000000F7
:1071980000000000000000000000000000000000E7
:1071A80000000000000000000000000000000000D7
:1071B80000000000000000000000000000000000C7
:1071C80000000000000000000000000000000000B7
:1071D80000000000000000000000000000000000A7
:1071E8000000000000000000000000000000000097
:1071F8000000000000000000000000000000000087
:107208000000000000000000000000000000000076
:107218000000000000000000000000000000000066
:107228000000000000000000000000000000000056
:107238000000000000000000000000000000000046
:107248000000000000000000000000000000000036
:107258000000000000000000000000000000000026
:107268000000000000000000000000000000000016
:107278000000000000000000000000000000000006
:1072880000000000000000000000000000000000F6
:1072980000000000000000000000000000000000E6
:1072A80000000000000000000000000000000000D6
:1072B80000000000000000000000000000000000C6
:1072C80000000000000000000000000000000000B6
:1072D80000000000000000000000000000000000A6
:1072E8000000000000000000000000000000000096
:1072F8000000000000000000000000000000000086
:107308000000000000000000000000000000000075
:107318000000000000000000000000000000000065
:107328000000000000000000000000000000000055
:107338000000000000000000000000000000000045
:107348000000000000000000000000000000000035
:107358000000000000000000000000000000000025
:107368000000000000000000000000000000000015
:107378000000000000000000000000000000000005
:1073880000000000000000000000000000000000F5
:1073980000000000000000000000000000000000E5
:1073A80000000000000000000000000000000000D5
:1073B80000000000000000000000000000000000C5
:1073C80000000000000000000000000000000000B5
:1073D80000000000000000000000000000000000A5
:1073E8000000000000000000000000000000000095
:1073F8000000000000000000000000000000000085
:107408000000000000000000000000000000000074
:107418000000000000000000000000000000000064
:107428000000000000000000000000000000000054
:107438000000000000000000000000000000000044
:107448000000000000000000000000000000000034
:107458000000000000000000000000000000000024
:107468000000000000000000000000000000000014
:107478000000000000000000000000000000000004
:1074880000000000000000000000000000000000F4
:1074980000000000000000000000000000000000E4
:1074A80000000000000000000000000000000000D4
:1074B80000000000000000000000000000000000C4
:1074C80000000000000000000000000000000000B4
:1074D80000000000000000000000000000000000A4
:1074E8000000000000000000000000000000000094
:1074F8000000000000000000000000000000000084
:107508000000000000000000000000000000000073
:107518000000000000000000000000000000000063
:107528000000000000000000000000000000000053
:107538000000000000000000000000000000000043
:107548000000000000000000000000000000000033
:107558000000000000000000000000000000000023
:107568000000000000000000000000000000000013
:107578000000000000000000000000000000000003
:1075880000000000000000000000000000000000F3
:1075980000000000000000000000000000000000E3
:1075A80000000000000000000000000000000000D3
:1075B80000000000000000000000000000000000C3
:1075C80000000000000000000000000000000000B3
:1075D80000000000000000000000000000000000A3
:1075E8000000000000000000000000000000000093
:1075F8000000000000000000000000000000000083
:107608000000000000000000000000000000000072
:107618000000000000000000000000000000000062
:107628000000000000000000000000000000000052
:107638000000000000000000000000000000000042
:107648000000000000000000000000000000000032
:107658000000000000000000000000000000000022
:107668000000000000000000000000000000000012
:107678000000000000000000000000000000000002
:1076880000000000000000000000000000000000F2
:1076980000000000000000000000000000000000E2
:1076A80000000000000000000000000000000000D2
:1076B80000000000000000000000000000000000C2
:1076C80000000000000000000000000000000000B2
:1076D80000000000000000000000000000000000A2
:1076E8000000000000000000000000000000000092
:1076F8000000000000000000000000000000000082
:107708000000000000000000000000000000000071
:107718000000000000000000000000000000000061
:107728000000000000000000000000000000000051
:107738000000000000000000000000000000000041
:107748000000000000000000000000000000000031
:107758000000000000000000000000000000000021
:107768000000000000000000000000000000000011
:107778000000000000000000000000000000000001
:1077880000000000000000000000000000000000F1
:1077980000000000000000000000000000000000E1
:1077A80000000000000000000000000000000000D1
:1077B80000000000000000000000000000000000C1
:1077C80000000000000000000000000000000000B1
:1077D80000000000000000000000000000000000A1
:1077E8000000000000000000000000000000000091
:1077F8000000000000000000000000000000000081
:107808000000000000000000000000000000000070
:107818000000000000000000000000000000000060
:107828000000000000000000000000000000000050
:107838000000000000000000000000000000000040
:107848000000000000000000000000000000000030
:107858000000000000000000000000000000000020
:107868000000000000000000000000000000000010
:107878000000000000000000000000000000000000
:1078880000000000000000000000000000000000F0
:1078980000000000000000000000000000000000E0
:1078A80000000000000000000000000000000000D0
:1078B80000000000000000000000000000000000C0
:1078C80000000000000000000000000000000000B0
:1078D80000000000000000000000000000000000A0
:1078E8000000000000000000000000000000000090
:1078F8000000000000000000000000000000000080
:10790800000000000000000000000000000000006F
:10791800000000000000000000000000000000005F
:10792800000000000000000000000000000000004F
:10793800000000000000000000000000000000003F
:10794800000000000000000000000000000000002F
:10795800000000000000000000000000000000001F
:10796800000000000000000000000000000000000F
:1079780000000000000000000000000000000000FF
:1079880000000000000000000000000000000000EF
:1079980000000000000000000000000000000000DF
:1079A80000000000000000000000000000000000CF
:1079B80000000000000000000000000000000000BF
:1079C80000000000000000000000000000000000AF
:1079D800000000000000000000000000000000009F
:1079E800000000000000000000000000000000008F
:1079F800000000000000000000000000000000007F
:107A0800000000000000000000000000000000006E
:107A1800000000000000000000000000000000005E
:107A2800000000000000000000000000000000004E
:107A3800000000000000000000000000000000003E
:107A4800000000000000000000000000000000002E
:107A5800000000000000000000000000000000001E
:107A6800000000000000000000000000000000000E
:107A780000000000000000000000000000000000FE
:107A880000000000000000000000000000000000EE
:107A980000000000000000000000000000000000DE
:107AA80000000000000000000000000000000000CE
:107AB80000000000000000000000000000000000BE
:107AC80000000000000000000000000000000000AE
:107AD800000000000000000000000000000000009E
:107AE800000000000000000000000000000000008E
:107AF800000000000000000000000000000000007E
:107B0800000000000000000000000000000000006D
:107B1800000000000000000000000000000000005D
:107B2800000000000000000000000000000000004D
:107B3800000000000000000000000000000000003D
:107B4800000000000000000000000000000000002D
:107B5800000000000000000000000000000000001D
:107B680000000000E4700120E47001200100000022
:107B7800FFFFFFFFF4700120F4700120FC7001206A
:107B8800FC70012000000000FFFFFFFF0C710120C6
:107B98000C7101200000000000000000000000003F
:107BA80000000000000000000000000000000000CD
:107BB80000000000000000000000000000000000BD
:107BC80000000000000000000000000000000000AD
:107BD800000000000000000000000000000000009D
:107BE800000000000000000000000000000000008D
:107BF800000000000000000000000000000000007D
:107C0800000000000000000000000000000000006C
:107C1800000000000000000000000000000000005C
:107C2800000000000000000000000000000000004C
:107C3800000000000000000000000000000000003C
:107C4800000000000000000000000000000000002C
:107C5800000000000000000000000000000000001C
:107C6800000000000000000000000000000000000C
:107C780000000000000000000000000000000000FC
:107C880000000000000000000000000000000000EC
:107C980000000000000000000000000000000000DC
:107CA80000000000000000000000000000000000CC
:107CB80000000000000000000000000000000000BC
:107CC80000000000000000000000000000000000AC
:107CD800000000000000000000000000000000009C
:107CE800000000000000000000000000000000008C
:107CF800000000000000000000000000000000007C
:107D0800000000000000000000000000000000006B
:107D1800000000000000000000000000000000005B
:107D2800000000000000000000000000000000004B
:107D3800000000000000000000000000000000003B
:107D4800000000000000000000000000000000002B
:107D5800000000000000000000000000000000001B
:107D6800000000000000000000000000000000000B
:107D780000000000000000000000000000000000FB
:107D880000000000000000000000000000000000EB
:107D980000000000000000000000000000000000DB
:107DA80000000000000000000000000000000000CB
:107DB80000000000000000000000000000000000BB
:107DC80000000000000000000000000000000000AB
:107DD800000000000000000000000000000000009B
:107DE800000000000000000000000000000000008B
:107DF800000000000000000000000000000000007B
:107E0800000000000000000000000000000000006A
:107E1800000000000000000000000000000000005A
:107E2800000000000000000000000000000000004A
:107E3800000000000000000000000000000000003A
:107E4800000000000000000000000000000000002A
:107E5800000000000000000000000000000000001A
:107E6800000000000000000000000000000000000A
:107E780000000000000000000000000000000000FA
:107E880000000000000000000000000000000000EA
:107E980000000000000000000000000000000000DA
:107EA80000000000000000000000000000000000CA
:107EB80000000000000000000000000000000000BA
:107EC80000000000000000000000000000000000AA
:107ED800000000000000000000000000000000009A
:107EE800000000000000000000000000000000008A
:107EF800000000000000000000000000000000007A
:107F08000000000000000000000000000000000069
:107F18000000000000000000000000000000000059
:107F28000000000000000000000000000000000049
:107F38000000000000000000000000000000000039
:107F48000000000000000000000000000000000029
:107F58000000000000000000000000000000000019
:107F68000000000000000000000000000000000009
:107F780000000000000000000000000000000000F9
:107F880000000000000000000000000000000000E9
:107F980000000000000000000000000000000000D9
:107FA80000000000000000000000000000000000C9
:107FB80000000000000000000000000000000000B9
:107FC80000000000000000000000000000000000A9
:107FD8000000000000000000000000000000000099
:107FE8000000000000000000000000000000000089
:107FF8000000000000000000000000000000000079
:108008000000000000000000000000000000000068
:108018000000000000000000000000000000000058
:108028000000000000000000000000000000000048
:108038000000000000000000000000000000000038
:108048000000000000000000000000000000000028
:108058000000000000000000000000000000000018
:108068000000000000000000000000000000000008
:1080780000000000000000000000000000000000F8
:1080880000000000000000000000000000000000E8
:1080980000000000000000000000000000000000D8
:1080A80000000000000000000000000000000000C8
:1080B80000000000000000000000000000000000B8
:1080C80000000000000000000000000000000000A8
:1080D8000000000000000000000000000000000098
:1080E8000000000000000000000000000000000088
:1080F8000000000000000000000000000000000078
:108108000000000000000000000000000000000067
:108118000000000000000000000000000000000057
:108128000000000000000000000000000000000047
:108138000000000000000000000000000000000037
:108148000000000000000000000000000000000027
:108158000000000000000000000000000000000017
:108168000000000000000000000000000000000007
:1081780000000000000000000000000000000000F7
:10818800314E040001000000010000000000000062
:10819800000000000000000020BD070001000000F2
:1081A80001000000D15B040020BA070000000000B5
:1081B8000000000001000000787901203C770120D0
:1081C8003C77012000000000D4C6070038C4012015
:1081D8000000000039BF040000000000000000009B
:1081E8000010034000000000000000000000000034
:1081F8000000000000000000000000000000000077
:108208000000000000000000000000000000000066
:108218000000000000000000000000000000000056
:108228000000000000000000000000000000000046
:108238000000000000000000000000000000000036
:108248000000000000000000000000000001000025
:1082580000000000717F0500000000000000000021
:10826800F07701200000000000000000000000007E
:10827800000000000000000034E1012020000000A0
:108288000000000000B000400000000000000000F6
:1082980000000000000000000000000000000000D6
:1082A80000000000000000000000000000000000C6
:1082B80000000000F0310800020000003C780120B6
:1082C8003C78012000000000010000004C780120EB
:1082D8004C780120547801205478012000000000D7
:1082E800010000006478012064780120000000008B
:1082F8000000000000000000000000000000000076
:108308000000000000000000000000000000000065
:10831800348D070000000000000000005CE101202F
:1083280054E101200090D003FF000000FF0000008E
:1083380077FFFFFF90020000B8780120B87801208D
:10834800C0780120C0780120010000000000000072
:10835800080000000000000000000000000000000D
:0C83680004000000000000000000000005
:1083740000000000000000000000000000000000F9
:0483840000000000F5
:10838800007901200079012000000000300D032051
:10839800000000000E000000400000000000000087
:1083A800207901202079012000000000B01003206E
:1083B8000000000006000000A0020000000000000D
:1083C800407901204079012000000000B009032015
:1083D800000000000E000000400000000000000047
:1083E80000000000B84C02200080000000000000DF
:1083F80000000000000000000000000078220220B9
:108408000002000000000000000000000000000062
:108418009079012090790120000000000000000000
:108428000E000000A4790120A479012000000000BA
:10843800000000000E000000B8790120B879012082
:1084480000000000000000000E000000CC790120B0
:10845800CC79012000000000000000000E000000A0
:10846800E0790120E0790120000000000000000010
:108478000E000000F4790120F479012000000000CA
:10848800000000000E000000087A0120087A012090
:1084980000000000000000000E0000001C7A01200F
:1084A8001C7A012000000000000000000E000000FF
:1084B800307A0120307A012000000000000000001E
:1084C8000E000000447A0120447A012000000000D8
:0884D800000000000E0000008E
:1084E000587A0120587A012000000000380000006E
:1084F00005000000B8DC0220D0DD0220B8DC02203C
:10850000B8DC022000000000807A0120807A01207F
:048510000000000067
:108514008C7A01208C7A0120010000000100000007
:108524009C7A01209C7A0120A47A0120A47A01205B
:1085340000000000FFFFFFFFB47A0120B47A01209D
:10854400BC7A0120BC7A0120000000000100000078
:10855400CC7A0120CC7A0120D47A0120D47A01206B
:108564000000000001000000E47A0120E47A012008
:10857400000000000000000000000000F87A012064
:10858400F87A0120007B0120007B0120000000001C
:108594002400240004000000000000001C2908003E
:1085A400C0050320000000000000000000000000DF
:1085B4002C7B01202C7B0120347B0120347B012087
:1085C400000000002400240004000000000000005B
:0885D40008290800D0EF022085
:1085E000507C01200000000000000000000000009E
:1085F000000000000000000000000000000000007B
:10860000000000000000000000000000000000006A
:10861000000000000000000000000000000000005A
:10862000000000000000000000000000000000004A
:10863000000000000000000000000000000000003A
:10864000000000000000000000000000000000002A
:10865000000000000000000000000000000000001A
:10866000000000000000000000000000000000000A
:1086700000000000000000000000000000000000FA
:1086800000000000000000000000000000000000EA
:1086900000000000000000000000000000000000DA
:1086A00000000000000000000000000000000000CA
:1086B00000000000000000000000000000000000BA
:1086C00000000000000000000000000000000000AA
:0886D0000000000000000000A2
:1086D800548D0700787C0120FCE001200002000096
:1086E8000000000000000000DC05000000000000A1
:0886F80000000000000000007A
:10870000754205002D3F05002D3E0500193E050070
:048710000000000065
:1087140008B10181B0B000840000000008B10181FB
:08872400B0B000840000000069
:04872C0015E015E05F
:040000034000B561A3
:00000001FF
