id,protocol,transport,clients,payload_bytes,pipeline,elapsed_s,operations,errors,status,operations_s,combined_mib_s,rtt_p50_ms,rtt_p95_ms,rtt_p99_ms,connect_mean_ms,client_cpu_percent,max_rss_kib,server_cpu_busy_percent,server_kernel_network_events_per_1k_ops,server_perf_cycles_per_op,server_perf_instructions_per_op,server_perf_context_switches_per_1k_ops,server_perf_ipc,server_perf_cache_miss_percent,operations_per_cpu_percent,mib_per_cpu_percent,error_details
udp-c1-p64-q1,udp,udp,1,64,1,15.000447672966402,22993,0,pass,1532.8209198341237,0.18711192869068893,0.804704031907022,0.896613986697048,1.1909230379387736,0.6678160279989243,10.522399293752965,21160,27.48408114911891,40811.76879919976,493916.168138129,255876.0253120515,689.644674466142,0.518055576671248,3.739585023717465,145.67218721153674,0.017782249415470793,
stcp-udp-c1-p64-q1,stcp,udp,1,64,1,15.000683732971083,43875,0,pass,2924.866678147742,0.35703938942233177,0.30359800439327955,0.5182180320844054,0.7822160259820521,3.5204580053687096,23.83804007640225,21092,42.06745783885072,23021.60683760684,438618.62766951567,234397.4996923077,11343.77207977208,0.5343993275837758,3.7741629627201743,122.69744780918988,0.01497771579702025,
tls-c1-p64-q1,tls,tls,1,64,1,15.001477496000007,47999,0,pass,3199.6181717966415,0.3905783901118947,0.2767090336419642,0.5504839937202632,1.3023890205658972,50.0177780049853,28.513971381422643,25148,40.128953024255445,19744.47384320507,366618.4683222567,199225.24529677702,3001.229192274839,0.5434130097386652,4.26056498504286,112.21229512354948,0.013697789932073911,
udp-c1-p64-q4,udp,udp,1,64,4,15.000894022989087,22280,0,pass,1485.2448104663347,0.18130429815262875,0.7968820282258093,0.8980800048448145,1.1640340089797974,0.5011059693060815,9.96055300244212,21412,27.497044917257686,42030.70017953321,511289.0338420108,265722.1327648115,614.6768402154398,0.5197102131608011,3.735093016766818,149.11268582198034,0.01820223215600346,
stcp-udp-c1-p64-q4,stcp,udp,1,64,4,15.00121738598682,43528,0,pass,2901.6311729914055,0.35420302404680243,0.3251080051995814,0.5866620340384543,0.897591991815716,2.253756974823773,22.866010882585137,21004,41.72501591343094,23141.931630215036,448202.8429516633,241198.31933468112,11577.766035655211,0.5381454471512429,3.724322022182617,126.89713076281713,0.01549037240757045,
tls-c1-p64-q4,tls,tls,1,64,4,15.001861899043433,50756,0,pass,3383.3133741376705,0.41300212086641486,0.2703529899008572,0.42679597390815616,0.6775929941795766,48.669422045350075,29.18796366389163,24952,40.63577747788274,18467.432421782647,340239.7453108992,184560.4859129955,2286.074552762235,0.5424424643404038,4.347710095817135,115.91467678586844,0.014149740818587456,
udp-c1-p64-q8,udp,udp,1,64,8,15.000904215034097,51064,0,pass,3404.061466429671,0.4155348469762782,0.19750901265069842,0.7421269547194242,1.6666059964336455,0.12124399654567242,22.992327332797117,21108,68.89476138660035,19276.006579978068,574334.020679931,299404.6088438039,15392.781607394641,0.5213074588361503,4.134661191115281,148.05206176644808,0.01807276144609962,
stcp-udp-c1-p64-q8,stcp,udp,1,64,8,15.001069085963536,44200,0,pass,2946.4566656357733,0.35967488594186686,0.2977310214191675,0.42239599861204624,0.7836809963919222,2.4434439837932587,23.12170539395402,20972,41.606526513962976,22509.276018099546,431833.9562895928,231565.86119909503,11029.502262443439,0.5362381948579429,3.7344219149810898,127.43249753568038,0.015555724796835984,
tls-c1-p64-q8,tls,tls,1,64,8,15.002243881986942,45128,0,pass,3008.0833477307206,0.3671976742835352,0.27377496007829905,0.5377730121836066,1.3106989790685475,47.74932703003287,27.783357161688542,24824,40.5484068627451,17303.913313242334,399848.27424215566,240542.2256248892,3518.5694025881935,0.6015837534394667,3.891681922459601,108.269253791931,0.013216461644522828,
udp-c2-p64-q1,udp,udp,2,64,1,15.000377390999347,101658,0,pass,6777.029494004443,0.8272741081548393,0.17306499648839235,0.5103950388729572,0.90932403691113,0.2432200126349926,47.617201979770584,21568,71.0764430577223,10303.242243601095,295599.67792008497,156070.30189458773,7472.171398217552,0.5279785925097698,4.122427084307819,142.32313559464407,0.017373429638018075,
stcp-udp-c2-p64-q1,stcp,udp,2,64,1,15.00171607802622,24619,0,pass,1641.0789187018881,0.20032701644310158,1.3322100276127458,1.7785599920898676,3.0393929919227958,4.519489506492391,15.307548736798498,21624,60.306881587104776,40758.07303302328,1060334.3823063488,587172.5901133271,31474.79588935375,0.5537617188609497,3.8258173587717104,107.2071660145576,0.013086812257636426,
tls-c2-p64-q1,tls,tls,2,64,1,15.003539803961758,31197,0,pass,2079.309310177741,0.25382193727755625,0.61746098799631,3.361566981766373,6.247451005037874,62.54563349648379,21.71930119543878,26340,79.2923076923077,28343.141968779048,1049989.397185627,524654.6883995256,21885.437702343173,0.4996761774983641,4.3627298056321955,95.73555297508429,0.011686468869028844,
udp-c2-p64-q4,udp,udp,2,64,4,15.000445857003797,89056,0,pass,5936.8901997282455,0.7247180419590143,0.22244203137233853,0.787592027336359,1.672472048085183,0.31337447580881417,40.92063035002391,21524,70.47970479704797,11241.993801652892,333146.8158462091,174013.6441564858,8382.512127200862,0.5223332053001397,4.159147491811581,145.08305832402155,0.017710334268069037,
stcp-udp-c2-p64-q4,stcp,udp,2,64,4,15.00538464501733,25324,0,pass,1687.660836365768,0.20601328568918068,1.340520044323057,1.6524280072189867,2.8511720011010766,5.098082008771598,15.644750571452537,21708,61.2457284871078,39297.58332017058,1038163.9316063813,576112.4156531354,30584.78123519191,0.5549339541797602,3.8588560016603393,107.87393692586542,0.013168205191145681,
tls-c2-p64-q4,tls,tls,2,64,4,15.007616855029482,31932,0,pass,2127.7195645688857,0.2597313921592878,0.571504991967231,2.7489939820952713,5.457901046611369,60.067212994908914,22.12389903122615,26088,79.58216032004741,28727.38945258675,1029667.6095452837,510143.1470938244,21450.42590504823,0.49544449331479995,4.382549728995229,96.1729016013758,0.011739856152511694,
udp-c2-p64-q8,udp,udp,2,64,8,15.005188281997107,94768,0,pass,6315.682163995273,0.7709572954095792,0.23613101802766323,0.7387030054815114,1.4133630320429802,0.4448844993021339,43.4853723750246,21836,69.55710955710956,10590.241431706905,310524.3805398447,162327.08307656593,7844.8421408070235,0.5227514915072411,4.112904410087613,145.23693414713918,0.0177291179378832,
stcp-udp-c2-p64-q8,stcp,udp,2,64,8,15.00779706495814,26824,0,pass,1787.3376008416074,0.21818085947773527,1.153766002971679,1.776602992322296,3.1322789727710187,4.2312890000175685,15.339826291863714,21412,62.38102668122952,36688.152400835075,999620.0239710707,554436.5306441992,28771.436027438114,0.5546472833163703,3.886160135226214,116.51615649582787,0.014223163634744613,
tls-c2-p64-q8,tls,tls,2,64,8,15.013492840051185,31320,0,pass,2086.1234846329885,0.25465374568273785,0.6150149856694043,3.0027240281924605,5.63682900974527,73.22793747880496,21.883748405536245,26120,77.61948529411765,27961.68582375479,1029582.4166347382,510687.90737547894,21511.68582375479,0.49601459691269584,4.368178440655921,95.32752095181426,0.011636660272438265,
udp-c4-p64-q1,udp,udp,4,64,1,15.000553980993573,106887,0,pass,7125.5368392014725,0.869816508691586,0.3598179901018739,1.3654520153068006,2.268908021505922,0.19359799625817686,54.32915351210382,22376,68.03763848838975,9821.596639441654,268443.1892465875,140777.8290811792,6621.8997633014305,0.5244231730232611,4.098138559656203,131.15493944911174,0.016010124444471648,
stcp-udp-c4-p64-q1,stcp,udp,4,64,1,15.006539149966557,43787,0,pass,2917.86131115365,0.3561842420841858,1.383052032906562,2.4977059802040458,4.05822298489511,9.550829228828661,26.40171701420463,22288,66.37046116132986,22482.44912873684,642146.2860209651,352106.9340671889,18113.98360243908,0.548328226343885,3.9872953986137762,110.51786175814948,0.013490949921649106,
tls-c4-p64-q1,tls,tls,4,64,1,15.006387517030817,42013,0,pass,2799.674468776663,0.34175713730183876,0.9660339565016329,3.8778239977546036,6.514373002573848,108.24332572519779,30.79282735272383,28848,82.33785822021116,20010.282531597364,806322.7721181539,388213.8730869017,15474.400780710734,0.48146212225544716,4.478568953921187,90.91969492463684,0.011098595571855083,
udp-c4-p64-q4,udp,udp,4,64,4,15.002867880044505,100016,0,pass,6666.458759730363,0.8137767040686479,0.5319049814715981,1.427049981430173,2.282594970893115,0.10596548963803798,49.36747466697034,22500,78.4572404159553,7698.278275475924,324127.6285594305,152462.2377819549,6928.851383778595,0.47037717352132524,4.9503655079577635,135.0374675776277,0.01648406586640963,
stcp-udp-c4-p64-q4,stcp,udp,4,64,4,15.006672646966763,42808,0,pass,2852.5977081703454,0.34821749367313787,1.428027986548841,2.6140600093640387,4.228840989526361,9.738922250107862,25.245583009140667,22612,66.3350948088281,22482.643431134366,656413.8629461783,360874.8593487199,18557.83965613904,0.5497672729351075,3.9776300845228234,112.99393272627158,0.013793204678499949,
tls-c4-p64-q4,tls,tls,4,64,4,15.008694830001332,56052,0,pass,3734.635198788636,0.4558880857896284,0.6966590299271047,2.8154790052212775,5.754644982516766,91.17708701523952,36.73414019305176,29284,80.15347577490219,12730.321844002,596041.0305430671,303828.8766324128,10626.311282380646,0.5097449018829913,4.446537566452243,101.66660167249648,0.012410473836974668,
udp-c4-p64-q8,udp,udp,4,64,8,15.002632227959111,105368,0,pass,7023.300871405402,0.8573365321539798,0.4981710226275027,1.3087390107102692,2.021530002821237,0.2098532422678545,51.30054435152268,22576,79.04791249422277,7435.350391010554,309427.44578050263,146783.30273897198,6659.38425328373,0.47437066343201856,4.922237892617395,136.90499701679948,0.01671203576865228,
stcp-udp-c4-p64-q8,stcp,udp,4,64,8,15.008382438973058,60224,0,pass,4012.6909242140023,0.4898304350847171,0.8320789784193039,2.063085965346545,3.3552040113136172,9.241111009032466,36.228661030655665,22548,86.04546138792715,11593.550743889478,582628.9825152763,257549.98836012222,11794.384298618492,0.4420480204198722,4.909335897166318,110.76012223633043,0.013520522733927055,
tls-c4-p64-q8,tls,tls,4,64,8,15.01043313095579,29448,0,pass,1961.8354609148375,0.23948186778745575,1.6866470105014741,4.641944018658251,6.5930759883485734,118.52538677339908,18.78346197875817,28472,67.27448765531709,17754.82205922304,983391.9079054605,486156.87021189893,26113.352349904915,0.494367369004867,5.031413333778971,104.4448282821046,0.012749612827405346,
udp-c8-p64-q1,udp,udp,8,64,1,15.002107955981046,98824,0,pass,6587.340945017051,0.8041187677022767,1.170873991213739,2.372057002503425,3.4764439915306866,0.47501063818344846,59.12580436047094,24484,79.56689868522815,7912.2379179146765,332462.54765036836,156820.29322836557,7102.060228284628,0.47169311050724555,4.935530477195811,111.41228464066485,0.013600132402424909,
stcp-udp-c8-p64-q1,stcp,udp,8,64,1,15.005142644047737,76173,0,pass,5076.459571693337,0.6196850063102218,1.3498049811460078,3.2848030095919967,4.9382050056010485,22.79678361810511,52.4518639156161,24284,85.44181195052897,9625.011487009833,456607.9028002048,205209.08082916518,8589.552728657136,0.44942078218684994,4.790205018190173,96.78320640540595,0.011814356250659906,
tls-c8-p64-q1,tls,tls,8,64,1,15.017985573038459,42459,0,pass,2827.2100671228463,0.34511841639683183,2.3241470335051417,6.632670992985368,9.255526005290449,177.78661501506576,29.00137291261763,33260,67.44186046511628,11947.808474057327,684195.3131491557,329751.6375562307,17622.388657292915,0.48195541714321033,5.036659607610192,97.48538717947424,0.011900071677181915,
udp-c8-p64-q4,udp,udp,8,64,4,15.00368707801681,96324,0,pass,6420.021925219472,0.7836940826683926,1.1498599778860807,2.755850029643625,4.3447299976833165,0.2547095064073801,52.9071951362588,24364,78.01484230055658,7990.199742535609,336109.5068311117,158756.49743573772,7132.801793945434,0.4723356352889765,4.93530482607544,121.34496846194837,0.014812618220452682,
stcp-udp-c8-p64-q4,stcp,udp,8,64,4,15.008566145028453,82664,0,pass,5507.787965966504,0.6723373981892705,1.1821179650723934,3.130313998553902,4.78029198711738,20.014231631648727,55.30569622568208,24484,86.91270194160367,8935.667279589665,427300.65426304075,192499.3155908255,7980.051775863737,0.45050086787914306,4.75846715193247,99.58807757326225,0.012156747750642365,
tls-c8-p64-q4,tls,tls,8,64,4,15.019008742005099,42424,0,pass,2824.6870834656843,0.34481043499336966,2.3041029926389456,6.704532017465681,9.296585049014539,173.73791387944948,28.08659394545925,33096,67.7341873498799,11993.447105412031,685021.8547284555,329916.9426503866,17639.94437111069,0.4816152074172385,5.042601139198448,100.57065263772756,0.012276690995816353,
udp-c8-p64-q8,udp,udp,8,64,8,15.006177815957926,98960,0,pass,6594.617311195899,0.8050069959955931,1.1508379830047488,2.468873979523778,3.7869109655730426,0.13707149628316984,55.254063371037745,24188,78.55380820228184,7901.343977364591,328567.8160772029,154328.38370048505,6918.219482619241,0.4697002449692846,5.018711822863022,119.35081166632474,0.014569190877236907,
stcp-udp-c8-p64-q8,stcp,udp,8,64,8,15.009850417962298,84408,0,pass,5623.5070736607,0.6864632658277222,1.1547489557415247,3.1425589695572853,4.824816016480327,16.599145506916102,56.803770607845216,24312,86.97618329816099,8741.908349919438,417824.8528812435,189763.69425883802,7761.314093450857,0.4541704327788604,4.753726422544958,98.99883429365221,0.012084818639361842,
tls-c8-p64-q8,tls,tls,8,64,8,15.033285123005044,42408,0,pass,2820.9403103187437,0.344353065224456,2.3016759660094976,6.6806270042434335,9.434033010620624,200.67259586357977,26.734708795282998,33164,67.92634107285829,12012.238256932655,685238.9395397095,330783.8269666101,17586.799660441426,0.48272771420258903,5.045917579891552,105.5160290661727,0.012880374641866785,
udp-c16-p64-q1,udp,udp,16,64,1,15.002479240996763,106508,0,pass,7099.359931720433,0.866621085415092,2.1921650040894747,3.0076269758865237,4.701616009697318,0.28315662348177284,54.6568128392571,26332,27.416570771001155,8718.105682202277,104713.54445675442,55100.26650580238,82.49145604086078,0.5261999943909663,3.745460725943981,129.88975322434715,0.01585568276664394,
stcp-udp-c16-p64-q1,stcp,udp,16,64,1,15.003719157946762,79668,0,pass,5309.883446985451,0.6481791317120912,2.6150509947910905,6.67231495026499,10.450915026012808,26.010261008195812,59.527033970570756,25064,87.71564544913741,9195.749861926997,446430.1125797058,197259.2353517096,8657.679369382939,0.44185916181111295,4.784630656603499,89.20120981688044,0.010888819557724663,
tls-c16-p64-q1,tls,tls,16,64,1,15.023941875027958,54729,0,pass,3642.785658733664,0.44467598373213674,3.3273579902015626,10.554070002399385,14.814222988206893,303.9420540590072,45.050260819032914,41740,64.04458084315942,8080.030696705586,511317.5070620695,245826.55990425553,12467.558332876537,0.4807708645000773,4.945787573723815,80.86047877429056,0.009870663912877265,
udp-c16-p64-q4,udp,udp,16,64,4,15.00651531497715,106752,0,pass,7113.710129190145,0.8683728185046564,2.1887419861741364,2.983670972753316,4.6541939955204725,0.31313136787503026,51.88040552112584,26264,27.521069456553327,8771.751348920863,103473.5156343675,52650.12914043765,50.40654976019185,0.5088271024489143,3.795876818939377,137.1174734995744,0.016737972839303516,
stcp-udp-c16-p64-q4,stcp,udp,16,64,4,15.010248563019559,93060,0,pass,6199.764088468862,0.7568071397056716,2.2742970031686127,5.438857013359666,8.281727961730212,32.16151568631176,79.95457869743447,25252,62.83512602343876,11022.544594885021,292576.88407479046,152497.84986030517,6274.908661078874,0.5212231661518504,4.110674203446577,77.54107631446747,0.009465463417293393,
tls-c16-p64-q4,tls,tls,16,64,4,15.039697528991383,69632,0,pass,4629.880346049073,0.5651709406798184,2.771006023976952,7.961997005622834,11.404242017306387,297.8043319344579,48.75544861101842,42452,74.1313912911546,11796.860638786764,441549.7158921186,202379.70329733455,8175.450942095587,0.4583395618054953,4.833187985365256,94.96129105461146,0.011591954474439876,
udp-c16-p64-q8,udp,udp,16,64,8,15.013876285986044,114088,0,pass,7598.837090891029,0.9275924183216588,2.1696750191040337,3.5977120278403163,5.798186990432441,0.17379912605974823,67.7502918383209,26560,28.460155781905332,8744.556833321645,109727.79440431947,58349.24694972302,207.4275997475633,0.5317635997924158,3.57129075643901,112.1594739255865,0.013691342031931945,
stcp-udp-c16-p64-q8,stcp,udp,16,64,8,15.019080113968812,89096,0,pass,5932.187545702908,0.724143987512562,2.439052041154355,5.776187987066805,8.585814968682826,25.06631344658672,67.68270708234341,25364,64.04120443740095,11462.119511538116,308889.2106940828,160732.00478135943,6819.441950255903,0.5203548690489709,4.146216546887901,87.64701947405493,0.01069909905689147,
tls-c16-p64-q8,tls,tls,16,64,8,15.029815987043548,69384,0,pass,4616.423784550155,0.5635282940124701,2.789093996398151,7.999152003321797,11.43210899317637,283.69660730822943,50.765172418460516,42340,74.50708564386937,11593.969791306352,444725.54740285943,204931.15848034128,8127.6374956762365,0.46080365672067447,4.822026802402539,90.93682862921617,0.011100687088527364,
udp-c1-p1024-q1,udp,udp,1,1024,1,15.000381845980883,18151,0,pass,1210.035863511253,2.363351295920416,0.7998170331120491,1.2334590428508818,2.3134079528972507,0.1114659826271236,8.901080077223131,20960,26.619862512798008,49066.16715332489,602141.126494408,309401.4670817035,1130.5162250013773,0.5138354672483525,3.8936275311030806,135.94258820427865,0.26551286758648174,
stcp-udp-c1-p1024-q1,stcp,udp,1,1024,1,15.000784831005149,30756,0,pass,2050.2927244466814,4.004477977434925,0.38426497485488653,0.9303499828092754,2.174075983930379,6.840492016635835,17.42733483248576,21012,38.736809909772134,31724.639094810766,572802.722460658,319524.09068149305,11943.913382754585,0.5578257193137537,3.845624144060148,117.64809387978211,0.22978143335894943,
tls-c1-p1024-q1,tls,tls,1,1024,1,15.00136555696372,21584,0,pass,1438.8023488955366,2.810160837686595,0.4971969756297767,1.0525719844736159,1.816210977267474,67.10644095437601,21.45429352933795,24872,35.5036855036855,42355.958117123795,748190.7645014826,457412.376204596,5737.305411415864,0.6113579556269564,3.703611555262997,67.0636088262719,0.1309836109888123,
udp-c1-p1024-q4,udp,udp,1,1024,4,15.002024760004133,23396,0,pass,1559.5228227042037,3.045943013094148,0.7773279794491827,0.9005279862321913,1.0750599903985858,0.18382101552560925,11.19780847501772,21156,27.707994680065024,40404.855530859975,495314.9372542315,257478.14673448453,927.252521798598,0.5198271389952613,3.7698966482506937,139.27036046236145,0.2720124227780497,
stcp-udp-c1-p1024-q4,stcp,udp,1,1024,4,15.001194790005684,30304,0,pass,2020.10575985518,3.9455190622171483,0.3876870032399893,0.9005279862321913,2.1251869620755315,5.0844139768742025,17.076519809653306,21060,38.23346786712201,32077.91050686378,581280.7837249208,323228.915687698,12180.70221752904,0.556063308366064,3.8388768135456024,118.29727499353939,0.23104936522175662,
tls-c1-p1024-q4,tls,tls,1,1024,4,15.005254909978248,24292,0,pass,1618.8995219165665,3.161913128743294,0.46590802958235145,0.8051950135268271,1.1870149755850434,43.03174000233412,22.135092138896656,24736,36.99466056445461,37388.81113123662,669376.0955870246,411918.4614687963,4290.3424995883415,0.6153767130084845,3.7910136314717215,73.13723890363991,0.1428461697336717,
udp-c1-p1024-q8,udp,udp,1,1024,8,15.004520750022493,44912,0,pass,2993.2312233253215,5.8461547330572685,0.2302649663761258,0.5015969509258866,0.9117720182985067,0.15448796330019832,22.88925489336173,21100,40.49165120593692,18433.58122550766,388654.3272844674,226247.32793017456,6046.646775917349,0.5821299598308025,3.7649101037936443,130.77014683398056,0.2554104430351183,
stcp-udp-c1-p1024-q8,stcp,udp,1,1024,8,15.000699305033777,35976,0,pass,2398.288190999706,4.6841566230463005,0.38621900603175163,0.6497290451079607,0.9367050370201468,2.259141008835286,20.488778139620734,21096,41.22264150943396,28316.321992439403,508235.98640760506,279848.63661885704,11294.084945519235,0.5506273544243254,3.999854090514959,117.05374398885947,0.22862059372824114,
tls-c1-p1024-q8,tls,tls,1,1024,8,15.004288620024454,29280,0,pass,1951.4420670982988,3.811410287301365,0.4561300156638026,0.6502179894596338,1.175771001726389,57.175697991624475,25.373785431713426,24824,39.54742994155552,31971.038251366124,583326.8806693989,367519.0631830601,3419.3647540983607,0.6300396490580243,3.757967639417038,76.90780204436066,0.15021055086789192,
udp-c2-p1024-q1,udp,udp,2,1024,1,15.00029011798324,91362,0,pass,6090.682198904259,11.895863669734881,0.24444301379844546,0.6883510504849255,1.100971014238894,0.3796204982791096,43.51865829697477,21832,67.59537755263575,11065.278781112498,317564.26407040126,167216.69901052956,8712.166984085288,0.5265601893211103,4.122254440241922,139.95565206401727,0.27335088293753373,
stcp-udp-c2-p1024-q1,stcp,udp,2,1024,1,15.002207246026956,34765,0,pass,2317.325672807702,4.526026704702543,0.8472399786114693,1.2197699979878962,1.858745003119111,4.699171026004478,22.71783041060568,21480,58.106396453451545,28108.643750898893,730345.875075507,419052.15645045304,21226.43463253272,0.5737721958204107,3.8558400667409085,102.00470867701667,0.19922794663479818,
tls-c2-p1024-q1,tls,tls,2,1024,1,15.005374149011914,27712,0,pass,1846.8049996490627,3.6070410149395755,0.7343069883063436,2.8687830199487507,4.679616016801447,65.93873296515085,26.973382734788526,26512,73.79406307977736,31171.15329099307,1116225.9150909353,617811.2716873557,24154.409642032333,0.5534822864572397,4.1140659012909095,68.46768230026903,0.13372594199271295,
udp-c2-p1024-q4,udp,udp,2,1024,4,15.001028974016663,94084,0,pass,6271.836429551816,12.24968052646839,0.25275402003899217,0.7132850005291402,1.0623490088619292,0.2512879727873951,42.4968981197364,21624,67.21337328497083,10832.628289613538,306649.5989222397,159930.23761744823,8243.484545725096,0.521540671109775,4.1370691155314585,147.58339330745298,0.2882488150536191,
stcp-udp-c2-p1024-q4,stcp,udp,2,1024,4,15.002439153962769,35360,0,pass,2356.950069059934,4.603418103632683,0.8335509919561446,1.2447030167095363,1.9716760143637657,5.585766019066796,22.470319428754713,21568,60.24952621604548,27387.358597285067,737531.8434106335,421899.711510181,21534.841628959275,0.5720427060601926,3.8918761974643425,104.89170287645324,0.20486660718057273,
tls-c2-p1024-q4,tls,tls,2,1024,4,15.006625859008636,28228,0,pass,1881.035768147337,3.6738979846627675,0.7220840197987854,2.85558303585276,4.692326998338103,59.9738345190417,27.017212517270284,26344,74.46648632401563,31048.462519484197,1102555.2514878844,602655.070780785,23662.92333852912,0.5465985219040131,4.11824953254339,69.62360631930173,0.1359836060923862,
udp-c2-p1024-q8,udp,udp,2,1024,8,15.000678543001413,90152,0,pass,6009.861470037336,11.738010683666673,0.24542101891711354,0.6487520295195282,0.902482948731631,0.3214419702999294,41.82348806432528,21692,68.28064764841943,11572.466501020497,324033.402486911,168115.6158598811,8765.884284319814,0.5188218701208495,4.173033976564732,143.6958452818201,0.2806559478160549,
stcp-udp-c2-p1024-q8,stcp,udp,2,1024,8,15.004131323017646,35936,0,pass,2395.0736784655464,4.67787827825302,0.8247499936260283,1.1767480173148215,1.8421220011077821,3.920376009773463,21.978979848976373,21796,60.25782109731175,27071.182101513805,729182.1266418076,417217.40869879787,20927.53784505788,0.572171743457647,3.895014004507437,108.97110306860272,0.21283418568086468,
tls-c2-p1024-q8,tls,tls,2,1024,8,15.003779681981541,30264,0,pass,2017.0917356474438,3.9396322961864136,0.7127959979698062,2.3559409892186522,3.8059770013205707,55.16197351971641,27.791370497179297,26484,73.69361322018759,28079.269098598998,1018305.5898096749,554830.639604811,21223.53291038858,0.5448567160556498,4.134563606401829,72.5797864431396,0.14175739539675702,
udp-c4-p1024-q1,udp,udp,4,1024,1,15.000678112031892,107448,0,pass,7162.876184498423,13.989992547848482,0.3466199850663543,1.294080982916057,1.6622120165266097,0.08677702862769365,59.563560615525624,22436,70.52032019704434,9930.301168937533,278053.07643697417,147281.4043537339,7206.043853771127,0.5296880949530437,4.122079555150526,120.25601073001289,0.23487502095705642,
stcp-udp-c4-p1024-q1,stcp,udp,4,1024,1,15.002029687981121,51499,0,pass,3432.8021655135394,6.704691729518632,1.1493709753267467,1.5228799893520772,2.4170519900508225,8.56283622852061,34.37352883077756,22416,58.239207798236116,19015.611953630167,490999.360201169,285851.0312044894,13472.844132895783,0.5821820848959405,3.875601206324808,99.8676098230525,0.19505392543564942,
tls-c4-p1024-q1,tls,tls,4,1024,1,15.007246444001794,37629,0,pass,2507.388689884535,4.897243534930732,1.1332379654049873,4.146241990383714,6.534448999445885,99.8554305115249,37.393308765465946,29156,81.16075541225241,21542.63998511786,885800.1614712058,482059.0858912009,17106.91222195647,0.5442074938105224,4.163588521796476,67.0544750562485,0.13096577159423536,
udp-c4-p1024-q4,udp,udp,4,1024,4,15.000999798998237,115844,0,pass,7722.41860890739,15.082848845522246,0.40284200804308057,0.8340390049852431,1.4651910169050097,0.3444202448008582,60.18882821798951,22692,63.725490196078425,8509.003487448637,228076.66724215323,126550.28957045682,4758.356065053003,0.554858553050041,4.059838335301873,128.3031891057696,0.25059216622220626,
stcp-udp-c4-p1024-q4,stcp,udp,4,1024,4,15.005935438035522,52832,0,pass,3520.7401909838163,6.876445685515266,1.1430159793235362,1.5439020353369415,2.492339990567416,8.144838502630591,34.81290467743003,22360,60.99345998131424,18530.076468806783,497820.413575106,288040.4978232889,13657.991368867353,0.5786032271250611,3.9176635204392762,101.13319252174867,0.19752576664404037,
tls-c4-p1024-q4,tls,tls,4,1024,4,15.014349491975736,37632,0,pass,2506.402293360231,4.895316979219201,1.1273709824308753,4.139397002290934,6.741737015545368,93.92609749920666,37.87700561412501,29140,80.77569094518246,21821.641156462585,884199.6689519557,484752.77420812077,17091.145833333336,0.548239036079599,4.136366415188935,66.1721340618739,0.12924244933959747,
udp-c4-p1024-q8,udp,udp,4,1024,8,15.002066499961074,106248,0,pass,7082.224305583213,13.832469346842213,0.5856849602423608,1.194347976706922,1.6739449929445982,0.7398070156341419,56.67785168144711,22380,79.03758452586884,8056.8951886153145,311021.4083841578,151947.76135080188,6082.5615540998415,0.4885443807235409,4.866513543153372,124.95576482658929,0.2440542281769322,
stcp-udp-c4-p1024-q8,stcp,udp,4,1024,8,15.00960548396688,68856,0,pass,4587.4623469318585,8.959887396351286,0.7323509780690074,1.723811961710453,2.7074500103481114,8.203504752600566,47.390999101197266,22604,82.56331542594015,10875.639014755432,492435.5622603695,241450.05110665737,9366.925177181365,0.4903180631357276,4.74684888854933,96.80028769041003,0.1890630618953321,
tls-c4-p1024-q8,tls,tls,4,1024,8,15.013243593974039,39136,0,pass,2606.7651373956437,5.091338158975867,1.3170589809305966,3.0946480110287666,4.219573980662972,80.20404625858646,43.91234951150823,29072,70.68497525147693,12723.630417007358,767406.1880365903,443932.57852105476,18799.21300081766,0.5784844915791686,4.624430441183177,59.362916500573064,0.11594319629018177,
udp-c8-p1024-q1,udp,udp,8,1024,1,15.00158433697652,90515,0,pass,6033.696039483971,11.78456257711713,1.362035982310772,2.2068300168029964,2.9039810178801417,0.22843187616672367,58.25500029659754,24368,78.9083451648525,9303.949621609678,365022.8779539303,179818.96354195438,7292.603435894603,0.4926238173067317,4.809723709762051,103.57387363770002,0.20229272194863285,
stcp-udp-c8-p1024-q1,stcp,udp,8,1024,1,15.00216603698209,81708,0,pass,5446.413524459084,10.637526414959149,1.2451919610612094,2.841893001459539,4.328106006141752,15.186260876362212,61.02893393814083,24232,84.65242250978032,9723.148284133746,422529.96033436136,209173.1358251334,7636.987810251138,0.49504924019969626,4.688434313063554,89.24313719750685,0.17430300233888057,
tls-c8-p1024-q1,tls,tls,8,1024,1,15.012461768987123,50028,0,pass,3332.4314672593064,6.508655209490833,2.005899033974856,5.200768006034195,7.227199035696685,170.6305664993124,58.24577031106044,33752,72.70573369135998,9417.526185336212,610574.0414967618,355897.2002878388,13576.157351882946,0.5828895041384204,4.517558508519042,57.21327831124078,0.11174468420164214,
udp-c8-p1024-q4,udp,udp,8,1024,4,15.005219009995926,90536,0,pass,6033.634026913452,11.784441458815335,1.3649690081365407,2.2107409895397723,2.887359994929284,0.3864030077238567,58.04227178689053,24356,79.74124329441464,9303.050720155517,368696.1849761421,180445.97346911725,7370.383052045595,0.4894164377664871,4.8861900408478345,103.95240987580043,0.2030320505386727,
stcp-udp-c8-p1024-q4,stcp,udp,8,1024,4,15.006949639995582,75784,0,pass,5049.926988361794,9.86313864914413,1.345412980299443,3.0892699724063277,4.660548991523683,13.08979550958611,56.42882933005225,24228,86.49263924723023,10100.667687110736,464594.90949276893,226670.12191227698,8042.568352158766,0.4878876571414628,4.69550674179574,89.49196799431668,0.17478899998889977,
tls-c8-p1024-q4,tls,tls,8,1024,4,15.021908831957262,49928,0,pass,3323.6788053049772,6.491560166611284,2.0176320103928447,5.171922966837883,7.091289036907256,191.28292875393527,56.49242779284192,33632,72.57604562737643,9459.041019067457,613806.787413876,357093.2114645089,13514.701169684346,0.5817681048608689,4.523396047137485,58.8340585660954,0.11491027063690508,
udp-c8-p1024-q8,udp,udp,8,1024,8,15.005128290038556,97080,0,pass,6469.788070019264,12.636304824256374,1.2872369843535125,2.1403420250862837,2.7666049427352846,0.16414326091762632,63.245690517022666,24512,78.27940015785319,8634.373712402143,337743.6279048208,166625.01996291717,6584.84754841368,0.49334763470318865,4.793016269035975,102.29610930214939,0.19979708848076053,
stcp-udp-c8-p1024-q8,stcp,udp,8,1024,8,15.009935531998053,81136,0,pass,5405.486241232346,10.557590314906927,1.223681028932333,2.9822029755450785,4.565705021377653,14.343420487421099,60.24483570047868,24440,86.41072516758075,9436.822125813449,434756.0369133307,212583.45373200552,7776.621968053639,0.4889718271454028,4.696104724920474,89.72530472332912,0.17524473578775218,
tls-c8-p1024-q8,tls,tls,8,1024,8,15.027748320018873,50272,0,pass,3345.278276522059,6.533746633832147,2.0005200058221817,5.175344995222986,7.140666013583541,167.9847618797794,58.44437778013686,33612,72.58883248730965,9327.100572883513,607584.5815961171,356058.9078214513,13448.400700190961,0.5860236065999058,4.537746816691735,57.23866697848563,0.11179427144235475,
udp-c16-p1024-q1,udp,udp,16,1024,1,15.002685924991965,86205,0,pass,5745.971116838278,11.222599837574762,2.9147369787096977,4.0137519827112556,5.2652989979833364,0.1614545690244995,55.13545402040688,25324,77.33164717040783,9464.219012818283,387130.6029348646,190130.29650252307,7769.932138507047,0.49112701259247343,4.80823968510708,104.21554005362074,0.203545976667228,
stcp-udp-c16-p1024-q1,stcp,udp,16,1024,1,15.00561347301118,83418,0,pass,5559.119602143163,10.857655472935866,2.393584989476949,5.955117987468839,8.656700956635177,43.672990756022045,78.17711032673925,25320,89.39802336028751,8923.24198614208,434487.9785897528,206331.16550384808,7463.005586324294,0.4748834850933073,4.791765450808823,71.1093001379683,0.13888535183196934,
tls-c16-p1024-q1,tls,tls,16,1024,1,15.026721802947577,56335,0,pass,3748.9880187273825,7.322242224076919,3.484778048004955,9.684338001534343,13.583202031441033,308.3080729993526,66.09393672312368,42040,73.45669165736162,7964.089819827816,548579.6422117689,317289.3471731606,11284.06851868288,0.5783833791095677,4.4430316058183985,56.722117104816945,0.1107853849703456,
udp-c16-p1024-q4,udp,udp,16,1024,4,15.005947313038632,122268,0,pass,8147.969431677374,15.914002796244871,1.9154539913870394,2.5637169601395726,4.314904974307865,0.32101467877510004,71.84064941127016,26704,27.990008815750805,7620.432165407139,93794.06667320967,48164.47753296038,74.26309418654104,0.513513053024681,4.0416581002203325,113.41725747817561,0.22151808101206175,
stcp-udp-c16-p1024-q4,stcp,udp,16,1024,4,15.010157259006519,74052,0,pass,4933.459305069353,9.63566270521358,2.9567809542641044,6.481157965026796,9.525450004730374,26.39894382082275,62.5198046767241,24808,70.72563064465899,12853.60287365635,396866.6034138173,223503.81469777995,8655.755415113703,0.5631711330084632,4.1903915600789166,78.91034417940308,0.15412176597539665,
tls-c16-p1024-q4,tls,tls,16,1024,4,15.032021872000769,54388,0,pass,3618.142686534086,7.0666849346368865,3.6035770317539573,10.048558004200459,13.910754001699388,284.1970961271727,55.31585219076891,41572,78.40461025174402,14611.734206074869,590339.613977348,327839.2577222917,8455.688754872399,0.5553400957010337,4.264808905108265,65.40878506320618,0.12775153332657457,
udp-c16-p1024-q8,udp,udp,16,1024,8,15.011368489009328,122104,0,pass,8134.101836844472,15.88691765008686,1.914965978357941,2.4546950007788837,4.174595000222325,0.21150412430870347,70.80890065274444,26764,27.64394829612221,7494.316320513661,92285.57152099849,47120.91062536854,57.909650789490925,0.5105988926410531,4.108237709898064,114.87400258810835,0.22436328630489913,
stcp-udp-c16-p1024-q8,stcp,udp,16,1024,8,15.029103044013027,73736,0,pass,4906.214281987598,9.582449769507027,3.2022009836509824,5.9355609701015055,8.643009990919381,26.490088806895074,62.44109826459891,24736,68.0289217227287,14008.069328414886,387849.3999810133,211320.6474449387,7738.1875881523265,0.544852325297612,4.237162489134116,78.57347833949271,0.1534638248818217,
tls-c16-p1024-q8,tls,tls,16,1024,8,15.03491358901374,54088,0,pass,3597.4932399693334,7.026353984315104,3.6324210232123733,9.949313011020422,13.8369319611229,292.9756302473834,54.82598853127647,41596,78.68752848245481,14769.671646206183,596683.5885224079,329505.89596583345,8547.330276586305,0.5522288568080151,4.235132766158248,65.61656864457773,0.12815736063394087,
udp-c1-p4096-q1,udp,udp,1,4096,1,15.000199203961529,23731,0,pass,1582.0456566825246,12.359731692832224,0.681017991155386,0.9107939549721777,1.38550199335441,0.19995402544736862,27.85349009829533,21320,28.751311647429173,39483.544730521266,530687.1197589651,288044.4339050187,517.1294930681387,0.5427763802442517,3.6449004883593177,56.798830275827726,0.4437408615299041,
stcp-udp-c1-p4096-q1,stcp,udp,1,4096,1,15.003102030023001,23171,0,pass,1544.4139454382207,12.0657339487361,0.5969289923086762,0.797371962107718,1.2593690189532936,3.7746860180050135,19.625881328459414,21112,43.847328244274806,42997.45371369384,821633.7290578741,519845.2418540417,14244.270855811144,0.63269705644889,3.639781393890673,78.69271802834515,0.6147868595964465,
tls-c1-p4096-q1,tls,tls,1,4096,1,15.002511552011129,13543,0,pass,902.7155188682073,7.052464991157869,1.0432819835841656,1.3781680027022958,1.9961200305260718,42.782382981386036,24.52434038957153,25028,40.520673813169985,70458.83482241748,1313124.5051318025,953254.150262128,5423.835191611903,0.7259434627384758,3.030260772692577,36.80896221992043,0.28757001734312837,
udp-c1-p4096-q4,udp,udp,1,4096,4,15.001654273015447,25044,0,pass,1669.4158886895855,13.042311630387387,0.4282639711163938,0.599861959926784,0.9689719881862402,0.09973300620913506,27.389472688961558,21228,29.1970802919708,38082.93403609647,520959.1739338764,286457.209830698,958.2335090241176,0.5498649878215928,3.6216430429881594,60.95100506854189,0.4761797270979835,
stcp-udp-c1-p4096-q4,stcp,udp,1,4096,4,15.001328594982624,23312,0,pass,1553.9956912747703,12.140591338084143,0.594484037719667,0.7846620283089578,1.3444360229186714,2.6394939632155,19.481007842048307,21448,43.5189446234085,42743.69423472889,819283.4333819492,518949.31962079613,14243.565545641728,0.6334185441521829,3.6857372993294093,79.7697790522206,0.6232013988454734,
tls-c1-p4096-q4,tls,tls,1,4096,4,15.002109883993398,13200,0,pass,879.8762375473485,6.87403310583866,1.0550160077400506,1.473501033615321,2.28456303011626,48.815718037076294,23.567105076148604,24880,41.12338571650848,74604.92424242424,1397693.0163636364,1005456.9809848485,7904.621212121213,0.7193689667282847,3.0363414776090956,37.33493081582764,0.29167914699865344,
udp-c1-p4096-q8,udp,udp,1,4096,8,15.004235555010382,25320,0,pass,1687.523493427485,13.183777292402226,0.5353300366550684,0.8443050319328904,1.0589260491542518,0.11391099542379379,27.171714180657425,21096,28.78926501982312,37416.86413902054,516627.05872827803,284775.8302922591,967.7330173775671,0.5512212832855857,3.616923099229341,62.10589005197077,0.4852022660310216,
stcp-udp-c1-p4096-q8,stcp,udp,1,4096,8,15.005174745980185,22384,0,pass,1491.7520374760427,11.654312792781583,0.5993740051053464,1.0853259591385722,1.4759449986740947,3.878818009980023,17.86377729934862,20876,46.3944939777882,48600.33952823445,943560.5726411722,589003.9799857041,16843.638313080774,0.6242354725960949,3.610754048749499,83.50708881320624,0.6523991313531737,
tls-c1-p4096-q8,tls,tls,1,4096,8,15.011433447012678,13112,0,pass,873.4675503363957,6.823965237003091,1.0335050174035132,2.2009629756212234,2.597938000690192,40.39612598717213,20.72935946446375,24896,44.34768585711982,85234.13666870043,1592004.206070775,1112172.5980780963,11210.723001830384,0.6985990324881423,3.0402428854240773,42.136736151147225,0.3291932511808377,
udp-c2-p4096-q1,udp,udp,2,4096,1,15.00069579097908,36457,0,pass,2430.3539321105377,18.987140094613576,0.5348399863578379,2.0674970000982285,2.742647018749267,0.10364400804974139,45.473857313353164,21924,68.04156171284635,28165.20832761884,793425.6295910251,421820.4162437941,18424.170941108703,0.5316445555977608,4.079619170352636,53.44507978206803,0.41753968579740647,
stcp-udp-c2-p4096-q1,stcp,udp,2,4096,1,15.000641226011794,37305,0,pass,2486.893689271858,19.42885694743639,0.7098609930835664,1.2632800498977304,2.1256739855743945,4.188771534245461,33.12392400522101,21416,61.984756571784104,25249.16231068221,704923.2085779386,478950.0987535183,12551.856319528213,0.6794358490759834,3.543955183218746,75.07847466622228,0.5865505833298615,
tls-c2-p4096-q1,tls,tls,2,4096,1,15.007267496024724,18908,0,pass,1259.9229010216911,9.843147664231962,1.277458039112389,3.104912000708282,5.440806970000267,53.93433853168972,35.77654627281227,26252,72.12027756360833,42488.100275015866,1594964.2825788027,1058973.940184049,29202.348212396868,0.6639483728575146,3.3872879373900435,35.21644854744256,0.275128504276895,
udp-c2-p4096-q4,udp,udp,2,4096,4,15.007352990971413,32924,0,pass,2193.857905508549,17.139514886785538,0.7274620002135634,2.1711410372518003,2.742646960541606,0.15204300871118903,41.05933940320507,21628,69.26447574334898,31161.037541003523,892014.8936034504,477580.66899526183,21689.04142874499,0.5353953980140299,4.0909272903640925,53.43139800581636,0.41743279692044033,
stcp-udp-c2-p4096-q4,stcp,udp,2,4096,4,15.003868050000165,25640,0,pass,1708.8926611827753,13.350723915490432,1.153280958533287,1.770255039446056,2.636560006067157,3.763196029467508,20.807774299241228,21484,61.61838790931989,35742.43369734789,1038938.7836973479,652440.1559672387,25991.614664586585,0.627987102036322,3.752010703608235,82.12760464462994,0.6416219112861714,
tls-c2-p4096-q4,tls,tls,2,4096,4,15.008107518951874,18140,0,pass,1208.6800402444644,9.442812814409878,1.2926130439154804,3.4559310297481716,5.799159000162035,55.459410476032645,31.90029784870808,26308,72.35457920792079,43390.79382579934,1669421.9021499448,1095840.7715545755,31064.939360529217,0.6564193090693912,3.4142623441957975,37.88930266346758,0.2960101770583405,
udp-c2-p4096-q8,udp,udp,2,4096,8,15.008285099000204,33424,0,pass,2227.0365854275105,17.398723323652426,0.6350629846565425,2.0220300066284835,2.545626019127667,0.4690854693762958,42.32451581309019,21788,67.69399249061327,30821.44566778363,863059.0328207277,460112.26657491626,20557.17448539971,0.5331179549458346,4.109713295279308,52.6181231526039,0.41107908712971797,
stcp-udp-c2-p4096-q8,stcp,udp,2,4096,8,15.009251627023332,26968,0,pass,1796.7584707185267,14.03717555248849,1.0985260014422238,1.5942560276016593,2.4370939936488867,4.4009464618284255,23.75820652896338,21572,63.19066147859922,34404.92435479086,1011398.1622293089,637171.9870216553,24426.171759121924,0.6299912446125177,3.801603281516609,75.62685628345378,0.5908348147144826,
tls-c2-p4096-q8,tls,tls,2,4096,8,15.008613394980785,18760,0,pass,1249.948913087052,9.765225883492594,1.2794130016118288,3.2295770361088216,5.153340985998511,56.82045899447985,33.029067173239326,26136,71.89623224212477,40705.65031982942,1604261.839445629,1056490.6182302772,28976.43923240938,0.6585524832999579,3.428585392443321,37.84390599138023,0.29565551555765807,
udp-c4-p4096-q1,udp,udp,4,4096,1,15.002675171010196,38517,0,pass,2567.342128051052,20.057360375398844,1.1684360215440392,3.6671290290541947,4.565700015518814,0.11928848107345402,71.27362205816522,22636,64.19538412899146,26789.573435106577,718078.1510501857,382676.48064491,15910.091647843808,0.5329175941159714,4.077153410338577,36.02092967796539,0.2814135131091046,
stcp-udp-c4-p4096-q1,stcp,udp,4,4096,1,15.002483700984158,35648,0,pass,2376.1398919341273,18.56359290573537,1.6930099809542298,2.049408038146794,2.6580700068734586,4.618744249455631,32.99762958366188,22564,57.73544323244738,25585.783213644525,693766.3787589767,461895.8252636894,14980.2513464991,0.6657800657476917,3.6695769353304404,72.00941164302982,0.5625735284611705,
tls-c4-p4096-q1,tls,tls,4,4096,1,15.005265634972602,26602,0,pass,1772.8443232620302,13.850346275484611,1.81034195702523,4.995919007342309,7.323501980863512,89.83438626455609,48.38716072495079,28636,82.9928884853987,27952.409593263663,1275668.0633035111,867921.1628824901,18869.069994737238,0.6803659884961716,3.3157701025377557,36.638734257202756,0.28624011138439653,
udp-c4-p4096-q4,udp,udp,4,4096,4,15.003908326034434,32188,0,pass,2145.3076958720235,16.760216374000183,1.2613240396603942,4.098813980817795,4.935296019539237,0.4918185150017962,55.825647677852764,22276,68.78712097530479,32272.30644960855,906004.7856343979,485904.7190878588,21683.26705604573,0.5363158415853413,4.071270934525601,38.428711266400825,0.30022430676875644,
stcp-udp-c4-p4096-q4,stcp,udp,4,4096,4,15.00811071402859,35964,0,pass,2396.304284081755,18.721127219388713,1.678342989180237,2.0762959611602128,2.9680230072699487,5.803068008390255,33.818507183957145,22376,59.2666769372978,25148.20375931487,701071.0352574798,465920.8694805917,15443.499054610167,0.6645843945178461,3.6461294887875995,70.85777828828932,0.5535763928772603,
tls-c4-p4096-q4,tls,tls,4,4096,4,15.016328921949025,25728,0,pass,1713.334872572881,13.385428691975633,1.8738969811238348,5.115206993650645,7.196390011813492,83.45808499143459,45.56946664905526,28548,80.46313938150374,30172.535758706465,1288809.8089241295,872717.1438899253,19970.53793532338,0.6771496754966901,3.3457175226019493,37.59830866066109,0.29373678641141476,
udp-c4-p4096-q8,udp,udp,4,4096,8,15.003868149011396,54328,0,pass,3620.932912795536,28.288538381215126,0.8736379677429795,2.587669005151838,3.2105089630931616,0.15375451766885817,93.4930636598821,22760,78.41348384103912,17231.022677072597,599361.2309858636,296332.97774628183,8641.897364158445,0.4944146575160632,4.676764968661134,38.729428377361856,0.3025736591981395,
stcp-udp-c4-p4096-q8,stcp,udp,4,4096,8,15.007256709970534,41288,0,pass,2751.2023548293837,21.49376839710456,1.4270549872890115,2.146205981262028,3.171888005454093,5.256615739199333,37.23194790349508,22648,69.73221117061973,22690.515403991474,706848.1086272041,464704.60068300716,14289.57566363108,0.6574320494193968,3.7271349004947254,73.89359165307383,0.5772936847896393,
tls-c4-p4096-q8,tls,tls,4,4096,8,15.01432596304221,27448,0,pass,1828.1206940333718,14.282192922135717,1.9545630202628672,3.87441401835531,5.080982984509319,87.20818374422379,57.733700609252125,28548,78.64302235929067,17631.339259691053,1152987.571626348,865420.0401486447,18194.877586709415,0.750589218345108,3.416897461459197,31.664706657317684,0.2473805207602944,
udp-c8-p4096-q1,udp,udp,8,4096,1,15.003779657010455,31364,0,pass,2090.4065986696423,16.33130155210658,4.408765002153814,6.21812796453014,7.367007958237082,0.24951473460532725,56.363111118128764,23176,76.12669398046013,26705.87297538579,1017669.707243974,502085.0477617651,17968.65833439612,0.4933673904095057,4.785485265467688,37.08820462888322,0.28975159866315015,
stcp-udp-c8-p4096-q1,stcp,udp,8,4096,1,15.00402153597679,58360,0,pass,3889.623849183622,30.387686321747047,1.7272310215048492,4.044545989017934,5.572311987634748,14.668018244265113,63.19673013840886,23556,89.53836930455635,13662.37148732008,622490.6637422893,365109.188588074,7210.161069225497,0.58652958165366,4.075585878246093,61.5478655409046,0.4808426995383172,
tls-c8-p4096-q1,tls,tls,8,4096,1,15.017902279971167,34432,0,pass,2292.7303266529248,17.911955676975975,3.0687310500070453,6.592613994143903,8.75544099835679,164.12096124258824,77.02208194167453,32808,83.36603773584905,14789.817611524164,990723.1574988383,736828.5967414033,15381.098977695166,0.7437280446755554,3.4905756235386853,29.76718194126601,0.2325561089161407,
udp-c8-p4096-q4,udp,udp,8,4096,4,15.016939519962762,34112,0,pass,2271.5680485130297,17.746625379008044,3.3278389601036906,6.196614995133132,7.6857589883729815,0.7528216228820384,67.18006013534918,22808,74.81120201384519,24620.16299249531,921935.7527849437,453407.044647045,15636.667448405253,0.4917989602609646,4.7747858757843495,33.81312913290715,0.2641650713508371,
stcp-udp-c8-p4096-q4,stcp,udp,8,4096,4,15.011870443006046,48456,0,pass,3227.8456028492706,25.217543772259926,2.1178500028327107,4.561786015983671,6.412215007003397,8.518697752151638,44.17063166894885,23164,87.20755848830234,15644.08948324253,732967.9082053822,409002.2340267459,9045.340102360904,0.5580083786044026,4.255871316163883,73.07673630391814,0.5709120023743605,
tls-c8-p4096-q4,tls,tls,8,4096,4,15.016861159994733,34616,0,pass,2305.142175264817,18.008923244256383,3.0623750062659383,6.569635996129364,8.770595013629645,145.10623024398228,84.01177093925016,33036,83.31815421979356,14610.09359833603,983612.19150104,735189.8561070026,15291.657037208228,0.7474387390268792,3.462157095427626,27.43832381454845,0.21436190480115977,
udp-c8-p4096-q8,udp,udp,8,4096,8,15.021352779003792,32008,0,pass,2130.8333857080715,16.64713582584431,4.402894992381334,5.894972011446953,6.671809998806566,0.26503662957111374,71.14784638397116,22948,76.21397866581755,25741.59585103724,1003249.3541614596,498000.48559735063,17542.864283929015,0.49638754665692425,4.787089378010361,29.949372946699977,0.23397947614609357,
stcp-udp-c8-p4096-q8,stcp,udp,8,4096,8,15.014299136993941,55608,0,pass,3703.6693816088073,28.934917043818807,1.8318520160391927,4.186320991721004,5.850485002156347,20.215875629219227,56.136393201551016,23484,88.37244283995187,14249.514458351316,645822.4732412603,374486.83304560493,7721.856567400375,0.579860330914356,4.140804967270811,65.9762619288921,0.5154395463194695,
tls-c8-p4096-q8,tls,tls,8,4096,8,15.036100494035054,34856,0,pass,2318.1542324639067,18.11057994112427,3.025708021596074,6.552521954290569,8.635660982690752,175.6680871185381,80.65232075836994,33060,83.3383640205252,14253.959146201516,976133.5549116364,735230.3467982557,15113.122561395456,0.7532067134653636,3.4318219020493026,28.742560792627078,0.22455125619239905,
udp-c16-p4096-q1,udp,udp,16,4096,1,15.007950025959872,29224,0,pass,1947.2346289433292,15.21277053861976,9.577737015206367,11.756695981603116,13.116772985085845,0.29715013079112396,66.10503088589194,24040,77.0527974783294,28192.37612920887,1105246.421023816,545136.124247194,20204.284150013686,0.49322586699011567,4.805268197046014,29.45667830190676,0.23013029923364656,
stcp-udp-c16-p4096-q1,stcp,udp,16,4096,1,15.013105685007758,55173,0,pass,3674.9891166819884,28.710852474078035,3.543436003383249,8.474326983559877,11.763054004404694,48.342748061259044,56.623673864423395,24224,90.25663980901224,14278.487666068548,662527.8945679952,381687.57870697626,8083.845359143059,0.5761079372452048,4.121738423917541,64.9019900312576,0.5070467971192,
tls-c16-p4096-q1,tls,tls,16,4096,1,15.025181478005834,37632,0,pass,2504.59537244768,19.5671513472475,5.28973201289773,13.160286005586386,18.02810898516327,370.779432625568,86.69937211120414,41144,84.49635470912067,12809.869260204081,911433.4894504676,691285.7371917517,12745.110544217689,0.7584598823645924,3.2965437808700178,28.88827579091558,0.22568965461652796,
udp-c16-p4096-q4,udp,udp,16,4096,4,15.013856529956684,41368,0,pass,2755.321387110614,21.525948336801672,5.706258991267532,6.7026050528511405,8.967116998974234,0.6137942473287694,85.3346372028837,24680,28.355826440284424,20619.826919357958,276114.0479356024,143897.21477953973,288.16959969058206,0.521151371527104,4.0193760013761235,32.288429147004145,0.2522533527109699,
stcp-udp-c16-p4096-q4,stcp,udp,16,4096,4,15.021678100980353,60072,0,pass,3999.0205885239648,31.242348347843475,3.238372039049864,8.296369982417673,11.805093963630497,51.73989831018844,61.87406585016234,24632,89.8741672834937,13706.352377147423,606447.8290218405,359995.58290051937,6947.72939139699,0.5936134415406648,4.046663820932526,64.6316115415498,0.5049344651683578,
tls-c16-p4096-q4,tls,tls,16,4096,4,15.03539144800743,38644,0,pass,2570.2024542315,20.079706673683592,5.147952993866056,13.233122997917235,18.670496996492147,259.5027571223909,87.05791961096357,41200,84.74747474747475,15822.99968947314,927301.2586947521,717017.4281647863,9184.634095849291,0.7732302975346367,3.00748183505339,29.52290228984318,0.23064767413939985,
udp-c16-p4096-q8,udp,udp,16,4096,8,15.026924607984256,41400,0,pass,2755.0547487276895,21.523865224435074,5.701855989173055,6.618513958528638,8.753960020840168,0.4795036220457405,81.74740554346748,24672,27.955575040187053,19789.589371980677,271566.7077294686,143778.90799516908,158.5024154589372,0.529442320810546,4.043066465120155,33.70204510359349,0.26329722737182415,
stcp-udp-c16-p4096-q8,stcp,udp,16,4096,8,15.032794899016153,37040,0,pass,2463.946341902406,19.249580796112546,7.605574035551399,9.608043998014182,11.529357987456024,16.543752935831435,33.39222036700925,23544,65.1221317542561,31768.628509719223,737955.5422786177,455021.07853671705,10342.683585313176,0.6165968713125028,3.7424997488866616,73.78803550112913,0.5764690273525713,
tls-c16-p4096-q8,tls,tls,16,4096,8,15.036781177972443,40704,0,pass,2706.9623158198087,21.148143092342256,4.925996996462345,12.276861991267651,16.602509014774114,295.86317093708203,74.65277220662213,41632,85.86129753914989,17801.567413522014,851167.3530856918,651039.4892393867,7225.4078223270435,0.7648783601476348,2.9429619579576403,36.26070721563486,0.28328677512214734,
udp-c1-p65536-q1,udp,udp,1,65536,1,15.000504507974256,3051,0,pass,203.39315910195492,25.424144887744365,4.79939702199772,5.798191006761044,6.873253034427762,0.07919903146103024,36.89219250631285,21320,27.54045779268115,255352.01573254672,3649252.0363815143,2012385.2402490987,2692.88757784333,0.5514514262611792,3.841681645786991,5.513176238228483,0.6891470297785603,
stcp-udp-c1-p65536-q1,stcp,udp,1,65536,1,15.003464451001491,2855,0,pass,190.2893834503288,23.7861729312911,4.592598008457571,9.20035201124847,12.235356960445642,2.2601219825446606,17.681556207659234,21640,54.5201668984701,386800.70052539406,8235273.336602452,5831333.800350263,81328.89667250437,0.7080923197087275,3.2788777299714966,10.762026894889486,1.3452533618611857,
tls-c1-p65536-q1,tls,tls,1,65536,1,15.009782893001102,1589,0,pass,105.86428939894483,13.233036174868104,8.983775041997433,11.019497993402183,14.144458982627839,49.0069420193322,28.802588490576124,25312,47.8586403114705,648156.7023285085,13108658.307740718,11188716.08936438,50960.98174952801,0.85353632894355,2.290427502046654,3.6755130336144064,0.4594391292018008,
udp-c1-p65536-q4,udp,udp,1,65536,4,15.015799475018866,3180,0,pass,211.77693570631573,26.472116963289466,4.769086022861302,5.387527053244412,6.114013027399778,0.0659999786876142,35.97157120395825,21576,27.898763978811065,248885.53459119497,3606301.624842767,2023646.129245283,2489.937106918239,0.5611416735929604,3.8668752276568283,5.887341826286758,0.7359177282858448,
stcp-udp-c1-p65536-q4,stcp,udp,1,65536,4,15.003792467992753,2944,0,pass,196.21705687281184,24.52713210910148,4.562776011880487,8.270001970231533,11.935671034734696,3.295094007626176,17.518504108925733,21596,54.67560158391714,371747.9619565217,7841722.0536684785,5621460.723505435,75762.90760869565,0.7168655921534006,3.183927762183286,11.2005600280014,1.400070003500175,
tls-c1-p65536-q4,tls,tls,1,65536,4,15.013848584960215,1616,0,pass,107.63396146267198,13.454245182833997,8.971552946604788,10.395191027782857,12.71495595574379,44.06234802445397,29.007465842986193,25056,48.44361019865478,624292.698019802,13299421.72029703,11339907.241336634,56262.99504950495,0.8526616780660571,2.3644148081693066,3.710560655152754,0.46382008189409424,
udp-c1-p65536-q8,udp,udp,1,65536,8,15.00364707497647,3064,0,pass,204.2170136826419,25.527126710330236,4.807709017768502,6.089080008678138,7.742493005935103,0.09337702067568898,35.336974893541445,21156,27.525665823538166,255075.39164490864,3785556.648825065,2108408.674281984,5606.070496083551,0.5569613322089308,3.811610783953786,5.779131187598255,0.7223913984497818,
stcp-udp-c1-p65536-q8,stcp,udp,1,65536,8,15.005419209017418,3024,0,pass,201.52719213487518,25.190899016859397,4.511442966759205,7.530315953772515,11.7186059942469,2.380876976530999,18.90487670144709,21452,54.25,375837.6322751323,7637191.91005291,5460073.734457672,73049.60317460318,0.7149321110119707,3.2837323974692465,10.66006381937678,1.3325079774220976,
tls-c1-p65536-q8,tls,tls,1,65536,8,15.012476556992624,1528,0,pass,101.78200739892425,12.722750924865531,9.077152993995696,12.198693002574146,15.719162998721004,46.45251599140465,28.238425445036867,25072,46.150242074027794,643551.0471204189,13592559.332460733,11542011.217931937,62567.40837696335,0.8491418676663908,2.3588131089655695,3.604379698755947,0.4505474623444934,
udp-c2-p65536-q1,udp,udp,2,65536,1,15.004983271006495,4983,0,pass,332.08967381046295,41.51120922630787,5.668637983035296,8.807289006654173,13.588597998023033,0.18455449026077986,64.34690946078177,21984,68.92846177463923,223946.6185029099,5806621.708609272,3180433.3596227174,98146.89945815774,0.5477252556175998,3.956958563959762,5.160926555654788,0.6451158194568485,
stcp-udp-c2-p65536-q1,stcp,udp,2,65536,1,15.006716135016177,4501,0,pass,299.9323742452564,37.49154678065705,5.711660021916032,12.401090993080288,15.414099034387618,4.933107469696552,26.339759907744398,22216,66.77267908526427,243711.17529437903,6206907.608531438,4673004.908909131,45001.333037102864,0.7528716719556214,3.0999013639594613,11.387058017832217,1.4233822522290271,
tls-c2-p65536-q1,tls,tls,2,65536,1,15.018824737984687,2694,0,pass,179.37488764926465,22.42186095615808,9.61492897477001,19.745144003536552,25.406447995919734,61.579153494676575,50.676821474256684,26424,60.484867201976535,299505.5679287305,9531998.47809948,9321070.631774314,33945.43429844098,0.9778716030211513,1.953871650890797,3.5395844181029643,0.44244805226287054,
udp-c2-p65536-q4,udp,udp,2,65536,4,15.020111719961278,4916,0,pass,327.29450297408795,40.91181287176099,5.682327959220856,8.966666006017476,17.223959031980485,2.5070100091397762,63.66752244120229,22112,69.31888544891642,220079.73962571198,5976754.162530513,3252325.214401953,103947.11147274206,0.5441624543956385,3.977117997549393,5.140682257211254,0.6425852821514068,
stcp-udp-c2-p65536-q4,stcp,udp,2,65536,4,15.016138599952683,4320,0,pass,287.69047190424925,35.961308988031156,6.328146031592041,10.158570017665625,14.02712898561731,4.683531995397061,25.61456112300482,21916,70.14970512626645,219980.32407407407,6749013.572453704,4980720.837037037,90151.38888888888,0.7379924167534637,3.169705241850282,11.23152063869914,1.4039400798373924,
tls-c2-p65536-q4,tls,tls,2,65536,4,15.043162238027435,2604,0,pass,173.1019022993303,21.637737787416288,9.954217006452382,20.3630980104208,28.661944961640984,78.59656249638647,50.35193983916791,26400,77.04868460840642,295970.0460829493,12262621.69969278,10601226.715437789,182383.64055299538,0.8645155151205052,2.4377343443567616,3.437839790328739,0.4297299737910924,
udp-c2-p65536-q8,udp,udp,2,65536,8,15.020762144995388,5104,0,pass,339.7963399414156,42.47454249267695,5.681350012309849,6.425435014534742,10.036839987151325,1.5622370119672269,68.02533653995984,22092,74.15815937833308,222062.10815047022,6066435.540164577,3337330.0195924765,99631.85736677116,0.5501303026293984,3.976253782663789,4.995143827650312,0.624392978456289,
stcp-udp-c2-p65536-q8,stcp,udp,2,65536,8,15.028453126025852,4216,0,pass,280.5345277152211,35.066815964402636,6.628810951951891,10.234838002361357,13.454155996441841,7.427652511978522,25.040115362792037,21908,67.76657500763825,220968.92789373815,6708163.603652751,4942652.367409867,90416.27134724858,0.7368115417934169,3.1752891337310336,11.203403964027935,1.4004254955034918,
tls-c2-p65536-q8,tls,tls,2,65536,8,15.039064963988494,2480,0,pass,164.90386908617236,20.612983635771545,10.116038960404694,22.209623944945633,35.797734977677464,63.08200201601721,48.11962723300021,26212,75.02674614091396,307908.87096774194,12591872.243951613,10781921.329032257,195114.9193548387,0.8562603813115442,2.446037445140721,3.4269564950636626,0.42836956188295783,
udp-c4-p65536-q1,udp,udp,4,65536,1,15.005190274037886,5132,0,pass,342.0149898984908,42.75187373731135,11.343634978402406,16.42561104381457,23.358022968750447,0.597175006987527,70.0801776448933,22996,69.0190651906519,214362.43180046766,5669004.283320343,3082946.3257989087,95805.14419329696,0.5438250125987245,3.9711111400970287,4.880338512147211,0.6100423140184014,
stcp-udp-c4-p65536-q1,stcp,udp,4,65536,1,15.00931600201875,5060,0,pass,337.12395683583657,42.14049460447957,12.897315958980471,15.959212032612413,19.61119403131306,9.798508486710489,36.449549061823845,22612,68.50678733031674,182770.15810276679,5584097.443478261,4327593.223913044,57659.881422924904,0.7749852626528384,2.951052378429695,9.249056998319082,1.1561321247898853,
tls-c4-p65536-q1,tls,tls,4,65536,1,15.0214655349846,3774,0,pass,251.24046593259845,31.405058241574807,13.787579024210572,27.373246964998543,53.391300956718624,91.61893025157042,72.11104652054247,28848,86.23264148126026,178306.3063063063,9324403.463698993,8887135.507684154,90142.2893481717,0.9531049940387957,1.9800024762787682,3.484077378644434,0.43550967233055426,
udp-c4-p65536-q4,udp,udp,4,65536,4,15.024452117970213,5148,0,pass,342.64144606262613,42.830180757828266,11.312837013974786,16.59476902568713,23.617136001121253,3.4853952383855358,70.43708427372407,23236,68.62170087976538,213716.97746697746,5657617.456099456,3083654.2907925406,93544.8717948718,0.5450446790933283,3.9680097691495537,4.864503543773822,0.6080629429717278,
stcp-udp-c4-p65536-q4,stcp,udp,4,65536,4,15.033636956010014,5056,0,pass,336.3124980864166,42.039062260802076,12.819583993405104,15.81401500152424,18.904755997937173,8.99429147830233,31.215566889979613,22824,67.19841993315102,181018.39398734178,5504288.098694621,4283553.007515823,56925.63291139241,0.7782210761336597,2.94478604508961,10.773871231355884,1.3467339039194854,
tls-c4-p65536-q4,tls,tls,4,65536,4,15.054253699956462,3836,0,pass,254.81170149345192,31.85146268668149,13.536292011849582,27.958936989307404,52.13926895521581,96.33890124678146,71.78951687277103,28920,87.08955223880596,173476.0166840459,9239931.087851929,8823918.691084463,88576.38164754954,0.9549766775518042,1.9627392000324781,3.549427724176525,0.44367846552206563,
udp-c4-p65536-q8,udp,udp,4,65536,8,15.129497205954976,4632,0,pass,306.15690243670775,38.26961280458847,11.505950009450316,25.68366698687896,33.86909799883142,3.6500287533272058,54.9136424489368,23328,65.32135242156563,200564.98272884282,5894263.190414508,3293075.792098446,70897.0207253886,0.5586916779443748,4.031205006613418,5.575243032210029,0.6969053790262536,
stcp-udp-c4-p65536-q8,stcp,udp,4,65536,8,15.062760352040641,4768,0,pass,316.54224647835224,39.56778080979403,13.523094996344298,16.10930502647534,21.02897100849077,15.134221015614457,27.912287666652087,22884,63.28241988619347,190265.10067114094,5488192.916317114,4268270.479446309,61693.37248322148,0.7777187399437405,3.0151718225016095,11.34060562354184,1.41757570294273,
tls-c4-p65536-q8,tls,tls,4,65536,8,15.108922159008216,3496,0,pass,231.3864591535817,28.923307394197714,14.943311980459839,30.397511029150337,55.3742460324429,81.53983125521336,66.96201021836569,28896,83.52093651508329,195182.49427917623,9767732.348970251,9114145.676487414,104657.32265446224,0.933087164028226,2.0549197575363474,3.455488543414715,0.43193606792683936,
udp-c8-p65536-q1,udp,udp,8,65536,1,15.020378015004098,4903,0,pass,326.4232095292352,40.8029011911544,23.245595977641642,30.726540950126946,64.95693902252242,1.8524536208133213,69.56644492942976,25636,77.52756639229695,191548.03181725473,6548127.966959004,3288348.3897613706,88851.31552110953,0.5021814488589633,4.571739039092629,4.692250838178786,0.5865313547723483,
stcp-udp-c8-p65536-q1,stcp,udp,8,65536,1,15.015494527004194,6696,0,pass,445.9393587042882,55.74241983803603,16.355708008632064,29.86364997923374,44.11910299677402,11.366313250618987,44.84581568652134,24572,93.25743013455568,135287.3357228196,5624352.088112306,4082889.063321386,28125.597371565116,0.7259305604197551,2.953020251552944,9.943834265864803,1.2429792832331004,
tls-c8-p65536-q1,tls,tls,8,65536,1,15.023456476978026,4737,0,pass,315.30693401075763,39.413366751344704,22.99430302809924,40.37227702792734,58.48895898088813,195.27089075563708,93.0574533325514,34244,93.72360565021116,110430.01899936669,8018152.382309479,8267457.933080008,49769.68545492928,1.0310926431531253,1.961721627013235,3.3883039210623185,0.4235379901327898,
udp-c8-p65536-q4,udp,udp,8,65536,4,15.046373077027965,5076,0,pass,337.3570477093764,42.16963096367205,23.294979997444898,25.668039044830948,30.428331054281443,5.944378237472847,63.90103416137786,25704,78.77714461728014,187150.51221434202,6450380.657210402,3250390.2689125296,86739.75571315998,0.5039067369270928,4.555945266319337,5.279367574199243,0.6599209467749054,
stcp-udp-c8-p65536-q4,stcp,udp,8,65536,4,15.041739618987776,6900,0,pass,458.7235369564475,57.34044211955594,16.016426030546427,27.589357981923968,41.52214794885367,10.888796372455545,42.85196502047785,24796,93.92640756612974,133520.28985507248,5505716.64,4050598.500869565,27287.391304347824,0.7357077680753228,2.9063167295440215,10.704842513925216,1.338105314240652,
tls-c8-p65536-q4,tls,tls,8,65536,4,15.052750162023585,4780,0,pass,317.5499459267854,39.69374324084818,22.929779021069407,40.761444019153714,60.59656903380528,147.55698650697013,90.31659234137163,34212,94.61922963834166,109477.82426778242,8010429.396025104,8270831.680543933,48893.723849372385,1.0325079058368636,1.959766272540944,3.51596464940279,0.43949558117534876,
udp-c8-p65536-q8,udp,udp,8,65536,8,15.087951896013692,5136,0,pass,340.40405453287235,42.550506816609044,23.223123978823423,26.02836099686101,33.10696000698954,4.595846367010381,68.53587598414899,25600,78.62816987473266,186204.6339563863,6331010.868185358,3178970.2832943927,85522.58566978193,0.5021268087327692,4.596083359583586,4.966800958546166,0.6208501198182708,
stcp-udp-c8-p65536-q8,stcp,udp,8,65536,8,15.083179554960225,6728,0,pass,446.059796310483,55.75747453881038,16.457407036796212,29.069717973470688,45.436683984007686,10.435541007609572,42.60070614810728,24944,94.24597364568082,135267.24137931035,5668009.784036861,4120461.809750297,28340.071343638527,0.7269680128914012,2.9515741877826596,10.470713672202853,1.3088392090253567,
tls-c8-p65536-q8,tls,tls,8,65536,8,15.137137862970121,4760,0,pass,314.4583898944566,39.30729873680708,23.213832988403738,40.88661598507315,55.464745964854956,148.1096152419923,93.85650133209758,34340,94.13309982486865,109247.68907563026,8014130.74894958,8264008.335924369,50122.899159663866,1.0311796244411837,1.9512307605944321,3.3504167045582847,0.4188020880697856,
udp-c16-p65536-q1,udp,udp,16,65536,1,15.041807551984675,4724,0,pass,314.05800025520847,39.25725003190106,46.669698029290885,77.21930998377502,129.11814398830757,7.15648981713457,75.14824904476691,30572,78.68928296067848,196028.15410668924,6895264.186917867,3458351.448772227,95879.33954276037,0.5015545967525988,4.58466995018617,4.179179212387497,0.5223974015484372,
stcp-udp-c16-p65536-q1,stcp,udp,16,65536,1,15.032071776979137,6541,0,pass,435.1362937221477,54.39203671526846,34.213314997032285,57.367022964172065,75.94768202397972,9.954114251740975,41.11858359714496,28008,94.20204978038068,136635.37685369208,5825642.539061306,4188154.504510014,30392.44763797584,0.7189171797665528,3.0016172798276894,10.582472829933788,1.3228091037417236,
tls-c16-p65536-q1,tls,tls,16,65536,1,15.088747961970512,5139,0,pass,340.584918838347,42.573114854793374,42.84414299763739,74.18231997871771,87.88681199075654,270.2725406343234,103.99398306306382,44732,94.12447410416365,97149.44541739637,7421482.539599144,7954962.9357851725,38714.14672115197,1.0718832650133598,1.7851259370849901,3.2750444670612353,0.4093805583826544,
udp-c16-p65536-q4,udp,udp,16,65536,4,15.104975294030737,3780,0,pass,250.24867147540454,31.281083934425567,62.56933801341802,85.75681003276259,115.2435970143415,4.194964432826964,122.31791605313964,30632,63.915956151035324,232360.84656084655,7091088.645767196,3834986.4497354496,79368.51851851853,0.5408177278991746,4.2349485177136295,2.0458873037592205,0.25573591296990256,
stcp-udp-c16-p65536-q4,stcp,udp,16,65536,4,15.106678434996866,6992,0,pass,462.84165179567157,57.855206474458946,32.736895023845136,48.620370973367244,63.39113402646035,12.396023565088399,57.31690812945936,28204,93.75548405966657,132988.12929061786,5438367.340102975,4029074.1149885585,25758.724256292906,0.7408609722402952,2.8803241064522243,8.075132921515412,1.0093916151894264,
tls-c16-p65536-q4,tls,tls,16,65536,4,15.128650186001323,5196,0,pass,343.45430267188715,42.931787833985894,42.38070297287777,74.75387799786404,89.35059804935008,223.31043381200288,138.92821065720793,44688,94.09874379199532,94665.89684372595,7355608.029830639,7937540.6381832175,35863.9337952271,1.0791141406655376,1.6995525260479938,2.4721710662446217,0.3090213832805777,
udp-c16-p65536-q8,udp,udp,16,65536,8,15.317230272048619,3792,0,pass,247.56433980885993,30.94554247610749,64.1837069997564,80.36004996392876,93.2148810243234,4.817201253899839,160.27541248628475,30792,32.81709772340096,298743.4071729958,4133491.539556962,2307580.5967827006,7812.236286919831,0.5582642602989415,3.555550631545841,1.5446183289657405,0.19307729112071756,
stcp-udp-c16-p65536-q8,stcp,udp,16,65536,8,15.38731577101862,4808,0,pass,312.46515451744165,39.058144314680206,34.98531598597765,100.2890290110372,108.33711101440713,11.230463132960722,36.210292184256346,28224,73.50116414435391,247206.11480865226,6331710.507279534,4607980.91202163,38321.33943427621,0.72776241218291,2.9823848361256498,8.62918070164859,1.0786475877060737,
tls-c16-p65536-q8,tls,tls,16,65536,8,15.230937747983262,5552,0,pass,364.5212193671492,45.56515242089365,40.025274036452174,69.66266495874152,86.09809295739979,229.25593406762346,126.77743366495453,44824,89.56020187454938,113875.0,6606291.323487031,7576002.217038905,11749.2795389049,1.1467859720482363,1.267870406773966,2.8752847319066284,0.35941059148832855,
udp-c1-p131072-q1,udp,udp,1,131072,1,15.004079164995346,1892,0,pass,126.09904141362125,31.524760353405313,6.70119997812435,10.730134032201022,11.378399038221687,0.09191100252792239,46.31266553306109,21692,29.107767137862893,461156.976744186,6896654.878435518,3966065.9149048626,8753.171247357295,0.5750709561103268,3.745883876817179,2.722776587402495,0.6806941468506238,
stcp-udp-c1-p131072-q1,stcp,udp,1,131072,1,15.006509250029922,1376,0,pass,91.6935429202002,22.92338573005005,9.525506000500172,16.45403099246323,23.34491501096636,2.435644040815532,17.561492523617677,21544,57.57847533632287,831996.3662790697,17801214.21002907,12417556.561773255,158496.36627906977,0.6975679532454195,3.1787862330062167,5.2212841702882375,1.3053210425720594,
tls-c1-p131072-q1,tls,tls,1,131072,1,15.01311249495484,878,0,pass,58.4822101542936,14.6205525385734,16.708748997189105,17.406394996214658,18.564080994110554,54.91785699268803,30.737163939527782,25252,52.06677265500795,1242366.742596811,27097529.592255127,23199732.633257404,148140.09111617313,0.8561567413100355,2.264208353188964,1.9026547234270328,0.4756636808567582,
udp-c1-p131072-q4,udp,udp,1,131072,4,15.017577997990884,1580,0,pass,105.21004120713602,26.302510301784004,9.594460017979145,10.74872596655041,11.602328973822296,0.07871096022427082,37.57524016692258,21732,28.087591240875913,508867.7215189874,7269468.425316456,4059410.7145569623,8564.556962025315,0.5584191961574202,3.8728715142229664,2.7999832001008,0.6999958000252,
stcp-udp-c1-p131072-q4,stcp,udp,1,131072,4,15.008992315037176,1304,0,pass,86.88124909582046,21.720312273955116,9.575870994012803,20.999741973355412,26.43765602260828,3.49507003556937,16.3318026190483,21608,56.72541045338153,886134.2024539878,18401896.504601225,12764932.166411042,163672.54601226994,0.6936748157027884,3.25202805302158,5.319758701619875,1.3299396754049688,
tls-c1-p131072-q4,tls,tls,1,131072,4,15.02949239400914,868,0,pass,57.753114825487444,14.438278706371861,16.736641991883516,18.84326001163572,22.266462969128042,54.09562203567475,31.280597353201205,25276,47.76119402985074,1116071.4285714284,24181290.664746545,21324229.440092165,91759.21658986175,0.8818482741775386,2.1780776573528673,1.8462919417226884,0.4615729854306721,
udp-c1-p131072-q8,udp,udp,1,131072,8,15.055381965998095,1520,0,pass,100.96057366281718,25.240143415704296,9.664785000495613,11.179354041814804,13.395472953561693,0.09240000508725643,34.99956369025056,21880,27.54324245089417,509608.552631579,7413856.356578947,4047300.9967105263,9767.105263157895,0.5459103605533187,3.9588847488277157,2.8846237786370077,0.7211559446592519,
stcp-udp-c1-p131072-q8,stcp,udp,1,131072,8,15.006824928044807,1384,0,pass,92.22470486835466,23.056176217088666,9.571485978085548,16.970832948572934,25.74836602434516,2.297294035088271,16.15271725779916,21876,56.58181818181818,838627.8901734104,17292905.165462427,12067750.497832369,155059.2485549133,0.697844022295005,3.2071301614550554,5.7095474028572495,1.4273868507143124,
tls-c1-p131072-q8,tls,tls,1,131072,8,15.050888098019641,864,0,pass,57.405250399388926,14.351312599847232,16.77709602518007,19.764676981139928,23.65571999689564,48.9580089924857,31.40548231583717,25400,47.64534437797208,1099743.0555555555,24045544.10185185,21204198.135416668,87681.71296296296,0.8818348233502289,2.2041048513108854,1.8278735483849131,0.4569683870962283,
udp-c2-p131072-q1,udp,udp,2,131072,1,15.008595246996265,1673,0,pass,111.46945949753857,27.86736487438464,17.79104903107509,19.132550980430096,20.37285501137376,0.8853725157678127,57.62062243453977,22952,27.737656595431098,463522.4148236701,6908105.118350269,3819712.5809922297,8500.2988643156,0.5529320291965126,3.8892595374037517,1.9345410512386267,0.4836352628096567,
stcp-udp-c2-p131072-q1,stcp,udp,2,131072,1,15.010497466020752,2071,0,pass,137.9701108965989,34.492527724149724,11.329930974170566,26.17543999804184,29.88364000339061,4.5573944807983935,26.398465533670684,22684,69.55201214882308,543872.5253500724,13932107.047320135,10090679.295992274,88724.77064220182,0.7242751768788077,3.141882103265434,5.226444344676812,1.306611086169203,
tls-c2-p131072-q1,tls,tls,2,131072,1,15.015737060981337,1744,0,pass,116.14481479779074,29.036203699447686,16.907142009586096,17.883934953715652,19.639035977888852,57.57316300878301,63.11823363388462,27032,68.94557318700875,524245.4128440367,16284381.3125,16997549.64048165,24150.229357798165,1.0437946222392998,1.6705786046102784,1.8401151000435971,0.4600287750108993,
udp-c2-p131072-q4,udp,udp,2,131072,4,15.033933652972337,2128,0,pass,141.54645411643654,35.386613529109134,11.103091994300485,23.482663033064455,24.110882019158453,0.7985955162439495,59.26226100005786,23208,46.44497228820269,473727.44360902254,9976571.46381579,5516246.17387218,212403.66541353383,0.5529200280756926,3.7558920683661547,2.388475426482603,0.5971188566206508,
stcp-udp-c2-p131072-q4,stcp,udp,2,131072,4,15.040618225000799,2444,0,pass,162.49332064938244,40.62333016234561,10.835180000867695,19.0729089663364,22.17342401854694,6.447183986892924,32.78916415684594,22424,67.51253608874032,349918.5761047463,11464185.151391162,9141622.132978724,99920.62193126023,0.7974070561717508,2.8533856309157417,4.955701824910837,1.2389254562277092,
tls-c2-p131072-q4,tls,tls,2,131072,4,15.101431387010962,1372,0,pass,90.85231491235223,22.713078728088057,17.466920020524412,30.58177698403597,33.370869990903884,61.40750800841488,54.23050828839988,26888,60.53480866758875,503518.9504373178,19024890.822157435,18645664.390670553,325715.74344023323,0.980066827450846,1.8842455437264556,1.6752989743189608,0.4188247435797402,
udp-c2-p131072-q8,udp,udp,2,131072,8,15.050135775993112,2352,0,pass,156.27765988342378,39.069414970855945,11.10407296800986,23.252408020198345,23.8561820005998,0.06233350723050535,64.18366015945516,22956,48.34280303030303,443731.29251700675,9372944.840136055,5244791.37244898,188375.42517006805,0.5595670797069203,3.762744139226014,2.4348511676519258,0.6087127919129814,
stcp-udp-c2-p131072-q8,stcp,udp,2,131072,8,15.0329681399744,2336,0,pass,155.3918014226549,38.84795035566373,12.386907008476555,17.037190962582827,21.32374601205811,6.177810020744801,31.907664243929997,22716,62.162990196078425,373675.51369863015,11270957.64083904,8882813.001284247,126512.84246575343,0.7881151969818765,2.926405997671539,4.870046275863521,1.2175115689658802,
tls-c2-p131072-q8,tls,tls,2,131072,8,15.152980275976006,1672,0,pass,110.34133019039426,27.585332547598565,17.034752992913127,21.695306000765413,22.89650001330301,62.150157493306324,81.51829392653504,26892,48.21721617186335,183191.38755980862,11971096.147727273,15078489.991028707,8744.01913875598,1.2595747127042647,1.006095904385749,1.353577520768955,0.3383943801922388,
tls-c2-p131072-q8,tls,tls,2,131072,8,15.095479885989334,1640,0,pass,108.64179293313781,27.160448233284452,17.14768202509731,28.312865004409105,30.207788047846407,55.581959488336,65.07407564510294,27000,64.94783003175564,387782.9268292683,16886929.459146343,17355207.743902437,231428.04878048782,1.0277302209314594,1.7494330373344678,1.6695095835958063,0.41737739589895156,
udp-c4-p131072-q1,udp,udp,4,131072,1,15.04096097202273,2684,0,pass,178.44604510259904,44.61151127564976,22.212557028979063,23.818549991119653,26.17694198852405,7.073454995406792,76.17472727514955,25548,51.02206359506813,418439.6423248882,8828979.980253354,4975094.223174366,166346.1251862891,0.5634959230060008,3.6619304345809423,2.3425885656017758,0.5856471414004439,
stcp-udp-c4-p131072-q1,stcp,udp,4,131072,1,15.018584967008792,2564,0,pass,170.72180938699077,42.68045234674769,25.26417898479849,29.081401007715613,34.26995303016156,12.399868748616427,36.755912838168314,24300,59.766807995154444,336362.71450858033,9793165.970358815,7954627.471528861,89171.9968798752,0.8122631124199572,2.8286717142761533,4.644744102497401,1.1611860256243502,
tls-c4-p131072-q1,tls,tls,4,131072,1,15.028625186008867,2675,0,pass,177.9936598918132,44.4984149729533,18.95705598872155,38.82979601621628,48.68623299989849,100.11047625448555,98.13369365103345,29916,85.46314078889054,179826.91588785045,13007485.011588786,16044318.088971963,14572.710280373833,1.2334681204458484,1.1492508613545267,1.8137874288596976,0.4534468572149244,
tls-c4-p131072-q1,tls,tls,4,131072,1,15.019446254009381,2592,0,pass,172.57626920220684,43.14406730055171,19.562300003599375,39.11531495396048,47.69917897647247,90.47417977126315,106.1850266000495,30144,87.11529966131644,228719.52160493826,13763387.116512345,15404002.655092593,79361.11111111111,1.1192014381846422,1.3764689829165886,1.6252410978077243,0.4063102744519311,
udp-c4-p131072-q4,udp,udp,4,131072,4,15.066283442021813,2704,0,pass,179.47359150686057,44.86839787671514,22.122621012385935,23.740836011711508,25.661184976343066,4.4852937426185235,78.40705403863527,25196,50.42284984841232,416975.96153846156,8659068.84985207,4847674.643121302,157454.1420118343,0.5598378679255008,3.6724758596969527,2.288998020744722,0.5722495051861805,
stcp-udp-c4-p131072-q4,stcp,udp,4,131072,4,15.068140975025017,2724,0,pass,180.77877055404159,45.194692638510396,23.831753991544247,28.982664982322603,35.289302992168814,9.615667746402323,37.47443702152266,24552,63.85196374622356,326028.2672540382,9833871.07599119,7967726.042951542,79851.32158590308,0.8102329165575772,2.8162369306543855,4.824055674277777,1.2060139185694443,
tls-c4-p131072-q4,tls,tls,4,131072,4,15.077661136048846,2668,0,pass,176.9505214320766,44.23763035801915,19.17803502874449,37.41838596761227,49.54423499293625,77.36529226531275,96.40001104182471,30296,85.22357121705656,180694.90254872563,12970270.67053973,15976467.708395801,14576.461769115442,1.2317759678434663,1.1312892479759484,1.8355861116582628,0.4588965279145657,
tls-c4-p131072-q4,tls,tls,4,131072,4,15.075787173002027,2560,0,pass,169.80871185184222,42.452177962960555,19.58040497265756,40.88168794987723,57.915978017263114,90.46166326152161,98.47314657363799,30228,86.72711058263971,228166.015625,13780125.525,15471210.52421875,81206.640625,1.1227191288026201,1.3925026573223527,1.7244164298625275,0.4311041074656319,
udp-c4-p131072-q8,udp,udp,4,131072,8,15.088118402985856,2672,0,pass,177.0929899033153,44.273247475828825,22.05274102743715,28.990057995542884,34.78092898149043,8.611147000920027,73.5628108393126,25552,49.491902191171796,419679.2664670659,8576747.241766468,4796212.761976048,156470.80838323353,0.559211158586996,3.706262655765933,2.4073711687030217,0.6018427921757554,
stcp-udp-c4-p131072-q8,stcp,udp,4,131072,8,15.098359437019099,2752,0,pass,182.27145879521683,45.56786469880421,23.132672009523958,28.980739996768534,35.03804904175922,10.5394302518107,38.331999076733055,24288,64.52100332426714,321528.7063953488,9763784.005450582,7897462.857921512,80239.82558139536,0.8088526798127441,2.7732313921878875,4.7550731291197605,1.1887682822799401,
tls-c4-p131072-q8,tls,tls,4,131072,8,15.158521845994983,2704,0,pass,178.38150892756215,44.59537723189054,18.89497198862955,38.11163001228124,47.87713696714491,89.31796450633556,100.36865173644738,29952,85.53366656865627,178857.98816568046,12922694.830991125,15970380.952292899,14180.103550295857,1.2358398276180627,1.1216743375355478,1.7772631777097547,0.4443157944274387,
tls-c4-p131072-q8,tls,tls,4,131072,8,15.168081327981781,2560,0,pass,168.77546636550278,42.193866591375695,20.49709000857547,38.035929028410465,50.11583399027586,94.65716677368619,96.12349567972672,30200,86.13063854715875,231253.515625,13814715.887109375,15493087.48984375,85724.609375,1.1214915758275186,1.394083459360191,1.755819065588758,0.4389547663971895,
udp-c8-p131072-q1,udp,udp,8,131072,1,15.033238611998968,2615,0,pass,173.94788092519232,43.48697023129808,44.2649659817107,58.20857494836673,69.86954802414402,5.387799748859834,89.07785172325792,29928,46.359607470718586,380489.48374760995,8118882.372466539,4605544.277246654,39673.80497131931,0.5672633332963878,4.14685866997224,1.9527624157978556,0.4881906039494639,
stcp-udp-c8-p131072-q1,stcp,udp,8,131072,1,15.021648638008628,3067,0,pass,204.1719969564261,51.04299923910653,34.96575600001961,62.79131001792848,68.81539197638631,13.60746638965793,36.90933088377044,28252,79.67154904571683,285610.0423866971,10797516.0753179,8527751.253015976,53415.71568307792,0.7897882432895478,2.775866247339096,5.531717646125183,1.3829294115312958,
tls-c8-p131072-q1,tls,tls,8,131072,1,15.025219711009413,2871,0,pass,191.07873663213957,47.76968415803489,36.534487968310714,69.8296150076203,87.22566399956122,160.68556825484848,111.75465199817658,36764,89.49147560258672,161767.67676767678,12627999.709160572,15501848.530477185,15653.430860327411,1.2275775172240362,1.1033335067361187,1.7098056610230172,0.4274514152557543,
tls-c8-p131072-q1,tls,tls,8,131072,1,15.028524703986477,2880,0,pass,191.63557679324632,47.90889419831158,36.49160102941096,72.25866394583136,86.03994303848594,165.1490249860217,106.19909348631138,36708,89.46515397082658,171256.94444444444,12608015.903125,15014188.4875,25195.486111111113,1.1908446660333456,1.3221771016990482,1.8044935272253273,0.4511233818063318,
udp-c8-p131072-q4,udp,udp,8,131072,4,15.102884722989984,2512,0,pass,166.3258407962402,41.58146019906005,44.380498002283275,64.23237000126392,72.93215300887823,7.281538259121589,114.50131757727162,29976,46.01546473094524,395566.8789808917,8428211.343152866,4758618.821257962,45053.74203821656,0.5646060151450634,4.140465835273757,1.452610715016398,0.3631526787540995,
stcp-udp-c8-p131072-q4,stcp,udp,8,131072,4,15.11840531200869,3044,0,pass,201.34398682790456,50.33599670697614,34.68571504345164,63.03784198826179,67.67398299416527,12.83438613609178,35.89130525353706,27948,77.9293978048057,286131.40604467806,10525155.332128778,7972591.365637319,47120.23653088042,0.7574796869078428,2.9605517203819613,5.609826263090898,1.4024565657727246,
tls-c8-p131072-q4,tls,tls,8,131072,4,15.158921722031664,2880,0,pass,189.98712789803957,47.496781974509894,36.725647980347276,72.04085896955803,86.23079297831282,132.81380249827635,106.53499171071361,36760,88.62676569098588,159582.9861111111,12551896.857638888,15439831.028125,15675.347222222223,1.230079501388554,1.081027367642019,1.783330761539203,0.4458326903848007,
tls-c8-p131072-q4,tls,tls,8,131072,4,15.083592807990499,2804,0,pass,185.89735454238644,46.47433863559661,37.8698889981024,70.98090701038018,86.56870201230049,173.22509988298407,104.07790239261602,36780,87.26263511539585,175148.7161198288,12678202.543865906,15024258.109129814,25975.03566333809,1.1850463862796545,1.3242759616583073,1.7861366367773301,0.44653415919433254,
udp-c8-p131072-q8,udp,udp,8,131072,8,15.26274628000101,2368,0,pass,155.1490116233422,38.78725290583555,44.48267200496048,83.03370099747553,85.84234601585194,14.525690632581245,106.3330720583722,29804,44.92095789638441,407911.73986486485,8685505.065456081,4857073.358108108,48366.13175675676,0.5592159950980421,4.223091850674418,1.459085199176529,0.36477129979413225,
stcp-udp-c8-p131072-q8,stcp,udp,8,131072,8,15.215931533020921,3488,0,pass,229.23341843583492,57.30835460895873,32.802721951156855,51.16035498213023,63.899233005940914,15.541961620328948,44.33713430794211,27848,85.27814472332305,259094.61009174312,10003946.85923165,7678099.1450688075,33111.5252293578,0.7675069903018777,2.8047987094002367,5.170235334645261,1.2925588336613152,
tls-c8-p131072-q8,tls,tls,8,131072,8,15.199498483038042,2840,0,pass,186.84827023531813,46.71206755882953,38.37320301681757,70.3043449902907,88.88203999958932,125.78137387754396,104.48705276508335,36576,87.33955659276546,149331.338028169,12764799.154577464,15391571.591901409,13135.915492957747,1.205782512166044,1.1756461147103707,1.788243282690787,0.44706082067269676,
tls-c8-p131072-q8,tls,tls,8,131072,8,15.216367790009826,2920,0,pass,191.89862129365068,47.97465532341267,36.55931301182136,70.10807300684974,83.29085697187111,163.0988952529151,107.03369046253502,36700,89.45533769063181,171800.3424657534,12499490.772602739,14935538.65410959,24284.931506849316,1.194891770058853,1.2717137164017653,1.792880545035686,0.4482201362589215,
udp-c16-p131072-q1,udp,udp,16,131072,1,15.05730573902838,1663,0,pass,110.44472555867159,27.611181389667898,162.84707799786702,169.18742703273892,171.0720780538395,17.593592743651243,89.76675664468637,39252,40.64644000609849,491978.35237522546,10722931.875526158,5965796.989176188,74180.99819603127,0.5563587513590779,4.4576832958094466,1.2303521892389684,0.3075880473097421,
stcp-udp-c16-p131072-q1,stcp,udp,16,131072,1,15.062897623050958,2720,0,pass,180.57614597589424,45.14403649397356,71.25009997980669,129.59705997491255,138.42828100314364,18.817367126757745,34.62149269354001,34396,73.59558933094918,309333.8235294118,11115100.44007353,8277630.632720588,57820.22058823529,0.7447193731940608,3.052508147477361,5.215723873441995,1.3039309683604987,
tls-c16-p131072-q1,tls,tls,16,131072,1,15.049468381039333,2889,0,pass,191.96691383729015,47.99172845932254,78.77823302987963,127.60091101517901,156.7727790097706,246.60282631521113,118.70239896650945,49808,84.76413712276589,147136.72551055727,11956735.539633092,14651606.210799584,14751.124956732434,1.225385153182805,1.0880032110297904,1.6172117455810768,0.4043029363952692,
tls-c16-p131072-q1,tls,tls,16,131072,1,15.067594280990306,2875,0,pass,190.8068366047777,47.70170915119442,74.10958502441645,132.08791997749358,151.2209220090881,254.10373236081796,109.86307230799699,50036,88.28630217519107,167625.3913043478,12493442.37878261,14889836.625043478,23830.260869565216,1.191812166223348,1.2291676845017565,1.7367695313476934,0.43419238283692335,
udp-c16-p131072-q4,udp,udp,16,131072,4,15.340747056005057,1764,0,pass,114.98788120031556,28.74697030007889,144.25178000237793,171.62588000064716,177.07596195396036,18.807940745318774,103.4609067084977,39184,40.940209949794614,494087.3015873016,10597658.135487529,5889768.424603174,78936.50793650793,0.5557613153117837,4.403774437667269,1.1114138166630922,0.27785345416577306,
stcp-udp-c16-p131072-q4,stcp,udp,16,131072,4,15.168315876973793,3008,0,pass,198.30810647649312,49.57702661912328,68.8276530127041,127.79401801526546,132.22429296001792,17.419547380995937,41.09824090269221,34152,78.38359827663052,286610.704787234,10706936.400598405,8044866.46243351,47250.0,0.751369594572719,2.933721207388509,4.825221277621705,1.2063053194054263,
tls-c16-p131072-q4,tls,tls,16,131072,4,15.186003506998532,2932,0,pass,193.0725222504246,48.26813056260615,79.40744899678975,124.14010497741401,145.84717398975044,224.08899731453857,125.60514022803622,49896,85.48858981860738,141563.7789904502,11895457.78240109,14546136.870054571,14621.077762619372,1.2228311962550162,1.039279211417497,1.5371387022848055,0.3842846755712014,
tls-c16-p131072-q4,tls,tls,16,131072,4,15.199999818985816,2904,0,pass,191.0526338541603,47.76315846354007,73.93355201929808,127.72995699197054,151.03019500384107,278.07651042894577,109.97568552020782,49868,88.62579895409645,164101.23966942148,12448613.098484848,14879644.600895317,24023.071625344353,1.1952853288296312,1.2277196293672161,1.7372261236694428,0.4343065309173607,
udp-c16-p131072-q8,udp,udp,16,131072,8,15.381495465990156,2056,0,pass,133.66710698228255,33.41677674557064,119.65046398108825,141.33197301998734,157.41476404946297,9.810401184950024,186.80869531531147,39028,29.184347006129187,523731.03112840466,7468846.290369649,4160575.1546692606,35840.46692607004,0.5570572740309192,3.6337560109857607,0.7155293641801198,0.17888234104502995,
stcp-udp-c16-p131072-q8,stcp,udp,16,131072,8,15.287369459983893,3456,0,pass,226.0689786458292,56.5172446614573,67.91046098805964,84.22745700227097,101.3755930471234,19.33837350588874,45.43060215938104,34244,85.99476439790575,257517.93981481483,10212558.968171297,7743706.62962963,34453.993055555555,0.7582533088684089,2.7899649515184475,4.97613872368953,1.2440346809223826,
tls-c16-p131072-q8,tls,tls,16,131072,8,15.34515890601324,2960,0,pass,192.8947114936736,48.2236778734184,78.89706903370097,126.86910200864077,151.05190098984167,183.92784088791814,109.27864678826369,49760,85.98512469009772,140619.5945945946,11873058.57972973,14547873.255067568,14719.594594594595,1.2252843829057167,1.0277798182421642,1.7651638006409696,0.4412909501602424,
tls-c16-p131072-q8,tls,tls,16,131072,8,15.525473123008851,2776,0,pass,178.80292458758956,44.70073114689739,79.40166600747034,137.48453400330618,162.33209503116086,266.71476530464133,110.22155566157457,49956,89.38116335572388,171210.37463976943,13268528.751440922,15372027.206772335,25010.086455331413,1.158532908564032,1.2811711631985578,1.6222137631280396,0.4055534407820099,
udp-c1-p262144-q1,udp,udp,1,262144,1,15.016087919007987,1134,0,pass,75.51900375893084,37.75950187946542,12.250479951035231,17.676613992080092,26.59485104959458,0.10706600733101368,48.36169739528106,23052,27.74621212121212,790500.0,12355133.331569664,7277027.097883598,52463.844797178135,0.5889881478890592,3.6152951529364326,1.561545765064476,0.780772882532238,
stcp-udp-c1-p262144-q1,stcp,udp,1,262144,1,15.014075430983212,761,0,pass,50.68577172788089,25.342885863940445,18.916864006314427,22.81814703019336,32.676965987775475,2.31926201377064,21.280944102668354,22452,52.60392520475969,1192718.791064389,30308513.282522995,22696566.437582128,400441.5243101183,0.7488511965603343,3.0694622354462084,2.3817445073560224,1.1908722536780112,
tls-c1-p262144-q1,tls,tls,1,262144,1,15.00747058604611,412,0,pass,27.45299400307178,13.72649700153589,35.952267004176974,39.31727900635451,43.627795996144414,41.55833902768791,30.855919213365645,26160,25.166444740346204,418847.0873786407,25412484.783980582,31380093.582524274,20526.699029126215,1.2348298031173057,1.0969848288314246,0.8897156429933922,0.4448578214966961,
tls-c1-p262144-q1,tls,tls,1,262144,1,15.004945688007865,458,0,pass,30.523269428828335,15.261634714414168,32.10557502461597,35.45932599809021,36.39798500807956,41.50096798548475,37.62599423810084,26208,37.521982414068745,1545067.6855895198,39871944.13318777,38424483.052401744,424133.18777292577,0.9636972534885446,1.9513174885696791,0.8112282491639745,0.40561412458198726,
udp-c1-p262144-q4,udp,udp,1,262144,4,15.022497194993775,884,0,pass,58.845076722303645,29.422538361151823,17.640869016759098,22.691026038955897,27.224401012063026,0.10168697917833924,39.63335737539119,23008,25.610491407898706,879104.07239819,13240218.864253394,7431448.426470588,67254.52488687783,0.561278367273398,3.9027580298207347,1.484736106632269,0.7423680533161345,
stcp-udp-c1-p262144-q4,stcp,udp,1,262144,4,15.06102099904092,684,0,pass,45.41524774738425,22.707623873692125,19.34027101378888,35.5086789932102,39.98636599862948,3.630946041084826,19.402256992975996,22468,51.090149992268444,1326181.2865497076,32635169.52631579,24089900.6622807,452609.64912280696,0.7381576689177454,3.098916915822082,2.3407198329465215,1.1703599164732608,
tls-c1-p262144-q4,tls,tls,1,262144,4,15.037986512004863,456,0,pass,30.32320847182394,15.16160423591197,32.07149199442938,36.48516599787399,37.714718957431614,40.77368701109663,37.95333235233157,25924,26.39677322975799,425984.649122807,24830997.95614035,30971199.8377193,20543.859649122805,1.2472797062939052,1.0455379235833402,0.7989603703391569,0.39948018516957845,
tls-c1-p262144-q4,tls,tls,1,262144,4,15.085938542033546,460,0,pass,30.491970964770562,15.245985482385281,32.17541903723031,34.881371015217155,37.86701103672385,40.92739301268011,34.43810927324436,26104,38.764845605700714,1602610.8695652173,40547317.74347826,38593321.276086956,450684.7826086956,0.9518094765292929,2.0271000883786616,0.885413619047326,0.442706809523663,
udp-c1-p262144-q8,udp,udp,1,262144,8,15.022115294006653,896,0,pass,59.64539497027263,29.822697485136317,17.657234973739833,20.018514012917876,25.986919994466007,0.11488900054246187,43.35613775110942,22780,26.493428912783752,843235.4910714286,12896741.85267857,7232943.334821428,53383.92857142857,0.5608349316008983,3.9001628139487736,1.3757082172003754,0.6878541086001877,
stcp-udp-c1-p262144-q8,stcp,udp,1,262144,8,15.055918555008247,720,0,pass,47.821725215197645,23.910862607598823,19.74881795467809,29.92201200686395,34.50722002889961,4.204855998978019,16.083914051158825,22520,49.27247664267116,1206170.8333333333,30261988.504166666,22476667.133333333,385329.1666666667,0.7427359616582565,3.0764065181640623,2.973264160893234,1.486632080446617,
tls-c1-p262144-q8,tls,tls,1,262144,8,15.251074557018,432,0,pass,28.325872933406455,14.162936466703227,35.54602502845228,37.801261991262436,72.82711594598368,40.62361200340092,34.09211580837374,25992,25.355832721936906,421659.72222222225,24953275.016203705,30811379.03935185,19497.685185185186,1.2347629326949716,1.056975511530094,0.8308628626225957,0.41543143131129784,
tls-c1-p262144-q8,tls,tls,1,262144,8,15.338257274997886,368,0,pass,23.992295435013865,11.996147717506933,37.29105502134189,58.963254967238754,80.27629600837827,53.545912029221654,27.11535558071132,26052,32.948854150857485,1850173.9130434783,43196791.77445652,39723659.08423913,519008.152173913,0.9195974388942664,2.2102259561692223,0.8848231904464102,0.4424115952232051,
udp-c2-p262144-q1,udp,udp,2,262144,1,15.009062901022844,1308,0,pass,87.14734614849684,43.57367307424842,21.705099032260478,30.883455008734018,37.37977996934205,3.6045609740540385,64.18253466939308,25024,30.404984423676012,737520.6422018348,11334604.45412844,6671422.50764526,28340.97859327217,0.5885889123563819,3.695578076963036,1.3578046831181794,0.6789023415590897,
stcp-udp-c2-p262144-q1,stcp,udp,2,262144,1,15.022481779975351,1228,0,pass,81.74414973409372,40.87207486704686,22.087454970460385,34.746536053717136,46.15811601979658,8.1154964864254,31.606095913719194,23948,72.21629855293222,743440.5537459283,24473220.846091203,18661648.558631923,187557.81758957656,0.7625334105385033,2.9766538368274325,2.586341253827911,1.2931706269139556,
tls-c2-p262144-q1,tls,tls,2,262144,1,15.022698861022945,892,0,pass,59.37681426300392,29.68840713150196,32.60635997867212,36.54190304223448,41.12424695631489,56.8133860360831,67.00316696166932,28424,49.43447443824461,394496.6367713004,23261974.32959641,29705660.304932736,12457.399103139012,1.2770051193435445,0.9461708364231867,0.8861792204086677,0.44308961020433385,
tls-c2-p262144-q1,tls,tls,2,262144,1,15.024468631017953,875,0,pass,58.238332515372036,29.119166257686018,32.81352197518572,38.24579203501344,57.01075098477304,55.81532698124647,66.62055241897653,28140,60.757127278392275,822411.4285714285,30171734.022857144,32819278.922285713,194592.0,1.0877491793286682,1.563463872560758,0.8741796697978617,0.43708983489893083,
udp-c2-p262144-q4,udp,udp,2,262144,4,15.040936762990896,1288,0,pass,85.63296424257292,42.81648212128646,22.07322994945571,28.43413403024897,45.133523002732545,0.15888799680396914,70.44471476052581,25320,48.78675879800739,840175.4658385094,17777489.066770185,9928964.989130436,348955.7453416149,0.5585133508921533,3.7882730319266216,1.2156052378617614,0.6078026189308807,
stcp-udp-c2-p262144-q4,stcp,udp,2,262144,4,15.028751384990755,1184,0,pass,78.78232659983072,39.39116329991536,23.22993503184989,36.353119008708745,46.971734962426126,5.564262508414686,27.38506942173714,24144,69.56324618407133,787913.0067567568,24659262.26097973,18722580.68581081,202594.59459459462,0.7592514523614523,2.9578166366314003,2.876835014969747,1.4384175074848735,
tls-c2-p262144-q4,tls,tls,2,262144,4,15.050825464015361,864,0,pass,57.405489291316,28.702744645658,32.79606002615765,42.07661800319329,43.74128195922822,66.34647803730331,66.56954479975076,28080,48.44544095665172,360637.7314814815,23317143.917824075,29644747.909722224,12927.083333333334,1.2713713143512917,0.9844536748824783,0.8623386184177563,0.43116930920887814,
tls-c2-p262144-q4,tls,tls,2,262144,4,15.090289361018222,872,0,pass,57.78550557503435,28.892752787517175,32.80967002501711,39.87945802509785,58.16381797194481,74.19929796014912,68.8962799272557,28312,65.2786190187765,683600.9174311927,31715795.08944954,34755085.39449541,175365.82568807338,1.0958289173099403,1.6216265687547822,0.8387318681944411,0.41936593409722056,
udp-c2-p262144-q8,udp,udp,2,262144,8,15.088121704000514,1256,0,pass,83.24429141282576,41.62214570641288,22.134830011054873,35.52739002043381,48.33768599200994,0.07773347897455096,65.15832913379359,25068,48.29053095950842,865015.923566879,17895227.835987262,9989728.56687898,346796.178343949,0.5582342207898388,3.744022365298448,1.2775694607192145,0.6387847303596073,
stcp-udp-c2-p262144-q8,stcp,udp,2,262144,8,15.119592278031632,1176,0,pass,77.77987516956372,38.88993758478186,25.28570400318131,31.214431975968182,41.40820703469217,8.618826483143494,29.7064095208838,24084,63.086232980332824,736158.163265306,22541282.457482994,17760098.86309524,234504.2517006803,0.7878921217811832,2.9767689908241493,2.618285966699677,1.3091429833498385,
tls-c2-p262144-q8,tls,tls,2,262144,8,15.20149659604067,864,0,pass,56.83650912536036,28.41825456268018,32.73251903010532,43.17566001554951,45.71445402689278,57.517680019373074,62.78593650105413,28356,47.768055761530476,386725.69444444444,23185673.306712963,29478255.29398148,12685.185185185186,1.2713995795604789,0.9932057412345631,0.9052426752351797,0.4526213376175898,
tls-c2-p262144-q8,tls,tls,2,262144,8,15.161322677973658,792,0,pass,52.238186391917914,26.119093195958957,33.19197898963466,60.01767504494637,62.041177006904036,58.72530399938114,61.423447002611056,28052,65.37756037908896,857396.4646464646,35092863.73989899,35432236.515151516,530660.3535353536,1.0096707062087575,1.8096124344405162,0.8504600269290865,0.42523001346454325,
udp-c4-p262144-q1,udp,udp,4,262144,1,15.022872998029925,1351,0,pass,89.92953612648978,44.96476806324489,43.95090596517548,47.0587580348365,49.509546952322125,10.191819004830904,89.77216942304297,29420,51.62209210318088,836968.1717246484,17535374.630643968,9768691.24204293,330512.95336787566,0.5570848326771213,3.7500730820346746,1.0017529564502918,0.5008764782251459,
stcp-udp-c4-p262144-q1,stcp,udp,4,262144,1,15.032892202027142,1497,0,pass,99.58163604726268,49.79081802363134,38.2744439993985,58.40777198318392,67.62719596736133,20.25335025973618,36.28408909407646,27516,75.52572706935123,600778.2231128925,20757127.813627254,16531785.128924515,138750.167000668,0.7964389523135874,2.6959053227193905,2.7444987192339307,1.3722493596169654,
tls-c4-p262144-q1,tls,tls,4,262144,1,15.033837421971839,1463,0,pass,97.313810102924,48.656905051462,34.4703400041908,61.98188499547541,79.4243430136703,94.0164750063559,107.66439429725476,32696,83.93751842027704,323763.4996582365,23263274.626110733,29545445.37593985,10894.736842105263,1.270046708848891,1.0070115883675304,0.9038625140475556,0.4519312570237778,
tls-c4-p262144-q1,tls,tls,4,262144,1,15.041838845005259,1243,0,pass,82.63617319718502,41.31808659859251,42.08336002193391,82.40966097218916,102.7380550513044,106.08876099286135,92.87965483448254,32568,85.60739436619718,495578.4392598552,28266782.64360418,31385625.91874497,194473.04907481896,1.1103359839166724,1.4501919609315033,0.8897123201464082,0.4448561600732041,
udp-c4-p262144-q4,udp,udp,4,262144,4,15.099456171970814,1328,0,pass,87.95018740245574,43.97509370122787,43.97290700580925,55.716941016726196,66.13658100832254,4.8260442417813465,78.28923681333528,29456,49.21911973497397,842765.8132530121,17154567.763554215,9550691.189006025,312890.0602409638,0.5567433304438583,3.7359806019048354,1.123400750631342,0.561700375315671,
stcp-udp-c4-p262144-q4,stcp,udp,4,262144,4,15.032810616015922,1488,0,pass,98.98348605647224,49.49174302823612,38.329199014697224,58.41217300621793,68.52919200900942,16.860110248671845,38.16441347227256,27232,74.39722724532851,595588.7096774193,20644969.23924731,16469793.415994624,132493.9516129032,0.7977630397571418,2.7085219411415657,2.593606898436585,1.2968034492182925,
tls-c4-p262144-q4,tls,tls,4,262144,4,15.167342214030214,876,0,pass,57.755669229225646,28.877834614612823,65.99123403429985,89.83320300467312,102.41955996025354,120.28649274725467,64.91060108667492,32952,89.97210394949346,604771.689497717,41626931.055936076,37259344.23630137,435433.7899543379,0.8950778568382625,2.63702977084936,0.8897725219352797,0.44488626096763983,
tls-c4-p262144-q4,tls,tls,4,262144,4,15.130980535992421,1232,0,pass,81.42235045966865,40.711175229834325,43.277709977701306,81.09308901475742,100.8059749729,107.70306500489824,91.10399664588469,32232,84.8071564745564,500103.0844155844,28269003.665584415,31428917.01785714,197602.27272727274,1.1117801458322958,1.4523138830645779,0.8937297314864465,0.44686486574322326,
udp-c4-p262144-q8,udp,udp,4,262144,8,15.231528475007508,1312,0,pass,86.1371202603062,43.0685601301531,43.89077302766964,55.31116499332711,93.59440900152549,5.9034279838670045,76.59108551805566,29556,49.03740804507748,855714.1768292683,17193822.70655488,9572662.605182927,319951.2195121951,0.5567501054627891,3.7218821511749183,1.1246363682885803,0.5623181841442901,
stcp-udp-c4-p262144-q8,stcp,udp,4,262144,8,15.142389238986652,1512,0,pass,99.85214196628226,49.92607098314113,37.68973599653691,59.46816800860688,71.32464501773939,12.357464773231186,35.237946375476234,27440,75.46690572239653,580279.7619047619,20647927.27579365,16447004.189814815,129556.21693121693,0.796545046392926,2.6867643603948848,2.833653837323906,1.416826918661953,
tls-c4-p262144-q8,tls,tls,4,262144,8,15.452053215994965,888,0,pass,57.46809097711363,28.734045488556816,66.28798600286245,92.09478599950671,103.16608700668439,118.42004749632906,76.1621503336391,32948,89.59861890375485,596884.009009009,41014147.057432435,36860644.8795045,438870.4954954955,0.8987300120587234,2.6076246379505816,0.7545492180218981,0.37727460901094906,
tls-c4-p262144-q8,tls,tls,4,262144,8,15.290769284998532,1264,0,pass,82.66425164364261,41.33212582182131,42.00367099838331,83.4988999995403,103.90307300258428,92.14327151130419,92.1693914630362,32768,85.20393404686143,498700.1582278481,27903241.9375,31112841.42642405,182658.22784810126,1.1150260423542604,1.4194711895592655,0.8968731411967111,0.44843657059835557,
udp-c8-p262144-q1,udp,udp,8,262144,1,15.065682081971318,842,0,pass,55.88860799124375,27.944303995621876,147.97815697966143,170.53196398774162,172.93875198811293,35.14624237141106,91.15267350844756,38248,42.934947049924354,934237.5296912114,22266661.22921615,13449701.59976247,117592.63657957246,0.6040286624613068,4.030087445713196,0.6131318571370733,0.30656592856853665,
stcp-udp-c8-p262144-q1,stcp,udp,8,262144,1,15.049668546009343,1671,0,pass,111.03234565541923,55.51617282770962,67.34217598568648,101.90841497387737,111.64850398199633,23.50664636469446,48.22200553994509,33644,79.66253546364044,561379.4135248354,19505242.485936563,15599263.082585279,109289.04847396768,0.7997472009810938,2.656574964237829,2.3025244266011438,1.1512622133005719,
tls-c8-p262144-q1,tls,tls,8,262144,1,15.0813393460121,1068,0,pass,70.81599157056347,35.407995785281734,106.95152502739802,147.77933101868257,173.22728701401502,225.35971450270154,93.49972622775493,41752,94.25219941348973,493835.2059925093,35633076.94475655,34262828.716292135,274581.4606741573,0.9615456102601307,2.231267730174896,0.7573925018567818,0.3786962509283909,
tls-c8-p262144-q1,tls,tls,8,262144,1,15.070929273031652,1324,0,pass,87.85125163908792,43.92562581954396,86.77199698286131,134.31328698061407,167.06673498265445,228.4121058837627,110.24138391870952,42040,89.00698893418753,454802.87009063445,27558652.489425983,30822444.887462236,153918.42900302113,1.1184307686774069,1.4069322275363123,0.7968990275364125,0.39844951376820625,
udp-c8-p262144-q4,udp,udp,8,262144,4,15.224333213001955,832,0,pass,54.649355630856235,27.324677815428117,165.19772197352722,172.1008020103909,174.2915029753931,16.033159241487738,89.35580172655442,38416,41.384454721766375,1002211.5384615384,21812579.234375,12014944.098557692,150605.76923076925,0.5508263818532306,4.442964823337055,0.6115926954367614,0.3057963477183807,
stcp-udp-c8-p262144-q4,stcp,udp,8,262144,4,15.164525695960037,1748,0,pass,115.2690189621745,57.63450948108725,66.0906260018237,94.3277400219813,112.15352400904521,27.791431988589466,47.078340220703026,33228,87.46896451000438,508694.50800915336,20431698.078375287,15580869.241418764,62118.99313501144,0.7625831774554953,2.759977221656713,2.448451207536075,1.2242256037680375,
tls-c8-p262144-q4,tls,tls,8,262144,4,15.320455829030834,1080,0,pass,70.4939860832013,35.24699304160065,106.11552797490731,152.5405830470845,172.46364400489256,194.71422801871086,91.0625124714879,41856,94.08803222094362,503699.0740740741,35264964.7287037,34029404.573148146,271426.85185185185,0.964963522151211,2.2203464185632265,0.7741274007267623,0.38706370036338117,
tls-c8-p262144-q4,tls,tls,8,262144,4,15.188910900964402,1448,0,pass,95.33270748912359,47.666353744561796,72.12250999873504,136.89656497444957,163.57804101426154,191.89038199692732,122.7215968382333,42136,89.40696488416144,374027.6243093923,25164184.98825967,29955416.509668507,47389.502762430944,1.1903988356326336,1.2786191965188096,0.7768209503889307,0.38841047519446537,
udp-c8-p262144-q8,udp,udp,8,262144,8,15.731952610018197,1024,0,pass,65.09045796056562,32.54522898028281,112.41996800526977,167.68468997906893,171.00325302453712,23.07514311542036,158.57615146967535,38240,42.35735735735736,936704.1015625,19203002.267578125,10548601.921875,129731.4453125,0.5493204539003257,4.329915798529199,0.410468140116346,0.205234070058173,
stcp-udp-c8-p262144-q8,stcp,udp,8,262144,8,15.251016188994981,1744,0,pass,114.35303578383565,57.176517891917825,66.40498095657676,94.57462799036875,112.1647689724341,26.783836758113466,54.20686659532548,33312,86.4186725018235,504790.7110091743,20236119.36181193,15528487.147362385,63189.220183486235,0.7673648721733957,2.7465084832053734,2.1095673475746866,1.0547836737873433,
tls-c8-p262144-q8,tls,tls,8,262144,8,15.350890516012441,1088,0,pass,70.87536705868055,35.437683529340276,104.82242400757968,145.83062601741403,164.95240398216993,207.50627825327683,90.11678498762076,41976,93.82272661973855,497470.5882352941,35003555.955882356,34002585.854779415,263275.73529411765,0.9714037595961811,2.200347509674809,0.7864835287723216,0.3932417643861608,
tls-c8-p262144-q8,tls,tls,8,262144,8,15.292785230034497,1456,0,pass,95.2082945061222,47.6041472530611,72.02668796526268,134.99968603719026,161.0632099909708,185.59456249204231,129.95671946643276,41988,88.40246878139803,373530.2197802198,24985448.576923076,29875826.70741758,46056.318681318684,1.1957290506687692,1.2812005925900407,0.7326154037822883,0.36630770189114414,
udp-c16-p262144-q1,udp,udp,16,262144,1,15.137258810980711,752,0,pass,49.6787436477265,24.83937182386325,329.95007501449436,335.373293957673,341.8334419839084,33.97392355327611,84.9765083666864,56192,38.8387484957882,1022537.2340425532,22242651.10904255,12343055.61037234,149122.3404255319,0.5549273577983868,4.4987930669209355,0.5846173795863118,0.2923086897931559,
stcp-udp-c16-p262144-q1,stcp,udp,16,262144,1,15.120458633988164,1648,0,pass,108.99140296548825,54.495701482744124,136.9508330244571,192.52795301144943,245.74277398642153,25.469221065577585,55.28329664028988,46272,83.53622327790974,521097.0873786407,20698396.052184466,15649380.21541262,68714.80582524273,0.7560672902362895,2.7612500794076538,1.9715069395130185,0.9857534697565092,
tls-c16-p262144-q1,tls,tls,16,262144,1,15.106995880021714,1437,0,pass,95.12149281117925,47.560746405589626,160.46540898969397,233.61733998171985,263.4349540458061,318.100321743259,111.28947233138342,60168,84.5236342217641,311771.7466945024,23817874.1684064,29271503.027835768,25707.028531663185,1.2289721081264011,1.0250733889208485,0.8547213929448668,0.4273606964724334,
tls-c16-p262144-q1,tls,tls,16,262144,1,15.108284906018525,1435,0,pass,94.98099942690082,47.49049971345041,150.07303899619728,242.93363199103624,285.3582359966822,314.18027180916397,133.9395776944795,59860,87.84554629223344,376429.26829268294,24909713.167944252,29792657.340069685,43648.78048780488,1.1960257084938732,1.22270471120371,0.7091331857380911,0.35456659286904557,
udp-c16-p262144-q4,udp,udp,16,262144,4,15.858444944955409,896,0,pass,56.499865094592316,28.249932547296158,252.81941099092364,336.3804040127434,345.1295190025121,24.11249987926567,137.97117608911634,55888,40.28026237328563,1003049.1071428572,20857371.86495536,11504126.43638393,158063.61607142858,0.5515616498027351,4.36852505469888,0.4095048451141617,0.20475242255708084,
stcp-udp-c16-p262144-q4,stcp,udp,16,262144,4,15.446391645004041,1720,0,pass,111.35286735762098,55.67643367881049,134.88919899100438,176.65136099094525,212.16506499331445,28.198094623803627,48.92243556730056,46468,85.2936910804931,519444.18604651163,20352148.963953488,15391579.197093023,64256.39534883721,0.75626309655819,2.7471513010846196,2.276110460699314,1.138055230349657,
tls-c16-p262144-q4,tls,tls,16,262144,4,15.323808288027067,1448,0,pass,94.4934818279712,47.2467409139856,157.27493696613237,243.10219998005778,282.0829909760505,406.6649351880187,106.73864937856045,60424,84.61987450751496,323056.62983425416,23794950.929558013,29095679.370856352,25315.607734806632,1.2227669414822704,1.0269862807289099,0.8852789723133894,0.4426394861566947,
tls-c16-p262144-q4,tls,tls,16,262144,4,15.470673220988829,1460,0,pass,94.37210515307376,47.18605257653688,151.6946770134382,232.4792820145376,263.21362901944667,331.9522201854852,133.21861761024707,60232,87.4141876430206,368581.5068493151,24709232.8869863,29674494.38630137,44406.16438356164,1.200947618326514,1.205072777086918,0.7084002735201385,0.35420013676006923,
udp-c16-p262144-q8,udp,udp,16,262144,8,16.9016846959712,896,0,pass,53.01246687045207,26.506233435226036,292.20705397892743,336.9841810199432,343.6780169722624,27.595297873631353,93.70767639379343,56112,35.671803190051364,924168.5267857143,17110605.94308036,10085057.853794644,61621.65178571428,0.5894038988065824,3.8968011688313218,0.5657217093685535,0.28286085468427674,
stcp-udp-c16-p262144-q8,stcp,udp,16,262144,8,15.322021957021207,1672,0,pass,109.1239788514869,54.56198942574345,136.0043510212563,187.3467360273935,238.07850200682878,22.198447692062473,54.91657056491943,46400,84.25655976676384,517647.7272727273,20747432.339712918,15597830.025119618,70664.47368421053,0.751795681013675,2.7765931272886823,1.987086551999571,0.9935432759997855,
tls-c16-p262144-q8,tls,tls,16,262144,8,15.556478600017726,1488,0,pass,95.65146703562492,47.82573351781246,157.03928901348263,238.24071401031688,278.87833694694564,318.51243106939364,110.60505042561748,60152,84.55144740613356,295909.27419354836,23483222.467741936,29051085.565860216,25525.537634408603,1.2370996189201313,1.0005020584961994,0.8648019838836479,0.43240099194182396,
tls-c16-p262144-q8,tls,tls,16,262144,8,15.669748004002031,1472,0,pass,93.93897078779143,46.96948539389572,148.9539800095372,236.7932199849747,267.87418796448037,362.1943838807056,134.01187431116827,60236,87.49290981281905,375379.7554347826,24575016.061141305,29638677.37771739,42935.461956521736,1.2060491559386155,1.1888799531755225,0.7009749790505151,0.35048748952525755,
udp-c1-p1048576-q1,udp,udp,1,1048576,1,15.01937450398691,207,0,pass,13.782198449412897,27.564396898825795,73.2958409935236,76.44964900100604,77.78088701888919,0.09826599853113294,50.066405881309485,29040,25.369167158889542,3317830.9178743963,51645316.28985507,28888371.23188406,180362.3188405797,0.5593609122219421,3.8812530719396756,0.2752783669370202,0.5505567338740404,
stcp-udp-c1-p1048576-q1,stcp,udp,1,1048576,1,15.065972136042546,175,0,pass,11.615579693084984,23.231159386169967,77.44990999344736,144.9939999729395,154.85044295201078,3.0438079847954214,23.770586907116837,27568,51.9552215917804,4562211.428571429,129689311.88571429,99054978.59428571,1637731.4285714286,0.7637867543130742,2.8683728497735435,0.48865346650769137,0.9773069330153827,
tls-c1-p1048576-q1,tls,tls,1,1048576,1,15.051267725008074,118,0,pass,7.839871176029905,15.67974235205981,125.51644101040438,130.2625400130637,133.03500798065215,40.51246802555397,39.75273783788064,30128,27.143710785778307,1679915.2542372881,99419096.36440678,124176285.6779661,64533.89830508475,1.2490184503670734,1.0784659814756565,0.19721588002321797,0.39443176004643593,
tls-c1-p1048576-q1,tls,tls,1,1048576,1,15.032728875987232,94,0,pass,6.253023038960836,12.506046077921672,127.93332297587767,203.08497798396274,213.1296420120634,40.67585803568363,34.30964559095252,29888,37.17948717948718,7900372.340425531,180919578.20212767,163810712.4893617,2264000.0,0.9054338624775505,2.318193547412275,0.18225262695834327,0.36450525391668653,
udp-c1-p1048576-q4,udp,udp,1,1048576,4,15.041112049017102,276,0,pass,18.349707062918657,36.699414125837315,49.384885001927614,74.47210297686979,78.08742002816871,0.0963109778240323,52.68451544124913,29128,27.17324290998767,3055268.1159420293,47460457.17391305,27846591.003623188,157525.36231884058,0.5867324644931834,3.7126630876847373,0.3482941222716804,0.6965882445433608,
stcp-udp-c1-p1048576-q4,stcp,udp,1,1048576,4,15.005585513019469,164,0,pass,10.929263630379953,21.858527260759907,77.12040195474401,150.47490899451077,153.73138297582045,3.3029179903678596,24.502915909611463,25988,51.04841196423065,4748902.439024391,135853588.53658536,105143828.5304878,1682652.4390243902,0.7739495854551725,2.7274600521581682,0.446039306941949,0.892078613883898,
tls-c1-p1048576-q4,tls,tls,1,1048576,4,15.30027644900838,120,0,pass,7.842995543245709,15.685991086491418,124.9801279627718,130.4800880025141,133.42366699362174,41.06050595873967,42.60234788386751,29816,27.089167280766397,1865941.6666666667,97659866.73333333,122568739.75833334,65308.333333333336,1.2550574136355859,1.0277048283695107,0.18409773012101205,0.3681954602420241,
tls-c1-p1048576-q4,tls,tls,1,1048576,4,15.421203266014345,112,0,pass,7.262727691737814,14.525455383475627,126.14888802636415,181.01077002938837,184.8328859778121,40.346349007450044,41.9232915128478,29996,34.9180081239657,5450205.357142857,145430121.4375,145008425.20535713,1366955.357142857,0.9971003515092017,1.9241589591769852,0.17323848938512093,0.34647697877024186,
udp-c1-p1048576-q8,udp,udp,1,1048576,8,15.288059167971369,312,0,pass,20.40808428146609,40.81616856293218,48.26044599758461,50.65305798780173,51.82345199864358,0.10217697126790881,53.124277652031715,29488,28.308596165739026,2978253.2051282055,45263576.900641024,26668273.134615384,142339.7435897436,0.5891773244778122,3.5775166941680716,0.3841573981511933,0.7683147963023866,
stcp-udp-c1-p1048576-q8,stcp,udp,1,1048576,8,15.174700880015735,176,0,pass,11.598251681638255,23.19650336327651,79.47830302873626,143.96343001862988,157.1985689806752,2.740698982961476,25.889782151646116,27384,50.77876909118403,4596340.909090909,126912918.25568181,96790164.3125,1701755.6818181819,0.7626502143580388,2.9754481877115118,0.44798568074860445,0.8959713614972089,
tls-c1-p1048576-q8,tls,tls,1,1048576,8,15.316310657013673,120,0,pass,7.834784935303554,15.669569870607107,124.96154400287196,131.28381001297385,138.2993150036782,42.12431801715866,38.19808915485082,29888,28.821538914226863,1833841.6666666667,109025175.89166667,130813841.88333334,73233.33333333334,1.1998498586539046,1.2729872837986378,0.20510934208101886,0.4102186841620377,
tls-c1-p1048576-q8,tls,tls,1,1048576,8,15.356122385011986,120,0,pass,7.814472754992069,15.628945509984138,125.50404801731929,130.0682940054685,132.37583899172023,41.1823449539952,44.46500118196779,29976,36.50030998140112,5318641.666666667,144853108.26666668,144986001.025,1334283.3333333335,1.000917431181999,1.8656088043698882,0.1757443505513979,0.3514887011027958,
udp-c2-p1048576-q1,udp,udp,2,1048576,1,15.050218480988406,214,0,pass,14.219062684726275,28.43812536945255,137.91981601389125,147.38124003633857,150.3052719635889,1.4554155059158802,61.208971893908405,36728,26.34440199823685,3351733.644859813,50471657.20093458,27564822.074766356,136331.77570093458,0.546144581007654,3.9830136072837523,0.23230356996310494,0.4646071399262099,
stcp-udp-c2-p1048576-q1,stcp,udp,2,1048576,1,15.066512919962406,316,0,pass,20.973665351676377,41.947330703352755,87.88715401897207,136.38715498382226,159.70411599846557,5.752729513915256,35.87420014646287,31176,75.28494301139771,2847060.1265822784,99525279.87341772,77187611.56012659,668430.3797468354,0.775557844783742,2.8728308308048667,0.5846448217952629,1.1692896435905258,
tls-c2-p1048576-q1,tls,tls,2,1048576,1,15.038641041028313,224,0,pass,14.894962875228208,29.789925750456415,127.5888069649227,163.3722810074687,168.27433503931388,62.81614350154996,84.54769925893905,35672,49.573161599520745,1503116.0714285714,93136129.6875,119092710.54910715,41272.32142857143,1.278695077288474,0.9911024701278377,0.1761723028040103,0.3523446056080206,
tls-c2-p1048576-q1,tls,tls,2,1048576,1,15.120516393042635,210,0,pass,13.888414558157999,27.776829116315998,127.68008396960795,215.52372799487785,222.38329600077122,59.91428246488795,74.77807441287246,35688,57.81990521327014,3355857.1428571427,118874155.8,130496649.38095239,747504.7619047619,1.0977714079459513,1.5899033001208513,0.18572843266163613,0.37145686532327227,
udp-c2-p1048576-q4,udp,udp,2,1048576,4,15.117821003019344,224,0,pass,14.816950138201962,29.633900276403924,131.7241580109112,138.9308359939605,149.67803203035146,5.2362204878591,44.04481967784997,37056,26.460280373831775,3009312.5,47893920.196428575,26757786.73214286,104718.75,0.5586885897500237,3.95213630178873,0.33640619365853297,0.6728123873170659,
stcp-udp-c2-p1048576-q4,stcp,udp,2,1048576,4,15.098825140972622,320,0,pass,21.193701961064406,42.38740392212881,89.78452498558909,125.5852070171386,159.49976397678256,7.223055959912017,29.059777559072774,33196,74.85636528575749,2816031.25,96694447.990625,74983363.975,670446.875,0.7754671083314939,2.8767770930327576,0.7293139776442474,1.4586279552884949,
tls-c2-p1048576-q4,tls,tls,2,1048576,4,15.265239440021105,232,0,pass,15.197927350668484,30.39585470133697,126.93271500756964,135.23741101380438,155.35895299399272,57.37777950707823,76.80135019214471,36044,50.488888888888894,1717353.4482758623,92547081.98706897,117877962.25,41021.55172413793,1.27370803832011,0.9733284959958707,0.19788620008171337,0.39577240016342674,
tls-c2-p1048576-q4,tls,tls,2,1048576,4,15.253836031013634,232,0,pass,15.209288963661644,30.418577927323287,127.54368799505755,132.9038409749046,148.58830301091075,60.61974648036994,65.83240425282519,35824,62.43478260869565,3291150.862068966,118368291.51724137,130182765.3663793,733646.5517241379,1.0998111377439037,1.528358081555869,0.23103043457521819,0.46206086915043637,
udp-c2-p1048576-q8,udp,udp,2,1048576,8,15.54638180899201,272,0,pass,17.496032410748814,34.99206482149763,89.98057100689039,184.64272195706144,187.3423540382646,0.20459896768443286,57.496323645093575,36820,45.06463878326996,3873047.7941176468,76714392.3125,42146923.07720588,1640227.9411764704,0.5494004685003335,3.780535656764449,0.30429828033434325,0.6085965606686865,
stcp-udp-c2-p1048576-q8,stcp,udp,2,1048576,8,15.40154012205312,304,0,pass,19.738285755247894,39.47657151049579,90.55941202677786,125.76462997822091,169.57083099987358,6.806279998272657,28.528056059203283,32196,65.74399531341535,2783049.342105263,91137893.5,72963473.94078948,746348.6842105263,0.8005832825265977,2.8083127740640945,0.6918903171770875,1.383780634354175,
tls-c2-p1048576-q8,tls,tls,2,1048576,8,15.71020807698369,232,0,pass,14.767468315069145,29.53493663013829,127.53110099583864,161.2954760203138,168.09635900426656,53.30340549699031,79.8906350475897,35824,49.552023121387286,1603689.655172414,90927234.85775863,116893623.16810344,37538.793103448275,1.2855732757183826,0.9580076596930005,0.18484604993153925,0.3696920998630785,
tls-c2-p1048576-q8,tls,tls,2,1048576,8,16.18702760298038,224,0,pass,13.83824167685714,27.67648335371428,129.4503479730338,225.27555900160223,231.1817990266718,65.14512750436552,65.79157249376138,35852,65.39433062026382,3174709.8214285714,126329859.70089285,133310890.64732143,1622616.0714285714,1.0552603395820856,1.6494441308525347,0.21033456341493187,0.42066912682986374,
udp-c4-p1048576-q1,udp,udp,4,1048576,1,15.265692736022174,224,0,pass,14.673425168019484,29.34685033603897,189.08474902855232,372.80299101257697,378.99620801908895,5.648963488056324,54.78889916514464,52028,42.5,4348223.214285715,87884786.23660715,48117871.165178575,2041258.9285714286,0.5475108175792065,3.758042762327641,0.26781748477535317,0.5356349695507063,
stcp-udp-c4-p1048576-q1,stcp,udp,4,1048576,1,15.109405708964914,388,0,pass,25.679368697458873,51.358737394917746,143.0506880278699,221.565890009515,248.82425501709804,8.682138519361615,42.09336305150882,41700,78.56929063154745,2376327.319587629,83360076.20618556,66466973.538659796,509378.86597938143,0.7973478020132585,2.6667028996566993,0.6100574255859655,1.220114851171931,
tls-c4-p1048576-q1,tls,tls,4,1048576,1,15.14486927096732,381,0,pass,25.1570345826871,50.3140691653742,134.7480170079507,243.77137899864465,251.9753620144911,92.28710999013856,117.91279066524028,48316,84.7645429362881,1345614.1732283465,90486122.496063,115622266.62204725,35120.73490813648,1.2777900459496196,0.9699518750234096,0.21335288937490296,0.4267057787498059,
tls-c4-p1048576-q1,tls,tls,4,1048576,1,15.136773205013014,315,0,pass,20.810247714861575,41.62049542972315,166.46249499171972,338.81705097155645,370.5379759776406,116.1405329767149,97.39245478764062,48152,88.25596719871139,2099990.476190476,114626295.55873016,126284646.09841269,810568.253968254,1.1017074702000575,1.511868730685022,0.2136741266070075,0.427348253214015,
udp-c4-p1048576-q4,udp,udp,4,1048576,4,15.383494272944517,272,0,pass,17.681288475426275,35.36257695085255,178.51160204736516,376.06680602766573,382.28984602028504,9.888956003123894,61.99792342870916,51788,45.67307692307692,3813069.8529411764,77310329.11029412,42585484.48529412,1618470.588235294,0.5508382253106167,3.785653460037899,0.28519162413169896,0.5703832482633979,
stcp-udp-c4-p1048576-q4,stcp,udp,4,1048576,4,15.28216295997845,312,0,pass,20.415958187141328,40.831916374282656,204.78583598742262,228.57897402718663,263.8712170301005,17.663354257820174,37.68963212265158,42884,60.14224329530301,2707076.923076923,80819524.66987179,64669842.31410257,827153.8461538461,0.800175979483463,2.7937880125981036,0.5416863216043777,1.0833726432087554,
tls-c4-p1048576-q4,tls,tls,4,1048576,4,15.31711786199594,368,0,pass,24.025407607070978,48.050815214141956,131.08674297109246,247.0904000219889,291.99303704081103,86.79337648209184,109.8092483947778,48388,87.63301696865113,1403535.3260869565,96886717.64673913,120829001.45108695,34983.69565217391,1.2471162651174161,1.1352925788416492,0.2187922051947453,0.4375844103894906,
tls-c4-p1048576-q4,tls,tls,4,1048576,4,15.739956589997746,320,0,pass,20.330424558054375,40.66084911610875,165.09410401340574,325.8517840295099,378.1352830119431,99.04783425736241,90.68676853321642,47868,86.10373269956662,2086834.375,111802065.978125,124707313.36875,762100.0,1.1154294178530657,1.4850477659376007,0.22418291981159105,0.4483658396231821,
udp-c4-p1048576-q8,udp,udp,4,1048576,8,16.22006738296477,352,0,pass,21.701512804422148,43.403025608844295,176.0075279744342,186.88965897308663,210.8519520261325,10.327609983505681,86.77679116661761,52108,48.79807692307692,3296892.0454545454,65097499.20454545,36002620.53977273,1196642.0454545454,0.5530568912739252,3.7421270391751893,0.25008429688018424,0.5001685937603685,
stcp-udp-c4-p1048576-q8,stcp,udp,4,1048576,8,15.451324992987793,320,0,pass,20.710198002127598,41.420396004255196,204.3297110358253,229.05857797013596,248.0415590107441,14.460902253631502,34.865184716811136,43848,60.36966962596419,2699193.75,79378641.95,63711191.078125,762075.0,0.8026238483426839,2.796372090625977,0.594007981610998,1.188015963221996,
tls-c4-p1048576-q8,tls,tls,4,1048576,8,15.553225340961944,224,0,pass,14.402157436120959,28.804314872241918,258.52784502785653,322.25304801249877,347.6677379803732,124.87788699218072,71.58466977699813,48248,90.26926912665621,2560049.1071428573,164015870.3169643,147801306.32142857,1707584.8214285714,0.9011402740222595,2.6466340821098635,0.20119052697996406,0.4023810539599281,
tls-c4-p1048576-q8,tls,tls,4,1048576,8,15.977838034974411,328,0,pass,20.5284344028291,41.0568688056582,165.3962410055101,344.5805530063808,388.9436019817367,90.63091900316067,104.71802232176523,48144,86.9972067039106,2092131.0975609757,110907516.44817074,123690187.80487806,711646.3414634146,1.1152552303583583,1.439527537025979,0.19603535234605307,0.39207070469210614,
udp-c8-p1048576-q1,udp,udp,8,1048576,1,15.54360509099206,168,0,pass,10.808303415876189,21.616606831752378,732.7307210071012,774.7710719704628,792.4105940037407,36.28242300328566,73.73627889351178,81676,39.68277945619335,5492446.428571429,109054034.92857143,58483587.60119048,2879672.619047619,0.5362808229837277,3.8463298863696544,0.1465805378039932,0.2931610756079864,
stcp-udp-c8-p1048576-q1,stcp,udp,8,1048576,1,15.196549950982444,322,0,pass,21.1890199445686,42.3780398891372,373.53341100970283,455.9812209918164,480.39475904079154,20.695063867606223,60.62215456610544,66588,61.288398449150016,2631639.751552795,79706984.81677018,63269205.26086956,848931.6770186335,0.7937724078549996,2.8578180866410094,0.3495260123337092,0.6990520246674184,
tls-c8-p1048576-q1,tls,tls,8,1048576,1,15.296518808987457,253,0,pass,16.539710973411157,33.079421946822315,429.265062964987,555.4727099952288,598.2525979634374,202.5038407446118,84.09188496170958,72536,92.95836376917458,2236537.5494071147,148885151.90513834,140542596.86956522,1251901.185770751,0.9439665075474514,2.3724796602340286,0.19668617228573665,0.3933723445714733,
tls-c8-p1048576-q1,tls,tls,8,1048576,1,15.19423669402022,319,0,pass,20.99480259679937,41.98960519359874,352.3885740432888,466.43949300050735,540.0721880141646,181.0557165154023,146.5753722841825,72800,86.49282156460592,1975934.1692789968,110914608.9216301,123927560.6677116,668222.5705329153,1.117324055619005,1.4041910364426484,0.14323553997935162,0.28647107995870325,
udp-c8-p1048576-q4,udp,udp,8,1048576,4,16.00533668702701,192,0,pass,11.995998819295314,23.99199763859063,667.3788089537993,695.3856680192985,701.681548031047,26.157213498663623,74.84466733967297,81504,39.369407754580315,4267432.291666666,88024746.265625,48421520.359375,628125.0,0.5500898601088537,4.528509959085833,0.16027860428389648,0.32055720856779296,
stcp-udp-c8-p1048576-q4,stcp,udp,8,1048576,4,15.881564358016476,380,0,pass,23.927113943796655,47.85422788759331,274.0821280167438,499.2486910196021,612.1326370048337,35.20852299698163,46.20156953427742,65732,79.53166878262095,2228997.3684210526,87944574.03157894,67675585.38947369,381894.7368421053,0.7695254213770242,2.8289197622831086,0.5178853053042902,1.0357706106085804,
tls-c8-p1048576-q4,tls,tls,8,1048576,4,16.083160700974986,268,0,pass,16.663391293712152,33.326782587424304,430.4173109703697,543.5511759715155,591.5821689995937,218.47116549906787,85.23614390776409,72836,92.72130250376249,2251835.8208955224,141094697.13432837,136787215.7164179,1116111.9402985075,0.9694709900131149,2.272891476713364,0.19549677554329506,0.3909935510865901,
tls-c8-p1048576-q4,tls,tls,8,1048576,4,15.722379109007306,352,0,pass,22.388469172476587,44.77693834495317,294.22866296954453,489.40202803350985,585.5440510204062,209.6173415047815,128.36741093742964,72848,85.20236087689713,1677230.1136363635,100529502.13068181,119970905.70170455,186028.4090909091,1.193390031373578,1.311896336389585,0.17440929133788824,0.3488185826757765,
udp-c8-p1048576-q8,udp,udp,8,1048576,8,16.195822781010065,192,0,pass,11.854908675904008,23.709817351808017,658.6253209970891,674.0374770015478,677.6210149982944,3.270041481300723,79.87307082149506,81664,37.68500418877409,4150411.458333333,83343576.578125,45354059.072916664,561156.25,0.5441818186240479,4.568155412439197,0.14842184673728195,0.2968436934745639,
stcp-udp-c8-p1048576-q8,stcp,udp,8,1048576,8,16.137337297026534,400,0,pass,24.787236744050954,49.57447348810191,267.4850979819894,494.2772220238112,532.4421630357392,35.61381162580801,50.27673928272517,68420,78.84211998321913,2302420.0,82504309.04,62444420.9025,389945.0,0.7568625400186735,2.9288896469972356,0.49301599701330917,0.9860319940266183,
tls-c8-p1048576-q8,tls,tls,8,1048576,8,16.843089870002586,264,0,pass,15.674083676901942,31.348167353803884,434.49895398225635,555.2388619980775,595.2961340080947,225.40651524468558,78.27310251119604,72708,91.67108753315651,2368291.666666667,142094894.07575756,136189165.9318182,1204284.0909090908,0.9584381396506002,2.336413613185468,0.20024865725310875,0.4004973145062175,
tls-c8-p1048576-q8,tls,tls,8,1048576,8,16.589111419045366,376,0,pass,22.665469566279953,45.330939132559905,301.75362003501505,485.7168209855445,554.7187849879265,191.95026575471275,115.34913785696403,72568,86.50537634408603,1664555.8510638298,97980307.12234043,118129290.61170213,172236.70212765958,1.2056431958740772,1.2650707976291162,0.1964944861086498,0.3929889722172996,
udp-c16-p1048576-q1,udp,udp,16,1048576,1,15.908365891024005,208,0,pass,13.074881570165548,26.149763140331096,953.2192390179262,1337.5008819857612,1344.8532529873773,50.79802661930444,138.59485097988767,142600,38.344971029564704,4101197.115384615,84518361.01442307,46935156.09134615,631177.8846153846,0.5553249675929786,4.315917402805375,0.09433886957361008,0.18867773914722016,
stcp-udp-c16-p1048576-q1,stcp,udp,16,1048576,1,15.406102693988942,340,0,pass,22.069176530457575,44.13835306091515,557.5352790183388,986.6962259984575,1057.021122018341,46.57404337558546,60.27904126345599,110536,72.09844182321247,2401173.529411765,88276226.00588235,65334203.21176471,465749.99999999994,0.74011096948584,3.0334267474009255,0.36611691340613534,0.7322338268122707,
tls-c16-p1048576-q1,tls,tls,16,1048576,1,15.463844553974923,280,0,pass,18.106752109586296,36.21350421917259,722.3010140005499,941.7247480014339,1061.5558279678226,520.1571790676098,99.00280584535956,122012,78.7967615857063,1609317.8571428573,119404924.19642857,130772868.53214286,398003.57142857136,1.0952049876687941,1.5925602466504922,0.1828913024734742,0.3657826049469484,
tls-c16-p1048576-q1,tls,tls,16,1048576,1,15.417193804983981,333,0,pass,21.599261461729157,43.19852292345831,601.7194090527482,841.9099730090238,969.3705750396475,408.1733491329942,137.27273113190256,121556,81.36298421807747,1662288.2882882883,101027393.95195195,120381156.987988,191306.3063063063,1.1915694573418432,1.3015807710723677,0.15734560887387655,0.3146912177477531,
udp-c16-p1048576-q4,udp,udp,16,1048576,4,18.266072759986855,192,0,pass,10.511290660168058,21.022581320336116,1327.139976026956,1352.5508319726214,1380.7830850128084,43.457393687276635,69.14641240052242,142416,36.59478997881092,4413619.791666666,78966250.05208333,42790856.854166664,556567.7083333334,0.5418879182681632,4.598585098624118,0.15201498234330146,0.3040299646866029,
stcp-udp-c16-p1048576-q4,stcp,udp,16,1048576,4,15.805930186004844,384,0,pass,24.2946789895357,48.5893579790714,533.461051993072,767.3498700023629,908.910961006768,48.95110487632337,61.913015462163834,113192,76.76738882554162,2257559.895833333,83532102.94010417,63036733.598958336,375085.9375,0.754640807309235,2.9251375089840934,0.39240018933309134,0.7848003786661827,
tls-c16-p1048576-q4,tls,tls,16,1048576,4,16.385153448034544,348,0,pass,21.238739149052268,42.477478298104536,621.4092259760946,825.8623130386695,946.2902710074559,464.05300275364425,110.73104721015822,121676,76.26772082878954,1369772.988505747,93309663.46839081,115375722.86206897,86109.19540229885,1.2364820381240917,1.014422265220309,0.19180473484318203,0.38360946968636406,
tls-c16-p1048576-q4,tls,tls,16,1048576,4,16.1445080320118,340,0,pass,21.059793170893663,42.119586341787326,599.8313529998995,838.1548729958013,969.6517399861477,424.16146487448714,120.89365598071966,121556,81.27252564457999,1709420.5882352942,100211177.70882353,119763641.31764705,197735.29411764705,1.1951126017661995,1.2809011948999014,0.17420097853813205,0.3484019570762641,
udp-c16-p1048576-q8,udp,udp,16,1048576,8,21.46675892797066,256,0,pass,11.925414584427008,23.850829168854016,1187.9510440048762,1351.610794023145,1359.909647027962,44.40705949673429,91.09383985544484,142552,37.63885863646264,4118078.125,62631217.25,36610204.88671875,359781.25,0.5845360587609967,3.969525846141374,0.13091351295928716,0.2618270259185743,
stcp-udp-c16-p1048576-q8,stcp,udp,16,1048576,8,17.287330503051635,384,0,pass,22.212799132417505,44.42559826483501,544.1593939904124,1027.132151008118,1045.0278510106727,56.05973600177094,57.29158702815145,112432,73.18037974683544,2416244.7916666665,80479784.25260417,59992566.96875,447101.5625,0.7454364785627362,3.025656731910252,0.38771485107408127,0.7754297021481625,
tls-c16-p1048576-q8,tls,tls,16,1048576,8,17.811178225034382,384,0,pass,21.559494557202925,43.11898911440585,625.9503469918855,883.8067160104401,955.5431810440496,409.49459587500314,111.9354247546502,121720,78.336287667764,1377356.7708333333,86205675.0625,105713042.30729167,85424.47916666667,1.2262886663859267,1.0174021439807401,0.19260653724644275,0.3852130744928855,
tls-c16-p1048576-q8,tls,tls,16,1048576,8,17.83821783703752,384,0,pass,21.526814141864566,43.05362828372913,603.9399959845468,874.8947650310583,1021.3584229932167,594.453151748894,134.30408361903227,121572,82.98439284354777,1674046.875,90548809.16927083,108514290.33072917,167447.91666666666,1.1984065977927316,1.2421129981935732,0.1602841370254061,0.3205682740508122,
