{
  "mode": "tcp",
  "clients": 1,
  "payload_bytes": 1024,
  "pipeline": 1,
  "elapsed_s": 2.000374733004719,
  "operations": 6667,
  "errors": 0,
  "tx_mib_s": 3.254761260516602,
  "rx_mib_s": 3.254761260516602,
  "combined_mib_s": 6.509522521033204,
  "operations_s": 3332.8755307690003,
  "connect_mean_ms": 0.38181900163181126,
  "rtt_p50_ms": 0.27084199246019125,
  "rtt_p95_ms": 0.39208499947562814,
  "rtt_p99_ms": 0.44684100430458784,
  "client_cpu_percent": 29.737328220821745,
  "max_rss_kib": 20624,
  "error_details": []
}
