{
  "mode": "tcp",
  "clients": 1,
  "payload_bytes": 1024,
  "pipeline": 1,
  "elapsed_s": 2.0003323650016682,
  "operations": 6806,
  "errors": 0,
  "tx_mib_s": 3.322690014563883,
  "rx_mib_s": 3.322690014563883,
  "combined_mib_s": 6.645380029127766,
  "operations_s": 3402.4345749134163,
  "connect_mean_ms": 1.1171259975526482,
  "rtt_p50_ms": 0.26204800815321505,
  "rtt_p95_ms": 0.3950269892811775,
  "rtt_p99_ms": 0.4605389985954389,
  "client_cpu_percent": 29.24164055104474,
  "max_rss_kib": 20560,
  "error_details": []
}
