mode,clients,payload_bytes,pipeline,elapsed_s,operations,errors,combined_mib_s,operations_s,connect_mean_ms,rtt_p50_ms,rtt_p95_ms,rtt_p99_ms,client_cpu_percent,max_rss_kib
stcp,1,1024,1,2.0041051489970414,4818,0,4.69544038380887,2404.0654765101413,2.6864449901040643,0.39551100053358823,0.5172439996385947,0.6384890002664179,20.631502304503606,20220
tcp,1,1024,1,2.0003108810051344,7070,0,6.903223834417844,3534.450603221936,0.9406229946762323,0.25128900597337633,0.3886659978888929,0.4536890046438202,28.698339115745004,20456
tls,1,1024,1,2.0041540380043443,3162,0,3.0814903110689005,1577.723039267277,47.85490100039169,0.6042669992893934,0.7602219993714243,0.8555560052627698,38.86896841400927,24300
