{
  "tests": 3,
  "results": [
    {
      "mode": "stcp",
      "clients": 1,
      "payload_bytes": 1024,
      "pipeline": 1,
      "elapsed_s": 2.0041051489970414,
      "operations": 4818,
      "errors": 0,
      "tx_mib_s": 2.347720191904435,
      "rx_mib_s": 2.347720191904435,
      "combined_mib_s": 4.69544038380887,
      "operations_s": 2404.0654765101413,
      "connect_mean_ms": 2.6864449901040643,
      "rtt_p50_ms": 0.39551100053358823,
      "rtt_p95_ms": 0.5172439996385947,
      "rtt_p99_ms": 0.6384890002664179,
      "client_cpu_percent": 20.631502304503606,
      "max_rss_kib": 20220,
      "error_details": []
    },
    {
      "mode": "tcp",
      "clients": 1,
      "payload_bytes": 1024,
      "pipeline": 1,
      "elapsed_s": 2.0003108810051344,
      "operations": 7070,
      "errors": 0,
      "tx_mib_s": 3.451611917208922,
      "rx_mib_s": 3.451611917208922,
      "combined_mib_s": 6.903223834417844,
      "operations_s": 3534.450603221936,
      "connect_mean_ms": 0.9406229946762323,
      "rtt_p50_ms": 0.25128900597337633,
      "rtt_p95_ms": 0.3886659978888929,
      "rtt_p99_ms": 0.4536890046438202,
      "client_cpu_percent": 28.698339115745004,
      "max_rss_kib": 20456,
      "error_details": []
    },
    {
      "mode": "tls",
      "clients": 1,
      "payload_bytes": 1024,
      "pipeline": 1,
      "elapsed_s": 2.0041540380043443,
      "operations": 3162,
      "errors": 0,
      "tx_mib_s": 1.5407451555344502,
      "rx_mib_s": 1.5407451555344502,
      "combined_mib_s": 3.0814903110689005,
      "operations_s": 1577.723039267277,
      "connect_mean_ms": 47.85490100039169,
      "rtt_p50_ms": 0.6042669992893934,
      "rtt_p95_ms": 0.7602219993714243,
      "rtt_p99_ms": 0.8555560052627698,
      "client_cpu_percent": 38.86896841400927,
      "max_rss_kib": 24300,
      "error_details": []
    }
  ]
}
