{
  "mode": "tls",
  "clients": 1,
  "payload_bytes": 1024,
  "pipeline": 1,
  "elapsed_s": 2.0041540380043443,
  "operations": 3162,
  "errors": 0,
  "tx_mib_s": 1.5407451555344502,
  "rx_mib_s": 1.5407451555344502,
  "combined_mib_s": 3.0814903110689005,
  "operations_s": 1577.723039267277,
  "connect_mean_ms": 47.85490100039169,
  "rtt_p50_ms": 0.6042669992893934,
  "rtt_p95_ms": 0.7602219993714243,
  "rtt_p99_ms": 0.8555560052627698,
  "client_cpu_percent": 38.86896841400927,
  "max_rss_kib": 24300,
  "error_details": []
}
