{
  "mode": "tcp",
  "clients": 1,
  "payload_bytes": 1024,
  "pipeline": 1,
  "elapsed_s": 2.0004589650052367,
  "operations": 6400,
  "errors": 0,
  "tx_mib_s": 3.124283031710995,
  "rx_mib_s": 3.124283031710995,
  "combined_mib_s": 6.24856606342199,
  "operations_s": 3199.2658244720587,
  "connect_mean_ms": 0.5441449902718887,
  "rtt_p50_ms": 0.28698399546556175,
  "rtt_p95_ms": 0.3979640023317188,
  "rtt_p99_ms": 0.46640999789815396,
  "client_cpu_percent": 30.17407557762225,
  "max_rss_kib": 20364,
  "error_details": []
}
