{
  "bytes_received": 1654390784,
  "bytes_sent": 1655963648,
  "clients": 16,
  "connections_failed": 0,
  "connections_ok": 16,
  "duration_seconds": 25.311524953000117,
  "host": "127.0.0.1",
  "latency_ms": {
    "average": 48.87346310220251,
    "maximum": 194.946579,
    "p50": 44.70078,
    "p95": 86.185179,
    "p99": 139.539586,
    "samples": 6311
  },
  "mode": "throughput",
  "operations_per_second": 249.33306119321634,
  "payload_bytes": 262144,
  "port": 7780,
  "recvs_failed": 0,
  "recvs_ok": 6311,
  "report_interval_seconds": 5.0,
  "rx_mib_per_second": 62.333265298304084,
  "sends_failed": 0,
  "sends_ok": 6317,
  "server_accepts": 16,
  "server_errors": 0,
  "tx_mib_per_second": 62.39252684034018,
  "verify_failures": 0,
  "verify_payload": true
}
