{
  "bytes_received": 4927488,
  "bytes_sent": 5124096,
  "clients": 16,
  "connections_failed": 0,
  "connections_ok": 1251,
  "duration_seconds": 29.229960282999855,
  "host": "127.0.0.1",
  "latency_ms": {
    "average": 4.134971560266002,
    "maximum": 24.197281,
    "p50": 3.371268,
    "p95": 8.711132,
    "p99": 15.150089,
    "samples": 1203
  },
  "mode": "churn",
  "operations_per_second": 41.156402141937384,
  "payload_bytes": 4096,
  "port": 7782,
  "recvs_failed": 32,
  "recvs_ok": 1203,
  "report_interval_seconds": 5.0,
  "rx_mib_per_second": 0.1607671958669429,
  "sends_failed": 0,
  "sends_ok": 1251,
  "server_accepts": 1251,
  "server_errors": 9,
  "tx_mib_per_second": 0.16718184707360398,
  "verify_failures": 0,
  "verify_payload": true
}
