{
  "bytes_received": 1046740992,
  "bytes_sent": 1047789568,
  "clients": 4,
  "connections_failed": 0,
  "connections_ok": 4,
  "duration_seconds": 27.004517125000007,
  "host": "127.0.0.1",
  "latency_ms": {
    "average": 25.025755579013275,
    "maximum": 133.492241,
    "p50": 22.197169,
    "p95": 40.032937,
    "p99": 109.724008,
    "samples": 3993
  },
  "mode": "throughput",
  "operations_per_second": 147.864151079502,
  "payload_bytes": 262144,
  "port": 7780,
  "recvs_failed": 0,
  "recvs_ok": 3993,
  "report_interval_seconds": 5.0,
  "rx_mib_per_second": 36.9660377698755,
  "sends_failed": 0,
  "sends_ok": 3997,
  "server_accepts": 4,
  "server_errors": 0,
  "tx_mib_per_second": 37.003068611618424,
  "verify_failures": 0,
  "verify_payload": true
}
