{
  "bytes_received": 9699328,
  "bytes_sent": 9822208,
  "clients": 16,
  "connections_failed": 0,
  "connections_ok": 2399,
  "duration_seconds": 32.005784218999906,
  "host": "127.0.0.1",
  "latency_ms": {
    "average": 26.971258005489865,
    "maximum": 131.062264,
    "p50": 24.060538,
    "p95": 52.382004,
    "p99": 75.938155,
    "samples": 2368
  },
  "mode": "churn",
  "operations_per_second": 73.98662641093047,
  "payload_bytes": 4096,
  "port": 7782,
  "recvs_failed": 22,
  "recvs_ok": 2368,
  "report_interval_seconds": 5.0,
  "rx_mib_per_second": 0.28901025941769715,
  "sends_failed": 0,
  "sends_ok": 2399,
  "server_accepts": 2399,
  "server_errors": 28,
  "tx_mib_per_second": 0.29267170696099565,
  "verify_failures": 0,
  "verify_payload": true
}
