{
  "bytes_received": 2043904,
  "bytes_sent": 2240512,
  "clients": 16,
  "connections_failed": 0,
  "connections_ok": 547,
  "duration_seconds": 28.34078066500001,
  "host": "127.0.0.1",
  "latency_ms": {
    "average": 13.579882773547094,
    "maximum": 117.932764,
    "p50": 8.977749,
    "p95": 40.244894,
    "p99": 106.301843,
    "samples": 499
  },
  "mode": "churn",
  "operations_per_second": 17.607136722816165,
  "payload_bytes": 4096,
  "port": 7782,
  "recvs_failed": 32,
  "recvs_ok": 499,
  "report_interval_seconds": 5.0,
  "rx_mib_per_second": 0.06877787782350064,
  "sends_failed": 0,
  "sends_ok": 547,
  "server_accepts": 547,
  "server_errors": 10,
  "tx_mib_per_second": 0.07539378591073116,
  "verify_failures": 0,
  "verify_payload": true
}
