{
  "bytes_received": 1571028992,
  "bytes_sent": 1571553280,
  "clients": 4,
  "connections_failed": 0,
  "connections_ok": 4,
  "duration_seconds": 27.01356162900015,
  "host": "127.0.0.1",
  "latency_ms": {
    "average": 16.6804220845987,
    "maximum": 125.228951,
    "p50": 14.331478,
    "p95": 23.541622,
    "p99": 106.696455,
    "samples": 5993
  },
  "mode": "throughput",
  "operations_per_second": 221.851530809113,
  "payload_bytes": 262144,
  "port": 7780,
  "recvs_failed": 0,
  "recvs_ok": 5993,
  "report_interval_seconds": 5.0,
  "rx_mib_per_second": 55.46288270227825,
  "sends_failed": 0,
  "sends_ok": 5995,
  "server_accepts": 4,
  "server_errors": 0,
  "tx_mib_per_second": 55.481391923937615,
  "verify_failures": 0,
  "verify_payload": true
}
