{
  "bytes_received": 4050944,
  "bytes_sent": 4157440,
  "clients": 16,
  "connections_failed": 66148,
  "connections_ok": 1015,
  "duration_seconds": 30.164223196999956,
  "host": "127.0.0.1",
  "latency_ms": {
    "average": 5.6637331263902935,
    "maximum": 108.871005,
    "p50": 4.646392,
    "p95": 11.097745,
    "p99": 15.523667,
    "samples": 989
  },
  "mode": "churn",
  "operations_per_second": 32.78718611584743,
  "payload_bytes": 4096,
  "port": 7782,
  "recvs_failed": 26,
  "recvs_ok": 989,
  "report_interval_seconds": 5.0,
  "rx_mib_per_second": 0.12807494576502904,
  "sends_failed": 0,
  "sends_ok": 1015,
  "server_accepts": 1018,
  "server_errors": 38725,
  "tx_mib_per_second": 0.13144193119464556,
  "verify_failures": 0,
  "verify_payload": true
}
