{
  "bytes_received": 72089600,
  "bytes_sent": 72613888,
  "clients": 4,
  "connections_failed": 0,
  "connections_ok": 4,
  "duration_seconds": 2.420742293999865,
  "host": "127.0.0.1",
  "latency_ms": {
    "average": 20.52281860727273,
    "maximum": 113.898657,
    "p50": 18.741968,
    "p95": 33.540014,
    "p99": 108.966801,
    "samples": 275
  },
  "mode": "throughput",
  "operations_per_second": 113.60151829528671,
  "payload_bytes": 262144,
  "port": 7780,
  "recvs_failed": 0,
  "recvs_ok": 275,
  "report_interval_seconds": 5.0,
  "rx_mib_per_second": 28.400379573821677,
  "sends_failed": 0,
  "sends_ok": 277,
  "server_accepts": 4,
  "server_errors": 0,
  "tx_mib_per_second": 28.606927788904017,
  "verify_failures": 0,
  "verify_payload": true
}
