{
  "bytes_received": 1861484544,
  "bytes_sent": 1862270976,
  "clients": 8,
  "connections_failed": 0,
  "connections_ok": 59,
  "duration_seconds": 32.00252736399989,
  "host": "127.0.0.1",
  "latency_ms": {
    "average": 33.600556956062526,
    "maximum": 163.770027,
    "p50": 29.672494,
    "p95": 66.281676,
    "p99": 113.949604,
    "samples": 7101
  },
  "mode": "mixed",
  "operations_per_second": 221.88872520074833,
  "payload_bytes": 262144,
  "port": 7781,
  "recvs_failed": 0,
  "recvs_ok": 7101,
  "report_interval_seconds": 5.0,
  "rx_mib_per_second": 55.47218130018708,
  "sends_failed": 0,
  "sends_ok": 7104,
  "server_accepts": 59,
  "server_errors": 0,
  "tx_mib_per_second": 55.49561694923659,
  "verify_failures": 0,
  "verify_payload": true
}
