{
  "bytes_received": 1856765952,
  "bytes_sent": 1857814528,
  "clients": 8,
  "connections_failed": 0,
  "connections_ok": 59,
  "duration_seconds": 32.009066301000075,
  "host": "127.0.0.1",
  "latency_ms": {
    "average": 33.67449387971199,
    "maximum": 212.507195,
    "p50": 29.980044,
    "p95": 66.212013,
    "p99": 112.089428,
    "samples": 7083
  },
  "mode": "mixed",
  "operations_per_second": 221.28105622933157,
  "payload_bytes": 262144,
  "port": 7781,
  "recvs_failed": 0,
  "recvs_ok": 7083,
  "report_interval_seconds": 5.0,
  "rx_mib_per_second": 55.32026405733289,
  "sends_failed": 0,
  "sends_ok": 7087,
  "server_accepts": 59,
  "server_errors": 0,
  "tx_mib_per_second": 55.35150520603109,
  "verify_failures": 0,
  "verify_payload": true
}
