{
  "bytes_received": 1908670464,
  "bytes_sent": 1909456896,
  "clients": 8,
  "connections_failed": 0,
  "connections_ok": 63,
  "duration_seconds": 31.020274425000025,
  "host": "127.0.0.1",
  "latency_ms": {
    "average": 32.68125894574921,
    "maximum": 218.600498,
    "p50": 28.632165,
    "p95": 64.222716,
    "p99": 112.278535,
    "samples": 7281
  },
  "mode": "mixed",
  "operations_per_second": 234.71745930564876,
  "payload_bytes": 262144,
  "port": 7781,
  "recvs_failed": 0,
  "recvs_ok": 7281,
  "report_interval_seconds": 5.0,
  "rx_mib_per_second": 58.67936482641219,
  "sends_failed": 0,
  "sends_ok": 7284,
  "server_accepts": 63,
  "server_errors": 0,
  "tx_mib_per_second": 58.70354256222859,
  "verify_failures": 0,
  "verify_payload": true
}
