{
  "bytes_received": 2659188736,
  "bytes_sent": 2684354560,
  "clients": 8,
  "connections_failed": 0,
  "connections_ok": 8,
  "duration_seconds": 31.11145938699974,
  "host": "127.0.0.1",
  "latency_ms": {
    "average": 94.01572500749211,
    "maximum": 124.19246375,
    "p50": 94.44189375,
    "p95": 112.502902875,
    "p99": 117.045365125,
    "samples": 317
  },
  "mode": "throughput",
  "operations_per_second": 81.51337320613429,
  "payload_bytes": 1048576,
  "port": 7780,
  "recvs_failed": 0,
  "recvs_ok": 2536,
  "report_interval_seconds": 5.0,
  "rx_mib_per_second": 81.51337320613429,
  "sends_failed": 0,
  "sends_ok": 2560,
  "server_accepts": 8,
  "server_errors": 0,
  "tx_mib_per_second": 82.28479314183903,
  "verify_failures": 0,
  "verify_payload": false
}
