{
  "bytes_received": 5838471168,
  "bytes_sent": 5863636992,
  "clients": 8,
  "connections_failed": 0,
  "connections_ok": 8,
  "duration_seconds": 60.18056072699983,
  "host": "127.0.0.1",
  "latency_ms": {
    "average": 85.82461390014367,
    "maximum": 135.401402875,
    "p50": 85.9628095,
    "p95": 102.004994375,
    "p99": 115.799328125,
    "samples": 696
  },
  "mode": "throughput",
  "operations_per_second": 92.52157063239082,
  "payload_bytes": 1048576,
  "port": 7777,
  "recvs_failed": 0,
  "recvs_ok": 5568,
  "report_interval_seconds": 5.0,
  "rx_mib_per_second": 92.52157063239082,
  "sends_failed": 0,
  "sends_ok": 5592,
  "server_accepts": 8,
  "server_errors": 0,
  "tx_mib_per_second": 92.9203705058063,
  "verify_failures": 0,
  "verify_payload": false
}
