{
  "bytes_received": 3783262208,
  "bytes_sent": 3850371072,
  "clients": 8,
  "connections_failed": 0,
  "connections_ok": 8,
  "duration_seconds": 60.82303198200043,
  "host": "127.0.0.1",
  "latency_ms": {
    "average": 120.1389837951774,
    "maximum": 185.92910975,
    "p50": 118.9760015,
    "p95": 146.300429625,
    "p99": 162.907076,
    "samples": 451
  },
  "mode": "throughput",
  "operations_per_second": 59.319634066708936,
  "payload_bytes": 1048576,
  "port": 7777,
  "recvs_failed": 0,
  "recvs_ok": 3608,
  "report_interval_seconds": 5.0,
  "rx_mib_per_second": 59.319634066708936,
  "sends_failed": 0,
  "sends_ok": 3672,
  "server_accepts": 8,
  "server_errors": 0,
  "tx_mib_per_second": 60.371867043502,
  "verify_failures": 0,
  "verify_payload": true
}
