{
  "bytes_received": 8103395328,
  "bytes_sent": 8136949760,
  "clients": 8,
  "connections_failed": 0,
  "connections_ok": 8,
  "duration_seconds": 60.16320673300004,
  "host": "127.0.0.1",
  "latency_ms": {
    "average": 61.729870586568325,
    "maximum": 102.087330125,
    "p50": 61.00788325,
    "p95": 79.835978,
    "p99": 87.720123,
    "samples": 966
  },
  "mode": "throughput",
  "operations_per_second": 128.45059995382735,
  "payload_bytes": 1048576,
  "port": 7777,
  "recvs_failed": 0,
  "recvs_ok": 7728,
  "report_interval_seconds": 5.0,
  "rx_mib_per_second": 128.45059995382735,
  "sends_failed": 0,
  "sends_ok": 7760,
  "server_accepts": 8,
  "server_errors": 0,
  "tx_mib_per_second": 128.98248649607922,
  "verify_failures": 0,
  "verify_payload": false
}
