{
  "bytes_received": 3388145664,
  "bytes_sent": 3388342272,
  "clients": 4,
  "connections_failed": 0,
  "connections_ok": 4,
  "duration_seconds": 32.006337437000184,
  "host": "127.0.0.1",
  "latency_ms": {
    "average": 3.4735899256078455,
    "maximum": 383.565425,
    "p50": 1.945135,
    "p95": 3.264831,
    "p99": 103.855018,
    "samples": 34466
  },
  "mode": "throughput",
  "operations_per_second": 1076.849235494105,
  "payload_bytes": 98304,
  "port": 7777,
  "protocol": 254,
  "recvs_failed": 0,
  "recvs_ok": 34466,
  "report_interval_seconds": 5.0,
  "rx_mib_per_second": 100.95461582757234,
  "sends_failed": 0,
  "sends_ok": 34468,
  "server_accepts": 4,
  "server_errors": 0,
  "transport": "udp",
  "tx_mib_per_second": 100.96047404238274,
  "verify_failures": 0,
  "verify_payload": false
}
