{
  "bytes_received": 33865728,
  "bytes_sent": 33865728,
  "clients": 16,
  "connections_failed": 0,
  "connections_ok": 8268,
  "duration_seconds": 62.00527795400012,
  "host": "127.0.0.1",
  "latency_ms": {
    "average": 6.650190999274311,
    "maximum": 51.378261,
    "p50": 5.150702,
    "p95": 17.947679,
    "p99": 27.331045,
    "samples": 8268
  },
  "mode": "churn",
  "operations_per_second": 133.34348740656858,
  "payload_bytes": 4096,
  "port": 7777,
  "protocol": 253,
  "recvs_failed": 0,
  "recvs_ok": 8268,
  "report_interval_seconds": 5.0,
  "rx_mib_per_second": 0.5208729976819085,
  "sends_failed": 0,
  "sends_ok": 8268,
  "server_accepts": 8286,
  "server_errors": 0,
  "transport": "tcp",
  "tx_mib_per_second": 0.5208729976819085,
  "verify_failures": 0,
  "verify_payload": false
}
