{
  "bytes_received": 264740864,
  "bytes_sent": 264740864,
  "clients": 16,
  "connections_failed": 0,
  "connections_ok": 64634,
  "duration_seconds": 62.00739765400067,
  "host": "127.0.0.1",
  "latency_ms": {
    "average": 0.3613141457437262,
    "maximum": 20.377206,
    "p50": 0.233054,
    "p95": 1.083854,
    "p99": 1.887874,
    "samples": 64634
  },
  "mode": "churn",
  "operations_per_second": 1042.359499759298,
  "payload_bytes": 4096,
  "port": 7777,
  "protocol": 254,
  "recvs_failed": 0,
  "recvs_ok": 64634,
  "report_interval_seconds": 5.0,
  "rx_mib_per_second": 4.0717167959347575,
  "sends_failed": 0,
  "sends_ok": 64634,
  "server_accepts": 64635,
  "server_errors": 0,
  "transport": "udp",
  "tx_mib_per_second": 4.0717167959347575,
  "verify_failures": 0,
  "verify_payload": false
}
