{
  "bytes_received": 29261824,
  "bytes_sent": 29261824,
  "clients": 16,
  "connections_failed": 0,
  "connections_ok": 7144,
  "duration_seconds": 61.00496463299987,
  "host": "127.0.0.1",
  "latency_ms": {
    "average": 5.9764256054031355,
    "maximum": 57.565532,
    "p50": 4.628655,
    "p95": 16.516726,
    "p99": 25.577765,
    "samples": 7144
  },
  "mode": "churn",
  "operations_per_second": 117.10522320564615,
  "payload_bytes": 4096,
  "port": 7777,
  "protocol": 253,
  "recvs_failed": 0,
  "recvs_ok": 7144,
  "report_interval_seconds": 5.0,
  "rx_mib_per_second": 0.4574422781470553,
  "sends_failed": 0,
  "sends_ok": 7144,
  "server_accepts": 7192,
  "server_errors": 3,
  "transport": "tcp",
  "tx_mib_per_second": 0.4574422781470553,
  "verify_failures": 0,
  "verify_payload": false
}
