{
  "bytes_received": 7365230592,
  "bytes_sent": 7365279744,
  "clients": 4,
  "connections_failed": 0,
  "connections_ok": 4,
  "duration_seconds": 60.04749715399976,
  "host": "127.0.0.1",
  "latency_ms": {
    "average": 1.63554216266,
    "maximum": 15.161582,
    "p50": 1.473323,
    "p95": 2.730855,
    "p99": 3.911848,
    "samples": 100000
  },
  "mode": "throughput",
  "operations_per_second": 2495.4578808788665,
  "payload_bytes": 49152,
  "port": 7777,
  "protocol": 254,
  "recvs_failed": 0,
  "recvs_ok": 149846,
  "report_interval_seconds": 5.0,
  "rx_mib_per_second": 116.97458816619687,
  "sends_failed": 0,
  "sends_ok": 149847,
  "server_accepts": 4,
  "server_errors": 0,
  "transport": "udp",
  "tx_mib_per_second": 116.97536879823353,
  "verify_failures": 0,
  "verify_payload": false
}
