{
  "bytes_received": 2181169152,
  "bytes_sent": 2181758976,
  "clients": 4,
  "connections_failed": 0,
  "connections_ok": 4,
  "duration_seconds": 32.00182017399948,
  "host": "127.0.0.1",
  "latency_ms": {
    "average": 5.39856003042185,
    "maximum": 934.2371345,
    "p50": 1.3469805,
    "p95": 15.196413,
    "p99": 63.4557405,
    "samples": 11094
  },
  "mode": "throughput",
  "operations_per_second": 693.3355627698667,
  "payload_bytes": 98304,
  "port": 7777,
  "protocol": 254,
  "recvs_failed": 0,
  "recvs_ok": 22188,
  "report_interval_seconds": 5.0,
  "rx_mib_per_second": 65.000209009675,
  "sends_failed": 0,
  "sends_ok": 22194,
  "server_accepts": 4,
  "server_errors": 0,
  "transport": "udp",
  "tx_mib_per_second": 65.01778613488042,
  "verify_failures": 0,
  "verify_payload": false
}
