{
  "bytes_received": 4745854976,
  "bytes_sent": 4752146432,
  "clients": 4,
  "connections_failed": 0,
  "connections_ok": 4,
  "duration_seconds": 30.052293778000603,
  "host": "127.0.0.1",
  "latency_ms": {
    "average": 13.246112591581971,
    "maximum": 27.2990265,
    "p50": 13.0543395,
    "p95": 17.76446025,
    "p99": 20.768521,
    "samples": 2263
  },
  "mode": "throughput",
  "operations_per_second": 301.2082893528214,
  "payload_bytes": 524288,
  "port": 7777,
  "protocol": 254,
  "recvs_failed": 0,
  "recvs_ok": 9052,
  "report_interval_seconds": 5.0,
  "rx_mib_per_second": 150.6041446764107,
  "sends_failed": 0,
  "sends_ok": 9064,
  "server_accepts": 4,
  "server_errors": 0,
  "transport": "udp",
  "tx_mib_per_second": 150.80379665786418,
  "verify_failures": 0,
  "verify_payload": false
}
