{
  "bytes_received": 3283550208,
  "bytes_sent": 3283845120,
  "clients": 4,
  "connections_failed": 0,
  "connections_ok": 4,
  "duration_seconds": 32.00806022500001,
  "host": "127.0.0.1",
  "latency_ms": {
    "average": 3.5867070371235257,
    "maximum": 379.569357,
    "p50": 1.968925,
    "p95": 3.356972,
    "p99": 104.98049,
    "samples": 33402
  },
  "mode": "throughput",
  "operations_per_second": 1043.5496485948015,
  "payload_bytes": 98304,
  "port": 7777,
  "protocol": 254,
  "recvs_failed": 0,
  "recvs_ok": 33402,
  "report_interval_seconds": 5.0,
  "rx_mib_per_second": 97.83277955576264,
  "sends_failed": 0,
  "sends_ok": 33405,
  "server_accepts": 4,
  "server_errors": 0,
  "transport": "udp",
  "tx_mib_per_second": 97.8415664050132,
  "verify_failures": 0,
  "verify_payload": false
}
