{
  "bytes_received": 4531421184,
  "bytes_sent": 4534566912,
  "clients": 4,
  "connections_failed": 0,
  "connections_ok": 4,
  "duration_seconds": 30.044843955000033,
  "host": "127.0.0.1",
  "latency_ms": {
    "average": 5.201779578054495,
    "maximum": 15.303741,
    "p50": 5.05821825,
    "p95": 7.39971225,
    "p99": 8.795461,
    "samples": 5762
  },
  "mode": "throughput",
  "operations_per_second": 767.1199768759117,
  "payload_bytes": 196608,
  "port": 7777,
  "protocol": 254,
  "recvs_failed": 0,
  "recvs_ok": 23048,
  "report_interval_seconds": 5.0,
  "rx_mib_per_second": 143.83499566423345,
  "sends_failed": 0,
  "sends_ok": 23064,
  "server_accepts": 4,
  "server_errors": 0,
  "transport": "udp",
  "tx_mib_per_second": 143.9348464074922,
  "verify_failures": 0,
  "verify_payload": false
}
