{
  "bytes_received": 1410859008,
  "bytes_sent": 1412431872,
  "clients": 4,
  "connections_failed": 0,
  "connections_ok": 4,
  "duration_seconds": 30.04142752000007,
  "host": "127.0.0.1",
  "latency_ms": {
    "average": 8.345712584378484,
    "maximum": 455.459104,
    "p50": 1.1731345,
    "p95": 33.133015,
    "p99": 92.8701365,
    "samples": 3588
  },
  "mode": "throughput",
  "operations_per_second": 477.74028016628574,
  "payload_bytes": 98304,
  "port": 7777,
  "protocol": 254,
  "recvs_failed": 0,
  "recvs_ok": 14352,
  "report_interval_seconds": 5.0,
  "rx_mib_per_second": 44.788151265589285,
  "sends_failed": 0,
  "sends_ok": 14368,
  "server_accepts": 4,
  "server_errors": 0,
  "transport": "udp",
  "tx_mib_per_second": 44.83808231493777,
  "verify_failures": 0,
  "verify_payload": false
}
