{
  "bytes_received": 4777312256,
  "bytes_sent": 4794089472,
  "clients": 4,
  "connections_failed": 0,
  "connections_ok": 4,
  "duration_seconds": 30.058508316999905,
  "host": "127.0.0.1",
  "latency_ms": {
    "average": 26.277375151229148,
    "maximum": 57.4327795,
    "p50": 25.91890025,
    "p95": 34.31139425,
    "p99": 39.74174325,
    "samples": 1139
  },
  "mode": "throughput",
  "operations_per_second": 151.57106107701645,
  "payload_bytes": 1048576,
  "port": 7777,
  "protocol": 254,
  "recvs_failed": 0,
  "recvs_ok": 4556,
  "report_interval_seconds": 5.0,
  "rx_mib_per_second": 151.57106107701645,
  "sends_failed": 0,
  "sends_ok": 4572,
  "server_accepts": 4,
  "server_errors": 0,
  "transport": "udp",
  "tx_mib_per_second": 152.10335628712014,
  "verify_failures": 0,
  "verify_payload": false
}
