{
  "bytes_received": 4818206720,
  "bytes_sent": 4820303872,
  "clients": 4,
  "connections_failed": 0,
  "connections_ok": 4,
  "duration_seconds": 30.048137909000616,
  "host": "127.0.0.1",
  "latency_ms": {
    "average": 6.524794675952122,
    "maximum": 15.5397985,
    "p50": 6.39596325,
    "p95": 9.05016875,
    "p99": 10.78579525,
    "samples": 4595
  },
  "mode": "throughput",
  "operations_per_second": 611.6851585167432,
  "payload_bytes": 262144,
  "port": 7777,
  "protocol": 254,
  "recvs_failed": 0,
  "recvs_ok": 18380,
  "report_interval_seconds": 5.0,
  "rx_mib_per_second": 152.9212896291858,
  "sends_failed": 0,
  "sends_ok": 18388,
  "server_accepts": 4,
  "server_errors": 0,
  "transport": "udp",
  "tx_mib_per_second": 152.98784949409512,
  "verify_failures": 0,
  "verify_payload": false
}
