{
  "bytes_received": 4196007936,
  "bytes_sent": 4196401152,
  "clients": 4,
  "connections_failed": 0,
  "connections_ok": 4,
  "duration_seconds": 30.030349441,
  "host": "127.0.0.1",
  "latency_ms": {
    "average": 2.8059477050182737,
    "maximum": 31.640789,
    "p50": 2.627169,
    "p95": 4.208337,
    "p99": 5.338947,
    "samples": 42684
  },
  "mode": "throughput",
  "operations_per_second": 1421.3620818452468,
  "payload_bytes": 98304,
  "port": 7777,
  "protocol": 254,
  "recvs_failed": 0,
  "recvs_ok": 42684,
  "report_interval_seconds": 5.0,
  "rx_mib_per_second": 133.25269517299188,
  "sends_failed": 0,
  "sends_ok": 42688,
  "server_accepts": 4,
  "server_errors": 0,
  "transport": "udp",
  "tx_mib_per_second": 133.26518254017142,
  "verify_failures": 0,
  "verify_payload": false
}
