{
  "bytes_received": 4379836416,
  "bytes_sent": 4380426240,
  "clients": 4,
  "connections_failed": 0,
  "connections_ok": 4,
  "duration_seconds": 30.04055318599967,
  "host": "127.0.0.1",
  "latency_ms": {
    "average": 2.690452855725636,
    "maximum": 18.2315545,
    "p50": 2.5674425,
    "p95": 4.115041,
    "p99": 5.1230885,
    "samples": 22277
  },
  "mode": "throughput",
  "operations_per_second": 1483.1284804956351,
  "payload_bytes": 98304,
  "port": 7777,
  "protocol": 254,
  "recvs_failed": 0,
  "recvs_ok": 44554,
  "report_interval_seconds": 5.0,
  "rx_mib_per_second": 139.0432950464658,
  "sends_failed": 0,
  "sends_ok": 44560,
  "server_accepts": 4,
  "server_errors": 0,
  "transport": "udp",
  "tx_mib_per_second": 139.06201973493998,
  "verify_failures": 0,
  "verify_payload": false
}
