{
  "bytes_received": 4667080704,
  "bytes_sent": 4667473920,
  "clients": 4,
  "connections_failed": 0,
  "connections_ok": 4,
  "duration_seconds": 30.048982008000166,
  "host": "127.0.0.1",
  "latency_ms": {
    "average": 2.5259331466635775,
    "maximum": 8.859264,
    "p50": 2.42505975,
    "p95": 3.8162615,
    "p99": 4.64083225,
    "samples": 11869
  },
  "mode": "throughput",
  "operations_per_second": 1579.9536898574504,
  "payload_bytes": 98304,
  "port": 7777,
  "protocol": 254,
  "recvs_failed": 0,
  "recvs_ok": 47476,
  "report_interval_seconds": 5.0,
  "rx_mib_per_second": 148.12065842413597,
  "sends_failed": 0,
  "sends_ok": 47480,
  "server_accepts": 4,
  "server_errors": 0,
  "transport": "udp",
  "tx_mib_per_second": 148.1331380482344,
  "verify_failures": 0,
  "verify_payload": false
}
