{
  "mode": "tcp",
  "clients": 1,
  "payload_bytes": 1024,
  "pipeline": 1,
  "elapsed_s": 2.0002332930016564,
  "operations": 6251,
  "errors": 0,
  "tx_mib_s": 3.0518901014487536,
  "rx_mib_s": 3.0518901014487536,
  "combined_mib_s": 6.103780202897507,
  "operations_s": 3125.1354638835237,
  "connect_mean_ms": 0.3617839975049719,
  "rtt_p50_ms": 0.30555999546777457,
  "rtt_p95_ms": 0.406273000407964,
  "rtt_p99_ms": 0.47667400212958455,
  "client_cpu_percent": 29.388771902593923,
  "max_rss_kib": 20304,
  "error_details": []
}
