:020000024000BC
:10000000F8450220B9940400198C0400A59404005A
:10001000A5940400A5940400A5940400A5940400EC
:1000200000000000000000000000000055960400E1
:10003000A594040000000000E5950400A5940400C8
:10004000719804007198040071980400719804007C
:10005000719804007198040071980400719804006C
:10006000719804007198040071980400719804005C
:10007000719804007198040071980400719804004C
:10008000719804007198040071980400719804003C
:10009000719804007198040071980400719804002C
:1000A000719804007198040071980400719804001C
:1000B000719804007198040071980400719804000C
:1000C00071980400719804007198040071980400FC
:1000D00071980400719804007198040071980400EC
:1000E00071980400719804007198040071980400DC
:1000F00071980400719804007198040071980400CC
:1001000071980400719804007198040071980400BB
:1001100071980400719804007198040071980400AB
:10012000719804007198040071980400719804009B
:10013000719804007198040071980400719804008B
:0401400071980400AE
:1001480003685A004CBF43F0004323F000431844AF
:1001580070472DE9F0470646174641B301394FF07D
:100168000009884609EB080404EBD474641006EB14
:10017800C4054FEAC40A2846FFF7E2FFA14204D1AA
:10018800B84204D82846BDE8F087B84204D9A1454A
:100198000DD004F1FF38E5E70AF108003044FFF715
:1001A800CFFF0138B842EDD204F10109DAE70025A2
:1001B800E8E7012806D0022806D00028034818BF1F
:1001C800002070470248704702487047D50704006E
:1001D800D9070400DD0704001F4B37B504468D1E00
:1001E8004BB101A92846AFF3008048B90023092084
:1001F800236103B030BD1948194B1B1ADB1001935A
:1002080001992A46FFF7A5FF01460028EED0FFF71F
:1002180097FF4B68A064012B1AD0002B01F1040052
:1002280010DBFFF78DFF0023C4E913030368002BDD
:100238000ADAC3F30360FFF7BCFF03460028D5D0F2
:100248000020D5E70123EFE7FFF77AFF0346F7E73A
:1002580000230520CCE700BF000000006C790700F0
:10026800347A07000368DA0710B5044605D49B07FB
:1002780000F1480018D500F0F7FB2368590703D4AC
:1002880004F1D00000F0F8FB23681A0703D404F542
:10029800A87000F0F9FB2368DB0608D404F5E870C1
:1002A800BDE8104000F034BC00F0D6FBE5E710BD17
:1002B800092070470346006800B11844704770472A
:1002C80070B505460C46216C2846FFF785FF0646A3
:1002D80008B109F0FFFD236C2246294601206B6115
:1002E8002B6998470828EED00728F2D13046216CB0
:1002F800FFF7E5FF201D00F0A3FB2DE9F0470C1DDB
:10030800ADF5727DD0F80C900746D0F818A01646C7
:1003180003AD0DF108080FCC0FC50FCC0FC50FCCDE
:100328000FC594E80F0085E80F000025C8F80050B5
:100338000936D8F840103846FFF74EFF0446F6B2A3
:1003480068BBD8F840304FF4F07241467AA87B6118
:1003580036F0F0FF3B697AAA394630469847889BC1
:100368000546C8F844303A463B4631460120CDE9B7
:10037800008AC847C0B9C4B94FF4F0727AA9404698
:10038800264636F0D7FF082DD2D0072D0CD12046AF
:10039800D8F84010FFF793FF03A800F051FB46F090
:1003A8001006D8F83830DCE7092420460DF5727DB0
:1003B800BDE8F087406C7047F0B5CB6BF9B00D1D08
:1003C80006460B640F4601AC0FCD0FC40FCD0FC40A
:1003D8000FCD0FC495E80F0084E80F004FF0FF33EE
:1003E800009310993046FFF7F7FE78B933696A46EB
:1003F8003146984708280446F3D06846FFF732FF8D
:10040800062C03D139463046FFF75AFF092079B048
:10041800F0BD10B48261DA6BC16019461A6400221B
:1004280010BC6AE770B543690446C6680D460B649C
:1004380026B10122FFF761FF09F04CFD03690A4666
:10044800014602209847072805D00828F4D12946F4
:100458002046FFF735FF3046296CFFF730FF281D8F
:1004680000F0EEFAC26802B9A6E7CA6B0A64002275
:1004780043E77047836801460BB10120184770476E
:10048800012910B50446084605D005D9C81E01281B
:100498008CBF0220012010BD43B90F2A06D804EBF7
:1004A8008204029A184661681160F4E70220F2E7B4
:1004B8001FB503AB0A46009300231946FFF7E0FF78
:1004C800039805B05DF804FB012910B504460846F9
:1004D80005D005D9C81E01288CBF0220012010BDF7
:1004E80043B90F2A06D8029904EB82041846096812
:1004F8006160F4E70220F2E71FB503AB03920A46F6
:10050800009300231946FFF7DFFF05B05DF804FBF1
:10051800F0B5D36BADF50F7D141D064613640F4679
:1005280017AD0FCC0FC50FCC0FC50FCC0FC594E876
:100538000F0085E80F004FF0FF33169326996846A1
:10054800FFF74AFE90B90C2116A86A46FFF7D4FFB8
:10055800394616A8B04748B9049B16AA6946082028
:1005680098470528044602D00928E7D1092416A887
:10057800FFF778FE20460DF50F7DF0BD2DE9F04F11
:10058800CD6C87B017460C4655F8042B00F00309CC
:100598009A4604953BBB12028DF81530032303924B
:1005A800B9F1020F8DF81430236D08BFA56B13F055
:1005B800010322D100F0080800932B6843BB03A96C
:1005C800384600F04AFB002840F0FB80009BDBB176
:1005D8000F213846FFF76CFF0E2102463846FFF719
:1005E8008BFF794A55E0130C12048DF81530DBB2F5
:1005F800039205EB83050223D2E703A9384600F0EE
:100608002CFB002840F0DD80082007B0BDE8F08F03
:10061800BAF1020FA26C4FF00F01384607BFD5F8A8
:1006280004B005F10806B5F802B02E1D18BF2B88D6
:100638002BF0010501931544FFF73AFF019B854212
:1006480029D823F001022A44824294BF00220122C1
:100658004FEA4B0003F0010300F0020040EA0305F3
:10066800012D1AD0022D5ED0002D40F0AA80351D34
:10067800B9F1000FA1D0002A9FD03046FFF760FDE6
:10068800A56306462046AFF30080002800F0998055
:1006980032460F213FE00022DAE7B9F1000F26D1F8
:1006A800002A3DD073683268991C4FEAD27200F074
:1006B800888004F158010133029109D0301DFFF7F9
:1006C800F9FD02AB01462046AFF30080054638B37A
:1006D8000D213846FFF7ECFE022D029B206202D165
:1006E800E36204F12C030620C4E909368DE7256A84
:1006F8000D213846FFF7DCFE854211D1A36A9E42E0
:100708000ED13046FFF71CFD0F2102463846FFF791
:10071800F3FE224600213846FFF7EEFE072074E775
:1007280006F1080549E7356825F00045B9F1000FDD
:100738002AD1A2B1B8F1000F19D085B9CB4617E07C
:100748000BF1010B019B002206EB8B000293FFF7D4
:10075800B1FD02AB01462046AFF3008058B13368C3
:10076800002B00DA0436013506EB850525E7C3467C
:1007780004F158030193AB45E2D10D213846FFF748
:1007880097FE029B2062AEE7D4F820B00D213846D0
:10079800FFF78EFE8345E2D1A36A9E42DFD14FF078
:1007A800000B0423A562C4E90BB3F3186363336831
:1007B8005B4503DA681C06EB8000A3E7012300937E
:1007C800D1E7092021E700BF000000000023D5E69B
:1007D8000123D3E60223D1E62DE9F0410546C2B054
:1007E80014461E46042925D8DFE811F005001C0030
:1007F8002400D6000301EEB9836B92B201210430C4
:1008080001FA06F717421CBF53F8047B40F826701C
:100818000136102EF4D1A60400D4AB63002042B0F8
:10082800BDE8F081012E4FEA124794B204D13B197A
:10083800102B41D90220F2E7052EFBD107EB040863
:10084800B8F1200FF6D80F2F4DD9002CE6D0036849
:10085800A046580708D523F00403284640F8D03BA3
:1008680000F00EF90F2F48D9684600F009F9AB6B74
:10087800102F3A4642A94FEA480838BF10221C46B2
:1008880008F1FF3801EBC2024FEA8801A2F5C472F1
:10089800101F02EB880254F804CB40F804CF8242C0
:1008A800F9D10A1D012E134417D00F2FAB636FD94E
:1008B800684600F0E1F8B1E7102FBBD00368DA070B
:1008C80005D523F0030340F8483B00F0C9F820A8F9
:1008D80000F0C6F8AB6B002C3FD1043320A8AB6303
:1008E80000F0BAF89AE7B8F1100F03682DD9DC07C1
:1008F800A8F1100842D45807ADD420A8C7F11004B5
:1009080000F0B6F8684600F0BBF820AA6400AB6BAC
:1009180002EBC702013C101FA10002EB84021C4637
:1009280054F804CB40F804CF9042F9D10A1D13447F
:10093800B8F1000F9CD1012ECFD00F2FAB633FF63B
:100948006DAF20A800F090F868E7D9070DD420A86B
:1009580000F08EF8AB6B002CF3D0640020AA4FF0A7
:10096800000802EBC702013CD5E723F0010343F07E
:10097800020340F8483B00F07BF8E8E723F0010366
:1009880043F0020340F8483B00F072F82B68B2E7E6
:1009980020A800F069F88BE7032E7FF44BAF97B2DD
:1009A800160C07EB1244102C3FF644AF03681907E6
:1009B80006D523F00803036000F5A87000F086F858
:1009C80020A800F083F820ABAA6BF90003EBC6035C
:1009D80003EBC707D41ABB4203EB040005D10A4452
:1009E80020A8AA6300F050F818E7006843F8040B41
:1009F800F1E7002E7FF41EAF102A3FF61BAF036805
:100A0800DA0606D523F01003036000F5E87000F05D
:100A180089F820AE304600F085F8AB6B0022012142
:100A280001FA02F020421CBF53F8040B46F82200DA
:100A38000132042AF4D13046AB6300F069F8EDE6E0
:100A480000F1340191E838009C46A6464CF8045D54
:100A580090E8FF0FE54600BD90EC210B704700BF02
:100A680080EC210B704700BF90EC200B704700BF53
:100A780080EC200B704700BFD0EC200B704700BF04
:100A8800C0EC200B704700BFF0EC0201F0EC021143
:100A9800F0EC0221F0EC0231F0EC0241F0EC0251F2
:100AA800F0EC0261F0EC0271F0EC0281F0EC0291E2
:100AB800F0EC02A1F0EC02B1F0EC02C1F0EC02D1D2
:100AC800F0EC02E1F0EC02F1704700BFE0EC02014B
:100AD800E0EC0211E0EC0221E0EC0231E0EC024132
:100AE800E0EC0251E0EC0261E0EC0271E0EC028122
:100AF800E0EC0291E0EC02A1E0EC02B1E0EC02C112
:100B0800E0EC02D1E0EC02E1E0EC02F1704700BF5A
:100B1800B0FC0181B0FC0191B0FC01A1B0FC01B1B5
:100B2800704700BFA0FC0181A0FC0191A0FC01A1BD
:100B3800A0FC01B1704700BFEC4600B52DE900509C
:100B48002DE9FF1F4FF000032DE90C0001A9FFF765
:100B580033FCDDF840E012B0704700BFEC4600B54A
:100B68002DE900502DE9FF1F4FF000032DE90C007F
:100B780001A9FFF757FCDDF840E012B0704700BF4D
:100B8800EC4600B52DE900502DE9FF1F4FF000039A
:100B98002DE90C0001A9FFF765FCDDF840E012B073
:100BA800704700BFEC4600B52DE900502DE9FF1F46
:100BB8004FF000032DE90C0001ABFFF72AFCDDF82C
:100BC80040E012B0704700BFEC4600B52DE9005078
:100BD8002DE9FF1F4FF000032DE90C0001AAFFF7D4
:100BE80097FCDDF840E012B0704700BF10F8012B09
:100BF80011F8013B012A28BF9A42F7D0D01A704752
:100C0800034611F8012B03F8012B002AF9D170478C
:100C1800027A03467AB9427A82B1013A427242684C
:100C2800111D12680260032241601A721A68100EC0
:100C380012021A607047013AD2B2F6E7B020704744
:100C48001FB503AB0C22009300231946FFF718FCCD
:100C5800039805B05DF804FBF2E72DE9F04305467B
:100C680085B00E464FF000083046FFF7D1FFB02898
:100C7800044615D1B8F1000F0ED103AC43460E223D
:100C8800414628460094FFF7FBFB43460F224146A6
:100C980028460094FFF718FC002005B0BDE8F08353
:100CA80002061DD44FEA8009002303AF0D225FFA24
:100CB80089F9194628460097FFF7E2FB09F104096C
:100CC800039B14F0400F14BFA3EB09034B44039399
:100CD800002300970D2219462846FFF7F5FBC3E7C6
:100CE80000F0F003802B18D104023046FFF790FF84
:100CF8000443B4F5004F01D10920CEE724010023B5
:100D08002846A2B21946FFF767FD0028F4D114F46B
:100D1800004F18BF4FF00108A6E7902B0DD100F047
:100D28000D030D2BE8D003AF002300F00F02284677
:100D380019460097FFF7A4FBCAE7A02B13D1C343BA
:100D48004FF47F6203F007031A41030702F47F623E
:100D580001D542F48042002319462846FFF73CFD9E
:100D6800002881D0C8E7B02B46D1B12808D1304639
:100D7800FFF74EFF431E0246DBB20E2BEBD9BBE753
:100D8800B22820D1002303AC0D222846194600942E
:100D98000227FFF775FB3046FFF73AFF00F07F01A7
:100DA80010F08003039A01FA07F105D102F50172E8
:100DB80000940A4403928DE70A44304607370392A9
:100DC800FFF726FFEAE7B3280BD13046FFF720FFED
:100DD8000123020300F00F0002F4702201300243E5
:100DE800BAE700F0FC03B42B86D000F00702012319
:100DF800013242F40022AFE7C02B44D1C6280AD101
:100E08003046FFF705FF0323020300F00F0002F44A
:100E180070220130E3E7C7280BD13046FFF7F8FE10
:100E2800431E0246DBB20E2B3FF666AF00230421B9
:100E380093E700F0F803C02B06D100F00F0203235C
:100E4800013242F4202287E7C8280DD13046FFF747
:100E5800DFFE00F0F00200F00F0005231032013031
:100E680040EA0232012178E7C9287FF445AF3046CD
:100E7800FFF7CEFE0523020300F00F0002F47022F4
:100E880001300243EEE700F0F803D02B7FF434AFD3
:100E980000F007020523013242F40022E2E71FB501
:100EA80003460846DA6C53680832190202921B0E90
:100EB8000322019101A98DF80C208DF80D30FFF760
:100EC800CCFE05B05DF804FB08B5FFF7C5FE806CE5
:100ED80008BD08B5FFF7C0FEC06CC379023300EB4C
:100EE800830008BD000000002DE9F04705460F46C5
:100EF800164688B02AF0FCFF44014B01241A43EA45
:100F0800D06363EB0103A2009B00121843EA9473B9
:100F180041EB0303DB0043EA5273C2F31038012F9D
:100F280048EA43484FEAD33443D0766833782D2BC8
:100F380038D031462848FFF759FE002840D124A36D
:100F4800D3E90023404621462FF0E4FC06460C4630
:100F580010461946214A00232FF0DCFC80460F4634
:100F6800104619464EF6602200232FF0D3FC824625
:100F78008946104619464FF47A7200232FF0CAFCAE
:100F8800CDE902A9CDE90401CDE906232846324678
:100F98002346CDE90087124905F0D6FB002008B0AA
:100FA800BDE8F0877378702BC3D1B378002BC6D017
:100FB800BFE74246234628460A4905F0C5FBEDE748
:100FC80028463246084905F001FC6FF00400E6E7C0
:100FD800005C2605000000001892070080EE36002D
:100FE8003C9207000492070024920700704700BF54
:100FF8002DE9F0410546CAB02AF07AFF07468C462B
:101008004FEA47184FEA4C1EB8EB07084EEAD76E6E
:101018006EEB0C0E4FEA88044FEA8E0EE4194EEA86
:10102800987E4CEB0E0C4FEACC0C4CEA547CC4F383
:10103800103444EA4C440AAE02944FEADC34304699
:101048004FF480710B4B0C4A009503942FF01AFD56
:101058000023099306930923084A089004A908481D
:10106800CDE904230796ADF824501DF0A7FA4AB03D
:10107800BDE8F0817887070094870700B0870700EC
:1010880050060220002300B587B0DDF828C00BA861
:1010980003900590CDE900331846CDF808C002F05A
:1010A800DFFD07B05DF804FB30B5334D85B02B6824
:1010B80003F00703022B43D830481DF0B7FB2B6819
:1010C800044603F00703022B1DD8002815DB2B4824
:1010D8001DF05CFB2B68044603F00703022B3AD88B
:1010E800002C03DB0024204605B030BD14F10B0FA3
:1010F80008BF0024204605B030BD10F10B0FE6D024
:10110800204605B030BD00231D490322CDE9021059
:10111800CDE9003318461849FFF7B4FF002C26DB49
:101128002B6803F00703022BD1D9002315480322AB
:10113800CDE90130104918460093FFF7A3FFC6E731
:10114800002311480322CDE90130294618460093AF
:10115800FFF798FFB0E700230C480322CDE902040B
:10116800CDE9003318460449FFF78CFFB8E714F1BE
:101178000B0FB8D1D4E700BF44A9012050060220C4
:10118800D8870700F8870700BC870700148807007E
:1011980010B50A780846012A86B004D0032A2BD055
:1011A800A2B106B010BD00232449254C0A6823705B
:1011B80012F0060FF5D0C069224ACDE90033CDE917
:1011C800022002221846FFF75DFFEAE71B49C469BF
:1011D8000B6803F0070204BB4379F3B901241848EC
:1011E800022A0470DDD918480322CDE901300093A2
:1011F8001846FFF747FFD4E710490B6803F00703C9
:10120800022BCED9002384881048CDE90033CDE9DC
:1012180002041846FFF736FFC3E7002AC1D00023AF
:1012280041790B48CDE90341029001221846CDE9E6
:1012380000330249FFF726FFB3E700BF44A90120A6
:10124800A61302206C8807003488070088880700E6
:10125800448807002DE9F04FC24C91B0236803F091
:101268000703022B00F2D7820026BF4DBF4B45E98A
:10127800013601202A46BE4909F0D4FE012840F073
:10128800C28206462B1FDFF8EC82DFF8ECB2DFF8EB
:10129800D4A20F934FF0FF330025B84F58463B6058
:1012A80088F800501DF0FEF80F9B0B22CBF83C305D
:1012B800B34BCBE91055CBF85030B24BCBF830706C
:1012C800CBF83430B04BCBF83820CBF85430AF4B98
:1012D800CBF85C304FF48063CBF85830CBF86030F3
:1012E80004238BF8663001238BF82430236803F03D
:1012F8000703022B00F2378258461DF0EBF800284E
:10130800C0F220822AF0F4FD43F698224FEA401CEE
:101318004D01BCEB000C45EAD06565EB01054FEAD1
:101328008C073F184FEA850040EA9C7041EB0005A6
:10133800ED0045EA5775C7F3103747EA454798F86F
:101348000030BF184FEAD53545F1000583B133E0C9
:10135800FFF7AAFE0028C0F2118298F800305BBBA4
:101368004FF42470002129F053FE98F800301BBB7D
:101378002AF0BEFD4FEA401C4A01BCEB000C42EAD1
:10138800D06262EB01024FEA8C039200181842EA1D
:101398009C7241EB0201C90041EA5071C0F3103060
:1013A80040EA4140B8424FEAD131A941D0DB98F830
:1013B8000030002B00F02482236803F00703022B7F
:1013C80000F2FD8198F80020002A00F0AE80022B80
:1013D8004FF0000900F298803046FFF709FE731CB1
:1013E8000B932368054603F00703022B00F2D8800D
:1013F8000028C0F29680002B40F0FA802AF078FD91
:1014080046014D01361A45EAD06565EB0105B20083
:1014180010184FEA850242EA967241EB0201C900B0
:1014280041EA5071C0F3103040EA4140236810F59A
:10143800FA674FEAD13141F100065D070DD06EE140
:10144800FFF732FE236805465B073AD1002D49DBDA
:101458004FF42470002129F0DBFD98F80030002BB0
:1014680042D02AF045FD45014A012D1A42EAD062D0
:1014780062EB0102AB009200181842EA957241EB48
:101488000201C90041EA5071C0F3103040EA4140FE
:10149800B8424FEAD131B14126DA23685A07CFD092
:1014A80000233B4801225146CDE90190CDF8009038
:1014B8001846FFF7E7FDFFF7F7FD236805465B07CA
:1014C800C4D0002398F80000012204903148514606
:1014D800CDE90190CDF8009018460395FFF7D2FDAD
:1014E800002DB5DA88F80090236803F00703194641
:1014F800002B40F0898098F80020002A00F0FE8038
:10150800022B0B9E7FF668AF234B0322CDE9019394
:101518000023514618460396CDF80090FFF7B2FD18
:101528005AE7002B40F05D810B9E58461DF002F9EA
:10153800236813F0060F0CD0184B40F6B83202930C
:1015480000230392184602225146CDE90033FFF7E3
:1015580099FD00214FF4C03029F05AFD58461DF07E
:10156800E9F897E644A901204C0602200100498EBB
:10157800BC880700A61302205006022000A70120FD
:1015880099110400FC8807004802022048FE012047
:10159800508A07005C8A0700A48907000C8B0700A3
:1015A800B84B0390CDE901930023CDF8009098F84B
:1015B80000201846049251460322FFF763FD236872
:1015C800002D03F00703ACDB022B7FF614AFAE4B04
:1015D8000322CDE90193002351461846CDF8009027
:1015E800FFF750FD236803F00703002B3FF406AF15
:1015F800A64B0122CDE90193002351461846CDF8A8
:101608000090FFF73FFDF9E62AF072FC84460D468C
:101618009F4B4FEA4C1ECDE9019300230C95BEEB7E
:101628000C050D954FEA85050E950C9DCDE90676BE
:101638004FEA451E4EEADC6E6EEB050E0E9D4FEA34
:101648008E0E15EB0C0C0D9DCDF800904EEA957E94
:101658000C9D98F8002045EB0E05ED0045EA5C75F9
:10166800CCF3103C4CEA454CED0B51461846089219
:10167800CDF810C001220595FFF704FD236803F09B
:101688000703022B19467FF636AF98F800502AF068
:101698002FFC039584460D4603227E4BCDE9067642
:1016A800CDE9019300234FEA4C1E6F01BEEB0C0EEF
:1016B80047EADC6767EB05074FEA8E06BF0016EBC3
:1016C8000C0647EA9E7745EB0705954045EA5675AF
:1016D800C6F3103646EA4546ED0B51461846CDF896
:1016E800009004960595FFF7CDFC236898F8002034
:1016F80003F007031946002A7FF402AF02297FF698
:1017080013AF654B51460293002398F80020184602
:101718000392CDE900330322FFF7B4FC04E75F4BE3
:10172800CDE90401CDE901930023CDE90676CDF892
:10173800009098F800205146089218460122FFF7B9
:10174800A1FC8AE623685A073FF4F3AE544B039092
:101758000293002301221846CDE900335146FFF7D2
:1017680091FC2368E5E64F4B2846CDE90153032257
:101778002B4651460095FFF785FCBDE52368814659
:101788005B073FF4D2AE484B03900293002301223B
:1017980051461846CDE90033FFF774FC23685F070C
:1017A8003FF4C3AE414B0122029300235146184631
:1017B800CDE90033CDF80C90FFF764FCB5E63C4B5F
:1017C80003220293002351461846CDE90033FFF760
:1017D80059FC98F80030002B40D0236803F0070329
:1017E800F5E5344B51460293002301221846CDE912
:1017F80000330395FFF746FC216801F007017DE7F8
:101808006FF07309CAE7236859072CD16FF01500E8
:1018180011B0BDE8F08F0025274B03220293214623
:101828002B462846CDE90055FFF72CFC236803F02A
:101838000703022B7FF618AD44F68E161F4A204B7D
:101848000592204A0393CDE901522B4628460322EC
:10185800214600950496FFF715FC05E521680B96CF
:1018680001F007014AE76FF0150417493346CDE93F
:10187800016101223046154900960394FFF702FCE6
:10188800C4E700BFC0890700048A0700148A07005C
:101898007C8A0700AC8A0700E08A0700208A0700D4
:1018A80044890700088907005C89070070890700D8
:1018B80088890700EC8907009C880700B087070023
:1018C800BC880700CC880700E488070044A90120E9
:1018D800002300B587B0DDF828C00BA80390059059
:1018E800CDE900331846CDF808C002F0B9F907B0C1
:1018F8005DF804FBF0B50024076B8BB00994002F4A
:1019080077D0434B0893434E0120314609AA09F08A
:1019180089FB012869D1404D2A6802F00702022A92
:101928001ED8FD2201212D2009F0E8F9041E0FDB45
:10193800082208A909F086FA002826DB3C602B68F3
:1019480003F00703022B2FD8002528460BB0F0BD63
:1019580036F002F8314B1D586D4228460BB0F0BDE9
:1019680044F68E130493BDF82230204606935BBAE2
:101978009BB205932A4B0322029329462346CDE9BD
:1019880000440396FFF7A4FFCBE735F0E5FF234AB1
:101998002B6812585B07C2F1000515D1204609F0E3
:1019A800F5F928460BB0F0BD002344F68E101D4D06
:1019B800059003221846CDE90346CDE900331649C0
:1019C8000295FFF785FFBFE7002344F68E11CDE9A6
:1019D8000542154A0491CDE90132184601220E4903
:1019E80003960093FFF774FFD8E70B490B685A0773
:1019F80002D16FF01505A8E70C4A2346CDE9022667
:101A080020460122CDE90044FFF762FFF1E700BF5D
:101A18000100498EBC88070020A901200C000000A5
:101A28005C8B0700CC8B0700948B0700348B070076
:101A38002DE9F041076B82B03FB33868002824DBFA
:101A48001546CAB100240E46A04603E018D0A542A8
:101A580012D9386800232A1B3119CDE9008809F00A
:101A68004BFA00280444F1DA35F076FF084B185891
:101A7800404202B0BDE8F081002002B0BDE8F0812C
:101A88006FF0670002B0BDE8F0816FF07F00F0E70B
:101A98000C0000002DE9F043076B83B0A7B33B6847
:101AA800002B31DBCA6889463AB34FF00008464636
:101AB800D9F8083003EBC8014C6853F838501CB902
:101AC80017E01CD0241A12D0386800232946224671
:101AD800CDE9006609F010FA00280544F1DA35F07E
:101AE8003BFF0B4B1858404203B0BDE8F083D9F8D0
:101AF8000C2008F101084245DAD80020F4E76FF01D
:101B0800670003B0BDE8F0836FF07F00ECE700BF2B
:101B18000C0000002DE9F041076B88B0002F56D06B
:101B28003868002853DBDFF8AC801446D8F800206A
:101B380083F0010502F00702022A0E464FEA8515D6
:101B480014D82B46002522463146CDE9005509F028
:101B580035FAD8F80030044603F00703022B15D8ED
:101B6800002C2BDB204608B0BDE8F081CDE903034B
:101B78000023194A1846029241460322CDE905542A
:101B8800CDE90033FFF7A4FE3868DAE735F0E4FE64
:101B98000646DFF848E0DFF848C05EF806602B46E6
:101BA800CDE904463E6803222846CDE902C6CDE9C0
:101BB80000550849FFF78CFE002CD3DA35F0CCFE2F
:101BC800064B1C586442204608B0BDE8F0816FF00F
:101BD8007F04C7E720A901200C8C07000C00000037
:101BE800408C070010B5046B84B06CB120680028E5
:101BF8000ADB09F0CBF84FF0FF330B4923600B6881
:101C080003F00703022B02D8002004B010BD002304
:101C1800064803220290CDE900331846FFF758FE24
:101C2800002004B010BD00BF20A90120648C07006B
:101C380010B4836800EBC10CB3F5004F0CD3DCF88B
:101C48000C3099421ED0DCF80810043200EBC104B5
:101C580040F82230E3600BE0BCF80630994211D01E
:101C6800BCF80410043200EBC10440F82230E380D1
:101C7800826800EBC300B2F5004F2CBF8160818001
:101C880010BC704701210024C36802F1040C01FA5A
:101C980002F223EA0203C36040F82C4010BC7047EC
:101CA80070B48668541AB6F5004F00EBC1034FEACA
:101CB8004405A1EB02011FD35E685D6001EB56018C
:101CC80086684D00B6F5004F00EBC2032CBF5D607F
:101CD8005D808568B5F5004F2CBF40F8324020F88C
:101CE80032408468B4F5004F0CD370BC5B6802EBDB
:101CF800530340F833107047B3F802C05D8001EB1E
:101D08005C01DDE75B8870BC02EB530220F83210FF
:101D1800704700BF836810B5B3F5004F00EBC101F1
:101D280000EBC20C19D3DCF804304C685B0803EBF9
:101D380054035C004C608168B1F5004F06D3DCF8B1
:101D4800041002EB510240F8323010BDBCF802100A
:101D580002EB510220F8323010BD4B88BCF802E08B
:101D68005B0803EB5E034FEA430EA1F802E0E2E7EB
:101D7800836800EBC102B3F5004F0AD201235288F1
:101D8800DA400132D21AB2FA82F2C2F11F02FFF728
:101D98004FBF52685208012A01D00223F1E7704769
:101DA80030B4846800EBC102B4F5004F22D201259B
:101DB80053885B0801335B1BB3FA83F3C3F11F033A
:101DC80000EB830CDCF81050D5B901259D40C368A1
:101DD800B4F5004F43EA0503C360CCF810102CBFDC
:101DE800916091808368B3F5004F2CBFD160D1809A
:101DF80030BC704753685B08012BF9D00225D9E73E
:101E0800B4F5004F00EBC50C2BBFDCF80830BCF86C
:101E1800043093609380846800EBC303B4F5004FEB
:101E28002CBFD560D5808268B2F5004F2CBFD96031
:101E3800D9808368B3F5004F2CBFCCF80810ACF8F4
:101E4800041030BC704700BFF8B583680446B3F58A
:101E5800004F0D464FEAC10600EBC10714D379685D
:101E680005EB510100EBC1035B68D80736D5A159D2
:101E7800691A04EBC1035B68DB0714D529462046C1
:101E8800BDE8F840FFF78CBF798805EB510100EBFE
:101E9800C1035B88DA0721D5A15B691A04EBC1038A
:101EA8005B88DB07EAD42046FFF762FFA368204679
:101EB800B3F5004F2CBFA159A15B2A46691AFFF759
:101EC80029FFA3682046B3F5004F2CBFA359A35B95
:101ED800ED1A2946BDE8F840FFF762BF2046FFF734
:101EE80047FFA3682946B3F5004F2CBF7A687A8864
:101EF800204605EB5202FFF70DFFA368B3F5004F2C
:101F0800B5D2A15B691A04EBC1035B88C9E700BFBE
:101F18002DE9F0418668B6F5004F34BF0B4601F154
:101F2800FF33B3FA83F3C3F11F0200EB82073D6965
:101F3800A5B12C464FF0030CB6F5004F00EBC40ECC
:101F480017D3DEF80480B1EB580F21D9DEF80C4026
:101F5800BCF1010C3C6101D0A542EDD14FF0FF343A
:101F6800C268C3F120039C4014400AD12046BDE852
:101F7800F081BEF80280B1EB580F09D9BEF80640CF
:101F8800E6E794FAA4F2B2FA82F2131D50F823405D
:101F98002146FFF74DFE2046BDE8F081B9B308B5EC
:101FA80000688368B3F5004F18D20439091A21F084
:101FB800070202445388C90813F0010F2CD001EB23
:101FC800530C30F83CE0ACEB0E0C8C4520D123F0E0
:101FD80001035380BDE80840FFF736BF0839091AE6
:101FE80021F0070202445368C90813F0010F13D007
:101FF80001EB530C50F83CE0ACEB0E0C614507D1FB
:1020080023F001035360BDE80840FFF71DBF704788
:10201800B721034800F0E4FCAF21014800F0E0FCE0
:10202800A08C0700F8B50568002933D0AB6801F02B
:102038000704B3F5004F2CBF0822042207341444C8
:10204800E40804EBD1049C4228BF1C4628462146DC
:10205800FFF75EFFF0B1AB68C600B3F5004F05EBC4
:10206800C0070FD27B88B4EB530F15D343F001039D
:102078007B80AB68B3F5004F34BF042308231E44AC
:10208800A819F8BD7B68B4EB530F05D343F00103DF
:102098007B60EEE70020F8BD04440146224628464E
:1020A800FFF7FEFD2146FFF77BFEAB68B3F5004F57
:1020B80001D37B68EAE77B88D8E700BF1146FFF7C2
:1020C800B1BF00BFB2F5802FF8B568D2042A88BF27
:1020D80004237FD9D21ACC1D8D1824F0070425F0CB
:1020E80007052D1B172D4FEAD5076ED9B5F5802F9B
:1020F80038BF3A464FF0000328BF07F1FF32B2FA63
:1021080082F20460C4E902732CBF02230123C2F1E6
:102118002406B600073603EBD603BB42C2F1200201
:102128004FEAD6064CD80021920004F1100035F091
:102138000DF97300BA1BB5F5802F04EBC6014FEA01
:10214800420043F001032CD263800023238048809F
:10215800A368B3F5004F2CBF44F8366024F8366006
:10216800A1686319B1F5004F4FF000012CBF596009
:102178005980A368B3F5004F2CBF62516253A2681F
:1021880004EBC703B2F5004F10D35A68314642F04A
:1021980001025A602046BDE8F840FFF701BE082357
:1021A80098E76360002323604860D1E75A88314686
:1021B80042F001025A802046BDE8F840FFF7F0BD22
:1021C8004FF40E71064800F00BFC40F2232104483E
:1021D80000F006FC40F21A21014800F001FC00BFA3
:1021E800A08C07002DE9F04F8946C2F3C20191B0D7
:1021F80001310491840702F004011A9D059140F011
:1022080019820646041D002800F0E981B9F1070F7C
:1022180040F2568102F002024FF0FF380792002286
:1022280001279B46019203EB080A069202920EB11F
:10223800C4F800B0049B002B40F3B581079B13B38F
:102248000122A11B8B08B1F5007F80F0FD81029966
:102258000F2900F2FE81002E00F0E2810299DBB224
:102268004031694401F8203C01F8108C002A00F044
:10227800B08163F07F0301F8203C019B0133019397
:10228800029B013302939AF8012004340AF1010AEF
:10229800002A4ED04FF0040CC6F108030393002126
:1022A8004FF6DA706346002900F047817A2A3BD856
:1022B8004B2A40F20E814C3A2E2A35D8DFE812F02C
:1022C8003500340034003400340034003400340065
:1022D80034003400340034009F00340034003400EB
:1022E80034003400340034003400C40034009F004B
:1022F8009F00C400C400C40035009F0005013400DD
:1023080035003400DE009F00DE0034003400F500A4
:10231800F1009F00340034009F003400F100252AAA
:1023280040F0008108F1FF3800211AF8012F002A37
:10233800B9D1A11BB1F5806F5B46084680F08E814C
:10234800002E00F06781002535608D083570059DE9
:102358009DF81820002D40F001817270019AB2702A
:10236800002A00F00181029A002A00F0AB800DF1EA
:10237800200A514602EB0A05C6F1010711F8012BA4
:10238800100607D53819484502F07F0200F29880F8
:1023980004F8012B8D42F1D1029FC6F10108574480
:1023A800BB461F46CDF80880A046059C0CAD019B96
:1023B8001BB19AF90020002A16DB002C00F0E880F7
:1023C8002A7808F8012B0022029B03EB080111442C
:1023D800494575D840469AF80030394600F8013B1F
:1023E80002EB000834F0A6FF0AF1010ADA4505F10C
:1023F8000105DCD14446A01B11B0BDE8F08F1AF8E6
:10240800012C6C2A36D004EB0C02013AB2FBFCF228
:102418000CFB02FE002E00F0E08000210EEB030210
:10242800921B91454CD3042B00F0FF80082B40F001
:1024380006810EF10804073525F00705F5E80223A3
:10244800CEE90023082370E7073525F00705073490
:1024580024F00704F5E8022336B1DDF80CC0A444E3
:10246800CC452DD8C4E900234FF0080C0021634661
:1024780008345AE71AF8023C6C2B7BD0033424F05A
:10248800030E002E63D00EF10404A31B994517D345
:1024980000214FF0040C55F8043BCEF8003004231B
:1024A80043E74FF0040C63463FE7033424F003048A
:1024B800002E00F0A980231D9B1B994580F0A48065
:1024C8006FF01B0011B0BDE8F08F4FF0080C6346A9
:1024D8002BE7472A3FF628AF292A7FF620AF2A3A6A
:1024E800D2B207FA02F202427FF41FAF12F0625F23
:1024F800AAD112F001013FF418AF04EB0C02013A23
:10250800B2FBFCF20CFB02FE002E87D1042B21D07B
:10251800082B40F09480073525F0070508350EF1A3
:1025280008048FE73FF600AF202A3FF4FEAEA2F181
:102538002301B1FA81F14909F7E6252A7FF4F5AEBE
:102548004FF0040C0121634608F10108EDE631461D
:102558004FF0040C04350EF10404A0E7F270019A60
:10256800B270002A7FF4FFAE029A002A65D00DF1FE
:10257800200A11E7073424F0070E002E40D00EF190
:102588000804A31B4B459BD800214FF0080C52E7C9
:102598009AF8002056F8227046F82240384634F05F
:1025A80051FF421C10E7304B9B4503D32F4B9B45F3
:1025B800FFF444AE079AA11B8B08002A38D1029A6F
:1025C8000F2A46D88EB140326A4402F8203C02F8FD
:1025D800108C069B0133069352E6314696E709F0C4
:1025E80007094C44C9F1080914E6059B09F10209D9
:1025F800002B7FF445AE584634F024FF81443FE673
:1026080031464FF0080C86E7049B55F804BB013BA4
:1026180004930CE6A9F10800084411B0BDE8F08F56
:10262800002AE2D009F101092AE60EF1040432E792
:10263800002208E66FF00D0044E7084642E740F242
:10264800C6210B4800F0CCF94FF41F71084800F080
:10265800C7F940F28121064800F0C2F940F2D221C0
:10266800034800F0BDF900BF347A07007C43080036
:10267800C48C070053B32DE9F04799461C785D7860
:10268800DB78A40004EB430499F8023007461C44A5
:102698000E4690464C447DB14FF0000A14F8013BB9
:1026A8000AF1010A204649F8234034F0CBFE55458B
:1026B80000F101000444F1D141463846B446D9F846
:1026C800042009F10803BDE8F04760476FF01500E2
:1026D800704700BF38B5F8B10446EFF311852023E1
:1026E80083F31288BFF36F8F144829F057F800B3AB
:1026F800124829F079F8124B0FCB84E80F000F48E5
:1027080029F05AF880B185F31188BFF36F8F0D4B0C
:10271800A2689A4204D838BD6A210B4800F060F9D3
:102728007021094800F05CF94FF49A71074800F0ED
:1027380057F98821054800F053F900BFC006022068
:10274800A0EF0120FFC99A3B088D07002C8D0700D8
:10275800F0B5012805460C4685B005D0042839D0C7
:102768006FF0150005B0F0BD29F0C2FB2B4AC60B6F
:10277800C0F30E00A0FB0202C00B46EA414640EA45
:102788004240C90BA060266061606846FFF7A2FF5F
:10279800A068234B984236D8029F9F4238D82268B7
:1027A800009E63689219019E4FF00001734168BF53
:1027B8002946C4E9002309BB0744A760204600F066
:1027C800D9FAD8B1164BA2689A4214D96321154890
:1027D80000F006F929F08CFB104AC50BC0F30E0077
:1027E800A0FB0202C00B45EA414540EA4240C90B42
:1027F800A06025606160002005B0F0BD0A4B0FCBDA
:1028080084E80F00F7E740F2B911084800F0E8F84B
:102818004FF4DD71054800F0E3F800BF00CA9A3BA9
:10282800FFC99A3B088D0700F08307005C8D0700FD
:10283800012861D1F0B50C4685B0002964D03C4F21
:102848008B68BB4255D8064629F052FB03466D46B5
:10285800DFF8E0C0C3F30E02A2FB0C2CDB0B43EA4B
:102868004143D20B5B4242EA4C424FEAD13161EB21
:1028780041015242284602920093019100F07AFAEF
:102888000298B84245D8D4F808C0BC4537D8D4E92E
:102898000071009A019BD2194B414FF0000468BFA8
:1028A8003446CDE90023ECB1EFF31186202383F3FE
:1028B8001288BFF36F8F204828F070FF98B31F4C21
:1028C8001D4828F091FF95E80F0084E80F001A488A
:1028D80028F072FF10B386F31188BFF36F8F0020C2
:1028E80005B0F0BD00EB0C032846029300F042FA55
:1028F800DAE76FF01500F3E76FF0150070474FF453
:10290800DD710F4800F06CF840F27D110C4800F0C2
:1029180067F840F2B9110A4800F062F84FF49A716A
:10292800084800F05DF88821064800F059F800BF13
:10293800FFC99A3B00CA9A3BC0060220A0EF0120BB
:102948005C8D07002C8D070000207047014B1B6829
:10295800184700BF04A70120014B1860704700BF4B
:1029680004A701200FB44FF0020C002300B50A4958
:1029780087B008AA039152F8041B02A80293CDE974
:1029880004338DF80AC001922EF0A4FA07B05DF85E
:1029980004EB04B0704700BF5529040080B5054614
:1029A8000E4614461F4628F0B7FB034634F0D4FF02
:1029B800214604463A46074F30463B51A847064B46
:1029C8001B7813B1E05906F0EFFD40F24631034899
:1029D80000F006F808000000B0130220908D0700F0
:1029E800002383F31188BFF36F8F0423184602DF97
:1029F800704700BF38B50D4604462022002134F048
:102A0800A5FC0022EB68E361AB68A3612B68236235
:102A18006B68C4E909322A6923B1591E194208BFF3
:102A280042F0010222610122002104F12C0026F06B
:102A3800ABFC00B938BD2F210148FFF7D1FF00BF1B
:102A4800BC8D0700044608B5EFF31183202383F3F8
:102A58001288BFF36F8F1FF001FF204606F05EFD5E
:102A68000248FFF77FFF06F0D5FEFCE7E48D07007C
:102A780070B50C4604F00105014605EB5400984278
:102A880057D86608002D44D1002E41D0013A01EBF9
:102A9800460E1CE0ACF1570C5FFA8CF31B01DBB25D
:102AA80053704C78A4F1300C5FFA8CFCBCF1090F20
:102AB80007D9A4F1610CBCF1050F1CD8573C5FFA8B
:102AC80084FC02316344714502F8013F20D091F83B
:102AD80000C0ACF13003DBB2092BDFD9ACF16103E4
:102AE800052BD7D9ACF14103052B22D8ACF1370C13
:102AF8005FFA8CF3D2E7A4F14105052D19D8373CCC
:102B08005FFA84FC02316344714502F8013FDED16B
:102B180070BD0C78A4F13003DBB2092B05D9A4F100
:102B28006103052B07D8573CE3B202F8013B01319A
:102B3800AAE7002070BDA4F14103052BF9D8373C62
:102B4800E3B2F2E72DE9F04340F26C77D0E90412E2
:102B5800D71901F101014FEAE27242F1000202299C
:102B68008CBF00230123FF1AC46862F10002002A07
:102B780004F1FF34C0F2AB803B0D43EA0233C3F3E8
:102B88001303C7F313051D44D61705EB123506F0DA
:102B9800210C05EB12756A4B6544A3FB05C3DB08E2
:102BA80003EB830303EB830326F01706ED1A354482
:102BB800644E7B1B03FB06F662EBE572624D05FB78
:102BC8000266A3FB0535761900F1B580D0E9018EC0
:102BD8004FF03C0C02298CBF6FF00202092240F230
:102BE8006D154FEAE879CEFB0C894FEA091C4FEACC
:102BF800081EBEEB080E4CEA187C6CEB090C11445D
:102C08004FEA8C0C02684CEA9E7C50481B094FEA3C
:102C18008E0E43EA06731EEB020E4FEA261600FBE1
:102C280003704CEBE27CF700DA00D21847EA5377DE
:102C380046EB07073F0147EA12771201D21846EB25
:102C480007073F0147EA12771201D21A67EB060716
:102C58003B4E01EBC101A6FB0036830805FB0033A0
:102C680001EB01113A480231A0FB01012344A3EB17
:102C7800561303EB91039001B901801A41EA92615E
:102C880061EB070233491B1842F100025B1862F13D
:102C98000002D91842EB0200CB1842EB00021001E7
:102CA800190140EA1370CB1A60EB020001011A0106
:102CB80041EA1371D31A61EB0001C901D80110EB85
:102CC8000E0041EA53614CEB0101BDE8F0836FF45B
:102CD800C773FB1862F100024FEA135E4EEA023E28
:102CE800CEF31308C3F3130EC6440EEB123E4FEA9D
:102CF800E27808F021090EEB127E114DCE44A5FBB7
:102D08000E95ED0805EB850505EB850528F01708F8
:102D1800AEEB050545440B4E5B1B03FB06F6DFF8DF
:102D280028C062EBE5720CFB0266A3FB0C3C16EBB9
:102D38000C067FF54BAF0F3346F1000646E700BFA0
:102D48001F85EB51F5285C8F295C8FC270FEFFFF51
:102D5800CDCCCCCC9405F5FFD0B5FFF7F3FE0646F5
:102D680034F0FAFD00240346014A30469C50D0BD99
:102D78000C00000038B5002849D08368264A9342E1
:102D880003DC002B29DB012038BD2449446881FB82
:102D9800032102684FEAE37C012ACCEB217C74F121
:102DA80000014FEAEC7E07DB6FF00041D543091BB9
:102DB800654571EB0E0128DB12EB0C01184A4EEB4E
:102DC800040402FB0C33144AC0E9001493428360E4
:102DD800D9D9F0211348FFF703FE1349D21A520A32
:102DE800A1FB0212D0E90014002C4FEAD21206DB34
:102DF8000E4D891A05FB023364F10004E3E704F180
:102E08000045914275F10005F2DA002038BDC9216C
:102E18000448FFF7E5FD00BFFFC99A3BA12FB8445E
:102E2800003665C4108E0700834B040000CA9A3B25
:102E3800F8B500F0D7F8002301220A4C0A490B4FD5
:102E48000B4E0C4DC0E90434DFF82CC00260426020
:102E58003B6033602B608360C3600A60CCF800205D
:102E6800F8BD00BF4095070024A70120CC0602202A
:102E7800C8060220C406022020A701202DE9F04739
:102E880007468846164600F0ADF8C36804461BB9E5
:102E980043691A78002A38D100236268E360BA428D
:102EA80058F8223072DA591C616193F800A0BAF11F
:102EB8002D0F6BD19D1C656193F80190B9F12D0F11
:102EC800C4F8089035D0B9F1000F24D1344D5146DB
:102ED8003046656134F0E8FA00285DD0C4F808A0EF
:102EE8002D21304634F0E0FAE0B143783A2B2DD06A
:102EF800002323612B7813B963680133636020468C
:102F080000F050F8A068BDE8F0875D1C456193F8B3
:102F18000090C0F808904946304634F0C5FAB9F137
:102F28003A0FE1D12B7803B3204600F03BF83F205D
:102F3800E9E79B78002BD3D1194B01322046626018
:102F4800636100F02FF84FF0FF30DCE72A78636800
:102F58002AB901339F4263600BDD58F82350104AA9
:102F68000133C4E904526360C9E7636801336360ED
:102F7800DAE70B4B2046636135783A2D02D000F032
:102F880011F8D4E700F00EF82846BCE7044B2046B9
:102F9800636100F007F8D6E7204600F003F8D2E7AF
:102FA8004095070070B4D0F800C0094E094DC6F826
:102FB80000C04668084C2E6008498568084A2560A4
:102FC800D0E903430C60136070BC07F0C9BA00BFB6
:102FD80024A7012020A70120CC060220C806022031
:102FE800C40602200048704708A701202DE9F04FC9
:102FF8001446828B834612F0080C83B040F0498156
:1030080002F0070002290746CDF804C080B253D069
:10301800DBF81860002EC0F2DD80411F012940F264
:103028000081042840F04A8122F00702DBF80050B2
:1030380092B2ABF81C20002D00F0338142F0200240
:10304800ABF81C2057B30025DBF80870A846AA4641
:10305800002F50D1002D4FD1BAF1000F1ED02F46AE
:103068004AE0BAF1000F02D05846A649D047EFF31C
:103078001184202282F31288BFF36F8F484628F00C
:103088008DFB002800F01181484628F0ADFBBBF805
:103098001C2022F0080292B2ABF81C20D1064DD5B4
:1030A800012122F0100292B202F00700022907461D
:1030B800ABF81C2080B2ABD100285ED1DBF8001041
:1030C80000297AD0002F40F00381DBF81010D1F8E6
:1030D80000A0BAF1000F00F0F6803D464FF0060858
:1030E8003E4622F0070242F00602ABF81C20DBF84D
:1030F8000870002FAED0012742F008020BF1140926
:103108004846ABF81C2028F057FB002800F0D18077
:1031180084F31188BFF36F8FBFB9002DA1D0284663
:10312800314650F8047B00F0D3F9044618B3294619
:10313800334642465846A0473D46EEE793063CD5FF
:1031480022F02002022192B2AEE7DBF80810002933
:10315800E3D00C683346424658464F68B847002CBF
:10316800DBD0214624683346424658464F68B84764
:10317800002CF6D1D1E73D46CFE702281AD0012826
:103188001BD1DBF80010C1B1012F40F0B580DBF88E
:103198001010D1F808A0BAF1000F00F0A88000259F
:1031A80022F0070242F005024FF005082E46ABF860
:1031B8001C209CE7BBF81E5005B30BF1140028F047
:1031C800FBFA002875D084F31188BFF36F8F03B022
:1031D800BDE8F08F4FF00108019B22F0070242F092
:1031E8000102DBF80050CBF80430ABF81C20CBF818
:1031F8000030474527D04FF0000A78E7022F71D1F9
:10320800DBF81010D1F804A0BAF1000F65D022F055
:10321800070242F004024FF004082E46ABF81C20C7
:1032280065E7019B0628DBF80050CBF80430CBF8A3
:1032380000300FD04FF0000822F0070292B2474545
:10324800ABF81C20D7D1002D3FF428AF4FF0000A6F
:10325800574651E74DB12846BBF81E10013189B2D7
:10326800ABF81E1000680028F8D122F00701BBF85F
:103278001E0041F00202ABF81C2089B210B14FF0D9
:103288000208B6E741F022024FF00208ABF81C2012
:10329800AFE701290CBF42F0100242F020028283FE
:1032A8008BE7002F7FF4D0AEF8E688211648FFF7A9
:1032B80097FB4FF49A711448FFF792FB40F21B11E9
:1032C8001248FFF78DFB4FF4AD711048FFF788FBEC
:1032D8004FF4AB710D48FFF783FB40F261110B48C7
:1032E800FFF77EFB40F25D110848FFF779FB4FF4CA
:1032F800B4710648FFF774FB4FF4B2710348FFF747
:103308006FFB00BF193304002C8D0700448E0700A3
:10331800F8B504460D4600F11406EFF31187202393
:1033280083F31288BFF36F8F304628F037FA50B115
:10333800304628F059FAA5613A462046BDE8F840DB
:103348000121FFF753BE88210148FFF749FB00BF61
:103358002C8D070088B138B50C4659B10B684BB1B4
:103368004B683BB105462022002133F0EFFF2C616A
:10337800002038BD6FF0150038BD6FF0150070479C
:103388002DE9F84F002878D00D46002975D001F1B5
:10339800040A0446504600F085F8061E26D1AB689C
:1033A800032B6AD804F11409EFF3118B202383F35C
:1033B8001288BFF36F8F484628F0F0F9804600283E
:1033C80062D0484628F010FA4FF6FF72E38BA78BBD
:1033D800934207F007073ED0022F38D0062F47D870
:1033E800DFE807F00841464608190800DADA3046EF
:1033F800BDE8F88F00232B6063688BB31D606560A0
:10340800002F3DD13E4620465A460221FFF7EEFDE9
:103418003046BDE8F88F6FF085064FF00008484643
:1034280028F0CAF9A0B38BF31188BFF36F8FB8F1F6
:10343800000FDCD05046002100F04AF880460028F2
:10344800D5D03A46294620460023C047CFE7013366
:103458003E46E383E3E76FF00A064FF00008DEE735
:1034680025606560CCE76FF004064FF00008D6E7EA
:103478004FF4E4710948FFF7B3FA6FF01506B6E7A1
:103488003E464FF00008CAE788210548FFF7A8FA2A
:103498004FF49A710248FFF7A3FA00BF448E070061
:1034A8002C8D0700034640B1426802F00302022A4D
:1034B80006D0032A04D0012A05D06FF01500704702
:1034C8001A68002AF9D0002210469A60704700BF97
:1034D80008B54268034602F00302022A816007D059
:1034E800032A10D0012A0BD045210948FFF778FAA2
:1034F800006800225A6008B129F036F9002008BD9A
:1035080000224260FAE7006800225A6008BD00BF46
:103518006C8E070010B50446B1F800E08888AEEB61
:10352800000E20691FFA8EFE86451FFA80FC24BF14
:10353800AEEB0C0E1FFA8EFEACEB0E0C1FFA8CF0E5
:10354800984228BF18462368734413600B880344C5
:103558000B8010BD4B88B1F800C0ACEB030C1FFA10
:103568008CFC944515D34FF0000C00B51A4492B268
:1035780062F30F0C62F31F4CB1F804E0C1F800C00D
:10358800A2EB0E0302699BB2934205D200205DF8BC
:1035980004FB6FF0150070479644A1F804E0F5E7C6
:1035A8002DE9F041002705468846164607E04146C2
:1035B800224633F0BFFE361B2744A04435D0AA88E4
:1035C800AB892869D31A9BB2C31AB34228BF3346C2
:1035D800298984B2511A89B288429CBF091B89B2D1
:1035E800641AA4B29C4228BF1C462868224492B29E
:1035F8000844AA80002CDAD1EB88D21A92B29742FA
:1036080019D8002128893B449BB21A1A2C6992B216
:10361800A24263F30F0128BF001963F31F4128BFBB
:10362800288169603846BDE8F081AA88EB88D21AFB
:1036380092B29742E5D948210148FFF7D1F900BF76
:10364800948E07002DE9F0414FF0000805460F461B
:10365800164643890AE037B138462246614433F0BA
:1036680069FE6B892744361BA0441AD0EA88E98989
:10367800D21A92B2B24228BF32462869591A89B280
:10368800814284B224BF091B89B2641AA4B294424D
:1036980028BF144623449BB2D5F800C06B81002C88
:1036A800D9D1AA899B1A9BB2984515D80021E889D7
:1036B80002EB08039BB21A1A2C6992B2A24263F376
:1036C8000F0128BF001963F31F4128BFE881C5F81F
:1036D8000A104046BDE8F08163210148FFF780F9F0
:1036E800948E0700704700BF002070471FF094B801
:1036F8002DE9F04F4A4FDFF82CB183B0A7EB0B044C
:103708008F2CCDE9001000F2858047494FEA141844
:10371800D1E8EF4F601CC1E8E50F002DF8D1002C6F
:103728003AD1BB4571D837D2013FA7EB0B072646E4
:103738004FF0010A3F090BF1100508E0464564D037
:10374800B74206F1010205F1100523D0164615F817
:10375800042C002AF2D055F8102CA5F11009D268D3
:103768000AB14846904755F80C2C82F806A055F83F
:10377800102C126932B14846904718B10AFA06F27D
:103788001443DBE755F80C2C48461168042200F076
:10379800EBF9D3E7019B13B903B0BDE8F08F002C18
:1037A800FAD04FF00108274694FAA4F2B2FA82F24E
:1037B8000BEB021999F80C0008FA02F1CE4324EA3F
:1037C8000104150138B9002CEED1009BBBB9002FBC
:1037D800E2D03C46E7E75BF8052012691AB1484693
:1037E80090470028EFD10BEB0502516848460422A8
:1037F8000968374000F0B8F9002CD5D1E5E7002179
:103808004FF4A47027F004FCE1E74FF4AC710748CB
:10381800FFF7E6F84FF4A6710448FFF7E1F800BF98
:10382800B87F0700987F0700D8060220C08E0700DF
:10383800002108B50846FFF75BFF002008BD00BF60
:10384800014B53F820007047F08E070038B500246C
:1038580019481A4D1A4B1B491B4A05604FF4004082
:103868001C600C701460194D00F002FD00F0D4F8D3
:10387800174B9D421AD818D203F1FF3CACEB050C4C
:103888005B1B224629461C094FEA1C1C00E01A460D
:103898004B1B48681B1101339442037101F110015D
:1038A80004D0624502F10103F1D138BD40F227117D
:1038B8000848FFF795F800BF28A70120F53604004F
:1038C800D4060220A7130220D0060220987F070002
:1038D800B87F0700C08E07002DE9F041184F3C78EB
:1038E8000CB1BDE8F081174D174E21460120FFF7B6
:1038F800FFFEB5421FD81AD206F1FF38A8EB05081B
:10390800761B4FEA1818360908E0B44205F110058D
:1039180011D0444504F1010309D01C466B685B795A
:10392800002BF2D02B6828469B689847EDE70123C7
:103938003B70BDE8F08140F2C5110448FFF750F82C
:10394800A7130220987F0700B87F0700C08E0700E2
:10395800704700BF2DE9F047234B80461B68984706
:10396800224D234EC8F80800B54237D82BD2771E0F
:103978007F1B761B00243F09360908E0A64205F1A3
:1039880010052BD0A74204F101031CD01C466B681C
:103998005B79002BF2D098F800104B070DD4B8F8DB
:1039A80000A04046CAF3821AC1F3C20900F0FAF92E
:1039B800BAF1000F01D0002807DA2B6841462846E3
:1039C8001B689847DAE7BDE8F087024649460123B5
:1039D800284600F019F95045D0D3EEE74FF40071AE
:1039E8000448FEF7FDFF00BF28A70120987F0700C5
:1039F800B87F0700C08E070000207047044A054BB7
:103A08009B1AB1EBD30F34BF52F831000020704736
:103A1800E07E0700987F07000B4B0C48A3EB000CD7
:103A28005FEADC0C0FD00A4A02EB8C0C11680379B0
:103A380021F0070103F007030B4342F8043B9445C8
:103A480000F10800F2D17047987F0700E07E070078
:103A580004A90120F8B50A4D0A4EAD1BED080BD09C
:103A68000746002456F8340018B13946FDF7BEF869
:103A780020B10134AC42F5D14FF0FF342046F8BDF7
:103A8800987F0700E07E07002DE9F8432B4E2C4C69
:103A9800361BB2EBD60F4CD2002815461F462FDB3B
:103AA80004EBC2042479C0B200EB400204BBA44674
:103AB800072703230020234E07FA02F256F82510A1
:103AC80021EA020141EA0C0C2CFA03F101F007018A
:103AD800884203F1030338BF08461E2BF4D12CF0AB
:103AE800070C4CEA000046F825002046BDE8F8839C
:103AF8009C4228BF1C4604F0070C0CFA02FCD7E7CE
:103B0800114E124CA41B2409EFD006EB0419884669
:103B1800002473682A46187941463B46FFF7B4FFEC
:103B28001036844238BF0446B145F2D12046BDE87C
:103B3800F8834FF4DE710648FEF752FF987F0700BE
:103B4800E07E070004A90120987F0700B87F0700DE
:103B5800048F070018B140680079FFF795BF4FF050
:103B6800FF30FFF791BF00BF2DE9F0410F4B104E1A
:103B78000546F61A4368F6088846DA710CD01746E7
:103B88000024686822B201343B4600210079A4B2BF
:103B9800FFF77AFFB442F4D301226B68C3F80080C0
:103BA8006B685A71BDE8F041FFF7D2BEE07E0700AE
:103BB800987F070070B5D8B1436805465A7912B99D
:103BC80000225A7170BD0D4E0D4AB61AF608F7D08C
:103BD80000240023696822B201340879A4B2194686
:103BE800FFF752FFA642F4D800226B685A7170BDE5
:103BF80040F235110348FEF7F3FE00BF987F070037
:103C0800E07E07006C8F070008B5C8B1416891F8DD
:103C180004C00F490F48091AB2EBD10F13D21BB9D0
:103C280000EBC200007908BD0B4B5FFA8CFC53F81F
:103C380022000CEB4C0C20FA0CF000F0070008BD39
:103C48004FF0FF3CE5E74FF4D4710448FEF7C8FE97
:103C5800987F0700E07E070004A90120048F070071
:103C68002DE9F04F89B004AFD7F8408004468A4662
:103C780016469946BD6BD7F844B0B8F1000F45D049
:103C8800CDF800B0102143460020FA6BC7F80CB0FD
:103C9800FEF7A8FA011E66DBB1F5006F4CDA05F1F4
:103CA80017020A4422F00702ADEB020DCDF800B06E
:103CB8000DF1200B4346FA6B58467960C1F30A08A8
:103CC800FEF790FAC5F30B020028154604F0070426
:103CD80006F0070604AB41DBB9F1000F06D078689F
:103CE800494658443B6033F025FB3B68E40044EA0E
:103CF800861444EA482444EA05541846C3E9004AAD
:103D0800FFF728FE1437BD46BDE8F08F05F117030D
:103D180023F00703ADEB030D02F00706C5F30B0212
:103D2800154600F0070404AB0DF1200BC7F804801A
:103D3800B9F1000FD3D1D9E70D490B6813F0060F7D
:103D4800E0D0002340F2FF740A4802220290CDE935
:103D580000331846039400F011F8D3E74FF4C47108
:103D68000548FEF73DFE40F265110348FEF738FEB0
:103D780010A90120DC8F0700B08F0700002300B5D1
:103D880087B0DDF828C00BA80390059002221846DA
:103D9800CDE90033CDF808C0FFF762FF07B05DF842
:103DA80004FB00BF406820B1034BC01A40F38F00EA
:103DB80070474FF0FF30704704A9012002460B46B8
:103DC80000B583B08DF807200121D3E900320DF149
:103DD800070052689847002003B05DF804FB00BF55
:103DE80070B50A2805460C4682B00CD00DF10706BE
:103DF80062688DF807503046012123685268984759
:103E0800002002B070BD0D2163680DF107065A68E5
:103E180030468DF80710236801219847E8E700BF6E
:103E28000EB400B582B003AB53F8042B0146044826
:103E3800019306F021F802B05DF804EB03B0704777
:103E4800C53D04002DE9F04F89B09DF84C8004462B
:103E58001E46159FB8F1000F40F0DB80012E149B21
:103E680028D0002B00F0C080C346B3482246149BDC
:103E7800B249FEF7FFFB0028C0F2B281169B13BBC4
:103E8800B8F1000F40F09F80D4E900831D68A66850
:103E98005F6855B13B4647469846304629464246F4
:103EA800B8472D1A0644F8D1636800221A6009B091
:103EB800BDE8F08F002B00F09780C346EAE0169B20
:103EC800002B00F08380DA46179BDFF8749203F02A
:103ED8001003CDE905389B4E169D059B102D28BF74
:103EE80010253BB9179B990640F18E8020469649CC
:103EF800FFF796FFBAF1000FC8BF4FF0000807DDC3
:103F08003146204608F10108FFF78AFFD045F7D16E
:103F180020468E493A78FFF783FF4FF0010BDFF810
:103F280030820AE05D4511D8414620460BF1010B6D
:103F3800FFF776FFBBF1100F13D01BF0070FF1D17D
:103F480031462046FFF76CFF5D45EDD917F80B2089
:103F580020467E490BF1010BFFF762FFBBF1100F02
:103F6800EBD120467B49FFF75BFF4FF0000B3A4649
:103F7800DFF8E4811278414619F80230204613F040
:103F8800970F08BF2E220BF1010BFFF749FFBBF17A
:103F9800100F0DD01BF0070F2DD05D4531D83146DD
:103FA80020460BF1010BFFF73BFFBBF1100FF1D1DE
:103FB800169B2F445B1B16938ED1DDF81880B8F141
:103FC800000F3FF461AF179B03F00105002D63D18B
:103FD800179BDA063FF558AF9B0620464CBF5A4957
:103FE8005E49FFF71DFF4FE7169B002B3FF44CAFD0
:103FF8004FF0000A68E731462046FFF711FF5D459C
:10400800CDD907EB0B02B5E720465449FFF708FF67
:1040180070E7B8F1040F00F2E88092468946FFF78E
:10402800EBFC179A179B02F0010502F008020592B3
:10403800179A03F0020302F48072069202460028DF
:1040480030D0204646490793FFF7EAFE079B834690
:104058005BBB55B1434B204653F82820424B43499C
:10406800002A08BF1A46FFF7DBFE069B002B00F06C
:104078008D80059B002B40F0A080BAF1000F05D081
:10408800524620463A49FFF7CBFE8344149B002B47
:104098003FF415AF3748E9E62046334A3349FFF77E
:1040A800BFFE95E78346002BD3D0179B13F0440F30
:1040B80000F08D80304BD3F800E0BEF1000FC8D07F
:1040C8002E4B2F4A1B682046B9FBF3F3B3FBFEFCCB
:1040D800A2FB0C924FF47A790EFB1C3309FB03F315
:1040E80007934FF461634FEAD22903FB19C9254BA3
:1040F8002549A3FB09C3DDF81CC05B09BCFBFEFC1A
:10410800CDF804C0C3EB031CA9EB8C0CCDF800C0A0
:10411800DDF80490DDF81CC0D20A0EFB19CC4FF470
:104128007A7909FB0CFCBCFBFEFCCDF808C0FFF754
:1041380077FE83448DE700BFE93D0400819E0400BB
:104148006A420800CCF6070004F1070090900700C7
:104158009C900700A09007007CA207009890070099
:104168004C900700C490070014900700789007004F
:104178007C900700C53D0400E0060220DC06022012
:10418800C5B3A291898888885C900700059BABB964
:10419800DDF81490BAF1000F05D0524620461549B3
:1041A800FFF73EFE8144CEB1324620461249FFF762
:1041B80037FE00EB09039B4468E700260F4B2046B7
:1041C80053F828200E49FFF72BFE8146E2E74A46BE
:1041D80020460C49FFF724FE83443AE7CB4455E7D1
:1041E80040F2A7210848FEF7FBFB40F24D210648A4
:1041F800FEF7F6FB7C90070088900700D890070030
:1042080080900700509007001C9007002DE9F043AC
:104218000546087887B0C0F3C20908460E880C46E0
:104228008F689046FFF7BEFD011EC6F382161ADAA4
:104238000023002239462846678854F8105BC7F3E4
:104248000B17C5F34A2C944504EB0C0508BF14461C
:10425800CDE904780196039500920294FFF7F2FDE8
:1042680007B0BDE8F0834846FFF7C8FB0346E0E720
:104278000A4A904288BF012309D9400890424FEA70
:104288004303FAD8064A1360064B186070470122A8
:10429800034B1A60034B1860704700BF40420F0081
:1042A800DC060220E00602202DE9F041884659B1DB
:1042B800074E4518B768441E013D14F8011F3046E3
:1042C8007B689847AC42F8D14046BDE8F08100BF12
:1042D8005C7B070003465B6800201B685B6899618C
:1042E800704700BF01212DE9F04143681B685A68F7
:1042F8001177D3F80080D8E900731C68D8F8085003
:104308005E6844B1284621463246B847241A054417
:10431800F8D1D8F8043000221A60BDE8F08100BF57
:1043280070B543680C461D686B689869FFF788FA92
:10433800214603460F222868BDE87040184700BF91
:1043480010B543681C68064823F000FF18B12368BD
:104358005B685C6010BD99210248FEF741FB00BF15
:104368005C7B0700EC9007000346024A00201A60B5
:10437800704700BF8091070010B504461EF04CFA44
:1043880003490246204602F0DFF9002010BD00BFB5
:10439800AC91070030B515460346002483B0686821
:1043A8000A2101AA01941D4602F0A6FF019C9CB9AE
:1043B8004FF40045214640F2E73220EAE073C3FBA0
:1043C8000521002310464FF47A722CF0ADFA26F03E
:1043D8001FFE204603B030BD22462846034902F09E
:1043E800F5F9019C204603B030BD00BFDC91070001
:1043F80008B5034A034902F0A7F9002008BD00BF29
:10440800D4920700DC920700F0B51746002383B06A
:104418000A21044601AAB868019302F06DFF1A49FF
:104428000646204602F0C2F9019DE5B9F6B2042E0F
:104438000DD87868FFF70EFB021E1DDB33462946B0
:10444800284612B2FFF786FB284603B0F0BD0125C7
:10445800324620460D4902F0B9F9204602F042FBE7
:10446800284603B0F0BD2A462046094902F0AEF9B5
:10447800019D284603B0F0BD20467A68054902F040
:10448800A5F96FF01505DFE7089307009893070073
:1044980070930700B0930700012008B5FEF7D2FA21
:1044A800002008B5FEF7CEFA0B68834204BF01234B
:1044B8000B7170470246002300B583B06946054872
:1044C80000928DF8043027F037FA9DF8040003B005
:1044D8005DF804FBB144040010B504461EF072F9FF
:1044E80007490246204602F02FF92046054902F006
:1044F8002BF92146044827F023FA002010BD00BFFD
:1045080094940700B494070015450400F0B58FB0E3
:1045180004460E46D0F8AC7025F04AFD294B1B78AE
:10452800002B49D00546284B33F016FA002D08BF5A
:104538001D46DFF898E0DFF898C05EF80000254ACD
:104548002346844208BF624623493046009502F05C
:10455800FBF8D4E90A23CDE90023304694F90E305C
:10456800227B1E4902F0F0F806A92022204625F0F9
:1045780021FD636F02461A49304602F0E5F82046ED
:1045880005A925F061FE80B96425059B3046FC1A13
:10459800CDE9004705FB04F4B4FBF7F43A461149AA
:1045A800029402F0D1F80FB0F0BD02460E49304631
:1045B80002F0CAF80FB0F0BD40F246310B48FEF7E2
:1045C8000FFA00BFB0130220C094070008000000D3
:1045D80058AE0700CCF60700C4940700D094070033
:1045E800FC9407004495070014950700908D070078
:1045F80030B505464FF02033002291B029461948BE
:10460800CDE90E22CDE90933CDE90B330893ADF896
:1046180038300D9327F094F94FF40061124807AA37
:1046280025F000FEC8B94FF400614FF0640C044651
:1046380008AB0093079B2846CA1A03920CFB02F2A8
:10464800D20A02930491019105922346064A07492A
:1046580002F07AF8204611B030BD50210448FEF728
:10466800BFF900BF7D460400B82C0220E49507007E
:104678009C950700F0B5054689B00E46D0F8AC7099
:1046880007A925F0E1FDD0B9284625F091FC642161
:10469800079C034601943C1B029401FB04F4B4FB01
:1046A800F7F40A492A46002B08BF0B46304608494A
:1046B80003970097049402F047F809B0F0BD02464A
:1046C8000449304602F040F809B0F0BDC094070034
:1046D800309607001495070038B514460546102291
:1046E800606800212CF070FA0446FFF7E3FE90B1F1
:1046F800124B1B78E3B133F02FF9114B1B589C4236
:1047080011D0204625F0FAFE284622460D4902F02F
:104718001BF8002038BD224628460B4902F056F8FF
:104728006FF0150038BD2846084902F04FF8F7E742
:1047380040F246310648FEF753F900BFB013022095
:1047480008000000DC96070098960700B49607005A
:10475800908D070038B51446054610226068002180
:104768002CF032FA0446FFF7A5FE90B1124B1B78E5
:10477800E3B133F0F1F8114B1B589C4211D020469D
:1047880026F0FEF9284622460D4901F0DDFF0020FB
:1047980038BD224628460B4902F018F86FF015007C
:1047A80038BD2846084902F011F8F7E740F24631CB
:1047B8000648FEF715F900BFB013022008000000F4
:1047C800489707009896070020970700908D0700E4
:1047D80038B5144605461022606800212CF0F4F91B
:1047E8000446FFF767FE90B1124B1B78E3B133F034
:1047F800B3F8114B1B589C4211D0204604F0D4FE4C
:10480800284622460D4901F09FFF002038BD224668
:1048180028460B4901F0DAFF6FF0150038BD28462D
:10482800084901F0D3FFF7E740F246310648FEF7A2
:10483800D7F800BFB013022008000000B0970700A7
:104848009896070088970700908D070010B50C46CA
:10485800002102F0CFFC00B100680023024AC4E93D
:104868000233C4E9000210BDEC97070010B50C46EE
:10487800002102F0C3FC00B100680023024AC4E929
:104888000233C4E9000210BDEC97070070B5064674
:104898005068144602F0B6FCF0B1054623F056FC09
:1048A800A0B9284623F020FC054638B9304662688E
:1048B8000D4901F039FF0025284670BD034662689E
:1048C80030460A4901F082FF284670BD30466268CA
:1048D800074901F029FFEEE730466268054901F013
:1048E80075FF6FF01205E7E760980700309807003A
:1048F8000C980700F49707002DE9F04F91B0054692
:1049080003A88946019223F015FC039B082103EBB9
:1049180040182E4A284601F0F9FE039CA04535D9D7
:10492800DFF8ACA026680EB1337833B923463021BE
:10493800284A04A82CF0A6F804AEB9F1020F05D154
:10494800019B3046596832F000FEE0B13346082139
:104958002846214A01F0DAFE204623F0F7FB0646F6
:104968001E4B0821002E08BF534628461C4A01F05A
:10497800CDFEE3693BB1D3F800B0BBF1000F02D024
:10498800DBF8002032B92034A045CBD8002011B084
:10499800BDE8F08F134A0821284601F0B7FEDBF87E
:1049A80000206AB15F46002657F8043F08212846D0
:1049B8000D4A01F0ABFEDBF800300136B342F3D804
:1049C80008212846094A01F0A1FEDCE7989807006B
:1049D8008C980700A4980700AC98070084980700F3
:1049E800B4980700BC98070024E0070004F107000A
:1049F800F0B5137814463A2B06460D4683B015D108
:104A0800013401AF23783A2B28D101340A223946E0
:104A180020462CF063F8019A0346A24228601AD077
:104A28001078C0B93C2B2ED803B0F0BD01AF0A22D4
:104A3800394620462CF052F8019BA860A3420AD0C0
:104A48001A783A2A07D1172898BF5C1CDAD9304659
:104A58000F4901F0BBFE6FF01500E5E70A22394661
:104A680020462CF03BF8019B6860A342F3D01A78EB
:104A78003A2AF0D13B2898BF5C1CC7D93046054973
:104A880001F0A4FEE7E73046034901F09FFEE2E7A4
:104A9800B0990700C0990700D09907002DE9F041A7
:104AA8000D4694B006A9044601201646FDF750FEAF
:104AB8000BA906A82BF042FF032D31D0022D65D19A
:104AC800204672680BA9FFF793FF00285ED10BA858
:104AD800FEF742F9B1F1FF3F08BFB0F1FF3FCDE962
:104AE80006015FD000230893012006A9FDF7A0FE68
:104AF8000546002850D1DDE90F320B992046039175
:104B08000C99013302910D9902F26C7201910E9980
:104B180000912C4901F018FE284614B0BDE8F08138
:104B280075680A22284605A92BF0D8FF059B804600
:104B38009D422BD01A782D2A28D15D1C0A2228469E
:104B480005A92BF0CBFF059FBD421FD03A782D2A2F
:104B58001CD1451E0B2D2AD801370A22384605A933
:104B68002BF0BCFF059B9F4210D01B7873B9431EE6
:104B78001E2B21D8CDE90E05A8F26C732046B26829
:104B88000BA91093FFF734FF0028A0D0204601F0AE
:104B9800A9FF6FF01505BFE702460B49204601F053
:104BA80015FEF6E72046094901F010FEF1E7204618
:104BB800074901F00BFEE9E72046064901F006FE29
:104BC800E4E700BF449A07002C9A0700009A070000
:104BD800E0990700F099070010B5044692B004A9BF
:104BE8000120FDF7B5FD09A904A82BF0A7FEDDE912
:104BF8000D32DDE909010133CDE90210DDE90B01D0
:104C080002F26C72CDE900102046034901F09CFDC8
:104C1800002012B010BD00BF449A07002DE9F041F2
:104C280015460E4610220021044668682BF0CCFF7A
:104C3800022E07460DD820222046274901F084FD80
:104C48003A6800232046254901F07EFD0020BDE892
:104C5800F0810A220021A8682BF0B6FF80465FFA8F
:104C680088F8204642461C4901F06EFD032E24D0E8
:104C78001022E86800212CF00DF805460B46204666
:104C88002A46174901F060FDB8F1100F0DD0B8F1B0
:104C9800200F10D0B8F1080F0AD02046114901F0B2
:104CA80053FD6FF01500BDE8F081ADB23D80CDE752
:104CB800EDB23D70CAE73D60C8E7B8F1100F08D003
:104CC800B8F1200FBCD0B8F1080FE6D13A78D2B2CB
:104CD800B7E73A8892B2B4E7F49A0700249B070032
:104CE800389B07000C9B07002DE9F04F0023012596
:104CF8004FF0FF36554C87B0256082460D46144666
:104D080001934FF02008FEF793F8B146504F3A460A
:104D180021462846FEF7B2F8421C43D073282ED00D
:104D2800772819D0612804D06FF0150007B0BDE8C6
:104D3800F08FDFF820B11021DBF8000001AA02F0A3
:104D4800DBFA019B0646002BE1D05046DBF8002039
:104D5800414901F03BFDE7E7DFF8F8B00021DBF857
:104D6800000001AA02F0C8FA019B8046002BCED0B1
:104D78005046DBF80020394901F028FDD4E7DFF878
:104D8800D4B00021DBF8000001AA02F0B5FA019BBB
:104D98008146002BBBD05046DBF80020304901F09B
:104DA80015FDC1E7731C4CD0B9F1FF3F44D05FFA41
:104DB80088F4C8F3C408B9F1000F2ED0A8EB060593
:104DC800C84519D8B8F1100F16D8324602AB102CC6
:104DD80008D0202C26D0082C21D05046214901F09B
:104DE800B3FCA1E7118889B21970090A59704244C5
:104DF800511910294344EAD94F46102F28BF1027CC
:104E0800314650463B4602AA01F0F0FCB9EB0709CF
:104E1800A5F1100506F11006D2D1002086E7117819
:104E28001970E4E71168080C19709870C1F307212C
:104E3800000A5970D870DAE750460B4901F0C6FCF1
:104E480072E75046094901F0C1FC6DE720A701202F
:104E58008C9B0700C4060220509B0700789B070024
:104E6800649B07000C9B0700B49B0700949B0700FA
:104E78002DE9F04700239246384F394C394A012929
:104E880006462360DAF804003B7013603AD90C46F2
:104E980055464FF00108DFF8D09012E043782D2BEB
:104EA80015D18378002B0CBF0246421C13782D2B9A
:104EB80011D15378652B0ED1013C012C87F8008065
:104EC8001DD0AA4655F8040F03782D2BE6D00246CC
:104ED80013782D2BEDD013782D2B04D153782D2B4F
:104EE80001D193787BB313782D2B0BD153784BB129
:104EF80049463046013C01F027FC012CE1D1DAF8A3
:104F08000800AA46002211462BF05EFE0022014648
:104F1800164BDAF80400196011462BF055FE144CB4
:104F2800144B277818609FB901253046124925701F
:104F380001F00AFC3A4630461049257001F0FAFDA6
:104F48000020BDE8F087DAF808000AF1040AD9E77A
:104F580030460B4901F03AFCF2E700BFAA130220E1
:104F6800180702201C070220D09B070024070220F4
:104F7800A813022020070220249C07008D4F04005C
:104F8800E89B0700002A00F092800A442DE9F047C8
:104F980081464B4E4B4DDFF83081DFF830A14C1E77
:104FA800571E0DE009282B68327001D9052903D84E
:104FB80008F8032001332B60022B46D0BC4242D0B4
:104FC800337814F8012F182B22F02003A2F13000B7
:104FD800A3F14101E6D1112AE4D100233C4C3D4D17
:104FE800484622683C49337001F0AEFB2B7883F0C9
:104FF80001032B70002B3CD100224846114601F0DA
:1050080099FD364B1B78F3B92168042913DD344E1A
:105018004D1F3368AD08681C03EB80001A6812BA8C
:1050280043F8042B8342F9D1C5EB8575043901EBAC
:1050380085013360216011F0030221D1284B1A68E1
:1050480013681BBA1360BDE8F087102200214046A0
:105058002BF0BAFD4FF0000C1D49DAF800300A6851
:1050680003F8010B01320A60CAF80030C5F800C025
:10507800A4E748461B4901F067FB01232B70BBE7F7
:105088004B4203F0030358BF5A42022A10D0032AA6
:10509800D9D1134B186802681104C2F3074301F40D
:1050A8007F010B4302F47F4213430360CBE7704751
:1050B8000B4B1A6813885BBA9BB21360C3E700BF37
:1050C800A91302201807022014070220240702202F
:1050D8001C070220A8130220509C0700AA130220D4
:1050E80020070220249C070010B540681C46243085
:1050F800FEF7A8FA03462360002010BD2DE9F84307
:1051080046689946337BB3B190465AB10D46531E53
:105118004C1E1D44306814F8011F87687F68B84723
:10512800AC42F7D1C9F800800120D6E9013198478F
:105138000020BDE8F88306F11000FEF731FA0121DE
:1051480006F1B803C9F80000D3E8EF2FC3E8E01F61
:105158000028F9D1002AEBD1306883685B69002BFD
:10516800E6D098470020BDE8F88300BF10B582B0AC
:10517800094822F0EBFF58B10424084A01231268B9
:1051880005490748009401F00FFC002002B010BD4B
:105198006FF01200FAE700BF5C7B07006C9E070007
:1051A800B87F070003785B0701D5002070470368C4
:1051B8004288C3F34A2000EB1210173020F0070092
:1051C80080087047002310B5064C86B00BA8CDE9BF
:1051D8000240059002221846CDE90033FEF740FD53
:1051E80006B010BD1C9E0700F8B54027002408260D
:1051F8004568C5E90012AB604268D319536202F1F1
:105208003803C2E90A44C2E90434C2E9064415680D
:10521800576314631662C2F8B840AB6823B11B6CBD
:1052280013B1284604499847AB681B6A0BB1284656
:1052380098470020F8BD00BF455204002DE9F0470B
:1052480005460C4686B08368DA6B0AB19047AB68AE
:10525800DB6A1BB128469847002840D04FF0000869
:1052680004F1240604F12807218E238D626B5B1A52
:105278009BB2D31A934228BF13463946304605AA33
:10528800FEF748F98146B0B1AB6805991B69002B58
:105298006ED0024628469847824600284BD0524690
:1052A80039463046FEF756F900284BD1CA454FF02B
:1052B8000108D9D00FE033490B6813F0060F45D128
:1052C800AB681B6923B1012228460DF113019847E9
:1052D800B8F1000F03D0D4E9013100209847AB683A
:1052E800DB6913B12846984710B3618BE38A226AB9
:1052F8005B1A9BB2934204F1100604F11A0728BF07
:105308001346394605AA3046FEF704F9024630B37B
:10531800AB680599DB6873B3284698470246394657
:105328003046FEF717F948BBD4E901310120984708
:1053380006B0BDE8F087024639463046FEF70AF95E
:105348000028C5D06F211048FDF74AFB0F4B0222F9
:105358000293CDE900000346FFF734FFB0E7AB68DE
:105368009B690BB1284698470023C4F8B830DBE79F
:105378006FF0570A93E76FF05702D0E7BB21024856
:10538800FDF72EFB38A90120349E07001C9E07005C
:1053980010B5406850F8804B26F004FEA3689B695E
:1053A8000BB120469847A3685B6A0BB12046984723
:1053B800002010BD08B54368197309B9002008BD5D
:1053C800186883689B69002BF8D09847002008BDAF
:1053D8000EB400B582B003AA52F8041B019201F082
:1053E800E9FB02B05DF804EB03B0704738B504463A
:1053F800886800F5207024B9BDE83840012127F0FD
:10540800E3BA0D46082127F0DFFA012C0AD1AB6870
:1054180003F51F73D3E8EF1F41F00201C3E8E21F51
:10542800002AF7D138BD00BFF0B583680446D3F829
:105438007C220D46520783B031D4E068C36803B3B9
:10544800A26829460DF106035A3203F0ABF9002889
:1054580038D0204602F0FCF8A368D3F878329B06CF
:105468002BD4204602F086F9A268BDF80630204603
:10547800A2F85630A268A2F8543001F0BFFF03B07A
:10548800F0BD002DFBD0A66806F15A07384631F06A
:10549800D9FF83B21BBB86F85A31E068D0E703F521
:1054A8001F73D3E8EF1F21F00401C3E8E21F002AAD
:1054B800F7D1E06803F072F9BFE70D496069FFF7BB
:1054C80087FFCEE7A06800F5AD715A30FBF798FB6F
:1054D800A0685A3031F0B6FFADF80600B9E7421CB3
:1054E800394606F5AD7031F025FFE068A8E700BF42
:1054F800008407002DE9F04F0746A9B05422002187
:1055080013A831F023FF0023BA683846CDE90733E2
:1055180002F15A0802F0A4F8384601F057FF0028B3
:1055280000F041814FF00009BB683846C3F8189075
:10553800C3F81C90C3F82090C3F82490C3F82890AF
:1055480001F014FED7E90210B1F854205A3103F0E3
:1055580059F9384603F0C4F90899012900F0A481E3
:10556800CA463B46DDF81CB013AC4D464746CDF85D
:105578001090CDF80C90CDF814904FF0FF36A1465E
:1055880098465C46D346132C00F24081002E00F06A
:1055980042813A464946022308A801F0AFFB089920
:1055A800D9F80470002900F0EF80012900F0AF80DD
:1055B800079B002B7DD1BAF1000F00F0CB8009F1D9
:1055C8000409013E002D00F09580EB68BBF1000F47
:1055D80000F0A680002B40F0CC80079C6B68002B65
:1055E80000F0B680AE460DF1380C0593BEE80F000A
:1055F800ACE80F00DEF800300395CCF800300899CD
:10560800002E74D1022972D00129BCD15A464746CE
:10561800A346DDF81490BBF1130F03D908990229AA
:1056280000F05681049913AB03EB81044AB1384664
:1056380003F012FABA68142313A95A3207A801F022
:105648005DFB039B079D23B1039B5B7CFE2B00F056
:105658000481049BED1ABB685A6A002A00F0E080B6
:1056680093F82820002A00F0A3804FF6FF7193F8E2
:105678002900FF2818BF0146AA4203D80A44AA42B3
:1056880080F096809B69964A0121384602F094F989
:10569800B9683846183102F0FDFDB9683846914AB4
:1056A800183102F089FD6FF01504204629B0BDE8D5
:1056B800F08FD9F8000002F021FE002840F0D880D1
:1056C800079B002B3FF477AF29464046D9F80020C6
:1056D80003F028F9022800F0E08003283FF46BAFBC
:1056E800079C4FF0010B0134089907948CE70134AB
:1056F800079489E7079C3CB9D8F80830DB6A002B87
:1057080045D0DB68002B42D04FF0010A77E700282C
:105718003FF44EAF0346744A404602F04DF933E079
:10572800D8F80820079C002B3FF458AFAE4602F18A
:10573800180CBEE80F00ACE80F00DEF80030CCF81B
:105748000030AB6873B16B680494002B7FF44AAFE8
:10575800039554E70398D9F8001009AA01F05CFCF6
:1057680005462CE76B7CFE2BEDD12E7C0494013E84
:1057780034E7404601F074FF404601F03FFE012146
:1057880040465A4A02F018F96FF007048DE7584B63
:10579800012100934046139B564A02F00DF94FF041
:1057A800010A079C2BE754497869FFF711FEB9E60F
:1057B80003F51F73D3E8EF1F41F40061C3E8E21F4C
:1057C800002AF7D1B86800F5247023F0F1FDBB6812
:1057D8002246294638465B6A98470446B86800F569
:1057E80024704FF0FF334FF0FF3223F051FEBB68B7
:1057F80003F51F73D3E8EF1F21F40061C3E8E21F2C
:10580800002AF7D1204629B0BDE8F08F5A4647460E
:10581800DDF8149003E75A464746DDF8149001E78F
:10582800B9F1000FB0D0DA694A4509D003F118047C
:10583800CDF83C900EAD0FCD0FC42B682360BB682C
:10584800384603F1180102F025FDB9683846254AA3
:10585800183102F0B1FC012427E728AB03EB8503DC
:1058680053F8543C002B3FF4F4AE01350795F0E6AD
:10587800DDF814904746B9F1000F23D0D8F8084056
:10588800CDF83C9018340EAD0FCD0FC42B684046B0
:105898002360D8F808101831D5E75A464746DDF88E
:1058A8001490DDF81CB0B6E6079D132D06D8BB682A
:1058B8005A6A002A3FF468AF13ACD1E6CDF81090CD
:1058C80013ACC6E6012140460C4A02F075F85BE7C6
:1058D800012138460A4B0B4A02F06EF854E700BF24
:1058E800C89F0700289F0700149F0700589F0700BC
:1058F800909F0700889F070004F10700389F070062
:10590800A49F0700DCDC070038B500286ED00446E9
:105918008068002865D06368002B62D02368002B5C
:105928005FD0037D012B59D1D0F87C32590421D4A2
:105938004FF48042002300F5247023F0A9FD0546AA
:10594800002848D10821204601F0B2FF2A496069A1
:10595800FFF73EFD0222A3681A75A3689A6CA2B1EC
:10596800204602F083FAA06800F5247023F020FD99
:10597800284638BDD0F878325A07D9D4026D214666
:10598800E06902F01BFBA068D2E783F85A50A368CD
:10599800A3F85650A368A3F85450A368D3F87C32F0
:1059A800DB0403D4204602F049FAD9E7134B03215C
:1059B8002046134A02F000F8A36803F51F73D3E8E2
:1059C800EF1F21F48051C3E8E21F002AF7D12046D7
:1059D80002F034FAC4E76FF00F05C9E76FF08505E8
:1059E800C6E740F2A9510748FCF7FAFF4FF4B56142
:1059F8000448FCF7F5FF00BF04F107000CA00700FE
:105A080078900700E49F07002DE9F04FAFB0002819
:105A180000F0738483680446002B00F0698403F562
:105A28001F73D3E8EF1F41F00101C3E8E21F002A0A
:105A3800F7D1A3681A7D022A0CD003F51F73D3E8A7
:105A4800EF1F21F00101C3E8E21F002AF7D12FB0B0
:105A5800BDE8F08F00229D6C07926068DA6C0368DD
:105A68001F69002D40F0858007AB01220DF11B0155
:105A7800B847079B002B00F051839DF91B20A368B2
:105A8800002A1D469DF81B10C0F21E815A7D032A6C
:105A980067D8DFE802F0362B026600236B75A3682F
:105AA800D3F87822900740F10F8131391B295AD851
:105AB800DFE811F00E011A014001140159005900E4
:105AC8005900590059005900590059005900590006
:105AD80059005900370132013C012E0159001601C5
:105AE800590010015900590059001D015B2900F0A7
:105AF8009980D3F87822950700F1618300225A75BE
:105B080031E00D2900F091800A2900F02383B3F8D1
:105B18007C321B296FF3CA03A5F87C3200F200839C
:105B28001B2900F2D380DFE811F01E00D100D1005C
:105B3800D100D100D100D100D10011012901D1003B
:105B4800D100D100D100D100D100D100D100D100C5
:105B5800D100D100D100D100D100D100D100D100B5
:105B6800250100236B75606901F03CF8A3689D6C02
:105B780073E790463B464746984619AE07AB102256
:105B88003146C047079B002B00F0C882A36803F585
:105B98001F73D3E8EF1F41F40061C3E8E21F002A36
:105BA800F7D1A06800F5247023F002FC20463B469C
:105BB8003146079AA847A06800F524704FF0FF33D4
:105BC8004FF0FF3223F064FCA36803F51F73D3E89A
:105BD800EF1F21F40061C3E8E21F002AF7D1A36890
:105BE8009D6C2DB16068DF6C0368D3F81080C5E741
:105BF80002221A75A3689A6C002A7FF41EAF83F8F4
:105C08005A50A368A3F85650A368A3F85450A36841
:105C1800D3F87C32DF0400F1DD82204602F00EF971
:105C2800A3680AE702236B759DE7D3F87C32C3F3B8
:105C3800C703002B00F09A82D5F87C32C3F3C70360
:105C48000D2B00F09382804A4B1CDBB2D35C13F01F
:105C5800970F40F00C83D5F87832980783D501392F
:105C6800162980D801A353F821F000BFDD5C040099
:105C7800195D0400436004004D5D0400E95C040004
:105C8800355D04006F5B04006F5B04006F5B04000C
:105C98006F5B04001D610400016104006F5B040078
:105CA800215D04006F5B04002B5D04006F5B040042
:105CB8006F5B04006F5B0400E56004009F600400F4
:105CC8006F5B0400236004009D6CC6E6A568BAE714
:105CD80003225A75204601F0BBFC44E703225A759B
:105CE800204601F0BDFC3EE703225A75A368D3F8AD
:105CF800782203F51E73D20700F17F82D3E8EF1FE5
:105D080041F00101C3E8E21F002A3FF42CAFF5E798
:105D1800204601F0AFFC26E700212046FFF784FB70
:105D280021E701212046FFF77FFB1CE7204601F011
:105D3800ABFC18E703225A75A368D3F878329B079F
:105D48007FF511AF204602F009F80CE7A368D3F8F5
:105D5800782297077FF507AF03F51F73D3E8EF1F86
:105D680041F00401C3E8E21F002AF7D1204602F0FF
:105D780015F8F8E60122A3685A75F4E6A368D3F883
:105D8800782295077FF5EFAE03F51F73D3E8EF1F71
:105D980041F00401C3E8E21F002AF7D1A068B0F877
:105DA8005430FF2B3FF4DFAE0026B0F8562000F148
:105DB8005A0100F5AD7031F0BDFAA36819ADB3F81A
:105DC80056202946134483F85A61A268142302F521
:105DD800AD7209A800F092FF099914293FF6C3AEE5
:105DE8002EAA02EB8102A36842F8546CB3F856203D
:105DF800002A40F06D82002900F07482012900F029
:105E08007182013900200AAB00932A4608AB019041
:105E180001F026F9064600283FF4A5AE089B2EAAF5
:105E280002EB830353F854ACBAF1000F00F05E8222
:105E3800504631F007FB83B200279B46B8463D46E3
:105E4800B946029417E000BF6942080004685A4640
:105E58005146204631F035FB58B9204631F0F2FA68
:105E6800002F08BF4D46404538BF404601371FFA4E
:105E780080F809F101094946304614AA01F086F86C
:105E88000028E3D1012F029C00F03C827FF66BAE24
:105E9800089B2EAA02EB830353F854BCBBF1000FF6
:105EA80000F08A82584631F0CDFA83B2049308F1A3
:105EB800020800221FFA88F3AA46B8460293A3688C
:105EC8000595A3F84020A26851463046183201F0E3
:105ED8005DF8002800F0788205680AF1010ABBF134
:105EE800000F00F0ED81002D00F0ED8159462846A5
:105EF800049A31F0E6FA0028E5D1A268029BB2F8CC
:105F08003A90A9F1020999FBF3F91FFA89F9B9F155
:105F1800000F00F063822846039231F093FA039A47
:105F2800029BB2F84010B1FBF9FC09FB1C1C0131C3
:105F3800A3EB0009A2F840101FFA8CF21FFA89F9A6
:105F4800002A40F0A48106212046B44BB44A0095AB
:105F580001F032FD4946204601F01EFAB8F1010869
:105F6800B1D1B0496069059DFFF732FA204601F0CA
:105F780065FF089B2EAA02EB830353F8540C18B153
:105F880031F060FA1FFA80F8294630460FAA00F06F
:105F9800FDFF01358246002800F01B824FF6FF798D
:105FA800A068DAF80010FF2200F5AD7031F09BFA16
:105FB800DAF800B0CA462946304614AA013500F07E
:105FC800E5FFE8B10068A1680023013801F2591122
:105FD80003E042B1013353450AD011F801CF10F85C
:105FE800012F6245F5D0B8F1000F01D04345E2DB3F
:105FF8004B45A8BF4B46013F012F1FFA83F9DAD161
:10600800B9F1000F3FF4AFADA9EB080220460BEB46
:10601800080192B201F0D6FEA5E5204601F006FD82
:10602800A36803F51F73D3E8EF1F41F00401C3E829
:10603800E21F002A3FF497ADF5E7204601F010FB78
:10604800204601F0C3F9002800F0DF81A36803F5BA
:106058001F73D3E8EF1F41F00401C3E8E21F002AD1
:10606800F7D10222A3681A75A268936C002B7FF4FB
:106078007AAD82F85A30A268A2F85630A268A2F81F
:106088005430A368D3F87C32DA0400F1AB8120469F
:1060980001F0D4FE67E5204601F0DAFA0023A26891
:1060A80082F85A30A268A2F85630A268A2F8543092
:1060B800A36803F51F73D3E8EF1F41F00401C3E899
:1060C800E21F002AF7D1A368D3F878329E067FF53D
:1060D8004AAD55496069FFF77BF944E5E069836893
:1060E8001B79012B00F09681022B7FF43CAD2146F1
:1060F8002A6D01F063FF36E5D5F878329B0600F18A
:106108008D81D5F878329F06C1D548496069FFF777
:106118005FF9BCE7204601F0C3FA24E5A3688CE4E4
:106128007F297FF4D3ADA368D3F8782296077FF54B
:106138001AAD03F51F73D3E8EF1F41F00401C3E85C
:10614800E21F002AF7D1A368D3F878321D077FF53C
:10615800F9AD0BE6D3F87C32C3F3C70333B1D5F8F6
:106168007C32C3F3C7030A2B7FF46DADB5F87C32DC
:1061780061F3CA03A5F87C32A568B5F85430002B42
:1061880045D105F51F75D5E8EF3F23F00403C5E8B1
:10619800E23F002AF7D1E06802F000FB214960697C
:1061A800FFF716F90222A3681A75A3689D6C002DE3
:1061B80042D06068D3F84C8003681F69DAE462292A
:1061C8004ED066297FF49AAC0121204601F0F8F9F7
:1061D800A36893E4164B03212046164A01F0ECFB12
:1061E800A36803F51F73D3E8EF1F21F48051C3E8B8
:1061F800E21F002A3FF411ADF5E7D3E8EF1F21F0C5
:106208000101C3E8E21F002A3FF4ADACF5E72046E0
:10621800FFF770F9C5F8AC02C4E700BF50A007004B
:1062280054A0070004F10700008407001084070049
:106238000CA007007890070083F85A50A368A3F8C9
:106248005650A368A3F85450A368D3F87C32DE04F0
:1062580024D4204601F0F2FDA3689D6CFFF7FDBB36
:106268004FF0FF31204601F0ABF9A36846E405F58D
:106278001F75D5E8EF3F43F00403C5E8E23F002A65
:10628800F7D120469DF81B1001F0F6FC6BE42B4675
:1062980006212046644A01F08FFB5BE6634B03212D
:1062A8002046614A01F088FBA36803F51F73D3E811
:1062B800EF1F21F48051C3E8E21F002AC9D0F6E796
:1062C800002D7FF41AAE0022A368A3F8402045E60B
:1062D80041B1134493F85930554AD35C18073FF538
:1062E80091AD8BE500231E46089397E55346A3E539
:1062F80040F2E7514F48FCF773FB40F2E6514D4836
:10630800FCF76EFB089B2EAA02EB830353F8540C90
:1063180000284FD031F096F887B2A2682946304657
:10632800183200F033FE002849D00568A5B3284686
:1063380031F088F883B29F4205D0DB1B2046E9196B
:106348009AB201F03FFDA3683949B3F856201A44C0
:1063580092F85A208A5C110726D4D3F87822D207FB
:106368001CD503F51E73D3E8EF1F21F00101C3E824
:10637800E21F002AF7D12021204601F07DFCA36806
:1063880003F51E73D3E8EF1F41F00101C3E8E21FD4
:10639800002A3FF4E8ABF5E72B46CCE7202120465E
:1063A80001F06AFCFFF7DFBB0121204601F0B2F8DB
:1063B800FFF7D9BB0746B0E7CDF810B077E54FF443
:1063C800B6711C48FCF70CFB40F2B5111948FCF7F4
:1063D80007FB40F2D1111748FCF702FB952115483D
:1063E800FCF7FEFA114B032120460F4A01F0E4FAAC
:1063F800A36803F51F73D3E8EF1F21F48051C3E8A6
:10640800E21F002A3FF443AEF5E70B496069FEF747
:10641800DFFF1BE601F0FCFDFFF7A5BB074960693C
:10642800FEF7D6FFA5686CE6789007000CA0070079
:106438006A420800E49F070004F107000884070087
:106448002DE9D0438368044682B003F51F7391B1E8
:10645800D3E8EF0F40F48040C3E8E10F0029F7D1FB
:10646800A36800211A65606803689B68984758B15B
:1064780002B0BDE8D083D3E8EF0F20F48040C3E832
:10648800E10F0029ECD0F6E72046FFF73DFA002897
:10649800EED14FF0FF384FF0FF3900260027A068F3
:1064A80000F5207000220721CDE9008926F094FA32
:1064B800A06800F524704FF0FF324FF0FF3322F050
:1064C800E7FFA06800F5207000220421CDE90067ED
:1064D80026F082FA0246A06800F52070002A2AD029
:1064E800042126F075FAA368002B66D06268002A9A
:1064F80063D0D3F87C22D2075CD4E06901F088FD30
:10650800606803685B689847064600284CD0A36813
:106518005A6C1AB1314620469047A3680022C3F846
:10652800A8222B4B1B78002B4CD031F015FA294BA5
:10653800185803F039F80121CDE9006726F04CFA24
:1065480040BBA06800F5207000220221CDE9006759
:1065580026F042FA50B9606803685B6903B198474E
:10656800A06800F5247022F023FF98E7A06800F5E2
:106578002070022126F02CFA204601F05FFCA36867
:10658800B3F85430002BE6D000214FF4F67024F015
:106598003FFDE0E7A06800F52070012126F018FA19
:1065A8002046FFF731FACCE7E06802F067F9A36804
:1065B8001E75ACE76FF00F06AAE740F20E510648C9
:1065C800FCF70EFA40F246310448FCF709FA00BF1E
:1065D800B013022008000000E49F0700908D070018
:1065E8002DE9F04100287AD00446884616461F4611
:1065F80023F0C6FC002868D1A568002D60D0D5F826
:106608007C321B0514D56369002B63D0002E6BD038
:106618002B7DA068022B1CD000F51F70D0E8EF3F3F
:1066280043F48053C0E8E23F002AF7D1BDE8F08187
:10663800324B1B78002B5CD031F08EF9304BD5F8FB
:10664800A8221B589A42DED140F211612D48FCF76E
:10665800C7F94FF48042002300F5247022F018FF98
:106668000028E3D1A368D3F87C22100501D49A6CE2
:10667800B2B13B4632464146204601F075F9A3685F
:10668800D3F87C22120501D49A6C8AB1606900F0B3
:10669800A9FAA06800F52470BDE8F04122F088BE90
:1066A800D3F878329906E4D5204601F011F8E0E7EE
:1066B800D3F878329B06E9D5204601F0BFFBE5E721
:1066C8004FF4C2610F48FCF78BF940F20F610D4897
:1066D800FCF786F940F213610A48FCF781F940F2A9
:1066E8000E610848FCF77CF940F214610548FCF794
:1066F80077F940F246310448FCF772F9B0130220EA
:1067080008000000E49F0700908D07000CB400B556
:1067180083B004AB53F8042B0193FFF761FF03B078
:106728005DF804EB02B070470EB400B582B003AB5D
:1067380053F8042B02210193FFF752FF02B05DF8D2
:1067480004EB03B0704700BF0EB400B582B003ABD2
:1067580053F8042B08210193FFF742FF02B05DF8BC
:1067680004EB03B0704700BF10B504460A49FFF7B1
:10677800EBFF20460949FFF7E7FF20460849FFF7E6
:10678800E3FF20460749FFF7DFFF20460021064ABE
:1067980001F012FD002010BD5CA007009CA00700BE
:1067A800FCA0070050A10700ECA107000EB400B53B
:1067B80082B003AB53F8042B03210193FFF710FFBA
:1067C80002B05DF804EB03B0704700BF0EB400B52B
:1067D80082B003AB53F8042B01210193FFF700FFAC
:1067E80002B05DF804EB03B0704700BFF8B50028AD
:1067F80064D01E4617460A4633490546FFF7A4FFEC
:10680800002E41D028463A783049FFF79DFF0124F1
:1068180007E03A5D28462D490134FFF795FF102C13
:106828000AD062073AD0A642F3D828462849FFF78B
:106838008BFF0134102CF4D128462649FFF784FF3A
:10684800002E35D000242346FA5C234B28469B5C57
:10685800224913F0970F08BF2E220134FFF774FF67
:10686800102C0BD063071ED0A6422346ECD828462E
:106878001B490134FFF768FF102CF3D12846BDE807
:10688800F8401849FFF760BF28461149FFF75CFF39
:1068980028460F490124FFF757FFCAE72846104941
:1068A800FFF752FFBFE728460D49FFF74DFFDBE72B
:1068B80028460B49FFF748FF0124D5E740F26561F8
:1068C8000948FCF78DF800BF04A207009090070064
:1068D8009C900700A09007006A4208007CA207006D
:1068E800CCF607000CA20700E49F07002DE9F04151
:1068F800A0B1154682B1074688460E46102D2C4693
:1069080028BF10243246A6EB080138462346FFF775
:106918006DFF2D1B2644F1D1BDE8F08140F28E6158
:106928000148FCF75DF800BFE49F07002DE9F0413E
:1069380098B30D4659B30446084630F083FDA36862
:10694800074603F524731FFA80F84FF4804218466F
:10695800002322F09DFD0646E0B908F10103142B3F
:10696800A06810D8B8F1000F0DD02946FAF748F9F9
:10697800A36883F83C70A06800F5247022F018FD25
:106988003046BDE8F08100F5247022F011FD6FF06B
:106998001506F5E76FF00F06F2E74FF4D4610148EA
:1069A800FCF71EF8E49F07002DE9F04F8BB0CDE906
:1069B8000813002800F086800446806800287CD0F0
:1069C8006368002B79D02368002B76D0D0F8A88292
:1069D800B8F1000F6ED11646227CB146013A012A61
:1069E800C6F34005C6F3C007C6F3001BC6F3401A3A
:1069F8006DD84FF42C72414630F0A8FCA06800F521
:106A0800207025F0D1FFA06800F5247001221146FE
:106A180022F0BAFCA269C2F80080A26802F51F72CF
:106A2800D2E8EF3F43F00203C2E8E13F0029F7D183
:106A380050201821A2686D005087A26845EAC70552
:106A4800118745EA0B15216845EA4A15204626F0C4
:106A58003E06FFF76BFF2E43A36866F30709C3F8EA
:106A680078926068089903681B4A1D682346A847FE
:106A78000546D8B90122A3681A75D4E90A0100228B
:106A88000023CDE90623149A099B02920E22019352
:106A98000392124B4FF400620495009423F088FB94
:106AA800A368C3F8A802616A23F070FA28460BB0FD
:106AB800BDE8F08F6FF07705F8E74FF4AF6108484D
:106AC800FBF78EFF40F277510548FBF789FF4FF43B
:106AD8009B610348FBF784FFF553040049640400F5
:106AE800E49F070010B50446806800F524704FF451
:106AF8008042002322F0CCFC00B110BDA1682046E2
:106B0800183101F0C7FBA1682046054A183101F089
:106B180053FBA06800F52470BDE8104022F048BC83
:106B2800289F070018B18368D3F8AC0270476FF04C
:106B38001500704708B578B1836899648368DA648A
:106B480001B108BD836883F85A108368A3F856100A
:106B58008368A3F8541008BD40F22E710148FBF772
:106B68003FFF00BFE49F070038B5CB680C461B7C8D
:106B78000546022B0ED0236922681B68D55422696A
:106B88001368013313602269636812689A4207D058
:106B9800002038BD0A28EED10D20FFF7E5FFEAE70F
:106BA800A368E068216898470022236900201A60DA
:106BB80038BD00BF10B50446134609480A462146A9
:106BC80003F05AF923691A7902B910BD1A682168C5
:106BD800D4E902309847002223691A6010BD00BF2B
:106BE800716B040010B50269044683681268016875
:106BF800C0689847002223691A6010BD2DE9F04744
:106C080084B0824603A80F4690461D4621F092FAAA
:106C18000646039800EB4616B04238BF4FF000090D
:106C28000CD2A5B1012D0ED0039821F08FFA70B1C6
:106C3800039C04F12000B0420390F2D300242046C4
:106C480004B0BDE8F08721F081FA0028F0D0039C59
:106C580021680029EDD00B780191002BE9D04FB1C4
:106C6800384630F0EFFB01990246384630F029FCEF
:106C78000028DED1B8F1000F04D02046C047039C9D
:106C88000028D6D0CA45DAD009F10109D1E700BFFA
:106C980090F80CC0438962446144B1FBF3FCB2FB39
:106CA800F3F003FB1C1103FB1020401A704700BFD0
:106CB80090F80CC0438962446144B2FBF3F2B1FB23
:106CC800F3F1501A704700BF037B00B5B0F80AE033
:106CD8001A441944B2FBFEFCB1FBFEF30EFB1C2266
:106CE8000EFB13110CF1010C013301310132A0F834
:106CF80006C00180838042805DF804FB2DE9F04FD7
:106D08009A4600230360137885B023B3804615465E
:106D18008B46894FFB5C13F008037DD1D8F800201F
:106D2800511CC8F800104BF82250D8F800205245E2
:106D380011D02C787CB1C146002B69D1272C1FD0EB
:106D48005C2C0DD0222C1BD03B5D1B076DD415F895
:106D5800014F002CF2D10024204605B0BDE8F08F89
:106D6800284630F06FFB02466E1C3146284692B228
:106D780030F0E6FA6C78002CEDD0272C3546DFD1C0
:106D8800284630F05FFB02466E1C92B23146284618
:106D980030F0D6FA2A78002ADED0A2420AD05C2A3D
:106DA8006B7814D03546002BD6D01A46A24206F18D
:106DB8000106F4D1284630F045FB02463146284604
:106DC80092B230F0BDFA2C78002CB7D1C3E7A342B9
:106DD80000F08280302B2AD0782BE3D1B4464FF0D4
:106DE80000084FF0020E02931CF8013F4FEA081208
:106DF800A3F13001C9B20929A3F16100D2B23FD889
:106E080041EA0208BEF1020F4DD14FF0030EEBE745
:106E180022466E1C1C46C0E74FF0000305F8013BF4
:106E28002B78002B7FF476AF95E7C846F8E7B44691
:106E38004FF0000802211CF801EF4FEAC802AEF13A
:106E48003000C0B20728D2B255D80131052940EA2E
:106E58000208F0D12846019130F0F4FA034601996E
:106E68009BB28A1E01399A1A2846294430F068FADA
:106E78006B7885F80080002B3FF46EAF354694E7B9
:106E88004FEA0812D2B20192A3F141020392019A89
:106E9800A3F15701052842EA010237D8BEF1020FD3
:106EA8005FFA82F8B1D004232846019330F0CAFA79
:106EB8008446019B1FFA8CFC9A1E013BE918284660
:106EC800ACEB020230F03CFA6B7885F80080002BBE
:106ED8003FF442AF354668E7284630F0B3FA024639
:106EE8003146284692B230F02BFA6B78002B3FF4EB
:106EF80033AF354659E7C9B20229ABD1BEF1780F95
:106F08003FF46CAF23463546302415E7A3F1410220
:106F1800052A09D84FEA08185FFA88F8373B48EA83
:106F280003085FFA88F86DE7BEF1020F029B3FF491
:106F380039AF0323B8E700BF6A420800F8B50E4628
:106F480011461546074630F000FB0446284630F047
:106F580079FAD4B1A74285B203D214F8013C202BA8
:106F68000FD0204630F06EFA02463388521B5B1B66
:106F7800338001322046611992B2BDE8F84030F002
:106F8800DFB90135ADB2013CEBE7F8BD0B4628B3DC
:106F980010B514466AB38268CAB118498A420AD33E
:106FA80017498A4207D2184621461368984723682A
:106FB8006BB1204610BD13498A420AD2126803EB0E
:106FC800830352F8231002EB83000029F2D100203A
:106FD80010BD0D498A42F1D20133F0E70B4A0C4942
:106FE800521AB3EB920F01D30020704751F82300D7
:106FF800704740F229110748FBF7F2FCD8830700D5
:10700800E883070018800700D88307001880070066
:10701800E87F070048A207002DE9F04106468846A8
:10702800174686B040B100687168B268F36801AC71
:107038000FC4306901AE2060002504E04046216895
:10704800F9F7D4FD40B129463A463046FFF79EFF8E
:10705800013504460028F1D1204606B0BDE8F0818C
:107068002DE9F84F00240646DDF828809DF82C907D
:107078001C6039B39A4615460F4606E0DAF8004018
:107088000134BC42CAF800401CD255F8240001F073
:107098000DFC83460028F1D1DAF80030304642462C
:1070A80055F82310FFF7B8FF60B1DAF800305C1C20
:1070B800CAF80040B9F1000F01D0804505D0BC42A4
:1070C8000646E2D33046BDE8F88F5E46CAF800307F
:1070D8003046BDE8F88F00BF002843D02DE9F843BB
:1070E800064630F0AFF985B28DB3012D28462ED073
:1070F80000241D4FA04603E06B1E9C42284626DA5A
:107108002346F25C0134BA5CA4B21207F4D5A54256
:10711800F2D9224606EB040C614691F800E00CF126
:10712800010C17F80E9019F0080912D1B8F1000FE8
:10713800E2D00133821AA5EB0805F018ADB201328E
:1071480030F0FEF86B1E9C42C8462846D8DBBDE8E6
:10715800F883013292B208F10108AA421FFA88F8AE
:10716800DAD3C9E7704700BF6A420800F8B58468F7
:1071780094F85A3023B30546B4F854201C4804F157
:107188005A0C03E08AB2A4F85420F2B10CEB0203C3
:1071980013F8013C511EC35C13F00803F2D10CF83C
:1071A80002309AB21CF802101E4610F801E00133B2
:1071B8001EF0080F0CEB0201F3D1B6B26EB9AC6841
:1071C800B4F85430A4F85630F8BD84F85A20AC68A6
:1071D800B4F85430A4F85630F8BDB4F8547060468A
:1071E8007B1C9A1ABF1B30F0ABF8A4F85470E6E782
:1071F8006A42080000231A46FFF700BD0223002256
:10720800FFF7FCBC2DE9F04F83B0824601A820F0BF
:1072180091FFDDF8049009EB401BBAF1000F37D05D
:10722800D94535D2D9F8005045B1284630F00AF989
:107238000446504630F006F984422FD0D9F81C3065
:1072480003B31D68F5B1D5F80080B8F1000F19D067
:10725800504630F0F7F80024074601E0444511D0C5
:1072680055F8046F0134304630F0ECF8B842F5D1E7
:1072780031465046F9F7BAFC0028EFD1484603B02A
:10728800BDE8F08F09F12009D945CDF80490C9D39C
:107298004FF00009484603B0BDE8F08F2946504634
:1072A800F9F7A4FC0028C9D1484603B0BDE8F08F1F
:1072B800F0B50C46054630F04FFB00231646224633
:1072C80004460C4F83B0C35101A9284629F006FC97
:1072D800E359222B0BD023B9019BAB4201D01B7879
:1072E8001BB16FF015030020336003B0F0BD6FF0E1
:1072F8002103F8E70C000000F0B5037816462D2BA3
:1073080083B016D0044630F027FB002305460D4F06
:107318000A46204601A9EB5129F056FCEB59222BCD
:107328000DD033B9019BA34203D01B780BB903B02E
:10733800F0BD6FF015030020336003B0F0BD6FF0AF
:107348002103F8E70C0000000EB400B582B003AAD0
:1073580052F8041B0192FFF72DFC02B05DF804EB14
:1073680003B07047002906DD82684123D2F87822ED
:10737800920607D47047FDD082684223D2F878225B
:107388009206F7D581EAE172A2EBE1724069014900
:10739800FFF7DABF78A20700002906DD82684323D9
:1073A800D2F87822920607D47047FDD08268442329
:1073B800D2F878229206F7D581EAE172A2EBE1725F
:1073C80040690149FFF7C0BF78A2070038B5846853
:1073D800204630F037F8D4F87852B4F85620C5F380
:1073E800400580B205FB0200638FB0FBF3F203FB9C
:1073F8001200B0FA80F0400938BD00BF70B584684B
:107408000546204630F01EF8D4F87862B4F85630B5
:1074180082B2C6F3400606FB0323618FB3FBF1F08B
:1074280001FB103343B1B4F854309B180AD0B3FBB6
:10743800F1F201FB12332BB968690349BDE87040CA
:10744800FFF782BF70BD00BF04F107002DE9F041CE
:1074580005468468B4F85420B4F8561004F1300096
:10746800FFF732FCAE68B4F8348030462FF0EAFFFC
:10747800B6F85430E78E13FA80F048B1738FB0FB3A
:10748800F3F203FB120018B920496869FFF75CFFA3
:10749800B8450AD0E28EA38ED21A002A12DDA96856
:1074A8004123D1F87812880613D4228E638ED21A1B
:1074B800002A1ADDA9684323D1F8781289061BD45B
:1074C800BDE8F081F1D0A9684223D1F87812880686
:1074D800EBD5002AB8BF52420D496869FFF734FF5F
:1074E800228E638ED21A002AE4DCE9D0A9684423EC
:1074F800D1F878128906E3D5002A68690449B8BF2B
:107508005242BDE8F041FFF71FBF00BF04F107007A
:1075180078A20700F8B504460D468068B0F8561002
:10752800B0F8542030300D44FFF7CEFBA068ADB260
:10753800B0F856102A463030FFF7BAFB0746A06865
:107548002A46B0F856103030FFF7A2FB002F064647
:107558000FDAA1684123D1F87822900610D4002EC2
:1075680019DDD1F87822432392061AD4A1F856508F
:10757800F8BD0DD0A1684223D1F878229006EED547
:1075880087EAE7720D496069A2EBE772FFF7DCFE54
:10759800002EA168E5DCE9D0D1F8782244239206D0
:1075A800E4D586EAE67205496069A2EBE672FFF760
:1075B800CBFEA168A1F85650F8BD00BF78A207001D
:1075C80000292DE9F0478BB2804638DB32D0012400
:1075D8002646013B1FB21D4D0021D8F808008A46F7
:1075E800B0F85630B0F854905A3011E0B6F1FF3F79
:1075F80017D0B9F1000F14D010F803E093B215F8C2
:107608000E20520718D1BAF1000F0AD11FFA8CF1D7
:10761800E21801EB040C002BE8D09945ECD1012EBF
:10762800EAD1404609B2FFF775FF7B1E1BB20FB1C6
:107638001F46D1E7BDE8F0874FF0010AE6E7DB43D4
:107648004FF6FF744FF0FF361FB2C4E76A420800D6
:107658008368B3F85610494209B2FFF75BBF00BF11
:107668008368B3F85410B3F85630C91A09B2FFF753
:1076780051BF00BF8368B3F8563003B970474FF065
:10768800FF31FFF747BF00BF8368B3F85620B3F850
:1076980054309A4200D370470121FFF73BBF00BF27
:1076A80000228368B3F85610A3F854108368B3F81F
:1076B80056100B4483F85A208368D3F878329B0617
:1076C80000D4704701494069FFF73EBE188407009F
:1076D80010B504468068B0F85420B0F85610303021
:1076E800FFF7F2FAA1680B8EC3F1010293B9D1F842
:1076F80078024323800614D48A8E013A002A1CDDBE
:10770800D1F87802412380061DD4D1F878329B063F
:1077180025D410BD002AEFD0D1F878024423800682
:10772800EAD5002AB8BF524210496069FFF70CFE3B
:10773800A1688A8E013A002AE2DCE6D0D1F8780204
:1077480042238006E1D5002A0849B8BF5242606941
:10775800FFF7FAFDA168D1F878329B06D9D56069A0
:107768000349BDE81040FFF7EFBD00BF78A207004E
:10777800188407002DE9F84F8468064604F15A007A
:107788002FF060FE94F83C70638F1FFA80FADB1BC1
:107798009A454FF000051DDDA846DFF854902A46AB
:1077A8001D442C4494F85AB084F85A80B3685A326D
:1077B8001A4449467069FFF7C7FDB3682B4483F83C
:1077C8005AB0B468638FDF1BAAEB070A53454FF022
:1077D8000007E4DBBAF1000F01DCBDE8F88F05F122
:1077E8005A02706922440349BDE8F84FFFF7ACBD5F
:1077F800DCDC0700789007002DE9704F84B0002882
:107808004DD0894600294AD0144662B380460025E7
:107818004FF0FF3A4FF0FF3BD8F8040022460168CA
:1078280003ABCE6809EB0501B04770BB039AA242CF
:1078380030D81544AAB9D8F80830197D0329EBD0F7
:10784800022913D9D3F87C229207FBD503F51F73BD
:10785800D3E8EF1F21F00201C3E8E21F002ADBD0C2
:10786800F6E7A41AD8D104B0BDE8708F0821CDE995
:1078780000AB03F5207025F0AFF8D8F8080000F544
:107888002070082125F0A4F8C6E740F2CD1106487B
:10789800FBF7A6F84FF4E7710348FBF7A1F840F2AD
:1078A800C3110148FBF79CF880A20700FFF7A4BFAB
:1078B80008290DD8836893F83E208A4208D083F8B7
:1078C8003E1083680829D3F8783202D09A0606D485
:1078D80070479B06FCD504494069FFF735BD0A4649
:1078E80040690249FFF730BD20840700ACA20700B9
:1078F80038B50A780D46082A04460DD8836893F8E7
:107908003E10914208D083F83E208368082AD3F8B5
:10791800783211D099061CD46A78072A0BD8A36844
:1079280093F83F10914206D083F83F20A368D3F81C
:1079380078329B0607D438BD9A06EDD507494069C9
:10794800FFF702FDE8E760690549BDE83840FFF741
:10795800FBBC04494069FFF7F7FCDDE7208407001A
:10796800B8A20700ACA207002DE9F04186681D46C1
:10797800D6F878720446FB06904682B003D596F88E
:107988003E208A4207D12A464146606902B0BDE8D6
:10799800F041FFF70FB9F38FADF80430FFF788FF18
:1079A8002A4641466069FFF705F9204601A9FFF715
:1079B8009FFF02B0BDE8F0810CB470B582B0069E9E
:1079C80068B3836804462BB34269F2B1C6B1D3F8F1
:1079D8007C320D469B0402D422F0D2FA58B907AB88
:1079E8003246294620460193FFF7BEFF02B0BDE8A4
:1079F800704002B070474FF40C710B48FAF7F0FF73
:107A080040F22F210848FAF7EBFF40F22E210648F2
:107A1800FAF7E6FF40F22D210348FAF7E1FF4FF4A9
:107A28000B710148FAF7DCFF80A20700F8B504469D
:107A38008068B0F85420002A56D0B0F85630002B91
:107A480052D05933034400F15A07BB426AD3002687
:107A5800593002E08342AEB247D09C4613F8011970
:107A6800751C2029F6D0674598BF634603D95FE0A7
:107A780098423CD0664619460D7806F1010C202D37
:107A880003F1FF331FFA8CFCF2D13346701C7742A6
:107A98004D1C3FB20144D21A28462FF051FC3946FA
:107AA8000027A2682046B2F854309B1BA2F8543035
:107AB800A368B3F85420134483F85A70FFF72AFDDB
:107AC800A368D3F87832990627D42B461C4A082194
:107AD8002046FFF771FFA368D3F87822920616D4E0
:107AE800D3F878329B060CD4F8BD8446BBE7F7433D
:107AF80063460CF1010C0D461E4600EB0C013FB22B
:107B0800C9E760690F49BDE8F840FFF71DBC0E4999
:107B18006069FFF719FCA368E2E70C496069FFF7A1
:107B280013FCD2E700275D1C29463B463E46B2E7D8
:107B3800711C774233460CF1010561443FB2AAE754
:107B4800789007002C840700188407002884070011
:107B58002DE9F04F0F4604469046816883B0002A0D
:107B68006DD1D1F87832B1F856605B0732D55A3604
:107B7800881901912FF066FC0199054638B1394EF4
:107B880031466069FFF7E0FB013DF9D1A168B1F822
:107B98005430A1F85630A56828462FF053FCB5F8A4
:107BA800543013FA80F068B16B8FB0FBF3F203FB2B
:107BB800120038B9B8F1000F00D01FB12A49606926
:107BC800FFF7C2FB2046794209B203B0BDE8F04F87
:107BD800FFF7A0BC084601912FF034FC019980B250
:107BE800B1F854304A8F03EB00093044B0FBF2FC83
:107BF800B9FBF2F5AC452CD0B342CAD9DFF86CA07A
:107C0800361A0DE001EB0B0352460821204693F883
:107C18005A30FFF7D1FEA945A168B8DD28464A8F3A
:107C2800B0FBF2FC06EB000B451C02FB1C00002815
:107C3800E8D10D496069FFF787FBA168E2E7D1F851
:107C480078329A068DD50A494069FFF77DFBA1680D
:107C580087E75A368B1920460821064AFFF7ACFEFB
:107C6800A16894E758AE070004F107007CA207005A
:107C780018840700789007002DE9F04185680446CC
:107C8800D5F878328846DF07B5F85420B5F856603D
:107C980001D5B24228D1FE2A01D9BDE8F081921B54
:107CA80006F15A01294497B23A46481C35442FF048
:107CB80047FB85F85A80A268B2F854300133A2F81D
:107CC80054300022A368B3F854100B4483F85A20A8
:107CD800A368D3F87812890736D4B3F8562001324E
:107CE800A3F85620BDE8F081731C2E44A5F8563041
:107CF80086F85A108368D3F878229007CDD5D3F840
:107D08007832144913F0040F0CBF42462A226069E6
:107D1800FFF71AFBA56828462FF094FBD5F8786280
:107D2800B5F85620C6F3400680B206FB02006B8FFA
:107D3800B0FBF3F203FB12000028AED160690649DC
:107D4800BDE8F041FFF700BB39462046BDE8F041E9
:107D5800FFF7FEBE7CA2070004F1070070B50546D8
:107D68008068B0F85630B0F85440E41AA4B204B9A8
:107D780070BD5A3318442246411C2FF0E1FAAE6810
:107D8800611EB6F854302846013BA6F8543001224B
:107D9800BDE8704089B2FFF7DBBE00BF8368B3F867
:107DA800542012B1B3F8563003B9704710B50446E1
:107DB8004FF0FF31FFF7AEFB2046BDE81040FFF75C
:107DC800CDBF00BF2DE9F041144686688846B6F855
:107DD80054201119FF2901DDBDE8F0810546B6F8E8
:107DE8005610521A5A310E4497B23A463146301953
:107DF8002FF0A6FA2246414630462FF09BFAAA6891
:107E0800B2F854302344A2F85430AB68B3F8542085
:107E18001344002283F85A20AB68D3F878128907F4
:107E280006D4B3F856201444A3F85640BDE8F081B0
:107E380039462846BDE8F041FFF78ABE10B504462A
:107E480083680221084AFFF7B7FDA368D3F87832A0
:107E58009B0700D410BD2046FFF78CFC2046BDE8E8
:107E68001040FFF7F3BA00BF7890070070B592B0E2
:107E7800A0B1002306464FF47A74019302E058B982
:107E8800013C09D0706801AB056840222D6902A940
:107E9800A847019B002BF2D112B070BD4FF40F71AF
:107EA8000148FAF79DFD00BF80A20700704700BF98
:107EB80043681B68D3E90632D3E8EFCF8C44C3E8A4
:107EC800E0CF0028F8D19368D3E8EF0F0844C3E85F
:107ED800E20F002AF8D170472DE9F04104460F4619
:107EE800904603F18E0622F04BF8F0B1EFF31185BE
:107EF800202383F31288BFF36F8FA368D3F87C32F3
:107F08001A0522D5324641463846FCF77FF9A36860
:107F1800D3F87C321B0523D522F032F8C8B185F39B
:107F28001188BFF36F8FBDE8F0818446A06800F523
:107F380024704FF0FF324FF0FF33654621F0A8FA66
:107F4800A368D3F87C321A05DCD42046FFF7C0FBBF
:107F5800D8E7A06800F52470BDE8F04121F028BA00
:107F68002046FFF76BFFD7E72DE9F04143680D4640
:107F78001C68E169A3688A68D3F8786212794F6847
:107F8800012AC6F3001604D0032A0AD12046FFF7B7
:107F98009FFB33462A4639462046BDE8F041FFF7A5
:107FA8009BBFBDE8F08100BF10B50C4601461046E6
:107FB8002246FFF77BFC204610BD00BFF8B50C46F3
:107FC800054617468B6803F51F73D3E8EF1F41F486
:107FD8000051C3E8E21F002AF7D160680121036855
:107FE8009B689847064600B1F8BDD5E90410FAF732
:107FF80001FD3A4621462868FBF7B6FD01226B6869
:108008005B685C60AB681E60AB681A71F8BD00BF46
:1080180010B504460068FBF7CDFD0222A3681A716B
:1080280010BD00BF0EB400B582B003AA52F8041BFD
:108038000192FEF7BFFD02B05DF804EB03B0704794
:10804800002900F092802DE9F04F494D0B788046C9
:10805800EC5C8A4614F00804174683B009D00B4636
:10806800194613F8012FAA5C1007F9D4CAF10104C4
:108078000C44A7EB0A03019350462FF0E3F9D8F814
:10808800083080B25A8F001BA2EB0709484522D856
:10809800002858D0631E0026534402E00136B0423F
:1080A80051D013F8012F0A2AF8D1D8F81400FEF796
:1080B80099FD0AEB040132464046FFF79DFB013467
:1080C8003444D8F814002B49FFF7ACFF3946404632
:1080D800FFF762F9D0E7CAF101010091A1EB040BA7
:1080E8000199631E5344A1EB040E58785E1C15F8E1
:1080F80000C019461CF0080F334603D00A280BEBC2
:1081080001092ED003EB0E018A42EED804EB090BCD
:108118000AEB0B06D8F81400FEF764FD4A46404601
:108128000AEB0401FFF768FB3378EB5C1A071DD5EF
:108138000AEB0B010C4611F8013FEB5C1B07F9D465
:10814800009B1C44BDE7D8F814000AEB0401FFF7B4
:1081580069FF0849D8F8140003B0BDE8F04FFFF7ED
:1081680061BF009B01EB030BD4E770475C46A8E7AF
:108178006A42080004F10700F8B50F465168144632
:1081880006461D4611B11A46FFF75AFFA36883B188
:1081980029463046FFF700F930463B460821054A94
:1081A800FFF70AFC3046A168EA1DBDE8F840FFF772
:1081B80047BFF8BDE0A207002DE9F04F0024804634
:1081C8000D461646274689B02146284603AA01349B
:1081D800FEF7DCFE48B100680028F5D02FF032F930
:1081E80080B2874238BF0746EEE7002F38D026B165
:1081F800324608214046FFF7DFFB0024DFF880A065
:10820800DFF880B02146284603AAFEF7BFFE0134F6
:10821800064628B3D6F80090B9F1000FF2D099F8C5
:108228000030002BEED076685A4653464046082167
:10823800CDE90079FFF7C0FB134AA6B15346404683
:108248000821FFF7B9FBBA1DB30792B203D133680F
:108258000E498B420DD031464046FFF7F1FED1E77B
:1082680009B0BDE8F08F0A49D8F81400FFF7DAFE24
:10827800C8E71346494632464046FFF77DFFC1E747
:1082880008A30700ECA2070088900700C40BD28659
:1082980004F10700F0B50F680C46054683B0DFB15E
:1082A80038462FF0CFF8C61CB6B2114A0821009202
:1082B8003B4628460F4AFFF77FFB616829B18B07C9
:1082C80003D10D4B0A689A4208D03246284603B0BB
:1082D800BDE8F040FFF7B4BE0326E6E70A4633469A
:1082E8002846216803B0BDE8F040FFF745BF00BF4E
:1082F80004A30700F4A20700C40BD28608B50378CC
:108308002D2B06D14378682B03D183780BB9012034
:1083180008BD0349F8F76AFCB0FA80F0400908BDC7
:10832800FCA20700002070470023826918461360EA
:10833800704700BF0EB400B582B003AA52F8041B00
:108348000192FEF737FC02B05DF804EB03B070470A
:1083580010B583680446D3F87822920606D45021D3
:1083680018225987A36800201A8710BD024940695E
:10837800FFF7E0FFA368F2E73084070008B58369D8
:1083880002491A68FEF7E0F9002008BD0CA30700AF
:1083980008B50168FEF7CAFA002008BD08B5024909
:1083A800FEF7C4FA002008BD4095070070B5002507
:1083B80004460E4E82B007E02A463146204603F5B1
:1083C800AD73FEF7C1F90135A2680DF1060301216D
:1083D800E06802F5AD7200F0E5F9BDF80600A368A3
:1083E8000028E9D183F85A0102B070BD1CA3070028
:1083F80010B50446FEF796FB034902462046FEF7F1
:10840800A3F9002010BD00BF48CA070010B5022913
:1084180082B00ED083680C4AD3F878120B4B11F057
:10842800020F18BF1A460A49FEF78EF9002002B05B
:1084380010BD5468074B126807490094FEF7C6F947
:108448006FF01500F3E700BF28A307007CE50700DD
:1084580050A307002CA3070044A307002DE9F0410F
:10846800114F124C124982B00646FEF76DF9BC4214
:1084780015D810D20025DFF83C80626AA36841460F
:1084880000923046AAB23034FEF75EF9BC4206D8F4
:1084980005F10105F1D3002002B0BDE8F081E62125
:1084A8000548FAF79DFA00BFE87F0700B87F070084
:1084B80064A30700ACA307007CA30700F0B501295B
:1084C80085B040F0C08083680546D3F878329906B5
:1084D80000F1A98000246FF0F9012846FEF742FF59
:1084E800FA212846FEF758FFA8684FF48072214603
:1084F80000F5AD708DF80B402EF028FF68695949DA
:10850800FFF718FF68694FF47A77FEF76BFB686826
:1085180003AB06680DF10B0101223669B047039BD6
:10852800611C33B39DF80B30AA681B2B02EB0400C7
:1085380005D092F85A611B2EE9D1522B23D08CB268
:10854800092C80F85A31E2D90022AB6883F85A2105
:10855800AE68D6F878329B066FD4502318227387FA
:10856800AB68284640491A87FEF720F96FF00700E4
:1085780057E0013F4FF47A70BFB21FF091FD002F12
:10858800C5D1AE68E5E70020224482F85A01AE68FA
:1085980096F85B315B2B60D1022306F25B1703E090
:1085A800B3F5807F88B2D4D017F8014F00EB800272
:1085B800A4F1300103F1010C3B2C01EB42011A46F6
:1085C8001FFA8CF3ECD1FF2AC3D006F5AD7203F283
:1085D80059171A44C3F1FF030024374412FA83F3EE
:1085E80002E09F428CB2B4D017F801CF04EB8402AA
:1085F800ACF1300101EB4201BCF1000FF1D1FA2CD2
:1086080028BFFA24FA2828BFFA2086F85AC1AB688E
:108618005C87AB681887AB68D3F878329A0607D4BA
:10862800002005B0F0BD11494069FFF783FE51E70E
:108638000F496869FFF77EFEF2E70D496869FFF7A1
:1086480079FEAE6889E754680A4B12680A490094B3
:10865800FEF7BCF86FF01500E3E786F85A01AE683C
:1086680077E700BFFCA30700C0A307003884070012
:108678003C8407002CA3070044A3070010B58368B7
:108688000446D3F87822920605D4D3F878329B06AC
:108698000AD4002010BD07494069FFF74BFEA368C4
:1086A800D3F878329B06F4D560690349FFF742FE98
:1086B800002010BD4084070048840700836803F544
:1086C8001E73D3E8EF1F41F00801C3E8E21F002A38
:1086D800F7D10020704700BF836803F51E73D3E805
:1086E800EF1F21F00201C3E8E21F002AF7D10020A2
:1086F800704700BF836803F51E73D3E8EF1F41F08E
:108708002001C3E8E21F002AF7D10020704700BF0C
:10871800836803F51E73D3E8EF1F41F01001C3E827
:10872800E21F002AF7D10020704700BF836803F5D5
:108738001E73D3E8EF1F41F00201C3E8E21F002ACD
:10874800F7D10020704700BF836803F51E73D3E894
:10875800EF1F21F00801C3E8E21F002AF7D100202B
:10876800704700BF836803F51E73D3E8EF1F21F03D
:108778001001C3E8E21F002AF7D10020704700BFAC
:10878800836803F51E73D3E8EF1F21F02001C3E8C7
:10879800E21F002AF7D10020704700BF0023C36002
:1087A800704700BF70B515461E46C26891B1EAB160
:1087B80083689A4220D01468C4609CB122892846F4
:1087C80004F10A012EF0B6FD00222389012033802E
:1087D800EA5470BD32B143689A420DD05468C460FF
:1087E800002CEBD100231846338070BD034653F8A4
:1087F800044F9C42E0D1F5E70023C36000231846EC
:108808003380F2E72DE9F8430023C36072B30446CE
:10881800406804F1040880450F46164603D010B19D
:108828000389934224D006F10A090022002349460D
:1088380020681FF037FF054668B96368984515D06A
:10884800A168D1E9003213605A6008604860206866
:108858001FF03AFFE9E70681394632460A302EF022
:1088680069FD6368C5E900385D606560BDE8F88347
:108878000A302EF025FD0028D5D1F7E770B54368FA
:10888800061DB34204460DD00025A168D1E9003287
:1088980013605A600D604D6020681FF015FF636813
:1088A800B342F2D10023E36070BD00BF10B50446A7
:1088B80098B12EF0C7FD83B2184673B1621E05E069
:1088C8002A2908D002331B1B984206D9134612F8EE
:1088D800011F3F29F4D1012010BD002010BD00BFA9
:1088E80010B5044680684FF48072002100F5AD7021
:1088F8002EF02CFDA068B0F8542000F15A0100F5C4
:10890800AD702EF017FDA06800F5AD70FEF7E4FB22
:10891800A46804F5AD702EF095FD0130A4F8580058
:1089280010BD00BF2DE9F04F89B00090002971D02B
:108938001546002A6ED0104689462EF083FD84B273
:10894800002C67D06A1E05E02A2908D002335B1B79
:108958009C425FD9134612F8011F3F29F4D14FF00A
:10896800000B02235C46A84601932146484603AA09
:10897800FEF70CFB01340546002856D0002240467D
:10898800296801F0E3FD02460028EED1009B2D681E
:10899800D3F808A0002D3BD028462EF053FD86B210
:1089A8003246BAF858100AF5AD700A44FF2A20DC9E
:1089B80041462EF0CAFD074688B32EF043FD00233A
:1089C80082B2701C39460132384401932EF0B8FC4B
:1089D8003246294638462EF0ADFC4FF02003BB55F1
:1089E800BAF858200BF1010B01321644AAF8586066
:1089F800BBE7434603210098164AFEF7DDFF4546CC
:108A08000123BBF1000F15D1184609B0BDE8F08F5E
:108A18002E46C6E70323184609B0BDE8F08F454641
:108A28000223BBF1000FEFD004E04546019BBBF1E8
:108A3800000FE9D00193009B2A46986800F158017D
:108A480000F5AD70FEF77AFA019B184609B0BDE84B
:108A5800F08F00BFC0AB070010B504468068B0F8BF
:108A6800582000F5AD715A302EF064FCA368B3F8B5
:108A78005820A3F8542010BD08B50448F9F772FF30
:108A88000348F9F76FFF002008BD00BF14AC0700CA
:108A98004CAC07002EF05ABC2EF04CBC08B503486D
:108AA800034A0021121AFFF7F5FF08BD20AD012087
:108AB800B4130220074808B5074A0849121AFFF7F5
:108AC800EBFFBDE808400648064A0749121AFFF7B7
:108AD800E3BF00BF0060012004AD01207C43080013
:108AE80000600120006001207C430800002300B5DD
:108AF80087B0DDF828C00BA803900590012218461E
:108B0800CDE90033CDF808C0FBF7AAF807B05DF847
:108B180004FB00BFF0B507460C4687B019B1344EC8
:108B280033685D0720D1012F06D02146384607B0AB
:108B3800BDE8F0401FF04CBBEFF305822C490B68F1
:108B48005B07F2D000232B48103A02900392184694
:108B58003A46CDE90033FFF7C9FF2146384607B04A
:108B6800BDE8F0401FF034BB00258B68284605930C
:108B78004B68012204930B68314603931E4BCDE9E1
:108B8800005502932B46FFF7B1FF33685807CAD048
:108B9800636901950593236900950493E368314659
:108BA8000393164B0122029328462B46FFF79EFF9C
:108BB80033685907B7D0E36901220393104B314654
:108BC800029328462B4601950095FFF78FFF3368DF
:108BD8005A07A8D0A369314603930A4B2846CDE922
:108BE800015301222B460095FFF780FF9BE700BF4A
:108BF80030A901201CAD07007CAC0700ACAC070015
:108C0800DCAC0700ECAC070001460068FFF782BF48
:108C180008B500F005F8BDE8084000F027B800BF27
:108C280030BFFFF7FDBF00BF2DE9F0410C460546F8
:108C38000B4EDFF83080324606EB0807E41B20466F
:108C480009492EF077FBA01942460021083C2EF076
:108C58007DFBC5F8B84007F10800BDE8F08100BF0A
:108C68000000000008000000E8830700054B5A696F
:108C78009B689A4204D0044A536843F08053536077
:108C880021F0DAB94813022000ED00E0002300B516
:108C980087B0DDF828C00BA803900590012218467C
:108CA800CDE90033CDF808C0FAF7DAFF07B05DF870
:108CB80004FB00BF2DE9F041654C0D4623680646CC
:108CC800590784B07DD1634B9B6ADA0637D5236890
:108CD8005B0740F0838011205E4B9A6A170733D4F4
:108CE8005C4FBB6A990742D45A4B9B6ADE0704D58E
:108CF8002368590740F08F801420564B9B6A9A06C8
:108D08005AD4544B9A6AD70602D49B6A9E0704D554
:108D1800504B9B6ADC0600F195804E4B9A6A91068F
:108D280003D55A6A22F400525A620021494A936ACA
:108D380043F0FF039362297004B0BDE8F081454B0E
:108D480010209A6A1707CBD52268500752D19B6A20
:108D58009B0741D53F4B5A6B9B6A1A0605D526B12E
:108D68003C4A936A23F0800393621320BCE723688C
:108D78005A07EFD04FF00008374B012202934046C4
:108D88004346CDE900883249FFF780FF7A6BBB6A1A
:108D98001B06EAD523685F07E1D0304B0392CDE983
:108DA80001834046434601222949CDF80080FFF758
:108DB8006DFF002ED9D0D3E723685B0737D1152084
:108DC8009FE70023264A2146029218460122CDE950
:108DD8000033FFF75BFF76E7122085E70023214A7F
:108DE80018460292CDE9003301221949FFF74EFFD8
:108DF800112071E700231C4A164F1846CDE90033AD
:108E0800134902920122FFF741FFBB6A122099071A
:108E18007FF56AAFABE70023144918460291012297
:108E2800CDE900330A49FFF731FF142065E7002335
:108E38000F480122CDE90130054918460093FFF794
:108E480025FFBCE740F22D110A48F9F7C9FD00BF1C
:108E580030A9012000ED00E090AD0700A8AD0700A3
:108E680030AD070048AD07007CAD0700C0AD070076
:108E7800E0AD070010AE07002DE9F041694C0D4642
:108E880023680646590784B040F08580664B9B6A84
:108E9800DA0425D523685B0740F0A7801720624BCA
:108EA8009A6A170521D4604FBB6A9A054ED45E4B67
:108EB8009A6A51052FD52268520740F0A2809A6A13
:108EC800D00530D49B6A9A043ED41A200021564A11
:108ED800936A43F47F439362297004B0BDE8F0813C
:108EE800514B16209A6A1705DDD5226851076BD1B8
:108EF8009B6A9B055AD54C4B9A6B9B6A190405D5FE
:108F080026B1494A936A23F400439362464B1920D9
:108F18009A6A5105CFD4444A936A13F4807304D0F3
:108F280023685F0744D11B20D0E7926A9604CDD509
:108F38002268540708D03D490122CDE9013118467D
:108F480038490093FFF7A2FE1C20BFE723685B07A0
:108F5800D1D04FF00008364B0122029340464346D9
:108F6800CDE900882F49FFF791FEBA6BBB6A1F0451
:108F7800CCD523685807C3D02E4B0392CDE9018383
:108F88004046434601222749CDF80080FFF77EFE80
:108F9800002EBBD0B5E70023274A21460292184687
:108FA8000122CDE90033FFF771FE6FE718207EE755
:108FB800002322480122CDE901301A4918460093BE
:108FC800FFF764FE1B2081E700231D4A164F184651
:108FD800CDE90033029213490122FFF757FEBB6A1D
:108FE80018209A057FF563AFB0E70023154A1846A5
:108FF8000292CDE9003301220A49FFF747FE172004
:109008004DE70023104918460122CDE900330291AB
:109018000449FFF73BFE044A1A20936A13F480734D
:1090280083D07DE730A9012000ED00E0E0AD070026
:1090380070AE07008CAE070044AE0700C0AE070054
:109048007CAD07005CAE0700A4AE070010B5554C18
:1090580084B02368580747D1534B9B6A990134D58C
:1090680023685A074BD11E204F4B9B6ADB0131D432
:109078004D4B9B6AD90203D523685A076FD102204A
:10908800494B9B6A1B0303D52368580773D12120DA
:10909800454B9B6A590303D523685A073BD12220C5
:1090A800414B9B6A9B0303D5236859073FD1232073
:1090B8003D4B9B6ADA0312D43B4A936A6FEA034337
:1090C8006FEA1343936204B010BD374B1D209B6AAF
:1090D800DB01CDD52368580735D11F20C8E72368A1
:1090E8005B0754D12420E7E7002330480122CDE96B
:1090F8000130214618460093FFF7C8FDACE700236E
:109108002B480122CDE90130264918460093FFF784
:10911800BDFD1E20A8E7002326480122CDE9013025
:10912800204918460093FFF7B1FD2220B8E7002335
:1091380021480122CDE901301A4918460093FFF76A
:10914800A5FD2320B4E700231C480122CDE9013006
:10915800144918460093FFF799FD1F2088E700235C
:1091680017480122CDE901300E4918460093FFF750
:109178008DFD022084E7002312480122CDE9013049
:10918800084918460093FFF781FD212080E7002356
:109198000D4801220290CDE9003318460149FFF736
:1091A80075FD9FE730A9012000ED00E0D8AE07006B
:1091B800F0AE07006CAF070094AF070004AF0700DC
:1091C80020AF07004CAF0700B0AF07002DE9F04310
:1091D8009D4B91B0D3F804900023C9F3080883F39A
:1091E8001188BFF36F8F02F07F43B3F17F4F24D113
:1091F80012F00107154620D1530606460C4617D52E
:1092080092490B68580740F08D8015F004054ED040
:10921800002594B100238DF81F30A8F10303092B12
:1092280010D8DFE803F06C6558540F0F0F0F0F4686
:109238002D07EDD404460125EBE740F2144184489C
:10924800F9F7CEFB81490B685B0712D0A8F1100330
:1092580080480493804B19F4F87F804A029318BF22
:1092680002460023039218460122CDE90033FFF796
:109278000DFD20686168A268E3680DF1200CACE878
:109288000F0020696169A269E369ACE80F00002D4D
:1092980052D0C3F3080240F2FF110AB90B430F93EF
:1092A800384608A9FFF736FC11B0BDE8F08334460C
:1092B800AFE766490B685A07DBD0694B0122029376
:1092C80000231846CDE90033FFF7E0FCD1E7FFF7AC
:1092D800BDFE0746CDE700200DF11F01FFF7CCFDCD
:1092E80007469DF81F30002BC3D011B0BDE8F083AE
:1092F80000200DF11F01FFF7DDFC0746F1E7534E93
:109308003368590750D100234F498DF81F30CA6A76
:1093180012F0020217D032685207AAD0514ACDE99A
:10932800013254E0504B0122029338463B46CDE9C6
:109338000077FFF7ABFC68E70F9B23F4FF7323F07C
:1093480001030F93ACE7CB6A002B38DBCB6A5F00D5
:109358006FD53368580746D13B4BA1695A6942F427
:1093680080725A61BFF34F8FBFF36F8F5A6931F81C
:10937800021C22F480725A61BFF34F8FBFF36F8FC4
:109388004DF60272914229D09A6AD2B2002A35D19A
:109398009A6A12F47F4F45D19B6AB3F5803F4DD34B
:1093A800FFF754FE07469CE7304B01220293002347
:1093B80031461846CDE90033FFF768FCA3E7336868
:1093C8005B073FF456AF2A4BCDE9012313461846F5
:1093D80001221E490093FFF759FC4AE733685907F1
:1093E80013D127687DE7234B1046CDE9012300926E
:1093F800134616490122FFF749FCADE701200DF19C
:109408001F01FFF757FC07466BE7002321681A4A3C
:109418001846CDE90221CDE9003301220B49FFF7B7
:1094280035FCDEE701200DF11F01FFF725FD07469A
:1094380057E74FF43C710648F9F7D2FA40F2ED21AC
:109448000348F9F7CDFA00BF00ED00E030A901208C
:1094580010AE0700F4AF0700E0B00700DCAF07006C
:10946800BCB007004CB0070010B0070034B00700CC
:1094780070B0070080B00700A0B00700064B5A691B
:1094880042F010025A615A6942F480625A615A697C
:1094980022F008025A61704700ED00E0EFF30880FF
:1094A800EFF3098101B57246FFF790FE01BD00BFD9
:1094B800002080F31488BFF36F8F002080F30A88A0
:1094C80080F30B88124880F3088819F09FFE00206B
:1094D80010490860BFF34F8F00F032F8202080F366
:1094E80011880D484FF0AA014FF40062FFF7D2FA35
:1094F80009484FF40061401880F30988EFF314809D
:109508000221084380F31488BFF36F8F00F010F92D
:10951800F845022094ED00E0B82C0220BFF34F8FED
:109528000549064BCA6802F4E0621343CB60BFF3F7
:109538004F8F00BFFDE700BF00ED00E00400FA0513
:1095480072B6002383F31388154AD2F8900010F4FA
:109558007F4FC0F3072107D01846C2F8983001336F
:109568009942C2F8A000F8D100234FF0FF300D490E
:1095780003F120020133102B41F82200F8D1002317
:109588004FF0FF30074903F160020133102B41F817
:109598002200F8D162B6BFF34F8FBFF36F8F7047C9
:1095A80000ED00E000E100E00A4B9B68834201D037
:1095B80021F0B8BDEFF30583002BF9D0064B5A68AC
:1095C80042F080525A605A6A22F400425A6221F0EC
:1095D800A9BD00BF4813022000ED00E018498A68C1
:1095E80082F8C5E04FF030001044EFF3098C80E8B2
:1095F800F01F202080F31288BFF36F8F114F4FF0B8
:1096080000664A698A603E60D2F8B8000E4C206055
:1096180092F9C5E0D2F8BC000023C2F8BC3080F350
:10962800118802F1300090E8F01F8CF3098802F1EC
:10963800000004B500F0B4F8BDE80440704700002D
:109648004813022004ED00E05C0A02201EF0040F1B
:109658000CBFEFF30880EFF30980816911F8021C51
:109668000229FFD001B57246FFF7CEFA01BD00BF4F
:1096780040B2002807DB012300F01F01024A40091D
:109688008B4042F82030704700E100E040B20028EB
:109698000CDB01220649430900F01F0020338240F9
:1096A80041F82320BFF34F8FBFF36F8F704700BF80
:1096B80000E100E00123054A410952F8212000F0A9
:1096C8001F0003FA00F01040704700BF00E100E0FF
:1096D8000131072908B511D840B249010028C9B29B
:1096E80006DB00F1604000F5614080F8001308BD1A
:1096F800044B00F00F000344197608BD6B210248A3
:10970800F9F76EF9FCEC00E0F4B007000021012045
:10971800FFF700BA044B054A23F07F039360BFF3B9
:109728004F8FBFF36F8F70470000040000ED00E01B
:1097380008B5FFF7EFFF074AD2F8883023F4700323
:10974800C2F88830FFF7AAF9FFF7B4F900F080F8FB
:109758001EF06CFE00ED00E070B44FF43C464FF094
:1097680080750024C0F8C46042F8203C039B0B4974
:1097780042F81C3C049B21F0010142F8183C059B6F
:1097880042F8045C42F8143CA2F1200342F8081C99
:10979800C0F8BC40036570BC704700BFA529040031
:1097A800D0F8A83083F30B88704700BF6FF08500AE
:1097B800704700BF00B515460D4B0E4CD0F8B820C9
:1097C80098600E46D0F8A830226083F30B882C46A8
:1097D80086F309880020044B984720460021002280
:1097E8000023024C2047000001980400A52904002A
:1097F800481302205C0A022061B662B680F3118821
:10980800BFF36F8F704700BF1022014B1A6170477A
:1098180000ED00E072B6002383F31188BFF36F8F69
:10982800BFF34F8F30BF62B6BFF36F8F704700BF73
:1098380072B6002383F31188BFF36F8FBFF34F8F86
:1098480020BF80F31188BFF36F8F62B6704700BFE7
:10985800002320200349CA180133412B82F8000352
:10986800F9D1704700E100E008B5EFF30583064A37
:10987800103B02EBC30152F8330049688847BDE842
:109888000840FFF7F3B900BFDC7B070040E800F3AE
:1098980013F4803FD8B208BF6FF01500704700BFBF
:1098A80010B50A4C84B0234601210948094A00F042
:1098B80079F90022084B0121E41A01A8CDE9013405
:1098C800039200F081F904B010BD00BF000004202D
:1098D8002CB107000060012020AD0120002300B555
:1098E80087B0DDF828C00BA8039005900122184620
:1098F800CDE90033CDF808C0FAF7B2F907B05DF842
:1099080004FB00BF10B51A4C84B0D4F89030C3F3F0
:109918000723013B984219D891F808C0CB680A6818
:1099280023F01F034FEA5C1122F01F0243EA4103B0
:109938000CF01F0C42EA0C0243F00103C4F8980033
:10994800C4F89C20C4F8A03004B010BD09490B68C5
:109958005B0702D16FF01500F6E70023064C0122E1
:10996800CDE90240CDE900331846FFF7B7FFF1E72C
:1099780000ED00E01CA901203CB1070030B5044609
:109988001B4D08680B89D5F8902020F01F0CC2F3F6
:10999800072203F01F004B68013A013B94424989B2
:1099A80085B0634412D840EA0C02204601F0070152
:1099B80023F01F0343EA410343F00103C5F898402D
:1099C800C5F89C20C5F8A03005B030BD09490B6822
:1099D8005B0702D16FF01500F6E700230648012265
:1099E800CDE90204CDE900331846FFF777FFF1E728
:1099F80000ED00E01CA901203CB107002DE9F04F63
:109A0800164689B089B1044688464FF00009071DFB
:109A18006568002D7BD01F2D01D9E90609D05D4965
:109A28000B685A077DD16FF01506304609B0BDE8BE
:109A3800F08F57F804AC1AF01F0FF0D15046FFF71B
:109A480025FF03465544681E1D46FFF71FFF854244
:109A580040F08E8015F1160F00F08C80B54280F230
:109A680089804D4BC3F89850D3F89C00C3F89850A0
:109A780057F8041C6268D3F8A0B020F01F000A440D
:109A880088424BF01F0B02F1FF3A5CD0C3F89850A4
:109A9800D3F8A020013921F01F0102F01F020A4368
:109AA800D3452146F0B2C3F8A02046D0FFF766FFA1
:109AB80010F1160FB7D0384B0BF1FF3BC3F8985095
:109AC800D3F89C109DF81820013061F304028DF83A
:109AD8001820D3F8A010626857F8043C49081344CA
:109AE800049323F01F035B44A3EB0A0323F01F0333
:109AF80007939DF81830C0B261F3471304A98DF895
:109B08001830FFF7FFFE10F1160F8CD0461C09F134
:109B18000109C14504F10C0407F10C077FF478AF83
:109B280083E7002301221D48CDF80C90CDE90130D0
:109B380000931846FFF7D2FE75E7FFF71FFF10F1F5
:109B4800160FE3D16FE7D3451ED0C3F89850D3F86A
:109B58009C1022F01F0201F01F010A43F0B22146B7
:109B6800C3F89C20FFF70AFF10F1160FCED15AE771
:109B78006FF0150507490B685B073FF454AF0023E6
:109B8800012207480395D1E72146E8B2FFF7F6FE20
:109B9800BDE700BF1CA9012000ED00E064B107008B
:109BA80088B1070010B5064C2278FFF727FF207010
:109BB800163000D010BD4FF4C4710248F8F710FFFA
:109BC800AB130220ACB10700002953D02DE9F84FA0
:109BD8008B4606464FF00008274CDFF8A0A02BE084
:109BE80015F1160F44F8045C3DD0254B1B78AB42A9
:109BF80039DDCAF89850CAF89850DAF89C20237AC8
:109C080062F304032372DAF8A030227A5B0863F364
:109C180047122272DAF89C3023F01F032360DAF827
:109C2800A03023F01F03E36008F10108D84506F1CE
:109C38000C0604F114041BDA7768002FF4D0D6F868
:109C480000904846FFF722FE054607EB0900013859
:109C5800FFF71CFE8542C3D06FF01502094B08EBD5
:109C6800880843F828204FF4CC710748F8F7B8FE65
:109C7800BDE8F88F704700BF640A022000ED00E0DD
:109C8800AB130220600A0220ACB107002DE9F041B5
:109C9800704D714AD5F890301768C3F307239F4277
:109CA80086B000F2D280BFF35F8F00246B4BC5F8FB
:109CB8009440C5F8C030DFB15168087ACB680A68AB
:109CC800460923F01F03C5F8984022F01F0200F050
:109CD8001F0043EA46030134024343F00103BC4238
:109CE800C5F89C2001F11001C5F8A030E5D1E7B214
:109CF800DFF86C8101A888F80070FAF735FB054693
:109D080000287DD000240627564E27E0B3F5801F93
:109D180052D0B3F5001F1ED151F80C3041210393E6
:109D2800D2E90123013B029222F01F02134423F0DF
:109D38001F030593C3078DF8101000F1828098F86F
:109D4800000002A9FFF7DEFD002830DB98F800309C
:109D5800013388F800300134A54251D001994FEA07
:109D6800041C01EB0412D06800EA0603B3F5800F67
:109D780036D0CBD9B3F1006F28D0B3F1805FEAD1E8
:109D8800D2E9010351F80C20013B20F01F010B44DC
:109D98000121CDE9020223F01F038DF8101098F875
:109DA800000002A90593FFF7ADFD0028CEDA40F2C6
:109DB8002B212D48F8F714FED2E9010351F80C20A5
:109DC800013B20F01F010B442121E2E7D2E9010306
:109DD80051F80C20013B20F01F010B446121D8E70A
:109DE800D2E9010351F80C20013B20F01F010B447C
:109DF80023F01F03CDE902028DF8107005939EE74A
:109E0800144998F80030D1F89020C2F30722934201
:109E18000BDA0020C1F89830C1F8A000D1F89020E2
:109E28000133C2F307229A42F4DC0522094BC3F836
:109E38009420BFF34F8FBFF36F8F002006B0BDE8AB
:109E4800F08183210848F8F7CBFD40F2012106484C
:109E5800F8F7C6FD00ED00E0DCB10700AAFF4400FA
:109E6800AB1302200000F0FFACB1070008B5D1E940
:109E780004319847002008BD944610B50C461A4690
:109E8800614600234FF0020C86B00594064C0490FE
:109E98006846CDE90034CDE902338DF802C027F0D9
:109EA80019F806B010BD00BF759E040008B5024B36
:109EB8001B689847002008BD740A0220034A044919
:109EC8009378086043F002039370704754A7012009
:109ED800740A022008B50548F8F744FD002383F307
:109EE8001188BFF36F8F0423184602DF14B20700EE
:109EF80008B50649064821F00701C1F1005202F5EC
:109F08008022F8F7DFF8002008BD00BFD31903202E
:109F1800780A02202DE9F04F8FB0189C089205931B
:109F2800002C00F06B8205468E468C4603F0080331
:109F3800DFF88892DFF88882DFF888B206932B462C
:109F48009CF800200698114613F8014B00284BD1C5
:109F58003F2C7BD03AD8002C00F021812A2C3DD10F
:109F680069782A291AD1984C069D01E02A2915D129
:109F780013F8011F002DF9D0605C00F003000128E0
:109F8800F4D12031C9B22A2908D113F8011F605C25
:109F980000F003000128F4D02A29E9D02E2A1D4612
:109FA80000F04882002900F0C0822F2940F09282F8
:109FB8000598840740F18E8260462DF075FA844634
:109FC8000028BCD101200FB0BDE8F08F5B2C51D028
:109FD8005C2C03D10599C90740F163829442F1D101
:109FE8001D460CF1010CAAE777482646075D07F0E5
:109FF8000307012F00F0EF81875C07F00307012FAB
:10A0080000F0F3813F2ECAB220D00DDC002E00F004
:10A01800C6802A2EE2D16978405C00F0030001284E
:10A028009FD12031C9B29CE75B2E23D05C2ED5D1BD
:10A038000599CE07D2D46C78AB1C015D01F0030101
:10A048000129CBD104F12001CCB2C7E7002AB9D04D
:10A058002F2A00F000822E2AC2D1059A5107BFD5B7
:10A0680008998C45AED09207BAD51CF8012C2F2A36
:10A07800B6D1A7E7002AA5D02F2A00F0F1812E2A11
:10A0880003D10598470700F1FF816E78212E00F073
:10A09800AF815E2E00F0AC81002007930D900698EA
:10A0A800C9B230B14848405C00F00300012808BF3D
:10A0B8002031C9B25D2E0491CDE90A434FF0000169
:10A0C800079FDFF808E1DFF808A10C92CDF824C05B
:10A0D80058D0002E00F0A3812F2E00F023815C2E93
:10A0E800787800F000815B2E40F0E1813A2840F05A
:10A0F800DE81BD78002D00F064810023BA1C1C4667
:10A10800039105E045EA032312F8015F0C463DB1CF
:10A1180012F801CC2102BCF15D0F41EA1361F1D1C3
:10A128004C4508BF73458446039900F041819E451C
:10A1380079EB04057AD3274D5C4508BFAB4200F0A4
:10A148002F819D427BEB040562D3234D2348AC420B
:10A1580008BF834200F01B8105F57F4500F1C1600F
:10A16800F13500F50030AC4208BF834238D1049B7A
:10A178001678202B00F00081092B08BF0121174613
:10A188005D2EA6D1079BBB4280F0B3800D9BDDF806
:10A1980024C08B4207F101057FF423AF12E7059B2A
:10A1A8001046DC0605D4003818BF01200FB0BDE802
:10A1B800F08F2F2AF7D10020F8E700BF776F6C00E7
:10A1C80061707300746E63006A4208005D3A7265DC
:10A1D8005D3A65635D3A6C72706C61005D3A616806
:10A1E800A5F57F4500F1E060F33D00F50030AC4295
:10A1F80008BF83427FD19D4B04981B5C13F0070F67
:10A208000CBF0123002303B9012117461678B7E7CD
:10A218009748984DAC4208BF83421ED1934B04988F
:10A228001B5C83F00403C3F38003ECE7444508BFD9
:10A23800534500F0A4809A4578EB040534D28E4843
:10A24800844208BF73451CD1884B04981B5C03F0FB
:10A258000303013B18BF0123D5E705F5423500F19B
:10A26800DE60FA3500F58020AC4208BF834242D157
:10A278007E4B04981B5C13F0170F0CBF01230023BF
:10A28800C1E700F1D2407D4DA0F59B301338AC42B8
:10A2980008BF83422FD1754B04981B5C13F0440F01
:10A2A8000CBF01230023AEE77548764DAC4208BFCA
:10A2B800834208D16D4B04981B5C13F0970F0CBFB9
:10A2C800012300239FE700F1754005F20535AC42F4
:10A2D80008BF83420FD1654B04981B5C83F01003C1
:10A2E800C3F300138FE7059B8446DA0703D40646B9
:10A2F800013797F801C0069B7A1CC3B15B4B9B5D85
:10A3080003F00303012B0ABF06F12004F4B2E4B200
:10A31800BCF12D0F0FD0049B1746A34208BF0121A3
:10A3280016782DE7059B98073FF54CAEE1E7BCF1A1
:10A338002D0F3446EFD1B8780028ECD05D28EAD04C
:10A348005C2807F1020C5DD0069BFA1C53B1064647
:10A35800464B1D5C05F00305012D00F0AE8000287A
:10A368005DD0F0B2049B9CF80160A342FFF407AFF4
:10A37800049B83423FF603AF0121174600E73B4B9E
:10A3880004981B5C83F00803C3F3C0033BE7374B17
:10A3980004981B5C13F0030F0CBF0123002332E762
:10A3A800324B04981B5C83F02003C3F340132AE765
:10A3B8002E4B04981B5C03F00303023B18BF0123D8
:10A3C80021E7069B7A1C002B32D1049B5B2B70D0B3
:10A3D80006461746D4E620342646875CE4B207F0E2
:10A3E8000307012FF6B27FF40DAE02F1200109E652
:10A3F80001200D90A81CAE78079050E603200FB0FE
:10A40800BDE8F08F059BDB079ED4F878069B0646CF
:10A4180007F1030C3A1D002B9AD10028A2D1DDE9DF
:10A428000A430C9ADDF824C094423FF4D9ADC9E53B
:10A43800844663E7059847077FF5B4AD089CA445B3
:10A448003FF4C0AD86077FF5ADAD1CF8010C2F2891
:10A458007FF4A8ADB6E5059A90077FF5C1ADB1E5E3
:10A46800059880077FF511AEACE500BF6A42080089
:10A478005D3A74696769640070707500676964782B
:10A488005D3A746E69727000089EB4453FF49AADE7
:10A4980086077FF5FAAD1CF8010C2F287FF4F5AD7F
:10A4A80090E56C78AB1C94423FF49AAD8AE58446FB
:10A4B80021E706461746012111E6E02800F12006AB
:10A4C800ADD0F6B29B5D03F00303012B7FF449AFD7
:10A4D800203646E71E46E646189C002A3FF472AD31
:10A4E8007546059B184F04F1FF3803F0020429460E
:10A4F8003046059B089ACDF80080FFF70BFD002831
:10A508003FF454AE069A15F8013B32B1FA5C02F0FA
:10A518000302012A04BF2033DBB22F2B02D0002B09
:10A52800E5D14FE5002CE2D04CE5059BE64613F05B
:10A5380002003FF43BAEDD063FF53DAE2F216046FD
:10A548002CF0B2FF2FE600BF6A42080010B5402485
:10A5580082B0134600940A46FFF7DCFC02B010BD37
:10A5680010B4D0F800C0074C074AC4F800C04468CB
:10A5780006491460064B846802690C601A6010BCB6
:10A58800704700BF8C0A0220880A0220840A022031
:10A59800900A02204FF0340C30B40C4B827A0CFB3A
:10A5A8000232D26AD2E901240C601168827A0CFB6B
:10A5B800023393F824201D6B1B32431B22F0030245
:10A5C800B3FBF2F304FB031030BC70474CAB012023
:10A5D800704700BF2DE9F04F054685B068469146A3
:10A5E8009B46039121F086FCDDE90067002D00F011
:10A5F800A28005F11C08EFF3118A202383F3128847
:10A60800BFF36F8F404621F0C9F8002800F08F8013
:10A61800404621F0E9F86C8C002C69D02B8CA342C1
:10A6280034D8631E40466B8421F0C6F8002800F039
:10A6380087808AF31188BFF36F8F95F82420298CBF
:10A64800424B091B1B322C6B22F0030201FB024414
:10A65800EB1A3F4A9B1002FB03F3A37295F82430D0
:10A66800E372039D35BB65610026012331462381D2
:10A67800E27A658204F1180066602CF067FE63696F
:10A688002682E360204605B0BDE8F08F0022284608
:10A6980000231EF0F9FD044600283BD0404621F077
:10A6A8008BF800284CD08AF31188BFF36F8F039D75
:10A6B800002DD8D032463B46684621F04BFC342268
:10A6C800A37A224E204602FB0363DB6A03A91B68B8
:10A6D8001F68DDE90023B8476061E8B1039B9D422C
:10A6E80098BF1D46C0D94FF4AB711A48F8F778F9EE
:10A6F800404621F061F818B38AF31188BFF36F8FD1
:10A708004A465B4628461EF0BFFD04460028A8D1ED
:10A718000024B7E76C8C84E7A37A214603EB430255
:10A7280003EB820306EB83001EF0A2FDF0E788210D
:10A738000948F8F755F940F201110648F8F750F9B9
:10A748004FF49A710448F8F74BF900BF4CAB01205D
:10A75800C54EECC420B207002C8D0700C16A896879
:10A76800FFF738BF2DE9F04182B0002836D0044603
:10A77800342600271C4D2046037A64684BB3013BFE
:10A78800DBB2037253B990F80A80C36006FB085223
:10A798004360936A2BB19847002CECD102B0BDE816
:10A7A800F081416949B1437ADB0705D4D36A019046
:10A7B8001B689B6898470198476108EB480308EBBA
:10A7C8008308014605EB88001EF052FD002CD2D10B
:10A7D800E4E740F2C1110548F8F702F940F2BB116D
:10A7E8000248F8F7FDF800BF4CAB012020B2070083
:10A7F80008B5034620B118465B68002BFBD108BD9D
:10A8080040F231210148F8F7EBF800BF20B2070009
:10A8180010B550B171B144682CB10B461A465B684B
:10A82800002BFBD15460416010BD4FF40F710448F8
:10A83800F8F7D6F840F23D210148F8F7D1F800BF03
:10A8480020B2070008B561B130B103461A465B680B
:10A85800002BFBD1516008BD0B7A084601330B72FF
:10A8680008BD4FF412710148F8F7BAF820B2070092
:10A878002DE9F041069C07468C4228BF0C46264627
:10A8880014461AB91FE064689B1AE4B1228A9342FD
:10A89800F9D24FF0000816B919E0002386B1258ACD
:10A8A800E168ED1AB54228BF354607EB08002A468D
:10A8B80019442CF03FFD6468761BA844002CECD1A9
:10A8C8004046BDE8F081A0464046BDE8F081B0466C
:10A8D800F6E700BFB02108B50148F8F781F800BFD6
:10A8E8005CB2070008B528B183883BB983680B447C
:10A8F800036008BD2B210348F8F772F82C210148A2
:10A90800F8F76EF85CB2070038B503460468B0F88B
:10A9180004C0DA889D6804EB0C00A2EB0C02641BEF
:10A92800121B914203D88C44A3F804C038BD3E21C1
:10A938000148F8F755F800BF5CB2070038B5034680
:10A948000068B3F804E0B3F806C09D68ACEB0E0CE1
:10A95800451BACEB050C6245704406D89644A3F839
:10A9680004E0BDE838402CF0E5BC3E210148F8F78A
:10A9780037F800BF5CB2070008B583888B4205D35F
:10A988005B1A9BB202688380D01808BDFFF7A2FF4C
:10A9980008B582888A4206D303460068521A0844DA
:10A9A8009A80186008BD40F2C3110148F8F718F8FA
:10A9B8005CB2070003688168C288B0F804C05B1AFB
:10A9C800A2EB0C00C01A704703688268C0889B1A03
:10A9D800C01A80B2704700BF0CB4034600B583B0FC
:10A9E80004AA084652F8041BDB680192984703B092
:10A9F8005DF804EB02B07047062810B51ED8134C5A
:10AA080000EB40034FEA031E4FEA400C04EB03132C
:10AA1800D3E8AF3F93B1A4F1080303EB0E046468D5
:10AA28000C6022B10EF10C0E03EB0E011160844490
:10AA38004FEA0C1C53F80C30184610BD2CF08CFF54
:10AA48000921034A00231150F6E700BF40F3012013
:10AA58000C00000070B5002425461F4E4FF0FF3251
:10AA68004FF0FF331D481EF05FF906F108010B197E
:10AA7800D3E8AF2F82B10135072D04F13004F6D1A8
:10AA88002CF06AFF1722164B4FF0FF351A50134867
:10AA98001EF0FAF9284670BDD3E8EF0F0130C3E87D
:10AAA800E10F0029F8D10020002105EB450306EB52
:10AAB80003139A62C3E9000104F10C0030441EF04C
:10AAC8002BF904F1200030441FF0BCF903481EF0B4
:10AAD800DBF9284670BD00BF38F3012018AA012011
:10AAE8000C00000070B515460F4E00EB400006EB59
:10AAF80000120401D362315155609DB1EB688BB1EE
:10AB08002CF02AFF0C3433190446084E2846A55960
:10AB180040F20512FFF760FF5F2D03D0A3595F2BAA
:10AB280008BFA55170BD00BF38F301200C0000001C
:10AB380030B500EB40030F491B0108334FEA400CC6
:10AB48000B44D3E8AF2F02F1FF3E52B1D3E8EF4FE9
:10AB5800944203D1C3E8E5EF002DF7D1F1D1012AE2
:10AB680000D030BD00220023844401EB0C11C1E960
:10AB7800002330BD38F3012006282DE9F84343D8D7
:10AB880000EB4004244F240104F1080605464FEA6F
:10AB980040083E44D6E8AF3FB3B304F10C09B944CA
:10ABA8004FF0FF324FF0FF3348461EF0BDF83A1918
:10ABB80053689B6833B3D26A385912F4404F1DD199
:10ABC8009847044648461EF05FF9D6E8AF3F5A1E3C
:10ABD8008BB1D6E8EF1F994203D1C6E8E02F0028D1
:10ABE800F7D1F2D1012B06D100200021A84407EBB0
:10ABF8000813C3E900012046BDE8F88329469847B1
:10AC08000446DFE71C46DDE72CF0A6FE0922034BCD
:10AC18004FF0FF341A50EEE738F301200C00000023
:10AC28000122024B0020C3F84025704700900340E2
:10AC380058B1064B06491B68064AA1FB03139B0C37
:10AC480003FB00F042F0010210477047A8A801205A
:10AC580083DE1B436084070008B54FF6FF723F236D
:10AC68000348C0E9002318F023FB002008BD00BFFB
:10AC780088F40120F0B5064683B00D461746164CF9
:10AC880020461DF063FA00B3AAB2A3681B68FBB1A3
:10AC9800204631469847002802DB002003B0F0BD6B
:10ACA800002FFBD1002DF8D03C462F1B042F28BFC6
:10ACB800042717F0B1FD3A46019001A930193C4428
:10ACC8002CF038FBA542F0D8E7E76FF01200E5E773
:10ACD8005D210248F7F784FE3C7B07009CB2070021
:10ACE8000022FFF7C7BF00BF012208B5FFF7C2FF68
:10ACF800002818BF6FF0040008BD00BF2DE9F04719
:10AD08001E4CDFF87C80444530D825D205460F46D6
:10AD18009146A8EB040323F00F03E6182368AB421F
:10AD280000D0A3B9A3682BB34A46394628469847AA
:10AD380068B12CF011FE394603460027114EE4682D
:10AD48009F514A4628462346BDE8F0471847B44273
:10AD58000CD010344445E1D32CF0FEFD6A210346A3
:10AD6800084A4FF0FF30D150BDE8F0876D21064802
:10AD7800F7F736FE75210448F7F732FEC07E070064
:10AD8800E07E07000C000000D0B20700FFF7F4BE19
:10AD980030B583B00D4601AA6946FFF72DFEF0B124
:10ADA800009B1B699BB1044601984FF0FF324FF09E
:10ADB800FF331DF0B9FF009B294620461B699847C1
:10ADC800044601981EF060F8204603B030BD862383
:10ADD8002CF0C2FD034A4FF0FF341350F4E7092367
:10ADE800F6E700BF0C00000070B582B00E461546AD
:10ADF800694601AAFFF700FEF8B1009B5B69A3B1A1
:10AE0800044601984FF0FF324FF0FF331DF08CFFDE
:10AE1800009B2A46314620465B69984704460198BC
:10AE28001EF032F8204602B070BD5F222CF094FD6F
:10AE3800034B4FF0FF341A50F4E70922F6E700BF3E
:10AE48000C00000070B582B00E461546694601AA8E
:10AE5800FFF7D2FDF8B1009B9B69A3B104460198A6
:10AE68004FF0FF324FF0FF331DF05EFF009B2A4684
:10AE7800314620469B699847044601981EF004F81D
:10AE8800204602B070BD5F222CF066FD034B4FF0E8
:10AE9800FF341A50F4E70922F6E700BF0C0000005F
:10AEA80030B583B00D4601AA6946FFF7A5FDF0B19C
:10AEB800009BDB699BB1044601984FF0FF324FF0CD
:10AEC800FF331DF031FF009B29462046DB69984778
:10AED800044601981DF0D8FF204603B030BD5F221C
:10AEE8002CF03AFD034B4FF0FF341A50F4E70922D7
:10AEF800F6E700BF0C000000F0B585B00F46164617
:10AF080002A903AA1D46FFF777FD20B3029B5B6ADF
:10AF1800CBB1044603984FF0FF324FF0FF331DF0DA
:10AF280003FF0B9B204601930A9B029C0093324629
:10AF38002B463946646AA047044603981DF0A4FFCF
:10AF4800204605B0F0BD5F222CF006FD034B4FF004
:10AF5800FF341A50F4E70922F6E700BF0C0000009E
:10AF680070B582B00E461546694601AAFFF744FD42
:10AF7800F8B1009B5B6BA3B1044601984FF0FF3218
:10AF88004FF0FF331DF0D0FE009B2A463146204685
:10AF98005B6B9847044601981DF076FF204602B087
:10AFA80070BD5F222CF0D8FC034B4FF0FF341A50D1
:10AFB800F4E70922F6E700BF0C000000F0B585B001
:10AFC8000F46164602A903AA1D46FFF715FD20B332
:10AFD800029B9B6ACBB1044603984FF0FF324FF0B7
:10AFE800FF331DF0A1FE0B9B204601930A9B029C98
:10AFF800009332462B463946A46AA0470446039874
:10B008001DF042FF204605B0F0BD5F222CF0A4FCE5
:10B01800034B4FF0FF341A50F4E70922F6E700BF5C
:10B028000C00000008B50AF055FAB0FA80F04009A3
:10B0380008BD00BFF0B585B00F46164602A903AAA1
:10B048001D46FFF7D9FC10B3029BDB6ABBB104466F
:10B0580003984FF0FF324FF0FF331DF065FE0A9B57
:10B068002046029C009332462B463946E46AA047A4
:10B07800044603981DF008FF204605B0F0BD5F2286
:10B088002CF06AFC034B4FF0FF341A50F4E7092206
:10B09800F6E700BF0C000000F0B585B00F46164675
:10B0A80002A903AA1D46FFF7A7FC10B3029B1B6B5E
:10B0B800BBB1044603984FF0FF324FF0FF331DF049
:10B0C80033FE0A9B2046029C009332462B463946A3
:10B0D800246BA047044603981DF0D6FE204605B011
:10B0E800F0BD5F222CF038FC034B4FF0FF341A50B0
:10B0F800F4E70922F6E700BF0C00000070B582B043
:10B108000E461546694601AAFFF776FCF8B1009B82
:10B11800DB6BA3B1044601984FF0FF324FF0FF33C9
:10B128001DF002FE009B2A4631462046DB6B9847FD
:10B13800044601981DF0A8FE204602B070BD5F22AB
:10B148002CF00AFC034B4FF0FF341A50F4E70922A5
:10B15800F6E700BF0C00000070B582B00E46154639
:10B16800694601AAFFF748FCF8B1009B1B6CA3B124
:10B17800044601984FF0FF324FF0FF331DF0D4FD25
:10B18800009B2A46314620461B6C98470446019886
:10B198001DF07AFE204602B070BD5F222CF0DCFB69
:10B1A800034B4FF0FF341A50F4E70922F6E700BFCB
:10B1B8000C000000013801288CBF002001207047D6
:10B1C8002DE9F04F84468E46154687B003F00203FA
:10B1D80000297FD0002A55D0D2F800B0D946BBF15B
:10B1E800000F49D0012201924FF0000ACDE9045C1A
:10B1F800D1461E4675460CF1600840461EF0B4F86C
:10B208000446002835D0504533D00CF023FFBAF15E
:10B21800000F08BFA2465845024628BF5A46019962
:10B2280003469144ABEB020791B17AB32968002E2B
:10B2380045D0E3682046D4F810B0039202930CF08E
:10B24800B3FD2968039A029B11442960C4E9033BB2
:10B258000022002340461EF017F8014640461DF024
:10B26800FBFF4FB3BB4640461EF07EF8044600285D
:10B27800C9D1049D019B0BB1C5F800B0484607B081
:10B28800BDE8F08F4FF0FF3B0195ADE7002EDFD111
:10B298005B45E6D80023404600221DF0F5FF90F8F4
:10B2A80037309B0704D5059AD36D43F00103D36566
:10B2B8000CF07EFA002FD5D1BB46049DDAE7039047
:10B2C800204602920CF070FD2968029A039B1144F3
:10B2D8002960DDE7002AD5D0D2F800B0BBF1000F15
:10B2E80001D0019180E7D946C8E700BF70B5C36DAA
:10B2F8000D46DB07049E39D40446D0F8840028B1F3
:10B308004FF0FF324FF0FF331DF00EFD002E18DB1B
:10B3180004F16006FDB195F8373029466FF3410313
:10B32800304685F837301DF097FF04F17C001EF099
:10B338008FFDD4F8840018B1BDE870401DF0A4BD9D
:10B3480070BDE36D764243F004036660E36504F183
:10B358006006002DDFD130461EF00EF858B190F887
:10B36800373043F0020380F83730DEE70846BDE89F
:10B3780070400CF01DBAE36D43F00103E3653046FD
:10B388001DF0FAFED1E700BF70B551B30C2A28D1E1
:10B398001D460B680C4623B30646886860B108F062
:10B3A800F9F9B0B185B921460EF0A8FE0028A8BF6A
:10B3B800002223DB104670BD081D08F0FFFC08F0D2
:10B3C800E9F90028EED104E0002221460EF054FEEF
:10B3D800ECE796F9920000280BDD08F0DBF900286D
:10B3E800E0D116232CF0B8FA05494FF0FF320B5084
:10B3F800E0E708F083FA0028D4D1F2E74342F1E706
:10B408000C000000F0B583B006460F461546FFF75E
:10B4180021FB041E3ADBF5B1AAB2B0B2F9B201AB16
:10B428000AF0D4FE061E29DB002301984360C36599
:10B4380060301DF093FE01987C301EF003FD062D50
:10B4480018D04FF440432046124A0199FFF74AFBAF
:10B45800204603B0F0BD731E012B01D92A46DCE754
:10B46800022F04D0012FF9D106221546D5E7112263
:10B478001546D2E701980AF085FFE2E72046FFF774
:10B4880057FB2CF069FA044B76421E504FF0FF34FC
:10B49800DEE700BF74B307000C00000040F277211C
:10B4A80008B50148F7F79CFA04B3070040F22721D2
:10B4B80008B50148F7F794FA04B30700F8B508B3DC
:10B4C8000546B0F8907000F16006C7F34107002206
:10B4D800002330461DF0D8FE044620B1032F0BD0C0
:10B4E8000CF066F9F3E730461DF046FE05F17C00E6
:10B4F800BDE8F8401EF0ACBCFFF7E0FF20460AF0BC
:10B508007BFFE4E7FFF7D2FF4FF4137108B501485A
:10B51800F7F766FA04B30700002900DB704710B597
:10B52800C36D494243F0040304464160C36560307B
:10B538001DF022FE04F17C00BDE810401EF088BC1E
:10B5480030B5002B83B0069D02D01FDB03B030BDA1
:10B55800009300220023164904460BF069FC04F10D
:10B5680060001DF0FBFD04F17C001EF06BFC214621
:10B5780005F160001DF070FE20460AF003FF05F19A
:10B588007C0003B0BDE830401EF062BCEA6D5B424F
:10B5980042F004026B60EA6505F160001DF0ECFD05
:10B5A80005F17C0003B0BDE830401EF051BC00BF7F
:10B5B800F5B20400F8B540F203139942044600F0CE
:10B5C8008480B1F5827F45D2042900F0A080B1F5CE
:10B5D800817F4DD1D2E90015B1F904309668DF07B3
:10B5E80056D458072ED5002C00F0E680B4F89030D9
:10B5F800C3F38113012B29D194F9920008F0CAF8FA
:10B608002F68BE4200F0D580B4F890302046C3F3CE
:10B618004103012B00F0B08012F020F902213861BB
:10B628002B685A7B61F305025A732B689A7B6FF378
:10B6380045129A732B68DA686FF39432DA602B68D4
:10B6480014332B60E36D13F0050F0FD06FF0770301
:10B658001846F8BD45F21B43994260D045F2214394
:10B6680099420DD1C36D43F00203E3650023EFE770
:10B67800032961D1C36DC3F340039B031846F8BD8A
:10B6880040F20513994257D11368C0F88430EDE7AA
:10B698002B689E4200F08D80042004F160021A613C
:10B6A8002B685A7B60F305025A732B689A7B6FF3F9
:10B6B80045129A732B68DA686FF39432DA602B6854
:10B6C80014332B60B1F904308BE7D2E90056B5F991
:10B6D8000430D90742D53368DA6812F4EE1F34D142
:10B6E800C26DD20731D414333360AB885F0738D4C6
:10B6F800E36D5A0704D5EB8843F00803EB80E36D4C
:10B70800DB07B3D5EB8843F01003EB80AEE7126894
:10B71800C36D520423F00203A5D4C365A6E7002332
:10B72800146819461A46FFF74BFD6FF0004398421C
:10B7380028BF1846206099E72CF00EF95F214FF0DA
:10B74800FF331E4A11501846F8BDEB8843F0010339
:10B75800EB80336814333360B5F904305807C7D524
:10B7680054B3B4F89030C3F38113012B07D0EB889E
:10B7780043F00403EB80BBE712F074F84EE794F94A
:10B78800920008F007F83368DA6812F4FE1F0DD04B
:10B79800E26DD1070AD4B4F89020C2F34102022A1C
:10B7A80004D1EB8843F00403EB803368143333602F
:10B7B8009EE76FF00B034BE7FFF770FE0C000000ED
:10B7C8002DE9F04788B00D46DDE9104858EA040134
:10B7D800129F00F0A88015F1690FA146C2460646DF
:10B7E80066D015F10B0F40F09E80684620F0B2FB42
:10B7F800DDE90023134300F09880B8F1FF3F08BF4C
:10B80800B4F1FF3F3AD04FEA48126301B3EB0903A2
:10B8180042EAD46262EB0A02920042EA93729B0007
:10B8280013EB090342EB0802D20042EA5372C3F356
:10B83800103343EA42433A68934228BF13463B60B9
:10B84800D6F8840008B11DF01FFB15F1690F1FD051
:10B858000B3517D03B685B00642B28BF64233B6023
:10B86800D6F8840028B14FF0FF324FF0FF331DF0B7
:10B878005BFA0023184608B0BDE8F087D6F88400C4
:10B888000028E0D1B6F89040C4F38114012C21D0EF
:10B898004FF4004340F2E73000213A68E2FB03012D
:10B8A8004FF47A72002325F03FF81FF0B1FBD1E77F
:10B8B800684620F04FFBDDE9002313432BD0B8F195
:10B8C800FF3F08BFB4F1FF3F9DD1D6F884000028A0
:10B8D800B9D1DDE796F9920007F05CFF304611F028
:10B8E800BDFF00220346022103A820F03DFE4FF4CD
:10B8F800004340F2E73000213A68E2FB03014FF4CD
:10B908007A72002325F010F802460B46214603A858
:10B9180020F048FE9EE70C252CF01EF8044A4FF054
:10B92800FF331550A6E76D42F6E76925F4E700BF37
:10B938000C000000F0B51546028C85B0012A25D10F
:10B948000024436ACDE90244C3B108230E4601AA84
:10B958000DEB030101930BF089FC0028B8BF4342AB
:10B968000DDB019F2A683046BA4228BF3A4602A931
:10B978002BF0E0FC20462F6005B0F0BD16232BF01D
:10B98800EBFF054A13504FF0FF30F5E72BF0E4FFCB
:10B998001622014B1A50F6E70C00000010B582B0D1
:10B9A80004460AF059FD031E14DBDCB1B4F89030EC
:10B9B800C3F38113023B012B02D9002002B010BD52
:10B9C8006368002200932046002307490BF030FAF1
:10B9D800031EF2DA2BF0C0FF044A5B4213504FF00B
:10B9E800FF30EBE7FFF75AFDF5B204000C0000004A
:10B9F80010B582B048B30021B0F890300446C3F3C4
:10BA08004103032B4FF000024FF00003009111D0C7
:10BA18000BF00EFA0422E36D20461343E3656260DF
:10BA2800FFF74CFD20460AF0E7FC031E05DB18462D
:10BA380002B010BD0BF028F9ECE72BF08DFF044A9B
:10BA4800594211504FF0FF33F1E7FFF72FFD00BFC8
:10BA58000C000000FFF7CCBF10B582B029BB04462C
:10BA680068B3B0F890200023C2F34102032A009182
:10BA78004FF000020DD00BF0DBF9031E0DDBE36D78
:10BA8800204643F00103E365FFF718FD002002B0EC
:10BA980010BD0BF0F9F8031EF1DA2BF05DFF094A2F
:10BAA8005B4213504FF0FF30F1E74B1E2BF054FF71
:10BAB800012B94BF86221622024B1A50F2E7FFF799
:10BAC800F5FC00BF0C000000FFF7C6BF2DE9F043EE
:10BAD80085B0002870D0B0F890301646C3F38112B4
:10BAE800032A044662D0C3F34103022B1BD0012B67
:10BAF800C76D51D017F002070D4618D1012A4FF42F
:10BB0800C0384FF00009636819D0029332463B46AB
:10BB180029462046CDE900890AF0C0FF031E35DB1F
:10BB2800E36DDB0728D5002005B0BDE8F083012AC6
:10BB38004FF000084FF00009204F6368E5D10093EB
:10BB48002046002200231E490BF072F900280BDB67
:10BB5800CDE90089204664683B463246294602946E
:10BB68000AF09CFF0028DEDA43422BF0F5FE154A66
:10BB780013504FF0FF30D7E76568002300222046B6
:10BB88000F4900950BF054F9031ECCDA2BF0E4FEB4
:10BB98000C4A5B421350ECE72BF0DEFE7A0753BFEA
:10BBA8007822084B6268074B1A50E2E72BF0D4FE64
:10BBB8005F22044B1A50DCE7FFF770FC21B5040044
:10BBC800F5B204000C000000FFF780BF10B582B08A
:10BBD80010B3B0F890300446C3F38113032B19D087
:10BBE8000AF022FD00280DDB0022002320460B4925
:10BBF80000940BF049F80028A8BF002202DB104689
:10BC080002B010BD43422BF0A7FE05494FF0FF32AA
:10BC18000B50F4E75F23F6E7FFF740FC49B5040053
:10BC28000C000000FFF7D2BF2DE9F04F0A244FF0B7
:10BC3800FF3A4FF0FF3B91B016465A060D940D4659
:10BC48000446CDE90EABDDF8688003D4C36D13F06C
:10BC5800020359D0002200230DF128094846CDE9F6
:10BC68000E2320F047F9DDE90AABDDE90E2348464B
:10BC780020F040F9DDE90A12E36DCDE90812DB078F
:10BC880051D5CDE906AB63680DAFB8F1000F2ED0E2
:10BC9800DDE90EAB0493002301931B9B2946009317
:10BCA800324643462046CDE902AB0BF097F80146F1
:10BCB80000290BDADDE90EABDDE906232046CDE9E4
:10BCC80000AB0297FFF77CFD011E03DA084611B0AE
:10BCD800BDE8F08FDDE90823484620F03BF9DDE9AF
:10BCE8000A23CDE90E236368B8F1000FD0D1DDE94E
:10BCF8000EAB29460293324643462046CDE900ABB7
:10BD08000BF006F80146D3E705210EAA0DF1280924
:10BD18000BF0FCF948464FF4A022002320F0EAF883
:10BD2800DDE90AABA1E763682046009300220023FF
:10BD380006490BF07DF8031EA3DA2BF00DFE044A2A
:10BD48005B424FF0FF311350C0E700BFF5B204006B
:10BD58000C000000FFF768BF002300B583B0CDE9F1
:10BD68000033FFF761FF03B05DF804FB0A232DE9F8
:10BD7800F04F4FF0FF344FF0FF358DB00993530665
:10BD8800CDE90A450F461546044603D4C36D13F0A2
:10BD980002033ED0002200230DF1180A5046CDE9D7
:10BDA8000A2320F0A7F8DDE90689DDE90A234FF028
:10BDB800000B504620F09EF8DDE90623CDE9042368
:10BDC80009AEDDE90A012A46CDE90001002339461A
:10BDD8002046CDF808B00AF0DBFF011E0BDADDE9DA
:10BDE8000A232046CDE90023029642464B46FFF738
:10BDF800E7FC011E03DA08460DB0BDE8F08FDDE967
:10BE08000423504620F0A6F8DDE90623CDE90A23ED
:10BE1800D7E705210AAA0DF1180A0BF077F94FF4B4
:10BE2800A0220023504620F065F8DDE90689BCE72A
:10BE3800FFF79CBFD0F88430A3B110B50446036E59
:10BE48000BB1002010BDD1E90023D0F884107C305C
:10BE58001EF062F80028F5DBE36D5B07F1D560683A
:10BE6800404210BD6FF01500704700BFF0B583B0B9
:10BE7800002800F0A580B0F890300446C3F3811381
:10BE8800032B74D0C36D5E0765D49D070F46164615
:10BE98003BD5002204F1600000231DF0F5F90446AB
:10BEA80000285ED00EF01CFDFEF7D4FD051E4BDB0E
:10BEB80004F160001DF060FA18B190F83730990766
:10BEC8005BD4B4F890305A0535D423F40073A4F841
:10BED800903087B17EB132683846082A28BF0822D8
:10BEE80004F128012BF026FA238D012B20D0022BF8
:10BEF80056D1182333604FF4404321462846314A2F
:10BF0800FEF7F0FD284603B0F0BD4FF0FF334FF0C9
:10BF1800FF326946CDE90023FFF78CFF031EB8DA2C
:10BF28002BF01AFD284A5B4213504FF0FF35E9E722
:10BF380008233360DFE72BF00FFD71210346224A07
:10BF48002846D150FEF7F4FD2046FFF7B7FA204601
:10BF58000AF052FAE9E72BF0FFFC1B4B62681A5013
:10BF6800E3E72BF0F9FC0B22174B1A50DDE72BF017
:10BF7800F3FC5F22144B1A50D7E7E36D284643F0D1
:10BF88000103E365FEF7D4FD2046FFF797FA204644
:10BF98000AF032FA2BF0E0FC71220B4B1A50C4E77E
:10BFA8002846FEF7C5FD2BF0D7FC86210346064A36
:10BFB8002046D150FFF782FA20460AF01DFAB4E76E
:10BFC800FFF76CFA74B307000C000000FFF74EBFD0
:10BFD8002DE9F04F154699464FF0FF324FF0FF33E9
:10BFE8008FB0CDE90423189B04465F068846199E46
:10BFF80004D4C36D13F0020300F0FB800022134643
:10C00800CDE90422189904F1600711F0020A18D04A
:10C01800002104200C91CDE909110D978DF831000C
:10C028000B91012109A820F0BDFA00F10B020B2A9F
:10C03800034640F210812BF08FFC9F4A5B4213505D
:10C048009CE0DDE9042338461DF01EF90746002F61
:10C0580000F01D81FB6802933B690193002E58D0C4
:10C068001A9B002B55D03846B4F88EB01C680BF0DC
:10C078007DFE97F83730C3F30213338097F83730D3
:10C08800C3F30213012B40F0F68000221423072C7F
:10C09800CDE9092340F2EA80384609A90CF0B6F840
:10C0A800044620B138460A990BF066FE28B1692388
:10C0B800029AFA60019A3A6190E0384697F83A1085
:10C0C8000BF05AFE0028F2D1E36873605FFA8BF335
:10C0D800112B00F0E480062B40F0CD8009AB0793CC
:10C0E8001423384607A908930CF090F80346002853
:10C0F800DDD01B887380029BFB60019B3B6133880A
:10C10800012B00F0BA80022B40F0C78018231A9A3E
:10C118001360B8F1000F51D0D8F80C30002B00F0A4
:10C12800B080D8F80830002B00F0AB8038460BF010
:10C1380091FF8145CB4628BF83460646BBF1000FD9
:10C1480022D05D46002403900CE05B683846AB4281
:10C1580028BF2B461A461E460BF026FE00283CD167
:10C16800AD1B10D0D8F808301959234408340029D9
:10C17800EBD12BF0F1FB16224F4B1A504FF0FF304A
:10C188000FB0BDE8F08F039EB14540D3D8F810003A
:10C1980000286DD0D8F81430002B3FD1BAF1000F29
:10C1A80055D0029BFB60019B3B61189B13F0200F4D
:10C1B8000CBF584630460FB0BDE8F08F38460BF03C
:10C1C80049FF0646B14528BFB146294638464A4682
:10C1D800CB460BF0E9FD0028E0D069232BF0BCFB2F
:10C1E800354A1350BAF1000FC8D138460BF0E0FABF
:10C1F800C4E7042104AA0AF089FF204604A9FFF72E
:10C2080019FE031EFFF617AFDDE90423FAE6D8F896
:10C21800183043F02003C8F81830B7E70F2B4FF059
:10C2280000050FD900EB030C0168CA1D22F00703B3
:10C238001033034422F0070221B163450D4401D8AD
:10C248001044F1E7C8F81450BAF1000FA9D13846E4
:10C258000BF0AEFAA9E7194941FA02F2D1073FF506
:10C26800EAAE38461DF080F80746F0E616231FE7C9
:10C27800C8F8140092E786231AE708231A9A13606D
:10C2880047E72BF069FB0C220B4B1A5076E72BF093
:10C2980063FB0B22084B1A5070E786239EE708239E
:10C2A80038460A9309A907AB09930BF0AFFF034679
:10C2B80000287FF41EAFFAE60C0000007EF7FFFFAF
:10C2C8002DE9F04F17461C464FF0FF324FF0FF3371
:10C2D8008FB0CDE90A23DDF86090002800F0C48013
:10C2E800B0F890300546DE0740F1BA80C3F3410349
:10C2F800022B18BF80237FD119F0400F0E460BD1B7
:10C30800C36D9A0708D413F0050300F0A1804CB957
:10C3180020460FB0BDE8F08F00220023CDE90A23A4
:10C32800002CF5D0DDE90A23CDE90C2309F480734C
:10C33800CDE9077403930EB1002F7AD0DDE90C2301
:10C348000024274604A81FF0D5FDDDE90423CDE924
:10C358000023EB6D13F0040173D1DB0776D4DDE91C
:10C368000CA85AEA080340D1002E4CD04B46284668
:10C3780009AA07A9FEF724FF074450EA070302D1D8
:10C388005AEA080352D0B168089A51F83430121AA0
:10C398000344099807930892E30000283BD1F0680A
:10C3A8000134844211D00833C818CB584168079328
:10C3B80009910BB10029D9D19346DDE900230CA8D6
:10C3C8001FF0C8FDBBF1000FC3D1384627EAE77458
:10C3D800002810DB19F0020F9AD1214628460AF0EE
:10C3E800D3FD20460FB0BDE8F08F28460CA9FFF713
:10C3F80021FD0028B8DA43422BF0AEFA1D4A4FF06F
:10C40800FF34135084E74B46284608AA07A9FEF7CD
:10C41800D7FE30B10744039B002BD6D0DDF820B0FF
:10C42800CBE7002FF7D15AEA0808F4D16FF00A00D9
:10C43800E1E7F368B3B1B3681A685B6807920993D8
:10C448007CE76868404220EAE074C1E70C46C1E72F
:10C4580004210AAA0AF05AFE002C3FF459AF61E7FA
:10C468000923C9E71623C7E740F2C1110248F6F7C6
:10C47800B7FA00BF0C00000004B30700F0B585B0A0
:10C48800DDE90A67F8B11D461446B0F890307AB174
:10C49800C3F381130A46991E01290CD9012B14D123
:10C4A800234600210A9505B0BDE8F040FFF708BF14
:10C4B800104605B0F0BD234600210297019600956D
:10C4C800FFF786FDF5E7FEF7E9FF40F2276101482F
:10C4D800F6F786FA38B3070000B585B0F8B1134609
:10C4E8000A46B0F890107BB1C1F38111A1F1020C9A
:10C4F800BCF1010F0CD9012913D100210091FFF7DC
:10C50800DFFE05B05DF804FB184605B05DF804FBD6
:10C518000021CDE901110091FFF75AFDF1E7FEF77F
:10C52800BDFF40F227610148F6F75AFA38B3070011
:10C5380070B584B0002838D0B0F890301646C3F3F0
:10C548008112154639B38C686CB3CB6853B104EBD0
:10C55800C30EA4460023DCF804400CF1080CE645A1
:10C568002344F8D1023D012D09D9012A1FD1002207
:10C578000096FFF7A5FE0346184604B070BD0A1DD5
:10C5880002920A68009601920022FFF721FD0346F5
:10C59800184604B070BD16222BF0DEF906494FF09C
:10C5A800FF330A50E8E70C22F6E7FEF777FF40F280
:10C5B80049610248F6F714FA0C00000038B3070086
:10C5C800FFF7B6BFF0B50C4683B0062C11461D46E2
:10C5D800089F4CD02EDC002C52D0012C31D1911E5A
:10C5E80025292ED8DFE811F0F300E800FB002D0024
:10C5F8002D002D002D002D002D002D002D002D00CB
:10C608002D0010012D002D002D002D002D002D00D6
:10C618002D002D002D002D002D002D002D002D00AA
:10C628002D002D002D002D002D002D002D002D009A
:10C638000A010101292C04D1132A7DD00BDD432ADC
:10C6480068D06D232BF088F94FF0FF3280490B50EA
:10C65800104603B0F0BD102A65D0122AF1D13B462E
:10C668002A460E210AF052FD00285ADA62E0012A11
:10C67800E7D13B462A4603B0BDE8F04011F0A2B826
:10C68800511E2129DDD801A353F821F081C70400E8
:10C6980091C704004BC604004BC604004BC60400F7
:10C6A8004BC604004BC604004BC604004BC604002E
:10C6B8004BC604004BC604004BC604004BC604001E
:10C6C800A1C704004BC604004BC604004BC60400B7
:10C6D8004BC604004BC604004BC604004BC60400FE
:10C6E8004BC604004BC604004BC604004BC60400EE
:10C6F8004BC604004BC604004BC604004BC60400DE
:10C708004BC604004BC6040051C70400B1C704005F
:10C7180071C704003B462A4608210AF0F7FC0028A6
:10C7280008DB002294E73B462A460F210AF0EEFC7C
:10C738000028F6DA434285E73B462A4616210AF0E6
:10C74800E5FC0028EDDAF5E700287CD0B0F8903059
:10C75800C3F3C203012B70D104233A6801930DB1CE
:10C768009A4259D016236DE73B462A4617210AF00C
:10C77800CDFC0028D5DADDE73B462A4608210AF039
:10C78800C5FC0028CDDAD5E73B462A4610210AF039
:10C79800BDFC0028C5DACDE73B462A4614210AF03D
:10C7A800B5FC0028BDDAC5E73B462A460D210AF04C
:10C7B800ADFC0028B5DABDE7002846D03A68B0F8E5
:10C7C8009030042AC3F38113CCD12B60A9E73B46F0
:10C7D8002A4609210AF09AFC0028A2DAAAE73B684F
:10C7E800042BBFD143682B609BE73B68042BB9D16E
:10C7F80048B3B0F89030C3F3C203E6E73A68B0F83C
:10C808008E30042AE1D0ADE73B462A460A210AF0D9
:10C818007DFC002885DA8DE76B4413216A460AF00F
:10C8280075FC031E0BDB009808B9286079E707F050
:10C8380023FA30B143682B6073E76A2302E75B424F
:10C8480000E70223FEE6FEF75FFEFEF727FE00BFC5
:10C858000C000000FFF7B6BEF0B50C4683B0062CFE
:10C8680011461E46089F52D0054614DC002C57D0AE
:10C87800012C17D1911E172914D8DFE801F03D13B8
:10C888001313131313131313134413C91313131389
:10C898001313131313D2292C04D11A2A0CDD432A9B
:10C8A80000F08C806D232BF057F84FF0FF34A94A25
:10C8B8001350204603B0F0BD0F2AF3DDA2F110019A
:10C8C8000A29EFD801A353F821F000BFD7C9040003
:10C8D800E7C90400F7C9040007CA0400ADC804008A
:10C8E800ADC80400ADC80400ADC80400ADC804005C
:10C8F800ADC804000FC904003B46324609210AF0BE
:10C9080059FB002861DB0024204603B0F0BD012A52
:10C91800C8D13B46324603B0BDE8F04010F012BF24
:10C92800511E2329BED801A353F821F055CA04008B
:10C9380067CA0400ADC80400ADC80400ADC804004F
:10C94800ADC80400ADC80400ADC80400ADC80400FB
:10C95800ADC80400ADC80400ADC80400ADC80400EB
:10C96800ADC80400ADC80400ADC80400ADC80400DB
:10C97800ADC80400ADC80400ADC80400ADC80400CB
:10C98800ADC80400ADC80400ADC80400ADC80400BB
:10C99800ADC80400ADC80400ADC80400ADC80400AB
:10C9A800ADC80400ADC8040079CA0400B9CA0400BF
:10C9B800CBCA0400DDCA040043CA04003B46324621
:10C9C80008210AF0F7FA00289DDA43426BE73B4654
:10C9D80032460F210AF0EEFA002894DAF5E73B46D2
:10C9E800324613210AF0E6FA00288CDAEDE73B46D6
:10C9F80032460E210AF0DEFA002884DAE5E73B46E3
:10CA0800324616210AF0D6FA0028BFF67CAFDCE7DA
:10CA18003B4632460A210AF0CDFA0028BFF673AF2A
:10CA2800D3E7002800F09480B0F89020C2F3C20346
:10CA3800013B012B50D96A2335E700233A4631469A
:10CA4800284603B0BDE8F040FEF79EBC3B463246A0
:10CA580008210AF0AFFA0028BFF655AFB5E73B4604
:10CA6800324610210AF0A6FA0028BFF64CAFACE710
:10CA780000230093002E67D00C2F4ED0082F63D1CF
:10CA88007368002B55D10021042301910DEB03029B
:10CA9800284613210AF08EFA0028B8BF4342BFF691
:10CAA80008AF2AF059FF2B4A4FF0FF34135000E724
:10CAB8003B4632460D210AF07DFA0028BFF623AF27
:10CAC80083E73B46324617210AF074FA0028BFF67E
:10CAD8001AAF7AE70123B1E7D7B19EB33378BBB178
:10CAE800082F2FD1304608F001FA031EB8BF5B4269
:10CAF800FFF6D9AE06F04EFE40B3B5F8903043F4D9
:10CB08000063A5F8903008F035F885F89200FAE649
:10CB180022F40062A5F89020F5E6B0680028AFD0AE
:10CB280006F038FE00900028ADD008F023F8014642
:10CB3800AAE76946301D07F03FF902230028B0D064
:10CB48000098F0E71623AEE61623AAE71323AAE611
:10CB5800FEF7DAFC0C000000FFF77EBE10B50346B6
:10CB680082B0B0B31446B3F890200846C2F38111DE
:10CB780003292CD048B344B312F4807F1DD0012977
:10CB880017D0198D012920D12268B3F82AC0082AA4
:10CB9800DB6A28BF0822ADF8001069460193ADF89A
:10CBA80002C02AF0C7FB082200232260184602B000
:10CBB80010BDC2F34102022AE3D080222AF0CCFE43
:10CBC80005494FF0FF330A50F0E71622F6E75F22D7
:10CBD800F4E7FEF763FC00BF0C000000FFF7BEBFE0
:10CBE80030B5054683B0F1B108460C460A2201A9C2
:10CBF80023F074FF019B1B781BB9FF280AD803B0E8
:10CC080030BDBDB1224628461149F9F7CFFD6FF076
:10CC18000100F4E79DB102460E492846F9F7C6FD22
:10CC28006FF02100EBE778B10B49F9F7BFFD6FF022
:10CC38001500E4E721460648F5F794FEE7E70146C4
:10CC48000448F5F78FFEEBE70348F5F78BFEEEE7B0
:10CC5800D8B30700ECB30700B8B3070004289ABF9D
:10CC6800024B53F820000248704700BF24B5070064
:10CC780000B407000130C0B203289ABF024B53F832
:10CC880020000248704700BF14B5070010B4070021
:10CC98002DE9F043058C83B0012D0E461746DDF8CB
:10CCA800288015D065B1032D34D0042D3AD0114613
:10CCB8002B4630461F4A03B0BDE8F04323F0E2BEDE
:10CCC800114630461C4A03B0BDE8F04323F0DABEF3
:10CCD8000446416A2846994608F0E0FB628C034600
:10CCE80052BA92B2394600923046144A23F0CAFE2C
:10CCF80004F12C01284608F0D1FB4146034648467A
:10CD0800648D0E4A64BAA4B20A9403B0BDE8F04335
:10CD180023F0B8BE11463046094A03B0BDE8F043D7
:10CD280023F0B0BE11463046064A03B0BDE8F043D2
:10CD380023F0A8BE48B4070028B4070020B40700B1
:10CD480034B4070040B4070028B103681BB10B4A8C
:10CD58005868904204D009B1094B0B6009487047E4
:10CD68009B689B7E012B04D009B1074B0B600748D9
:10CD7800704709B1064B0B6006487047D8AC0120D4
:10CD880084B4070068B4070078B407005CB40700EF
:10CD98007CB4070054B407000020704708B530B1D0
:10CDA800064B074A0749F9F7BFFC002008BD034AAC
:10CDB80003490448F5F7D6FD002008BD4CB5070027
:10CDC80060B5070080B507002DE9F041D1E900857D
:10CDD8002F68044682B047BBB8F1000F44D04046E4
:10CDE8002449F9F7B1FC2F68A06807F0C3FE18239F
:10CDF80006460621204A04F1100008F0D5F902463B
:10CE080004F10C010120144608F048FB01463346A2
:10CE1800CDE900413A4640461849F9F795FC2B6898
:10CE280001332B6002B0BDE8F081B8F1000FDBD10F
:10CE3800A06807F09FFE104A06461823062104F151
:10CE4800100008F0B1F9034604F10C0101201C465A
:10CE580008F024FB84463246394623460748CDF875
:10CE680000C0F5F77FFDDAE70248F5F77BFD2F688C
:10CE7800DEE700BFCCB50700940A0220F8B507002A
:10CE880008B538B10749F9F75FFC002005F058FFED
:10CE9800002008BD0348F5F765FD002005F050FFA8
:10CEA800002008BD14B6070053680BB10020704776
:10CEB80010B5044684B001AA094802A9CDE9013495
:10CEC800039205F0E3FF20B934B120460549F9F78C
:10CED8003BFC002004B010BD0248F5F743FDF8E71D
:10CEE800D1CD04002CB6070008B530B1064B074A6F
:10CEF8000749F9F719FC002008BD034A034904480B
:10CF0800F5F730FD002008BDC8B60700E0B60700F9
:10CF180080B5070008B530B1064B074A0749F9F74D
:10CF280003FC002008BD034A03490448F5F71AFD2D
:10CF3800002008BDC8B60700E0B6070080B50700A6
:10CF480008B530B1064B074A0749F9F7EDFB002051
:10CF580008BD034A03490448F5F704FD002008BD4D
:10CF6800C8B60700E0B6070080B5070008B530B1BD
:10CF7800064B074A0749F9F7D7FB002008BD034AC3
:10CF880003490448F5F7EEFC002008BDC8B60700C1
:10CF9800E0B6070080B5070008B530B1064B074A70
:10CFA8000749F9F7C1FB002008BD034A03490448B3
:10CFB800F5F7D8FC002008BDC8B60700E0B60700A2
:10CFC80080B50700002330B585B0044601930028DA
:10CFD8003AD0374902ADF9F7B7FB01AB29463548D6
:10CFE800CDE902430AF072F9019B1BB92046324988
:10CFF800F9F7AAFB20463149F9F7A6FB0023294691
:10D008002F4801930BF0BCFF019B1BB920462D490B
:10D01800F9F79AFB20462C49F9F796FB0023294695
:10D028002A4801930DF0E2FE019B43B12046284BAC
:10D03800284A2949F9F778FB002005B030BD204679
:10D048002649F9F781FBF1E7194802ADF5F78AFCA3
:10D0580001AB29461748CDE902430AF037F9019B8D
:10D0680013B91548F5F77EFC1448F5F77BFC002347
:10D078002946134801930BF083FF019B13B911480C
:10D08800F5F770FC1048F5F76DFC002329460F48AA
:10D0980001930DF0ABFE019B13B91048F5F762FC44
:10D0A8000B4A0C490C48F5F75DFC002005B030BD73
:10D0B80098B90700A1D20400DCB90700ECB9070051
:10D0C80091D1040038BA070058BA0700E9D0040023
:10D0D800BCBA0700CCBA070080B50700A8BA070099
:10D0E8002DE9F04F89B00446D1E900870DF0B6FE6E
:10D0F8008146B8F1000F27D0D4F804A0D4F88032C4
:10D1080094F87002BAF82250BAF82A60D4F874B2C7
:10D11800079310F091FB0146079B6DBA76BAADB242
:10D12800B6B2CDE902B30591534622464046CDE951
:10D1380000561449CDF81090F9F706FB3B68013307
:10D148003B6009B0BDE8F08FD4F8048094F8700211
:10D15800B8F82250B8F82A60D4F874A2D4F880B28B
:10D1680010F06AFB6DBA76BAADB2B6B204902B462F
:10D1780042462146CDE902B9CDE9006A0148F5F7F2
:10D18800F1FBDBE7ECBA070000232DE9F04F8589B6
:10D1980091B0012D0E930446D1E90096CDE90A33EA
:10D1A800CDE90C33CDF83B3040D00DF11008002DFF
:10D1B80034D0032D5ED02B4617214046314A23F048
:10D1C80061FCA5890DF1280A37682846D4F814B0FF
:10D1D800218C0137B9F1000F13D007F0B7FF0146D2
:10D1E800234601913A464846CDE9028A2649CDF8B8
:10D1F80000B0F9F7A9FA33680133336011B0BDE81C
:10D20800F08F07F0A3FF05465B4622463946CDE975
:10D21800018A1D480095F5F7A5FBECE743461B4A34
:10D228000DF1280A07CA03C31A80CDE700F11001DF
:10D23800284608F033F9E2890DF1100852BA92B283
:10D248000346172100924046114A23F01BFC28464A
:10D2580004F1080108F022F9E2880DF1280A52BA0F
:10D2680092B20346009217215046094A23F00AFC5D
:10D27800A589A9E74346074A0DF1280A07CA03C347
:10D288001A80A1E748B4070014BB070028B40700B8
:10D2980020B4070034B407001722F0B58C460025E7
:10D2A80093B000920CAB06A91095CDE90C55CDE9C9
:10D2B8000E55CDF843500446DCE90065FFF7E8FC5D
:10D2C800002E4CD02A68571C002C00F08D8094F951
:10D2D800920006F05FFA07F04DFCB4F89030014672
:10D2E800C3F3C20CBCF1020F2CD0BCF1010FC3F385
:10D2F800811314BF20223422022B29D0012B6FD096
:10D30800032B14BF20205220B4F88E30112B24D0C8
:10D31800062B14BF202354230DF1300CCDF814C074
:10D328000DF1180CCDE90120CDE9033C009123460D
:10D338003A4630462F49F9F707FA2B6801332B6034
:10D3480013B0F0BDC3F38113022B4FF03602D5D1D1
:10D35800B4F88E304420112BDAD15523DCE7296844
:10D368004F1C002C40D094F9920006F013FA07F0F5
:10D3780001FCB4F890200346C2F3C206022E22D064
:10D38800012EC2F3811214BF20203420022A20D09B
:10D39800012A27D0032A14BF20215221B4F88E2055
:10D3A800112A1BD0062A14BF202254220CAE049640
:10D3B80006AECDE9022601910090224639460D4875
:10D3C800F5F7D0FAB9E7C2F38112022A4FF0360016
:10D3D800DED1B4F88E204421112AE3D15522E5E7A5
:10D3E800532091E75321D9E740F2F2210248F5F79B
:10D3F800F7FA00BF30BB070004B3070008B530B127
:10D40800064B074A0749F9F78FF9002008BD034A78
:10D4180003490448F5F7A6FA002008BD90BB0700A9
:10D4280098BB070080B5070008B530B1064B074A1E
:10D438000749F9F779F9002008BD034A0349044868
:10D44800F5F790FA002008BDACBB0700BCBB07008D
:10D4580080B5070008B530B1064B074A0749F9F708
:10D4680063F9002008BD034A03490448F5F77AFA2E
:10D47800002008BD90BB070098BB070080B50700D7
:10D4880008B530B1064B074A0749F9F74DF90020AE
:10D4980008BD034A03490448F5F764FA002008BDAB
:10D4A800ACBB0700BCBB070080B5070008B530B1AE
:10D4B800064B074A0749F9F737F9002008BD034A20
:10D4C80003490448F5F74EFA002008BDACBB070035
:10D4D800BCBB070080B5070008B530B1064B074A4A
:10D4E8000749F9F721F9002008BD034A0349044810
:10D4F800F5F738FA002008BDFCBF070004C0070094
:10D5080080B5070008B530B1064B074A0749F9F757
:10D518000BF9002008BD034A03490448F5F722FA2D
:10D52800002008BDFCBF070004C0070080B5070045
:10D5380008B520B10449F9F7F7F8002008BD0248FA
:10D54800F5F710FA002008BDBCC1070008B520B1E6
:10D558000449F9F7E9F8002008BD0248F5F702FA8E
:10D56800002008BD04C2070008B530B1064B074AC1
:10D578000749F9F7D9F8002008BD034A03490448C8
:10D58800F5F7F0F9002008BD48C2070058C20700A7
:10D5980080B5070008B520B10449F9F7C5F800209F
:10D5A80008BD0248F5F7DEF9002008BD04C20700EF
:10D5B80008B520B10449F9F7B7F8002008BD0248BA
:10D5C800F5F7D0F9002008BD04C2070008B520B15E
:10D5D8000449F9F7A9F8002008BD0248F5F7C2F98F
:10D5E800002008BD28C4070008B520B10449F9F790
:10D5F8009BF8002008BD0248F5F7B4F9002008BDE3
:10D6080028C4070008B520B10449F9F78DF80020AF
:10D6180008BD0248F5F7A6F9002008BD28C4070090
:10D6280008B530B1064B074A0749F9F77DF80020DD
:10D6380008BD034A03490448F5F794F9002008BDDA
:10D648003CC5070044C5070080B5070008B530B1E0
:10D65800064B074A0749F9F767F8002008BD034A4F
:10D6680003490448F5F77EF9002008BD3CC50700CA
:10D6780044C5070080B5070008B530B1064B074A16
:10D688000749F9F751F8002008BD034A034904483F
:10D69800F5F768F9002008BDF4C5070008C60700BB
:10D6A80080B50700F0B5002787B00C460546CF6067
:10D6B80006F070F845B30646002839D0012D2DD163
:10D6C800082203A907F0B4FB394630468DF81470D8
:10D6D800FFF73AFB01961C4E03AB00901C21304625
:10D6E8001A4A23F0CFF91A4BC4E90163284606F019
:10D6F80051F8C8B101230421164A174823F0C2F98A
:10D70800154E266007B0F0BD144E114BC4E90163F5
:10D71800284606F03FF8266007B0F0BD0C4BC4E978
:10D728000173284606F036F80026266007B0F0BDDB
:10D73800074BC4E90103284606F02CF80028F3D06B
:10D74800012DD7D0F0E700BF1C0B022038C6070018
:10D75800E0830700F8880700180B022040950700AF
:10D7680008B528B10549F9F721F86FF0070008BD99
:10D778000248F5F7F7F86FF0070008BD48C607003C
:10D7880070B55568044682B045B12946FFF728FAB6
:10D79800061E25DB05F0FEFF0546D8B18CB106F064
:10D7A800ADF807F0E7F9124902462046F8F7CCFF32
:10D7B80010486946CDE9004507F0F2F9002002B0AB
:10D7C80070BD06F09BF807F0D5F901460848F5F753
:10D7D800C9F8EDE73CB1324620460749F8F7E6FFBD
:10D7E8006FF00700EBE731460348F5F7BBF8F7E7BA
:10D7F800C4C6070089DD0400A4C607002DE9F04F60
:10D808000E4685B0516814468046FFF7E9F9022EA6
:10D8180040F2CC80054605F0BDFF002800F0A78047
:10D828000368002B00F0A3805A687E4B9A4240F0B0
:10D838009E8004F0ADFC002800F0DE804FF0000C64
:10D84800022541F28837E346CDE900C0083421E0DB
:10D8580063680A2193F800A0206803AAF9F74CFD31
:10D86800AAF16809B9FA89F980B2B0F57A7F4FEA66
:10D87800591975D050D80A281DD0642841D1B9F15A
:10D88800000F0CBF0823042343EA0B0BB54204F135
:10D8980004041AD00135AE42DAD80A21206803AA56
:10D8A800F9F72AFD80B2B0F57A7F70D04BD80A28F4
:10D8B8004FF00009E1D1C9F102094BEA0909B54263
:10D8C8001FFA89FB04F10404E4D1DDE900CABBF1C5
:10D8D800000F7DD0DAF808305FFA8BF15B685FFAE9
:10D8E8008CF2002B00F09A80BCF1000F04D00029C4
:10D8F80045D0481E084242D15046984705B0BDE879
:10D90800F08FA8B948492068F3F770F90028009B00
:10D9180008BF01230093B9E740F6C411884219D023
:10D92800B84205D1B9F1000F4AD14BF0800BADE7F1
:10D938000246B8F1000F25D040463C49F8F736FFBB
:10D948006FF08500DAE740F6C413984205D04FF02F
:10D958000009E5E7BAF1680F20D04BF0400B95E7D6
:10D96800BAF1680F13D1102343EA0B0B8EE7B8F115
:10D97800000F0ED02A4640462D49F8F717FF6FF0E2
:10D988001500BBE701462948F4F7ECFFD8E7202348
:10D99800EAE729462648F4F7E5FFF0E7B8F1000F73
:10D9A80026D040462349F8F701FFC9E7B8F1000F30
:10D9B80016D040462049F8F7F9FE6FF007009DE7BA
:10D9C800B8F1000F10D040461C49F8F7EFFEB7E752
:10D9D800B8F1000F19D040461949F8F7E7FEECE70F
:10D9E8001548F4F7BFFFE8E71448F4F7BBFFA7E7CB
:10D9F8001048F4F7B7FFA3E7B8F1000F09D02A469B
:10DA080040461049F8F7D2FED7E70D48F4F7AAFFC9
:10DA1800D3E729460B48F4F7A5FFCEE76FF0570088
:10DA28006CE700BFD8AC012078C70700CCC7070057
:10DA38002CC7070084C70700DCC60700A8C7070073
:10DA4800E4C7070050C70700012938B5044616D9AE
:10DA58005168FFF7C5F8051E29DB05F09BFE05F0A8
:10DA680047FF05F04BFF07F085F8854219D19CB1B7
:10DA78002A4620461749F8F767FE002038BD05F00A
:10DA88003DFFB8B107F076F80246002CF1D1014607
:10DA98001048F4F767FFF0E729460E48F4F762FFED
:10DAA800EBE76CB12A4620460B49F8F77FFE6FF08A
:10DAB800070038BD4CB120460849F8F777FEF6E76D
:10DAC80029460548F4F74EFFF1E70448F4F74AFF02
:10DAD800EDE700BF10C8070028C80700F8C707000F
:10DAE80070B551680646FFF77BF8041E1BDB05F08E
:10DAF80051FED8B107F0E8F8054668B936B12246B4
:10DB080030461349F8F720FE284670BD21461048D4
:10DB1800F4F728FF284670BD7EB1034622463046FA
:10DB28000C49F8F743FE6FF00705EDE75EB12246B2
:10DB380030460949F8F73AFEF5E702462146054816
:10DB4800F4F710FFEFE721460348F4F70BFFEAE785
:10DB580074C8070050C80700A4C6070070B500289D
:10DB680000F0918004680546002C00F082800C3497
:10DB7800D4E8AF3F98074A4EC3F340046DD44FF042
:10DB8800510E30462B68002B77D00C33D3E8AF3FCB
:10DB9800590707D571460834424A22F073FF3019F5
:10DBA800C4F1510E2B68002B67D00C33D3E8AF3F7C
:10DBB8001A0762D571463C4A0E3422F063FF2B687F
:10DBC800002B44D00C33D3E8AF3F9B0606D5C4F1F5
:10DBD80051013019354A22F055FF0E342B68002BBD
:10DBE80035D00C33D3E8AF3F580606D5C4F1510100
:10DBF80030192F4A22F046FF05342B683BB30C330B
:10DC0800D3E8AF3F190606D5C4F151013019294AA6
:10DC180022F038FF05342B68CBB10C33D3E8AF3F83
:10DC28001A0506D5C4F151013019234A22F02AFFFA
:10DC380006342B685BB10C33D3E8AF3FDB0406D561
:10DC4800C4F1510130191D4A22F01CFF073400238A
:10DC5800344404F8013C124870BDB446184B4FF0E8
:10DC6800450E0FCBACE807000C2460468CF800305A
:10DC780088E70B4E4FF0510E30467146114A0B346F
:10DC880022F000FF9BE751210E4A0B24044822F0A2
:10DC9800F9FE0023024E0248344404F8013C70BDEA
:10DCA800AC0A02209CC80700A8C80700B8C807002B
:10DCB800C8C80700D0C80700D8C80700E0C80700D0
:10DCC8008CC80700E8C8070070B551680546FEF71C
:10DCD80087FF061E23DB05F05DFD88B3036823B1CB
:10DCE8000C33D3E8AF3FDA070BD406F081FF0446C4
:10DCF800F0B9BDB1324628461D49F8F725FD204642
:10DD080070BD0368002BF0D00C33D3E8AF3FDB05C0
:10DD1800EBD5E5B1324628461649F8F747FD6FF0CE
:10DD28000704ECE731461248F4F71CFE204670BDA4
:10DD380095B10346324628460F49F8F737FDEEE716
:10DD480085B1324628460D49F8F730FDE7E73146F8
:10DD58000848F4F707FEE2E7024631460648F4F7BA
:10DD680001FEDCE731460548F4F7FCFDD7E700BFC4
:10DD780038C90700F4C8070014C90700A4C607007B
:10DD88002DE9F04F0C46D1E9006305468BB023B16D
:10DD9800834202D00BB0BDE8F08F0023082228464A
:10DDA80007A9CDE907338DF8243007F041F800289A
:10DDB80002DD9DF81C3013B93F23ADF81C3028460E
:10DDC80006A9002E00F0B281FEF7BEFF07462846DE
:10DDD80006F0D0FEB849CDE9007007AA30462B46B8
:10DDE800F8F7B2FC3046069AB449F8F7ADFC002DB6
:10DDF80000F0C0812B68002B00F0E5800C33D3E8DD
:10DE0800AF3FDB0740F1DF802B68002B00F0D880A4
:10DE18000C33D3E8AF3FD80540F1D28005F1C804F0
:10DE28004FF0FF324FF0FF3320461AF07DFF28688D
:10DE3800002800F03183417C002900F0CD801823B0
:10DE48009F4A1230002E00F0968207F0ADF99D49E6
:10DE580002463046F8F778FC20461BF015F82A6889
:10DE680002B1128B98493046F8F76EFC2846FFF746
:10DE780075FE964902463046F8F766FC2B68002B7B
:10DE880000F085811B68002B00F081811A683046FC
:10DE98008F49F8F759FC286800B1807E06F09CFE8F
:10DEA8002B680246002B00F083810C33D3E8AF3F88
:10DEB800884913F0010F884B18BF0B4629680029C1
:10DEC80000F077810C31D1E8AF1F890540F17181ED
:10DED8008249009130468249F8F736FC2B68002BBE
:10DEE80000F018817F4A5968914200F06981D5F89D
:10DEF800B8400C33D3E8AF3F590640F10B81002CF2
:10DF080000F00881002E00F0F881012230467649A1
:10DF1800F8F71AFCE37E9F0740F14D81211D01208F
:10DF280007F0BCFA04F11C010746012007F0B6FA15
:10DF38008046207EFEF792FE054694F91900FEF70A
:10DF480099FEE17ECDE90050684D11F0010F684857
:10DF580018BF2846434602903A4630466549F8F7C6
:10DF6800F3FB022230466449F8F7EEFB0025A84689
:10DF7800DFF888B1DFF878A104F12407C5EBC50301
:10DF880004EB830999F83820D00714D539460120C5
:10DF9800002E00F0FE8007F081FA99F8383002462A
:10DFA80013F0020F0CBF5B46534630465449F8F74E
:10DFB800CBFB08F101081C37002D5AD10125DDE7FC
:10DFC800002E00F0CF8030464E49F8F7ADFB63686D
:10DFD800002B7FF423AFDDE620461AF055FF002E14
:10DFE8007FF43DAF296801B1098B3748F4F7BAFCD3
:10DFF8002846FFF7B3FD01463448F4F7B3FC2A6816
:10E00800002A00F0DA811268002A00F0D68111682F
:10E018002F48F4F7A7FC286800B1807E06F0DCFDE5
:10E028002B680146002B00F0C5810C33D3E8AF3FC5
:10E0380013F0010F274B284A18BF1A462B68002BEC
:10E0480000F0B9810C33D3E8AF3F9B0540F1B381B1
:10E05800224B2348F4F786FC2B68002B00F08581BF
:10E06800204A596891427FF442AF2748F4F77AFC76
:10E07800AAE0B8F1000F0AD086B904F158010120CE
:10E0880007F00CFA01462148F4F76CFC82E6002EF2
:10E0980000F0998130461E49F8F756FB04F1580103
:10E0A800012007F0FBF9194902463046F8F74CFB06
:10E0B8000BB0BDE8F08F00BFA8C90700C8C90700AA
:10E0C800000B02202CCA07003CCA07004CCA0700F4
:10E0D8005CCA070050C90700CCD7070054C907001D
:10E0E80074CA0700D8AC01206CCB07008CC90700A4
:10E0F8004095070090CB0700ACCB070098C90700F4
:10E10800D0CB0700E8C90700A0CA0700D8CB070092
:10E11800A0CB0700002E00F028813046AC4BAD4A5A
:10E12800AD49F8F711FB0BB0BDE8F08FFEF70CFE18
:10E138000746284606F01EFD07A900903B46A7485B
:10E148002A46F4F70FFC0699A548F4F70BFC002DB6
:10E1580000F01B812B682BB10C33D3E8AF3FDF07EE
:10E168003FF552AE9F48F4F7FDFB6368002B7FF440
:10E1780055AE0FE630469B49F8F7D6FA6368002B90
:10E188003FF408AE40F207319748F4F729FC974A64
:10E198007DE607F083F999F83830014613F0020F4D
:10E1A800934B944A944818BF1A46F4F7DBFB00E7F0
:10E1B800924B93498DE630469249F8F7C5FAD0E676
:10E1C80030469149F8F7C0FA2B68002B00F06281BD
:10E1D800186887681FB17F690FB1B84707468B4C2D
:10E1E800DFF82C9204F1A80806E049463046F8F713
:10E1F800ABFA0834A0450CD023681F42F9D06268F6
:10E20800002EF2D1114648460834F4F7ABFBA0457E
:10E21800F2D1284603F0BCFF0446002E3AD003464C
:10E22800002800F0118102687A493046F8F78CFA24
:10E23800A3681B68002B00F0B080204605A998470A
:10E24800021EC0F2AC809DF8143013F0300F00F0BD
:10E258000781714A30467149F8F776FA9DF814102B
:10E268006F4B11F0EA0F6F4A304618BF1A466E49D5
:10E27800F8F76AFA2B68D5F8B840002B3FF44DAF91
:10E288000C33D3E8AF3F5B067FF547AF002C7FF434
:10E298003CAE42E700285ED0024601685D48F4F7CC
:10E2A80061FBA3681B68002B00F0E88005A92046E5
:10E2B8009847011EC0F2E4809DF8143013F0300F27
:10E2C80000F0D58054495548F4F74CFB9DF81420CC
:10E2D800534B12F0EA0F5349534818BF1946F4F745
:10E2E80041FB2B68D5F8B840002B3ED00C33D3E85F
:10E2F800AF3F5A0639D5002C37D001214B48F4F7E7
:10E3080031FBE37E9D075AD5211D012007F0C6F891
:10E3180004F11C010746012007F0C0F88046207E62
:10E32800FEF79CFC054694F91900FEF7A3FCE37E72
:10E33800009013F0010F2B462D4D3D4808BF28468D
:10E348004246019039463B48F4F70CFB02213A4813
:10E35800F4F708FB0AE6324638492E48F4F702FB80
:10E368002B68D5F8B840002BC0D1194A19491A486A
:10E37800F4F7F8FA0EE506F017FF01463048F4F70F
:10E38800F1FA20461AF080FD2CE61648F4F7EAFA6E
:10E398006368002B7FF4F6AEFCE46FF0570230465A
:10E3A8002849F8F713FA2B68D5F8B840002B7FF402
:10E3B80067AFB2E6114A124B4BE60C4928E6114802
:10E3C800F4F7D0FAC2E70F48F4F7CCFA55E600BFE5
:10E3D800F4CA0700FCCA070004CB0700A8C9070055
:10E3E800C8C90700E8C90700FCC907004CC90700ED
:10E3F8004095070098C90700D0CB0700CCD7070085
:10E4080058C90700A0CB0700A0CA070008D007001A
:10E41800C4CA0700CCCA07005CC9070044CB070080
:10E428007CC9070084C9070060CB07006CCB0700D4
:10E438008CC9070090CB0700ACCB0700ECCA0700DB
:10E448002CCA070024CB07003046144A1449F8F7B1
:10E458007BF92B68D5F8B840002B3FF45EAE0FE788
:10E46800104913F00C0F104A18BF0A46F2E60D4A7D
:10E4780013F00C0F0C4918BF114624E76FF0570131
:10E488000A48F4F76FFA2B68D5F8B840002B7FF4E8
:10E498002DAF6AE79B68FFDE4378FFDEECCA070012
:10E4A800CCCA070064C9070070C9070024CB07005D
:10E4B8002DE9F041002482B001941C461B680746F0
:10E4C8008B42089E15D252F823800A21404601AAA1
:10E4D800F8F712FF019DA5B905F05CF9706000B36B
:10E4E8002A462368013323602846327002B0BDE80B
:10E4F800F08168B11149F8F769F903226FF0150541
:10E50800F2E74FB1424638460D49F8F75FF9F4E7AC
:10E518000A48F4F727FAF0E741460948F4F722FADF
:10E52800EBE72FB1424638460649F8F74FF9E4E7DA
:10E5380041460448F4F716FADFE700BFB0D00700F9
:10E54800D8D00700FCD00700F0B587B004AF0E465E
:10E5580008223946044606F06BFC20B10C4B93E8C0
:10E56800030087E80300204606F004FB0021054667
:10E578002046FEF7E9FB8446302130462B46054A03
:10E5880001970094CDF808C022F07CFA07B0F0BDDE
:10E5980038D1070024D1070030B505460C468DB0A8
:10E5A8006946FFF7D1FF284610F046FC34B16A46A9
:10E5B80020460549F8F7C8F80DB030BD694602484D
:10E5C800F4F7D0F90DB030BD40D1070030B505469D
:10E5D8000C468DB06946FFF7B7FF284610F054FC8B
:10E5E80034B16A4620460549F8F7AEF80DB030BD9B
:10E5F80069460248F4F7B6F90DB030BD58D10700A6
:10E60800F8B51C6806468C4216D252F82470104998
:10E6180038461D4628F030FF58B138460D4928F0D5
:10E628002BFF48B901221444069B2C601A70002065
:10E63800F8BD02460134F7E736B130460649F8F727
:10E64800C5F86FF01500F8BD0348F4F78BF9F8E743
:10E65800949A0700809A070070D107002DE9F047C7
:10E668000129DDF820903FD9D2F804800C460746EE
:10E678004649404615461E4628F0FEFE60B3404611
:10E68800434928F0F9FE90B3404628F0DBFE98B3E2
:10E6980008F1FF3C3F4A604401E060452CD01CF87B
:10E6A800013F12F803E01EF0040AF6D140463A4949
:10E6B80028F0E2FE50B34046384928F0DDFEB0BBF2
:10E6C80021460224CDF82090346033462A46384645
:10E6D800BDE8F047FFF7ECBE02239A4633600020FE
:10E6E80089F800A0BDE8F0874FF0010AF7E7022398
:10E6F8004FF0010A3360F2E733462A46214638468E
:10E70800CDF82090BDE8F047FFF7D2BE02239C4227
:10E71800336024D0AC68204606F0E8FB05F03AF8F0
:10E72800C9F8040008B3336801333360D7E777B119
:10E7380038461B494246F8F749F838461949F8F768
:10E7480003F803236FF0150089F80030CAE7414643
:10E758001348F4F707F91348F4F704F9F1E75FB140
:10E7680038461149F8F732F8EBE74FB122463846F8
:10E778000E49F8F72BF8E4E70B48F4F7F3F8E0E76D
:10E7880021460A48F4F7EEF8DBE700BF8CD1070012
:10E7980090D107006A42080068D20700E8D1070054
:10E7A800ECD1070020D2070098D10700C0D107009C
:10E7B80030B50023012493B0CDE903430593032327
:10E7C8008DF8103004AB009303AB04460D46FFF7F9
:10E7D80045FF78B9039BAB420FD19DF81030012B50
:10E7E80017D0022B1BD01BB3002C3CD02046244949
:10E7F800F7F7ECFF002013B030BD34B120462149B3
:10E80800F7F7E4FF002013B030BD1E48F4F7AAF86C
:10E81800F0E704B320461C49F7F7D8FFEAE7F4B15C
:10E8280020461A49F7F790FF012011F07BF8E1E73D
:10E83800059D06A92846FFF787FEC4B1204614495E
:10E8480006AAF7F781FF20461249F7F7AFFF2846D7
:10E8580006F0CEF9CEE70C48F4F784F8CAE70B487F
:10E86800F4F780F8E0E70648F4F77CF8C2E70848D0
:10E8780006A9F4F777F80748F4F774F8E7E700BF54
:10E888001CD307006CD207007CD2070098D207007F
:10E89800C4D20700E0D20700F0B593B005460E4693
:10E8A80010F036FB06A904462846FFF74DFE4FF642
:10E8B800FF739C4208D1002E4CD030463B4906AA33
:10E8C800F7F742FF13B0F0BD284610F071FC04F0D2
:10E8D8008007844635B12D6825B10C35D5E8AF5F82
:10E8E80005F00105620747BF314A3248324A3348CA
:10E8F80004F00201002918BF024604F0010E04F4D6
:10E908000053002E2CD02E4C2E490392BCF1000F40
:10E9180018BF21462C4C00912C493046002D18BFB9
:10E9280021462B4C01912B492B4DBEF1000F18BFEE
:10E9380021462A4C0291002B18BF2C46284D294B02
:10E948002949002F08BF2B4606AA0494F7F7FCFEB6
:10E9580013B0F0BD154806A9F4F704F813B0F0BDDC
:10E9680002921948194A1D4C002D18BF0246184832
:10E978000092184A06A9BEF1000F18BF024601927C
:10E98800154A1948002B18BF1446164B144A03940D
:10E99800002F18BF1A460B4C094BBCF1000F08BFDB
:10E9A8002346F3F7DFFF13B0F0BD00BFACD3070079
:10E9B800FCCA070038D307004CD3070044D307002C
:10E9C80068D3070064D3070070D307007CD307001F
:10E9D80088D3070090D30700A0D307009CD3070073
:10E9E8005CD3070054D30700C4D3070030B5002315
:10E9F800012487B0CDE90343059303238DF8103034
:10EA080004AB009303AB04460D46FFF727FE68B935
:10EA1800039BAB420DD19DF810305A1E012A1DD917
:10EA2800BBB174B120461049F7F7D0FE002007B0FB
:10EA380030BD54B120460D49F7F7C8FE002007B095
:10EA480030BD0948F3F78EFFF0E70848F3F78AFF6F
:10EA5800ECE721460598FFF71FFFE7E72146044842
:10EA680006F09EF8E2E700BF1CD307006CD207004F
:10EA7800A1E8040030B50023012493B0CDE9034395
:10EA8800059303238DF8103004AB009303AB0446C1
:10EA98000D46FFF7E3FD78B9039BAB420FD19DF814
:10EAA8001030012B17D0022B1FD043B3002C40D0BD
:10EAB80020462449F7F78AFE002013B030BD34B150
:10EAC80020462149F7F782FE002013B030BD1E48CA
:10EAD800F3F748FFF0E70CB320461C49F7F776FE3A
:10EAE80020461B49F7F730FEE6E7F4B120461949FE
:10EAF800F7F72AFE2146184806F052F8DCE7059D8C
:10EB080006A92846FFF720FD284610F095F9A4B17C
:10EB18002046124906AAF7F717FECDE70B48F3F788
:10EB280021FF0B48F3F71EFFC6E70A48F3F71AFF61
:10EB3800E0E70448F3F716FFBEE7084806A9F3F72D
:10EB480011FFB9E71CD307006CD207007CD207007D
:10EB580020D20700F0D30700A1E5040040D1070048
:10EB680030B50023012493B0CDE903430593032373
:10EB78008DF8103004AB009303AB04460D46FFF745
:10EB88006DFD78B9039BAB420FD19DF81030012B76
:10EB980017D0022B1FD043B3002C40D02046244965
:10EBA800F7F714FE002013B030BD34B120462149D8
:10EBB800F7F70CFE002013B030BD1E48F3F7D2FE65
:10EBC800F0E70CB320461C49F7F700FE20461B4926
:10EBD800F7F7BAFDE6E7F4B120461949F7F7B4FDAF
:10EBE8002146184805F0DCFFDCE7059D06A9284604
:10EBF800FFF7AAFC284610F047F9A4B120461249AD
:10EC080006AAF7F7A1FDCDE70B48F3F7ABFE0B48D3
:10EC1800F3F7A8FEC6E70A48F3F7A4FEE0E70448BE
:10EC2800F3F7A0FEBEE7084806A9F3F79BFEB9E78D
:10EC38001CD307006CD207007CD2070020D2070043
:10EC480008D40700D5E5040058D1070030B50023E3
:10EC5800012493B0CDE90343059303238DF81030C5
:10EC680004AB009303AB04460D46FFF7F7FC78B9F5
:10EC7800039BAB420FD19DF81030012B17D0022B0C
:10EC88001FD03BB3002C43D020462749F7F79EFD01
:10EC9800002013B030BD34B120462449F7F796FD63
:10ECA800002013B030BD2148F3F75CFEF0E724B331
:10ECB80020461F49F7F78AFD20461E49F7F744FD0D
:10ECC800E6E70CB320461C49F7F73EFD012010F09B
:10ECD8003DFEDDE7059D06A92846FFF735FCDCB1BA
:10ECE8002046164906AAF7F72FFD20461449F7F7DC
:10ECF8005DFD284605F0E8FFCAE70D48F3F732FE48
:10ED08000C48F3F72FFEC3E70B48F3F72BFEDDE7BC
:10ED18000548F3F727FEBBE7084806A9F3F722FEE4
:10ED28000748F3F71FFEE4E71CD307006CD207007F
:10ED38007CD2070020D2070020D407004CD407005B
:10ED48006CD4070030B50023012493B0CDE9034308
:10ED5800059303238DF8103004AB009303AB0446EE
:10ED68000D46FFF77BFC78B9039BAB420FD19DF8AA
:10ED78001030012B2BD0022B33D083B1002C4BD079
:10ED880020462C49F7F722FD002013B030BDD4B13E
:10ED980020462949F7F71AFD002013B030BD059D1C
:10EDA80006A92846FFF7D0FB284610F001FA08B359
:10EDB800002C35D02046214906AAF7F7C5FC28467D
:10EDC80010F092F9E0E71C48F3F7CCFDDCE7C4B19A
:10EDD80020461B49F7F7FAFC20461A49F7F7B4FC16
:10EDE800D2E7ACB120461849F7F7AEFC012010F085
:10EDF800C1FDC9E7CCB12046144906AAF7F7E6FCDD
:10EE0800C2E70F48F3F7AEFD0E48F3F7ABFDBBE7DB
:10EE18000D48F3F7A7FDE9E70648F3F7A3FDB3E7C5
:10EE2800064806A9F3F79EFDC9E7084806A9F3F7BF
:10EE380099FDA9E71CD307006CD2070028D5070065
:10EE48007CD2070020D20700ACD40700DCD407002E
:10EE580030B50023012493B0CDE903430593032380
:10EE68008DF8103004AB009303AB04460D46FFF752
:10EE7800F5FB78B9039BAB420FD19DF81030012BFD
:10EE88002BD0022B33D083B1002C4BD020462C49F9
:10EE9800F7F79CFC002013B030BDD4B120462949B7
:10EEA800F7F794FC002013B030BD059D06A928464D
:10EEB800FFF74AFB284610F07BF908B3002C35D041
:10EEC8002046214906AAF7F73FFC284610F010FA19
:10EED800E0E71C48F3F746FDDCE7C4B120461B49D0
:10EEE800F7F774FC20461A49F7F72EFCD2E7ACB1C5
:10EEF80020461849F7F728FC012010F055FDC9E70E
:10EF0800CCB12046144906AAF7F760FCC2E70F48BF
:10EF1800F3F728FD0E48F3F725FDBBE70D48F3F797
:10EF280021FDE9E70648F3F71DFDB3E7064806A902
:10EF3800F3F718FDC9E7084806A9F3F713FDA9E791
:10EF48001CD307006CD20700CCD507007CD2070081
:10EF580020D207004CD5070080D507002DE9F043E3
:10EF68000023012493B0CDE903438DF80B300593BA
:10EF780003238DF8103004AB009303AB04460D4611
:10EF88001646FFF76BFB58B99DF81030012B32D0AD
:10EF9800022B25D043B154B320466D49F7F716FC30
:10EFA800002013B0BDE8F0830DF10B020092294652
:10EFB8003246204603ABFFF723FB07460028EFD174
:10EFC8009DF80B90DDF80C80B9F1010F47D0A845EA
:10EFD80022D0002C73D020465E49F7F7F7FBDFE715
:10EFE800002C38D020465C49F7F7F0FBD8E75848A2
:10EFF800F3F7B8FCD4E744B120465849F7F7E6FBE5
:10F0080020465749F7F7A0FBCAE75448F3F7AAFC8C
:10F018005348F3F7A7FCC3E7059D06A92846FFF761
:10F0280093FA284610F0C4F800284CD0B9F1010F23
:10F0380050D0284610F050FA0346002C5CD04949BD
:10F04800494D06AA002818BF0D4620464749009595
:10F05800F7F77AFBA4E74048F3F784FCA0E74545B7
:10F06800069065D956F828604149304628F004FAD8
:10F078000746F8B1304628F0E5F990B1731E191823
:10F088003C4801E099420CD013F8012F825C5207EA
:10F09800F8D4002C52D0324620463749F7F796FB71
:10F0A8007EE70A21304606AAF8F726F9069B0746A6
:10F0B800002BEED108F10108CDF80C8087E7254830
:10F0C800F3F750FC6CE71CB320462C4906AAF7F767
:10F0D8007DFB65E73946284610F02AFAECB1214B4A
:10F0E800214D2046002F18BF1D4625493B4606AA3C
:10F0F8000095F7F729FB53E71B481A491A46002BD6
:10F108000CBF03460B46194806A9F3F72BFC47E743
:10F118001A4806A9F3F726FC42E71349114B3A4669
:10F12800002F08BF0B46164806A9F3F71BFC37E764
:10F138004CB120461349F7F749FB31E731460E48F1
:10F14800F3F710FC2CE70F48F3F70CFC28E700BF97
:10F158001CD307006CD207000CD607007CD207002E
:10F1680020D2070000D60700F0D507000CD707000B
:10F1780090D107006A4208005CD6070078D60700DD
:10F18800D8D6070034D6070000232DE9F04F032412
:10F19800012695B006ADCDE9063300958DF81330FC
:10F1A80005AB8DF818400F46044615460596FFF73F
:10F1B80055FA60B99DF81830B34245D0022B38D0C3
:10F1C8004BB1002C3CD020469949F7F7FFFA0020B4
:10F1D80015B0BDE8F08F0DF11302009239462A46AA
:10F1E800204605ABFFF70CFA80460028EFD1DDF882
:10F1F80014904F4540F2488155F829A08D49504652
:10F2080028F03AF94FEA890B50B350468A4928F05A
:10F2180033F920B35046894928F02EF9002800F028
:10F22800C180002C69D0524620468549F7F7CEFAAE
:10F23800CDE7002C5DD020468249F7F7C7FAC6E72C
:10F248007B48F3F78FFBC2E7002C4BD020467E4962
:10F25800F7F7BCFA20467D49F7F776FAB7E7304664
:10F26800DFF8ECA19DF813300AEBC00009F10102A8
:10F27800012B0679059245D00025BA4206D0002C0C
:10F288007FD020467349F7F7A1FAA0E7079F08A99E
:10F2980038460393FFF758F938460FF089FF039B68
:10F2A800002877D0012B38467ED0314610F0E0F8A0
:10F2B8000546002C00F09480002E00F0FF80012EFF
:10F2C80000F0FB80022E00F0F880634A2046634974
:10F2D800634C08AB002D08BF0C4662490094F7F751
:10F2E80033FA74E75848F3F73DFB5848F3F73AFB0D
:10F2F8006DE75448F3F736FB69E751465048F3F792
:10F3080031FB64E79742039340F2EF8005EB0B0271
:10F3180055685549284628F0AFF8039B002834D093
:10F3280028464F4928F0A8F8039B70B328464F4950
:10F3380028F0A2F8039B40B328464D4928F09CF8D2
:10F34800039B10B328464B49039328F095F8039B79
:10F3580098B12846414928F08FF8039B68B12846A0
:10F36800454928F089F8039B38B12846434928F0D5
:10F3780083F8039B002840F0B88009F10202059247
:10F388007AE73448F3F7EEFA21E709F1020201259A
:10F39800059272E7002C34D02046394908AAF7F7BD
:10F3A80015FA14E702205BE72A4631460FF020FFE2
:10F3B800002C2BD0002E00F08E80012E00F08A80C9
:10F3C800022E00F08780244A08AB24490093244B7E
:10F3D8002046002D08BF0B462A49F7F7B5F9F6E68F
:10F3E800002E74D0012E71D0022E6FD01A491B48FE
:10F3F8001B4B08AA002D08BF03461A48F3F7B2FAB8
:10F40800E5E61F4808A9F3F7ADFAE0E6002E73D049
:10F41800012E70D0022E6ED00F491048104A08AB4A
:10F42800002D08BF02461748F3F79CFACFE600BF45
:10F438001CD30700A8D70700B4D70700C4D7070014
:10F44800D4D7070044D707007CD2070020D2070092
:10F4580098DC07006CD207003CD70700B8E9070022
:10F46800D4250800B8D80700F0D7070074030800AF
:10F47800F4D70700FCD707006403080000D807008A
:10F4880028D8070084D8070044B320461E49F7F758
:10F498009DF920461D49F7F757F9DFF874A01D4D6F
:10F4A8005AF838206CB129462046F7F74DF908F18B
:10F4B8000108B8F1030FF3D189E6B0465AF83820AD
:10F4C80004E711462846F3F74DFAF0E7B0465AF834
:10F4D80038108CE7B0465AF8382075E70A48F3F731
:10F4E80041FA0A48F3F73EFAD7E744B120460A49F9
:10F4F800F7F76CF96BE6B0465AF838108DE706480E
:10F50800F3F730FA63E600BF6CD7070084D707002B
:10F5180098DC0700A0D7070008D8070030B50446D4
:10F5280083B058B3244A2549F7F70EF92046244AF0
:10F538002449F7F709F92046214A2349F7F704F93E
:10F5480020461F4A2149F7F7FFF8204601222049A3
:10F55800F7F7FAF8204601221E49F7F7F5F80222D4
:10F5680020461D49F7F7F0F8002569461B48CDE904
:10F57800004505F015FB284603B030BD0E490F487D
:10F58800F3F7F0F90E490F48F3F7ECF90C490E4878
:10F59800F3F7E8F90A490D48F3F7E4F901210C48B3
:10F5A800F3F7E0F901210B48F3F7DCF902210A48E7
:10F5B800F3F7D8F9D8E700BFF4CA0700B0DC0700B2
:10F5C800E0DC0700ECDC07001CDD07004CDD070071
:10F5D8007CDD0700C0DD070004DE0700E9F5040054
:10F5E8002DE9F04F0E680546D0F8B84087B0002ED8
:10F5F8006CD005F0BFFA05A907462846FDF7A4FB1D
:10F6080084463A46304641492B46CDF800C0F7F7C4
:10F618009BF83046059A3E49F7F796F8002C6BD0D0
:10F6280030463C49F7F790F8E37EDFF8EC809B071B
:10F6380004F1140A04F1040902D52588012D02D029
:10F6480007B0BDE8F08F207E04F11C070EB3FDF76C
:10F6580005FB034694F919001C46FDF70BFB83468E
:10F66800DAE8AFAF4946284605F018FF03463946A1
:10F6780028461D4605F012FF07465B4622464146CE
:10F688003046CDE900A50297F7F75EF807B0BDE868
:10F69800F08FFDF7E3FA064694F91900FDF7EAFA48
:10F6A8008346DAE8AFAF4946284605F0F7FE394603
:10F6B8000446284605F0F2FE054653465A463146AA
:10F6C8004046CDE90045F3F74DF9B9E705F052FAA0
:10F6D80005A907462846FDF737FB394603462A465B
:10F6E8000A48F3F73FF905990948F3F73BF944B19C
:10F6F8000848F3F737F997E730460849F7F724F849
:10F708009EE70648F3F72EF99AE700BF48DE0700A0
:10F7180074DE0700D0DE0700F4DE0700A4DE070071
:10F72800F0B50329074683B017D151681446FDF791
:10F7380057FA051E15DB04F02DF8064608B3A16834
:10F74800012001AA05F0C6FE054668B9304601A9A0
:10F7580004F098FB284603B0F0BD70B11149F7F7E3
:10F7680035F86FF00705F5E7A2688FB138460E49FE
:10F77800F7F72CF86FF01505ECE70A48F3F7F2F8FD
:10F78800EFE757B12A4638460849F7F70FF8E8E790
:10F7980011460548F3F7E6F8ECE729460348F3F77E
:10F7A800E1F8DEE70CDF070044DF0700A4C6070026
:10F7B8002DE9F0430229804685B040F28F800F463C
:10F7C80051681546FDF70CFAB0F10009C0F29C80AB
:10F7D80003F0E0FF0646002800F08E80A9680120AB
:10F7E80002AA05F077FE044600287CD1029901F0B0
:10F7F800F001E02921D0032F15D00346032230461B
:10F8080002A904F063FB80B3E968012003AA05F0AC
:10F8180061FEE8B1EA68B8F1000F47D040464349B5
:10F82800F6F7D4FF06E0B8F1000F1AD04046404979
:10F83800F6F7CCFF6FF0150406E03046224602A921
:10F848000AF01AFC051E20DB204605B0BDE8F0834F
:10F85800304603AA02A904F0D3FA204605B0BDE851
:10F86800F0833348F3F77EF8E4E7012002A9B8F102
:10F87800000F20D005F012FE4B4602462D494046A7
:10F88800F6F7A4FF6FF00B04DEE7012002A9B8F138
:10F89800000F18D005F002FECDE900950346264A70
:10F8A80040462649F6F792FF2C46CDE711461F48F9
:10F8B800F3F758F8BEE705F0F1FD4A4601461D4842
:10F8C800F3F750F8DEE705F0E9FD4B4602461A4922
:10F8D8001A480095F3F746F82C46B5E7B8B1184929
:10F8E800F6F774FFA6E7AA68B8F1000F13D04046F0
:10F8F8001449F6F76BFF9DE7B8F1000F10D04A46A0
:10F9080040461149F6F752FF6FF007049CE70C4890
:10F91800F3F728F88EE711460A48F3F723F889E742
:10F9280049460948F3F71EF8EEE700BF14E0070060
:10F93800D4DF0700ECDF070098DF0700A0DF07002F
:10F948005CDF070044DF0700A4C607002DE9F0418B
:10F958000329804684B038D151681446FDF740F930
:10F96800071E59DB03F016FF064600284CD0A16895
:10F97800012003AA05F0AEFD054600283BD1039BF4
:10F9880003F0F003E02B09D0304603A904F0B0FEE1
:10F99800002844D0284604B0BDE8F081304603A9C9
:10F9A8000AF0ACFB041EF5DA012003A9B8F1000F38
:10F9B80012D005F073FDCDE900740346244A404691
:10F9C8002449F6F703FF2546E4E780B12249F6F714
:10F9D800FDFE6FF01505DDE705F060FD3B460246CC
:10F9E8001B491C480094F2F7BDFF2546D2E71A4888
:10F9F800F2F7B8FFEDE7A268B8F1000F18D040465B
:10FA08001649F6F7E3FEE4E7B8F1000F15D03A46D9
:10FA180040461349F6F7CAFE6FF00705BAE7A26831
:10FA2800B8F1000F0ED040460E49F6F7CFFEF3E7C7
:10FA380011460A48F2F796FFCBE739460848F2F72D
:10FA480091FFE9E711460748F2F78CFFE4E700BFAA
:10FA580058E00700A0DF070028E0070044DF0700A0
:10FA6800A4C6070060E0070008B530B1064A074998
:10FA7800F6F76AFE6FF0070008BD03490348F2F77E
:10FA880071FF6FF0070008BDE0DC070018E207000F
:10FA980010B582B048B1094C094B0A4A0A4900948A
:10FAA800F6F742FE002002B010BD044B044A054997
:10FAB8000548F2F757FF002002B010BD44D30700F5
:10FAC80048E2070058E207006CE2070008B530B1C9
:10FAD800064B074A0749F6F727FE002008BD034AE8
:10FAE80003490448F2F73EFF002008BD44D307004D
:10FAF80048E2070080B5070008B530B1064B074A51
:10FB08000749F6F711FE002008BD034A03490448D7
:10FB1800F2F728FF002008BD44D3070048E2070099
:10FB280080B5070010B5044684B0684603AB02AA46
:10FB380001A907F08BFE002C2DD0802220462949F0
:10FB4800F6F702FE20462849F6F7FEFD204627492B
:10FB5800F6F7FAFD009A204653692549F6F7F4FDB1
:10FB6800019A204653692349F6F7EEFD029A20468A
:10FB7800138C2149F6F7E8FD039A2046138C1F4998
:10FB8800F6F7E2FD20461E4B1E4A1F49F6F7CCFD4C
:10FB9800002004B010BD80211248F2F7E3FE12489D
:10FBA800F2F7E0FE1148F2F7DDFE009910484A69C5
:10FBB800F2F7D8FE01990F484A69F2F7D3FE029985
:10FBC8000D480A8CF2F7CEFE03990C480A8CF2F71E
:10FBD800C9FE0B4A0B490C48F2F7C4FE002004B0DA
:10FBE80010BD00BFE8E4070004E507001CE50700B6
:10FBF80034E5070040E507004CE507005CE5070031
:10FC08006CE5070080E5070080B5070008B520B15E
:10FC18000449F6F789FD002008BD0248F2F7A2FE64
:10FC2800002008BDD0E5070008B520B10449F6F763
:10FC38007BFD002008BD0248F2F794FE002008BDB5
:10FC4800D0E507002DE9F04F0C46002304258DB0C0
:10FC5800204606A9CDE90753CDE90933166806936E
:10FC68000B9308F0D3FA002800F08C802946074649
:10FC7800204608F081F8204608F0ECF9032831D82E
:10FC88000DF12008414D7288D5F8609052BA92B2B1
:10FC98000120141F06F10C0106F1100BB9F1000F39
:10FCA80044D005F0FBFB59468246012005F0F6FBDF
:10FCB8000346CDF80C80327A48460292798822466B
:10FCC80049BA89B2CDE9003153463149F6F73CFDCE
:10FCD8007B886A6E5BBA9BB2934242D000200DB01B
:10FCE800BDE8F08F204605A908F068F8002849D13A
:10FCF80012F092FD0446059BDFF898C0E41AC4F39D
:10FD08000E03A3FB0C3EDB0B059443EA4E43E40BC6
:10FD18000CFB0433204D0DF12008A5FB03531021E3
:10FD280040461E4A9B0C20F0ADFEABE705F0B6FB43
:10FD380059468146012005F0B1FBCDF80880327A9A
:10FD4800214601927C88034664BAA4B24A46104808
:10FD58000094F2F707FE7B886A6E5BBA9BB2934207
:10FD6800BCD10A481AF030F80D4808F057FC0022B8
:10FD7800286E1146F6F7DEFE08210A4A286EF6F7C5
:10FD8800C5FCABE76FF00400A9E700BF90F40120C1
:10FD980078E6070000CA9A3B83DE1B436CE607003F
:10FDA800C0F401204095070030B5046883B052F8CC
:10FDB80024309D7885B1981C0378302B17D143786F
:10FDC800782B14D11021002301AA0193F7F770FAB8
:10FDD800019B73B903B030BD4FEA840C01348C42E7
:10FDE80007D20460624450680378302BE7D00A21B8
:10FDF800E9E74FF0FF30EDE701232DE9F04F994295
:10FE080087B00746059340F21381002591464FF0CD
:10FE1800FF364FF47A728B464FF004084FF0030A0E
:10FE28002C460292039659F823100B782D2B40F09C
:10FE3800C5804B78493B2A2B17D8DFE803F0A91671
:10FE4800161616161616A0161616161616161616C0
:10FE580016161616161616169716161616168E1641
:10FE680016161616167C16162300002F00F0A8800A
:10FE78000A4638467349F6F799FC6FF0070007B051
:10FE8800BDE8F08F4A46594605A8FFF78DFFB0F543
:10FE9800803F804680F08980059B01335B45059350
:10FEA800C1D3002C00F0C480DFF89CB17822002177
:10FEB800584627F04BFA5846644919F079FE029BD8
:10FEC800CBF864A0CBF86830CBF874608BF872502C
:10FED800CBF86070ABF87080012021460BF1480226
:10FEE80005F0F8FA00286FD10121594A034600921B
:10FEF8000246ABF844100BF1300008F063FB002811
:10FF0800C0F28180039803F045FC002863D0CBF849
:10FF18005C00002F6CD0224638464E49F6F714FC98
:10FF2800384600224C49F6F705FE002200234648D1
:10FF380019F044FF4DE04A46594605A8FFF734FF3B
:10FF4800FF280646A8D9059B002F56D0384659F8F1
:10FF580023204249F6F72AFC8FE74A46594605A866
:10FF6800FFF722FF031E029396DAECE74A4659464A
:10FF780005A8FFF719FFB0F1000A8DDAE3E74A4652
:10FF8800594605A8FFF710FFFF28054684D9DAE788
:10FF98004A46594605A8FFF707FF031E039304DBEB
:10FFA80003F0F8FB00287FF477AF059B59F823206E
:10FFB800A7B338462949F6F7F9FB5EE70C466BE725
:10FFC8002048F2F7CFFC58E727B338462449F6F71C
:10FFD800EDFB002053E7BBF84430012B97D10BF120
:10FFE800480003F0E5FE002891D103F087FC8EE776
:08FFF80021461848F2F7B6FC9F
:020000025000AC
:1000000092E7184859F82310F2F7B0FC39E777B1B6
:100010003846164A1649F6F7CDFBDEE71248F2F7E6
:10002000A5FCDAE711460F48F2F7A0FC29E70F49D3
:100030000F48F2F79BFCD0E727B138460D49F6F799
:10004000B9FB1EE70B48F2F791FC1AE7BCE6070084
:1000500090F40120B50005004DFC04002CE70700DA
:1000600079000500A8E6070018E70700FCCA0700AA
:10007000F0E60700D8E60700C2B101390A4401E002
:10008000914213D011F8013F032BF9D110B5084C60
:10009000204619F09DFE04F1300008F0C3FA00225A
:1000A000206E1146BDE81040F6F748BD704700BF0E
:1000B00090F4012070B5C36E426E01339342044642
:1000C000056E88B0C36637D823D34FF4803200233F
:1000D00019F078FE042103A8FAF706FE0022E16E6B
:1000E0000094ADF80E1094F8721004F130068DF8FB
:1000F0001010616F06920591B4F8701030460791A8
:1001000003ABE16D04F1440208F0C6FA68BB08B025
:1001100070BD4FF4004340F2E7300021A26EE2FBD5
:1001200003014FF47A72002320F002FC02460B46D2
:10013000204619F047FECDE7A5B328461B49F6F740
:10014000F7FA204619F044FE04F1300008F06AFA8C
:100150000022206E1146F6F7F1FC0821144A206EA9
:1001600008B0BDE87040F6F7D5BAB5B102461149FE
:100170002846F6F71FFB204619F02AFE304608F005
:1001800051FA0022206E1146F6F7D8FC0821084AE1
:10019000206EF6F7BFFA08B070BD01460548F2F7C9
:1001A000E5FBE8E70148F2F7E1FBCAE738E70700BB
:1001B0004095070048E707002DE9F04F56681446C0
:1001C00033780546302B87B003D17378782B08BF7E
:1001D0000236304627F03AF90423014605AA304694
:1001E000F2F74AFC002800F0EB80411E00F1E880A5
:1001F0000022164605AB184410F8013D0139934022
:100200001E434B1C02F10802F6D1002E00F0D880EC
:10021000002305A91A4604A807F01CFB0499CB6823
:100220004A699E42896973D3013A01FB02329642C0
:100230006ED8F31AB3FBF1F201FB1233002B67D136
:10024000B46806F12008002D00F0AA803246284646
:100250006449F6F77DFAD8E8AF3F6349324628464D
:10026000F6F776FA2CB328466049F6F771FADFF80C
:10027000809104F10C00002D6BD0DFF870A105E037
:1002800028465146F6F764FA04F10C00D8E8AFBFEF
:10029000278AFAF79DFB8446B4F812E022465B46B3
:1002A000494628468DE88050F6F752FA6468002CDB
:1002B000E6D128464F49F6F74BFA28464D49F6F75E
:1002C00047FAB468002C67D0237A002B64D03246FA
:1002D00028464949F6F73CFA0026DFF820810DE070
:1002E0002346414628463A46F6F732FA228AE16822
:1002F0002846F6F7FFFA6468002C4DD037460136E1
:10030000002DEDD1224640463946F2F72FFBEDE7AE
:100310000599CB684A699E4289690BD3013A01FB72
:100320000232964206D8F31AB3FBF1F201FB123304
:10033000002B85D06268002D49D028463049F6F759
:1003400049FA6FF0070028E02848F2F70FFB04F1A4
:100350000C00D8E8AFBFB4F810A0FAF739FB074695
:10036000B4F812C0214653465A464846CDE9007CAF
:10037000F2F7FCFA6468002CE6D11E48F2F7F6FAB0
:100380001C48F2F7F3FAB46834B1237A23B131464A
:100390001948F2F7EBFA9FE7002007B0BDE8F08FAD
:1003A00031461048F2F7E2FAD8E8AF2F0E4831464E
:1003B000F2F7DCFA002CE0D00C48F2F7D7FA56E757
:1003C00062684DB128460F49F6F704FAB9E71146BD
:1003D0000B48F2F7CBFAB4E711460A48F2F7C6FA2F
:1003E000AFE700BFA8E80700C4E80700CCE80700B3
:1003F000D0E8070004F10700E4E8070008E9070077
:100400007CE807004CE8070008B530B1064B074A06
:100410000749F6F78DF9002008BD034A034904484F
:10042000F2F7A4FA002008BDA0E90700BCE9070024
:1004300080B5070008B530B1064B074A0749F6F703
:1004400077F9002008BD034A03490448F2F78EFA01
:10045000002008BD34EA07000CEA070080B5070059
:1004600008B530B1064B074A0749F6F761F9002095
:1004700008BD034A03490448F2F778FA002008BD92
:1004800034EA07000CEA070080B5070008B530B170
:10049000064B074A0749F6F74BF9002008BD034A07
:1004A00003490448F2F762FA002008BDB8EA0700E1
:1004B000BCEA070080B5070008B530B1064B074A13
:1004C0000749F6F735F9002008BD034A03490448F7
:1004D000F2F74CFA002008BDB8EA0700E4EA07008A
:1004E00080B5070008B520B10449F6F721F90020CE
:1004F00008BD0248F2F73AFA002008BDBCEB07003D
:1005000008B530B1064B074A0749F6F711F9002044
:1005100008BD034A03490448F2F728FA002008BD41
:1005200010EC070020EC070080B5070010B582B082
:1005300048B1094C094B0A4A0A490094F6F7F8F801
:10054000002002B010BD044B044A05490548F2F7EB
:100550000DFA002002B010BD44D3070048E20700A6
:1005600058E2070034EC070010B582B048B1094CDE
:10057000094B0A4A0A490094F6F7DAF8002002B05B
:1005800010BD044B044A05490548F2F7EFF9002075
:1005900002B010BD44D3070048E2070058E207004C
:1005A0007CEC070010B558B104460A4B0A4A0B49C7
:1005B000F6F7BEF820460A49F6F7BAF8002010BD53
:1005C000044A05490548F2F7D1F90548F2F7CEF992
:1005D000002010BDBCED0700D0ED070080B507007E
:1005E00000EE07002DE9F84F00244FF0FF35904250
:1005F0005D601C7028D9814602F1804028449346F2
:100600009A464FF00108254E254F01EB800505E085
:100610008AF800800BF1010BD94515D955F8044F24
:1006200094B131462046F0F7E5FA0028F0D039467B
:100630002046F0F7DFFA48B94FF002030BF1010B47
:10064000D9458AF80030E9D8BDE8F88F2046154929
:10065000F0F7D0FA20B94FF003038AF80030D9E759
:1006600020461149F0F7C6FA18B90123CAF8043038
:10067000D0E720460D49F0F7BDFA18B90223CAF8B1
:100680000430C7E720460A49F0F7B4FA0028C1D180
:100690004FF0FF33CAF80430BCE700BF40EE07005C
:1006A0004CEE070058EE070060EE070068EE07000A
:1006B0008CD107008C4630B5054685B002AC60464B
:1006C0001146234601220095FFF78CFF6946034837
:1006D000019404F069FA002005B030BDE106050080
:1006E000F0B50D6887B0002800F03881044605A9F0
:1006F000002D00F09480FCF72BFB0646204604F00A
:100700003DFA074633462246284681490097F6F7C8
:100710001FF82846059A7F49F6F71AF8D4E90F1210
:10072000A36BCDE900212846626B7B49F6F710F8F0
:10073000D4E90831E269284600917849F6F708F8CB
:10074000D4E90B31A26A284600917549F6F700F802
:10075000D4E91231626C284600917249F5F7F8FF2E
:10076000D4E9142328467049F5F7F2FFD4E92B3178
:10077000D4F8A820284600916C49F5F7E9FF04F168
:1007800098010EC9284600916949F5F7E1FF28460E
:10079000D4F8A4206749F5F7DBFFD4E91623A66E49
:1007A000CDE900230296D4E9182328466249F5F7DB
:1007B000CFFFD4E91D31226F284600915F49F5F73C
:1007C000C7FFD4E91F31D4F88C20284600915C493A
:1007D000F5F7BEFFD4E9212328465A49F5F7B8FFBB
:1007E000D4E9242328465849F5F7B2FF2846E26E9B
:1007F0005649F5F7ADFFD4E9042328465449F5F7E7
:10080000A7FFD4E9022328465249F5F7A1FFA269C0
:100810002846514907B0BDE8F040F5F799BFFCF70D
:1008200097FA0546204604F0A9F92A4603462146D0
:100830003748F2F79BF805993648F2F797F8D4E96C
:100840000F03D4E90D1200903348F2F78FF8D4E982
:100850000823E1693148F2F789F8D4E90B23A16A4A
:100860002F48F2F783F8D4E91223616C2D48F2F790
:100870007DF8D4E914122C48F2F778F8D4E92B2348
:10088000D4F8A8102948F2F771F8D4E92712D4F85F
:1008900098302748F2F76AF8D4F8A4102548F2F700
:1008A00065F8D4E91823D4E91667A16E22480291AD
:1008B000CDE90067F2F75AF8D4E91D23216F1F48EC
:1008C000F2F754F8D4E91F23D4F88C101C48F2F73F
:1008D0004DF8D4E921121B48F2F748F8D4E9241264
:1008E0001948F2F743F8E16E1848F2F73FF8D4E9F7
:1008F00004231748F2F73AF8D4E902231548F2F72F
:1009000035F8A169144807B0BDE8F040F2F72EB8F9
:1009100070EE0700C8C907008CEE0700BCEE0700A8
:10092000E8EE070010EF070034EF070054EF070070
:1009300078EF07009CEF0700B0EF0700DCEF07003F
:1009400000F0070028F0070044F0070064F00700FB
:1009500078F0070090F00700D0F00700784C002DE9
:1009600000F0838028467749F5F7F2FE284676495D
:10097000F5F7EEFED4E90D12236BCDE900212846F0
:10098000E26A7249F5F7E4FED4E906316269284665
:1009900000916F49F5F7DCFED4E90931226A284657
:1009A00000916C49F5F7D4FED4E91031E26B28468A
:1009B00000916949F5F7CCFED4E91223284667492E
:1009C000F5F7C6FED4E92931D4F8A02028460091D5
:1009D0006349F5F7BDFE04F190010EC92846009168
:1009E0006049F5F7B5FE2846D4F89C205E49F5F736
:1009F000AFFED4E91423266ECDE900230296D4E994
:100A0000162328465949F5F7A3FED4E91B31A26EF7
:100A1000284600915649F5F79BFED4E91D31D4F8DC
:100A20008420284600915349F5F792FED4E91F230C
:100A300028465149F5F78CFED4E9222328464F4930
:100A4000F5F786FE2846626E4D49F5F781FED4E93A
:100A5000022328464B49F5F77BFED4E900232846BC
:100A60004949F5F775FE2269D2E63648F1F77EFF6F
:100A70003548F1F77BFFD4E90D03D4E90B12009060
:100A80003248F1F773FFD4E9062361693048F1F782
:100A90006DFFD4E90923216A2E48F1F767FFD4E9F5
:100AA0001023E16B2C48F1F761FFD4E912122B48B7
:100AB000F1F75CFFD4E92923D4F8A0102848F1F716
:100AC00055FFD4E92512D4F890302648F1F74EFFAF
:100AD000D4F89C102448F1F749FFD4E91623D4E94F
:100AE0001467216E21480291CDE90067F1F73EFFBE
:100AF000D4E91B23A16E1E48F1F738FFD4E91D236A
:100B0000D4F884101B48F1F731FFD4E91F121A48BA
:100B1000F1F72CFFD4E922121848F1F727FF616E94
:100B20001748F1F723FFD4E902231648F1F71EFF17
:100B3000D4E900231448F1F719FF2169E2E600BF68
:100B4000A8F70120A8F00700BCF007008CEE070012
:100B5000BCEE0700E8EE070010EF070034EF0700D7
:100B600054EF070078EF07009CEF0700B0EF070095
:100B7000DCEF070000F0070028F0070044F0070052
:100B800064F0070078F0070090F007002DE9F043CB
:100B90005368074687B043B31846144688460A226E
:100BA00001A91FF09FFF019B81461D78A5B902F0A6
:100BB000F5FD0646F0B1214604AC4046234602222C
:100BC0000297FFF70FFD304602A90394FFF788FD57
:100BD000284607B0BDE8F083626897B138461049EF
:100BE000F5F7E8FD6FF00700F3E778B10D49F5F789
:100BF000E1FDF7E777B14A4638460B49F5F7DAFDEC
:100C0000F0E711460648F1F7B1FEEBE70548F1F7CA
:100C1000ADFEE7E749460448F1F7A8FEE2E700BF6A
:100C2000D8B30700E4F00700A4C60700F0B500271A
:100C300087B00C460546CF6002F0B0FD45B30646CE
:100C4000002839D0012D2DD1082203A904F0F4F891
:100C5000394630468DF81470FCF77AF801961C4E30
:100C600003AB00901C2130461A4A1FF00FFF1A4BAD
:100C7000C4E90163284602F091FDC8B101230421B3
:100C8000164A17481FF002FF154E266007B0F0BD48
:100C9000144E114BC4E90163284602F07FFD266023
:100CA00007B0F0BD0C4BC4E90173284602F076FD95
:100CB0000026266007B0F0BD074BC4E901032846B3
:100CC00002F06CFD0028F3D0012DD7D0F0E700BF73
:100CD0003C0B022038C60700E4830700F8880700B1
:100CE000380B022040950700F0B5054650681446C1
:100CF0000E4685B080B10F49EFF77CFF38B1224630
:100D000031462846FFF742FF002005B0F0BD09F04C
:100D100057FA002005B0F0BD02AF114630463B4601
:100D200001220095FFF75EFC69460348019703F036
:100D30003BFFE9E7B8A70700E106050008B520B1C9
:100D40000449F5F7F5FC002008BD0248F1F70EFE56
:100D5000002008BDBCEB07000020704738B5184DD7
:100D600004462868A0B1B0F89030DB0710D505F034
:100D700047FB002818DB3CB120461249F5F7E8FC98
:100D800000232B60184638BD0E48F1F7EFFDF7E75A
:100D900034B120460C49F5F70DFD6FF0070038BD62
:100DA0000948F1F7E3FDF8E72CB102460749204670
:100DB000F5F700FDF1E701460448F1F7D7FDECE750
:100DC0005C0B0220A4F3070070F3070080F3070018
:100DD00010B5174B0446186884B088B1B0F890304D
:100DE000DB070DD502A900910022002311490294CE
:100DF00006F022F80028A8BF00200DDB04B010BDCB
:100E000034B120460C49F5F7D5FC6FF00700F5E743
:100E10000948F1F7ABFDF8E72CB102460749204637
:100E2000F5F7C8FCF1E701460448F1F79FFDECE750
:100E30005C0B0220410E050070F30700B8F30700B9
:100E400038B5E9B1054608460C4607F007F90146F2
:100E5000284606F09DF8264B1868A36828B3002B97
:100E600038D00022B3F810C05B686244002BF9D17F
:100E70002049F5F76DFC2046BDE8384006F09CBCE3
:100E80001D4C206818B1B0F89030DB0700D438BD95
:100E900005F0B6FA164B021E186815DBE0B11749CB
:100EA000F5F756FC0023236038BDFBB101461A8AD2
:100EB0005B681144002BFAD10E48F1F757FD20462C
:100EC000BDE8384006F078BC50B1BDE838400C4968
:100ED000F5F73EBC1A46CBE70848F1F747FDE1E7D6
:100EE0001146BDE838400648F1F740BD1946E3E732
:100EF000580B0220F4F307005C0B0220D0F307002C
:100F000080F30700F0B5214B04461D6887B0E5B1BA
:100F1000B5F89030DB0718D55668F6B13046049422
:100F200026F094FA002731464FF4803602462846D0
:100F300004ADCDE90067164B029505F0EDFE0028E3
:100F4000A8BF00200EDB07B0F0BD94B120461149C8
:100F5000F5F730FC6FF00700F5E770B10E49F5F7D3
:100F600029FCF7E76CB102460C492046F5F722FC54
:100F7000F0E70848F1F7FAFCECE70748F1F7F6FC70
:100F8000E8E701460548F1F7F1FCE3E75C0B0220D6
:100F9000A10F050070F3070008F407001CF4070018
:100FA000044B186810B10449F5F7D2BB0248F1F7B9
:100FB000DDBC00BF580B022034F40700084B0A1EAA
:100FC000186803DB30B10749F5F7C2BB28B1064901
:100FD000F5F7BEBB0348F1F7C9BC0348F1F7C6BC3F
:100FE000580B022060F4070044F407002DE9F04399
:100FF000784E0446336815468BB023B1B3F8903071
:10100000DB0700F1CB806F68002F00F0D180A8686B
:10101000002800F0BD800A2205A91FF063FD059B92
:1010200080461B78002B40F0AA8002F06BFC05463E
:101030000120394609AA04F051FA00283BDBD5F813
:10104000B83001255B6898FA98F0ADF82200CDE938
:1010500006532846ADF8205007A9002C35D004F0DF
:1010600021FABDF81A3002465BBA9BB220465A49B3
:10107000F5F76EFB09A9284604F014FABDF82230F2
:1010800002465BBA204655499BB2F5F761FB062242
:10109000294628464F4B05F09DF8021E5ADB0822D0
:1010A000306806A905F0DCF9021E33DA20464C4907
:1010B000F5F780FB05E0002C51D020464949F5F7B3
:1010C00079FB00200BB0BDE8F08304F0EBF9BDF82C
:1010D0001A20014652BA92B23F48F1F747FC09A9DB
:1010E000284604F0DFF9BDF82220014652BA3B48F9
:1010F00092B2F1F73BFC294606222846354B05F013
:1011000069F8011E2FDB06A90822306805F0A8F94E
:10111000011E2CDB00254FF4C0384FF00009324B84
:1011200030681C6005F032F930680822CDE900898A
:101130002E4B08A9029505F0B5FCA842C1DAD4B13E
:1011400020462B49F5F736FB306805F059F90023A6
:101150003360B6E720462749F5F72CFBB1E7214875
:10116000F1F704FCADE72348F1F700FCA9E71C48C0
:10117000F1F7FCFBA5E71E48F1F7F8FBE4E7AA68E6
:101180008CB120461C49F5F715FB6FF0070099E775
:10119000A4B120461949F5F70DFBF6E790B11849BF
:1011A000F5F7D6FAF1E711461348F1F7DFFBECE764
:1011B00064B120461349F5F7FDFAE6E70F48F1F769
:1011C000D5FBE2E70E48F1F7D1FBDEE70D48F1F77A
:1011D000CDFBDAE75C0B0220E0F40700F8F407002F
:1011E00024F50700C8F40700580B0220BD0F0500C6
:1011F0003CF5070004F50700B4F40700A0F407006D
:1012000070F4070084F407000020704708B5094B0C
:10121000186838B10849F5F79BFABDE80840074857
:1012200018F0CAB80448F1F7A1FBBDE8084003482C
:1012300018F0C2B8600B022034F407001CAB012088
:10124000002938D02DE9F041084682B00D4606F05D
:1012500005FF204F06463B6873B318461E49F5F755
:1012600077FAEEB10024DFF8748005E041460134DE
:10127000F5F76EFAA64213D0012228460DF10701B8
:1012800006F096FD00280BDB38689DF80720002843
:10129000ECD1114640460134F1F768FBA642EBD190
:1012A000386868B10E49F5F753FA284606F084FA13
:1012B00002B0BDE8F08170470748F1F757FBD0E76F
:1012C0000748F1F753FB284606F076FA02B0BDE86E
:1012D000F08100BF600B0220B8F607009090070075
:1012E00004F1070010B5134B04461B68ABB1B3F80B
:1012F0009020D20711D5184605F082F8021E01DBB6
:10130000002010BD24B120460B49F5F753FAF7E74A
:1013100011460948F1F72AFBF2E734B120460749A4
:10132000F5F748FA6FF0150010BD0448F1F71EFB01
:10133000F8E700BF640B0220FCF60700D0F60700B8
:101340002DE9F0431446002287B002290546039296
:1013500040F29C80D4E9019003A91FF0C3FBA2686E
:10136000039B06469A4200F0A7805A4F3B6823B180
:10137000B3F89030DB0700F190804FF0000848464A
:10138000CDE9048826F062F804AA0146484604F034
:1013900047FB112202214F4BBDF8100004F01AFF49
:1013A000041E38DB4C4B1D60BDF81030012B10D0F3
:1013B000002D4ED02846494A4949F5F7FBF93868CF
:1013C00005F01EF8021E3FDB0024204607B0BDE8F2
:1013D000F08376BA05A8ADF8126002F0EDFC48B3D0
:1013E0003C6803F0CBFB082284F8920004A938681B
:1013F00005F036F8021E39DBCDF80080002200230C
:101400003849386805F018FD021EDDDA002D4CD091
:1014100028463549D1E745B1284622463349F5F7F4
:10142000C9F9204607B0BDE8F08321462F48F1F7FF
:101430009DFACAE70DB328462D49F5F7BBF9386880
:1014400004F0DEFF021EBFDA28462A49F5F7B2F99A
:10145000BAE722492248F1F789FA386804F0D0FF48
:10146000011EB1DA2348F1F781FAADE715B128463C
:101470002149A2E711462048EDE71D48F1F776FA29
:10148000386804F0BDFF011E9EDAEBE780B11B490E
:10149000F5F790F96FF0150497E79DB128461849C4
:1014A000F5F788F96FF077048FE711460E48D2E719
:1014B0001248F1F75BFAEDE745B128461149F5F717
:1014C00079F9E7E70E48F1F751FAEBE70D48F1F744
:1014D0004DFADFE7640B0220600B0220A4F707003F
:1014E000ACF70700411205001CF8070084F707005D
:1014F000D4F7070044F80700F8F7070018F70700CB
:1015000064F707004CF707002DE9F04300248BB087
:1015100003290646079440F2BF80154607A92246D4
:10152000D5E901701FF0DEFAD5E90228079B0546D0
:101530009A4200F0BD803846CDE9084425F086FF88
:1015400001463846634F08AA04F06AFA3B68BBB10B
:10155000B3F89030DB0713D55F4B1E60BDF8203029
:10156000012B1DD0002E63D030465C4A5C49F5F754
:1015700021F9002C51D1002420460BB0BDE8F083A6
:1015800011220221534BBDF8200004F023FE041E5B
:1015900053DB514B01241E60BDF82030012BE1D1FB
:1015A0006DBA09A8ADF8225002F006FC00284ED012
:1015B0003D6803F0E3FA85F89200002500223868C0
:1015C00000234849009505F037FC021E45DB4046E4
:1015D00025F03CFF0246082041464FF0FF394FF00E
:1015E000FF380495404D0090386808ABCDE902897A
:1015F000019505F0F7FB021E35DB4FF48032002326
:101600003A4817F049FF0B30B3D1002E56D0304680
:101610003749F5F7CFF8002CADD0386804F0F0FE6C
:10162000021EA8DA56B330463249F5F7C3F8A2E7EE
:101630002A492B48F1F79AF99BE7D6B13046224662
:101640002D49F5F7B7F820460BB0BDE8F083D6B1C9
:1016500030462A49F5F7AEF88BE7C6B1304628493F
:10166000F5F7A8F885E7F6B130462649F5F7A2F870
:101670007FE721462048F1F779F97DE711461D48BB
:10168000F1F774F977E71D48F1F770F971E7114642
:101690001B48F1F76BF96CE7A0B11B49F5F78AF825
:1016A0006FF0150468E711461648F1F75FF960E737
:1016B00066B130461549F5F77DF8F1E70C48F1F7CA
:1016C00055F956E71048F1F751F9E9E70F48F1F7F6
:1016D0004DF9E5E7640B0220600B0220B4F507002A
:1016E000ACF70700411205000D1205001CAB0120EC
:1016F000D8F8070044F8070084F70700D4F707007C
:1017000098F80700BCF8070064F807004CF70700DA
:1017100008B530B1064B074A0749F5F709F800202C
:1017200008BD034A03490448F1F720F9002008BD29
:1017300018FA070034FA070080B5070008B530B181
:10174000064B074A0749F4F7F3FF002008BD034A98
:1017500003490448F1F70AF9002008BD18FA070008
:1017600034FA070080B5070008B530B1064B074AC8
:101770000749F4F7DDFF002008BD034A0349044888
:10178000F1F7F4F8002008BD18FA070034FA070052
:1017900080B5070008B530B1064B074A0749F4F792
:1017A000C7FF002008BD034A03490448F1F7DEF8EB
:1017B000002008BDECFB0700F4FB070080B5070024
:1017C00008B530B1064B074A0749F4F7B1FF0020CE
:1017D00008BD034A03490448F1F7C8F8002008BDD2
:1017E000ECFB0700F4FB070080B5070008B530B13B
:1017F000064B074A0749F4F79BFF002008BD034A40
:1018000003490448F1F7B2F8002008BDECFB0700DB
:10181000F4FB070080B5070008B530B1064B074A56
:101820000749F4F785FF002008BD034A034904482F
:10183000F1F79CF8002008BDF0FC0700FCFC070055
:1018400080B5070038B50446064D074B2946074AC0
:10185000F4F77EFF20462946054B064AF4F778FF49
:10186000002038BD64FD070050FD070054FD07004F
:1018700084FD0700ACFD070038B50446064D074B54
:101880002946074AF4F764FF20462946054B064AD5
:10189000F4F75EFF002038BD64FD070050FD07002F
:1018A00054FD070084FD0700ACFD070038B5044671
:1018B000064D074B2946074AF4F74AFF20462946BA
:1018C000054B064AF4F744FF002038BD64FD0700CD
:1018D00050FD070054FD070084FD0700ACFD070024
:1018E00038B50446064D074B2946074AF4F730FF42
:1018F00020462946054B064AF4F72AFF002038BD4A
:1019000064FD070050FD070054FD070084FD07003B
:10191000ACFD070038B50446064D074B2946074A7B
:10192000F4F716FF20462946054B064AF4F710FF48
:10193000002038BD64FD070050FD070054FD07007E
:1019400084FD0700ACFD070070B58CB01546044659
:101950000E4630220021684625F0FCFC01238DF85C
:1019600007508DF800303CB123685BB3D3E90042E7
:10197000154BA5689A4201D00CB070BD002DFBD06C
:101980006B69002BF8D020469847C304F4D5AB69A7
:10199000002BF1D031880129EED120465E24ADF82C
:1019A000011071796A4601F07F018DF80410B17958
:1019B0008DF803408DF80510F1798DF80610072198
:1019C0009847D9E79B68FFDED8AC012020B10368B7
:1019D00013B19B68187E704700231B7EFFDE00BF9B
:1019E000E8B170B503680446E3B11B689D689DB11A
:1019F00039B1EA681AB1BDE87040184610470020B6
:101A000070BD01F0A1F92B69002BF8D0206800B15E
:101A10000068BDE8704018476FF0010070BD0023FA
:101A20009B68FFDE00239B68FFDE00BF0269034660
:101A300092B1021FD2E8AF2F417D02F0010201F006
:101A40000100904208D062F30001186959750AB18B
:101A500003F0A8B903F0CEB9704700BF30B5B1F5B7
:101A6000006F83B00DD048F2DD63994232D102237A
:101A7000012092F8371063F3061182F8371003B093
:101A800030BD9368DC682378FF2B26D16378FF2B69
:101A900023D1A378FF2B20D1E378FF2B1DD123790D
:101AA000FF2B1AD16379FF2B17D1236903F0F003C1
:101AB000E02B12D09569019203F0D6FF21690368EB
:101AC000019A994209D0284604F1100102F020F849
:101AD000019A10B9022003B030BD0123C8E700BF4E
:101AE0002DE9F047074682B0002800F04F810368D7
:101AF000002B00F027811B688A8ED3F8089054BA17
:101B00008846A4B2B9F1000F00F08281D9F82430E0
:101B1000002B00F0748191F83730C3F30213012BCE
:101B200000F099804646002C00F0698196F82D302F
:101B3000002B00F085800E21304640F6CD42002378
:101B400005F00AFE0546002800F018810E2150F825
:101B50000CAFF8F7DDFEB4F5C16F06D096F837305C
:101B6000C3F30213012B00F0AC80D6F82E30CAF874
:101B70000030738EAAF80430D6F826302946CAF809
:101B80000630738D3046AAF80A30AAF80C4005F0EA
:101B900057FE304606F0EEF8386800B1006831466E
:101BA000D9F8243098470546002840F0A5802C46F7
:101BB000B368D3F80C801A8A5B681444002BFAD1FE
:101BC0003A68002A00F0BE80106881688B68002B9C
:101BD00000F0AC800121984730B103681B19036005
:101BE000436843F1000343603A68002A00F005812E
:101BF000106882689368002B00F09E80012198474E
:101C000010B103690133036198F80010012900F055
:101C10009B80FF2904D198F80130FF2B00F0B88099
:101C2000B36833B100201A8A5B681044002BFAD1E4
:101C30000546304605F0C0FD284602B0BDE8F087F5
:101C4000774B18689A889B79C6F82D00A6F8312042
:101C500086F833306FE7B2F5006F7FF463AF8B68BF
:101C60008D69DC6803F000FF226903689A4200F086
:101C7000B380284604F1100101F04AFF002840F02B
:101C8000AB80D8F80830D9680B6903F0F003E02B7B
:101C900000F0A28002461031404601AB00F086FB06
:101CA0000546002800F09880012800F09E80022858
:101CB00000F0B1800028BFDB4FF438715948F0F7CD
:101CC00093FEB268D1680A6902F0F002E02A7FF45C
:101CD0004CAFAAF800305E238AF802304B7C8AF8B9
:101CE00003308A7C03F07F038AF80420CA7C8AF8D8
:101CF00003308AF805203FE73B681BB31868826809
:101D00009368002B3DD00121984710B1836A0133BD
:101D10008362B4F5C16F8FD1404605F06FFDB368A3
:101D20003846D968103101F09DF882E74B68002BE6
:101D30003FF45EAF98474FE75368002B3FF464AF22
:101D400098475DE79B68FFDE98F80130002B7FF431
:101D500067AF98F802305E2B7FF462AF3B68002BD0
:101D6000F0D0186882689368002B4BD09847002801
:101D70003FF456AF036A0133036251E76FF00B057E
:101D8000C7E75368002BC4D09847BEE78368FFDEDF
:101D900098F80230FF2B7FF443AF98F80330FF2B05
:101DA0007FF43EAF98F80430FF2B7FF439AF98F8FA
:101DB0000530FF2B7FF434AF3B68002BC2D018688E
:101DC000826893685BB10121984700283FF428AFEF
:101DD00083690133836123E746460824A6E65368F6
:101DE000002B3FF41DAF9847EFE7404605F0E4FCB9
:101DF000019EB48E64BAA4B295E69368FFDE6FF0DC
:101E0000850519E75368002B3FF40AAF9847AEE702
:101E10006FF0010510E7404605F0CEFC00250BE70A
:101E2000C0FF070088FF07002DE9F04F8D680646C8
:101E3000EB6883B0C3B32A8A0D2A35D9D3F80620BC
:101E40000C46C1F826205A892E3121F8042C40F284
:101E50000362A2841868C4F82E009888A285608660
:101E6000B3F80C9094F82E7099FA99FAFF2FA4F811
:101E700034A01FFA8AFA2ED007F00107002E00F0D6
:101E800048813368002B00F040815A7C062A40F0DC
:101E9000C08037B903F11200019325F015FA019BB8
:101EA00020B94FF000081EE07EB13368002B00F02F
:101EB000D180186882689368002B00F0A48001210B
:101EC000984710B1C36A0133C3624FF0020A50460B
:101ED00003B0BDE8F08F94F82F30FF2B00F0D280D4
:101EE0004FF0000801270E2105F10C00F8F754FD12
:101EF000A368002B00F0E48000251A8A5B68154473
:101F0000002BFAD18C4B8D48834200F20F8180F078
:101F1000A480998900F1FF3CACEB030CC01A514539
:101F20004FF00002DFF818E24FEA1C1C4FEA1010D5
:101F300002D15968714510D0824203F1100300F0BC
:101F4000F580944502F1010100F087800A469989E5
:101F50005145F1D159687145EED1D3F808B0BBF1C4
:101F6000000FE9D0514622463046D847824678B124
:101F7000022899D048F68863994509D094F83730FB
:101F8000C3F30213012B00F0B880022B00F09A80FB
:101F9000002E00F0B8803368002B5CD01868816890
:101FA0008A68002A3ED00121904738B183680E35F7
:101FB0005B198360C36843F10003C3603368002B7F
:101FC00049D01868826893683BB30121984710B1E3
:101FD000436901334361B8F1000F28D1002F3FF46A
:101FE00076AF3368002B00F09E8018688268936893
:101FF000002B7CD00121984700283FF468AF436A4A
:102000000133436263E75368002B3FF45EAF9847A8
:1020100057E7002F7FF445AF4BE75368002BDAD02A
:102020009847D4E74A68002ACBD09047BDE7336889
:102030008BB1186882689368002B3BD001219847C8
:1020400000283FF444AFC3690133C361504603B075
:10205000BDE8F08F00239B68FFDE002E53D033686D
:10206000002BF8D0186882689368002B55D00121A6
:10207000984700283FF429AFD0F8B0300133C0F8BA
:10208000B03022E794F83030FF2B7FF429AF94F87A
:102090003130FF2B7FF424AF94F83230FF2B7FF4E4
:1020A0001FAF94F83380A8F1FF08B8FA88F84FEA18
:1020B000581817E75368002B3FF409AF9847BFE75C
:1020C0001D461FE7A268D3689B885BBA28339BB282
:1020D0002D2B3FF65DAF118A994228BF13825268BB
:1020E00036BF5B1A00239BB2002AF4D150E7536835
:1020F000002B3FF4ECAE98477EE7A268D3685B887C
:102100005BBA9BB2E4E7B368FFDE002FA2D098462B
:10211000E9E6002F7FF4C5AED7E65368002B3FF405
:10212000D4AE9847A5E7D8F80830FFDE4FF4BE716B
:102130000448F0F759FC00BFA07E0700C07E0700EE
:10214000D8AC012088FF070000487047C8FF07008F
:1021500010B1006800B18068D0E8EF3F43F00102A1
:10216000C0E8E12F0029F7D1DB0700D57047043024
:1021700017F0A6BC10B1006800B18068D0E8EF3F4E
:1021800023F00102C0E8E12F0029F7D1DB0700D4DA
:102190007047043017F094BC58B103685BB11868FD
:1021A000826832B105495B688B4202D1136A03B180
:1021B0001847002070479B68FFDE00BFD8AC0120A5
:1021C00038B5044600282ED00368002B2DD00122FC
:1021D0009D68184968612A76281D17F00FFC23684E
:1021E0002BB318688368BBB15A695AB1904742054E
:1021F00003D52B7E43F004032B762368BBB118680C
:1022000083684BB15B693BB19847C30404D5002197
:10221000094A0A4801F088FB00F060FE6B7E43F03B
:1022200002036B7638BD2076FFDE1B76FFDE9B68EF
:10223000FFDE00BF2D1A050049190500680B0220BA
:1022400038B5044679B183696BB100F118054FF0D8
:10225000FF324FF0FF33284617F01AF805F0ACFABA
:10226000A369002BF3D10023A360E3602361A38261
:1022700038BD00BF2DE9F04719F03EFE80460D46FF
:10228000354E4FF0FF324FF0FF33344816F050FD1B
:102290003468002C54D06B014FEA4817B7EB08079D
:1022A00043EAD86363EB05039B0043EA9773BF00DF
:1022B00017EB080745EB0305ED0045EA5775C7F333
:1022C000103747EA45476368C7F5FA6803EB080229
:1022D000002A4FF000092568DFF884A019DC2046A9
:1022E0000121FFF7ADFF736822689C42DAF80430E1
:1022F000326008BF7260C4F8009033B31C60CAF843
:102300000440EDB12C4663682D6803EB0802002AF7
:10231000E5DDDB1B13F5FA6F1AD04FF4004240F2F3
:10232000E730002103F5FA63E3FB02014FF47A7210
:1023300000231EF0FDFA02460B460A4817F042FD44
:10234000BDE8F047054816F0A3BDCAF80040D6E73F
:1023500000221346F1E700BF40F50120740B022074
:1023600048F5012008F501200F49486850B10B6875
:1023700043B1984202D110E0984204D01A461B683B
:10238000002BF9D17047036813604B6898424FF0F7
:10239000000308BF4A60036070470368C1E9003367
:1023A00000230360704700BF38F50120002800F0CB
:1023B0002E822DE9F04F9B468368044683B0002BA4
:1023C00000F019810D461646002A00F002814FF0F8
:1023D000FF334FF0FF32914816F0AAFCDFF840E2DD
:1023E000A169DEF80030002B46D01F46002003E034
:1023F00038463F68002F3FD0BA689142F8D1D7F8ED
:102400000CC02A689445F3D1BB4216D03A68002824
:1024100000F0F4800260DEF80420974208BFCEF896
:10242000040000223A60DEF800203A60DEF8042062
:10243000CEF80070002A00F0A580784816F028FD3C
:10244000BA68002A00F0E4801268002A00F0E080F8
:1024500012320621002084F825101568C4F8265091
:10246000928884F82D1062853A69C4F82E20BB8AC0
:10247000638603B0BDE8F08F6A4B1F6827B94EE151
:102480003F68002F00F04B81BA689142F8D1F8689C
:102490002A689042F4D1204605F0B0F9044607F1CD
:1024A0001800214616F04AFF002840F08D80204693
:1024B00005F082F9D4F818A0002E00F0B78040F69D
:1024C00006030122A046A38694F83730A06862F381
:1024D000061384F837301C210C30F8F719FAA3687A
:1024E000D3F80C90BAF1000F00F07281DAF80030E6
:1024F000002B00F06D811233062288F825201A681F
:102500000027C8F826209B8808F1260AA8F82A3058
:10251000FFF71AFE40B1062388F82D300368C8F88B
:102520002E308388A8F8323040F20642A9F8042001
:102530000122002389F807203B4A89F80630C9F8B0
:102540001230C9F80020A9F816302A68C9F81820F6
:10255000DAF80020C9F80820BAF80420A9F80C20FD
:10256000002F57D0BA68D2F8B8203AB11846D37EB7
:102570009B0702D51388012B07D0C8B90023C9F8DF
:102580000E3018E0CEF8047057E792F919100129BF
:10259000F3D1536816B131689942EED129684B40A6
:1025A000D1690B4208BF101D02D0002800F0FE8048
:1025B0000368C9F80E30194816F06AFC0120CBF800
:1025C000008003B0BDE8F08F144816F061FC0220D3
:1025D0004FE7806901F068FA00287FF4F8AEA3693C
:1025E000D3F8B830002B3FF4F2AE03F158059B6DE1
:1025F000002B7FF4ECAE6FF015003AE7DEF8041024
:10260000CEF800208F427FF40CAFCEF8042008E70C
:1026100002221EE7A368D8680C30C9E7740B0220B9
:1026200038F5012040F50120000108004FF00008B6
:1026300040F6CD473346CDE9007832461C2150465E
:1026400005F05CFB8046002800F0A780374640F686
:1026500006030122A8F8343098F83730D8F808007B
:1026600062F3061388F837301C210C30F8F750F964
:10267000D8F80830D3F80C90002F3FF433AF204641
:1026800005F0BCF8214607F1180016F0E9FDD8F86E
:102690001830BB602B68FB60BB68002B00F0968095
:1026A0001B68002B00F092801233062288F8252048
:1026B0000022196808F1260AC8F826109B88A8F895
:1026C0002A30544B3A605B68002B7BD01F60514B23
:1026D0005F6019F011FC02460B464FEA421C4901AB
:1026E000BCEB020C41EAD26161EB03014FEA8C0EB4
:1026F00089001EEB020241EA9C7143EB0103DB00FF
:1027000043EA5273C2F3103242EA434242487A60CB
:1027100019F080FA08434ED0FFF716FDFAE63F4A5B
:10272000176807B33B6813605268974204BF3B4A7F
:10273000536000233B60D4F818A0002E4AD040F626
:1027400006030122A38694F83730A06862F30613CB
:1027500084F837301C210C30F8F7DAF8A368A0466B
:10276000D3F80C908BE7FFF7FFFDA0460746D4F89F
:1027700018A0002E7FF46BAF40F6CD484FF0000953
:102780003346CDE9008932461C21504605F0B6FAA1
:10279000804600287FF45BAF67BB214816F078FBCA
:1027A00000236FF00B00CBF8003062E6101D00280C
:1027B0003FF4E4AEFCE64FF480320023194817F0F2
:1027C00001FBA9E7134BC3E9007782E702236CE71B
:1027D000022391E640F6CD484FF000093346CDE99B
:1027E000008932461C21504605F088FA80460028B0
:1027F0007FF42DAF0949D1E900230F603A60002B27
:10280000CBD1064B5F60064816F042FBC8E76FF07D
:102810001500704740F5012018F5012048F501200A
:10282000740B022008F501202DE9F0479DF820A047
:10283000002800F00781994603680F469046064637
:10284000002B71D00C33D3E8AF3F9A046CD54FF016
:10285000FF324FF0FF337F4816F06AFA7E490D6869
:10286000002D6AD0002403E02C462D68002D67D08F
:10287000A8688642F8D1EA683B689A42F4D12B688E
:10288000002C7AD023604B689D4208BF4C60002327
:102890002B600B68002B00F08E80D8F800206F4B67
:1028A0002A611A68B8F804102A605A68A9821D6063
:1028B000002A60D005F1180806271CE04FF0FF330E
:1028C0004FF0FF32404616F0E3FC83680446DB68B5
:1028D00033B180F82D701A68C0F82E209B8843868B
:1028E0003368002B00F0B3805B68214630465B689C
:1028F000984700280EDBAB69002BDFD1554816F056
:10290000C7FA336853B10C33D3E8AF3F9B0405D506
:10291000BDE8F087204604F04FFFCDE706F1DC006C
:10292000BDE8F04716F0B4BA4FF0FF324FF0FF3376
:1029300006F1DC0016F0FCF989E7494817F048FA7F
:10294000B9F1000F1FD1BAF1000FD7D0434C236863
:102950001BB937E01B68002B34D09A689642F9D136
:10296000D9683A689142F5D1D8F800201A61B8F8D0
:1029700004209A82C2E75D609CE74A680B6095423A
:1029800085D14B6083E7354C236813B917E01B688A
:1029900063B19A689642FAD1D9683A689142F6D101
:1029A000D8F800201A61B8F804209A82BAF1000F12
:1029B000A4D02368D1E72A4817F00AFA6DE7BAF1E4
:1029C000000F9BD0274B1D68002D35D059682A6811
:1029D0008D421A6008BF5A6000232B6019F08CFAF0
:1029E0004FEA401E4A01BEEB000E42EAD0624FEAB7
:1029F0008E0362EB010C1A184FEA8C0343EA9E73B4
:102A000041EB0303DB0043EA5273C2F3103242EAA4
:102A10004342AE606A603B68EB60D8F800302B61DF
:102A20002368B8F804202B606368AA822560002B15
:102A30007FF464AF656061E7FFF796FC0546002808
:102A4000CCD15BE74FF446710748EFF7CDFF5B68E9
:102A5000FFDE00BF740B022040F5012038F5012095
:102A600008F5012048F50120FCC907002DE9F043D5
:102A7000856885B08DB10E46044617462946002369
:102A8000B1F810C0496863440029F9D11B2B04D95F
:102A9000ED682B88B3F5807F03D0022005B0BDE838
:102AA000F0836B88082BF8D12B79062BF5D16B7945
:102AB000042BF2D1AB7B7F2BEFD0EB88B3F5807F7B
:102AC0001CD0B3F5007F12D105F11806304601F095
:102AD00009F9002800F01681D5F80E300393002381
:102AE000A06905F1080203A90093FFF79DFE2046A7
:102AF00004F062FE002005B0BDE8F083A16905F195
:102B0000080811B1096801B11031062240460231AE
:102B100024F0DAFB0028C0D03B78FF2B00F09F8028
:102B2000FFF712FB06220146384624F0CDFB28B9F8
:102B3000D5F80E3003F0F003E02BAED0A769D7F83C
:102B4000B820002AA9D0D37E9B07A6D51388012BD5
:102B5000A3D192F91930012B9FD15368AA699A42E7
:102B60009BD1AB7CABB9EB7C9BB92B7D8BB96B7DDF
:102B70007BB9AB7D6BB9EB7D5BB9D5F80E200392C9
:102B800001254646A069424603A90095FFF74CFE81
:102B9000A769002340F6CD484FF000091C213846B4
:102BA0001A46CDE9008905F0A9F8054600289ED00F
:102BB00080681C210C30F7F7ABFE022240F2064C75
:102BC0000020AB68A168DB68C968DA71574AA3F8CE
:102BD00004C098711A60326803F1120CC3F8122015
:102BE000B28803F10800DA82002F00F09C803A6876
:102BF00002B11032D2F802609E60D2888280D1F891
:102C00000E209A618A69C3F80E20002F00F0898097
:102C10003A68002A00F0858012320620012740F62B
:102C2000060695F8371085F8250067F30611176832
:102C3000C5F82670928885F82D006A85D3F8123081
:102C40000022C5F82E30BCF80430A8696B8685F8E0
:102C5000371000232946AE8601F0B6FE47E77B78A1
:102C6000FF2B7FF45DAFBB78FF2B7FF459AFFB7870
:102C7000FF2B7FF455AF3B79FF2B7FF451AF7B796E
:102C8000FF2B7FF44DAFAB7CFF2B26D0002B7FF4C6
:102C900047AFEB7C002B7FF443AF2B7D002B7FF401
:102CA0003FAF6B7D002B7FF43BAFAB7D002B7FF400
:102CB00037AFEB7D002B7FF433AFAB69D5F80E2037
:102CC00093427FF42DAF03930025A0690123424670
:102CD00003A90095FFF7A8FD09E7EB7CFF2B7FF424
:102CE0001FAF2B7DFF2B7FF41BAF6B7DFF2B7FF482
:102CF00017AFAB7DFF2B7FF413AFEB7DFF2B7FF482
:102D00000FAFDAE702F0B0FEAA6903689A423FF417
:102D1000E3AE3146002000F0FBFE00283FF4E7AEB2
:102D2000DAE6022279E73A4664E700BF00010800CC
:102D30000121104692F837302E3261F30613537298
:102D400000F12601FFF792BE2DE9F84305464FF04A
:102D5000FF334FF0FF323E4815F0EAFFDFF8F4C0D2
:102D6000DCF8003023B300261A6831463A4C45B1EE
:102D70009868A84205D01E46D2B113461268002DAD
:102D8000F6D19960D96019619982002E4ED01868E9
:102D90003060DCF80400984208BFCCF80460D4E945
:102DA000007023601F600028E6D16360002AE4D130
:102DB000DFF8A880D8F80040002C41D04FF000097F
:102DC0002668254F45B1A368AB4205D0A146E6B1C0
:102DD00034463668002DF6D101212046FFF730FA3F
:102DE0002368B9F1000F18D0C9F80030D8F80430C2
:102DF0009C4208BFC8F80490D7E900233C602260D9
:102E0000002BE4D17C60002EE2D1D8F80030BBB1B9
:102E1000BDE8F8430E4816F03BB8D8F80420C8F8CF
:102E200000309442E8D1C8F80430E5E7DCF804004B
:102E30001F689842CCF80070B1D1CCF80470AEE7AE
:102E4000074816F0C5FFBDE8F843014816F020B862
:102E5000740B022038F5012048F5012040F50120CF
:102E600008F5012008B50A4B1B686BB19A689042BF
:102E7000FAD1D3F80CC00A689445F5D1184601215F
:102E8000FFF7DEF9002008BD6FF0010008BD00BFAC
:102E900040F50120F8B506460F464FF0FF334FF0DE
:102EA000FF320C4815F044FF0B4B1C6864B1002541
:102EB00020463946B04724680135002CF8D1054832
:102EC00015F0E6FF2846F8BD2546024815F0E0FF5C
:102ED0002846F8BD740B022038F50120F8B5184DCE
:102EE0002B7843BB00220023164C17491748C4E92E
:102EF0000023C0E90023C1E90023154E3046A6F1A6
:102F0000180716F02FF9D4E90023276046F8182C8B
:102F1000A3B1104816F026F922680F4B7A63626855
:102F200023604AB10D490E4816F046FE0D4815F0D3
:102F3000F7FE01232B70F8BD6360F3E76760E8E7F5
:102F4000AC13022048F5012040F5012038F501209E
:102F5000A00B0220D40B0220BC0B0220752205001E
:102F600008F50120740B022008B505F0A7F904F05C
:102F7000DFF906F043FC06F003FF06F021F80AF043
:102F80007FFC02F07BFF05F0CDF901F0F1FF02F0CC
:102F9000C1F8F9F705FF002008BD00BF38B5836808
:102FA00004468069002B6ED00022B3F810C05B6825
:102FB0006244002BF9D1002873D03C4DAB689B18BC
:102FC000AB60EB6843F10003EB6003699B1803619E
:102FD000436943F1000343610CF0C6FBA368002B77
:102FE00044D094F838305B070AD42146A06901F038
:102FF000AFFB0128034603D0022837D0E3B938BD20
:1030000094F83830204643F0040384F8383004F054
:10301000B1FE94F83730C3F30213032B0CD8A36826
:10302000DB681B7803F0F003402B0AD1204606F042
:1030300047FD0346002BE2D02046BDE8384004F0AF
:10304000BBBBA3692BB31A6BA96A01320131A96218
:103050001A63A3690BB36969DA69013101326961E5
:10306000DA612046BDE8384004F0A6BBA36963B12D
:1030700029699A690131013229619A612046BDE8C6
:10308000384004F099BB1A4695E726210848EFF727
:10309000ABFC2B210648EFF7A7FC30210448EFF7E3
:1030A000A3FC36210248EFF79FFC00BFA8F70120E0
:1030B000D4FF070000293FD038B50546002838D096
:1030C0008B680C465BB3DA684AB31B8A3BB3036870
:1030D00043B30C33D3E8AF3FDB0723D591F8373048
:1030E000084643F0010381F8373004F043FEA56140
:1030F0002B6823B31A7CA36884F8242084F82C203E
:1031000013B15B68002BFCD194F83C0005F000F98A
:103110002146C0B205F0EEF838B9002038BD6FF096
:103120003C0038BD6FF0720038BD204604F044FB0F
:10313000F3E76FF0150038BD6FF0150070471B788E
:10314000FFDE00BF002800F05B812DE9F8431F4639
:1031500083680446002B00F050818169002900F04B
:103160003F810D6825B10C35D5E8AF3FDD0703D4AD
:103170006FF07200BDE8F8830B68002BF8D00C33B9
:10318000D3E8AF3FDB05F3D5164604F0D3FB20466A
:1031900004F0F0FD94F83710C1F30211012909D0B1
:1031A00032463B462146A06901F020FC022812D09D
:1031B0000020DFE7A38EB3F5006F0FD06369002B0B
:1031C0007ED1A56932463B462146284601F00EFCD9
:1031D000022840F086806FF00400CBE7A368DD682A
:1031E0002B7A002B00F0888002F03AFC2A690368F1
:1031F0009A4200F0BE80A368DD682B7C7F2B1FD035
:10320000D4F8188002F030FC2A6903689A4200F072
:10321000D680404605F1100100F07AFC002840F00D
:10322000CE80A3680146D3F80C9009F110084046FF
:1032300000F058FD0546002800F0B280A368DD6864
:10324000EA68A368DB681969D960A368DB681A615A
:103250004FF40063A66904F1240004F12C05A38651
:10326000002E00F0D0803168002900F0D2800A6979
:103270004B69626243603368002B00F0C8801033F2
:103280001A685B68E2626B6094F83820A36822F0E9
:10329000140242F0140284F8382013B15B68002B4A
:1032A000FCD194F83C0005F033F82146C0B205F09B
:1032B00021F800283FF47CAF204604F07DFA77E740
:1032C000A268D268126902F0F002E02A23D0A56950
:1032D00032463B462146284601F088FB02283FF44F
:1032E0007AAF002D00F09D805149AB6B0A6B013322
:1032F00001320A63AB635BE7A169002900F08D80AE
:103300004B4D0A6CAB6B0132013320460A64AB6350
:1033100004F052FA4CE793F88C30002BD7D00022FF
:103320000023204604F096FE054678B1A069A86106
:1033300038B10368002B78D01B7C85F8243085F8E1
:103340002C302946FFF7B6FE00281FDB94F83780A3
:10335000C8F30218A56932463B462146284601F0CB
:1033600045FB02283FF437AFB8F1010F7FF420AFDF
:10337000B7E7A369002B50D02D4C1A6CA16B01321A
:1033800001316FF07C00A1631A64F3E694F83730E2
:10339000C3F30213012B26D0284604F00DFAD5E71B
:1033A00002F062FBD9F8102003689A423FF446AF5E
:1033B0004146284600F0ACFB00287FF43FAFA268EE
:1033C000D3681B7B7F2BD4D094F837806369C8F314
:1033D0000218002BBED0B8F1010F3FF472AFDFE648
:1033E0006FF01500C6E6A369DBB19A6B1049013294
:1033F0009A630B6B01330B63CEE76FF03C00B9E6C9
:103400006FF03C0070470822314623F097FF0023FD
:1034100036E7082223F092FF2DE7D3210548EFF786
:10342000E3FAD8210348EFF7DFFA1B78FFDE00BF8D
:10343000A8F70120D4FF070010B504464FF0FF3273
:103440004FF0FF331C4815F073FC1C4B1A6852B345
:103450004FF0FF3C4FF47A701168D369128C1B1B3C
:1034600000FB0233002B1BDD9C4528BF9C4611B19D
:103470000A460968F1E74FF4004440F2E7304FF4A0
:103480007A720023ECFB04011DF052FA02460B464F
:103490000B4816F097FCBDE81040074815F0F8BC43
:1034A00000200146F2E7064816F092FCBDE8104005
:1034B000014815F0EDBC00BF2CAA012050F50120F9
:1034C00058F5012000282BD070B5036804468CB055
:1034D0002BB10D4616465968144A914202D001207C
:1034E0000CB070BD18688368002BF8D05B69002BA6
:1034F000F5D098470542F2D02368C5F10D01C9B255
:1035000093B118688368DB6963B16A46984748B924
:10351000009B36EA030314BF012000200CB070BDED
:10352000012070470020DBE79B68FFDED8AC01205C
:103530002DE9F04B82B018F0DFFC42014B01121A6A
:1035400043EAD06363EB010395009B002D1843EA27
:10355000927341EB0301CB0043EA5573C5F3103579
:1035600045EA4345264F4FF0FF324FF0FF332548E1
:1035700015F0DEFB3E6856B34FF000082B46C146FF
:1035800045464FF47A7B98463468F369328CA3EB56
:1035900008030BFB0233002B15DCB388012B25D06D
:1035A0003368EDB12B607B68B34208BF7D6096F84D
:1035B0002230C6F8009069F3000386F822302CB15F
:1035C00026462468E1E73546002CF9D145462846D1
:1035D000FFF732FF0B4802B0BDE8F04B15F058BCC6
:1035E0007A683B60B242E2D17B60E0E71023B269C7
:1035F00020200093044906F1080302F0DBFBCFE72B
:1036000050F501202CAA0120000030E070B538B33D
:1036100005460C4600F1C8064FF0FF334FF0FF326D
:10362000304615F085FBD5F8B8303BB1DA7EC2F3F1
:103630004005920702D51A88012A05D00025304698
:1036400015F026FC284670BDD8695B68226863EADD
:1036500000039342F2D1304615F01AFC284670BDA3
:1036600040F207310148EFF7BFF900BFFCC907007E
:10367000F8B5044648B30D46164600F1C8074FF0AA
:10368000FF324FF0FF33384615F052FBD4F8B84004
:10369000C4B1E37E9B0714D56A1C03D094F919309A
:1036A000AB420ED12388012B0BD16368084A1BBAA9
:1036B0001B0C1B04934202D11EB1043402E0002E05
:1036C000FBD00024384615F0E3FB2046F8BD00BFD0
:1036D0000000FEA92DE9F04383B0002853D0044632
:1036E0000E461746994600F1C8084FF0FF32404693
:1036F0004FF0FF3315F01CFBD4F8B8503DB1A8696A
:10370000234C20F07D4000F0FF20A04207D0002590
:10371000404615F0BDFB284603B0BDE8F0832B887A
:10372000012BF4D16A681B4913BA1B0C1B045B1AEA
:10373000B3FA83F35B094B45E9D1E96900231140F2
:103740000191013E01A903E00833DBB2202B14D024
:1037500016F8012F11F8010B8242F5D042401406F1
:103760000BD403F10801C9B201E0100605D40133FE
:10377000DBB252009942D2B2F7D13A789A42C6D817
:103780003B700435C4E740F207310348EFF72CF9EA
:10379000000100020000FEA9FCC9070000280ADDA4
:1037A000064A431E0649C3EB431302EBC30088429B
:1037B00028BF002070470020704700BFB8AB012031
:1037C000B0AC012038B5144A144B93421FD809D22B
:1037D0009842044602D106E09C4204D0F83393425A
:1037E00015D8F9D338BD04F1C8054FF0FF334FF0B9
:1037F000FF32284615F09CFAB022002104F108009F
:1038000023F0A8FD2846BDE8384015F041BB4FF431
:10381000C5710348EFF7E8F8B0AC0120B8AB012060
:103820000400080070B5104C104EB44215D819D2DF
:1038300004F1C8054FF0FF334FF0FF32284615F072
:1038400077FAB022002104F1080023F083FD284616
:10385000F83415F01DFBB442E9D94FF4CD7104489A
:10386000EFF7C2F870BD00BFB8AB0120B0AC0120CB
:10387000040008002DE9F041B0B304460E46154699
:103880001F4600F1C8084FF0FF3240464FF0FF33AB
:1038900015F04EFA2268C2B10C32D2E8AF3FDB0518
:1038A0001FD4062D11D824687CB104F11200A6B1F2
:1038B00031462A4623F042FD0026277465744046AF
:1038C00015F0E6FA3046BDE8F0816FF01506404687
:1038D00015F0DEFA3046BDE8F081C4F8126086804B
:1038E000EAE74FF0FF36EAE740F207310148EFF729
:1038F0007BF800BFFCC90700014B1860704700BF90
:10390000780C0220054B064A934205D0054A106800
:10391000002808BF1846704700207047B8AB012048
:10392000B0AC0120780C02202DE9F0410446884615
:1039300017461E4D4FF0FF324FF0FF331C4815F075
:10394000F7F92E684EB1B44227D0334601E09C42CD
:103950000ED018461B68002BF9D126606B682C60CE
:103960009BB1C4E90187BDE8F041114815F090BA58
:10397000236803606B689C4216D0002323602E6886
:1039800026606B682C60002BEBD16C60C4E901876A
:10399000BDE8F041064815F07BBA6A682368944296
:1039A0002B60EAD16B60E8E76860E6E7040C022070
:1039B0002CAA01202DE9F04106460F4690464FF013
:1039C000FF334FF0FF320E4815F0B2F90D4B1D6872
:1039D0008DB16B682C68B34206D02BB15CB1254623
:1039E0006B682468B342F8D1424639463046AB682A
:1039F0009847002CF3D1BDE8F041014815F048BAD2
:103A00002CAA0120040C022070B5002840D00446E6
:103A10000D4600F1C8064FF0FF334FF0FF3230463D
:103A200015F086F923687BB10C33D3E8AF3F5B0612
:103A30000AD5D4F8B83073B105B12B6000243046F4
:103A400015F026FA204670BD6FF08504304615F05B
:103A50001FFA204670BD4FF0FF324FF0FF330F4882
:103A600015F066F90E4B1A6E42B9C4F8B8301C66F0
:103A700005B12B60094815F00BFADFE7074815F090
:103A800007FA6FF00204304615F002FA204670BDC6
:103A900040F207310348EEF7A7FF00BF2CAA012030
:103AA000140C0220FCC9070070B550B305460C4643
:103AB00000F1C8064FF0FF334FF0FF32304615F0EB
:103AC00037F9D5F8B830B3B1DA7E4FF0000CC2F355
:103AD000400592070AD51A88012A06D1226858683B
:103AE000D96982EA00030B4200D06546304615F0E2
:103AF000CFF9284670BD1D46304615F0C9F9284655
:103B000070BD40F207310148EEF76EFFFCC90700B7
:103B100090B970B50D4C0E4EB44211D80D4604D379
:103B20000CE0F834B4420BD808D229462046FFF7FF
:103B30006DFD0028F5D070BDFFF768BD002070BD99
:103B400040F679610348EEF74FFF00BFB8AB0120A4
:103B5000B0AC012004000800FFF7DABF0022FFF735
:103B600087BD00BF00232DE9F04F83B00E468DF8CE
:103B7000073000296BD00A683C4C12BA120C1204B0
:103B8000A24282460BD000284AD00DF10702FFF76F
:103B9000A1FD07465FB1384603B0BDE8F08F98B18C
:103BA00001221146FFF764FD0746002FF3D10022E2
:103BB00001215046FFF75CFD07460028EBD103B01A
:103BC000BDE8F04F01F04CBF294DDFF8A880454516
:103BD00046D8834628BF0DF107090FD22C460DF1B8
:103BE0000709204601234A463146FFF773FDF834A2
:103BF000002818BF8346444532D8F2D3454528D023
:103C00001D4B18681A4B002808BF18464A46314613
:103C10000123FFF75FFD07460028BCD15F46B9E7E7
:103C2000134DDFF85080454515D8C0D207460DF139
:103C30000709284600234A463146FFF74BFDF83571
:103C4000002818BF0746454505D8F2D3A2E70F461E
:103C5000A1E70020DAE740F63F710848EEF7C4FE1E
:103C600040F651710548EEF7BFFE00BF0000FEA907
:103C7000B8AB0120B0AC0120780C02200400080091
:103C800038B5002824DD154C0138C0EB4010144A2B
:103C900004EBC00595424FEAC00019D2C830044475
:103CA0004FF0FF324FF0FF33204615F041F8D5F8C2
:103CB000B85045B1EB7EC3F340029B070BD52B8870
:103CC000012B18BF0025204615F0E2F8284638BD24
:103CD0000025284638BD1546F5E700BFB8AB0120E2
:103CE000B0AC01202DE9F8431B4D1C4FBD421AD842
:103CF000814688462CD205F1C8064FF0FF324FF0BE
:103D0000FF33304615F014F8D5F8B8402CB1E27EF8
:103D1000930702D52288012A0AD03046F83515F0DB
:103D2000B7F8BD42E6D940F6A1710D48EEF75CFE4A
:103D3000D9F8002063689342EFD1B8F1000F01D0A9
:103D4000C8F80050304615F0A3F82046BDE8F883C7
:103D500000242046BDE8F883B8AB0120B0AC0120B8
:103D600004000800002330B50D4683B00146184614
:103D70000193FFF7F7FE044601F072FE844209D07A
:103D8000204601A9FFF7AEFF019818B105B12C60DC
:103D900003B030BD054B064A934205D0054A106872
:103DA000002808BF1846F1E70020EFE7B8AB012074
:103DB000B0AC0120780C02200021FFF7D3BF00BF78
:103DC000FFF790BF002300B583B001A90193FFF76F
:103DD00089FF60B1019B094883420BD308498B429C
:103DE00008D20849181AC01001FB00F0013003B0D6
:103DF0005DF804FB4FF0FF30F9E700BFB8AB0120DE
:103E0000B0AC0120DF7BEFBDF8B5B8B304460D467A
:103E1000164600F1C8074FF0FF324FF0FF33384627
:103E200014F086FF00212046FFF7EEFD002818DB86
:103E3000D4F8B830ABB1DA7E4FF0000CC2F34004D6
:103E4000920709D51888012805D129685868DA69C8
:103E5000414011420BD06446384615F019F820460F
:103E6000F8BD0024384615F013F82046F8BD326836
:103E7000DA61384615F00CF82046F8BD40F20731FB
:103E80000148EEF7B1FD00BFFCC9070070B5D0B125
:103E900004460D4600F1C8064FF0FF324FF0FF33E5
:103EA000304614F045FF00212046FFF7ADFD002805
:103EB00004DBD4F8B8300BB12A689A653046BDE807
:103EC000704014F0E5BF40F207310148EEF78CFD79
:103ED000FCC907002DE9F04385B000286BD00546EA
:103EE000884691461F4600F1C8064FF0FF324FF05A
:103EF000FF33304614F01CFF284603A9FFF784FD6A
:103F0000002844DBD5F8B840E37E990704D5D8F8FB
:103F100000106268914231D0B9F1020F039C38D091
:103F2000E37E9B0733D45CB30121B7FA87F72A46B7
:103F300004206FF07F45E37E218023F0120343F0DD
:103F40001203E3765FFA83FE7F0967F3000ED8F869
:103F5000007023186161617684F81890676084F8B6
:103F60001BE0E56116490090012001F023FF304677
:103F700014F08EFF204605B0BDE8F083DA060CD5BC
:103F8000304614F085FF204605B0BDE8F0830024DC
:103F9000F6E7237E042BC3D1C5E704F11403D3E86D
:103FA000EF1F0131C3E8E21F002AF8D1E37E43F09E
:103FB0001003E376E4E740F207310248EEF714FD20
:103FC000000030E0FCC9070070B582B000284ED078
:103FD00004460D4600F1C8064FF0FF324FF0FF33A4
:103FE000304614F0A5FE00212046FFF70DFD002805
:103FF00036DB2B6803F0F003E02B31D1D4F8B800A6
:1040000070B390F838C01CF0010C20D1242320217B
:10401000224644180121CCEBCC0C00EB8C0C034461
:104020000420ACF820109CF8381041F001018CF805
:1040300038102968CCF8241000900F49042001F0B2
:10404000B9FE304614F024FF204602B070BD90F84F
:104050005430DB0704D440233C214FF0010CD7E758
:104060000024304614F014FF204602B070BD40F228
:1040700007310248EEF7B8FC000030E0FCC9070049
:10408000F0B583B0002852D005460C4600F1C807B1
:104090004FF0FF334FF0FF32384614F049FED5F8A9
:1040A000B830002B3AD093F83820D2072BD5002C0B
:1040B0003BD02268596A8A421AD124220024C4EBD8
:1040C000C40403EB840413442A46042594F83810EE
:1040D00008206FF3000184F8381017490095012675
:1040E00001F068FE384614F0D3FE304603B0F0BD50
:1040F00093F8546016F00106F4D0196C8A420DD181
:1041000040220124DBE793F8546016F00106E9D061
:10411000002CF5D02268196C8A42F1D0002638466E
:1041200014F0B6FE304603B0F0BD2422C7E740F2DB
:1041300007310248EEF758FC000030E0FCC90700E8
:104140002DE9F041274CDFF8A08044453BD80746D5
:104150000E4608D25EB133684BB1A34207D0F834A3
:10416000444530D8F8D300242046BDE8F08104F15E
:10417000C8054FF0FF334FF0FF32284614F0D8FD4A
:10418000D4F8B830CBB193F83820D00720D53FB35E
:104190003A68596A8A4223D093F85410C9070CD55B
:1041A000196C8A4209D13C2206B134609C18284619
:1041B00014F06EFE2046BDE8F0812846F83414F075
:1041C00067FE4445C5D941F22A310848EEF70CFC98
:1041D00093F85420D207F0D5002FE4D03A68DFE7F7
:1041E0002022E1E7B8AB0120B0AC012004000800B8
:1041F000A8B138B50D4689B100F1C8044FF0FF32BF
:104200004FF0FF33204614F093FD2B7E6FF34103F4
:104210002B762046BDE8384014F03ABE38BD7047D2
:104220002DE9F041036804469F7E84B00C33D3E847
:10423000AF3FD90740F12C81006800B1006813F04E
:1042400089FF00283CD103252368B3B39D7604F190
:10425000C8064FF0FF324FF0FF33304614F068FDD0
:10426000D4F8008017F048FE4FEA401C4A01BCEB2E
:10427000000C42EAD06262EB01024FEA8C0392002A
:104280001B1842EA9C7241EB0201C90041EA5371DA
:10429000C3F3103343EA4143C90BC8F82030C8F8D0
:1042A0002410304614F0F4FD23689A7EAA4204D10B
:1042B000062D1AD0062F00F0928004B0BDE8F081E0
:1042C0002368002BF9D00C33D3E8AF3F9A0540F1B7
:1042D000DF802368002BF0D00C33D3E8AF5FC5F349
:1042E0008025C5F10605EDB2AEE7062FE5D05A7C74
:1042F0000C33002A00F0E680D3E8EF1F41F4807110
:10430000C3E8E21F002AF7D10023224600930220CF
:104310006F4901F04FFD23683BB15B682BB1DB684F
:104320001BB1204698470307C7D44FF0FF334FF027
:10433000FF32304614F0FCFC2368002B00F0A48010
:104340000C33D3E8AF3F5F0640F19E80204603A9BF
:10435000FFF75AFB0028C0F29780039B93F83820A0
:1043600093F85410D50701F0010040F193809707AE
:10437000C2F3400500F18E805D6303F1340700282D
:1043800000F094808A0700F1918003F150051F65C9
:10439000304614F07DFD2E68002E00F08C80002247
:1043A0002046A5F11001143E05F06AFE726952B173
:1043B000A2F11405311D2E460022204605F060FEB4
:1043C0007269002AF4D12046311D05F059FE236898
:1043D000002B3FF472AF0C33D3E8AF3F6DE70C33E3
:1043E000D3E8EF1F21F48071C3E8E21F002AF7D160
:1043F0000023224600930120354901F0DBFC2368AD
:10440000BBB15B68ABB1DB689BB120469847000746
:104410000FD5304614F03CFD204609F02BFA4FF042
:10442000FF324FF0FF33304604B0BDE8F04114F0E6
:104430007FBC4FF0FF334FF0FF32304614F078FC72
:104440002368EBB10C33D3E8AF3F590618D52046AB
:1044500003A9FFF7D9FA002812DB039D95F838303D
:10446000DA0704D5204605F12001FFF7C1FE95F8D3
:104470005430DB0704D5204605F13C01FFF7B8FEB8
:10448000304614F005FDC4E7304614F001FD9EE708
:104490000225D9E60028F7D08D07F5D4002203F1D4
:1044A00050051A65304614F0F3FC74E7304614F0FA
:1044B000EFFC3D466FE732462046A5F1100105F0BE
:1044C000DFFD84E741F269610248EEF78DFA00BF33
:1044D000000010D004000800A8B138B50D4689B11D
:1044E00000F1C8044FF0FF324FF0FF33204614F0C4
:1044F0001FFC2B7E43F002032B762046BDE838409C
:1045000014F0C6BC38BD704738B5F8B1044600F1A8
:10451000C8054FF0FF324FF0FF33284614F008FC77
:1045200000212046FFF770FA002809DBD4F8B840D4
:104530000CB194F85C40284614F0AAFC204638BD23
:104540000024284614F0A4FC204638BD40F2073170
:104550000148EEF749FA00BFFCC9070038B5F8B1C9
:10456000044600F1C8054FF0FF324FF0FF332846F4
:1045700014F0DEFB00212046FFF746FA002809DB95
:10458000D4F8B8400CB194F85D40284614F080FC93
:10459000204638BD0024284614F07AFC204638BD59
:1045A00040F207310148EEF71FFA00BFFCC90700CF
:1045B000F8B588B304460E46154600F1C8074FF01B
:1045C000FF324FF0FF33384614F0B2FB012E1FD1FB
:1045D000D4F8B8403CB1E37E9B0719D562682B68DC
:1045E0009A4218BF0024384614F052FC94B104F1EA
:1045F0001403D3E8AF2F6AB1511CD3E8EF0F9042F8
:1046000003D1C3E8E51F002DF7D1F2D12046F8BD54
:104610000024E8E70024F9E740F207310148EEF70B
:10462000E3F900BFFCC907002DE9F04182B0002882
:1046300058D004460D461746984600F1C8064FF07C
:10464000FF3230464FF0FF3314F072FB012D09D1D9
:10465000D4F8B85035B1EB7E9B0703D56A683B6848
:104660009A4207D0304614F013FC6FF0150002B0E8
:10467000BDE8F081304614F00BFC05F11401D1E8DF
:10468000AF2F002AF1D0501ED1E8EF3F934203D163
:10469000C1E8E70F002FF7D1F1D1012A1ADCEB7E38
:1046A0006FF34103EB764FF0FF334FF0FF323046AC
:1046B00014F03EFBD4F8B8303BB104272246022068
:1046C0000B49EB19009701F075FB304614F0E0FB45
:1046D0000020CCE7B8F1000FC9D0C8F8005002B0F4
:1046E000BDE8F08140F207310248EEF77DF900BFE6
:1046F000000030E0FCC9070070B5054682B018B371
:104700000C46B9B100F1C8064FF0FF334FF0FF324D
:10471000304614F00DFBD5F8B8309BB1224601218C
:10472000284601ABFFF780FF002806DC0124304655
:1047300014F0AEFB204602B070BD019BDA7E6FF331
:104740000412DA760024F2E70446204602B070BD77
:1047500020B1036813B15B681B68184700231B680E
:10476000FFDE00BFF8B505460E4617464FF0FF3393
:104770004FF0FF320D4814F0DBFA0D4B1B687BB194
:104780001C683A46314628465B68984744B1234640
:1047900024683A46314628465B689847002CF6D193
:1047A000BDE8F840014814F073BB00BF2CAA0120FB
:1047B0000C0C02200023F0B583B0CDE9003399B38F
:1047C0007A4B04461B680D4653B191F82D202E31CB
:1047D000062A29D80DF102008DF8012022F0AEFD45
:1047E0006F6934B1236823B10C33D3E8AF3F990527
:1047F0001CD46FF07206284602F0DEFF67B1BB6B77
:104800001BB1314638467A689847B7F88E30112B7D
:1048100075D0062B00F08C809DF8013023B1324614
:1048200069462046FFF79EFF03B0F0BD2368002BCA
:1048300057D00C33D3E8AF3F9A0452D52368002BEE
:1048400000F0B1805B6829465B6820469847236882
:104850000646002B4ED00C33D3E8AF3F9B0449D51E
:10486000002E12DB5249E2680B6820469B190B6050
:104870004B6843EBE6734B60A3689B1942EBE6720F
:10488000A360E2600AF070FFB8E717F035FB4FEA6B
:10489000401E4B01BEEB000E43EAD06363EB010305
:1048A0004FEA8E029B00121843EA9E7341EB03010C
:1048B000CB0043EA5273C2F31032DFF8F8C042EA89
:1048C0004342DCE8AF3F41F28731D01A884248D8F2
:1048D000394BD3E8EF1F0131C3E8E21F002A8AD029
:1048E000F7E74FF0FF324FF0FF3304F1DC0014F034
:1048F0001FFAA3E704F1DC0014F0CAFAB0E797F955
:104900009230002B29DD2D4A013BC3EB431302EB10
:10491000C3032B4A934220D2D3F8A020244901326A
:10492000C3F8A020D1F898300133C1F8983073E76C
:1049300097F99230002B27DD204A013BC3EB43134C
:1049400002EBC3031E4A93421ED25A6F184901322A
:104950005A67CB6E0133CB665EE7FF211948EEF74D
:1049600043F8DCE8EF1F994203D1CCE8E02F0028A0
:10497000F7D10ED10022104BD3E8EF1FC3E8E02F90
:1049800000283FF438AFF7E74FF498710D48EEF781
:104990002BF8094BD3E8EF1F0131C3E8E21F002ACF
:1049A0003FF429AFF6E75B68FFDE00BF0C0C022086
:1049B000A8F70120000C0220FC0B0220B8AB01205C
:1049C000B0AC0120D4FF070010B58B680C4613B1C2
:1049D0005B68002BFCD194F83C0003F097FC214667
:1049E000A069BDE81040FFF7E5BE00BFF8B50C4672
:1049F00005464E69002832D0036883B30C33D3E8F0
:104A0000AF3F99052BD50368002B44D00C33D3E876
:104A1000AF3FDA0623D40368002B3CD00C33D3E835
:104A2000AF3F9B0737D52EB1B6F89030C3F3811254
:104A3000032A46D094F83730C3F30213012B46D033
:104A4000A36813B15B68002BFCD194F83C0003F021
:104A50005DFCA0692146FFF7ADFE0020F8BD6FF0B8
:104A600072075EB1B36B1BB1394630467268984726
:104A7000B6F88E30112B32D0062B49D094F82D3059
:104A80000BB90220F8BD28463A4604F12C01FFF785
:104A900069FE0220F6E794F82530002BC3D1A36904
:104AA000002B53D01B68002B50D05A7C03F112010D
:104AB000062AB8D884F8252004F1260022F03EFC0E
:104AC000B1E7C3F3C203013B012BB3D8B8E72046DB
:104AD00005F054F9022834D00028B1D0F8BD96F979
:104AE0009230002B29DD1D4A013BC3EB431302EB3F
:104AF000C3031B4A934220D2D3F8A02019490132A4
:104B0000C3F8A020D1F898300133C1F89830B5E748
:104B100096F99230002B1BDD104A013BC3EB431387
:104B200002EBC3030E4A934212D25A6F0D4901326F
:104B30005A67CB6E0133CB66A0E7FF210A48EDF739
:104B400053FF6FF00407002E8CD197E75B78FFDEF0
:104B50004FF498710448EDF747FF00BFB8AB012050
:104B6000B0AC0120A8F70120D4FF07000A460121BC
:104B7000FEF7A8BC0A460221FEF7A4BC074B9842E8
:104B800009D3074A904206D2064AC01AC01002FB57
:104B900000F0013070474FF0FF307047B8AB012094
:104BA000B0AC0120DF7BEFBDF8B5094C094FBC422A
:104BB00008D805460E460AD220463146F834A847A2
:104BC000BC42F8D941F241610348EDF70DFFF8BD51
:104BD000B8AB0120B0AC01200400080000207047F1
:104BE00006289ABF024B53F820000248704700BFC6
:104BF000880008003000080070B582B0002854D04A
:104C0000044600F1C8064FF0FF334FF0FF32304644
:104C100014F08EF82368002B3BD00C33D3E8AF3F61
:104C2000DB073CD42368002B33D05D68C5B1AD6889
:104C3000B5B1186800283DD013F08CFA90B3236802
:104C4000002B3CD05B68012120469B689847051EDD
:104C500019DB00212046FEF7D7FEE0B1236843B1FF
:104C60000C33D3E8EF1F41F00101C3E8E21F002A33
:104C7000F7D10023082022461249009301F09AF848
:104C80002046FFF7CDFA304614F002F9284602B06C
:104C900070BD0025EDE7204605F070FADEE76FF005
:104CA0007705F0E76FF00505EDE740F207310648BC
:104CB000EDF79AFE41F214710448EDF795FE9B68FA
:104CC000FFDE00BF000010D0FCC907000400080090
:104CD00070B582B000285CD0044600F1C8064FF0E1
:104CE000FF334FF0FF32304614F022F82368002BD8
:104CF00045D00C33D3E8AF3FDD0740D5D4F8B850EA
:104D00005DB195F83830D80701D5990731D495F8B9
:104D10005430DA0701D59B0725D42368BBB35D68FF
:104D200045B1AD6835B100212046A847051E14DB0A
:104D3000236843B10C33D3E8EF1F21F00101C3E82E
:104D4000E21F002AF7D100230420224613490093D2
:104D500001F030F82046FFF763FA304614F098F877
:104D6000284602B070BD204605F1400105F0CAF9A1
:104D7000D3E7204605F1240105F0C4F9C7E76FF039
:104D80007705304614F084F8284602B070BD1D4601
:104D9000D9E740F207310248EDF726FE000010D0B7
:104DA000FCC9070020B338B5044600F1C8054FF030
:104DB000FF334FF0FF32284613F0BAFF23687BB170
:104DC0000C33D3E8EF2F42F40071C3E8E01F002852
:104DD000F7D1930504D52846BDE8384014F058B8FB
:104DE0002046FFF71DFA2846BDE8384014F050B8B9
:104DF000704700BFF8B138B5044600F1C8054FF060
:104E0000FF334FF0FF32284613F092FF23686BB157
:104E10000C33D3E8EF2F22F40071C3E8E01F002821
:104E2000F7D1930502D52046FFF7FAF92846BDE8E9
:104E3000384014F02DB87047F8B5B0B10F46A1B1A5
:104E4000002A164611DD00F1BC04204622F0FEFACD
:104E50008642054606DD214638466A1C22F06EFA77
:104E60002846F8BD6FF02105FAE76FF01505F7E762
:104E7000B8B32DE9F8430E4681B30546084622F043
:104E8000E5FA0828814621D8174C184FBC4220D893
:104E90000ED200F10108A54206D04246314604F187
:104EA000BC0022F011FA68B1F834BC4211D8F2D338
:104EB000314609F1010205F1BC0022F03FFA002061
:104EC000BDE8F8836FF07700BDE8F8836FF05A0013
:104ED000F6E741F6C5010648EDF786FD6FF01500CF
:104EE000EEE76FF015007047B8AB0120B0AC0120C1
:104EF0000400080080B32DE9F041DFF86480194F09
:104F0000B84524D81CD2054622F0A0FA44460646ED
:104F100003E0F834BC421AD812D23246294604F1D2
:104F2000BC0022F0D2FA0028F3D144450CD30E4B3A
:104F3000A4EB0800C01003FB00F00130BDE8F081D5
:104F40006FF00100BDE8F0814FF0FF30FAE741F665
:104F5000E1010648EDF748FD6FF01500704700BF0E
:104F6000B8AB0120B0AC0120DF7BEFBD040008002E
:104F70002DE9F04F85B0DFF85C91574E4FF0FF32CE
:104F80004FF0FF33554813F0D3FE03F0C9F9B14594
:104F900000F2938080F086804FF0000A4C46504F1C
:104FA000DFF8408109F1BC0526E00C33D3E8EF1FA0
:104FB00041F04001C3E8E21F002AF7D104F1C80024
:104FC00013F0AEFE04F1DC0013F0AAFEDBF80030B3
:104FD0002046984794F8F03094F8BC2023F003035F
:104FE00084F8F030002A63D0F834B4420AF1010AA0
:104FF00063D805F1F8053FD2002255F8BC3CC5E95D
:1050000000222A72002B62D01A68D2F808B0BBF1D5
:10501000000F03D0DBF80020002AC6D15A684245B1
:105020000ED03B680DF1040B5A1C3A60092158461A
:105030002D4A1BF02BFD59462046FFF719FFD3E7F9
:105040009B689B7E012B0BD0284A0DF1040B136843
:105050000921581C10605846254A1BF017FDEAE745
:10506000244A0DF1040B13680921581C106058469E
:10507000214A1BF00BFDDEE7204AA6EB0903DB0803
:10508000A2FB0323BAEB930F1CD14FF4A0721C4B6D
:105090001C491D48A3F85C2014F08EFD00221B4B18
:1050A000C3E900220D4805B0BDE8F04F13F0F0BE93
:1050B00055F8BC3C002BB4D0B0E741F6331114488E
:1050C000EDF792FC41F655111148EDF78DFC9B6808
:1050D000FFDE00BFB8AB0120B0AC01202CAA01203C
:1050E000F00B0220D8AC01204C000800F40B022089
:1050F00044000800F80B02203C000800114208217F
:10510000140C02203135050058F5012050F501201E
:105110000400080038B50C4C0C4DAC420AD812D231
:10512000236863B10C33D3E8AF3F1B0707D5F834CE
:10513000AC42F4D941F66D110548EDF755FC204617
:10514000FFF75AFDF3E738BDB8AB0120B0AC012042
:1051500004000800431E012B09D9042801D00E4881
:1051600070470D4B0D48012918BF1846704711298B
:1051700010D007DC01290BD0074B0948062918BFBE
:1051800018467047044B07483A2918BF184670471D
:105190000548704705487047F0000800E80008001F
:1051A00090870700E0000800D4000800DC00080039
:1051B00000283DD0022970B5DBB2864602D008290E
:1051C00018BF0621B3B303EBC30403EB440303EBA3
:1051D000C3035D1E0EF101033A2002F1030C0EEB36
:1051E000010653FA85F501E0AE451AD01EF8011B01
:1051F0000CF8010C01F00F039F294FEA111494BF22
:1052000004F1300104F13701092B94BF30333733F7
:10521000B6450CF8031C0CF8023C61460CF1030C7B
:10522000E2D18A4206D0002301F8013C104670BD4D
:1052300001487047002070BDC80008002DE9F04FFC
:10524000002591B0012884460E461446CDE90A5542
:10525000CDE90D5509950C950F9542D002283CD10A
:105260002D2B3AD90868F3684968B2680CAF0FC7AC
:1052700003460B4300F0FC802F4600250AA90CAE24
:1052800010A8324605E00B78904203F101030B7041
:1052900003D032F8023B002BF5D00135082D06F182
:1052A000020601F10101ECD14FF0FF3B0123002583
:1052B0000DF1270111F8012F9A4288BFAB4605F185
:1052C000010588BF1346082DF4D13A22012B08BFEF
:1052D0004FF0FF3B0CA900920FE0284611B0BDE84B
:1052E000F08F0F2BF9D90B6809932E232F460093CB
:1052F00004254FF0FF3B0346394600268E462246E2
:10530000B2461846B8465946CDE905C4DFF88C9137
:10531000431E4FF0000C049307903AE0B8F1000FE1
:1053200003D0BCF1050F00F3AC80614566D01EB11F
:105330004FF03A0302F8013B3EF81C305BBA13F41D
:105340007F4FC3F30726C3F3031403F00F0042D0CB
:1053500006F00F03360905D0092E94BF30365736B4
:1053600002F8016B0126092B94BF30335733092C07
:1053700094BF30345734092894BF303057301370FD
:105380005470907082F803A003320CF1010C654553
:1053900014DD042DC2D10CF140036B4413F81C7CC6
:1053A000002F3BD113464FF030000CF1010C03F8F5
:1053B000020B0098654550701A46EADC0023DDE9CF
:1053C00005C42046BCF1010F0CBF02F8013C13706C
:1053D00011B0BDE8F08FFCB11346092C94BF3034F6
:1053E000573403F8014B1A46092894BF3030573020
:1053F00002F8010B012683F801A0C6E706B919B926
:105400004FF03A0302F8013B049B00269C444FF006
:105410003A0302F8013BB8E71346E4E710460924D3
:105420004FF0000BCDE901511D4B0392B7FBF3F593
:105430005C45A9FB03213A4603FB157701DB9A4241
:1054400005D3B2FBF3F2A346303200F8012B013C46
:10545000651C4FEAD103E9D1039A80F800A0009BB4
:10546000801A52FA80F2DDE9015102F8013B8CE723
:105470004FF6FF73BDF83A20D71AB7FA87F77F09BE
:10548000FBE62E233A240093012302F8014B0F9CE4
:1054900004250798099405933AE700BFCDCCCCCCFE
:1054A00000CA9A3B10B40A4B1A6801321A602E23C4
:1054B000084C84FB024CACEBE27C074C0CEB4C0C34
:1054C000A2EB0C0203FB024210BCFFF7B7BE00BF09
:1054D000080D0220565555557C0C022001282DE957
:1054E000F0470D46164600F08B80022828D128464A
:1054F0002E2121F0DDFF95F8008000280CBF082741
:105500000627B8F13A0F04BF95F801800135284607
:1055100021F09CFFE8B101386F4C2918681E10F883
:10552000013FA3F13002092A11D9A3F12E02D2B210
:10553000462B24FA02F207D82D2B01D9D30706D423
:105540006FF01500BDE8F087613B052BF8D8884265
:10555000E5D10024A14606EB470AB8F1000FEFD0D1
:10556000B8F13A0F28D01022002128461BF0BAFAD1
:1055700010228046002128461BF0B4FAC8F3072801
:1055800048EA002826F814803A21284621F090FFA6
:1055900038B1451C0134A74240F3968095F800804D
:1055A000DBE77B1EA342CBDC631C9F42C8DC062FDB
:1055B000C6D00020BDE8F087A742C8BF06EB440371
:1055C00062DD83F8009083F8019002335345F8D1EF
:1055D0003A21284621F0A7FFA8424AD0062F00D141
:1055E000013801307C1E01E0A84207D010F8013DCF
:1055F0003A2BF9D1013CA3D3A842F7D10135C9E731
:1056000000234D1E1C4618461946136015F8012F3D
:1056100092B12E2A27D0303AD7B2092F90D8013034
:10562000C0B204288CD003EB830302EB430293B295
:1056300015F8012F002AECD1012811D9092B7FF68A
:105640007FAF032812D0FF2B3FF67AAF73542B782D
:10565000ABB10131C9B2042911D000231846D5E7F6
:105660000028F0D16CE70134A4B2E5E7632BEAD857
:1056700066E7062F0ED06B78002BB2D199E7032C8A
:105680007FF45EAF002095E74146284621F04BFFAE
:105690008542A5D1013500240B362B78002B3FF431
:1056A0004FAF00210A2228461BF01CFA03462E2188
:1056B000284606F8013F21F0FBFE48B10134042CD6
:1056C00000F10105E9D174E7062F7FF472AFE2E73C
:1056D000032C7FF435AF6CE70110F80110292DE998
:1056E000F04F0D4628BF10250E46074691469846B6
:1056F000AA4687B075B14FF0000C00F1FF3E03E001
:105700000CF1010CAC4505D01EF8014F002CF7D16F
:105710006546E246B8F1000F54D02A463A21384691
:1057200022F048F80446002848D0C31B9A45A8BF79
:105730009A4655464FF0000B394601AF2A46384687
:1057400021F0FCFD0AF118030DEB030A0AF814BC62
:105750000120394609F10402FFF7C0FE58452DDB50
:105760000123A9F80030B8F1000F03D1012007B0E0
:10577000BDE8F08F013E761B3246E118384621F035
:10578000DDFD06F118030DEB03060A2238466946D3
:1057900006F814BC1BF01CFA009BBB420CD09DF811
:1057A00004205AB11B784BB9B0F5803F83B205D2C3
:1057B0005BBAA9F80230D9E70028F0D1002007B081
:1057C000BDE8F08F4446B5E72DE9F04311F001073D
:1057D00070D140BA8C07BC4680B279D40F2A40F20F
:1057E00081808E460024A2F1100601F1100526F0FA
:1057F0000F031D444FEA1619DEE900369B19DEF847
:10580000086044EB04089B19DEF80C6048F10008BE
:105810009B1948F100080EF1100E1B184CEB080CF8
:1058200075451846E8D109F10106B50002F00F02EE
:1058300001EB0616032A17D9131F05EB93040E1D5F
:1058400006EB84064FEA930E01EB850454F8043B03
:105850001B184CF1000CB4421846F7D101357544C1
:1058600001EB850602F00302012A06D936F8023B55
:10587000023A1B1818464CF1000C012A0CD133785F
:10588000F20748BF1B021B1818464CF1000C03E03E
:1058900080B2C01842F1000C030C43EA0C434FEAFB
:1058A0001C4253EA1C4CF3D180B20FB940BA80B20B
:1058B000BDE8F0834FF0000C002AF5D011F8013B51
:1058C000013A1B021B184CF1000C8C07184685D5B9
:1058D000012A0AD931F8023B023A1B1818464CF14A
:1058E000000C7BE70E460025A4E70E46C5E700BF87
:1058F0004B1E012B2DE9F047064665D9846834B16B
:105900000022208A64680244002CFAD194B208254F
:1059100096F8363096F83A201344C91A0C44A4B2CB
:105920003046D6E903A902F025FA96F8378096F8B2
:10593000361048F00103491B86F83730304602F034
:105940001FFA2A4631692046FFF73EFF96F83A10C3
:1059500004462944304602F013FAF56808F00108BD
:105960000DB33169F9B1EB682F8ACB1AFF1A2046C3
:105970003A46FFF729FF6D680446F5609DB12B8A12
:105980008BB1E968FB0731610BD50B7801311C4401
:10599000A4B23161A3422F8A84BF0134A4B2013F73
:1059A000E5E72F8AE3E714B164BAE443A4B296F8BA
:1059B0003730C6F80CA068F30003C6F8109086F8DC
:1059C00037302046BDE8F08700242546A8E700BF11
:1059D00090F83730C3F30213012B01D1FFF788BFD2
:1059E0000020704708B5034693F8361093F83A2024
:1059F0009B680A440020D968FFF7E6FE10B140BA60
:105A0000C04380B208BD00BF90F83730C3F3021323
:105A1000012B02D10221FFF76BBF0020704700BFAE
:105A2000E0B1D9B10378CBB15B2B17D010B501F140
:105A3000FF3E002300F1FF3C864404E03A2C08BFFF
:105A40000133F44503D01CF8014F002CF6D1012B93
:105A500018BF0023BDE81040FFF740BE002070478C
:105A6000004870470001080000487047FC0008002B
:105A70002DE9F04FDFF89CA1674B0AF1FF36F61ACB
:105A8000AAEB0307DFF89481DFF8949191B036090F
:105A90003F0900220023634802A913F07DF8054660
:105AA000002840F0AF804FF0FF334FF0FF32404608
:105AB00013F03EF9584B534500F2A78036D25A4CAA
:105AC00000E01D460D9954F80CCC0C9881EA0C03AB
:105AD00081EA0C02C3F30173C2F30652134354F874
:105AE00010EC1BD1C1F3130303430DD0CCF313030C
:105AF0005EEA030308D001EA0C0C00EA0E0ECCF3B8
:105B0000130C5EEA0C0E09D054F8043C0E9A019373
:105B10000A9B009354F808CC02ABE047BD4274D016
:105B2000B54205F1010304F11004CAD1D9F80050BF
:105B3000002D36D04FF0000B2C68DDE90CC2D5E902
:105B400004E082EA000182EA0003C1F30171C3F3B9
:105B500006530B4321D1C2F313035CEA03030CD0B9
:105B6000C0F313035EEA030307D002400CEA0E0CF5
:105B7000C2F313025CEA020C0FD00A9BBBB102AB6A
:105B8000AB600A9B6968EB60030115D40E9B284645
:105B90000093DDE90C238847AB4614B12546246801
:105BA000CBE7404613F074F915F030F971E7AB60BC
:105BB000EB6003016968E9D58B6913B10E9A9342D2
:105BC000EBD1DDE90C23C5E904230E9B8B612B6827
:105BD000BBF1000F0DD0CBF80030D9F804309D4256
:105BE00008BFC9F804B0002368682B6013F0E4FB19
:105BF000D3E7D9F80420C9F800309542F3D1C9F8A9
:105C00000430F0E711B0BDE8F08FFC210748ECF755
:105C1000EBFE00BFE07E0700E07E070054AA0120F3
:105C20000C0D0220B8AA0120F07E07000401080034
:105C300010B504464FF0FF324FF0FF331C4813F00D
:105C400077F81C49086848B1844228D0034601E02F
:105C50009C4215D01A461B68002BF9D120604B6876
:105C60000C60D3B1144B2169586862691C68024307
:105C70002143C3E90012BDE810400D4813F008B9F4
:105C8000236813604B689C4210D00023236008688F
:105C900020604B680C60002BE4D14C60E2E74A685E
:105CA000236894420B60F0D14B60EEE74A60ECE76A
:105CB00054AA01200C0D0220C0F50120F8B50446BD
:105CC000364E4FF0FF334FF0FF32354813F030F8C7
:105CD000336843B19C4202D150E09C4246D01A4600
:105CE0001B68002BF9D1002200232E482E492F4D8E
:105CF0008842C5E900234CD81FD200234C1EA1EBDB
:105D0000000E241A00F11002194618464FEA1E1E12
:105D1000240900E0634652F8107C734540EA07000E
:105D200052F80C7C41EA070131D0A34203F1010C87
:105D300002F11002EED1C5E9000133688BB1D3E95D
:105D400004102A681B6811436A6810433BB11A4665
:105D50001B68D2E9044221431043002BF7D1C5E967
:105D60000010BDE8F8400E4813F092B823681360A5
:105D700073689C4209D000232360B4E772682368EB
:105D800094423360F7D17360F5E77260F3E7C5E9D9
:105D90000001A3210648ECF727FE00BF0C0D0220EE
:105DA00054AA0120E07E0700E07E0700C0F5012034
:105DB000040108002DE9F0472A4C1D46D4E900EC07
:105DC000C1F3017333EA1C73DDF8208001D0BDE814
:105DD000F087C1F3065333EA1C530C46F7D121EA8E
:105DE0000C0C20EA0E0ECCF3130C5EEA0C0E0646E9
:105DF000EDD14FF000091746DFF86CA04FF0FF32ED
:105E00004FF0FF33194812F093FF494638225046AD
:105E100021F0A0FA65B1B8F1000F09D0B8F1200F58
:105E20001AD829464246504621F088FACAF82080FE
:105E3000CAE90A64CAF830704FF4A47200230A4910
:105E40000B4812F0A1FE094813F022F8BDE8F04714
:105E50000849094813F024BE0448BDE8F04713F090
:105E600017B800BFC0F5012088F5012068AA0120FD
:105E7000B8AA0120D4A70120C8F5012000200021E4
:105E800070B52C4B2C4A2D4C9342C4E9000186B0CE
:105E90004BD81FD2D51A02F1FF3E0022AEEB030E03
:105EA0001046114610332D094FEA1E1E00E06246CF
:105EB00053F8106CAA4240EA060053F80C6C41EA11
:105EC000060130D0724502F1010C03F11003EED14E
:105ED000C4E900011A4B1A688AB1D4E900101369A9
:105EE00019431368526910433BB11A461B68D2E943
:105EF000045229431043002BF7D1C4E900100023BA
:105F0000104A114803ACCDE90323059313F0ECFDCF
:105F10004FF0FF334FF448720C490B48009413F0D4
:105F2000F1FD06B070BDC4E90001A3210848ECF7FB
:105F30005BFD00BFE07E0700E07E0700C0F50120AA
:105F40000C0D022030010800C8F50120B81D022008
:105F5000040108004FF4137108B50148ECF744FD43
:105F600004B3070040F2023108B50148ECF73CFDEC
:105F700004B307002DE9F04F3E4E0024B4460F460F
:105F80009046994685B0BCF890E01EF0010F03D012
:105F9000DCF83030984209D00134062C0CF1980C12
:105FA000F1D140F6C6313448ECF71EFD982504FBCC
:105FB00005F5BB6906EB050A002B51D005F10C0B6A
:105FC000B3444FF0FF3258464FF0FF3312F0B0FEAB
:105FD000B869002842D0FEF7D1FD8AF89200C7F8D0
:105FE00014A0DAF83430002B33D0BAF88E30062BF8
:105FF00018D005F14400304413F0DEF9584612F091
:1060000047FF0E9D50460195982505FB0466002428
:10601000756B4B46424639460094A847204605B06A
:10602000BDE8F08FBB693846039302F017F8039B75
:10603000DBB112498A6D12188A65CA6D42F10002FD
:10604000CA651A6E12181A665A6E42F10001596634
:10605000CFE7584612F01CFF0220E0E7FFF782FF6F
:1060600040F6C7310448ECF7BFFC4FF49071044888
:10607000ECF7BAFC2C0D02203C010800A8F7012027
:10608000D4FF07002DE9F84F054689461746984684
:10609000374C9DF82CB09DF830A004F56476B4F828
:1060A00090C01CF0010F19D00DB1A54216D0B4F864
:1060B0008E00B84212D1638C43450FD11CF4006F9F
:1060C00008D0B9F1000F05D094F99200FDF766FBF6
:1060D000814503D10A9B1B88012B05D09834B4421B
:1060E000DDD10020BDE8F88F636A002BF6D0228C4A
:1060F000012AF3D11B68D3B10A9A5268BAB193420C
:10610000ECD1BAF1000F03D094F88A30002BE5D11E
:10611000BBF1000F1DD0B4F89030C3F38113012BF5
:1061200017D1236C93F870320B2B12D1D6E7BAF14A
:10613000000F11D1BBF1000F0BD0B4F89020C2F3C7
:10614000811101290DD0002BC8D10A9B5B68002B5F
:10615000C4D16FF01000C5E794F88A20002AE9D076
:10616000BCE7C2F34102032AF3D0002BEDD0B5E720
:106170002C0D02202DE9F041052500270646884612
:1061800086B002210DF11600F4F7AEFDBDF8163011
:10619000013D43F400435BBA9CB210D096F88E20C8
:1061A000234600213046CDE90177CDF80080FFF786
:1061B00069FF1130E5D0204606B0BDE8F0812846E1
:1061C00006B0BDE8F08100BF90F88A00704700BFBC
:1061D00001207047022807D9033801288CBF6FF0CF
:1061E00069006FF05F00704710B96FF06900704789
:1061F000022800F0BD802DE9F04F02290C4616461A
:106200001F4683B00DD0032908D0012904D06FF0B8
:106210006A0003B0BDE8F08F062A04D06FF07A0060
:10622000F7E7112AFAD1002F00F0A580534D4FF067
:10623000FF334FF0FF32524813F02EF94FF0000AAF
:106240002B46B3F89010983311F001010CD00AF1ED
:10625000010ABAF1060FF4D1494813F0ADF86FF016
:10626000010003B0BDE8F08F982202FB0AF805EBAD
:106270000809484621F06EF8FDF744FB062E6CD065
:106280009823FF2000214FF0010C03FB0A533D4AE5
:1062900083F892004244A3F89010D2E8EF1FC2E8BE
:1062A000E0CF0028F9D1B3F89030621E022A98BFDF
:1062B00043EA841343F0080098230024012203FBDF
:1062C0000AFA08F1280C08F12003E91805EB0A0B7B
:1062D00005EB0C0EABF890008BF88C20ABF88E60C1
:1062E000484645F80C40CEF80440EC504C60019113
:1062F000FFF740FF019901224880019050B92048E2
:1063000013F05AF8FDF7FEFA062E019B2BD06FF022
:106310006F007EE74FF4A0711B4B0AF1900A23F83F
:106320000A1008F14400114628444FF0FF3213F0E0
:106330002FF808F10C00284412F0F2FCBBF8903062
:1063400043F00103ABF89030C7F800900C4813F00D
:1063500033F8204603B0BDE8F08F484604F0A0FBB8
:1063600000288DDA78E71946484605F05DF8CEE753
:106370006FF05F0070476FF015004AE72C0D0220A8
:10638000140D0220340D02202F0D022000F108030D
:10639000D3E8EF0F0130C3E8E20F002AF8D17047CD
:1063A00038B5044600F10803D3E8EF0F421EC3E8F6
:1063B000E12F0029F8D1012801D0013838BD04F1BE
:1063C0000C054FF0FF324FF0FF33284612F0B0FCBF
:1063D000206B18B102F04EFB00232363B4F8903019
:1063E00023F00603A4F89030284612F051FDB4F8CB
:1063F0009030002023F00103A4F8903038BD00BF96
:1064000070B518B3144B044698421CD303F564735B
:10641000984218D200F10C0600254FF0FF324FF0E1
:10642000FF33304612F084FC20462946E56365635D
:10643000A56304F0F9FF304612F02AFD2046FFF76D
:10644000AFFF284670BD6FF0150070BD40F2CD2142
:106450000248ECF7C9FA00BF2C0D02203C010800ED
:10646000F0B587B0002900F0A6800446002800F0AF
:106470009A80544B9842C0F0968003F5647398421A
:1064800080F09180B0F890300D46C3F3811101295E
:1064900058D02988012950D10021072A05914CD9CB
:1064A0001B053FD46B6803F0F002E02A2DD1B4F84D
:1064B0009030C3F38113022B65D005A9281DFDF789
:1064C0003FFE60B3061D059B002B41D004F10C0775
:1064D0004FF0FF324FF0FF33384612F029FC059899
:1064E00000286DD0FEF74AFB0123666284F8920013
:1064F00023846B88002B35D1638C6B800024384655
:1065000012F0C6FC204607B0F0BD059A2BB3281D3B
:10651000002A40D00021FDF753FC0028D2D16FF0B3
:1065200001040CE094F99200FDF738F96B680590CE
:1065300003F0F002E02AE8D1B9E76FF01504204635
:1065400007B0F0BD016B0029A3D06FF07E04F6E721
:106550006FF07C04204607B0F0BDF2B1FFF780FA7F
:106560000646B0E794F88A202046029294F88920E3
:106570000599CDE9005294F88E20FFF783FDB8B954
:106580006B886384BAE794F88B00002895D0FDF7F8
:1065900005F9059091E705A9BDE704F12C00FDF789
:1065A0000BFC0590DAE74FF45D710748ECF71CFA35
:1065B0006FF06F04A3E740F273310348ECF714FA6D
:1065C000FFF7D0FC2C0D02203C01080030B583B051
:1065D00058B3B0F890200446C2F3C201012921D17A
:1065E000436A13B1002003B030BDC2F38112032A05
:1065F0006D46ADF80010019308D1082229462046C7
:10660000ADF80230FFF72CFF03B030BD2946FFF78D
:10661000B1FD0346082229462046ADF80230FFF7B7
:106620001FFFF1E76FF01500DDE7FFF793FC00BFF8
:1066300070B548B3174B0446984225D303F56473ED
:10664000984221D2B0F89030DB071AD50D4600F100
:106650000C064FF0FF324FF0FF33304612F068FB6C
:106660002946204604F0DEFA002804DB304612F00A
:106670000FFC002070BD304612F00AFC6FF05E0087
:1066800070BD6FF0080070BD40F2DC410248ECF7CD
:10669000ABF900BF2C0D02203C01080070B5054687
:1066A0000C461E463AB311460B681BB103F0F003CB
:1066B000E02B06D13146A069FDF754FA0368014684
:1066C0000BB395F8880094F83B30800860F305031D
:1066D00084F83B3095F88800324660F3871384F8DD
:1066E0003B3095F8883020465B0984F83C30BDE8A3
:1066F000704003F0F5B8416A0029D5D140F2FB4162
:106700000248ECF771F96FF0150070BD3C0108000C
:106710002DE9F04F83B00C9D9DF844C0002800F097
:10672000B8811F46B44B04469842C0F0B28103F5CD
:106730006473984280F0AD81B0F89030D80740F192
:106740009E818A461646BCF1000F40F08E80002FD5
:1067500000F09281C3F3C202012A08BF4FF0000B80
:1067600040F08880072D40F285807A68002A00F08A
:106770008381C3F38113022B00F08280E36A23B983
:10678000B4F89030190540F1918094F99200BBF172
:10679000000F0CD05EB9DBF80C1041B1DBF808300B
:1067A00003EBC1015A68083399421644FAD1FCF749
:1067B000F5FFA0B1036823B10C33D3E8AF3FDA078C
:1067C00005D46FF07205284603B0BDE8F08F03686A
:1067D000002BF6D00C33D3E8AF3FDB05F1D50D9B92
:1067E00094F99200A363109B6360B4F88E30062B7B
:1067F00000F0C2804FF400484FF00009FCF7CEFFD4
:10680000CDE900890122314694F88E3001F076FA04
:106810008046002844D0446194F88E1001F03CF882
:10682000B04208D2B4F89030C3F38113023B012B7D
:1068300040F2F5800646BBF1000F06D0DBF81030C1
:106840001BB1DBF81420002A62D1B4F88E30112B72
:1068500038D0062B00F0D2806FF07A05404600F069
:10686000ABFF284603B0BDE8F08F002D7FF46FAF7B
:10687000002F72D06FF01505284603B0BDE8F08FE9
:1068800002F0F002E02A7FF479AF94F88B00002840
:106890003FF474AFFCF782FF00287FF476AF6DE71A
:1068A0006FF06805284603B0BDE8F08F381DFDF78E
:1068B00083FA002800F0F280FEF760F940B284F815
:1068C000920064E73B1D0022414620467F88FFF787
:1068D000E5FE051EC2DB2046FFF778FE05460028D0
:1068E00058D0002D7FDB404601F044FA94F88E101A
:1068F000404603F007F8DDE90E234046FCF722FC92
:106900000546002D6FDB3546284603B0BDE8F08F05
:106910000F2A9AD998F837001D68C0F30210022890
:1069200001461A4410D0012900F08980073525F06E
:10693000070110311944914287D825F007052B44EF
:10694000022801461D68EED1142DEFD1596829297E
:10695000ECD199683429E9D177E7002900F08C80DF
:10696000C3F3C202012A85D10F688B460FB14D686F
:10697000F8E604F12807F8E6FCF710FFB4F88E30CB
:10698000112B6BD0062B4DD06FF07A05284603B043
:10699000BDE8F08F3A464046618C06F099FF054607
:1069A00000289ED13746BBF1000F6BD0DBF80C30CE
:1069B00043B998E7B7EB090795D0DBF80C30013500
:1069C000AB4290D9DBF80830404603EBC502526871
:1069D00053F83510BA4228BF3A46914601F0FCFB05
:1069E0000028E7DA0546B8F1000F7FF437AF2846F4
:1069F00003B0BDE8F08F00BF2C0D02205B4632468D
:106A00005146204605F02CFA051EFFF627AF20461A
:106A1000109A0D9904F024F92E46054671E76FF09F
:106A20000B051BE75B4632465146204605F018FA37
:106A3000051EA8BF4FF00008FFF613AFE7E7142DBF
:106A40007FF474AF596800297FF470AF9968022908
:106A50007FF46CAF1B7C88F83930F6E600223B1DD2
:106A6000204611467F88FFF719FE051EA8BF4FF08C
:106A70000008FFF6F6AE2EE76FF07805F1E66FF04E
:106A80000805EEE632465146404601F0A5FB0546B4
:106A900027E740F662110248EBF7A6FFFFF762FA1C
:106AA0003C0108002DE9F04389B0002900F0E7809F
:106AB0000446002800F0DE809846734B9842C0F0F0
:106AC000D98003F56473984280F0D4800D46164651
:106AD00000F10C074FF0FF3238464FF0FF3312F051
:106AE00027F9B4F89000C0F34102012A00F0BC80FD
:106AF000C30740F1B6802B88002B4FD0C0F3C201F2
:106B00008B4240F0A880032A00F0B180012B40F0B6
:106B1000A280072E40F29F80B4F88E30062B55D00D
:106B200001236A68E262B5F802902385A4F82A90EE
:106B3000002A47D040F48070A4F890002046FFF768
:106B400045FD064618BB0123668C626AADF81A60E3
:106B50002384ADF81830002A69D013680793B4F87D
:106B60009030C3F38113022B52D0012B76D1129AAD
:106B700029462046DDE91045059200964B46CDE9B1
:106B80000245CDF8108006AA04F004FB06463846FC
:106B900012F07EF9304609B0BDE8F083C0F38111F0
:106BA000022951D010F0380F55D1032A14BF6FF0CD
:106BB00015066FF05E06384612F06AF9304609B0E5
:106BC000BDE8F08320F4807080B2B5E7E36A03F09B
:106BD000F003E02B13D094F99200FCF7DFFD06469A
:106BE000FEF742FFE26A03689A4208D0304604F199
:106BF0002C01FCF7B1FF10B9B4F8900090E76FF0EA
:106C00007C06384612F044F9304609B0BDE8F083FE
:106C1000B8F1000F03D000212046129AC047002689
:106C2000384612F035F9304609B0BDE8F083B4F8C3
:106C30009030C3F38113022BEAD0012B0ED140F226
:106C400003611248EBF7D0FE20F48070A4F89000A6
:106C5000A362E362E3E76FF0150698E76FF085063D
:106C600095E76FF0080692E76FF077068FE76FF011
:106C70005E068CE74FF4AB610448EBF7B5FE40F2DB
:106C800057510248EBF7B0FE2C0D02203C010800E2
:106C900070B5B8B31E4B0446984233D303F5647302
:106CA00098422FD2B0F89030DB0728D50E4600F17D
:106CB0000C054FF0FF324FF0FF33284612F038F842
:106CC000B4F89030C3F34102032A03D0C3F3811315
:106CD000012B0AD1B4F88E30062B18BF002407D040
:106CE000284612F0D5F8204670BD6FF01504F7E77E
:106CF00020463146049A03F0BDFF0446F0E76FF0EA
:106D00000804F0E74FF4C3610248EBF76DFE00BFE3
:106D10002C0D02203C0108002DE9F041044686B00C
:106D20000D4616461F4600F10C084FF0FF32404654
:106D30004FF0FF3311F0FCFF5CB3B4F89030C3F3B5
:106D4000C200A0F10100B0FA80F0DB054FEA50105C
:106D50004FEAC0001AD5638DC3B10E9B0090049317
:106D6000204604F12803002432462946DDE90C566A
:106D70000594CDE902560197FFF7CAFC0446404648
:106D800012F086F8204606B0BDE8F0816FF0780476
:106D9000F5E7FFF7DFF800BFF0B54FF0FF3287B03F
:106DA0001D4604460F464FF0FF3300F10C063046F7
:106DB00011F0BEFFDDE90C23CDE902230E9B012279
:106DC000049300230592394620461A460195009304
:106DD000FFF79EFC0446304612F05AF8204607B0F2
:106DE000F0BD00BF2DE9F041154686B01E460446B1
:106DF00088464FF0FF324FF0FF3300F10C07384662
:106E000011F096FFDDE90E2320460124CDE902238F
:106E1000109B059404930D9B2A4601930C9B4146BD
:106E200000933346FFF774FC0446384612F030F8FE
:106E3000204606B0BDE8F0812DE9F0438BB0002874
:106E400000F09D801F46B0F890300446DB0740F10B
:106E500093808946904600F10C064FF0FF32304691
:106E60004FF0FF3311F064FFB4F88E0011282DD0DD
:106E7000062808D06FF06A05304612F009F8284657
:106E80000BB0BDE8F08349462046129A03F038FF64
:106E90000546002DF0DB58EA0703EDD044342046C8
:106EA00012F04CFB304611F0F3FF42463B462046C1
:106EB00012F0F2FA0B3008BF6FF073054FF0FF329B
:106EC0004FF0FF33304611F033FFD5E70023ADF824
:106ED0002630CDF82230B4F890302046C3F3C203F8
:106EE000ADF82030FFF772FB05460028D1D1B4F889
:106EF0009020C2F3C203012B33D00146206BC4F8AB
:106F0000349002F4807370B10BB104F12803CDE921
:106F10000115628D1C4952BA92B20092129A01F088
:106F2000F1FD0546B5E7C2F3811EB4F88EC0C2F389
:106F3000C2020BB104F128000295129D0091059543
:106F40000394658D03466DBAADB201950E4D714641
:106F5000049504F130050695604601F037FC0546BE
:106F600097E7616A21B10B680993B4F8902008A9EA
:106F7000658C6DBAADB2C1E76FF008057FE740F6EA
:106F800093410248EBF730FD755F05003C010800B6
:106F900070B54FF0FF324FF0FF3304460D4600F15D
:106FA0000C06304611F0C4FE2946204604F03EFE91
:106FB0000446304611F06CFF204670BD2DE9F041CB
:106FC000002800F09D800D46504904468842C0F0DC
:106FD0008B8001F56471884280F086801646984661
:106FE00000F10C074FF0FF3238464FF0FF3311F03D
:106FF0009FFE691E172920D8DFE801F00C0C0C0C4D
:107000000C0C0C212A360C0C420C0C460C0C534A6E
:107010000C0C140C6FF08504384611F039FF204633
:10702000BDE8F081002E62D0B8F1040F5FD1336863
:10703000003B18BF012384F88C300024ECE7002EBD
:1070400055D0B8F1010F52D8337884F88830F4E77E
:10705000002E4CD0B8F1040F49D13368003B18BF63
:10706000012384F88930E8E7002E40D0B8F1040FFE
:107070003DD13368003B18BF012384F88A30DCE738
:10708000336884F89430D8E7336884F89330D4E7D1
:10709000B4F89030C3F3C203012BCED16FF05E047D
:1070A000BAE7B4F890303568C3F3C202012A21D19F
:1070B000B8F1040F1BD1C3F38113022B17D185B193
:1070C0006B1EFE2B13D82846FCF768FBA8B103689B
:1070D00023B10C33D3E8AF3F5B0602D46FF06A04F0
:1070E0009AE784F88B50A8E76FF0150497E76FF0E4
:1070F000150491E76FF069048EE76FF001048BE7E8
:1071000040F65F710248EBF76FFC00BF2C0D0220C8
:107110003C0108002DE9F041002800F0A1800D4657
:10712000524904468842C0F0928001F56471884259
:1071300080F08D8017461E4600F10C084FF0FF329C
:1071400040464FF0FF3311F0F3FD691E17291DD89B
:10715000DFE801F00C0C0C0C0C0C0C1E272E0C0C98
:10716000330C0C3B0C0C415F0C0C140C6FF08504C1
:10717000404611F08DFE2046BDE8F08194F88C3039
:107180009FB116B13268042A0FD13B600024EFE7AB
:1071900094F888304FB13B70002EF7D00123336054
:1071A000F4E794F88930002FEBD16FF01504DFE796
:1071B00094F88A30002FE4D1F7E794F894303B60DC
:1071C000002EE3D004233360E0E794F893303B6073
:1071D000002EF7D1DAE7B4F89030C3F3C202012AE7
:1071E0003BD194F88B0020BB1A0526D594F9920068
:1071F000FCF7D4FA70B3036863B30C33D3E8AF3F42
:107200005B0627D5FDF7BAFC002812DC6FF00104FD
:10721000AEE7B4F89030190512D4C3F3C203012BC2
:107220001BD104F12C00FCF7C7FD10B1006800B1C0
:10723000008B3860002EC5D1A8E7FCF763FBD9E7C7
:1072400094F99200FCF7AAFA0028EFD1F1E76FF069
:10725000150490E76FF06A048AE76FF0690487E726
:1072600040F6C5710248EBF7BFFB00BF2C0D0220B2
:107270003C01080050B310B40C4621B31AB3B0F867
:107280009030C3F38113012B12D0022B15D1018C46
:10729000012915D113682180418C082B618028BFFA
:1072A0000823416A002009686160136010BC7047C0
:1072B000134610BC002203F03DBB6FF06C00F5E7F5
:1072C0006FF06900F2E76FF01500EFE76FF015005F
:1072D000704700BF2DE9F04180460F464FF0FF3266
:1072E0004FF0FF33104812F0D7F8104C04F56476D5
:1072F000B4F8903004F10C05DB070CD54FF0FF32E9
:107300004FF0FF33284611F013FD39462046C047A1
:10731000284611F0BDFD9834B442E9D1BDE8F041F2
:10732000014812F049B800BF140D02202C0D0220B4
:107330004FF0FF320121014812F02AB8140D02204B
:1073400090F8373091F83720C3F3021363F3061235
:1073500081F83720426991F83B304A6190F836C095
:1073600091F8382081F836C090F83BC06CF30503E3
:1073700081F83B3090F83B3091F83BC09B0963F3B8
:10738000871C81F83BC090F83C3091F837C081F8F9
:107390003C3090F8383063F3000281F8382090F8E0
:1073A0003730D2B2C3F3400363F3410C81F837C0E6
:1073B00090F837305FFA8CFCC3F3800363F3820CE0
:1073C00081F837C090F837305FFA8CFCC3F3C00304
:1073D00063F3C30C81F837C090F83830C3F3C003AF
:1073E00063F3C30281F8382090F838201346C2F3C3
:1073F000001262F3041380F8383091F83820C3F398
:10740000800363F3820281F83820838E8B86836841
:107410004BB18B683BB1426A836A4A628B62C26A33
:10742000036BCA620B6390F83730C3F30213012B6E
:1074300007D190F8393081F8393090F83A3081F836
:107440003A30704738B50446C3680D465868E06066
:1074500038B14DB9008AE36860B95868E060002827
:10746000F7D10023236138BD0C30F3F7B1FAE3689C
:107470000028F2D0002BF4D0DB68236138BD00BFB8
:10748000F8B590F8373004460D46C168D80701D4E6
:107490001646E2B900260F8A2269CB68D31A2B441C
:1074A000BB4202D02A442261F8BD94F83730DB0792
:1074B00007D501F10C00F3F78BFAB84201D9226924
:1074C000F0E731462046BDE8F840FFF7BBBF01F1C9
:1074D0000C00F3F77DFAE1680746DDE770B582B08E
:1074E000044616461D4612F04FFD08B100263546EB
:1074F00001A932462B46204611F068F9014698B999
:10750000019B402218461FF025FF0122084903462F
:107510008C424460026202D0184602B070BD80F80E
:107520003C20184602B070BD0023184602B070BD62
:10753000A0A901202DE9F04F002485B0DDE90E67F8
:107540000192824632463B4602A88B46254614F0FD
:10755000D5FCDDE9028914E0A842586020D0438AB6
:107560009B453CBF5B46A4F812B0ABEB030B424615
:107570004B4602A814F0F2FCDDE90267BBF1000FF4
:107580001FD03B4632465046F3F7ECF823460446FC
:10759000D8B1002DE0D113B15860438AE0E7054629
:1075A000019A638A002ADBD002EB0B01994202D3D5
:1075B000A1EB030BDBE742464B46618202A814F0C5
:1075C000CDFC284605B0BDE8F08F15B12846F3F78D
:1075D000CDF80025284605B0BDE8F08F2DE9F84329
:1075E0009846C36815469DF82060002B3CD0814624
:1075F0000F46002D3AD099F83720D40739D4002E01
:1076000037D003F10C00F3F7E3F9D9E90332D96875
:10761000521A904200F09B8099F83720D00735D558
:10762000D9F81000DA681C8A821AA41AE4B1AC42B4
:1076300028BF2C46B8F1000F3ED0002F65D022465F
:10764000002E58D039461FF079FE99F83730D90707
:1076500067D5012221464846FFF712FF2744D9F893
:107660000C302D1B002BC4D1002D72D10020BDE8A1
:10767000F883D9F81020D968188A521A904210D08D
:10768000002ECDD099F83720D007C9D403F10C00D3
:10769000F3F79EF90446D9E90330DA68821AA41A8E
:1076A000C4E700214846FFF7CDFED9F80C30002B87
:1076B000DAD0002EB4D0E5E7A7B1224639681FF032
:1076C00049FE2EB9324621464846FFF7D9FEC6E7A5
:1076D00099F83730DB0733D5012221464846FFF7BA
:1076E000CFFEBCE7002EF3D1324621464846FFF7D5
:1076F000C7FE0027B3E7014638461FF01FFE32469B
:1077000021464846FFF7BCFEA8E7002EECD099F8CA
:107710003720D20707D5012221464846FFF7B0FEA1
:10772000E7E7D9F80C30214603F10C00F3F7F0F845
:10773000012221464846FFF7A3FE002F8ED1D8E74D
:10774000D9F80C0021460C30F3F7E2F8C4E73146D3
:10775000A8E76FF068008AE72DE9F041134F406811
:107760000E46B84215461C4612D012F00DFC40B928
:10777000802E0AD82A462346BDE8F0410C48F2F78D
:10778000F1BF0025802E2C46F4D90020BDE8F08101
:1077900012F0FAFB08B100252C46802EF5D82A46B7
:1077A0002346BDE8F0410348F2F7DCBF60A90120A1
:1077B00080AB01204CAB0120F0B110B5044600F1C4
:1077C0002002D2E8AF3F591EABB1D2E8EF0F98428A
:1077D00004D1C2E8EC1FBCF1000FF6D1F1D1012BAE
:1077E00009DCA06808B1F2F7C1FF21466068BDE876
:1077F000104011F055B810BD704700BFC8B100F17E
:107800002002D2E8AF3F591C9BB100B5D2E8EFCFC0
:107810009C4504D1C2E8EE1FBEF1000FF6D101D1A4
:107820005DF804FBD2E8AF3F591C002BEED10020DD
:10783000F6E70020704700BF08B1F2F797BF704726
:1078400038B5044608460D46F2F7D6FFA3684360F4
:10785000A56038BD68B110B40B4C046009B10B4889
:1078600008600AB10A4911600BB10A4A1A6010BCDB
:10787000704709B1054808600AB10549116013B1A4
:10788000044A1A607047704760A90120A0A901202E
:107890004CAB012080AB0120F8B50746B8B190F899
:1078A0003730846813F0700FC3F3021610D0012E26
:1078B0000CBF1420002006292AD0112930D001291C
:1078C0002AD03A2928D02CB908B114204042F8BD5A
:1078D00030464CB325460022298A6D680A44002DA3
:1078E000FAD1824238BF851A14B3002604F10C0085
:1078F000F3F76EF864680644002CF7D1BB68ABB1AF
:107900001A8A5B681444002BFAD1761B301BF8BD31
:107910001C30002CDED1D9E70430002CDAD1D5E7B9
:107920000830002CD6D1D1E726462546701BF8BD7D
:107930002646FBE7F8B5846894B10546264600273D
:107940002046038A646863B9AB6883420DD07368CC
:10795000834208BF74604760F2F708FF002CEFD144
:10796000F8BD0646002CEBD1FAE7AC60F3E700BFA8
:107970008068D8B102460023B2F810C05268634450
:10798000002AF9D1994214D810B55B1A01E09B1A6C
:1079900050B1028A04469A424068F8D3238218B153
:1079A000F2F7E4FE00236360002010BD09B9002057
:1079B00070476FF0150070472DE9F04F83B0054612
:1079C000DDE90C6791469A46884600295BD1002B79
:1079D00059D190F8373013F0700F50D012F0D4FA1C
:1079E000002840F0A180AC68002C53D04FF0000B71
:1079F00004F10C00F2F7ECFF64688344002CF7D12B
:107A0000AB6833B11A8A5B681444002BFAD1ABEB34
:107A1000040BBBF1000F3DD095F83730AA69C3F3D2
:107A20000213002A53D01268002A50D0012B118B68
:107A300000F0838052684C4B9A426ED0A8EB0B0B3F
:107A4000D84528BFD846CDE90067484C6E68484BFA
:107A500048484A46864214BF204618464146FFF72A
:107A600069FD044600287BD0A868002839D0F2F7C9
:107A7000C3FE2146F2F7D0FEB9F1000F38D1002045
:107A800003B0BDE8F08F12F07FFA08B1002600279E
:107A9000002DA8D195F83710AA6911F0700FC1F325
:107AA000021330D0012B0CBF14210021BAF1060FB4
:107AB00049D0BAF1110F3AD0BAF1010F49D0BAF159
:107AC0003A0F46D04FF0000B8844002AABD1012B6F
:107AD000B4D14FF41071A1EB0B01884528BF884643
:107AE000B1E7AC60EC60E3682B61B9F1000FC6D080
:107AF000A86849460C30F2F7F9FEAB68EB605BB35F
:107B0000DB682B61BBE7002A9DD0126832B39B462D
:107B1000118B154B52689A4290D1CBF10E0B8B44CE
:107B2000D84528BFD8468EE7002600275BE708F136
:107B300008084FF0000B884473E7B1F5107F38BF99
:107B40004FF41071C7E708F11C084FF0000B884490
:107B500067E708F10408B5E72B6190E793466DE706
:107B60006FF00B008CE700BFD8AC01204CAB0120BC
:107B700080AB0120A0A901202DE9F04383B0044689
:107B8000DDE90A6790460D4639B932B990F83730C9
:107B900013F0700FC3F3021027D012F0F5F980B97B
:107BA000A06918B1134B62689A420DD0434629462A
:107BB00020460022CDE90A6703B0BDE8F043FFF795
:107BC000FBBE00260027EBE703688BB15B68D3F8A8
:107BD0001090B9F1000FE9D043462A462146CDE97D
:107BE0000067C84710F1860FE0D003B0BDE8F0830E
:107BF0001B69FFDEA0A901202DE9F047044684B0EF
:107C0000DDE90E6702A81546984632463B468A468D
:107C10009DF8309014F072F932463B46DDE9026778
:107C20002046FFF75BFC48B30446C0F818A0BAF141
:107C3000000F07D0DAF8003013B31B7C80F8243033
:107C400080F82C3094F83710324668F306113B4622
:107C500002A884F8371014F081F9DDE902674A467A
:107C600029462046CDE90067FFF786FF18B9204670
:107C700004B0BDE8F0872046FFF79EFD0024F6E73C
:107C80001B78FFDE09B900207047F0B583B00646C7
:107C90000F4615461C4612F077F908B100252C4610
:107CA000009501947468124A124B13483946844275
:107CB00014BF104618460022FFF73CFC044698B15A
:107CC000B06860B1F2F798FD2146F2F7A5FD2046B5
:107CD000F2F792FD80234382002003B0F0BDB46030
:107CE000F460E3683361F2E76FF00B00F5E700BF83
:107CF0004CAB012080AB0120A0A901202DE9004858
:107D000084B00093DDE906BC1346CDE902BC0A4607
:107D100001460348FFF770FF04B0BDE8008800BFCC
:107D2000A0A901202DE9004884B00093DDE906BC3C
:107D30001346CDE902BC0A4601460348FFF75CFF43
:107D400004B0BDE8008800BF60A9012010B503465B
:107D500080680C4630B1F2F74FFD2146BDE8104077
:107D6000F2F75ABD9960D96011B1CA681A6110BDA5
:107D7000196110BD8368C36003B1DB68036170479C
:107D800010B50023012482B00A4600941946FFF77B
:107D900025FC02B010BD00BF10B5012484B00391D2
:107DA000002303A90094FFF719FC04B010BD00BF25
:107DB00010B5002482B001230094FFF70FFC02B03D
:107DC00010BD00BF30B5002585B00C46012304224C
:107DD00003A90095FFF702FC039B1BBA236005B0C3
:107DE00030BD00BFF8B50446C06817460E46C8B996
:107DF00077E0BB423ED93D4600272A4631691FF055
:107E00009DFA94F83730DB073BD5012229462046FE
:107E1000FFF736FB304600222946FFF731FBE068CA
:107E200000285ED0F368002B5BD0002F5BD00C30B5
:107E3000F2F7CEFDD4E90323D1685B1A98423AD019
:107E4000F268002A4AD03369D168158A5B1A9D42CC
:107E50001DD0E068002841D00C30ED1AF2F7B8FDD3
:107E60000346D4E90320D268BD42A0EB0202A3EB93
:107E70000203BED89D4228BF1D46002D2ED07F1B79
:107E8000BBE7E06829460C30F2F742FDBDE75368D6
:107E9000F3601BB929E05B68F36033B31A8A002AE8
:107EA000F9D0DB683361E068C0B1F268B2B1D16883
:107EB000158A5B1AD0E75068E06018B917E0586877
:107EC000E060A0B10C30F2F783FDE3680028F6D043
:107ED0006BB1DB682361F268002AB4D16FF06800EF
:107EE000F8BD002FFAD10020F8BD0023DAE7002307
:107EF0002361A5E72DE9F04706469646D6E90242FA
:107F0000084684B0002A00F090803169002900F012
:107F10009680944200F0958025464FF0000C2F8A01
:107F20006D68BC44AA421FFA8CFCF8D1D268891A49
:107F30008C441FFA8CF596F83770B16907F0010789
:107F4000002C7AD00022B4F810C064686244002C7F
:107F5000F9D14FF0000ACDE902E3CDF800A0534675
:107F6000FFF74AFE0446002851D0D6E9021996F8D8
:107F70003730D6F8108043F0010386F83730F160CF
:107F800081B35246CB6833610B8A49681A44002991
:107F9000FAD131462046FFF725FF58BB94F8373019
:107FA000214643F0010384F837303046FFF7C8F923
:107FB000A368E36003B1DB6823616DBB204694F8DE
:107FC000373067F3000384F8373096F83730C6F857
:107FD0000C9067F30003C6F8108086F8373004B0C1
:107FE000BDE8F0870A46316120463146FFF7FAFEC8
:107FF0000028D3D02046FFF7DFFB96F83730C6F8CD
:108000000C9067F30003C6F8108086F83730002420
:10801000204604B0BDE8F0870123009300232A46E0
:1080200020461946FFF7DAFAC8E796F83770154682
:10803000B16907F00107002C84D1224689E70D467B
:1080400079E7E26896F83770891A8DB207F0010770
:10805000B16977E74168FFF74DBF00BF80B1C368E2
:108060006BB1006960B1D9681A8A5B68401A101A4E
:1080700033B11A8A5B681044002BFAD17047184656
:10808000704700BF83684BB11A8A8A4228BF1982A1
:108090005B682CBF0021891A002BF5D1002914BF81
:1080A0006FF0150000207047F8B504460E46002911
:1080B0004ED000250EE0A06800282BD04368A360B6
:1080C0004260F2F753FBA368E36023B3DB682361EC
:1080D000F61B18D0E168002932D02269C8680B8AE3
:1080E000121A934219D09A1A2AD0B242174628BFC0
:1080F0003746DB1BD21B0B82DDD02069C1191FF074
:1081000023F9F61BE6D1A3683046E36003B1DB68D0
:108110002361F8BDE0602561DAE74B68E3601BB9D5
:108120000DE05B68E36053B11A8A002AF9D0DA687F
:10813000E168226121B1C8680B8A121AD3E7236172
:10814000A3686FF06800E360002BE0D12361F8BD05
:108150008368C36013B10846DB68D9E71846D7E7E0
:1081600038B5C36890F83710EBB101F0010181F028
:1081700001050446CDB9188A2269D968521A82428B
:108180000AD022697AB194F83710C90713D5188A32
:10819000DB68D21A801A38BD29462046FFF752F90B
:1081A000E368002BEDD1002038BD03F10C00F2F79D
:1081B0000FFCE368E0E703F10C00F2F709FCD4E9F7
:1081C0000332E5E710B50C46FFF7CAFFA04234BF03
:1081D0000020012010BD00BF70B50369044699421C
:1081E0000D46164682B008D0012332462946204665
:1081F0000093FFF7F3F902B070BDFFF7B1FF8642BD
:10820000F2D8002301253246204619460095FFF793
:10821000E5F9F0E7F0B583B04D680E460446FFF788
:108220009FFF854215D994F837303068DB070ED5AB
:1082300098B1D4E903750023009301460123204639
:108240007268FFF7CBF9C4E9037530B9306803B041
:10825000F0BD2069306003B0F0BD002003B0F0BD78
:1082600070B50369D1E900569D42044682B008D03A
:1082700001233246294620460093FFF7AFF902B0AA
:1082800070BDFFF76DFF8642F2D80023012532460C
:10829000204619460095FFF7A1F9F0E7402210B5F6
:1082A000002104461FF056F80123034A236262604E
:1082B00084F83C3010BD00BFA0A90120704700BF6A
:1082C000704700BF10B504464FF0FF324FF0FF3348
:1082D000204610F0DDFF0028F6D0FAF75FFE4FF0E1
:1082E000FF324FF0FF33204610F0D2FF0028F4D1C8
:1082F000EAE700BF08B5044BC0EB001003EB001029
:1083000010F0AEFF002008BDB0F60120002070473D
:1083100007289ABF014B185C00207047A001080095
:10832000704700BF70B500218AB01848FCF73CFCCC
:10833000174C204610F016FF4FF0FF324FF0FF337E
:1083400000254FF0FF36CDE90623CDE903654FF454
:10835000BC62CDE901550F490F4B009404F1200098
:1083600011F02AFF80B104462B4608210B4A08A8C9
:1083700018F08CFB204608A911F00CFE20460AB02C
:10838000BDE8704012F092BE0AB070BDC182050017
:10839000B0F60120D8200220C58205009401080013
:1083A0002DE9F04107460D46164682B04FF0FF33E7
:1083B0004FF0FF32194810F0BBFC194B6FF0010869
:1083C0001C6814B922E0246804B3237CB5F804C007
:1083D0009C45F8D194F811C033789C45F3D1A37C27
:1083E00072789A4201D0002BEDD1A36813B1BA691B
:1083F0009342E8D1E2683346009220462A46394645
:10840000D4F804C0E047B0F10008DCDA034810F00B
:108410003FFD404602B0BDE8F08100BF40AA012008
:10842000D01002202DE9F04F002404251E46D1F87B
:10843000B83089B007950694002B00F095800D4662
:108440008046114628461746FBF78CFBDDE91434BD
:10845000CDE900340123316981461A4628460431AA
:10846000FFF74CFC0446002800F08180B368072B1E
:1084700027DC002B17DB80F83C303A464946204683
:1084800001F02EFA30B902460821204601F054F8D6
:108490000746C8B16FF068072046FFF78DF93846E8
:1084A00009B0BDE8F08F327990F83B30920862F362
:1084B000050380F83B30327962F3871380F83B3054
:1084C000DBE76FF01507E7E7204606A9FFF7A2FEF6
:1084D0000028DFD0338806A95BBA038073885BBAB3
:1084E00043802046FFF7BCFEF16839B332690ABB0E
:1084F0002046FFF73FFC0121204601F003FA129BC2
:108500000022C8E9025320460023FAF71BFE002888
:108510002D4908DAEB6C4A6C013301326FF0040725
:108520004A64EB64B8E7AB6C0A6C013301320A644D
:10853000AB64B4E72046FFF74FFED9E73369002B61
:10854000D6D0032B16D80DF1140A4FF000090122E2
:10855000514620468DF81490FFF73EFE336909F12D
:1085600001094B45F3D8C3E76FF0710797E76FF048
:108570000B0794E70AF054F981460AF051F9039089
:108580000AF04EF983460AF04BF90346039A1B069C
:10859000120A02F47F4E4FEA0B2C43EA19630CF4E3
:1085A0007F0C43EA0E030DF1140A43EA0C03042284
:1085B000514620460593FFF70FFE3369043B3361B4
:1085C000002BC2D194E700BFA8F7012038B5049D65
:1085D00008B305B30446481E01281CD80020656076
:1085E00020612060A060E06021746274A3744FF089
:1085F000FF324FF0FF33094810F09AFB084B1A681E
:1086000022605A681C6022B1044810F041FC00202E
:1086100038BD5C60F8E76FF0150038BD40AA012056
:10862000D0100220002830D010B504464FF0FF33A0
:108630004FF0FF32164810F07BFB16490B6843B130
:108640009C4202D118E09C420ED01A461B68002BB7
:10865000F9D10F4810F01CFC002323606360A36075
:10866000E3602361184610BD236813604B689C4289
:1086700009D000232360ECE74A68236894420B602A
:10868000F7D14B60F5E74A60F3E76FF015007047EC
:1086900040AA0120D0100220002835D02DE9F04159
:1086A000144688B0002A32D0002600270D468046A6
:1086B000128871B1012A0ED1E3B10E9A29460092B7
:1086C0004046CDE90267221DFFF7ACFE08B0BDE8C9
:1086D000F081012A04D06FF0010008B0BDE8F081FC
:1086E000201D0593FBF768FB05460028F3D0228880
:1086F000059BDFE702210DF11E00F2F7F5FA054BAD
:10870000BDF81E201A80D8E76FF0150070476FF093
:108710001500DBE7BC10022010B501230C4682B027
:1087200069460094ADF80430FFF73AFE02B010BD80
:1087300011B30B88012B24D14B68D1F800C08360A2
:10874000C0F804C04B6863B990F8243043F00203CA
:1087500062B143F0080352BA80F82430C28000208E
:10876000704790F8243043F02003EFE723F008032C
:1087700080F824300020704790F8243003F0DD03A7
:10878000E6E76FF01500704710B528220021044677
:108790001EF0E0FD4FF0FF324FF0FF33094810F0BC
:1087A000C7FA094BD3E900121C60216022B1BDE871
:1087B0001040044810F06CBB5C600248BDE81040FB
:1087C00010F066BBF0A90120D81002202DE9F04F6F
:1087D00087B0BDF84440DDF84C80834615461F46FF
:1087E000109EBDF848A000940191B8F1000F00F070
:1087F000EA8098F99200FAF7D1FF034640460293C7
:10880000FDF7E2FC0390DFF860924FF0FF334FF08A
:10881000FF32964810F08CFAD9F80030002B53D074
:108820009AFA9AF21C6892B2198C594548D193F879
:108830002310A94244D193F8241001F00400002E23
:108840003CD000283CD03088012839D198890128B3
:1088500036D1D6F804C01869844531D1D889904200
:108860002ED101F00201002F00F0B38041B339880E
:10887000012925D19988012922D1786899688842EF
:108880001ED10099D88849BA89B2884218D19B690B
:1088900073B10492029A5AB1B3F890100A0507D541
:1088A00093F99200FAF77AFF029A8242049A07D16A
:1088B0006E4810F0EDFA6FF06F007CE00028CDD02C
:1088C00014B123462468AFE7684810F0E1FA4FF08E
:1088D000FF334FF0FF32654810F02AFA644B1C68F2
:1088E000002C00F0BB8058682268844208BF5A60A0
:1088F0001A60002323605D4810F0CAFA002F00F0D0
:108900008F80002E7BD03A8833889A4240F0A08036
:10891000019BA4F820B084F82230149B84F82350E3
:108920006361159BC4E906833388012B40F0908076
:10893000736832682361E2607368002B3ED194F85B
:10894000243043F00403BAF1000F3FD09AFA9AFAA8
:10895000A4F80EA043F0100339462046009A84F88C
:108960002430FFF7E5FE002872DB169B03B11C6084
:1089700094F8243043F0010384F824304FF0FF339F
:108980004FF0FF32394810F0D3F9D9F800302360A6
:10899000D9F80430C9F8004073B3344810F078FABD
:1089A0004046FDF715FC0246002094F8253062F39E
:1089B000000384F8253007B0BDE8F08F94F8243028
:1089C00043F04003BDE7CDE902881CE703F0EF0365
:1089D000C2E700297FF474AF039900293FF451AF37
:1089E000986968B3CDE90432FDF7EEFBDDE90432A6
:1089F00000283FF446AF63E7C9F80440CDE7019B88
:108A0000A4F820B084F82230149B84F823506361CA
:108A1000159BC4E9068394F8243003F0BB0392E766
:108A2000019BA4F820B084F82230149B84F82350D2
:108A30006361159BC4E90683002E7FF475AFEAE7F6
:108A4000D988009B5BBA9BB299427FF439AF2FE77C
:108A50002046FFF799FE6FF01500ACE7034810F0D1
:108A600017FA6FF00100A6E7A0F70120F0A9012096
:108A7000D8100220204B984237D3A033984210B52B
:108A8000044635D890F82430DB072BD54FF0FF3360
:108A90004FF0FF32194810F04BF919490B6843B1F8
:108AA0009C4202D115E09C420BD01A461B68002B59
:108AB000F9D1124810F0ECF92046FFF765FE0020CE
:108AC00010BD236813604B689C4209D000232360CB
:108AD000EFE74A68236894420B60F7D14B60F5E7F3
:108AE0004A60F3E76FF0010010BD6FF015007047AA
:108AF0006FF0150010BD00BFE0100220F0A90120AA
:108B0000A0F70120F0B5214CBDF814E0A042069D6D
:108B1000BDF81C7033D3A034A04230D890F824C0E4
:108B20001CF0010F2ED00E46C261194646610DB3EE
:108B30002B88012B23D16B682A680361C2606B68A4
:108B40000BB14CF0400C4CF0040C47B90CF0EF0C9E
:108B500080F824C07246BDE8F040FFF7E9BD7CBA5A
:108B60004CF0100CC48180F824C07246BDE8F0407F
:108B7000FFF7DEBD0CF0BB0C002FE7D0EFE76FF086
:108B80001500F0BD6FF00100F0BD00BFE010022045
:108B90002DE9F04F90F83770994683698BB0C7F391
:108BA000021705937B1E012B00F2DD80112A064679
:108BB0008846154600F0A880062A00F0E1800023D0
:108BC00006930493012F00F0A880002309930393D8
:108BD0004FF0FF334FF0FF32A54810F0A9F8A54B36
:108BE0001C68002C00F0B3804FF0000A4FF0FF33F8
:108BF000CDE9073A0AE093F99200D6F818B0FAF7EF
:108C0000CDFD834508D02468002C5FD0A3691BB13B
:108C1000B3F890201105EED494F823300BB19F42A5
:108C2000F1D1238CAB42EED194F824301A0703D54E
:108C3000E28804998A42E6D1D80603D5E2890699EA
:108C40008A42E0D199070CD596F83720A188C2F363
:108C500002129142D7D1012903D1A268002A40F023
:108C600019815A0709D596F83720A189C2F3021253
:108C70009142C8D1012900F0B180079A03F078032E
:108C80009A42C0DA039A002A76D0304640F6CD42A6
:108C90000023FFF7DFF98346002800F04681E369EF
:108CA0000146009342464B462046D4F814C0E047A4
:108CB000022800F00181112D00F00681062D00F040
:108CC000DD80039B24680893002C9FD1BAF1000F2C
:108CD0005FD0DAF81440DAF81C70654810F0D8F864
:108CE000039B002B43D1002C36D04B4642463146E5
:108CF00050460097A047022831D0112D5ED0062D96
:108D000000F0CF8000202FE0D9F80030012F1A8822
:108D100004925B8806937FF458AFD8F80040002196
:108D200004F10C0A5046FAF7DDFF00287BD0049BC3
:108D3000069A934217D0D8F800100B6903F0F0039D
:108D4000E02B33D1002309930123039340E74848E4
:108D500010F09EF8039B13B9099B002B49D0112DED
:108D600050D0062D77D002200BB0BDE8F08F089BC5
:108D7000C3B9002CB9D1F2E71BB2A246079342E770
:108D8000D9F80030002BEED01A8804925B88069345
:108D900018E7374810F07CF8039B002BDCD0089BC9
:108DA000002BDCD03046FEF707FDABE7059810310D
:108DB000FAF7AEFE00230990039309E7059800280F
:108DC00000F0D1802C49D0F89C30D1F894200133A8
:108DD0000132C1F89420C0F89C3093E72269002A40
:108DE0003FF44BAFD8F8001009698A427FF40BAF0B
:108DF00043E7062D78D003223046114600F0EAFB07
:108E0000112DB0D1059B002B00F0A3801A490598C5
:108E1000D1F89020D0F8983001320133C1F8902079
:108E2000C0F898309FE70390FCF71EFEE1680268E7
:108E300091423FF47CAF039B51461846FAF768FE17
:108E4000D8F800100B69CA689A423FF470AF002846
:108E50003FF474AF6BE7059B002B00F08980064A56
:108E60000598516EC36E013101335166C3667AE7CE
:108E7000F0A90120A0F70120A8F70120059B002BF5
:108E80006CD005993D4B0A6F01320A679A6E013228
:108E90009A6616E7D8F80010C9688A427FF4B3AE24
:108EA000DFE60598002859D03449036F8A6E0133F4
:108EB00001328A66036725E7112D27D0062D38D0A9
:108EC0005846FEF779FCFCE6059B002B4BD0059934
:108ED0002A4BD1F89C200132C1F89C20D3F8942071
:108EE0000132C3F89420ECE6304601F053FD059BB7
:108EF00053B3224A0598D2F88C10D0F8943001313F
:108F00000133C2F88C10C0F89430A9E7059B03B375
:108F100005991A4BD1F898200132C1F89820D3F85E
:108F200090200132C3F89020CAE715480FF0B0FF37
:108F300015E7059BE3B10599104BCA6E0132CA666D
:108F40005A6E01325A66BBE740F249110D48E9F703
:108F50004BFD40F209110B48E9F746FD40F235118F
:108F60000848E9F741FD4FF482710648E9F73CFDF6
:108F700040F22B110348E9F737FD00BFA8F70120A5
:108F8000F0A90120D4FF070070B506460D464FF04A
:108F9000FF334FF0FF3208480FF0CAFE074B1C6842
:108FA0002CB120462946B0472468002CF9D1BDE8F1
:108FB000704001480FF06CBFF0A90120A0F701201C
:108FC0000022F0B4002600270B4B0C4D03F1A0004B
:108FD0001C46194643F8282B8342C5E9006705D093
:108FE0000A46194643F8282B8342F9D1044B054A17
:108FF000C3E90024F0BC7047E0100220A0F7012074
:10900000D810022058110220F32108B50148E9F7D1
:10901000EBFC00BFD4FF07002DE9F04F0728844682
:109020000D46144683B005D044284FD0002003B02D
:10903000BDE8F08FD3E900790122384601A997F8FD
:109040003A808DF804C0FFF7C7F8002840F0EB80A5
:10905000A31C0122384601A98DF80430FFF7BCF8A3
:10906000002840F0E0802E78B44240F2E180331DC9
:10907000A34200F3D8800122384601A98DF80430BC
:10908000FFF7AAF8002840F0CE80321F08F103084D
:1090900012F0FF0A5FFA88F840F0B08001264946D6
:1090A00004223846FFF798F8002840F0BC800436C8
:1090B000F6B204F10409B4425FFA89F900F2AB8018
:1090C000C144A9EB060987F83A90AFE7D3E90069F4
:1090D0000122304601A996F83AA08DF804C0FFF7A6
:1090E0007BF8002840F09F80A31C0122304601A994
:1090F0008DF80430FFF770F8002840F0948095F860
:1091000000806F78444507F00F0740F2A880002FD9
:1091100000F08C80012F40F0868008234344012218
:10912000304601A98DF80430FFF756F800287AD1AF
:109130000122304601A98DF80470FFF74DF8002890
:1091400071D1A8F105020AF1040A12F0FF0B5FFACF
:109150008AFA40F0E4804FF00208002F00F0A1806E
:10916000012F42D1494604223046FFF735F8002846
:1091700059D112F0C1FE074612F0BEFE7B01DB1B87
:109180009B008446DB190F4604224FEA4C194FEA34
:10919000471EB9EB0C094EEADC6E6EEB070E4FEA88
:1091A000890B4FEA8E0E1BEB0C0C4EEA997E47EBB7
:1091B0000E07FF0047EA5C77CCF3103CC3F307537C
:1091C0004CEA474C43EA0C239BB21BBA30460DEBEA
:1091D00002010193FFF700F828BB0AF1080A08F121
:1091E00008085FFA8AFA5FFA88F8444500F2A88016
:1091F000A244AAEB080A86F83AA017E75246384676
:10920000691CFEF7E9FF70B908EB0A02033EF6B2EB
:109210005FFA82F843E73846A21BA919FEF7DCFF84
:1092200000283FF44DAF6FF0150000E7042375E709
:109230000122384601A98DF80460FEF7CDFF002811
:10924000F1D12246E31C3846691CDCB2FEF7C4FFAC
:109250000028E8D104EB080387F83A30E6E601225B
:10926000304601A98DF80480FEF7B6FF0028DAD158
:1092700047F010070122304601A98DF80470FEF76F
:10928000ABFF0028CFD12246231D3046A91CDCB2FB
:10929000FEF7A2FF0028C6D10AEB040386F83A3095
:1092A000C4E612F029FE074612F026FE7B01DB1B06
:1092B0009B008446DB190F4604224FEA4C194FEA03
:1092C000471EB9EB0C094EEADC6E6EEB070E4FEA57
:1092D000890B4FEA8E0E1BEB0C0C4EEA997E47EB86
:1092E0000E07FF0047EA5C77CCF3103CC3F307534B
:1092F0004CEA474C43EA0C239BB21BBA30460DEBB9
:1093000002010193FEF768FF00288CD10AF1040ADC
:1093100008F104085FFA8AFA5FFA88F865E75A46A6
:109320003046A91CFEF758FF00287FF47CAF0AEBFB
:109330000B02A8F103085FFA82FA5FFA88F80CE7DB
:10934000304605EB0801A4EB0802FEF745FF0028B4
:109350003FF44EAF67E700BF2DE9F043136887B0D5
:10936000DA680D4602921B690393029B002B00F002
:10937000B5808B680022002B00F0B080188A5B68F3
:109380000244002BFAD195F83A1095F83630D5F80A
:1093900018800B44C3F57F43FC3313449FB21BB2C8
:1093A000032B40F39D80404601234FF400484FF0CB
:1093B00000091A46CDE900893944FEF79FFC0446AE
:1093C000002800F08B80039BD5F8188003F0F00391
:1093D000E02B5ED10DF1080940464946FAF7C2FB81
:1093E00003680646002B76D095F83B1094F83B3086
:1093F0004A4661F3050384F83B3095F83B3094F816
:109400003B109B0963F3871184F83B1020463146DB
:1094100000F066FA00285ED195F83A300DF1100898
:10942000002B45D10026042341462046CDE90463A4
:10943000FEF7F0FE00284ED006808670C6704146CA
:109440002046FEF70DFF002845D13A462946204622
:10945000FEF7C8FC064600283DD12046FEF78AFCF0
:109460000121204600F04EFA002200232046F9F7A1
:1094700069FE00282FDBA369002B53D02B489A6C80
:10948000016C01320131016430469A6407B0BDE8D5
:10949000F083FCF7E9FA039A03689A4218D0404631
:1094A00003A9FAF759FB98B903AE0DF108099BE738
:1094B000424628461E49CDE9044600F089FA50B9D3
:1094C00094F83A6016F003031CD184F83A60A9E7D7
:1094D000D5F818807EE72046FEF76EF9D5F818809B
:1094E000B8F1000F1CD06FF0040630460F49D8F8D1
:1094F0004C304A6C013301324A64C8F84C3007B032
:10950000BDE8F083C3F104035FFA83F94A46012101
:109510002046FEF741FC0028DDD14E44F6B2D4E7E8
:10952000FFF772FDE9210348E9F75EFAA8F7012089
:1095300019900500D4FF0700F0B50423002783B07D
:109540000E4669460546144601930097FEF762FEF3
:1095500050B103460670694628465C709F70DF7004
:10956000FEF77EFE03B0F0BD6FF06800FAE700BFC3
:1095700000220423F0B50F4683B090F83A10044659
:10958000CDE90023FEF7FCFB00BB064669462046FA
:10959000FEF740FE0546C8B18670C6700221A0697C
:1095A000FBF7E4FA30B92FB969462046FEF758FEBA
:1095B00003B0F0BD01212046FCF70AFA688094F858
:1095C000383043F0080384F83830EDE76FF0680076
:1095D000EEE700BF2DE9F04714230646002588B0CA
:1095E0008846174605930495FEF7C4FB304604A948
:1095F000FEF710FE002835D0437A0446012B41D0F7
:10960000E368029323690393B569FCF72DFA039A83
:1096100003689A4226D0284603A9FAF79DFA08BBA8
:10962000637A112B00F08580062B15BF04212C21B5
:109630004FF000094FF0280901234FF400440025A2
:10964000B0691A46CDE90045FEF758FB04460028EC
:1096500073D003A902AA00F043F9054600B32046DF
:10966000FEF7AAF86FF00405B369002B68D0374CF9
:10967000DA6C616C013201316164DA64284608B049
:10968000BDE8F0870423304606A906950793FEF748
:10969000C1FD10B14378072BB2D86FF01505E3E791
:1096A0004FF0040A069006A92046CDF81CA0FEF74C
:1096B000B1FD0028D3D080F8008047708570C57058
:1096C00006A92046FEF7CCFD0028C8D10146524627
:1096D0002046FEF761FB0028C1D14A4631462046AC
:1096E000FEF780FB05460028B9D12046FEF742FB75
:1096F0000121204600F006F996F8252006F1260102
:10970000062A05D884F82D2004F12E001DF016FE3F
:10971000002200232046F9F715FD00289FDBB369DE
:1097200083B10A489A6C016C0132013101649A6478
:10973000A4E720214FF01C097EE76FF00B0593E7AB
:10974000FFF762FCE9210248E9F74EF9A8F701208A
:10975000D4FF070000220423F0B583B00D4669460C
:109760000446CDE90023FEF755FD002839D0064612
:109770000221A069FBF7FEF920B101212046FCF788
:1097800027F928BBA769FCF76FF92A6903689A4291
:109790001ED0384605F11001FAF7BAF90746B8B9F4
:1097A00020460199FEF7ECFAA369EBB1586C294603
:1097B000104D01305864EB6B324601332046EB63A9
:1097C000FEF7AAFF2046FDF7F7FF384603B0F0BDCD
:1097D000A3696BB10748DA6C416C01320131416415
:1097E000DA64022003B0F0BDEE210348E9F7FCF88B
:1097F000FFF70AFCA8F70120D4FF070010B5054CBD
:1098000082B000230822012100940348FEF7DEFE07
:1098100002B010BD59930500801102202DE9F04FD0
:109820000025142485B0019102A9064690469A4667
:10983000BDF838909DF83C70BDF840B00394029597
:10984000FEF7E8FC002847D045212B4601704FEA7F
:1098500019217F0161F3070347EA1B2769F30F23EF
:1098600067F317436BF31F6380F801A08570C57021
:10987000436096F839300446037253B9D8F8003083
:10988000726903F0F003E02B17D1DAB192F894304B
:10989000037200236372A372E372D8F8003023616D
:1098A000019B1B68E3601423304602A986F836301A
:1098B000FEF7D6FC05B0BDE8F08F42B192F89330C8
:1098C0000372E6E7B069FAF749FE2072E1E7B06992
:1098D000FAF71AFE2072DCE76FF06800EAE700BFD3
:1098E00010B5002490F83BC084B00CF03F039B00FF
:1098F000CDE90044029443EA9C13FFF78FFF04B0C4
:1099000010BD00BF1423002270B582B0CDE9002342
:1099100090F837300C4643F00103694680F8373041
:109920000546FEF777FC00284FD095F83A2006460A
:1099300062BBAA6892B113464FF0000C198A5B68AB
:109940008C44002BFAD1CCF3072C118A52680B44BB
:10995000002AFAD14CEA032C1FFA8CF2728074723E
:109960000121A869FBF702F9C8B969462846FEF744
:1099700077FC4FF40063112CAB8615D0062C19D060
:10998000012C18BF00201BD002B070BD95F83630F6
:109990001344C3F3830343F040030370C9E728462D
:1099A000FCF720F87081E0E70021284603F0AEFFC5
:1099B00002B070BD0021284601F0A8F902B070BDC8
:1099C00000212846FFF7D4FDDEE76FF06800DBE7F3
:1099D0002DE9F04F8FB0002944D0D0E903B30646FB
:1099E000894692460193FEF7C5F914213046FEF7E9
:1099F000C7F98046B0BB96F83A50002D51D00746C3
:109A00000DE09DF80E2094422CD39DF80F30012BD1
:109A100001D02DD834BBA41A14F0FF0541D0012287
:109A200030460DF10F018DF80E70FEF7C1F9C8B97F
:109A30009DF80F306C1E012BE4B2E2D901223046B2
:109A40000DF10E01FEF7B4F960B99DF80E20012A60
:109A500008D93CB1023A023DD2B2ECB294428DF840
:109A60000E20D2D26FF0150840460FB0BDE8F08F3F
:109A7000072B01D0442B1CD1304604A9FEF798F9DE
:109A80000028EFD153469DF80E209DF80F0004A941
:109A9000C8470028E6D19DF80E20A41A14F0FF054F
:109AA000BDD14046019BC6F80CB033610FB0BDE894
:109AB000F08F11463046FEF763F90028EBD0D1E76E
:109AC0001423002208212DE9F04391B00DEB03048B
:109AD00007940BAC099484680546CDE903230891EB
:109AE0000A932CB1218A64680A44002CFAD11446E6
:109AF000AB69002B00F035819E4F2846FA6A03A916
:109B00000132FA625A6B01325A63FEF783FB064652
:109B1000002800F09D80037803F00F039B00132BB7
:109B200040F29680143B5FFA83F8142385F83630B0
:109B3000427895F83B30920862F3050385F83B3094
:109B4000427862F3871385F83B30037A002B7FD08D
:109B500085F83A80418849BA89B2A14278DCC0F2DE
:109B6000858095F8381011F0100164D006F10C09C9
:109B7000F368AC6903F0F003E02B6AD0FBF774FFE5
:109B8000F26803689A4263D020464946F9F7C0FF5D
:109B9000AC6900285DD1F3687BB9FBF765FF3269DA
:109BA00003689A4208D0204606F11001F9F7B0FF89
:109BB00010B9737A022B4BD1AC6920460121FAF718
:109BC000D9FF20B12846FBF70DFF002840D1012224
:109BD000337A06F1100985F8393095F837300021CD
:109BE00062F30613484685F83730FAF77BF80446E7
:109BF000002800F08680737A062B00F0A28033697B
:109C000003F0F003E02B35D028460499FEF7B8F8AE
:109C1000B8F1000F6ED10296737A013B102B17D862
:109C2000DFE803F0615A16161652161616161616A7
:109C3000161616164200337C7F2B09D0337B7F2B00
:109C400006D006F10C094846FAF74CF80446E8B18C
:109C5000AC69002C00F089800220BA6B236C0132C1
:109C60000133BA63236411B0BDE8F0832846FEF7E0
:109C700009FA76E7AB69484602A90293FAF760FA57
:109C80000028E5D0037E9B07BED4E1E7FBF7ECFE9E
:109C9000F26803689A42DBD020464946F9F738FF5C
:109CA00000283FF465AFD3E7284607A903F07CFE00
:109CB00001900028CCD02846727A01AB02A9FEF7A9
:109CC00067FF0228CFD1C3E7284609A901F056F85B
:109CD00001900028EFD1BBE73146284600F01CF97F
:109CE0000228C0D1B4E731462846FFF733FD0228E9
:109CF000B9D1ADE741462846FEF742F800288AD0A0
:109D0000A6E7FBF7B1FE326903689A423FF473AFEE
:109D100020464946F9F7FCFE00287FF46CAF336912
:109D2000727A03F0F003E02B09D0112A90D1FBF7EF
:109D30009BFE326903689A423FF45DAF88E7062ACA
:109D400098D1AC69FBF790FE326903689A423FF400
:109D50007FAF20464946F9F7DBFE00283FF44FAFBE
:109D600076E7DD210448E8F73FFED3210248E8F713
:109D70003BFE00BFA8F70120D4FF0700002070477A
:109D8000704700BF2DE9F041012688B0044680F8F5
:109D9000396080690D4617469846F9F7E3FE0023BF
:109DA00001462A462046CDE901330093FFF736FDF0
:109DB00000283ED140F294430422204606A906938F
:109DC000FEF70AFA0646A0BB042384F83A300823BB
:109DD0002046079306A904AB0693FEF71BFA054637
:109DE00038B380F8008046703B684360204606A97F
:109DF000AE70EE70FEF734FAD8B92046FBF704FED9
:109E0000034625F8023F94F83730204643F001031B
:109E100084F83730FDF7AEFF02212046FDF7B0FF92
:109E2000022229462046FEF7D7F910B908B0BDE84E
:109E3000F0816FF06800F9E738B50446FDF79AFF46
:109E400002212046FFF75EFD10F09EF80246002535
:109E5000013A45F1FF332046F9F774F90028A36968
:109E60000DDBCBB1114CD3F8AC20D4F8A4100132E7
:109E70000131C4F8A410C3F8AC20284638BD83B122
:109E80000A4CD3F8B020D4F8A81001320131C4F83C
:109E9000A810C3F8B02038BD40F2A9110448E8F773
:109EA000A3FD4FF4D7710248E8F79EFDA8F7012003
:109EB000D4FF0700F0B540F26766002783B00C4678
:109EC0001546022301220C21CDE90067FDF716FF9C
:109ED000E0B12E46002E0CBF1723162322460D4953
:109EE00018BF21460546FFF74DFF041E08DB284634
:109EF000FFF7A2FF041E03DB0024204603B0F0BDE1
:109F00002846FDF759FC204603B0F0BD6FF00B0466
:109F1000F9E700BFA8010800002208232DE9F04757
:109F200084B0CDE90223836890F8362090F83AC0D7
:109F30001B8A62449B1A072B03DD0E694D4B9E4220
:109F400001D002206AE002A90446FEF763F9002866
:109F5000F7D02046FBF758FD002873D1204603991F
:109F6000FDF70EFFA369002B7AD04349D1F8A0205A
:109F70000132C1F8A020D3F8A8200132C3F8A820EC
:109F8000A769D7F8B850002D44D095F8382095F837
:109F90005430D00703F0010143D5900749D5686AD2
:109FA000B04246D0D10705F1240A2AD50026C6EBD7
:109FB000C60305EB830393F838309A071ED5DAF809
:109FC00000202C4B9A4219D040F267684FF00009EC
:109FD0000223CDE9008901220C213846FDF78EFECF
:109FE0008046B8B1162352465146FFF7CBFE0028F3
:109FF0000DDB4046FFF720FF002808DB56B995F837
:10A000005430DB0706D501260AF11C0ACFE740468B
:10A01000FDF7D2FB2046FDF7CFFB002004B0BDE8E2
:10A02000F0870029F6D09907F4D5296CB142B9D14F
:10A03000F0E70029EED09807ECD5286C0D4988424E
:10A04000B0D1E7E7A36983B10B48D3F8B020D0F8CB
:10A05000A81001320131C0F8A810C3F8B02070E791
:10A060004FF4D2710548E8F7BFFC4FF4D7710348AD
:10A07000E8F7BAFCE0000001A8F70120D4FF0700D0
:10A0800070B50D4684B0039003A92846FAF758F836
:10A0900048B3037E04469B072FD403982146FAF762
:10A0A0001BFA0398FAF79AFD88B100250426214689
:10A0B00001220398F9F77EFC4FF400701049039ACF
:10A0C000A3190096FBF776FE284604B070BD29461A
:10A0D00001220398FFF7EEFE051EE7DA21460398FA
:10A0E000FAF786F8F0E729460398F9F76DFF04467A
:10A0F0000028D2D16FF00B05E6E76FF07705E3E7B4
:10A10000000030E070B50D4684B0039003A92846E6
:10A11000FAF716F860B304460398FAF75FFDD0B17A
:10A12000002629460398F9F7ABFFF0B10425214634
:10A130000398FAF75DF8214600220398F9F73AFCF4
:10A140004FF480600C49039A63190095FBF732FEC7
:10A15000304604B070BD024629460398FFF7AAFEB8
:10A16000061EDEDA304604B070BD6FF01506EFE76C
:10A170006FF00106ECE700BF000030E010B582B0E0
:10A18000019001A90D48F9F7DBFF70B1037E044689
:10A190009B0708D421460198FAF79EF9012221462F
:10A1A0000198F9F707FC02B010BD04490198F9F7CE
:10A1B0000BFF04460028EDD1F5E700BFAC01080015
:10A1C00008B1F9F7FFBA10B50446F9F72BFB2146A1
:10A1D000BDE81040B02201481DF0BCB8A8F701202E
:10A1E00038B54FF0FF324FF0FF33A0F58075A0F186
:10A1F0009C0420460EF09CFDA86CF0F7B7FA0023F3
:10A20000AB642046BDE838400EF042BE38B5044687
:10A21000FDF7F4FA0F4B1D6845B12046A84700280A
:10A220000FDB2046BDE83840FDF7C6BA0FF0ACFEA4
:10A230000246013A65F100032046F8F783FF002843
:10A24000EFDA2046FDF7B8FA2046BDE83840FDF7C2
:10A25000B3BA00BFA811022070B50546A0F16C0684
:10A260004FF0FF324FF0FF3330460EF061FD0FE04C
:10A2700055F8782C2368944245F87C3C08BF45F893
:10A28000783C30460EF004FEA4F11C00FFF7BEFF40
:10A290004FF0FF324FF0FF3330460EF049FD55F8D6
:10A2A0007C4C002CE4D130460EF0F2FD3046BDE887
:10A2B00070400EF0EDBD00BF4FF0000C40F2E731F2
:10A2C00070B54FF4004E0D4661460446B0F88E025C
:10A2D0004FF47A72EEFB00510023284684F896C2B0
:10A2E00016F026FB02460B46034804F59871BDE8BC
:10A2F00070400FF007BD00BF58F801202DE9F8436A
:10A30000856806468846144655B32846F0F774FA21
:10A3100000F10C0705463846F0F750FB844224D87C
:10A320004FF000098DB394B105F10C073846F0F7F2
:10A3300045FBA0420ED92646002441463246384607
:10A34000F0F700FB6D68B044002DECD1C4B948466D
:10A35000BDE8F8833846F0F731FB0646241AECE7EF
:10A36000BAB991464846BDE8F8833846F0F726FB6F
:10A37000211A0FD18946002DD8D1B568002DD2D130
:10A3800040F2DF610B48E8F72FFBB568002DCAD11A
:10A39000DCE71146304640F6CD420023FDF772FC63
:10A3A000B0F10009B8BF6FF06809D0DB002DBAD159
:10A3B000EBE700BFB001080040F2272108B50148D3
:10A3C000E8F712FB04B307004FF4137108B5014816
:10A3D000E8F70AFB04B307002DE9F04F054690F8B3
:10A3E000369090F83A3083B0994409F1140B28461E
:10A3F000FDF7C0FC95F83730494643F00103284685
:10A4000085F83730FDF7BCFC002862D114212846BE
:10A41000FDF7D8FE002855D1D5E902377C68002B1E
:10A4200057D01A8A5B681044002BFAD1584550D394
:10A4300040F6CD42002314212846FDF78DF906464B
:10A44000002846D000F10C084046F0F7C1FA132866
:10A450003CD94046D6F80CA0F0F7BAFA4FF0140CED
:10A46000AA6801464B46CDF800C05046F0F704FA02
:10A4700040461421F0F74CFAD5E90323D268B7F827
:10A4800010809B1AA8EB0308D8F114083B8210D067
:10A49000218A04F10C00414528BF4146A8EB010880
:10A4A000F0F77AFA2046038A64682BB1B8F1000FFE
:10A4B000EED174607E609AE7F0F758F9B8F1000FBA
:10A4C000E6D1F6E7286903B0BDE8F08F3046F0F733
:10A4D0004DF90020F7E700BF10B50446FFF77CFFF9
:10A4E00090F80CC0A3684FEA1C1CACF1050C4FEAB5
:10A4F0008C0C9BB10022198A5B680A44002BFAD1AC
:10A500006FF0130094F8363094F83A100B44C01AE8
:10A51000A0EB0C00104420EAE07010BD1A46EFE7F3
:10A5200091F83730C3F30213012B1CD170B58B683F
:10A53000044608461546DE68FFF74EFFB0B100231B
:10A54000012D23606360A360E360236163610BBF3F
:10A55000038843880C3610366380336863600123B8
:10A560002380002070BD6FF0150070476FF0680009
:10A5700070BD00BF70B504888EB0012C06D00421D8
:10A5800007A8F0F7B1FB07980EB070BD438842688A
:10A59000ADF834304B88184EADF8363000230B92AE
:10A5A0004968327807AD0C910793C5E90133EB6038
:10A5B000E2B11024114B0FCB85E80F0002AB0193E1
:10A5C00000941C22294603AB0D4808F0E7FC039CCD
:10A5D00011F092FC0B4AA0FB020302FB0131C30BFA
:10A5E00043EA414304EB93100EB070BD10210348C1
:10A5F000F0F77EFB3470DCE7AD13022094110220EB
:10A600000900000200CA9A3B70B504460E4682B0AB
:10A6100000F164054FF0FF324FF0FF3328460EF093
:10A6200087FB012384F8703228460EF031FC94F841
:10A63000993213F001032BD0236E2BB160683146A1
:10A64000426898470023236694F899326FF3000319
:10A6500084F8993204F178000EF070FF04F1900054
:10A660000EF0AAFE04F51A73D3E8AF2FD3E8EF2F4C
:10A67000013AC3E8E12F0029F8D13AB90A4804F5B4
:10A68000F87102B0BDE870400FF00ABA02B070BDB8
:10A690006068456B002DE1D00096226D194601924D
:10A6A0001A46A847DAE700BF58F801206FF0730197
:10A6B000A0F50070FFF7A8BF6FF07301A0F5B070B0
:10A6C000FFF7A2BF6FF07301A0F50070FFF79CBF0A
:10A6D0002DE9F8438046A0F5F877A0F5A47501E0D0
:10A6E000FDF76AF80022002328460EF0D1FD04464B
:10A6F0000028F5D17B68002B00F0E780B3F890309C
:10A70000C3F34103032B00F0AE80A8F5C6764FF0EB
:10A71000FF334FF0FF3230460EF00AFB7B68002B10
:10A7200000F0D380B3F89020C2F34102032A0DD089
:10A73000FA6D5AB102F51B72D2E8EF3F0133C2E85D
:10A74000E13F0029F8D100227B68FA65186B20B13F
:10A75000FEF790F900227B681A63F86C18B197F83D
:10A7600099321B076FD400237A68A8F59079136497
:10A77000484687F87032A8F5CE750FF029FB0CE03B
:10A780006A68236894422B6008BF6B6030460EF005
:10A790007FFBA4F11C00FDF70FF84FF0FF324FF0E4
:10A7A000FF3330460EF0C4FA2C68002CE8D1304656
:10A7B0000EF06EFBA8F1C0000FF00AFB386908B17B
:10A7C000FDF73AF8B86C18B1EFF7D0FF0023BB647F
:10A7D000A8F190000FF0FCFA08F110000FF0F8FA61
:10A7E000A8F160000FF0F4FAA8F130000FF0F0FAD1
:10A7F00048460FF0EDFAA8F1F0000FF0E9FA304604
:10A800000EF046FB7868FBF7CBFD00237B604FF032
:10A81000FF334FF0FF3230480EF08AFA2F490B68B1
:10A8200043B19F4202D147E09F4214D01A461B68B1
:10A83000002BF9D128480EF02BFB3946BDE8F84330
:10A8400027480EF02DB80023B7F8301208F1440263
:10A85000F9F7EAFE87E73B6813604B689F4232D006
:10A8600000233B60E6E74FF0FF334FF0FF321A481A
:10A870000EF05EFA194B1D68D5B105F164064FF074
:10A88000FF334FF0FF3230460EF052FA6B68F3B1EF
:10A89000B3F89030C3F34103032B03D0EB6D9F4219
:10A8A00008BFEC6530460EF0F3FA2D68002DE4D1B8
:10A8B00009480EF0EDFA28E74A683B6897420B60BA
:10A8C000CED14B60CCE74A60CAE7FFF775FD40F296
:10A8D00027210448E8F788F890AA0120AC1102204B
:10A8E00080A9012004B3070038B5B0F89030C3F355
:10A8F0004103032B1CD0046CD4B104F164054FF068
:10A90000FF334FF0FF3228460EF012FAE36D53B1D9
:10A9100003F51B73D3E8EF1F0131C3E8E21F002AE0
:10A92000F8D10023E3652846BDE838400EF0B0BA00
:10A9300038BD00BF70B51446028C056C012A07D0E3
:10A94000E1B195F87032042B22D86FF0150070BD7C
:10A9500051B1034695F87002042811D8586A00686E
:10A9600048605B8C0A804B8008262CB1324620461A
:10A9700005F512711CF0E2FC002070BD1826F4E70A
:10A9800008263246084605F50C711CF0D7FCECE7AA
:10A990001826F6E72DE9F04314268DB007AB0746DD
:10A9A00005930696FFF718FD20B1437B044613F08C
:10A9B000040502D00DB0BDE8F08340F6CD484FF05D
:10A9C000000997F837203146B8690623CDE9008998
:10A9D000C2F30212FDF792F906460028EAD097F872
:10A9E0003730C3F30213012B05D03046FCF7E4FEE9
:10A9F0000DB0BDE8F083BB68DB68DB680393BB6820
:10AA0000DB681B69049303AA04A9FEF769FF002809
:10AA1000EBDB304605A9FDF7FDFB80460028E4D0BE
:10AA2000056045608560C560056163880380238893
:10AA300043800522037B62F307130373637BD9060C
:10AA40001CD504234373A3684360304605A9FDF772
:10AA500007FC0028C9DB3046FDF78CF996F8373043
:10AA6000C3F30213012BC0D106213046FEF74AFF83
:10AA70000028BADB3046FFF7C9FB9BE7636838461E
:10AA80001DBAFFF729FD627B2B1892074FF01402C5
:10AA900048BF013388F80D201BBAC8F80830D4E746
:10AAA00030B5002483B0054600220023524801A996
:10AAB00001940DF08BFE40B1019B002B00F09880BB
:10AAC00000205D602B6403B030BD019B01464FF454
:10AAD0002872044618461CF03DFC0830FDF7DEFBEA
:10AAE000019B03F51B73D3E8EF2FC3E8E14F002967
:10AAF000F9D1019864300EF013F90198A8300EF0E6
:10AB000031FB019878304FF0FF3221460EF040FCC7
:10AB100001989030012211460EF03AFC4FF00622C7
:10AB20004FF6FF7C02204FF4C061019BC3E9A122D4
:10AB300093F8992283F8700222F00D02A3F88C1288
:10AB400003F1D000C3E9154483F89742C3F8744277
:10AB500083F89922A3F890C228490FF02DF80198A4
:10AB6000274900F5B0700FF027F80198254900F546
:10AB700000700FF021F80198234900F598700FF04C
:10AB80001BF80198214900F580700FF015F8019825
:10AB90001F4900F5C8700FF00FF801981D4900F526
:10ABA000E0700FF009F801981B4900F5F8700EF0FD
:10ABB00025FF019B03F51A73D3E8EF1F0131C3E8AA
:10ABC000E21F002AF8D14FF0FF324FF0FF33134855
:10ABD0000EF0AEF8019B124A1C60516829B10B605F
:10ABE00053600E480EF054F966E7C2E90033F8E707
:10ABF0006FF00B0067E700BF80A9012059A2050094
:10AC0000B9A60500C5A605006DB80500E1A10500BF
:10AC1000C1B00500F1B30500D1A6050090AA01203E
:10AC2000AC110220026C0346B2B10429A8BF042172
:10AC30000129B8BF012102F51B72D2E8EF0FC2E86B
:10AC4000EC1FBCF1000FF8D1B3F89020002042F0C7
:10AC50000602A3F8902070476FF00100704700BF14
:10AC600029B108B50B4600219847002008BD0020F7
:10AC7000704700BF002370B58AB0CDE90833036C7C
:10AC80006BB1044693F87002022808D1D965B4F874
:10AC90009030C3F3C203012BADF8203003D06FF026
:10ACA00015000AB070BD636A0BB11B680993638C11
:10ACB0006260206B658D5EBAADF82230FDF7DAFE7A
:10ACC000B4F89030B4F88E00C3F3811113F480739C
:10ACD00018BF04F12803059403946DBA3034069428
:10ACE000B6B2064CADB2CDE9015608AD9DF82020B4
:10ACF00000950494FDF76AFD0AB070BD45C00500DB
:10AD0000036C416303B11A65002070471423F0B54A
:10AD100089B0029390F837300F46164A03A9164EB1
:10AD20000191C3F3021301A90446022B18BF164672
:10AD3000FDF770FAD8B10023037443740546314619
:10AD4000A069F9F713FF30B92FB9204601A9FDF723
:10AD500087FA09B0F0BD06212046FAF739FE2882AD
:10AD600094F8383043F0080384F83830EDE76FF09A
:10AD70006800EEE7010020000004200070B590F8A4
:10AD80003730184D184AC3F3021304460E46806943
:10AD9000022B14BF29461146F9F7ECFE20B106211B
:10ADA0002046FAF715FE60B931462046FDF732FA23
:10ADB000054630B131462046FDF752FA08B928461B
:10ADC00070BDA3694BB100250848DA6F416F0132AD
:10ADD00001314167DA67284670BD4FF4A771044816
:10ADE000E7F702FE0100200000042000A8F7012080
:10ADF000D4FF07002DE9F041074688464FF0FF33A6
:10AE00004FF0FF3215480DF093FF154B1D68FDB153
:10AE10002C68124E05F51A73D3E8AF3F002B08DCFF
:10AE2000B4B12546246805F51A73D3E8AF3F002B6B
:10AE3000F6DD30460EF02CF841462846B8474FF074
:10AE4000FF324FF0FF3330460DF072FF002CE8D197
:10AE5000BDE8F04101480EF01BB800BF90AA0120E8
:10AE6000AC11022008B54268CAB1B2F89030C3F301
:10AE7000C203012B18BF002000D008BD92F9920038
:10AE8000F8F78CFC28B1036833B1188B283880B2EE
:10AE900008BD4FF4067008BD4FF6D87008BDFFF727
:10AEA00093FA00BF2DE9F04F984690F8CE300F4648
:10AEB00013F0010F4368044614BF18211421C06C1D
:10AEC0008BB0002B00F0EC8040F6CD4A4FF0000B29
:10AED0001646B3F890200623CDE900ABC2F3C202B8
:10AEE000FCF70CFF0546002800F0D78026B1B168BA
:10AEF000FCF72CFF0023B36095F83730C3F302133F
:10AF0000012B78D12946606804F5137304F50D729E
:10AF1000FBF7C4FB061E70DB14230DF11409284651
:10AF200003A9CDF80C900493FDF774F9002800F004
:10AF3000B1800023036043608360C3600361B4F8A1
:10AF400032320380B4F84A3243800522037B62F335
:10AF50000713037394F8CE30477303F001031344CF
:10AF6000027B63F307120273B4F888325BBAC381C1
:10AF700098FA88F8C0F8048017F0100744D12846E2
:10AF800003A9FDF76DF9061E37DB94F8CE30DB0719
:10AF90001AD503AB05930423494628460693FDF7CB
:10AFA00039F90646002875D02046FFF75BFF83B2CB
:10AFB0001BBA43F4806343F00203336049462846DA
:10AFC000FDF74EF9061E18DB2846FCF7D3FE95F870
:10AFD0003730C3F30213012B0DD106212846FEF7AB
:10AFE00091FC061E09DB2F4B1B6893B128460BB062
:10AFF000BDE8F04F18476FF015062846FCF7DCFB5C
:10B0000030460BB0BDE8F08FD4F880321BBA8360B5
:10B01000B5E71FB1B4F88832A4F8843295F8373018
:10B02000C3F30213012B06D02846FFF7EFF8304692
:10B030000BB0BDE8F08FAB68DF683B7C7F2B13D093
:10B0400007F1100900214846F8F7BAFE804658B9C2
:10B05000FAF70AFD3A6903689A4205D04946404624
:10B06000F8F77AFD0028DFD00022EA61A26D05F131
:10B070001C0362B11360A3650022002304F1D00118
:10B0800009480EF0E5FD30460BB0BDE8F08F636572
:10B09000A365F1E76FF06806AFE76FF06806AFE70A
:10B0A000FFF792F9A811022058F8012010B4D0F847
:10B0B0007442D0F864320022234410BCFFF7F2BE81
:10B0C000F0B5044683B0A0F5C876A0F596754FF0AC
:10B0D000FF324FF0FF3328460DF02AFED6F87422D7
:10B0E000D6F86432013A1344102100223046FFF7AB
:10B0F000D9FE01210DF10700EFF7F6FDC8219DF8FB
:10B100000730B6F88C2203F5007301FB03F35B0AEA
:10B11000A6F88E3282BB96F898123E2903D80131E8
:10B12000C9B286F898120026A1F1200003FA00F0B7
:10B130008A400243C1F1200023FA00F0134F8B40F4
:10B140000243581E42F1FF3187428E411AD3D10388
:10B15000D80341EA534140F2E733C0184FF47A7202
:10B160004FF0000341F1000115F0E2FB02460B46EF
:10B17000214607480EF0C6FD284603B0BDE8F04062
:10B180000DF086BE4FF470120023F1E7BFD401002A
:10B1900058F801202DE9F04F8BB00546DDE916BACD
:10B1A000046C884691461E46BDF8507090F9920096
:10B1B000F8F7F4FAE06401210DF12700EFF794FDB0
:10B1C000C8229DF8273003F5007302FB03F35B0AE6
:10B1D000A4F88E32B5F89030C3F3C203012B07D028
:10B1E000022B1DD16FF0150630460BB0BDE8F08F75
:10B1F000A4F83032A4F848320023A4F84A62A4F834
:10B200003272C4F83432C4F84C32D9F80430002B0E
:10B2100000F0BE80C4F83432D8F80430C4F84C32A0
:10B2200004F5127104F50C70FFF7A4F97FBA76BA31
:10B23000B6B2BFB2C4F87402CDE90167CDF8009090
:10B2400005950395B5F89010674A21F0060141F085
:10B25000020189B2A5F89010049205F1300206921D
:10B260004346C1F3C202B5F88E00C1F38111FDF768
:10B27000ADFA061EB8DB04F50D72B4F83012E06CBE
:10B28000F9F796F994F89932189A43F0080384F87C
:10B290009932199B22666B6094F89932D4F8742223
:10B2A00043F0010384F89932C4F8782204F164056C
:10B2B0004FF0FF324FF0FF3328460DF039FD94F880
:10B2C000CE30002243F0010384F8CE300221204624
:10B2D000D4F87432FFF7E6FD061E65DB00264FF456
:10B2E000004240F2E7303146B4F88E3284F896627C
:10B2F000E2FB03014FF47A72002315F019FB0B46B1
:10B30000024604F5987139480EF0FCFC032384F8DA
:10B31000703294F8CE3066F3000384F8CE30D4F85F
:10B3200074320133C4F8743204F51A73D3E8EF1F92
:10B330000131C3E8E21F002AF8D128460DF0A8FD2C
:10B3400094F87032012B36D95BEA0A0201D1052B41
:10B3500047D15A46534604F178000EF09DF860B18B
:10B3600094F87032052B08D094F89932DA072CD46F
:10B37000DB0627D56FF06E0636E70026304694F8D8
:10B3800099326FF3000384F899320BB0BDE8F08F67
:10B3900095F99200F8F702FA08F10401F8F7E2FBD8
:10B3A0000368C4F8343237E728460DF071FD3046A3
:10B3B0000BB0BDE8F08F94F89932D906DAD46FF06B
:10B3C0007F0611E76FF073060EE76FF3000384F852
:10B3D00099326FF073012046FFF716F994F899320D
:10B3E000C6E76FF07606FFE645C0050058F8012075
:10B3F00038B54FF0FF324FF0FF33A0F5E075A0F500
:10B40000AE7420460DF094FCD5F87412D5F8643271
:10B4100000220B4428461021FFF744FD2046BDE8DA
:10B4200038400DF035BD00BF2DE9F843046C002C09
:10B4300000F0A2800D4604F164064FF0FF324FF099
:10B44000FF3330460DF074FC002D40D194F870327B
:10B45000043B012B1BD994F89932DA0700F1838061
:10B4600030460DF015FD04F51A73D3E8AF2FD3E87D
:10B47000EF2F013AC3E8E12F0029F8D122B9404863
:10B4800004F5F8710EF00CFB0020BDE8F883D4F849
:10B49000607204F598793FB34FF40042294640F2B8
:10B4A000E73094F8993243F0020384F89932B4F803
:10B4B0008E32E2FB03014FF47A72002315F038FA62
:10B4C00002460B462E4849460EF01CFCC8E704F520
:10B4D00098700EF07DFC30460DF0DAFC6FF07D01C7
:10B4E0002046FFF791F8CFE740F2E7354FF40048E8
:10B4F000AC463946234B4FF47A721868002320EA91
:10B50000E070C0FB08C1604615F012FA02460B4617
:10B510001B4804F500710EF0F5FBD4F87422D4F842
:10B5200064321121134420463A46FFF7BBFC2846FB
:10B530003946B4F88E324FF47A72E8FB0301D4F83E
:10B54000743284F896720133C4F87432002315F013
:10B55000EFF90B460246494609480EF0D3FB062395
:10B5600084F870327CE765F3000384F8993204F1C3
:10B5700078000DF0E3FF73E76FF0010085E700BF8F
:10B5800058F80120B4110220F0B5456883B0002DB1
:10B590003FD0B5F89030DB0701D403B0F0BD0446CE
:10B5A0000E4695F99200F8F7F9F88642F5D194F82D
:10B5B0007032012BF1D0B5F89030C3F34103032B67
:10B5C00006D00121284603B0BDE8F040FFF72CBFAC
:10B5D00004F164064FF0FF324FF0FF3330460DF0B8
:10B5E000A7FB286B18B1FDF745FA00232B63E76D25
:10B5F0004FB1002269686FF07203009160681146D4
:10B60000B8470023E365304603B0BDE8F0400DF0D5
:10B610003FBC40F2C1110148E7F7E6F904B3070067
:10B620002DE9F04FD0E998128A42044683B000F227
:10B63000F680B0F88C329A422ADB002594F8C830A4
:10B64000D807204654BF4FF40676B4F8C460FFF71D
:10B6500009FCB04240F39D8094F8C830D90725D545
:10B66000B4F8C460AE4226DDD4E998138B4200F2F0
:10B67000DF80B4F88C22934204DAB4F8900283425B
:10B68000C0F29B806FF03C07384603B0BDE8F08FF6
:10B69000B0F890028242D0DA9D1A801A8542A8BF83
:10B6A0000546891A8D42A8BF0D46C7E7B5F5067F46
:10B6B000DADB4FF406762046FFF7D4FBB04240F3C6
:10B6C000948094F8C830DB0770D44FF4067846466F
:10B6D0006368E06C002B00F0AE8040F6CD4A4FF07E
:10B6E000000BB3F8902041460623CDE900ABC2F32E
:10B6F000C202FCF703FB0546002800F09680D4F850
:10B70000649204F10807FCF735FB3846FCF732FB7E
:10B71000B9F1000F5ED1394642462846FCF762FB7C
:10B7200000287FDBD4F87422D4F864321821134443
:10B7300020462A46FFF7B6FB074618BBD4F864320A
:10B7400094F871223344012AC4F86432E36C51D076
:10B75000002B77D0434AD86D116D89191165516D51
:10B7600041EBE6715165996D891940EBE670C3E9CB
:10B770001610E36C002B60D0D16E0131D1665A6F88
:10B7800001325A672846FCF717F8384603B0BDE87F
:10B79000F08F2046FFF766FBA8423FF765AF94F8AD
:10B7A000C830DA0785D5B4F8C46084E7B4F8C4605B
:10B7B000002E3FF467AFB0468AE7D61AC01A864219
:10B7C000A8BF0646C91A8E42A8BF0E46002EEFDA61
:10B7D000374659E794F83F30494643F0010338466D
:10B7E00084F83F30FCF7CCFA95E72046FFF73AFBA8
:10B7F0000646DDE783B3996E1A4A41449966136E93
:10B8000043441366E36C13B3D2F884100131C2F8D9
:10B810008410D3F88C200132C3F88C20B2E76FF08B
:10B8200021050BE72846FBF7C7FF6FF068072BE7FA
:10B830006FF0210728E7FEF7C7FD4FF498710A481B
:10B84000E7F7D2F840F21B110748E7F7CDF840F2CE
:10B850005D110548E7F7C8F84FF493710248E7F720
:10B86000C3F800BFA8F70120D4FF0700F8B50546CC
:10B87000A0F59874A0F1CC064FF0FF324FF0FF33E3
:10B8800030460DF055FA94F89622082A0AD894F812
:10B890007032033B072B63D8DFE803F059503D0EAD
:10B8A000623D0E0E30460DF0F3FA2046BDE8F8403A
:10B8B0006FF07301FEF7A8BED4F874320022112194
:10B8C0002046013BFFF7EEFA94F89622B4F88E3248
:10B8D000511CC9B2072A84F8961205D800220132F9
:10B8E0008A4203EB6303FADB4FF4004240F2E73095
:10B8F0000021C3FB02014FF47A72002315F018F8FF
:10B9000002460B465C4829460EF0FCF93046BDE87D
:10B91000F8400DF0BDBA42B301230027204684F859
:10B920007132C4F86472FFF77BFE3D30CCD184F8ED
:10B9300071723046BDE8F8400DF0AABAD4F87432FE
:10B94000002212212046013BFFF7ACFABCE7D4F8F5
:10B950007432002202212046013BFFF7A3FAB3E72D
:10B960003046BDE8F8400DF093BA94F8C830204650
:10B97000DF0754BF4FF40677B4F8C470FFF772FACC
:10B98000B8424DDDD4F8642294F8C81002EBD273AB
:10B99000C8074FEA630339D5B4F8C470B3EB470F57
:10B9A00021DBA4F89232B4F8C4702046FFF75AFAAB
:10B9B000B84231DD94F8C830DB0724D5B4F8C400B0
:10B9C000D4F86032B4F88C22A4F890029A4201D9DB
:10B9D0008342A1D300220023A5F1A0000DF05CFD5D
:10B9E0009AE74FF406772046FFF73CFAB84239DD74
:10B9F00094F8C830DA0731D44FF48663A4F8923251
:10BA00004FF40677D1E74FF40670D9E7B2F5066F29
:10BA1000E7DBA4F89232F3E72046FFF723FACFE7FB
:10BA20002046FFF71FFAD4F86432410003EBD373CA
:10BA3000B1EB630F4FEA630209DC94F8C81093B2CC
:10BA400001F00102A4F89232002AACD1D8E794F8B0
:10BA5000C830D907C5D5B4F8C470C4E7B4F8C43049
:10BA60005B009EE72046FFF7FDF994F8C8204300ED
:10BA700002F001029BB2E5E758F8012038B5044610
:10BA800090F8C830D807204654BF4FF40675B4F874
:10BA9000C450FFF7E7F9A8422CDD94F8C820B4F8A9
:10BAA0008632D1074FEA530315D5B4F8C4509D42EE
:10BAB0000AD22046FFF7D6F9A84216DD94F8C8301E
:10BAC000DB0728D5B4F8C430B4F888029842CCBF5C
:10BAD0000020012038BDB3F5067FF5D920464FF48C
:10BAE0000675FFF7BFF9A842E8DC2046FFF7BAF970
:10BAF0000346E9E72046FFF7B5F9B4F88622B0EB34
:10BB0000520F4FEA5203DFDA94F8C830DA07E5D56E
:10BB1000B4F8C450CDE74FF40673D5E738B5B0F8A4
:10BB2000883204465B186AD4B0F886529D42A8BF9A
:10BB30001D46ADB22046FFF7A1FF0346A4F8885288
:10BB40001D462046FFF79AFF35B128B994F87032A8
:10BB5000052B33D0002038BD94F8C8302046DB07D1
:10BB600054BF4FF40675B4F8C450FFF77BF9A842F0
:10BB700034DD94F8C820B4F88632D5074FEA530074
:10BB80003FD5B4F8C45085420CD92046FFF76AF976
:10BB9000A84240DD94F8C820B4F88632D20740D5D8
:10BBA000B4F8C400B4F888229A42D3D1B4F88432ED
:10BBB0008342CFDC94F87032052BCBD104F5E070D2
:10BBC0000EF006F9D4F87452D4F864320022102131
:10BBD00020462B44FFF766F9002038BD2046FFF7CA
:10BBE00041F9B4F88632B0EB530F4FEA53021BD938
:10BBF00094F8C830D90707D5B4F8C450C5E7002574
:10BC000098E7B0F5067FCDD220464FF40675FFF7D2
:10BC100029F9A842BEDC2046FFF724F9B4F88632A1
:10BC2000C0E74FF40670BDE71046BBE770B5046C83
:10BC30009CB105460E4664344FF0FF324FF0FF339F
:10BC400020460DF075F83146286CFFF767FF054672
:10BC500020460DF01DF9284670BD6FF06A05FAE721
:10BC60002DE9F84F434B1D68002D61D1436806460E
:10BC70005B6B002B5DD0836C0F469046D2F8009032
:10BC800013B30846FEF7A8FBB16C42680C46D1F826
:10BC900018A012BA09EB020BABEB0A00238A646806
:10BCA0001D44002CFAD1A84246D2002850D1B868D1
:10BCB000EEF7CCFD002306F58070B3640EF088F833
:10BCC000D8F8003005EB03093846C8F80090FCF7B7
:10BCD00051F897F83720BB6842F0010287F8372007
:10BCE000A3B34FF0000C1C8A5B68A444002BFAD16C
:10BCF000D8F800103846ACEB0101FCF741F8D8F851
:10BD0000001030464942FFF709FFB6F88432D8F8F0
:10BD1000002006F1A8009A428EBF00239B1A9BB216
:10BD20003946A6F884320DF09BFA0020BDE8F88F62
:10BD3000A8470220BDE8F88FAAEB090AAAEB020A7D
:10BD4000BAF1000F0DDDD8F80090BDE79C46CFE7B3
:10BD50000146AAEB0B0B3846FBF70AFE5D44B16CBB
:10BD6000A5E70846EEF702FDB46406F580700EF014
:10BD70002FF8E8E7A4110220F8B500260446D4E91C
:10BD800098138B4203D8B4F88C2293420BDB04F552
:10BD9000987504F5A07000293CD00FF03BFF0843D4
:10BDA00043D03046F8BDB4F890028342EFDAD51A9A
:10BDB000C01A8542A8BF0546CA1A9542A8BF1546B3
:10BDC000002DE4DD94F89922510716D4002B14DDE0
:10BDD00094F8C8302046DA0754BF4FF40677B4F819
:10BDE000C470FFF73FF8B8421BDD94F8C830DB079A
:10BDF00014D5B4F8C400A84204DC2046FFF710FCB8
:10BE0000061EBCDAD4F8601204F5987504F5A0702B
:10BE10000029C2D10FF0FEFE3046F8BD4FF4067087
:10BE2000E9E72046FFF71EF8E5E700234FF4004757
:10BE3000194640F2E730B4F88E2284F89632E7FBD8
:10BE4000020100234FF47A7214F072FD02460B4691
:10BE5000024829460DF056FF3046F8BD58F801203B
:10BE60002DE9F04F076C83B0002F00F091809946C8
:10BE700097F87032052B40F08B800C46164607F180
:10BE800064084FF0FF3240464FF0FF330CF050FF94
:10BE9000D7F86002B7F88C52A84208D36FF00A04B2
:10BEA00040460CF0F5FF204603B0BDE8F08FB7F830
:10BEB00090329842F2D2B9F1000F35D0D9F80C6027
:10BEC000002E40D0D9F8083000211A4603EBC606F0
:10BED00054680832B2422144FAD14FF0000B2D1AB7
:10BEE0008D4207F1080228BF0D465E46019209E027
:10BEF000B5EB0A05564423D0D9F80C305B451FD961
:10BF0000D9F8083003EBCB02526853F83B10AA4231
:10BF100028BF2A4601989246FEF7F0F9041E0BF15D
:10BF2000010BE5DA66B9BBE72D1AAE4228BF2E46F3
:10BF30002146324607F10800FEF7E0F9041EAFDBA8
:10BF4000D7F86002304497F87132C7F86002012BCD
:10BF500006D03846FFF710FF041E11DBD7F8600249
:10BF6000B7F88C32834203D9B7F89032834205D8B0
:10BF70000022002307F190000DF08EFA34468FE77F
:10BF800014F1690FEAD021463846FEF73DFB87E7FA
:10BF90006FF07F0487E700BF38B5044690F8C830DB
:10BFA000D807204654BF4FF40675B4F8C450FEF7C6
:10BFB00059FFA8423CDD94F8C830D90719D5B4F828
:10BFC000C430A4F890322046B4F8C450FEF74AFFBB
:10BFD000A84219DD94F8C830DB0721D50023B4F856
:10BFE000C400A4F8943200EB400080B2A4F892029E
:10BFF00038BD4FF40673A4F8903220464FF406750E
:10C00000FEF730FFA842E5DC2046FEF72BFF0023B9
:10C0100000EB400080B2A4F89202A4F8943238BD3C
:10C020004FF4C9600023A4F89202A4F8943238BDFA
:10C030002046FEF717FF94F8C830A4F89002DA07FC
:10C04000C1D4DAE72DE9F04F0E469BB04FF0FF3335
:10C050004FF0FF32C1480CF06BFEC14B1F68002F40
:10C0600000F0A7803C6810AD002231462846FEF75C
:10C0700057FA0028C0F29880B7F830322946012BD1
:10C0800014BF1822082207F50C701BF01DF90028B8
:10C0900040F08A80012231462846FEF741FA002806
:10C0A000C0F28280B7F848322946012B14BF18220B
:10C0B000082207F512701BF007F9002874D13C46DE
:10C0C0000127A6480CF0E4FE002F75D0002C73D099
:10C0D000002E64D03046FEF77FF9074600285ED078
:10C0E00090F80C80437B4FEA181803F03F0B04F1E3
:10C0F00064094FF0FF3348464FF0FF320CF018FE52
:10C1000094F87032002B47D03B7B4F2B40F2F081EC
:10C110003046FEF7E1F90F9094F870325FFA8BFA2F
:10C12000023B012B40F22281B4F88832002B00F050
:10C1300030827A68D4F8801212BAA2EB010C00287F
:10C1400000F08A82BCF1000F07DB03EB010CA2EBCD
:10C150000C0CBCF1000FC0F2258201380244501AC9
:10C16000002804DB0B44D21A002AC0F21B82BAF169
:10C17000000F00F05F821AF0040F00F05B82B369D9
:10C18000002B01F07A827748D3F88420C16F013206
:10C190000131C167C3F8842048460CF079FE0227BC
:10C1A00038461BB0BDE8F08F2746002C89D02468A4
:10C1B0005AE76A480CF06CFE3046FEF70DF9437BF7
:10C1C0009C0740F1C78013F0100740F0C380249B08
:10C1D000D3F84080B8F1000FE1D008F51B73D3E825
:10C1E000AF3F002BDBDD96F8379010ADC9F3021995
:10C1F00010970622012148466F600EAB0E97F9F7A3
:10C20000E9FF0028C0F297800E9B1C6CB369E364C1
:10C2100001210FA8EEF768FDC8229DF83C3003F518
:10C22000007302FB03F35B0AA4F88E3296F83730F2
:10C230006268C3F30213002A01F0DE81042B88BF79
:10C240003B46B2F8901098BFDB000B4304F5127721
:10C25000A2F89030314601223846FEF761F90028F5
:10C2600066DB0022314604F50C70FEF759F9002810
:10C270000E985EDB7B683A68C362B0F890308262E9
:10C2800043F48073A0F89030C3F3C203012BA0F8ED
:10C290002090ADF8403000F0108208222946FAF7CD
:10C2A000DFF8002844DB0E99002901F0DF81B1F8A6
:10C2B00090302846C3F3C203012B08BFB4F83232D2
:10C2C00001F1280108BF21F8063CFEF753F9844626
:10C2D0000E9FDFF894E0C4E99DCCCDE904E74A461F
:10C2E00007F13009CDF81890039707F12803B4F847
:10C2F000327201217FBABFB20297B4F84A720620A7
:10C300007FBABFB200950197FCF760FA00280FDBF7
:10C31000B4F84812E06C04F50D72F8F749F994F896
:10C320009932C4F85C8043F0080384F89932D1E66E
:10C330000E98FAF765F8B369002B00F0E587094815
:10C34000D3F89020D0F8881001320131C0F888105D
:10C35000C3F890203046FEF71DFB20E790AA01208D
:10C36000AC110220A8F7012045C00500BAF1000F6A
:10C3700026D01AF0040F23D0B369002B01F0788186
:10C38000D3F88820C0490132C3F8882094F8993244
:10C39000D1F8802043F010030132D80784F8993295
:10C3A000C1F8802003D57B7B142B00F067853046D5
:10C3B000FBF702FA6FF067030126002708939FE05E
:10C3C000B8F1050F3FD1FB89B4F88A225BBA9BB262
:10C3D000934228BF134604F5C8784046A4F88C322F
:10C3E000002B40F036810DF001FC002800F06A813E
:10C3F000D4F86032B4F88C2204F190019342099190
:10C4000004D2B4F890229342C0F04081002200236D
:10C4100004F190000DF040F894F87032013B0A2BC3
:10C4200001F28B81DFE813F044018F013701D6025E
:10C4300034039902470244011C0280020102B8F150
:10C44000050F00F06581F368304609933369A8F160
:10C4500005080893FBF78EFC96F83A2096F83610FC
:10C460003046114414314FEA8808FBF789FC4246F4
:10C47000282A28BF282229463046FBF799FC099B29
:10C480000028F360089B336194F8C83023F003035D
:10C4900084F8C830C0F22E81B8F1000F28DD2A469A
:10C4A00006E00A44A8EB0108B8F1000F40F326812A
:10C4B0001378002B00F02281012B66D0B8F1010F18
:10C4C00016D05178012913D9414511DC022B4CD0EB
:10C4D000032BE6D103290BD194F8C830A4F8C61079
:10C4E00043F002030332A8F1030884F8C830DBE705
:10C4F0003046FEF74FFA6FF06703012602270893D4
:10C50000D4F804A0BAF1000F01D0DAF830A0256DFC
:10C5100048460CF0BDFC04F1A809BAF1000F17D091
:10C5200004F51A7B10E00022002348460CF0B0FE10
:10C53000804668B10023414650461A460095F9F7F7
:10C5400019FD022800F08180DBE8AF3F002BEADC18
:10C55000002E3FF425AE94F87032012B7FF620AE0A
:10C5600020460899FEF750F81AE60429C0D15388EE
:10C57000A8F104085BBAA4F8C43094F8C8300432B7
:10C5800043F0010384F8C8308EE7013208F1FF3828
:10C590008AE700287FF4EBAD7B68D4F880221BBAD1
:10C5A000934260D1BAF1000F3FF449AF1AF0040F83
:10C5B0007FF4E2AEB8F1050F7FF445AF1AF0020F39
:10C5C00040F047841AF0100FD4F8742200F0A080D5
:10C5D0000AF0EF0B94F8703203F0FD01042900F02B
:10C5E0003584093B012B40F23184BB681BBA9A1A8F
:10C5F000002A08DBD4F87422D4F860120A449B1A8B
:10C60000002B7FF7E0AEB269002A00F04987D2F82C
:10C6100080101D4B0131C2F880109A6F01329A6769
:10C62000B269002A00F03787196F01311967936FDB
:10C6300001339367D4F87412D4F8643200220B44A7
:10C6400020461021FEF72EFCA6E54046FBF7B4F885
:10C6500063E70DF0BDFBCBE6BCF1000F03DB0B4441
:10C66000D31A002B9EDBBAF1000F3FF495AD1AF000
:10C67000040F7FF484AD1AF0010F03D11AF0100FEC
:10C680003FF48AADD6E700BFA8F7012004F190007F
:10C690000CF092FEC0E61BF0FF0206D0BB68D4F897
:10C6A00074121BBA8B4200F0A0843046FEF772F978
:10C6B000002302271E46089322E7D4F83432119350
:10C6C0000E98EAE54FF4004C014640F2E733B4F827
:10C6D0008E2284F89802ECFB02314FF47A721846ED
:10C6E000002314F025F902460B46B74841460DF0E9
:10C6F00009FB7DE6B8F1000F7FF7FAAE94F87032CF
:10C70000023B012B7FF65FAEBAF1000F7FF456AF0C
:10C71000B369002B00F0C486AC4A916F0131916778
:10C72000D3F880100131C3F88010B369002B00F0FA
:10C73000B286106F996F01300131106799674846D2
:10C740000CF0A6FB2BE55FFA8BF3022B7FF424ADF4
:10C75000E36D43B103F51B73D3E8EF1F0139C3E861
:10C76000E21F002AF8D194F8CE3040F2E73543F0CA
:10C77000010384F8CE307B68D4F874121BBAC4F875
:10C780007C327A680027D4F8803212BA01331A4416
:10C79000D4F86432C4F880220B443A461221204671
:10C7A000FEF780FB4FF400482846394694F8CE3017
:10C7B000B4F88E226FF3000384F8CE30D4F87432CC
:10C7C000E8FB020101334FF47A72C4F8743284F842
:10C7D0009672002314F0ACF802460B467A4804F532
:10C7E00098710DF08FFA28463946794B4FF47A72DA
:10C7F0001B6823EAE373C3FB0801002314F098F8D5
:10C8000002460B46704804F500710DF07BFA002ECD
:10C8100000F0E5833046FAF7CFFF4FF0040800231D
:10C8200084F870821E4608936AE60F9900293FF447
:10C830003FAF7A68D4F8803212BA9B1A9942FFF659
:10C8400037AFE36C002B00F026869A6F5F49013208
:10C850009A670B6F304601330B67FEF79BF827E7AB
:10C860000F9939B17A68D4F8803212BA9B1A99427A
:10C8700080F22483BB68D4F874221BBA93427FF4FD
:10C8800017AF04F598700DF0A3FA04F500700DF0E1
:10C890009FFA4FF4404200234B4804F5B0710DF06D
:10C8A00031FA002E00F051843046FAF785FF4FF040
:10C8B0000B080027B3E70F9B3BB17968D4F88022BF
:10C8C00009BA521A934200F370831BF0FF013FF440
:10C8D000EFAE7A6812BA1344D4F8802293427FF400
:10C8E000E7AEC9077FF5E4AED4F8803204F50070F6
:10C8F0000133C4F880320DF06BFA04F5B0714FF4D7
:10C900004042002330480DF0FDF910212046FEF78B
:10C91000CDFB002EC8D14FF00B08002384F87082A5
:10C920001F461E460893EBE5BB68D4F874221BBA79
:10C9300093427FF4BDAE04F598700DF049FA04F50A
:10C9400000700DF045FA002E00F0068400273046F6
:10C9500008970126FAF730FFD2E50F9D3DB17A68BE
:10C96000D4F8803212BA9B1A9D4200F3A782BB68AA
:10C97000D4F874221BBA934200F0F8821BF0FF0334
:10C980003FF496AE7A68D4F8801212BA2A448A42EA
:10C990007FF48EAEDB077FF58BAE0022D4F88032B9
:10C9A0000133C4F88032002A40F0B9844FF00908FE
:10C9B00010212046FEF77AFB002EAED03046FAF763
:10C9C000FBFE00272BE700BF58F80120A8F7012045
:10C9D000B4110220BB68D4F874221BBA93427FF4CE
:10C9E00067AE7B68D4F880221BBA93427FF460AEB6
:10C9F000E56D002D00F05E85EF6D6D6804F500704B
:10CA00000DF0E6F904F598700DF0E2F904F51A73EB
:10CA1000D3E8EF1F0131C3E8E21F002AF8D16268B2
:10CA2000002A00F04285B2F8903023F0060343F06C
:10CA30000403A2F89030002F00F00086D4F84812CA
:10CA40006368D4F84C229962DA62606800F12801C8
:10CA5000002D00F00B86B5F890306A68C3F3C2036E
:10CA6000022B00924FF0000314BF08221822B8478F
:10CA70002046FFF791FA0F9F002F40F0C685002E49
:10CA800000F0BF853046FAF797FE4FF00508C6E67E
:10CA90001BF0FF0307D07A68D4F8801212BA8A42DA
:10CAA00000F07A8200230A93D4F87432BA681946E7
:10CAB00012BA8A420893D4F8603200F0D88023B1C9
:10CAC000B4F88C32002B40F07E82D4F87432089394
:10CAD000BB68089A1BBAA3EB0208B8F1000F0B93CE
:10CAE000434640F3C280D4F86022904500F2D681DC
:10CAF000226904F1080A002A00F0D0810021108A7E
:10CB000052680144002AFAD18845CDE90C2300F28D
:10CB1000C5815046FBF72EF994F83F10504641F07E
:10CB2000010184F83F104146FBF7BEFA5046FAF780
:10CB300001FF0C9A0D9B84F8972294F8C82012F0FC
:10CB4000010F00F04F82B4F8C4202046CDE90C322A
:10CB5000B4F890A2FEF786F90D9A0C9B904240F330
:10CB60002B8594F8C820D00740F11E85B4F8C42066
:10CB700090450ED320460C92FEF774F90C9A904221
:10CB800040F3838494F8C830DA0740F17A84B4F82B
:10CB9000C430B4F89422002A40F0AD83B4F8902257
:10CBA000B4F8921291429EBF03FB032303F1FF33BB
:10CBB00093FBF2F34FF6FF7253449342A8BF134620
:10CBC0009BB2089A0B99D4F86402511AD4F86022E7
:10CBD00080450A448CBF00210918C4F86412B4F8D7
:10CBE0008C12A4F890328A42C4F8602204D29A428D
:10CBF00002D209980CF0E0FBD4F874324344C4F834
:10CC00007432E36C002B00F0E7841A6F01321A676C
:10CC1000C04A94F87112936E012903F101039366DF
:10CC200000F0A284002384F87132D4F86032002B23
:10CC300040F0888494F899329A0700F14C84204699
:10CC4000FFF79AF8031E0893C0F23784D4F86032D5
:10CC5000B4F88C22934203D2B4F89022934204D3C6
:10CC60000022002309980CF017FC0F9B10E0002B0A
:10CC700000F079810F9B002B00F0738294F87122F1
:10CC8000002A00F09882B4F88C22002A40F09B81A0
:10CC90007D68D4F880222DBA954200F05F81521B46
:10CCA000002A089240F39682B268002B40F08B82F3
:10CCB0009A461D4608937AB10025DDF82080118A36
:10CCC00052680D44002AFAD19D42CDF82080C0F070
:10CCD0003981984500F23681EB1A0B936368E06C5A
:10CCE000002B00F0C38440F6CD474FF00008B3F8A6
:10CCF00090200421CDE900780623C2F3C202FAF79E
:10CD0000FDFF0746002800F01D813046FBF732F892
:10CD1000314638460B9AFBF765F80028C0F20F81C0
:10CD2000B368A5EB0A05002B00F0A1830022DDF813
:10CD30002080198A5B680A44002BFAD1CDF8208044
:10CD4000954200F2FC803046FBF714F896F8373035
:10CD5000294643F0010386F837303046FBF7A4F943
:10CD60003046FAF7E7FDB1683846FAF7EFFF0023DF
:10CD7000BA683046B260BB60FAF7FCFF3046FDF798
:10CD80002BFB436808991BBA0B441BBA4360384617
:10CD9000FAF712FD1BF0FF05CDF83CA000F0A682CB
:10CDA0002F0740F1A38201250F9B002B00F09C82EE
:10CDB000314620460FAAFEF753FFE36C0746002BCF
:10CDC00000F00A841A6F534901321A678A6ED4F848
:10CDD000803201328A660F9A1344C4F880320A9B6B
:10CDE00073B92046FEF74AFE04F5E07110B9002D34
:10CDF00040F03F8340F6CD42002347480CF028FF27
:10CE0000002F08BF0026D4F86032002B00F091817B
:10CE1000B4F88C229A4276D9B4F890229A4272D908
:10CE200009980CF0C9FA0A9B002B40F02C81002EC7
:10CE300000F05582002F40F052823046FAF7BCFCD9
:10CE400000231F461E460893FFF75ABB013AFFF71F
:10CE5000CCBBE36C002B00F01E839A6F2D4901328E
:10CE60009A676FF0670308930B6F304601330B67C7
:10CE70000126FDF78FFD0227FFF742BBBB68D4F800
:10CE800074221BBA934249D13046FAF795FC6FF0F1
:10CE90006E03012600270893FFF732BBE36C002BDB
:10CEA00000F0F9829A6F1B4901329A670B6F304686
:10CEB00001330B67FDF76EFDFFF71DBBE36C002B25
:10CEC00000F0E9829A6F134901329A670B6F04F5FB
:10CED000987001330B670CF07BFF04F500700CF0C9
:10CEE00077FF4FF4404200230B4804F5B0710CF07B
:10CEF00009FF3046FDF74EFD002E00F021814FF076
:10CF00000B0802278BE40022002309980CF0C4FAD6
:10CF100089E700BFA8F7012058F80120B369002B6A
:10CF200000F0AB83C86FD3F8842001300132C867AA
:10CF3000C3F8842048460BF0ABFFFFF730B9384602
:10CF4000FAF73AFCD4F87422D4F86432102113446E
:10CF500020460022FDF7A6FF002754E7002B40F0F3
:10CF6000AB8100274FE784F89732B1E504F598705C
:10CF70000CF02EFF1BF0FF0207D07B68D4F8801264
:10CF80001BBA2B448B4200F0C4813046FAF714FCE4
:10CF9000072384F8703253E713F0010200F0A881F0
:10CFA00003F0FE0B01230A937EE5E36C002B00F0F7
:10CFB00072829A6FC34901329A670B6F04F5007051
:10CFC00001330B678BE704F598700CF00FFE002817
:10CFD0007FF47BAD40F6DC41BB48E5F705FD4FF043
:10CFE00004089AE44FF40672AFE512F0120F3FF412
:10CFF0005CAB04F598700CF0EBFE7B681BBAC4F8D0
:10D000007C327A68D4F8803212BA01331344C4F8FF
:10D0100080320F9F002F40F0FD816268002A00F0EF
:10D020004482B2F89030204623F0060343F0040314
:10D03000A2F89030FEF7B0FF10212046FEF736F838
:10D04000002E00F0E381002F40F0E0813046FAF737
:10D05000B3FB052384F8703294F89932256E6FF390
:10D06000000384F899322DB1606800214268A84716
:10D0700000232366002304F178001E4608930CF079
:10D080009BF9FFF73DBA002540F2E73BD4F8803228
:10D09000D4F874220133C4F88032D4F864321121F8
:10D0A000134420462A46FDF7FDFE4FF4004A584639
:10D0B0002946D4F87432B4F88E220133EAFB020117
:10D0C000C4F874324FF47A72002384F8965213F045
:10D0D0002FFC04F5007802460B467C4804F5987155
:10D0E0000CF010FE40467A490CF066FD5846294681
:10D0F000784B4FF47A721B6823EAE373C3FB0A018F
:10D10000002313F015FC02460B46704841460CF014
:10D11000F9FD002E00F0E080002F40F0DD80304669
:10D12000FAF74AFB0A233E46089784F87032FFF765
:10D13000E7B904F598700CF04BFED4F8603267E65E
:10D140000B2384F87032FFF7B3BA0B2337460896E7
:10D1500084F87032FFF7D4B9374608960126FFF7F6
:10D16000CFB994F8973294F8C820032B28BF032333
:10D170000133D107204684F8973254BF4FF4067A22
:10D18000B4F8C4A0B4F89082FDF76CFE504540F3AB
:10D19000D98094F8C830DA0740F1D180B4F8C430AF
:10D1A00098444FF6FF739845A8BF984694F871329B
:10D1B000A4F8908223B994F89732032B00F0C7802B
:10D1C000D4F860327BE40899A3EB010A002A7FF4CB
:10D1D00073ADB7E6002B63D0B068002867D0024675
:10D1E0000021178A52683944002AFAD1CF1A018ADD
:10D1F00040680A440028FAD19742089357D830462D
:10D20000FAF7B8FD96F83720394642F0010286F861
:10D2100037203046FAF748FF3046FAF78BFBB26802
:10D22000089B118A9561526829442AB1108A91613C
:10D2300052680144002AF9D1A06C002800F0F9805E
:10D2400007464FF0000C8269891A3A8A7F68944435
:10D25000002FFAD18C4540F24582994227D200290D
:10D2600040F03C82A16CB068EDF7F0FAB368A364BB
:10D27000A06C002800F0DF8003460125826903E0EE
:10D280009A69914218BF0025198A5B681144002BE6
:10D29000F6D1002D40F0CF80EDF768FAA564CAE022
:10D2A0001BF0FF033FF45DAEDD077FF55AAE1021A2
:10D2B0002046FDF7FBFE54E61BF0FF053FF478AD7A
:10D2C0006EE500BFA8F70120B001080058F8012062
:10D2D000ADA60500B41102200A2384F870320023A1
:10D2E0001E460893FFF70CB902278CE500255BE585
:10D2F0000A92FFF7D9BB9045C0F073810023A4F8D0
:10D300009432B4F892325CE44FF4A271D248E5F75B
:10D310006BFBD0077FF539AE0122FFF73FBB04F569
:10D3200000700CF055FD4FF440420023CB4804F54B
:10D33000B0710CF0E7FC4FF00B08FFF739BB4FF46E
:10D3400006732DE72046FDF78DFD034628E70023F1
:10D35000D4F864822046C4F86432FEF761F9B4F868
:10D360009432C4F86482002B3ED194F8C830204631
:10D37000DB0754BF4FF40678B4F8C480FDF772FDA4
:10D38000404540F39481D4F8642294F8C81002EB2D
:10D39000D273C8074FEA630340F19981B4F8C420FF
:10D3A000B3EB420FC0F274819BB2CA072046A4F8C7
:10D3B000923254BF4FF40678B4F8C480FDF752FDA2
:10D3C00040454DDD94F8C830DB0746D5B4F8C4308D
:10D3D00003EB43039BB2B4F892221344A4F89032B7
:10D3E000D4F86432A4F89432D4F86032B4F88C22C1
:10D3F000934204D2B4F890229342FFF460AB00222F
:10D40000002304F190000CF047F8D9E6052384F8D6
:10D41000703221E631460FAA2046FEF721FCD4F8EF
:10D4200080320F9A071E134408BF0026C4F88032CA
:10D43000F3E5B368A364002304F580752846B36060
:10D440000CF0D4FB00287FF432AF29464FF4803231
:10D45000002382480CF056FC29E74FF4C963BAE771
:10D460002046FDF7FFFC00EB400083B2B3E71A460D
:10D4700066E408460CF0ACFC10212046FDF716FED1
:10D48000BEE44FF40673FFF784BB2046FDF7EAFCC9
:10D490000346FFF77EBB4FF49D716F48E5F7A4FA92
:10D4A00040F253116C48E5F79FFA40F239216C487D
:10D4B000E5F79AFA2F46FFF7A1BA69333FF4C6ABF6
:10D4C0003046FDF767FA16B13046FAF775F90126CE
:10D4D0000027FFF715B80A9B04F50075002B55D0FF
:10D4E000D4F88032284601335E49C4F880320CF00B
:10D4F00063FB4FF4004240F2E73000214FF00A088E
:10D50000594B1B6823EAE373C3FB02014FF47A72A1
:10D51000002313F00DFA0B46024629464F480CF043
:10D52000F1FB20461121FDF7C1FDD4F874322046ED
:10D530000133C4F87432FCF7BFFE002E7FF43EAA1C
:10D54000FFF7EBB92046FCF7B7FE94F899329B073A
:10D5500003D5D4F86032002BBDD094F87132012B82
:10D560007FF46DABFFF772BB0023C4F8643228462A
:10D57000EDF7BAFBC8229DF8403003F5007302FBBB
:10D5800003F35B0AA4F88E32FFF74CBB4FF4004262
:10D5900040F2E730344B0A991B684FF0060823EA43
:10D5A000E373C3FB0201B1E7B8F5067FFFF4F1AA0C
:10D5B0004FF40672FFF7DEBA20460C93FDF752FCDB
:10D5C00080450C9BFFF4E5AA94F8C830D907EFD545
:10D5D000B4F8C420FFF7CEBA40F235111E48E5F783
:10D5E00003FAB4F890321FFA88F1521A5B1AA4F8C1
:10D5F00094229BB2FFF7E5BA40F25F211848E5F7A5
:10D60000F3F94FF00508FFF788B90FAA3146204615
:10D61000FEF726FBD4F880320F9A0746134498B9D8
:10D6200010212046C4F88032FDF740FD002205237A
:10D630001646089284F87032FEF762BF3946606879
:10D64000FDF7F2FEFFF734B810212046C4F880320F
:10D65000FDF72CFDEAE700BFD4FF070058F80120D2
:10D6600004B30700ADA60500B4110220FCF7ACFE20
:10D6700040F23F113348E5F7B7F94FF4AC71314848
:10D68000E5F7B2F994F8C830DB0724D5B4F8C42024
:10D6900090462046FDF7E6FB404539DD94F8C8107A
:10D6A000C80732D5B4F8C4305B009BB27DE6204693
:10D6B000FDF7D8FBD4F86422410002EBD272B1EB43
:10D6C000620F4FEA6203DDDC94F8C8106CE6B2F535
:10D6D000066FBFF669AE4FF40678DAE73046FAF720
:10D6E00047F9BFE50893EDF787F88269089B521B5D
:10D6F000018A9A42114413D299423FF6D8ADA06CE8
:10D70000EDF734F8B368A364B2E54FF486634CE6F2
:10D710002046FDF7A7FB430094F8C8109BB244E6EF
:10D720009942BFF4C4AD19B1A06C0C30EDF728F9E3
:10D73000B168A06CEDF78AF89AE540F626610248D8
:10D74000E5F752F9D4FF0700B00108002DE9F041D8
:10D75000A0B3056C6DB30C4617461E4605F1640870
:10D760004FF0FF3240464FF0FF330BF0E1FA012C4F
:10D770000AD0023C032C12D86FF06C0440460BF028
:10D7800087FB2046BDE8F081042E0FD13B68012BBA
:10D790000CD895F8992263F3820285F89922002427
:10D7A00040460BF075FB2046BDE8F0816FF0150494
:10D7B000E4E741F23A210448E5F716F941F236214F
:10D7C0000148E5F711F900BFB00108002DE9F0416B
:10D7D00078B3056C45B30C4690461F4605F16406C8
:10D7E0004FF0FF3230464FF0FF330BF0A1FA012C1F
:10D7F0000AD0023C032C10D86FF06C0430460BF0BA
:10D8000047FB2046BDE8F08195F89932C3F38003C9
:10D81000C8F800300FB104233B60002430460BF001
:10D8200037FB2046BDE8F08141F25F210348E5F770
:10D83000DBF841F25B210148E5F7D6F8B0010800BA
:10D840000B2808B504D8054B53F82000043008BD58
:10D8500040F223410248E5F7C7F800BF98020800EC
:10D86000B0010800006C9030704700BF006C783049
:10D87000704700BF01460148FDF7BCBA89B50500F5
:10D8800010B5002482B06FF00D034FF480620C4994
:10D890000C4800940CF036F909212246C8230139BE
:10D8A0001A4403EB6303FAD1074BC83202EB62025E
:10D8B0001A600649034802B0BDE810400CF06ABB8C
:10D8C000B826022058F80120B4110220D80108001F
:10D8D000F0B5082785B00D460DEB07010646144646
:10D8E000CDF808D00397FAF795FC58B1034600220B
:10D8F00030460DEB07011D805C805A60FAF7B0FCE2
:10D9000005B0F0BD6FF06800FAE700BF0823F0B57E
:10D9100085B00D4603930DEB030190F83730204F8F
:10D92000204AC3F302130446022B08BF1746CDF862
:10D9300008D0FAF76FFC78B3A36806463BB1002223
:10D94000B3F810C05B686244002BF9D193B294F82D
:10D950003A0094F83620394602449B1A5BBAB380E9
:10D96000A069F7F703F930B92DB9204602A9FAF7F3
:10D9700077FC05B0F0BD11212046F8F729F84FF6E5
:10D98000FF73002818BF0346F38094F8383043F043
:10D99000080384F83830E8E76FF06800E9E700BF73
:10D9A0000100400000044000F8B590F83730284DE1
:10D9B000284AC3F3021304460F46022B08BF15463C
:10D9C000FAF728FC30B3064639462046FAF748FCF9
:10D9D0000246F8B9B188A36849BA89B253B3B3F81B
:10D9E00010C05B686244002BF9D194F83A0094F8B7
:10D9F00036300344D21A9142A0690CD12946F7F778
:10DA0000B9F8A8B1F388BBB994F83730C3F302135F
:10DA1000012B0DD0A069B0B100260F49D0F8A43079
:10DA2000D1F89C2001330132C1F89C20C0F8A43009
:10DA30003046F8BD1A46D8E711212046F7F7C8FF4F
:10DA40000028F5D0E6E74FF487710448E4F7CCFFEF
:10DA50000100400000044000A8F70120D4FF0700A7
:10DA60000023024600B50B6018461368D2F804E0A4
:10DA7000C0EBC00C734500F1010017D21B7803F016
:10DA80007F0303FA0CF3D1F800C063440B60136802
:10DA90009C46013313609CF900C0BCF1000F09DA09
:10DAA0000428E3D16FF015005DF804FB6FF00A0065
:10DAB0005DF804FB0B68B3F1805F28BF6FF01500C1
:10DAC0005DF804FB08B58E461146D0E9003293425A
:10DAD00009D013F8012B8EF800200360FFF7C0FF78
:10DAE00000EAE07008BD6FF0150008BD30B4D1E960
:10DAF00000359D4214D01C4614F801CBA5420C60A1
:10DB00000ED05C7802330B60547090F86630032BB3
:10DB100003D00CF0010C82F800C0002030BC70472C
:10DB20006FF01500FAE700BF30B4029C480094F88B
:10DB300016C000F002002CF0030C40EA0C00C1F308
:10DB40004101A0752172D3E90010451A012D2AD98F
:10DB500031F8025B401A196069BA89B2884222DB47
:10DB6000616065B9207A256088B9023191421AD87E
:10DB700000231846521A2261E36030BC70471868CF
:10DB8000014420601960207A61680028EDD0D3E953
:10DB900000052D1A012D06D930F8025B04316DBA4B
:10DBA000A5821860E2E76FF01500E6E7D1E90030E2
:10DBB000C01A012808D933F802CB00209CFA9CFC3B
:10DBC000A2F800C00B6070476FF01500704700BFEF
:10DBD000D1E90030C01A012808D933F802CB00205F
:10DBE0009CFA9CFCA2F800C00B6070476FF0150017
:10DBF000704700BFD1E90030C01A012808D933F8B6
:10DC000002CB00209CFA9CFCA2F800C00B6070477D
:10DC10006FF01500704700BFD1E90030C01A01282D
:10DC200008D933F802CB00209CFA9CFCA2F800C073
:10DC30000B6070476FF01500704700BFD1E90030EE
:10DC4000C01A012811D933F8020B40BA1080486875
:10DC50000B60C31A936013B90020536070470868C3
:10DC60000344506000200B6070476FF01500704750
:10DC7000D1E90030C01A012804D933F8020B40BAA8
:10DC800010800B600020704738B542680546D1E926
:10DC900000030C461B1A911C8B4211D3012B91B22D
:10DCA00005D9090A01704270023020606A6829684B
:10DCB00019F044FB23686A6800201344236038BDD0
:10DCC0006FF00B0038BD00BF136870B5A3EB010EF9
:10DCD000BEF1805F36D2044600237046C00903F1CE
:10DCE0000103FBD1013303F0FF0C5368A1EB0C05DA
:10DCF000AB421560CCF1000C1ED001F80C4051680D
:10DD00006B1C8B42136017D20EF07F035FEADE11AB
:10DD10006B700FD0146801F07F05237863F07F03E8
:10DD2000237014685668631C9E42136004D9C909A5
:10DD30006570EFD11368013303EB0C017344C2E942
:10DD4000001370BD6FF0790070BD00BF2DE9F04782
:10DD500005463C4B90F866003B4A95F868700328EE
:10DD600014BF104618460B680C4603F10508C1F8AD
:10DD70000080C7F34007FFF787FF002857D1D4E999
:10DD80000063B34295F866204FD0334603F8012B69
:10DD9000626823609A4248D070706368B21C226047
:10DDA0009A1A012AB5F864303FD9F3701B0AB37090
:10DDB000331D2146236005F13400FFF765FFB0BB3A
:10DDC000A86C7F00C8B195F86890214690F808A02B
:10DDD00009F00109FFF758FF48BBE86C48B321463A
:10DDE000FFF752FF18BB47F004074FEACA0A47EA99
:10DDF00049170AF0180A47EA0A07286C28B1214691
:10DE0000FFF742FF98B947F08007686C28B12146B8
:10DE1000FFF73AFF58B947F040077770224641466E
:10DE2000BDE8F0471020FFF74FBF6FF00B00BDE8D3
:10DE3000F087D4E90032D21A012AF6D923F8020B6E
:10DE40002360D0E7E4020800DC0208002DE9F84373
:10DE500091F816900D7A09F001080E461446C9F3A0
:10DE600040090DB18B8A6BB32768214605373046D0
:10DE70002760FFF709FF18BB327A23684AB162684E
:10DE8000D11A0129B28A20D95A70120A1A700233A3
:10DE90002360680000F00600326940EA090040EAA9
:10DEA000C800134440F030003946224600F03F00DD
:10DEB0002360FFF709FF18B9636832699B1A636032
:10DEC000BDE8F8836FF01500FAE76FF00B00F7E795
:10DED000D0E90031C91A0129024606D904490020B7
:10DEE000098823F8021B536070476FF00B007047DE
:10DEF000C802080070B50D4649682B68CB1A9342DA
:10DF00001CD2D41A01EB040CD0E9152313449C4510
:10DF1000064615D8944513D30023224600F02EFA66
:10DF200000280CDB0FD0F36984420344F3616B6873
:10DF300003446B6088BF6FF00A0000D8002070BDFA
:10DF40006FF00B0070BD6FF07F0070BD70B5436D5A
:10DF5000C1698EB01944022205461C4604930591FE
:10DF600019E000F0C180EA69059B22442344A642DF
:10DF7000EA6105935ED86C6D03AA0DF10B0104A84C
:10DF80000494FFF79FFD10F10B0F04461ED1DDE94D
:10DF9000043101226C6DCB1AD61A9A4201EB0600AD
:10DFA000EAD9AB6D2344984200F29980A042C0F0B8
:10DFB000968000233246284600F0E0F9041ED0DAAD
:10DFC00014F10B0F36D020460EB070BD0028FADBDE
:10DFD0009DF80B6006F0F003302B69D02846039AB9
:10DFE00004A9FFF787FF0446002CE9DB9DF80B40EE
:10DFF0002022002106A8039E19F0ACF904F0F003DA
:10E00000602B74D02ED8402B7CD017D9502B0FD139
:10E010000423284604A907AA8DF81830FFF7D8FD75
:10E0200004460D90284606A900F020FA002CCADB11
:10E030000023EB61002420460EB070BD202B6CD075
:10E04000302BF5D102208DF8180007A8214604AB2B
:10E05000009032462846FFF767FD0B9B04462B6273
:10E060000D90DFE7B02B6DD013D9D02BE0D195F90F
:10E0700067300922002BD2BF002303F1FF335BB2CC
:10E08000284606A985F867308DF8182000F0EEF9CB
:10E09000CEE7702B61D0902BCAD10723284604A964
:10E0A00007AA8DF81830FFF7C9FD04460D94B9E7AB
:10E0B0000222284604A9FFF71DFF041E80DB049BF3
:10E0C00016F0060F1B8828465BBA9BB20CBF9A1C41
:10E0D0001A1D04A9FFF70EFF00EAE07484E76FF051
:10E0E0000B0420460EB070BD6FF07F046BE7052374
:10E0F000284604A907AA8DF81830FFF77BFD0446CF
:10E100000D908FE70323284604A907AA8DF818303D
:10E11000FFF74CFD04460D9084E7284604A907AAA2
:10E12000FFF7E4FC04460028C0D19DF81D30FBB980
:10E13000AB69284643F0040306A9AB610D9400F0D7
:10E1400095F975E70823284604A907AA8DF8183021
:10E15000FFF78EFD04460D9064E70623284604A9C8
:10E1600007AA8DF81830FFF757FD04460D9059E7C0
:10E17000284606A96FF06E040D9300F077F922E7A8
:10E18000F0B5C66B044685B0308806220121ECF755
:10E19000B9FD0028E06228DBA26A0546A2B1164953
:10E1A00002AB03C983E8030011461846072219F0A1
:10E1B0009EF9034608272846192201210097ECF70B
:10E1C0006FFF00280EDBE56A3388E16B012B0CBF83
:10E1D000082218222846ECF739FE002802DB00202E
:10E1E00005B0F0BDE06AECF7D5FD19F0B9FB034BC3
:10E1F0001858404205B0F0BD508407000C000000E4
:10E2000012B32DE9F04100240746884615462646FC
:10E2100082B001E0A54213D9F86A00232A1B08EB5B
:10E220000401CDE90066ECF76BFE00280444F1DA46
:10E2300019F096FB054B1858404202B0BDE8F0813A
:10E24000002002B0BDE8F081002070470C00000003
:10E250002DE9F0410C46C968002936D007464FF039
:10E260000008A36803EBC1015A680833994290443F
:10E27000FAD1B8F1000F28D000263546F86A0022FE
:10E280002146ECF771FEB0F1000C21DB66444645F7
:10E290001BD2E368002BF1D0002206E05D60E3684A
:10E2A00001329342ACEB010CE8D9A36803EBC20343
:10E2B00059686145F2D9A1EB0C015960A16851F888
:10E2C0003230634441F83230D8E70020BDE8F081B5
:10E2D00019F046FB024B18584042BDE8F08100BFE0
:10E2E0000C00000010B5C06A82B0002483F0010366
:10E2F000CDE900449B01ECF765FE002801DB02B08C
:10E3000010BD19F02DFB024B1858404202B010BD51
:10E310000C00000008B5C06AECF73CFD002801DBEA
:10E32000002008BD19F01CFB014B1858404208BDE5
:10E330000C00000090F82430024A03EB830352F8EB
:10E3400023301847EC02080010B490F82430044C35
:10E3500003EB830304EB8304636810BC184700BF1E
:10E36000EC02080090F82430034A03EB830302EB2D
:10E3700083029368184700BFEC02080010B490F8BD
:10E3800024C0044C0CEB8C0C04EB8C04E468A44615
:10E3900010BC6047EC02080090F82430034A03EBFD
:10E3A000830302EB83021369184700BFEC020800E5
:10E3B0000023012210B588B00093CDE90133CDE9E7
:10E3C0000333CDE90533036D07918DF800207BB150
:10E3D00004460AF05DFD68B969462046236D9847FA
:10E3E0004FF0FF324FF0FF3320460AF0A1FC28B96E
:10E3F00008B010BD3D210348E4F7F6FA3321014887
:10E40000E4F7F2FA1403080038B50446FFF79CFF5E
:10E41000051E1DDB0DF070FD00254FEA401C4A0172
:10E42000BCEB000C42EAD06262EB01024FEA8C03C3
:10E4300092001B1842EA9C7241EB0201C90041EABA
:10E440005371C3F3103343EA41436361284638BD37
:10E450002046FFF7A1FF0023204629466361A36100
:10E46000E3612362FFF7A4FF284638BD38B5036D8A
:10E4700083B104460D460AF00BFD80B929462046BB
:10E48000236D98474FF0FF324FF0FF3320460AF0DC
:10E490004FFC00B938BD33210348E4F7A5FA3D210C
:10E4A0000148E4F7A1FA00BF14030800A8B110B5B1
:10E4B00070220021044618F04DFF20460AF030FC7F
:10E4C00004213C2294F8683084F866106FF341030D
:10E4D00084F86830A4F8642010BD704770B582B02D
:10E4E000002861D0436B0446002B5DD04FF0FF3213
:10E4F0004FF0FF330AF01CFC0646002857D1E36DAD
:10E50000002B3FD0636D002B3CD02046FFF712FF5D
:10E51000051E39DBD4E91702314618F01BFFD4E998
:10E520001703A269034442F00202CDE900036946E1
:10E530002046A261FFF70AFC051E31DBDDE900126F
:10E540002046521AFFF700FF051E29DB0DF0D4FC10
:10E5500035464B0184F867604601361A43EAD063BA
:10E5600063EB0103B2009B00121843EA967341EB80
:10E570000301CB0043EA5273C2F3103242EA434232
:10E58000626106E06FF00B0500236361A361E36144
:10E59000236220460AF07CFC68B9284602B070BDB0
:10E5A0002046FFF7F9FEEFE76FF01505F5E7332199
:10E5B0000348E4F719FA3D210148E4F715FA00BFD2
:10E5C00014030800F0B58FB0002864D00F4600296E
:10E5D00061D004464FF0FF324FF0FF330AF0A8FB42
:10E5E0000546002861D10146D4E9170218F0B2FEB1
:10E5F000D4E9173201931344A269029353074DD50E
:10E600003946204601AAFFF721FC061E30DBDDE972
:10E6100001239B1A049302230392FA682046059271
:10E620003A6907A9069203AACDE90755CDE90B552A
:10E6300009920D950A93FFF795FE061E1FDB0DF05C
:10E640005BFC2E464A0145012D1A42EAD06262EB7C
:10E650000102AB0092001B1842EA957241EB0201E5
:10E66000C90041EA5371C3F3103343EA4143636184
:10E6700020460AF00DFCA0B930460FB0F0BD204690
:10E68000FFF78AFE314620466561A561E561256296
:10E69000FFF78EFEECE76FF01506EDE76FF07F06F3
:10E6A000E6E73D210348E4F79FF933210148E4F709
:10E6B0009BF900BF1403080030B583B088B304464B
:10E6C0004FF0FF324FF0FF330AF032FB014658BBE8
:10E6D000D4E9170218F03EFED4E91723A1691344C8
:10E6E000CDE900234B0719D56846FFF7F1FB051E5E
:10E6F0000DDBDDE900122046521AFFF785FE94F982
:10E70000673005467F2B02D0013384F867302046FE
:10E710000AF0BEFB60B9284603B030BD6FF07F053C
:10E72000F5E76FF01505F6E733210348E4F75CF9E8
:10E730003D210148E4F758F914030800E8B138B561
:10E7400004464FF0FF324FF0FF330AF0F1FA05466E
:10E75000B0B9A36923B920460AF09AFBA0B938BD25
:10E760002046FFF719FE6FF0700120466561A56134
:10E77000E5612562FFF71CFEEDE76FF015007047BD
:10E7800033210348E4F730F93D210148E4F72CF93F
:10E790001403080038B5002843D004464FF0FF3278
:10E7A0004FF0FF330AF0C4FA00283DD165690DF03F
:10E7B000A3FB4A014FEA401CBCEB000C42EAD062CA
:10E7C00062EB01024FEA8C0392001B1842EA9C7232
:10E7D00041EB0201C90041EA5371C3F3103343EA2C
:10E7E00041435B1B02D4B4F864203AB920460AF0D6
:10E7F0004FFB90B96FF00A05284638BD4FF47A7187
:10E8000001FB02F29A42F1D82046FFF755FF054678
:10E8100020460AF03DFB0028EED03D210448E4F7F5
:10E82000E3F86FF01505E7E733210148E4F7DCF87A
:10E830001403080070B528B304464FF0FF324FF0C0
:10E84000FF330AF075FA38BBA3699B0707D46FF052
:10E850007F0520460AF01CFBD0B9284670BD266A09
:10E860009EB92046FFF772FB051EF2DA2046FFF73D
:10E8700093FD294620466661A661E6612662FFF7A0
:10E8800097FDE6E76FF01505E7E76FF00F05E0E7A6
:10E890003D210348E4F7A8F833210148E4F7A4F840
:10E8A0001403080007498B4208BF022A00D07047B2
:10E8B00008B505480AF042FEBDE8084003480AF0E2
:10E8C0007BBD00BF000010D004AB012034AB0120A1
:10E8D0000B6803B1704730B1036823B10C33D3E840
:10E8E000AF3F1B07F6D40860704700BF2DE9F04F1B
:10E8F0001F467C4985B081FB0731FB17C3EBA103A1
:10E9000015460193002800F0CC808046D8F80030EE
:10E9100023B30C33D3E8AF3F190700F1DF80002F9A
:10E9200019DB40F0C7803C46D8F80030E3B10C3327
:10E93000D3E8AF3FDA0717D5D8F80030A3B10C33CE
:10E94000D3E8AF3FDB050FD567480AF0F7FD67480E
:10E950000AF032FD44E04FF0FF34E5E7002FC0F24B
:10E96000AB8000F0B9800A24661E02226048614B29
:10E970004360614BC0E90423F7F75AF94FF0FF32C7
:10E98000012159480AF004FD002C25DD4FF4004315
:10E9900040F2E7300021019ADFF84C9122EAE2725E
:10E9A000C2FB03014FF47A72002311F0C1FF8246CB
:10E9B0008B460DE04D4852465B460AF06DFD10B1A6
:10E9C000D9F8083043B1002E06F1FF3405DD2646A4
:10E9D000D9F80830002BEDD134464548F7F76EF9E9
:10E9E0000120464902AAF6F779FD00BB034603223F
:10E9F000404602A9F5F76EFA0120414903AAF6F74D
:10EA00006DFD002862D001203E4902AAF6F766FD9E
:10EA1000002856D0DFF8F080D8E8EF3F43F0040339
:10EA2000C8E8E23F002AF7D130480AF0C5FC002FC1
:10EA300001DD002C52DB4FF4004340F2E7300021AF
:10EA4000019ADFF8C48022EAE272C2FB03014FF4AC
:10EA50007A72002311F06CFFDFF890B0824689468D
:10EA600007E0002C12DD52464B4658460AF014FDD2
:10EA70003446D8E8AF6F35EA060604F1FF36F0D128
:10EA8000013406D0002005B0BDE8F08F34460134D3
:10EA9000F8D1002FD4BF00206FF0730005B0BDE89F
:10EAA000F08FF4F72FFF804600287FF42FAF6FF030
:10EAB0000100E8E70A2437E76FF001064FF0FF3462
:10EAC00053E7404602A9F5F7E1F9A3E7404603AA58
:10EAD00002A9F5F799F996E73C4645E76FF0720011
:10EAE000D1E700BF6766666604AB012034AB012046
:10EAF00040F90120A5E80500000010D048030800F7
:10EB00005803080068030800B8110220002300B56C
:10EB100083B0084801A90193F6F746F8019828B197
:10EB200042F2107304220449FFF7E0FE002003B014
:10EB30005DF804FBD1E805007803080070B50022F9
:10EB400088B0002300244FF0FF360B4DCDE906239B
:10EB500028464FF40072CDE90364CDE90144074B28
:10EB6000074900940BF028FB064928460BF012FADF
:10EB7000204608B070BD00BF58F9012089EB0500A0
:10EB8000B82A0220900308002DE9F04F85B04FF01D
:10EB9000FF324FF0FF3380480AF0CAF800F01CFE45
:10EBA00000F074FA00217D48F5F7FEFF7A480AF07C
:10EBB0006FF97B4E4FF0FF324FF0FF3379480AF088
:10EBC0006BFC4FF0FF324FF0FF3373480AF0B0F8A0
:10EBD0003488002C00F0A08014F00600C4F340310B
:10EBE0004FEAD438C4F3803904F0040704F0010577
:10EBF00004F0800275D0002D61D0002A5ED114F09F
:10EC000002037AD00125002F40F0A680BB462C4697
:10EC1000AA460295A14259D00120F4F7BFFDD04584
:10EC2000039057D00120F4F7B9FDB945804655D07F
:10EC30000120F4F7B3FD81463188C1F30C010CB11A
:10EC400041F400510FB141F480413180BAF1000F1D
:10EC500004D06FEA41416FEA51413180524B029A30
:10EC60001B8893420AD0002A5DD0002B00F08580DB
:10EC70004D4B029A1A804D4B039A1A604C4B1B88DD
:10EC80005B450AD0BBF1000F55D0002B7CD0484B20
:10EC9000A3F800B0474BC3F80090474B1B88AB422A
:10ECA00008D0002D50D0002B60D0434B1D80434B2B
:10ECB000C3F8008038480AF0EBF87BE700252C46C3
:10ECC0002F46AA46AB460295A142A5D10023D045C6
:10ECD0000393A7D1B9454FF00008A9D14FF000091F
:10ECE000AAE7002DEBD0002FE8D072B915461446E4
:10ECF000924602920127BB468CE78FBB01233D461B
:10ED00001C46BA46BB46029384E705462C462F466E
:10ED1000AA46AB460295D7E7A046A3462546A1469C
:10ED2000029403949AE7134600920220039A24491E
:10ED3000F7F740F89CE75B464A4608202049CDF8A3
:10ED400000B0F7F737F8A2E72B46424620201C49CF
:10ED50000095F7F72FF8A8E72C46AA460295C9E7D1
:10ED60001D460123AA461C460293C3E742461020D3
:10ED700013490093F7F71EF897E70120039A10490B
:10ED80000093F7F717F873E74A4604200C490093FD
:10ED9000F7F710F87BE700BF04AA0120C5ED0500D6
:10EDA000C8110220ECAA0120A4130220C4110220E1
:10EDB000A2130220C0110220A0130220BC110220C5
:10EDC000000050F038B50446F5F7D8FE451E4FF068
:10EDD000FF324FF0FF33164809F0AAFF34B1236821
:10EDE00023B10C33D3E8AF3FDA0710D4012120461A
:10EDF000F4F7B4FE30B10F4A32F8153043F0040393
:10EE000022F815300A48BDE838400AF041B82368B6
:10EE1000002BEBD00C33D3E8AF3FDB05E6D5054A3A
:10EE200032F8153043F0010322F81530DEE700BF59
:10EE300004AA0120C811022000487047C81102200E
:10EE400010B5F5F79BFE441E4FF0FF324FF0FF3335
:10EE50000C4809F06DFF0C4A32F81430190604D53D
:10EE6000BDE8104007480AF013B843F0800322F8C9
:10EE7000143006480AF0A0FABDE8104001480AF034
:10EE800007B800BF04AA0120C8110220ECAA012083
:10EE900010B5F5F773FE441E4FF0FF324FF0FF330D
:10EEA0000C4809F045FF0C4A32F81430190604D416
:10EEB000BDE81040074809F0EBBF23F0800322F8BB
:10EEC000143006480AF078FABDE81040014809F00D
:10EED000DFBF00BF04AA0120C8110220ECAA012054
:10EEE00038B5F5F74BFE4FF0FF324FF0FF330446D5
:10EEF000074D013C284609F01BFF064B33F8144030
:10EF0000C4F3C014284609F0C3FF204638BD00BF33
:10EF100004AA0120C811022010B5F5F72FFE441EE7
:10EF2000002C03DD4FF6FF74204610BD4FF0FF327A
:10EF30004FF0FF33054809F0FBFE054B33F8144052
:10EF4000024809F0A5FF204610BD00BF04AA012019
:10EF5000C81102202DE9F04114461D46069FFFF717
:10EF60006BFF24F4C05325F0604223F0030322F426
:10EF70004012134301D0BDE8F08106463846F5F74C
:10EF8000FDFD00F1FF384FF0FF324FF0FF331F4817
:10EF900009F0CEFEC5F31303A4F500621A4321D095
:10EFA00040F60102944273F1000212D2621E1A432B
:10EFB00018D0023C1C4307D101213846F4F7CEFD9E
:10EFC000E8B113480AF0F8F9BDE8F0410F4809F03C
:10EFD0005FBFA4F580541C43EED0BDE8F0410B4860
:10EFE00009F056BF01213846F4F7B8FD0028E8D0F3
:10EFF00036F8183043F0040326F81830E1E736F805
:10F00000183023F0040326F81830DAE704AA0120A8
:10F01000ECAA0120F8B51D461446069FFFF70CFF29
:10F0200025F0504324F0030223F480131A4300D048
:10F03000F8BD06463846F5F7A1FD471E4FF0FF33F1
:10F040004FF0FF320F4809F073FEC5F31305631E3E
:10F050002B4310D0023C2C4308D136F8173043F034
:10F06000010326F8173008480AF0A6F9BDE8F84071
:10F07000044809F00DBF36F8173023F0010326F8D5
:10F080001730F0E704AA0120ECAA0120032208B5FA
:10F0900009480A4B0A49C0E904234160F6F7C8FD54
:10F0A00041F60302074B08480849C0E904234160C0
:10F0B000BDE80840F6F7BCBD38FA0120000010D0CA
:10F0C00015F00500000030E020FA012055EF0500A2
:10F0D0000023024600B583B052F8182C04200349DF
:10F0E0000093F6F767FE03B05DF804FB000020D044
:10F0F0002DE9F0412D4C2E4FBC4207D806460AD2CE
:10F1000023689E420CD05034BC42F8D94FF4817130
:10F110002848E3F769FC6FF085052846BDE8F081D3
:10F120006368D3F80080B8F1000FF4D0D8F800304D
:10F13000002BF0D0A06C4FF0FF324FF0FF3309F0FE
:10F14000F7FD5EB333684BB30C33D3E8AF3FDB0757
:10F1500024D5164D03E05035BD42D7D813D22B68C5
:10F160009E42F8D16B681B686BB1A86C4FF0FF3200
:10F170004FF0FF3309F0DCFDEB68A86C23F00803C7
:10F18000EB6009F085FE2046D8F800309847054628
:10F19000A06C09F07DFE2846BDE8F0813046F5F709
:10F1A0002BFD05460028D4D0F2E700BF04AD0120B6
:10F1B00004AD0120A403080008B50C490C4B8B4298
:10F1C00006D80AD21A68904209D050338B42F8D937
:10F1D0004FF481710748E3F707FC002008BD5B6826
:10F1E0001868003818BF012008BD00BF04AD012019
:10F1F00004AD0120A403080003292ED8F8B5184C4B
:10F20000184DAC4208D80E4617460AD223689842D9
:10F210000AD05034AC42F8D94FF481711248E3F768
:10F22000E3FB6FF08500F8BD63681B68002BF8D026
:10F23000A06C4FF0FF324FF0FF3309F079FD01234E
:10F24000E268B3403FB922EA0303E360A06C09F02F
:10F250001FFE0020F8BD1343F7E76FF0150070475D
:10F2600004AD012004AD0120A4030800F8B51F4A35
:10F270001F4C944208D805460E460AD223689D4288
:10F280000BD050349442F8D94FF481711948E3F708
:10F29000ABFB6FF085052846F8BD63681F68002F3B
:10F2A000F7D07B68002BF4D0A06C4FF0FF324FF00A
:10F2B000FF3309F03DFD85B12B6873B10C33D3E802
:10F2C000AF3FDB0709D556B120467B689847054616
:10F2D000A06C09F0DDFD2846F8BD0025F8E7012205
:10F2E00003212846FFF788FFEEE700BF04AD0120A9
:10F2F00004AD0120A40308000021FFF7B7BF00BF41
:10F3000038B50B780D460446B3B96B78032B12D889
:10F31000DFE803F00227351734B1236823B10C333B
:10F32000D3E8AF3FDA0706D42046F5F765FC10B105
:10F330006B6803B9686038BDFFF7D2FD0028E4D0E0
:10F3400038BD1D4B1D4A934206D8F4D219688C4231
:10F3500021D050339342F8D94FF481711848E3F724
:10F3600043FB002CE7D02368002BE4D00C33D3E818
:10F37000AF3FDB07DFD52046F5F7AAFCD7E70E4BFA
:10F380000E4A9342E8D8D6D219688C420CD050333A
:10F390009342F8D9E0E75B681B68002BCBD00021D3
:10F3A0002046FFF763FFC2E75B681B68002BC2D0F3
:10F3B0002046FFF79DFEBAE704AD012004AD012011
:10F3C000A403080023F0504122F0070021F40011AB
:10F3D00070B50843049D1AD1C3F31303032A73F1D4
:10F3E000000111D21A4312D02048214EB04206D853
:10F3F0000DD203689D4211D05030B042F8D94FF47D
:10F4000081711C48E3F7F0FA043A1A4300D070BD4A
:10F410002846BDE870400121FFF728BF43681B68FC
:10F42000002BF4D018300AF0D3FC104C03E0503419
:10F43000B442E4D814D223689D42F8D163681B68B3
:10F4400073B1A06C4FF0FF324FF0FF3309F070FC46
:10F45000E368A06CC3F3800409F01AFD002CD6D138
:10F460002846BDE87040F5F733BC00BF04AD01206D
:10F4700004AD0120A4030800032938B502D90024F3
:10F48000204638BD134C144A944207D80D46F6D294
:10F490002368984207D050349442F8D94FF48171D0
:10F4A0000E48E3F7A1FA63681B6883B1A06C4FF0C4
:10F4B000FF324FF0FF3309F03BFCE368A06C23FA06
:10F4C00005F404F0010409F0E3FC204638BD1C46B5
:10F4D000D6E700BF04AD012004AD0120A40308005D
:10F4E00038B5124A124C944206D80AD22368984280
:10F4F0000AD050349442F8D94FF481710D48E3F7A3
:10F5000073FA0025284638BD63681D68002DF9D0C0
:10F51000A06C4FF0FF324FF0FF3309F009FC256972
:10F52000A06C09F0B5FC284638BD00BF04AD012031
:10F5300004AD0120A403080038B5124A124C9442CD
:10F5400007D80D460AD2236898420AD05034944214
:10F55000F8D94FF481710D48E3F746FA6FF0850052
:10F5600038BD63681B68002BF8D0A06C4FF0FF32E9
:10F570004FF0FF3309F0DCFBA06C256109F088FC3B
:10F58000002038BD04AD012004AD0120A403080013
:10F5900038B5124A124C944206D80AD223689842CF
:10F5A0000AD050349442F8D94FF481710D48E3F7F2
:10F5B0001BFA0025284638BD63681D68002DF9D068
:10F5C000A06C4FF0FF324FF0FF3309F0B1FB6569DB
:10F5D000A06C09F05DFC284638BD00BF04AD0120D9
:10F5E00004AD0120A403080023F0504122F00B00D9
:10F5F00021F4801170B50843049D0CD156498B420B
:10F6000008BF022A24D08B4208BF082A14D08B429C
:10F6100008BF012A00D070BD504C514EB44206D8EC
:10F62000F9D223689D421FD05034B442F8D94FF428
:10F6300081714C48E3F7D8F9484C494EB442F6D8AA
:10F64000E9D223689D4253D05034B442F8D9EEE752
:10F65000424C434EB442EAD8DDD223689D4256D094
:10F660005034B442F8D9E2E763681B68002BD2D06B
:10F6700000212846FFF700FF28B103212846FFF7A5
:10F68000FBFE0028C7D0002203212846FFF7B4FD67
:10F69000324803E05030B042C9D8BCD203689D4222
:10F6A000F8D143681B68002BB5D018300AF090FBE6
:10F6B0002A4C03E05034B442B9D814D223689D4296
:10F6C000F8D163681B6873B1A06C4FF0FF324FF044
:10F6D000FF3309F02DFBE368A06CC3F3800409F04D
:10F6E000D7FB002C97D12846BDE87040F5F7F0BA5B
:10F6F00063681B68002B8ED001212846FFF7BCFEF3
:10F70000002888D12846BDE87040FFF7F1BC636847
:10F710001B68002B3FF47FAF2846FFF739FF0346F5
:10F7200000283FF478AF4FF47A754FF4004240F26E
:10F73000E730002105FB03F3E3FB02014FF47A728B
:10F74000002311F0F5F802460B4604F11800BDE85D
:10F7500070400AF037BB00BF000010D004AD01209C
:10F7600004AD0120A403080010B5184A184C9442B7
:10F7700006D80AD22368984208D050349442F8D967
:10F780004FF481711348E3F72FF910BD63681B68CC
:10F79000002BFAD06369002BF7D04FF47A7C4FF43A
:10F7A000004240F2E73000210CFB03F3E3FB0201CF
:10F7B0004FF47A72002311F0BBF802460B4604F1B5
:10F7C0001800BDE810400AF0FDBA00BF04AD0120EA
:10F7D00004AD0120A40308002DE9F843DFF81C91D3
:10F7E000474DA9457FD823D24C4600260027DFF895
:10F7F000148163681B68BBB19B68ABB1A06C4FF010
:10F80000FF324FF0FF3309F093FA414604F118003C
:10F810000AF0D2F9C4E90467636820461B689B6854
:10F820009847A06C09F034FB5034AC425BD8E0D36D
:10F830000B223548354B4360354BC0E90423F6F7BE
:10F84000F7F907223348344B4360344BC0E90423B3
:10F85000F6F7EEF9A9453BD2314E56F84C3C1B6801
:10F860008BB356F8503C73B31B6863B30C33D3E8C7
:10F87000AF3FDB0727D556F8507C204B03E05033D1
:10F88000AB422BD81FD21A689742F8D15B681B682D
:10F89000CBB11A4C03E05034AC421FD81AD22368C3
:10F8A0009F42F8D163681B68A3B1A06C4FF0FF3290
:10F8B0004FF0FF3309F03CFAE368A06CC3F3400457
:10F8C00009F0E6FA34B1AE4212D806F15006C4D3BC
:10F8D000BDE8F8833846FFF70BFCF4E74FF481717D
:10F8E0001048E3F781F840F2D1110F48E3F77CF8B4
:10F8F00040F2F3110C48E3F777F800BF04AD0120A4
:10F9000004AD0120D1F0050068FA0120E9F50500F9
:10F91000000010D050FA0120C5F30500000020D0EF
:10F9200054AD0120A4030800E803080002460023A8
:10F9300000B583B0694606488DF800208DF8013087
:10F940000193F5F731F9019803B05DF804FB00BFAE
:10F9500001F3050084460122002300B583B0694607
:10F9600005488DF800C08DF801200193F5F71CF9CA
:10F97000019803B05DF804FB01F305000246002383
:10F9800010B50A4C82B0694620468DF800208DF8EB
:10F9900001300193F5F708F90223204669468DF8F6
:10F9A0000130F5F701F9019802B010BD01F305002F
:10F9B00084460322002300B583B0694605488DF8CC
:10F9C00000C08DF801200193F5F7EEF8019803B01F
:10F9D0005DF804FB01F305000B460069DBB2002172
:10F9E00000EB4310104700BF10B5EFF31184202344
:10F9F00083F31288BFF36F8F094A136823F0020163
:10FA0000DB07116004D584F31188BFF36F8F10BD3D
:10FA1000012003F0FDFC84F31188BFF36F8F10BD4C
:10FA200038120220104609F0C7BC00BF00B587B0ED
:10FA300004AB0022CDE904330123CDF800D0CDE999
:10FA40000223CDF804D00369C9B2EFF3118C202250
:10FA500082F31288BFF36F8F01EB410103EB810347
:10FA60009A6C02F0070EBEF1010F0ED002F0C00238
:10FA7000802A8CF31188BFF36F8F0CBF6FF0770073
:10FA80004FF0FF3007B05DF804FB802289009A64D4
:10FA90008CF31188BFF36F8F074AC3F844D01A6400
:10FAA00043685B5898474FF480420023684609F04A
:10FAB000F3FC07B05DF804FB25FA050003F0DEBD9A
:10FAC00003F05CBDC9B2012908B508D8036901EB90
:10FAD000410103EB8103986C00F0070008BD7E2113
:10FAE0000148E2F781FF00BF280408001B4A70B5F7
:10FAF000831AC3F34713012B2AD806460D46EFF3AA
:10FB00001181202080F31288BFF36F8F03EB430332
:10FB100002EB830CDCF848209B0012F0800410D12B
:10FB20000122CCF8482081F31188BFF36F8F0C4A73
:10FB300013445B689847214630462B46BDE8704029
:10FB4000184781F31188BFF36F8F4FF0FF31F3E750
:10FB50004FF4E8710348E2F747FF00BFE0110220CD
:10FB6000B404080028040800F8B500220546012165
:10FB70000520E9F7B1FD104803F0F2FBC8B90446CF
:10FB800003F010FC2E690D493046E3F7E7FB031E36
:10FB90000DDB0127B7642D69084905F12000E3F763
:10FBA000DDFB031EA8BF6F6501DB2046F8BD1C46C8
:10FBB000FBE76FF00404F8E7C5FD050068040800E2
:10FBC00030B40024104B00EB400203EB8203D3E976
:10FBD000105201461C64EFF31180202484F3128834
:10FBE000BFF36F8F9C6C04F0C00444F002049C646B
:10FBF00080F31188BFF36F8F1DB12B4630BC0348D3
:10FC0000184730BC704700BFE0110220FC7A0700A3
:10FC100010B4EFF31180202181F31288BFF36F8FAE
:10FC2000174A136843F002041460DA0707D480F31C
:10FC30001188BFF36F8F012010BC03F0CBBB114BB9
:10FC4000D3F80C24D3F80C34DB07F0D5EFF3118490
:10FC500081F31288BFF36F8F0B4A936C03F0C003DC
:10FC600043F00203936484F31188BFF36F8F80F332
:10FC70001188BFF36F8F002010BCFFF7A1BF00BF3A
:10FC80003812022000500040E011022038B5C9B2FD
:10FC90000469EFF3118E202585F31288BFF36F8F6F
:10FCA00001EB410104EB810CDCF8484004F007054E
:10FCB000012D0CD004F0C004802C8EF31188BFF30A
:10FCC0006F8F0CBF6FF077004FF0FF3038BD80248E
:10FCD0008900CCF848408EF31188BFF36F8FCCE9D0
:10FCE000102343685B589847002038BD1A4A10B566
:10FCF000831A0C46C3F34713EFF3118C202181F3D1
:10FD00001288BFF36F8F03EB430302EB8302916C06
:10FD100001F0070EBEF1010F0FD001F0C001402924
:10FD20008CF31188BFF36F8F2346BDE810400CBFE2
:10FD30006FF077014FF0FF31184740219B0091642D
:10FD40008CF31188BFF36F8F044805491064546425
:10FD5000CB58BDE810401847E0110220D9F9050042
:10FD6000B404080010B5C9B20129026922D8EFF322
:10FD7000118C202383F31288BFF36F8F01EB4101B5
:10FD800002EB8102936C890013F0400406D08CF3DF
:10FD90001188BFF36F8F4FF0FF3010BD01239364C4
:10FDA0008CF31188BFF36F8F43680B445B689847EF
:10FDB000204610BD4FF4E8710148E2F715FE00BF80
:10FDC0002804080000B30128014610B523D1002003
:10FDD000134BD3E91342D864EFF3118C202080F346
:10FDE0001288BFF36F8F586D00F0C00040F0020022
:10FDF00058658CF31188BFF36F8F24B12346BDE89B
:10FE000010400848184710BD054B9B6C5B0700D09D
:10FE10007047FFF7D5BE4FF441710348E2F7E4FDA8
:10FE2000E0110220FC7A0700280408002DE9F041C7
:10FE3000012406463D4BD3E8EF2FC3E8E14F0029EC
:10FE4000F9D1002A4DD0002E49D0731E012B67D85E
:10FE5000012E06D1364BD3F81C3403F00303022BDA
:10FE60003DD00AF091F8054618B9324B1B78002BAB
:10FE700045D1EFF31187202383F31288BFF36F8FEF
:10FE800001252B4CDFF8B080D4F81824D4F81834AE
:10FE9000D20305D503F00303022B1BD0012E19D08A
:10FEA0009DB33846E9F7C8FCD4F81835DBB2012B0E
:10FEB000EAD1D4F80421002AE6D000200221202231
:10FEC000C4F80401D4F80401C4F81815C8F8802156
:10FED000A360D9E7F5B187F31188BFF36F8FBDE851
:10FEE000F081164916484A60CA608C60E3F74CFA04
:10FEF0000028A8DA40F2A3211248E2F775FD022299
:10FF00000B4B0746C3F80823BBE7002121200BF069
:10FF100083F8C9E70222064BC3F80423BDE8F08149
:10FF200040F2B5210748E2F75FFD00BFDC11022077
:10FF300000500040B013022000E100E0CC1102208C
:10FF400000120220280408000A2838B5044607D009
:10FF5000074DAB6806485B68E1B29847204638BD5C
:10FF6000034D0D21AB6828465B689847F1E700BF59
:10FF70005C7B070008B5074808F0ECF838B1064884
:10FF8000E9F7A0FF0448E2F7EBFC002008BD6FF0A2
:10FF9000120008BD5C7B070049FF0500084608B554
:10FFA000114603F0C1F8002818BF6FF0040008BD27
:10FFB00008B502F0A5FF002818BF6FF0040008BDC7
:10FFC000182070474368986B704700BF03461B6951
:10FFD000002003F5804393F814210A7093F815313B
:10FFE0004B7070472DE9F04112F0FC6F0569D0E9C4
:10FFF000017645D1134602F03002302A3BD0284A20
:0200000260009C
:10000000284C1A40A24231D003F00602042A28D01C
:1000100013F4402207D09C033CD5B2F5402F1BD0EF
:10002000214A9A4315D04FF0010C3C680CFA01FCB0
:100030001CEA040F23F4801227D02C68DB074CBF86
:100040004CEA040424EA0C042C603368BDE8F04157
:10005000184783F44023E6E740F205411348E2F7EE
:10006000C3FC40F2FE311148E2F7BEFC40F2FB3126
:100070000E48E2F7B9FC40F2F7310C48E2F7B4FC65
:100080004FF47D710948E2F7AFFC40F21141074897
:10009000E2F7AAFC40F201410448E2F7A5FC00BFE8
:1000A000020003000200010001001000E804080043
:1000B00001F1240009F080B938B5B0B103680446F5
:1000C0009BB11A6803231569062205F58141503159
:1000D000F3F7D0FB2B6803B92C602046F2F770F8D9
:1000E0002046BDE83840F4F785BE00231B69FFDEDB
:1000F000002300B587B0DDF828C00BA80390059059
:10010000CDE900331846CDF808C0E3F7ADFD07B0E0
:100110005DF804FB8C4630B503240146022589B006
:10012000CDE9062301AB04939CFA9CF34FEA1C4CE7
:100130000CFA04FC04A84CF0040C0290039551F84E
:10014000040B0594ADF804308DF806C082680023D6
:10015000146802AAA04709B030BD00BFF0B5076916
:100160008BB000293DD144F2D004136805463B51C1
:1001700093883C44A38022460E460623092140680A
:10018000FFF7C8FF18490A6802F00702022A08D8D8
:100190000323062221463868F3F76CFB00200BB0DE
:1001A000F0BD07F5804393F8D5002A68099093F8CD
:1001B000D400089093F8D300079093F8D2000690EB
:1001C00093F8D100059093F8D0303046CDE9032361
:1001D000064B03220293CDE900663346FFF788FF02
:1001E000D6E76FF08500DAE70CA901201C050800AE
:1001F00030B58DB0022500240A920A460B930146C1
:10020000032308A8069002A804900120CDE9075412
:1002100054BA120C9A408DF8062001AA0590CDE937
:10022000022351F8040BADF804400993836804AA33
:100230001C6806ABA0470DB030BD00BF2DE9F041F2
:10024000C1F30D0C0CEB0305B5F5804F06460CF51C
:100250004031406811D9CCF5804423461746FFF75A
:10026000C7FF70B9C5F30D035BB170683A194FF45D
:100270004031BDE8F041FFF7BBBFBDE8F041FFF7FB
:10028000B7BFBDE8F08100BF70B5064686B06846CE
:1002900040F6CD4200238DF80F100BF02FFEDDE964
:1002A000004501234FF0011170680DF10F02FFF7B7
:1002B00031FF0BE022462B4668460BF04FFEDDE98E
:1002C000002313430ED01A2007F0EEFE01234FF057
:1002D000011170680DF11702FFF78AFF9DF81730C2
:1002E000002BE7D106B070BD30B501254FF0840C6E
:1002F000044683B02B460DF106024FF4803140686E
:100300008DF806C08DF80750FFF704FF29462046F8
:10031000FFF7BAFF2B46182160680DF10702FFF7BF
:10032000F9FE002003B030BD30B50025044683B08F
:1003300001230DF10702182140688DF80750FFF7DF
:10034000E9FE20461021FFF79FFF284603B030BD8D
:100350002DE9F04F8C680D460646076983B0002CE6
:100360003FD00023228A64681344002CFAD10DF197
:1003700004081FFA83F94246394902237068FFF7DF
:1003800037FF07F5824A2846BDF804500AF1160ADD
:100390006DBA4A4651464C46ADB2F7F709FD002802
:1003A0005AD1C5F30D0303EB090BBBF5804F706801
:1003B00003F5003132D9C3F5804423465246FFF796
:1003C000A9FE48B9CBF30D03706873B34FF4003145
:1003D0000AEB0402FFF79EFE002825DA03B0BDE811
:1003E000F08F0DF1040807F5824A022342461C49AA
:1003F00040680AF1160AFFF7FBFE284622465146DE
:10040000BDF80450F7F7D4FC6DBA8146ADB218BB05
:100410004C46C5F30D01706801F500312346524684
:10042000FFF778FE0028D7D170684D44424602237A
:100430000B496DBAADF80450FFF76CFE2021304631
:10044000FFF722FF07F5814040F6CD4200236430DC
:1004500009F022F80028C1D06FF00400BEE700BF09
:10046000240001002DE9F04F036995B003F58144A4
:1004700003F5804A7C34CDF81CA08346A24642682E
:10048000DFF8C492DFF8C4820B93089200238DF842
:1004900047304FF4A4720023504608F0FDFF20B906
:1004A000D8F800300133C8F80030079AD9F8003086
:1004B00092F815210133C9F8003032B1A44A02FB89
:1004C00003F3A44AB2EB730F52D301232E21DBF8BE
:1004D000040013AADBF81060FFF78AFE002847DB50
:1004E0009DF84C2006F5804512F0010095F8153175
:1004F00000F0ED8073B998490A6802F00702022AF9
:1005000000F20681012385F815313068F1F720FEED
:100510009DF84C20910740F1EA8012F0040F0CBFC7
:100520000422082295F81431934221D08A4985F893
:1005300014210B6803F00703022B19D9DBF80030F4
:10054000864D12F00C0F8648039308BF2846854B52
:1005500012F0EA0F844A854D029318BF1546002316
:10056000049003221846CDE900330595FFF7C0FD3E
:1005700001237F49DBF804000DF14702FFF738FE45
:10058000002883DB0125089B186A93F82420436820
:1005900005FA02F21B681A4200F01181836813A960
:1005A0005B6898479DF84730002B3FF46FAF2B46B0
:1005B0006F49DBF804000DF14702FFF7ABFD00289F
:1005C000FFF664AF9DF84730DA0600F194805B07D0
:1005D0007FF55CAF674902230A68DBF8040001324B
:1005E0000A60654913AADBF81070FFF701FEBDF839
:1005F0004C30002B3FF44AAF0223604913AADBF8CA
:100600000400FFF7F5FDBDF84C5002236DBAAEB201
:100610003146584612AAFFF711FE40F6CD4400239A
:100620000025BDF84820386852BA023A92B2114605
:100630000A92CDE900451A46F7F774FB002800F04E
:10064000A580B51CACB2CDE90E4AA246CDE90C702E
:100650000A9E8568CDF824B02F4657F80CBF38465F
:10066000EAF7ACF90446B44228BF34465146234663
:100670005A460998FFF7E2FD2146A4B2361B3846D8
:100680005444B6B2EAF744F91FFA84FA6D68002EB2
:10069000E2D1DDE90C71DDE90E4A3868DDF824B0FD
:1006A0000991F2F707FD0028099949DB0A9B3349B4
:1006B00023445BBAADF84C30DBF80400022313AAE4
:1006C000FFF728FD40215846FFF7DEFDDEE6002B50
:1006D0003FF44EAF20490B6803F00703022B23D8E9
:1006E0000023A5F814313068F1F744FD40E7C2F368
:1006F0008002013216E7224A1368013313600B9B14
:1007000003F58140643008F057FE9DF847305EE7FE
:10071000CDE90033DBF8002018460392194A029213
:100720000322FFF7E5FCEDE6CDE90000DBF8003041
:1007300003220393144B02930346FFF7D9FCCFE740
:100740000846F7F739F8B1E7641202206012022078
:10075000295C8FC251B81E050CA901204C05080068
:10076000480508005C0508007CC9070084C907002B
:10077000020001005812022026000100280001009A
:100780005C120220500508007C0508003B68002B25
:100790003FF47CAE1B68BBB118688268936843B1B4
:1007A0000121984700283FF471AEC26A0132C2624B
:1007B0006CE65368002B3FF469AE9847F2E740F2CD
:1007C00049610248E2F710F99B68FFDEE80408007F
:1007D0002DE9F0434468064607698BB0206807F0AE
:1007E000B9FC002800F03781237E002B40F02D81DA
:1007F000206A07F0AFFC0346002800F08D81E28CF0
:10080000206A94F8241042F48032FFF7EBFB051EB7
:10081000C0F228814FF0010894F82430B14A07F55E
:10082000804908FA03F3C9F8DC20C9F8E030206AEF
:1008300007F5814183685831DB69002B00F0FA80AD
:1008400042469847051EC0F2F780E38C206A94F870
:10085000241003F04003826895694268002D00F07F
:100860001581126808FA01F818EA020F00F09D815C
:100870004FF0A07243F00073A847051EC0F2088134
:10088000A06A00283BD007F065FC002800F07081CA
:10089000E28DA06A94F82C1042F4B012FFF7A2FB8C
:1008A000051EC0F20C810121A06A43681A6894F801
:1008B0002C3099401142036900F07C811B68194279
:1008C000836814BF1B69DB6898474FF4FA700AF01D
:1008D000CFFB0121A06A43681A6894F82C30994034
:1008E0001142036900F066811B681942836814BFD6
:1008F000DB681B699847212000210AF08DFB4FF02F
:100900000008802341468DF824307068012309AA2D
:100910008DF82380FFF7FEFB051EC0F2C280002188
:10092000A4200AF079FB102341468DF8243009AA4F
:1009300001237068FFF7EEFB0123182170680DF1A9
:100940002302FFF7E7FB0546002840F0AA8094F851
:10095000302007F5814350335AB194F837201846B8
:1009600004F1310116F0EAFC94F83020012A00F07D
:10097000E2803269062302F5814209215032706813
:10098000FFF7C8FB4FF0100C0123574909AA706804
:100990008DF824C0FFF7BEFB01235449706809AAF3
:1009A000FFF7B8FB0023524CDFF848818DF8243064
:1009B0002146012309AA7068FFF7ACFB611C0123E3
:1009C000706804F5802409AAFFF7A4FB4445EFD121
:1009D000022309AA19217068FFF70AFC4DF20703E8
:1009E000BDF824209A4240F0CF8007F580440022D1
:1009F000002308346FF00D0C00960026CDE9062385
:100A000020464FF48042CDE903C6CDE901663A4B5A
:100A100007F1080109F0D0FB3849204609F0BAFA7D
:100A200037490B6803F00703022B51D828460BB057
:100A3000BDE8F0836FF0570531490B685F07F5D0CB
:100A4000002394F824202F4814E0E06807F082FB8C
:100A500000287FF4CDAE2A490B6858077BD16FF090
:100A60001505E3E726490B685B07DFD0002394F800
:100A700024202548CDE90130039218460122009335
:100A8000FFF736FB28460BB0BDE8F0836FF0570543
:100A90001B490B685E07C9D0002394F824201B482B
:100AA000E8E717490B685A07C0D00023184801220D
:100AB000CDE9013000931846FFF71AFBB6E710495D
:100AC0000B685807B2D0002394F82C200E48D1E7C9
:100AD000104A3346CDE90162304603220096FFF703
:100AE00007FBA3E7B10006001E0001001F00010084
:100AF0001E0005001E0021006504060050060800C7
:100B00000CA90120E4050800C4050800040608003B
:100B1000240608005C06080029490A6852079ED08E
:100B2000246A284A2468CDE90000CDE90224012284
:100B3000FFF7DEFA93E794F837100844C1F1060195
:100B4000EAF7D2F899F8D03023F0010343F002031A
:100B500089F8D0300DE722680023146801221A4872
:100B6000CDE90204CDE900331846FFF7C1FA76E774
:100B7000134B1B685D073FF472AFA26A0023146831
:100B8000104801220E49EBE70D490B685B0702D1C3
:100B90006FF012054AE700230C4801220290CDE9CC
:100BA00000331846FFF7A4FAF2E740F2A5310848EF
:100BB000E1F71AFF40F2A2610548E1F715FF00BF17
:100BC0000CA90120AC0508008C05080034060800BB
:100BD000E804080003465B6800205B681B690B6043
:100BE000704700BF034610B45B6802EA01045B680B
:100BF00021EA02019C60D960002010BC704700BF50
:100C000003465B6800205B689960704703465B6839
:100C100000205B68D9607047034610B45B68002011
:100C20005A68536821EA03040B409460D36010BCF7
:100C3000704700BF03F0D8B838B50469002931D037
:100C40004B685BB365684DB18D421DD02B4601E00A
:100C500099420CD018461B68002BF9D1DAB10D600F
:100C6000A36861600BB1002038BDA160FBE70B6891
:100C70000360A368994205D000230B60002AF2D0DC
:100C80006568ECE7A060F7E7A0680B6881426360E5
:100C9000F2D1A360F0E76FF0150038BD5021034892
:100CA000E1F7A2FE4F210148E1F79EFEFC06080095
:100CB000430912D10C4B596879B170B501250C6804
:100CC0000A4E85408A682A4003D04B683BB13046C3
:100CD00098471CB121462468F4E7704770BD742121
:100CE0000348E1F781FE00BF681202201C7B070069
:100CF000FC06080038B54468A06810B102F086FF11
:100D000008B1002038BD0146A06802F043FF054647
:100D100058B92A460649A06802F014FF31202A4635
:100D20000521E8F7D9FC0020ECE76FF0040038BD9E
:100D3000B10C060070B5446801F01F0594F810C0AE
:100D4000A06886B045EA4C15002874D0B2F5001FA3
:100D500068D00020B2F5800FCDE9010052D0B3F188
:100D6000C06F5DD0B3F1007F14BF012302238DF863
:100D7000043001AB0493002305930393E36803AEAF
:100D8000CB40D90702D4B2F1A07F21D0A068294678
:100D90000DF1030202F0E2FE70B132462946A0686E
:100DA00002F096FD002805DB01222946A06802F02A
:100DB00075FF002006B070BD9DF80310A06802F01A
:100DC00041FF0028E9D040F2F1112048E1F70CFE84
:100DD0006B092BD14FF0FF33EB40DA0726D51C4BC4
:100DE00005F1800253F82230A068DB07CFD42946F2
:100DF0000DF1030202F0B2FE16301FD00DF1030315
:100E00000293CAE7B3F1007F0CBF042305230390CC
:100E1000059001AAA068049203AE8DF80430B6E7ED
:100E20000323A4E7294602F0B3FFC2E74FF474712D
:100E30000848E1F7D9FD6FF08500BBE7A0680DF128
:100E4000030102F013FF0028D8DAB3E76C070800AB
:100E500000258440380708002DE9F043476801F079
:100E60001F063B7C154646EA431640F20633D4067D
:100E700048BF032205EA030458BFC2F3401287B0FB
:100E8000B4F5837F8DF8032000F0AD8025D8062CC3
:100E900004D05AD9B4F5807F5DD101240123280301
:100EA00003FA01F32CD4690344BF7968CB60B868B6
:100EB00058B331460DF1020202F050FE15F4403FE6
:100EC00081464DD13146B86802F0B0FEB9F1000F4D
:100ED00069D0002007B0BDE8F08340F202208442D0
:100EE0006CD0B4F5407F08BF0324D7D0B4F5007FA1
:100EF00031D1012328034FF0020403FA01F3D2D5C4
:100F000079688B60B8680028D3D173096DD14FF030
:100F1000FF33F340DB0768D53648C5F3404300EBA9
:100F20008600D0F8001285F4803621F4E161C6F322
:100F3000004621F0070143EA46030B4343EA8203DC
:100F400043EA0423C0F80032C3E7002CA6D0022CE9
:100F500008BF0424A2D06FF0150007B0BDE8F083ED
:100F60004FF00008CDE9028801AB0493CDF814805E
:100F70003146B86803AACDF8048002F0A9FC4045C8
:100F8000A7DB15F400331BD1CDE904330DF10303C6
:100F900003933146B86803AA02F09AFC002898DB54
:100FA000B9F1000F95D19DF80210B86802F04AFE21
:100FB00000288ED0FC211048E1F716FD05246DE7CE
:100FC0009DF8030085F48035C5F300458DF80C408D
:100FD0008DF80D508DF80E0043463146B86803AACF
:100FE00002F028FDDAE7072458E74FF4747103484C
:100FF000E1F7FAFC002584406C0708003807080078
:101000004368136090F808C003EBCC0C63451DD215
:1010100093F805C008338C4516D000B504E093F86A
:1010200005C008338C450CD0136090F808C0D0F888
:1010300004E00EEBCC0C6345F1D36FF001005DF8DA
:1010400004FB00205DF804FB002070476FF00100F6
:10105000704700BF002900F021812DE9F84340F2DC
:10106000FF1E8F4D00EB810150F8043BC3F3C72CEA
:101070001CF0080CC3F3C326C3F3080440F0ED8052
:101080007445AE5D4FEA136314D0192B0ED8DFE818
:1010900003F0E1BBD04BA6B84B0D0D0D0DBEC40D3A
:1010A0000D0D0D0D0D0D0D0DC9AAB1876FF0850049
:1010B000BDE8F883192BF9D801A454F823F000BF38
:1010C0008D1106006B1206009711060061120600D2
:1010D000971106008D11060061120600AD10060082
:1010E000AD100600AD100600AD1006009711060009
:1010F0008D110600AD100600AD100600AD10060003
:10110000AD100600AD100600AD100600AD100600D3
:10111000AD100600AD100600931206007F12060007
:101120008912060075120600C2F8104550F8043CFA
:1011300013F4004700D001274FEA5418B8F1000F0C
:1011400006D04FF474715748E1F74EFC4FF0010C94
:10115000C3F341284FF0FF33E340DB07F1D5524B97
:1011600003EB8404D4F80092504B09EA030343EAEA
:10117000470343EA0C0343EA880343EA0623C4F81F
:10118000003288427FF470AF002091E74FF0FF33C8
:10119000C2F80C35F5E74FF0FF33C2F80835F0E739
:1011A000C2F86C4530F8023C03F00103002B42D139
:1011B00001276309C5D14FF0FF33E340DB07C0D5FA
:1011C0000123DFF8E480A340C8F80C3050F8043C59
:1011D00013F4004FBAD00127C3F34128BAE7002720
:1011E000C2F80845E5E7C2F8644530F8023C03F070
:1011F0000103DBE7C2F8684530F8023C03F0010365
:10120000D4E7C2F80C45D3E7C2F814458EE7C2F81C
:101210000845002E8AD1062688E7C2F80C45002E24
:10122000F9D083E7C2F8604530F8023C03F00103CF
:10123000BCE7C2F80845630983D14FF0FF33E340B0
:10124000DF077FF57EAF0127174B07FA04F8C3F8D5
:101250000880BBE7C2F80C45EDE76FF0150027E703
:101260004FF0FF33C2F810358BE74FF0FF33C2F871
:10127000143586E74FF0FF33C2F86C3581E74FF045
:10128000FF33C2F864357CE74FF0FF33C2F86835AE
:1012900077E74FF0FF33C2F8603572E70020704700
:1012A000CC0708003807080000258440F0F8FCFF50
:1012B00043681B68D3F88004C3F88004704700BFFC
:1012C00042681368D3F8100160B1002010B4012403
:1012D000D26912780A70C3F81001D3F810211C608B
:1012E00010BC70474FF0FF30704700BF002A13DD7D
:1012F00042681368D3F8100168B1002010B40124CB
:10130000C3F81001D269D3F81001127820460A7090
:101310001C6010BC704770470020704710B44268D2
:1013200003691468EFF31180202282F31288BFF35F
:101330006F8F1A68D17B39B9917301214FF4800204
:101340001B68D973C4F8042380F31188BFF36F8F2F
:1013500010BC704703691A68D17B21B101200021BC
:1013600090731B68D973704702691168CB7B4BB1CE
:1013700043681B68D3F8580128B100230B61136838
:10138000988970471846704743681B68D3F8100166
:10139000003818BF0120704743681B68D3F8042346
:1013A000D2065CBF1022C3F80423704743681B6851
:1013B000D3F80423D20644BF1022C3F80823704791
:1013C0004FF4007243681B68C3F80423704700BFE2
:1013D0004FF4007243681B68C3F80823704700BFCE
:1013E000012070470369186801601B685A607047E4
:1013F000002310B5064C86B00BA8CDE9024005903D
:1014000001221846CDE90033E2F72EFC06B010BDEC
:10141000D407080070B505694FF0010C2B6806462B
:101420009C8910339442A8BF1446D3E8EF2F002ABA
:1014300003D1C3E8E0CF0028F7D10CBF63460023F7
:1014400033D12B682246986815F078FFEFF31181AD
:10145000202383F31288BFF36F8F7268D2E90030C4
:10146000D3F85821B2B1286800228068C3F8440537
:101470000120C3F84845C3F82021D3F82051C3F810
:101480005821D3F85821986081F31188BFF36F8FEA
:10149000204670BDC20703D4D3F82021002AE2D130
:1014A00000232A681C461361EEE71C46F0E700BFE4
:1014B00030B4436801691A68D2F80433DB0502D5F9
:1014C000D2F8203113BB0B68D2F85841E3B15CB1BC
:1014D00000241C610B68DC7B24B94FF48003C2F844
:1014E00008330B689C7B6CB9D2F824412CB10023E3
:1014F000C2F82431D2F824310B681A6822B130BC0A
:101500005968104700229A7330BC7047EFF311837B
:10151000202484F31288BFF36F8FD2F8204134B1B6
:1015200000250124C2F82051D2F82051D46083F361
:101530001188BFF36F8FC6E72DE9F043054687B0EA
:10154000002201210820E8F7C7F80820E8F794F8FE
:101550006C680121E66805AA3046FFF751FD0028B6
:1015600005DB059B326819791868FFF773FD6A6817
:1015700023691268C2F82435A17D637D0B43217D68
:101580000B43C2F86C356E68D6E9004313F00103D3
:1015900038D10822C4F80025B269C4F844250122D4
:1015A000C4F84835A260D4F82031002BFBD00021CC
:1015B00001224FF48073C4F82011D4F82011E260A6
:1015C000C4F80433D4F85831002BFBD00021C4F800
:1015D00000156C6805AAE56826682846FFF710FD27
:1015E000002805DB059B2A6819791868FFF732FD8A
:1015F0000823C6F80035237A2BB30027384607B0F6
:10160000BDE8F0834FF00008D5F8109004F10C010C
:10161000C4F8A08109F10C0204F59070C4F88C8024
:1016200001F066FE071E1ADB99F80C0001F084FE3B
:101630000823C4F80035B369C4F844350123C4F85D
:101640004885A360BEE70122E169C6F83415C6F8F3
:101650003825C6F81031D6F810313260CDE7074989
:101660000B685B07CAD0064A4346CDE90182404673
:101670000122CDF80080FFF7BBFEBFE75CA9012087
:10168000D407080010B443681B68D3F8042352023F
:1016900010D4D3F8043313F0100302D1184610BC51
:1016A0007047436810BC1B68D3F81001003818BF9E
:1016B0000120704702691168CC7B002CE9D0D3F877
:1016C0005841002CE5D000240C6112689289002A50
:1016D000DFD00120E3E700BF2DE9F04105460E46CB
:1016E000D0F8048008F050FC88BB3B4B1B7873B3E8
:1016F000202718E0EFF3118287F31288BFF36F8F72
:101700006B681968D1F8580168BB5B68DB0702D4C5
:10171000D1F820313BBB82F31188BFF36F8F2120BA
:10172000002109F079FC64246B681A68D2F858111A
:101730000029DFD15B68D90703D4D2F82031002B10
:10174000D8D1012001F06CFD013CEDD1E7E7EFF3CA
:101750001182202484F31288BFF36F8F6B6819689D
:10176000D1F85801D8B101210020D8F818301E70E6
:101770006B68D8F818401B68C3F84445C3F848158F
:10178000C3F82001D3F82041C3F85801D3F8580119
:10179000996082F31188BFF36F8FBDE8F0815B68B9
:1017A00003F001031BB9D1F82031002BDBD182F308
:1017B0001188BFF36F8FEFF3118284F31288BFF3A8
:1017C0006F8F6B68D3E90013D1F8580103F0010360
:1017D0000028C8D1E6E700BFB01302200022012193
:1017E0000B20E7F779BF00BF002300B587B0DDF815
:1017F00028C00BA803900590CDE900331846CDF81A
:1018000008C0E2F731FA07B05DF804FB70B505696E
:101810000446A96605F1500007F0CEFD002385F8C7
:1018200094302469A36ACBB11A7DBAB19A88D204E4
:1018300014D4186906F038FC0121A36A98681A7B51
:10184000436891401B68046919420DD0236819420E
:1018500005D0BDE870408368DB68184770BD8368B9
:10186000BDE870401B69184740F2A2610148E1F7EA
:10187000BBF800BFE80408002DE9F0410569064601
:10188000D5F880404168D5F8883084B0002C49D024
:10189000224613B19C4228BF1A460F8DE96F97422A
:1018A00028BF1746D5F8848051BBB8F1000F68D027
:1018B0009BB30A4608F06040B0F1005F04D0082FE7
:1018C00028BF0827D5F89C80C5F89070002A71D0F1
:1018D000D5F88040002C18BF3C46019403B300911A
:1018E0002846694600220397CDF8088002F088FD5B
:1018F0000146F8B1304604B0BDE8F041FFF786BFBD
:1019000001F06042B2F1005F17D1B8F1000F27D0AB
:10191000002BCED1C5F89070DCE7C5F8907001912E
:101920000027DCE7ABBB1946304604B0BDE8F04108
:10193000FFF76CBF04B0BDE8F081082F28BF08276F
:10194000D5F898003A4615F0F9FCD5F88430D5F86A
:101950009810EA6F43B1D5F88830002BB4D0A9E7CE
:10196000C5F890700197DBE7C5F8907072B1D5F8B3
:101970008030002B18BF3B460193D1E7B8F1000F30
:1019800097D14FF000084146C5F8907000270197A5
:10199000A5E70F8DE96F9F4228BF1F46D5F88480C9
:1019A0000029EBD0B8F1000F83D1C5F89070CDF8C5
:1019B0000480B5E7019291E70378A3BB30B50C69C9
:1019C00085B0D4F890201546002A3ED0D4F8841073
:1019D00079B1D4F888303BB3C06800285CD0884225
:1019E0005AD00846D4F89C1015F0A8FCD4F89020E2
:1019F0001546D4F88010D9B9D4F8883063B19D4227
:101A00002CD85B1BC4F88830002B60D0D4F884300D
:101A100013B12B44C4F88430D4F88C0005B0BDE871
:101A20003040FFF729BF7047D4F880100029F3D069
:101A3000914221D3891AC4F88010002931D0E36F74
:101A40000BB11344E3671546D6E76FF07301D4F882
:101A50008C0005B0BDE83040FFF7D8BE2B490B68BD
:101A60005B07D9D000232A480122CDE90130009339
:101A70001846FFF7B9FECFE724490B685807E2D0B4
:101A8000002323480122CDE9013000931846FFF7D7
:101A9000ABFED4F89050AFE7D4F880100029C7D13E
:101AA000ADE7D4E91B130831013BC4E91B1323B98B
:101AB00026E00831C4E91B1313B34868013B002832
:101AC000F7D0C4F880000B681546E36794E7D4E9C3
:101AD0001D230832013BC4E91D2323B90BE0083262
:101AE000C4E91D233BB15168013B0029F7D0C4F87C
:101AF000881013688EE700221346C4F8882089E70F
:101B000000210B46C4F88010DEE700BF40A9012089
:101B10006808080010B50469E36A8B4228D1A26AFC
:101B2000934228D194F8942042BBBBB11A7DAAB14C
:101B3000186906F0B9FA0121A36A986893F80CC0F5
:101B4000426801FA0CF112680369114219D01B684E
:101B5000194283680CBF1B69DB689847236C0BB183
:101B6000002010BDE36204F1380007F025FCF7E720
:101B70006FF0770010BD6FF0150010BD6FF00F0013
:101B800010BD40F2A2610148E0F72EFFE804080012
:101B90002DE9F047446888B0E56A0669012180466E
:101BA00007AA2846FFF72CFA002805DB079B2A68BE
:101BB00019791868FFF74EFA616B4F1C40F08B8063
:101BC000636A9847D6E90C5305EBC3039D4252D292
:101BD000012705F108043DE054F8080C14F8041C32
:101BE00034F8023C03F03002302AD0F810A0D0E9DB
:101BF000019E00F09C8003F00602042A00F0A18000
:101C0000DA0754BF43F4B01C83F4D01CD9F8003079
:101C100007FA01F919EA030F2CF4801200F08C8006
:101C2000DAF800301CF0010F14BF43EA090323EA7D
:101C30000903CAF80030DEF800309847B0F1000917
:101C400015DBD6E90C32083503EBC2039D4204F1E3
:101C5000080410D254F8080C06F07CFA0346002859
:101C6000BAD144490A68540754D16FF01209484662
:101C700008B0BDE8F087B36AABB11A7D9AB11869B4
:101C800006F012FA0121B36A98681B7B99404368F9
:101C90001A680369114267D01B681942836814BF30
:101CA000DB681B699847336C73B3D8F804300021A4
:101CB000DC6A07AA2046FFF7A3F9002805DB079B8B
:101CC000226819791868FFF7C5F94FF000094846EE
:101CD00008B0BDE8F087206B00F0DAFA10F1130FBE
:101CE000814633D010F1050F7FF46AAF21490B68AC
:101CF0005D07BCD0002320480122CDE901300093CC
:101D00001846FFF771FDB2E7F36206F1380007F0FD
:101D100053FBCAE72A79194C04922A681268CDE964
:101D20000000CDE902420122FFF75EFD9DE740F28F
:101D3000F7311348E0F758FE40F211411048E0F740
:101D400053FE40F2FE310E48E0F74EFE09490B68A3
:101D50005E078AD000230B4801220290CDE90033B0
:101D60001846FFF741FD80E740F2A2610448E0F722
:101D70003BFE00BF40A90120B4080800D4080800B9
:101D8000E8040800880808002DE9F04F9A468FB053
:101D90008B88049242689D040F46064604690592AA
:101DA00002D5236C002B60D04FF0FF324FF0FF3391
:101DB00004F1380007F070FBE762D6F81080726813
:101DC00098F895B01068BBF1000F03D0D8F8283010
:101DD0009F4270D0B7F804E01EF4006340F0E18148
:101DE0001EF0010540F0E4811EF0080340F0EF8191
:101DF000CEF34511082940F0CD813968A64DA9429E
:101E000040F2F381884228BF0846814602F1040C63
:101E100006ADBCE80F000FC59CE80F0085E80F0079
:101E20009E4B994580F0D5809D4B994500F23281BB
:101E30009C4B994500F2AA819B4B994500F25C812D
:101E40009A4B994500F2A48199499A4B9A4A89453F
:101E500088BF13461EF0020F0B930EF0040340F0F0
:101E6000C080003B18BF0123BFE0E36A99429BD1C9
:101E7000A3E7002A40F0E4804FF0FF32DA40D207B7
:101E800040F1DE80012202FA03F38C4A936098F855
:101E900095B0BBF1000F40F0CC8033464046884AF5
:101EA00006A902F0D5F9051EC0F23E810123C8F84B
:101EB000287088F89530012384F89430059B596B7D
:101EC0004D1C40F01B81049B002B00F0BE80049B46
:101ED0001B68E366002B00F0B980049A5268226701
:101EE0003AB9B5E00833013AC4E91B32002A00F0E0
:101EF000AF8059680029F5D0C4F880101B68E367EB
:101F0000BAF1000F40F0AD80C4F874A00023A367BD
:101F100000231946C4F888300022A36AC4F884104C
:101F2000A2661BB11A7D002A40F0D0803046FFF730
:101F3000A3FC226F42B1E36E03EBC200002259689A
:101F4000083398420A44FAD1A56F5DB10021636F4E
:101F500003EBC50558680833AB420144FAD18A4205
:101F600038BF0A464FF4FA5C00250CFB02F2A36A64
:101F700040F2E73019684FF40043B2FBF1F2294612
:101F8000C832E2FB03014FF47A7200230EF0D0FC5A
:101F900004F1500702460B46384607F07DFA002848
:101FA00040F02B81A56E15F1740F00F02A81002DF1
:101FB00040F0CA80A36A13B19B889B0405D4002318
:101FC000E36204F1380007F0F7F928460FB0BDE8E6
:101FD000F08F324B1EF0020F0B930EF004033FF410
:101FE00040AF002B14BF032302238DF83030CEF313
:101FF00000138DF83130D8F80030D3F80835581C6C
:102000003FF447AF1EF0020F4FEA53127FF431AF97
:10201000B2B94FF0FF32DA40D10711D5012202FAEE
:1020200003F3264AD36098F895B0BBF1000F3FF454
:1020300034AF404602F052F9002388F895302CE77F
:102040004FF474711F48E0F7CFFCE3660023236769
:1020500000221346C4F88020E367BAF1000F3FF472
:1020600053AFDAF800306367002B3FF44FAFDAF874
:102070000420A2673AB94BE70833013AC4E91D329C
:10208000002A3FF445AF59680029F5D0C4F88810FC
:10209000196841E70C4B9DE747E8010000127A0000
:1020A000FF083D007F841E003F420F001FA1070074
:1020B0008FD0030048E8010090D003000025844041
:1020C000B91906003807080000093D0001211A7BF4
:1020D00098689140426803691268114200F0B88024
:1020E0001B681942836814BF1B69DB689847A36AA1
:1020F000186905F0D9FF19E7584B6BE7186B00F02A
:10210000F1F874307FF4DFAE55490B6813F0060F19
:102110003FF4D9AE0023534A18460292CDE900336A
:102120000222FFF761FBCEE64D490B685E073FF4E4
:1021300041AF00234C4A1846CDE90225CDE90033D2
:102140000122FFF751FB35E73669B36A002B3FF4F4
:1021500031AF1A7D002A3FF42DAF9A88D2043FF5A3
:1021600029AF186905F0A0FF0121B36A1A7B9868AE
:102170009140426803691268114269D01B68194294
:10218000836814BFDB681B69984713E7374B21E767
:10219000374B1FE732490A6856072CD16FF01505F7
:1021A00008E72F490B6858073ED16FF0850501E716
:1021B0002B490A685207F1D030682E4ACDE9003326
:1021C000CDE9022001221846FFF70EFBE6E724497D
:1021D0000B685F07E2D02B46274ACDE9013218464B
:1021E00001220093FFF700FBD8E71D490A68550755
:1021F000D4D0224AF1E7224AEFE719490B68580781
:102200001CD100252046C4F8905002F067F86FF00A
:102210007301304684F89550FFF7F8FA384607F016
:102220008DF96FF07305C5E6002316480122CDE94C
:10223000013000931846FFF7D7FAB6E7124B28464D
:10224000029301222B46CDE90055FFF7CDFAD8E7DE
:1022500040F2A2610D48E0F7C7FB00BF40420F000B
:1022600040A90120E4090800BC09080080841E0080
:1022700020A107001409080038090800880908008F
:1022800058090800F8080800100A0800E8040800C7
:102290000222F0B50124002787B00DEB020503955B
:1022A0000E4601AD0DF1030104958DF8024005467F
:1022B00002918DF80420059701F0D8FC041E07DB7D
:1022C0003146284603AA01F003FB041E03DB3C460B
:1022D000204607B0F0BD28469DF8031001F0B2FC7F
:1022E000F6E700BF2DE9F0410E46044601F05CFD23
:1022F000002231460546204601F0D0FC73092CD15E
:102300004FF0FF33F340DB0727D5184B03EB86086C
:10231000D8F80022164B134043F00C03C8F80032E3
:1023200000F07EFA074604E000F07AFAC31B062BA1
:1023300018D823685B59002BF6D00025204631467B
:1023400001F026FDD8F80022094B2846134043F03F
:102350000403C8F80032BDE8F0814FF474710548F9
:10236000E0F742FB6FF07305E8E700BF002584400B
:10237000F0F8FCFF3807080030B40F490B68D01A9A
:10238000C3180B6022F07F424B68A2F5001443F1A2
:102390000003B4F5400F4B600AD2084B1B681906C6
:1023A0008C184FEA1323064A43F10005C2E90045A1
:1023B00030BC09F089BC00BF90FA0120AC120220A9
:1023C00098FA01202DE9F047424B04461B680D4660
:1023D0001A0A1B06BFF35F8F3F49D1F80415CB18CB
:1023E00042F10002B1F5801F06D23C49D1E900015B
:1023F000834272EB010167D3A34272EB050150D215
:102400003749E31A65EB02028B4272F1000259D29E
:10241000DFF8D0E0DEE902239D4208BF94424BD0B2
:102420004FF480364FF000096FF0020C2A4A24F076
:102430007F48C2F84863C2F84091D2F84031C2F8F0
:102440004085C2F84463D2F80415274FACEB010372
:10245000434423F07F43BB422ED90320D2F84031BE
:1024600063B1D2F80415A1EB080323F07F43B3F561
:10247000000F21D9C2F84091D2F8403101EB000A97
:102480002AF07F43C2F84035C2F84463D2F80415FD
:102490000130ACEB0103534423F07F43BB42DDD852
:1024A0000AE0124BD3E8EF1F41F00101C3E8E21F3D
:1024B000002AF7D1DFF82CE000230D4ACEE90245CF
:1024C000CEE90023BDE8F08713F1807342F10002EA
:1024D00092E700BFAC1202200050014098FA0120A0
:1024E0000100800080FA0120FDFF7F00A41202207D
:1024F000792306002DE9F047002202204FF0FF3833
:102500004FF0FF394FF480364FF40017284C294B19
:10251000DFF8A4A0C4F80833C4F84833274BC4F844
:1025200008250121C3E90289C4F80463C4F804033F
:102530001520CAF88071E7F7CFF81520E7F79CF867
:1025400001231F4DA36023602B60D5E8EF8F28F097
:102550000103C5E8E23F002AF7D1C4F80863BFF3DE
:102560005F8FBFF36F8F00211648FFF72BFF18F026
:10257000010F05D10220FDF759FC0020BDE8F087CE
:10258000D5E8EF3F43F00103C5E8E23F002AF7D169
:102590000D4BC4F80463D3E8AF3FDB074FF00200F4
:1025A00048BFCAF80071FDF741FC0020BDE8F08784
:1025B0000050014003000F0000E100E080FA01201C
:1025C000A8120220FFFF7F00A4120220414BD3F883
:1025D0000423900705D43F4BD3F80423D10312D42E
:1025E0007047D3F80421002AF5D000213A4AC3F8F5
:1025F0000411D3F80431136801331360354BD3F859
:102600000423D103ECD52DE9F043344A83B0D2E85A
:10261000EF1F21F00100C2E8E40F002CF7D1CA0738
:1026200005D4D3F8403113B903B0BDE8F0830021DD
:10263000284A294BC2F84011D2F840111B68190AE8
:102640001B06BFF35F8FD2F80425D31841F10001B8
:10265000B2F5801F0AD2224AD2E90067B34271EB79
:10266000070203D213F1807341F10001EFF3118CE3
:10267000202282F31288BFF36F8F1A4CD4E90267CD
:10268000B342B9411FD34FF0FF384FF0FF3900205C
:102690004FF48032C4E902890E4B216865682060DE
:1026A000C3F84823C3F84001D3F840318CF31188B4
:1026B000BFF36F8F0029B7D032463B46009588475D
:1026C00003B0BDE8F0838CF31188BFF36F8F03B0C4
:1026D000BDE8F08300500140AC120220A412022099
:1026E00098FA012080FA0120411CF8B55BD02F4BED
:1026F0009842A8BF18460128B8BF01202C4B1B6880
:10270000190A1B06BFF35F8F2A4AD2F80425D31893
:1027100041F10001B2F5801F05D2274AD2E90045F8
:10272000A342A9413CD32549D1E900219B1AB3F525
:10273000000F33D21D4C1844A04228BF2046204C25
:10274000D4E8EF7F27F00103C4E8E53F002DF7D17F
:102750004FF48036174DC5F80863BFF35F8FBFF3A2
:102760006F8F101841F10001FFF72CFEFA0700D41B
:10277000F8BDD4E8EF3F43F00103C4E8E23F002A8C
:10278000F7D1104BC5F80463D3E8AF3FDB07EFD5B3
:102790004FF400120C4BC3F80021F8BD0348CEE7FC
:1027A00013F18073BFE70148A8E700BFFFFF7F0078
:1027B000AC1202200050014098FA012090FA01204A
:1027C000A8120220A412022000E100E0104B1B68B6
:1027D000190A1B06BFF35F8F0E4AD2F80425D318DF
:1027E00041F10001B2F5801F0DD230B40A4AD2E99E
:1027F0000045A342A94101D213F18073074A30BCBE
:102800001068181A7047054A1068181A704700BFF8
:10281000AC1202200050014098FA012090FA0120E9
:102820000D4B1868020A0006BFF35F8F0B4BD3F8FD
:102830000435181842F10002B3F5801F0AD230B4F3
:10284000074BD3E90045A042AA4101D210F18070A4
:1028500030BC7047704700BFAC12022000500140EE
:1028600098FA0120012310B5074C15206360E6F7A4
:1028700011FF4FF40011054B054AC4F80833C4F8A2
:102880004833C2F8801110BD0050014003000F0012
:1028900000E100E008B500F033FB00B908BD0023FB
:1028A00083F31188BFF36F8F0423184602DF6FF0A4
:1028B000040008BD002300B587B0DDF828C00BA8D0
:1028C0000390059001221846CDE90033CDF808C0E9
:1028D000E1F7CAF907B05DF804FB00BF10B50D4978
:1028E0000D4884B000F086FA044610B9204604B0C2
:1028F00010BD0A490B685B07F8D000230848012285
:10290000CDE90204CDE900331846FFF7D3FF204696
:1029100004B010BD9D2D0600B012022030A9012088
:10292000E40A08002DE9F047DFF8AC82AB4FD8F895
:1029300070403B68072C0D4686B003F0070300F09B
:10294000080661D0132C43D0052C12D0002B40F088
:1029500088800024EB69002E48D02946204623F4C5
:10296000FF7323F00103EB6106B0BDE8F047E6F723
:10297000D5B8D8F85480002B40F0AB8018F4805FB5
:1029800040F08380162418F4006F08F4007900F0FA
:1029900087803B68580740F06481B9F1000F00F070
:1029A00019818F4B18F4004F9B6B40F0DD80192488
:1029B00018F4806F08F4807900F0E1803B685B07D1
:1029C00040F03881B9F1000F00F0EB801B240AE0E1
:1029D000D8F86C80002B40F0A88018F0010F2FD0A1
:1029E0003B68580722D1EB69002EB6D1C3F3080229
:1029F00040F2FF110AB90B43EB612946204606B0AD
:102A0000BDE8F047E6F78AB8D8F85C40002B6BD1F8
:102A1000630604F0010A55D4BAF1000F00F0CB8030
:102A20003B685A0740F012812624DCE700236D4AF8
:102A300018460292CDE9003301226849FFF73AFFB8
:102A400018F0040FCFD03B685907CCD00023664A5A
:102A500018460292CDE9003301226049FFF72AFFB0
:102A6000C1E7624B6248634A0F2CC8BF1846002377
:102A7000103C049402920390394601221846CDE995
:102A80000033FFF717FF002464E73B685C0740F062
:102A9000108118F4006F08F400797FF47EAF1724DA
:102AA000B9F1000F84D03B6859073FF47AAF524B1D
:102AB00001220293002349491846CDE90033FFF76C
:102AC000F9FE6EE7BAF1000FAED1A20775D5272443
:102AD00089E74A4B01220293002339461846CDE983
:102AE0000033FFF7E7FE49E74FF000090122444BAE
:102AF0004846029339464B46CDE9009904EA020A5A
:102B0000FFF7D8FE600687D53A68D8F868305107D5
:102B1000D8D003933B4B4846029301224B4639469B
:102B2000CDE90099FFF7C6FE76E74FF00009364B76
:102B30000122029339464B464846CDE90099FFF7FA
:102B4000B9FE18F0020F3FF448AF3B685B073FF453
:102B500044AF2E4B4846029301224B463946CDE9FD
:102B60000099FFF7A7FE38E73A68520740F08A80DD
:102B7000192418F4806F08F480797FF423AFB9F139
:102B8000000F0FD03B685F073FF420AF00232049C0
:102B9000012202911846CDE900331049FFF78AFE61
:102BA00014E71A2418F4005F3FF41DAF3B685C077C
:102BB00074D11C2417E7A3072CD414F004035CD1B0
:102BC00014F0080200F081803A68520740F09880C3
:102BD000292408E71824CCE7B012022030A90120EC
:102BE00000ED00E0540C0800840C0800F4AF07006E
:102BF000DCAF0700E0B0070070AE070044AE07008E
:102C0000200B08003C0B0800080C0800240C0800EE
:102C1000C0AE07003B6858073FF459AF524A5346CD
:102C2000CDE901A2504601225049CDF800A0FFF79E
:102C300041FE4CE700234E4A18460292CDE900338C
:102C400001224A491A24FFF735FE98E70023494933
:102C5000012202911846CDE900334449FFF72AFECC
:102C6000E2E60023444A18460292CDE900330122ED
:102C70003E491824FFF71EFE12E73B6859072CD186
:102C80002824B0E603933D4B0122029300233749E9
:102C90001846CDE90033FFF70DFE88E600233849DA
:102CA000012202911846CDE900333049FFF702FEB8
:102CB0007FE7344B0122029300232C491846CDE9CB
:102CC00000331724FFF7F6FD5DE614F010030FD074
:102CD0003B685F0725D12A2485E600232A49012283
:102CE00002911846CDE900332049FFF7E3FDC7E71D
:102CF00014F020020ED03A6854071FD12B2472E63C
:102D0000224A1846CDE90132184901220093FFF703
:102D1000D1FD5DE720060FD53B68590718D12C245B
:102D200061E61B491346CDE90121104600920F4987
:102D30000122FFF7BFFDCEE7252454E6154A1846C9
:102D4000CDE90132094901220093FFF7B3FDD5E730
:102D500011491346CDE90121104600920349012291
:102D6000FFF7A8FDDBE700BF640B080030A90120D6
:102D7000A4AE07004C0B08007CAD07008CAE07002A
:102D8000E0AD07005CAE0700840B0800A00B080054
:102D9000C00B0800D80B0800F40B080010B5134B4B
:102DA00088B01A78E2B1D3E90E019A6A5C6A01929E
:102DB000DA6A059002921A6B009403925A6B04929D
:102DC0001A6CD3E9130320F005009B07CDE9061226
:102DD00048BF40F004006946FFF7A4FD08B010BDED
:102DE0004FF492710248DFF7FFFD00BFB0120220DE
:102DF000B80C0800042370B5082506460C4688B0B8
:102E000006AA02920DEB0302184604920DEB05018F
:102E100004AA059306960395079400F04DF802283E
:102E2000019B0AD0032804D058B14FF0FF3008B0FE
:102E300070BD6FF0850008B070BD6FF0150008B070
:102E400070BD181E18BF0120404208B070BD00BF01
:102E5000002070472DE9F041DDF8188004460D464A
:102E600016461F4607F090F8B0B9114B1B789BB17E
:102E70004FF0FF324FF0FF330E4805F059FF98B97D
:102E800043463A4631462846A0470446094805F0DD
:102E9000FFFF2046BDE8F08143463A4631462846CA
:102EA000A446BDE8F04160476FF08304F1E700BF3E
:102EB000B0130220A4AA012030B50023042489B055
:102EC00003ADCDE90633049503900594A1B1D1E992
:102ED00000010223CDE90601141E18BF012400924F
:102EE00040F2F53104AA0194044800F077F9002873
:102EF000B8BF012009B030BD0123EDE70501004056
:102F0000002070472DE9F0434FF040089BB00DF1D1
:102F1000280905460E4614460021424648461F46EB
:102F200014F018FA1C230122CDE90736099404266F
:102F300040F2032402ABCDE900320021032304AAAE
:102F40000648CDE90498029706950396ADF85040DF
:102F500000F044F91BB0BDE8F08300BF0001004061
:102F600030B595B004463C22002105A814F0F2F9D2
:102F700000214FF4017C402504AB0293CDE9001100
:102F8000012302AA04480494ADF838C0039500F068
:102F900025F915B030BD00BF000100402DE9F04318
:102FA0004FF040081F46064699B00DF120090D4626
:102FB000144600214246484614F0CCF9209B09965D
:102FC000CDE9027301274FF4407602AB009304AAC7
:102FD0000223002101970748CDE90498069507943C
:102FE000ADF8486000F0FAF8039B219A136019B01D
:102FF000BDE8F083000100402DE9F0429AB081461F
:103000000E461546002138220CA81C46209F14F0BD
:10301000A1F94FF4C063CDE90A96ADF85030002F06
:103020002ED00023229A102C0692239A0593CDE9E4
:103030000727219A0992249A0292259ACDE903231F
:1030400021D835B124B1224629460FA814F076F9CB
:10305000139401254024002F02AA0AA90CBF0223C1
:1030600003230092049104AA0021084801950594C5
:1030700000F0B4F8039B269A13601AB0BDE8F08202
:10308000219B002BCDD06FF08600F6E700010040B9
:103090002DE9F0429AB081460E46154600213822AD
:1030A0000CA81C46209F14F055F940F20163CDE9AD
:1030B0000A96ADF85030002F2ED00023229A102C03
:1030C0000692239A0593CDE90727219A0992249A1B
:1030D0000292259ACDE9032321D835B124B12246A5
:1030E00029460FA814F02AF9139401254024002F33
:1030F00002AA0AA90CBF022303230092049104AA86
:10310000002108480195059400F068F8039B269A71
:1031100013601AB0BDE8F082219B002BCDD06FF078
:103120008600F6E70001004070B5402696B006AB79
:1031300005460C4632460021184614F00BF94FF4B0
:103140008072CDE90206CDE90454ADF8402014B9EF
:10315000204616B070BD012304AA0092002102AAE5
:103160000193024800F03AF816B070BD000100402B
:10317000F0B51F4606460D4699B014460021382288
:103180000AA814F0E7F8CDE90776012709954FF46E
:10319000806640251E9B04AA02931F9B0021039377
:1031A00008AB049302AB00930197022305480694F1
:1031B000ADF84860059500F011F8039B209A136064
:1031C00019B0F0BD0001004000230360436083603C
:1031D000C360036143618361704700BF10B5B1F5FF
:1031E000004F8C46039C10D2042B9E460DD8042C15
:1031F0000BD8240444EA0E6401461346044844EA0A
:103200000C02BDE81040FFF725BE6FF0800010BD36
:10321000217C0100704700BF03460020184700BF13
:1032200004F042BF01680346D1B100B5B1FA81F0A4
:103230000122C0F11F00824021EA0202D3E8EFCF51
:103240008C4504D1C3E8EE2FBEF1000FF6D101D1B9
:103250005DF804FB19680029E8D16FF00B00F7E76F
:103260006FF00B00704700BF036823FA01F2D2072A
:1032700011D4012200B58A4043EA0201D0E8EFCF21
:103280009C4504D1C0E8EE1FBEF1000FF6D105D178
:1032900000205DF804FB6FF015007047036842EAF8
:1032A0000301D0E8EFCF9C45F1D1C0E8EE1FBEF19D
:1032B000000FECD0F5E700BF014B1860704700BF6E
:1032C0002413022010B5084B186838B11446FFF7D4
:1032D000A9FF0028A4BF2070002010BD40F2F31108
:1032E0000248DFF781FB00BF24130220EC0C08002A
:1032F000D0F88030002B02DA6FF01500704770B5FF
:10330000D1F880300E46002BB8BF6FF0150000DA00
:1033100070BD0021044608461546FFF7D3FF00287C
:10332000F6D12B7843F00043C4F880302B7843F07B
:103330000043C6F8803070BD0123024A8340C2F8C2
:103340000435704700700140014B00201B6818478E
:1033500028130220014B1B68184700BF28130220C6
:1033600010B50D4C22799AB903460122002B0B4867
:1033700008BF18462360227100F08EF850B9236808
:103380000748002B08BF1846BDE8104000F0E2B81F
:103390006FF0770010BD00BF2813022049330600EC
:1033A0005533060008B5094B1A795AB11B681BB191
:1033B0000520E6F783F900B108BD0520BDE8084007
:1033C000E6F75AB9B1210248DFF70EFB28130220B5
:1033D0002C0D080008B50C4B1B797BB128B10128D6
:1033E00007D1BDE8084000F067B8BDE8084000F02C
:1033F000C5B84FF492710548DFF7F6FA40F20511AF
:103400000248DFF7F1FA00BF281302202C0D080054
:1034100008B50C4B1B797BB128B1012807D1BDE859
:10342000084000F06FB8BDE8084000F027B94FF43D
:10343000A5710548DFF7D8FA40F22B110248DFF7F3
:10344000D3FA00BF281302202C0D080008B500F0A5
:1034500069F8BDE8084000F039B900BF38B500226E
:10346000012342F210740B4DC5F808336B60C5F8A8
:103470000021D5F80031D5F80C34D5F80C24D90347
:1034800001D5D30700D438BD0120FFF7C9FE013CA8
:10349000F1D138BD00500040064902460B7933B9DE
:1034A0004FF0010C18460A6081F804C070476FF0B5
:1034B000770070473013022008B50F4A1379B3B173
:1034C000002001210D4BC3F80001D3F80001196061
:1034D000126812B1C3F8041308BDD3F80021002A02
:1034E000FBD00022C3F80021D3F8003108BD7721BA
:1034F0000348DFF779FA00BF301302200050004084
:103500006C0D080008B5054B1B791BB1BDE80840E0
:10351000FFF7A4BF89210248DFF766FA30130220C3
:103520006C0D0800094BD3F80423D2070DD5D3F84E
:10353000002152B100200121C3F80001044AD3F850
:103540000001C3F808131368184770470050004083
:1035500030130220074A13794BB9012110B4064CED
:1035600010601171C4F81815184610BC70476FF040
:1035700077007047381302200050004070B53C4E71
:103580003379002B70D03B4CD4F81834D4F818247D
:1035900013F480333BD1D4F81424D2071AD4012277
:1035A00000200121334BC3F81825C3F80401D3F8D8
:1035B0000421996032681AB10222C3F8042370BD55
:1035C000D3F80421002AFBD00022C3F80421D3F849
:1035D000043170BDD4F81C2402F00302013A012A20
:1035E00032D902210122C4F80813E260C4F8043180
:1035F00042F21075D4F8043104E00120FFF710FE08
:10360000013DCCD0D4F81834DB03C8D5F5E702F07F
:103610000302022AC4D0012AC1D0002302210122C0
:10362000C4F80813E260C4F8043142F21075D4F80B
:10363000043104E00120FFF7F3FD013DAFD0D4F8E1
:103640001834D903ABD5F5E733681BB10223C4F8AE
:10365000043370BDD4F80431002BFBD00023C4F830
:103660000431D4F8043170BDE5210348DFF7BCF91B
:103670003813022000500040B00D080038B5104B40
:103680001B79BBB10023022101220E4D42F21074BE
:10369000C5F80813EA60C5F80431D5F8043104E030
:1036A0000120FFF7BDFD013C03D0D5F81834DB0342
:1036B000F6D438BD4FF491710348DFF795F900BF98
:1036C0003813022000500040B00D0800F8B51E4D20
:1036D000D5F8044314F0020426D001261B4FB4FA97
:1036E00084F0C0F11F00830003F580739BB203F1E7
:1036F000804303F5A043196806FA00F224EA0204A5
:1037000081B10021012819601B68C5F8082315D173
:10371000D5F81834D5F8183403F00303012B04D07E
:103720003B689847002CDAD1F8BD0222C5F818256D
:10373000C5F80423AB60002CD1D1F5E74FF4F57147
:103740000348DFF751F900BF005000403813022052
:10375000B00D080070B5CBB2083330F81330154601
:10376000DA050E46044609D5C3F3432300EBC30232
:10377000294650F83330526830469847A3682BB139
:1037800029463046E268BDE87040184770BD00BF6A
:1037900008B5C9B200EB4103998ACA0514D521F4D2
:1037A000F8529A82C1F3432100F1120200F1520C47
:1037B00001E0944509D032F8023F13F4807FF8D03D
:1037C000C3F343239942F4D108BD002200EBC103A7
:1037D0005A605830FFF748FD0028F5D04FF4DB71F0
:1037E0000148DFF701F900BFF40D080008B5CBB2BE
:1037F00000EB43039B8A9A0611D59A070FD4012246
:1038000001685B0B9A40C1F80823026802EB83034E
:10381000D3F8102522F00302C3F8102508BD4B0988
:103820000ED14FF0FF33CB40DB0709D5074B03EB3D
:103830008103D3F8002222F44032C3F8002208BDED
:103840004FF474710248DFF7CFF800BF00258440C1
:103850003807080070B5CDB200EB4505AB8ADC0730
:103860002DD50C460646FFF7C1FFAB8A9A0608D550
:1038700032685B0B02EB83030022C3F81025C3F808
:10388000102530462146FFF783FF00236009AB82F5
:1038900010D14FF0FF33E340DB070BD5094A0A4B49
:1038A00002EB8402D2F800120B4043F00203C2F88C
:1038B000003270BD4FF474710448DFF795F86FF073
:1038C000150070BD00258440F0F8FCFF38070800A3
:1038D000F8B5002800F0A280044610680D4600B339
:1038E000CBB204EB4303998A01F02201222968D06C
:1038F00069095FD14FF0FF31E940C9075AD5067811
:10390000494800EB8500D0F8001221F00F0141EA90
:103910008601C0F80012998A21F0020141F00101EC
:103920009982536803B3E9B204EB410118785E68E9
:103930008B8A9F0743D441F6DF773B408B8276B179
:1039400003283ED853685B681E78236803EB860320
:10395000002839D1C3F81005C3F810058B8A23F06D
:103960001C0343EA80038B8293680BB3D3E9007690
:1039700029462046FFF70CFFD7B163689F4202D16A
:10398000A3689E4247D004F15800FFF74BFC002883
:103990000FDB430203F47E4304EBC000EDB247604B
:1039A000866004EB4504A28A134343F48073A38228
:1039B0000020F8BD4FF474711C48DFF715F8002E95
:1039C000CDD06FF01500F8BDD3F8107527F00307C0
:1039D000C3F81075276807EB8607D7F8103523F46E
:1039E000473323F44073C7F810352B02D7F810C5BE
:1039F00003F4F85343EA004343EA0C03C7F81035D5
:103A000004EB4603A3F85C508B8A43EA463343F049
:103A100020039BB2A3E700231846BDE740F25E41B6
:103A20000348DEF7E1FF00BF0025844038070800A7
:103A3000F40D080070B5002879D092B35FFA81FECA
:103A400000EB4E0EBEF81440A60701D4A5066BD4B9
:103A500014F01C0F02D05478012C65D04C093CD1D5
:103A60004FF0FF34CC40E40737D5334D05EB8105EB
:103A7000D5F8004224F4E16C14782CF0070C4CEAE1
:103A8000042C547892784CEA440C4CEA820242F0BE
:103A90000102C5F80022BEF8142042F00302AEF87D
:103AA0001420C3B1CCB200EB4404A28A92073BD5E8
:103AB00000261D7802684FEA850C02EB8502C2F8E9
:103AC0001065C2F81065A28A22F4604222F020023A
:103AD000A2825A7832B9002070BD4FF47471174831
:103AE000DEF782FF9E7812040B02006802F4403277
:103AF00003F4F85313433205604402F48012134375
:103B0000D0F8102522F4981222F4F852C0F81025AB
:103B1000D0F810251343C0F81035A38A43EA453383
:103B200043F02003A382D6E76FF0150070BD4FF479
:103B30008D610348DEF758FF0025844038070800F0
:103B4000F40D080010B1C0E90312704740F2714152
:103B500008B50148DEF748FFF40D080008B560B16C
:103B600082B1C9B200EB4100838A990645BF5B0B65
:103B700000206FF01500137008BD40F27A41044830
:103B8000DEF732FF40F223310148DEF72DFF00BFA0
:103B9000F40D080070B568B390F86C40054690F8D5
:103BA0006D60FCB940222146143013F0D3FB144B56
:103BB000214653F836302A6813B904E0082914D096
:103BC00001318B42FAD1002442F30730C2F87C4124
:103BD000D2F87C31E5F750FD012385F86C30AB65F8
:103BE000204670BD6FF0770070BD40F2A7310548E8
:103BF000DEF7FAFE4FF491610348DEF7F5FE00BFF1
:103C00006C0E0800340E0800F40D080028B190F87E
:103C10006C00003818BF0120704740F28F4108B592
:103C20000148DEF7E1FE00BFF40D080008B1FFF720
:103C300011BE40F29D4108B50148DEF7D5FE00BF38
:103C4000F40D080008B540B1064B90F86D0003EB89
:103C50008000BDE80840FFF707BB40F2A4410248DE
:103C6000DEF7C2FEACA80120F40D080010B560B16B
:103C7000084B90F86D000C4603EB8000FFF7D2FA7A
:103C80000028A4BF2070002010BD40F2AB410248C4
:103C9000DEF7AAFEACA80120F40D080038B5002814
:103CA00065D05FFA81FC00EB4C0CBCF8143013F0CB
:103CB0001C0F57D09D06046819D513F0020516D1C4
:103CC0005B0B4FEA830C0CF58071655061580168FD
:103CD0006144D1F8104544F00104C1F810452AB1FF
:103CE0000122016802FA03F3C1F8043338BDD4F8A5
:103CF0000433002BA4BF4FF00043C4F80433002A60
:103D00003AD0BCF814304A09C3F38203042B19D00B
:103D1000052B1ED0C2B94FF0FF33CB40D80713D5C7
:103D2000184B1B69CB4003F001030233154A02EB29
:103D30008101D1F8002222F4403242EA0343C1F863
:103D4000003238BD03233AB14FF474710E48DEF7E8
:103D50004BFE0223002AF7D14FF0FF32CA40D207B0
:103D6000F2D5E3E740F235410848DEF73DFE4FF477
:103D7000A5610648DEF738FE40F24F410348DEF702
:103D800033FE00BF0025844038070800F40D08000A
:103D900008B1FFF72BBD40F22F5108B50148DEF7FF
:103DA00023FE00BFF40D080008B54B0915D14FF0F4
:103DB000FF33CB40DB0710D500EB4100838A990726
:103DC0000BD413F01C0F08D09A0645BF580B800087
:103DD0004FF4BE7000F5807008BD40F2E911014853
:103DE000DEF702FEF40D08002DE9F04F87B0002841
:103DF00000F00C8183465BF8046B90F86DA0DFF84F
:103E00001892D6F8047359F83AC0FFB2054647F045
:103E1000004709EBCA00BCF1000F3CD000244FF072
:103E2000010E2346A04606F58071019604E0082B9A
:103E300001F1040100F0E58023F040420EFA02F2A5
:103E4000174205D00E681EB1C1F8008014430A68FD
:103E500001339C45EBD1019ED6F87C3103BBBCB14C
:103E6000012794FAA4F3B3FA83F303F5A27256F888
:103E7000222007FA03F105EB430324EA0104584624
:103E8000B3F85C10C2F30142FFF764FC002CE8D1E8
:103E900007B0BDE8F08FD6F87C31002BF8D064462F
:103EA000002209EBCA09D9F80430C6F87C21DF07E3
:103EB000059206F5BE79D6F87C2103F0010A03D5F8
:103EC000564A136A136205938046544F98F80420AB
:103ED000D10750D5059A002A4DD058461146D346F1
:103EE000CA46A14605AB019691FAA1F1B1FA81F15A
:103EF00001264FEAD10C13F80C2001F0070406FA52
:103F000004F422EA040203F80C2005EB4102B2F8A3
:103F100014C04FF0FF32CA40D2073AD53F4CCCF321
:103F2000820E04EB8104D4F800621CF0100F72467C
:103F3000C6F3014632D1022E58D0D4F800C2BEF1E9
:103F4000030F2CF4403C4CF4003CC4F800C241D1B7
:103F5000CDE90201FFF7FEFBDDE9020105AB01221D
:103F60008A402E490A6205990029BDD14C46D146A6
:103F7000DA468346019ED6F87C218ABBBAF1000F4F
:103F80003FF46DAF3A6A3A62002A3FF468AF059297
:103F90009CE74FF474712248DEF726FDCDE902015B
:103FA000FFF7D8FBDDE90201D4F8002205ABC2F32C
:103FB00001429642D3D1D4F8002222F44032C4F810
:103FC0000022D4F8002222F4403242EA0642C4F829
:103FD0000022C4E7032EC2D1BEF1020FBFD1B7E762
:103FE0000022C9F80020D9F80020C7E7D4F800C2A1
:103FF0004CF4403CC4F800C20EF00504012CA7D0DC
:10400000ADE740F2A7310748DEF7EEFC40F25C6115
:104010000548DEF7E9FC00BF6C0E0800002584406F
:1040200038070800340E0800F40D08004B7F70B507
:104030000E4605469BB101236424436104E0012040
:10404000FFF7EEF8013C08D0D5F80431002BF6D08C
:104050000023C5F80431D5F8043100237377B37F0A
:104060005B0744BF0023C5F8003570BDB0F1FF3FCA
:1040700039D0012910B54FEA501405D094B14FF44E
:1040800074711948DEF7B0FC0BBB002CF7D14FF070
:10409000FF33C340DC07F2D5144B01FA00F4DC60B7
:1040A000022404E04FF0FF33C340DB07E7D50F4B9A
:1040B00044EA820403EB8003D3F800020C4A0C4369
:1040C0000240144344F44074C3F8004210BD002C75
:1040D000D5D14FF0FF33C340DB07D0D5034B01FAF6
:1040E00000F49C60DCE77047380708000025844036
:1040F000F0F8FCFFF8B54E4A4B690C469342054672
:1041000000F0938067D84B4A93427FD04A4A93424B
:1041100008BF4FF0006653D1E27E95F8223062F37B
:10412000000385F82230227CDBB262F3410385F87C
:104130002230E77EEFB9237E0121012B94BF0023BB
:1041400001233A462068FFF791FF3B463A4601219A
:104150006068FFF78BFF3B463946A27EA068FFF7F9
:1041600085FF237C3A460121E06883F00103FFF7D5
:104170007DFFE26895F822306A62227C62F3410397
:1041800085F82230277FA07C217E627E2B6897B342
:10419000003A18BF01220229C3F8C005C3F82465FC
:1041A0003DD0032938D001293CD0C3F854256B6891
:1041B0005BB32868BDE8F84040F30730E5F75CBA28
:1041C0001E4A934208BF4FF00076A5D04FF4B67157
:1041D0001B48DEF709FC1B4A93421AD01A4A934245
:1041E00008BF4FF0004697D0184A934208BF4FF0DF
:1041F000005691D0EAE7D4E900C7A468C3F808C51F
:10420000C3F80C75C3F81045C2E7F8BD4FF08066DF
:1042100082E74FF080467FE742F00602C5E742F0B2
:104220000402C2E742F00202BFE74FF0805673E794
:1042300040420F0090D0030020A1070048E8010091
:104240007C0E080000093D0000127A0080841E00E8
:1042500038B570B369B3044690F8200030BB4869A4
:10426000164DA84215D00BD9154DA84211D0154DA9
:10427000A8420ED0144DA8420BD06FF0150038BDE7
:10428000124DA84205D0124DA84202D0114DA842AD
:10429000F3D1C4E901232046FFF72CFF00230122BC
:1042A00084F8213084F82020184638BD6FF077005C
:1042B00038BD40F21A210848DEF796FB40420F0055
:1042C00000093D0000127A0080841E0090D0030097
:1042D00020A1070048E801007C0E080038B500283E
:1042E0007ED090F820300446002B74D0006840F354
:1042F0000730E5F7CFF9636843B1214623683B4AAD
:10430000C3F8082351F8040BFFF790FE2368D3F895
:104310000825D3F80C05D3F8101594F82230DB07E4
:1043200050D4551C11D0530950D14FF0FF33D34016
:10433000DB074BD52E4B03EB8202D2F800522D4BFC
:104340002B4043F00203C2F800324D1C11D04B0940
:104350003CD14FF0FF33CB40DA0737D5244A254B09
:1043600002EB8102D2F800120B4043F00203C2F8C4
:104370000032431C11D0430928D14FF0FF33C34012
:10438000DD0723D51A4A1B4B02EB8002D2F800123C
:104390000B4043F00203C2F80032636A591C11D08B
:1043A0005A0913D14FF0FF32DA40D2070ED5104927
:1043B000104A01EB8303D3F800120A4042F00202D4
:1043C000C3F80022002384F8203038BD4FF4747104
:1043D0000948DEF709FB40F27D210848DEF704FBBF
:1043E00040F279210548DEF7FFFA00BF52010800CC
:1043F00000258440F0F8FCFF380708007C0E080018
:10440000F8B5002800F0198190F820308446002B80
:1044100000F089800B688E461446002B00F0C9809E
:10442000DEF80830002B00F0CC8014F0080676D1BE
:104430009CF82130002B40F0FD80DCF804302BB1DB
:1044400014F0140F04BF01238CF821300CF1100577
:104450009EE80F0085E80F00DCF824305F1C10D0C8
:104460009CF822105A098D0762D5002A78D14FF0A6
:10447000FF32DA40D00773D5012202FA03F3714A02
:104480009360DEF80030DCF800002BB103F06043ED
:10449000B3F1005F40F0BD80DEF808302BB103F0CF
:1044A0006043B3F1005F40F0B48014F0010318BF23
:1044B0000123C0F8503514F0020318BF0123C0F8DF
:1044C00040350023DEE90151DEF80C20DEF80070F3
:1044D00014F01C0FC0F84475C0F84855C0F83415E6
:1044E000C0F83825C0F81831D0F8183132D0012280
:1044F00007219CF8223062F382038CF82230C0F846
:104500000015DCF8043086B3002B6ED04023620720
:104510004CBFC0F80833C0F804330020F8BDDCF805
:104520002430013384D04FF464714748DEF75CFADD
:10453000B2B94FF0FF32DA40D10711D5012202FAA9
:1045400003F3404AD360DEF80030DCF80000002BB3
:104550009CD1A1E7D0F80025073A18BF0122C7E790
:104560004FF474713948DEF73FFA002B2FD0012346
:104570000361DCF80430002BC8D1DCF824305F1C68
:1045800012D09CF822105A098D0733D5002AE7D1A2
:104590004FF0FF32DA40D407E2D50122294902FA6E
:1045A00003F3CB60002EB8D10CF10401FFF73EFD00
:1045B000B3E74B68002BB6D1DEF80830002B7FF450
:1045C00034AFDEF80C30002B3FF42FAFABE7012304
:1045D0000361D0F81831002BFBD0D0F81831F3B9B3
:1045E000DCF80430002B91D1C7E7DCF824305A1CEA
:1045F000C7D192E7002AB3D14FF0FF32DA40D1079A
:10460000AED501220F4902FA03F38B60002E84D14C
:10461000CAE700238CF821306FF00C00F8BD0023AE
:10462000C0F81831DCF80430D0F81821002B7FF4E2
:104630006DAFA2E76FF00F00F8BD4FF46371024851
:10464000DEF7D2F9002584407C0E08003807080008
:1046500010B5002841D004460068D0F8183103B9DD
:1046600010BD0023C0F818316368D0F81821002B62
:1046700038D0636A591C0FD094F822205909920748
:1046800016D509BB4FF0FF32DA40D1071CD5012205
:10469000174902FA03F3CB6094F82130CBB9D4E97F
:1046A00001310022227304F10C00BDE810401847CC
:1046B00051B94FF0FF32DA40D20705D501220C493B
:1046C00002FA03F38B60E7E74FF474710948DEF7F1
:1046D0008BF9211DFFF7AAFCE1E74FF47271064840
:1046E000DEF782F940F2FF310348DEF77DF900BFC3
:1046F00000258440380708007C0E08002DE9F04FA3
:1047000083B0324C4FF0FF324FF0FF33304804F0AB
:104710000FFB2578002D44D14FF4907942F22417F5
:104720004FF0400A4FF0280B264642F2201842F282
:1047300028120021304612F00DFE4FF405510122DF
:104740004FF0FF3305FB01F1625421444B6000211F
:1047500004EB0B0004F01CFE0122002104EB0A0014
:1047600004F016FE0023A044D8E8EF2FC8E8E13F8C
:104770000029F9D12744D7E8EF2FC7E8E13F002906
:10478000F9D1CDE9003329463246124804EB09033A
:10479000DEF7ECF80E4804F07BFB304603B0BDE8D2
:1047A000F08F04F5005393F840310BB10026F1E788
:1047B00042F2602944F264274FF4065A42F2681B21
:1047C00044F26028012504F50556B0E720AD01202C
:1047D0007CAA0120B80E0800B0B110B504464FF015
:1047E000FF334FF0FF32094804F0A2FA42F22812D8
:1047F0000021204612F0AEFD4FF0FF336360034806
:10480000BDE8104004F044BB704700BF7CAA012003
:1048100010B1283004F0D0BD704700BF002300B5B0
:1048200087B0DDF828C00BA8039005900122184638
:10483000CDE90033CDF808C0DFF716FA07B05DF810
:1048400004FB00BFF0B52821064687B0012008F020
:1048500027F978B30125022E04460CBF1122062247
:104860004660057231462846E6F74CFA1D4920603D
:1048700000280B6815DB5B0706D104F1140004F077
:104880004FFA204607B0F0BD0023059016482A468F
:104890000290CDE903461846CDE90033FFF7BEFF8D
:1048A000EBE75A070CD1204608F0E8F80024204630
:1048B00007B0F0BD13F054F80C220C4B1A50F5E77A
:1048C00013F04EF80023094F2A463858084DCDE919
:1048D0000460CDE902541846CDE90033FFF79EFF8E
:1048E000E1E700BF4CA90120380F08000C000000D0
:1048F000000F0800F8B5D8B103680546002B17DB98
:104900000F4601202821164608F0CAF8044678B15F
:104910002B6802214FF48072036001230761C68176
:10492000416002818381143004F0FAF92046F8BD19
:1049300000242046F8BD00BF00285AD02DE9F043DE
:10494000037A044689B04BB92A4D2B685B0721D105
:10495000204609B0BDE8F04308F090B80668254D40
:10496000002EF2DB2B68590736D112F0F9FF4FF019
:104970000008DFF88490074640F809803046E6F7E3
:1049800009FA2B685A0716D14FF0FF3323602B68C2
:104990005B07DDD0002319480122CDE90204CDE9EF
:1049A000003318461349FFF739FF204609B0BDE828
:1049B000F04308F063B857F809300122CDE9050348
:1049C0000F4B40460293CDE903464346CDE90088AC
:1049D0000849FFF723FFD7E700230A4ACDE903067A
:1049E0000292294601221846CDE90033FFF716FF4F
:1049F000BBE770474CA901200C000000D80F08004D
:104A0000980F0800680F08002DE9F0478AB00028C9
:104A10007CD01D4603680446002B77DB0F46164604
:104A200000F11409DFF8EC804FF0FF324FF0FF3354
:104A3000484604F07DF9D8F800305A0727D112F023
:104A40008FFF00226368DFF8D0A0022B4AF8002015
:104A500002D1637A002B4CD120682B4600253946C1
:104A6000CDE900553246E6F74BFA054612F078FFDD
:104A7000D8F800305AF800705B071CD1484604F0A3
:104A800007FA002D30DB28460AB0BDE8F087002386
:104A9000CDE907650394627A18460692626841463A
:104AA00005922268009304921C4ACDE9013201224A
:104AB000FFF7B4FEC3E7CDE908570796637A03947E
:104AC0000693D4E90023059300231549049202912B
:104AD00001221846CDE900330E49FFF79FFE4846F4
:104AE00004F0D6F9002DCEDA7D4228460AB0BDE8A2
:104AF000F087234653F80C0B0822009301922B46B3
:104B000039463246E6F7FCF90546AFE76FF07F0518
:104B1000B9E700BF4CA901200C000000FC0F080001
:104B200040100800002300B587B0DDF828C00BA8AE
:104B30000390059001221846CDE90033CDF808C056
:104B4000DFF792F807B05DF804FB00BF2DE9F04FE6
:104B50000025044600F5045BA24FADF63C0D0BF1B9
:104B6000240BDBE8AF6F9EBB63698BB31A68002A26
:104B70002EDB12F0F5FE5A683E50022A4FD04DB996
:104B800099490A68560740F0668104F1400004F034
:104B900013FC6369186800234FF40062CDE9003309
:104BA0000EA9E6F70FFA054612F0DAFE002D57F8C7
:104BB00000A01EDC65B1BAF1040F00F0E280BAF18A
:104BC0000B0F00F0DE80DBE8AF3F002B00F0FB8036
:104BD000002204F504532033D3E8EF1FC3E8E02F8D
:104BE0000028F9D12046FFF713FE0DF63C0DBDE875
:104BF000F08F2A4620690EA90FF087FF8046B8F192
:104C0000000F07DA18F10B0F04D077490B6858072B
:104C100040F030812046FFF7FBFD0125A1E7082188
:104C2000DFF8C4910DF13008D9F800200DF1280A01
:104C30005007C8E90066CAF8001040F0E38025B9C3
:104C400004F1400004F0B8FB6369186800234FF4D6
:104C50000062CDE9008A0EA9E6F7B4F9054612F024
:104C60007FFED9F8003057F800A05A0740F08E8038
:104C7000002D9FDD002304F1580A0B9350460BA929
:104C800005F0E6FAD9F80020530730D000230B9A3C
:104C900028B9B2F5005F8CBF0346C2F50053CDE9D9
:104CA00005024FF400520893002307924F4A4E49E1
:104CB000029218460122CDE90345CDE90033FFF702
:104CC00031FFD9F80020510711D00023CDE900337E
:104CD0000495B8F80220184652BA92B20592226999
:104CE00041490392424A02920122FFF71BFFB8F8A2
:104CF00002302A460093D8F8043020690EA909F042
:104D00006BFA002380460B9350460BA905F0A0FADE
:104D1000D9F800305A073FF472AF0B9B20B9B3F5B6
:104D2000005F98BFC3F50056CDE905034FF400536B
:104D30000896002607932F4B0122029330463346F4
:104D4000CDE90345CDE900662749FFF7EBFED9F829
:104D500000305B073FF453AFD4F8109048460FF093
:104D6000F1FF254B06900293304633460122CDE9F0
:104D70000395CDE900661C49CDF81480FFF7D2FEFB
:104D80003DE70021212006F047F946E70023002DEA
:104D9000B4BF52461A46616918460968CDE9003326
:104DA000CDE9041503940692B8F802200E4952BAD0
:104DB00092B20792114A02920122FFF7B3FE002D30
:104DC0007FF7F8AE56E708490A6852073FF400AF8C
:104DD0000B4A1846CDE9022ACDE900330122FFF73C
:104DE000A1FEF5E60C00000050A9012040110800CA
:104DF00084110800B0110800F41108000011080027
:104E0000681208002269494606921A683046CDE9C0
:104E100004321E4B01220293CDE90066334603940F
:104E2000FFF780FE002D7FF40FAFD9F8003059074F
:104E30003FF406AF236901220593636949461B6865
:104E40003046CDE90343124BCDE900660293334669
:104E5000FFF768FEF4E62269284605921B680122E6
:104E6000CDE903430B4BCDE9005502932B46FFF7E9
:104E700059FE8AE60023084A18460292CDE900331B
:104E80000122CDF80C80FFF74DFEC3E69C10080010
:104E9000D41008002812080050120800002858D02A
:104EA0002DE9F04300F50456044689B02036D6E8D3
:104EB000AF5F1DB1002009B0BDE8F08300F50457D5
:104EC0002437D7E8EF3FC7E8E25F002AF9D1012392
:104ED000D6E8EF2FC6E8E13F0029F9D104F14008F8
:104EE000404604F02BFB04F1580900220023CDE9D1
:104EF000062307234FF4005203934846CDE901559A
:104F00002B4B0495009404F5907105F055F929494F
:104F1000484605F03FF8002340464FF4004204F0B5
:104F2000BBFA254B1B68C8B95B07C3D0636993B153
:104F30001968D6E8AF2F00232048CDE90341059238
:104F4000029001221846CDE900331B49FFF7EAFD24
:104F5000B0E7002070474FF0FF31EAE75A070FD063
:104F600063690BB31B68CDE904300023144A18466B
:104F7000CDE90224CDE9003301220F49FFF7D2FD2C
:104F80000123D7E8EF2FC7E8E13F0029F9D14846D0
:104F9000E4F70EFB0023D6E8EF2FC6E8E13F002937
:104FA000F9D16FF0730086E74FF0FF33DBE700BF06
:104FB0004D4B06008C12080050A90120BC120800BD
:104FC00098120800002855D02DE9F04300F504554B
:104FD000044687B02035D5E8AF3F13B907B0BDE828
:104FE000F083012600F504532433D3E8EF2FC3E800
:104FF000E16F0029F9D1616911B10B7A002B3AD127
:10500000DFF84081D8F8003058075CD104F1580926
:1050100000234FF40042484606F0BAF9D8F80030B1
:10502000064659075ED180B14846E4F7C1FA4FF011
:10503000FF3348464FF0FF3206F0AAF90023D5E8C7
:10504000EF2FC5E8E13F0029F9D1D5E8AF3F53B1D3
:10505000D8F800305B0768D10023D5E8EF2FC5E80A
:10506000E13F0029F9D104F1280007B0BDE8F04381
:1050700004F064BA70470B68002BC1DB12F070FCBF
:105080004FF00009DFF8C080074640F80890086834
:105090000221E5F781FE57F80820DFF8A880D8F84C
:1050A00000305F07B2D0CDE90402636932461B6865
:1050B00048460393254B41460293CDE900994B4660
:1050C000FFF730FD9EE7D5E8AF2F00232049CDE95B
:1050D0000342029101221846CDE900331949FFF736
:1050E00021FD93E7D5E8AF3F0027CDE90403194B35
:1050F0000122029338463B46CDE9007711490394DB
:10510000FFF710FD002EA0D0D8F800305A078BD042
:10511000114B3846029301223B46CDE90346CDE9C7
:1051200000770849FFF7FEFC7EE700230B490122C8
:10513000CDE902141846CDE900330249FFF7F2FC2D
:105140008AE700BF50A901200C000000E812080007
:105150001413080040130800741308009C1308007F
:1051600000B512F0FDFB86210346034A4FF0FF30E5
:10517000D1505DF804FB00BF0C0000002D2801D0C9
:105180000020704701390129FAD82AB1FD3A012AD5
:105190008CBF0020012070470120704743691868C8
:1051A000E5F7DEBF43691868E5F7ACBF10B44069A6
:1051B000019C0068019410BCE5F772BF10B440690F
:1051C000019C0068019410BCE5F738BF2DE9F0415F
:1051D00004460E46154603F0400700F128080CE08F
:1051E0001CF10B0F15D1FFB940F6CD42002340460C
:1051F00004F052F920690AF0B1FE00232A46314634
:10520000206909F08BFEB0F1000CE9DB6046BDE8D7
:10521000F081CCF1000312F0A3FB4FF0FF3C034AF6
:1052200013506046BDE8F0810B23F4E70C0000004A
:105230000023FFF7CBBF00BF2DE9F043836883B0A5
:10524000022B63D104460F46164600F1280506E0FE
:1052500042D140F6CD420023284604F01DF92069D2
:105260000FF043FD031EF3DD4FF0000820694246B6
:1052700001A9CDF804800FF0B1FB00285ADB01989A
:1052800000283DD00FF006FD8146002854D0FFF7DE
:1052900035FA0446002858D0E5F7E0FB051E3BDB55
:1052A0000222FD2301982146C4E902236560C4F867
:1052B0001490206110F09BFB1FB116B13368072BCF
:1052C00015D828464FF440432146284AE5F70EFCFE
:1052D000284603B0BDE8F08312F042FB244A5B424B
:1052E00013504FF0FF35284603B0BDE8F083082384
:1052F000D9F80C10D9F8102039607A603360E0E7F3
:10530000052312F02DFB1A4A1350EAE712F028FB8E
:105310005F22174B1A50E4E72046FFF75DFA41463B
:10532000019810F02EFB01980FF069FE4846FFF738
:1053300003FBD6E74342E4E701980FF060FE12F06A
:105340000FFB05220A4B1A50CBE70146019810F0DB
:1053500018FB01980FF053FE4846FFF7EDFA12F0E4
:10536000FFFA0C22024B1A50BBE700BF3C1D08009D
:105370000C00000038B583680446012B0D460AD0A6
:10538000294620690FF012FD031E12DBA368022BD1
:105390000AD0002038BD43691868E5F785FD00286C
:1053A000EEDA4FF0FF3038BD2046FFF777FD031EE1
:1053B000EFDA12F0D5FA024A5B421350F1E700BF70
:1053C0000C00000038B5D0B10C46C1B1072A16D97F
:1053D0000B88012B13D1436905461868E5F708FDD2
:1053E000002811DB6288616828690FF04CFB031EFE
:1053F0000DDB22686368AA61EB61002038BD12F002
:10540000AFFA1622054B1A504FF0FF3038BD12F09C
:10541000A7FA024A5B421350F6E700BF0C000000F7
:1054200038B5044600690D4610F025FB636918681D
:105430002946BDE83840E5F7AFBC00BFF8B50446E3
:105440000E46154600F128070BE013F10B0F12D1A1
:105450004FF4A4720023384604F01EF820690AF0C5
:105460007DFD00232A463146206909F097FE031E80
:10547000EBDB1846F8BD12F073FA59424FF0FF33D8
:10548000014A11501846F8BD0C000000FFF7D6BFC6
:1054900010B50446FFF79AFE00280ADB029B43B1D1
:1054A000039B33B11B68072B03D963690BB15A7A8D
:1054B00002B910BD0822D968029C1B692160636093
:1054C000039B1A6010BD00BF002300B587B0DDF854
:1054D00028C00BA803900590CDE900331846CDF8FD
:1054E00008C0DEF7C1FB07B05DF804FB002800F040
:1054F00008822DE9F04F436905468BB0002B00F080
:10550000E481D3F80080EFF3118A202383F312881B
:10551000BFF36F8FB64806F045F9002800F0F3811D
:10552000B44CB34806F064F923684FF00109013325
:1055300023602B6905F50457003B18BF0123636105
:105540006B69C4F81080003B18BF0123A3616B682E
:10555000C4F80890E3602037D7E8AF3F05F504565C
:10556000E3612436D6E8AF3F23624FF0FF33C4E94E
:10557000093306F0C1FC0023834600224FEA4B1E8C
:10558000C4E90E234B01BEEB0B0E43EADB6363EB76
:1055900001034FEA8E0C9B001CEB0B0C43EA9E733D
:1055A00041EB0301C90041EA5C71CCF3103343EADB
:1055B00041438F48C90B2363616306F001F900285A
:1055C00000F0A5818AF31188BFF36F8FDFF828A25E
:1055D000DAF80030590740F013812846FFF7F2FC53
:1055E000DAF800305B0740F0EF80EFF311892023F9
:1055F00083F31288BFF36F8F7D4806F0D3F800283D
:1056000000F081817A4806F0F3F8D7E8AF3F636293
:10561000D6E8AF3FA362A368754843F00203A360D6
:1056200006F0CEF8002800F0728189F31188BFF3EC
:105630006F8F2869A8B1DAF800305F0740F0538116
:10564000002110F0D4F90021286910F09AF9286996
:105650000FF0D5FC0023DAF800202B61560740F04C
:105660003781EFF31186202383F31288BFF36F8F06
:105670005F4806F097F8002800F045815C4806F086
:10568000B7F8A3685A4843F00403A36006F098F8FB
:10569000002800F03C8186F31188BFF36F8FDAF8A1
:1056A0000030580740F0E4806869FFF745F90023AF
:1056B000DAF800206B61510740F0CE80EFF31186DD
:1056C000202383F31288BFF36F8F494806F06AF8EE
:1056D000002800F01881464806F08AF8A36844487C
:1056E00043F00803A36006F06BF8002800F00F8178
:1056F00086F31188BFF36F8FDAF800305A0740F055
:10570000C680EFF31186202787F31288BFF36F8FCF
:10571000374806F047F8002800F0F580344806F0D6
:1057200067F8A368324843F01003A36006F048F816
:10573000002800F0EC8086F31188BFF36F8F2846B5
:10574000FFF74AF8EFF3118687F31288BFF36F8FE4
:10575000274806F027F8002800F0D580244806F0F6
:1057600047F8A3683B43A36006F0C6FB07464A011F
:105770004FEA471CBCEB070C42EAD76262EB01021E
:105780004FEA8C039200DB1942EA9C7241EB020162
:10579000C90041EA5371C3F3103343EA414314484B
:1057A000C90BA363E16306F00BF8002800F0AF809B
:1057B00086F31188BFF36F8FDAF800305B0774D17E
:1057C00000200BB0BDE8F08FD7E8AF3FD6E8AF2F91
:1057D000CDE905320023094A18460292CDE9035863
:1057E0000122CDE900330449FFF76EFEFDE600BF5C
:1057F00040130220A0FA012054A9012074140800CB
:105800006B68D5E90421D7E8AF0FD6E8AFCF4FF0EA
:10581000000BCDE90438404BCDE90621CDE9080C59
:105820004A46029351465B465846CDE900BB039574
:10583000FFF74AFEDAF800305A073FF4CEAE374B96
:105840004A46029358465B465146CDE90358CDE996
:1058500000BBFFF739FEC0E6314A18460292CDE997
:1058600003580122CDE900332E49FFF72DFE25E72D
:105870006B690122CDE904382B4B2A49CDE9023569
:1058800000231846CDE90033FFF71EFE0CE76B68D6
:105890000122CDE90353254B2249029300231846E8
:1058A000CDE90033FFF710FE2BE70023204801224B
:1058B0000290CDE903581846CDE900331949FFF7A6
:1058C00003FE00200BB0BDE8F08F4FF0FF381AE662
:1058D000184A18460292CDE9003301221149039576
:1058E000FFF7F2FDBDE6144B0490CDE9023500232D
:1058F00001221846CDE900330A49FFF7E5FD286982
:105900009EE60020704788210C48DDF76DF84FF4C3
:105910009A710A48DDF768F8E0130800441408009B
:105920005415080054A90120141508008C1508000E
:10593000BC150800EC140800C01408002C8D0700EA
:105940002DE9F04FFE2A16460F46A3B000F0E08086
:10595000022915BF4FF001084FF002084FF0FD0972
:105960004FF0FE09EFF31185202383F31288BFF374
:105970006F8FB24805F016FF002800F0B481B04CDC
:10598000AE4805F035FFD4E90CAB2368AB4815935E
:1059900063681693A3681793E368189323691993B0
:1059A00063691A93A3691B93E3691C93236A1D938C
:1059B000636A1E93A36A1F93A36B2093E36B2193E7
:1059C00005F0FEFE002800F0898185F31188BFF301
:1059D0006F8F9C4D2B685A0765D1EFF3118B2023F5
:1059E00083F31288BFF36F8F944805F0DBFE002825
:1059F00000F07981914805F0FBFE63688F4803F160
:105A0000010AC4F804A005F0DBFE002800F066815E
:105A10008BF31188BFF36F8F2B685B077CD1FEF788
:105A20006DFE0446002800F02B812B685E0740F0D5
:105A300083804046FEF706FF2B680646606100281B
:105A400000F01881590740F09680484604F1100193
:105A50000FF064F8061EC0F225812069002800F0CE
:105A600015812B685A0740F0978021460FF0BFFF41
:105A7000D4E904010FF085FFE4F7F0FF061EC0F241
:105A8000F3804FF440432146C4E901686E4AC4F8EC
:105A90000C90E5F72BF82B685B0740F08E803046C2
:105AA00023B0BDE8F08F209A2199524571EB0B038A
:105AB00003DB5AEA0B0340F0BC804FF0FF3318467B
:105AC000CDE910301F9B1E9A0D93179B0C920593E6
:105AD000C3F34013129300231D9A18460B921C9A8D
:105AE000CDE900330A921B9A564909921A9ACDE9D8
:105AF0000EAB0892199A0792189A0692169A049277
:105B0000159A0392514A02920122FFF7DDFC64E7E5
:105B100091464FF0020825E700234D4A18460292AD
:105B2000CDE906890122CDE903A7CDE90033454936
:105B30000596FFF7C9FC72E7426800F5005303F5CC
:105B40009071D1E8AF1F03F59273D3E8AF6F0023D4
:105B5000406909902069CDE904273E4ACDE90760F4
:105B6000CDE901320691184601223649039400938B
:105B7000FFF7AAFC5DE70023027A32490692026829
:105B8000CDE90033CDE90402334A1846029203946A
:105B90000122FFF799FC58E700236269294912683E
:105BA000CDE90033CDE904022C4A18460292039451
:105BB0000122FFF789FC206957E7636921691A68A8
:105BC00004F5005303F59070D0E8AF0F03F592731E
:105BD000D3E8AF3FCDF80CA04FF0000ACDE90803A1
:105BE0001F4BCDE906210293012253465046CDE9D1
:105BF0000446CDE900AA1349FFF766FC2B6803F0C1
:105C00000703022B7FF64BAF636916491B685046AA
:105C1000CDE90693CDE9021653460322CDE9047877
:105C2000CDE900AA0749FFF74FFC304623B0BDE895
:105C3000F08FB2EB0A0361EB0B0041E74013022047
:105C4000A0FA012054A901203C1D0800EC15080011
:105C5000AC160800101708009C170800E017080091
:105C6000141808007C1808002046FFF73FFC4FF08E
:105C7000FF3614E758071DD12046FEF7ADFDF6E7C5
:105C800011F06EFE0C221A4B1A50F0E76069FEF715
:105C900053FE2046FEF7A0FD052611F061FE144BD1
:105CA0001E50E4E76069FEF747FE2046FEF794FDCC
:105CB0007642F2E711F054FE0546DFF834C00D4F8E
:105CC0005CF80550334601223046CDE90345CDE965
:105CD000006609490297FFF7F7FBCDE74FF49A7189
:105CE0000648DCF781FE88210448DCF77DFE00BF12
:105CF0000C0000006C17080054A901202C8D07002F
:105D00002DE9F04F97B0002800F004840C460029DC
:105D100000F00084072A164640F2FC830F88012F0A
:105D200040F0F883054606F0E7F84FEA40184FEADE
:105D3000411CB8EB00084CEAD06C6CEB010C4FEA4C
:105D4000880E1EEB000E4FEA8C0040EA98706B69DB
:105D500041EB00015A68C90041EA5E71CEF3103090
:105D600040EA4140022A4FEAD1310B900C9100F0F9
:105D70008B82DFF810A3DAF8002002F00702022A73
:105D800000F2F180C04A0D9211F0EAFD0027DDF823
:105D90003480814648F80070186832462146E5F79D
:105DA00055F8DAF8003058F8099003F00703022B91
:105DB000804600F2FE80B8F1000FC0F2CA836B6922
:105DC0005A68022A00F0D782012220686168D860F0
:105DD00019616B69AD485A72636822686B626B69BE
:105DE0002A6219682A69DCF7C1FD2846FFF756F8D0
:105DF00005F5045B06460BF1200BDBE8AF2F0146EF
:105E0000A348DCF7B3FDDAF8003003F00703022BF8
:105E100000F20981002EC0F2968329699D48DCF7C3
:105E2000A5FD002362886168286908F0EBFA064640
:105E300099483146DCF79AFDDAF8003003F00703A1
:105E4000022B00F23381002EC0F28983286909F009
:105E5000E7FEDAF80030044603F00703022B00F2F5
:105E60005D81002CC0F2698306F046F84EF660278B
:105E700044014A01241A42EAD06262EB0102A60000
:105E80009200301842EA947241EB0201C90041EAE3
:105E90005071C0F31032DAF8003042EA4140C719BD
:105EA0004FEAD13203F0070342F10008022B0E90B3
:105EB0000F921AD96B696A68002B00F0A6821B68E2
:105EC0002969DBE8AF0FCDE903524EF66022CDE938
:105ED000053100230792714A089002921846032266
:105EE000CDE900336749FFF7EFFA002605F12809ED
:105EF00011E028690EF026FF002806F101064DDCAE
:105F000003D010F10B0F40F038814FF424720023BE
:105F1000484603F0C1FA05F0EFFF44014A01241A94
:105F200042EAD06262EB0102A3009200181842EA32
:105F3000947241EB0201C90041EA5071C0F3103084
:105F400040EA4140B8424FEAD13171EB0801D0DB61
:105F5000DAF800305B0740F05B82742411F000FD3A
:105F60000D9B1C50DBE248496A680D911968CDE928
:105F7000053100230492089603956288184652BAA8
:105F800092B209922A693F490792454ACDE9003306
:105F900002920322FFF798FA6B69F5E6DAF800300F
:105FA00003F00703022B00F27E82002017B0BDE849
:105FB000F08F05F0A1FF86460E4603226B694FEA7B
:105FC0004E1B1B684FEA461CBBEB0E0B08934CEABA
:105FD000DE6C344B6CEB060C3846CDE9007702934F
:105FE0004FEA8C0C3B464FEA8B0717EB0E074CEA47
:105FF0009B7C46EB0C06964046EA5776DDF82CC0B3
:10600000C7F3103747EA4647B7EB0C0706970C9FD4
:106010004FEAD63666EB0706CDE90389194907969C
:10602000FFF752FAC7E605F067FFDBE8AF3F0693DC
:1060300000234F014201121A47EAD06767EB0107BC
:10604000BF0047EA92779200101841EB0701C900A0
:106050000B9A41EA5071C0F3103040EA4140801A77
:106060000C9A4FEAD13161EB02010F4A049005917D
:10607000029218460322CDE9003302490396FFF746
:1060800023FAC7E654A901200C000000481A0800B2
:10609000701A0800DC1A0800041B0800AC1B08007A
:1060A00044190800A41908009C1A080005F024FFF0
:1060B00086460C4603962A6900230692C04A4FEA98
:1060C0004E18029203224FEA441CB8EB0E084CEA29
:1060D000DE6C6CEB040C4FEA88074FEA8C0C17EB74
:1060E0000E074CEA987C44EB0C04944044EA577445
:1060F000DDF82CC0C7F3103747EA4447B7EB0C076D
:1061000004970C9F4FEAD43464EB07041846CDE99A
:106110000033AC490594FFF7D7F994E605F0ECFE9F
:10612000DBE8AF3F069300234E014201121A46EA14
:10613000D06666EB0106B60046EA92769200121827
:1061400041EB0601C9000B9841EA5271C2F31032CB
:1061500042EA4142121A04920C9A4FEAD13161EBA1
:106160000201994A0591029218460322CDE90033B3
:1061700094490394FFF7A8F973E6DAF8003004466F
:106180005A0701D16442E9E605F0B6FECDE90364A1
:106190000646884600237701B7EB060E4FEA4817FC
:1061A00047EAD66767EB08074FEA8E0CBF001CEB87
:1061B000060647EA9E7748EB0707FF0047EA56774F
:1061C000DDF838C0C6F3103646EA4746B6EB0C0693
:1061D00006964FEAD7360F9F7C4A66EB07061846AD
:1061E000CDE900330292774901220796FFF76CF957
:1061F000DAF8003003F00703022BC3D905F07CFE68
:10620000DBE8AF3F069300234E014201121A46EA33
:10621000D06666EB0106B60046EA92769200121846
:1062200041EB0601C90041EA52710B98C2F31032EA
:1062300042EA4142121A04920C9A4FEAD13161EBC0
:106240000201634A0591029218460322CDE9003308
:106250005C490394FFF738F9002C93D1DAF8003049
:1062600003F00703022B7FF6A0AED5E901215948C0
:10627000CDE90321CDE901402346032220465149BF
:106280000094FFF721F990E64FF0000B11F068FB46
:106290000822DFF84481CDE914BB1297CDF84CB049
:1062A000119248F800B08146CDF83480186812A9E0
:1062B000E4F79EFDDFF80CA158F80990DAF80030F9
:1062C00080465A0712D05845B4BF4B465B466969B1
:1062D0003A4609680593414BCDE9031002935846AD
:1062E0005B465146CDE900BBFFF7EEF811F038FBF5
:1062F000B8F1000FC0F22F814FF000080D9A6B69C2
:1063000042F800800746186814A911AAE4F728FF8C
:10631000DAF800305B073FF43FAE0D9B0028DF59F1
:106320006B691968C0F2028140F0FC800746BDF835
:106330005220159B52BA92B21BBACDE90632002305
:10634000274ACDE90407CDE90033184603910292AC
:106350001C490122FFF7B8F8DAF8003003F0070211
:10636000022A6B697FF610AD4FF0FF316A68002B8F
:106370003FF4FDADFAE5002611F0F2FA0822CDE96E
:106380001466DDF83480129248F8006007461868F9
:1063900014A912AAE4F7E4FEDAF80030590732D063
:1063A0006B69B04258F807101A681CDB1AD1BDF8A7
:1063B0005230159E5BBA01469BB236BA14E000BF5C
:1063C000281B080054A90120641B0800401C080079
:1063D000E01C0800241D08000C000000C418080080
:1063E000F018080031463346CDE9066300230392D6
:1063F000604ACDE90401029218460122CDE900333A
:106400005D49FFF761F86B69DEE44FF0FF3357E554
:1064100005F072FD42014B01121A43EAD06363EBAF
:10642000010394009B00201843EA927341EB03039D
:10643000DB000E9A43EA5073C0F3103040EA434049
:10644000B0EB02080F9A4FEAD33363EB0204DBE8A8
:10645000AF9F05F5005303F59273D3E8AF7F6A69E8
:10646000002A66D013680E930EF004FC0E9B434A7C
:10647000CDE9077300230990CDE900331846029255
:10648000CDE9048401223C49CDF818900396FFF72A
:106490001BF8DAF8003003F00703022B7FF65DAD3E
:1064A0006FF07304AAE605F027FDDBE8AF3F002498
:1064B00006934A0143011B1A42EAD06262EB0102D1
:1064C000920042EA93729B001B1841EB0201C90043
:1064D00041EA5371C3F310320E9B42EA4142D21A91
:1064E00004920F9A4FEAD13363EB02030593244BD6
:1064F0000322029320462346CDE900441E49039619
:10650000FEF7E2FFDAF8003003F00703022B7FF614
:106510004CAD73E611F024FA16221A4B1A504FF0C4
:10652000FF3043E543464746424606E74346424678
:1065300003E74FF0FF330E9396E711F011FA0D9B2E
:1065400064421C50EBE711F00BFA0D9B76421E5093
:10655000E5E711F005FA0D9B43F80090DFE711F035
:10656000FFF903460D9A76422846D650FEF72AFDDB
:10657000D5E700BFF019080054A901207C1C0800D1
:10658000041C08000C00000010F1840F034612DA0E
:1065900010F1950F0DDB9533102B0AD8DFE803F0CF
:1065A00013090909090909091509091719091D1B01
:1065B00011000B4870470A4A0A48002B18BF1046C2
:1065C00070470948704709487047094870470948AB
:1065D000704709487047094870470948704700BF2D
:1065E0009C1D0800901D0800181E0800301E0800A1
:1065F000DC1D0800FC1D0800C81D08004C1E08001A
:10660000AC1D080030B40D6804682C4404601D689B
:106610006C404FEA34441C6015682C4414600D68CB
:106620006C404FEA34540C6005682C4404601868D0
:1066300060404FEA306018601368034413600A68D2
:1066400030BC53404FEA73630B6070472DE9F0474D
:1066500080469146A0B08A46EE46404C40490068CC
:10666000CDE900413F49D8F808200291A1F16461C9
:10667000A1F5E331A1F5DF7103911D46D8F80410AF
:10668000D8F80C3004AF0FC70A26D8F81000D8F895
:106690001410D8F81820D8F81C300DF1400C0FC792
:1066A000D9F80030CDF830A00D93D9F804301FACE4
:1066B0000E93D9F808300F93BEE80F00ACE80F0036
:1066C000BEE80F00ACE80F00BEE80F00ACE80F001A
:1066D0009EE80F008CE80F001CAB18AA14A910A8A4
:1066E000FFF790FF1DAB19AA15A911A8FFF78AFFA4
:1066F0001EAB1AAA16A912A8FFF784FF23461BAAED
:1067000017A913A8FFF77EFF23461AAA15A910A8F8
:10671000FFF778FF1CAB1BAA16A911A8FFF772FFA1
:106720001DAB18AA17A912A8FFF76CFF1EAB19AA78
:1067300014A913A8FFF766FF013ECDD12B460FA980
:10674000ADF1040051F8042F50F8045F8C422A4444
:1067500043F8042BF6D120B0BDE8F087657870616E
:106760006E642033322D62792DE9F04FCE688D684A
:10677000426B330A4F6843F08073B604D1F800804F
:10678000134446EA95362D03D0E9052E45EA175500
:10679000A3FB02C9BF01426A47EA986728F07C4818
:1067A00090440268816AE8FB02C927F07C470F44E5
:1067B000016AD0F830A0E7FB01C926F07C465644B8
:1067C000E6FB0EC9AEFB03EAD0F804B0C469E8FBEF
:1067D0000BEAE2FB07EA85B0E6FB04EACDF804B079
:1067E000D0F82CB025F07C455D44E1FB05EAE5FBE3
:1067F00004C9CDF80CE0A4FB034ED0F808B0CDF8E6
:106800000890E8FB0B4EDDF804B0E7FB0B4EE1FB14
:10681000064EA1FB0319D0F80CB0E2FB054EE8FBD5
:106820000B19D0F808B0E7FB0B19E2FB0619DDF8ED
:1068300004B0A2FB0323E5FB0B19D0F810B0E8FB72
:106840000B23D0F80C80DDF804B0E7FB0823E6FB4F
:106850000B23D0F80880029FE5FB0823039E4FEA34
:106860009C6545EA8715AF194AF1000ABD0E45EA55
:106870008A152E194EF1000EB50E45EA8E156D18CB
:1068800049F10009A90E41EA8911891843F1000371
:106890008A0E42EA83122CF07C4C02EB82026244A4
:1068A00027F07C4426F07C4625F07C4521F07C4195
:1068B00022F07C4304EB9264C66205634163C0E945
:1068C000093405B0BDE8F08FF0B50F2A174606462B
:1068D0000C4685B021D9A2F1100525F00F05103521
:1068E0000D44214630461034FFF73EFFAC42F8D14C
:1068F00007F00F070FB905B0F0BD00233A4629464F
:106900006846CDE90033CDE9023310F017FD694642
:106910003046FFF729FF05B0F0BD0D46EAE700BF9E
:106920002DE9F04F4FF000081546A9B01F460A4662
:1069300006AB4146FFF78AFE9DF81D4029469DF8AB
:106940001C509DF82000240444EA05249DF81F50A3
:106950009DF82320000440EA05209DF822509DF870
:106960002630120442EA05229DF825501B0443EA12
:1069700005239DF81E509DF82160284340EA0660DB
:1069800032439DF82460CDE91F8842EA0662334312
:106990009DF81B60CDE92188344344EA05649DF8E5
:1069A00027500B9E43EA0563C3F313231A9303EBAB
:1069B00083031E93664BCDF88C8003EA94031793F0
:1069C00003EB83031B93634B0A9C03EA1013189396
:1069D00003EB83031C93604B249403EA92131993F3
:1069E00003EB83031D93069B259623F07C431693AC
:1069F0000C9D0D9B3A4616A8009327932695FFF70A
:106A000063FFDDE9321216A8FFF75EFF3A46414602
:106A10000DF107000DF10F0300F8012F83424FEA3B
:106A2000122242EA01624FEA1121F5D100211A46F1
:106A3000339B0DF1170002F8013F90424FEA1323F8
:106A400043EA01634FEA1121F5D102A916A8FFF725
:106A50008BFEDDE92013002203EB9169229B21F0DC
:106A60007C4B03EB996A239B29F07C4903EB9A68E2
:106A70004FEA986C1F9B0CEB8C0C9C440BEB9C6BB3
:106A80002CF07C4C0CF105000BEB906709EB976E3A
:106A90002AF07C4A0AEB9E6348F07C4101EB93614B
:106AA00001930CEAE1734FEAD17C0CF1FF3C00EA60
:106AB0000C000EEA0C0E20F07C4009EAE17907EAAE
:106AC0000C0718432EF07C4E019B0BEAE17B4EEA4B
:106AD000090E28F07C4827F07C470AEAE17A08EAA8
:106AE000E17847EA0B0703EA0C0301EA0C014FEADD
:106AF0000E5C40EA87604CEA9717BF1942EB02062A
:106B00002418349823F07C430460349C42EB020048
:106B1000C01943EA0A0360604FEA833041EA080182
:106B200040EA1E304FEA934346F1000443EA012352
:106B300040193499524124188C60009942F10002A6
:106B40005B18D218349BDA6029B0BDE8F08F00BF23
:106B500003FFFF03FFC0FF03FF3FF0032DE9F047F2
:106B600090B0189C2CB30746884691461D460126D6
:106B700031466B4642463846FFF768FD402CA24638
:106B800028BF4FF0400A6A4609F1FF3ED144013662
:106B90006B1E09F1FF301EF8011F12F801CB86456C
:106BA0008CEA010C03F801CFF5D1B4EB0A0455448B
:106BB000DED110B0BDE8F087002300B587B0DDF866
:106BC00028C00BA803900590CDE900331846CDF8F6
:106BD00008C0DDF749F807B05DF804FB10B5264C96
:106BE000D4E8AF3F9BB1254B1B6873B19533102B95
:106BF0002CD8DFE803F03D2B2B2B2B2B2B2B3A2B08
:106C00002B372B2B34312E0000BB002010BDFCF79E
:106C100077F90123194A1060D4E8EF2FC4E8E13F67
:106C20000029F9D110F1840FEEDA10F1950F0DDB88
:106C3000953010280AD8DFE800F01B090909090976
:106C40000909180909150909120F0C006FF0040051
:106C500010BD6FF00C0010BD6FF0850010BD6FF01F
:106C6000150010BD6FF01B0010BD6FF00B0010BDC4
:106C70006FF04C0010BD00BF44130220B4A80120E7
:106C8000F0B51F4C1F4B226887B09A4215D01E48A2
:106C9000DBF76CFE0025C4E90055C4E90255C4E9E0
:106CA0000455A561FFF79AFF044618B117490B6810
:106CB0005B070FD1002007B0F0BDD4E90521D4E96E
:106CC0000330CDE90121D4E9011200901048DBF72F
:106CD0004DFEDFE70F4B1E683046FFF755FC0746B9
:106CE0000D4B2846CDE9023401222B46CDE9005553
:106CF00004960597FFF760FF002007B0F0BD00BFC6
:106D0000B019032035353258AC1E080048A90120BF
:106D1000641E0800B4A80120C41E08002DE9F04F2D
:106D2000002491B0DDF868B007460BEB020A50462C
:106D3000164688469946CDE90744CDE90A44CDE98F
:106D40000C44CDE90E44099405F0A0FE00287ED045
:106D500041463246054610F0F1FABBF1000F54D11E
:106D60004FF480643B4B3C4E09933946202209A8DE
:106D700007AB0B940C96FCF7C5F80446F8B1079ED8
:106D800066BB09A8FCF720FA52463146284610F0A7
:106D9000E1FA284605F072FE30490B685B0738D1EE
:106DA00004F19503102B43D8DFE803F0454242423B
:106DB000424242425142424842424E2B4B00202422
:106DC00008AB02931B9B31460093019453462A461D
:106DD0000798FCF7CDF9079E044616B13046FCF73C
:106DE000BFF809A8FCF7F0F952460021284610F038
:106DF000B1FA284605F042FE002CCDD1089B202B8D
:106E000016D1204611B0BDE8F08F99F80030AB558F
:106E1000A6E72046FFF7B8FB0023114A0490CDE90E
:106E2000022418460122CDE90033FFF7C5FEB7E77B
:106E30006FF00404E5E76FF04C04E2E76FF01B0429
:106E4000DFE76FF00C04DCE76FF01504D9E76FF0B3
:106E50000B04D6E7001100010900800348A90120B6
:106E6000001F0800012838BF012005F00FBE00BF39
:106E700008B105F003BE7047FDF7CABCFDF7C8BCFA
:106E8000704700BF2DE9F04F97B0DDF880A00028D3
:106E900000F0FD800E46002900F0F9801746002A18
:106EA00000F0F5809846002B00F0F180BAF1000F59
:106EB00000F0ED808146FFF791FE054618B12846A7
:106EC00017B0BDE8F08F0E908346522005F0DEFD2E
:106ED0000446002800F0D8804FF0200C6D4D0FCDF7
:106EE000E3602B8820606160A26023823068716853
:106EF000B268F368C4F81200C4F81610C4F81A2077
:106F0000C4F81E3030697169B269F369C4F82200AF
:106F1000C4F82610C4F82A20C4F82E30FB6838685C
:106F20007968BA68C4F83200C4F83610C4F83A2058
:106F3000C4F83E30FB6938697969BA69C4F84E30E3
:106F40000EABC4F84200C4F84610C4F84A202146EB
:106F50005222CDF800C001934F4806ABFCF71EF853
:106F6000054652225946204610F0F4F9204605F015
:106F700085FD002D3DD10E9A202A76D10EAC2B46F0
:106F80000095494606A80194FFF7C8FE054668B17A
:106F900020220021404610F0DDF920220021504639
:106FA00010F0D8F9284617B0BDE8F08F01241B2255
:106FB0003A4B3B49CDF804800EA80094FFF7AEFE93
:106FC00005460028E4D11B22CDE9004A334B354960
:106FD0000EA8FFF7A3FE05460028D9D1202251466E
:106FE000404610F071F900287FF469AF6FF0920508
:106FF000CEE72D490B685B0728D105F19503102BCF
:1070000033D801A252F823F0837006006B7006009B
:107010006B7006006B7006006B7006006B700600EC
:107020006B7006006B700600897006006B700600BE
:107030006B700600777006006B7006006B700600C0
:1070400071700600916F06007D7006002846FFF7FC
:107050009BFA164B0490029358465B460122CDE9F9
:1070600000BB0395FFF7A8FDC7E76FF004058FE7A6
:107070006FF015058CE76FF01B0589E76FF00C05C5
:1070800086E76FF04C0583E76FF00B0580E76FF044
:10709000150514E7D0220800090000022029080085
:1070A000B42208009822080048A90120281F0800DF
:1070B000F0B587B0002800F0CE800E46002900F021
:1070C000CA800546FFF78AFD044600287BD16A4F37
:1070D0003B6803F00703022B6BD820212846FCF7FE
:1070E00023F83B68044603F00703022B50D804BB87
:1070F000EB7F2A7803F07F0322F0070243F040037E
:10710000294630462A70EB7700F0A8FF0446002895
:107110006AD03B685A077AD120220021284610F015
:1071200019F920220021304610F014F9204607B04A
:10713000F0BD20220021284610F00CF904F195033F
:10714000102B7CD801A252F823F000BF4572060034
:107150003F7206003F7206003F7206003F72060053
:107160003F7206003F7206003F7206004B72060037
:107170003F7206003F720600517206003F72060021
:107180003F720600577206002D7106005D72060000
:10719000FFF7FAF90023394A0490029218460322B5
:1071A000CDE9003334490394FFF706FD002C9FD04E
:1071B000BFE7334A0346029239460322CDE9000075
:1071C000FFF7FAFC89E72C490B685807AED000237B
:1071D0002C480122CDE90204CDE900331846FFF71F
:1071E000EBFC204607B0F0BD304600F04FFF3B6897
:1071F000C8B903F00703022B98D923492346CDE9E8
:10720000014103221C490094FFF7D6FC8EE70023BE
:107210001E4ACDE90033CDE9022017490122184664
:10722000FFF7CAFC78E75B071BD120220021284624
:1072300010F090F820220021304610F08BF86FF00B
:10724000040473E76FF04C0470E76FF00B046DE714
:107250006FF01B046AE76FF0150467E76FF00C042A
:1072600064E70B4A2346CDE9014220460122024948
:107270000094FFF7A1FCD8E748A90120B41F08003B
:107280007C1F0800501F080048200800E81F080065
:10729000202008002DE9F84F002874D00E46002960
:1072A00071D01746002A6ED0054632200DF0EAFC58
:1072B00001233D4CDFF8F4B06360C4F800B0FBF785
:1072C000AFFAA0603A4B1B78002B67D010F048FB58
:1072D0000223DFF8E0A0804650F80A20C4E90456F3
:1072E000A761C4F800B06360E260FBF799FAA060A0
:1072F0002F4B1A78002A51D058F80A203C20E2601F
:10730000C4E90456A7610DF0BDFC3A463146284653
:1073100000F096FE814646200DF0B4FC0322C4F82E
:1073200000B06260FBF77CFAA060214B1A78AAB328
:1073300058F80A20C4E90456A761E260B9F1000FC9
:1073400019D1284600F0A2FE00BB0422C4F800B008
:107350006260FBF765FAA060154B1A78F2B158F835
:107360000A305020C4E90335C4E905670DF08AFCF2
:107370004846BDE8F88F2022002128460FF0EAFF9A
:107380004846BDE8F88F6FF01509F1E7494620221D
:1073900028460FF0DFFF6FF09209E9E740F246312F
:1073A0000548DBF721FB00BFB01903203535325803
:1073B000B013022008000000908D07002DE9F04670
:1073C000002499B0CDE90844CDE91244CDE9144434
:1073D000CDE916441194074692461E46239DFFF7B9
:1073E000FDFB044600287FD1002F00F0ED80249B98
:1073F000002B00F0E980259B05F11009994500F26A
:10740000E3801DB1229B002B00F0DE80219B1BB18D
:10741000209B002B00F0D88000224FF48073C6F32D
:1074200007210A9266F30702139361F30F22330CCC
:1074300063F317421B0A63F31F620C922022694B0D
:10744000CDF82CA0DFF8A0A11193394611A80DEBBF
:107450000203CDF850A0FBF755FD064608B3089887
:10746000002849D111A8FBF7AFFE16F1860F5F4B3C
:107470006FD01B685B074DD116F1840F32DA16F11D
:10748000950F2FDB06F19503102B2BD8DFE803F0C7
:107490005E2A2A2A2A2A2A2A5B2A2A582A2A9C97DA
:1074A0009900259B51460593249B0898CDE90353E9
:1074B000229B0AAA0293219B0193209B009309AB74
:1074C00006930C23FBF798FD089B064683B911A889
:1074D000FBF77AFEAEB9099DA94505D043490B6873
:1074E0005A0759D16FF00404204619B0BDE8F08660
:1074F0001846FBF735FDEAE7FBF732FD11A8FBF76D
:1075000063FE3A4B16F1860F1A6802F0070220D08C
:10751000002AB1D03046FFF737F800230999344AE2
:10752000CDE90519CDE90360029218460122CDE9A3
:1075300000332E49FFF740FB16F1840F9FDBD1E7A4
:107540006FF01B04D0E76FF00B04CDE76FF04C0435
:10755000CAE71B6803F00703022B38D83846249B80
:10756000229A0AA90095FFF7F9FA249B0DAE384636
:107570000AA900930296DDE920230195FFF7D0F9CF
:10758000249B5F190FCE249E705120467960BA600B
:10759000FB6019B0BDE8F0863046FEF7F5FF044603
:1075A000134B0122CDE9023630463346CDE9006661
:1075B000CDF8189005950494FFF7FEFA92E734464B
:1075C00092E76FF00C048FE76FF015048CE700234F
:1075D000084A18460292CDE9003303220349FFF717
:1075E000EBFABBE7042000010005100548A90120C3
:1075F000C0200800742008002DE9F043002499B051
:10760000CDE90844CDE91244CDE91444CDE916444E
:107610001194074615461E46DDF88C80FFF7DEFA0A
:107620000446002840F08180002F00F0AC80229BAF
:10763000002B00F0A880249B002B00F0A480B8F160
:107640000F0F40F2A080259BA8F11009994500F288
:107650009A80219B1BB1209B002B00F0948000227C
:107660004FF40073C6F307210A9266F307021393DF
:1076700061F30F22330C63F317421B0A63F31F629B
:107680000C9220227E4B0B957E4D1193394611A80A
:107690000DEB02031495FBF735FC064608B308987A
:1076A00000284AD111A8FBF78FFD16F1860F73D081
:1076B000754B1B685B0750D116F1840F33DA16F156
:1076C000950F30DB06F19503102B2CD8DFE803F083
:1076D000A32B2B2B2B2B2B2B612B2B5E2B2B5BB95B
:1076E000BB00259B29460593249B08980493229B65
:1076F000CDF80C800293219B0AAA0193209B009352
:1077000009AB06930C23FBF7C3FC089B064683B921
:1077100011A8FBF759FDAEB9099DA94505D05A49F5
:107720000B6858077AD16FF00404204619B0BDE801
:10773000F0831846FBF714FCEAE7FBF711FC11A8ED
:10774000FBF742FDDFF8408116F1860FD8F80030D4
:1077500003F0070322D0002BAED03046FEF714FF13
:1077600000230999494ACDE90519CDE90360029240
:1077700018460122CDE900334349FFF71DFA16F1FF
:10778000840F9CDBCFE76FF01504CEE76FF01B048E
:10779000CBE76FF00B04C8E7DFF8EC80D8F80030D7
:1077A00003F00703022B5FD8229B0DAE38460093EF
:1077B0000AA9DDE92023CDF804900296FFF7B0F87E
:1077C00030460021229B03EB090202F1100C52F813
:1077D000043B50F8046B944583EA060341EA030135
:1077E000F5D1C1F307230B43C1F30742134343EA27
:1077F0001163DBB25BB93846229A249B0AA9CDF803
:107800000090FFF7ABF9204619B0BDE8F083D8F837
:1078100000305A071AD16FF04C0486E73046FEF765
:10782000B3FE0446194B0122CDE9023630463346F9
:10783000CDE90066CDF8189005950494FFF7BCF9E2
:1078400071E7344671E76FF00C046EE700236FF0C8
:107850004C000F4C0122CDE90240CDE9003318461F
:107860000949FFF7A9F9D6E700230A4A1846029208
:10787000CDE9003303220449FFF79EF994E700BFE6
:10788000042000010005100548A9012088210800F6
:1078900054210800082108002DE9F04786B0DDE9F1
:1078A0001089B8F1000F2FD0B9F10F0F2CD9A9F121
:1078B00010060546304692461F4605F0E7F8044696
:1078C00028B30F99284601910E9952463B46CDE9BF
:1078D0000446CDF80C90CDF808800091FFF78CFE9F
:1078E000054658B13246002120460FF033FD2046B0
:1078F00005F0C4F8284606B0BDE8F0873246404699
:1079000021460FF01BFDEDE76FF01505F2E76FF074
:107910000B05EFE728B14068A0F10200B0FA80F053
:107920004009704711461A46FCF7E4BFFDF704B85A
:107930002DE9F04F87B0002800F096800746894671
:1079400015469846002949D04368022B5DD0002A8D
:1079500049D0002692468B46524659464346384601
:10796000FDF752F8041E15DDA245264456D3B54254
:107970001DD93F4B1B6813F0060F1DD1A5EB060A5E
:1079800009EB060B5246594643463846FDF73CF88C
:10799000041EE9DC49D0221D07D035490B685B077E
:1079A00026D1204607B0BDE8F08FB542D4D8344682
:1079B000204607B0BDE8F08F00232E4A18460292F9
:1079C000CDE904650222CDE9003329490394A5EBF2
:1079D000060A09EB060BFFF7EFF8BDE7002A43D1D3
:1079E0004368022B11D02C46204607B0BDE8F08F2B
:1079F0000023214A18460292CDE904650122CDE90F
:107A000000330394FFF7D8F8CBE743462A464946AC
:107A1000384607B0BDE8F04FFCF7F6BF14490B68D5
:107A20005B0709D16FF00404BBE711490B685F07DE
:107A30000FD16FF01F04B4E7002310480122CDE9F5
:107A40000204CDE900331846CDF810A0FFF7B4F8D2
:107A5000E8E70B4B0122CDE90236CDE9004423468D
:107A60000495FFF7A9F8E4E76FF0150499E700BF64
:107A700048A901200C22080070220800D02108002B
:107A8000482208002DE9F047002682B0A0F1080C3A
:107A900033465CF8082F0136DCF8044012F58032DA
:107AA00044F100040E2BA3F10F03B3FA83F3CCBF10
:107AB00000250125110C41EA044101394FEA531315
:107AC000A3FB01A94FEA244E4EF1FF3E03FB0E99A2
:107AD0004FEACA034FEAC90813EB0A0306FB05F590
:107AE00048EA5A7849EB0808CCE900244FEA8808AC
:107AF00048EA93789B0000EBC50713EB0A0349EBB8
:107B000008095B1879684EEB090E019150F83510A1
:107B1000120CCB18019940F835304EEB0101796019
:107B20001204DCE900319B1A61EB0401102ECCE950
:107B30000031ADD102B0BDE8F08700BF70B5D517F8
:107B4000D2F1000EA1F1080165EB4505A0F1080C8A
:107B500000F178045CF8086F51F8082FDCF8040095
:107B60004B687240434002EA0E022B405640584098
:107B7000CCE90060A445D1E9006082EA060280EA0F
:107B80000300C1E90020E5D170BD00BF2DE9F04F31
:107B9000154604460027C1B00E46F822002102A86F
:107BA0000FF0D8FBA5F1080905F1780CA2463D4677
:107BB0000DF10808A6F1080E5EF8084F4846DEF8F9
:107BC000047076464146BE46019550F8082F0D6870
:107BD00043684F6804FB03F30EFB0233A2FB042B44
:107BE00052195B4443EB070341F8082B844541F8E5
:107BF000043CEAD1019DB6460135102D08F1080874
:107C0000DAD1544669461EADD1E922078200BB0095
:107C1000161843EA907347EB0303B2009B00121A55
:107C200043EA96738868CE6863EB070392185B415A
:107C30000831801843EB06038D42C1E90003E3D10C
:107C4000802202A920460FF079FB2046FFF71AFF99
:107C500041B0BDE8F04FFFF715BF00BF2DE9F04F71
:107C60008E464FF0000CADF2AC4DDEF80C30044601
:107C7000551C0868DEF80820496802AE0FC6DEF819
:107C80001C30DEF81000DEF81410DEF8182008AF03
:107C90000FC69DF827609DF8083006F03F0623F0D8
:107CA000070346F040068DF808308DF82760002263
:107CB0002B7815F8011C1B025B1847F8083F28AB0E
:107CC00042F100029F4205F102057A60EFD1289B44
:107CD0008022C3F30E030AA94AA82893CDF8A4C0B2
:107CE0000FF02CFB802200216AA80FF033FB7822D2
:107CF00000212CA80FF02EFB782200218CA80FF079
:107D000029FBFE23012200930023CDE98A23CDE93C
:107D10002A230DF5D0790DF5287B48AD0194009B01
:107D20004AA903F0070346FA03F808F0010842469F
:107D30002AA8FFF703FF28AC6AA842468AA9FFF7E2
:107D4000FDFE4E465F46DC464846234653F8082F64
:107D500050F8081F52184CF8082F41685A6842EB37
:107D60000102AB42CCF80420F0D1484628AB53F8CE
:107D7000082F50F8081F521A1A6041685A6862EBBF
:107D80000102AB425A60F2D10DF5087A2B46CE467D
:107D9000D446284650F8082F5CF8081F52184EF8B1
:107DA000082FDCF80410426842EB01028145CEF84E
:107DB0000420EFD188A853F8082F50F8081F521A52
:107DC0001A6041685A6862EB010299455A60F2D123
:107DD000AAAA11468AA8FFF7D9FE2AAA1146CAA85C
:107DE000FFF7D4FE2AAA10466AA9FFF7CFFEAAAA77
:107DF0006AA84AA9FFF7CAFE484628AA52F8083FCF
:107E000050F8081F5B1847F8083F4168536843EB78
:107E10000103AA427B60F1D1484628AB53F8082FF2
:107E200050F8081F521A1A6041685A6862EB010242
:107E3000AB425A60F2D12AAA11464AA8FFF7A6FE21
:107E4000C8A888AA52F8083F50F8081F5B1A46F8DD
:107E5000083F4168536863EB01035A457360F1D1F1
:107E6000734A6AA92AA8FFF791FE54F8083F5AF806
:107E7000082F9B182360DAF80420636843EB0203A1
:107E8000AC426360F1D1009B6AA95C1E08462AAA35
:107E90000094FFF77BFECAAA8AA92AA8FFF776FEFC
:107EA0000AAA4AA98AA8FFF771FEAAAA11464AA8F7
:107EB000FFF76CFE42464AA92AA8FFF73FFE42465A
:107EC0008AA96AA8FFF73AFE621C03D0E31002AA4F
:107ED000D65C24E780226AA90DF58560019CFD250A
:107EE0000FF02CFA11E0042D06D10DF58562114634
:107EF0001046FFF74BFE03250DF5856108466AAA7B
:107F0000013DFFF743FE6B1C0FD00DF58562114656
:107F10001046FFF73BFE022DE5D10DF585621146B7
:107F20001046FFF733FE0125E6E780220DF5856157
:107F30006AA80FF003FA2AA908466AAAFFF726FEE4
:107F400080222AA90DF585600FF0F8F90DF58560FE
:107F5000FFF798FD4FF00208FFF794FDA346FFF7E7
:107F600091FDDFF8D090344D344F0DF59366002429
:107F7000DDF82834DDF82C2413EB090362F100024C
:107F8000EA93EAA90DF58560EB929E46C3F3004A99
:107F900050F8083F4C6042685B1962F10002B3EB95
:107FA0000A0362F10002C1E90232B0421FFA8EF206
:107FB0000A6001F10801E8D1DDF81814DDF8A034F9
:107FC000DDF8A424C1F30040DB1962F100021B1AA2
:107FD00062F10002CDF820341B0C43EA0243DB437C
:107FE00089B2CDF81814CDF82424EAA90DF58560DE
:107FF00003F00102CDF81C44FFF7A0FDB8F1010F1A
:1080000002D04FF00108B2E75C460DF584630134FD
:108010000DF5946053F8082F110A984204F8012CCA
:1080200004F8021BF6D100200DF2AC4DBDE8F08F34
:10803000688407001300FFFF0100FFFF0180FFFFBE
:1080400048B110B419B112B110BCFFF707BE6FF000
:10805000150010BC70476FF015007047002309220F
:1080600000B589B0CDE90023CDE90233CDE9043371
:10807000CDE9063330B129B16A46FFF7EFFD09B00B
:108080005DF804FB6FF01500F9E700BF0022431E06
:108090001F3013F8011F834242EA0102F9D1B2FAFC
:1080A00082F04009704700BF00B97047E2F7C4BDD5
:1080B00010B54369044673B1984760B100F1FF03FE
:1080C000FE2B0FD8E36842421A70E268537843F0FF
:1080D0000103537010BDE2680020537843F00103A0
:1080E000537010BD21210148DAF77EFCF822080008
:1080F000C2685378DB0718D410B54369044673B1DE
:10810000984730B100F1FF03FE2B11D8E3684242DB
:108110001A70E268537843F00103537010BD18469B
:10812000537843F00103537010BD6FF07700704730
:1081300021210148DAF758FCF82208000246034BD7
:1081400003481360C01A4009704700BFFC7A07005B
:10815000DC7B070040B1C368587810F0010003D001
:108160001878B0FA80F04009704700BF002300B5CE
:1081700087B0DDF828C00BA80390059001221846AF
:10818000CDE90033CDF808C0DBF76EFD07B05DF830
:1081900004FB00BFEFF31183202383F31288BFF3A6
:1081A0006F8FFEE710B5044684B0DBF799FB0849F2
:1081B0000B685B0702D12046FFF7ECFF0023054860
:1081C0000122CDE9013000931846FFF7CFFFF2E717
:1081D00030A901201C2308002DE9F04305460C4678
:1081E00087B0EFF31189202383F31288BFF36F8FD9
:1081F000DFF8F4803D4BD8F800209F6852074AD042
:108200000026042896BF3A4A3A4A52F820203649B6
:1082100004921B7C01220593374B03900293304656
:108220003346CDE90066FFF7A1FF9CB1E369C3F3D4
:108230000802D8F8003003F007037AB1002B47D0CA
:108240002E4B3046029301223346CDE90066264983
:10825000FFF78CFFD8F8003003F007039BB12FB174
:10826000384601F0A9FE08B1037803B92448254B2C
:108270000490CDE90237002301221846CDE90033EE
:108280001949FFF773FF21462846FFF78BFF042D9E
:108290001AD02CB90AE099B1FFF784FF042D13D04E
:1082A000E369C3F308030BB1022D18D189F31188D8
:1082B000BFF36F8F384607B0BDE8F043E1F778B9F8
:1082C000FFF770FF042DF1D187210F48DAF78CFBFF
:1082D00021462846FFF766FF042DE1D1F4E78E2101
:1082E0000948DAF781FB00BF30A9012048130220BA
:1082F0001C2408002C230800442308006C230800D9
:108300003C23080090230800A823080038B50D4B33
:10831000421C53F8204053F82250AC4206D30DE0E3
:10832000037EDB070BD50834AC4207D26068002817
:10833000F6D1236808349847AC42F7D338BDFFF72D
:10834000B7FEF0E764240800012270B5334B032028
:1083500086B0334E334D1A70FFF7D8FF04F0DCFBC4
:108360000420FFF7D3FFAE424FD838BF344623D2A4
:10837000D4E90223D4E90001D4F824C0CDF814C014
:10838000D4F820C0CDF810C0D4F81CC0CDF80CC073
:10839000D4F818C0CDF808C0D4F814C0CDF804C083
:1083A000D4F810C0CDF800C001F064FE23685C650D
:1083B0003034AC4229D8DBD302F048FCAE4219D2AB
:1083C000174C194E05E002F071FE3034AC4220D853
:1083D00010D2D4E90A23B3F1FF3F08BFB2F1FF3F47
:1083E000F3D052EA03012068EDD03146183003F093
:1083F000CBFAEAE702F068FCD8F730FF0B4A137BB0
:1084000023F00103137306B070BD44210848DAF766
:10841000EBFA68210648DAF7E7FA00BFB01302204A
:10842000E47D0700E47D0700F9A70600A8FB012012
:108430003024080080B5002086B0FFF767FF424B6C
:1084400003F5006585F3088883F30A880024E02398
:108450003E4E86F82230F47734767476B47686F819
:108460002040736A43F4E023736286F82340E1F707
:1084700009F8E1F7CDF94FF0FF33B362F362E1F7AA
:1084800009FCE1F711FADBF7E5F9314801F0F4FEF8
:10849000304A31498A4253D80DD2881A0139891A93
:1084A00023464009490900E01346834248D08B42E5
:1084B00003F10102F8D14FF0010A00245046FFF702
:1084C00025FF0220254EFFF721FF02F097FC244BE9
:1084D000244F4FF48052244905933046234BCDE975
:1084E000034ACDE9014400947E6101F0C3FD737B32
:1084F000814623F004033046737301F0D9FF0F2344
:10850000DFF86C8003931B4B4FF4A0721A4905935C
:1085100040461A4BCDE90144CDF810A0009701F078
:10852000A9FD98F80D30494623F0040330460F4A60
:108530003C74C7F80C807D6088F80D30E1F73EF997
:10854000CC210F48DAF750FAB82C022000ED00E0F9
:1085500078FC0120FC7A0700DC7B0700A8FB0120E7
:108560005C24080048130220F835022049830600E5
:10857000E0FA012054240800B8340220B58906002E
:10858000302408002DE9F04F804689B09246DDE99D
:10859000122306A815461C46894608F1140703F065
:1085A000ADFCDDE90623CDE90223EFF3118620239C
:1085B00083F31288BFF36F8F384603F0F3F8002877
:1085C00045D0384603F014F9EFF30583002B37D17B
:1085D00008F10C034FF0200B05931CE02C4321D035
:1085E000DDE9022306A803F0B9FCDDE906543146B3
:1085F0003846CDE90054059A02F002F9EFF31186EE
:108600008BF31288BFF36F8F384603F0CBF8F0B1CD
:10861000384603F0EDF8524649464046149B9847C9
:108620000028DBD00290384603F0CAF8029B90B1D4
:1086300086F31188BFF36F8F184609B0BDE8F08F3D
:1086400055EA0403C4D058210548DAF7CDF988214A
:108650000448DAF7C9F94FF49A710248DAF7C4F915
:10866000802408002C8D070070B50D4C0D4DAC42D8
:1086700012D80FD20026D4E9011204F10C032046CF
:108680001B605B60183444F8046CD9F71FFDAC42E2
:1086900002D8F0D3002070BD25210348DAF7A4F9F1
:1086A000C0A90120F0A901208024080030B58C4623
:1086B00014461D46054B85B000216246CDE90045B4
:1086C0000293FFF75FFF05B030BD00BFC520040077
:1086D000F8B504460D4600F11406EFF31187202388
:1086E00083F31288BFF36F8F304603F05BF8D0B18D
:1086F000304603F07DF820462946D9F753FC04F1B3
:108700000C0002F061FB40B9304603F059F870B13B
:1087100087F31188BFF36F8FF8BD39463046BDE847
:10872000F84002F0F5B988210348DAF75DF94FF413
:108730009A710148DAF758F92C8D070038B5204AAC
:10874000204B9A4237D831D24FF0000E94465D1E2E
:10875000AD1A9B1A6D095C09DCF81820DCF80C30A6
:1087600043EA020010F0030022D1DCF81410CCF828
:108770001000013901FB0233002901DA0CE0134635
:108780001860DCF818200139B1F1FF3F1846A3EB5F
:108790000202F4D1CCF81030A6450CF1200C0AD01E
:1087A00075450EF1010301D09E46D5E7002038BD86
:1087B0006FF0150038BD95210348DAF715F900BFB1
:1087C00060A90120C0A90120A42408002DE9F043DC
:1087D000044683B00E469146984600F10805EFF333
:1087E0001187202383F31288BFF36F8F284602F08E
:1087F000D9FF00284AD0284602F0FAFF2169E9B1E2
:108800003160E369086801332061E36188B1E3689E
:10881000C01A0AD4D4E9053202FB03F3834204D917
:10882000B0FBF2F302FB130474B1EA211948DAF742
:10883000DBF862699342EAD1044605E059EA08038D
:108840000ED16FF00B043160284602F0B9FFC0B1C1
:1088500087F31188BFF36F8F204603B0BDE8F08324
:10886000224639462846CDF80090CDF8048001F024
:10887000C7FF04460028EFD1074B9B681B69336094
:10888000EAE74FF49A710548DAF7AEF88821034811
:10889000DAF7AAF8A4240800481302202C8D070058
:1088A0002DE9F04FC36883B0CB1A31D40D46D0E91F
:1088B000052101FB02F29A42044629D9B3FBF1F2E9
:1088C00001FB123323BB00F10806EFF311894FF0CF
:1088D000200888F31288BFF36F8F304602F062FFE2
:1088E000002855D0304602F083FF2769AFB12F60D2
:1088F000E3693046013B2561E36102F061FF002836
:1089000041D089F31188BFF36F8F03B0BDE8F08FBA
:108910004FF489712448DAF767F8EFF3118388F38D
:108920001288BFF36F8F83F31188BFF36F8F002B13
:1089300032D023689C4200D00BB92769D7E79A68E8
:1089400072B3D3E900214FF0000A4FF0000B0A6028
:1089500051605A7BC3E900AB22F002025A739F6058
:1089600003F11800019303F0EDF8019B1846C3F8DA
:10897000C0701D6101F09CFD4946304603B0BDE862
:10898000F04F02F0C5B84FF49A710848DAF72CF8A6
:1089900088210648DAF728F8A6210548DAF724F8EE
:1089A0008F210348DAF720F8A42408002C8D070053
:1089B000CC24080008B50A4B9B6893F90E30002BB5
:1089C00009DB2024EFF3118384F31288BFF36F8F48
:1089D000E0F724FFF6E71C210248DAF705F800BFAC
:1089E00048130220F82408002DE9F04F83B0044614
:1089F000894616461D469DF830B0EFF305831BB13E
:108A000052EA050340F0A78004F10807EFF311884C
:108A10004FF0200A8AF31288BFF36F8F384602F0B6
:108A2000C1FE002800F09380384602F0E1FE626A41
:108A300023699A4231D2EFF311838AF31288BFF38C
:108A40006F8F83F31188BFF36F8F002B00F08C8042
:108A50002568AC4201D0002D31D1206A6569A84259
:108A600071D3A36998426ED24946E268BBF1000F08
:108A70004DD1E069854208BF1846801AE0610EF0CA
:108A80005DFC636A10210133636204F1280003F086
:108A900035FE002832D1044604E056EA050342D1EF
:108AA0006FF02204384602F08BFE002857D088F37E
:108AB0001188BFF36F8F204603B0BDE8F08FAB681D
:108AC000002B55D0D5E9003213605A606B7B002231
:108AD00023F0020300266B73002305F11800C5E99B
:108AE0000023AE6003F02EF84946E26828690EF0D4
:108AF00025FC2846C5F8C06001F0DAFC00243846A1
:108B0000414602F005F8204603B0BDE8F08F0EF0B4
:108B100015FC236AE2681344A26923629342B0D130
:108B200063692362ADE7144B22469B684146C3F854
:108B300010903846CDE9006501F062FE04462046FB
:108B400003B0BDE8F08F9C210C48D9F74DFF882178
:108B50000B48D9F749FF81210848D9F745FF4FF461
:108B60009A710748D9F740FFA6210648D9F73CFF7C
:108B70008F210448D9F738FF481302201C2508002C
:108B80002C8D0700CC24080010B5012482B000947D
:108B9000FFF72AFF02B010BD2DE9F04304468846D6
:108BA00016461D4683B0EFF305831BB152EA050359
:108BB00040F09C8004F10807EFF31189202383F330
:108BC0001288BFF36F8F384602F0ECFD002800F0EA
:108BD0008480384602F00CFE636A8BB956EA0503BE
:108BE00069D16FF02205384602F0EAFD002878D0FE
:108BF00089F31188BFF36F8F284603B0BDE8F08377
:108C0000E2684046E1690EF099FBE369E2681344CB
:108C1000A269E361934204BF6369E361636A013B54
:108C20006362EFF31183202282F31288BFF36F8F08
:108C300083F31188BFF36F8F002B5CD02568AC42A3
:108C400049D0002DCFD0AB68002B5DD06A682B686F
:108C5000002113605A606B7B002223F002036B73C8
:108C60000023A960C5E9002305F1180002F06AFF9E
:108C7000206A6369984242D3A36998423FD2296926
:108C8000E2680EF05BFB236AE26828461344A2699F
:108C90002362934204BF63692362636A01336362A0
:108CA0000024C5F8C04001F003FC4946384601F0F5
:108CB0002FFF2546A0E7164B22469B684946C3F87E
:108CC00010803846CDE9006501F09AFD054628463A
:108CD00003B0BDE8F083002585E788210D48D9F76A
:108CE00083FE4FF49A710B48D9F77EFE4FF48A71D8
:108CF0000948D9F779FEA6210848D9F775FE4FF43F
:108D000097710548D9F770FE8F210448D9F76CFE9A
:108D1000481302202C8D07001C250800CC240800D5
:108D2000034600221B601046C3E902225B607047C5
:108D30002DE9F04383B0EFF30587002F40F09680D4
:108D4000044690461E46EFF31189202383F31288D0
:108D5000BFF36F8F4A4802F025FD002800F08280A3
:108D6000474802F045FD474BE1689D6891B995F988
:108D70000E300131C4E902514148236102F020FD67
:108D8000002877D089F31188BFF36F8F002003B0DC
:108D9000BDE8F083A068A84201D12369E9E758EA59
:108DA000060354D095F90E1090F90E306FF07E0244
:108DB0009942A8BF19469142B8BF11468B4242DC86
:108DC000494622462E48CDF80080019601F018FD54
:108DD0000028DBD0EFF31185202383F31288BFF343
:108DE0006F8F274802F0DEFC00283BD0244802F0B9
:108DF000FFFCA06890B1236821699C420AD04BB166
:108E000093F90E309942A8BF19466FF07E0399423C
:108E1000B8BF194690F90E3099420BD177B918486E
:108E200002F0CEFC30B385F31188BFF36F8F6FF083
:108E30000A00ACE701F0AAFD0028EFD0294610484F
:108E400001F066FEF3E701F0A1FD0746B8E70C4824
:108E500002F0B6FC70B189F31188BFF36F8F6FF029
:108E60000F0094E788210848D9F7BEFD6F21074815
:108E7000D9F7BAFD4FF49A710348D9F7B5FD00BF91
:108E80006C130220481302202C8D07004025080097
:108E90002DE9F843EFF30583002B72D18368044674
:108EA000002B6BD0434A9268934264D1C368002B75
:108EB0006BD0012B04D0013BC3600020BDE8F883D8
:108EC000EFF31186202383F31288BFF36F8F3A48A4
:108ED00002F068FC002860D0374802F089FCA068E6
:108EE000216990F90E3099421DD1EFF311832022B0
:108EF00082F31288BFF36F8F83F31188BFF36F8FF4
:108F0000002B46D02568AC4200D07DB900232A480A
:108F1000C4E9023302F054FC002842D086F31188E1
:108F2000BFF36F8FC9E701F031FDDEE7AB68002BBF
:108F30003CD0D5E9003200274FF000084FF000097F
:108F400013605A606B7BC5E9008923F002036B73E1
:108F500005F11800AF6002F0F5FDA56095F90E303F
:108F600028462361C5F8C07001F0A2FA31461248C4
:108F700001F0CEFDA1E74FF0FF309FE76FF0150045
:108F80009CE7D7210D48D9F72FFDEF210B48D9F7E2
:108F90002BFDA6210A48D9F727FD88210948D9F7D2
:108FA00023FD4FF49A710748D9F71EFD8F2104481D
:108FB000D9F71AFD481302206C130220402508003F
:108FC000CC2408002C8D07002DE9F04F83B0044617
:108FD000894690461D469DF830A000F10806EFF343
:108FE0001187202383F31288BFF36F8F304602F07E
:108FF000D9FB002800F0A080304602F0F9FBBAF15E
:10900000000F40D1EFF31183202282F31288BFF3C7
:109010006F8F83F31188BFF36F8F002B00F0908068
:10902000234653F80C2F9A4200D07ABB002D56D11C
:10903000C8F80050B9F1000F5DD0D9F80030032B0B
:1090400065D923F003032B43C8F80030D9F800306A
:1090500003F0030348EA0303C9F80030042104F1D4
:10906000140003F04BFB002830D10446304602F0D8
:10907000A7FB002868D087F31188BFF36F8F2046C5
:1090800003B0BDE8F08FD4F80490BBE79368002BE1
:109090005FD000244FF0000A4FF0000B13685168B6
:1090A00002F118000B605960537BC2E900AB23F05A
:1090B000020353739460019202F044FD019A10463A
:1090C000C2F8C040C2F8108001F0F2F90024304626
:1090D000394601F01DFD204603B0BDE8F08F0820A1
:1090E00003F0FEFC28B30125C0F80480056080462B
:1090F000B9F1000FA1D123682B43C8F80030636891
:10910000C4F80080002BA9D1C4F80480A6E7C8F8F1
:109110000050626842B1136803F0030348EA030396
:109120001360C4F8048099E7C4F80080C4F8048090
:1091300094E76FF00B0499E788210848D9F754FCAD
:10914000A6210748D9F750FC4FF49A710348D9F784
:109150004BFC8F210248D9F747FC00BF2C8D07003C
:10916000CC240800002300F10C0100F11402C0E936
:109170000231C0E90412036043608261704700BF9E
:109180002DE9F041054600F10806EFF3118820248F
:1091900084F31288BFF36F8F304602F003FB002880
:1091A00049D0304602F024FBEFF3118384F3128898
:1091B000BFF36F8F83F31188BFF36F8F002B3ED007
:1091C0002B4653F80C4F9C4200D07CB9082105F186
:1091D000140003F093FA40BB304602F0F1FA90B36A
:1091E00088F31188BFF36F8FBDE8F081A3687BB36C
:1091F00062682368002713605A60637B002223F0B3
:1092000002036373002304F11800C4E90023A7607C
:1092100002F098FC2046C4F8C070276101F048F9BC
:10922000082105F1140003F069FA41463046BDE813
:10923000F04101F06DBC88210748D9F7D5FBA62184
:109240000648D9F7D1FB4FF49A710348D9F7CCFB04
:109250008F210248D9F7C8FB2C8D0700CC240800C9
:1092600010B50023012482B00A4600941946FFF786
:10927000ABFE02B010BD00BF002300B583B00A46AC
:1092800000931946FFF7A0FE03B05DF804FB00BF92
:109290002DE9F043044683B09046994600F1080654
:1092A000EFF31187202181F31288BFF36F8F3046CF
:1092B00002F078FA002834D0304602F099FA256896
:1092C000E5B12B68626823F00303954208BF636031
:1092D00023602B689B070BD1304602F071FA20B354
:1092E00087F31188BFF36F8F284603B0BDE8F08382
:1092F0006C68284603F0C2FB2546EDE758EA0903EF
:10930000EAD039463046CDF80080CDF8049004F11B
:109310000C0201F075FA0028E6D1064B9B681D6926
:10932000E2E788210448D9F75FFB4FF49A710248BD
:10933000D9F75AFB481302202C8D070010B503689B
:109340000A4682B02BB909E01C68032C24F0030301
:1093500004D99A42F8D1002002B010BD01240023A4
:1093600000941946FFF730FE204602B010BD00BF42
:10937000006818B103689B0718BF4068704700BFBA
:10938000406818B103689B0718BF4068704700BF6A
:1093900003466AB18A420BD300F1100CC3E90212F2
:1093A00000201B605B60C3F810C0C3F814C0704796
:1093B0006FF01500704700BF2DE970430446EFF3CE
:1093C0001186202585F31288BFF36F8F2F4802F096
:1093D000E9F9002852D02D4802F00AFAEFF3118380
:1093E00085F31288BFF36F8F83F31188BFF36F8FFC
:1093F000002B3FD02568AC4200D0ADB9D4E9023291
:109400009A4218BF0133022104F11000A36003F057
:1094100075F920BB1D4802F0D3F930B386F31188EB
:10942000BFF36F8FBDE87083AB685BB3D5E90032E3
:1094300000244FF000084FF0000913605A606B7B66
:10944000C5E9008923F002036B7305F11800AC60D5
:1094500002F078FB2846C5F8C04001F029F83146F3
:10946000BDE87043094801F053BB4FF49A710848B6
:10947000D9F7BAFAA6210748D9F7B6FA88210448DD
:10948000D9F7B2FA8F210348D9F7AEFA7013022048
:109490002C8D0700CC240800F0B5044616461D4666
:1094A00083B0EFF3058111B152EA05033BD1EFF32D
:1094B0001187202383F31288BFF36F8F1C4802F0BB
:1094C00071F938B31A4802F093F9A16861B1013912
:1094D0001748A16002F074F900B387F31188BFF355
:1094E0006F8F002003B0F0BD56EA05030AD1104883
:1094F00002F066F990B187F31188BFF36F8F6FF0B8
:109500000F00EFE722463946CDE90065084801F033
:1095100077F9E7E788210748D9F766FA4FF49A7197
:109520000448D9F761FA88210348D9F75DFA00BFEA
:10953000701302202C8D0700642508002DE9F04FE0
:10954000834683B0EFF311832024019384F31288C0
:10955000BFF36F8F3B4802F025F9002864D0054621
:10956000384802F045F9EFF3118384F31288BFF312
:109570006F8F83F31188BFF36F8F002B50D04FF0A4
:10958000000A002600276FF00A09D046DBF80040E9
:10959000A34500D094B9002202210BF11000CBF8B2
:1095A000082003F0ABF810B9BAF1000F2CD00199E4
:1095B000244803B0BDE8F04F01F0AABAA368002B1D
:1095C00036D0D4E9003213605A60637BC4E9006787
:1095D00023F00203637304F11800C4F8088002F05A
:1095E000B1FA2046C4F8C09000F062FFEFF3118397
:1095F000202282F31288BFF36F8F83F31188BFF3A9
:109600006F8F6BB1AA46C1E70E4802F0D9F898B146
:10961000019B83F31188BFF36F8F03B0BDE8F08F18
:10962000A6210948D9F7E0F988210848D9F7DCF9DB
:109630008F210548D9F7D8F94FF49A710348D9F723
:10964000D3F900BF70130220CC2408002C8D070032
:109650002DE9F0470546DFF8C081DFF8C0A184B0EE
:10966000EFF31189202383F31288BFF36F8F4046F5
:1096700002F098F8002800F0C180404602F0B8F8E7
:10968000D5F8CC40002C7FD0D5F8D0202368944268
:1096900008BFC5F8D030C5F8CC30D5F8E430404626
:1096A00043F00203C5F8E430E368666823F004037E
:1096B00043F00103E36002F083F8002800F0A28089
:1096C00089F31188BFF36F8F002E00F0A080204631
:1096D000B047EFF31189202383F31288BFF36F8F14
:1096E000404602F05FF8002800F08880404602F013
:1096F0007FF8E268D10622F001033CD4E3609A07C8
:1097000015D4D5F8E430404623F00203C5F8E43020
:10971000C3F3002402F054F8002873D089F31188B1
:10972000BFF36F8F002C9BD101F070FB98E7DAF844
:10973000000023F00203E3600028E2D04268002129
:109740009442036807D0002BDBD0014618464268DC
:109750001B689442F7D10368002946D00B60DAF801
:109760000430834208BFCAF80410002340F8083BC5
:10977000FFF722FEC5E722F01102E26004F11000BB
:10978000FFF71AFEE368BAE7D5F8E43023F00402E5
:109790005C07C5F8E420C3F380010ED4D00615D5CC
:1097A0001D48C5F8E41002F00BF858B389F311888E
:1097B000BFF36F8F04B0BDE8F08705F1DC04002231
:1097C0000121204601F07CFE0028F8D100234FF053
:1097D000FF364FF0FF3749464046CDE9006705F1B7
:1097E000D402029301F0C2FE3AE7DAF80420CAF884
:1097F00000308242B9D1CAF80430B6E7882108485F
:10980000D9F7F2F84FF49A710548D9F7EDF84FF40B
:1098100038710448D9F7E8F87413022070FC01206D
:109820002C8D070084250800C3689A0709D513F01A
:109830001F021DBF43F00203C36042F00200104646
:10984000704710B4C3F3800223F004038468C3603C
:1098500052B913F01F021BBF43F00203C36010464E
:1098600042F0020010BC7047D4F8CC20002AF0D09F
:1098700090420FD011461268002AEAD09042F9D1E6
:1098800003680B60D4F8D03098420DD00022C36832
:109890000260DEE7D4F8D02003689042C4F8CC30F0
:1098A000F4D1C4F8D030F1E7C4F8D010EEE700BF2F
:1098B000F8B5C3680D469A07C3F3400611D45F0795
:1098C00012D500232B603046F8BD00F05DFBD7F8C1
:1098D000E430E0B9D907C3F3C00248D50AB35A0748
:1098E0001FD46FF00F06ECE70F680446002F2ED050
:1098F000DB0735D5A768002F3CD002262F60204B10
:109900009A68D7F8C8309A42DFD0D7F8E430D80741
:10991000C3F380022BD5002AE3D1C3F3C003002B8D
:10992000DFD100232360D7F8D030DBB11C60C7F84B
:10993000D040002207F1D400114601F0C1FDE368D8
:10994000304643F00403E3602B68A360F8BD8768EA
:109950000F60C368DE07CDD417B96FF01506B0E706
:109960000126CCE7C7F8CC40C7F8D040E1E76FF05C
:109970001206A6E740F257110248D9F735F800BFA2
:10998000481302208425080030B5044683B0EFF365
:109990001185202383F31288BFF36F8F154801F0E0
:1099A00001FFF0B1134801F023FF002254F8043CFA
:1099B000019223F008011B0744F8041C09D40D4848
:1099C00001F0FEFE88B185F31188BFF36F8F03B0FD
:1099D00030BDA36901A9A4F110000193FFF768FF4E
:1099E000EDE788210448D8F7FFFF4FF49A71024849
:1099F000D8F7FAFF741302202C8D070008B530B198
:109A000049B10023C0E90031C0E9023308BD9C21FF
:109A10000348D8F7E9FF9D210148D8F7E5FF00BFCB
:109A20008425080030B583B0019001B34B680C4623
:109A30005BB3EFF31185202383F31288BFF36F8F9D
:109A4000144801F0AFFEE0B1124801F0D1FE20460B
:109A500001A9FFF72DFF04460E4801F0B1FE58B1F1
:109A600085F31188BFF36F8F204603B030BD40F2FD
:109A70007D110948D8F7B8FF4FF49A710748D8F715
:109A8000B3FF88210548D8F7AFFF4FF4BF710248F4
:109A9000D8F7AAFF74130220842508002C8D070034
:109AA00010B5FFF7BFFF041E08DDEFF31180202380
:109AB00083F31288BFF36F8F01F09CF8204610BD2E
:109AC000014610B50748FFF7ADFF041E08DDEFF3B0
:109AD0001180202383F31288BFF36F8F01F08AF87F
:109AE000204610BD60FD012008B520B1E82200210C
:109AF0000DF030FC08BD40F205310148D8F774FF85
:109B000084250800F0B589B00E9D002841D00029B9
:109B100049D00446D0F8E40010F001003ED1C4F86A
:109B2000CC00C4F8D00004F1D400C4E9350004F13D
:109B3000DC00C4E9370055B32E7940F20110002E45
:109B400008BF01204FF0FF364FF0FF37C4F8E400A4
:109B5000CDE90667002603932046CDE90166144B44
:109B60000094049600F028FB55B1296811B12046F5
:109B700000F010FA6B791BB1237B43F001032373D0
:109B8000204601F093FAC4F8C84009B0F0BD0120A6
:109B9000D8E740F232310748D8F726FF4FF44D712D
:109BA0000448D8F721FF40F233310248D8F71CFFB0
:109BB000519606008425080038B558B10D4671B19C
:109BC0003022002104460DF0C5FB4FF48073656020
:109BD000E36038BD4FF478710348D8F705FF40F2D1
:109BE000E1310148D8F700FF8425080038B5D8B125
:109BF0000446EFF31185202383F31288BFF36F8FA0
:109C0000104801F0CFFDC8B10E4801F0F1FDE46845
:109C10000C4804F01F0401F0D3FD50B185F3118806
:109C2000BFF36F8F204638BD40F2F1310648D8F7B8
:109C3000DBFE4FF49A710548D8F7D6FE8821034819
:109C4000D8F7D2FE74130220842508002C8D07005B
:109C5000F0B583B00190002847D00C4600293FD0D2
:109C600016461D46EFF31187202383F31288BFF3B6
:109C70006F8F204801F096FD70B31E4801F0B8FDCB
:109C8000E16811F01E0F0BD000241A4801F098FD76
:109C9000E8B187F31188BFF36F8F204603B0F0BDA2
:109CA00055EA06030DD041F00801E160019904F185
:109CB0001000A16232462B460F4901F065FE0124D7
:109CC000E3E7204601A9FFF7F3FD0446DDE74FF483
:109CD0009A710A48D8F788FE88210848D8F784FE88
:109CE0004FF48B610648D8F77FFE40F25741044895
:109CF000D8F77AFE74130220899906002C8D07008C
:109D000084250800F0B583B00190002848D00C46A7
:109D1000002940D017461D46EFF31186202383F318
:109D20001288BFF36F8F234801F03CFD78B32148C0
:109D300001F05EFDE36823F008021B07E26021D416
:109D400055EA070318D0E36804F1100043F0080156
:109D5000E16001993A46A1622B46174901F014FED1
:109D60000124144801F02CFDF8B186F31188BFF3EB
:109D70006F8F204603B0F0BD204601A9FFF798FD84
:109D80000446EEE704F1100001F0DCFED8E788217C
:109D90000A48D8F729FE40F27B410948D8F724FE4B
:109DA00040F27A410648D8F71FFE4FF49A710348F3
:109DB000D8F71AFE74130220899906002C8D07002B
:109DC0008425080001460148FFF79CBF60FD012083
:109DD00038B558B30446EFF31185202383F3128876
:109DE000BFF36F8F164801F0DDFCD8B1144801F0C5
:109DF000FFFCE36823F008021B07E2600DD4204655
:109E0000FFF712FD04460E4801F0DAFC98B185F325
:109E10001188BFF36F8F204638BD04F1100001F0A8
:109E200091FEECE788210748D8F7DEFD40F29C411F
:109E30000548D8F7D9FD4FF49A710248D8F7D4FDF8
:109E4000741302202C8D070084250800034600208F
:109E50001B605B60704700BF2DE970430446EFF361
:109E60001186202585F31288BFF36F8F294801F0F2
:109E700099FC002845D0274801F0BAFCEFF3118384
:109E800085F31288BFF36F8F83F31188BFF36F8F51
:109E90009BB32568AC4200D055B91E4801F090FC38
:109EA00030B386F31188BFF36F8F0020BDE8708355
:109EB000AB6853B3D5E9003200244FF000084FF0EF
:109EC000000913605A606B7BC5E9008923F0020327
:109ED0006B7305F11800AC6001F034FE2846C5F83C
:109EE000C04000F0E5FA31460A4800F011FEDCE718
:109EF0004FF49A710848D8F777FDA6210748D8F79C
:109F000073FD88210448D8F76FFD8F210348D8F7E7
:109F10006BFD00BF781302202C8D0700CC240800B5
:109F20002DE9F041074682B00C4616461D46EFF378
:109F30001188202383F31288BFF36F8F104801F03C
:109F400031FCC0B10E4801F053FC2046FEF7A0FFE3
:109F5000CDE900653A464146094800F051FC054606
:109F60004FF0FF324FF0FF332046FEF7E1FE284668
:109F700002B0BDE8F08188210248D8F735FD00BF66
:109F8000781302202C8D0700EFF30580003818BFEE
:109F90000120704710B548B104461F2204F1880023
:109FA0000DF0A5FA002084F8A70010BD014B9C68B5
:109FB000F3E700BF4813022088307047B1B3AAB35B
:109FC0002DE9F04790F80DA00E4602F1FF38BAF1E6
:109FD000000F2DD00024174DDFF85C90AF88A8EB60
:109FE00004021AEA070F06EB040011D0EB88296877
:109FF0009A4228BF1A4614440DF0A0F93AEA070A1B
:10A0000006EB040306D100221A703046BDE8F08743
:10A010000835E3E7A8EB0402012A28BF012218460D
:10A020004946083514440DF089F9D7E703487047CD
:10A030000B46E8E720260800A82508004095070001
:10A040000B4B9A68537B13F001030FD1D2F8A82071
:10A050001168B1F1F03F09D04FF0F031116083F396
:10A060001188BFF36F8F0223184602DF704700BFCD
:10A07000481302202DE9F04F85B0119D04460F2DA5
:10A0800088461F46DDF838A07AD005F110011E2958
:10A0900079D8042100264FF0000C4FF0000B129BE2
:10A0A000073222F00709617304F158014A46C4E9F6
:10A0B00006BC2373C4E91611A573AA214046A66005
:10A0C000E6730DF047F94FF0F03108EB0905C8F8D9
:10A0D000001020462946DEF7ABFD8446109B0CF1AC
:10A0E0000702C4E92A8922F0070202930F9BAD1AE6
:10A0F000CDE900A341463B46C4F8B02020462A469D
:10A10000DFF72EFB0F9BC4E91D7AE367109B6665A2
:10A1100084F87060C4F88030EFF31188202383F353
:10A120001288BFF36F8F1F4801F03CFB002834D02A
:10A130001D4F1C4801F05CFB3B6A1A48C4F8843090
:10A140003C6201F03DFB18B388F31188BFF36F8FB9
:10A15000139B8BB119461F2204F188000DF0C7F93B
:10A1600084F8A760BB680BB1D3F8B4302846C4F8B4
:10A17000B43005B0BDE8F08F139B84F88830F1E768
:10A180000A498B4285D040F24B210948D8F72CFC74
:10A190004FF49A710748D8F727FC88210548D8F76B
:10A1A00023FC00BF8C13022048130220B58906004F
:10A1B000AC2508002C8D0700F0B587B0DDE91276DC
:10A1C000EFF305854DBB0595109D044604950F9D45
:10A1D00003950E9D02950D9D01950C9D0095FFF731
:10A1E00049FFB6F1FF3F08BFB7F1FF3F02D120465C
:10A1F00007B0F0BD56EA070305D1204600F056FF30
:10A20000204607B0F0BD3A46334604F11800054930
:10A2100001F0BAFB204607B0F0BD40F21A31024807
:10A22000D8F7E2FBF9A70600AC25080004390DD0E9
:10A230000023033002E00133994204D010F801CF2B
:10A24000BCF1AA0FF7D00020136070470B46FAE765
:10A2500010B4D0E92A43181F0CD0002302E00133C8
:10A26000984203D0E2181279AA2AF8D0002010BC34
:10A270000B6070470346F9E7002340F2011210B566
:10A280000446C0E92A33828102F024FC014B9C6021
:10A2900010BD00BF4813022038B590F90D20437B54
:10A2A000002A19DB1D4D2A4652F8184FAB6894421C
:10A2B00022D00CB3834208D01BB35A7BD20604D100
:10A2C000DA897F2A01D9A269C2B1A34202D020460D
:10A2D00001F0C0F96C6138BD114A03F07F03904270
:10A2E000437312D013F0010313D1D0E900210A60A7
:10A2F000516003604360D5E7EC68DBE71C466C61A6
:10A3000038BDEA210748D8F76FFB5A210648D8F72D
:10A310006BFB5B210448D8F767FB00BF48130220A2
:10A32000E0FA0120842608006026080038B50546BA
:10A330000C46FFF7B1FF6B7B43F002036B73B4B1C4
:10A34000AC6023689C4213D093B195F90E1093F939
:10A350000E20914201D08A420CDC62689A4202D0FF
:10A360001B68002BF3D1C5E900421560656038BD5C
:10A370006268F8E75A68C5E9003215605D6038BD6B
:10A3800038B590F90D20437B002A31DBDC062FD154
:10A39000264A43F08003904243733FD0D90739D413
:10A3A000234C214651F8183F8B422BD0E56963B10D
:10A3B00090F90EC093F90E20944501D0624523DC3C
:10A3C0009D4202D01B68002BF4D1C0E90015286023
:10A3D000E061A5698D4213D095B1A36813B35A7B90
:10A3E000D20606D1DA897F2A03D9AA690AB963613C
:10A3F00038BDAB4202D0284601F02CF9656138BD6A
:10A40000E568EAE7E569E0E75A68C0E9003210600C
:10A410005860DEE753210748D8F7E6FA522105488D
:10A42000D8F7E2FAEA210448D8F7DEFAE0FA012088
:10A4300048130220602608008426080038B51A4D0B
:10A44000A968EC69D1E90020A14214BF134600239A
:10A4500002605060A868EC6963B193F90E1090F93E
:10A460000E208A4201D0914217DC9C4202D01B6828
:10A47000002BF2D10D4AC0E900242060E861AC69EC
:10A48000944208D03CB1AB689C4202D0204601F017
:10A49000E1F86C6138BDEC68F5E75968034AC0E93A
:10A4A000003108605860EAE7481302206013022078
:10A4B00038B50446EFF31185202383F31288BFF3E8
:10A4C0006F8F0E4801F06EF970B10C4801F090F9F1
:10A4D0002046FFF755FF094801F072F940B185F3B6
:10A4E0001188BFF36F8F38BD88210548D8F77CFAF3
:10A4F0004FF49A710248D8F777FA00BF7C13022014
:10A500002C8D0700F8B5744D0446AE6886427AD0AB
:10A51000EFF31187202383F31288BFF36F8F6F4807
:10A5200001F040F9002800F0C2806C4801F060F9A9
:10A53000637BDA065DD4D90943F0100240F09F80B6
:10A540006273AE69664B9E4200F0AD80002E00F053
:10A55000AA80AB68B34200F0A480304601F07AF8DC
:10A56000AB68A3426E6144D1EFF30584002C40D167
:10A570001B7BDB071FD5594801F022F9002800F0AA
:10A580009A8087F31188BFF36F8F84F31188BFF32C
:10A590006F8F0423184602DFEFF31187202383F324
:10A5A0001288BFF36F8F4D4801F0FCF800287ED071
:10A5B0004A4801F01DF9494801F002F9002859D034
:10A5C000FFF73EFDAB681FB15A7B12F0090F7FD039
:10A5D0006FF00A00434AC3F8BC70C3F8C000536868
:10A5E000002143F08053536081F31188BFF36F8FD4
:10A5F000F8BD3A4801F0E4F800285CD087F31188F0
:10A60000BFF36F8FF8BDEFF30583002B80D1EFF31D
:10A610001187202383F31288BFF36F8F2F4801F037
:10A62000C1F8002843D02D4801F0E2F8737B2E4A90
:10A6300003F07F0343F010039642737344D013F08A
:10A6400001033DD12A46706831680160486033607B
:10A65000736052F8184F944227D034B3AB689C42D1
:10A6600002D0204600F0F6FF1C486C6101F0A8F80B
:10A670000028A5D14FF4B7711C48D8F7B5F91A4A8C
:10A6800003F07F0343F01003944263731CD013F074
:10A69000010315D1D4E900210A6051602360636091
:10A6A0004FE733465DE7EE6853E7EC68D6E788216D
:10A6B0000E48D8F799F94FF49A710C48D8F794F9E5
:10A6C0005B210B48D8F790F95A210948D8F78CF943
:10A6D000D2210848D8F788F9481302207C130220B9
:10A6E0006013022000ED00E0E0FA01202C8D07004D
:10A6F00060260800B026080038B50446EFF311853F
:10A70000202383F31288BFF36F8F144801F04AF8B7
:10A71000D8B1124801F06CF8A3686BB1D4E90032EB
:10A720000020002113605A600022637BC4E900010D
:10A7300023F002036373A260084801F041F840B1BE
:10A7400085F31188BFF36F8F38BD88210448D8F78F
:10A750004BF94FF49A710248D8F746F97C1302205E
:10A760002C8D070070B504460D46EFF311862023AB
:10A7700083F31288BFF36F8F1D4801F013F898B36D
:10A780001B4801F035F894F87020637B62B15DB12D
:10A79000002384F87030164801F012F8F8B186F3FF
:10A7A0001188BFF36F8F70BD002284F8702013F002
:10A7B0002802F0D1A16859B1D4E9003100200B6022
:10A7C00059600021637BC4E90001A26003F0FD032E
:10A7D00023F0040320466373FFF7D2FDDBE74FF459
:10A7E0009A710448D8F700F988210248D8F7FCF894
:10A7F0007C1302202C8D070001211838FFF7B2BF0F
:10A800002DE9F047324EDFF8CCA0334BB468504509
:10A810001C60DDE9089855D004460D461746EFF355
:10A820001183202383F31288BFF36F8F504600F00B
:10A83000B9FF002842D0504600F0DAFF3946B76829
:10A840003846FFF773FDB8F1FF3F08BFB9F1FF3F8E
:10A8500006D04A464346214907F1180001F094F812
:10A86000204600F0ADFF20B31A4800F0A9FF00B366
:10A87000FFF7E6FBB3681DB15A7B12F0090F14D045
:10A880006FF00A00164AC3F8BC50C3F8C000536802
:10A89000002143F08053536081F31188BFF36F8F21
:10A8A000B368D3F8C000BDE8F087D2210D48D8F7CF
:10A8B0009BF84FF4B7710C48D8F796F888210A48EE
:10A8C000D8F792F840F29E210848D8F78DF800BFDB
:10A8D000481302207C13022080130220F9A70600EF
:10A8E00000ED00E0B02608002C8D0700602608006F
:10A8F00070B50546EFF31186202383F31288BFF36A
:10A900006F8F1A4800F04EFF38B3184800F070FF00
:10A910002C68A5421AD07CB1A36813B3D4E90032E5
:10A920000020002113605A600022637BC4E900010B
:10A9300023F002036373A2600C4800F041FF38B1BA
:10A9400086F31188BFF36F8F204670BD0024F3E7B4
:10A950004FF49A710648D8F747F888210448D8F789
:10A9600043F88F210348D8F73FF800BF7C1302203B
:10A970002C8D0700CC24080010B50446FFF7BCFE60
:10A9800004F11800BDE8104001F0DCB8F8B5044649
:10A990000D46EFF31187202383F31288BFF36F8FE7
:10A9A000554800F0FFFE002800F09180524800F06A
:10A9B0001FFF637B03F01F02002A0CBF0126002645
:10A9C0000DD09B074CD4A5734B4800F0F9FE00282E
:10A9D00078D087F31188BFF36F8F3046F8BD474AB0
:10A9E00003F07F039442637375D013F0010376D1B3
:10A9F000D4E900200260506023606360637B69B229
:10AA000043F08003DA07A17363736CD43C4D28468E
:10AA100050F8183F834244D0D5F81CC053B193F985
:10AA20000E20914201D08A4240DC634502D01B686F
:10AA3000002BF4D1C4E9000CCCF80040EC61AC6907
:10AA4000844208D03CB1AB689C4202D0204600F062
:10AA500001FE6C61B8E7EC68AB689C42F6D1F8E7A0
:10AA6000A268002A43D0D4E9001000236DB201602F
:10AA70004860A5732360636013689A4214D09BB149
:10AA800093F90E108D4201D0A94215DC516899420C
:10AA900002D01B68002BF3D1C4E900210C60546084
:10AAA00092E7D5F81CC0C5E75168F5E75A68C4E9D4
:10AAB000003214605C60C2E75A68C4E90032146076
:10AAC0005C6081E74FF49A710E48D7F78DFF8821BB
:10AAD0000C48D7F789FF5A210B48D7F785FF5B2130
:10AAE0000948D7F781FF53210748D7F77DFF8F210A
:10AAF0000648D7F779FF00BF7C130220E0FA012057
:10AB0000481302202C8D070060260800CC24080082
:10AB100070B503460C4611B9EFF3058545B11846EB
:10AB200000F04EFEF8B184F31188BFF36F8F70BD53
:10AB3000124E7169B2689142F1D000F041FEB8B195
:10AB4000FFF77EFA6FF00A01B3680D4AC3F8BC50F4
:10AB5000C3F8C010536843F08053536085F31188E5
:10AB6000BFF36F8F70BD4FF49A710648D7F73CFF63
:10AB70004FF4B7710348D7F737FF00BF48130220DF
:10AB800000ED00E02C8D070038B50446EFF3118589
:10AB9000202383F31288BFF36F8F144800F002FE66
:10ABA000D0B1124800F024FE637BDA060BD523F007
:10ABB000100320466373FFF7E3FB2946BDE83840E6
:10ABC0000A48FFF7A5BF094800F0FAFD40B185F338
:10ABD0001188BFF36F8F38BD88210548D7F704FF70
:10ABE0004FF49A710248D7F7FFFE00BF7C13022092
:10ABF0002C8D070020B180F31188BFF36F8F704751
:10AC000038B5EFF30584BCB90E4D6A69AB689A425A
:10AC100012D0FFF715FA6FF00A01AB680A4AC3F8C1
:10AC2000BC40C3F8C010536843F08053536084F3B2
:10AC30001188BFF36F8F38BD80F31188BFF36F8F1A
:10AC400038BD00BF4813022000ED00E010B5EFF35F
:10AC50001184202383F31288BFF36F8F164800F00E
:10AC6000A1FDA8B1144800F0C3FDEFF30583EBB9D3
:10AC7000124B9A68D37B012B13D0013BD3730E4840
:10AC800000F09EFD40B184F31188BFF36F8F10BDBB
:10AC900088210B48D7F7A8FE4FF49A710848D7F7D8
:10ACA000A3FE4FF44F710748D7F79EFE40F23B31A9
:10ACB0000448D7F799FE00BF7C13022048130220F6
:10ACC0002C8D07006026080070B5EFF31186202355
:10ACD00083F31288BFF36F8F364800F063FD0028BE
:10ACE00055D0354D334800F083FDAB68DA7B002A40
:10ACF0005BD0EFF30581002952D129460132DA7386
:10AD000051F8184F8C4240D0002C3ED05A7BD206CE
:10AD100030D1DA897F2A2DD9A2695ABB1C46254831
:10AD20006C6100F04DFDB0B386F31188BFF36F8FF7
:10AD3000EFF31183202282F31288BFF36F8FFBB9E8
:10AD4000EFF30584E4B96969AA68914218D0FFF766
:10AD500077F96FF00A01AB68184AC3F8BC40C3F832
:10AD6000C010536843F08053536084F31188BFF3DD
:10AD70006F8F70BDA342D2D0204600F06BFCCEE7AF
:10AD800083F31188BFF36F8F70BDEC68BEE7882135
:10AD90000B48D7F729FE4FF49A710948D7F724FEDC
:10ADA0004FF452710748D7F71FFE40F2473105486C
:10ADB000D7F71AFE7C1302204813022000ED00E0B2
:10ADC0002C8D07006026080038B50468844212D034
:10ADD00005460CB90FE064B12046FFF78DFC04F185
:10ADE000180000F0AFFE2046FFF762FB2C68A5427A
:10ADF000F1D1012038BD002038BD00BF024A134602
:10AE000043F81829DA6170476013022070B5EFF338
:10AE10000584002C6DD1EFF31186202383F3128873
:10AE2000BFF36F8F354800F0BDFC00285DD0344D76
:10AE3000324800F0DDFCAA68EB699A4215BF13683E
:10AE4000234619461168526811604A60A868EC6987
:10AE500063B190F90E2093F90E108A4201D091420D
:10AE600033DCA34202D01B68002BF2D1254AC0E993
:10AE700000242060E861AC69944224D01CB3AB6824
:10AE80009C4202D0204600F0E5FB1C486C6100F0BB
:10AE900097FC28B3FFF7D4F8AB681EB15A7B12F0C9
:10AEA000090F19D06FF00A00174AC3F8BC60C3F845
:10AEB000C0005368002143F08053536081F3118830
:10AEC000BFF36F8F70BDEC68D9E75A68C0E90032F4
:10AED00010600C4A5860CEE7D2210C48D7F784FDA9
:10AEE0004FF4B7710A48D7F77FFD88210848D7F794
:10AEF0007BFD4FF48E610748D7F776FD7C13022067
:10AF0000481302206013022000ED00E0B026080084
:10AF10002C8D070060260800F8B5EFF30583002BA1
:10AF20005BD150EA010305460C464ED0EFF3118782
:10AF3000202383F31288BFF36F8F2F4800F032FC79
:10AF400000284FD02D4E2C4800F052FCB0682C4BFE
:10AF50001860FFF7A1F9B06823462A46294918303E
:10AF600000F012FDB2680446537B234843F004030B
:10AF7000537300F025FC002838D0FFF761F8B36860
:10AF80001FB15A7B12F0090F23D06FF00A001E493F
:10AF9000C3F8BC70C3F8C0004B68002243F0805374
:10AFA0004B6082F31188BFF36F8FB368D3E90A1344
:10AFB000B3F1004F08BF914201D00020F8BD00F06E
:10AFC00097FF201A20EAE070F8BDFFF71FFF00206E
:10AFD000F4E7D2210D48D7F707FD4FF491610C48F3
:10AFE000D7F702FD88210B48D7F7FEFC4FF4B77165
:10AFF0000848D7F7F9FC00BF7C1302204813022051
:10B0000080130220F9A7060000ED00E0B02608003A
:10B01000602608002C8D070070B5EFF3058404BB93
:10B0200006460D46FFF778FFB5F1FF3F08BFB6F1C2
:10B03000FF3F13D04FF47A7247F6FF73C0FB023420
:10B04000D80B40EA4440B0F1004F4FEAD43474F1D9
:10B05000000400D270BD6FF0004070BD4FF0FF30B3
:10B0600070BD40F2B2410148D7F7BEFC602608002F
:10B0700010B500240B494FF4004C8E462146C0FB0E
:10B080000CE100237046084A05F052FCC117FFF797
:10B0900043FF47F6FF73044AC0FB0234DB0B43EA6D
:10B0A000444010BD3F420F0040420F0038B50446F7
:10B0B000EFF31185202383F31288BFF36F8F1648B7
:10B0C00000F070FBF8B1144800F092FB637B5B0763
:10B0D00008D4114800F074FBC8B185F31188BFF3A0
:10B0E0006F8F38BD04F1180000F02CFD637B204603
:10B0F00023F004036373FFF743F92946BDE83840A2
:10B100000548FFF705BD88210448D7F76DFC4FF4CB
:10B110009A710248D7F768FC7C1302202C8D070037
:10B12000014B9868704700BF481302202DE9F84F83
:10B13000054690F80CB0EFF3118A202383F31288B0
:10B14000BFF36F8F884800F02DFB002800F0F180DE
:10B15000854800F04DFB6B7B1A0700F18180D9090F
:10B1600043F0080268D16A73AB686BB1D5E900326D
:10B1700013605A60002300220021C5E900236B7B85
:10B18000A96023F002036B7305F1180000F0DAFCEC
:10B19000AC6D05F15807A74222D00CB300264FF042
:10B1A00000084FF0000900E0D4B1A368002B00F0C4
:10B1B000B780D4E9003213605A60637BC4E9008928
:10B1C00023F00203637304F11800A66000F0BAFCD8
:10B1D0002046C4F8C060FFF7D3F8AC6DA742E3D1B6
:10B1E000624CA3689D4276D00027A669604A9642C9
:10B1F0006BD0002E69D0B34202D0304600F02AFA5C
:10B2000028466661DEF7D6FA284600F05BFB002F81
:10B210005DD1A3689D422ED0534800F0D1FA00289A
:10B2200000F082808AF31188BFF36F8F1BF0010F4B
:10B2300040F09480BDE8F88F4E4A03F07F0343F05E
:10B24000080395426B7300F0818013F0010340F016
:10B250008180D5E900210A6051602B606B6083E733
:10B26000414800F0ADFA00285ED08AF31188BFF3A0
:10B270006F8FBDE8F88FEFF30586002ECCD12B7BC6
:10B28000DB072ED45546384800F09AFA002858D0EB
:10B29000FEF7D6FEA3681DB15A7B12F0090F4CD001
:10B2A0006FF00A00344AC3F8BC50C3F8C0005368BA
:10B2B000002143F08053536081F31188BFF36F8FF7
:10B2C0004FF4EE712D48D7F78FFBE66893E72C48D3
:10B2D000FEF7D2FF9DE7EFF30587003F18BF012778
:10B2E00083E7214800F06CFAF0B18AF31188BFF3CC
:10B2F0006F8F86F31188BFF36F8F0423184602DF28
:10B30000EFF3118A202383F31288BFF36F8F16485F
:10B31000554600F047FA60B1134800F069FAB2E709
:10B320008F211848D7F760FB4FF49A711648D7F76A
:10B330005BFB88211448D7F757FBD2211348D7F776
:10B3400053FB4FF4B7711048D7F74EFB5A210B4807
:10B35000D7F74AFB5B210948D7F746FB40F28E51ED
:10B360000648D7F741FB00BF7C1302204813022098
:10B3700060130220E0FA012000ED00E060260800E2
:10B3800078FC0120CC2408002C8D0700B026080092
:10B390002DE9F041044616461D46EFF311872021A2
:10B3A00081F31288BFF36F8F3E4800F0FBF900284D
:10B3B00060D03C4800F01CFA637B1B0755D455EA6B
:10B3C00006030DD16FF00F04364800F0F9F900289C
:10B3D00054D087F31188BFF36F8F2046BDE8F0810A
:10B3E000DFF8C480D8F80800A04240D0A26800F17D
:10B3F00058039A423BD0EFF30583002B43D104F16D
:10B400005801FEF793FFB5F1FF3F08BFB6F1FF3FCC
:10B4100007D0D8F8080032462B462449183000F0EF
:10B42000B3FA204800F0CCF990B3FEF709FED8F843
:10B4300008301FB15A7B12F0090F2ED06FF00A00AE
:10B440001B4AC3F8BC70C3F8C0005368002143F026
:10B450008053536081F31188BFF36F8FD8F80830A1
:10B46000D3F8C0402046BDE8F0810024ACE76FF07F
:10B470002C04A9E788210F48D7F7B6FA4FF49A7140
:10B480000C48D7F7B1FA4FF4B6610B48D7F7ACFACE
:10B490004FF4B7710748D7F7A7FAD2210748D7F773
:10B4A000A3FA00BF7C13022048130220F9A706006C
:10B4B00000ED00E02C8D070060260800B026080093
:10B4C0002DE9F843064688461746EFF311892023F5
:10B4D00083F31288BFF36F8F214800F063F90028CF
:10B4E00035D005461E4800F083F93468A64227D0BF
:10B4F00024B3A368C4F8C080276163B3D4E90032E1
:10B5000013605A60002200230021C4E90023637BFA
:10B51000A16023F0020304F11800637300F012FB32
:10B520002046FEF72DFF0E4800F04AF950B189F38E
:10B530001188BFF36F8F2846BDE8F8832546F2E7F0
:10B540000025F0E74FF49A710648D7F74DFA8821A5
:10B550000448D7F749FA8F210348D7F745FA00BFC7
:10B560007C1302202C8D0700CC24080010B582B07B
:10B57000DDE90434CDE90034069CFFF741F91CB144
:10B58000024B9B681B69236002B010BD4813022068
:10B590002DE9F84306460F469046EFF31189202324
:10B5A00083F31288BFF36F8F154800F0FBF8E8B102
:10B5B000134800F01DF93468A6420BD054B141463F
:10B5C0002046B847054630B973689C4202D02468CB
:10B5D000002CF4D100250A4800F0F2F850B189F3AC
:10B5E0001188BFF36F8F2846BDE8F883882105488E
:10B5F000D7F7FAF94FF49A710248D7F7F5F900BF77
:10B600007C1302202C8D070008B5A8B10C4B984282
:10B6100012D303F1180290420ED20A4AC01A02FB5A
:10B6200000F1094BB3EBF10F06D30121C01002FB6F
:10B6300000F0064B195408BD3F210548D7F7D4F94F
:10B6400040FD0120ABAAAAAAAAAAAA0A8413022032
:10B65000DC2608002DE9F0411E4B1F4D1F7C07EB37
:10B66000470305EBC305437B13F01F040FD11B4BAE
:10B67000984205D01A4B1E688EB1C3897F2B15D90D
:10B68000284600F05FFA174BDC55BDE8F0812846EC
:10B6900000F058FA0022134BDA55BDE8F081284635
:10B6A00000F050FA0F4BDE55BDE8F0810E4B90F9DB
:10B6B0000E201B6828469A42E3DB00F043FA094B50
:10B6C000721EDC552846BDE8F0410849D31700F04A
:10B6D0005BB900BF4813022040FD0120E0FA0120C1
:10B6E000B8A80120841302208813022009B606009E
:10B6F00038B5EFF31185202383F31288BFF36F8FE2
:10B70000204800F04FF8002837D01E4800F070F8AD
:10B710001D4A1E4B94681868A04226D00021127C56
:10B720001B481960825C8AB1637BDB060ED1194B22
:10B730009C420BD0184B1B6843B1E3897F2B05D883
:10B74000164B94F90E201B689A4208DA0D4800F057
:10B7500037F868B185F31188BFF36F8F38BDFEF7F6
:10B760006DFE2046FFF776FFF0E7FFF773FFEDE78A
:10B770004FF49A710A48D7F737F988210848D7F764
:10B7800033F900BF7C1302204813022080130220EB
:10B7900084130220E0FA0120B8A8012088130220B7
:10B7A0002C8D0700006838B1044B00F003001B7CAF
:10B7B000C01A18BF012070470120704748130220AB
:10B7C000002301680360EFF30583084A43B99368D7
:10B7D000127C43EA0200401AB0FA80F04009704738
:10B7E0009368587BC007F3D50120704748130220A7
:10B7F000024B1A7C9B681343036070474813022076
:10B800002DE9F843002851D005460E469046EFF347
:10B8100011874FF0200989F31288BFF36F8F2548F5
:10B82000FFF7C0FF002838D02248FFF7E1FF224B86
:10B830001C6A4CB1B8F1000F10D120463146A84720
:10B84000D4F88440002CF8D11A48FFF7B9FF40B370
:10B8500087F31188BFF36F8FBDE8F883DFF854805A
:10B860004046FFF7ADFFE0B187F31188BFF36F8F5C
:10B8700031462046A847EFF3118789F31288BFF3BA
:10B880006F8F4046FFF78EFF38B14046FFF7B0FF9D
:10B89000D4F88440002CE3D1D6E788210748D7F7B5
:10B8A000A3F84FF49A710548D7F79EF82E21044863
:10B8B000D7F79AF88C130220481302202C8D07002A
:10B8C0000427080038B50446EFF31185202383F3DD
:10B8D0001288BFF36F8F1748FFF764FF00B3154856
:10B8E000FFF786FF144A136AA34210D033B1D3F88E
:10B8F0008420A2420FD01346002BF8D10D48FFF749
:10B900005FFF88B185F31188BFF36F8F38BDD3F81F
:10B9100084301362F2E7D4F88420C3F88420EDE782
:10B9200088210648D7F760F84FF49A710348D7F793
:10B930005BF800BF8C130220481302202C8D0700F7
:10B940000022FFF75DBF00BF0122FFF759BF00BF14
:10B9500010B40C4B5A68036882420AD04BB1D3E949
:10B9600004210469121944691A6141EB0401596107
:10B970000368002241680B60596010BC026042609D
:10B98000704700BFBCA80120B3F1FF3F08BFB2F170
:10B99000FF3F2DE9F84F00F0A380D0F800B08146BA
:10B9A000BBF1000F40F0B9801C4615461E46816071
:10B9B000EFF31187202383F31288BFF36F8F5B4867
:10B9C000FFF7F0FE8246002800F0A3805748FFF7FB
:10B9D0000FFF002C45DB564B1B68002B00F08680C8
:10B9E0005E46D846534B01351A6844F1000415EB06
:10B9F0000B0546EB04065B68C9E90456AD1846EB37
:10BA000003064D4AD2E9001E914212D089B1D9E90C
:10BA10000430D1E9044CA34270EB0C0B39DB1B1B47
:10BA200060EB0C008E45C9E9043002D0096800299A
:10BA3000EFD1C9E9002ECEF80090C2F80490136847
:10BA4000934201D0994531D03848FFF7B9FE00281C
:10BA500067D087F31188BFF36F8F28463146BDE862
:10BA6000F88F6FF00103334A4FF0000AD2E9001259
:10BA70005B1A4FF0FF3161EB02025B1B62EB0402C9
:10BA8000012B72F10001BCBF5A460123C9E90432FF
:10BA9000B7E7E41A4B686CEB0000C1E90440C9E960
:10BAA0000013C3F80090C1F80490C8E72049096862
:10BAB0000029C9D1BAF1000F21D0D3E90423B2EB98
:10BAC000080263EBE873B2F1004F73F1000113DA7F
:10BAD000002BACBF104600200021F6F705FEB3E7AF
:10BAE00000252E4628463146BDE8F88FF6F76EFE53
:10BAF00080468346C61775E76FF00040ECE7F6F71F
:10BB000065FE0D4A13689342F6D0002BF4D08046B0
:10BB1000D3E788210948D6F767FF70210848D6F790
:10BB200063FF4FF49A710548D6F75EFF9413022025
:10BB30009013022058FD0120BCA801202C8D070085
:10BB400030270800F8B50446EFF31186202383F36D
:10BB50001288BFF36F8F2B48FFF724FE00284DD0CB
:10BB60002848FFF745FE236893B3274D20462F68EA
:10BB7000AF4236D0FFF7ECFE00224FF00043BC424C
:10BB8000C4E904230AD000241E48FFF719FE80B33D
:10BB900086F31188BFF36F8F2046F8BD1B4B1B68DF
:10BBA000CBB100202A68AA4218D0BAB1D2E9043237
:10BBB0001B1A62EBE072B3F1004F72F100010DDA73
:10BBC000002AACBF184600200021F6F78DFDDAE709
:10BBD0006FF01504D8E7F6F7F9FDE3E76FF00040E2
:10BBE000F2E7FFF7B5FE00224FF00043C4E904235B
:10BBF000C9E74FF49A710648D6F7F6FE8821044843
:10BC0000D6F7F2FE94130220BCA801209013022064
:10BC10002C8D07002DE9F0418046EFF3118720239A
:10BC200083F31288BFF36F8F2348FFF7BBFD002813
:10BC300039D02148FFF7DCFDD8F800402CB31F4A6B
:10BC40001368934223D05BB3D3E9044698450DD0E3
:10BC5000556809E01B684BB1D3E90421A21846EBF3
:10BC600001069845144601D0AB42F3D1144B1B6832
:10BC700083B11148FFF7A4FDC8B187F31188BFF362
:10BC80006F8F20463146BDE8F0812646F1E700245B
:10BC90002646EBE7F6F79AFD241A66EBE076E8E72E
:10BCA0001C461E46E2E788210648D6F79DFE4FF463
:10BCB0009A710448D6F798FE94130220BCA801207C
:10BCC000901302202C8D07002DE9F04F83B00190D6
:10BCD000EFF311854FF0200B8BF31288BFF36F8FBA
:10BCE0006148FFF75FFD019A002800F0A3805F4FD5
:10BCF0005D480192FFF77CFDD7F80080DFF870A166
:10BD0000019AB845CAF8002000F09180B8F1000F00
:10BD100000F09980DFF85C91534ECDF804B003E059
:10BD2000B8F1000F00F09C80D8E90443D017A2427C
:10BD300070EB030E54DBD9E900204FF0000C4FF0FC
:10BD4000000B121940EBE473C8E904BC4046C9E992
:10BD50000023FFF7FDFD3046FFF732FD00286DD0D0
:10BD600085F31188BFF36F8F4046D8F808309847A5
:10BD7000EFF31185019B83F31288BFF36F8F304679
:10BD8000FFF710FD002855D03046FFF731FDDAF8F7
:10BD90000020D7F80080121BB845CAF80020BFD198
:10BDA00000246FF00040D9F80030CAF800409B181A
:10BDB000C9F80030D9F8043043EBE273C9F8043015
:10BDC0000021F6F791FC2848FFF7FAFCB0B385F3A1
:10BDD0001188BFF36F8F03B0BDE8F04FFFF788BC49
:10BDE000A41AC8F8104063EB00043B68C8F814407C
:10BDF0000024CAF80040D9F80040A418D9F804205B
:10BE0000C9F8004042EB0002BB42C9F804200BD045
:10BE100053B1D3E90403B0F1004F73F1000203DA28
:10BE2000002BB8BF0020CBE76FF00040C8E7DFF879
:10BE30004490B5E788211048D6F7D6FD4FF49A71A3
:10BE40000D48D6F7D1FD0B49CAF80080D1E9003082
:10BE50009B1840EBE272C1E900326FF00040AFE79F
:10BE60004346D017C4E700BF94130220BCA80120AA
:10BE70009013022058FD01202C8D070070B5EFF3C0
:10BE80001186202383F31288BFF36F8F1448FFF7C6
:10BE900089FCE0B11248FFF7ABFC124B1B6893B171
:10BEA00000200146104B1A685D6884180C4841EB6D
:10BEB0000505FFF785FC70B186F31188BFF36F8F1E
:10BEC0002046294670BDF6F781FCC117EAE78821B4
:10BED0000648D6F789FD4FF49A710448D6F784FDD9
:10BEE000941302209013022058FD01202C8D07008E
:10BEF00008B5FFF7C3FF08BDFFF7C0BFB3F1FF3FB1
:10BF000008BFB2F1FF3F70B5054616D016461A437A
:10BF10001C4605D100263146C5E90061284670BDA2
:10BF2000002B11DA6FF001039E1B4FF0FF3363EB20
:10BF30000401C5E90061284670BD4FF0FF36314667
:10BF4000C5E90061284670BDFFF798FF861941EBEF
:10BF50000401C5E90061284670BD00BFB3F1FF3F91
:10BF600008BFB2F1FF3FF8B5064617D01C4654EAA9
:10BF70000203154605D100200446C6E900043046F8
:10BF8000F8BDFFF77BFFA84271EB0403F3D2281A38
:10BF900064EB0104C6E900043046F8BD4FF0FF3001
:10BFA0000446C6E900043046F8BD00BF10B504469B
:10BFB000FFF7C8FDA8B9636A0BB12046984704F1A2
:10BFC0001800FEF795FC60B1FEF772FAEFF31180EE
:10BFD000202383F31288BFF36F8FBDE81040FEF774
:10BFE00009BE10BD002968D02DE9F8430E4615465C
:10BFF0004FF000084FF0200901EB810300EB8300B4
:10C00000354FA0F11404637BC4F8088003F03F03AC
:10C01000102B4ED8DFE803F015463F4D384D4D4DFF
:10C02000314D4D4D4D4D4D4D09002369002B4ED0E6
:10C03000236833B1626813605A60C4F80080C4F8A2
:10C0400004803846FFF7BCFB00283BD085F31188FD
:10C05000BFF36F8FEFF3118589F31288BFF36F8FF2
:10C060003846FFF79FFB48B33846FFF7C1FB013E58
:10C07000A4F11404C7D1BDE8F8832369002BD7D1FC
:10C08000C0211648D6F7B0FC2369002BD0D1B821C7
:10C090001248D6F7A9FC2369002BC9D1B4210F4857
:10C0A000D6F7A2FC2369002BC2D1BC210B48D6F7DE
:10C0B0009BFCCB210948D6F797FC7047882108489C
:10C0C000D6F792FC4FF49A710548D6F78DFCC4213F
:10C0D0000248D6F789FC00BF9813022054270800B5
:10C0E0002C8D07002DE9F041866804460D4636B1D7
:10C0F0007378012B22D0022B0CD000233370002048
:10C10000E368A060C3F38632154365F39433E360BC
:10C11000BDE8F0813378002BEFD056F8047C002F77
:10C12000EBD006F11400FFF70DFD0023A6F1140873
:10C1300041463846F362FDF775FCDEE716F8533CDE
:10C140009A07DAD5A6F160073846FEF715FC082DE8
:10C150000CBF6FF00302002216F8533C3266DB0678
:10C16000CBD13846FEF7A4F9C7E700BF2DE9F04F61
:10C17000B1F1000883B0009340F3D48100254FF063
:10C180002009AA4683461446A84E0195EFF311876D
:10C1900089F31288BFF36F8F3046FFF703FB002847
:10C1A00000F0C8813046FFF723FB9BF80D2002F01A
:10C1B0003F02102A00F2AE81DFE812F016005100B3
:10C1C0001100AC014A00AC01AC01AC014300AC0170
:10C1D000AC01AC01AC01AC01AC01AC012E00DBF850
:10C1E00010209268002A41D1009B13B92278002ABE
:10C1F0003ED13046FFF7E4FA002800F0968187F33D
:10C200001188BFF36F8F0135A8450BF1140BBDD119
:10C21000019803B0BDE8F08FDBF81020D189528976
:10C220009142E1D02021DBF80C20CBF808A0C2F32A
:10C230008630014361F39432CBF80C2084F800A0DF
:10C24000D7E7DBF81020526A002ACDD01021EAE7A8
:10C25000DBF810201268002AC6D00421E3E7DBF8DF
:10C2600010209268002ABFD00121DCE70221DAE722
:10C270009BF80D2002F03F02102A00F24F81DFE808
:10C2800012F018004D001E004D01D7004D014D0168
:10C290004D01A9004D014D014D014D014D014D01D3
:10C2A0004D0179004A68CBE90012C2F800B0C1F82C
:10C2B00004B0019BCBF808400133019399E7DBF808
:10C2C0001030002B00F03E81196903F1100E8E45ED
:10C2D000D3F814C000F0E680BCF1000F00F0E2805B
:10C2E000DCF80820002A00F03D8112F9522C14F9E4
:10C2F000520C824240F0D380002900F0D3808A683B
:10C30000002A00F02F8112F9522C904201D0824273
:10C31000C8DC614500F0C6800968EDE7DBF8103045
:10C32000002B00F01381D3E9001C8B4200F0E68063
:10C33000BCF1000F00F0E280DCF80820002A00F0D9
:10C34000118112F9522C14F9520C824240F0D38020
:10C35000002900F0D3808A68002A00F0038112F9D6
:10C36000522C904201D082429CDC8C4500F0C68069
:10C370000968EDE7DBF81030002B00F0DF80196B67
:10C3800003F1300E8E45D3F834C000F0A880BCF124
:10C39000000F00F0A480DCF80820002A00F0E28002
:10C3A00012F9522C14F9520C824240F09580002967
:10C3B00000F095808A68002A00F0D48012F9522C8F
:10C3C000904202D082423FF76DAF8C4500F08780EB
:10C3D0000968ECE7DBF81030002B00F0BB80996AAD
:10C3E00003F1280E8E45D3F82CC069D0BCF1000FA4
:10C3F00066D0DCF80820002A00F0B48012F9522C34
:10C4000014F9520C824259D1002959D08A68002A65
:10C4100000F0A88012F9522C904202D082423FF7DD
:10C4200041AF8C454CD00968EEE700BF981302205D
:10C43000DBF81030002B00F09180596903F1140EE5
:10C440008E45D3F818C01ED0BCF1000F1BD0DCF80D
:10C450000820002A00F0868012F9522C14F9520CA0
:10C4600082420ED179B18A68002A7BD012F9522C0F
:10C47000904202D082423FF715AF614503D0096870
:10C48000F0E79042EEDDCBE900ECCCF800B0C3F869
:10C4900018B0019BCBF8084001330193A9E6904204
:10C4A0007FF72AAFCBE900ECCCF800B0C3F814B0AA
:10C4B000019BCBF80840013301939AE69042A3DD3B
:10C4C000CBE900ECCCF800B0C3F82CB0019BCBF862
:10C4D0000840013301938CE690427FF768AFCBE9C7
:10C4E00000ECCCF800B0C3F834B0019BCBF80840A6
:10C4F000013301937DE690427FF72AAFCBE9003C00
:10C50000CCF800B0C3F804B0019BCBF8084001336D
:10C5100001936EE663211448D6F766FAA421124807
:10C52000D6F762FA0023019372E64FF49A710F482E
:10C53000D6F75AFA88210D48D6F756FA9D210A48AF
:10C54000D6F752FA8D210848D6F74EFA95210648BB
:10C55000D6F74AFA99210448D6F746FA91210248BB
:10C56000D6F742FA937BFFDE542708002C8D070094
:10C5700008B56AB93F2913D873B190F80CC0090205
:10C5800001F47C5141EA0C01C0E90221036108BDBC
:10C590002E210548D6F728FA31210348D6F724FA88
:10C5A00030210148D6F720FA542708004FF0010C3B
:10C5B0002DE9F04F16464C4A85B0946884F860C067
:10C5C00084F861C0EFF30589B9F1000F40F0818074
:10C5D0000746002878D000291D4670DB56EA05037F
:10C5E0000CBF0123002304F16002FFF7BFFD80466A
:10C5F000EFF3118B4FF0200A8AF31288BFF36F8F8D
:10C600003A48FFF7CFF8002855D03848FFF7F0F840
:10C6100094F86030002B3AD056EA050384F8609015
:10C6200027D05946324A009601953048FEF7E8F87F
:10C630000446EFF311858AF31288BFF36F8F2B48FE
:10C64000FFF7B0F8002836D02848FFF7D1F8384671
:10C650002A464146FFF7C6FC2448FFF7B1F80028F8
:10C660003CD085F31188BFF36F8F204605B0BDE83D
:10C67000F08F1E48FFF7A4F880B38BF31188BFF347
:10C680006F8F6FF00A04204605B0BDE8F08F5A4660
:10C69000414638460393FFF7A5FC1448FFF790F88E
:10C6A000039BD8B18BF31188BFF36F8F1C462046D4
:10C6B00005B0BDE8F08F88210E48D6F795F940F215
:10C6C00027110D48D6F790F94FF493710A48D6F721
:10C6D0008BF940F225110848D6F786F94FF49A7184
:10C6E0000448D6F781F900BF4813022098130220AE
:10C6F000C4A801202C8D070054270800F8B5054672
:10C700000E46EFF31187202383F31288BFF36F8F58
:10C710001548FFF747F818B31348FFF769F82C6876
:10C72000A54216D0D4E9003213605A600023314686
:10C73000204623606360FFF7D5FC0B48FFF740F805
:10C7400048B187F31188BFF36F8F201E18BF0120F7
:10C75000F8BD0024F1E74FF49A710448D6F744F984
:10C7600088210248D6F740F9981302202C8D070043
:10C7700070B504460D46EFF31186202383F312882B
:10C78000BFF36F8F1848FFF70DF818B31648FFF77F
:10C790002FF801212068C4E9021584420FD0D0E9A6
:10C7A000003213605A60002303604360FFF79AFC75
:10C7B000044631460C48FEF7ABF9204670BD0A48E6
:10C7C000FEF7FEFF50B186F31188BFF36F8F002490
:10C7D000204670BD88210548D6F706F94FF49A71B6
:10C7E0000248D6F701F900BF981302202C8D0700EC
:10C7F0002DE9F043002585B006460C46914601958B
:10C8000000F10C07EFF31188202383F31288BFF3A4
:10C810006F8F3846FEF7C6FF40B33846FEF7E8FF95
:10C82000B36830465C4004EA09045C40114901AA3F
:10C830000294039503EA0909FEF7AAFE019C44B19C
:10C840002046C4F8C050646E0021FDF78BFF002C19
:10C85000F6D1039A029B384623EA02034146B360AD
:10C86000FEF756F9484605B0BDE8F0838821024836
:10C87000D6F7BAF86DC906002C8D07002DE9F04FE8
:10C8800085B00646DDE90E870C461546EFF30583B5
:10C8900013B158EA070356D124B90023184605B04E
:10C8A000BDE8F08FFEF73CFC06F10C098246EFF381
:10C8B000118B202383F31288BFF36F8F4846FEF756
:10C8C00071FF002844D04846FEF792FFAB070ED513
:10C8D0000023B36058EA070323D14846FEF770FFF0
:10C8E000002839D08BF31188BFF36F8FD5E7B2687A
:10C8F000E80702EA040323D4002BEBD0690748BF02
:10C900009A43484648BFB2600393FEF759FF039B22
:10C9100010B38BF31188BFF36F8F184605B0BDE8D5
:10C92000F08FCAE91A45324659464846CDF800808C
:10C930000197FDF765FF0028AFD1DAF86830ADE761
:10C940009C42DBD0C6E74FF485710648D6F74CF819
:10C9500088210548D6F748F84FF49A710248D6F76F
:10C9600043F800BF782708002C8D070010B5034658
:10C97000846EC06E4A6810F0010F02EA040212D100
:10C980007AB140079A6602D5886810438860012210
:10C990000C6803F118005C660B6083F87020FFF7E9
:10C9A000D1F8002010BD9442EAD0002010BD00BF95
:10C9B00008B5EFF3058323B9C0E902330060406096
:10C9C00008BD38210148D6F70FF800BF78270800C6
:10C9D0000A46FFF70DBF00BF0A460021FFF708BF58
:10C9E0005200FFF74BBF00BF2DE9F84F4F1E0F421B
:10C9F00033D1141D2AD20D4606469A4641F0040B47
:10CA000000F11408EFF31189202383F31288BFF398
:10CA10006F8F4046FEF7C6FE40B34046FEF7E8FE85
:10CA2000224659463046D04704464046FEF7C8FEE7
:10CA3000B8B189F31188BFF36F8F3CB1204640F83D
:10CA4000046B0DB1384204D1BDE8F88F0020BDE879
:10CA5000F88F34210748D5F7C7FF17210548D5F7C8
:10CA6000C3FF4FF49A710448D5F7BEFF88210248EE
:10CA7000D5F7BAFF9C2708002C8D0700014620B18E
:10CA800050F8040C0439FBF723BE7047024600211E
:10CA9000014B0248FFF7A8BFC5200400C0A9012030
:10CAA00070B5A0FB01546CB92A462146074B0848D3
:10CAB000FFF79AFF064628B12A4621460AF04AFCAB
:10CAC000304670BD0026304670BD00BFC520040052
:10CAD000C0A90120014BC0F8B4307047C0A90120A3
:10CAE00010B50446FDF750FA60B9084B9B68D3F8BF
:10CAF000B4304BB12246BDE8104018460021044B2B
:10CB0000FFF772BF034BF5E710BD00BF48130220CB
:10CB1000C5200400C0A90120704700BF10B5074C14
:10CB200082B04FF0FF334FF480520548054900941E
:10CB3000FCF7E8FF002002B010BD00BFCC270800C2
:10CB400060FD0120F8C50220F0B503AF2DE9000F0C
:10CB500087B0044688464FF49B7021460023154653
:10CB6000FAF78EF904F5E47BDBE8CF0F20B901205A
:10CB7000CBE8410FC1B103E0BFF32F8F00E010BF3E
:10CB80009BF8000000281EBF10BF9BF80000002883
:10CB9000EAD010BF9BF8000000281EBF10BF9BF812
:10CBA00000000028E0D0EAE794F85C00022808D1F1
:10CBB0000020CBE88F0F6FF06A0007B0BDE8000FD0
:10CBC000F0BDA06D50E8001F4A1C40E80023002B78
:10CBD000F8D1002900F15E81D4F80801002100900D
:10CBE00094F85C00A66DCBE88F1F202101960028E9
:10CBF00018BF082106EB010A0AF11409D9E8CF0F82
:10CC000020B90120C9E8410FC1B103E0BFF32F8F64
:10CC100000E010BF99F8000000281EBF10BF99F86F
:10CC200000000028EAD010BF99F8000000281EBFBD
:10CC300010BF99F800000028E0D0EAE750464146CE
:10CC40002A4605F0F8FC411C6FF01500DFE801F002
:10CC5000057D32352F6E7138740000202146C9E8F9
:10CC60008F0F40F23710009B2A46FAF709F9DBE8EC
:10CC7000CF0F20B90120CBE8410F21B303E0BFF370
:10CC80002F8F00E010BF9BF8000000281EBF10BFD0
:10CC90009BF800000028EAD010BF9BF80000002895
:10CCA0001EBF10BF9BF800000028E0D0EAE76FF03D
:10CCB00046004AE06FF0610047E06FF06E0044E02C
:10CCC0006FF00A0041E094F8C00100254FF0000821
:10CCD000002800F08280D4E92E0108437DD18DF830
:10CCE0001880CDE90488CDE90288D9E8CF0F28B9AA
:10CCF0000120C9E8410F002940D003E0BFF32F8F86
:10CD000000E010BF99F8000000281EBF10BF99F87E
:10CD100000000028E9D010BF99F8000000281EBFCD
:10CD200010BF99F800000028DFD0EAE76FF0490053
:10CD30000BE06FF06A0008E042F2293021462A46F3
:10CD40000C23FAF79DF86FF00B000021C9E88F1F44
:10CD500056E8001F4A1EC6E8E32F002BF8D1012930
:10CD60007FF42BAF01A90446BFF35F8F084606F09E
:10CD70007CF8204607B0BDE8000FF0BD02A9504680
:10CD8000112205F0E4FC4FF000081128C9E88F8F4C
:10CD900023D19DF8080000F03001202917D100F0C0
:10CDA0000F00411E082912D8DDF8091009BAB1F1A7
:10CDB000806F0CD8DDF81510012807D100291EBF9F
:10CDC00008BAC4E92E084FF0010806E029B1002096
:10CDD000CBE88F0F6FF04600BAE7CBE88F5FDBE858
:10CDE000CF0F20B90120CBE8410FC1B103E0BFF361
:10CDF0002F8F00E010BF9BF8000000281EBF10BF5F
:10CE00009BF800000028EAD010BF9BF80000002823
:10CE10001EBF10BF9BF800000028E0D0EAE794F89E
:10CE2000C4510020CBE88F0F2146281F4346B0FA9B
:10CE300080F042094FF49C70FAF722F8204606F081
:10CE400052FD024601303DD06FF01500DFE802F0E0
:10CE5000050609191CCACA161F0C79E76FF0610094
:10CE600076E76FF06E0073E711F16B0000F0BA80A7
:10CE700011F10B00084600F0B58069E76FF00B0078
:10CE800066E76FF0460063E76FF0490060E76FF018
:10CE90005E005DE7FEDEBFF32F8F00E010BF9BF862
:10CEA000000000281EBF10BF9BF80000002809D01A
:10CEB00010BF9BF8000000281EBF10BF9BF80000A9
:10CEC0000028EBD1DBE8CF0F0028E4D10120CBE82C
:10CED000410F0029E3D194F8C4010021CBE88F1F52
:10CEE00000F0060004281DD1204600F08FF802460D
:10CEF0000130A9D116E0BFF32F8F00E010BF9BF8DF
:10CF0000000000281EBF10BF9BF80000002809D0B9
:10CF100010BF9BF8000000281EBF10BF9BF8000048
:10CF20000028EBD1DBE8CF0F0028E4D10120CBE8CB
:10CF3000410F0029E3D194F8C20100280CBF94F8F6
:10CF4000C3914FF001090020042DCBE88F0F0DD1C4
:10CF500009F0010240F2391021460023F9F790FF51
:10CF6000009800283ED048EA090036E0DBE8CF0F01
:10CF700020B90120CBE8410FC1B103E0BFF32F8FEF
:10CF800000E010BF9BF8000000281EBF10BF9BF8F8
:10CF900000000028EAD010BF9BF8000000281EBF48
:10CFA00010BF9BF800000028E0D0EAE794F8C40125
:10CFB000002109F00102CBE88F1F04382146B0FAA6
:10CFC00080F0450940F239102B46F9F759FF0098D7
:10CFD00040B149EA050040EA0800C0071CBF0098BC
:10CFE000F9F74CFF56E8000F411EC6E8E21F002A81
:10CFF000F8D1012804D101A8BFF35F8F05F035FFF8
:10D00000002007B0BDE8000FF0BD0000F0B503AF91
:10D010002DE9000FBDB000F5E4798046D9E8CF0FC7
:10D0200008B9012002E0BFF32F8F45E0C9E8410FA6
:10D03000002941D198F8C4014FF0000A00F0060120
:10D040000020042904D198F8C31149B14FF0FF3AE8
:10D05000C9E88F0F504659463DB0BDE8000FF0BDFE
:10D06000C9E88F0F08F2D1100122D0E8CF1F61B9B3
:10D07000C0E8412F0029F8D1002A18BF42460BD042
:10D08000D9E8CF0F88B9012031E00022BFF32F8FFC
:10D09000002A18BF4246F3D1D12041460222002384
:10D0A000F9F7EEFE4FF0FF3AD4E7BFF32F8F00F011
:10D0B000BEBE8946BFF32F8F99F80000494600286D
:10D0C0001EBF10BF087800280AD010BF08780028BB
:10D0D0001EBF10BF0878002802D010BF0878EEE706
:10D0E000D1E8CF0F0028E4D1012089469EE7C9E8A6
:10D0F000410F002940F09B8698F8C40100F006001B
:10D10000042803D198F85C00022809D14FF0000AE6
:10D11000C9E88FAF02F2D1100021C0E88F1F99E754
:10D12000D8F85800089250E8001F4A1C40E8002335
:10D13000002BF8D1B1F1FF3F40F36186002098F851
:10D140005C60D8F85840C9E88F0F7820414600222B
:10D1500000231594F9F794FE2020002E18BF082014
:10D160000026204411902CA8079400F12C01029174
:10D1700000F11001109100F108011A300490002014
:10D180000391CDE9050016E04FF0FF3A0026644612
:10D1900075460020002DC9E88F0F1CBF2046F9F707
:10D1A00067FE1498002E00F1010640F08785149860
:10D1B0000F2800F05785119A2CA8414607F084F8F3
:10D1C000349CDDE92CABA01C00F07885109B0DF1A0
:10D1D000580C93E807008CE80700187B8DF8640072
:10D1E000601C00F040852E9841460E902F989DF8C7
:10D1F000CD90369D1290BDF8CE004A460D902B463C
:10D2000035981390D220F9F73BFE14960136A9F118
:10D210000300CDF83C90022880F08F8008F5E47977
:10D220004FF0010C182DC0F0108516AE9DF864204B
:10D2300013990DF1680E8DF874204CCE086849687A
:10D240008EE84C00D9E8CF2F002A40F00083C9E8CF
:10D2500042CF002A40F02183D8E91E320026C9E8D7
:10D260008F6FBAEB03067BEB02062FD2D9E8CF0F04
:10D270000028149800F1010640F0EC82C9E840CF84
:10D28000002840F03B83D8E926010023013051F10A
:10D29000000153F100021CBF4FF0FF304FF0FF318F
:10D2A000C8E92601C9E88F3F404652465B46CDF8A3
:10D2B00000C007F058FA8246013040F0FA84002C92
:10D2C0003FF475AF1398F9F7D3FD70E706BA09BAC2
:10D2D000B3EB0A0072EB0B0080F08A81D9E8CF0F24
:10D2E0000A91002840F0B982C9E840CF002840F0F8
:10D2F0003883D8E9280100230C95A646013051F166
:10D30000000153F100021CBF4FF0FF304FF0FF311E
:10D31000C8E92801C9E88F3F1AAA9DF874008DF862
:10D32000BC002CAB07CA07C3D9E8CF0F0B96002867
:10D3300040F09682DDF84CC0DFE30F984FF0010E0D
:10D3400008F5E4790138DFE810F0090043015A05D7
:10D350005A054B000F004A01AB049E04402D2546A0
:10D3600000F0708300F0BEBCD9E8CF0F002840F079
:10D370007C820120C9E8410F002918BF0020002D40
:10D3800040F0B7842546002800F01F8298F8C401B9
:10D3900000F00600042840F0A08498F85C00022801
:10D3A00000F09B84D8F8580050E8001F4A1C40E861
:10D3B0000023002BF8D1B1F1FF3F40F3208598F80E
:10D3C0005C0012900020D8F85860C9E88F0F2C96A6
:10D3D000D9E8CF0F002840F05882C9E840EFECE2CE
:10D3E000D9E8CF0F002840F047820120C9E8410F5B
:10D3F000DDF838B0002918BF0020002D40F0B084BF
:10D400002546002800F00282D8E91C01013861F1AC
:10D410000001B0EB0B00129871EB0000C0F0038626
:10D42000D8F80000C00707D0D8E90201B0EB0B0024
:10D43000129871EB000007D20020C8F800E0C8E99C
:10D44000010B1298C8F80C00D8F85400002800F01E
:10D45000CB80099504E0D8F85400002800F0C4807F
:10D46000D8E91231D8F85020D61A38BF164601EB49
:10D47000461576018E596D68BBEB0606129EAE41CD
:10D48000099DC0F0B180561C0138F31A01EB421A15
:10D4900038BF3346C8E914309AF819C0BCF1020FFE
:10D4A000DBD05346F34677CB0DF1B00EAEE87700F4
:10D4B000049918788EF80000DE46DAF81A00086041
:10D4C000BAF81E0088805FEACC708DF8C9C05AD1C6
:10D4D00030981421012898BF7046A0FB0101002953
:10D4E00018BF4FF0FF30012898BF7046D8F83010B1
:10D4F000012918D1D8F83420D8F80C31861AC8F888
:10D5000030E0C2EBC20101444FEAD101C8F8341047
:10D5100038BF161A03EB430030448208C8F80C21C8
:10D5200020F0030210E0410801294FF00101C8E991
:10D530000CE088BF4108C8F80C11B0F1FF3FD4BF20
:10D540004FF0FF328A000146D8E92C030026013053
:10D5500053F1000356F100061CBF4FF0FF304FF0AF
:10D56000FF33C8E92C03881828BF4FF0FF30142878
:10D570004FF0140198BF084640F6B831884228BFE2
:10D580000846C8F81001D8E922010022013051F103
:10D59000000152F100021CBF4FF0FF304FF0FF318D
:10D5A000C8E922012E9850E8001F4A1EC0E8E32F68
:10D5B000002BF8D1099D0129DDF838B07FF44BAF7D
:10D5C000BFF35F8F7646039805F06FFCB64642E7DF
:10D5D000002D40F0BE8301202546069032E2002D4A
:10D5E000254600F02F82AEE30020C9E88F0F27E226
:10D5F000109BDDE91A0C1C9AC3E9000C9DF874001D
:10D60000187312982F900E982E9013989A602CAA47
:10D61000CDE934164146CDE936400D98ADF8CE003F
:10D620000F988DF8CD0022A8CDE92CAB389506F0E7
:10D6300050FCDDF888A01AF1010040F0BB839DF892
:10D640008C00012205990143D9E8CF0F4FF0010B5F
:10D65000059110B9C9E8402F02E0BFF32F8F88E091
:10D66000002840F08680D8F8E0E0BEF1000F00F01E
:10D67000A680D8F8DCC0CEEBCE00D8E91E360CEB85
:10D68000C00200206146D1E9004575405C402C4352
:10D6900026D03831914200F09280D1E900457540A2
:10D6A0005C402C4317D03831914200F08880D1E99A
:10D6B000004575405C402C430FD0383191427ED0FC
:10D6C000D1E9004575405C402C4308D03831043026
:10D6D0009142D8D173E0013002E0023000E0033023
:10D6E000C0EBC0000DF1880A0CEBC00002467ACAFC
:10D6F000AAE87A0092E87A008AE87A001FACD0E9BA
:10D700000AA1D0E90C230EC4AEF101043822C4EB07
:10D71000C4010CEBC10109F07FFD0020C8F8E04016
:10D72000C9E88F0F1AF101004CD022A92CAA79C99F
:10D730009446ACE8790091E879008CE879001FAB59
:10D740000BCB029ECDF8D8A00BC63BA8414606F0F5
:10D75000C0FBDDF8ECA01AF1010040F04D839DF80C
:10D76000F0005A46059901436EE708F5E479BFF3E6
:10D770002F8F99F8000000281FBF10BF08F5E47034
:10D780000078002810D008F5E47010BF0078002859
:10D790001FBF10BF08F5E4700078002804D008F51A
:10D7A000E47010BF0078E6E708F5E470D0E8CF0F2A
:10D7B0000028DAD108F5E479C9E840BF50E7002035
:10D7C000C9E88F0F1498461C40E199F80000002822
:10D7D0001EBF10BF99F80000002809D010BF99F8AB
:10D7E000000000281EBF10BF99F80000002808D1D3
:10D7F000D9E8CF0F38B9C9E840EF00283FF4C6ADEB
:10D80000E3E710BFE1E7BFF32F8FDEE799F80000F1
:10D8100000281EBF10BF99F80000002809D010BFD3
:10D8200099F8000000281EBF10BF99F800000028DA
:10D8300008D1D9E8CF0F38B9C9E840EF00283FF444
:10D84000E3ADE3E710BFE1E7BFF32F8FDEE7BFF300
:10D850002F8F22E0BFF32F8F50E0BFF32F8F80E098
:10D86000DDF84CC0BFF32F8F24E10020BFF32F8FD2
:10D87000002D3FF487AD3CE2BFF32F8F0020DDF891
:10D8800038B0002D3FF4BCAD6AE2BFF32F8FE6E065
:10D8900008F5E4791D46BFF32F8F99F800202B4639
:10D8A000002A1FBF10BF08F5E4721278002A10D0BA
:10D8B00008F5E47210BF1278002A1FBF10BF08F5E8
:10D8C000E4721278002A04D008F5E47210BF1278CE
:10D8D000E6E708F5E472D2E8CF2F002AD8D14FF05E
:10D8E000010C08F5E479C9E842CF1D46002A3FF44F
:10D8F000B3ACD2E708F5E479BFF32F8F99F80000B5
:10D9000000281FBF10BF08F5E4700078002810D071
:10D9100008F5E47010BF007800281FBF10BF08F59D
:10D92000E4700078002804D008F5E47010BF007897
:10D93000E6E708F5E470D0E8CF0F0028DAD14FF021
:10D94000010C08F5E479C9E840CF0028149800F1EB
:10D9500001063FF498ACD1E708F5E4791546BFF32A
:10D960002F8F99F800002A4600281FBF10BF08F526
:10D97000E4700078002810D008F5E47010BF00783B
:10D9800000281FBF10BF08F5E4700078002804D0FD
:10D9900008F5E47010BF0078E6E708F5E470D0E819
:10D9A000CF0F0028D8D1012108F5E479C9E8401F3C
:10D9B000154600283FF49DACD3E700284FD1D8E9A5
:10D9C0002E40002150EA0B00C9E88F1F40F0F5817E
:10D9D000099508F039F911204FF0110BF9F742FAC7
:10D9E000002800F0F08105460020C5F80900314606
:10D9F000C5F801002720287020BAC5F80D009AFA52
:10DA00008AF0129A2B46C5F8050011200090404676
:10DA100005F02AFE8246013040F0D8812846F9F709
:10DA200027FA56E8000F411EC6E8E21F002AF8D187
:10DA3000099D012804D12CA8BFF35F8F05F015FACA
:10DA40001498461C15B11398F9F712FA14980F2878
:10DA5000FFF4B1AB07E108F5E479BFF32F8F99F834
:10DA6000000000281FBF10BF08F5E47000780028F0
:10DA700010D008F5E47010BF007800281FBF10BF59
:10DA800008F5E4700078002804D008F5E47010BFB1
:10DA90000078E6E708F5E470D0E8CF0F0028DAD187
:10DAA000012108F5E479C9E8401F86E708F5E47923
:10DAB000BFF32F8F99F8000000281FBF10BF08F593
:10DAC000E4700078002810D008F5E47010BF0078EA
:10DAD00000281FBF10BF08F5E4700078002804D0AC
:10DAE00008F5E47010BF0078E6E708F5E470D0E8C8
:10DAF000CF0F0028DAD108F5E4790121C9E8401FE9
:10DB00000028D7D1D8E93721C1EBC10302EBC3000C
:10DB1000DB00164693B3D6E9005484EA0B0485EA89
:10DB20000A0525433FF430AB06F13805854225D080
:10DB3000D6E90E5484EA0B0485EA0A0525433FF42E
:10DB400023AB06F17005854218D0D6E91C5484EA4F
:10DB50000B0485EA0A0525433FF416AB06F1A80538
:10DB600085420BD0D6E92A54E03BE03684EA0B0428
:10DB700085EA0A052543CDD1FFF706BB6446754605
:10DB8000FF2907D906204FF0030A88F8C4010126AF
:10DB9000FFF7FFBAD8F8D800099588422AD0C1EB20
:10DBA000C1009DF8BC502CAE42F830A002EBC00082
:10DBB00005770D9DC5830F9D45770A9D05620B9DD9
:10DBC0004562099D4CCEC0E90A540C9D05630E9D2B
:10DBD0008560129DC0F804B0C0E90352C0E9053663
:10DBE000481CC8F8E0000020C9E88F0F1498461CB4
:10DBF000FFF7DDBA38200823CDE9003048000428BB
:10DC00004FF0040622A888BF4E00334605F0EFF817
:10DC1000229801280AD1D8F8E02042F22B30414660
:10DC20005346F9F72DF94FF0070AB0E7239AD8F8D1
:10DC3000E010B142C8E93662B1D108F1D80004F071
:10DC4000E5FFD8F8DC203146A9E7D9E8CF0F002856
:10DC500040F0D68001202546C9E8410F002900F098
:10DC6000E28104E110260698C00707D000200121B8
:10DC70000691D9E8CF1F69BB012150E10598C00783
:10DC800040F0648193E1D9E8CF0F002840F0BC80D8
:10DC900001202546C9E8410F002900F0C48114E1A4
:10DCA00075B1D9E8CF0F2546002840F0B18001209A
:10DCB000D7E18B4614B11398F9F7DAF8079CBFE166
:10DCC000002C1CBF1398F9F7D3F80120D9E8CF1F17
:10DCD0000029D1D0BFF32F8F43E14FF0000AC9E8EC
:10DCE0008FAFA8E1D9E8CF0F002840F09480012041
:10DCF000E5E12546002840F09681012099F80010C2
:10DD000000291EBF10BF99F80010002909D010BFCC
:10DD100099F8001000291EBF10BF99F800100029C3
:10DD20000AD1D9E8CF1F49B908F5E479C9E8410F0C
:10DD3000002900F07881E1E710BFDFE708F5E4791A
:10DD4000BFF32F8FDAE7D9E8CF0F002866D1012083
:10DD5000E3E1D9E8CF0F2546002862D101200BE28C
:10DD60002546002840F05F81012099F80010002925
:10DD70001EBF10BF99F80010002909D010BF99F8F4
:10DD8000001000291EBF10BF99F8001000290AD109
:10DD9000D9E8CF1F49B908F5E479C9E8410F00294E
:10DDA00000F04181E1E710BFDFE708F5E479BFF358
:10DDB0002F8FDAE7DDF88CB080E74FF0030A4FF0E1
:10DDC000110B079C08E04FF0070A03E028468B463A
:10DDD000F9F74EF8079C099D56E8000F411EC6E86A
:10DDE000E21F002AF8D1012840F026812CA8BFF3B9
:10DDF0005F8F05F03AF81FE1DDF8F0B05EE7FEDE78
:10DE0000BFF32F8F254632E0BFF32F8F25465CE00E
:10DE1000BFF32F8F2EE1BFF32F8F59E1BFF32F8F69
:10DE200085E1BFF32F8FB1E18946BFF32F8F99F8BA
:10DE30000000494600281EBF10BF087800280AD0FD
:10DE400010BF087800281EBF10BF0878002802D035
:10DE500010BF0878EEE7D1E8CF0F0028E4D1012009
:10DE60008946FFF744B908F5E479BFF32F8F99F895
:10DE7000000000281FBF10BF08F5E47000780028DC
:10DE800010D008F5E47010BF007800281FBF10BF45
:10DE900008F5E4700078002804D008F5E47010BF9D
:10DEA0000078E6E708F5E470D0E8CF0F0028DAD173
:10DEB000012008F5E479C9E8410F002900F0B3809A
:10DEC000D5E708F5E479BFF32F8F99F80000002813
:10DED0001FBF10BF08F5E4700078002810D008F5C7
:10DEE000E47010BF007800281FBF10BF08F5E47071
:10DEF0000078002804D008F5E47010BF0078E6E749
:10DF000008F5E470D0E8CF0F0028DAD1012008F539
:10DF1000E479C9E8410F002900F08580D5E7C9E818
:10DF2000421FF2B9059930B198F8C301002804BF27
:10DF3000012188F8C3110698C0071CBF012088F88A
:10DF4000C1010020C9E88F0FC80730D0D9E8CF0F32
:10DF500008B9012020E0BFF32F8F49E09146BFF3BD
:10DF60002F8F99F800104A4600291EBF10BF117864
:10DF700000290AD010BF117800291EBF10BF1178E8
:10DF8000002902D010BF1178EEE7D2E8CF1F002998
:10DF9000E4D101219146C2E7C9E8410F41BBD8F85D
:10DFA00008010021C9E88F1F08B1F8F767FF40F2A8
:10DFB0002B10414632460023F8F762FF079B53E8D7
:10DFC000000F411EC3E8E21F002AF8D1012804D146
:10DFD00015A8BFF35F8F04F048FF0898002100F2F6
:10DFE000D110C0E88F1FFFF75DB88946BFF32F8FB0
:10DFF00099F80000494600281EBF10BF0878002885
:10E000000AD010BF087800281EBF10BF087800286B
:10E0100002D010BF0878EEE7D1E8CF0F0028E4D196
:10E0200001208946B8E706204FF0030A88F8C401AA
:10E030000020C9E88F0F079C15B11398F8F718FF57
:10E0400054E8000F411EC4E8E21F002AF8D101285D
:10E0500004D115A8BFF35F8F04F007FF089AFFF7FC
:10E0600059B8C9E8410F0029DDD003E008F5E4798B
:10E07000BFF32F8F99F8000000281FBF10BF08F5CD
:10E08000E4700078002810D008F5E47010BF007824
:10E0900000281FBF10BF08F5E4700078002804D0E6
:10E0A00008F5E47010BF0078E6E708F5E470D0E802
:10E0B000CF0F0028DAD1012008F5E479D1E7C9E8CB
:10E0C000410F0029AFD003E008F5E479BFF32F8FAB
:10E0D00099F8000000281FBF10BF08F5E470007811
:10E0E000002810D008F5E47010BF007800281FBF8A
:10E0F00010BF08F5E4700078002804D008F5E4703B
:10E1000010BF0078E6E708F5E470D0E8CF0F0028EC
:10E11000DAD1012008F5E479D1E7C9E8410F0029F7
:10E120003FF481AF03E008F5E479BFF32F8F99F84E
:10E13000000000281FBF10BF08F5E4700078002819
:10E1400010D008F5E47010BF007800281FBF10BF82
:10E1500008F5E4700078002804D008F5E47010BFDA
:10E160000078E6E708F5E470D0E8CF0F0028DAD1B0
:10E17000012008F5E479D0E7C9E8410F00293FF410
:10E1800052AF03E008F5E479BFF32F8F99F8000050
:10E1900000281FBF10BF08F5E4700078002810D0D9
:10E1A00008F5E47010BF007800281FBF10BF08F505
:10E1B000E4700078002804D008F5E47010BF0078FF
:10E1C000E6E708F5E470D0E8CF0F0028DAD10120A7
:10E1D00008F5E479D0E70000F0B503AF2DE9000FB2
:10E1E00091B038B1D7F808900D4649B942B16FF0F7
:10E1F0001500ADE06FF0150011B0BDE8000FF0BDE7
:10E2000041F29C380A21C2F2020800F5E47CC8F809
:10E2100000102946002A08BF0121DCE8CF4F002C5E
:10E2200040F0ED800124CCE8464F002E40F0CA803B
:10E2300090F8C4410026CCE88F6F022C04BF90F800
:10E24000D061FE2E17D005461646FEF77DFC6E21E6
:10E25000C8F8001010F10C0140F07A8042F28230D0
:10E26000294632462346F8F70BFE6FF00B0011B03B
:10E27000BDE8000FF0BD112AC0F06E80297801F0D2
:10E280003006202E68D101F00F04611E082963D8E2
:10E29000D5F8011009BAB1F1806F5DD8D5F80D102D
:10E2A000002959D091FA81FBCDE9045205469846E0
:10E2B000DC2029465A462346F8F7E2FD06A82946FF
:10E2C0005A460023AA4604F05AFE0698C0071ED0FC
:10E2D000DDE90B46DD2051465A46BDF83450234651
:10E2E000F8F7CEFD0020464532D14D4530D1DF2034
:10E2F00051465A462346F8F7C3FD2046DDE904128D
:10E3000011B0BDE8000FBDE8F040FEF71DBCDE20F7
:10E3100051465A4600230025F8F7B2FD2846012C45
:10E3200016D1CDE900B00FA851465246CDE9028979
:10E3300004F0C4FE0F98411C6FF01500DFE801F0F7
:10E340000608181E0C2A30243B123600109CCEE71B
:10E3500011B0BDE8000FF0BD6FF0460011B0BDE890
:10E36000000FF0BD6FF05E0011B0BDE8000FF0BD12
:10E370006FF0610011B0BDE8000FF0BD6FF06E00EE
:10E3800011B0BDE8000FF0BD6FF00A0011B0BDE89C
:10E39000000FF0BD6FF0490011B0BDE8000FF0BDF7
:10E3A0006FF06A0011B0BDE8000FF0BD109811B019
:10E3B000BDE8000FF0BD6FF00B0011B0BDE8000F1D
:10E3C000F0BD10BF9CF80060002E1EBF10BF9CF86F
:10E3D0000060002E09D010BF9CF80060002E1EBF08
:10E3E00010BF9CF80060002EEBD1DCE8CF6F36B98F
:10E3F0000126CCE8446F002C3FF41AAFE2E7BFF3EC
:10E400002F8FDFE7F0B503AF2DE9000FADF50B7DE2
:10E4100080B18246934689464FF4A070514600224F
:10E420000023F8F72DFD0AF5E474D4E8CF0F40B9C6
:10E43000012009E06FF015000DF50B7DBDE8000F20
:10E44000F0BDBFF32F8FD5E0C4E8410F002940F0A5
:10E45000D1809AF8C4010021C4E88F1F022833D26A
:10E4600007F0F2FB4420F8F7FDFC002800F0B18033
:10E47000804600200421C8E90400C8E90201012205
:10E48000C8E90801414641F8380FC8F8180088F873
:10E490001C00C8E90A00C8F8300088F83400C8F841
:10E4A0003C00A8F840009AF8D001C8E90022FE28F4
:10E4B000CDF81C80CDE905140DD1D4E8CF0F00288C
:10E4C00040F08B800120AFE06FF015000DF50B7D63
:10E4D000BDE8000FF0BD4AF6CC06C2F2010606F117
:10E4E000200CDCE8CF0F20B90120CCE8410FC1B1EE
:10E4F00003E0BFF32F8F00E010BF96F82000002844
:10E500001EBF10BF96F820000028EAD010BF96F872
:10E51000200000281EBF10BF96F820000028E0D081
:10E52000EAE7F06998B3A0EB8000D6F818E0002580
:10E5300083000EEB05018888584504D1086800283F
:10E5400018BF484536D0581910F10C021FD00A8A5E
:10E550005A4504D1CA68002A18BF4A4525D010F18F
:10E56000180214D08A8B5A4504D18A69002A18BF30
:10E570004A451CD024300AD0088D584504D1486A39
:10E58000002818BF484514D030355819D1D1002083
:10E590005146CCE88F0FE7205A460023F8F770FC6D
:10E5A000D4E8CF0F00BB01206BE10C3102E0183141
:10E5B00000E024318B680020CCE88F0FE720514623
:10E5C0005A460293F8F75CFCD4E8CF0F40B901201B
:10E5D00040E20420442107F078FBBFF32F8FF6E0E0
:10E5E000BFF32F8F00F03BBCBFF32F8F18E20C4618
:10E5F000BFF32F8F2078214600281EBF10BF087858
:10E6000000280AD010BF087800281EBF10BF087865
:10E61000002802D010BF0878EEE7D1E8CF0F00281D
:10E62000E5D101200C460FE7C4E8410F002940F076
:10E63000CE80CAE93309DAE92E01AAF8D4B008433A
:10E6400018D14AF6CC00C2F2010050E8001F4A1C63
:10E6500040E80023002BF8D10022CAE92E1249B964
:10E6600050E8001F4A1C40E80023002BF8D100208E
:10E67000CAE92E1003208AF8C40158E8000F411C93
:10E6800048E80012002AF8D1002800F1E1839AF846
:10E690005C0002280FD00AF15800016851E8002FF1
:10E6A000531EC1E8E63F002EF8D1012A04BFBFF394
:10E6B0005F8F04F0DAFB3C200024CAF810010AF155
:10E6C00080003821CAE90044CAE904448AF85C4061
:10E6D000CAF85880CAF80C41CAF83040CAE9184450
:10E6E000CAE91A44CAE91C44CAE91E448AF8C54169
:10E6F00008F0E7FCDAF85430002B50D0DAE91206C3
:10E70000DAF85020CAF85440111ACDF810A038BFDA
:10E710001146451A5A1B38BF22469D421C46CDE978
:10E72000025228BFC81888421AD0A0EB010A06EB93
:10E73000411B4FF000090BEB491009F1010950F89A
:10E74000081F51E8002F531EC1E8E53F002DF8D106
:10E75000012A04BFBFF35F8F04F0A7FBD145EAD1C4
:10E760000298DDF810A0DDF80CB0A0424FF00004D4
:10E7700015D2B146002509EB4510013550F8081FA8
:10E7800051E8002F531EC1E8E63F002EF8D1012AC0
:10E7900004BFBFF35F8F04F088FB5D45EBD1DAE97E
:10E7A0003705CAF85040CAF8E040069C4DB300F166
:10E7B0002C0656F8040C00281CBF3068F8F758FBEC
:10E7C0003836013DF5D11CE00C46BFF32F8F207881
:10E7D000214600281EBF10BF087800280AD010BFAD
:10E7E000087800281EBF10BF0878002802D010BF8C
:10E7F0000878EEE7D1E8CF0F0028E5D101200C46DC
:10E8000012E7DAF808110020059A4FF0FF36CAF82F
:10E810002000CAF82400C2E8AF1FC4E88F0F58E8F0
:10E82000000F411EC8E8E21F002AF8D1012804D1D8
:10E8300007A8BFF35F8F04F018FB711C0020DFE80E
:10E8400011F00B00070307030C000703070307037E
:10E850001900070307031300EEE56FF06E000DF5D6
:10E860000B7DBDE8000FF0BD20460DF50B7DBDE82A
:10E87000000FF0BD6FF00A000DF50B7DBDE8000F35
:10E88000F0BDC4E8410F002940F0CA80CAE933094D
:10E89000DAE92E01AAF8D4B0084314D156E8000FE3
:10E8A000411C46E80012002AF8D10021CAE92E01D5
:10E8B00048B956E8000F411C46E80012002AF8D17A
:10E8C0000021CAE92E0103208AF8C40158E8000F8C
:10E8D000411C48E80012002AF8D1002800F1B88253
:10E8E0009AF85C0002280FD00AF15800016851E83C
:10E8F000002F531EC1E8E63F002EF8D1012A04BFC5
:10E90000BFF35F8F04F0B1FA3C200026CAF8100173
:10E910000AF180003821CAE90066CAE904668AF86B
:10E920005C60CAF85880CAF80C61CAF83060CAE95D
:10E930001866CAE91A66CAE91C66CAE91E668AF838
:10E94000C56108F0BEFBDAF85430002B4ED0DAE98E
:10E950001201DAF85020CDE9031A111ACAF85460EE
:10E9600038BF1146421AB3EB020938BFB1469A428A
:10E970001E46029228BFC818884219D0A0EB010A8F
:10E980000398002500EB411B0BEB4510013550F8B7
:10E99000081F51E8002F531EC1E8E43F002CF8D1B6
:10E9A000012A04BFBFF35F8F04F07FFA5545EBD116
:10E9B0000298DDF810A0DDF80CB0B0424FF0000670
:10E9C00014D200250BEB4510013550F8081F51E813
:10E9D000002F531EC1E8E43F002CF8D1012A04BFE8
:10E9E000BFF35F8F04F061FA4D45EBD1DAE93705EB
:10E9F000002D069CCAF85060CAF8E0603FF401AFF1
:10EA000000F12C0656F8040C00281CBF3068F8F7FB
:10EA10002FFA3836013DF5D1F3E60C46BFF32F8FC0
:10EA20002078214600281EBF10BF087800280AD091
:10EA300010BF087800281EBF10BF0878002802D039
:10EA400010BF0878EEE7D1E8CF0F0028E5D101200C
:10EA50000C4616E7C4E8410F002940F00082DAF8BE
:10EA6000C000C0074FF0000005D0DAF8C4100191D3
:10EA7000BAF8C81001E0002101910091C4E88F0F9D
:10EA80009AF8D001039058E8000F411C48E80012A2
:10EA9000002AF8D10028CDF810A000F1D9810DF599
:10EAA000D67A73AD0026CDF8688150462946CDE967
:10EAB0007166CDE96F66CDE96D66CDE96B66CDE92E
:10EAC0007966CDE97766CDE97566CDE97366F8F7C5
:10EAD000EFFA80B1044658E8000F411EC8E8E21F73
:10EAE000002AF8D1012804D15AA8BFF35F8F04F09F
:10EAF000BCF9092693E6CDE989667BA8CDE987664E
:10EB00005BACCDE98566CDE983664ECD4EC095E818
:10EB10004E004EC004F12000BAE82E002EC09AE844
:10EB20002E000DF1200A2EC00AF10300602108F02A
:10EB300060FA6ECC31A86EC06ECCA4466EC09CE864
:10EB40007E007EC07BAC21A86ECC6EC06ECCA4468D
:10EB50006EC09CE87E007EC041A85146632208F04A
:10EB60000DFB07F071F84FF4EC70F8F77BF9002813
:10EB700000F06981002601248246C0E90866C0E9E8
:10EB8000046641A980F85C400825C0F8588004203C
:10EB9000CAE90E600AF15D006322CAE91066CAE99B
:10EBA0001265CAE91466CAF83060CAE9006608F05E
:10EBB000DFFA009831A9AAF8D40040220198AAF8F7
:10EBC000C8B0CAE93049CAE933400420CAE93A0664
:10EBD0000920CAF81F014FF49670CAE944060AF5E5
:10EBE0009F70CAE93665CAE93866CAE93C668AF8A0
:10EBF0003D61CAF823618AF81C61CAF81861CAE944
:10EC00003E64CAE94066CAE9426608F0B1FA0AF50C
:10EC1000BF7021A9402208F0ABFA03988AF8D0010E
:10EC20000320069A8AF8D1618AF8C861AAF8C4015B
:10EC3000CAF8C041AAF8BE61D2E8CF0F002840F060
:10EC40000881C2E8404F002840F026810499032043
:10EC500081F8C4010120A1F8D4B0C1E9330958E812
:10EC6000000F411C48E80012002AF8D1002800F1EA
:10EC7000EF80049C94F85C00022810D004F1580046
:10EC8000016851E8002F531EC1E8E63F002EF8D17D
:10EC9000012A049C04BFBFF35F8F04F0E6F83C2018
:10ECA0004FF00009C4F8100104F180003821C4E9D4
:10ECB0000099C4E9049984F85C90C4F85880C4F8B9
:10ECC0000C91C4F83090C4E91899C4E91A99C4E9C0
:10ECD0001C99C4E91E9984F8C59108F0F2F9636D96
:10ECE000069C002B4CD00499D1E91202C1F8549033
:10ECF00003920A6D111A38BF1146421AB3EB020B88
:10ED000038BFCB469A420092019328BFC818884268
:10ED100019D0A0EB01090398002500EB411606EB82
:10ED20004510013550F8081F51E8002F531EC1E867
:10ED3000E43F002CF8D1012A04BFBFF35F8F04F039
:10ED4000B4F84D45EBD1069C4FF00009DDE9001009
:10ED5000814215D20025039800EB4510013550F88B
:10ED6000081F51E8002F531EC1E8E63F002EF8D1DE
:10ED7000012A04BFBFF35F8F04F097F85D45EAD125
:10ED80000499D1E93706C1F85090C1F8E0905EB11E
:10ED900000F12C0555F8040C00281CBF2868F8F772
:10EDA00067F83835013EF5D104990020059AC1E98C
:10EDB0000800D1F80811C2E8AF1FC4E88F0F029C09
:10EDC00004F5E475D5E8CF0F002840F0A3800120BA
:10EDD000C5E8410F002940F0838094F8C40102285F
:10EDE0001ED1606CD4F8041188421BD204F13800A3
:10EDF000514603F067FFD4F808010021C5E88F1FD2
:10EE0000002818BFF8F738F858E8000F411EC8E886
:10EE1000E21F002AF8D101280FD14FF0FF3607E595
:10EE2000022600E006260020C5E88F0F504603F0BA
:10EE3000C5F85046F8F71CF8F1E400200DF50B7DFD
:10EE4000BDE8000FF0BD08204FF4EC7106F03DFF67
:10EE5000FEDEBFF32F8F1FE00C46BFF32F8F20780D
:10EE6000214600281EBF10BF087800280AD010BF16
:10EE7000087800281EBF10BF0878002802D010BFF5
:10EE80000878EEE7D1E8CF0F0028E5D101200C4645
:10EE9000E0E5BFF32F8F069A107800281FBF10BF40
:10EEA0000698007800280DD010BF0698007800283A
:10EEB0001FBF10BF06980078002803D010BF069827
:10EEC0000078EAE70698D0E8CF0F0028E1D1069A4B
:10EED0000120C2E8410F00293FF4B8AEDCE710BFC3
:10EEE000287800281EBF10BF2878002807D010BF40
:10EEF000287800281EBF10BF28780028EFD1D5E859
:10EF0000CF0F38B90120C5E8410F029C00293FF41A
:10EF100064AFE5E7BFF32F8FE2E70000F0B503AF82
:10EF20002DE9000B1546044629B925B16FF01500EF
:10EF3000BDE8000BF0BD002D08BF0121002CF5D06D
:10EF40008946642021462A460023F7F799FF40F2BC
:10EF50004B10214600220023F7F792FF652021463F
:10EF60002A460023F7F78CFF204604F0BCFC421C25
:10EF700011D0DFE800F005949F7EB5C0ECAACB89E4
:10EF8000C720214616220023F7F77AFF6FF01500FD
:10EF9000BDE8000BF0BD66202146002200230026BC
:10EFA000F7F76EFF002D00F0EE8004F5E478D8E866
:10EFB000CF0F20B90120C8E8410FC1B103E0BFF372
:10EFC0002F8F00E010BF98F8000000281EBF10BF70
:10EFD00098F800000028EAD010BF98F80000002838
:10EFE0001EBF10BF98F800000028E0D0EAE794F8B0
:10EFF000C401011F022934D200202146C8E88F0F26
:10F000006E2000220023F7F73BFF2046FDF7FEFFAE
:10F01000421CAED16F20214600220023F7F730FFBB
:10F02000D8E8CF0F28B90120C8E8410F002978D0CF
:10F0300003E0BFF32F8F00E010BF98F80000002816
:10F040001EBF10BF98F800000028E9D010BF98F844
:10F05000000000281EBF10BF98F800000028DFD075
:10F06000EAE7002103280CBF06200020C8E88F1F14
:10F070007FE7C720214647220023F7F701FF6FF003
:10F080004600BDE8000BF0BD4A420D46C7202146B0
:10F090000023F7F7F5FE2846BDE8000BF0BDC720BA
:10F0A000214662220023F7F7EBFE6FF06100BDE816
:10F0B000000BF0BDC72021466F220023F7F7E0FECA
:10F0C0006FF06E00BDE8000BF0BDC72021460C229A
:10F0D0000023F7F7D5FE6FF00B00BDE8000BF0BD85
:10F0E000C72021464A220023F7F7CAFE6FF04900E5
:10F0F000BDE8000BF0BDC72021466B220023F7F7C7
:10F10000BFFE6FF06A00BDE8000BF0BDC7202146CE
:10F110005F220023F7F7B4FE6FF05E00BDE8000B3E
:10F12000F0BD94F8C2317020D4F8F4202146F7F7EE
:10F13000A7FE94F8C20100281CBFD4F8F4000028F0
:10F1400010D194F8C3110020C9B9C8E88F0FC720A7
:10F1500021460B220023F7F793FE6FF00A00BDE86B
:10F16000000BF0BD04F1E40049462A4603F0CFFB52
:10F17000D4F8F410002904BF002184F8C211064617
:10F180000020C8E88F0FC720214632460123F7F739
:10F1900077FE3046BDE8000BF0BD0000F0B503AFD0
:10F1A0002DE9000FFBB00446F9B1002A08BF012188
:10F1B000ECB1CDE91B124FF4A570214600220023CB
:10F1C000F7F75EFE204604F08EFB421C16D0DFE807
:10F1D00000F00E059D8FA4AB63B296076FF061013E
:10F1E00008467BB0BDE8000FF0BD002A4FD06FF09D
:10F1F000150108467BB0BDE8000FF0BD04F5E47AC8
:10F20000DAE8CF0F20B90120CAE8410FC1B103E00D
:10F21000BFF32F8F00E010BF9AF8000000281EBF38
:10F2200010BF9AF800000028EAD010BF9AF800003A
:10F2300000281EBF10BF9AF800000028E0D0EAE7BF
:10F2400094F8C4010021CAE88F1F042824D1DAE809
:10F25000CF0F20B90120CAE8410F21B303E0BFF36B
:10F260002F8F00E010BF9AF8000000281EBF10BFCB
:10F270009AF800000028EAD010BF9AF80000002891
:10F280001EBF10BF9AF800000028E0D0EAE7012175
:10F29000002C7FF48EAFAAE76FF00A0108467BB01E
:10F2A000BDE8000FF0BDD4F814010021CAE88F1F9B
:10F2B00018B1F8F72FFB002855D08C2021460022EA
:10F2C0000023F7F7DDFD2046FDF7A0FE0D460728D9
:10F2D00038D1064642F28330214600220023F7F758
:10F2E000CFFD8F20214600220023F7F7C9FD37E02C
:10F2F0006FF0460108467BB0BDE8000FF0BD6FF02F
:10F300005E0108467BB0BDE8000FF0BD6FF06E01F6
:10F3100008467BB0BDE8000FF0BD6FF0490108461C
:10F320007BB0BDE8000FF0BD6FF06A0108467BB00E
:10F33000BDE8000FF0BD6FF00B0108467BB0BDE8E3
:10F34000000FF0BD00F101080646B8FA88F021462A
:10F35000002342098F20F7F793FDB8F1000F05D085
:10F360003046294633E74FF0000901E04FF001092C
:10F37000DAE8CF0F1C9A002840F02C840120CAE85C
:10F38000410F002940F0088494F8C401042803D1F7
:10F3900094F85C00022803D10020CAE88F0F26E70A
:10F3A000A06D50E8001F4B1C40E80036002EF8D13D
:10F3B000B1F1FF3F40F3EE8394F85C300020D4F8C5
:10F3C00058B0CAE88F0F3920CDF874B0002B18BFA1
:10F3D000382058440830D0E88F0FA8B105205BE8EA
:10F3E000002F531ECBE8E63F002EF8D1012A7FF410
:10F3F000EEAE1DAA0446BFF35F8F0D46104603F024
:10F4000034FD29462046E2E67AB194F8D0014FF463
:10F410000011FE2808BF4FF47041B2FBF1F000FB71
:10F420001121002918BF013000E00020B9F1000FC0
:10F430000E9313D0DAE8CF1F002940F0ED830121AD
:10F44000CAE8431F002B40F0C983616D0023CAE85E
:10F450008F3F0844B0F5807F00F2548394F8D001C8
:10F460004FF40011FE2808BF4FF47041002A0F919D
:10F4700000F023831EA801260130099004F1F80052
:10F48000079047A8002300F121010D9100F16201CE
:10F4900042300B9004F23D100A900C91CDF8509040
:10F4A00007E01C9ADDF85090109B1698824240F2BB
:10F4B00004830F98191816918A4238BF1146DAE86A
:10F4C000CF0F002840F0E381CAE8406F002840F0E9
:10F4D000E48194F8C401042840F02F83C81A1A90DC
:10F4E000206ACDE91013C00704D0D4E90A011390B3
:10F4F000159102E0002013901590D4E91C092022F8
:10F500001990D4E91810CDE9171004F5AF71D4E9BA
:10F510002E0812900B9807F02BFE0C9804F5BF7183
:10F52000402207F025FE04F58E7147A86CC96CC017
:10F530006CC96CC02122097801700D980A9907F0F6
:10F5400017FE002047A9CAE88F0F1EA8A22207F0C5
:10F5500015FEDDF868C04FF6E8710320C0F2FF31F8
:10F560008C4500F208831C9A0125149BB9F1000F09
:10F5700040F0FF821599199E51EA08017FF42FAFE0
:10F58000129800BACDF8CD01139800BACDF8C90190
:10F5900030BACDF8C5010CF1180000BACDF8C101A0
:10F5A000169882420CF129024FF0240088BF2320D4
:10F5B000002B8DF8C001CDF84C90159240F02E81B3
:10F5C000DAE8CF0F002840F0AC81CAE8405F00289D
:10F5D00040F0868104F1F80300260DF5EA7E0BCB9E
:10F5E000C4E93E65C4F800618EE80B00CAE88F6F7D
:10F5F000DDF8D48177969045C0F01681DDF8D8917A
:10F600000CF1280809EB0600414607F0F2FC06EB76
:10F610000805002070A9112209F80500681C7790E0
:10F62000484607F0A5FDDDF85CC0189B1A9E9CFAC1
:10F630008CF0C9F8150018BAC9F81100A5F1180026
:10F6400006F110018842C0F07C829DF87820DDF838
:10F650005080D20700F078821B9A0DF1040E119DA4
:10F66000089170A92A4409F11905CDE904500998B7
:10F67000009111218EE846006246F7F79FFE0028B0
:10F6800040F065821599B8F1000F77910DD075980B
:10F690001A90012006F0F2FA0E4669B1054606F00E
:10F6A000D3FA3046F7F7DEFB07E0DAE8CF0F0121A7
:10F6B000002800F03981C0E10546159A80460028EF
:10F6C00000F05D8208F1080001254946C8E90055AF
:10F6D00007F04EFD1A9800281CBF4846F7F7C8FBF4
:10F6E000DDF854E0CDE9788EDAE8CF0F002840F05D
:10F6F000E181CAE8405F17ADDDF83890139E00281D
:10F700002CCD40F0B38194F8C401042801BFD4E9A2
:10F710001C017140684050EA010001BFD4E91801A2
:10F720005940504050EA010040F0EE814FF0FF3167
:10F7300082EA010059404FF0FF3C084300F0288264
:10F74000681C46F100010132C4E91C0143F10000CC
:10F75000C4E91820D4F8100158E8001F4A1C48E8F2
:10F760000023002BF8D1002900F114823C2898BF17
:10F770003C2013304CF6CD4128BF6046CCF6CC413E
:10F78000A0FB0101606D4FEA111CA16C884267D09B
:10F79000D4E9132303440130591A38BF19464B01E9
:10F7A00002EB4111D55000230A1D0B8382E8404132
:10F7B0007546C1E9043C6065D4E92010013150F17F
:10F7C000000053F100021CBF4FF0FF314FF0FF303B
:10F7D000C4E9201040F2511021460022CAE88F3FB0
:10F7E000F7F74EFB08F10803204659464A460095B4
:10F7F00003F03AFF421C40F08B8158E8000F411E95
:10F80000C8E8E21F002AF8D1012601287FF449AE9A
:10F8100078A8BFF35F8F03F048FB42E64FF0000883
:10F82000CDF8DC81CDE97585A2EB0809C14524D965
:10F83000769A78A841464B46CDE9005503F0D7FAB1
:10F840007898002840F09981DDF868C0B8F1000F81
:10F8500079980CF12902CDE975900ED10026CDE6FC
:10F8600004F14800654603F099FAAC46DDF854E02F
:10F87000199D139EA16C606D8AE775A80021012374
:10F88000009502F0DDFDDDF868C0779EB6E6BFF3B7
:10F890002F8F02E01146BFF32F8F0A469AF800001F
:10F8A00000281EBF10BF9AF8000000280BD010BF20
:10F8B0009AF8000000281EBF10BF9AF80000002828
:10F8C00001D010BFEAE7DAE8CF0F0028E2D101212A
:10F8D000CAE8401F114600283FF4FBADDDE710BF2A
:10F8E0009AF8000000281EBF10BF9AF800000028F8
:10F8F00009D010BF9AF8000000281EBF10BF9AF868
:10F9000000000028EBD1DAE8CF0F50B90125CAE892
:10F91000405FDDF868C000280CF129023FF45AAEC0
:10F92000DEE7BFF32F8FDBE7CAE8401F0E9ADDF852
:10F930004CC00028199BDDE9175640F0828094F8EE
:10F94000C401042801BFD4E91C0181EA0C0158401C
:10F9500050EA010001BFD4E918017140684050EA43
:10F96000010040F0BF804FF0FF3185EA0100714097
:10F97000084300F00881581C4CF100016B1CC4E9DD
:10F980001C0146F100005946C4E918300020CAE8BD
:10F990008F0FDDE976300090204603F065FE75AEEE
:10F9A0000DF5F07CC1464CCE8CE84C00DAE8CF2F48
:10F9B00022B90123CAE8423FE2B103E0BFF32F8F2F
:10F9C00000E010BF9AF80020002A1EBF10BF9AF86E
:10F9D0000020002A09D010BF9AF80020002A1EBF7C
:10F9E00010BF9AF80020002AEBD1DAE8CF2F002AC6
:10F9F000DFD0E3E704F1F8020126126842B1D4F83F
:10FA0000FC2080460D461046F7F732FA294640465C
:10FA10000DF5F07C04F1F8059CE80C1085E80C105D
:10FA20000022CAE88F2F421C1C9A3FF43DADD6E459
:10FA3000DAE8CF0F08B9012176E7BFF32F8F00E096
:10FA400010BF9AF8000000281EBF10BF9AF80000EF
:10FA50000028EDD010BF9AF8000000281EBF10BF8C
:10FA60009AF800000028E3D0EAE710BF9AF80000F7
:10FA700000281EBF10BF9AF80000002809D010BF50
:10FA80009AF8000000281EBF10BF9AF80000002856
:10FA9000EBD1DAE8CF0F68B9012117ADCAE8401FF2
:10FAA000DDF83890139E0028DDF854E02CCD3FF4AB
:10FAB0002AAEDBE7BFF32F8FD8E75BE8000F411ECC
:10FAC000CBE8E31F002BF8D1012805D11DA8BFF317
:10FAD0005F8F03F0CAF91C9A114608467BB0BDE857
:10FAE000000FF0BD04F1F800006800281CBFD4F836
:10FAF000FC00F7F7BDF975AA079B07CA07C30020EA
:10FB0000CAE88F0F06206AE406200021CAE88F1F8A
:10FB100058E8002F531EC8E8E63F002EF8D1012A0E
:10FB20007FF45DAC78AA0446BFF35F8F0E461046A3
:10FB300003F0BBF93146204651E40020CAE88F0F9C
:10FB40004DE40720089D09E00020089D06E0089983
:10FB50000446284607F04DFA09202546759929B133
:10FB6000769904460846F7F783F920462946FFF7B9
:10FB700036BCFFF734BCFFF732BC0720EEE728465F
:10FB8000314606F0A2F800250420CAE88F5FE5E7B9
:10FB90000420BAE7FEDE10BF9AF8000000281EBF5E
:10FBA00010BF9AF80000002809D010BF9AF8000092
:10FBB00000281EBF10BF9AF800000028EBD1DAE839
:10FBC000CF0F38B90120CAE8410F1C9A00293FF431
:10FBD000DBABE1E7BFF32F8FDEE710BF9AF8001031
:10FBE00000291EBF10BF9AF80010002909D010BFCD
:10FBF0009AF8001000291EBF10BF9AF800100029C3
:10FC0000EBD1DAE8CF1F39B90121CAE8421F002A37
:10FC10001C9A3FF41AACE1E7BFF32F8FDEE7000038
:10FC2000F0B503AF2DE9000F93B0002800F09180EC
:10FC300004464FF49670214600220023F7F720F97E
:10FC400004F5E47BDBE8CF0F20B90120CBE8410FBE
:10FC5000C1B103E0BFF32F8F00E010BF9BF800009D
:10FC600000281EBF10BF9BF800000028EAD010BF7C
:10FC70009BF8000000281EBF10BF9BF80000002862
:10FC8000E0D0EAE794F8C43140F22D10D4F8142102
:10FC90002146F7F7F5F894F8C4110020002603294F
:10FCA00049D1D4F81411002944D0CBE88F0F4FF478
:10FCB0009770214600220023F7F7E2F8DBE8CF0F28
:10FCC00020B90120CBE8410FC1B103E0BFF32F8F72
:10FCD00000E010BF9BF8000000281EBF10BF9BF87B
:10FCE00000000028EAD010BF9BF8000000281EBFCB
:10FCF00010BF9BF800000028E0D0EAE794F8C401A8
:10FD0000032803D194F85C0002285DD10026CBE8DB
:10FD10008F6F751C2146B5FA85F00023420940F229
:10FD20003510F7F7ADF855B9204603F0DCFD06466F
:10FD30008A4604E00926CBE88F0F6FF06A0A711C2F
:10FD40000020DFE801F00806181E0C2A30243B12C0
:10FD500036006FF0150013B0BDE8000FF0BD6FF076
:10FD6000460013B0BDE8000FF0BD6FF05E0013B0A9
:10FD7000BDE8000FF0BD6FF0610013B0BDE8000FEB
:10FD8000F0BD6FF06E0013B0BDE8000FF0BD6FF076
:10FD90000A0013B0BDE8000FF0BD6FF0490013B0CA
:10FDA000BDE8000FF0BD6FF06A0013B0BDE8000FB2
:10FDB000F0BD504613B0BDE8000FF0BD6FF00B0072
:10FDC00013B0BDE8000FF0BDA06D50E8001F4A1C45
:10FDD00040E80023002BF8D1002900F1BE8004F593
:10FDE000BF7103A8402294F85C80A56D07F0C0F9AC
:10FDF0000020CBE88F0F0295DBE8CF0F20B9012060
:10FE0000CBE8410FC1B103E0BFF32F8F00E010BF7B
:10FE10009BF8000000281EBF10BF9BF800000028C0
:10FE2000EAD010BF9BF8000000281EBF10BF9BF84F
:10FE300000000028E0D0EAE7D4E92E600021002885
:10FE4000CBE88F1F3ED105F0FFFE51204FF0510A45
:10FE5000F7F708F8002854D081460020C9F80900B7
:10FE600003A9C9F805004FF08040C9F8010021201E
:10FE700089F8000030BAC9F80D0009F111004022DC
:10FE800007F076F9DBE8CF0F20B90120CBE8410F6E
:10FE9000E1B103E0BFF32F8F00E010BF9BF800003B
:10FEA00000281EBF10BF9BF800000028EAD010BF3A
:10FEB0009BF8000000281EBF10BF9BF80000002820
:10FEC000E0D0EAE703264FF0510A1BE0D4F8B8303F
:10FED0000020CBE88F0F40F22F10214651225126EF
:10FEE000F6F7CEFF2046294642464B46009603F0E1
:10FEF000BBFB0646013015D048468A46F6F7B8FFE8
:10FF000000E0072655E8000F411EC5E8E21F002A61
:10FF1000F8D101287FF4FDAE02A8BFF35F8F02F095
:10FF2000A4FFF6E64FF49A70214651220023F6F71B
:10FF3000A7FF4846F6F79CFF55E8000F411EC5E8AD
:10FF4000E21F002AF8D1012804D102A8BFF35F8F75
:10FF500002F08BFF4FF0FF36DBE6FEDEF0B503AFBD
:10FF60002DE9000F91B0002800F0F180044640F226
:10FF70004F10214600220023F6F782FF04F5E475B6
:10FF8000D5E8CF0F20B90120C5E8410FA1B103E0AA
:10FF9000BFF32F8F00E010BF287800281EBF10BFCE
:10FFA00028780028ECD010BF287800281EBF10BF8A
:10FFB00028780028E4D0EEE794F8C401411F022914
:10FFC00001D2002021E004281ED10020C5E88F0FB7
:10FFD000D5E8CF0F20B90120C5E8410FE1B103E01A
:10FFE000BFF32F8F00E010BF287800281EBF10BF7E
:10FFF00028780028ECD010BF287800281EBF10BF3A
:0200000270008C
:1000000028780028E4D0EEE701200021C5E88F1F02
:1000100011B0BDE8000FF0BDD4F814010021C5E80F
:100020008F1F20B1F7F776FC002800F0EA818C20C2
:10003000214600220023F6F723FF2046FCF7E6FFC7
:1000400006468B4607280DD142F283302146002216
:100050000023F6F715FF8F20214600220023F6F734
:100060000FFF0CE006F101082146B8FA88F00023E2
:1000700042098F20F6F704FFB8F1000F51D06FF05E
:100080001500DFE806F00506171D0C292F23351291
:10009000BEE76FF0610011B0BDE8000FF0BD6FF07A
:1000A000490011B0BDE8000FF0BD584611B0BDE8E1
:1000B000000FF0BD6FF06E0011B0BDE8000FF0BD95
:1000C0006FF0460011B0BDE8000FF0BD6FF00B00FF
:1000D00011B0BDE8000FF0BD6FF06A0011B0BDE8CF
:1000E000000FF0BD6FF00A0011B0BDE8000FF0BDC9
:1000F0006FF05E0011B0BDE8000FF0BDBFF32F8FB1
:1001000000E010BF287800281EBF10BF2878002804
:1001100007D010BF287800281EBF10BF28780028FD
:10012000EFD1D5E8CF0F0028E8D10120C5E8410F75
:100130000029E7D194F8C40100F00600042803D197
:1001400094F85C00022808D10020C5E88F0F6FF0FA
:10015000150011B0BDE8000FF0BDA06D50E8001F04
:100160004A1C40E80023002BF8D1B1F1FF3F40F3D7
:10017000C081D4F858C0042194F85C000690002097
:10018000C5E88F0FCDF81CC00A90CDE90801D5E86D
:10019000CF0F20B90120C5E8410FA1B103E0BFF3A3
:1001A0002F8F00E010BF287800281EBF10BF2878CE
:1001B0000028ECD010BF287800281EBF10BF287878
:1001C0000028E4D0EEE7626D4AB1A16C236D581AA5
:1001D00038BF18460B1A9A4204D9D21A04E00020FC
:1001E000002100E081180022D4F84CB00023DDF893
:1001F00028E00BEB40180BEB421A0BEB41190020E7
:10020000BEF1030F01D90590C4E0CDE904000BE075
:100210001046C246D0E9042100F12008013228BF6F
:100220001A468A4202614DD2C84502D04046D046A5
:1002300005E0D3455846D146C34600F09280D0E948
:1002400004214FF0FF36531C00F1200228BF334633
:100250008B42036132D24A4502D01046424604E046
:10026000C3455846C14693467BD0D0E9043100F1DE
:100270002008013328BF33468B42036121D2C84591
:1002800002D04046904604E0934558469146C34606
:1002900067D0D0E90421531C00F1200228BF334667
:1002A0008B4203610AD24FF0FF334A45B0D1C345B8
:1002B0005846C14692469346ACD152E0C24690465B
:1002C00000E09246027E072A4DD8013202764A00AB
:1002D0000123012A4FF00102437688BF4A004B29CF
:1002E00088BF96220021059BC0E90412049A0132BE
:1002F00053F1000351F1000118BF4FF0FF33059394
:1003000018BF4FF0FF328168049251E8002F531C50
:1003100041E80036002EF8D1002A00F1EA80D0E949
:100320000221089886450ED0099840F83E2000EB3F
:10033000CE000EF1010EBEF1040F4160CDF828E0B1
:100340007FF472AF13E008A8CDF80CC07646CDE973
:10035000012102F0E3FBDDE90121B646DDF80CC026
:10036000E2E7049B1EE0DDF810E0E24676E04FF0A5
:10037000040E049B0EE04046D0E9041200F1200870
:10038000013128BF4FF0FF310161914224BF007E4F
:10039000072861D8C845EED1D3455846D146C24654
:1003A000C346E9D1D4E924010022C018059B594174
:1003B00052F100031CBF4FF0FF304FF0FF31C4E992
:1003C0002401C5E88F2FDDE9081000EBCE09BEF14E
:1003D000000FCDE90D19CDE90B001BD10BA8644628
:1003E00001F031FF234653E8000F411EC3E8E21F2E
:1003F000002AF8D1012804D107A8BFF35F8F02F0CB
:1004000034FD012011B0BDE8000FF0BD2846D446F0
:100410004D45E3D000F10805D0E90080069A614619
:1004200008F10803CDE90F80009020460C95E246C4
:1004300003F01AF90646013039D158E8000F411E81
:10044000C8E8E21F002AF8D10128DFD10FA8BFF3C6
:100450005F8F02F02AFDD9E7E2469E460620059E00
:1004600084F8C4014FF0000CD4E92401D4E92A2314
:1004700010EB0E0071415CF100061CBF4FF0FF3025
:100480004FF0FF31C4E92401501C53F100015CF12D
:1004900000021CBF4FF0FF304FF0FF31C4E92A01CA
:1004A00008A8C5E88FCF01F0A2FE052611E08B4613
:1004B00058E8000F411EC8E8E21F002AF8D10128C1
:1004C00004D10FA8BFF35F8F02F0EFFC0BA801F07F
:1004D000BAFE5AE8000F411ECAE8E21F002AF8D10E
:1004E00001287FF4CCAD07A8BFF35F8F02F0BDFCFD
:1004F000C5E5FEDEF0B503AF2DE9000F87B0D0F8FB
:1005000008B0164680462B241BF400104FF0010261
:1005100008BF4FF0FF34002918BF420DF86805905E
:1005200008BF2D2402EB00095FEA0B20B868049095
:10053000069315D40026B8F80CA0D14579D33346DC
:10054000D8E900560698314600902246284605F024
:10055000D8FEE0B30124204607B0BDE8000FF0BD8F
:10056000102B3ED2002B41D003F0030C98084FF023
:1005700000023DD000F00300751CB646A2EB8003DC
:100580006FF003020020AE18043296F9031011F147
:10059000410FC8BF013096F9041011F1410FC8BFD7
:1005A000013096F9051011F1410FC8BF013096F9DD
:1005B000061011F1410F03EB0201C8BF01300431F5
:1005C000E1D1BCF1000F2DD00432764611E0F36882
:1005D0002846DDE9041207B0BDE8000FBDE8F04091
:1005E00018473046194605F0D8FB1CE000201AE0F9
:1005F0000020B15611F1410FC8BF0130BCF1010F0D
:1006000011D0324492F9011011F1410FC8BF0130ED
:10061000BCF1020F07D092F9021011F1410FC8BFCF
:10062000013000E076468144B8F80CA0D145BFF413
:1006300086AF5FEACB100ED4CBF34170AAEB090270
:100640006FF35F5B4FF00009B246DFE800F0400255
:100650003D0291463BE0D8E902102246D8E900B5B8
:10066000334602900020C9F6E07003910840294605
:1006700040F0005040F03000C8F8080006980090A4
:10068000584605F03EFE002843D1AAEB090000249D
:1006900086B2A0B2B04207D22A69584630219047AC
:1006A00001340028F5D034E0DDE904125846EB6847
:1006B000984770BBDDE902100024C8E9020120461A
:1006C00007B0BDE8000FF0BD90B24FEA5009D8E97D
:1006D0000058002603921FFA89F0B1B2814208D275
:1006E000D8F8102028465946904701360028F2D005
:1006F0000FE006984146009028462246534605F0F2
:1007000000FE30B9DDE904122846D8F80C309847CD
:1007100028B10124204607B0BDE8000FF0BD0398C2
:100720000026A0EB09001FFA80F90024B0B248456A
:1007300038BF0124BFF40FAFD8F81020284659461F
:10074000904701360028F0D005E70000F0B503AF70
:100750002DE9000F81B0D0F808909346884619F033
:10076000C05F00F079805FEAC9013AD4BBF1100F95
:1007700057D2BBF1000F00F0B3800BF0030C5FEA1F
:100780009B014FF0000300F0AD8001F0030108F180
:100790000105A3EB81066FF003030021EC1804337D
:1007A00094F9032012F1410FC8BF013194F90420DC
:1007B00012F1410FC8BF013194F9052012F1410F28
:1007C000C8BF013194F9062012F1410F06EB030274
:1007D000C8BF01310432E1D1BCF1000F2DD0043388
:1007E00081E0C18929B308EB0B034FF0000B4546AC
:1007F0000A4609E0EF2D4FF0030588BF0425354474
:10080000AE1B013AB34416D09D4215D02E4615F9C1
:10081000014BB4F1FF3FF3DCE5B2E02DEAD2B51CA9
:10082000EEE704464046594605F0B7FA0146204631
:1008300003E04FF0000B0022891A828991420BD20B
:10084000531AC9F341716FF35F590026DFE801F0D5
:1008500011020F111E460CE0D0E900015A46CB6888
:10086000414601B0BDE8000FBDE8F040184799B21D
:100870004E08D0E9005A00240093B0B2A1B28142E0
:100880000DD2DAF810202846494690470134002856
:10089000F3D00126304601B0BDE8000FF0BDDAF814
:1008A0000C30284641465A46984728B10126304622
:1008B00001B0BDE8000FF0BD00980024801B1FFAB6
:1008C00080F80026A0B2404538BF0126E2D2DAF80F
:1008D000102028464946904701340028F1D0D9E736
:1008E0000021AAE7002118F9032012F1410FC8BF27
:1008F0000131BCF1010FA0D0434493F9012012F162
:10090000410FC8BF0131BCF1020F3FF496AF93F91C
:10091000022012F1410FC8BF01318EE710B584B03B
:1009200002AC009406F07EFC029A039B04B010BD5A
:1009300010B584B002AC009406F0AEFC029A039BA2
:1009400004B010BDF8B54D4A0C4600234C4DD0E91B
:100950000001FFF7E3FF002A4FF4616100F52F204B
:10096000B7BF02F5A83200F66C2000F66B2002F546
:10097000C072B2FBF1F301FB13223C21A360B2FB76
:10098000F1F301FB13226360C31C2260072293FB77
:10099000F2F2C2EBC2029B1A52D50733A361A0F553
:1009A0000E33A3F52C7393FBF5F5364B48F6AC618B
:1009B00040F2B45740F26D1603FB05004FF0050CF2
:1009C000B0FBF1F1B0FBF7F30144C91A2E4BB0FBB9
:1009D000F3F3C91A48F69463B1FBF3F3B1FBF6F2F3
:1009E000B1FBF7F103445B1A992106FB123303EBC9
:1009F00083005E1C0230B0FBF1F779430231B1FB9A
:100A0000FCF1761A40F2F95188424FF4C8708CBF5D
:100A10006FF00901022100FB05253944012998BF27
:100A20000135B3F5997F11D3A3F59973A5F26C75D0
:100A3000E36100232046E6602362C4E90415F8BDA3
:100A40000028A361ABDB90FBF5F5AEE7970710D16B
:100A50004FF0640C92FBFCF70CFB17275FB992FB7D
:100A6000F0F700FB1722B2FA82F252093B3313442B
:100A7000DCE70022FAE70122F8E700BF805101001D
:100A8000B13A02004FC5FDFFB03A02000CB430B5D8
:100A900089B005460C461C22002101A806F05AFC2C
:100AA000022305958DF806300D4B029323462CB199
:100AB000B4F1004F28BF4FF00043013B1D440DAA85
:100AC0000C9901A80695009200F008FA14B1059B54
:100AD00000221A7009B0BDE8304002B0704700BF74
:100AE0004F790700242A2DE9F041044601D8012A54
:100AF0004CD1364B162206F033FF1A5001B10C6070
:100B000000273846BDE8F08135462E4616F8010B21
:100B10002028F9D0A0F109070346042FF4D92B2887
:100B200036D02D2837D14FF0010CAE1C6B78302B0E
:100B300038D1307840F0200078282FD132F01000E2
:100B40002CD173783446102202360CF10040002775
:100B50000138B0FBF2FE02FB1E08392B82BF03F105
:100B6000FF3343F02003263B303B9A421ED97745A2
:100B700002DC03D1984501D24CF0020C354607FB4C
:100B80000237344615F8013B2E46E6E70546BCE73A
:100B90004FF0000CC9E74FF0000CC8E7002A08BF6F
:100BA0000822D2E7002A08BF0A22CEE701B10C6072
:100BB0001CF0010F18BF7F421CF0020FA1D0034BA5
:100BC0002222074606F0CCFE1A509AE70C000000DD
:100BD000242AF0B5044601D8012A40D12E4B162212
:100BE00006F0BEFE1A5001B10C600020F0BD2F4689
:100BF0003D4615F8010B2028F9D0A0F1090603465F
:100C0000042EF4D92B282CD02D282CD10126BD1C44
:100C10007B78302B2DD1287840F02000782824D103
:100C200032F0100021D16B782C46102202350020C2
:100C3000392B82BF03F1FF3343F02003263B303BC7
:100C40009A421AD9A0FB02040CB9C01801D346F08D
:100C500002062F462C4617F8013B3D46E8E70746BB
:100C6000C6E70026D3E70026D3E7002A08BF0822FC
:100C7000DDE7002A08BF0A22D9E701B10C60F207BC
:100C800048BF4042B307B1D5034B222206F068FEAD
:100C90001A504FF0FF30A9E70C000000242AF0B5ED
:100CA00005460E4601D8012A0AD13E4B162206F00F
:100CB00057FE1A5006B1356000200146F0BD2046AF
:100CC000044614F8011B2029F9D0A1F109070B46AD
:100CD000042FF4D92B2939D02D293AD14FF0010C0A
:100CE000841C4378302B3BD1217841F020017829B6
:100CF00032D132F010012FD1637825461022023410
:100D000000200146392B82BF03F1FF3343F020035B
:100D1000263B303B9A4232D9002729BBA0FB02E593
:100D200017F001077046294608D11EEB030E55F156
:100D30000005704628BF012729460FB14CF0020C70
:100D40002746254617F8013B3C46DBE74FF0000CF1
:100D5000C6E74FF0000CC5E7002A08BF0822CFE71E
:100D6000002A08BF0A22CBE7A2FB0151A0FB02E048
:100D70002D1841F10001002918BF0127D0E706B165
:100D800035601CF0010F02D0404261EB41011CF0C4
:100D9000020F93D0034B222206F0E2FD1A504FF0CF
:100DA000FF308AE70C0000002DE9F04101260746DC
:100DB000B24201DCBDE8F0813B461F4613F8014B0F
:100DC000002CF7D0252CF8D11C780237252CF3D035
:100DD0000023DFF804819C461D461F2D18D8A4F17E
:100DE000200EBEF1100F09D9A4F1300EBEF1090F8B
:100DF0001ED80A24202504FB03E304E028FA0EFE93
:100E00001EF0010F06D017F8014B002CE5D128E0A9
:100E10007F2D1CD8A4F1300EBEF1090FE9D9242C86
:100E200010D1BCF1000F46D0B34246D00023EAE710
:100E300024F0040EBEF12A0FF8D06C2C09D145F035
:100E40008005E0E724F0040EBEF12A0FEED06C2CF2
:100E500022D06C2C1BD8682C23D06A2C28D04C2C88
:100E600026D0BCF1000FA5D0B445A1D144F0200795
:100E70000B68A7F1650CBCF1020F01D9612F1ED1DF
:100E8000073323F00703083301360B608FE7742C18
:100E9000B9D07A2CB7D0E4E72C0648BF45F40075EA
:100EA000CDE7EC0548BF45F4007545F48075AAE729
:100EB00045F42075A7E79C46B8E76324D6E7692C7C
:100EC00002D007D8632C03D02F0601D5AC05D7D4A8
:100ED0000433D9E7732CF6E7892801002DE9F04F98
:100EE000436895B08046039383789807CDE908124C
:100EF00016D50B4600250D921F789FB1252F15D0D2
:100F00000133079341463846039B01359847002833
:100F100080F24C8498F8023043F0040388F80230E1
:100F20004FF0FF35284615B0BDE8F08F5F789A1C6A
:100F3000252F0792E6D000242646A246A346BBF101
:100F40001F0F32D8A7F12003102B0AD8DFE803F0D7
:100F50002409092A0909091B09090922092709097C
:100F60001900A7F13003092B2DD92A2F39D154B9F3
:100F70000D9B1BF0400F53F8042B0D9329D0164600
:100F800001E04BF0010B079B13F8017B0793002F47
:100F9000D5D15BE04BF0020B4BF0040BF3E74BF0C9
:100FA000080BF0E74BF0100BEDE7BBF17F0F3FD8DC
:100FB000A7F13003092BD8D81BF0400F03D00A2229
:100FC00002FB0636DFE70A2202FB0A3A4BF0200B4F
:100FD000D9E7B2F1000AF9DACAF1000A4BF0280B9E
:100FE000D1E72E2F05D11BF0400F9BD14BF0400BCA
:100FF000C9E7242F1CD1002C00F04381099B1BF072
:10100000400F0D930AD152460DA90898FFF7CCFE68
:101010000D9B1A1DD3F800A00D92B4E732460DA91E
:101020000898FFF7C1FE0D9B1A1D1E680D92AAE7D6
:101030006C2F00F0138100F20A81682F00F01681F6
:101040006A2F00F01B814C2F00F0188134B1099BEE
:1010500022460DA908980D93FFF7A6FE002E47F033
:101060002003B8BF2BF0400B0593A3F16503BCBF71
:1010700000261FFA8BFB022B40F2088147F0200369
:10108000612B40F07782FF431BF0400F4BF4C054BC
:1010900007F020034FF00107A34606930D9B03F1D1
:1010A000070323F0070303F10802D3E90001069BBD
:1010B0000D920EAA009314BF33464FF0FF3306F093
:1010C00087FB431C0646DDF83890DBB2049370239F
:1010D000059309F10903122B0CD909F16303C62BFF
:1010E00040F20F8109F2E73340F2CE72934294BF8F
:1010F000032704279DF83C2002F00C0312F00102A4
:1011000040F01A811BF0020F40F013811BF0040421
:1011100000F0F980002B40F0128120231BF4405F87
:1011200022D1049A002E02F1500208BF01266A441F
:10113000133A049921B112F8011D302900F03481CD
:101140001BF0100F049A18BF324619F1040FC0F2B9
:101150003081B14580F22D814A454BF4005B40F36C
:101160002A8109F10106961B1BF400520A9200F035
:10117000248129EAE974013403B10134002E00F01E
:101180002381721C1444A245CCBFAAEB04040024A2
:101190001BF0090F04D12C44A54240F01A81002411
:1011A0003BB118464146039B013598470028FFF69E
:1011B000B1AE1BF4006F12D041463020039B98471C
:1011C0000028FFF6A7AE069B41460235C3F1780022
:1011D000039B00F0F80098470028FFF69BAE1BF039
:1011E000080F05D12C44AC4240F0FF802546002476
:1011F0000A9B002B00F0288129EAE97A7642A9EBC4
:101200000A02049B0AF1FF3A6F1C0592934289BFC0
:101210000EAB3020D3185879564500F3EF80414685
:10122000039B9847059A002802F10102FFF672AE6F
:10123000BAF1FF3F09D141462E20039B0592984702
:101240000028FFF667AEAF1C059A3D46D9E7742F1C
:101250003FF499AE7A2F3FF496AEF7E61BF0800F7D
:1012600018BF4BF4007B4BF0800B8CE61BF4807FA7
:1012700018BF4BF4007B4BF4807B84E64BF4207B5F
:1012800081E626465446B346B2467CE6FF431BF051
:10129000400F07F0200308BF062606930D9B073377
:1012A00023F0070303F10802D3E90001059B0D9227
:1012B000652B14D1731C00224BF4805BDBB2144607
:1012C000112B4FF0020728BF1123CDE900240EAAED
:1012D00000F00AFBDDF83890C3B20493F9E6059BF1
:1012E000662B05D14BF4005B344601221123E7E75E
:1012F000F3B200226527012B1446059738BF01235E
:10130000DEE70227F6E6002B3FF408AFBAF1030F41
:1013100039DC9DF83C30A44E13F0080FA34B08BFF6
:101320001E46B1464F4619F8010BA0BBAE1B374411
:1013300085E023BB2B23F1E61BBB2D23EEE6202209
:10134000BAF1040F12DD1BF0080FAAF104040ED14C
:101350002C4441462020039B0135049298470028E5
:10136000FFF6D8ADA542049AF3D192B100244146CC
:101370001046039B013598470028CADACAE52B229C
:10138000DEE72D22DCE71BF0080FAAF10304C0D131
:10139000DEE71446BDE7069B4146C01A039BC0B278
:1013A00098470028BEDAB5E504990139C9B204911D
:1013B000BFE6561ED8E60026D6E61BF4006F0CBF2B
:1013C000032405243C44D7E61BF0100F18BF01345A
:1013D000D9E60B934146039B20209847002805F14E
:1013E00001050B9BBFF6D8AE94E541463020039B28
:1013F000013598470028BFF6F6AE8BE5D1450AD1F6
:101400009DF83D30352B1DD805D19DF83C3013F0AB
:10141000100F08BF31204146039B98470028FFF674
:1014200079AD1BF0100F0AD0BAF1FF3F07D1AF1C06
:1014300041462E20039B98470028FFF66BAD3D46A2
:101440003C4438E23120E6E79DF83D004146312832
:101450001EBF9DF83C3023F010038DF83C30039BF9
:1014600098470028FFF656AD002E68DD41462E2035
:10147000039B98470028FFF64DAD4FF0010A049BEF
:101480004146D3469A45B7BF0EAB302053445879F6
:10149000039B98470028FFF63DAD0AF1010A564527
:1014A000EDDA02355D444146DDE90532981A039BC9
:1014B000C0B298470028FFF62DADB9F1000F04DB4C
:1014C0004AD19DF83C30DB0646D5C9F100092D20F4
:1014D0004146039B98470028FFF61CAD042F3DD1E1
:1014E0004FF47A774146039B033599FBF7F606F1F3
:1014F0003000C0B298470028FFF60CAD07FB1699E4
:1015000064274146039B013599FBF7F606F130004D
:10151000C0B298470028FFF6FDAC07FB16990A27D2
:101520004146039B013599FBF7F606F13000C0B246
:1015300098470028FFF6EEAC07FB169914E01BF065
:10154000100F01D10135AEE741462E20039B023535
:1015500098470028A7DADDE42B20B9E7032F05F12F
:101560000205CDD0012FDAD109F130006F1C4146C0
:10157000C0B25FE7A7F16303122B00F2FF80DFE840
:1015800013F017005700FD00FD00FD00FD0057009F
:10159000FD00FD00FD00FD00FD001801F800FD004C
:1015A000FD002C00FD00B9006E4308006A430800EE
:1015B0000D9B01240EAF1A1D1B680D928DF838305B
:1015C0001BF0080F2AD007EB04093E464E4527D1F1
:1015D000EF1B3744AAEB040431E70D9B1A1D0D9253
:1015E0001F68AB4B002F08BF1F461BF0400F38464B
:1015F00014BF31464FF0FF3105F089FF0446DFE7A5
:1016000041462020039B98470028FFF683AC013E0B
:10161000B442F5D35544B246AD1BD4E75646F7E77E
:10162000414616F8010B039B98470028CEDA71E477
:101630001BF0800F0D9B35D01BF4007F2DD007339E
:1016400023F0070303F10802D3E900010D922BF008
:10165000100900291FFA89F936DA404249F48069F5
:1016600061EB41010DF1380B0A235A4605F087FF63
:1016700019F0400FA0EB0B0B65D029F001025E457D
:1016800092B240F3B380002F00F0AA8019F010034B
:101690003446914626D002345CE01A1D18680D923B
:1016A000C117D4E71A1D1BF4807F19680D9201D170
:1016B0000846F5E71BF4007F19BF48B241F3C0119B
:1016C00008B241F3C031C2E750EA0103CAD11BF0AE
:1016D000400FC7D0002EC5D12BF0110B34461FFA96
:1016E0008BF9B34640F2064319EA03031CBF0134E9
:1016F00000232FE02BF0100B0A231FFA8BFB1BF0AB
:1017000080040D9A58D01BF4007115BF0732101DCC
:1017100022F007020D900FBF106802F108010D9131
:10172000D2E9000150EA010253D12BF016091BF057
:10173000400F1FFA89F950D0002E4ED12BF0170B15
:101740001FFA8BF9B34619F0100353D0002F4FD175
:101750000BF1010419F0080F5FD119F0010F06D049
:10176000A2456EDDAAEB040404EB0B0654462246A8
:101770004EE04BF0100B10237827C0E747F0200312
:10178000782B04D1C7F1780343F01003B7E7414643
:101790002520039B98470028FFF6BCAB41463846FE
:1017A000039B98470028FFF6B5AB0235079BFFF770
:1017B000A3BB08230027A2E7111D10680D911BF49D
:1017C0008071AFD01BF400711ABFC0B2214680B245
:1017D000A8E72BF0060B1FFA8BF90DF1380B44E745
:1017E00029F0110934461FFA89F97BE79146AAE7E7
:1017F0005C4650E75C4675E7CDE90423414620206E
:10180000039B98470028FFF685AB049A059B01329D
:101810009245F1DC2C1BA5181446EBB14146302053
:10182000039B98470028FFF675AB67B901352F4633
:101830002E44F31B5B4521DC5D460EAE55BB5F4479
:10184000C8E65E4693E7023541463846039B984713
:101850000028ECDAFFF75EBB40F2064319EA030FFB
:10186000E5D019F0020F05F10105414614BF2B2008
:10187000202019F4806F18BF2D20E7E74146302063
:10188000039B013798470028D3DAFFF743BB00BF1B
:1018900072430800013D4146039B705D9847002854
:1018A000CCDAFFF737BB41462020039B0135984730
:1018B0000028FFF62FAB631B002BF4DC76E700BF9C
:1018C0001FB502AB074A00934FF0CC3305F038FF49
:1018D000DDE90201C00840EA4170C90805B05DF8C1
:1018E00004FB00BFCDCCCCCC2DE9F04F9BB004461F
:1018F00005920A460A93C2F30A559DF89030D20F1A
:101900000B93C1F313030992090D7DB950EA030249
:101910001CD1059A302301265371099B156043F0B1
:101920000203137130461BB0BDE8F08F40F2FF7226
:1019300095424BD10343099B059A4FF0000614BF13
:1019400043F0080343F004031371EBE700F00102D6
:101950004FEA830887009A460892012248EA907865
:10196000A94D1646C5F1000B0692584600F012FA32
:10197000B5F1FF3FACBF8146A0F10109ABEB090B0C
:1019800009EB05035846049300F00AFA16A9A0F1E2
:101990007D05584600F024FA12AB069AA9EB05051E
:1019A000019310AB20460292009316AA2B46514693
:1019B00005F00CFEB9F1010F04460D4600F2D2808D
:1019C000089B002B40F0C58001276BE043F4801A90
:1019D00000F001020343A5F235454FEA8A08089258
:1019E0004FEA800748EA907849D140F2FE731942E5
:1019F0000CBF01260026002D3246B3DB284600F03E
:101A0000C3F9032DC8BF0138049000F0C9F9049B45
:101A10007C3016A95D1B0544184600F053FA12AB42
:101A2000204616AA019310AB5146029600932B460E
:101A300005F0CCFD049B04460D46152B00F2868074
:101A400014AB724A3846414600934FF0CC3305F050
:101A500077FE149B159A9B0843EA827303EB83037A
:101A6000BB42DDE9109A0CD13846414600F0A0F99E
:101A7000049B83428CBF00270127002612E0012629
:101A8000B9E7089B002B51D1013F48F1FF31B81B4A
:101A900061F1000100F08CF9049B089F83428CBF28
:101AA000002601260B9B002B40F09080DDF828B02B
:101AB0004FF000084FF00A0ACDE90688DDE9100171
:101AC000FFF7FEFE129BCDE90C01184613990E9309
:101AD000FFF7F6FE0C9B81460D9A98420B460F913C
:101AE000934180F08D8020462946FFF7E9FE0AFBEE
:101AF00009F30E9AB8F1000F14BF002707F0010791
:101B00000AFB10480D46934214BF002606F001065A
:101B10000C9B5FFA88F8044610930D9BCDE91139B0
:101B20000F9B1393079B01330793C7E7B81C48F13A
:101B3000000100F03DF9049B83428CBF002001208E
:101B4000B9EB00006AF10002CDE9100200273E4621
:101B5000A8E7109B0127119A013B42F1FF32CDE922
:101B600010328AE7B9F13E0FF0D84FF0FF33A9F1F8
:101B70002000C9F1200103FA09F203FA00F023FA68
:101B800001F103FA09F3024327EA03070A4328EAAB
:101B9000020857EA08070CBF012700276DE700FB82
:101BA00002FC0133A1FB001262448C4275EB020C73
:101BB000F5D2049ADDF828B01344259A1344012B7A
:101BC000B8BF01239B45A8BF9B4671E70A210022AD
:101BD00001230846E9E70AFB03F00131A2FB0A23CF
:101BE0000344944275EB0300F5D2594510DDBBF177
:101BF000000F02D154EA05030AD00123069372E7CD
:101C00000A2200230121ECE7CCFBFFFFCDCCCCCC9A
:101C1000002E2FD04FF00A0A129B139918460D93ED
:101C2000FFF74EFE0D9B0AFB00F281460C919A4293
:101C300020D1B8F1000F14BF002707F00107DDE93C
:101C40001001FFF73DFE0E900D9120462946FFF74B
:101C500037FE0D9B0AFB10480E9A04460D465FFAAC
:101C600088F81092CDE911390C9B1393079B01332F
:101C70000793D1E7DDF81090079B9944002F5CD0C3
:101C8000B8F1050F59D114F001034CD1069A32B9BD
:101C9000DDE912239D4208BF944261D0069B1819CA
:101CA0004FF00A044FF000024FF0010645F1000129
:101CB0002546A04271EB020755D2EBB1B3451BDAC2
:101CC0000B9B63B106EB0903259ADDF828B013449A
:101CD00023EAE3739B45A8BF9B465E450CDD0530B8
:101CE00009F1010906F1FF364FF00A024FF0000337
:101CF00041F10001FEF71CFE5E450FFA89F9059BD4
:101D0000A8BF5E4636B2B14406F1050809F1FF37B7
:101D100098444FF00009B1452CDB059B1A461F6023
:101D2000099B1371FEE5069B2BB9DDE912239D4249
:101D300008BF944209D00123B1E7069B53B9DDE9FE
:101D400012239D4208BF944204D1089B002BF2D17C
:101D5000002EF0D0B8F1040F94BF002301239EE7BA
:101D60004FF00408F1E705FB02F70136A4FB05423A
:101D70003A449EE70A220023FEF7DAFD303209F1E9
:101D8000010908F8012DC6E7014B5843800C704744
:101D900041340100014B5843000D7047FB2E0B00EE
:101DA000024B5843C00C0130704700BF4F931200E4
:101DB00070B50346094A00204FF0CC364FF033355A
:101DC00006FB03F402FB0144A3FB023121449D42C4
:101DD00075EB010401D30130F2E770BDCDCCCCCC62
:101DE0001A232DE9F04FB0FBF3FA334E03FB1A032D
:101DF00089B004460D4606EB0A1653B9D6E900230E
:101E0000C1E90023D6E90201C5E9020109B0BDE834
:101E1000F08F2A4A02EBC303D3E9008904AB4046A2
:101E200049460093D6E9022305F08AFC06AB8346B7
:101E30000F46404649460093D6E9002305F080FC52
:101E400000238146DDE9066216EB0B0652EB07081C
:101E500028BF012333B1049B059A013342F10002EC
:101E6000CDE9043220460391FFF79AFF07461A2076
:101E700000FB0AF0FFF794FF3F1A324643464846FC
:101E80000399009705F077FC0D4A4FEA141C640093
:101E900004F01E0352F82C40DC4004F00304241824
:101EA000304641F10001DDE90423C5E90041414626
:101EB000009705F060FCA7E7B8850700E8840700F5
:101EC000782808002DE9F04F1A2700F11905DFF8EE
:101ED000E0A089B004460E46B5FBF7F56F434FEA24
:101EE000051B0AEB05153A1A0AD1D5E90023C1E909
:101EF0000023D5E90201C6E9020109B0BDE8F08F6F
:101F00002C4B03EBC203D3E9008904AB404649469E
:101F10000093D5E9022305F013FC5AF80B206B68F7
:101F2000013ACDE9020106A963F1000340460091A0
:101F3000494605F005FC8A46029900238146DDE901
:101F400006526D18039952EB010828BF012333B1E3
:101F5000049B059A013342F10002CDE90432384670
:101F6000FFF71EFF07462046FFF71AFF3F1A2A46D3
:101F7000434648465146009705F0FDFB0E4A4FEA9E
:101F8000141C640004F01E0352F82C40DC4004F0E2
:101F9000030401342418284641F10001DDE904233B
:101FA000C6E900414146009705F0E5FBA3E700BF05
:101FB00088860700E8840700CC280800F0B503AF46
:101FC0002DE9000F83B0456C8146836BADB3194694
:101FD000D9E90FA0984238BF0021421A9E1AAC1BC3
:101FE00038BF0024AE420196029328BF5319934292
:101FF00012D08000A3EB020BA0EB81005044A0F1B3
:10200000040858F8046F3046FFF7D8FF3046F4F75D
:102010002FFFBBF1010BF4D1019885420BD90025AC
:102020005AF825603046FFF7C9FF3046F4F720FF25
:102030000135AC42F4D1029B01E0D9F83CA0002B61
:102040001CBF5046F4F714FF99F85C0002280FD02B
:1020500009F15800016851E8002F531EC1E8E63F1E
:10206000002EF8D1012A04BFBFF35F8F00F0FDFE00
:1020700099F81C110020C9F87A010129C9F87601E4
:10208000C9F87201C9F86E01C9F86A01C9F8660198
:10209000C9F86201C9F85E0107D099F83D0101282D
:1020A00017D0D9F854304BBB6FE0C9F83901C9F8E3
:1020B0003501C9F83101C9F82D01C9F82901C9F85C
:1020C0002501C9F82101C9F81D0199F83D01012830
:1020D000E7D10020C9F85A01C9F85601C9F85201E0
:1020E000C9F84E01C9F84A01C9F84601C9F84201C8
:1020F000C9F83E01D9F85430002B46D0D9E9120B6B
:10210000D9F85020111A38BF1146421AB3EB020A0F
:1021100038BF4FF0000A9A420192029328BFC818B4
:10212000884219D0441A0BEB41154FF0000805EB1B
:10213000481008F1010850F8081F51E8002F531EFD
:10214000C1E8E63F002EF8D1012A04BFBFF35F8F3C
:1021500000F0ABFEA045EAD1DDE90110814214D2C6
:1021600000240BEB4410013450F8081F51E8002FF5
:10217000531EC1E8E63F002EF8D1012A04BFBFF389
:102180005F8F00F092FE5445EBD1D9F8480000284B
:102190001CBFD9F84C00F4F76BFED9E937545CB199
:1021A00005F12C0656F8040C00281CBF3068F4F723
:1021B0005FFE3836013CF5D1D9F8D80000281CBFA5
:1021C0002846F4F755FE09F1E40000F0E9F8D9F8E3
:1021D000F80040B1D9F8FC0003B0BDE8000FBDE83D
:1021E000F040F4F745BE03B0BDE8000FF0BDF0B518
:1021F00003AF2DE9000BD0E901498046B9F1000F8A
:1022000014D0002554F8351004EBC500013551E811
:10221000002F531EC1E8E63F002EF8D1012A04BF6B
:10222000BFF35F8F00F041FE4D45EBD1D8F80000C1
:1022300030B12046BDE8000BBDE8F040F4F718BE11
:10224000BDE8000BF0BDF0B503AF2DE9000B8046F3
:102250004568C068A84217D0401B00244FEAD00947
:1022600055F8341005EBC400013451E8002F531E1B
:10227000C1E8E63F002EF8D1012A04BFBFF35F8F0B
:1022800000F013FE4C45EBD1D8F8080038B1D8F86F
:102290000000BDE8000BBDE8F040F4F7E9BDBDE883
:1022A000000BF0BDF0B503AF2DE9000F83B0056959
:1022B0008246002D42D0DAF80800411958D2DAF8E7
:1022C0000090D9E900210291D9F808100B18991A49
:1022D00038BF1946531AAB4228BF4A19A2EB01086E
:1022E000EC1A4044CAF8080001934FF0000038BFD0
:1022F00004468A420FD0029800EB8100A0F1040B43
:102300005BF8046F3046FFF759FE3046F4F7B0FD36
:10231000B8F10108F4D10020CAF810000198A842D1
:102320000ED20298051F55F8046F3046FFF746FE9F
:102330003046F4F79DFD013CF5D101E0DAF800905C
:10234000D9F80C60DAF80C50DAF80480002E05EBAE
:10235000060418BF002D12D1CCB1AE421AD2D9F862
:102360000810D9F800004144081A38BF08460FE0A9
:1023700042F628030A46C0F2080303F07DFF4846F0
:10238000414632462B4600F086F8002CE5D100206D
:10239000C9F80800C9F80C4003B0BDE8000FF0BD53
:1023A000F0B503AF2DE9000F81B0C4688046D0F8C6
:1023B00000B0ACB3D8E9011058450091594638BF78
:1023C0000021421AABEB020A5B46B4EB0A0638BFA7
:1023D0000026A24528BF1319934213D000019D1A6D
:1023E000A0EB01100099084400F1040959F8040C0D
:1023F00000281CBFD9F80000F4F73AFD09F11009D4
:10240000013DF3D1A2450BD20098041D54F8040CF1
:1024100000281CBF2068F4F72BFD1034013EF5D1D5
:10242000BBF1000F08D0D8F8040001B0BDE8000FE0
:10243000BDE8F040F4F71CBD01B0BDE8000FF0BDF1
:10244000B0B502AF86B00446501821D2D4E90012CC
:102450000425D7F808C0B0EB410FCDE9003C98BF88
:102460004800BCF1010F08BF0825A84288BF0546F7
:1024700003A82B4600F0BBFC039801281FBF04985B
:10248000C4E9005006B0B0BDDDE9040103F024FC4E
:10249000002003F021FCF0B503AF2DE9000F81B05F
:1024A0009A420ED286681346D0F800B03144B1EBA0
:1024B0000B0538BF0D46B54213D101B0BDE8000F82
:1024C000F0BD86681144D0F800B0B4183144B4EBC4
:1024D0000B0538BF2546B1EB0B0638BF0E46B5429B
:1024E000EBD0D0F80490A91BABEB0508ABEB060AC8
:1024F0001BEB010038BF0846534521D9984238D21A
:10250000434558D9AAEB0804A3EB0A0109EB840060
:102510008A00494604F080FEABEB0400A20009EB00
:102520008001484604F078FE09EB850009EB86013E
:102530004FEA880204F070FE01B0BDE8000FF0BD64
:1025400043452DD998424BD209EB8606A3EB0800F0
:1025500006EB88018200484604F05EFE09EB850028
:102560004FEA8802314604F057FE01B0BDE8000F83
:10257000F0BD09EB850509EB86011C464FEA8A028E
:102580002846434542D904F047FE05EB8A00A8EBF4
:102590000A054946AA0004F03FFE09EB85012BE03D
:1025A00009EB850009EB86019A0004F035FE01B0C5
:1025B000BDE8000FF0BD09EB8505A3EB0A0105EBB3
:1025C0008A008A00494604F027FE09EB86014FEA9B
:1025D0008A02284604F020FE01B0BDE8000FF0BDDD
:1025E00009EB850009EB86054FEA88021C4629465F
:1025F00004F012FE05EB8801A4EB080082004846B7
:1026000004F00AFE01B0BDE8000FF0BD04F004FEC6
:10261000A4EB0A0105EB8A008A00494604F0FCFDA0
:1026200001B0BDE8000FF0BD80B56F4610BF10BF10
:1026300010BF10BFFAE7F0B503AF2DE9000F87B068
:102640008146006980187DD29246002A039070D09E
:10265000D9F80C808B460FE0051B5946AA4538BFB8
:10266000554670682A46204404F082FD2819B0605F
:10267000AB44BAEB050A5CD0B8F1000F0DD099E875
:1026800007004244013A131A38BF1346180101EB00
:1026900003160858B468A042DED8BAF5807F02D885
:1026A0004FF480740CE0BAF5806F02D84FF4806468
:1026B00006E04FF48054BAF5805F88BF4FF4804441
:1026C00001200021CDE9000004A80122234600F0EA
:1026D0008EFB5546544538BF25460498012831D015
:1026E000059E59462A46304604F042FDD9F80000BE
:1026F000804516D0D9E90112424408F10108101AA8
:1027000038BF1046020101EB00108C500021C9F8BF
:102710000C80C0E90165C160AB44BAEB050AABD1DE
:1027200007E0484600F011FBD9F80000D9F80C800A
:10273000E0E70398C9F810004FF0FF3007B0BDE89C
:10274000000FF0BD072007B0BDE8000FF0BDF0B5E9
:1027500003AF2DE9000F81B0C368914600914BB1E2
:1027600002688668B11A38BF3146561AB34204D996
:102770009E1B04E00021002200E0CA1800264368E6
:10278000002003EB061503EB021A03EB011454457A
:1027900003D09B46A846234604E0A346A046AA468B
:1027A000AB421DD081451BD0D3E902218A4223D3FD
:1027B000521AA9EB0006964238BF3246161813D2B9
:1027C0004E4511D803F11004009D5B68284419445C
:1027D00004F0CEFC5B46454630465445D9D1DCE793
:1027E00001B0BDE8000FF0BD42F2D8733146C0F22F
:1027F00008034A4603F040FD42F2E8730846C0F27F
:102800000803114603F038FDF0B503AF2DE90007CA
:1028100086B0CB68154682466BB1D1E9006C8A68F8
:10282000941B38BF14460CEB0414E068002804BF66
:10283000A068A8422BD00869A84208D24FF0FF3008
:102840000621CAE9000106B0BDE80007F0BD012677
:10285000D5BB084631462A4600F059F8A84207D1B0
:10286000CAE90056CAF8085006B0BDE80007F0BD36
:10287000002D4FF0FF304FF00301CAE900011CBFEB
:102880003046F4F7F5FA06B0BDE80007F0BD581E73
:10289000531C9E1B38BF1E46C1E9026010015CF844
:1028A0000030581CC7D00CEB0210D0E90102CAF866
:1028B0000820CAE900300869401B38BF00200861C1
:1028C00006B0BDE80007F0BD03A88946002101223B
:1028D0002B46CDE9006600F08AFA039840B14FF02C
:1028E000FF300721CAE9000106B0BDE80007F0BDCE
:1028F000049EB5F10108304605D03046414604F04B
:1029000078FB06EB0800002101704946A1E7F0B50D
:1029100003AF2DE9000F87B00291002A4FF00001AC
:102920001EBF0646C568002D04D1084607B0BDE8A5
:10293000000FF0BD3068D6E901BC03903069069005
:102940000020CDE900260399131ABCEB010138BF22
:1029500061460BEB011ADAE90286A8EB0604A342F2
:1029600038BF1C462118914240D8A946A51943D228
:10297000454541D8029ACDE904C11044DAF8042053
:102980009119224604F0F4FB06980021CAF80C5075
:10299000001B38BF0846019E4545069030611BD19B
:1029A000049AA9F101050399501C441A38BF044642
:1029B00010015BF80000C6E90245013810F1030F71
:1029C00004D80BEB02104068F4F752FA009AA446C0
:1029D0000599914206D3A8E7009A4D46DDE904C166
:1029E0009142A2D20846002DADD19EE742F60803DF
:1029F000C0F2080303F040FC42F2F8733046C0F224
:102A000008032946424603F037FCF0B503AF2DE931
:102A1000000FA9B041F29C3A8346C2F2020A1E207E
:102A2000CAF80000002428200D46CDE907440BF128
:102A30004201CDE905449046CDE903442A46CDE95B
:102A40000144CAF8000001A8F4F724FC06465A2005
:102A5000CAF8000066BB0DF124090BF162012022C7
:102A6000484604F085FB11AE29462022304604F08A
:102A70007FFB21A80090494601A819ABCDE91F446E
:102A8000CDE91D44B8F1000FCDE91B44CDE919444F
:102A9000CDE92744CDE92544CDE92344CDE92144BE
:102AA0001CBF31464E463246F4F7ECF9064628B1D3
:102AB0000920314629B0BDE8000FF0BD19AD0DF178
:102AC000840920222846494604F0FEFB00B3B8F1F1
:102AD000000FC8460BF101001CBFA8464D46294611
:102AE000202204F045FB0BF122004146202204F095
:102AF0003FFB01208BF821008BF800006420CAF80E
:102B000000004FF0FF30314629B0BDE8000FF0BDA6
:102B10000420314629B0BDE8000FF0BDB0B502AFCA
:102B200086B0D0E90012044608200425CDE9005003
:102B30004800042803A888BF4D002B4600F057F931
:102B4000039801281FBF0498C4E9005006B0B0BD27
:102B5000DDE9040103F0C0F8B0B502AF86B0D0E9FA
:102B6000001204460425CDE900554800042803A8B6
:102B700088BF4D002B4600F03AF9039801281FBF8B
:102B80000498C4E9005006B0B0BDDDE9040103F0CB
:102B9000A3F8B0B502AF86B0D0E900120446102009
:102BA0000425CDE900504800042803A888BF4D0043
:102BB0002B4600F01CF9039801281FBF0498C4E9B4
:102BC000005006B0B0BDDDE9040103F085F8B0B5F2
:102BD00002AF86B0D0E90012044620200823CDE9D8
:102BE000003004254800042803A888BF4D002B4668
:102BF00000F0FDF8039801281FBF0498C4E90050B5
:102C000006B0B0BDDDE9040103F066F8B0B502AF6F
:102C100086B0D0E90012044638200823CDE9003000
:102C200004254800042803A888BF4D002B4600F067
:102C3000DEF8039801281FBF0498C4E9005006B0CD
:102C4000B0BDDDE9040103F047F8B0B502AF86B0CE
:102C5000D0E90012044618200823CDE900300425ED
:102C60004800042803A888BF4D002B4600F0BFF899
:102C7000039801281FBF0498C4E9005006B0B0BDF6
:102C8000DDE9040103F028F8B0B502AF86B0D0E961
:102C9000001204460C200425CDE900504800042809
:102CA00003A888BF4D002B4600F0A1F80398012827
:102CB0001FBF0498C4E9005006B0B0BDDDE90401AF
:102CC00003F00AF8B0B502AF0368C2689A420AD0AE
:102CD000D0E901541444E31A38BF234645F82310C1
:102CE000511CC160B0BD04460D4600F005F82368D4
:102CF0002946E2682046EBE7B0B502AF0446056816
:102D0000FFF72AFFD4E90213E81A814298BFB0BD49
:102D10006A1AD4F800C09B1A9A420AD9ACEB050093
:102D2000984206D361689A0001EB850004F026FA08
:102D3000B0BDACEB02056368920003EB850003EBCA
:102D4000810104F069FAA560B0BDB0B502AF0446D8
:102D50000568FFF71EFFD4E90213E81A814298BF05
:102D6000B0BD6A1AD4F800C09B1A9A420AD9ACEBDB
:102D70000500984206D361681A0101EB051004F0C2
:102D8000FDF9B0BDACEB02056368120103EB051061
:102D900003EB011104F040FAA560B0BDB0B502AF7D
:102DA00004460568FFF713FFD4E90213E81A8142CD
:102DB00098BFB0BD6A1AD4F800C09B1A9A420AD9CB
:102DC000ACEB0500984206D361685A0101EB45104F
:102DD00004F0D4F9B0BDACEB02056368520103EB1B
:102DE000451003EB411104F017FAA560B0BDF0B532
:102DF00003AF2DE9000F81B0D7F80C9004460120F5
:102E00004FF0000AA9FB035604233EBBD7F8088005
:102E1000C8F10046B54221D8AA4679B150460D46C0
:102E20009346F4F71FF888B109FB05F259460646A8
:102E300004F09EF95846F4F71BF80CE055B102F087
:102E400003FF5046F4F70EF8064620B90120C4F8F7
:102E5000048002E0464666600020082344F803A090
:102E6000206001B0BDE8000FF0BDD0B502AF04682E
:102E700004F10800FFF794FA04F12000FFF790FA3C
:102E8000601C11D0201D50E8001F4A1EC0E8E32F2F
:102E9000002BF8D1012918BFD0BDBFF35F8F2046AA
:102EA000BDE8D040F3F7E4BFD0BD80B56F46014622
:102EB0000068421C13D0D1F804C000F1040E5EE893
:102EC000003F591ECEE8E21F002AF8D1012B18BF9F
:102ED00080BD0CF10B01BFF35F8F042900D280BDD0
:102EE000BDE88040F3F7C4BF002B1FBF4FF0FF3198
:102EF0000322C0E900127047F0B503AF2DE9000FBF
:102F000085B0D7F80C8082460120164608F11105DD
:102F1000CDE9000002A88946002101222B464FF08E
:102F2000000BFFF764FF0298012808D14FF0FF3033
:102F30000721CAE9000105B0BDE8000FF0BD039C00
:102F400030BAB8F1000FC4F80D004FEA0860C4F8B9
:102F5000010049F02000C4F809B0C4F805B02070A1
:102F600005D0B96804F11100424604F001F9CAE93C
:102F70000054CAF8085005B0BDE8000FF0BDF0B528
:102F800003AF2DE9000F4AF6CC04C2F2010404F1AC
:102F9000100CDCE8CF6F26B90126CCE8456FA5B14F
:102FA00003E0BFF32F8F00E010BF267C002E1EBF72
:102FB00010BF267C002EECD010BF267C002E1EBF3A
:102FC00010BF267C002EE4D0EEE7E5684FF0000944
:102FD000002D53D0D4F80880A5EB850400254FEAD6
:102FE000C40908EB050EDEF808608E4201BFDEE979
:102FF00000A686EA030B8AEA020656EA0B064DD0C3
:1030000009EB050616F118042ED0DEF820408C429C
:1030100001BFDEE906A484EA030B8AEA020454EA4B
:103020000B0433D016F130041ED0DEF838408C4249
:1030300001BFDEE90CA484EA030B8AEA020454EA25
:103040000B0426D016F148040ED0DEF850408C4216
:1030500001BFDEE912465E40544054EA06041BD02C
:10306000603519EB0506BCD100214FF00009C0E91D
:103070000019CCE88F9FBDE8000FF0BD0021C0E92A
:103080000019CCE88F9FBDE8000FF0BD0EF1180EBF
:1030900004E00EF1300E01E00EF1480E9EE87C01D6
:1030A00000F108014FF0000981E87C010121C0E92D
:1030B0000019CCE88F9FBDE8000FF0BDF0B503AF5D
:1030C0002DE9000FADF50B7D01F5E47BDBE8CF3F8B
:1030D00023B90123CBE8463FC6B103E0BFF32F8FEE
:1030E00000E010BF9BF80030002B1EBF10BF9BF804
:1030F0000030002BEAD010BF9BF80030002B1EBF21
:1031000010BF9BF80030002BE0D0EAE791F8C43103
:10311000022B04BFD1F8C030012B08D00021016080
:10312000CBE88F1F0DF50B7DBDE8000FF0BDB1F8AA
:10313000C8800026D1F8C4E0D1E94134D1F814C1E7
:10314000CBE88F6FDBE8CF6F26B90126CBE8456F60
:10315000C5B103E0BFF32F8F00E010BF9BF8006004
:10316000002E1EBF10BF9BF80060002EEAD010BFDB
:103170009BF80060002E1EBF10BF9BF80060002E61
:10318000E0D0EAE74E6C9E4261D20025CDE9038E85
:10319000CDE901420791CDE905C0CBE88F5F02F090
:1031A00053FD4420F3F75EFE002800F0988180462E
:1031B0000420C8E902500DF5D679C8E9085073AE6D
:1031C00007980121C8E900113146C8E9045590F873
:1031D000D0A14846C8F8185088F81C50C8E90A55CC
:1031E000C8F8305088F83450C8E90E55A8F8405057
:1031F000CDF86881CDE97155CDE96F55CDE96D55B3
:10320000CDE96B55CDE97955CDE97755CDE97555C2
:10321000CDE97355F3F74CFF18B358E8001F4A1E69
:10322000C8E8E32F002BF8D1012907D15AA9044699
:10323000BFF35F8F0846FFF718FE20460699092264
:10324000C1E900200DF50B7DBDE8000FF0BD0621A2
:1032500001600020CBE88F0F0DF50B7DBDE8000F5E
:10326000F0BD0020CDF800A0CDE989000DF5B67ABB
:10327000CDE98700CDE98500CDE983007BA82ECE7E
:103280002EC096E82E002EC00AF12000B9E82E00CC
:103290002EC099E82E000DF120092EC009F103007F
:1032A000602103F0A6FEBAE86E0031A86EC0BAE84D
:1032B0006E006EC09AE87E007EC07BAC21A86ECC0A
:1032C0006EC06ECCA4466EC09CE87E007EC041A855
:1032D0004946632203F052FF02F0B6FC4FF4EC7053
:1032E000F3F7C0FD002800F0FE804FF0000A4FF019
:1032F0000109C0F8588008244FF004080546C0E9C9
:1033000008AA41A9C0E904AA632280F85C90C0E938
:103310000EA8C0E910AAC0E912A4C0E914AAC0F816
:1033200030A0C0E900AA5D307E6903F021FF039858
:1033300031A9A5F8C80040220498A5F8D4603E69D8
:10334000C5E930900920C5F81F014FF49670C5E912
:10335000440A05F59F70C5E93396C5E936A4C5E969
:1033600038AAC5E93A8AC5E93CAA85F83DA1C5F85D
:1033700023A185F81CA1C5F818A1C5E93EA9C5E996
:1033800040AAC5E942AA03F0F3FE05F5BF7021A9E2
:10339000402203F0EDFE009805F5E47885F8D001B1
:1033A000032085F8D1A185F8C8A1A5F8C401C5F806
:1033B000C091A5F8BEA1D8E8CF0F0028059840F02D
:1033C000B680C8E8419F002940F093807A690028C0
:1033D000D7E90214C5E92E144FF00001A5F8BE216B
:1033E000C5F81861C8E88F1F51D093B229463246FC
:1033F000F4F798FA00285BD0D8E8CF1FB24600292E
:1034000040F0E7800121C8E8421FDDF808E0002A0B
:10341000DDE906C240F0BB80C5F814010020C8E811
:103420008F0F4AF6CC08C2F2010808F11009D9E85A
:10343000CF0F002840F0F3800120C9E8460F002E8E
:1034400040F0CB80D8F80C60D8F8040086423DD01C
:10345000D8F8080006EB4601BB6840F8313000EBB5
:10346000C10079698182C0E9014EC0E9035A701C2C
:10347000C8F80C000020C9E88F0FDBE8CF0F002848
:1034800040F0DA800120CBE8410F002952E02846C5
:10349000FEF794FD2846F3F7EBFC06986FF06A01FF
:1034A0000922C0E900210DF50B7DBDE8000FF0BD3C
:1034B0002846FEF783FD2846F3F7DAFC0698072135
:1034C00001600DF50B7DBDE8000FF0BD08F10400B3
:1034D000FFF7BBFBDDF808E0DDE906C2B8E7042032
:1034E000442102F0F2FB08204FF4EC7102F0EDFBF6
:1034F00010BF98F8000000281EBF10BF98F8000009
:10350000002809D010BF98F8000000281EBF10BF87
:1035100098F800000028EBD1D8E8CF0F38B9012087
:10352000C8E8410F059800293FF450AFE1E7BFF329
:103530002F8FDEE7019C40F08D80936B506C98429A
:103540001BD0D2E90F1606440130F31A38BF3346B8
:103550005064002041F82350CBE88F0F24B120465F
:10356000F3F78AFCDDF818C04FF0FF30CCE9000516
:103570000DF50B7DBDE8000FF0BD02F13800FFF73F
:10358000BBFBDDE906C2936B506CDAE710BF98F81D
:10359000001000291EBF10BF98F80010002909D0A4
:1035A00010BF98F8001000291EBF10BF98F8001037
:1035B0000029EBD1D8E8CF1F59B90121FC68C8E830
:1035C000421FDDF808E0002ADDE906C23FF424AF1F
:1035D000DDE7BFF32F8FDAE710BF98F8100000285F
:1035E0001EBF10BF98F81000002809D010BF98F82F
:1035F000100000281EBF10BF98F810000028EBD163
:10360000D9E8CF0F58B90120FC68C9E8410FDDE9BE
:1036100006C2DDF808E000293FF414AFDDE7BFF390
:103620002F8FDAE7DBE8CF0F30B90120CBE8410F6D
:10363000DDE906C200297DE7BFF32F8F0AE010BF46
:103640009BF8000000281EBF10BF9BF80000002858
:10365000E8D010BF9BF8000000281EBF10BF9BF8E9
:1036600000000028DED0EAE7F0B503AF2DE9000F37
:1036700081B0D7F808A00446994690460E464FF40C
:103680009870214652460023F3F7FAFB04F5E470E4
:10369000D0E8CF1F21B90121C0E8421FA2B103E049
:1036A000BFF32F8F00E010BF017800291EBF10BFAD
:1036B00001780029ECD010BF017800291EBF10BF8F
:1036C00001780029E4D0EEE7D4F814510021D4F8B1
:1036D000B830C0E88F1F40F2311021462A46F3F778
:1036E000CFFBBAF1110F01D203265FE04FF49970BE
:1036F00021462A465346F3F7C3FB85B1284649467F
:1037000052460023F4F714F905460926002843D44D
:1037100055456FF0040508BF4FF0FF363CE006F159
:10372000080BB8F1000F584618BF06F1200000F151
:103730001405D5E8CF1F21B90121C5E8421FA2B168
:1037400003E0BFF32F8F00E010BF297800291EBFD0
:1037500010BF29780029ECD010BF297800291EBF9E
:1037600010BF29780029E4D0EEE749465246FEF71B
:1037700062FF06460020C5E88F0F701C0CD1342074
:10378000B8F1000F18BF30205844D0E8AF0F08B18F
:10379000F3F774FB4FF0FF36701C2146B0FA80F04F
:1037A0005346420940F23310F3F76AFB304629468C
:1037B00001B0BDE8000FF0BDF0B503AF2DE9000F7B
:1037C00085B0CB68804600208DF81000CDE902005E
:1037D000CDE900004BB10A688E68B01A38BF304698
:1037E000161AB34203D99E1B03E0002200E0C21860
:1037F00000264B68E94603EB001403EB061103EBCC
:10380000021A0020544503D09B460E46234604E08E
:10381000A34626468A468B421BD011281BD0D3E9EB
:1038200002218A4257D3521AC0F11105954238BF7E
:103830002A461518112D46D803F110045B68484438
:10384000194403F095FC5B46314628465445DBD1CC
:10385000DEE711281AD19DF8001001F03000202871
:103860000AD101F00F00421E092A05D2DDF801201D
:1038700012BAB2F1806F0BD90320C8F80000002003
:1038800088F81D0005B0BDE8000FF0BD0620F4E784
:10389000DDF805608909DDF809500023DDF80D40E9
:1038A00036BA2DBAC8E9006324BAC8E90253C8E998
:1038B0000443C8F8182088F81C1088F81D0005B0CB
:1038C000BDE8000FF0BD42F2D8732946C0F20803EC
:1038D000112202F0D1FC42F2E8730846C0F208035C
:1038E000114602F0C9FCF0B503AF2DE9000FADF5AC
:1038F000FE7D00F5E479D9E8CF1F21B90121C9E89F
:10390000421FC2B103E0BFF32F8F00E010BF99F850
:10391000001000291EBF10BF99F800100029EAD03E
:1039200010BF99F8001000291EBF10BF99F80010B1
:103930000029E0D0EAE790F8C4110022C9E88F2FEF
:10394000032940F0A08100F2D1114FF00108D1E825
:10395000CF2F002A40F08781C1E8428F002AF6D19C
:10396000B8F1000F18BF804600F08781D9E8CF1F5B
:1039700021B90121C9E8421FC2B103E0BFF32F8F73
:1039800000E010BF99F8001000291EBF10BF99F881
:1039900000100029EAD010BF99F8001000291EBFBE
:1039A00010BF99F800100029E0D0EAE790F8C411A0
:1039B0000339012903D890F85C1002290CD10020AA
:1039C00008F2D111C9E88F0FC1E88F0F29460DF514
:1039D000FE7DBDE8000FF0BD816D51E8002F531C46
:1039E00041E80036002EF8D1B2F1FF3F40F3538199
:1039F00090F85C500021D0F858A0C9E88F1F202112
:103A0000CDF820A0002D18BF08210AEB010452AE0A
:103A1000014630462246079100F056FCDDF868B1B9
:103A20001BF1020002D1DDE95205E5E01BF10100C6
:103A30005BD006949DF86521DDE95B43022A00F026
:103A4000A280012A40F0CD80402B40F0CE8030464D
:103A500021464022059503F08BFB41F29C31142056
:103A6000C2F20201B446086009A9BCE86D006DC14C
:103A7000BCE86D006DC120469CE87C40BBF1000FA6
:103A800081E87C4018BFF3F7F3F9DDE9062152A87D
:103A900000F01AFCDDF868B152AE059D1BF1020082
:103AA000C1D01BF1010000F0C3809DF86521DDE964
:103AB0005B43012A40F09080402B40F0968052AD4D
:103AC00021464022284603F053FB41F29C3014214A
:103AD000C2F20200AC4601602046BCE87C0009A9A5
:103AE0007CC1BCE87C007CC1C6E7DDF81CE001229B
:103AF000D9E8CF0F002840F0E9810120C9E8410F43
:103B0000002940F0C4814AB9079901228EF8C10109
:103B1000FB200023F3F7B4F9DDF81CE09EF81C014C
:103B200098B19EF83D21012A04BF9EF8C1010128E9
:103B30000CD19EF8C40104280ED0042071468EF8E2
:103B4000C401FC200122002304E000229EF8C131C0
:103B50007146FA20F3F794F90020C9E88F0F5AE86C
:103B6000000F411ECAE8E21F002AF8D1012804D143
:103B700008A8BFF35F8FFFF778F908F2D110002192
:103B8000C0E88F1F7FE000207BBB0490069800F107
:103B90001402D2E8CF0F039400287DD101201446EF
:103BA000C2E8410F00297ED10698002307990269D7
:103BB000FD20F3F765F90020BBF1000FC4E88F0F7B
:103BC0001CBF0398F3F754F9DDF81CE000220498B9
:103BD00000283FF48DAF2EE0022A02D1012023B944
:103BE000D3E70799CE20F3F74BF9BBF1000F02D0D2
:103BF0002046F3F73DF903205AE8001F4A1ECAE8A1
:103C0000E32F002BF8D1012907D108A90446BFF3FF
:103C10005F8F0846FFF729F9204608F2D1110022EC
:103C2000C1E88F2F29460DF5FE7DBDE8000FF0BDE0
:103C30000122DDF81CE00DF1240C0392059519A971
:103C4000BCE83D00B3463DC1BCE83D003DC19CE839
:103C50007D007DC1D9E8CF0F002840F0FF80012012
:103C6000C9E8410F3EE04FF00008BFF32F8FB8F1D5
:103C7000000F18BF80467FF479AE0146D1200122A3
:103C80000023F3F7FDF84FF0FF3029460DF5FE7DD8
:103C9000BDE8000FF0BDFEDEBFF32F8F144602E03B
:103CA0000C46BFF32F8F2078214600281EBF10BF7F
:103CB000087800280AD010BF087800281EBF10BF5F
:103CC0000878002802D010BF0878EEE7D1E8CF0FBF
:103CD0000028E5D101200C46C4E8410F00293FF43B
:103CE00063AFE0E700295D4640F0C6809EF8C00162
:103CF0000EF5AF71069005F142002022744603F0E4
:103D000037FA05F1620004F5BF71402203F030FA82
:103D100004F58E7104912846AB466CC96CC06CC921
:103D20006CC02122097801700BF1210004F23D11D1
:103D300003F01EFA29AE0020C9E88F0F594630461D
:103D4000A22203F01BFA069A19A93046FEF75DFE7F
:103D50000D46411C7FF450AF049AD9E8CF0F28B923
:103D60000120C9E8410F1046C1B103E0BFF32F8F16
:103D700000E010BF99F8000000281EBF10BF99F89E
:103D800000000028E9D010BF99F8000000281EBFED
:103D900010BF99F800000028DFD0EAE729A9A22285
:103DA00003F0ECF90020C9E88F0FD9E8CF0F28B94C
:103DB0000120C9E8410F0798C1B103E0BFF32F8F7D
:103DC00000E010BF99F8000000281EBF10BF99F84E
:103DD00000000028E9D010BF99F8000000281EBF9D
:103DE00010BF99F800000028DFD0EAE7D0E92E23C1
:103DF00000200121C9E88F0FCDE900107CA8022125
:103E0000FFF772F8DDE97C647E9D701C12D0079884
:103E10005146059A23460095FFF726FC0D46411CA6
:103E20000AD0002E3FF4E8AE06462046F3F720F80D
:103E30003046E1E62046DFE6002E1CBF2046F3F7C1
:103E400017F8DDF81CE0039A52E6D9E8CF0F28B93D
:103E50000120C9E8410FDDF81CE043E7BFF32F8FD5
:103E60000AE010BF99F8000000281EBF10BF99F8A3
:103E700000000028E9D010BF99F8000000281EBFFC
:103E800010BF99F800000028DFD0EAE710BF99F8CA
:103E9000000000281EBF10BF99F80000002809D0BC
:103EA00010BF99F8000000281EBF10BF99F800004D
:103EB0000028EBD1D9E8CF0F40B90120C9E8410F64
:103EC000DDF81CE000293FF41EAEE0E7BFF32F8FC2
:103ED000DDE7F0B503AF2DE9000FB9B0D2E900CEB0
:103EE00001F5E47592F81D80D5E8CF3F002B40F036
:103EF00091810123C5E8463F002E40F09A81D1E927
:103F00001E36D2E90094664083EA090333435AD14E
:103F1000D1E91A36D2E908A4664083EA0A0333439A
:103F200051D10DF1300B01F5AF73CDE909400BF123
:103F30004200CDE9058E88460B9219462022CDF825
:103F40001CC003F015F90BF1620008F5BF714022A7
:103F500003F00EF908F58E7059465CC85CC15CC868
:103F60005CC12122007808700BF1210008F23D119C
:103F7000CDF8208003F0FCF80B9A0020C5E88F0FE5
:103F800099FA89F047F8280CA84690689369116956
:103F900000BA47F8240C18BA09BA47F82C0C107F5D
:103FA00047F8201C517F156B41EA801040F020003B
:103FB000082D07F82D0CC0F00E81A5F1080010287F
:103FC0000FD204202FE0032101600020C5E88F0FED
:103FD000906A10B1D06AF2F74BFF39B0BDE8000F1C
:103FE000F0BD9DF8511001291CD1D16AA7F12D0215
:103FF000099B01F108061121CDE902600BF12200B5
:10400000CDE900215246F3F747FC80B1A5F1180134
:104010000446304602F0EDFFDDE90A120920C1E94D
:104020000004D5E700200A99C1E90004D0E70B9A03
:10403000A5F11000C1461063D8E8CF0F002840F06A
:10404000F1800120C9E8410FDDF828C0DDF820E04B
:10405000002940F01281DEE91E54D2E9006044409C
:104060007540254332D1DEE91A31D2E9084569406D
:10407000634019432AD104EA0501013100F0C280EE
:10408000631C9EF8C28145F100044FF0FF31CEE978
:104090001A3486EA01034140194300F0B68000213A
:1040A0000123CEE908310799CEF828100699CEF8F9
:1040B0002C10711C40F10000166BCEE91E10082E6A
:1040C000D2E90A500CD203267DBB34E00320CCF8A1
:1040D000000006208EF8C4010020C9E88F0F77E7A2
:1040E000B6F108021ED0DEF8F410521880F0958068
:1040F000CEF8F420DEF8E430DEF8F0209A4273D0F7
:10410000DEE93A1414440132E31A38BF23461C0195
:104110000D5101EB0311CEF8F0200822C1E9010690
:10412000CA601FE04FF0FF362DB1F2F7A1FEDDF8B7
:1041300020E0DDF828C0701C14D0072E09D1DEF86D
:10414000F43042F22C30079A7146F2F799FEDDF80E
:1041500028C00020CCF80060C9E88F0F39B0BDE856
:10416000000FF0BD9EF8D001FE2805D1079A0598F2
:10417000042809D1012005E0DEF8F400002818BF6A
:104180000120079A8EF8C20100200024B8F1000F28
:1041900008BF9EF8C241C9E88F0F0598069B0438F6
:1041A000B0FA80F040090090704600F0DCFA421C42
:1041B00006D00A9AC2E9000139B0BDE8000FF0BD8F
:1041C0000A994FF0FF30086004F00100087139B01F
:1041D000BDE8000FF0BD42F618030820C0F2080346
:1041E00029462A4602F048F80EF1E4010446084642
:1041F000FEF7ABFDDDF820E02046DEF8E430DEF827
:10420000F0207DE70020042101E000200321CCE91B
:10421000001061E7BFF32F8F0BE00726002D7FF41E
:1042200084AF88E7BFF32F8F27E0A6463546BFF35C
:104230002F8F2B7874462E46002B1EBF10BF33786D
:10424000002B0AD010BF3378002B1EBF10BF33786D
:10425000002B02D010BF3378EEE7D6E8CF3F002B1B
:10426000E3D101233546C5E8463FA646002E3FF47C
:1042700046AEDEE7C146BFF32F8F99F80000002855
:104280001EBF10BF98F8000000280DD010BF98F88E
:10429000000000281EBF10BF98F80000002803D0BF
:1042A00010BF98F80000EAE7D8E8CF0F0028E1D166
:1042B0000120C146C8E8410FDDF820E0DDE90AC26F
:1042C00000293FF4C8AED8E7F0B503AF2DE9000FE1
:1042D00097B0164603904FF4AF7000220023884633
:1042E0000024F2F7CDFDB44614364FF001094FF02B
:1042F000010BCDF81080CDF834C011E0DDF810804E
:104300000CF11406DDF830B000244FF001090BF178
:10431000010B40F201408345C6E88F4F00F0148145
:10432000D6E8CF0F002840F0B380C6E8409F0028B1
:1043300040F0B980DCF810001128C0F000810EA810
:104340006146FFF739FA9DF855A0BAF1000F5CD02D
:10435000149D15F1120F00F2C8810D9905F111009D
:1043600009698142C0F0EB8013984146089052469B
:1043700012982B4607900E980C900F980B9010985F
:104380000A9011980990BDF8560005909DF85400C8
:104390000690CB20C6E88F4FF2F772FDD6E8CF0F1C
:1043A000002878D1C6E8409F0D99002840F0A480ED
:1043B0000EA8FFF701FA9DF85520DDE90E01002A4D
:1043C00000F0E880DDF834C05245A0D1149AAA422A
:1043D00001BF0C9A50400B9A514008BF50EA0100AF
:1043E00095D1DDE910010A9A5040099A51400843DD
:1043F00001BFDDE91201079A5040089A04BF5140FD
:1044000050EA01007FF483AFD9E00E98032840F012
:10441000BB80DDF834C0CDF830B0DCF80C40002CA7
:104420003FF46CAFDCE90096DCF80800DCF81050D3
:10443000B0EB090138BF014606EB0111D1E902B822
:10444000BBEB080218BF0122AD1A08EB0203CB60D8
:104450005B45CCF8105015D1411C013CB1EB090A69
:1044600038BF8A46CCE902A401017158013911F123
:10447000030F06D806EB00104068F2F7F9FCDDF8F0
:1044800034C05046C3457FF439AF002CD0D135E756
:10449000BFF32F8F07E0BFF32F8F2DE0BFF32F8FD8
:1044A0000D9800F114060024307800281EBF10BFBC
:1044B0003078002809D010BF307800281EBF10BF08
:1044C0003078002801D010BFEEE7D6E8CF0F0028E3
:1044D000E4D1DDF834C04FF001090CF11406C6E850
:1044E000409FDDF8108000283FF424AFDBE7BFF3E6
:1044F0002F8F0D9800F114060024307800281EBF7D
:1045000010BF3078002809D010BF307800281EBFB7
:1045100010BF3078002801D010BFEEE7D6E8CF0FEB
:104520000028E4D10D994FF0010901F11406C6E805
:10453000409FDDF8108000283FF43AAFDCE7039994
:104540004FF0FF30086233E0D6E8CF0F002840F08C
:10455000D3800120C6E8410F039C002940F0D4809D
:10456000DCF81030D020414640F20142F2F788FCDE
:104570000020C6E88F0F6FF001002062032020604A
:1045800017B0BDE8000FF0BD06280AD1039A4FF01E
:10459000FF300CE0039B6FF001021A62C3E90001D7
:1045A00006E00F99039AC2E900016FF00100106262
:1045B0000020C6E88F0F17B0BDE8000FF0BDDCF893
:1045C0000C00039C002848D00146DCE900E8DCF838
:1045D00008004FF01109DCF810B00C46CDF804E0EB
:1045E00007E04046A046029CB9EB060918BF002C24
:1045F0002DD0B0EB0E0138BF014608EB0111D1E917
:104600000223D61AB14538BF4E46ABEB060B3344F6
:10461000CB609342CCF810B0E6D1621E411C4446F8
:10462000B1EB0E0838BF8846CCE902820101029244
:104630006158013911F1030FD3D804EB0010406821
:10464000F2F716FCDDF804E0DDF834C0C9E7039C9E
:104650000CF11406B9F1000F05D06FF001002062D3
:1046600003202060A4E74FF000085DB10EA861466A
:104670002A46FEF7C9F80E98DDF84090411C22D07A
:104680000F9903E0012100204FF00009C6E88F8F49
:1046900004F1200282E803020598E083069820775F
:1046A0000C9820600B9860600A98A0600998E06000
:1046B00007982061089884F81DA0C4E9050517B083
:1046C000BDE8000FF0BDDDF83C80B8F1070F06D162
:1046D000049942F22A302A465346F2F7D1FB6FF092
:1046E0000100C4E90089206262E703996FF00100CC
:1046F0000862032008605BE7BFF32F8F04E0BFF37D
:104700002F8F0D9800F11406307800281FBF10BFBE
:104710000D981430007818BF002811D010BF0D98E4
:104720001430007800281FBF10BF0D981430007897
:1047300018BF002804D010BF0D9814300078E4E7AB
:104740000D981430D0E8CF0F0028D8D1DDF834C050
:1047500001200CF11406C6E8410FDDE903480029E9
:104760003FF4FEAED0E7F0B503AF2DE9000F83B004
:1047700000F5E4769A4690460446D6E8CF0F20B975
:104780000120C6E8410FA1B103E0BFF32F8F00E085
:1047900010BF307800281EBF10BF30780028ECD042
:1047A00010BF307800281EBF10BF30780028E4D03A
:1047B000EEE7D4F814010021C6E88F1FB0B1F3F77B
:1047C000A9F898B935E0BFF32F8F00E010BF30781B
:1047D00000281EBF10BF3078002807D010BF3078E7
:1047E00000281EBF10BF30780028EFD1D6E8CF0FC9
:1047F0000028E8D10120C6E8410F0029E7D120694F
:10480000C00706D0D4E90601B0EB080071EB0A003E
:104810000CD294F8C501B9680130FF2828BFFF20E9
:1048200084F8C50141B9C0B2072805D80020C6E800
:104830008F0F4FF0FF3020E00021012004F1100223
:1048400084F8C51182E80305C6E88F1FD6E8CF1F9C
:10485000002940F0AF80C6E8410F002940F0B68043
:1048600094F8C40100F00600042803D194F85C0019
:10487000022807D10020C6E88F0F314603B0BDE8FB
:10488000000FF0BDA06D50E8001F4A1C40E8002357
:10489000002BF8D1B1F1FF3F40F3818094F85C9098
:1048A0000020A56DC6E88F0F0295D6E8CF0F20B97E
:1048B0000120C6E8410FA1B103E0BFF32F8F00E054
:1048C00010BF307800281EBF10BF30780028ECD011
:1048D00010BF307800281EBF10BF30780028E4D009
:1048E000EEE7D4E92EB0002150EA0A00C6E88F1F97
:1048F00027D101F0A9F911201126F2F7B3FA18B364
:1049000082460020CAF805002946CAF80100252081
:104910008AF800009BFA8BF0CAF80D0098FA88F02C
:10492000CAF8090020464A4653460096FEF79CFE08
:104930000E46411C20D004465046F2F799FA204614
:1049400003E00320112600E0072055E8001F4A1E5F
:10495000C5E8E32F002BF8D101297FF48EAF02A91F
:104960000446BFF35F8F0846FEF77FFA20463146C4
:1049700003B0BDE8000FF0BD5046F2F779FA55E8F4
:10498000000F411EC5E8E21F002AF8D101287FF47C
:1049900050AF02A8BFF35F8FFEF767FA49E7FEDE6C
:1049A000D6E8CF0F30B90120C6E8410F00293FF407
:1049B00057AF0BE0BFF32F8F08E010BF307800280F
:1049C0001EBF10BF30780028EAD010BF3078002812
:1049D0001EBF10BF30780028E2D0EEE7B0B502AFBE
:1049E0000546002D6FF015001CBF0C46002900D1B4
:1049F000B0BD4FF4A670294600220023F2F740FA1A
:104A000005F5E471D1E8CF0F20B90120C1E8420FCC
:104A1000A2B103E0BFF32F8F00E010BF0878002899
:104A20001EBF10BF08780028ECD010BF08780028FF
:104A30001EBF10BF08780028E4D0EEE795F8C40147
:104A4000022814D1686CC0B105F1380301386864DC
:104A50000DCB03F1010CBCEB000038BF604652F8EF
:104A6000232028640020C1E88F0F2260B0BD002001
:104A7000C1E88F0F6FF01500B0BD0020C1E88F0FA7
:104A80006FF00A00B0BD002804BF6FF0150070473A
:104A900080B56F4600F5E47CDCE8CF3F33B90123F5
:104AA000CCE84E3FBEF1000F18D003E0BFF32F8FCC
:104AB00000E010BF9CF80030002B1EBF10BF9CF818
:104AC0000030002BE8D010BF9CF80030002B1EBF38
:104AD00010BF9CF80030002BDED0EAE790F8C4311C
:104AE000BDE880402BB16FF015000021CCE88F1F8E
:104AF00070470123A0F8C82080F8C431C0E93031E4
:104B000000200021CCE88F1F704780B56F4682B02F
:104B100000230093F9F760FB02B080BDF0B503AF4E
:104B20002DE90007CAB0F1B12AAE32AD00248046AB
:104B300089460C6030462946CDE93044CDE92E4403
:104B4000CDE92C44CDE92A44CDE93844CDE93644B9
:104B5000CDE93444CDE93244F2F7AAFA48B14AB07B
:104B6000BDE80007F0BD6FF015004AB0BDE80007D2
:104B7000F0BDCDE948443AA8CDE94644CDE94444E6
:104B8000CDE942441ECD1EC095E81E001EC01AA8E5
:104B900020302ECE2EC096E82E002EC06846033060
:104BA000642102F026FA01F04FF84FF4EC70F2F7AE
:104BB00059F9002859D000250646C0E908550824AF
:104BC000C0E904554FF0040AC0E90055022086F8F8
:104BD0005C0006F15D0069466722C6E90E5AC6E927
:104BE0001055C6E91254C6E91455356302F0C0FAEF
:104BF00009210120C6F81F114FF49671C6E93E50F5
:104C000006F59F70C6E944151AA94022C6F8CC5093
:104C1000C6E93654C6E93855C6E93AA5C6E93C5551
:104C200086F83D51C6F8235186F81C51C6F8185134
:104C3000C6E94055C6E9425502F09AFA06F5BF703A
:104C40003AA9402202F094FA2846C6F8C251C6F8A2
:104C5000BE5186F8D15186F8D08186F8C851C9F87E
:104C600000604AB0BDE80007F0BD08204FF4EC71C9
:104C700001F02BF880B56F4641F29C30C2F2020081
:104C8000006880BD80B56F4641F29C31C2F20201DE
:104C9000086080BD002804BF0020704780B56F46C3
:104CA00000F5E4710FE010BF0A78002A1EBF10BFA4
:104CB0000A78002A07D010BF0A78002A1EBF10BF4A
:104CC0000A78002AEFD1D1E8CF2F5AB90122C1E8E2
:104CD000432F002B01BFD0F814010022C1E88F2F11
:104CE00080BDE1E7BFF32F8FDEE7002804BF6FF040
:104CF0001500704780B56F4600F5E471D1E8CF2FFD
:104D000022B90122C1E8432FA3B103E0BFF32F8FE3
:104D100000E010BF0A78002A1EBF10BF0A78002AE0
:104D2000ECD010BF0A78002A1EBF10BF0A78002AF4
:104D3000E4D0EEE7406C0022C1E88F2F002818BFB6
:104D4000012080BD002804BF6FF015007047D0B56A
:104D500002AF0446FEF7C7FD04F5E4700FE010BF94
:104D6000017800291EBF10BF0178002907D010BFAD
:104D7000017800291EBF10BF01780029EFD1D0E8CB
:104D8000CF1F81B90121C0E8421F002A01BF94F85A
:104D9000C4110022C0E88F2F081F02BFB0FA80F0B4
:104DA0004009D0BDDCE7BFF32F8FD9E7002804BF4F
:104DB0006FF015007047F0B503AF2DE9000F81B01B
:104DC00000F5E47EDEE8CF2F22B90122CEE8432FA2
:104DD000C3B103E0BFF32F8F00E010BF9EF80020A7
:104DE000002A1EBF10BF9EF80020002AEAD010BF84
:104DF0009EF80020002A1EBF10BF9EF80020002A47
:104E0000E0D0EAE790F8C421012A04BFD0F8C0201E
:104E1000012A08D00020CEE88F0F6FF0150001B0F6
:104E2000BDE8000FF0BD0223B0F8C82080F8C431FF
:104E30000123D0F8C4500129D8BF19464AF6CC0640
:104E4000C0F804110021C2F20106CEE88F1F06F15E
:104E50002009D9E8CF1F002963D1C9E8413F0029C3
:104E600040F09580D6E906CA0AEB4A0B0CEB8B069C
:104E70004FEA8B0463464CB319461B68AB4204BF30
:104E80008B88934267D001F10C03B3421ED0CB68EC
:104E9000AB4204BF0B8A93425DD001F11803B342C9
:104EA00014D08B69AB4204BF8B8B934253D001F17A
:104EB0002403B3420AD0D1F82480303C01F13003FE
:104EC000A84504BF098D9142D5D144E04AF6CC06ED
:104ED000C2F2010671698A4513D00CEB8B010AF10D
:104EE00001034CF82B5088608A800146E620F3616C
:104EF000F1F7C6FF0020C9E88F0F01B0BDE8000F31
:104F0000F0BD06F11401044616460846FDF7BCFE46
:104F100032464AF6CC06C2F201062046D6F818C040
:104F2000DBE7BFF32F8F32E0BFF32F8F00E010BF1E
:104F30009EF8001000291EBF10BF9EF80010002927
:104F400009D010BF9EF8001000291EBF10BF9EF8A8
:104F500000100029EBD1DEE8CF1F0029E4D10121A8
:104F6000CEE8421F002AE3D180F8C4110020CEE829
:104F70008F0FC9E88F0F6FF0610001B0BDE8000F1F
:104F8000F0BD4AF6CC06BFF32F8FC2F2010696F8A9
:104F9000201000291FBF10BF4AF6CC01C2F2010148
:104FA00091F8201018BF00291AD04AF6CC0110BF82
:104FB000C2F2010191F8201000291FBF10BF4AF66C
:104FC000CC01C2F2010191F8201018BF002907D0CE
:104FD0004AF6CC0110BFC2F2010191F82010D8E7C7
:104FE000D9E8CF1F0029CCD101214AF6CC06C9E867
:104FF000431FC2F20106002B3FF434AFC7E7F0B500
:1050000003AF2DE9000F97B0002864D005464FF498
:10501000A770294600220023F1F732FF4AF6CC0A96
:10502000C2F2010A0AF11009D9E8CF0F0995002848
:1050300040F0A4840120C9E8410F002940F0808499
:10504000DAF80CB0D220294600235A46F1F718FFAF
:10505000DAF80CE0BEF1000F41D0DAF80800CEF12A
:10506000000C0890042200F15401002051F8483C43
:10507000AB421CBF51F84C3CAB4200F030840CEB0F
:105080000204032C25D051F8303CAB421CBF51F830
:10509000343CAB4225D0022C1BD051F8186C40F0A8
:1050A000020340F00308AE421CBF51F81C6CAE4234
:1050B0001BD0012C0DD00B68AB421CBF51F8043C37
:1050C000AB422BD00432603104300CEB0203042BD2
:1050D000CCD173467CE017B0BDE8000FF0BD0023D3
:1050E00076E040F00103A2F10208F0456ED2AEEB8B
:1050F000080010F003040FD008EB4801089800EBFB
:10510000C106F268AA421CBFB268AA4209D108F1DE
:105110000102012C18D153E0424651E0531E904643
:10512000E3E703EB430208980794013300EBC20264
:1051300096E8331282E833120AF11009079C099DA0
:1051400008F10102012C3BD002EB4200089901EB6F
:10515000C00CDCF80C00A8421CBFDCF80800A84218
:105160000ED003EB430008990794013301EBC00014
:105170009CE8760280E876020AF11009079C099DF6
:1051800008F10202022C1BD002EB4200089901EB4D
:10519000C00CDCF80C10A9421CBFDCF80810A942B6
:1051A0000CD003EB43010898013300EBC1019CE8EC
:1051B000750281E875020AF11009099D08F10302E0
:1051C000A8EB0E0010F1040F40F22281CAF80C3057
:1051D000D32029465A46F1F753FE0AF1200B00204E
:1051E000C9E88F0FDBE8CF0F20B90120CBE8410FD2
:1051F000C1B103E0BFF32F8F00E010BF9AF8200089
:1052000000281EBF10BF9AF820000028EAD010BF67
:105210009AF8200000281EBF10BF9AF8200000282E
:10522000E0D0EAE7DAF81C90E820099900234FF073
:1052300000084A46F1F724FEDAF81CE0BEF1000F40
:105240002CD0DAF818C0CEF10004002304220CF1AF
:10525000200050F8185C099EB54200F07E82A51827
:10526000032D19D050F80C6C09998E4200F077820A
:10527000022D11D0066809998E4200F07482012D2A
:105280000AD0C66809998E4200F073820432303029
:105290000433A618042EDCD1734600E000230999DC
:1052A0004A46E9208946F1F7EBFDCBE88F8F09F5F7
:1052B000E474D4E8CF0F002840F016830120C4E83E
:1052C000410F002940F01A83022199F85CA089F867
:1052D0005C100520D9F8441009F13802D9F858605B
:1052E00089F8C40100200029C9F81401C9F808018F
:1052F000C9F84400CDE90C000E91CDE90A2168D02F
:105300000122D9F840300C924A1E0E928B46D9F8F1
:1053100038209A1A38BF1A46042998BF4FF0040B58
:105320004FEA8B05B0EB917F40F0E2824FF6FC71C3
:10533000C7F6FF718D4200F2DB82D9F83C0050F8CD
:10534000228000F081FC2846F1F78CFD002800F057
:10535000CE82CDE9044A01210696C0F8008008906B
:10536000CDE90FB00AA8119112A990E87C007CC188
:10537000169E002E00F0B980DDF848900025DDF87B
:1053800050804FF0040A0AE0089000EB8500013ECF
:10539000C0F804B005F10200254611902BD008EBAF
:1053A000050099E80E00C4188C4228BF5B1A184407
:1053B0006C1C52F820B00F9884420898E4D10FA8D2
:1053C000214632460423CDF800A0FDF739F81098A5
:1053D000DAE70AA8CDE9044A0696FCF763FF042041
:1053E0000890002007900390D9F85490B9F1000F6D
:1053F00040F08780CCE00020169008EB0400149069
:10540000601C0790DDE90FB00890DDF824906EE095
:1054100002EB42000899AEEB020C01EBC00000F178
:10542000540805E008F16008BCF1040C3FF4CEAE6E
:1054300058F8480CA8421CBF58F84C0CA8420ED093
:1054400003EB43060898A8F1540E013300EBC6069F
:105450009EE8370286E837020AF11009099D58F8DC
:10546000300CA8421CBF58F8340CA8420ED003EBF5
:1054700043000899013301EBC00EA8F13C0191E80B
:1054800075028EE875020AF11009099D58F8180C8A
:10549000A8421CBF58F81C0CA8420ED003EB4300D6
:1054A0000899013301EBC00EA8F1240191E87502BF
:1054B0008EE875020AF11009099DD8F80000A8428B
:1054C0001CBF58F8040CA842ACD003EB4300089969
:1054D000013301EBC00EA8F10C0191E875028EE8D2
:1054E00075020AF11009099D9CE70120079012A896
:1054F000CDF80CB0FCF7D6FED9F85490B9F1000FF6
:1055000046D009990022D1E9120B0B6D4A65191A90
:1055100038BF1946431AB9EB030A38BF92464B45C8
:10552000029328BF01EB0900884219D0441A0BEB03
:1055300041164FF0000806EB481008F1010850F83A
:10554000081F51E8002F531EC1E8E53F002DF8D198
:10555000012A04BFBFF35F8FFDF7A7FCA045EAD186
:105560000298484514D200240BEB4410013450F843
:10557000081F51E8002F531EC1E8E63F002EF8D166
:10558000012A04BFBFF35F8FFDF78FFC5445EBD1B9
:10559000099E0021D6E937043165C6F8E0105CB1F8
:1055A00000F12C0555F8040C00281CBF2868F1F701
:1055B0005FFC3835013CF5D1D6F8F0A0BAF1000F08
:1055C00036D009980026D0E93919C0F8F060D0F833
:1055D000EC000A46884238BF0022831AA1EB030878
:1055E000BAEB080538BF3546D04528BF03EB0A01A2
:1055F00099420FD00001CC1AA0EB02104844061DBE
:1056000056F8040C00281CBF3068F1F731FC103646
:10561000013CF5D1D0450BD209F1040454F8040C37
:1056200000281CBF2068F1F723FC1034013DF5D1A0
:1056300009994FF480704FF0000BA1F8C201049853
:10564000C1F8F4B0C1F8ECB0C0E88FBF07980028EB
:105650003ED0DDF820A04FF001084FF005090AEB1D
:10566000800507E03046FCF7A9FC3046F1F700FC66
:10567000AA452DD05AF8046B06F5E471D1E8CF0F96
:1056800018B9C1E8408FA0B103E0BFF32F8F00E04D
:1056900010BF087800281EBF10BF08780028EDD082
:1056A00010BF087800281EBF10BF08780028E5D07A
:1056B000EEE7D6F8140186F8C4910028C6F808B1C0
:1056C000C6F814B1C1E88FBFCCD0F2F72FF9C9E703
:1056D000039800281CBF0898F1F7CAFB0598099C9D
:1056E000069D02282ED0C00705F108014FF03000BA
:1056F0004FF0000218BF342012950844C0E8AF2FC5
:105700004FF0380018BF39204FF001020844C0E8BC
:105710008F2F4FF0340018BF30200844D0E8AF0F6F
:10572000002818BFF1F7AAFB55E8000F411EC5E895
:10573000E21F002AF8D1012804D112A8BFF35F8F1D
:10574000FDF793FB2046FCF739FC204617B0BDE877
:10575000000FBDE8F040F1F78BBB033A0AE043F0DD
:105760000103023A06E043F0020043F0030203465D
:1057700000E0531E72454ED2AEEB020010F003045F
:1057800043D002EB420009990CEB800085688D4202
:105790000BD003EB4305D0E90016806801334CF8C9
:1057A00025100CEB8505C5E90160501C012C2DD09E
:1057B00000EB400009990CEB800085688D420BD00E
:1057C00003EB4305D0E90016806801334CF825103F
:1057D0000CEB8505C5E90160901C022C16D000EB8E
:1057E000400009990CEB800085688D420BD003EBDB
:1057F0004305D0E90041806801334CF825400CEBAB
:105800008504C4E90110D01C00E01046A2EB0E0292
:1058100012F1040F02D9CAF81C3040E5AEEB0001CA
:1058200000EB40000CEB800000F12C0202E0043998
:105830000246F0D052F8240C099EB04229D152F809
:10584000180C099EB04237D152F80C0C099EB04298
:105850000CD003EB430052E9056552F80C4C0133C0
:105860004CF820600CEB8000C0E901541046099D03
:1058700050F8306BAE42DAD003EB430652E90254E3
:1058800001334CF826500CEB86061268C6E901423B
:10589000CDE7A2F12C0003EB4306D0E9005401331D
:1058A00080684CF826500CEB8606C6E9014052F899
:1058B000180C099EB042C7D003EB430052E90865BB
:1058C00052F8184C01334CF820600CEB8000C0E912
:1058D000015452F80C0C099EB042BAD1C6E7A2F1AD
:1058E00003080346FFF701BCBFF32F8F06E0042037
:1058F000294600F0F1F90C46BFF32F8F207821469E
:1059000000281EBF10BF087800280AD010BF0878F2
:1059100000281EBF10BF0878002802D010BF0878EA
:10592000EEE7D1E8CF0F0028E5D101200C46C4E80E
:10593000410FDDF8249000293FF4C6ACDEE710BF2C
:105940009AF8100000281EBF10BF9AF81000002817
:1059500009D010BF9AF8100000281EBF10BF9AF897
:1059600010000028EBD1D9E8CF0F38B90120C9E8E1
:10597000410F099D00293FF463ABE1E7BFF32F8F8F
:10598000DEE7002808BF704780B56F4600F5E47C6D
:10599000DCE8CF3F43BB0123CCE8423F42B9C0F82B
:1059A00014110020CCE88F0FBDE88040704710BF75
:1059B0009CF80020002A1EBF10BF9CF80020002A7F
:1059C00009D010BF9CF80020002A1EBF10BF9CF811
:1059D0000020002AEBD1DCE8CF2F2AB90122CCE845
:1059E000432F002BDBD0E3E7BFF32F8FE0E7002846
:1059F00008BF704780B56F4600F5E47CDCE8CF3F18
:105A0000B3BB0123CCE8423FB2B990F85C30C0F898
:105A10000811022B09D0DA074FF0300218BF3422E8
:105A2000806D10440830C0E8AF1F0020CCE88F0F15
:105A3000BDE88040704710BF9CF80020002A1EBFC0
:105A400010BF9CF80020002A09D010BF9CF800204D
:105A5000002A1EBF10BF9CF80020002AEBD1DCE812
:105A6000CF2F2AB90122CCE8432F002BCDD0E3E77A
:105A7000BFF32F8FE0E7F0B503AF2DE9000782B049
:105A800058B300F5E471D1E8CF2F22B90122C1E863
:105A9000432FA3B103E0BFF32F8F00E010BF0A78BC
:105AA000002A1EBF10BF0A78002AECD010BF0A7867
:105AB000002A1EBF10BF0A78002AE4D0EEE790F853
:105AC000C421052A06D0052280F8C42190F85C2064
:105AD000022A06D10020C1E88F0F02B0BDE80007FE
:105AE000F0BD826D52E8003F5E1C42E80065002D6B
:105AF000F8D1B3F1FF3F40F3A08090F85CA0002202
:105B0000846DC1E88F2F0194D1E8CF2F22B90122F3
:105B1000C1E8432FA3B103E0BFF32F8F00E010BF14
:105B20000A78002A1EBF10BF0A78002AECD010BFE6
:105B30000A78002A1EBF10BF0A78002AE4D0EEE7D8
:105B4000026A0023D20712BFD0E90A824FF0000890
:105B50000022C1E88F3FD1E8CF3F23B90123C1E83C
:105B6000463FA6B103E0BFF32F8F00E010BF0B78D4
:105B7000002B1EBF10BF0B78002BECD010BF0B7892
:105B8000002B1EBF10BF0B78002BE4D0EEE7D0E94E
:105B90002E630025C1E88F5F53EA020123D1054639
:105BA00000F052F811204FF01109F1F75BF90146AE
:105BB000C8B100222846C1F80520C1F801202822DA
:105BC0000A7032BAC1F80D2098FA88F20E46C1F870
:105BD0000920214652463346CDF80090FDF744FD9A
:105BE0003046F1F745F93820BAF1000F18BF3920D7
:105BF00004F1080108444FF00102C0E88F2F4FF074
:105C0000340018BF30200844D0E8AF0F002818BF78
:105C1000F1F734F954E8000F411EC4E8E21F002AEE
:105C2000F8D101287FF459AF01A8BFF35F8FFDF7CA
:105C30001CF902B0BDE80007F0BDFEDE80B56F467E
:105C4000BDE8804000F003B880B56F4680BD80B5E8
:105C50006F4684B0019046F26B30C0F2070042F606
:105C60003803039001A8029042F60A3002A9C0F25C
:105C70000800C0F20803002200F071F80246534207
:105C80000732042802EA030298BF0420C0F1004C46
:105C9000114461459FBF014401394242114098BF00
:105CA000704780B56F4682B042F6580042F648030E
:105CB000C0F208007A1E009043F2B400C0F208005F
:105CC000C0F208032B2100F02FF880B56F46024682
:105CD00008461146FFF7B2FF80B56F4608B900F0DD
:105CE00002F8FFF7F2FF80B56F4643F2DF0042F69D
:105CF0006802C0F20800C0F20802232100F03FF859
:105D000080B56F46084643F2F001C0F208010B224D
:105D1000BDE8804000F000B880B56F46D0E90003D0
:105D2000DB68BDE88040184780B56F4688B08DE8D5
:105D30000F0046F24730C0F20700079002A8069015
:105D400046F25730C0F20700BA68059068460490E2
:105D500043F6BB1004A9C0F2080000F010F880B5AB
:105D60006F4686B0CDE9010100208DF8140001A82E
:105D7000039003A88DF815200493FCF755FC80B51B
:105D80006F4686B0CDE901010120ADF8140001A8ED
:105D9000039003A80492FCF747FCF0B503AF2DE98C
:105DA000000F81B08146033020F00300A0EB09050D
:105DB000A94230D2002941D001F0030388084FF0F6
:105DC000000100F03B82A1EB800609F101056FF0B4
:105DD000030100206A18043192F9034014F1410FC5
:105DE000C8BF013092F9044014F1410FC8BF01301F
:105DF00092F9054014F1410FC8BF013092F9062015
:105E000012F1410F06EB0102C8BF01300432E1D1AB
:105E1000ABB1043113E2A1EB05085FEA980BC9D0DE
:105E200008F0030E484501D1002048E0A9EB00002E
:105E300010F1040F07D90026002028E0002001B04F
:105E4000BDE8000FF0BD09F1010400206FF003016F
:105E5000661896F9032012F1410FC8BF013096F978
:105E6000042012F1410FC8BF013096F9052012F14C
:105E7000410FC8BF013096F9062012F1410F01F120
:105E80000402C8BF013011F108061146E0D119F92A
:105E9000061011F1410FC8BF0130012D0FD009EBE1
:105EA000060191F9012012F1410FC8BF0130022D06
:105EB00005D091F9021011F1410FC8BF01304FF622
:105EC000FC7109EB0502C1F6FF710025BEF1000F60
:105ED0001CD001F1C04101EA0801114491F90040D0
:105EE00014F1410FC8BF0125BEF1010F0ED091F989
:105EF000014014F1410FC8BF0135BEF1020F05D0BA
:105F000091F9021011F1410FC8BF013528444FF03B
:105F1000FF1811E0002608EA162326F0FF26334476
:105F2000ABEB0A0B0EEB8A021AF0030103EB0343FF
:105F300000EB134040F04E81BBF1000F3FF47FAF08
:105F40009646BBF1C00FDA4628BF4FF0C00ABBF13E
:105F5000040FDFD36FF00F0101EB8A020121302A19
:105F600001EB121101F0030502D200267246B4E0E3
:105F70004FF6FC720026C1F6FF7211407246CDF852
:105F800000E092E810500439D2F80C806FEA04095E
:105F90004FEAD91343EA94136FEA0C0423F0FE335B
:105FA0004FEAD414334444EA9C1626F0FE363344B8
:105FB0006FEA0E064FEAD61646EA9E1626F0FE3621
:105FC00033446FEA08064FEAD61646EA981626F0DA
:105FD000FE36334416696FEA06044FEAD41444EAE5
:105FE000961626F0FE36334456696FEA06044FEAE9
:105FF000D41444EA961626F0FE36334496696FEAC6
:1060000006044FEAD41444EA961626F0FE363344CA
:10601000D6696FEA06044FEAD41444EA961626F0CD
:10602000FE363344166A6FEA06044FEAD41444EA93
:10603000961626F0FE363344566A6FEA06044FEA97
:10604000D41444EA961626F0FE363344966A6FEA74
:1060500006044FEAD41444EA961626F0FE3633447A
:10606000D66A6FEA06044FEAD41444EA961626F07C
:10607000FE363344166B6FEA06044FEAD41444EA42
:10608000961626F0FE363344566B6FEA06044FEA46
:10609000D41444EA961626F0FE363344966B6FEA23
:1060A00006044FEAD41444EA961626F0FE3633442A
:1060B000D66B02F140026FEA06044FEAD41444EAB8
:1060C000961626F0FE361E447FF45BAFDDF800E046
:1060D0004FF0FF18002D3FF41EAF116802F1040CC1
:1060E000A946B9F1010F9CE818106FEA01054FEAC3
:1060F000D51545EA911121F0FE3131446FEA0306CE
:106100004FEAD61646EA931323F0FE3319446FEA9A
:1061100004034FEAD31343EA941323F0FE331944E4
:106120006FEA0C034FEAD31343EA9C1323F0FE33C8
:1061300003EB01063FF4EFAE02F1100CB9F1020FD0
:106140009CE82A106FEA01044FEAD41444EA911142
:1061500021F0FE3131446FEA03064FEAD61646EAD3
:10616000931323F0FE3319446FEA05034FEAD31368
:1061700043EA951323F0FE3319446FEA0C034FEA08
:10618000D31343EA9C1323F0FE3303EB01063FF4E1
:10619000C2AE02F12005D26A2ACDCC43E40944EA1A
:1061A000911121F0FE313144DE43F60946EA9313A2
:1061B00023F0FE331944EB43DB0943EA951323F044
:1061C000FE331944D343DB0943EA921222F0FE3234
:1061D0005618A0E60AF0FC0301295EF823206FEAB6
:1061E00002064FEAD61646EA921222F0FE3215D087
:1061F0000EEB830302295E686FEA06054FEAD515A8
:1062000045EA961626F0FE36324407D09968CB430D
:10621000DB0943EA911121F0FE310A44FF21C0F26B
:10622000070101EA122122F0FF22114401EB014192
:1062300000EB114001B0BDE8000FF0BD002019F9DE
:10624000012012F1410FC8BF0130012B3FF4F7AD1F
:10625000494491F9012012F1410FC8BF0130022BCE
:106260003FF4EDAD91F9021011F1410FC8BF0130BB
:1062700001B0BDE8000FF0BD80B56F4686B090421A
:1062800013D9CDE9000246F26B3001A9C0F2070034
:106290000590CDE903016846029043F64E30C0F206
:1062A000080002A91A46FFF76AFD914215D88842F4
:1062B00013D9CDE9000146F26B3001A9C0F2070005
:1062C0000590CDE903016846029043F6BE30C0F266
:1062D000080002A91A46FFF752FD46F26B30CDE9DD
:1062E0000012C0F2070001A90590039068460290D1
:1062F00043F687300491C0F2080002A91A46FFF75E
:106300003EFDF0B503AF4DF8048DD7F80880054683
:106310001C460E46501C08D0336928461146984743
:1063200018B101205DF8048BF0BD44B1F368284634
:10633000214642465DF8048BBDE8F0401847002036
:106340005DF8048BF0BD80B56F46D0E90002D268DD
:10635000BDE88040104780B56F460B46D0E900127B
:106360001846BDE88040FAF7F1B9F0B503AF2DE962
:10637000000F87B0046844F2A119A7F1260C0E465D
:10638000C0F20809B4F57A7F37D349F27F6800215B
:1063900042F2107A41F27B4B4FF0640EC0F2980843
:1063A000204603960294034641F25970CDF2B7108D
:1063B0000CEB01066246A3FB000C043943454FEA8F
:1063C0005C30944600FB1A35ACB24FEA940404FBEF
:1063D0000BF44FEA544439F81420F28004FB1E52A7
:1063E00092B239F812203281DDD8DDE902460A3155
:1063F000092806D80346A4B914E00A212046092832
:10640000F8D982B241F27B43920802395A43530CC5
:10641000642203FB120080B239F810002CF801004E
:1064200004B12BB109EB4300013940780CF80100AD
:10643000C1F10A00614401220023CDE90010304679
:106440000121FAF757F807B0BDE8000FF0BDF0B52D
:1064500003AF2DE9000F89B08246102A21D3CAF17B
:10646000000303F003090AEB09039A4538D2A9F1A6
:10647000010C54460D46B9F1000F1FD00D4654468D
:1064800015F8016BB9F1010F04F8016B16D04E78C5
:10649000B9F1020F8AF801600AD18D1C0AF10204D9
:1064A0000CE0D4460CEB02039C45C0F0EB8016E1F7
:1064B000CD1C0AF103048E788AF80260BCF1030F48
:1064C0000ED32E1F251F16F8044F05F8044F7478BD
:1064D0006C70B478AC70F478EC702C1D9C42F2D1E6
:1064E000A2EB090201EB090822F0030618F00300F1
:1064F00003EB060C60D00024C0F10405CDE9026274
:1065000008AA08940244EE071EBF98F800601670AF
:1065100001240490AD0744BF38F804501553A8EB8C
:10652000000B089A4FEAC00ECEF100001C1D644516
:10653000CDF81480019066D2049B00F018085646EE
:10654000CDF800A05B42194401EB090522FA0EF3D5
:1065500006EB090A6A68D34602FA08F423434BF8AB
:10656000083BE34541D222FA0EF3AA6802FA08F486
:106570002343CAF804300AF10C0363453AD222FAE5
:106580000EF4EA6802FA08F02043CBF800000AF1A2
:106590001000604533D222FA0EF02A69103610310D
:1065A00002FA08F42043186006EB0903181D604541
:1065B000CAD301EB090B24E063455BD2414608686E
:1065C00043F8040B634555D2486843F8040B634510
:1065D0003EBF886843F8040B63454BD2C86810314E
:1065E00043F8040B6345EAD344E005F1040B0AF1D8
:1065F000040306E005F1080B0AF1080301E005F1C8
:106600000C0BDDF800A0049800218DF81C10012867
:1066100007F8261C10D107AE4FF00008002505989A
:10662000C40717D00BF10401495D317017F8261C1F
:106630000D049DF81C100EE09BF80540A7F12606FE
:106640009BF8041002258DF81C104FEA04280598C9
:10665000C407E7D10025019C22FA0EF048EA0502A2
:10666000DDF81480114304F018029140DDE9026264
:106670000843186008EB060102F003020CEB02036A
:106680009C452CD2A2F1010E12F0030413D00A464D
:10669000654612F8016B012C05F8016B0DD04A78A4
:1066A000022C8CF801201FD18A1C0CF10205BEF1CE
:1066B000030F05D213E065460A46BEF1030F0ED361
:1066C000111F2A1F11F8040F02F8040F48785070A8
:1066D00088789070C878D070101D9842F2D15046DA
:1066E00009B0BDE8000FF0BD8A780CF103058CF805
:1066F0000220CA1CBEF1030FE2D2F0E7F0B503AFEF
:106700002DE9000F8EB08346401A904228D201EB4B
:10671000020A0BEB0209102AC0F0088209F00305F7
:1067200029F0030CC5F1000ECC455DD2681E002D8A
:1067300045D0D0464B4618F8016D012D03F8016D88
:106740003FD0D0464B4618F8026D022D03F8026D7B
:106750001FBFD04618F8036D4B4603F8036D30E0B9
:10676000102A25D3CBF1000000F003090BEB09033D
:106770009B4580F01581A9F101065C460D46B9F1F3
:10678000000F00F0FC800D465C4615F8010BB9F1D6
:10679000010F04F8010B00F0F2804878B9F1020F04
:1067A0008BF8010040F0E5808D1C0BF10204E6E05F
:1067B000DC460CEB02039C45C0F032825AE24B46A9
:1067C000D046032810D3A8F10400C67803F8016C62
:1067D000867803F8026C467803F8036C10F80469B5
:1067E00003F8046D9C45F0D3A2EB050828F00300E4
:1067F000ACEB0005404207900AEB0E0010F00304DA
:10680000069010D0CDF80880A0EB040800234FEAD2
:10681000C40A012C8DF8303007F8263C05942FD19E
:106820000CA8002639E0654580F07881AAF11001B6
:10683000AEF1040201EB0E0309EB0E00DE6840F836
:10684000046C09EB0206B54280F068819C6840F850
:10685000084C341FA5423FBF5B6840F80C3CA6F1D2
:1068600008039D4280F05A8151F80E30A9F11009B9
:10687000103940F8103C09EB0E008542DAD34DE1A7
:1068800098F80030C00798F801608DF8303001D1D9
:1068900000200AE0A7F12600022318F80330037055
:1068A00017F8260C9DF83030000440EA0620043525
:1068B00040EA0306CAF100036545CDF80CC0019318
:1068C00080F00A81059803F01808CDF810B0101A6E
:1068D0000A18AEF10400009002EB0E0306FA08F16C
:1068E00009EB0E0B53F8046C26FA0AF008434BF838
:1068F000040CAEF1040009EB00018D422FD206FA20
:1069000008F053F8086CA1F1040C654526FA0AF466
:1069100040EA04004BF8080C26D206FA08F053F8B7
:106920000C6CA1F1080C654526FA0AF440EA040053
:106930004BF80C0C80F0CA8006FA08F053F8106C83
:10694000A9F11009103A09EB0E0C26FA0AF10843D6
:1069500065454BF8100CBFD302EB0E08BAE0009867
:106960008C4602EB0008B5E000981044A0F1040842
:10697000B0E0CD1C0BF1030488788BF80200032EE5
:106980000ED3281F261F10F8045F06F8045F457811
:1069900075708578B570C578F570351D9D42F2D15A
:1069A000A2EB090801EB090A28F003021AF003041C
:1069B00003EB020C63D0C4F10405059200220AA87F
:1069C000EE070A9220441EBF9AF8002002700122AE
:1069D000AAEB0406CDE90664AD0744BF3AF80250BD
:1069E00085520A9E4FEAC40ECEF10002181D604582
:1069F000039280F0D7800798CDE901A802F018082B
:106A000040425A460144CDF810B001EB090426FA81
:106A10000EF002EB090B666806FA08F303435846CA
:106A200040F8083B604546D226FA0EF3A66806FAFF
:106A300008FA43EA0A03CBF804300BF10C03634570
:106A40003ED226FA0EFAE66806FA08F545EA0A0585
:106A500005600BF11000604580F09D8026FA0EF075
:106A600026691032103106FA08F42043186002EB50
:106A70000903181D6045C8D301EB09008DE063458B
:106A800080F0C6805146086843F8040B634580F0E7
:106A9000BF80486843F8040B63453EBF886843F8ED
:106AA000040B634580F0B480C868103143F8040BD0
:106AB0006345E8D3ACE0201D06900BF104036DE0C4
:106AC00004F1080006900BF1080367E000981044F9
:106AD000A0F10808DDF810B0059B0DA8002108EB17
:106AE00003021844C3F104030D91043ADC071EBFEE
:106AF0001178017001219B07DDF8088044BF525ACC
:106B000042520D98019901F0180120FA0AF006FA94
:106B100001F108434CF8040CDDF80CC0DDE9061067
:106B20000CEB000908F0030201EB000AA9EB0201DB
:106B3000494580F09F80531E12F0030013D0564643
:106B40004A4616F8015D012802F8015D0DD056464F
:106B50004A4616F8025D022802F8025D05D01AF8CE
:106B6000030D09F8030D56464A46032BC0F08280F8
:106B7000B01E437802F8013C037802F8023C10F89A
:106B8000013C02F8033C10F8023C043802F8043DD2
:106B90009142EED36EE004F10C000690DDF810B0E7
:106BA000DDE901A8079800218DF82410012807F8D5
:106BB000321C11D109A84FF00009002255465FEAA6
:106BC000CA7417D006990431895C017017F8320C29
:106BD0009DF8241000040EE0069802220179407905
:106BE0008DF824104FEA0029A7F1320055465FEADC
:106BF000CA74E7D1002040EA0900059A08430399C6
:106C0000AA4626FA0EF601F01801884030431860B3
:106C10000AEB020108F003020CEB02039C4529D2A7
:106C2000561E12F0030512D00A46604612F8014BB8
:106C3000012D00F8014B0CD04878022D8CF8010092
:106C40001DD18A1C0CF10200032E04D212E0604612
:106C50000A46032E0ED3111F043811F8042F00F832
:106C6000042F4A7842708A788270CA78C270021DF6
:106C70009A42F2D158460EB0BDE8000FF0BD8878B8
:106C8000CA1C8CF802000CF10300032EE3D2F1E7DA
:106C9000F0B503AF2DE9000BD7E902E8BEF1000F14
:106CA00072D0B8F1000F6FD1002B00F0FC8073455B
:106CB00080F00781B3FA83F1BEFA8EF6711A01F102
:106CC000200608BF1F26C6F1200508FA06F10EFAB5
:106CD00006F82EFA05F52943B6F1200506F01F0641
:106CE00058BF0EFA05F14FF0010505FA06FC4FF00A
:106CF000000558BF4FF0000808E0224633464FEA2F
:106D0000181444EA01784FEA1C1C0909B2EB080484
:106D100063EB0106002E03D445EA0C0502D12DE0F9
:106D200014461E465FEA51034FEA3802A21A66EB88
:106D30000303002B04D445EA5C05144602D11DE090
:106D4000224633464FEA980444EA8174141B63EBED
:106D50009106002E03D445EA9C0502D10EE01446AC
:106D60001E464FEAD80242EA4172A21A66EBD103EC
:106D7000002BC2D445EADC051446C0D1B4FBFEF1B9
:106D800001FB1E46294392E00021002B00F0808089
:106D9000B2EB0E0673EB08067AD3B3FA83F1B8FAB6
:106DA00088F6711A01F03F0601F01F01C6F12004B8
:106DB00008FA06F50EFA06FC2EFA04F42C43B6F196
:106DC000200558BF0EFA05F44FF0010505FA01F948
:106DD0004FF0000158BF4FF0000C08E032462B4640
:106DE0004FEA1C1646EA047C4FEA19192409B2EB53
:106DF0000C0673EB040507D441EA0901B6EB0E0259
:106E000075EB080202D23AE016461D465FEA5403CB
:106E10004FEA3C02B21A75EB030309D4B2EB0E053C
:106E200041EA590173EB080516461D4602D226E0D9
:106E300032462B464FEA9C0545EA8475561B63EBA8
:106E40009405002D07D441EA9901B6EB0E0275EBCB
:106E5000080202D213E016461D464FEADC0242EA5F
:106E60004472B21A65EBD403002BB7D4B2EB0E0513
:106E700041EAD90173EB080516461D46B0D24FF022
:106E8000000CC0E9001CC0E90265BDE8000BF0BDC4
:106E90004FF0000C16461D46C0E9001CC0E9026513
:106EA000BDE8000BF0BDB2FBFEF101FB1E264FF06A
:106EB000000C0025C0E9001CC0E90265BDE8000B1C
:106EC000F0BD0DD1B2FBF3F1002501FB13264FF00D
:106ED000010CC0E9001CC0E90265BDE8000BF0BD73
:106EE000B3FBFEFCBEF5803F0CFB1E351BD2290414
:106EF000002541EA1241B1FBFEF303FB0EF14CEA1F
:106F0000134CC1EB124192B242EA0141B1FBFEF2D5
:106F100002FB1E1642EA0341C0E9001CC0E90265FB
:106F2000BDE8000BF0BDB2EB0E0175EB080108D215
:106F300000211646C0E9001CC0E90265BDE8000B4F
:106F4000F0BD4FEAC87141EA5E034FEACE794FF0D7
:106F50000048002108E0224635464FEA191444EA69
:106F600003794FEA18181B09B2EB090465EB030615
:106F7000002E03D441EA080102D12DE014462E462A
:106F80005FEA53054FEA3902A21A66EB0505002DA8
:106F900004D441EA5801144602D11DE02246354688
:106FA0004FEA990444EA8374141B65EB9306002EA0
:106FB00003D441EA980102D10EE014462E464FEA6E
:106FC000D90242EA4372A21A66EBD305002DC2D45D
:106FD00041EAD8011446C0D1B4FBFEF2002502FB01
:106FE0001E461143C0E9001CC0E90265BDE8000B64
:106FF000F0BDB0B502AF10293FD3424202F0030505
:107000004219904220D2A5F1010C8DB10023864691
:107010000EF8013B012D07D04370022D1ABF83707B
:1070200000F1030E00F1020EBCF1030F04D20BE0DD
:107030008646BCF1030F07D3AEF10400002340F8ED
:10704000043F041D9442FAD1491B21F0030010446F
:10705000824210D2002342F8043B82420BD242F813
:10706000043B82423CBF42F8043B824203D242F8D6
:10707000043B8242EFD301F00301421890421FD239
:107080004B1E11F003040CD04FF0000C014601F828
:1070900001CB012C0AD0022C80F801C003D1811C45
:1070A00004E0014602E000218170C11C032B38BFBF
:1070B000B0BD081F002140F8041F031D9342FAD100
:1070C000B0BD80B56F46042905D30B1FDA4312F01B
:1070D0000C0F02D11AE0024624E04FF0000C0246E9
:1070E00042F804CB13F00C0F08D003F00C02C0F8E8
:1070F00004C0042A05D10839083006E019461046B4
:1071000004E000220C3982600C3002460C2B09D3BB
:10711000002302461039C2E90033C2E902331032BB
:107120000329F7D85018824221D2A1F1010C11F0A5
:1071300003030CD04FF0000E114601F801EB012BB8
:107140000AD0022B82F801E003D1911C04E0114621
:1071500002E000219170D11CBCF1030F38BF80BD4B
:107160000439002241F8042F0B1D8342FAD180BD5F
:1071700080B56F46BDE88040FFF769B9042A09D39E
:10718000D0B502AFA2F1040E6FEA0E0313F00C0F9C
:1071900006D123E00B46844660461946FFF757B9EF
:1071A0000B46844653F8044B1EF00C0F4CF8044B6E
:1071B00009D04B6843600EF00C03042B07D1083A4A
:1071C0000831083008E072466046194606E08B68D0
:1071D0000C3A83600C310C3084460B46BEF10C0F28
:1071E00014D384460B461868103ACCF80000032AE2
:1071F0005868CCF804009868CCF80800D86803F107
:107200001003CCF80C000CF1100CECD8BDE8D04009
:1072100060461946FFF71BB980B56F46BDE8804050
:10722000FFF76CBAF0B503AF4DF804BD86B00D465C
:1072300082EAE371B1EBE37183EAE37262EBE3723A
:1072400080EAE5701C46CDE90012B0EBE57285EAF4
:10725000E57102A861EBE573FFF71AFDDDE90401B2
:107260004FF0000CDDE902E342426CEB0106002D19
:1072700058BF0246B86858BF0E46C0E90026DEF186
:1072800000006CEB030194EA05025CBF19467046EE
:1072900006B05DF804BBF0BD80B56F4686B084468D
:1072A00002A8CDE9002362460B46FFF7F1FCD7F8B0
:1072B00008C0DDE90201BCF1000F1CBFDDE90432AA
:1072C000CCE9003206B080BD002A04BF0020704720
:1072D000F0B503AF2DE9000BA2F1010CC2F1000ED5
:1072E0000023CC5CC55CA54224D19C451ED001EB9B
:1072F000030800EB030998F8014099F80150A542F2
:1073000018D10EEB0306B41C10D098F8024099F87F
:107310000250A5420ED1F41C08D098F8034099F809
:107320000350A54206D104339A42DAD10020BDE8C9
:10733000000BF0BD281BBDE8000BF0BD80B56F460B
:10734000BDE88040FFF783B880B56F46BDE8804058
:10735000FFF7D4B9B0B502AF102A41D3434203F0CE
:10736000030C00EB0C05A84217D2ACF1010EBCF1E6
:10737000000F04461EBF044604F8011BBCF1010FB8
:1073800059D1BEF1030F08D3043C04F8041F231D98
:10739000AB42E170A1706170F7D1A2EB0C0E2EF040
:1073A000030205EB020C654513D2CAB24FF001345B
:1073B000624345F8042B65450BD245F8042B65451F
:1073C0003CBF45F8042B654503D245F8042B6545C1
:1073D000EFD30EF003020CEB02039C4505D329E02A
:1073E00084460CEB02039C4524D2A2F1010E12F05C
:1073F000030412D06246012C02F8011B09D08CF85C
:107400000110022C1ABF8CF802100CF103020CF1CF
:107410000202BEF1030F04D20CE06246BEF1030F7C
:1074200008D3043A02F8041F151D9D42D1709170D3
:107430005170F7D1B0BD4170BCF1020F1ABF81701D
:10744000C41C841CBEF1030F9ED2A6E780B56F4614
:107450000146007860B100200A18537853B1937840
:1074600053B1D37853B112790430002AF4D180BDDE
:10747000002080BD013080BD023080BD033080BD62
:1074800010B5044614F8013BA3F14102192A11F882
:10749000012BA2F1410098BF2033192803D82032D4
:1074A000981AEFD010BD981AFCD1002AEAD1F9E75A
:1074B000C9B20346184613F8012B12B18A42F9D11A
:1074C0007047002918BF0020704710B56AB1013914
:1074D000841810F8012B11F8013F9A4203D1A04201
:1074E00001D0002AF5D1D01A10BD1046FCE710B526
:1074F0000139044632B111F8013F013A00F8013B6D
:10750000002BF7D10021FFF725FF204610BD0246D2
:10751000014410B58A42134603D01C780132002C76
:10752000F8D1181A10BD38B511F0FF0403460ED17A
:107530002146BDE83840FFF7BBBF431C0546214646
:107540001846FFF7B5FF0028F7D1284638BD0025BB
:10755000F5E70A7870B56AB970BD9A4209D10C4650
:10756000054614F8013F002BF6D015F8016F9E4236
:10757000F7D001300378002BEFD11846ECE72DE966
:10758000F047C3F137090746884603F01F055FFA45
:1075900089F916464FF0000A384641462A465346B6
:1075A000F9F7C6F94346D4B23A4688460746092C4D
:1075B00084BF4C44E4B2AA4204F1300473EB0A03E2
:1075C00006F8014BE8D23046BDE8F0872DE9F04FD0
:1075D000061887B09946154641EB010402AB3046C8
:1075E000DDF844B021460093A9F1410AD2E9002315
:1075F00000F0A6F804AB07468846304621460093C3
:10760000D5E9022300F09CF80022DDE90263841929
:1076100051EB0306049B28BF0122D5E90001D218D3
:10762000059B43F10003381848EB0101B84271EBA8
:107630000801D5E902C134BF0120002014EB0C0C75
:10764000CDF800A046EB010110EB0C0041F1000168
:10765000A04271EB060C34BF4FF0010C4FF0000C50
:10766000CDE904231CEB020243F1000300F083F890
:10767000109BC3E90001129B012BDDE9042329D1F2
:10768000D5E90201D5E900C5201ACDF800A066EBC6
:107690000101674578EB050534BF01250025401B36
:1076A00061F10001844276EB010534BF012500251C
:1076B000521B63F1000300F05EF8DDE90423CBE91F
:1076C000000120463146CDF800A000F054F807B084
:1076D000BDE8F08F17EB070E48EB080C201946EBBE
:1076E0000601BE457CEB080834BF01270027C719F7
:1076F00041F10008D5E9000186457CEB010C34BF5F
:1077000001200020D5E90215381A68F1000C401A52
:107710006CEB050192185B41A74278EB060534BF7C
:1077200001250025521943F10003874278EB010837
:1077300034BF01250025521BA9F140050095B8E78B
:10774000F0B50F460446A0FB0201059EA7FB0252BE
:107750004919A3FB0445A7FB037342F1000261181A
:1077600045F10004D21943F10003121943F100035B
:10777000C6E90023F0BDF0B5059CC4F14007C4F193
:107780002006A4F12005E04002FA06F6BB4022FAEA
:1077900005F5BA403343C4F120062B4301FA06F63F
:1077A000A4F12005304321FA05F5E14028431943AF
:1077B0001043F0BDC9B20346024410B593421846C7
:1077C00001D1002003E0047801338C42F6D110BDD2
:1077D0002DE9F047044618460B46C1F30A512746E7
:1077E000A146C3F31304302541EA0706A4465571A8
:1077F00056EA040E74D100218B4211716EDA012316
:10780000884213714FF000011CDA08469DF8207081
:1078100002F112050D244FF0300EC7F1570706F0A4
:107820000F03360946EA0C764FEA2C1C002B40F079
:107830008580A04201DB85F800E0013C05F1FF35C1
:10784000EDD174E00C2866DCC0F10D0301259B002E
:1078500003F1FF3CA3F12108C3F1210605FA08F862
:1078600025FA06F605FA0CF548EA060815EB050EAA
:1078700048EB080ADEF100066AEB4A0C1EF1FF3EF7
:107880004AF1FF3A0EEA070E0AEA040A754578EB58
:107890000A0A11DBC3F1200AB3F1200E27FA03F321
:1078A00004FA0AFA58BF44FA0EFE43EA0A0358BF24
:1078B00043EA0E03DB0722D57F1944EB0804B946DF
:1078C000B4F5801F1BDB5379B1F5806F03F1010321
:1078D000537126D03E400CEA040C97E7002891E74C
:1078E00059B13125DB0F0028A1F2FF315571137119
:1078F0000FDB0C28A8DD0D2005E00121F2E706EAE8
:1079000009090CEA0404B1F5806F06D04E46A4467E
:107910007CE70020F7E70D2078E759EA04041379A3
:1079200008D013794FF4806143F00803137111609C
:10793000BDE8F08743F004031371F8E7092BD4BFC7
:107940003033DB19A0422B70B8BF204675E7D1E970
:10795000043293421EBF5A1C0A611870704700001F
:0C79600001480068704700005C0A02202B
:10796C00DC87FC7F010000006C88FC7FB0A90280E2
:10797C00F088FC7FB0B0A8803489FC7F0100000047
:10798C003C89FC7FB0B0AA806E89FC7FAE71B2805E
:10799C00208AFC7F010000001C8AFC7FAB3F3880F2
:1079AC006E8AFC7F01000000788AFC7FB0B0AA8050
:1079BC00B08AFC7F01000000548BFC7FAB0EB280C0
:1079CC00B88BFC7FB0AF0680008EFC7F01000000FE
:1079DC00048EFC7FAC3F01806490FC7F01000000B2
:1079EC005C92FC7F008404806C92FC7F01000000A0
:1079FC006692FC7FB0AD0480A294FC7F008404806E
:107A0C00C494FC7FDC32FA1FC694FC7FE032FA1F70
:107A1C00D094FC7F0100000018E2FF7F088497805F
:087A2C0022E2FF7F01000000CF
:107A340061AC04000000000029AC04000000000058
:107A4400DD2806000000000000000000FC7A0700AA
:107A540069860600000000003D8706000000000063
:107A6400000000001C7B0700000000003C7B0700B6
:107A7400000000005C7B070075FF050000000000AB
:107A8400F52406000000000039380400000000005E
:107A9400F99E040000000000512E060000000000C2
:107AA4001DCB060000000000000000007C7B0700E6
:107AB4009528060000000000000000009C7B0700E1
:107AC40000000000BC7B07007551040000000000AA
:107AD400692F050000000000818A040000000000F6
:107AE4003DEB050000000000816C06000000000072
:087AF4000DEB0500000000008D
:107AFC0074040800B4040800187E0700F0A80120E4
:107B0C00E011022069FB050000000000A804080039
:107B1C0098070800B8070800EC7D0700F8A80120BA
:107B2C0068120220F50C060000000000AC070800EB
:107B3C00CC04080000000000E47D0700F2A801203E
:107B4C0000000000B1FF050000000000DC0408008C
:107B5C00F407080024080800347E0700FAA8012066
:107B6C00E4A70120391506000000000018080800E1
:107B7C00380A0800780A0800107E0700FCA80120CB
:107B8C0008A80120911B060000000000680A0800EC
:107B9C007006080098060800D4060800F6A8012014
:107BAC0000600120D1070600000000008C060800D0
:107BBC007C06080098060800787E0700F4A80120CF
:107BCC000060012000000000000000000000000028
:107BDC000000000015970400000000001597040039
:107BEC000000000015970400000000001597040029
:107BFC0000000000159704004D34060019320600F1
:107C0C000000000015970400000000001597040008
:107C1C005C7B0700B11406000000000015970400FF
:107C2C00000000001597040008A80120514606002A
:107C3C0000000000159704000000000015970400D8
:107C4C0000000000159704000000000015970400C8
:107C5C0000000000159704000000000015970400B8
:107C6C0000000000159704000000000015970400A8
:107C7C00000000001597040000000000CD25060050
:107C8C000000000015970400000000001597040088
:107C9C000000000015970400000000001597040078
:107CAC000000000015970400000000001597040068
:107CBC000000000015970400000000001597040058
:107CCC000000000015970400000000001597040048
:107CDC000000000015970400000000001597040038
:107CEC000000000015970400000000001597040028
:107CFC000000000015970400000000001597040018
:107D0C000000000015970400000000001597040007
:107D1C0000000000159704000000000015970400F7
:107D2C0000000000159704000000000015970400E7
:107D3C0000000000159704000000000015970400D7
:107D4C0000000000159704000000000015970400C7
:107D5C00000000001597040064A70120350C0600F4
:107D6C0000000000159704000000000015970400A7
:107D7C000000000015970400000000001597040097
:107D8C000000000015970400000000001597040087
:107D9C000000000015970400000000001597040077
:107DAC000000000015970400000000001597040067
:107DBC000000000015970400000000001597040057
:107DCC000000000015970400000000001597040047
:087DDC000000000015970400EF
:087DE4009DFF050000000000F6
:107DEC00590E0600D50B0600E50B0600010C06002B
:107DFC000D0C0600190C0600350D0600390C06009A
:047E0C000000000072
:087E1000891D0600151B060088
:107E18002DFA050065FD05008DFC05000000000039
:0C7E2800C5FA050000000000000000008A
:107E3400C1120600D9160600B11206001514060078
:107E4400ED1206001D130600551306006913060003
:107E540099130600AD130600691306008913060082
:107E6400C1130600D113060085160600E1130600AF
:047E7400E51306000C
:107E7800CDFF050000000000000000000000000029
:107E880000000000000000000000000000000000EA
:087E98000000000000000000E2
:107EA000D0FF0700D8AC0120312D050006080000E6
:107EB000FCCA0700D8AC01205D1A050000080000CC
:107EC0002D000000000000007D5106004159060011
:107ED0000000000000000000BDB104000DB404006B
:107EE000F48C070002000000980408000200000063
:107EF0005006080003000000008F07000200000089
:107F0000A48F07000200000040910700020000005B
:107F100038B10700020000008C8C0700030000004D
:107F200054B207000200000088B2070002000000FF
:107F300008B50700040000007C24080002000000CF
:107F4000709E0700020000008C9E070002000000E7
:107F500098B2070002000000580A08000200000062
:107F6000248B070003000000E42208000300000047
:107F70008C10080003000000D41308000300000068
:107F8000801D080003000000388E0700020000007A
:087F90000808080002000000CF
:107F9800649107002CA701202C9107000100000024
:107FA800C4A20700340A0220989E070000000000BF
:107FB800849E07004CA701202C0702203CA7012023
:107FC80002000000AC9E070028070220C09E0700A0
:107FD80034A901208C9E0700B0EF0120B8130220BD
:107FE80048A90700A09A070050990700C89D0700F4
:107FF80034A2070020A907009891070038B50700A8
:108008005CA907000CA90700F8A8070034A9070015
:108018000000000000000000000000000000000058
:1080280000000000C4910700CC9107000000000088
:108038008143040000000000D0930700DC93070090
:10804800000000001144040003000000FC93070036
:10805800049407003C940700A144040000000000B9
:10806800FC91070074E60700000000009D4304002F
:10807800020000007C940700849407004C830700EA
:1080880000000000000000008C9207009492070096
:1080980000000000F10E040001010000F09207004A
:1080A800F892070000000000F943040000000000F7
:1080B80000000000000000000000000000000000B8
:1080C80000000000A0B50700A8B5070000000000E8
:1080D800A5CD04000100000044B6070048B607001B
:1080E8009CB60700B1CE040001000000F4B60700FA
:1080F800FCB6070030B90700F1CE0400010000000B
:10810800FCD8070000D90700CCDB070000000000FE
:108118000100000058BB070060BB0700000000001A
:10812800CDCF040001000000D8BB0700E0BB07006A
:1081380028BF0700000000000100000018C0070069
:1081480020C0070050C10700000000000100000027
:108158006CC2070070C20700C0C307009DD50400A9
:108168000102000088C4070090C40700FCC407008F
:10817800F1D5040001010000D4E90700DCE907009B
:1081880000000000090405000100000054C50700B4
:108198005CC50700C8C5070055D6040001010000EA
:1081A8001CC6070024C607000000000081D6040092
:1081B80001000000ECCB0700F4CB070078CF0700E4
:1081C80089D704000101000078E0070080E007007B
:1081D800C4E1070025F504000100000098E207004B
:1081E800A0E2070094E4070071FA0400010000000F
:1081F8009CE50700A0E50700000000002DFB040037
:1082080001000000ECE50700F0E5070040E6070084
:1082180031FC040001000000E425080068E70700BD
:1082280020E8070001FE0400020C000018E907001E
:108238001CE9070074E90700B90105000200000005
:108248003CEA070044EA07008CEA07003504050009
:1082580001000000F8EA0700FCEA07007CEB0700D1
:108268008D0405000100000050FD0700C8FD07004F
:1082780020FF070045180500010000005C97070073
:10828800F4EB070000000000E50405000100000011
:1082980018EC0700C8EC07007CED07000105050095
:1082A8000100000020EE070028EE07000000000093
:1082B800A50505000100000018A7070008F1070040
:1082C80014F30700E90C050001040000F496070008
:1082D80054F30700000000003D0D050002000000F7
:1082E80050F5070054F5070050F60700590D050032
:1082F80001000000F4F80700F8F80700C4F90700C7
:1083080009120500010000004CFA070054FA0700A2
:1083180098FB0700111705000101000004FC070085
:108328000CFC0700B0FC07009517050001000000D1
:1083380014FD070020FD07000000000019180500C3
:108348000100000000000000000000000000000024
:108358000000000000000000C4970700CC97070049
:1083680000000000D9470400020000007C950700C7
:108378008495070000000000E144040000000000AC
:108388005C97070064970700000000005D47040041
:1083980002000000749607007C96070000000000A9
:1083A800F945040000000000F4960700FC96070059
:1083B80000000000E1460400020000000000000088
:1083C80000000000000000000000000000000000A5
:1083D8005548040075480400ADD604002D0C05006E
:1083F000FFFFFFFFFFFFFF7FFFC99A3B0000000068
:108400001B5B4A00000000001B5B480000000000EE
:108410001B5B324A000000001B5B4A0000000000AA
:108420001B5B6D00000000001B3700001B380000C4
:108430001B5B3F336C0000001B3700001B38000043
:108440001B5B4800000000001B5B324A000000007C
:10845000000000000000000000000000000000001C
:108460000338FDD87047000041DB00000000000029
:1084700001000000000000000000000000000000FB
:1084800000000000000000000000000000000000EC
:1084900000000000000000000000000000000000DC
:1084A00000000000000000000000000000000000CC
:1084B00000000000000000000000000000000000BC
:1084C00000000000000000000000000000000000AC
:1084D000000000000000000000000000000000009C
:1084E000000000000000000001000000000000008B
:1084F000050000000000000019000000000000005E
:108500007D0000000000000071020000000000007B
:10851000350C000000000000093D000000000000D4
:108520002D31010000000000E1F505000000000011
:1085300065CD1D0000000000F9029500000000005C
:10854000DD0EE90200000000514A8D0E000000001F
:108550009573C24800000000E941CC6B01000000A7
:108560008D49FD1A07000000C16FF286230000004C
:10857000C52EBCA2B1000000D9E9AC2D78030000E3
:108580003D9160E45811000031D6E275BC56000000
:10859000F52E6E4DAEB10100C9EA2683677808005A
:1085A000ED95C28F055A2A00A1EDCCCE1BC2D30097
:1085B00025A4000A8BCA220400000000000000006D
:1085C000000000000000001000000000000000009B
:1085D000B9340332B7F4AD1410DB1AB30892540E59
:1085E0000D307D951447BA1A66088F4D26ADC66DBD
:1085F000F598BF85E2B74511CA96853D92BD1DEB42
:10860000FCA11860DCEF52163C92AE220BB8C1B44C
:10861000839D2D5B0562DA1C304C7E8F4E8BB25BE6
:1086200016F4529F8B56A512FBD4827643ED8AF046
:108630008FE7F9311565191850F19BD94A13EEB43B
:10864000284CF0A686C1251F035FC270CB9E491639
:10865000E642889C44EB2014B0650836AD6EA585D3
:1086600085F0CA14E2FD031A0B899979D5B13D0949
:10867000D8DA973A35EBCF10AC363F5E73BB38CFC4
:108680003E6752FA44AFBA15010000000000000036
:108690000000000000000020345065C05FC9A652F1
:1086A000BB13CBAEC440C21806C8DF7100D5A87C8E
:1086B000F56F0FDA58FC27136E4756357D24206579
:1086C00002C7E768E48CA41DE9E60268D7CD3961EA
:1086D0007977FCC2405BEF16798CDE43FFA751F936
:1086E00091F3B278F5BDBE11E857E9D6E8BEE87B54
:1086F000B054AC8F848D751BEA23A499E9F9D38B10
:10870000B7A3714061DA3E15CEE33ECB73F948085A
:108710008C97B427D51B7010A2BFEFB9EB8532152B
:108720004DB44DB49BBB6F1996B6076CF8E7EEAD30
:1087300036D9B4F59135AE13222218AF4E6A684D82
:1087400091DAAA3D4F40741E9FBD9EE006A1C098DD
:1087500057C2A7FDA40E90170E7D497173E3208FB9
:10876000B220D87605143B12853D7434811343B092
:10877000AD297A5F27F4351C68656C6C6F206672D2
:108780006F6D205A6570687972206F76657220531C
:10879000544350002573207365713D257520757015
:1087A00074696D655F6D733D256C6C64000000003D
:1087B000737463702F64656D6F0000004D515454E5
:1087C0002053455256494345206265666F726520C5
:1087D000696E7075740000004D5154542053455219
:1087E0005649434520616674657220696E707574E0
:1087F0002072633D256400004D515454205345526E
:1088000056494345206265666F7265206C697665DE
:10881000000000004D5154542053455256494345E1
:10882000206166746572206C6976652072633D25EF
:10883000640000004D51545420434F4E4E41434B71
:10884000204F4B004D51545420434F4E4E41434B0B
:10885000206661696C656420726573756C743D2572
:108860006420636F64653D25750000004D515454CC
:1088700020646973636F6E6E6563746564207265EE
:1088800073756C743D2564004D515454205055420D
:1088900041434B2069643D25750000005A657068AE
:1088A0007972204D515454206F7665722053544391
:1088B00050207374617274696E6700003139322E12
:1088C0003136382E312E32300000000062726F6B6C
:1088D00065723D25733A256420746F7069633D2588
:1088E0007300000062726F6B65725F696E6974205D
:1088F0006661696C65643A20256400007374637076
:108900002D7A657068797200436F6E6E6563746965
:108910006E67204D515454207573696E67205A65F7
:1089200070687972204D515454206C696272617282
:1089300079202B2053544350207472616E73706FF2
:10894000727400006D7174745F636F6E6E65637432
:10895000206661696C65643A202564004D51545469
:10896000207365727669636520647572696E67202D
:10897000434F4E4E41434B207761697420666169D5
:108980006C65643A202564004D51545420636F6E29
:108990006E6563746564206F76657220535443502E
:1089A000000000004D515454205055424C4953484A
:1089B00020626567696E207365713D257500000052
:1089C0004D515454205055424C49534820726574BF
:1089D00075726E65642072633D256420636F6E6EF0
:1089E00065637465643D2564000000006D717474F6
:1089F0005F7075626C697368206661696C65643A62
:108A0000202564004D515454205055424C49534840
:108A1000204F4B004D515454444247204100000028
:108A20004D5154544442472042206E6F773D256C8F
:108A30006C6420646561646C696E653D256C6C6472
:108A400020636F6E6E65637465643D25640000008D
:108A50004D51545444424720430000004D5154545A
:108A600044424720442072633D256420636F6E6E4C
:108A700065637465643D2564000000004D515454E5
:108A80004442472045206E6F773D256C6C6420641E
:108A90006561646C696E653D256C6C6420636F6E06
:108AA0006E65637465643D25640000004D51545447
:108AB000204C4F4F5020656E64656420636F6E6E6E
:108AC00065637465643D2564206E6F773D256C6C2D
:108AD0006420646561646C696E653D256C6C64003E
:108AE0004D515454206D61696E207075626C6973CC
:108AF00068206C6F6F702065786974656420636F9F
:108B00006E6E65637465643D256400004D51545478
:108B1000207265636F6E6E65637420696E202564D4
:108B2000206D7300737463705F6D7174745F617036
:108B300070000000496E76616C6964204D51545498
:108B40002062726F6B6572204950763420616464D4
:108B5000726573733A202573000000004D51545420
:108B6000205354435020636F6E6E656374207461AC
:108B7000726765743D25733A256420686F73745F6E
:108B8000706F72743D2575207261775F706F7274BB
:108B90003D2575004D515454205354435020636F6C
:108BA0006E6E656374206661696C656420746172C1
:108BB0006765743D25733A25642066643D2564200D
:108BC0006572726E6F3D2564000000004D51545473
:108BD00020637573746F6D207472616E73706F7241
:108BE0007420636F6E6E6563746564206F76657262
:108BF00020535443502066643D256420746172679D
:108C000065743D25733A2564000000004D515454AD
:108C1000205245414420656E7465722066643D258E
:108C20006420626C6F636B3D256420666C616773C2
:108C30003D30782578206C656E3D2575000000007C
:108C40004D51545420524541442065786974206642
:108C5000643D2564206E3D2564206572726E6F3D13
:108C6000256400004D51545420637573746F6D205A
:108C700053544350207472616E73706F7274206429
:108C80006973636F6E6E6563746564006D7174748F
:108C90005F737463705F7472616E73706F7274006F
:108CA000574553545F544F504449522F7A6570686A
:108CB00079722F6C69622F686561702F68656170C9
:108CC0002E630000574553545F544F504449522F70
:108CD0007A65706879722F6C69622F6F732F636287
:108CE0007072696E74665F7061636B616765642E34
:108CF0006300000063627072696E74665F70616326
:108D00006B61676500000000574553545F544F5036
:108D10004449522F7A65706879722F6C69622F6F9F
:108D2000732F636C6F636B2E6300000057455354C1
:108D30005F544F504449522F7A65706879722F6999
:108D40006E636C7564652F7A65706879722F7370C5
:108D5000696E6C6F636B2E680000000057455354BA
:108D60005F544F504449522F7A65706879722F6969
:108D70006E636C7564652F7A65706879722F73798C
:108D8000732F74696D657574696C2E68000000003E
:108D9000574553545F544F504449522F7A65706879
:108DA00079722F696E636C7564652F7A6570687966
:108DB000722F6B65726E656C2E68000057455354B8
:108DC0005F544F504449522F7A65706879722F6C06
:108DD00069622F6F732F6D7073635F706275662E9B
:108DE000630000004661696C656420746F207265E1
:108DF000626F6F743A207370696E6E696E6720657A
:108E00006E646C6573736C792E2E2E0A0000000060
:108E1000574553545F544F504449522F7A657068F8
:108E200079722F6C69622F7574696C732F74696D18
:108E3000657574696C2E63007379735F6765746F11
:108E400070740000574553545F544F504449522F9B
:108E50007A65706879722F6C69622F7574696C73AA
:108E60002F6F6E6F66662E630000000057455354E7
:108E70005F544F504449522F7A65706879722F6C55
:108E800069622F7574696C732F6E6F746966792EC1
:108E900063000000574553545F544F504449522FCC
:108EA0007A65706879722F6C69622F7574696C735A
:108EB0002F72696E675F6275666665722E63000069
:108EC000574553545F544F504449522F7A65706848
:108ED00079722F7375627379732F6C6F6767696E20
:108EE000672F6C6F675F636F72652E630000000011
:108EF0001542040000000000000000000000000017
:108F00006C6F6700574553545F544F504449522F7C
:108F10007A65706879722F7375627379732F6C6FCD
:108F20006767696E672F6C6F675F6D676D742E631F
:108F300000000000574553545F544F504449522F8E
:108F40007A65706879722F696E636C7564652F7AC3
:108F500065706879722F6C6F6767696E672F6C6FC9
:108F6000675F6C696E6B2E680000000057455354B4
:108F70005F544F504449522F7A65706879722F6957
:108F80006E636C7564652F7A65706879722F6C6F8B
:108F90006767696E672F6C6F675F6261636B656E91
:108FA000642E68006C6F675F6D676D740000000071
:108FB000574553545F544F504449522F7A65706857
:108FC00079722F7375627379732F6C6F6767696E2F
:108FD000672F6C6F675F6D73672E63004D657373EA
:108FE0006167652064726F7070656420626563619B
:108FF0007573652069742065786365656473207393
:10900000697A65206C696D69746174696F6E202876
:10901000257529001B5B306D000000005745535437
:109020005F544F504449522F7A65706879722F739C
:1090300075627379732F6C6F6767696E672F6C6FDA
:10904000675F6F75747075742E6300002573200060
:109050005B2530386C755D20000000005B253032E8
:10906000753A253032753A253032752E25303375F4
:109070002C253033755D20002573000025732F00EB
:109080003C25733E2000000025733A2000000000BC
:1090900025303278200000000D0A0000202020003A
:1090A0007C0000001B5B313B33316D001B5B313BAF
:1090B00033336D006572720077726E00696E660000
:1090C0006462670000000000A4900700AC900700F5
:1090D000000000000000000000000000B490070045
:1090E000B8900700BC900700C09007005745535444
:1090F0005F544F504449522F7A65706879722F73CC
:1091000075627379732F6C6F6767696E672F626121
:10911000636B656E64732F6C6F675F6261636B6511
:109120006E645F756172742E630000006C6F675F20
:109130006261636B656E645F75617274000000004C
:109140006C6F675F756172740000000054910700D6
:10915000E4060220B14204000407022010070220A6
:10916000010000002943040000000000ED4204005B
:109170004943040000000000DD420400000000003C
:109180006B65726E656C00004B65726E656C20637A
:109190006F6D6D616E6473008091070088910700A8
:1091A0001880070000000000000000006379636C75
:1091B00065733A202575206877206379636C657341
:1091C0000A0000006379636C657300004B65726E82
:1091D000656C206379636C65732E0000556E616267
:1091E0006C6520746F20706172736520696E707594
:1091F000742028657272202564290A00736C6565E5
:1092000070000000557074696D653A20256C6C75AE
:10921000206D730A000000002D2D70726574747942
:1092200000000000556E737570706F727465642075
:109230006F7074696F6E3A2025730A0075707469D7
:109240006D653A20256C6C7520646179732C20253E
:109250006C6C7520686F7572732C20256C6C752092
:109260006D696E757465732C20256C6C7520736543
:10927000636F6E64732C20256C6C75206D696C6C4B
:10928000697365636F6E64730A00000075707469BA
:109290006D6500004B65726E656C20757074696D4C
:1092A000652E2043616E2062652063616C6C65648D
:1092B000207769746820746865202D70206F722093
:1092C0002D2D707265747479206F7074696F6E7370
:1092D00000000000342E332E393900005A657068C2
:1092E00079722076657273696F6E2025730A0000AB
:1092F00076657273696F6E004B65726E656C207671
:10930000657273696F6E2E005468697320636F6DA8
:109310006D616E6420697320646570726563617449
:10932000656420617320697420697320612064750D
:10933000706C69636174652E2055736520276C6FAE
:109340006720656E61626C652720636F6D6D616E6D
:10935000642066726F6D206C6F6767696E6720634B
:109360006F6D6D616E6473207365742E0A0000006A
:10937000556E61626C6520746F2070617273652038
:109380006C6F6720736576657269747920286572E1
:1093900072202564290A0000496E76616C69642098
:1093A0006C6F67206C6576656C3A2025640A000056
:1093B000556E61626C6520746F2066696E64206C06
:1093C0006F6720736F757263653A2025730A00001A
:1093D0006C6F675F6C6576656C0000003C6D6F6458
:1093E000756C65206E616D653E203C7365766572B7
:1093F0006974792028302D34293E00007265626F2F
:109400006F7400005265626F6F742E00636F6C643E
:1094100000000000436F6C64207265626F6F742EF1
:10942000000000007761726D000000005761726DEE
:10943000207265626F6F742E000000004094070078
:109440000C9407001494070000000000A1440400DD
:1094500000000000249407002C9407000000000086
:10946000A94404000000000000000000000000000B
:109470000000000000000000000000007468726539
:10948000616400004B65726E656C20746872656182
:1094900064732E005363686564756C65723A2025A9
:1094A000752073696E6365206C6173742063616CF1
:1094B0006C0A0000546872656164733A0A00000027
:1094C0004E4100002573257020252D3130730A0090
:1094D000096F7074696F6E733A20307825782C208C
:1094E0007072696F726974793A2025642074696DAD
:1094F000656F75743A20256C6C640A000973746199
:1095000074653A2025732C20656E7472793A202593
:10951000700A0000556E61626C6520746F2064658E
:109520007465726D696E6520756E75736564207300
:109530007461636B2073697A6520282564290A0A9F
:109540000000000009737461636B2073697A652001
:10955000257A752C20756E7573656420257A752CB7
:1095600020757361676520257A75202F20257A750F
:1095700020282575202525290A0A00006C697374A6
:10958000000000004C697374206B65726E656C207E
:10959000746872656164732E00000000574553546F
:1095A0005F544F504449522F7A65706879722F7317
:1095B00075627379732F7368656C6C2F6D6F64754A
:1095C0006C65732F6B65726E656C5F73657276691F
:1095D00063652F7468726561642F737461636B7364
:1095E0002E6300002570204952512025303264201E
:1095F0002573287265616C2073697A652025347A39
:1096000075293A09756E757365642025347A750974
:1096100075736167652025347A75202F2025347A8B
:1096200075202825327A75202525290A000000009A
:10963000257020252D33327320287265616C2073CC
:10964000697A652025347A75293A09756E757365CE
:10965000642025347A750975736167652025347A2D
:1096600075202F2025347A75202825327520252550
:10967000290A0000737461636B7300004C69737492
:10968000207468726561647320737461636B207504
:10969000736167652E00000054687265616420493B
:1096A00044202570206973206E6F742076616C6988
:1096B000640A00004572726F723A5368656C6C20E0
:1096C0007468726561642063616E6E6F7420626598
:1096D0002073757370656E6465640A005468726502
:1096E00061642025702073757370656E6465640A0B
:1096F0000000000073757370656E64006B65726EB8
:10970000656C207468726561642073757370656E32
:1097100064203C7468726561645F69643E000000A7
:109720004572726F723A5368656C6C20746872652A
:1097300061642063616E6E6F742062652072657370
:10974000756D65640A0000005468726561642025C7
:109750007020726573756D65640A000072657375BB
:109760006D6500006B65726E656C20746872656172
:109770006420726573756D65203C74687265616400
:109780005F69643E000000004572726F723A536870
:10979000656C6C207468726561642063616E6E6FC5
:1097A00074206265206B696C6C65640A00000000BF
:1097B0000A20546872656164202570206B696C6CA6
:1097C00065640A006B696C6C000000006B65726E6A
:1097D000656C20746872656164206B696C6C203CF8
:1097E0007468726561645F69643E000064657669EF
:1097F0006365000044657669636520756E6B6E6F06
:10980000776E20282573290A0000000044657669D8
:10981000636520257320697320616C7265616479CA
:1098200020696E697469616C697A65640A00000078
:1098300044657669636520257320696E6974696182
:109840006C697A6174696F6E206661696C65642009
:1098500077697468206572723D25640A0000000013
:1098600044657669636520257320696E6974696152
:109870006C697A6564207375636365737366756C70
:109880006C790A0052454144590000004449534153
:10989000424C454400000000646576696365733A94
:1098A0000A0000005B25705D000000002D2025737C
:1098B0000000000020282573290A000020204454BD
:1098C000206E6F6465206C6162656C733A00000005
:1098D00044657669636520636F6D6D616E647300C6
:1098E000696E6974000000004D616E75616C6C7981
:1098F00020696E697469616C697A652061206465AC
:1099000076696365000000004C69737420636F6EB4
:109910006669677572656420646576696365732C32
:10992000207769746820616E206F7074696F6E6152
:109930006C2066696C746572000000005B3C6465B5
:10994000766963652066696C7465723E5D0000002F
:10995000EC970700D098070064990700000000000A
:1099600000000000689907007C950700A499070093
:10997000D88307000149040001010000E0980700B6
:10998000E8980700DC830700954804000200000007
:1099900000000000000000000000000000000000C7
:1099A00000000000C40BD286089907003C9907000C
:1099B000496E76616C696420686F75720A000000F8
:1099C000496E76616C6964206D696E7574650A0014
:1099D000496E76616C6964207365636F6E640A001A
:1099E000496E76616C6964206D6F6E74680A000060
:1099F000496E76616C6964206461790A0000000038
:109A00004661696C656420746F2063616C63756C7A
:109A1000617465207365636F6E64732073696E6330
:109A2000652045706F63680A00000000436F756C25
:109A300064206E6F742073657420646174652025E2
:109A4000640A000025642D253032752D25303275CD
:109A500020253032753A253032753A25303275205E
:109A60005554430A00000000646174650000000062
:109A70004461746520636F6D6D616E6473000000F6
:109A8000736574005B592D6D2D645D203C483A4D23
:109A90003A533E00676574005B6E6F6E655D000053
:109AA000689A0700709A0700B49A07000000000047
:109AB00000000000B89A0700809A0700849A070007
:109AC00000000000A54A040000000000949A07006E
:109AD000989A070000000000E14B0400000000001D
:109AE0000000000000000000000000000000000076
:109AF000000000005573696E67206461746120770F
:109B0000696474682025640A00000000496E636F70
:109B1000727265637420646174612077696474682B
:109B20000A000000526561642076616C7565203022
:109B300078256C6C780A000057726974696E67202A
:109B400076616C7565203078256C6C780A000000B1
:109B5000696E76616C696420616464722027257384
:109B6000270A0000696E76616C69642073697A6502
:109B700020272573270A0000696E76616C696420CE
:109B8000776964746820272573270A00613A733A5D
:109B9000773A0000272D61203C616464726573731D
:109BA0003E27206973206D616E6461746F72790A5B
:109BB00000000000272D73203C73697A653E272042
:109BC0006973206D616E6461746F72790A000000C0
:109BD000556E6B6E6F776E206F7074696F6E20229A
:109BE0002573220A000000006465766D656D206CA7
:109BF0006F616420737570706F7274732073657415
:109C000074696E6720627970617373206F6E206172
:109C10002073696E676C6520696E7374616E63652D
:109C20002E0A00004C6F6164696E672E2E2E0A703A
:109C300072657373206374726C2D78206374726C18
:109C40002D7120746F206573636170650A000000D8
:109C50004E756D626572206F66206279746573203F
:109C6000726561643A2025640A0000006465766DBF
:109C7000656D0000526561642F77726974652070AC
:109C80006879736963616C206D656D6F72790A55CF
:109C9000736167653A0A52656164206D656D6F7224
:109CA00079206174206164647265737320776974CC
:109CB00068206F7074696F6E616C20776964746876
:109CC0003A0A6465766D656D203C61646472657303
:109CD000733E205B3C77696474683E5D0A57726925
:109CE0007465206D656D6F727920617420616464A4
:109CF000726573732077697468206D616E64617436
:109D00006F727920776964746820616E642076616F
:109D10006C75653A0A6465766D656D203C616464B6
:109D2000726573733E203C77696474683E203C76AC
:109D3000616C75653E00000064756D700000000088
:109D400055736167653A0A6465766D656D20647563
:109D50006D70202D61203C616464726573733E20D8
:109D60002D73203C73697A653E205B2D77203C770C
:109D7000696474683E5D0A006C6F616400000000F5
:109D800055736167653A0A6465766D656D206C6F21
:109D90006164205B6F7074696F6E735D205B6164DA
:109DA00064726573735D0A4F7074696F6E733A0AFB
:109DB0002D65096C6974746C652D656E6469616EDE
:109DC00020706172736500006C9C0700749C070032
:109DD000DC9D0700254C040002020000E09D070006
:109DE000389D0700409D070000000000F14C040072
:109DF00005020000789D0700809D0700000000001C
:109E0000794E040002010000000000000000000084
:109E10000000000000000000000000005258207206
:109E2000696E67206275666665722066756C6C2E59
:109E300000000000574553545F544F504449522F7F
:109E40007A65706879722F7375627379732F73688E
:109E5000656C6C2F6261636B656E64732F736865EC
:109E60006C6C5F756172742E630000003A00000034
:109E70007368656C6C2E7368656C6C5F7561727469
:109E800000000000737463703E2000007368656C0E
:109E90006C5F7561727400007368656C6C5F7561EE
:109EA00072745F6261636B656E6400003C0A02203D
:109EB0001E000000B5780400B87F070034A7012019
:109EC000A87F0700EC9E0700200A02206400000023
:109ED000D89E0700DC09022078F0012080000000F5
:109EE00000000000AD51040002000000B17F04003A
:109EF000280A02203C0A02201E000000F151040042
:109F000099530400BD53040005510400F1500400AE
:109F1000000000006E6F74207465726D696E61746C
:109F200065643A2025630A00537562636F6D6D6145
:109F30006E64733A0A000000506C656173652073AB
:109F4000706563696679206120737562636F6D6DFA
:109F5000616E642E0A0000004572726F723A2072C0
:109F60006571756573746564206D756C7469706C6A
:109F7000652066756E6374696F6E206578656375BC
:109F800074696F6E730A0000257325730A00000060
:109F90003A20636F6D6D616E64206E6F7420666F22
:109FA000756E6400546F6F206D616E792061726709
:109FB000756D656E747320696E2074686520636FBB
:109FC0006D6D616E642E0A0025733A2077726F6E94
:109FD0006720706172616D6574657220636F756E64
:109FE000740A0000574553545F544F504449522F50
:109FF0007A65706879722F7375627379732F7368DD
:10A00000656C6C2F7368656C6C2E63005741524E03
:10A01000494E473A2041207072696E742072657112
:10A020007565737420776173206465746563746506
:10A0300064206F6E206E6F74206163746976652092
:10A040007368656C6C206261636B656E642E0A00D8
:10A05000202000000A25732573000000506C656104
:10A06000736520707265737320746865203C546159
:10A07000623E20627574746F6E20746F2073656524
:10A0800020616C6C20617661696C61626C65206333
:10A090006F6D6D616E64732E0A000000596F75203C
:10A0A00063616E20616C736F2075736520746865E1
:10A0B000203C5461623E20627574746F6E20746F30
:10A0C0002070726F6D7074206F72206175746F2DC7
:10A0D000636F6D706C65746520616C6C20636F6D6F
:10A0E0006D616E6473206F72206974732073756282
:10A0F000636F6D6D616E64732E0A0000596F752079
:10A1000063616E2074727920746F2063616C6C20BF
:10A11000636F6D6D616E64732077697468203C2D88
:10A12000683E206F72203C2D2D68656C703E20705B
:10A130006172616D6574657220666F72206D6F72F9
:10A140006520696E666F726D6174696F6E2E0A00AC
:10A150000A5368656C6C20737570706F727473202D
:10A16000666F6C6C6F77696E67206D6574612D6BBF
:10A170006579733A0A20204374726C202B20286181
:10A18000206B65792066726F6D3A20616263646549
:10A19000666B6C6E70747577290A2020416C742090
:10A1A000202B202861206B65792066726F6D3A2024
:10A1B0006266290A506C6561736520726566657216
:10A1C00020746F207368656C6C20646F63756D65B7
:10A1D0006E746174696F6E20666F72206D6F726548
:10A1E0002064657461696C732E0A00000A4176610F
:10A1F000696C61626C6520636F6D6D616E64733A4A
:10A200000A000000253038583A2000007C0A00007F
:10A2100068656C70000000005072696E7473207481
:10A2200068652068656C70206D6573736167652E65
:10A230000000000010A2070018A2070000000000A4
:10A240007167040001000000574553545F544F509C
:10A250004449522F7A65706879722F7375627379E9
:10A26000732F7368656C6C2F7368656C6C5F7574A5
:10A27000696C732E630000001B5B2564256300007E
:10A28000574553545F544F504449522F7A65706874
:10A2900079722F7375627379732F7368656C6C2F85
:10A2A0007368656C6C5F6F70732E63001B5B313B72
:10A2B0003325646D000000001B5B34303325646D72
:10A2C00000000000717F0400B97E0400B57E040028
:10A2D000000000000000000000000000000000007E
:10A2E00055736167653A2025732000002573252D7D
:10A2F0002A73000025732573000000002D2D68656A
:10A300006C700000202D2000202000004C6F737422
:10A31000206C6F67733A20256C750A005B253364E7
:10A320005D2025730A0000006F66660020756E6B65
:10A330006E6F776E20706172616D657465723A2020
:10A340000000000025733A257325730A0000000001
:10A350004563686F207374617475733A2025730ABE
:10A3600000000000416374697665207368656C6C59
:10A37000206261636B656E64733A0A0057455354FB
:10A380005F544F504449522F7A65706879722F7329
:10A3900075627379732F7368656C6C2F7368656C65
:10A3A0006C5F636D64732E63000000002020253213
:10A3B000642E203A257320282573290A0000000006
:10A3C0004E6F20726573706F6E73652066726F6D6D
:10A3D00020746865207465726D696E616C2C2061F3
:10A3E0007373756D6564203830783234207363720E
:10A3F00065656E2073697A650A0000001B5B366E26
:10A400000000000072657476616C00005072696E25
:10A41000742072657475726E2076616C7565206F3C
:10A4200066206D6F737420726563656E7420636F50
:10A430006D6D616E64000000726573697A6500007D
:10A44000436F6E736F6C65206765747320746572FB
:10A450006D696E616C2073637265656E2073697AD5
:10A4600065206F7220617373756D65732064656616
:10A4700061756C7420696E20636173652074686512
:10A4800020726561646F7574206661696C732E203B
:10A490004974206D757374206265206578656375F5
:10A4A00074656420616674657220656163682074F8
:10A4B00065726D696E616C20776964746820636889
:10A4C000616E676520746F20656E737572652063B9
:10A4D0006F72726563742074657874206469737038
:10A4E0006C61792E00000000686973746F727900E6
:10A4F000436F6D6D616E6420686973746F72792E3D
:10A500000000000055736566756C2C206E6F74201A
:10A51000556E69782D6C696B65207368656C6C206D
:10A52000636F6D6D616E64732E000000636C656116
:10A5300072000000436C6561722073637265656E22
:10A540002E00000072656D0049676E6F7265206CA9
:10A55000696E657320626567696E6E696E672077E4
:10A56000697468202772656D202700006465666144
:10A57000756C7400417373756D65203830206368A5
:10A580006172732073637265656E207769647468A5
:10A5900020616E642073656E642074686973207333
:10A5A000657474696E6720746F20746865207465C3
:10A5B000726D696E616C2E006261636B656E6473AF
:10A5C000000000004C697374206163746976652033
:10A5D0007368656C6C206261636B656E64732E0AD0
:10A5E000000000006261636B73706163655F6D6F93
:10A5F00064650000546F67676C65206261636B730C
:10A6000070616365206B6579206D6F64652E0A53F8
:10A610006F6D65207465726D696E616C7320617217
:10A6200065206E6F742073656E64696E6720736554
:10A630007061726174652065736361706520636F1A
:10A64000646520666F72206261636B73706163651D
:10A6500020616E642064656C657465206275747435
:10A660006F6E2E205468697320636F6D6D616E6428
:10A6700020666F72636573207368656C6C20746FFD
:10A6800020696E746572707265742064656C65749F
:10A6900065206B6579206173206261636B73706103
:10A6A00063652E00636F6C6F72730000546F676791
:10A6B0006C6520636F6C6F7265642073796E746172
:10A6C000782E00007674313030000000546F6767D8
:10A6D0006C6520767431303020636F6D6D616E640F
:10A6E000732E000070726F6D70740000546F676796
:10A6F0006C652070726F6D70742E00006563686FFA
:10A7000000000000546F67676C65207368656C6CAF
:10A71000206563686F2E000073746174730000001D
:10A720005368656C6C2073746174697374696373C6
:10A730002E0000006261636B73706163650000004E
:10A7400053657420646966666572656E742065730E
:10A750006361706520636F646520666F722062615B
:10A76000636B737061636520616E642064656C6502
:10A770007465206B65792E0064656C6574650000F6
:10A78000536574207468652073616D65206573631B
:10A7900061706520636F646520666F72206261631B
:10A7A0006B737061636520616E642064656C6574B1
:10A7B00065206B65792E000072657365740000007A
:10A7C0005265736574207368656C6C207374617472
:10A7D00069737469637320666F7220746865204CB6
:10A7E0006F67676572206D6F64756C652E00000081
:10A7F00073686F7700000000476574207368656CAC
:10A800006C207374617469737469637320666F720A
:10A8100020746865204C6F67676572206D6F647582
:10A820006C652E0044697361626C65207368656CA9
:10A830006C206563686F2E2045646974696E6720BB
:10A840006B65797320616E64206D6574612D6B6535
:10A85000797320617265206E6F742068616E646C1C
:10A8600065640000456E61626C65207368656C6CA0
:10A87000206563686F2E000044697361626C652017
:10A8800070726F6D70742E00456E61626C65207021
:10A89000726F6D70742E000044697361626C652084
:10A8A000767431303020636F6D6D616E64732E008D
:10A8B000456E61626C6520767431303020636F6D57
:10A8C0006D616E64732E000044697361626C652073
:10A8D000636F6C6F7265642073796E7461782E009B
:10A8E000456E61626C6520636F6C6F726564207386
:10A8F000796E7461782E000004A407000CA4070090
:10A9000000000000F98304000100000038A40700E3
:10A9100040A4070070A90700C584040001010000DD
:10A92000E8A40700F0A4070000000000B5830400BD
:10A93000010000000CB5070004A507009CA9070052
:10A9400000000000000000002CA5070034A507004F
:10A9500000000000858604000100000044A50700F7
:10A9600048A50700000000002D830400000000003F
:10A9700074A907006CA5070074A50700000000007B
:10A9800059830400010000000000000000000000E6
:10A99000000000000000000000000000A0A9070067
:10A9A000B8A50700C4A507000000000065840400E6
:10A9B00001000000E4A50700F4A5070040AA070075
:10A9C0000000000000000000A4A60700ACA60700DD
:10A9D00080AB07000000000000000000C4A60700D4
:10A9E000CCA6070040AB07000000000000000000FC
:10A9F000E4A60700ECA6070000AB0700000000007B
:10AA000000000000FCA6070004A70700C0AA07007A
:10AA1000158404000101000018A7070020A7070003
:10AA200080AA0700000000000000000000000000F5
:10AA30000000000000000000000000000000000016
:10AA400044AA070034A7070040A707000000000041
:10AA5000518704000100000078A7070080A70700C5
:10AA600000000000C5860400010000000000000096
:10AA700000000000000000000000000000000000D6
:10AA800084AA0700B8A70700C0A7070000000000BD
:10AA90003183040001000000F0A70700F8A70700B9
:10AAA0000000000085830400010000000000000099
:10AAB0000000000000000000000000000000000096
:10AAC000C4AA070028A3070024A80700000000006C
:10AAD000E1860400010000007CE5070064A807008F
:10AAE00000000000358704000100000000000000A5
:10AAF0000000000000000000000000000000000056
:10AB000004AB070028A3070078A807000000000096
:10AB1000A5830400010000007CE5070088A8070069
:10AB20000000000099830400010000000000000004
:10AB30000000000000000000000000000000000015
:10AB400044AB070028A3070098A8070000000000F6
:10AB500089870400010000007CE50700B0A8070019
:10AB600000000000FD86040001000000000000005D
:10AB700000000000000000000000000000000000D5
:10AB800084AB070028A30700C8A807000000000046
:10AB90006D870400010000007CE50700E0A80700C5
:10ABA0000000000019870400010000000000000000
:10ABB0000000000000000000000000000000000095
:10ABC000436F6D6D616E64206275666665722069A3
:10ABD0007320746F6F2073686F727420746F2065B8
:10ABE0007870616E6420616C6C20636F6D6D616E56
:10ABF0006473206D61746368696E672077696C6443
:10AC000063617264207061747465726E3A2025739A
:10AC10000A0000002A2A2A20426F6F74696E67209A
:10AC20006E524620436F6E6E6563742053444B2012
:10AC300076332E332E302D626131363764396633E8
:10AC4000646234202A2A2A0A000000002A2A2A20C4
:10AC50005573696E67205A6570687972204F53206A
:10AC600076342E332E39392D6664393230346130E2
:10AC700032643532202A2A2A0A00000072302F61FD
:10AC8000313A2020307825303878202072312F61F9
:10AC9000323A2020307825303878202072322F61E7
:10ACA000333A2020307825303878000072332F6115
:10ACB000343A2020307825303878207231322F69AC
:10ACC000703A2020307825303878207231342F6C5B
:10ACD000723A202030782530387800002078707360
:10ACE000723A202030782530387800004661756C43
:10ACF00074696E6720696E737472756374696F6EC0
:10AD0000206164647265737320287231352F70631B
:10AD1000293A20307825303878000000556E686177
:10AD20006E646C6564204952516E3A2025640000BF
:10AD30002A2A2A2A2A204D5055204641554C542073
:10AD40002A2A2A2A2A0000002020537461636B6992
:10AD50006E67206572726F722028636F6E746578FB
:10AD6000742061726561206D696768742062652076
:10AD70006E6F742076616C69642900002020556E26
:10AD8000737461636B696E67206572726F72000025
:10AD900020204461746120416363657373205669A8
:10ADA0006F6C6174696F6E0020204D4D46415220DA
:10ADB000416464726573733A20307825780000002E
:10ADC0002020496E737472756374696F6E204163DD
:10ADD000636573732056696F6C6174696F6E0000F0
:10ADE0002020466C6F6174696E672D706F696E7498
:10ADF000206C617A79207374617465207072657358
:10AE00006572766174696F6E206572726F72000090
:10AE1000574553545F544F504449522F7A657068D8
:10AE200079722F617263682F61726D2F636F726523
:10AE30002F636F727465785F6D2F6661756C742E09
:10AE4000630000002A2A2A2A2A204255532046411C
:10AE5000554C54202A2A2A2A2A0000002020537404
:10AE600061636B696E67206572726F72000000002B
:10AE7000202050726563697365206461746120628B
:10AE80007573206572726F720000000020204246C8
:10AE9000415220416464726573733A20307825789A
:10AEA000000000002020496D7072656369736520A1
:10AEB0006461746120627573206572726F72000044
:10AEC0002020496E737472756374696F6E206275A9
:10AED00073206572726F72002A2A2A2A2A2055531B
:10AEE000414745204641554C54202A2A2A2A2A0007
:10AEF00020204469766973696F6E206279207A65D3
:10AF0000726F00002020556E616C69676E65642069
:10AF10006D656D6F72792061636365737300000006
:10AF20002020537461636B206F766572666C6F7757
:10AF30002028636F6E746578742061726561206E7D
:10AF40006F742076616C69642900000020204E6FC8
:10AF500020636F70726F636573736F7220696E73B5
:10AF60007472756374696F6E730000002020496C01
:10AF70006C6567616C206C6F6164206F662045585A
:10AF8000435F52455455524E20696E746F205043B2
:10AF9000000000002020496C6C6567616C207573AF
:10AFA00065206F662074686520455053520000008C
:10AFB0002020417474656D707420746F206578650D
:10AFC0006375746520756E646566696E6564206975
:10AFD0006E737472756374696F6E00005265736589
:10AFE0007276656420457863657074696F6E202899
:10AFF0000000000053707572696F757320696E747C
:10B00000657272757074202849525120000000004A
:10B01000457863657074696F6E206F6363757272D3
:10B02000656420696E205365637572652053746191
:10B03000746500002A2A2A2A2A20484152442046C0
:10B0400041554C54202A2A2A2A2A000020204275E1
:10B0500073206661756C74206F6E20766563746F03
:10B0600072207461626C652072656164000000008A
:10B0700020204465627567206576656E7400000067
:10B0800020204661756C7420657363616C6174691E
:10B090006F6E20287365652062656C6F77290000EC
:10B0A000415243485F45584345505420776974687E
:10B0B00020726561736F6E2025780A002A2A2A2A79
:10B0C0002A204465627567206D6F6E69746F722007
:10B0D000657863657074696F6E202A2A2A2A2A00AF
:10B0E0002A2A2A2A2A20257320256429202A2A2A66
:10B0F0002A2A0000574553545F544F504449522F59
:10B100007A65706879722F617263682F61726D2F32
:10B11000636F72652F636F727465785F6D2F6972EC
:10B12000715F6D616E6167652E63000000600120D4
:10B1300000000000060001006D7075004661696C3A
:10B14000656420746F20616C6C6F63617465206E40
:10B150006577204D505520726567696F6E202575A3
:10B160000A000000506172746974696F6E20257561
:10B170003A2073616E69747920636865636B206639
:10B1800061696C65642E0000496E76616C696420AB
:10B19000756E6465726C79696E6720726567696F38
:10B1A0006E20696E646578202575000057455354FC
:10B1B0005F544F504449522F7A65706879722F61FD
:10B1C0007263682F61726D2F636F72652F6D70757A
:10B1D0002F61726D5F6D70752E63000002000000BC
:10B1E000F4B10700464C4153485F30005352414D83
:10B1F0005F30000000000000E4B10700060000001E
:10B20000E0FF0F0000600120ECB10700210000000A
:10B21000E0FF032061626F727428290A00000000B9
:10B22000574553545F544F504449522F7A657068C4
:10B2300079722F6C69622F6E65745F6275662F621A
:10B2400075662E63000000009DA50400000000004C
:10B25000D9A504006E65745F627566005745535446
:10B260005F544F504449522F7A65706879722F6C41
:10B2700069622F6E65745F6275662F6275665F73B3
:10B28000696D706C652E63006E65745F6275665FD4
:10B2900073696D706C650000736F6300574553549C
:10B2A0005F544F504449522F7A65706879722F6904
:10B2B0006E636C7564652F7A65706879722F64723D
:10B2C00069766572732F656E74726F70792E68007F
:10B2D000574553545F544F504449522F7A65706814
:10B2E00079722F7375627379732F6E65742F6C6921
:10B2F000622F736F636B6574732F736F636B657409
:10B30000732E6300574553545F544F504449522F96
:10B310007A65706879722F696E636C7564652F7ACF
:10B3200065706879722F6E65742F6E65745F636FD8
:10B330006E746578742E6800574553545F544F50AF
:10B340004449522F7A65706879722F7375627379E8
:10B35000732F6E65742F6C69622F736F636B6574E6
:10B36000732F736F636B6574735F696E65742E639F
:10B3700000000000E1C4040061BD04005DBA0400E7
:10B38000BDB50400D1BA0400A5B90400D1BB0400C6
:10B390002DBC0400D5BF04005DBD040085C40400BD
:10B3A0005DC8040061CB040039BE0400C9C50400B7
:10B3B000E5CB04003DB90400496E746572666163B3
:10B3C0006520696E646578206973206D697373699F
:10B3D0006E672E0A00000000496E76616C69642079
:10B3E000696E6465782025730A000000496E7661F5
:10B3F0006C696420696E6465782025640A00000029
:10B400003C696E76616C696420747970653E0000F9
:10B410003C696E76616C69642073746174653E008A
:10B4200025733A256400000041465F554E53504550
:10B430004300000041465F5041434B45540000002B
:10B4400041465F43414E000041465F554E4B282523
:10B45000642900005769466900000000457468656A
:10B46000726E6574000000003C756E6B6E6F776ED7
:10B4700020747970653E00003D3D3D3D3D3D3D3DC4
:10B48000000000003D3D3D3D3D3D3D3D3D3D3D3DE0
:10B490003D3D00003C756E6B6E6F776E207374617E
:10B4A00074653E0074656E746174697665000000B1
:10B4B0007072656665727265640000006465707222
:10B4C00065636174656400006175746F636F6E66B7
:10B4D0000000000044484350000000006D616E759C
:10B4E000616C00006F76657272696461626C650000
:10B4F0006E6574004E6574776F726B696E6720635A
:10B500006F6D6D616E6473006E65745F7368656CFA
:10B510006C00000094B40700A4B40700B0B40700A6
:10B52000BCB4070068B40700C8B40700D4B407006F
:10B53000DCB40700E4B40700F0B40700F4B407007B
:10B54000B880070000000000000000006E65745F16
:10B55000706B7420616C6C6F636174696F6E000056
:10B56000434F4E4649475F4E45545F444542554719
:10B570005F4E45545F504B545F414C4C4F4300006D
:10B5800053657420257320746F20656E61626C654D
:10B5900020257320737570706F72742E0A0000007E
:10B5A000616C6C6F637300005072696E74206E651D
:10B5B00074776F726B206D656D6F727920616C6C42
:10B5C0006F636174696F6E732E000000202020206D
:10B5D00020496E7465726661636520204C696E6BEC
:10B5E00020202020202020202020202020204164F6
:10B5F00064726573730A00005B2532645D20256404
:10B600002020202020202020202025732025730AA0
:10B6100000000000466C757368696E6720415250E7
:10B620002063616368652E0A0000000041525020CB
:10B63000636163686520697320656D7074792E0A93
:10B6400000000000617270005072696E7420696EB3
:10B65000666F726D6174696F6E2061626F757420C0
:10B6600049507634204152502063616368652E0052
:10B67000666C75736800000052656D6F76652061B9
:10B680006C6C20656E74726965732066726F6D20D4
:10B690004152502063616368652E0000A0B6070028
:10B6A00070B6070078B607000000000089CE0400DD
:10B6B000000000000000000000000000000000008A
:10B6C00000000000000000006E6574776F726B2050
:10B6D0007061636B657420636170747572650000DE
:10B6E000434F4E4649475F4E45545F434150545582
:10B6F000524500006361707475726500436F6E6639
:10B700006967757265206E6574776F726B20706102
:10B71000636B657420636170747572652E00000040
:10B7200073657475700000005365747570206E65E4
:10B7300074776F726B207061636B657420636170E6
:10B74000747572652E0A276E657420636170747556
:10B750007265207365747570203C72656D6F7465D9
:10B760002D69702D616464723E203C6C6F63616C66
:10B770002D616464723E203C706565722D61646465
:10B78000723E270A3C72656D6F74653E20697320B6
:10B7900074686520286F757465722920656E647001
:10B7A0006F696E7420495020616464726573732CF4
:10B7B0000A3C6C6F63616C3E20697320746865207D
:10B7C00028696E6E657229206C6F63616C20495028
:10B7D00020616464726573732C0A3C706565723E07
:10B7E000206973207468652028696E6E657229204F
:10B7F0007065657220495020616464726573730AD4
:10B800004C6F63616C20616E6420506565722061CD
:10B8100064647265737365732063616E206861761A
:10B82000652055445020706F7274206E756D62658E
:10B830007220696E207468656D20286F7074696F5E
:10B840006E616C290A6C696B65203139382E302E97
:10B8500035312E323A39303030206F72205B323041
:10B8600030313A6462383A3130303A3A325D3A3403
:10B8700032343200636C65616E757000436C6561D3
:10B880006E7570206E6574776F726B207061636B7C
:10B89000657420636170747572652E00656E6162F7
:10B8A0006C650000456E61626C65206E6574776F33
:10B8B000726B207061636B65742063617074757264
:10B8C0006520666F72206120676976656E206E65FF
:10B8D00074776F726B20696E746572666163652E32
:10B8E0000A276E6574206361707475726520656ED9
:10B8F00061626C65203C696E746572666163652087
:10B90000696E6465783E270064697361626C6500E6
:10B9100044697361626C65206E6574776F726B2029
:10B920007061636B657420636170747572652E005D
:10B9300034B9070020B7070028B70700000000004F
:10B9400049CF04000000000074B807007CB807006D
:10B950000000000075CF0400000000009CB8070044
:10B96000A4B8070000000000A1CF04000000000000
:10B9700008B9070010B90700000000001DCF04003F
:10B9800000000000000000000000000000000000B7
:10B9900000000000000000002020202020436F6EE7
:10B9A000746578742020200949666163652020460B
:10B9B0006C61677320202020202020202020202060
:10B9C0004C6F63616C20202020202020202020202C
:10B9D000202052656D6F74650A0000004E6F206371
:10B9E0006F6E6E656374696F6E730A000A202020A3
:10B9F000202048616E646C65722020202043616CB9
:10BA00006C6261636B202050726F746F2020202065
:10BA100020202020202020204C6F63616C202020DB
:10BA200020202020202020202020202020202052E4
:10BA3000656D6F74650A00004E6F20636F6E6E65F2
:10BA40006374696F6E2068616E646C6572732066E2
:10BA50006F756E642E0A00000A5443502020202087
:10BA600020202020436F6E7465787420202053724C
:10BA70006320706F72742044737420706F7274202E
:10BA8000202053656E642D53657120202053656E10
:10BA9000642D41636B20204D53532020202053748C
:10BAA0006174650A000000004E6F2054435020630B
:10BAB0006F6E6E656374696F6E730A005443502035
:10BAC000646562756767696E67000000434F4E46A4
:10BAD00049475F4E45545F5443505F4C4F475F4C5E
:10BAE0004556454C5F444247000000002570202524
:10BAF0007020202025357520202020253575202513
:10BB000031307520253130752025357520202025D0
:10BB1000730A00005B2532645D20257020257020AB
:10BB2000202573092531367309253136730A000043
:10BB30005B2532645D2025700925642020202020AB
:10BB400020256325632563202020253136730925B0
:10BB50003136730A00000000636F6E6E0000000053
:10BB60005072696E7420696E666F726D6174696F70
:10BB70006E2061626F7574206E6574776F726B20D2
:10BB8000636F6E6E656374696F6E732E00000000E4
:10BB90004448435076340000434F4E4649475F4E79
:10BBA00045545F44484350563400000044484350D5
:10BBB000763420736572766572000000434F4E46FE
:10BBC00049475F4E45545F4448435056345F5345A0
:10BBD00052564552000000006468637076340000DD
:10BBE0004D616E616765204448504376342073652B
:10BBF0007276696365732E007365727665720000F4
:10BC000044484350763420736572766572207365BC
:10BC10007276696365206D616E6167656D656E74CE
:10BC20002E000000636C69656E7400004448435048
:10BC3000763420636C69656E74206D616E61676532
:10BC40006D656E742E0000007374617274000000E4
:10BC5000537461727420746865204448435076348C
:10BC600020636C69656E74206F7065726174696FB2
:10BC70006E206F6E2074686520696E7465726661EF
:10BC800063652E0A276E65742064686370763420BD
:10BC9000636C69656E74207374617274203C696EA4
:10BCA0006465783E270A3C696E6465783E20697356
:10BCB00020746865206E6574776F726B20696E748E
:10BCC00065726661636520696E6465782E000000A8
:10BCD00073746F700000000053746F702074686597
:10BCE0002044484350763420636C69656E74206F3D
:10BCF0007065726174696F6E206F6E207468652064
:10BD0000696E746572666163652E0A276E657420BC
:10BD100064686370763420636C69656E7420737434
:10BD20006F70203C696E6465783E270A3C696E64DA
:10BD300065783E20697320746865206E6574776F3E
:10BD4000726B20696E7465726661636520696E64EA
:10BD500065782E00537461727420746865204448BD
:10BD60004350763420736572766572206F70657209
:10BD70006174696F6E206F6E2074686520696E74DF
:10BD80006572666163652E0A276E65742064686358
:10BD90007076342073657276657220737461727484
:10BDA000203C696E6465783E203C62617365206169
:10BDB0006464726573733E270A3C696E6465783EFD
:10BDC00020697320746865206E6574776F726B20CC
:10BDD000696E7465726661636520696E6465782E4C
:10BDE0000A3C6261736520616464726573733E200E
:10BDF0006973207468652066697273742061646475
:10BE00007265737320666F72207468652061646464
:10BE10007265737320706F6F6C2E000053746F70B7
:10BE200020746865204448435076342073657276E8
:10BE30006572206F7065726174696F6E206F6E201D
:10BE400074686520696E746572666163652E0A2781
:10BE50006E657420646863707634207365727665ED
:10BE6000722073746F70203C696E6465783E270A97
:10BE70003C696E6465783E20697320746865206E45
:10BE80006574776F726B20696E7465726661636545
:10BE900020696E6465782E00737461747573000098
:10BEA0005072696E7420746865204448435076343B
:10BEB0002073657276657220737461747573206F78
:10BEC0006E2074686520696E746572666163652EA4
:10BED0000A276E6574206468637076342073657217
:10BEE00076657220737461747573203C696E646545
:10BEF000783E270A3C696E6465783E206973207439
:10BF00006865206E6574776F726B20696E746572F8
:10BF10006661636520696E6465782E204F70746970
:10BF20006F6E616C2E0000002CBF0700F8BB07008D
:10BF300000BC0700A8BF07000000000000000000D0
:10BF400024BC07002CBC070068BF070000000000ED
:10BF500000000000000000000000000000000000E1
:10BF600000000000000000006CBF070048BC070094
:10BF700050BC07000000000005D4040002000000CF
:10BF8000D0BC0700D8BC0700000000005DD404004E
:10BF9000020000000000000000000000000000009F
:10BFA0000000000000000000ACBF070048BC070014
:10BFB00054BD07000000000031D40400030000005D
:10BFC000D0BC07001CBE07000000000089D404009C
:10BFD0000200000098BE0700A0BE0700000000009D
:10BFE000B5D40400010100000000000000000000C2
:10BFF00000000000000000000000000044686370C2
:10C0000076360000434F4E4649475F4E45545F44E5
:10C01000484350563600000064686370763600006E
:10C020004D616E61676520444850437636207365E4
:10C030007276696365732E00446863707636206398
:10C040006C69656E74206D616E6167656D656E7497
:10C050002E00000053746172742074686520446877
:10C060006370763620636C69656E74206F706572DC
:10C070006174696F6E206F6E2074686520696E74DC
:10C080006572666163652E0A276E65742064686355
:10C0900070763620636C69656E7420737461727497
:10C0A000203C696E6465783E270A3C696E64657859
:10C0B0003E20697320746865206E6574776F726BBB
:10C0C00020696E7465726661636520696E64657867
:10C0D0002E00000053746F702074686520446863FC
:10C0E00070763620636C69656E74206F706572615E
:10C0F00074696F6E206F6E2074686520696E746558
:10C1000072666163652E0A276E65742064686370C9
:10C11000763620636C69656E742073746F70203C92
:10C12000696E6465783E270A3C696E6465783E20D6
:10C13000697320746865206E6574776F726B20690F
:10C140006E7465726661636520696E6465782E0041
:10C1500054C1070024BC070038C007007CC1070099
:10C1600000000000000000000000000000000000CF
:10C1700000000000000000000000000080C1070077
:10C1800048BC070054C0070000000000E1D40400D0
:10C1900002000000D0BC0700D4C00700000000006F
:10C1A0000DD50400020000000000000000000000A7
:10C1B000000000000000000000000000444E53207A
:10C1C0007365727669636520646973636F766572FF
:10C1D00079206E6F7420737570706F727465642E41
:10C1E0002053657420434F4E4649475F444E535F8A
:10C1F000534420746F20656E61626C652069742EF3
:10C200000A000000444E53207265736F6C766572AD
:10C21000206E6F7420737570706F727465642E2059
:10C2200053657420434F4E4649475F444E535F5217
:10C2300045534F4C56455220746F20656E61626CB9
:10C24000652069742E0A0000444E53207265736F96
:10C250006C76657200000000434F4E4649475F44CC
:10C260004E535F5245534F4C56455200646E730017
:10C2700053686F7720686F7720444E53206973208E
:10C28000636F6E666967757265642E204F7074699E
:10C290006F6E616C6C7920646F20612071756572BE
:10C2A00079207573696E67206120676976656E20F5
:10C2B0006E616D652E00000063616E63656C000049
:10C2C00043616E63656C20616C6C2070656E64699F
:10C2D0006E672072657175657374732E00000000BF
:10C2E0007175657279000000276E657420646E7345
:10C2F000203C686F73746E616D653E205B41206FFA
:10C300007220414141415D272071756572696573F5
:10C310002049507634206164647265737320286408
:10C32000656661756C7429206F72204950763620DD
:10C330006164647265737320666F72206120686F38
:10C340007374206E616D652E000000004C6973747B
:10C35000206C6F63616C20444E5320736572766964
:10C360006365207265636F7264732E007365727605
:10C3700069636500276E657420646E73207365724F
:10C3800076696365203C736572766963652D6465C3
:10C39000736372697074696F6E3E0A457865637580
:10C3A000746520444E53207365727669636520641A
:10C3B0006973636F766572792071756572792E0085
:10C3C000C4C30700B8C20700C0C2070000000000D5
:10C3D00071D5040000000000E0C20700E8C20700B9
:10C3E0000000000055D50400000000007C95070007
:10C3F0004CC307000000000039D504000000000015
:10C400006CC3070074C3070000000000B9D5040026
:10C41000000000000000000000000000000000001C
:10C4200000000000000000004E6574776F726B2002
:10C430006D616E6167656D656E74206576656E749D
:10C440007320617265206E6F7420737570706F72E7
:10C450007465642E2053657420434F4E4649475FF0
:10C460004E45545F4D474D545F4556454E545F4DC4
:10C470004F4E49544F5220746F20656E61626C6557
:10C480002069742E0A0000006576656E74730000E2
:10C490004D6F6E69746F72206E6574776F726B206A
:10C4A0006D616E6167656D656E74206576656E742D
:10C4B000732E00005475726E206F6E206E65747757
:10C4C0006F726B206576656E74206D6F6E69746F28
:10C4D00072696E672E0000005475726E206F66667A
:10C4E000206E6574776F726B206576656E74206D53
:10C4F0006F6E69746F72696E672E000000C5070069
:10C500007CE50700B4C4070000000000D5D5040096
:10C510000000000028A30700D8C4070000000000A6
:10C520000DD6040000000000000000000000000024
:10C5300000000000000000000000000067505450A0
:10C5400000000000434F4E4649475F4E45545F4749
:10C550005054500067707470000000005072696E93
:10C560007420696E666F726D6174696F6E206162AE
:10C570006F7574206750545020737570706F7274AB
:10C580002E000000276E65742067707470205B3C7D
:10C59000706F72743E5D27207072696E74732064D0
:10C5A000657461696C656420696E666F726D617433
:10C5B000696F6E2061626F757420675054502070EF
:10C5C0006F72742E00000000CCC5070044CF070036
:10C5D00084C507000000000029D604000000000008
:10C5E000000000000000000000000000000000004B
:10C5F000000000004854545020696E666F726D61EF
:10C6000074696F6E00000000434F4E4649475F4813
:10C610005454505F5345525645520000687474702C
:10C620000000000053686F77204854545020736511
:10C630007276696365732E002573205B25735D2018
:10C640002825702900000000556E737570706F7298
:10C6500074656420636F6D6D616E642C20706C6511
:10C6600061736520656E61626C6520434F4E46497B
:10C67000475F4E45545F4C325F45544845524E45E6
:10C680005420616E6420434F4E4649475F4E4554E7
:10C690005F4C325F45544845524E45545F4D474DBF
:10C6A000540A00004E6F207375636820696E7465CC
:10C6B000726661636520696E20696E646578202505
:10C6C000640A000044656661756C7420696E746567
:10C6D00072666163653A2025640A0A0055736167D2
:10C6E000653A206E657420696661636520736574C0
:10C6F0005F6C696E6B203C696E6465783E203C53CC
:10C70000706565643A31302F3130302F3130303040
:10C710002F323530302F353030303E205B4475704D
:10C720006C65785D3A682F663E0A0000496E746554
:10C730007266616365202564206973206E6F7420C2
:10C7400045746865726E657420747970650A0000BE
:10C750004E6F205048592064657669636520666F86
:10C76000756E6420666F7220696E746572666163AF
:10C77000652025640A0000006E6F2D6175746F6E70
:10C780006567000032353030424153452068616CA6
:10C79000662D6475706C6578206E6F74207375708B
:10C7A000706F727465640A00353030304241534511
:10C7B0002068616C662D6475706C6578206E6F748E
:10C7C00020737570706F727465640A00556E7375AE
:10C7D00070706F7274656420737065656420256481
:10C7E0000A0000004E6F20737065656420737065E9
:10C7F0006369666965640A004E6F206465666175E9
:10C800006C7420696E746572666163650A0000006D
:10C8100044656661756C7420696E746572666163E7
:10C82000653A2025640A00004661696C65642074DD
:10C830006F207365742064656661756C7420696E21
:10C840007465726661636520746F2025640A000058
:10C8500043616E6E6F742074616B6520696E7465E0
:10C86000726661636520256420646F776E202825D9
:10C8700064290A00496E74657266616365202564E7
:10C8800020697320646F776E0A000000504F494E94
:10C89000544F504F494E542C0000000050524F4D01
:10C8A0004953432C000000004E4F5F4155544F5FE9
:10C8B00053544152542C00004D434153545F464F52
:10C8C00052574152442C0000495076342C0000004D
:10C8D000495076362C0000004E4F5F4E442C00002D
:10C8E0004E4F5F4D4C442C004155544F5F535441C3
:10C8F00052542C00496E746572666163652025642C
:10C9000020697320616C72656164792075702E0AEC
:10C910000000000043616E6E6F742074616B6520CF
:10C92000696E746572666163652025642075702088
:10C93000282564290A000000496E746572666163E7
:10C94000652025642069732075700A003C3F3E0015
:10C95000555000004F4E00004F46460031204762C0
:10C9600069747300313030204D62697473000000C7
:10C970003130204D626974730000000066756C6C84
:10C980000000000068616C660000000020696E66AF
:10C99000696E69746500000020203C6E6F74206A27
:10C9A0006F696E65643E00000A496E746572666167
:10C9B00063652025732028257029202825732920C8
:10C9C0005B25645D0A0000003D3D3D3D3D3D3D3D34
:10C9D0003D3D3D3D3D3D3D3D3D3D3D3D3D3D3D3D87
:10C9E0003D3D3D25730A0000496E746572666163C2
:10C9F0006520697320646F776E2E0A005745535483
:10CA00005F544F504449522F7A65706879722F698C
:10CA10006E636C7564652F7A65706879722F6E65C8
:10CA2000742F6E65745F69662E6800004C696E6BCA
:10CA30002061646472203A2025730A004D54552009
:10CA40002020202020203A2025640A00466C6167BF
:10CA50007320202020203A2025730A00446576693F
:10CA60006365202020203A20257320282570290A7C
:10CA700000000000537461747573202020203A2058
:10CA80006F7065723D25732C2061646D696E3D2564
:10CA9000732C20636172726965723D25730A000010
:10CAA00045746865726E6574206361706162696C5B
:10CAB000697469657320737570706F727465643A18
:10CAC0000A0000000925730A00000000457468652B
:10CAD000726E657420504859206465766963653AC2
:10CAE00020257320282570290A0000003C6E6F6EF7
:10CAF000653E0000656E61626C6564004950763485
:10CB0000000000002573206E6F7420257320666F6F
:10CB100072207468697320696E74657266616365FA
:10CB20002E0A00004661696C656420746F20676599
:10CB300074206C696E6B20737461746520282564A1
:10CB4000290A000045746865726E6574206C696E10
:10CB50006B2073706565643A202573200000000027
:10CB600025732D6475706C65780A00004950763421
:10CB700020756E6963617374206164647265737398
:10CB8000657320286D6178202564293A0A00000029
:10CB90000925732F257320257320257325730A001B
:10CBA000093C6E6F6E653E0A000000004950763405
:10CBB000206D756C7469636173742061646472655F
:10CBC0007373657320286D6178202564293A0A0003
:10CBD00009257325730A0000495076342067617473
:10CBE00065776179203A2025730A000069666163E0
:10CBF000650000005072696E7420696E666F726D18
:10CC00006174696F6E2061626F7574206E657477F0
:10CC10006F726B20696E74657266616365732E0056
:10CC200075700000276E6574206966616365207504
:10CC300070203C696E6465783E272074616B657373
:10CC4000206E6574776F726B20696E7465726661B1
:10CC500063652075702E0000646F776E0000000021
:10CC6000276E657420696661636520646F776E2046
:10CC70003C696E6465783E272074616B6573206E35
:10CC80006574776F726B20696E7465726661636537
:10CC900020646F776E2E0000276E657420696661D0
:10CCA0006365203C696E6465783E272073686F7702
:10CCB00073206E6574776F726B20696E746572662F
:10CCC00061636520696E666F726D6174696F6E2E47
:10CCD000000000007365745F6D616300276E65740A
:10CCE000206966616365207365745F6D6163203CD4
:10CCF000696E6465783E203C4D41433E2720736554
:10CD00007473204D414320616464726573732066BF
:10CD10006F7220746865206E6574776F726B20691E
:10CD20006E746572666163652E000000276E65741F
:10CD30002069666163652064656661756C74205B5B
:10CD40003C696E6465783E5D2720646973706C6130
:10CD50007973206F72207365747320746865206422
:10CD6000656661756C74206E6574776F726B20698F
:10CD70006E746572666163652E0000007365745F92
:10CD80006C696E6B00000000276E65742069666137
:10CD90006365207365745F6C696E6B203C696E64BB
:10CDA00065783E203C53706565642031302F31300A
:10CDB000302F313030302F323530302F3530303069
:10CDC0003E203C4475706C65785B6F7074696F6E63
:10CDD000616C5D3A682F663E272073657473206C22
:10CDE000696E6B20737065656420666F722074686D
:10CDF00065206E6574776F726B20696E74657266FC
:10CE00006163652E00000000545820636865636B01
:10CE100073756D206F66666C6F6164005258206395
:10CE20006865636B73756D206F66666C6F61640017
:10CE30005669727475616C204C414E00564C414EDF
:10CE40002054616720737472697070696E670000A6
:10CE5000322E352047626974730000003520476226
:10CE60006974730049454545203830322E314153AD
:10CE7000206750545020636C6F636B0049454545F3
:10CE8000203830322E315161762028637265646912
:10CE9000742073686170696E6729000049454545D3
:10CEA000203830322E3151627620287363686564F1
:10CEB000756C6564207472616666696329000000A0
:10CEC00049454545203830322E315162752028665B
:10CED00072616D6520707265656D7074696F6E2921
:10CEE00000000000545854494D45000050726F6DC9
:10CEF000697363756F7573206D6F64650000000062
:10CF00005072696F72697479207175657565730007
:10CF10004D414320616464726573732066696C746B
:10CF20006572696E67000000445341207573657235
:10CF300020706F727400000044534120636F6E6470
:10CF400075697420706F7274000000005458544961
:10CF50004D4520737570706F727465640000000039
:10CF600054582D496E6A656374696F6E20737570CD
:10CF7000706F7274656400007CCF070020CC0700DE
:10CF800024CC0700E0830700D1DC0400000000008F
:10CF900058CC070060CC0700E0830700E9DA040002
:10CFA00000000000F0A7070098CC0700E08307000E
:10CFB00089D7040000000000D4CC0700DCCC0700B7
:10CFC000E083070069D70400000000006CA507009B
:10CFD0002CCD0700E083070051DA040000000000B8
:10CFE0007CCD070088CD0700E083070005D804004A
:10CFF0000000000000000000000000000000000031
:10D0000000000000000000000100000008CE070042
:10D01000020000001CCE07000400000030CE070014
:10D02000004000003CCE07000800000070C9070067
:10D030001000000064C90700200000005CC9070060
:10D040004000000050CE0700800000005CCE0700CA
:10D050000001000064CE0700000200007CCE070043
:10D06000000002009CCE070000000400C0CE0700B4
:10D0700000000800E4CE070000040000ECCE07002A
:10D080000008000000CF07000010000010CF0700CC
:10D090000080000028CF07000000010038CF070003
:10D0A000000008004CCF07000000100060CF070010
:10D0B000506C65617365207370656369667920746F
:10D0C00068652074617267657420696661636520B4
:10D0D000696E6465782E0A00222573222069732008
:10D0E0006E6F7420612076616C696420696661638B
:10D0F0006520696E6465782E0A00000069666163C8
:10D1000065207769746820696E64657820222573CC
:10D110002220646F6573206E6F7420657869737464
:10D120002E0A0000256420282570202D202573203C
:10D130002D20257329000000756E6E616D656400F9
:10D140006966616365202573206E6F772069676E5D
:10D150006F7265642E0A000069666163652025733D
:10D16000206E6F7720776174636865642E0A000013
:10D17000506C6561736520737065636966792067BB
:10D180006574206F72207365740A0000616C6C0016
:10D190006E6F6E6500000000506C656173652073F2
:10D1A000706563696679207468652074617267656B
:10D1B00074206966616365206E616D652E0A0000EA
:10D1C00069666163652077697468206E616D6520AA
:10D1D0002225732220646F6573206E6F742065783A
:10D1E0006973742E0A00000069666900257320695E
:10D1F00073206E6F7420612076616C6964207461A5
:10D20000726765742074797065206F722074617222
:10D21000676574207370656369666965722E0A00BC
:10D2200056616C69642074617267657420737065FF
:10D230006369666965727320617265202769666932
:10D24000205B696E6465785D272C20276966205B0A
:10D250006E616D655D272C206F7220275B696E649F
:10D2600065785D272E0A000069660000546F6F2004
:10D270006D616E7920617267732E0A00506C656172
:10D2800073652073706563696679206120746172CB
:10D290006765742E0A00000054616B696E67206137
:10D2A0006C6C206E6F6E2D69676E6F72656420699D
:10D2B00066616365732061646D696E2D75702E0AF9
:10D2C0000000000054616B696E67206966616365E8
:10D2D0002025732061646D696E2D75702E0A000023
:10D2E0005468697320636F6D6D616E64206475703E
:10D2F0006C69636174657320276E6574206966616B
:10D30000636520757027206966205B7461726765AC
:10D31000745D20213D20616C6C2E0A00496E76619F
:10D320006C6964207461726765742073656C6563F1
:10D330007465642E0A00000049507634202B204981
:10D340005076360049507636000000006E6F204956
:10D350005000000069676E6F7265640077617463E6
:10D36000686564006E6F7420626F756E6400000003
:10D3700061646D696E2D75700000000061646D69F7
:10D380006E2D646F776E00006F7065722D75700082
:10D390006F7065722D646F776E0000006E6F742081
:10D3A000636F6E6E65637465640000006966616337
:10D3B00065202573206E6F7420747261636B6564E1
:10D3C0002E0A00006966616365202573207374610D
:10D3D0007475733A2025732C2025732C2025732C0B
:10D3E0002025732C2025732C2025732E0A00000085
:10D3F00049676E6F72696E6720616C6C2069666147
:10D400006365732E0A0000005761746368696E6774
:10D4100020616C6C206966616365732E0A000000F0
:10D4200054616B696E6720616C6C206E6F6E2D6944
:10D43000676E6F72656420696661636573206164FD
:10D440006D696E2D646F776E2E0A000054616B69F2
:10D450006E672069666163652025732061646D696C
:10D460006E2D646F776E2E0A000000005468697399
:10D4700020636F6D6D616E64206475706C696361AB
:10D4800074657320276E6574206966616365206426
:10D490006F776E27206966205B7461726765745DC3
:10D4A00020213D20616C6C2E0A000000496E7374CF
:10D4B00072756374696E6720616C6C206E6F6E2D7F
:10D4C00069676E6F72656420696661636573207455
:10D4D0006F20636F6E6E6563742E0A006966616308
:10D4E00065202573206973206E6F7420626F756EDE
:10D4F0006420746F206120636F6E6E65637469765B
:10D5000069747920696D706C656D656E746174699C
:10D510006F6E2C2063616E6E6F7420636F6E6E652C
:10D5200063742E0A00000000496E73747275637490
:10D53000696E6720696661636520257320746F20BA
:10D54000636F6E6E6563742E0A000000496E73741B
:10D5500072756374696E6720616C6C206E6F6E2DDE
:10D5600069676E6F726564206966616365732074B4
:10D570006F20646973636F6E6E6563742E0A0000BA
:10D580006966616365202573206973206E6F74205E
:10D59000626F756E6420746F206120636F6E6E65BC
:10D5A0006374697669747920696D706C656D656EF8
:10D5B000746174696F6E2C2063616E6E6F74206489
:10D5C0006973636F6E6E6563742E0A00496E7374BF
:10D5D00072756374696E672069666163652025737F
:10D5E00020746F206469736F6E6E6563742E0A0019
:10D5F00020286E6F2074696D656F757429000000B6
:10D60000207365636F6E64730000000043616E6E8B
:10D610006F74206765742F7365742074696D656F0E
:10D62000757420666F7220616C6C20696661636539
:10D63000732E0A00506C65617365207370656369B1
:10D64000667920612074696D656F75742028696E34
:10D65000207365636F6E6473292E0A002573206939
:10D6600073206E6F7420612076616C696420746928
:10D670006D656F75742E0A00696661636520257398
:10D68000206973206E6F7420626F756E6420746FF2
:10D69000206120636F6E6E656374697669747920AA
:10D6A000696D706C656D656E746174696F6E2C2048
:10D6B00063616E6E6F74206765742F736574206389
:10D6C0006F6E6E65637469766974792074696D65CF
:10D6D0006F75742E0A00000053657420746865200D
:10D6E000636F6E6E65637469766974792074696DB1
:10D6F000656F757420666F722069666163652025A9
:10D700007320746F20256425732E0A0054686520E9
:10D71000636F6E6E65637469766974792074696D80
:10D72000656F757420666F72206966616365202578
:10D730007320697320256425732E0A00494E5641D3
:10D740004C49440043616E6E6F74206765742F739B
:10D75000657420666C61677320666F7220616C6C03
:10D76000206966616365732E0A000000506C656174
:10D7700073652073706563696679206120666C61EA
:10D78000672E0A0056616C696420666C6167206BC5
:10D790006579776F726473206172653A0A000000E0
:10D7A0000925732C0A000000504552534953544533
:10D7B0004E5400004E4F5F4155544F5F434F4E4E05
:10D7C000454354004E4F5F4155544F5F444F574EB1
:10D7D000000000002573206973206E6F74206120A3
:10D7E00076616C696420666C61672E0A0000000037
:10D7F0007965730074727565000000006E6F00003B
:10D8000066616C7365000000506C65617365207320
:10D810007065636966792074727565206F72206621
:10D82000616C73652E0A000069666163652025736B
:10D83000206973206E6F7420626F756E6420746F40
:10D84000206120636F6E6E656374697669747920F8
:10D85000696D706C656D656E746174696F6E2C2096
:10D8600063616E6E6F74206765742F7365742063D7
:10D870006F6E6E656374697669747920666C616732
:10D880002E0A00005365742074686520636F6E6E05
:10D89000656374697669747920257320666C6167A5
:10D8A00020746F202573206F6E2069666163652088
:10D8B00025732E0A0000000054686520637572729B
:10D8C000656E742076616C7565206F66207468657E
:10D8D00020257320636F6E6E656374697669747951
:10D8E00020666C6167206F6E206966616365202524
:10D8F000732069732025732E0A000000636D0000F9
:10D90000436F6E74726F6C20636F6E6E5F6D6772C3
:10D910002E000000276E657420636D20737461749F
:10D920007573205B7461726765745D272073686F1F
:10D9300077732074686520636F6E6E6563746976B3
:10D9400069747920737461747573206F66207468CC
:10D9500065207370656369666965642069666163E3
:10D96000652873292E00000069676E6F72650000DC
:10D97000276E657420636D2069676E6F7265205B2A
:10D980007461726765745D272069676E6F72657375
:10D9900020746865207370656369666965642069D1
:10D9A000666163652873292E000000007761746347
:10D9B00068000000276E657420636D2077617463D2
:10D9C00068205B7461726765745D2720776174639A
:10D9D000686573207468652073706563696669653E
:10D9E000642069666163652873292E00636F6E6E1B
:10D9F00065637400276E657420636D20636F6E6EBF
:10DA0000656374205B7461726765745D2720636F62
:10DA10006E6E6563747320746865207370656369E6
:10DA2000666965642069666163652873292E000054
:10DA3000646973636F6E6E6563740000276E65744E
:10DA400020636D20646973636F6E6E656374205B21
:10DA50007461726765745D2720646973636F6E6EAD
:10DA600065637473207468652073706563696669A3
:10DA700065642069666163652873292E00000000D3
:10DA8000276E657420636D207570205B746172670A
:10DA900065745D272074616B6573207468652073FD
:10DAA000706563696669656420696661636528738A
:10DAB000292061646D696E2D75702E00276E657466
:10DAC00020636D20646F776E205B7461726765748C
:10DAD0005D272074616B65732074686520737065C1
:10DAE00063696669656420696661636528732920D6
:10DAF00061646D696E2D646F776E2E00666C616770
:10DB000000000000276E657420636D20666C6167FD
:10DB1000205B7461726765745D205B6765742F7349
:10DB200065745D205B666C61675D205B76616C751A
:10DB3000655D272067657473206F72207365747349
:10DB4000206120666C616720666F722074686520B2
:10DB50007370656369666965642069666163652ED3
:10DB60000000000074696D656F757400276E657440
:10DB700020636D2074696D656F7574205B746172CC
:10DB80006765745D205B6765742F7365745D205BEA
:10DB900076616C75655D272067657473206F7220F0
:10DBA00073657473207468652074696D656F75742E
:10DBB00020666F722074686520737065636966699A
:10DBC00065642069666163652E000000D0DB070094
:10DBD00098BE070014D9070000000000F5E9040012
:10DBE0000102000068D9070070D90700000000009A
:10DBF0007DEA040001020000ACD90700B4D9070097
:10DC00000000000069EB040001020000ECD90700ED
:10DC1000F4D90700000000004DED040001020000EF
:10DC200030DA07003CDA07000000000059EE04007B
:10DC30000102000020CC070080DA0700000000008D
:10DC4000B9E704000102000058CC0700BCDA070065
:10DC50000000000055EC040001020000FCDA07009F
:10DC600004DB07000000000091F104000105000042
:10DC700064DB07006CDB07000000000065EF0400B8
:10DC8000010400000000000000000000000000008F
:10DC90000000000000000000A8D7070000000000FE
:10DCA000B4D7070001000000C4D70700020000003D
:10DCB0004950763420737570706F72742020202064
:10DCC0002020202020202020202020202020202054
:10DCD000202020202020202020203A2025730A0008
:10DCE00064697361626C65640000000049507634B9
:10DCF00020667261676D656E746174696F6E207302
:10DD00007570706F72742020202020202020202029
:10DD10002020202020203A2025730A004950763404
:10DD200020636F6E666C69637420646574656374E8
:10DD3000696F6E20737570706F72742020202020C0
:10DD40002020202020203A2025730A00506174688A
:10DD5000204D545520446973636F7665727920288D
:10DD6000504D5455292020202020202020202020E4
:10DD70002020202020203A2025730A004D617820A1
:10DD80006E756D626572206F662049507634206E24
:10DD90006574776F726B20696E7465726661636516
:10DDA0007320696E207468652073797374656D20C3
:10DDB0002020202020202020203A2025640A000056
:10DDC0004D6178206E756D626572206F6620756E8C
:10DDD00069636173742049507634206164647265AC
:10DDE0007373657320706572206E6574776F726BE4
:10DDF00020696E746572666163652020203A202573
:10DE0000640A00004D6178206E756D626572206F46
:10DE100066206D756C746963617374204950763443
:10DE20002061646472657373657320706572206E1F
:10DE30006574776F726B20696E7465726661636575
:10DE4000203A2025640A00000A4950763420616493
:10DE50006472657373657320666F7220696E746592
:10DE60007266616365202564202825702920282595
:10DE700073290A003D3D3D3D3D3D3D3D3D3D3D3D20
:10DE80003D3D3D3D3D3D3D3D3D3D3D3D3D3D3D3DC2
:10DE90003D3D3D3D3D3D3D3D3D3D3D3D3D3D3D3DB2
:10DEA00025730A004E6F204950763420636F6E66EA
:10DEB000696720666F756E6420666F72207468698A
:10DEC0007320696E746572666163652E0A000000D6
:10DED00054797065202020202020095374617465D6
:10DEE00020202020095265660941646472657373BD
:10DEF0000A00000025732020092573202020200916
:10DF0000256C640925732F25730A0000436F727214
:10DF10006563742075736167653A206E6574206966
:10DF20007076342067617465776179203C696E642E
:10DF300065783E203C676174657761795F69703E02
:10DF40000A000000496E76616C6964206164647245
:10DF50006573733A2025730A00000000436F7272E4
:10DF60006563742075736167653A206E6574206916
:10DF700070763420616464203C696E6465783E206C
:10DF80003C616464726573733E205B3C6E65746DC6
:10DF900061736B3E5D0A00006A6F696E00000000ED
:10DFA00043616E6E6F74202573206D756C746963A8
:10DFB0006173742067726F757020257320666F72AD
:10DFC00020696E746572666163652025642028256A
:10DFD00064290A004E65746D61736B206973206D4E
:10DFE000697373696E672E0A0000000043616E6EEC
:10DFF0006F742061646420616464726573732025AA
:10E000007320746F20696E74657266616365202584
:10E01000640A0000496E76616C6964206E65746DF7
:10E0200061736B3A20257300436F727265637420CD
:10E0300075736167653A206E657420697076342067
:10E0400064656C203C696E6465783E203C61646464
:10E05000726573733E0000006C65617665000000B8
:10E060004661696C656420746F2064656C657465D5
:10E070002025730A0000000069707634000000005B
:10E080005072696E7420696E666F726D6174696F2B
:10E090006E2061626F75742049507634207370650C
:10E0A000636966696320696E666F726D6174696F1A
:10E0B0006E20616E6420636F6E666967757261744D
:10E0C000696F6E2E0000000061646400276E657445
:10E0D000206970763420616464203C696E646578E0
:10E0E0003E203C616464726573733E205B3C6E65E8
:10E0F000746D61736B3E5D27206164647320746886
:10E1000065206164647265737320746F2074686540
:10E1100020696E746572666163652E0064656C00CB
:10E12000276E657420697076342064656C203C69C4
:10E130006E6465783E203C616464726573733E274B
:10E140002064656C6574657320746865206164641F
:10E15000726573732066726F6D2074686520696ED6
:10E16000746572666163652E000000006761746506
:10E1700077617900276E6574206970763420676155
:10E180007465776179203C696E6465783E203C67F0
:10E190006174657761795F69703E27207365747378
:10E1A0002049507634206761746577617920666F05
:10E1B000722074686520696E746572666163652E8D
:10E1C00000000000C8E10700C8E00700CCE007003D
:10E1D00000000000B9F70400000000001CE1070087
:10E1E00020E107000000000055F9040000000000D5
:10E1F0006CE1070074E107000000000029F704004B
:10E20000000000000000000000000000000000000E
:10E210000000000000000000495076362073757041
:10E22000706F7274202020202020202020202020A9
:10E2300020202020202020202020202020202020DE
:10E2400020203A2025730A00434F4E4649475F4E2F
:10E2500045545F4950563600434F4E4649475F4E3E
:10E2600045545F4E415449564500000053657420A3
:10E27000257320616E6420257320746F20656E61A4
:10E28000626C65206E6174697665202573207375F4
:10E2900070706F72742E0A0069707636000000008C
:10E2A0005072696E7420696E666F726D6174696F09
:10E2B0006E2061626F7574204950763620737065E8
:10E2C000636966696320696E666F726D6174696FF8
:10E2D0006E20616E6420636F6E666967757261742B
:10E2E000696F6E2E00000000276E657420697076DD
:10E2F0003620616464203C696E6465783E203C6130
:10E300006464726573733E2720616464732074686B
:10E3100065206164647265737320746F207468652E
:10E3200020696E746572666163652E00276E657480
:10E3300020697076362064656C203C696E6465786F
:10E340003E203C616464726573733E272064656C93
:10E3500065746573207468652061646472657373A5
:10E360002066726F6D2074686520696E74657266D0
:10E370006163652E00000000706500006E6574200A
:10E380006970763620706520616464205B616C6C16
:10E390006F777C64656E795D203C495076362070DD
:10E3A00072656669783E0A41646420495076362079
:10E3B0006164647265737320746F2066696C746540
:10E3C00072206C6973742E2054686520616C6C6FC8
:10E3D000772F64656E7920706172616D6574657206
:10E3E0002074656C6C732069662074686973206999
:10E3F0007320616C6C6F77206C697374656420287E
:10E40000616363657074656429206F722064656E52
:10E4100079206C697374656420286465636C696E27
:10E42000656429207072656669782E20446566618E
:10E43000756C7420697320746F20616C6C6F772029
:10E440006C69737420746865207072656669782ED3
:10E450000A697076362070652064656C203C4950EE
:10E460007636207072656669783E0A44656C65741C
:10E470006520495076362061646472657373206646
:10E48000726F6D2066696C746572206C6973742E8E
:10E490000000000098E40700C8E00700E8E2070079
:10E4A00000000000D5FA0400000000001CE1070095
:10E4B0002CE307000000000001FB04000000000046
:10E4C00078E307007CE307000000000099FA0400ED
:10E4D000000000000000000000000000000000003C
:10E4E0000000000000000000467261676D656E74F8
:10E4F000206C656E6774682025642062797465738A
:10E500000A0000004E6574776F726B206275666654
:10E51000657220706F6F6C733A0A00004164647218
:10E520006573730909546F74616C094E616D650AF6
:10E530000000000025700925640952580A000000F7
:10E5400025700925640954580A0000002570092522
:10E550006409525820444154410A0000257009259D
:10E560006409545820444154410A00006E65745FA8
:10E5700062756620616C6C6F636174696F6E000018
:10E58000434F4E4649475F4E45545F4255465F50A4
:10E590004F4F4C5F55534147450000006D656D007E
:10E5A0005072696E7420696E666F726D6174696F06
:10E5B0006E2061626F7574206E6574776F726B2068
:10E5C0006D656D6F72792075736167652E0000004F
:10E5D0004E61746976652049507636206E6F7420DE
:10E5E000656E61626C65642E0A0000006E627200E6
:10E5F0005072696E74206E65696768626F72206917
:10E600006E666F726D6174696F6E2E00276E657431
:10E61000206E627220726D203C6164647265737357
:10E620003E272072656D6F766573206E6569676839
:10E63000626F722066726F6D2063616368652E0081
:10E6400044E60700F42208000CE607000000000082
:10E6500015FC0400000000000000000000000000A5
:10E6600000000000000000000000000074696D65FB
:10E670003D2564206D730000256420627974657304
:10E680002066726F6D20257320746F2025733A20E9
:10E6900069636D705F7365713D25642074746C3DB2
:10E6A00025642025730A000050617273652065722D
:10E6B000726F723A2025730A00000000556E726571
:10E6C000636F676E697A656420617267756D656EE8
:10E6D000743A2025730A00005461726765742068DB
:10E6E0006F7374206D697373696E670A00000000B0
:10E6F00043616E6E6F7420696E697469616C697ACA
:10E70000652049434D5020636F6E746578742066B0
:10E710006F722025730A0000496E76616C6964206F
:10E72000495020616464726573730A0050494E4712
:10E730002025730A0000000050696E672074696D1F
:10E74000656F75740A0000004661696C6564207429
:10E750006F2073656E642070696E672C206572721D
:10E760003A2025640000000050696E672061206E29
:10E770006574776F726B20686F73742E00000000F1
:10E78000276E65742070696E67205B2D6320636F50
:10E79000756E745D205B2D6920696E74657276619B
:10E7A0006C206D735D205B2D49203C69666163655B
:10E7B00020696E6465783E5D205B2D5120746F7317
:10E7C0005D205B2D73207061796C6F6164207369CB
:10E7D0007A655D205B2D70207072696F7269747943
:10E7E0005D203C686F73743E272053656E6420493A
:10E7F000434D507634206F722049434D5076362079
:10E800004563686F2D5265717565737420746F2050
:10E8100061206E6574776F726B20686F73742E0061
:10E8200024E80700FCA2070080E7070000000000C2
:10E8300001FE0400000000000000000000000000D5
:10E84000000000000000000000000000496E76613A
:10E850006C6964207074722076616C75652028255F
:10E8600073292E204578616D706C653A20307830C0
:10E87000313032303330340A00000000506F696E9E
:10E88000746572206973206E6F74207265636F67A0
:10E890006E697A6564206173206E65745F706B7455
:10E8A00020282573292E0A006E65745F706B742012
:10E8B00025702062756666657220636861696E3ACC
:10E8C0000A00000025705B256C645D002D3E000091
:10E8D00025705B256C642F2575202825752F2575DF
:10E8E000295D00006E65745F706B74202570206276
:10E8F000756666657220636861696E206865786414
:10E90000756D703A0A0000006E65745F6275665B33
:10E9100025645D2025700A00706B74006E65745F5D
:10E92000706B7420696E666F726D6174696F6E2EA4
:10E9300000000000276E657420706B74203C7074BA
:10E940007220696E206865783E27205072696E7467
:10E9500020696E666F726D6174696F6E2061626F9F
:10E96000757420676976656E206E65745F706B7470
:10E970000000000078E90700FCA2070034E9070066
:10E9800000000000B90105000000000000000000C8
:10E990000000000000000000000000000000000077
:10E9A0007061636B65742066696C74657220696E52
:10E9B000666F726D6174696F6E000000434F4E4662
:10E9C00049475F4E45545F504B545F46494C544550
:10E9D0005200000066696C74657200005072696EC6
:10E9E0007420696E666F726D6174696F6E2061620A
:10E9F0006F7574206E6574776F726B207061636BD6
:10EA000065742066696C746572732E00434F4E46C0
:10EA100049475F4E45545F495056365F504D5455F7
:10EA2000206F7220434F4E4649475F4E45545F4921
:10EA30005056345F504D545500000000706D747591
:10EA40000000000053686F7720504D545520696EC8
:10EA5000666F726D6174696F6E2E000052656D6F26
:10EA6000766520616C6C20656E74726965732066D2
:10EA7000726F6D20504D54552064657374696E61DA
:10EA800074696F6E2063616368652E0090EA070009
:10EA900070B607005CEA0700000000006104050092
:10EAA0000000000000000000000000000000000066
:10EAB000000000000000000050505000434F4E4640
:10EAC00049475F4E45545F4C325F50505020616E55
:10EAD0006420434F4E4649475F4E45545F50505067
:10EAE00000000000434F4E4649475F4E45545F4C7F
:10EAF000325F505050000000707070005050502035
:10EB0000696E666F726D6174696F6E2E0000000031
:10EB1000276E6574207070702070696E67203C6984
:10EB20006E6465783E272073656E64732045636864
:10EB30006F2D7265717565737420746F205050501D
:10EB400020696E746572666163652E00276E657458
:10EB500020707070207374617475732720707269EF
:10EB60006E747320696E666F726D6174696F6E206A
:10EB700061626F7574205050502E000080EB0700CA
:10EB8000E425080010EB070000000000B9040500B0
:10EB90000000000098BE07004CEB070000000000DA
:10EBA0008D040500000000000000000000000000CF
:10EBB000000000000000000000000000596F7520F8
:10EBC0006E6565642061206E6574776F726B20647A
:10EBD000726976657220737570706F7274696E6792
:10EBE00020506F776572204D616E6167656D656E4F
:10EBF000742E0A00526573756D652061206E657410
:10EC0000776F726B20696E74657266616365000070
:10EC10006E6574776F726B20726F7574650000009B
:10EC2000434F4E4649475F4E45545F524F555445FA
:10EC30000000000053657420257320616E64202558
:10EC40007320746F20656E61626C65206E617469FB
:10EC5000766520257320737570706F72742E204155
:10EC60006E6420656E61626C6520434F4E46494775
:10EC70005F4E45545F524F5554450A00536574200A
:10EC8000257320616E6420257320746F20656E618A
:10EC9000626C65206E6174697665202573207375DA
:10ECA00070706F72742E20416E6420656E61626CAC
:10ECB0006520434F4E4649475F4E45545F524F557E
:10ECC00054452E0A0000000053686F77206E65746B
:10ECD000776F726B20726F7574652E00276E657486
:10ECE00020726F75746520616464203C696E646590
:10ECF000783E203C64657374696E6174696F6E3E22
:10ED0000203C676174657761793E27206164647394
:10ED10002074686520726F75746520746F20746844
:10ED2000652064657374696E6174696F6E2E00008E
:10ED3000276E657420726F7574652064656C203C65
:10ED4000696E6465783E203C64657374696E6174B5
:10ED5000696F6E3E272064656C6574657320746806
:10ED60006520726F75746520746F20746865206407
:10ED7000657374696E6174696F6E2E0080ED0700B3
:10ED8000C8E00700DCEC0700000000006905050092
:10ED9000000000001CE1070030ED0700000000004B
:10EDA0002D0505000000000000000000000000002C
:10EDB000000000000000000000000000736F636BA3
:10EDC000657420696E666F726D6174696F6E0000A4
:10EDD000434F4E4649475F4F424A5F434F5245209B
:10EDE000616E6420434F4E4649475F4E45545F5322
:10EDF0004F434B4554535F4F424A5F434F52450088
:10EE0000536F636B65742073657276696365206EFA
:10EE10006F7420737570706F727465642E0A0000D1
:10EE2000736F636B6574730053686F77206E6574DE
:10EE3000776F726B20736F636B6574732E000000C5
:10EE40006B65792D76616C75650000006865782DBD
:10EE5000626C6F6200000000626F74680000000066
:10EE6000636F6D6D6F6E000076656E646F7200008B
:10EE70000A496E74657266616365202570202825D5
:10EE80007329205B25645D0A000000004950763438
:10EE90002072656376202020202020257509736567
:10EEA0006E740925750964726F7009257509666F9E
:10EEB000727761726465640925750A00495020768D
:10EEC000686C6572722020202020202575096862F8
:10EED0006C656E6572092575096C626C656E65728C
:10EEE0000925750A000000004950206672616765B7
:10EEF0007272202020202025750963686B6572726C
:10EF00000925750970726F746F65720925750A009D
:10EF100049434D5020726563762020202020202513
:10EF2000750973656E740925750964726F7009251A
:10EF3000750A000049434D50207479706565722050
:10EF400020202025750963686B6572720925750A92
:10EF50000000000049474D50207265637620202054
:10EF600020202025750973656E7409257509647262
:10EF70006F700925750A000055445020726563764C
:10EF80002020202020202025750973656E74092516
:10EF9000750964726F700925750A00005544502088
:10EFA00063686B657272202020202025750A00009E
:10EFB000544350206279746573207265637620250E
:10EFC0006C6C750973656E7409256C6C75097265D6
:10EFD00073656E740925750A0000000054435020C3
:10EFE0007365672072656376202020257509736537
:10EFF0006E740925750964726F700925750A000021
:10F000005443502073656720726573656E742025C4
:10F01000750963686B6572720925750961636B65B3
:10F0200072720925750A00005443502073656720E9
:10F03000727374657272202575097273740925756F
:10F040000A00000054435020636F6E6E2064726F9C
:10F05000702020257509636F6E6E727374092575B3
:10F060000A00000054435020706B742064726F706B
:10F0700020202025750A000042797465732072658E
:10F0800063656976656420256C6C750A0000000074
:10F0900042797465732073656E74202020202025CA
:10F0A0006C6C750A000000000A476C6F62616C208E
:10F0B000737461746973746963730A003D3D3D3D07
:10F0C0003D3D3D3D3D3D3D3D3D3D3D3D3D0A00001D
:10F0D00050726F63657373696E6720657272202565
:10F0E000750A00004E6574776F726B20696E7465E7
:10F0F000726661636520696E646578206D697373FB
:10F10000696E67210A00000053686F77206E65748E
:10F11000776F726B20737461746973746963732E93
:10F120000000000053686F77206E6574776F726B14
:10F13000207374617469737469637320666F7220DD
:10F14000616C6C206E6574776F726B20696E74658C
:10F150007266616365732E0A55736167653A206E46
:10F16000657420737461747320616C6C205B636FD1
:10F170006D6D6F6E7C76656E646F727C616C6C5DBC
:10F18000205B6B65792D76616C75657C6865782D83
:10F19000626C6F627C626F74685D0000276E6574DC
:10F1A000207374617473203C696E6465783E205BE3
:10F1B0006F7074696F6E735D272073686F7773204B
:10F1C0006E6574776F726B207374617469737469A0
:10F1D000637320666F72206F6E652073706563695C
:10F1E000666963206E6574776F726B20696E7465F3
:10F1F00072666163652E0A547970652066696C7465
:10F2000065723A0A2020636F6D6D6F6E3A204F6E03
:10F210006C7920636F6D6D6F6E20737461747320F1
:10F2200028736B6970732046572071756572792950
:10F230000A202076656E646F723A204F6E6C7920DA
:10F2400076656E646F722D7370656369666963209D
:10F2500073746174730A2020616C6C3A2020202042
:10F26000416C6C20737461747320286465666175E9
:10F270006C74290A56656E646F72207374617473BE
:10F2800020666F726D617420286F6E6C79206170DA
:10F29000706C696573207768656E2076656E646F43
:10F2A000722073746174732073686F776E293A0AE1
:10F2B00020206B65792D76616C75653A204B6579F8
:10F2C0002D76616C756520706169727320286465A4
:10F2D0006661756C74290A20206865782D626C6FF0
:10F2E000623A202048657820626C6F6220666F72F7
:10F2F0002070617273696E670A2020626F74683AC9
:10F30000202020202020426F746820666F726D617B
:10F310007473000018F307008CD1070024F1070074
:10F3200000000000B506050000000000ECCB07005F
:10F330009CF10700E48307008D0B0500000000002E
:10F3400000000000000000000000000000000000BD
:10F350000000000053757370656E642061206E6557
:10F3600074776F726B20696E746572666163650095
:10F370004E6F7420636F6E6E65637465640A00007F
:10F3800043616E6E6F7420636C6F73652074686583
:10F3900020636F6E6E656374696F6E202825642923
:10F3A0000A000000436F6E6E656374696F6E2063C0
:10F3B0006C6F7365642E0A0043616E6E6F74207209
:10F3C000656376206461746120282564290A000041
:10F3D000436F6E6E656374696F6E20636C6F7365E7
:10F3E000642062792072656D6F7465207065657246
:10F3F0002E0A0000257A7520627974657320726583
:10F400006365697665640A004E6F206461746120EB
:10F41000746F2073656E642E0A00000043616E6E87
:10F420006F742073656E64206D73672028256429CE
:10F430000A0000004D6573736167652073656E7423
:10F440000A00000054435020636F6E6E6563746958
:10F450006F6E206661696C656420282564290A0046
:10F4600054435020636F6E6E65637465640A0000D8
:10F47000416C726561647920636F6E6E656374655B
:10F48000640A00005065657220495020616464720E
:10F49000657373206D697373696E672E0A000000CF
:10F4A0005065657220706F7274206D697373696E38
:10F4B000672E0A00496E76616C696420706F727401
:10F4C0002025730A00000000496E76616C69642093
:10F4D0004950763420616464726573730A000000D9
:10F4E000436F6E6E656374696E672066726F6D2020
:10F4F00025733A2575200000746F2025733A257511
:10F500000A00000043616E6E6F74206765742054BA
:10F51000435020636F6E7465787420282564290A2F
:10F520000000000043616E6E6F742062696E64209B
:10F5300054435020282564290A000000436F6E6E52
:10F54000656374206661696C6564210A00000000CF
:10F5500074637000436F6E6E6563742F73656E64C1
:10F560002F636C6F73652054435020636F6E6E651C
:10F570006374696F6E2E0000276E6574207463706B
:10F5800020636F6E6E656374203C616464726573A2
:10F59000733E203C706F72743E2720636F6E6E6501
:10F5A00063747320746F2054435020706565722E0D
:10F5B0000000000073656E6400000000276E657433
:10F5C000207463702073656E64203C646174613ED6
:10F5D000272073656E6473206461746120746F20EA
:10F5E00070656572207573696E67205443502E00F4
:10F5F0007265637600000000276E65742074637086
:10F60000207265637627207265636569766573206D
:10F6100064617461207573696E67205443502E00D5
:10F62000636C6F7365000000276E657420746370EF
:10F6300020636C6F73652720636C6F736573205450
:10F64000435020636F6E6E656374696F6E2E0000A9
:10F6500054F60700ECD9070078F507000000000019
:10F66000ED0F050000000000B4F50700BCF5070031
:10F6700000000000050F050000000000F0F5070085
:10F68000F8F5070000000000D10D050000000000A3
:10F6900020F6070028F60700000000005D0D0500B9
:10F6A000000000000000000000000000000000005A
:10F6B0000000000000000000526563656976656423
:10F6C00020554450207061636B65743A200000003F
:10F6D0004E6574776F726B20636F6E7465787420FB
:10F6E0006973206E6F7420757365642E2043616E9C
:10F6F0006E6F7420636C6F73652E0A0043616E6ECB
:10F700006F7420636C6F73652055445020706F7266
:10F710007420282564290A004E6F7420656E6F7569
:10F72000676820617267756D656E747320676976AE
:10F73000656E20666F72207564702062696E642049
:10F74000636F6D6D616E640A00000000496E766142
:10F750006C696420706F7274206E756D6265720AD8
:10F76000000000004E6574776F726B20636F6E74DB
:10F7700065787420616C726561647920696E2075AA
:10F7800073650A0043616E6E6F742067657420555F
:10F79000445020636F6E7465787420282564290AAC
:10F7A0000000000062696E64000000004950763677
:10F7B00020616E642049507634206172652064694E
:10F7C0007361626C65642C2063616E6E6F742025BA
:10F7D000732E0A004E6F20696E74657266616365F0
:10F7E00020746F2073656E6420746F20676976657E
:10F7F0006E20686F73740A0042696E64696E6720D8
:10F80000746F2055445020706F7274206661696C6B
:10F81000656420282564290A00000000526563659C
:10F820006976696E672066726F6D2055445020704E
:10F830006F7274206661696C656420282564290AEA
:10F840000000000043616E6E6F7420707574205567
:10F85000445020636F6E7465787420282564290AEB
:10F86000000000004E6F7420656E6F756768206140
:10F870007267756D656E747320676976656E206654
:10F880006F72207564702073656E6420636F6D6D98
:10F89000616E640A0000000053657474696E67202D
:10F8A0007263762063616C6C6261636B2066616970
:10F8B0006C656420282564290A00000053656E6485
:10F8C000696E67207061636B6574206661696C6541
:10F8D0006420282564290A00554450207061636B18
:10F8E00065742073656E64696E67206661696C6516
:10F8F000640A00007564700053656E642F7265635E
:10F900007620554450207061636B657400000000E0
:10F91000276E6574207564702062696E64203C6196
:10F920006464723E203C706F72743E272062696E80
:10F93000647320746F20554450206C6F63616C2099
:10F94000706F72742E000000276E657420756470ED
:10F9500020636C6F73652720636C6F736573207011
:10F96000726576696F75736C7920626F756E64204D
:10F97000706F72742E000000276E657420756470BD
:10F980002073656E64203C686F73743E203C706F1A
:10F9900072743E203C7061796C6F61643E27207305
:10F9A000656E647320554450207061636B657420EC
:10F9B000746F2061206E6574776F726B20686F734F
:10F9C000742E0000C8F90700A4F7070010F907001B
:10F9D00000000000411305000000000020F60700B1
:10F9E00048F9070000000000E512050000000000D3
:10F9F000B4F5070078F907000000000009150500BC
:10FA000000000000000000000000000000000000F6
:10FA100000000000000000007669727475616C20BF
:10FA20006E6574776F726B20696E74657266616360
:10FA300065000000434F4E4649475F4E45545F4CBA
:10FA4000325F5649525455414C0000007669727439
:10FA500075616C0053686F772F6D616E6970756C9E
:10FA6000617465207669727475616C206E65747757
:10FA70006F726B20696E74657266616365732E00C8
:10FA8000617474616368000041747461636820612B
:10FA9000206E6574776F726B20696E746572666133
:10FAA000636520746F20616E6F7468657220696E83
:10FAB000746572666163652E0A2776697274756172
:10FAC0006C20617474616368203C7570706572208D
:10FAD0007669727475616C20696661636520696E10
:10FAE0006465783E203C6C6F77657220696661635F
:10FAF0006520696E6465783E270000006465746166
:10FB0000636800004465746163682061206E6574F9
:10FB1000776F726B20696E746572666163652066CB
:10FB2000726F6D20616E6F7468657220696E7465A6
:10FB300072666163652E0A277669727475616C203E
:10FB4000646574616368203C7570706572207669C5
:10FB5000727475616C20696661636520696E6465A5
:10FB6000783E270053686F77207669727475616CF0
:10FB700020696E7465726661636520696E666F7276
:10FB80006D6174696F6E2E0A277669727475616C87
:10FB90002073686F772700009CFB070080FA07003E
:10FBA00088FA070000000000691705000300000044
:10FBB000FCFA070004FB0700000000003D170500E9
:10FBC00002000000F0A7070064FB0700000000002F
:10FBD00011170500010100000000000000000000F6
:10FBE000000000000000000000000000564C414EE4
:10FBF00000000000434F4E4649475F4E45545F5654
:10FC00004C414E00766C616E0000000053686F77C7
:10FC100020564C414E20696E666F726D6174696F3B
:10FC20006E2E0000276E657420766C616E20616414
:10FC300064203C7461673E203C696E6465783E27B1
:10FC4000206164647320564C414E207461672074B7
:10FC50006F20746865206E6574776F726B20696EB3
:10FC6000746572666163652E00000000276E65741E
:10FC700020766C616E2064656C203C7461673E2761
:10FC80002064656C6574657320564C414E20746128
:10FC9000672066726F6D20746865206E6574776F7B
:10FCA000726B20696E746572666163652E00000078
:10FCB000B4FC0700C8E0070024FC070000000000B7
:10FCC000ED170500030000001CE107006CFC0700B5
:10FCD00000000000C1170500020000000000000045
:10FCE0000000000000000000000000000000000014
:10FCF000576562736F636B6574000000434F4E4637
:10FD000049475F574542534F434B45545F434C4926
:10FD1000454E5400776562736F636B657400000035
:10FD20005072696E7420696E666F726D6174696F6E
:10FD30006E2061626F757420576562536F636B65E7
:10FD40007420636F6E6E656374696F6E732E00004E
:10FD500071627600434F4E4649475F4E45545F51AE
:10FD60004256000053657420257320746F20656E21
:10FD700061626C6520257320737570706F72742ECC
:10FD80000A0A000045746865726E6574206E6574B9
:10FD9000776F726B206D616E6167656D656E742043
:10FDA000696E74657266616365000000434F4E467C
:10FDB00049475F4E45545F4C325F45544845524E6B
:10FDC00045545F4D474D540051627620636F6D6D11
:10FDD000616E647300000000456E61626C653A20DC
:10FDE000656E61626C65203C69666163655F696E22
:10FDF0006465783E203C76616C7565286F66662C7C
:10FE0000206F6E293E0000007365745F636F6E663D
:10FE10006967000053657420636F6E6669673A20F6
:10FE20007365745F636F6E666967203C69666163C2
:10FE3000655F696E6465783E203C626173655F74DE
:10FE4000696D652873293E203C626173655F746942
:10FE50006D6528322A282D3136296E73293E203CC3
:10FE60006379636C655F74696D652873293E203C16
:10FE70006379636C655F74696D65286E73293E20D4
:10FE80003C6379636C655F74696D655F6578742840
:10FE90006E73293E203C6C6973745F6C656E3E0026
:10FEA0007365745F676300005365742067617465F0
:10FEB00020636F6E74726F6C3A207365745F676352
:10FEC000203C69666163655F696E6465783E203CCD
:10FED000726F773E203C676174655F636F6E74720A
:10FEE0006F6C3E203C696E74657276616C3E0000FA
:10FEF0006765745F696E666F000000004765742077
:10FF0000696E666F3A206765745F696E666F203C44
:10FF100069666163655F696E6465783E0000000034
:10FF200024FF07009CB80700D8FD07000000000070
:10FF3000AD1805000300000008FE070014FE0700CE
:10FF400000000000E118050008000000A0FE070006
:10FF5000A8FE0700000000001519050005000000BC
:10FF6000F0FE0700FCFE0700000000007918050005
:10FF7000020000000000000000000000000000007F
:10FF80000000000000000000574553545F544F50DC
:10FF90004449522F7A65706879722F73756273794C
:10FFA000732F6E65742F6C322F65746865726E6581
:10FFB000742F65746865726E65742E6300000000AE
:10FFC00006FFFFFFFFFFFF00FFFFFFFFFFFF000037
:10FFD00041525000574553545F544F504449522F9B
:10FFE0007A65706879722F7375627379732F6E6595
:10FFF000742F69702F6E65745F73746174732E68EB
:0200000280007C
:1000000000000000574553545F544F504449522F4D
:100010007A65706879722F7375627379732F6E6564
:10002000742F69702F6E65745F69662E630000001F
:100030003C696E76616C69643E000000776C616EAD
:100040002564000065746825640000006E657425F1
:1000500064000000554E4B4E4F574E004E4F5450CB
:10006000524553454E5400004C4F5745524C415950
:100070004552444F574E000054455354494E470093
:10008000444F524D414E5400540008005C0008009B
:10009000CCD707006800080078000800800008003E
:1000A00050C907004E45545F4F4B00004E45545F0A
:1000B000434F4E54494E5545000000004E45545F95
:1000C00044524F50000000003C756E6B6E6F776EAF
:1000D0003E00000049434D50763400005544500026
:1000E00049434D507636000043414E5F5241570020
:1000F000554E4B5F50524F544F000000FFFFFFFF23
:1001000000000000574553545F544F504449522F4C
:100110007A65706879722F7375627379732F6E6563
:10012000742F69702F6E65745F6D676D742E630038
:100130006E65745F6D676D74000000005745535421
:100140005F544F504449522F7A65706879722F730B
:1001500075627379732F6E65742F69702F6E657475
:100160005F636F6E746578742E63000048B2070099
:100170007C010800800000000000000010D7022071
:1001800048B2070090010800800000000000000055
:1001900000ED022072785F715B25645D0000000055
:1001A0000000000000000000E0000002E00000018C
:1001B000574553545F544F504449522F7A657068E5
:1001C00079722F7375627379732F6E65742F6970EE
:1001D0002F7463702E6300007463705F776F726BAF
:1001E000000000005443505F554E555345440000F5
:1001F0005443505F434C4F53454400005443505FB9
:100200004C495354454E00005443505F53594E5F80
:1002100053454E54000000005443505F53594E5F05
:100220005245434549564544000000005443505F41
:1002300045535441424C4953484544005443505F50
:1002400046494E5F574149545F3100005443505F67
:1002500046494E5F574149545F3200005443505F56
:10026000434C4F53455F5741495400005443505F3E
:10027000434C4F53494E47005443505F4C415354F5
:100280005F41434B000000005443505F54494D45CB
:100290005F57414954000000E4010800F0010800E4
:1002A000FC01080008020800180208002C020800DF
:1002B0003C0208004C0208005C0208006C020800C6
:1002C0007802080088020800C00000004D51545414
:1002D000000000004D51497364700000CC0208001A
:1002E00004000000D40208000600000081E10500BF
:1002F00001E2050051E20500E5E2050015E3050015
:10030000FD180400391A04009D1A04001D1B040086
:10031000ED1B0400574553545F544F504449522F2E
:100320007A65706879722F7375627379732F6E6551
:10033000742F6C69622F6D7174742F6D7174745F9A
:100340006F732E68000000003139322E3136382E9E
:10035000312E3530000000003235352E3235352E45
:100360003235352E300000003139322E3136382EFC
:10037000312E313131000000496E697469616C6958
:100380007A696E67206E6574776F726B000000008B
:10039000636F6E6E5F6D67725F6D6F6E69746F72A3
:1003A00000000000574553545F544F504449522FAA
:1003B0007A65706879722F696E636C7564652F7ADF
:1003C00065706879722F6E65742F636F6E6E5F6DE6
:1003D00067725F636F6E6E65637469766974795F67
:1003E000696D706C2E680000574553545F544F5030
:1003F0004449522F7A65706879722F7375627379E8
:10040000732F6E65742F636F6E6E5F6D67722F63EF
:100410006F6E6E5F6D67725F636F6E6E656374693A
:10042000766974792E630000574553545F544F50DA
:100430004449522F7A65706879722F6472697665C3
:1004400072732F636C6F636B5F636F6E74726F6C2C
:100450002F636C6F636B5F636F6E74726F6C5F6E34
:1004600072662E6300000000EDFC0500EDFA050049
:1004700000000000636C6F636B403530303000006B
:10048000636C6F636B0000006866636C6B00000058
:100490006C66636C6B000000636C6F636B5F636F13
:1004A0006E74726F6C000000AC0408000100000064
:1004B0008004080011FC0500E9F905008804080023
:1004C000C1FA0500BDFA0500900408007073612DA3
:1004D000726E67007073615F726E6700E0040800FF
:1004E00001000000D4040800574553545F544F5096
:1004F0004449522F7A65706879722F696E636C7502
:1005000064652F7A65706879722F64726976657296
:10051000732F6770696F2E68000000002573204DEF
:1005200041432073657420746F20253032783A255A
:100530003032783A253032783A253032783A2530E0
:1005400032783A25303278003130300031300000D6
:1005500025733A204C696E6B2075700025733A2024
:100560004C696E6B207370656564202573204D6245
:100570002C202573206475706C65780025733A20F3
:100580004C696E6B20646F776E00000053504920F9
:100590006D617374657220706F7274202573206EA4
:1005A0006F74207265616479000000004750494F04
:1005B00020706F7274202573206E6F7420726561D5
:1005C00064790000556E61626C6520746F20636F02
:1005D0006E666967757265204750494F2070696E75
:1005E00020257500556E61626C6520746F20616412
:1005F00064204750494F2063616C6C6261636B20DB
:1006000025750000556E61626C6520746F20656E03
:1006100061626C65204750494F20494E5420257532
:10062000000000005265736574206661696C656442
:1006300000000000556E61626C6520746F20726569
:100640006164205254522072656769737465720048
:100650006574685F773535303000000057353530C8
:100660003020496E697469616C697A6564000000C4
:100670006574682D77353530304030006574682DED
:10068000773535303040305F70687900900608006B
:1006900001000000500608007C7B070000127A0071
:1006A000000100001C7B07000A00010000000000A0
:1006B00001000000000000001C7B07000200010098
:1006C000000000000000000003020000009151063D
:1006D000BC7B0700B900060000000000000000001D
:1006E000E902060029030600C1FF05005D010600BE
:1006F00000000000C5FF0500510306005745535494
:100700005F544F504449522F7A65706879722F694F
:100710006E636C7564652F7A65706879722F647288
:1007200069766572732F6770696F2F6770696F5F85
:100730007574696C732E6800574553545F544F505D
:100740004449522F6D6F64756C65732F68616C2F0F
:100750006E6F726469632F6E7266782F68616C2F9A
:100760006E72665F6770696F2E680000574553545C
:100770005F544F504449522F7A65706879722F64E4
:100780007269766572732F6770696F2F6770696F12
:100790005F6E7266782E63006770696F403834321E
:1007A000353030006770696F30000000B007080016
:1007B00001000000A4070800FFFFFFFF00258440A0
:1007C00064A70120000000000000000000010203F7
:1007D000040506074661696C656420746F20616CCE
:1007E0006C6F6361746520505049204368616E6E80
:1007F000656C000075617274403830303000000064
:100800007561727430000000756172745F6E72669B
:10081000785F7561727465001C08080001000000B3
:1008200000080800008000400100000000000000F7
:10083000440808000000D60100000000AF130220A9
:10084000AE130220008000405008080001000000A4
:1008500058080800040000001B0000000E00000201
:100860001A0600010F060003557064617465206567
:100870007863656564732063757272656E74206257
:1008800075666665720000004661696C6564207477
:100890006F20616C6C6F63617465204750494F54E1
:1008A00045206368616E6E656C20666F72205741EB
:1008B0004B4500004661696C656420746F20636F6E
:1008C0006E6669677572652057414B452070696E89
:1008D000000000004353204750494F20706F72744E
:1008E0002025732070696E202564206973206E6F47
:1008F000742072656164790048616C662D6475705E
:100900006C6578206E6F7420737570706F7274658B
:1009100064000000536C617665206D6F646520692A
:1009200073206E6F7420737570706F7274656420BD
:100930006F6E2025730000004C6F6F706261636BF7
:10094000206D6F6465206973206E6F7420737570FD
:10095000706F727465640000576F72642073697AF7
:100960006573206F74686572207468616E2038202A
:100970006269747320617265206E6F742073757084
:10098000706F7274656400004672657175656E63A0
:10099000696573206C6F776572207468616E2031B1
:1009A0003235206B487A20617265206E6F74207337
:1009B0007570706F72746564000000004661696C48
:1009C000656420746F20696E697469616C697A6509
:1009D000206E726678206472697665723A202564AA
:1009E0000000000057616974696E6720666F7220AD
:1009F00057414B452061636B6E6F776C6564676D23
:100A0000656E742074696D6564206F7574000000F4
:100A100054696D656F75742077616974696E6720BC
:100A2000666F72207472616E7366657220636F6D9B
:100A3000706C65746500000073706940623030301E
:100A4000000000007370693300000000617264757B
:100A5000696E6F5F737069007370695F6E7266783C
:100A60005F7370696D0000006C0A080002000000EE
:100A7000440A08004C0A080000127A000000000036
:100A80000000000000000000FFFFFFFF0000FF006B
:100A9000000000000000000101000000DD1706005A
:100AA000FF1F0000B40A080000000000FFFFFFFF66
:100AB0000000000000B00040C00A08000100000073
:100AC000C80A0800030000000D1800040C180006F6
:100AD0000B1800051C7B07000A0001001C7B0700A7
:100AE0001400010054462D4D206E6F6E2D7365630A
:100AF0007572652063616C6C6261636B20696E69FD
:100B00007469616C697A6174696F6E206661696C81
:100B100065642C206572726F723A202564000000B3
:100B20002A2A2A2A2A205345435552452046415510
:100B30004C54202A2A2A2A2A00000000202041643E
:100B400064726573733A2030782578002020496EEE
:100B500076616C696420656E74727920706F696E5D
:100B6000740000002020496E76616C696420696E13
:100B700074656772697479207369676E61747572E0
:100B8000650000002020496E76616C6964206578FC
:100B900063657074696F6E2072657475726E0000A3
:100BA00020204174747269627574696F6E20756E6D
:100BB00069742076696F6C6174696F6E0000000063
:100BC0002020496E76616C6964207472616E73696D
:100BD00074696F6E0000000020204C617A792073E8
:100BE0007461746520707265736572766174696F83
:100BF0006E00000020204C617A7920737461746566
:100C0000206572726F7200002A2A2A2A2A20535005
:100C10005520494E54455252555054202A2A2A2ACA
:100C20002A0000002020536563757269747920766C
:100C3000696F6C6174696F6E20666F72207468658D
:100C400020666C617368206D656D6F7279207370BA
:100C5000616365002020536563757269747920763D
:100C6000696F6C6174696F6E20666F72207468655D
:100C70002052414D206D656D6F72792073706163F4
:100C800065000000202053656375726974792076D1
:100C9000696F6C6174696F6E206F6E206F6E652076
:100CA0006F72207365766572616C20706572697011
:100CB000686572616C732E00574553545F544F50F2
:100CC0004449522F6E72662F6D6F64756C65732F79
:100CD000747275737465642D6669726D776172657F
:100CE0002D6D2F6661756C742E630000574553544B
:100CF0005F544F504449522F6D6F64756C65732F6C
:100D000068616C2F6E6F726469632F6E7266782FE4
:100D100068656C706572732F6E7266785F6770704D
:100D2000695F647070692E6300000000574553547A
:100D30005F544F504449522F6D6F64756C65732F2B
:100D400068616C2F6E6F726469632F6E7266782FA4
:100D5000647269766572732F7372632F6E72667830
:100D60005F636C6F636B2E63000000005745535444
:100D70005F544F504449522F6D6F64756C65732FEB
:100D800068616C2F6E6F726469632F6E7266782F64
:100D9000647269766572732F7372632F6E726678F0
:100DA0005F636C6F636B5F6866636C6B2E630000E0
:100DB000574553545F544F504449522F6D6F6475DB
:100DC0006C65732F68616C2F6E6F726469632F6E30
:100DD0007266782F647269766572732F7372632FEF
:100DE0006E7266785F636C6F636B5F6C66636C6B6F
:100DF0002E630000574553545F544F504449522FBF
:100E00006D6F64756C65732F68616C2F6E6F7264A3
:100E100069632F6E7266782F647269766572732FBC
:100E20007372632F6E7266785F6770696F74652E78
:100E300063000000574553545F544F504449522FAC
:100E40006D6F64756C65732F68616C2F6E6F726463
:100E500069632F6E7266782F68616C2F6E72665FA1
:100E60006770696F74652E6800000000080000005C
:100E70000100000008000000010000005745535425
:100E80005F544F504449522F6D6F64756C65732FDA
:100E900068616C2F6E6F726469632F6E7266782F53
:100EA000647269766572732F7372632F6E726678DF
:100EB0005F7370696D2E63005354435020414C4959
:100EC000474E20736C6F743D257520736F636B3DC7
:100ED00025702072785F737461636B3D2570207399
:100EE0006F636B5F6D6F6433323D256C7520737477
:100EF00061636B5F6D6F6433323D256C750A000072
:100F00004C4946454359434C45204E41544956456A
:100F1000204F50454E204641494C20636172726912
:100F200065723D257020747970653D256420657279
:100F3000726E6F3D256400004C4946454359434C51
:100F400045204E4154495645204F50454E2063613F
:100F500072726965723D257020747970653D2564F3
:100F60002066643D256400004C4946454359434C86
:100F700045204E415449564520434C4F534520454A
:100F80004E54455220636172726965723D2570202E
:100F900066643D25640000004C4946454359434C76
:100FA00045204E415449564520434C4F534520520D
:100FB000455455524E20636172726965723D2570C9
:100FC0002066643D25642072633D2564206572724D
:100FD0006E6F3D25640000004C4946454359434C23
:100FE000452043415252494552204B4652454520E7
:100FF000636172726965723D2570000054584449FE
:10100000414720454E5445522063617272696572B2
:101010003D25702066643D256420747970653D250A
:101020006420706565725F76616C69643D2564203B
:101030006C656E3D257520666C6167733D256400A7
:101040005458444941472052455455524E206361FB
:1010500072726965723D25702066643D2564207456
:101060007970653D256420706565725F76616C6995
:10107000643D2564206C656E3D25752072633D25B9
:1010800064206572726E6F3D256400007374637036
:101090005F76325F636172726965720052584449CB
:1010A0004147205245435646524F4D20454E5445E8
:1010B0005220736F636B3D257020636172726965A6
:1010C000723D25702066643D2564206374783D255B
:1010D000700000005258444941472052454356464B
:1010E000524F4D2041524D20736F636B3D25702050
:1010F00066643D2564206374783D2570000000001F
:10110000525844494147205245435646524F4D207C
:1011100052455455524E20736F636B3D25702066C7
:10112000643D2564206E3D2564206572726E6F3DBE
:10113000256420706565725F706F72743D2575005F
:101140005258535441434B204245464F52455F52FB
:1011500055535420736F636B3D2570206E3D25649D
:101160002072633D256420756E757365643D257539
:1011700020746F74616C3D257520757365643D2521
:10118000750000005258444941472052555354209D
:10119000454E544552206374783D2570206E3D25A0
:1011A0006420706565725F706F72743D2575000014
:1011B0005258535441434B2041465445525F525577
:1011C000535420736F636B3D2570206E3D25642062
:1011D00072633D256420756E757365643D257520C9
:1011E000746F74616C3D257520757365643D25755C
:1011F00000000000525844494147205255535420A2
:1012000052455455524E206374783D2570206E3DF2
:1012100025642072633D256420636F6E6E65637480
:1012200065643D25640000005258444941472052FE
:101230004543562041524D20736F636B3D2570200E
:1012400066643D2564206374783D257000000000CD
:10125000636172726965725F726563656976652044
:1012600072633D25640000006E61746976652063D9
:101270006172726965722072656376206661696C5D
:101280006564206572726E6F3D25640073746370CF
:101290002D76322D72780000525852454144592023
:1012A00054494D454F555420736F636B3D25702055
:1012B00066643D25642072633D25640052585245A2
:1012C00041445920434F4E4649524D454420736F87
:1012D000636B3D25702066643D25642072756E6EDB
:1012E000696E673D256C64004C4946454359434C43
:1012F000452052582053485554444F574E20666459
:101300003D25642072633D2564206572726E6F3DD9
:10131000256400004C4946454359434C45205258EA
:10132000204A4F494E20454E54455220736F636BFF
:101330003D25702072756E6E696E673D256C640088
:101340004C4946454359434C45205258204A4F4941
:101350004E2052455455524E20736F636B3D25709D
:101360002072633D25642072756E6E696E673D253F
:101370006C6400004C4946454359434C4520525843
:101380002041424F525420736F636B3D2570206A99
:101390006F696E5F72633D25640000004C494645ED
:1013A0004359434C45205258204A4F494E4544200A
:1013B0004255542052554E4E494E4720736F636B31
:1013C0003D25703B20666F7263696E6720636C65B4
:1013D00061720000737463705F76325F7278000030
:1013E0004C4946454359434C4520434C4F534520B7
:1013F000454E54455220736F636B3D2570206170DC
:10140000705F66643D2564206E61746976655F6611
:10141000643D2564206374783D2570206361727299
:101420006965723D25702072785F72756E6E696EA7
:10143000673D256C642072785F73746F703D256C16
:10144000640000004C4946454359434C45205258DE
:101450002053544F5020454E54455220736F636BB8
:101460003D2570206E61746976655F66643D256414
:10147000000000004C4946454359434C4520525812
:101480002053544F502052455455524E20736F6391
:101490006B3D2570206E61746976655F66643D25DD
:1014A000642072785F72756E6E696E673D256C643C
:1014B0002072785F73746F703D256C6400000000CB
:1014C0004C4946454359434C4520525553542052AC
:1014D000454C4541534520454E54455220736F635A
:1014E0006B3D2570206374783D2570004C4946455E
:1014F0004359434C4520525553542052454C454185
:1015000053452052455455524E20736F636B3D2511
:10151000700000004C4946454359434C4520434127
:101520005252494552204652454520454E54455257
:1015300020736F636B3D2570206361727269657201
:101540003D2570206E61746976655F66643D256433
:10155000000000004C4946454359434C4520434157
:101560005252494552204652454520524554555203
:101570004E20736F636B3D2570206F6C645F6E61EE
:10158000746976655F66643D256400004C49464594
:101590004359434C4520534F434B455420465245F5
:1015A0004520454E54455220736F636B3D25702096
:1015B0006170705F66643D25640000004C494645DB
:1015C0004359434C4520434C4F534520444F4E45CF
:1015D00020736F636B3D2570206F6C645F6E617468
:1015E0006976655F66643D25640000004C494645A8
:1015F00053554D205052455620636C6F73655F7391
:1016000065713D2575206372656174655F736571F1
:101610003D25752073746167655F6D61736B3D3047
:101620007825303278206170705F66643D256420D3
:101630006E61746976655F66643D256420686164E7
:101640005F6374783D2564206861645F63617272D2
:101650006965723D25642072785F6265666F7265A8
:101660003D256C642F256C642072785F616674651B
:10167000725F73746F703D256C642F256C642063FA
:101680006C6F73655F6D733D256C6C64206475725F
:101690006174696F6E5F6D733D256C6C6420636F60
:1016A0006D706C6574653D25640000004C494645CD
:1016B00053554D2043524541544520424547494EDC
:1016C000206372656174655F7365713D2575207077
:1016D00075626C69635F747970653D256420707212
:1016E0006F746F636F6C3D25642065666665637417
:1016F0006976655F747970653D25642072757374D1
:101700005F70726F746F636F6C3D25640000000042
:101710004C4946454359434C452043524541544565
:1017200020414C4C4F4320736F636B3D2570206606
:10173000643D256420747970653D25642072785F6E
:1017400072756E6E696E673D256C642072785F738A
:10175000746F703D256C64206374783D2570206340
:101760006172726965723D25700000004C49464502
:101770004359434C4520435245415445204341522F
:1017800052494552204641494C20736F636B3D25B9
:1017900070206572726E6F3D256400004C494645AD
:1017A0004359434C452043524541544520434152FF
:1017B0005249455220736F636B3D257020636172FF
:1017C000726965723D2570206E61746976655F6629
:1017D000643D2564206F776E735F66643D25640009
:1017E0004C4946454359434C452043524541544595
:1017F000205255535420736F636B3D2570206374E2
:10180000783D2570206E61746976655F66643D255C
:10181000640000004C4946454359434C452043521F
:101820004541544520444F4E4520637265617465BF
:101830005F7365713D257520736F636B3D25702067
:101840006170705F66643D2564206E6174697665C1
:101850005F66643D2564206374783D25702072784E
:101860005F72756E6E696E673D256C642072785F7D
:1018700073746F703D256C640000000041465F5337
:101880005443502066643D2564207075626C696322
:101890005F747970653D256420656666656374696B
:1018A00076655F747970653D25642070726F746F22
:1018B000636F6C3D2564206E61746976655F666454
:1018C0003D25640055445044494147206578706C7B
:1018D000696369742062696E642066643D256420D2
:1018E00072633D2564206572726E6F3D2564000051
:1018F00055445044494147206166746572206269CD
:101900006E642066643D256420676574736F636B45
:101910006E616D655F72633D2564206572726E6FE6
:101920003D2564206C6F63616C5F616464723D305F
:101930007825303878206C6F63616C5F706F7274DB
:101940003D257500434F4E4E4449414720636F6E1D
:101950006E65637420454E54455220736F636B3D32
:101960002570206170705F66643D2564206361723C
:10197000726965723D2570206E61746976655F6677
:10198000643D2564206374783D2570206164647231
:101990006C656E3D257520706565725F706F727441
:1019A0003D257500434F4E4E44494147206E6174BA
:1019B00069766520636F6E6E656374205245545579
:1019C000524E2072633D2564206572726E6F3D2514
:1019D0006420656C61707365645F6D733D256C6C2C
:1019E00064206E61746976655F66643D25640000FD
:1019F0005544504449414720616674657220636FC5
:101A00006E6E6563742066643D256420676574733B
:101A10006F636B6E616D655F72633D2564206572F7
:101A2000726E6F3D2564206C6F63616C5F616464EE
:101A3000723D307825303878206C6F63616C5F7050
:101A40006F72743D257500005A4F52444552203143
:101A5000206265666F72655F72785F73746172741D
:101A60002066643D2564206374783D25700A00007B
:101A70005A4F5244455220322061667465725F723B
:101A8000785F73746172742072633D25642072758F
:101A90006E6E696E673D256C640A0000434F4E4EC2
:101AA000444941472072785F7374617274205245D3
:101AB0005455524E2072633D256420656C617073ED
:101AC00065645F6D733D256C6C642072785F727520
:101AD0006E6E696E673D256C640000005A4F52447B
:101AE00045522033206265666F72655F727573744C
:101AF0005F636F6E6E656374206374783D25700A52
:101B0000000000005A4F5244455220342061667450
:101B100065725F727573745F636F6E6E6563742058
:101B200072633D25640A0000434F4E4E44494147CD
:101B300020727573745F636F6E6E656374205245B7
:101B40005455524E2072633D256420656C6170735C
:101B500065645F6D733D256C6C64206374783D250E
:101B600070000000434F4E4E44494147207374615A
:101B700072745F68616E647368616B65205245546E
:101B800055524E2072633D256420656C617073650B
:101B9000645F6D733D256C6C642072785F72756E46
:101BA0006E696E673D256C6400000000434F4E4E29
:101BB00044494147207761697420454E544552207D
:101BC000736F636B3D2570206170705F66643D25A7
:101BD00064206E61746976655F66643D2564206388
:101BE00074783D25702074696D656F75745F6D73D1
:101BF0003D25642072785F72756E6E696E673D2553
:101C00006C640000434F4E4E4449414720434F4EC1
:101C10004E454354454420697465723D25752065E1
:101C20006C61707365645F6D733D256C6C642072CC
:101C3000785F72756E6E696E673D256C640000009A
:101C4000434F4E4E444941472069735F636F6E6E48
:101C50006563746564204641494C45442069746558
:101C6000723D25752072633D256420656C6170733B
:101C700065645F6D733D256C6C640000434F4E4E90
:101C8000444941472054494D454F55542069746596
:101C9000723D257520656C61707365645F6D733D81
:101CA000256C6C642072785F72756E6E696E673D2C
:101CB000256C642072785F73746F703D256C6420AE
:101CC0006E61746976655F66643D25642063727930
:101CD00070746F5F73746167653D25750000000067
:101CE000434F4E4E4449414720776169745F636FAB
:101CF0006E6E65637465642052455455524E207271
:101D0000633D256420656C61707365645F6D733D30
:101D1000256C6C642072785F72756E6E696E673DBB
:101D2000256C6400636F6E6E656374656420666421
:101D30003D256420747970653D25640031520600AC
:101D40003D540600ED540600615106002154060082
:101D5000C5530600015D06007553060039520600A2
:101D60008D54060091540600BD510600AD51060089
:101D70000000000000000000A55106009D51060073
:101D8000737463705F76325F736F636B65740000AA
:101D90005053415F53554343455353005053415FA4
:101DA0004552524F525F4F54484552005053415F85
:101DB0004552524F525F494E56414C49445F415241
:101DC00047554D454E5400005053415F4552524FC8
:101DD000525F4241445F5354415445005053415F68
:101DE0004552524F525F494E535546464943494525
:101DF0004E545F4D454D4F52590000005053415FC6
:101E00004552524F525F4255464645525F544F4FDE
:101E10005F534D414C4C00005053415F4552524F6F
:101E2000525F4E4F545F5045524D49545445440003
:101E30005053415F4552524F525F494E56414C49B3
:101E4000445F5349474E4154555245005053415FFA
:101E50004552524F525F4E4F545F535550504F5260
:101E60005445440058323535313952455345542094
:101E7000505245562073746167653D25752063791E
:101E8000636C653D2575207469643D257020736819
:101E9000617265643D2570207365637265743D25CC
:101EA0007020706565723D25700A00005832353526
:101EB000313952455345542050524556206E6F6E6D
:101EC000650A0000535443502063727970746F2088
:101ED0006261636B656E6420756E617661696C61C9
:101EE000626C6520617420626F6F743A2072633D8A
:101EF0002564207073613D25642028257329000026
:101F0000484D41432D534841323536204B444620FD
:101F10006661696C65643A207374617475733D25FC
:101F20006420282573290000534841323536204B60
:101F300044462068617368206661696C65643A2074
:101F40007374617475733D2564202825732900001E
:101F5000583235353139206B65797061697220618D
:101F6000626F727465643A2063727970746F20696D
:101F70006E69742072633D25640000005832353567
:101F80003139206B65797061697220737461727484
:101F90003A206261636B656E643D736F667477614E
:101FA00072652D7266633737343820726E673D5024
:101FB0005341000058323535313920736F667477DC
:101FC000617265207073615F67656E6572617465CB
:101FD0005F72616E646F6D3A207374617475733DE6
:101FE000256420282573290058323535313920736E
:101FF0006F667477617265207075626C69632D6BB2
:1020000065792063616C63756C6174696F6E2066BD
:1020100061696C65643A2072633D256400000000CC
:1020200058323535313920736F66747761726520A7
:102030007075626C6963206B657920697320616CCF
:102040006C207A65726F0000583235353139206264
:1020500061636B656E642073656C65637465643A77
:1020600020736F6674776172652D726663373734DB
:102070003800000043686143686132302D506F6C56
:10208000793133303520656E63727970743A20503F
:10209000534120756E737570706F727465642C2077
:1020A0007573696E6720736F66747761726520520D
:1020B0004643383433392066616C6C6261636B006F
:1020C00043686143686132302D506F6C7931333031
:1020D0003520656E6372797074206661696C656421
:1020E0003A207374617475733D2564202825732923
:1020F000207772697474656E3D257520657870650A
:10210000637465643D2575004368614368613230DE
:102110002D506F6C7931333035206465637279707E
:10212000743A2050534120756E737570706F7274DD
:1021300065642C207573696E6720736F66747761B0
:10214000726520524643383433392066616C6C62C4
:1021500061636B0043686143686132302D506F6C7E
:10216000793133303520736F66747761726520641E
:10217000656372797074206661696C65643A207277
:10218000633D2564000000004368614368613230AC
:102190002D506F6C793133303520646563727970FE
:1021A00074206661696C65643A2073746174757338
:1021B0003D25642028257329207772697474656E23
:1021C0003D25752065787065637465643D257500EF
:1021D0006361727269657220545820696E76616C11
:1021E00069642073686F72742D77726974652072E8
:1021F0006573756C742072633D25642072656D6132
:10220000696E696E673D257500000000636172723A
:10221000696572205458207061727469616C20770E
:10222000726974652072633D25642070726F6772F5
:102230006573733D25752F25753B20636F6E74693B
:102240006E75696E67000000636172726965722065
:102250005458207A65726F207772697465207072A5
:102260006F67726573733D25752F2575000000003B
:1022700063617272696572205458206661696C6589
:10228000642072633D25642070726F67726573739A
:102290003D25752F25750000535443507632207329
:1022A000657276657220746F20636C69656E742048
:1022B0006B65790053544350763220636C69656EC8
:1022C0007420746F20736572766572206B65790077
:1022D0005354435076322D484B44462D5348413297
:1022E00035360000737463705F727573745F706C61
:1022F0006174666F726D0000574553545F544F50C0
:102300004449522F7A65706879722F6B65726E65D9
:102310006C2F6465766963652E63000048616C7498
:10232000696E672073797374656D0000556E6B6E0E
:102330006F776E206572726F72000000756E6B6E43
:102340006F776E003E3E3E205A4550485952204617
:102350004154414C204552524F522025643A202589
:1023600073206F6E20435055202564004661756CC4
:102370007420647572696E6720696E746572727517
:1023800070742068616E646C696E670A00000000FA
:1023900043757272656E74207468726561643A2068
:1023A0002570202825732900574553545F544F50FA
:1023B0004449522F7A65706879722F6B65726E6529
:1023C0006C2F666174616C2E6300000043505520D1
:1023D000657863657074696F6E000000556E6861A2
:1023E0006E646C656420696E7465727275707400D9
:1023F000537461636B206F766572666C6F77000053
:102400004B65726E656C206F6F7073004B65726EFA
:10241000656C2070616E696300000000CC230800C9
:10242000DC230800F0230800002408000C24080026
:10243000574553545F544F504449522F7A65706842
:1024400079722F6B65726E656C2F696E69742E637D
:102450000000000069646C65000000006D61696E39
:1024600000000000347A07003C7A0700847A0700F5
:102470008C7A0700DC7A0700FC7A07006F73000093
:10248000574553545F544F504449522F7A657068F2
:1024900079722F6B65726E656C2F6B686561702E3B
:1024A00063000000574553545F544F504449522F26
:1024B0007A65706879722F6B65726E656C2F6D65C9
:1024C0006D5F736C61622E630000000057455354CA
:1024D0005F544F504449522F7A65706879722F6B60
:1024E00065726E656C2F696E636C7564652F6B73B6
:1024F000636865642E680000574553545F544F501D
:102500004449522F7A65706879722F6B65726E65D7
:102510006C2F69646C652E630000000057455354AE
:102520005F544F504449522F7A65706879722F6B0F
:1025300065726E656C2F6D73675F712E63000000AE
:10254000574553545F544F504449522F7A65706831
:1025500079722F6B65726E656C2F6D757465782E50
:1025600063000000574553545F544F504449522F65
:102570007A65706879722F6B65726E656C2F736502
:102580006D2E6300574553545F544F504449522FAA
:102590007A65706879722F6B65726E656C2F776FD4
:1025A000726B2E63000000002B000000574553544F
:1025B0005F544F504449522F7A65706879722F6B7F
:1025C00065726E656C2F7468726561642E630000BD
:1025D00064756D6D7900000070656E64696E6700EA
:1025E000736C656570696E67000000006465616406
:1025F0000000000073757370656E64656400000010
:1026000061626F7274696E670000000073757370A9
:10261000656E64696E6700007175657565640000BC
:10262000D025080001000500D82508000200070099
:10263000E025080004000800EC250800080004005C
:10264000F4250800100009000026080020000800FA
:102650000C26080040000A0018260800800006002A
:10266000574553545F544F504449522F7A65706810
:1026700079722F6B65726E656C2F73636865642E5B
:1026800063000000574553545F544F504449522F44
:102690007A65706879722F6B65726E656C2F696EE2
:1026A000636C7564652F6B7468726561642E680075
:1026B000574553545F544F504449522F7A657068C0
:1026C00079722F6B65726E656C2F696E636C7564C1
:1026D000652F6B737761702E680000005745535467
:1026E0005F544F504449522F7A65706879722F6B4E
:1026F00065726E656C2F74696D65736C6963696E64
:10270000672E6300574553545F544F504449522F2E
:102710007A65706879722F6B65726E656C2F74685C
:10272000726561645F6D6F6E69746F722E63000015
:10273000574553545F544F504449522F7A6570683F
:1027400079722F6B65726E656C2F74696D656F752C
:10275000742E6300574553545F544F504449522FD1
:102760007A65706879722F6B65726E656C2F706F09
:102770006C6C2E6300000000574553545F544F505B
:102780004449522F7A65706879722F6B65726E6555
:102790006C2F6576656E74732E6300005745535435
:1027A0005F544F504449522F7A65706879722F6B8D
:1027B00065726E656C2F6D656D706F6F6C2E63004A
:1027C000737973776F726B7100000000C027080087
:1027D0000001000088130000852908001100000096
:1027E0002C010000130000008529080011000000E2
:1027F00029010000280000008529080011000000C0
:10280000120100001C0000008529080011000000D2
:102810001101000013000000AD2908000E000000A7
:10282000990400001E000000BC290800730000008D
:10283000FC03000037000000302B08006E00000091
:102840003D02000009000000000000000000000040
:1028500001000000015D07003F2E08006D00000030
:102860009901000032000000F12C08007400000003
:102870001C00000005000000000000000000000037
:102880000000000000000000000000409559695958
:102890005555545515555556040515411054554078
:1028A0004551554440455044505555450040004021
:1028B0004004449665555655454045545141154090
:1028C00055915555555540510501000054455454F6
:1028D0004555050400100410140440000000014098
:1028E000555515415404000044000100000000400B
:1028F00041000044504445505400555554556551CD
:102900000040004001000001000501001154515138
:1029100054555505000000000000000000000000B4
:10292000012F686F6D652F706F6D6F2F2E63617251
:10293000676F2F72656769737472792F7372632F73
:10294000696E6465782E6372617465732E696F2D8C
:102950003139343963663863366235623535376606
:102960002F656432353531392D636F6D7061637455
:102970002D322E342E322F7372632F7368613531EE
:10298000322E7273007372632F627974655F717592
:102990006575652E7273007372632F6B64662E7299
:1029A00073007372632F7032702E727300737263D0
:1029B0002F73657373696F6E2E7273002F686F6D5E
:1029C000652F706F6D6F2F2E7275737475702F7405
:1029D0006F6F6C636861696E732F6E696768746C82
:1029E000792D7838365F36342D756E6B6E6F776E55
:1029F0002D6C696E75782D676E752F6C69622F72FC
:102A00007573746C69622F7372632F727573742F90
:102A10006C6962726172792F636F72652F73726372
:102A20002F736C6963652F696E6465782E7273000D
:102A3000696E6974007472616E73706F72742D7256
:102A4000656164790073656375726974792D6D755C
:102A50006C746973747265616D006E6F6973652D56
:102A600068616E647368616B65006D757865722D61
:102A70006D756C746973747265616D0079616D75E3
:102A8000782D72656164790070696E672D6D756C63
:102A9000746973747265616D002F686F6D652F7056
:102AA0006F6D6F2F2E7275737475702F746F6F6CDE
:102AB000636861696E732F6E696768746C792D78CD
:102AC00038365F36342D756E6B6E6F776E2D6C6990
:102AD0006E75782D676E752F6C69622F72757374C1
:102AE0006C69622F7372632F727573742F6C6962D5
:102AF000726172792F616C6C6F632F7372632F76C2
:102B000065632F6D6F642E727300156D656D6F7246
:102B10007920616C6C6F636174696F6E206F6620E1
:102B2000C00D206279746573206661696C6564000C
:102B30002F686F6D652F706F6D6F2F2E72757374A8
:102B400075702F746F6F6C636861696E732F6E6937
:102B50006768746C792D7838365F36342D756E6BF6
:102B60006E6F776E2D6C696E75782D676E752F6C34
:102B700069622F727573746C69622F7372632F723E
:102B80007573742F6C6962726172792F616C6C6FEE
:102B9000632F7372632F616C6C6F632E7273002FDF
:102BA000686F6D652F706F6D6F2F2E7275737475F2
:102BB000702F746F6F6C636861696E732F6E6967D5
:102BC00068746C792D7838365F36342D756E6B6E7F
:102BD0006F776E2D6C696E75782D676E752F6C69C9
:102BE000622F727573746C69622F7372632F7275C2
:102BF00073742F6C6962726172792F616C6C6F6390
:102C00002F7372632F737472696E672E7273002F45
:102C1000686F6D652F706F6D6F2F2E727573747581
:102C2000702F746F6F6C636861696E732F6E696764
:102C300068746C792D7838365F36342D756E6B6E0E
:102C40006F776E2D6C696E75782D676E752F6C6958
:102C5000622F727573746C69622F7372632F727551
:102C600073742F6C6962726172792F616C6C6F631F
:102C70002F7372632F626F72726F772E7273002FD1
:102C8000686F6D652F706F6D6F2F2E727573747511
:102C9000702F746F6F6C636861696E732F6E6967F4
:102CA00068746C792D7838365F36342D756E6B6E9E
:102CB0006F776E2D6C696E75782D676E752F6C69E8
:102CC000622F727573746C69622F7372632F7275E1
:102CD00073742F6C6962726172792F616C6C6F63AF
:102CE0002F7372632F777466382F6D6F642E727333
:102CF000002F686F6D652F706F6D6F2F2E7275735B
:102D00007475702F746F6F6C636861696E732F6E6A
:102D1000696768746C792D7838365F36342D756E36
:102D20006B6E6F776E2D6C696E75782D676E752F73
:102D30006C69622F727573746C69622F7372632F82
:102D4000727573742F6C6962726172792F616C6C29
:102D50006F632F7372632F7261775F7665632F6D78
:102D60006F642E7273002F686F6D652F706F6D6FBB
:102D70002F2E7275737475702F746F6F6C6368612A
:102D8000696E732F6E696768746C792D7838365F59
:102D900036342D756E6B6E6F776E2D6C696E75782F
:102DA0002D676E752F6C69622F727573746C696212
:102DB0002F7372632F727573742F6C6962726172F4
:102DC000792F636F72652F7372632F777466382E55
:102DD0007273002F686F6D652F706F6D6F2F2E727D
:102DE00075737475702F746F6F6C636861696E733F
:102DF0002F6E696768746C792D7838365F36342D9C
:102E0000756E6B6E6F776E2D6C696E75782D676E53
:102E1000752F6C69622F727573746C69622F73728F
:102E2000632F727573742F6C6962726172792F618E
:102E30006C6C6F632F7372632F72632E7273002F2B
:102E4000686F6D652F706F6D6F2F2E72757374754F
:102E5000702F746F6F6C636861696E732F6E696732
:102E600068746C792D7838365F36342D756E6B6EDC
:102E70006F776E2D6C696E75782D676E752F6C6926
:102E8000622F727573746C69622F7372632F72751F
:102E900073742F6C6962726172792F616C6C6F63ED
:102EA0002F7372632F73796E632E7273002F686FA6
:102EB0006D652F706F6D6F2F2E7275737475702F17
:102EC000746F6F6C636861696E732F6E6967687485
:102ED0006C792D7838365F36342D756E6B6E6F7762
:102EE0006E2D6C696E75782D676E752F6C69622F0B
:102EF000727573746C69622F7372632F7275737459
:102F00002F6C6962726172792F616C6C6F632F73C1
:102F100072632F7374722E72730014696E7365720C
:102F200074696F6E20696E6465782028697320C0AB
:102F300017292073686F756C64206265203C3D2002
:102F40006C656E2028697320C001290016737761B3
:102F5000705F72656D6F766520696E646578202894
:102F6000697320C016292073686F756C64206265D0
:102F7000203C206C656E2028697320C00129001256
:102F800072656D6F76616C20696E64657820286962
:102F90007320C016292073686F756C6420626520E9
:102FA0003C206C656E2028697320C00129001560E3
:102FB0006174602073706C697420696E6465782038
:102FC00028697320C017292073686F756C642062AC
:102FD00065203C3D206C656E2028697320C0012966
:102FE000002F686F6D652F706F6D6F2F2E72757368
:102FF0007475702F746F6F6C636861696E732F6E78
:10300000696768746C792D7838365F36342D756E43
:103010006B6E6F776E2D6C696E75782D676E752F80
:103020006C69622F727573746C69622F7372632F8F
:10303000727573742F6C6962726172792F616C6C36
:103040006F632F7372632F666D742E7273002D6E13
:10305000756C206279746520666F756E6420696E88
:103060002070726F766964656420646174612061A8
:103070007420706F736974696F6E3A20C000336496
:103080006174612070726F766964656420636F6E2D
:103090007461696E7320616E20696E746572696F08
:1030A00072206E756C206279746520617420706F77
:1030B0007320C00063616C6C656420605265737539
:1030C0006C743A3A756E77726170282960206F6E61
:1030D00020616E2060457272602076616C75656358
:1030E00061706163697479206F766572666C6F7761
:1030F0004C61796F75744572726F722F686F6D6570
:103100002F706F6D6F2F2E7275737475702F746FB3
:103110006F6C636861696E732F6E696768746C7930
:103120002D7838365F36342D756E6B6E6F776E2D59
:103130006C696E75782D676E752F6C69622F72756C
:1031400073746C69622F7372632F727573742F6C52
:103150006962726172792F636F72652F7372632F68
:10316000666D742F6E756D2E7273002F686F6D65AE
:103170002F706F6D6F2F2E7275737475702F746F43
:103180006F6C636861696E732F6E696768746C79C0
:103190002D7838365F36342D756E6B6E6F776E2DE9
:1031A0006C696E75782D676E752F6C69622F7275FC
:1031B00073746C69622F7372632F727573742F6CE2
:1031C0006962726172792F636F72652F7372632FF8
:1031D000756E69636F64652F756E69636F64655F93
:1031E000646174612E7273002F686F6D652F706F4C
:1031F0006D6F2F2E7275737475702F746F6F6C6393
:103200006861696E732F6E696768746C792D7838A0
:10321000365F36342D756E6B6E6F776E2D6C696E02
:1032200075782D676E752F6C69622F727573746C6B
:1032300069622F7372632F727573742F6C69627277
:103240006172792F636F72652F7372632F6E756D64
:103250002F696D702F666C74326465632F6D6F64B7
:103260002E7273002F686F6D652F706F6D6F2F2E2C
:103270007275737475702F746F6F6C636861696EAB
:10328000732F6E696768746C792D7838365F3634C1
:103290002D756E6B6E6F776E2D6C696E75782D6700
:1032A0006E752F6C69622F727573746C69622F73FF
:1032B00072632F727573742F6C6962726172792FE9
:1032C000636F72652F7372632F6E756D2F696D70EA
:1032D0002F64656332666C742F70617273652E7231
:1032E00073002F686F6D652F706F6D6F2F2E727565
:1032F000737475702F746F6F6C636861696E732F70
:103300006E696768746C792D7838365F36342D7540
:103310006E6B6E6F776E2D6C696E75782D676E753E
:103320002F6C69622F727573746C69622F7372638C
:103330002F727573742F6C6962726172792F636F6B
:1033400072652F7372632F6E65742F70617273656F
:10335000722E7273002F686F6D652F706F6D6F2FF7
:103360002E7275737475702F746F6F6C63686169FA
:103370006E732F6E696768746C792D7838365F3696
:10338000342D756E6B6E6F776E2D6C696E75782D42
:10339000676E752F6C69622F727573746C69622F1A
:1033A0007372632F727573742F6C696272617279B4
:1033B0002F636F72652F7372632F666D742F627542
:1033C000696C646572732E7273002F686F6D652F60
:1033D000706F6D6F2F2E7275737475702F746F6FA1
:1033E0006C636861696E732F6E696768746C792DA0
:1033F0007838365F36342D756E6B6E6F776E2D6C48
:10340000696E75782D676E752F6C69622F72757392
:10341000746C69622F7372632F727573742F6C6989
:1034200062726172792F636F72652F7372632F6E90
:10343000756D2F696D702F64656332666C742F64CF
:103440006563696D616C5F7365712E727300C0C0D6
:1034500000C01431383434363734343037333730F1
:1034600039353531363136002F686F6D652F706F05
:103470006D6F2F2E7275737475702F746F6F6C6310
:103480006861696E732F6E696768746C792D78381E
:10349000365F36342D756E6B6E6F776E2D6C696E80
:1034A00075782D676E752F6C69622F727573746CE9
:1034B00069622F7372632F727573742F6C696272F5
:1034C0006172792F636F72652F7372632F74696DE8
:1034D000652E7273000122C00122002F686F6D6596
:1034E0002F706F6D6F2F2E7275737475702F746FD0
:1034F0006F6C636861696E732F6E696768746C794D
:103500002D7838365F36342D756E6B6E6F776E2D75
:103510006C696E75782D676E752F6C69622F727588
:1035200073746C69622F7372632F727573742F6C6E
:103530006962726172792F636F72652F7372632F84
:103540007374722F6D6F642E7273002F686F6D65C8
:103550002F706F6D6F2F2E7275737475702F746F5F
:103560006F6C636861696E732F6E696768746C79DC
:103570002D7838365F36342D756E6B6E6F776E2D05
:103580006C696E75782D676E752F6C69622F727518
:1035900073746C69622F7372632F727573742F6CFE
:1035A0006962726172792F636F72652F7372632F14
:1035B0006E756D2F696D702F666D742E7273002F8E
:1035C000686F6D652F706F6D6F2F2E7275737475C8
:1035D000702F746F6F6C636861696E732F6E6967AB
:1035E00068746C792D7838365F36342D756E6B6E55
:1035F0006F776E2D6C696E75782D676E752F6C699F
:10360000622F727573746C69622F7372632F727597
:1036100073742F6C6962726172792F636F72652F98
:103620007372632F6E756D2F696D702F6469795F8A
:10363000666C6F61742E7273002F686F6D652F70EA
:103640006F6D6F2F2E7275737475702F746F6F6C32
:10365000636861696E732F6E696768746C792D7821
:1036600038365F36342D756E6B6E6F776E2D6C69E4
:103670006E75782D676E752F6C69622F7275737415
:103680006C69622F7372632F727573742F6C696229
:10369000726172792F636F72652F7372632F6E750B
:1036A0006D2F696D702F6269676E756D2E72730074
:1036B0002F686F6D652F706F6D6F2F2E727573741D
:1036C00075702F746F6F6C636861696E732F6E69AC
:1036D0006768746C792D7838365F36342D756E6B6B
:1036E0006E6F776E2D6C696E75782D676E752F6CA9
:1036F00069622F727573746C69622F7372632F72B3
:103700007573742F6C6962726172792F636F726561
:103710002F7372632F666D742F6D6F642E7273003A
:103720002F686F6D652F706F6D6F2F2E72757374AC
:1037300075702F746F6F6C636861696E732F6E693B
:103740006768746C792D7838365F36342D756E6BFA
:103750006E6F776E2D6C696E75782D676E752F6C38
:1037600069622F727573746C69622F7372632F7242
:103770007573742F6C6962726172792F636F7265F1
:103780002F7372632F7374722F7061747465726E0D
:103790002E7273002F686F6D652F706F6D6F2F2EF7
:1037A0007275737475702F746F6F6C636861696E76
:1037B000732F6E696768746C792D7838365F36348C
:1037C0002D756E6B6E6F776E2D6C696E75782D67CB
:1037D0006E752F6C69622F727573746C69622F73CA
:1037E00072632F727573742F6C6962726172792FB4
:1037F000636F72652F7372632F696E7472696E7373
:103800006963732F6D6F642E7273004066726F6D03
:103810005F61736369695F72616469783A2072619C
:10382000646978206D757374206C696520696E20F9
:103830007468652072616E676520605B322C20338E
:10384000365D60202D20666F756E6420C000117398
:1038500074617274206279746520696E6465782081
:10386000C027206973206F7574206F6620626F75A2
:103870006E647320666F7220737472696E67206F56
:1038800066206C656E67746820C0000F656E6420EA
:103890006279746520696E64657820C02720697339
:1038A000206F7574206F6620626F756E647320667A
:1038B0006F7220737472696E67206F66206C656E1C
:1038C00067746820C00015627974652072616E6744
:1038D000652073746172747320617420C00D20625E
:1038E000757420656E647320617420C00011737458
:1038F000617274206279746520696E64657820C095
:1039000026206973206E6F742061206368617220C5
:10391000626F756E646172793B20697420697320EF
:10392000696E7369646520C00820286279746573C4
:1039300020C00B206F6620737472696E6729000FB8
:10394000656E64206279746520696E64657820C054
:1039500026206973206E6F74206120636861722075
:10396000626F756E646172793B206974206973209F
:10397000696E7369646520C0082028627974657374
:1039800020C00B206F6620737472696E6729000B6C
:103990006279746520696E64657820C01D20697342
:1039A000206E6F74206120636F646520706F696E94
:1039B0007420626F756E6461727900C0023A20C033
:1039C000002F686F6D652F706F6D6F2F2E7275737E
:1039D0007475702F746F6F6C636861696E732F6E8E
:1039E000696768746C792D7838365F36342D756E5A
:1039F0006B6E6F776E2D6C696E75782D676E752F97
:103A00006C69622F727573746C69622F7372632FA5
:103A1000727573742F6C6962726172792F636F7241
:103A2000652F7372632F70616E69636B696E672EA9
:103A300072730020696E646578206F7574206F66FC
:103A400020626F756E64733A20746865206C656ED1
:103A500020697320C0122062757420746865206923
:103A60006E64657820697320C0001061737365729D
:103A700074696F6E20606C65667420C01020726976
:103A800067687460206661696C65643A20C0090AE1
:103A900020206C6566743A20C0090A207269676844
:103AA000743A20C00010617373657274696F6E2080
:103AB000606C65667420C017207269676874602046
:103AC0006661696C65640A20206C6566743A20C082
:103AD000090A2072696768743A20C0002F686F6D08
:103AE000652F706F6D6F2F2E7275737475702F74D4
:103AF0006F6F6C636861696E732F6E696768746C51
:103B0000792D7838365F36342D756E6B6E6F776E23
:103B10002D6C696E75782D676E752F6C69622F72CA
:103B20007573746C69622F7372632F727573742F5F
:103B30006C6962726172792F636F72652F73726341
:103B40002F63656C6C2F6C617A792E727300127220
:103B5000616E676520737461727420696E64657844
:103B600020C022206F7574206F662072616E6765B9
:103B700020666F7220736C696365206F66206C65C8
:103B80006E67746820C0001072616E676520656E94
:103B90006420696E64657820C022206F7574206F80
:103BA000662072616E676520666F7220736C696350
:103BB00065206F66206C656E67746820C0001673A0
:103BC0006C69636520696E646578207374617274D2
:103BD0007320617420C00D2062757420656E64735B
:103BE00020617420C0002F686F6D652F706F6D6F3E
:103BF0002F2E7275737475702F746F6F6C6368619C
:103C0000696E732F6E696768746C792D7838365FCA
:103C100036342D756E6B6E6F776E2D6C696E7578A0
:103C20002D676E752F6C69622F727573746C696283
:103C30002F7372632F727573742F6C696272617265
:103C4000792F636F72652F7372632F736C6963656D
:103C50002F6D656D6368722E7273002F686F6D65CE
:103C60002F706F6D6F2F2E7275737475702F746F48
:103C70006F6C636861696E732F6E696768746C79C5
:103C80002D7838365F36342D756E6B6E6F776E2DEE
:103C90006C696E75782D676E752F6C69622F727501
:103CA00073746C69622F7372632F727573742F6CE7
:103CB0006962726172792F636F72652F7372632FFD
:103CC000736C6963652F736F72742F7368617265AB
:103CD000642F736D616C6C736F72742E7273002F2E
:103CE000686F6D652F706F6D6F2F2E7275737475A1
:103CF000702F746F6F6C636861696E732F6E696784
:103D000068746C792D7838365F36342D756E6B6E2D
:103D10006F776E2D6C696E75782D676E752F6C6977
:103D2000622F727573746C69622F7372632F727570
:103D300073742F6C6962726172792F636F72652F71
:103D40007372632F6E756D2F696D702F666C743290
:103D50006465632F73747261746567792F67726924
:103D600073752E7273002F686F6D652F706F6D6F96
:103D70002F2E7275737475702F746F6F6C6368611A
:103D8000696E732F6E696768746C792D7838365F49
:103D900036342D756E6B6E6F776E2D6C696E75781F
:103DA0002D676E752F6C69622F727573746C696202
:103DB0002F7372632F727573742F6C6962726172E4
:103DC000792F636F72652F7372632F6E756D2F6914
:103DD0006D702F666C74326465632F7374726174D6
:103DE0006567792F647261676F6E2E727300266348
:103DF0006F70795F66726F6D5F736C6963653A208F
:103E0000736F7572636520736C696365206C656E92
:103E10006774682028C02B2920646F6573206E6F3B
:103E200074206D617463682064657374696E617475
:103E3000696F6E20736C696365206C656E6774686A
:103E40002028C00129003D646174612070726F7682
:103E50006964656420636F6E7461696E7320616E5E
:103E600020696E746572696F72206E756C2062795C
:103E70007465206174206279746520706F73697451
:103E8000696F6E20C0002F686F6D652F706F6D6F4A
:103E90002F2E7275737475702F746F6F6C636861F9
:103EA000696E732F6E696768746C792D7838365F28
:103EB00036342D756E6B6E6F776E2D6C696E7578FE
:103EC0002D676E752F6C69622F727573746C6962E1
:103ED0002F7372632F727573742F6C6962726172C3
:103EE000792F636F72652F7372632F7374722F6CE7
:103EF0006F7373792E7273002F686F6D652F706FFB
:103F00006D6F2F2E7275737475702F746F6F6C6375
:103F10006861696E732F6E696768746C792D783883
:103F2000365F36342D756E6B6E6F776E2D6C696EE5
:103F300075782D676E752F6C69622F727573746C4E
:103F400069622F7372632F727573742F6C6962725A
:103F50006172792F636F72652F7372632F6E657450
:103F60002F69705F616464722E727300035C757BED
:103F7000C0017D001A756E70616972656420737589
:103F800072726F6761746520666F756E643A20C0E7
:103F9000002F686F6D652F706F6D6F2F2E727573A8
:103FA0007475702F746F6F6C636861696E732F6EB8
:103FB000696768746C792D7838365F36342D756E84
:103FC0006B6E6F776E2D6C696E75782D676E752FC1
:103FD0006C69622F727573746C69622F7372632FD0
:103FE000727573742F6C6962726172792F636F726C
:103FF000652F7372632F627374722F6D6F642E72EC
:104000007300C00B20286F73206572726F7220C01E
:10401000012900C0013AC0013AC0002F686F6D65E8
:104020002F706F6D6F2F2E7275737475702F746F84
:104030006F6C636861696E732F6E696768746C7901
:104040002D7838365F36342D756E6B6E6F776E2D2A
:104050006C696E75782D676E752F6C69622F72753D
:1040600073746C69622F7372632F727573742F6C23
:104070006962726172792F636F72652F7372632F39
:104080006E65742F646973706C61795F62756666C2
:1040900065722E7273002F686F6D652F706F6D6F74
:1040A0002F2E7275737475702F746F6F6C636861E7
:1040B000696E732F6E696768746C792D7838365F16
:1040C00036342D756E6B6E6F776E2D6C696E7578EC
:1040D0002D676E752F6C69622F727573746C6962CF
:1040E0002F7372632F727573742F6C6962726172B1
:1040F000792F636F72652F7372632F6E65742F73E0
:104100006F636B65745F616464722E727300C001CB
:104110002EC0012EC0012EC000015BC0025D3AC05E
:1041200000015BC00125C0025D3AC000C007202825
:1041300031203C3C20C00129001A696E76616C690F
:1041400064207574662D382073657175656E6365BE
:10415000206F6620C0122062797465732066726FCA
:104160006D20696E64657820C0002A696E636F6D8A
:10417000706C657465207574662D3820627974657D
:104180002073657175656E63652066726F6D206959
:104190006E64657820C000073A3A666666663AC083
:1041A000003030303130323033303430353036302A
:1041B00037303830393130313131323133313431D7
:1041C00035313631373138313932303231323232BD
:1041D00033323432353236323732383239333033A3
:1041E0003133323333333433353336333733383393
:1041F0003934303431343234333434343534363481
:104200003734383439353035313532353335343566
:10421000353536353735383539363036313632364C
:104220003336343635363636373638363937303732
:104230003137323733373437353736373737383722
:104240003938303831383238333834383538363810
:1042500037383838393930393139323933393439F6
:104260003539363937393839390020202020202097
:104270002020202828282828202020202020202016
:104280002020202020202020202088101010101016
:104290001010101010101010101004040404040466
:1042A0000404040410101010101010414141414149
:1042B00041010101010101010101010101010101AE
:1042C000010101010110101010101042424242423F
:1042D000420202020202020202020202020202027E
:1042E0000202020202101010102000000000000064
:1042F00000000000000000000000000000000000BE
:1043000000000000000000000000000000000000AD
:10431000000000000000000000000000000000009D
:10432000000000000000000000000000000000008D
:10433000000000000000000000000000000000007D
:10434000000000000000000000000000000000006D
:10435000000000000000000000000000000000005D
:1043600000000000000000000000696E66006E6141
:0C4370006E00286E756C6C2900000000C7
:10437C000000000000000000000000000000000031
:10438C000000000000000000000000000000000021
:10439C000000000000000000000000000000000011
:1043AC000000000000000000000000000000000001
:1043BC0000000000000000000000000000000000F1
:1043CC0000000000000000000000000000000000E1
:1043DC0000000000000000000000000000000000D1
:1043EC0000000000000000000000000000000000C1
:1043FC0000000000000000000000000000000000B1
:10440C0000000000000000000000000000000000A0
:10441C000000000000000000000000000000000090
:10442C000000000000000000000000000000000080
:10443C000000000000000000000000000000000070
:10444C000000000000000000000000000000000060
:10445C000000000000000000000000000000000050
:10446C000000000000000000000000000000000040
:10447C000000000000000000000000000000000030
:10448C000000000000000000000000000000000020
:10449C000000000000000000000000000000000010
:1044AC000000000000000000000000000000000000
:1044BC0000000000000000000000000000000000F0
:1044CC0000000000000000000000000000000000E0
:1044DC0000000000000000000000000000000000D0
:1044EC0000000000000000000000000000000000C0
:1044FC0000000000000000000000000000000000B0
:10450C00000000000000000000000000000000009F
:10451C00000000000000000000000000000000008F
:10452C00000000000000000000000000000000007F
:10453C00000000000000000000000000000000006F
:10454C00000000000000000000000000000000005F
:10455C00000000000000000000000000000000004F
:10456C00000000000000000000000000000000003F
:10457C00000000000000000000000000000000002F
:10458C00000000000000000000000000000000001F
:10459C00000000000000000000000000000000000F
:1045AC0000000000000000000000000000000000FF
:1045BC0000000000000000000000000000000000EF
:1045CC0000000000000000000000000000000000DF
:1045DC0000000000000000000000000000000000CF
:1045EC0000000000000000000000000000000000BF
:1045FC0000000000000000000000000000000000AF
:10460C00000000000000000000000000000000009E
:10461C00000000000000000000000000000000008E
:10462C00000000000000000000000000000000007E
:10463C00000000000000000000000000000000006E
:10464C00000000000000000000000000000000005E
:10465C00000000000000000000000000000000004E
:10466C00000000000000000000000000000000003E
:10467C00000000000000000000000000000000002E
:10468C00000000000000000000000000000000001E
:10469C00000000000000000000000000000000000E
:1046AC0000000000000000000000000000000000FE
:1046BC0000000000000000000000000000000000EE
:1046CC0000000000000000000000000000000000DE
:1046DC0000000000000000000000000000000000CE
:1046EC0000000000000000000000000000000000BE
:1046FC0000000000000000000000000000000000AE
:10470C00000000000000000000000000000000009D
:10471C00000000000000000000000000000000008D
:10472C00000000000000000000000000000000007D
:10473C00000000000000000000000000000000006D
:10474C00000000000000000000000000000000005D
:10475C00000000000000000000000000000000004D
:10476C00000000000000000000000000000000003D
:10477C00000000000000000000000000000000002D
:10478C00000000000000000000000000000000001D
:10479C00000000000000000000000000000000000D
:1047AC0000000000000000000000000000000000FD
:1047BC0000000000000000000000000000000000ED
:1047CC0000000000000000000000000000000000DD
:1047DC0000000000000000000000000000000000CD
:1047EC0000000000000000000000000000000000BD
:1047FC0000000000000000000000000000000000AD
:10480C00000000000000000000000000000000009C
:10481C00000000000000000000000000000000008C
:10482C00000000000000000000000000000000007C
:10483C00000000000000000000000000000000006C
:10484C00000000000000000000000000000000005C
:10485C00000000000000000000000000000000004C
:10486C00000000000000000000000000000000003C
:10487C00000000000000000000000000000000002C
:10488C00000000000000000000000000000000001C
:10489C00000000000000000000000000000000000C
:1048AC0000000000000000000000000000000000FC
:1048BC0000000000000000000000000000000000EC
:1048CC0000000000000000000000000000000000DC
:1048DC0000000000000000000000000000000000CC
:1048EC0000000000000000000000000000000000BC
:1048FC0000000000000000000000000000000000AC
:10490C00000000000000000000000000000000009B
:10491C00000000000000000000000000000000008B
:10492C00000000000000000000000000000000007B
:10493C00000000000000000000000000000000006B
:10494C00000000000000000000000000000000005B
:10495C00000000000000000000000000000000004B
:10496C00000000000000000000000000000000003B
:10497C00000000000000000000000000000000002B
:10498C00000000000000000000000000000000001B
:10499C00000000000000000000000000000000000B
:1049AC0000000000000000000000000000000000FB
:1049BC0000000000000000000000000000000000EB
:1049CC0000000000000000000000000000000000DB
:1049DC0000000000000000000000000000000000CB
:1049EC0000000000000000000000000000000000BB
:1049FC0000000000000000000000000000000000AB
:104A0C00000000000000000000000000000000009A
:104A1C00000000000000000000000000000000008A
:104A2C00000000000000000000000000000000007A
:104A3C00000000000000000000000000000000006A
:104A4C00000000000000000000000000000000005A
:104A5C00000000000000000000000000000000004A
:104A6C00000000000000000000000000000000003A
:104A7C00000000000000000000000000000000002A
:104A8C00000000000000000000000000000000001A
:104A9C00000000000000000000000000000000000A
:104AAC0000000000000000000000000000000000FA
:104ABC0000000000000000000000000000000000EA
:104ACC0000000000000000000000000000000000DA
:104ADC0000000000000000000000000000000000CA
:104AEC0000000000000000000000000000000000BA
:104AFC0000000000000000000000000000000000AA
:104B0C000000000000000000000000000000000099
:104B1C000000000000000000000000000000000089
:104B2C000000000000000000000000000000000079
:104B3C000000000000000000000000000000000069
:104B4C000000000000000000000000000000000059
:104B5C000000000000000000000000000000000049
:104B6C000000000000000000000000000000000039
:104B7C000000000000000000000000000000000029
:104B8C000000000000000000000000000000000019
:104B9C000000000000000000000000000000000009
:104BAC0000000000000000000000000000000000F9
:104BBC0000000000000000000000000000000000E9
:104BCC0000000000000000000000000000000000D9
:104BDC0000000000000000000000000000000000C9
:104BEC0000000000000000000000000000000000B9
:104BFC0000000000000000000000000000000000A9
:104C0C000000000000000000000000000000000098
:104C1C000000000000000000000000000000000088
:104C2C000000000000000000000000000000000078
:104C3C000000000000000000000000000000000068
:104C4C000000000000000000000000000000000058
:104C5C000000000000000000000000000000000048
:104C6C000000000000000000000000000000000038
:104C7C000000000000000000000000000000000028
:104C8C000000000000000000000000000000000018
:104C9C000000000000000000000000000000000008
:104CAC0000000000000000000000000000000000F8
:104CBC0000000000000000000000000000000000E8
:104CCC0000000000000000000000000000000000D8
:104CDC0000000000000000000000000000000000C8
:104CEC0000000000000000000000000000000000B8
:104CFC0000000000000000000000000000000000A8
:104D0C000000000000000000000000000000000097
:104D1C000000000000000000000000000000000087
:104D2C000000000000000000000000000000000077
:104D3C000000000000000000000000000000000067
:104D4C000000000000000000000000000000000057
:104D5C000000000000000000000000000000000047
:104D6C000000000000000000000000000000000037
:104D7C000000000000000000000000000000000027
:104D8C000000000000000000000000000000000017
:104D9C000000000000000000000000000000000007
:104DAC0000000000000000000000000000000000F7
:104DBC0000000000000000000000000000000000E7
:104DCC0000000000000000000000000000000000D7
:104DDC0000000000000000000000000000000000C7
:104DEC0000000000000000000000000000000000B7
:104DFC0000000000000000000000000000000000A7
:104E0C000000000000000000000000000000000096
:104E1C000000000000000000000000000000000086
:104E2C000000000000000000000000000000000076
:104E3C000000000000000000000000000000000066
:104E4C000000000000000000000000000000000056
:104E5C000000000000000000000000000000000046
:104E6C000000000000000000000000000000000036
:104E7C000000000000000000000000000000000026
:104E8C000000000000000000000000000000000016
:104E9C000000000000000000000000000000000006
:104EAC0000000000000000000000000000000000F6
:104EBC0000000000000000000000000000000000E6
:104ECC0000000000000000000000000000000000D6
:104EDC0000000000000000000000000000000000C6
:104EEC0000000000000000000000000000000000B6
:104EFC0000000000000000000000000000000000A6
:104F0C000000000000000000000000000000000095
:104F1C000000000000000000000000000000000085
:104F2C000000000000000000000000000000000075
:104F3C000000000000000000000000000000000065
:104F4C000000000000000000000000000000000055
:104F5C000000000000000000000000000000000045
:104F6C000000000000000000000000000000000035
:104F7C000000000000000000000000000000000025
:104F8C000000000000000000000000000000000015
:104F9C000000000000000000000000000000000005
:104FAC0000000000000000000000000000000000F5
:104FBC0000000000000000000000000000000000E5
:104FCC0000000000000000000000000000000000D5
:104FDC0000000000000000000000000000000000C5
:104FEC0000000000000000000000000000000000B5
:104FFC0000000000000000000000000000000000A5
:10500C000000000000000000000000000000000094
:10501C000000000000000000000000000000000084
:10502C000000000000000000000000000000000074
:10503C000000000000000000000000000000000064
:10504C000000000000000000000000000000000054
:10505C000000000000000000000000000000000044
:10506C000000000000000000000000000000000034
:10507C000000000000000000000000000000000024
:10508C000000000000000000000000000000000014
:10509C000000000000000000000000000000000004
:1050AC0000000000000000000000000000000000F4
:1050BC0000000000000000000000000000000000E4
:1050CC0000000000000000000000000000000000D4
:1050DC0000000000000000000000000000000000C4
:1050EC0000000000000000000000000000000000B4
:1050FC0000000000000000000000000000000000A4
:10510C000000000000000000000000000000000093
:10511C000000000000000000000000000000000083
:10512C000000000000000000000000000000000073
:10513C000000000000000000000000000000000063
:10514C000000000000000000000000000000000053
:10515C000000000000000000000000000000000043
:10516C000000000000000000000000000000000033
:10517C000000000000000000000000000000000023
:10518C000000000000000000000000000000000013
:10519C000000000000000000000000000000000003
:1051AC0000000000000000000000000000000000F3
:1051BC0000000000000000000000000000000000E3
:1051CC0000000000000000000000000000000000D3
:1051DC0000000000000000000000000000000000C3
:1051EC0000000000000000000000000000000000B3
:1051FC0000000000000000000000000000000000A3
:10520C000000000000000000000000000000000092
:10521C000000000000000000000000000000000082
:10522C000000000000000000000000000000000072
:10523C000000000000000000000000000000000062
:10524C000000000000000000000000000000000052
:10525C000000000000000000000000000000000042
:10526C000000000000000000000000000000000032
:10527C000000000000000000000000000000000022
:10528C000000000000000000000000000000000012
:10529C000000000000000000000000000000000002
:1052AC0000000000000000000000000000000000F2
:1052BC0000000000000000000000000000000000E2
:1052CC0000000000000000000000000000000000D2
:1052DC0000000000000000000000000000000000C2
:1052EC0000000000000000000000000000000000B2
:1052FC0000000000000000000000000000000000A2
:10530C000000000000000000000000000000000091
:10531C000000000000000000000000000000000081
:10532C000000000000000000000000000000000071
:10533C000000000000000000000000000000000061
:10534C000000000000000000000000000000000051
:10535C000000000000000000000000000000000041
:10536C000000000000000000000000000000000031
:10537C000000000000000000000000000000000021
:10538C000000000000000000000000000000000011
:10539C000000000000000000000000000000000001
:1053AC0000000000000000000000000000000000F1
:1053BC0000000000000000000000000000000000E1
:1053CC0000000000000000000000000000000000D1
:1053DC0000000000000000000000000000000000C1
:1053EC0000000000000000000000000000000000B1
:1053FC0000000000000000000000000000000000A1
:10540C000000000000000000000000000000000090
:10541C000000000000000000000000000000000080
:10542C000000000000000000000000000000000070
:10543C000000000000000000000000000000000060
:10544C000000000000000000000000000000000050
:10545C000000000000000000000000000000000040
:10546C000000000000000000000000000000000030
:10547C000000000000000000000000000000000020
:10548C000000000000000000000000000000000010
:10549C000000000000000000000000000000000000
:1054AC0000000000000000000000000000000000F0
:1054BC0000000000000000000000000000000000E0
:1054CC0000000000000000000000000000000000D0
:1054DC0000000000000000000000000000000000C0
:1054EC0000000000000000000000000000000000B0
:1054FC0000000000000000000000000000000000A0
:10550C00000000000000000000000000000000008F
:10551C00000000000000000000000000000000007F
:10552C00000000000000000000000000000000006F
:10553C00000000000000000000000000000000005F
:10554C00000000000000000000000000000000004F
:10555C00000000000000000000000000000000003F
:10556C00000000000000000000000000000000002F
:10557C00000000000000000000000000000000001F
:10558C00000000000000000000000000000000000F
:10559C0000000000000000000000000000000000FF
:1055AC0000000000000000000000000000000000EF
:1055BC0000000000000000000000000000000000DF
:1055CC0000000000000000000000000000000000CF
:1055DC0000000000000000000000000000000000BF
:1055EC0000000000000000000000000000000000AF
:1055FC00000000000000000000000000000000009F
:10560C00000000000000000000000000000000008E
:10561C00000000000000000000000000000000007E
:10562C00000000000000000000000000000000006E
:10563C00000000000000000000000000000000005E
:10564C00000000000000000000000000000000004E
:10565C00000000000000000000000000000000003E
:10566C00000000000000000000000000000000002E
:10567C00000000000000000000000000000000001E
:10568C00000000000000000000000000000000000E
:10569C0000000000000000000000000000000000FE
:1056AC0000000000000000000000000000000000EE
:1056BC0000000000000000000000000000000000DE
:1056CC0000000000000000000000000000000000CE
:1056DC0000000000000000000000000000000000BE
:1056EC0000000000000000000000000000000000AE
:1056FC00000000000000000000000000000000009E
:10570C00000000000000000000000000000000008D
:10571C00000000000000000000000000000000007D
:10572C00000000000000000000000000000000006D
:10573C00000000000000000000000000000000005D
:10574C00000000000000000000000000000000004D
:10575C00000000000000000000000000000000003D
:10576C00000000000000000000000000000000002D
:10577C00000000000000000000000000000000001D
:10578C00000000000000000000000000000000000D
:10579C0000000000000000000000000000000000FD
:1057AC0000000000000000000000000000000000ED
:1057BC0000000000000000000000000000000000DD
:1057CC0000000000000000000000000000000000CD
:1057DC0000000000000000000000000000000000BD
:1057EC0000000000000000000000000000000000AD
:1057FC00000000000000000000000000000000009D
:10580C00000000000000000000000000000000008C
:10581C00000000000000000000000000000000007C
:10582C00000000000000000000000000000000006C
:10583C00000000000000000000000000000000005C
:10584C00000000000000000000000000000000004C
:10585C00000000000000000000000000000000003C
:10586C00000000000000000000000000000000002C
:10587C00000000000000000000000000000000001C
:10588C00000000000000000000000000000000000C
:10589C0000000000000000000000000000000000FC
:1058AC0000000000000000000000000000000000EC
:1058BC0000000000000000000000000000000000DC
:1058CC0000000000000000000000000000000000CC
:1058DC0000000000000000000000000000000000BC
:1058EC0000000000000000000000000000000000AC
:1058FC00000000000000000000000000000000009C
:10590C00000000000000000000000000000000008B
:10591C00000000000000000000000000000000007B
:10592C00000000000000000000000000000000006B
:10593C00000000000000000000000000000000005B
:10594C00000000000000000000000000000000004B
:10595C00000000000000000000000000000000003B
:10596C00000000000000000000000000000000002B
:10597C00000000000000000000000000000000001B
:10598C00000000000000000000000000000000000B
:10599C0000000000000000000000000000000000FB
:1059AC0000000000000000000000000000000000EB
:1059BC0000000000000000000000000000000000DB
:1059CC0000000000000000000000000000000000CB
:1059DC0000000000000000000000000000000000BB
:1059EC0000000000000000000000000000000000AB
:1059FC00000000000000000000000000000000009B
:105A0C00000000000000000000000000000000008A
:105A1C00000000000000000000000000000000007A
:105A2C00000000000000000000000000000000006A
:105A3C00000000000000000000000000000000005A
:105A4C00000000000000000000000000000000004A
:105A5C00000000000000000000000000000000003A
:105A6C00000000000000000000000000000000002A
:105A7C00000000000000000000000000000000001A
:105A8C00000000000000000000000000000000000A
:105A9C0000000000000000000000000000000000FA
:105AAC0000000000000000000000000000000000EA
:105ABC0000000000000000000000000000000000DA
:105ACC0000000000000000000000000000000000CA
:105ADC0000000000000000000000000000000000BA
:105AEC0000000000000000000000000000000000AA
:105AFC00000000000000000000000000000000009A
:105B0C000000000000000000000000000000000089
:105B1C000000000000000000000000000000000079
:105B2C000000000000000000000000000000000069
:105B3C000000000000000000000000000000000059
:105B4C000000000000000000000000000000000049
:105B5C000000000000000000000000000000000039
:105B6C000000000000000000000000000000000029
:105B7C000000000000000000000000000000000019
:105B8C000000000000000000000000000000000009
:105B9C0000000000000000000000000000000000F9
:105BAC0000000000000000000000000000000000E9
:105BBC0000000000000000000000000000000000D9
:105BCC0000000000000000000000000000000000C9
:105BDC0000000000000000000000000000000000B9
:105BEC0000000000000000000000000000000000A9
:105BFC000000000000000000000000000000000099
:105C0C000000000000000000000000000000000088
:105C1C000000000000000000000000000000000078
:105C2C000000000000000000000000000000000068
:105C3C000000000000000000000000000000000058
:105C4C000000000000000000000000000000000048
:105C5C000000000000000000000000000000000038
:105C6C000000000000000000000000000000000028
:105C7C000000000000000000000000000000000018
:105C8C000000000000000000000000000000000008
:105C9C0000000000000000000000000000000000F8
:105CAC0000000000000000000000000000000000E8
:105CBC0000000000000000000000000000000000D8
:105CCC0000000000000000000000000000000000C8
:105CDC0000000000000000000000000000000000B8
:105CEC0000000000000000000000000000000000A8
:105CFC000000000000000000000000000000000098
:105D0C000000000000000000000000000000000087
:105D1C000000000000000000000000000000000077
:105D2C000000000000000000000000000000000067
:105D3C000000000000000000000000000000000057
:105D4C000000000000000000000000000000000047
:105D5C000000000000000000000000000000000037
:105D6C000000000000000000000000000000000027
:105D7C000000000000000000000000000000000017
:105D8C000000000000000000000000000000000007
:105D9C0000000000000000000000000000000000F7
:105DAC0000000000000000000000000000000000E7
:105DBC0000000000000000000000000000000000D7
:105DCC0000000000000000000000000000000000C7
:105DDC0000000000000000000000000000000000B7
:105DEC0000000000000000000000000000000000A7
:105DFC000000000000000000000000000000000097
:105E0C000000000000000000000000000000000086
:105E1C000000000000000000000000000000000076
:105E2C000000000000000000000000000000000066
:105E3C000000000000000000000000000000000056
:105E4C000000000000000000000000000000000046
:105E5C000000000000000000000000000000000036
:105E6C000000000000000000000000000000000026
:105E7C000000000000000000000000000000000016
:105E8C000000000000000000000000000000000006
:105E9C0000000000000000000000000000000000F6
:105EAC0000000000000000000000000000000000E6
:105EBC0000000000000000000000000000000000D6
:105ECC0000000000000000000000000000000000C6
:105EDC0000000000000000000000000000000000B6
:105EEC0000000000000000000000000000000000A6
:105EFC000000000000000000000000000000000096
:105F0C000000000000000000000000000000000085
:105F1C000000000000000000000000000000000075
:105F2C000000000000000000000000000000000065
:105F3C000000000000000000000000000000000055
:105F4C000000000000000000000000000000000045
:105F5C000000000000000000000000000000000035
:105F6C000000000000000000000000000000000025
:105F7C000000000000000000000000000000000015
:105F8C000000000000000000000000000000000005
:105F9C0000000000000000000000000000000000F5
:105FAC0000000000000000000000000000000000E5
:105FBC0000000000000000000000000000000000D5
:105FCC0000000000000000000000000000000000C5
:105FDC0000000000000000000000000000000000B5
:105FEC0000000000000000000000000000000000A5
:105FFC000000000000000000000000000000000095
:10600C000000000000000000000000000000000084
:10601C000000000000000000000000000000000074
:10602C000000000000000000000000000000000064
:10603C000000000000000000000000000000000054
:10604C000000000000000000000000000000000044
:10605C000000000000000000000000000000000034
:10606C000000000000000000000000000000000024
:10607C000000000000000000000000000000000014
:10608C000000000000000000000000000000000004
:10609C0000000000000000000000000000000000F4
:1060AC0000000000000000000000000000000000E4
:1060BC0000000000000000000000000000000000D4
:1060CC0000000000000000000000000000000000C4
:1060DC0000000000000000000000000000000000B4
:1060EC0000000000000000000000000000000000A4
:1060FC000000000000000000000000000000000094
:10610C000000000000000000000000000000000083
:10611C000000000000000000000000000000000073
:10612C000000000000000000000000000000000063
:10613C000000000000000000000000000000000053
:10614C000000000000000000000000000000000043
:10615C000000000000000000000000000000000033
:10616C000000000000000000000000000000000023
:10617C000000000000000000000000000000000013
:10618C000000000000000000000000000000000003
:10619C0000000000000000000000000000000000F3
:1061AC0000000000000000000000000000000000E3
:1061BC0000000000000000000000000000000000D3
:1061CC0000000000000000000000000000000000C3
:1061DC0000000000000000000000000000000000B3
:1061EC0000000000000000000000000000000000A3
:1061FC000000000000000000000000000000000093
:10620C000000000000000000000000000000000082
:10621C000000000000000000000000000000000072
:10622C000000000000000000000000000000000062
:10623C000000000000000000000000000000000052
:10624C000000000000000000000000000000000042
:10625C000000000000000000000000000000000032
:10626C000000000000000000000000000000000022
:10627C000000000000000000000000000000000012
:10628C000000000000000000000000000000000002
:10629C0000000000000000000000000000000000F2
:1062AC0000000000000000000000000000000000E2
:1062BC0000000000000000000000000000000000D2
:1062CC0000000000000000000000000000000000C2
:1062DC0000000000000000000000000000000000B2
:1062EC0000000000000000000000000000000000A2
:1062FC000000000000000000000000000000000092
:10630C000000000000000000000000000000000081
:10631C000000000000000000000000000000000071
:10632C000000000000000000000000000000000061
:10633C000000000000000000000000000000000051
:10634C000000000000000000000000000000000041
:10635C000000000000000000000000000000000031
:10636C000000000000000000000000000000000021
:10637C000000000000000000000000000000000011
:10638C000000000000000000000000000000000001
:10639C0000000000000000000000000000000000F1
:1063AC0000000000000000000000000000000000E1
:1063BC0000000000000000000000000000000000D1
:1063CC0000000000000000000000000000000000C1
:1063DC0000000000000000000000000000000000B1
:1063EC0000000000000000000000000000000000A1
:1063FC000000000000000000000000000000000091
:10640C000000000000000000000000000000000080
:10641C000000000000000000000000000000000070
:10642C000000000000000000000000000000000060
:10643C000000000000000000000000000000000050
:10644C000000000000000000000000000000000040
:10645C000000000000000000000000000000000030
:10646C000000000000000000000000000000000020
:10647C000000000000000000000000000000000010
:10648C000000000000000000000000000000000000
:10649C0000000000000000000000000000000000F0
:1064AC0000000000000000000000000000000000E0
:1064BC0000000000000000000000000000000000D0
:1064CC0000000000000000000000000000000000C0
:1064DC0000000000000000000000000000000000B0
:1064EC0000000000000000000000000000000000A0
:1064FC000000000000000000000000000000000090
:10650C00000000000000000000000000000000007F
:10651C00000000000000000000000000000000006F
:10652C00000000000000000000000000000000005F
:10653C00000000000000000000000000000000004F
:10654C00000000000000000000000000000000003F
:10655C00000000000000000000000000000000002F
:10656C00000000000000000000000000000000001F
:10657C00000000000000000000000000000000000F
:10658C0000000000000000000000000000000000FF
:10659C0000000000000000000000000000000000EF
:1065AC0000000000000000000000000000000000DF
:1065BC0000000000000000000000000000000000CF
:1065CC0000000000000000000000000000000000BF
:1065DC0000000000000000000000000000000000AF
:1065EC00000000000000000000000000000000009F
:1065FC00000000000000000000000000000000008F
:10660C00000000000000000000000000000000007E
:10661C00000000000000000000000000000000006E
:10662C00000000000000000000000000000000005E
:10663C00000000000000000000000000000000004E
:10664C00000000000000000000000000000000003E
:10665C00000000000000000000000000000000002E
:10666C00000000000000000000000000000000001E
:10667C00000000000000000000000000000000000E
:10668C0000000000000000000000000000000000FE
:10669C0000000000000000000000000000000000EE
:1066AC0000000000000000000000000000000000DE
:1066BC0000000000000000000000000000000000CE
:1066CC0000000000000000000000000000000000BE
:1066DC0000000000000000000000000000000000AE
:1066EC00000000000000000000000000000000009E
:1066FC00000000000000000000000000000000008E
:10670C00000000000000000000000000000000007D
:10671C00000000000000000000000000000000006D
:10672C00000000000000000000000000000000005D
:10673C00000000000000000000000000000000004D
:10674C00000000000000000000000000000000003D
:10675C00000000000000000000000000000000002D
:10676C00000000000000000000000000000000001D
:10677C00000000000000000000000000000000000D
:10678C0000000000000000000000000000000000FD
:10679C0000000000000000000000000000000000ED
:1067AC0000000000000000000000000000000000DD
:1067BC0000000000000000000000000000000000CD
:1067CC0000000000000000000000000000000000BD
:1067DC0000000000000000000000000000000000AD
:1067EC00000000000000000000000000000000009D
:1067FC00000000000000000000000000000000008D
:10680C00000000000000000000000000000000007C
:10681C00000000000000000000000000000000006C
:10682C00000000000000000000000000000000005C
:10683C00000000000000000000000000000000004C
:10684C00000000000000000000000000000000003C
:10685C00000000000000000000000000000000002C
:10686C00000000000000000000000000000000001C
:10687C00000000000000000000000000000000000C
:10688C0000000000000000000000000000000000FC
:10689C0000000000000000000000000000000000EC
:1068AC0000000000000000000000000000000000DC
:1068BC0000000000000000000000000000000000CC
:1068CC0000000000000000000000000000000000BC
:1068DC0000000000000000000000000000000000AC
:1068EC00000000000000000000000000000000009C
:1068FC00000000000000000000000000000000008C
:10690C00000000000000000000000000000000007B
:10691C00000000000000000000000000000000006B
:10692C00000000000000000000000000000000005B
:10693C00000000000000000000000000000000004B
:10694C00000000000000000000000000000000003B
:10695C00000000000000000000000000000000002B
:10696C00000000000000000000000000000000001B
:10697C00000000000000000000000000000000000B
:10698C0000000000000000000000000000000000FB
:10699C0000000000000000000000000000000000EB
:1069AC0000000000000000000000000000000000DB
:1069BC0000000000000000000000000000000000CB
:1069CC0000000000000000000000000000000000BB
:1069DC0000000000000000000000000000000000AB
:1069EC00000000000000000000000000000000009B
:1069FC00000000000000000000000000000000008B
:106A0C00000000000000000000000000000000007A
:106A1C00000000000000000000000000000000006A
:106A2C00000000000000000000000000000000005A
:106A3C00000000000000000000000000000000004A
:106A4C00000000000000000000000000000000003A
:106A5C00000000000000000000000000000000002A
:106A6C00000000000000000000000000000000001A
:106A7C00000000000000000000000000000000000A
:106A8C0000000000000000000000000000000000FA
:106A9C0000000000000000000000000000000000EA
:106AAC0000000000000000000000000000000000DA
:106ABC0000000000000000000000000000000000CA
:106ACC0000000000000000000000000000000000BA
:106ADC0000000000000000000000000000000000AA
:106AEC00000000000000000000000000000000009A
:106AFC00000000000000000000000000000000008A
:106B0C000000000000000000000000000000000079
:106B1C000000000000000000000000000000000069
:106B2C000000000000000000000000000000000059
:106B3C000000000000000000000000000000000049
:106B4C000000000000000000000000000000000039
:106B5C000000000000000000000000000000000029
:106B6C000000000000000000000000000000000019
:106B7C000000000000000000000000000000000009
:106B8C0000000000000000000000000000000000F9
:106B9C0000000000000000000000000000000000E9
:106BAC0000000000000000000000000000000000D9
:106BBC0000000000000000000000000000000000C9
:106BCC0000000000000000000000000000000000B9
:106BDC0000000000000000000000000000000000A9
:106BEC000000000000000000000000000000000099
:106BFC000000000000000000000000000000000089
:106C0C000000000000000000000000000000000078
:106C1C000000000000000000000000000000000068
:106C2C000000000000000000000000000000000058
:106C3C000000000000000000000000000000000048
:106C4C000000000000000000000000000000000038
:106C5C000000000000000000000000000000000028
:106C6C000000000000000000000000000000000018
:106C7C000000000000000000000000000000000008
:106C8C0000000000000000000000000000000000F8
:106C9C0000000000000000000000000000000000E8
:106CAC0000000000000000000000000000000000D8
:106CBC0000000000000000000000000000000000C8
:106CCC0000000000000000000000000000000000B8
:106CDC0000000000000000000000000000000000A8
:106CEC000000000000000000000000000000000098
:106CFC000000000000000000000000000000000088
:106D0C000000000000000000000000000000000077
:106D1C000000000000000000000000000000000067
:106D2C000000000000000000000000000000000057
:106D3C000000000000000000000000000000000047
:106D4C000000000000000000000000000000000037
:106D5C000000000000000000000000000000000027
:106D6C000000000000000000000000000000000017
:106D7C000000000000000000000000000000000007
:106D8C0000000000000000000000000000000000F7
:106D9C0000000000000000000000000000000000E7
:106DAC0000000000000000000000000000000000D7
:106DBC0000000000000000000000000000000000C7
:106DCC0000000000000000000000000000000000B7
:106DDC0000000000000000000000000000000000A7
:106DEC000000000000000000000000000000000097
:106DFC000000000000000000000000000000000087
:106E0C000000000000000000000000000000000076
:106E1C000000000000000000000000000000000066
:106E2C000000000000000000000000000000000056
:106E3C000000000000000000000000000000000046
:106E4C000000000000000000000000000000000036
:106E5C000000000000000000000000000000000026
:106E6C000000000000000000000000000000000016
:106E7C000000000000000000000000000000000006
:106E8C0000000000000000000000000000000000F6
:106E9C0000000000000000000000000000000000E6
:106EAC0000000000000000000000000000000000D6
:106EBC0000000000000000000000000000000000C6
:106ECC0000000000000000000000000000000000B6
:106EDC0000000000000000000000000000000000A6
:106EEC000000000000000000000000000000000096
:106EFC000000000000000000000000000000000086
:106F0C000000000000000000000000000000000075
:106F1C000000000000000000000000000000000065
:106F2C000000000000000000000000000000000055
:106F3C000000000000000000000000000000000045
:106F4C000000000000000000000000000000000035
:106F5C000000000000000000000000000000000025
:106F6C000000000000000000000000000000000015
:106F7C000000000000000000000000000000000005
:106F8C0000000000000000000000000000000000F5
:106F9C0000000000000000000000000000000000E5
:106FAC0000000000000000000000000000000000D5
:106FBC0000000000000000000000000000000000C5
:106FCC0000000000000000000000000000000000B5
:106FDC0000000000000000000000000000000000A5
:106FEC000000000000000000000000000000000095
:106FFC000000000000000000000000000000000085
:10700C000000000000000000000000000000000074
:10701C000000000000000000000000000000000064
:10702C000000000000000000000000000000000054
:10703C000000000000000000000000000000000044
:10704C000000000000000000000000000000000034
:10705C000000000000000000000000000000000024
:10706C000000000000000000000000000000000014
:10707C000000000000000000000000000000000004
:10708C0000000000000000000000000000000000F4
:10709C0000000000000000000000000000000000E4
:1070AC0000000000000000000000000000000000D4
:1070BC0000000000000000000000000000000000C4
:1070CC0000000000000000000000000000000000B4
:1070DC0000000000000000000000000000000000A4
:1070EC000000000000000000000000000000000094
:1070FC000000000000000000000000000000000084
:10710C000000000000000000000000000000000073
:10711C000000000000000000000000000000000063
:10712C000000000000000000000000000000000053
:10713C000000000000000000000000000000000043
:10714C000000000000000000000000000000000033
:10715C000000000000000000000000000000000023
:10716C000000000000000000000000000000000013
:10717C000000000000000000000000000000000003
:10718C0000000000000000000000000000000000F3
:10719C0000000000000000000000000000000000E3
:1071AC0000000000000000000000000000000000D3
:1071BC0000000000000000000000000000000000C3
:1071CC0000000000000000000000000000000000B3
:1071DC0000000000000000000000000000000000A3
:1071EC000000000000000000000000000000000093
:1071FC000000000000000000000000000000000083
:10720C000000000000000000000000000000000072
:10721C000000000000000000000000000000000062
:10722C000000000000000000000000000000000052
:10723C000000000000000000000000000000000042
:10724C000000000000000000000000000000000032
:10725C000000000000000000000000000000000022
:10726C000000000000000000000000000000000012
:10727C000000000000000000000000000000000002
:10728C0000000000000000000000000000000000F2
:10729C0000000000000000000000000000000000E2
:1072AC0000000000000000000000000000000000D2
:1072BC0000000000000000000000000000000000C2
:1072CC0000000000000000000000000000000000B2
:1072DC0000000000000000000000000000000000A2
:1072EC000000000000000000000000000000000092
:1072FC000000000000000000000000000000000082
:10730C000000000000000000000000000000000071
:10731C000000000000000000000000000000000061
:10732C000000000000000000000000000000000051
:10733C000000000000000000000000000000000041
:10734C000000000000000000000000000000000031
:10735C000000000000000000000000000000000021
:10736C000000000000000000000000000000000011
:10737C000000000000000000000000000000000001
:10738C0000000000000000000000000000000000F1
:10739C0000000000000000000000000000000000E1
:1073AC0000000000000000000000000000000000D1
:1073BC0000000000000000000000000000000000C1
:1073CC0000000000000000000000000000000000B1
:1073DC0000000000000000000000000000000000A1
:1073EC000000000000000000000000000000000091
:1073FC000000000000000000000000000000000081
:10740C000000000000000000000000000000000070
:10741C000000000000000000000000000000000060
:10742C000000000000000000000000000000000050
:10743C000000000000000000000000000000000040
:10744C000000000000000000000000000000000030
:10745C000000000000000000000000000000000020
:10746C000000000000000000000000000000000010
:10747C000000000000000000000000000000000000
:10748C0000000000000000000000000000000000F0
:10749C0000000000000000000000000000000000E0
:1074AC0000000000000000000000000000000000D0
:1074BC0000000000000000000000000000000000C0
:1074CC0000000000000000000000000000000000B0
:1074DC0000000000000000000000000000000000A0
:1074EC000000000000000000000000000000000090
:1074FC000000000000000000000000000000000080
:10750C00000000000000000000000000000000006F
:10751C00000000000000000000000000000000005F
:10752C00000000000000000000000000000000004F
:10753C00000000000000000000000000000000003F
:10754C00000000000000000000000000000000002F
:10755C00000000000000000000000000000000001F
:10756C00000000000000000000000000000000000F
:10757C0000000000000000000000000000000000FF
:10758C0000000000000000000000000000000000EF
:10759C0000000000000000000000000000000000DF
:1075AC0000000000000000000000000000000000CF
:1075BC0000000000000000000000000000000000BF
:1075CC0000000000000000000000000000000000AF
:1075DC00000000000000000000000000000000009F
:1075EC00000000000000000000000000000000008F
:1075FC00000000000000000000000000000000007F
:10760C00000000000000000000000000000000006E
:10761C00000000000000000000000000000000005E
:10762C00000000000000000000000000000000004E
:10763C00000000000000000000000000000000003E
:10764C00000000000000000000000000000000002E
:10765C00000000000000000000000000000000001E
:10766C00000000000000000000000000000000000E
:10767C0000000000000000000000000000000000FE
:10768C0000000000000000000000000000000000EE
:10769C0000000000000000000000000000000000DE
:1076AC0000000000000000000000000000000000CE
:1076BC0000000000000000000000000000000000BE
:1076CC0000000000000000000000000000000000AE
:1076DC00000000000000000000000000000000009E
:1076EC00000000000000000000000000000000008E
:1076FC00000000000000000000000000000000007E
:10770C00000000000000000000000000000000006D
:10771C00000000000000000000000000000000005D
:10772C00000000000000000000000000000000004D
:10773C00000000000000000000000000000000003D
:10774C00000000000000000000000000000000002D
:10775C00000000000000000000000000000000001D
:10776C00000000000000000000000000000000000D
:10777C0000000000000000000000000000000000FD
:10778C0000000000000000000000000000000000ED
:10779C0000000000000000000000000000000000DD
:1077AC0000000000000000000000000000000000CD
:1077BC0000000000000000000000000000000000BD
:1077CC0000000000000000000000000000000000AD
:1077DC00000000000000000000000000000000009D
:1077EC00000000000000000000000000000000008D
:1077FC00000000000000000000000000000000007D
:10780C00000000000000000000000000000000006C
:10781C00000000000000000000000000000000005C
:10782C00000000000000000000000000000000004C
:10783C00000000000000000000000000000000003C
:10784C00000000000000000000000000000000002C
:10785C00000000000000000000000000000000001C
:10786C00000000000000000000000000000000000C
:10787C0000000000000000000000000000000000FC
:10788C0000000000000000000000000000000000EC
:10789C0000000000000000000000000000000000DC
:1078AC0000000000000000000000000000000000CC
:1078BC0000000000000000000000000000000000BC
:1078CC0000000000000000000000000000000000AC
:1078DC00000000000000000000000000000000009C
:1078EC00000000000000000000000000000000008C
:1078FC00000000000000000000000000000000007C
:10790C00000000000000000000000000000000006B
:10791C00000000000000000000000000000000005B
:10792C00000000000000000000000000000000004B
:10793C00000000000000000000000000000000003B
:10794C00000000000000000000000000000000002B
:10795C00000000000000000000000000000000001B
:10796C00000000000000000000000000000000000B
:10797C0000000000000000000000000000000000FB
:10798C0000000000000000000000000000000000EB
:10799C0000000000000000000000000000000000DB
:1079AC0000000000000000000000000000000000CB
:1079BC0000000000000000000000000000000000BB
:1079CC0000000000000000000000000000000000AB
:1079DC00000000000000000000000000000000009B
:1079EC00000000000000000000000000000000008B
:1079FC00000000000000000000000000000000007B
:107A0C00000000000000000000000000000000006A
:107A1C00000000000000000000000000000000005A
:107A2C00000000000000000000000000000000004A
:107A3C00000000000000000000000000000000003A
:107A4C00000000000000000000000000000000002A
:107A5C00000000000000000000000000000000001A
:107A6C00000000000000000000000000000000000A
:107A7C0000000000000000000000000000000000FA
:107A8C0000000000000000000000000000000000EA
:107A9C0000000000000000000000000000000000DA
:107AAC0000000000000000000000000000000000CA
:107ABC0000000000000000000000000000000000BA
:107ACC0000000000000000000000000000000000AA
:107ADC00000000000000000000000000000000009A
:107AEC00000000000000000000000000000000008A
:107AFC00000000000000000000000000000000007A
:107B0C000000000000000000000000000000000069
:107B1C000000000000000000000000000000000059
:107B2C000000000000000000000000000000000049
:107B3C000000000000000000000000000000000039
:107B4C000000000000000000000000000000000029
:107B5C000000000000000000000000000000000019
:107B6C000000000000000000000000000000000009
:107B7C0000000000000000000000000000000000F9
:107B8C0000000000000000000000000000000000E9
:107B9C0000000000000000000000000000000000D9
:107BAC0000000000000000000000000000000000C9
:107BBC0000000000000000000000000000000000B9
:107BCC0000000000000000000000000000000000A9
:107BDC000000000000000000000000000000000099
:107BEC000000000000000000000000000000000089
:107BFC000000000000000000000000000000000079
:107C0C000000000000000000000000000000000068
:107C1C000000000000000000000000000000000058
:107C2C000000000000000000000000000000000048
:107C3C000000000000000000000000000000000038
:107C4C000000000000000000000000000000000028
:107C5C000000000000000000000000000000000018
:107C6C000000000000000000000000000000000008
:107C7C0000000000000000000000000000000000F8
:107C8C0000000000000000000000000000000000E8
:107C9C0000000000000000000000000000000000D8
:107CAC0000000000000000000000000000000000C8
:107CBC0000000000000000000000000000000000B8
:107CCC0000000000000000000000000000000000A8
:107CDC000000000000000000000000000000000098
:107CEC000000000000000000000000000000000088
:107CFC000000000000000000000000000000000078
:107D0C000000000000000000000000000000000067
:107D1C000000000000000000000000000000000057
:107D2C000000000000000000000000000000000047
:107D3C000000000000000000000000000000000037
:107D4C000000000000000000000000000000000027
:107D5C000000000000000000000000000000000017
:107D6C000000000000000000000000000000000007
:107D7C0000000000000000000000000000000000F7
:107D8C0000000000000000000000000000000000E7
:107D9C0000000000000000000000000000000000D7
:107DAC0000000000000000000000000000000000C7
:107DBC0000000000000000000000000000000000B7
:107DCC0000000000000000000000000000000000A7
:107DDC000000000000000000000000000000000097
:107DEC000000000000000000000000000000000087
:107DFC000000000000000000000000000000000077
:107E0C000000000000000000000000000000000066
:107E1C000000000000000000000000000000000056
:107E2C000000000000000000000000000000000046
:107E3C000000000000000000000000000000000036
:107E4C000000000000000000000000000000000026
:107E5C000000000000000000000000000000000016
:107E6C000000000000000000000000000000000006
:107E7C0000000000000000000000000000000000F6
:107E8C0000000000000000000000000000000000E6
:107E9C0000000000000000000000000000000000D6
:107EAC0000000000000000000000000000000000C6
:107EBC0000000000000000000000000000000000B6
:107ECC0000000000000000000000000000000000A6
:107EDC000000000000000000000000000000000096
:107EEC000000000000000000000000000000000086
:107EFC000000000000000000000000000000000076
:107F0C000000000000000000000000000000000065
:107F1C000000000000000000000000000000000055
:107F2C000000000000000000000000000000000045
:107F3C000000000000000000000000000000000035
:107F4C000000000000000000000000000000000025
:107F5C000000000000000000000000000000000015
:107F6C000000000000000000000000000000000005
:107F7C0000000000000000000000000000000000F5
:107F8C0000000000000000000000000000000000E5
:107F9C0000000000000000000000000000000000D5
:107FAC0000000000000000000000000000000000C5
:107FBC0000000000000000000000000000000000B5
:107FCC0000000000000000000000000000000000A5
:107FDC000000000000000000000000000000000095
:107FEC000000000000000000000000000000000085
:107FFC000000000000000000000000000000000075
:10800C000000000000000000000000000000000064
:10801C000000000000000000000000000000000054
:10802C000000000000000000000000000000000044
:10803C000000000000000000000000000000000034
:10804C000000000000000000000000000000000024
:10805C000000000000000000000000000000000014
:10806C000000000000000000000000000000000004
:10807C0000000000000000000000000000000000F4
:10808C0000000000000000000000000000000000E4
:10809C0000000000000000000000000000000000D4
:1080AC0000000000000000000000000000000000C4
:1080BC0000000000000000000000000000000000B4
:1080CC0000000000000000000000000000000000A4
:1080DC000000000000000000000000000000000094
:1080EC000000000000000000000000000000000084
:1080FC000000000000000000000000000000000074
:10810C000000000000000000000000000000000063
:10811C000000000000000000000000000000000053
:10812C000000000000000000000000000000000043
:10813C000000000000000000000000000000000033
:10814C000000000000000000000000000000000023
:10815C000000000000000000000000000000000013
:10816C000000000000000000000000000000000003
:10817C0000000000000000000000000000000000F3
:10818C0000000000000000000000000000000000E3
:10819C0000000000000000000000000000000000D3
:1081AC0000000000000000000000000000000000C3
:1081BC0000000000000000000000000000000000B3
:1081CC0000000000000000000000000000000000A3
:1081DC000000000000000000000000000000000093
:1081EC000000000000000000000000000000000083
:1081FC000000000000000000000000000000000073
:10820C000000000000000000000000000000000062
:10821C000000000000000000000000000000000052
:10822C000000000000000000000000000000000042
:10823C000000000000000000000000000000000032
:10824C000000000000000000000000000000000022
:10825C000000000000000000000000000000000012
:10826C000000000000000000000000000000000002
:10827C0000000000000000000000000000000000F2
:10828C0000000000000000000000000000000000E2
:10829C0000000000000000000000000000000000D2
:1082AC0000000000000000000000000000000000C2
:1082BC0000000000000000000000000000000000B2
:1082CC0000000000000000000000000000000000A2
:1082DC000000000000000000000000000000000092
:1082EC000000000000000000000000000000000082
:1082FC000000000000000000000000000000000072
:10830C000000000000000000000000000000000061
:10831C000000000000000000000000000000000051
:10832C000000000000000000000000000000000041
:10833C000000000000000000000000000000000031
:10834C000000000000000000000000000000000021
:10835C000000000000000000000000000000000011
:10836C000000000000000000000000000000000001
:10837C0000000000000000000000000000000000F1
:10838C0000000000000000000000000000000000E1
:10839C0000000000000000000000000000000000D1
:1083AC0000000000000000000000000000000000C1
:1083BC0000000000000000000000000000000000B1
:1083CC0000000000000000000000000000000000A1
:1083DC000000000000000000000000000000000091
:1083EC000000000000000000000000000000000081
:1083FC000000000000000000000000000000000071
:10840C000000000000000000000000000000000060
:10841C000000000000000000000000000000000050
:10842C000000000000000000000000000000000040
:10843C000000000000000000000000000000000030
:10844C000000000000000000000000000000000020
:10845C0000000000E4A00120E4A0012001000000C5
:10846C00FFFFFFFFF4A00120F4A00120FCA00120DD
:10847C00FCA0012000000000FFFFFFFF0CA1012069
:10848C000CA1012000000000000000000000000012
:10849C0000000000000000000000000000000000D0
:1084AC0000000000000000000000000000000000C0
:1084BC0000000000000000000000000000000000B0
:1084CC0000000000000000000000000000000000A0
:1084DC000000000000000000000000000000000090
:1084EC000000000000000000000000000000000080
:1084FC000000000000000000000000000000000070
:10850C00000000000000000000000000000000005F
:10851C00000000000000000000000000000000004F
:10852C00000000000000000000000000000000003F
:10853C00000000000000000000000000000000002F
:10854C00000000000000000000000000000000001F
:10855C00000000000000000000000000000000000F
:10856C0000000000000000000000000000000000FF
:10857C0000000000000000000000000000000000EF
:10858C0000000000000000000000000000000000DF
:10859C0000000000000000000000000000000000CF
:1085AC0000000000000000000000000000000000BF
:1085BC0000000000000000000000000000000000AF
:1085CC00000000000000000000000000000000009F
:1085DC00000000000000000000000000000000008F
:1085EC00000000000000000000000000000000007F
:1085FC00000000000000000000000000000000006F
:10860C00000000000000000000000000000000005E
:10861C00000000000000000000000000000000004E
:10862C00000000000000000000000000000000003E
:10863C00000000000000000000000000000000002E
:10864C00000000000000000000000000000000001E
:10865C00000000000000000000000000000000000E
:10866C0000000000000000000000000000000000FE
:10867C0000000000000000000000000000000000EE
:10868C0000000000000000000000000000000000DE
:10869C0000000000000000000000000000000000CE
:1086AC0000000000000000000000000000000000BE
:1086BC0000000000000000000000000000000000AE
:1086CC00000000000000000000000000000000009E
:1086DC00000000000000000000000000000000008E
:1086EC00000000000000000000000000000000007E
:1086FC00000000000000000000000000000000006E
:10870C00000000000000000000000000000000005D
:10871C00000000000000000000000000000000004D
:10872C00000000000000000000000000000000003D
:10873C00000000000000000000000000000000002D
:10874C00000000000000000000000000000000001D
:10875C00000000000000000000000000000000000D
:10876C0000000000000000000000000000000000FD
:10877C0000000000000000000000000000000000ED
:10878C0000000000000000000000000000000000DD
:10879C0000000000000000000000000000000000CD
:1087AC0000000000000000000000000000000000BD
:1087BC0000000000000000000000000000000000AD
:1087CC00000000000000000000000000000000009D
:1087DC00000000000000000000000000000000008D
:1087EC00000000000000000000000000000000007D
:1087FC00000000000000000000000000000000006D
:10880C00000000000000000000000000000000005C
:10881C00000000000000000000000000000000004C
:10882C00000000000000000000000000000000003C
:10883C00000000000000000000000000000000002C
:10884C00000000000000000000000000000000001C
:10885C00000000000000000000000000000000000C
:10886C0000000000000000000000000000000000FC
:10887C0000000000000000000000000000000000EC
:10888C0000000000000000000000000000000000DC
:10889C0000000000000000000000000000000000CC
:1088AC0000000000000000000000000000000000BC
:1088BC0000000000000000000000000000000000AC
:1088CC00000000000000000000000000000000009C
:1088DC00000000000000000000000000000000008C
:1088EC00000000000000000000000000000000007C
:1088FC00000000000000000000000000000000006C
:10890C00000000000000000000000000000000005B
:10891C00000000000000000000000000000000004B
:10892C00000000000000000000000000000000003B
:10893C00000000000000000000000000000000002B
:10894C00000000000000000000000000000000001B
:10895C00000000000000000000000000000000000B
:10896C0000000000000000000000000000000000FB
:10897C0000000000000000000000000000000000EB
:10898C0000000000000000000000000000000000DB
:10899C0000000000000000000000000000000000CB
:1089AC0000000000000000000000000000000000BB
:1089BC0000000000000000000000000000000000AB
:1089CC00000000000000000000000000000000009B
:1089DC00000000000000000000000000000000008B
:1089EC00000000000000000000000000000000007B
:1089FC00000000000000000000000000000000006B
:108A0C00000000000000000000000000000000005A
:108A1C00000000000000000000000000000000004A
:108A2C00000000000000000000000000000000003A
:108A3C00000000000000000000000000000000002A
:108A4C00000000000000000000000000000000001A
:108A5C00000000000000000000000000000000000A
:108A6C0000000000000000000000000000000000FA
:108A7C00FFFFFFFF5129040001000000010000006E
:108A8C0000000000000000000000000040950700FE
:108A9C000100000001000000F13604004C910700B9
:108AAC00000000000000000001000000D8A9012017
:108ABC0040A7012040A7012000000000FC9E0700F9
:108ACC0078F2012000000000B59E040000000000B8
:108ADC000000000000100340000000000000000037
:108AEC00000000000000000000000000000000007A
:108AFC00000000000000000000000000000000006A
:108B0C000000000000000000000000000000000059
:108B1C000000000000000000000000000000000049
:108B2C000000000000000000000000000000000039
:108B3C000000000000000000000000000000000029
:108B4C000001000000000000715A05000000000048
:108B5C0000000000F4A7012000000000000000004D
:108B6C000000000000000000000000007412022051
:108B7C00200000000000000000B0004000000000D9
:108B8C0000000000000000000000000000000000D9
:108B9C0000000000000000000000000000000000C9
:108BAC000000000000000000D40A080002000000D1
:108BBC0040A8012040A80120000000000100000096
:108BCC0050A8012050A8012058A8012058A8012025
:108BDC00000000000100000068A8012068A8012026
:108BEC000000000000000000000000000000000079
:108BFC000000000000000000000000000000000069
:108C0C00000000007C7B070000000000000000005A
:108C1C009C120220941202200090D003FF0000004E
:108C2C00FF00000077FFFFFF90020000BCA80120AE
:108C3C00BCA80120C4A80120C4A801200100000088
:108C4C000000000008000000000000000000000010
:108C5C000000000004000000000000000000000004
:108C6C0000000000000000000000000000000000F8
:048C7C0000000000F4
:108C800000000000000000000000000000000000E4
:108C900000000000000000000000000000000000D4
:108CA00000000000000000000000000000000000C4
:108CB00000000000000000000000000000000000B4
:108CC00000000000000000000000000000000000A4
:0C8CD00000000000000000000000000098
:108CDC0060A9012060A9012000000000700603209B
:108CEC00000000000E00000040000000000000002A
:108CFC0080A9012080A9012000000000F0090320B8
:108D0C000000000006000000A002000000000000AF
:108D1C00A0A90120A0A9012000000000F00203205E
:108D2C00000000000E0000004000000000000000E9
:108D3C0000000000F8450220008000000000000048
:108D4C00000000000000000000000000B81B022022
:108D5C000002000000000000000000000000000005
:108D6C00F0A90120F0A90120000000000000000083
:108D7C000E00000004AA012004AA0120000000003B
:108D8C00000000000E00000018AA012018AA012003
:108D9C0000000000000000000E0000002CAA0120C2
:108DAC002CAA012000000000000000000E000000B2
:108DBC0040AA012040AA0120000000000000000091
:108DCC000E00000054AA012054AA0120000000004B
:108DDC00000000000E00000068AA012068AA012013
:108DEC0000000000000000000E0000007CAA012022
:108DFC007CAA012000000000000000000E00000012
:108E0C0090AA012090AA01200000000000000000A0
:108E1C000E000000A4AA0120A4AA0120000000005A
:088E2C00000000000E00000030
:108E3400B8AA0120B8AA01200000000038000000F0
:108E440005000000F8D5022010D70220F8D5022032
:108E5400F8D5022000000000E0AA0120E0AA0120C9
:048E6400000000000A
:108E6800ECAA0120ECAA012001000000010000008A
:108E7800FCAA0120FCAA012004AB012004AB0120BC
:108E880000000000FFFFFFFF14AB012014AB01201E
:108E98001CAB01201CAB01200000000001000000F9
:108EA8002CAB01202CAB012034AB012034AB0120CA
:108EB800000000000100000044AB012044AB012089
:108EC80000000000000000000000000058AB012076
:108ED80058AB012060AB012060AB0120000000000E
:108EE80024002400040000000000000080010800A5
:108EF80000FF022000000000000000000000000049
:108F08008CAB01208CAB012094AB012094AB0120E9
:108F180000000000240024000400000000000000FD
:088F28006C01080010E90220B1
:108F3400B0AC0120000000000000000000000000B0
:108F4400000000000000000000000000000000001D
:108F5400000000000000000000000000000000000D
:108F640000000000000000000000000000000000FD
:108F740000000000000000000000000000000000ED
:108F840000000000000000000000000000000000DD
:108F940000000000000000000000000000000000CD
:108FA40000000000000000000000000000000000BD
:108FB40000000000000000000000000000000000AD
:108FC400000000000000000000000000000000009D
:108FD400000000000000000000000000000000008D
:108FE400000000000000000000000000000000007D
:108FF400000000000000000000000000000000006D
:10900400000000000000000000000000000000005C
:10901400000000000000000000000000000000004C
:08902400000000000000000044
:10902C009C7B0700D8AC01203C12022000020000FF
:10903C000000000000000000DC0500000000000043
:08904C0000000000000000001C
:10905400291E0500E11A0500E1190500CD190500D6
:049064000000000008
:1090680008B10181B0B000840000000008B101819E
:08907800B0B00084000000000C
:0490800015E015E002
:04000003400094B96C
:00000001FF
